t,frame,posture,h_torso,h_max,h_min,floor_spread,vertical_extent,compactness,h_head,h_shoulder,h_hip,h_knee,h_ankle,h_elbow,h_wrist,head_above_hip,shoulder_above_hip,hip_above_knee,knee_above_ankle,knee_angle,hip_angle,torso_tilt,bbox_aspect
2.3,69,,0.4482,0.4482,-0.0,0.6745,0.4482,0.6645,,0.4482,,,,-0.0,,,,,,,,,0.6755
2.333,70,,0.4136,0.4136,0.0,0.6265,0.4136,0.6602,,0.4136,,,,0.0,,,,,,,,,0.557
2.367,71,,0.3005,0.6011,0.0,0.8595,0.6011,0.6993,,0.6011,0.0,,,0.2117,,,0.6011,,,,,33.5191,1.1801
2.4,72,,0.4189,0.7989,-0.0,1.477,0.7989,0.5409,0.7989,0.4189,,,,-0.0,,,,,,,,,0.5685
2.433,73,,0.4121,0.7961,0.0,1.4687,0.7961,0.542,0.7961,0.4121,,,,0.0,,,,,,,,,0.5736
2.467,74,,0.3999,0.795,0.0,1.4614,0.795,0.544,0.795,0.3999,,,,0.0,,,,,,,,,0.5954
2.5,75,,0.3753,0.7854,-0.0,1.435,0.7854,0.5473,0.7854,0.3753,,,,-0.0,,,,,,,,,0.609
2.533,76,,0.3531,0.7725,0.0,1.3953,0.7725,0.5537,0.7725,0.3531,,,,0.0,,,,,,,,,0.6435
2.567,77,,0.3337,0.756,0.0,1.3522,0.756,0.5591,0.756,0.3337,,,,0.0,0.535,,,,,,,,0.6646
2.6,78,,0.3152,0.741,0.0,1.3163,0.741,0.5629,0.741,0.3152,,,,0.0,0.5592,,,,,,,,0.6616
2.633,79,,-0.0544,0.3837,-0.3832,1.282,0.767,0.5983,0.3837,-0.0544,,,,-0.3832,0.2315,,,,,,,,0.4595
2.667,80,,-0.0713,0.3631,-0.396,1.2732,0.7591,0.5963,0.3631,-0.0713,,,,-0.396,0.2247,,,,,,,,0.4311
2.7,81,,-0.0783,0.3614,-0.3963,1.2802,0.7577,0.5919,0.3614,-0.0783,,,,-0.3963,0.2041,,,,,,,,0.4196
2.733,82,,-0.0855,0.3652,-0.4067,1.3162,0.7719,0.5865,0.3652,-0.0855,,,,-0.4067,0.1941,,,,,,,,0.4073
2.767,83,,-0.098,0.3549,-0.4463,1.3429,0.8012,0.5966,0.3549,-0.098,,,,-0.4463,0.1479,,,,,,,,0.3907
2.8,84,,0.5345,0.8297,0.0,1.4441,0.8297,0.5746,0.8297,0.5345,,,,0.0,0.5921,,,,,,,,0.3763
2.833,85,,0.5975,1.0276,0.0,1.9278,1.0276,0.5331,0.9605,0.5975,,,,0.0,0.6043,,,,,,,,0.4156
2.867,86,,0.6558,1.0785,0.0,1.9914,1.0785,0.5416,1.0129,0.6558,,,,0.0,0.6245,,,,,,,,0.4728
2.9,87,,0.2192,0.7445,-0.3653,2.0452,1.1099,0.5427,0.7068,0.2192,,,,-0.1827,0.2992,,,,,,,,0.5901
2.933,88,,0.2347,0.753,-0.4256,2.0676,1.1786,0.57,0.7187,0.2347,,,,-0.2128,0.2373,,,,,,,,0.5982
2.967,89,,0.2542,0.7037,-0.4757,1.7603,1.1794,0.67,0.7037,0.2542,,,,-0.2378,0.1133,,,,,,,,0.6003
3.0,90,,0.8112,1.2034,-0.0,2.1346,1.2034,0.5638,1.1473,0.8112,,,,0.4007,0.3334,,,,,,,,0.6123
3.033,91,,0.8188,1.2112,-0.0,2.1355,1.2112,0.5672,1.1549,0.8188,,,,0.3956,0.5362,,,,,,,,0.6279
3.067,92,,0.8145,1.1993,0.0,2.1225,1.1993,0.5651,1.1446,0.8145,,,,0.3933,0.0659,,,,,,,,0.6202
3.1,93,,0.8092,1.1914,-0.0157,2.1663,1.2071,0.5572,1.1361,0.8092,,,,0.388,0.403,,,,,,,,0.6252
3.133,94,,0.8077,1.1855,0.0,2.0612,1.1855,0.5752,1.1297,0.8077,,,,0.3873,0.7884,,,,,,,,0.7238
3.167,95,,0.8082,1.1853,-0.0,2.0541,1.1853,0.5771,1.1284,0.8082,,,,0.3983,,,,,,,,,0.7207
3.2,96,,0.8113,1.1939,0.0,2.0691,1.1939,0.577,1.1327,0.8113,,,,0.4096,0.8032,,,,,,,,0.7371
3.233,97,,0.8122,1.1902,0.0,2.0489,1.1902,0.5809,1.13,0.8122,,,,0.4214,0.8174,,,,,,,,0.7521
3.267,98,,0.8094,1.1826,0.0,2.0243,1.1826,0.5842,1.1219,0.8094,,,,0.4296,0.8493,,,,,,,,0.7708
3.3,99,,0.8053,1.1732,0.0,1.9993,1.1732,0.5868,1.1121,0.8053,,,,0.4347,0.8393,,,,,,,,0.7855
3.333,100,,0.8037,1.1715,-0.0,1.9988,1.1715,0.5861,1.1068,0.8037,,,,0.4407,0.8466,,,,,,,,0.8021
3.367,101,,0.7995,1.1748,0.0,2.0127,1.1748,0.5837,1.1048,0.7995,,,,0.4393,0.876,,,,,,,,0.8317
3.4,102,,0.8014,1.1796,0.0,2.0303,1.1796,0.581,1.1056,0.8014,,,,0.44,0.8556,,,,,,,,0.8671
3.433,103,,0.8063,1.1844,0.0,2.0471,1.1844,0.5786,1.108,0.8063,,,,0.438,0.8082,,,,,,,,0.8993
3.467,104,,0.8085,1.1833,-0.0,2.0435,1.1833,0.5791,1.1076,0.8085,,,,0.4352,0.7534,,,,,,,,0.9218
3.5,105,,0.8062,1.1843,-0.0,2.0446,1.1843,0.5792,1.1077,0.8062,,,,0.4289,0.7158,,,,,,,,0.9353
3.533,106,,0.8016,1.1809,0.0,2.0305,1.1809,0.5816,1.1052,0.8016,,,,0.4203,0.6828,,,,,,,,0.9439
3.567,107,,0.7998,1.1773,0.0,2.0137,1.1773,0.5847,1.1024,0.7998,,,,0.4132,0.6454,,,,,,,,0.9584
3.6,108,,0.8026,1.1784,-0.0,2.0108,1.1784,0.5861,1.1019,0.8026,,,,0.4088,0.5991,,,,,,,,0.975
3.633,109,,0.8132,1.186,0.0,2.0228,1.186,0.5863,1.1088,0.8132,,,,0.4088,0.5695,,,,,,,,0.9885
3.667,110,,0.6721,1.189,0.0,2.0272,1.189,0.5865,1.1111,0.8161,0.3841,,,0.4049,0.5311,0.7271,0.432,,,,,31.9659,1.0077
3.7,111,,0.6758,1.193,0.0,2.0376,1.193,0.5855,1.114,0.8223,0.3828,,,0.4033,0.5187,0.7312,0.4395,,,,,31.7485,1.016
3.733,112,,0.6749,1.1984,0.0,2.0577,1.1984,0.5824,1.1176,0.8288,0.367,,,0.4054,0.5088,0.7506,0.4618,,,,,29.8116,1.0138
3.767,113,,0.4535,1.1683,-0.0585,2.147,1.2269,0.5714,1.0943,0.7909,0.116,,,0.3526,0.1605,0.9783,0.6749,,,,,9.5526,0.8981
3.8,114,,0.4649,1.1844,-0.0446,2.1862,1.2291,0.5622,1.1136,0.816,0.1138,,,0.4054,0.1754,0.9998,0.7022,,,,,7.4188,0.8952
3.833,115,,0.475,1.2017,-0.0184,2.2231,1.2201,0.5488,1.1318,0.8365,0.1135,,,0.4452,0.2068,1.0183,0.7229,,,,,7.7216,0.9128
3.867,116,,0.4854,1.2198,0.0,2.2552,1.2198,0.5409,1.1521,0.8583,0.1124,,,0.4827,0.2441,1.0397,0.7459,,,,,7.7222,0.9244
3.9,117,,0.495,1.2373,0.0,2.2481,1.2373,0.5504,1.1715,0.8806,0.1093,,,0.5176,0.2976,1.0622,0.7712,,,,,7.428,0.9457
3.933,118,,0.5043,1.2573,0.0,2.2691,1.2573,0.5541,1.1942,0.9049,0.1037,,,0.5483,0.349,1.0905,0.8012,,,,,6.7097,0.972
3.967,119,,0.5131,1.2749,0.0,2.3282,1.2749,0.5476,1.216,0.924,0.1021,,,0.5733,0.3878,1.1139,0.8219,,,,,6.3804,1.0003
4.0,120,,0.5239,1.1841,-0.0,2.013,1.1841,0.5882,1.1841,0.949,0.0988,,,0.5947,0.4238,1.0853,0.8503,,,,,5.7426,0.9399
4.033,121,,0.5319,1.2047,0.0,2.0772,1.2047,0.58,1.2047,0.9674,0.0964,,,0.6192,0.451,1.1082,0.871,,,,,5.7813,0.9853
4.067,122,,0.5411,1.2244,0.0,2.1464,1.2244,0.5705,1.2244,0.9868,0.0954,,,0.643,0.4678,1.129,0.8914,,,,,5.3709,1.0353
4.1,123,,0.551,1.3408,0.0,2.5964,1.3408,0.5164,1.2929,1.0051,0.097,,,0.6624,0.4806,1.1959,0.908,,,,,4.7831,1.1688
4.133,124,,0.5589,1.3498,-0.0,2.6511,1.3498,0.5092,1.307,1.0155,0.1023,,,0.6728,0.4891,1.2047,0.9131,,,,,4.5814,1.1931
4.167,125,,0.5596,1.2697,0.0,2.3616,1.2697,0.5376,1.2697,1.0129,0.1063,,,0.6648,0.4771,1.1634,0.9066,,,,,4.3154,1.1102
4.2,126,,0.5593,1.2763,0.0,2.4026,1.2763,0.5312,1.2763,1.0128,0.1058,,,0.663,0.4716,1.1704,0.907,,,,,3.7774,1.1228
4.233,127,,0.7609,1.4621,0.0,2.9594,1.4621,0.4941,1.427,1.1613,0.3605,0.0,,0.8416,0.6507,1.0665,0.8008,0.3605,,,109.5308,3.5021,1.3504
4.267,128,,0.7658,1.3937,0.0,2.6789,1.3937,0.5203,1.3937,1.1662,0.3655,0.0,,0.834,0.6449,1.0283,0.8007,0.3655,,,107.8699,2.9809,1.2976
4.3,129,,0.7829,1.4001,0.0,2.7292,1.4001,0.513,1.4001,1.1697,0.396,0.0815,,0.8329,0.6302,1.0041,0.7737,0.3145,,,126.1164,2.5943,1.3336
4.333,130,,0.8,1.4073,0.0,2.7738,1.4073,0.5074,1.4073,1.1767,0.4234,0.0728,,0.8268,0.6164,0.984,0.7533,0.3505,,,131.1933,1.871,1.3732
4.367,131,,0.8018,1.4111,0.0,2.8091,1.4111,0.5023,1.4111,1.1748,0.4288,0.061,,0.8252,0.5953,0.9823,0.746,0.3677,,,136.1442,0.9356,1.4457
4.4,132,,0.7378,1.3982,0.0,2.8142,1.3982,0.4968,1.3982,1.1321,0.3434,0.0322,,0.7831,0.5827,1.0548,0.7887,0.3112,,,138.8824,0.129,1.4974
4.433,133,,0.7463,1.4101,-0.0,2.8626,1.4101,0.4926,1.4101,1.1389,0.3537,0.056,,0.7971,0.5948,1.0564,0.7852,0.2977,,,139.9858,0.1648,1.6892
4.467,134,,0.7594,1.4279,0.0,2.9352,1.4279,0.4865,1.4279,1.1511,0.3677,0.101,,0.8067,0.6176,1.0602,0.7834,0.2666,,,139.0186,0.6914,1.8262
4.5,135,,0.7702,1.4415,0.0,2.9919,1.4415,0.4818,1.4415,1.1613,0.3792,0.133,,0.8208,0.2096,1.0623,0.782,0.2463,,,138.8321,0.7381,1.9418
4.533,136,,0.7805,1.4545,0.0,3.0507,1.4545,0.4768,1.4545,1.1706,0.3903,0.1546,,0.8234,0.2012,1.0642,0.7804,0.2357,,,138.341,0.0056,1.9939
4.567,137,,0.7941,1.4665,0.0,3.095,1.4665,0.4738,1.4665,1.1906,0.3977,0.1361,,0.8378,0.2088,1.0688,0.7929,0.2616,,,143.7811,0.3968,2.1711
4.6,138,,0.8093,1.4782,0.0,3.1446,1.4782,0.4701,1.4782,1.2014,0.4172,0.0,,0.8607,0.218,1.061,0.7842,0.4172,,,178.3411,0.8523,2.383
4.633,139,,0.8354,1.4971,-0.0,3.2012,1.4971,0.4677,1.4971,1.2305,0.4402,0.0969,,0.9156,0.7695,1.0569,0.7903,0.3433,,,150.7442,1.1572,2.3229
4.667,140,,0.7042,1.4034,0.0,3.004,1.4034,0.4672,1.4034,1.1311,0.2773,,,0.7922,0.5921,1.1261,0.8537,,,,,1.6246,2.4894
4.7,141,,0.8815,1.5251,0.0,3.2938,1.5251,0.463,1.5251,1.2692,0.4938,0.0586,,0.9632,0.3171,1.0313,0.7754,0.4352,,,155.0066,2.1107,2.6244
4.733,142,,0.8963,1.5579,-0.0,3.5033,1.5579,0.4447,1.5435,1.2792,0.5134,0.0464,,0.9622,0.3479,1.0302,0.7659,0.4669,,,157.9639,2.8635,2.9002
4.767,143,,0.9031,1.5592,0.0,3.5376,1.5592,0.4407,1.5377,1.2772,0.529,0.0236,,0.9507,0.7074,1.0087,0.7482,0.5054,,,160.528,2.5615,2.8967
4.8,144,,0.9164,1.5293,0.0,3.4331,1.5293,0.4455,1.5293,1.2887,0.5441,0.0236,,0.958,0.6925,0.9852,0.7446,0.5205,,,163.7935,2.1635,2.69
4.833,145,,0.9156,1.5662,0.0,3.6289,1.5662,0.4316,1.5486,1.2886,0.5425,0.0167,,0.9542,0.699,1.0061,0.746,0.5258,,,166.5863,2.133,2.6093
4.867,146,,0.927,1.571,0.0,3.6688,1.571,0.4282,1.5523,1.2925,0.5616,0.0328,,0.9634,0.7192,0.9907,0.7309,0.5288,,,168.2066,2.6394,2.4321
4.9,147,,0.9257,1.5242,0.0,3.4551,1.5242,0.4411,1.5242,1.2842,0.5671,0.0666,,0.9522,0.7149,0.957,0.717,0.5005,,,169.8039,3.7007,2.1453
4.933,148,,0.9262,1.5662,0.0,3.7657,1.5662,0.4159,1.543,1.2827,0.5697,0.1053,,0.941,0.7188,0.9733,0.713,0.4644,,,171.5747,5.3368,2.0658
4.967,149,,0.9416,1.5748,0.0,3.8335,1.5748,0.4108,1.552,1.2957,0.5875,0.1255,,0.9508,0.7575,0.9645,0.7082,0.462,,,172.8612,6.7766,1.9541
5.0,150,,1.0762,1.6557,0.08,4.0101,1.5757,0.3929,1.6395,1.4031,0.7492,0.3275,0.08,1.0932,0.9444,0.8903,0.6539,0.4217,0.2475,171.5077,174.145,7.8359,1.9488
5.033,151,,1.0806,1.6591,0.08,4.0615,1.5791,0.3888,1.6438,1.4072,0.754,0.3259,0.08,1.1062,0.9659,0.8898,0.6532,0.4281,0.2459,171.6871,173.811,9.0149,1.8974
5.067,152,,1.1063,1.6719,0.029,4.1664,1.6429,0.3943,1.6548,1.4259,0.7867,0.3676,0.0848,1.1362,1.0019,0.8681,0.6393,0.419,0.2828,173.5594,172.1664,9.6389,1.9756
5.1,153,,1.111,1.6683,0.0097,4.201,1.6586,0.3948,1.651,1.4273,0.7947,0.3839,0.082,1.1428,1.0116,0.8563,0.6326,0.4108,0.3019,175.0361,171.346,9.9678,1.9397
5.133,154,,1.1053,1.66,-0.0173,4.217,1.6773,0.3977,1.6436,1.4223,0.7883,0.3905,0.0792,1.1399,1.0161,0.8553,0.634,0.3978,0.3112,174.5426,170.136,10.1291,1.8778
5.167,155,,1.1019,1.6595,-0.0341,4.2752,1.6935,0.3961,1.6431,1.4197,0.7842,0.3995,0.0772,1.1395,1.0143,0.859,0.6355,0.3846,0.3223,174.2861,170.449,9.8784,1.8703
5.2,156,,1.0793,1.6482,-0.0419,4.2922,1.6901,0.3938,1.6337,1.403,0.7557,0.3642,0.0763,1.1224,0.9933,0.878,0.6473,0.3915,0.2879,172.9512,171.4364,9.4959,1.8382
5.233,157,,1.0826,1.6487,-0.0666,4.351,1.7153,0.3942,1.6352,1.4061,0.7592,0.3717,0.0738,1.129,0.9894,0.876,0.6469,0.3874,0.2979,173.2113,172.196,9.2653,1.8479
5.267,158,,1.0805,1.6495,-0.1009,4.4278,1.7504,0.3953,1.6376,1.4067,0.7542,0.3646,0.0699,1.1297,0.9819,0.8833,0.6525,0.3896,0.2947,173.2006,172.9973,8.8936,1.8811
5.3,159,,1.0778,1.6505,-0.1252,4.4929,1.7756,0.3952,1.6395,1.4061,0.7494,0.3601,0.0667,1.127,0.9767,0.8901,0.6567,0.3893,0.2934,173.6075,173.8076,8.5444,1.9151
5.333,160,,1.0834,1.653,-0.138,4.541,1.7909,0.3944,1.6435,1.4099,0.7569,0.3663,0.0649,1.1296,0.9757,0.8865,0.653,0.3906,0.3014,174.4062,174.5261,8.2335,1.9508
5.367,161,,1.0837,1.6539,-0.1506,4.5916,1.8045,0.393,1.6454,1.4082,0.7591,0.3725,0.063,1.1268,0.9685,0.8863,0.6491,0.3867,0.3094,175.9475,175.576,7.8747,1.9857
5.4,162,,1.0875,1.6559,-0.1609,4.6397,1.8168,0.3916,1.6487,1.4091,0.766,0.38,0.0614,1.1247,0.9631,0.8828,0.6431,0.386,0.3186,176.3971,176.0254,7.5478,2.0401
5.433,163,,1.101,1.6587,-0.1619,4.6721,1.8206,0.3897,1.6532,1.4168,0.7852,0.4002,0.0613,1.1292,0.9616,0.8681,0.6317,0.385,0.3389,177.299,176.4556,7.362,2.1114
5.467,164,,1.1148,1.6626,-0.1629,4.7182,1.8255,0.3869,1.6582,1.4233,0.8063,0.4205,0.0611,1.1326,0.9583,0.8518,0.6169,0.3858,0.3594,177.9452,175.894,7.2113,2.2091
5.5,165,,1.1289,1.6716,-0.1581,4.8028,1.8297,0.381,1.6683,1.4315,0.8264,0.4444,0.0619,1.1401,0.9558,0.842,0.6051,0.382,0.3825,177.9449,175.4789,7.168,2.3186
5.533,166,,1.1465,1.681,-0.1554,4.8997,1.8364,0.3748,1.6781,1.4419,0.8512,0.471,0.0623,1.1475,0.9551,0.8269,0.5907,0.3802,0.4088,177.5813,174.9026,7.2573,2.4217
5.567,167,,1.1617,1.6881,-0.1461,4.9723,1.8342,0.3689,1.6856,1.4541,0.8694,0.4872,0.0636,1.1599,0.96,0.8162,0.5847,0.3822,0.4236,176.6603,174.4484,7.1358,2.5009
5.6,168,,1.1704,1.6955,-0.1326,5.0538,1.8281,0.3617,1.6934,1.4655,0.8753,0.4915,0.0654,1.1705,0.9666,0.818,0.5902,0.3838,0.4261,175.3748,174.1059,6.7419,2.5407
5.633,169,,1.1747,1.6992,-0.1075,5.1162,1.8067,0.3531,1.6972,1.4706,0.8787,0.4992,0.0686,1.1732,0.9673,0.8185,0.5919,0.3796,0.4305,173.6565,173.5563,6.4365,2.5353
5.667,170,,1.1734,1.6987,-0.072,5.1469,1.7706,0.344,1.6969,1.4703,0.8765,0.5001,0.0727,1.1733,0.9674,0.8204,0.5938,0.3764,0.4275,171.6143,172.9187,6.1972,2.4796
5.7,171,,1.1736,1.6976,-0.0291,5.1573,1.7266,0.3348,1.6961,1.4717,0.8755,0.4996,0.0766,1.1749,0.9716,0.8206,0.5962,0.3759,0.423,170.0178,172.7533,5.8437,2.415
5.733,172,,1.1715,1.6966,0.0073,5.1782,1.6893,0.3262,1.6952,1.4698,0.8733,0.5022,0.0791,1.1746,0.9752,0.822,0.5966,0.3711,0.4231,168.8125,172.4927,5.54,2.3434
5.767,173,,1.1667,1.6938,0.0468,5.1833,1.6471,0.3178,1.692,1.4656,0.8677,0.5062,0.0807,1.1722,0.9773,0.8243,0.5979,0.3614,0.4255,167.9668,172.2304,5.3863,2.2611
5.8,174,,1.1659,1.6928,0.0752,5.1983,1.6175,0.3112,1.69,1.4644,0.8674,0.5101,0.0812,1.1717,0.982,0.8226,0.5971,0.3572,0.4289,167.5795,171.8975,5.3191,2.2002
5.833,175,,1.1658,1.6932,0.0653,5.2583,1.6279,0.3096,1.69,1.4648,0.8667,0.5094,0.0812,1.173,0.9905,0.8233,0.5981,0.3573,0.4282,167.2675,171.5446,5.337,2.1693
5.867,176,,1.1642,1.6927,0.046,5.3233,1.6467,0.3093,1.6886,1.4624,0.866,0.5042,0.0811,1.1762,0.9961,0.8226,0.5964,0.3618,0.4231,167.7113,171.2752,5.2073,2.1618
5.9,177,,1.1594,1.6897,0.0241,5.371,1.6656,0.3101,1.6851,1.4587,0.86,0.4929,0.0807,1.1775,1.0074,0.8251,0.5987,0.3671,0.4122,169.0721,171.313,5.1055,2.1593
5.933,178,,1.1559,1.6871,-0.0014,5.4261,1.6885,0.3112,1.6815,1.4569,0.855,0.4893,0.08,1.1735,1.0133,0.8265,0.6018,0.3657,0.4094,171.4745,171.4585,5.4235,2.1661
5.967,179,,1.1526,1.6848,-0.023,5.4743,1.7079,0.312,1.6781,1.4544,0.8509,0.4869,0.0791,1.1701,1.0172,0.8273,0.6035,0.3639,0.4079,174.1218,171.739,5.8061,2.1825
6.0,180,upright,1.1473,1.6663,-0.0493,5.3879,1.7156,0.3184,1.6663,1.4493,0.8453,0.4813,0.0773,1.1633,1.011,0.8211,0.604,0.364,0.404,176.3705,172.1335,6.1942,2.1796
6.033,181,upright,1.143,1.6621,-0.0682,5.4137,1.7303,0.3196,1.6621,1.4453,0.8408,0.4791,0.0755,1.161,1.008,0.8213,0.6045,0.3617,0.4035,177.8498,172.606,6.6951,2.2263
6.067,182,upright,1.1452,1.6619,-0.0739,5.4364,1.7358,0.3193,1.6619,1.446,0.8443,0.482,0.0748,1.1635,1.0106,0.8176,0.6016,0.3623,0.4072,178.3261,173.0325,7.3329,2.2879
6.1,183,upright,1.1486,1.6623,-0.0729,5.4477,1.7353,0.3185,1.6623,1.4483,0.849,0.4867,0.0748,1.1688,1.0152,0.8134,0.5993,0.3623,0.4119,178.8038,173.4797,7.8239,2.3709
6.133,184,upright,1.1552,1.6627,-0.0682,5.4532,1.7309,0.3174,1.6627,1.451,0.8594,0.4935,0.0753,1.1778,1.0207,0.8033,0.5916,0.3659,0.4182,179.2017,174.4699,8.216,2.4699
6.167,185,upright,1.1589,1.6623,-0.0542,5.4561,1.7164,0.3146,1.6623,1.4522,0.8656,0.5014,0.0766,1.1799,1.0198,0.7967,0.5865,0.3642,0.4248,178.406,175.1183,8.1642,2.5672
6.2,186,upright,1.1611,1.6592,-0.0384,5.4479,1.6977,0.3116,1.6592,1.451,0.8711,0.5074,0.0781,1.1783,1.0135,0.7882,0.58,0.3637,0.4294,178.098,175.4422,8.1272,2.587
6.233,187,upright,1.1604,1.6558,-0.0159,5.4393,1.6717,0.3073,1.6558,1.4492,0.8716,0.5105,0.0799,1.1745,1.0037,0.7842,0.5776,0.3611,0.4307,178.0263,175.5249,8.0691,2.6056
6.267,188,upright,1.1551,1.6763,0.013,5.6873,1.6633,0.2924,1.6619,1.4438,0.8663,0.5102,0.0817,1.1668,0.9869,0.7956,0.5774,0.3561,0.4286,178.0736,175.6138,7.9716,2.6852
6.3,189,upright,1.1464,1.6684,0.0456,5.6538,1.6228,0.287,1.6529,1.4362,0.8565,0.5019,0.0829,1.1563,0.9642,0.7964,0.5797,0.3546,0.4189,179.0151,175.7815,8.1259,2.6754
6.333,190,upright,1.1398,1.6279,0.0716,5.2969,1.5563,0.2938,1.6279,1.4304,0.8492,0.4928,0.0832,1.1461,0.9431,0.7787,0.5812,0.3564,0.4095,179.1896,175.9358,8.5348,2.5729
6.367,191,upright,1.1383,1.6545,0.0739,5.6107,1.5806,0.2817,1.6378,1.4268,0.8498,0.4859,0.083,1.1416,0.9282,0.788,0.577,0.3639,0.4029,177.4015,176.1521,9.1518,2.6984
6.4,192,upright,1.1436,1.6111,0.0536,5.2552,1.5575,0.2964,1.6111,1.4244,0.8628,0.4915,0.0822,1.1366,0.9163,0.7483,0.5616,0.3714,0.4093,174.6859,175.5862,9.9855,2.6213
6.433,193,upright,1.1461,1.6067,0.0385,5.2814,1.5682,0.2969,1.6067,1.424,0.8682,0.4967,0.0813,1.1324,0.9065,0.7384,0.5558,0.3715,0.4154,171.3213,173.2002,10.312,2.6491
6.467,194,upright,1.1444,1.6022,0.0246,5.3031,1.5775,0.2975,1.6022,1.4223,0.8665,0.4987,0.0804,1.1287,0.9005,0.7357,0.5558,0.3678,0.4183,167.2326,170.1096,10.9538,2.662
6.5,195,upright,1.1413,1.6006,0.0094,5.3449,1.5911,0.2977,1.6006,1.4199,0.8627,0.4956,0.0793,1.1275,0.8962,0.7379,0.5573,0.3671,0.4163,164.8512,167.9232,11.6425,2.6686
6.533,196,upright,1.1429,1.6003,0.0007,5.382,1.5997,0.2972,1.6003,1.4195,0.8663,0.4959,0.0786,1.1302,0.8964,0.7341,0.5533,0.3703,0.4174,162.3592,166.0039,12.0465,2.6711
6.567,197,upright,1.1436,1.6175,-0.0101,5.5778,1.6277,0.2918,1.6086,1.4189,0.8682,0.4941,0.0777,1.1319,0.9003,0.7403,0.5507,0.3742,0.4163,160.5287,164.6794,12.3302,2.6996
6.6,198,upright,1.1442,1.6152,-0.0239,5.601,1.6392,0.2927,1.6062,1.4182,0.8701,0.4905,0.0766,1.1327,0.9058,0.7361,0.548,0.3796,0.4139,158.3798,163.442,12.4433,2.6859
6.633,199,upright,1.1417,1.6122,-0.0395,5.6235,1.6517,0.2937,1.5985,1.4169,0.8665,0.4836,0.0752,1.1324,0.9177,0.732,0.5504,0.3829,0.4084,156.3301,162.5586,12.3489,2.6831
6.667,200,upright,1.1395,1.608,-0.057,5.6408,1.665,0.2952,1.5941,1.4165,0.8625,0.4796,0.0735,1.1352,0.929,0.7316,0.554,0.3829,0.4061,154.5558,161.5848,12.2153,2.7048
6.7,201,upright,1.1411,1.6008,-0.0711,5.6242,1.6719,0.2973,1.5884,1.4176,0.8645,0.4797,0.072,1.1399,0.9461,0.7239,0.5531,0.3848,0.4077,154.2294,161.6388,11.8608,2.7217
6.733,202,upright,1.148,1.6005,-0.0704,5.62,1.6709,0.2973,1.5893,1.4256,0.8703,0.4814,0.0719,1.1537,0.9693,0.7189,0.5552,0.3889,0.4095,155.7577,162.7897,11.3326,2.7457
6.767,203,upright,1.1615,1.606,-0.0541,5.6164,1.6601,0.2956,1.5963,1.4408,0.8822,0.4853,0.0735,1.1741,1.0022,0.7141,0.5586,0.3969,0.4118,158.6371,164.7185,10.6654,2.7751
6.8,204,upright,1.1695,1.6097,-0.0454,5.6312,1.6551,0.2939,1.5999,1.4515,0.8875,0.4858,0.0742,1.1893,1.0203,0.7124,0.5639,0.4017,0.4116,160.7331,166.3702,10.0738,2.82
6.833,205,upright,1.1808,1.6167,-0.034,5.6626,1.6507,0.2915,1.6043,1.4635,0.8982,0.4919,0.0751,1.2053,1.0312,0.7061,0.5653,0.4063,0.4168,161.6707,167.2427,9.7597,2.8865
6.867,206,upright,1.1891,1.6208,-0.0285,5.6847,1.6493,0.2901,1.6056,1.4723,0.9059,0.4954,0.0756,1.2122,1.0286,0.6996,0.5664,0.4105,0.4199,161.8883,167.9322,9.4136,3.1241
6.9,207,upright,1.1974,1.624,-0.0231,5.7001,1.6471,0.289,1.6055,1.4803,0.9145,0.4994,0.076,1.221,0.8273,0.691,0.5658,0.4151,0.4234,162.6613,168.5513,9.3351,3.1742
6.933,208,upright,1.203,1.6276,-0.0205,5.73,1.6481,0.2876,1.6049,1.4854,0.9206,0.5006,0.0762,1.0757,0.823,0.6843,0.5647,0.4201,0.4244,163.0931,168.4339,9.697,3.1746
6.967,209,upright,1.2091,1.6312,-0.021,5.7693,1.6522,0.2864,1.603,1.4927,0.9255,0.5013,0.0761,1.0826,0.8123,0.6775,0.5672,0.4242,0.4252,163.148,167.8689,10.2408,3.165
7.0,210,upright,1.2175,1.6324,-0.0231,5.795,1.6556,0.2857,1.5981,1.5005,0.9345,0.5033,0.076,1.0922,0.8039,0.6637,0.566,0.4312,0.4273,162.5059,166.5816,10.9711,3.1439
7.033,211,upright,1.2275,1.633,-0.0235,5.8073,1.6565,0.2852,1.5926,1.5079,0.9472,0.5084,0.0759,1.2198,0.8046,0.6454,0.5608,0.4387,0.4325,162.824,165.6227,11.9784,3.124
7.067,212,upright,1.2323,1.6257,-0.0338,5.7935,1.6595,0.2864,1.5807,1.5048,0.9599,0.5112,0.0751,1.2119,0.7977,0.6209,0.5449,0.4486,0.4361,163.9999,164.8309,13.1352,3.0857
7.1,213,upright,1.236,1.6199,-0.0373,5.7718,1.6572,0.2871,1.5715,1.5033,0.9686,0.5177,0.0749,1.2063,0.9366,0.6029,0.5347,0.4509,0.4428,165.2965,163.8916,14.4231,3.0397
7.133,214,upright,1.242,1.6171,-0.0319,5.7495,1.649,0.2868,1.5653,1.5059,0.978,0.5233,0.0753,1.2096,0.8096,0.5873,0.5278,0.4547,0.448,166.5237,163.5539,15.3086,3.007
7.167,215,upright,1.2428,1.6152,-0.0268,5.7329,1.642,0.2864,1.561,1.5066,0.9791,0.5253,0.0757,1.1306,0.8192,0.5819,0.5275,0.4538,0.4496,168.212,163.8317,15.9088,2.9807
7.2,216,upright,1.2359,1.607,-0.0374,5.7118,1.6445,0.2879,1.5515,1.4987,0.9731,0.5227,0.0749,1.201,0.9306,0.5784,0.5256,0.4504,0.4478,169.736,163.6783,16.6459,2.9595
7.233,217,upright,1.2263,1.5994,-0.0485,5.7013,1.6479,0.289,1.5423,1.4903,0.9623,0.5143,0.0739,1.1256,0.8105,0.58,0.528,0.448,0.4404,171.4001,164.4431,16.7365,2.9338
7.267,218,upright,1.2154,1.5914,-0.0569,5.6898,1.6484,0.2897,1.5327,1.4801,0.9507,0.5058,0.0731,1.1244,0.8062,0.5821,0.5294,0.4449,0.4327,172.2365,165.1855,16.7683,2.888
7.3,219,upright,1.2084,1.5861,-0.0551,5.673,1.6412,0.2893,1.5265,1.4726,0.9443,0.5024,0.0734,1.1242,0.918,0.5822,0.5284,0.4419,0.429,172.728,166.5118,16.4488,2.8095
7.333,220,upright,1.2033,1.5822,-0.0498,5.6573,1.632,0.2885,1.522,1.4671,0.9395,0.5014,0.074,1.1227,0.8103,0.5824,0.5276,0.4381,0.4274,173.0903,168.0824,16.0398,2.7188
7.367,221,upright,1.1996,1.5794,-0.0414,5.6419,1.6208,0.2873,1.5194,1.4641,0.9351,0.5003,0.0749,1.1807,0.9148,0.5844,0.529,0.4347,0.4254,172.907,169.2826,15.7181,2.6119
7.4,222,upright,1.1949,1.5776,-0.0318,5.6322,1.6094,0.2858,1.5166,1.4592,0.9306,0.4959,0.0759,1.1201,0.9122,0.5859,0.5286,0.4348,0.42,172.1132,170.6995,14.9877,2.5324
7.433,223,upright,1.1917,1.5775,-0.0241,5.6357,1.6017,0.2842,1.515,1.456,0.9273,0.4955,0.0767,1.1747,0.9095,0.5877,0.5287,0.4319,0.4188,171.5813,171.7188,14.587,2.483
7.467,224,upright,1.1886,1.5771,-0.0206,5.6377,1.5977,0.2834,1.513,1.4541,0.9232,0.492,0.0771,1.1716,0.9094,0.5898,0.5309,0.4312,0.4149,170.9481,172.4369,14.2468,2.4929
7.5,225,upright,1.1849,1.5752,-0.0154,5.6204,1.5905,0.283,1.5056,1.4505,0.9193,0.4922,0.0776,1.1724,0.9182,0.5864,0.5312,0.4271,0.4146,171.0836,173.4087,13.7117,2.3508
7.533,226,upright,1.1829,1.5738,-0.0142,5.6091,1.588,0.2831,1.5028,1.4502,0.9156,0.4891,0.0777,1.1748,0.9226,0.5872,0.5347,0.4265,0.4114,171.0563,173.826,13.4398,2.4008
7.567,227,upright,1.1829,1.5724,-0.0152,5.5937,1.5876,0.2838,1.5012,1.4511,0.9148,0.488,0.0776,1.1789,0.9266,0.5864,0.5363,0.4268,0.4104,171.8607,174.5337,13.1453,2.4471
7.6,228,upright,1.1811,1.5703,-0.015,5.5776,1.5852,0.2842,1.4997,1.4498,0.9123,0.487,0.0776,1.1796,0.9258,0.5874,0.5375,0.4253,0.4094,171.8405,174.7131,12.8508,2.5171
7.633,229,upright,1.1789,1.5698,-0.0151,5.5755,1.5849,0.2843,1.5044,1.4482,0.9096,0.4846,0.0776,1.18,0.9245,0.5948,0.5386,0.425,0.407,171.7013,174.5174,12.7752,2.7573
7.667,230,upright,1.177,1.5689,-0.0168,5.5687,1.5857,0.2848,1.4993,1.4477,0.9063,0.4821,0.0774,1.1808,0.9234,0.593,0.5414,0.4241,0.4047,171.9463,174.8963,12.4579,2.6276
7.7,231,upright,1.1744,1.5679,-0.0175,5.5626,1.5854,0.285,1.4989,1.4469,0.902,0.4799,0.0774,1.1806,0.921,0.5969,0.5449,0.4221,0.4025,172.03,175.4008,12.0495,2.6634
7.733,232,upright,1.1715,1.5671,-0.0175,5.5562,1.5847,0.2852,1.4986,1.4461,0.8968,0.4777,0.0774,1.1807,0.919,0.6018,0.5493,0.4191,0.4003,172.0437,176.0467,11.4596,2.7026
7.767,233,upright,1.1695,1.5671,-0.018,5.5541,1.5851,0.2854,1.4988,1.446,0.8929,0.4764,0.0774,1.1798,0.9161,0.6059,0.5531,0.4165,0.3991,172.0664,176.1909,10.7656,2.7504
7.8,234,upright,1.1659,1.5675,-0.0172,5.5594,1.5847,0.2851,1.4993,1.4447,0.8871,0.4748,0.0774,1.1778,0.9116,0.6122,0.5576,0.4122,0.3974,172.015,175.9192,10.1011,2.817
7.833,235,upright,1.1627,1.5673,-0.017,5.5594,1.5842,0.285,1.4994,1.4429,0.8825,0.4717,0.0774,1.1756,0.9072,0.6169,0.5604,0.4107,0.3943,171.9437,175.6389,9.4111,2.8493
7.867,236,upright,1.1603,1.566,-0.0166,5.5504,1.5827,0.2851,1.499,1.441,0.8796,0.4701,0.0775,1.1726,0.9014,0.6194,0.5614,0.4095,0.3926,171.9023,175.4172,8.7416,2.8651
7.9,237,upright,1.1584,1.5653,-0.0167,5.545,1.582,0.2853,1.4988,1.4393,0.8775,0.4677,0.0775,1.1703,0.8975,0.6213,0.5618,0.4098,0.3902,172.0113,175.1215,8.0086,2.8879
7.933,238,upright,1.1564,1.5647,-0.0153,5.5398,1.58,0.2852,1.499,1.4375,0.8752,0.4657,0.0776,1.1681,0.8943,0.6237,0.5623,0.4095,0.3882,172.5043,174.6614,7.274,2.9046
7.967,239,upright,1.1528,1.5632,-0.0145,5.5244,1.5777,0.2856,1.4989,1.435,0.8707,0.4627,0.0777,1.166,0.8918,0.6282,0.5643,0.408,0.385,173.1084,174.2606,6.5613,2.9328
8.0,240,upright,1.1492,1.5625,-0.0143,5.5172,1.5768,0.2858,1.4987,1.4327,0.8657,0.4599,0.0777,1.1644,0.8882,0.633,0.567,0.4058,0.3822,173.6365,173.9633,5.9039,2.993
8.033,241,upright,1.1453,1.5617,-0.0141,5.508,1.5757,0.2861,1.4986,1.4301,0.8605,0.4562,0.0777,1.1616,0.8857,0.6381,0.5696,0.4043,0.3785,174.1248,173.7752,5.2811,3.0527
8.067,242,upright,1.1412,1.5601,-0.0163,5.4979,1.5764,0.2867,1.4976,1.4272,0.8551,0.4519,0.0776,1.1599,0.8841,0.6424,0.5721,0.4032,0.3744,173.8717,173.6371,4.7817,3.1155
8.1,243,upright,1.1383,1.558,-0.0191,5.4829,1.5771,0.2876,1.4958,1.4245,0.8521,0.448,0.0773,1.1584,0.8819,0.6437,0.5724,0.4041,0.3707,173.5964,173.3615,4.3807,3.1179
8.133,244,upright,1.1381,1.5576,-0.0193,5.4731,1.5769,0.2881,1.4958,1.424,0.8523,0.4448,0.0773,1.1588,0.8817,0.6435,0.5717,0.4075,0.3675,173.078,173.0628,4.1029,3.1061
8.167,245,upright,1.1376,1.5562,-0.0196,5.4569,1.5757,0.2888,1.4948,1.4234,0.8518,0.4423,0.0773,1.1581,0.8806,0.643,0.5716,0.4095,0.365,172.5163,172.7204,3.9517,3.1005
8.2,246,upright,1.1367,1.5547,-0.02,5.4432,1.5747,0.2893,1.4934,1.4223,0.8511,0.4395,0.0773,1.1566,0.8792,0.6423,0.5712,0.4116,0.3622,171.3015,172.2103,3.8448,3.0694
8.233,247,upright,1.1364,1.5519,-0.0193,5.4171,1.5712,0.29,1.4911,1.4218,0.8509,0.4386,0.0774,1.1535,0.8761,0.6402,0.5709,0.4124,0.3612,170.4712,171.4463,3.7619,3.0219
8.267,248,upright,1.1364,1.5496,-0.0175,5.3924,1.5671,0.2906,1.4898,1.422,0.8508,0.4373,0.0776,1.1523,0.8754,0.639,0.5712,0.4135,0.3597,170.2355,170.9372,3.6002,2.9699
8.3,249,upright,1.135,1.5488,-0.0174,5.3853,1.5662,0.2908,1.4897,1.4215,0.8485,0.436,0.0777,1.1497,0.8732,0.6412,0.573,0.4126,0.3583,170.5231,171.2834,3.3787,2.9226
8.333,250,upright,1.1341,1.5491,-0.0155,5.3822,1.5646,0.2907,1.491,1.4212,0.8469,0.4351,0.0779,1.1475,0.8728,0.6441,0.5743,0.4118,0.3572,171.7415,171.7767,3.1307,2.8777
8.367,251,upright,1.1351,1.5504,-0.0119,5.3799,1.5623,0.2904,1.494,1.4221,0.8482,0.4353,0.0782,1.1484,0.8756,0.6459,0.5739,0.4128,0.3571,173.1027,172.2767,3.0401,2.8515
8.4,252,upright,1.1372,1.5536,-0.0087,5.3941,1.5623,0.2896,1.498,1.4237,0.8508,0.4337,0.0785,1.15,0.8791,0.6472,0.5729,0.4171,0.3551,174.3037,172.6282,3.2388,2.8462
8.433,253,upright,1.1393,1.5574,-0.0047,5.414,1.562,0.2885,1.502,1.4244,0.8541,0.4366,0.0788,1.1517,0.882,0.6479,0.5703,0.4175,0.3578,176.3156,173.4099,3.3229,2.8391
8.467,254,upright,1.1404,1.5611,-0.0018,5.4381,1.5629,0.2874,1.5059,1.4254,0.8554,0.4386,0.079,1.1527,0.8835,0.6505,0.57,0.4168,0.3596,177.7293,174.0146,3.445,2.846
8.5,255,upright,1.1418,1.5656,0.002,5.4682,1.5636,0.2859,1.5115,1.4261,0.8574,0.4394,0.0793,1.1534,0.8855,0.6541,0.5686,0.418,0.3602,178.8106,174.1307,3.6269,2.8655
8.533,256,upright,1.1426,1.5729,0.0036,5.532,1.5693,0.2837,1.5188,1.4272,0.8581,0.4369,0.0794,1.1547,0.8867,0.6608,0.5692,0.4212,0.3575,179.2389,174.2579,3.8406,2.8939
8.567,257,upright,1.1438,1.5812,0.0056,5.6016,1.5756,0.2813,1.5275,1.4283,0.8594,0.4343,0.0795,1.1558,0.8897,0.6681,0.5689,0.4251,0.3547,179.0283,174.2506,4.1644,2.8919
8.6,258,upright,1.1441,1.5904,0.0068,5.6833,1.5835,0.2786,1.535,1.4294,0.8587,0.4296,0.0796,1.1562,0.8918,0.6763,0.5708,0.4291,0.35,178.8218,174.2387,4.5355,2.9086
8.633,259,upright,1.1456,1.5981,0.0098,5.7486,1.5883,0.2763,1.5421,1.4316,0.8595,0.431,0.0798,1.1587,0.8944,0.6825,0.5721,0.4286,0.3511,178.971,174.0407,4.873,2.9448
8.667,260,upright,1.1483,1.6052,0.0119,5.8103,1.5933,0.2742,1.5497,1.4346,0.8619,0.4342,0.08,1.1618,0.8949,0.6877,0.5727,0.4277,0.3542,179.0719,173.9922,5.3001,2.986
8.7,261,upright,1.1484,1.612,0.0127,5.8801,1.5993,0.272,1.5554,1.435,0.8618,0.435,0.0801,1.161,0.8928,0.6936,0.5732,0.4269,0.3549,178.9055,174.1044,5.7322,3.0436
8.733,262,upright,1.1489,1.6176,0.0136,5.9381,1.604,0.2701,1.561,1.4359,0.8619,0.4359,0.0801,1.1609,0.8916,0.6991,0.574,0.426,0.3557,178.6242,174.292,6.0709,3.1189
8.767,263,upright,1.1486,1.6226,0.0141,5.9933,1.6085,0.2684,1.566,1.4359,0.8613,0.4365,0.0802,1.1604,0.8899,0.7047,0.5746,0.4248,0.3563,178.3685,174.3781,6.2291,3.1121
8.8,264,upright,1.1481,1.6244,0.0135,6.0152,1.6108,0.2678,1.5698,1.437,0.8593,0.4375,0.0802,1.1598,0.8887,0.7106,0.5777,0.4218,0.3573,177.6231,174.6286,6.3287,3.065
8.833,265,upright,1.1474,1.626,0.013,6.0379,1.613,0.2671,1.5715,1.4363,0.8585,0.4372,0.0801,1.1588,0.8875,0.713,0.5777,0.4213,0.3571,177.3522,174.9468,6.4655,3.0453
8.867,266,upright,1.1488,1.6292,0.0136,6.0716,1.6156,0.2661,1.5748,1.4368,0.8607,0.4397,0.0802,1.1596,0.8872,0.7141,0.5761,0.421,0.3595,177.18,175.0236,6.511,3.0242
8.9,267,upright,1.1504,1.6307,0.0141,6.087,1.6166,0.2656,1.5767,1.4371,0.8637,0.4427,0.0802,1.1596,0.8867,0.713,0.5734,0.421,0.3624,177.1146,175.1113,6.5483,2.9887
8.933,268,upright,1.152,1.6326,0.0143,6.107,1.6183,0.265,1.5785,1.4376,0.8663,0.4458,0.0802,1.16,0.8864,0.7123,0.5714,0.4204,0.3656,177.0733,175.2038,6.5443,2.968
8.967,269,upright,1.1535,1.6342,0.0144,6.1251,1.6198,0.2644,1.5807,1.4381,0.869,0.4479,0.0802,1.1596,0.8854,0.7117,0.5691,0.4211,0.3676,176.9491,175.2151,6.488,2.9412
9.0,270,upright,1.154,1.6356,0.0148,6.1416,1.6208,0.2639,1.5826,1.4386,0.8695,0.4491,0.0803,1.1593,0.8841,0.713,0.569,0.4204,0.3688,176.7552,174.7901,6.491,2.924
9.033,271,upright,1.1545,1.6365,0.0152,6.1502,1.6213,0.2636,1.5846,1.4395,0.8695,0.4495,0.0803,1.1594,0.8832,0.715,0.57,0.4201,0.3692,176.5458,174.4455,6.5381,2.9013
9.067,272,upright,1.1559,1.6377,0.0156,6.162,1.6221,0.2632,1.5865,1.4408,0.871,0.4508,0.0803,1.1594,0.8831,0.7155,0.5698,0.4202,0.3704,176.3983,174.1656,6.6161,2.8777
9.1,273,upright,1.1575,1.64,0.0162,6.1858,1.6239,0.2625,1.5893,1.4424,0.8726,0.4524,0.0804,1.1607,0.8835,0.7167,0.5699,0.4202,0.372,176.4083,174.0633,6.7681,2.8526
9.133,274,upright,1.1596,1.6422,0.0168,6.2073,1.6254,0.2619,1.5917,1.4445,0.8748,0.454,0.0804,1.1631,0.8843,0.7169,0.5697,0.4208,0.3736,176.3613,173.8479,6.8579,2.8317
9.167,275,upright,1.1609,1.6441,0.0174,6.2261,1.6266,0.2613,1.5935,1.4462,0.8757,0.4555,0.0805,1.1649,0.8848,0.7178,0.5704,0.4202,0.3751,176.299,173.7341,7.0068,2.8106
9.2,276,upright,1.1624,1.6469,0.0181,6.2567,1.6288,0.2603,1.5952,1.4479,0.8769,0.457,0.0805,1.1667,0.8858,0.7183,0.571,0.4199,0.3765,176.4282,173.5349,7.0129,2.7943
9.233,277,upright,1.1636,1.649,0.0182,6.28,1.6308,0.2597,1.5976,1.4498,0.8774,0.4582,0.0805,1.169,0.8875,0.7202,0.5724,0.4192,0.3777,176.0083,173.4313,7.0258,2.7742
9.267,278,upright,1.1645,1.6513,0.0195,6.304,1.6318,0.2589,1.5994,1.4505,0.8784,0.4591,0.0806,1.1719,0.8897,0.721,0.5721,0.4193,0.3785,175.8392,173.0788,7.0091,2.7522
9.3,279,upright,1.1658,1.6524,0.0194,6.315,1.633,0.2586,1.6015,1.4523,0.8793,0.46,0.0806,1.1746,0.8921,0.7222,0.573,0.4193,0.3794,175.4086,172.867,7.0385,2.7313
9.333,280,upright,1.1673,1.6542,0.0189,6.3349,1.6353,0.2581,1.6031,1.4539,0.8807,0.4616,0.0806,1.1765,0.8945,0.7225,0.5732,0.4191,0.381,175.0944,172.5552,6.9892,2.7231
9.367,281,upright,1.1684,1.6557,0.0191,6.3525,1.6366,0.2576,1.605,1.4545,0.8824,0.4628,0.0806,1.1781,0.8965,0.7226,0.5721,0.4196,0.3822,175.1299,172.3319,7.0589,2.7076
9.4,282,upright,1.1701,1.6584,0.0191,6.3816,1.6393,0.2569,1.607,1.4555,0.8848,0.4638,0.0806,1.181,0.8999,0.7223,0.5708,0.4209,0.3833,175.2669,172.1183,7.1278,2.6919
9.433,283,upright,1.1704,1.6594,0.0195,6.392,1.6399,0.2565,1.608,1.4559,0.885,0.4635,0.0806,1.1821,0.9016,0.723,0.5708,0.4215,0.383,175.43,172.1681,7.3017,2.6705
9.467,284,upright,1.171,1.6601,0.0197,6.3996,1.6404,0.2563,1.609,1.4563,0.8857,0.464,0.0806,1.1834,0.9033,0.7232,0.5706,0.4218,0.3834,175.6147,172.2798,7.5444,2.6495
9.5,285,upright,1.1705,1.6609,0.0193,6.4104,1.6416,0.2561,1.6103,1.457,0.884,0.4634,0.0806,1.1849,0.9054,0.7263,0.573,0.4206,0.3828,175.5126,172.2599,7.6859,2.6304
9.533,286,upright,1.1705,1.6621,0.019,6.4249,1.6431,0.2557,1.6122,1.4579,0.8832,0.4637,0.0806,1.1863,0.9075,0.7291,0.5747,0.4195,0.3831,175.3242,172.3263,7.8728,2.6124
9.567,287,upright,1.1704,1.6632,0.0187,6.4395,1.6445,0.2554,1.614,1.4584,0.8824,0.4634,0.0805,1.1872,0.908,0.7316,0.576,0.419,0.3829,175.2049,172.2455,7.9961,2.5992
9.6,288,upright,1.1704,1.6633,0.0183,6.4442,1.645,0.2553,1.615,1.4587,0.8822,0.4646,0.0805,1.1872,0.9077,0.7328,0.5765,0.4176,0.3841,175.1948,172.2063,8.1318,2.5899
9.633,289,upright,1.1715,1.6632,0.0182,6.4454,1.6451,0.2552,1.6161,1.4595,0.8835,0.4651,0.0805,1.1874,0.9078,0.7326,0.576,0.4183,0.3847,175.2308,172.0562,8.1633,2.5835
9.667,290,upright,1.1724,1.6633,0.0187,6.4483,1.6446,0.2551,1.6172,1.4604,0.8844,0.466,0.0805,1.1874,0.9084,0.7327,0.5759,0.4184,0.3855,175.307,171.938,8.2245,2.5785
9.7,291,upright,1.173,1.6636,0.0192,6.4526,1.6445,0.2549,1.6186,1.4606,0.8854,0.4674,0.0805,1.1877,0.9085,0.7333,0.5753,0.4179,0.3869,175.3855,171.726,8.2085,2.5741
9.733,292,upright,1.173,1.6634,0.0198,6.4515,1.6435,0.2548,1.6199,1.4604,0.8856,0.4684,0.0805,1.188,0.9077,0.7344,0.5748,0.4172,0.3879,175.3016,171.5205,8.1525,2.5742
9.767,293,upright,1.1728,1.6636,0.02,6.4541,1.6436,0.2547,1.6217,1.4606,0.885,0.4688,0.0805,1.1893,0.9081,0.7367,0.5756,0.4162,0.3883,175.3086,171.4752,8.1407,2.5753
9.8,294,upright,1.1722,1.6639,0.02,6.4606,1.6438,0.2544,1.6232,1.4603,0.884,0.4689,0.0805,1.1887,0.9063,0.7392,0.5762,0.4151,0.3884,175.3665,171.3355,8.0432,2.5756
9.833,295,upright,1.1721,1.6645,0.02,6.4676,1.6446,0.2543,1.6247,1.4606,0.8837,0.4687,0.0805,1.1891,0.9063,0.741,0.5769,0.415,0.3882,175.4929,171.2498,7.9724,2.5801
9.867,296,upright,1.1727,1.6649,0.0198,6.4717,1.6451,0.2542,1.6262,1.4609,0.8845,0.4688,0.0805,1.1897,0.9065,0.7417,0.5764,0.4157,0.3883,175.6836,171.0133,7.8168,2.5861
9.9,297,upright,1.1731,1.665,0.0201,6.4716,1.645,0.2542,1.6271,1.4614,0.8849,0.4686,0.0805,1.1898,0.9062,0.7422,0.5764,0.4163,0.3881,175.7959,170.8843,7.7458,2.5935
9.933,298,upright,1.1738,1.6654,0.0206,6.4736,1.6447,0.2541,1.6286,1.4618,0.8858,0.4696,0.0805,1.1902,0.9062,0.7428,0.5759,0.4163,0.389,175.8298,170.8631,7.7068,2.6013
9.967,299,upright,1.1735,1.6657,0.0207,6.4783,1.645,0.2539,1.6296,1.4615,0.8854,0.4695,0.0805,1.1899,0.9056,0.7442,0.5761,0.416,0.3889,175.7646,170.7757,7.6719,2.6101
10.0,300,upright,1.1741,1.6666,0.0215,6.484,1.645,0.2537,1.6316,1.4633,0.8849,0.4699,0.0806,1.1905,0.9054,0.7467,0.5783,0.415,0.3893,175.7802,170.78,7.6493,2.6213
10.033,301,,1.1728,1.6664,0.0216,6.4841,1.6448,0.2537,1.6321,1.4626,0.8831,0.4691,0.0806,1.19,0.9049,0.7491,0.5795,0.414,0.3885,175.6835,170.7644,7.6368,2.6239
10.067,302,,1.1717,1.6666,0.0214,6.4872,1.6452,0.2536,1.6332,1.4618,0.8816,0.4681,0.0806,1.1894,0.9044,0.7515,0.5801,0.4136,0.3875,175.5948,170.6449,7.5478,2.6239
10.1,303,,1.1711,1.6667,0.0214,6.4888,1.6453,0.2536,1.6339,1.4612,0.8809,0.4673,0.0806,1.1889,0.9036,0.7529,0.5802,0.4136,0.3868,175.5147,170.6503,7.4931,2.622
10.133,304,,1.171,1.6669,0.0213,6.4918,1.6456,0.2535,1.635,1.4608,0.8811,0.4668,0.0805,1.189,0.9038,0.7539,0.5797,0.4143,0.3862,175.5013,170.6316,7.3938,2.6225
10.167,305,,1.1709,1.6674,0.021,6.4971,1.6464,0.2534,1.6362,1.4607,0.881,0.466,0.0805,1.1891,0.9041,0.7552,0.5797,0.415,0.3854,175.5063,170.7225,7.3286,2.6222
10.2,306,,1.1707,1.6681,0.0208,6.5044,1.6473,0.2533,1.6375,1.4607,0.8808,0.4655,0.0805,1.1891,0.9049,0.7568,0.58,0.4153,0.3849,175.6375,170.822,7.2642,2.6247
10.233,307,,1.1709,1.6684,0.0206,6.508,1.6478,0.2532,1.6387,1.4607,0.8812,0.4659,0.0805,1.1888,0.9047,0.7575,0.5796,0.4153,0.3854,175.6619,171.0004,7.2755,2.6279
10.267,308,,1.1699,1.6688,0.0199,6.5138,1.6489,0.2531,1.6397,1.4598,0.88,0.4632,0.0805,1.1875,0.9036,0.7597,0.5798,0.4169,0.3827,175.8581,171.2961,7.3955,2.6317
10.3,309,,1.1699,1.6689,0.0202,6.5136,1.6488,0.2531,1.6404,1.4595,0.8804,0.4629,0.0805,1.1875,0.904,0.7601,0.5791,0.4175,0.3824,175.8073,171.4418,7.4004,2.6311
10.333,310,,1.1684,1.6691,0.0192,6.5172,1.6499,0.2532,1.6409,1.4582,0.8787,0.4609,0.0804,1.1857,0.9024,0.7621,0.5794,0.4179,0.3804,175.9011,171.7273,7.5417,2.6353
10.367,311,,1.168,1.6692,0.0189,6.518,1.6504,0.2532,1.6408,1.4578,0.8782,0.4608,0.0804,1.1858,0.9022,0.7626,0.5796,0.4174,0.3804,175.7353,171.791,7.5273,2.636
10.4,312,,1.1662,1.6681,0.019,6.5108,1.6492,0.2533,1.6401,1.4562,0.8761,0.4605,0.0804,1.1835,0.9001,0.764,0.5802,0.4155,0.3801,175.8328,172.1453,7.6705,2.6385
10.433,313,,1.1659,1.6675,0.0193,6.5051,1.6482,0.2534,1.6394,1.4558,0.876,0.4616,0.0805,1.1832,0.8995,0.7635,0.5798,0.4144,0.3811,175.5795,172.1859,7.6398,2.6352
10.467,314,,1.1652,1.6668,0.0186,6.5013,1.6482,0.2535,1.639,1.455,0.8754,0.4606,0.0804,1.1818,0.8979,0.7636,0.5796,0.4148,0.3802,175.75,172.3945,7.7289,2.636
10.5,315,,1.1657,1.6667,0.0187,6.4983,1.648,0.2536,1.6389,1.4552,0.8762,0.4614,0.0804,1.1818,0.8982,0.7627,0.579,0.4148,0.381,175.6506,172.4604,7.7273,2.6346
10.533,316,,1.1665,1.6665,0.0188,6.494,1.6478,0.2537,1.6389,1.4554,0.8777,0.463,0.0805,1.1825,0.8992,0.7612,0.5776,0.4147,0.3826,175.5954,172.5192,7.7052,2.632
10.567,317,,1.1666,1.6665,0.0189,6.4925,1.6475,0.2538,1.6387,1.4551,0.878,0.463,0.0805,1.1828,0.8996,0.7607,0.5771,0.415,0.3825,175.536,172.5386,7.7056,2.6304
10.6,318,,1.1666,1.6667,0.0188,6.4928,1.6479,0.2538,1.6388,1.4551,0.878,0.4624,0.0805,1.1834,0.9004,0.7608,0.5771,0.4156,0.382,175.5073,172.5462,7.7096,2.6291
10.633,319,,1.1664,1.6665,0.0191,6.4908,1.6474,0.2538,1.6386,1.4547,0.878,0.4629,0.0805,1.1835,0.9004,0.7606,0.5768,0.415,0.3824,175.5284,172.6145,7.7346,2.6272
10.667,320,,1.1662,1.6663,0.019,6.4871,1.6473,0.2539,1.6383,1.4547,0.8778,0.4633,0.0805,1.1837,0.9003,0.7605,0.5768,0.4146,0.3828,175.4573,172.6418,7.7664,2.6274
10.7,321,,1.1665,1.6661,0.0187,6.4847,1.6474,0.254,1.638,1.4548,0.8781,0.4635,0.0805,1.1837,0.8999,0.7599,0.5767,0.4146,0.383,175.4375,172.5935,7.743,2.6263
10.733,322,,1.1659,1.666,0.0181,6.4858,1.6479,0.2541,1.6378,1.4542,0.8776,0.462,0.0804,1.1831,0.8986,0.7601,0.5765,0.4156,0.3816,175.6053,172.7092,7.8283,2.6289
10.767,323,,1.1664,1.6659,0.0185,6.4825,1.6474,0.2541,1.6375,1.4544,0.8785,0.4626,0.0805,1.1832,0.8985,0.7591,0.5759,0.4159,0.3822,175.637,172.7213,7.8198,2.6276
10.8,324,,1.1658,1.6654,0.0186,6.4796,1.6468,0.2542,1.6372,1.4537,0.8779,0.4618,0.0804,1.1815,0.8968,0.7593,0.5759,0.4161,0.3813,175.585,172.9536,7.9843,2.6282
10.833,325,,1.1654,1.6654,0.0186,6.4796,1.6468,0.2541,1.6368,1.4531,0.8777,0.4607,0.0804,1.1802,0.8956,0.7591,0.5754,0.417,0.3803,175.5868,172.9941,8.0345,2.63
10.867,326,,1.1648,1.6648,0.0187,6.4733,1.6461,0.2543,1.636,1.4521,0.8774,0.4597,0.0804,1.1793,0.8947,0.7586,0.5747,0.4177,0.3793,175.6022,173.0105,8.0922,2.6287
10.9,327,,1.1642,1.6646,0.019,6.472,1.6457,0.2543,1.6355,1.4514,0.877,0.4587,0.0804,1.1781,0.894,0.7585,0.5743,0.4184,0.3783,175.6649,173.0335,8.1463,2.6264
10.933,328,,1.1648,1.6643,0.0192,6.4686,1.6452,0.2543,1.6349,1.4518,0.8779,0.4601,0.0804,1.178,0.8936,0.757,0.5739,0.4178,0.3797,175.6589,172.9586,8.1126,2.6195
10.967,329,,1.1652,1.6643,0.0195,6.4672,1.6448,0.2543,1.6344,1.4522,0.8783,0.461,0.0804,1.179,0.894,0.7561,0.5739,0.4173,0.3806,175.5563,172.8473,8.0937,2.61
11.0,330,,1.1655,1.664,0.0199,6.4625,1.6442,0.2544,1.634,1.4523,0.8787,0.4617,0.0805,1.1796,0.894,0.7553,0.5736,0.417,0.3812,175.444,172.8438,8.1476,2.5997
11.033,331,,1.1659,1.6632,0.0203,6.4508,1.6429,0.2547,1.6336,1.4522,0.8796,0.4626,0.0805,1.1796,0.8942,0.754,0.5726,0.4169,0.3821,175.3509,172.8175,8.1837,2.5876
11.067,332,,1.1658,1.6621,0.0198,6.4388,1.6423,0.2551,1.6329,1.452,0.8797,0.4623,0.0804,1.1793,0.8941,0.7533,0.5723,0.4173,0.3819,175.4871,172.9906,8.3871,2.5805
11.1,333,,1.1665,1.6613,0.0202,6.4288,1.6411,0.2553,1.6323,1.4526,0.8804,0.4639,0.0805,1.1797,0.8943,0.752,0.5722,0.4165,0.3834,175.4156,172.9886,8.474,2.5666
11.133,334,,1.1675,1.6607,0.0207,6.4194,1.64,0.2555,1.6318,1.4532,0.8817,0.4657,0.0805,1.1801,0.8948,0.7501,0.5715,0.416,0.3852,175.3772,173.0829,8.6009,2.5519
11.167,335,,1.1671,1.6597,0.0204,6.4088,1.6393,0.2558,1.6309,1.4527,0.8815,0.4654,0.0805,1.1792,0.8938,0.7494,0.5712,0.4161,0.3849,175.5041,173.3047,8.81,2.5417
11.2,336,,1.1686,1.6565,0.0216,6.3695,1.6349,0.2567,1.629,1.4544,0.8827,0.4679,0.0805,1.1792,0.8937,0.7463,0.5716,0.4149,0.3874,175.6441,173.2193,8.8404,2.5222
11.233,337,,1.17,1.6553,0.0231,6.3497,1.6322,0.2571,1.628,1.4561,0.8839,0.4698,0.0806,1.1796,0.8936,0.7441,0.5723,0.4141,0.3892,175.8459,172.9716,8.7698,2.5019
11.267,338,,1.1707,1.6543,0.0239,6.3352,1.6304,0.2574,1.6266,1.4572,0.8841,0.471,0.0806,1.179,0.8932,0.7424,0.5731,0.4132,0.3904,175.959,172.7954,8.6757,2.4826
11.3,339,,1.1714,1.6519,0.0245,6.3051,1.6274,0.2581,1.624,1.4578,0.8849,0.4728,0.0806,1.1779,0.8916,0.7391,0.5729,0.4121,0.3922,176.1255,172.5791,8.5739,2.4592
11.333,340,,1.1685,1.6507,0.0238,6.2961,1.627,0.2584,1.6214,1.4545,0.8826,0.4707,0.0806,1.1754,0.8898,0.7388,0.5719,0.4119,0.3901,176.0202,172.62,8.6449,2.4406
11.367,341,,1.1677,1.6482,0.0242,6.2653,1.624,0.2592,1.618,1.4535,0.882,0.4712,0.0807,1.1736,0.8872,0.736,0.5715,0.4108,0.3905,174.8358,172.6359,8.4756,2.4156
11.4,342,,1.1631,1.6467,0.0232,6.2509,1.6235,0.2597,1.6146,1.4476,0.8786,0.4685,0.0806,1.1694,0.8837,0.736,0.569,0.4101,0.3879,173.1363,172.728,8.3843,2.3927
11.433,343,,1.1562,1.6439,0.0221,6.2207,1.6218,0.2607,1.6097,1.442,0.8704,0.4596,0.0805,1.1648,0.8806,0.7394,0.5716,0.4108,0.379,170.8049,173.1298,8.3613,2.3708
11.467,344,,1.1471,1.6402,0.0213,6.181,1.6189,0.2619,1.6042,1.4338,0.8603,0.4494,0.0805,1.1582,0.8755,0.7439,0.5734,0.4109,0.3689,167.7253,173.7394,8.2785,2.3463
11.5,345,,1.1385,1.6334,0.0204,6.1061,1.613,0.2642,1.5966,1.4252,0.8517,0.4417,0.0805,1.1495,0.8697,0.7449,0.5735,0.41,0.3612,164.3123,174.4249,8.118,2.3218
11.533,346,,1.1268,1.6239,0.0195,6.0053,1.6044,0.2672,1.5837,1.4133,0.8402,0.4313,0.0805,1.1395,0.8621,0.7434,0.5731,0.4089,0.3508,160.6476,175.0273,7.8217,2.2984
11.567,347,,1.112,1.6077,0.0173,5.844,1.5903,0.2721,1.5656,1.3983,0.8256,0.4173,0.0804,1.1298,0.8533,0.74,0.5727,0.4083,0.3368,154.095,174.1841,8.1931,2.2736
11.6,348,,1.0979,1.584,0.0123,5.618,1.5717,0.2798,1.5414,1.3801,0.8157,0.4106,0.08,1.1185,0.839,0.7257,0.5644,0.4051,0.3306,144.6762,171.1278,9.1717,2.2756
11.633,349,,1.0741,1.5423,0.0064,5.2447,1.5359,0.2928,1.5041,1.3499,0.7983,0.3978,0.0797,1.1039,0.8244,0.7058,0.5516,0.4005,0.3181,138.5745,168.7221,10.4985,2.2134
11.667,350,,1.0471,1.4935,-0.0081,4.8356,1.5016,0.3105,1.4597,1.311,0.7831,0.3755,0.0789,1.0902,0.8084,0.6767,0.528,0.4075,0.2967,136.4171,166.5215,11.903,2.0409
11.7,351,,0.9986,1.433,-0.0421,4.4104,1.4751,0.3345,1.4068,1.2594,0.7377,0.3256,0.0758,1.0695,0.7812,0.6691,0.5218,0.4121,0.2498,132.001,163.0862,13.7265,1.8548
11.733,352,,0.9423,1.3664,-0.0723,3.9781,1.4387,0.3617,1.343,1.1889,0.6957,0.2698,0.0723,1.0303,0.7442,0.6473,0.4932,0.4259,0.1975,124.0772,157.8307,16.3984,1.656
11.767,353,,0.8965,1.2935,-0.0836,3.5541,1.3771,0.3875,1.2706,1.1265,0.6666,0.2339,0.0708,0.9777,0.6887,0.6041,0.4599,0.4326,0.1632,118.2152,151.3897,20.5802,1.4239
11.8,354,,0.8408,1.2068,-0.0937,3.1253,1.3005,0.4161,1.1883,1.0426,0.639,0.2094,0.0695,0.8935,0.6184,0.5492,0.4036,0.4296,0.1399,111.2846,142.314,26.3236,1.1999
11.833,355,,0.7701,1.1193,-0.0943,2.7417,1.2136,0.4426,1.0948,0.9507,0.5895,0.1786,0.0693,0.7849,0.5424,0.5053,0.3612,0.4109,0.1092,104.7117,132.8736,32.3816,1.0208
11.867,356,,0.7108,1.0333,-0.0925,2.3994,1.1258,0.4692,0.9878,0.8696,0.552,0.1582,0.0696,0.6906,0.4672,0.4358,0.3176,0.3938,0.0887,98.9068,122.5572,39.5475,0.893
11.9,357,,0.6569,0.9565,-0.0863,2.1159,1.0428,0.4928,0.8996,0.7914,0.5224,0.1517,0.0702,0.6147,0.3914,0.3772,0.269,0.3707,0.0815,96.0217,111.9535,49.0008,0.7903
11.933,358,,0.6099,0.8815,-0.0703,1.8459,0.9518,0.5156,0.8182,0.724,0.4958,0.1547,0.072,0.5587,0.3327,0.3225,0.2282,0.3411,0.0827,94.9749,103.1545,56.4768,0.7235
11.967,359,,0.5653,0.7897,-0.0555,1.5728,0.8452,0.5374,0.7225,0.6582,0.4723,0.1408,0.0735,0.4955,0.2641,0.2502,0.1859,0.3315,0.0673,91.7068,94.3328,64.7918,0.693
12.0,360,on_ground,0.5157,0.7112,-0.0511,1.5388,0.7622,0.4953,0.6365,0.6045,0.4269,0.1067,0.0742,0.4396,0.1889,0.2096,0.1776,0.3203,0.0325,85.9165,92.265,67.1882,0.6953
12.033,361,on_ground,0.5085,0.6538,-0.0562,1.4948,0.7099,0.4749,0.5784,0.5799,0.4371,0.0905,0.077,0.4155,0.157,0.1413,0.1428,0.3465,0.0136,86.3621,90.293,73.4761,0.7036
12.067,362,on_ground,0.4986,0.6195,-0.0636,1.4047,0.6831,0.4863,0.5149,0.5563,0.4408,0.0497,0.0789,0.3802,0.1211,0.074,0.1154,0.3912,-0.0292,84.7016,89.8554,78.9904,0.6969
12.1,363,on_ground,0.4937,0.5925,-0.0574,1.3204,0.6498,0.4922,0.4707,0.5427,0.4448,0.0249,0.0802,0.3649,0.0853,0.0259,0.0979,0.4199,-0.0554,82.8334,92.8095,82.2725,0.6894
12.133,364,on_ground,0.4624,0.5434,-0.1728,1.2192,0.7162,0.5874,0.3943,0.5044,0.4204,-0.0443,0.0819,0.3047,-0.0031,-0.0261,0.084,0.4647,-0.1262,56.5149,99.8932,85.0875,0.708
12.167,365,on_ground,0.4643,0.5435,-0.1987,1.1883,0.7422,0.6246,0.3675,0.5082,0.4204,-0.0441,0.0806,0.2732,-0.056,-0.0529,0.0877,0.4646,-0.1247,53.5646,108.6918,84.4974,0.7346
12.2,366,on_ground,0.3714,0.4341,-0.3397,1.2191,0.7738,0.6348,0.2448,0.4021,0.3407,-0.1515,0.0709,0.1186,-0.2397,-0.0958,0.0614,0.4921,-0.2223,37.3892,110.7964,89.775,0.7911
12.233,367,on_ground,0.4089,0.4918,-0.2679,1.1527,0.7597,0.6591,0.3252,0.4619,0.3558,-0.0835,0.0757,0.1577,-0.2041,-0.0306,0.1061,0.4393,-0.1591,47.6758,125.0955,80.2617,0.8375
12.267,368,on_ground,0.4016,0.5049,-0.3079,1.1813,0.8128,0.688,0.3368,0.4795,0.3236,-0.0045,0.0762,0.1527,-0.2135,0.0131,0.1559,0.3281,-0.0807,75.8188,145.0496,71.7529,0.8791
12.3,369,on_ground,0.4143,0.5237,-0.3122,1.2047,0.8359,0.6939,0.4102,0.4996,0.3291,0.0742,0.0786,0.1583,-0.1967,0.0811,0.1706,0.2549,-0.0045,118.4258,157.8961,68.0883,0.8485
12.333,370,on_ground,0.4522,0.5791,-0.2669,1.2233,0.846,0.6915,0.472,0.5475,0.3568,0.1572,0.0803,0.1969,-0.1435,0.1152,0.1907,0.1996,0.077,120.7214,159.0365,62.1488,0.8495
12.367,371,on_ground,0.4577,0.5711,-0.2489,1.1666,0.8201,0.703,0.4768,0.5663,0.3492,0.1946,0.0806,0.2111,-0.1199,0.1276,0.2171,0.1546,0.114,127.087,156.5532,56.3191,0.857
12.4,372,on_ground,0.4522,0.5668,-0.2482,1.1549,0.815,0.7057,0.4868,0.5651,0.3393,0.2311,0.0814,0.2077,-0.115,0.1474,0.2258,0.1082,0.1497,132.35,154.4523,52.9782,0.8583
12.433,373,on_ground,0.4413,0.5627,-0.2473,1.1451,0.81,0.7073,0.4935,0.5624,0.3201,0.2425,0.0815,0.2073,-0.1114,0.1734,0.2423,0.0777,0.161,130.9436,151.7602,48.7697,0.8652
12.467,374,on_ground,0.4343,0.6185,-0.2466,1.2453,0.8651,0.6947,0.524,0.558,0.3105,0.2501,0.0816,0.2071,-0.1076,0.2135,0.2475,0.0604,0.1686,129.5923,146.936,46.5156,0.9066
12.5,375,on_ground,0.4275,0.6149,-0.2528,1.2448,0.8677,0.6971,0.5244,0.5489,0.3061,0.2525,0.0816,0.2043,-0.1102,0.2183,0.2428,0.0536,0.171,129.4786,144.5458,45.713,0.9182
12.533,376,on_ground,0.4145,0.615,-0.2535,1.2448,0.8685,0.6977,0.5276,0.5378,0.2913,0.2565,0.0817,0.2033,-0.1084,0.2363,0.2465,0.0347,0.1749,130.461,139.5112,45.1692,0.9234
12.567,377,on_ground,0.4078,0.6143,-0.2556,1.2443,0.8699,0.6991,0.5306,0.5261,0.2895,0.2655,0.082,0.2047,-0.1073,0.2411,0.2366,0.024,0.1835,134.9789,137.27,46.2405,0.9252
12.6,378,on_ground,0.4038,0.5436,-0.2622,1.1077,0.8057,0.7274,0.5096,0.5165,0.2912,0.2743,0.0825,0.201,-0.1115,0.2184,0.2253,0.0169,0.1918,134.0044,136.2766,47.7613,0.8398
12.633,379,on_ground,0.4004,0.5433,-0.2646,1.112,0.8079,0.7266,0.5072,0.5082,0.2927,0.277,0.0827,0.1981,-0.1142,0.2145,0.2155,0.0157,0.1943,133.0366,137.2668,49.5517,0.8417
12.667,380,on_ground,0.4013,0.534,-0.2678,1.1011,0.8017,0.7281,0.4977,0.5026,0.2999,0.282,0.0838,0.1918,-0.1201,0.1977,0.2027,0.018,0.1981,134.8009,141.038,50.8707,0.8329
12.7,381,on_ground,0.397,0.5276,-0.2698,1.0952,0.7974,0.7281,0.4899,0.4951,0.2989,0.283,0.0835,0.1848,-0.1249,0.191,0.1962,0.0159,0.1996,131.9939,137.15,51.5923,0.8231
12.733,382,on_ground,0.3909,0.5228,-0.2761,1.0965,0.7989,0.7286,0.4839,0.4831,0.2986,0.2877,0.0832,0.1752,-0.1325,0.1853,0.1845,0.011,0.2045,128.2516,134.3912,53.5599,0.8186
12.767,383,on_ground,0.3795,0.5123,-0.2919,1.0976,0.8042,0.7327,0.4724,0.4691,0.29,0.2841,0.0832,0.1637,-0.1471,0.1824,0.1792,0.0059,0.2009,128.3756,133.4397,55.1238,0.8133
12.8,384,on_ground,0.373,0.502,-0.306,1.0968,0.808,0.7367,0.4623,0.4576,0.2885,0.2823,0.0831,0.1528,-0.1596,0.1738,0.169,0.0062,0.1992,128.3492,135.6703,58.0079,0.8063
12.833,385,on_ground,0.369,0.4936,-0.3165,1.0947,0.8101,0.74,0.4543,0.4522,0.2858,0.2829,0.0833,0.1474,-0.1688,0.1684,0.1664,0.0029,0.1997,128.3846,133.5082,57.8406,0.7982
12.867,386,on_ground,0.3563,0.4809,-0.3392,1.0992,0.8202,0.7461,0.4428,0.4411,0.2714,0.2784,0.0831,0.1356,-0.1875,0.1713,0.1697,-0.007,0.1954,126.4755,127.179,56.1116,0.7951
12.9,387,on_ground,0.3529,0.482,-0.3436,1.1069,0.8256,0.7458,0.4445,0.4401,0.2657,0.2789,0.0828,0.1343,-0.1913,0.1787,0.1744,-0.0131,0.1961,125.4943,123.9621,55.0462,0.7927
12.933,388,on_ground,0.3491,0.4969,-0.3387,1.1264,0.8356,0.7418,0.4604,0.4467,0.2514,0.2799,0.0821,0.1439,-0.1841,0.209,0.1953,-0.0285,0.1978,123.0085,118.7764,53.0105,0.7999
12.967,389,on_ground,0.3453,0.5094,-0.336,1.1451,0.8454,0.7383,0.4739,0.4529,0.2376,0.2833,0.0819,0.149,-0.1803,0.2363,0.2153,-0.0457,0.2015,119.6225,111.9961,49.9176,0.8078
13.0,390,on_ground,0.3416,0.5295,-0.3304,1.1741,0.8599,0.7324,0.4959,0.4595,0.2237,0.2878,0.0814,0.1576,-0.1726,0.2721,0.2358,-0.064,0.2064,116.0619,107.0563,47.9659,0.8225
13.033,391,on_ground,0.3411,0.5454,-0.3273,1.1988,0.8726,0.7279,0.5131,0.4652,0.2169,0.2921,0.0812,0.1645,-0.1676,0.2961,0.2483,-0.0752,0.2109,113.7955,104.6884,47.2381,0.8351
13.067,392,on_ground,0.3442,0.5623,-0.3171,1.2177,0.8794,0.7222,0.5312,0.4752,0.2133,0.2955,0.081,0.1741,-0.1569,0.3179,0.2619,-0.0822,0.2145,112.5656,103.4392,46.3386,0.8455
13.1,393,on_ground,0.35,0.5774,-0.3062,1.2324,0.8835,0.7169,0.5481,0.4854,0.2145,0.3067,0.081,0.1842,-0.1458,0.3336,0.2709,-0.0922,0.2257,109.2419,101.1471,45.4874,0.8522
13.133,394,on_ground,0.3684,0.5971,-0.2851,1.2432,0.8821,0.7096,0.5694,0.5046,0.2322,0.3227,0.0809,0.2028,-0.1253,0.3372,0.2724,-0.0905,0.2418,106.9026,102.446,45.7266,0.8548
13.167,395,on_ground,0.3802,0.6094,-0.2736,1.2528,0.883,0.7048,0.5824,0.5154,0.2451,0.3381,0.0807,0.2133,-0.114,0.3373,0.2703,-0.093,0.2574,104.4562,102.5089,45.9625,0.8566
13.2,396,on_ground,0.394,0.6231,-0.2562,1.2575,0.8793,0.6993,0.5974,0.5295,0.2585,0.3503,0.0805,0.2275,-0.0977,0.3388,0.271,-0.0917,0.2698,103.0775,102.9284,45.9987,0.8529
13.233,397,on_ground,0.4091,0.6383,-0.2378,1.2636,0.8761,0.6933,0.6123,0.5437,0.2744,0.3524,0.0802,0.243,-0.0801,0.3378,0.2693,-0.078,0.2723,105.5267,105.7142,46.0424,0.849
13.267,398,on_ground,0.4296,0.6607,-0.2079,1.2691,0.8686,0.6844,0.6344,0.5641,0.2951,0.3519,0.0793,0.2669,-0.0521,0.3392,0.2689,-0.0567,0.2725,108.8934,110.341,46.4201,0.8398
13.3,399,on_ground,0.4371,0.672,-0.1935,1.2739,0.8655,0.6794,0.645,0.5723,0.3019,0.3703,0.0795,0.2786,-0.0385,0.3431,0.2704,-0.0684,0.2908,106.5636,107.9979,46.2879,0.8227
13.333,400,on_ground,0.4533,0.6925,-0.1643,1.2777,0.8567,0.6705,0.6639,0.5894,0.3171,0.3816,0.0793,0.2996,-0.013,0.3468,0.2723,-0.0645,0.3023,106.7481,109.016,46.3223,0.8006
13.367,401,on_ground,0.4651,0.7038,-0.1454,1.2769,0.8492,0.665,0.6741,0.5996,0.3306,0.3873,0.0798,0.3125,0.0031,0.3436,0.269,-0.0567,0.3076,108.9751,110.7983,46.3771,0.7795
13.4,402,on_ground,0.4857,0.7247,-0.1131,1.2768,0.8378,0.6562,0.6946,0.6185,0.3528,0.3742,0.0792,0.3374,0.0324,0.3418,0.2658,-0.0215,0.2951,117.5184,117.9636,46.2912,0.7608
13.433,403,on_ground,0.4962,0.733,-0.0975,1.2734,0.8305,0.6522,0.7031,0.6272,0.3652,0.3599,0.0796,0.3492,0.0465,0.3379,0.2619,0.0054,0.2802,125.3412,122.5862,45.9181,0.7446
13.467,404,on_ground,0.4943,0.73,-0.1004,1.2721,0.8304,0.6528,0.7,0.6229,0.3658,0.3541,0.0811,0.3462,0.0437,0.3342,0.2571,0.0116,0.2731,128.7256,123.9978,46.1116,0.7315
13.5,405,on_ground,0.5007,0.7405,-0.0853,1.2744,0.8257,0.6479,0.7099,0.6298,0.3717,0.3533,0.0815,0.3575,0.057,0.3382,0.2581,0.0184,0.2718,129.9356,125.5221,46.3791,0.7211
13.533,406,on_ground,0.4922,0.7334,-0.0951,1.2749,0.8284,0.6498,0.702,0.6201,0.3643,0.3655,0.0816,0.3486,0.0478,0.3377,0.2558,-0.0013,0.2839,126.9615,122.3377,47.0485,0.7125
13.567,407,on_ground,0.4881,0.7313,-0.0974,1.2748,0.8288,0.6501,0.6997,0.6173,0.3589,0.3855,0.0815,0.3475,0.0463,0.3408,0.2584,-0.0266,0.3039,120.49,117.3187,47.1964,0.7047
13.6,408,on_ground,0.4856,0.7267,-0.1011,1.2709,0.8278,0.6513,0.696,0.6144,0.3568,0.3931,0.0824,0.3447,0.0433,0.3392,0.2576,-0.0363,0.3107,118.8118,114.6338,46.7001,0.6978
13.633,409,on_ground,0.4855,0.7248,-0.0981,1.2636,0.8229,0.6512,0.6949,0.6166,0.3544,0.3879,0.0826,0.3467,0.0458,0.3404,0.2621,-0.0334,0.3052,120.8296,114.7795,46.3113,0.6893
13.667,410,on_ground,0.483,0.7273,-0.0905,1.2576,0.8177,0.6502,0.6981,0.6178,0.3482,0.3824,0.0841,0.3555,0.0539,0.3499,0.2695,-0.0341,0.2983,120.7543,113.3446,43.6946,0.6814
13.7,411,on_ground,0.4812,0.7209,-0.092,1.2472,0.8129,0.6518,0.6928,0.6177,0.3448,0.3751,0.0842,0.3536,0.0525,0.348,0.2729,-0.0303,0.2909,123.1579,113.867,43.7885,0.674
13.733,412,on_ground,0.4865,0.7227,-0.0857,1.241,0.8083,0.6514,0.6955,0.6223,0.3507,0.3629,0.0853,0.363,0.0601,0.3448,0.2716,-0.0122,0.2776,128.1947,116.5539,42.3793,0.6678
13.767,413,on_ground,0.4849,0.72,-0.0855,1.2346,0.8055,0.6525,0.6941,0.6229,0.3469,0.3581,0.086,0.3671,0.0618,0.3472,0.2761,-0.0112,0.2721,129.476,116.3315,41.4961,0.6631
13.8,414,on_ground,0.4871,0.7258,-0.0771,1.2341,0.8029,0.6507,0.701,0.6282,0.3461,0.3427,0.0867,0.3759,0.0707,0.3549,0.2821,0.0034,0.256,134.6637,119.1998,40.8332,0.6617
13.833,415,on_ground,0.4886,0.7287,-0.0728,1.2342,0.8015,0.6494,0.7043,0.63,0.3473,0.3439,0.0867,0.3798,0.075,0.357,0.2827,0.0033,0.2572,134.0104,119.1883,40.6595,0.6634
13.867,416,on_ground,0.4844,0.7231,-0.0824,1.236,0.8055,0.6517,0.699,0.6244,0.3444,0.3428,0.0867,0.3733,0.0667,0.3546,0.28,0.0016,0.2561,133.7879,117.7459,39.9844,0.6634
13.9,417,on_ground,0.4809,0.7226,-0.0877,1.2429,0.8104,0.652,0.6987,0.6209,0.341,0.3428,0.0868,0.3701,0.0622,0.3577,0.2799,-0.0019,0.256,133.3803,116.9649,40.0185,0.6656
13.933,418,on_ground,0.4844,0.7259,-0.0865,1.2478,0.8124,0.6511,0.7022,0.6231,0.3457,0.3403,0.0871,0.3713,0.0637,0.3565,0.2774,0.0055,0.2532,135.1828,118.3435,39.9684,0.6684
13.967,419,on_ground,0.488,0.7326,-0.081,1.2535,0.8136,0.649,0.7091,0.6273,0.3486,0.3413,0.0873,0.3759,0.0692,0.3605,0.2788,0.0073,0.2539,135.3328,118.582,39.6514,0.671
14.0,420,on_ground,0.4874,0.7355,-0.0823,1.262,0.8177,0.648,0.7107,0.6273,0.3475,0.3471,0.0874,0.3757,0.0684,0.3633,0.2798,0.0004,0.2597,133.0461,116.8044,39.3017,0.6723
14.033,421,,0.4929,0.7446,-0.0711,1.2659,0.8157,0.6444,0.7196,0.6338,0.3519,0.3488,0.0878,0.3842,0.0782,0.3677,0.2819,0.0032,0.261,132.193,117.3612,39.1427,0.6729
14.067,422,,0.4982,0.7527,-0.0621,1.2697,0.8148,0.6418,0.7276,0.6402,0.3562,0.3402,0.0882,0.3912,0.0868,0.3714,0.2839,0.016,0.252,135.7818,120.182,39.1462,0.6749
14.1,423,,0.499,0.7604,-0.0537,1.2733,0.814,0.6393,0.7351,0.6456,0.3524,0.3331,0.0883,0.3983,0.0952,0.3826,0.2932,0.0194,0.2448,137.8293,121.2811,38.9943,0.6774
14.133,424,,0.4959,0.7598,-0.0578,1.2778,0.8176,0.6399,0.7346,0.6396,0.3521,0.3404,0.0882,0.3943,0.0919,0.3824,0.2875,0.0117,0.2522,134.9271,119.8957,39.136,0.6793
14.167,425,,0.4989,0.7643,-0.0498,1.2758,0.8141,0.6381,0.739,0.644,0.3538,0.3439,0.0881,0.4011,0.0993,0.3852,0.2901,0.01,0.2558,133.6278,119.7583,39.1936,0.6776
14.2,426,,0.4986,0.7642,-0.0487,1.2739,0.8129,0.6381,0.7385,0.6439,0.3533,0.3492,0.0879,0.402,0.0997,0.3852,0.2906,0.0041,0.2612,131.5653,118.5849,39.2854,0.6755
14.233,427,,0.502,0.7666,-0.045,1.2731,0.8116,0.6375,0.7404,0.6449,0.3592,0.351,0.0879,0.4055,0.1034,0.3812,0.2857,0.0081,0.2631,131.5973,120.1038,40.0018,0.6746
14.267,428,,0.4959,0.758,-0.0539,1.2669,0.8119,0.6408,0.7313,0.6385,0.3532,0.3696,0.0866,0.3988,0.0959,0.3781,0.2853,-0.0163,0.2829,124.7986,114.7616,40.2525,0.6717
14.3,429,,0.493,0.7474,-0.0613,1.2536,0.8087,0.6451,0.7205,0.6343,0.3516,0.3757,0.0857,0.3941,0.0897,0.3689,0.2827,-0.0241,0.29,123.4252,113.6059,41.0295,0.6659
14.333,430,,0.4921,0.7411,-0.0641,1.2432,0.8051,0.6477,0.713,0.6339,0.3503,0.3836,0.0844,0.3933,0.0876,0.3627,0.2836,-0.0333,0.2992,121.5,111.9219,41.5583,0.6609
14.367,431,,0.4982,0.7178,-0.073,1.2223,0.7908,0.647,0.6898,0.6353,0.3611,0.4058,0.0815,0.3899,0.0815,0.3287,0.2742,-0.0447,0.3243,119.0202,111.0,43.3221,0.6431
14.4,432,,0.4972,0.6726,-0.0951,1.2256,0.7678,0.6265,0.6463,0.6252,0.3692,0.3944,0.0812,0.3705,0.0602,0.2771,0.256,-0.0252,0.3132,125.1585,117.177,46.7555,0.6145
14.433,433,,0.4931,0.6377,-0.114,1.2387,0.7517,0.6068,0.6119,0.6168,0.3694,0.3698,0.0819,0.353,0.0406,0.2426,0.2475,-0.0004,0.2879,131.2428,123.4044,48.8244,0.5941
14.467,434,,0.4806,0.6256,-0.1398,1.2447,0.7654,0.6149,0.5778,0.601,0.3603,0.356,0.0815,0.3303,0.0162,0.2175,0.2407,0.0043,0.2744,134.9445,126.1901,50.9928,0.5774
14.5,435,,0.4657,0.6444,-0.1592,1.246,0.8035,0.6449,0.5728,0.5889,0.3425,0.34,0.0817,0.3133,-0.0025,0.2302,0.2464,0.0026,0.2583,136.675,125.9739,51.0516,0.627
14.533,436,,0.4641,0.6214,-0.1541,1.2495,0.7755,0.6206,0.5562,0.5922,0.336,0.335,0.0816,0.3164,0.0013,0.2202,0.2561,0.001,0.2534,136.7135,125.407,50.7284,0.5733
14.567,437,,0.4695,0.631,-0.1395,1.2575,0.7704,0.6127,0.5665,0.602,0.337,0.3358,0.0818,0.328,0.0142,0.2295,0.265,0.0013,0.254,136.5792,124.9886,50.1624,0.5709
14.6,438,,0.4767,0.644,-0.1191,1.2645,0.7631,0.6035,0.5817,0.6163,0.337,0.3275,0.0823,0.3444,0.033,0.2447,0.2793,0.0095,0.2452,138.7167,126.8527,49.6151,0.5695
14.633,439,,0.4761,0.6459,-0.1148,1.2648,0.7607,0.6014,0.5852,0.6191,0.333,0.319,0.083,0.3472,0.0367,0.2522,0.2861,0.014,0.236,140.7362,128.623,49.6915,0.5691
14.667,440,,0.4664,0.6409,-0.1247,1.264,0.7657,0.6057,0.5782,0.6146,0.3181,0.3098,0.0838,0.3394,0.0275,0.2601,0.2964,0.0084,0.226,141.3517,128.5479,49.8163,0.5717
14.7,441,,0.4662,0.6388,-0.1307,1.2547,0.7695,0.6133,0.5744,0.6128,0.3195,0.3002,0.0843,0.334,0.0217,0.2549,0.2933,0.0193,0.2159,142.2,131.6294,49.9349,0.5805
14.733,442,,0.4632,0.6316,-0.1432,1.2324,0.7748,0.6287,0.5656,0.6056,0.3209,0.31,0.084,0.3229,0.0096,0.2448,0.2847,0.0109,0.226,139.0065,131.0732,50.1857,0.5956
14.767,443,,0.4563,0.611,-0.1733,1.1885,0.7843,0.6599,0.5447,0.5856,0.327,0.3192,0.083,0.2971,-0.0196,0.2177,0.2586,0.0078,0.2362,137.2863,132.8591,51.8345,0.6331
14.8,444,,0.4471,0.5877,-0.2123,1.1462,0.8,0.698,0.5119,0.5618,0.3325,0.334,0.0833,0.2639,-0.0584,0.1794,0.2293,-0.0015,0.2507,134.0646,136.1119,54.4804,0.688
14.833,445,,0.4386,0.5889,-0.2371,1.1676,0.8259,0.7074,0.5066,0.5458,0.3315,0.3466,0.0838,0.2396,-0.0849,0.1751,0.2143,-0.0152,0.2628,125.845,139.9012,56.104,0.736
14.867,446,,0.4404,0.5765,-0.2439,1.1535,0.8204,0.7113,0.4944,0.5409,0.3399,0.3639,0.0854,0.2289,-0.0951,0.1545,0.201,-0.024,0.2785,115.9153,135.6605,57.052,0.7825
14.9,447,,0.4375,0.5573,-0.2478,1.1414,0.805,0.7053,0.4691,0.5321,0.3428,0.3874,0.088,0.2203,-0.1022,0.1262,0.1892,-0.0446,0.2994,110.0896,123.2187,57.219,0.8082
14.933,448,,0.4388,0.5561,-0.2443,1.1313,0.8005,0.7075,0.4692,0.5306,0.347,0.3882,0.0875,0.2202,-0.0998,0.1222,0.1836,-0.0412,0.3007,109.7066,122.348,56.8726,0.8172
14.967,449,,0.4419,0.5515,-0.2458,1.1176,0.7972,0.7133,0.464,0.5255,0.3583,0.3866,0.0881,0.2153,-0.1026,0.1057,0.1671,-0.0282,0.2985,108.2879,119.6068,58.5917,0.8188
15.0,450,,0.4397,0.547,-0.2457,1.1085,0.7927,0.7151,0.4607,0.5203,0.3591,0.3885,0.0889,0.2115,-0.1038,0.1016,0.1612,-0.0294,0.2996,101.6428,111.672,58.4122,0.8212
15.033,451,,0.439,0.5439,-0.2436,1.1005,0.7875,0.7156,0.4605,0.5164,0.3617,0.3865,0.0886,0.2108,-0.1021,0.0987,0.1546,-0.0248,0.2979,108.0798,117.7649,58.6995,0.8209
15.067,452,,0.4411,0.5438,-0.2399,1.0936,0.7837,0.7166,0.4634,0.5146,0.3676,0.3891,0.0886,0.211,-0.0991,0.0958,0.1469,-0.0215,0.3006,113.1981,122.1561,59.5067,0.8173
15.1,453,,0.4485,0.5497,-0.2222,1.0926,0.772,0.7066,0.4775,0.5226,0.3745,0.396,0.0882,0.2241,-0.0817,0.103,0.1482,-0.0215,0.3078,117.3859,126.0108,57.7173,0.822
15.133,454,,0.449,0.5505,-0.2224,1.0858,0.7729,0.7118,0.4788,0.523,0.3751,0.3951,0.0879,0.2231,-0.0815,0.1036,0.1478,-0.0199,0.3072,120.161,128.7176,57.7396,0.8193
15.167,455,,0.4485,0.5486,-0.2241,1.0793,0.7727,0.7159,0.4788,0.5215,0.3755,0.3971,0.0884,0.2201,-0.0831,0.1033,0.1461,-0.0216,0.3087,116.1625,123.7621,58.0843,0.8165
15.2,456,,0.4394,0.5367,-0.2316,1.071,0.7682,0.7173,0.478,0.5113,0.3675,0.3999,0.0894,0.2136,-0.0902,0.1106,0.1438,-0.0325,0.3105,108.6126,114.0379,58.3936,0.8115
15.233,457,,0.4338,0.529,-0.233,1.0629,0.762,0.7169,0.4786,0.5066,0.3611,0.4005,0.0897,0.2119,-0.0913,0.1176,0.1456,-0.0394,0.3108,104.0577,107.6286,58.3897,0.8062
15.267,458,,0.4261,0.5181,-0.2396,1.0519,0.7577,0.7203,0.4758,0.4981,0.3541,0.3974,0.0899,0.2061,-0.097,0.1217,0.144,-0.0433,0.3075,99.7172,101.7845,58.4496,0.7999
15.3,459,,0.423,0.5136,-0.2438,1.04,0.7574,0.7283,0.471,0.4964,0.3497,0.3901,0.0901,0.2015,-0.1005,0.1214,0.1467,-0.0404,0.3,100.042,101.7905,58.1757,0.7936
15.333,460,,0.4237,0.5153,-0.2446,1.0333,0.7599,0.7354,0.465,0.499,0.3484,0.3801,0.0893,0.2003,-0.1006,0.1166,0.1505,-0.0317,0.2908,117.5034,121.0488,57.9752,0.7861
15.367,461,,0.429,0.522,-0.2399,1.0379,0.7619,0.734,0.4639,0.506,0.3519,0.3732,0.0877,0.204,-0.0953,0.112,0.1541,-0.0212,0.2855,127.8634,143.7074,57.798,0.7779
15.4,462,,0.433,0.5261,-0.2369,1.0402,0.763,0.7335,0.4627,0.5112,0.3548,0.3643,0.0867,0.2065,-0.0915,0.1079,0.1565,-0.0095,0.2777,126.0841,142.139,57.4676,0.7699
15.433,463,,0.4369,0.5327,-0.235,1.0491,0.7677,0.7317,0.459,0.5167,0.3571,0.3565,0.0859,0.2095,-0.0893,0.1019,0.1596,0.0006,0.2707,127.8492,141.957,56.7941,0.7655
15.467,464,,0.4393,0.5374,-0.2373,1.0598,0.7747,0.731,0.454,0.5207,0.3579,0.3504,0.085,0.2089,-0.0903,0.0961,0.1628,0.0075,0.2653,127.6921,140.7022,56.3088,0.7702
15.5,465,,0.4403,0.5597,-0.2459,1.1183,0.8056,0.7204,0.4706,0.5205,0.3601,0.3459,0.0848,0.2048,-0.0968,0.1104,0.1604,0.0143,0.2611,129.2514,142.3597,56.8629,0.8057
15.533,466,,0.4447,0.5596,-0.2558,1.1277,0.8155,0.7231,0.4691,0.5235,0.366,0.3399,0.0849,0.2026,-0.1033,0.1031,0.1575,0.0261,0.255,134.5106,147.4282,57.4265,0.8061
15.567,467,,0.4505,0.5645,-0.2579,1.1364,0.8224,0.7237,0.4749,0.5303,0.3707,0.3421,0.085,0.2078,-0.1028,0.1041,0.1596,0.0286,0.2571,133.1317,148.1967,57.4191,0.8056
15.6,468,,0.4533,0.5693,-0.2647,1.1515,0.834,0.7243,0.4785,0.5342,0.3723,0.3417,0.0845,0.2108,-0.1056,0.1062,0.1619,0.0306,0.2572,129.7232,148.5881,58.4139,0.8072
15.633,469,,0.4474,0.565,-0.2809,1.1632,0.8458,0.7271,0.4728,0.5284,0.3665,0.3346,0.0839,0.2022,-0.1184,0.1063,0.1619,0.0318,0.2507,128.1689,149.7667,60.08,0.8025
15.667,470,,0.4533,0.5598,-0.2941,1.17,0.854,0.7299,0.466,0.5268,0.3798,0.3268,0.0828,0.1958,-0.1287,0.0862,0.147,0.053,0.244,129.9204,158.1752,65.2768,0.7981
15.7,471,,0.4664,0.558,-0.2921,1.1657,0.8501,0.7293,0.4618,0.5313,0.4014,0.3262,0.0827,0.1977,-0.1281,0.0604,0.1299,0.0752,0.2435,134.0435,163.5559,71.5044,0.7854
15.733,472,,0.4847,0.5672,-0.2747,1.165,0.8419,0.7226,0.4672,0.5461,0.4233,0.3277,0.0826,0.2135,-0.1153,0.0439,0.1228,0.0956,0.2451,137.5781,166.1825,75.8981,0.7834
15.767,473,,0.505,0.5783,-0.2465,1.1592,0.8247,0.7115,0.4725,0.5629,0.447,0.3271,0.0825,0.2336,-0.0965,0.0255,0.1159,0.1199,0.2446,138.5647,166.7576,79.6675,0.7772
15.8,474,,0.5268,0.5931,-0.2156,1.1613,0.8087,0.6964,0.4787,0.5836,0.4701,0.3195,0.0827,0.2561,-0.0749,0.0086,0.1135,0.1506,0.2368,131.8683,157.2059,81.1867,0.7719
15.833,475,,0.5367,0.6006,-0.1952,1.1614,0.7958,0.6852,0.4762,0.5907,0.4827,0.3039,0.0827,0.2742,-0.0638,-0.0065,0.1079,0.1789,0.2212,125.1337,146.4958,83.6619,0.7615
15.867,476,,0.5576,0.5947,-0.1861,1.1501,0.7808,0.6789,0.4563,0.5817,0.5336,0.2746,0.0827,0.2719,-0.0682,-0.0772,0.0481,0.259,0.1919,121.4303,125.1754,94.5257,0.7813
15.9,477,,0.5682,0.6178,-0.1828,1.2319,0.8006,0.6499,0.4327,0.5671,0.5692,0.2571,0.0822,0.2612,-0.0787,-0.1365,-0.0021,0.3121,0.1749,120.8097,110.4255,103.0282,0.8305
15.933,478,,0.573,0.6428,-0.1582,1.3174,0.801,0.608,0.41,0.5522,0.5938,0.2094,0.0815,0.2575,-0.0771,-0.1838,-0.0416,0.3844,0.1279,109.0134,98.3657,109.1992,0.8787
15.967,479,,0.5227,0.6059,-0.1926,1.3657,0.7985,0.5847,0.3045,0.4909,0.5545,0.1031,0.0812,0.2037,-0.1356,-0.2501,-0.0636,0.4515,0.0218,98.8512,91.8458,112.2993,0.9107
16.0,480,,0.4272,0.5355,-0.3154,1.4366,0.8509,0.5923,0.1791,0.3786,0.4758,-0.025,0.0794,0.0941,-0.2694,-0.2967,-0.0973,0.5009,-0.1044,102.2641,85.0054,116.4869,0.9504
16.033,481,,0.3772,0.5038,-0.3343,1.4902,0.8382,0.5624,0.1099,0.3166,0.4378,-0.0726,0.0808,0.0369,-0.3174,-0.3278,-0.1212,0.5103,-0.1533,91.4528,80.9398,118.8091,0.9836
16.067,482,,0.4252,0.5524,-0.2501,1.5361,0.8025,0.5224,0.1493,0.3539,0.4964,0.0459,0.0798,0.0912,-0.2407,-0.3471,-0.1425,0.4505,-0.0339,119.5119,83.77,120.8246,0.9667
16.1,483,,0.4229,0.5549,-0.2472,1.5421,0.8021,0.5201,0.1419,0.3492,0.4966,0.0927,0.0782,0.1024,-0.2117,-0.3547,-0.1474,0.4039,0.0146,123.0881,81.5214,121.4924,0.9317
16.133,484,,0.4401,0.5814,-0.2342,1.5877,0.8156,0.5137,0.182,0.354,0.5263,0.1405,0.0759,0.1199,-0.1764,-0.3443,-0.1723,0.3858,0.0645,123.4473,75.7791,124.3945,0.9201
16.167,485,,0.4343,0.5901,-0.2383,1.621,0.8285,0.5111,0.1702,0.3328,0.5359,0.1769,0.0724,0.1255,-0.1566,-0.3657,-0.2031,0.359,0.1045,120.6938,70.2745,127.9935,0.9065
16.2,486,,0.4059,0.5658,-0.257,1.6181,0.8228,0.5085,0.1459,0.2976,0.5141,0.2094,0.0705,0.1179,-0.1571,-0.3682,-0.2164,0.3047,0.1389,122.6173,70.9483,128.3736,0.8804
16.233,487,,0.4236,0.5809,-0.2365,1.6338,0.8173,0.5003,0.1317,0.3044,0.5429,0.2636,0.074,0.1509,-0.1148,-0.4112,-0.2385,0.2793,0.1896,139.7583,77.4387,130.6604,0.8726
16.267,488,,0.4371,0.5936,-0.2245,1.6573,0.8181,0.4936,0.1475,0.3135,0.5608,0.3016,0.0772,0.1722,-0.0875,-0.4133,-0.2472,0.2591,0.2244,155.9558,85.2435,131.2676,0.8651
16.3,489,,0.4575,0.6145,-0.2192,1.7013,0.8337,0.49,0.1906,0.3272,0.5878,0.2863,0.0758,0.1895,-0.0661,-0.3973,-0.2606,0.3015,0.2105,147.8221,76.8614,132.9988,0.8609
16.333,490,,0.4739,0.6267,-0.1991,1.7048,0.8259,0.4844,0.1784,0.3448,0.6031,0.2836,0.0735,0.2181,-0.0308,-0.4247,-0.2583,0.3195,0.2101,141.0082,72.9489,133.9667,0.8407
16.367,491,,0.4839,0.6304,-0.1856,1.6933,0.816,0.4819,0.1882,0.3585,0.6093,0.2668,0.0706,0.2396,-0.0031,-0.4211,-0.2507,0.3425,0.1962,132.3789,69.9158,134.2559,0.8237
16.4,492,,0.5076,0.6406,-0.1735,1.7078,0.8142,0.4767,0.2118,0.3904,0.6248,0.2605,0.0642,0.2729,0.0198,-0.413,-0.2344,0.3643,0.1963,124.5085,67.6105,131.1519,0.8261
16.433,493,,0.5327,0.6397,-0.1989,1.6553,0.8385,0.5066,0.2853,0.4377,0.6278,0.2435,0.0542,0.3198,0.0521,-0.3424,-0.1901,0.3843,0.1893,112.9277,69.7337,126.929,0.8116
16.467,494,,0.5877,0.6609,-0.2079,1.5923,0.8688,0.5456,0.3754,0.5222,0.6531,0.2593,0.0527,0.3938,0.1138,-0.2777,-0.1309,0.3938,0.2066,120.233,73.6648,119.9388,0.8054
16.5,495,,0.6235,0.6728,-0.2197,1.5172,0.8925,0.5882,0.4391,0.5816,0.6653,0.2689,0.0506,0.4511,0.1622,-0.2262,-0.0836,0.3963,0.2183,122.5421,76.0536,112.9836,0.7988
16.533,496,,0.6507,0.6898,-0.2212,1.5168,0.911,0.6006,0.4841,0.6193,0.6821,0.2755,0.0504,0.4868,0.1965,-0.198,-0.0628,0.4067,0.2251,123.3527,77.2941,109.6362,0.8448
16.567,497,,0.69,0.7472,-0.2227,1.6576,0.9698,0.5851,0.579,0.6848,0.6951,0.2802,0.0501,0.5372,0.2325,-0.1161,-0.0103,0.4149,0.2301,124.208,85.4164,99.8878,0.938
16.6,498,,0.725,0.7947,-0.2108,1.7604,1.0055,0.5712,0.6196,0.7458,0.7042,0.2917,0.0522,0.5916,0.2832,-0.0846,0.0416,0.4125,0.2395,128.7871,96.0282,88.9472,1.0045
16.633,499,,0.7652,0.8703,-0.1999,1.959,1.0702,0.5463,0.683,0.8223,0.7081,0.302,0.0541,0.6374,0.3286,-0.0251,0.1141,0.4061,0.248,133.3504,111.7118,73.4009,1.096
16.667,500,,0.7971,0.9302,-0.1892,2.1256,1.1194,0.5266,0.7447,0.8779,0.7163,0.3173,0.0558,0.6733,0.369,0.0284,0.1615,0.399,0.2615,138.3837,121.4884,63.4841,1.1855
16.7,501,,0.8258,0.9797,-0.18,2.2722,1.1597,0.5104,0.8022,0.9255,0.726,0.3297,0.0573,0.7088,0.409,0.0762,0.1995,0.3964,0.2723,141.2455,127.976,56.1234,1.2744
16.733,502,,0.8418,1.0073,-0.1698,2.3531,1.1771,0.5002,0.8486,0.9527,0.7309,0.3367,0.059,0.7394,0.4489,0.1177,0.2218,0.3942,0.2777,143.4428,132.8628,51.7958,1.3375
16.767,503,,0.8595,1.0261,-0.166,2.418,1.192,0.493,0.8955,0.9854,0.7336,0.3385,0.0596,0.7724,0.4793,0.1619,0.2518,0.395,0.2789,145.6189,139.5884,46.2768,1.3942
16.8,504,,0.8742,1.0467,-0.1703,2.5084,1.217,0.4851,0.9445,1.012,0.7363,0.3389,0.059,0.8007,0.5035,0.2082,0.2757,0.3974,0.2799,145.5727,144.3867,42.0104,1.4569
16.833,505,,0.8959,1.0723,-0.1677,2.6047,1.24,0.4761,0.9963,1.043,0.7488,0.3463,0.0596,0.8267,0.5309,0.2476,0.2942,0.4025,0.2867,147.7108,147.6623,38.9621,1.522
16.867,506,,0.9263,1.1114,-0.152,2.735,1.2634,0.4619,1.0531,1.0863,0.7664,0.3665,0.0623,0.8596,0.5625,0.2867,0.3199,0.3999,0.3042,152.1401,149.965,35.9774,1.5702
16.9,507,,0.9513,1.1504,-0.1331,2.8656,1.2835,0.4479,1.1085,1.1256,0.777,0.3804,0.0654,0.8912,0.5928,0.3315,0.3486,0.3966,0.315,156.4565,152.1776,33.2459,1.5934
16.933,508,,0.9806,1.2024,-0.1017,3.0487,1.304,0.4277,1.1687,1.1689,0.7924,0.4025,0.0702,0.9357,0.6339,0.3763,0.3765,0.3899,0.3322,162.5811,155.7337,29.911,1.6203
16.967,509,,1.0135,1.2917,-0.0686,3.4024,1.3602,0.3998,1.2388,1.2124,0.8146,0.425,0.0749,0.9809,0.6762,0.4241,0.3978,0.3896,0.3501,168.6969,160.3114,26.6937,1.7401
17.0,510,upright,1.045,1.3162,-0.0407,3.478,1.3569,0.3901,1.2764,1.2529,0.8371,0.443,0.0785,1.0215,0.7173,0.4393,0.4158,0.3941,0.3645,173.1484,164.7551,23.8608,1.7124
17.033,511,upright,1.0687,1.365,-0.0221,3.7073,1.3872,0.3742,1.3236,1.2859,0.8515,0.4526,0.0809,1.0524,0.7469,0.4721,0.4345,0.3989,0.3716,176.4377,167.8118,21.9449,1.7705
17.067,512,upright,1.0879,1.4049,-0.0135,3.9258,1.4184,0.3613,1.3642,1.3129,0.8628,0.4555,0.0821,1.0719,0.7665,0.5014,0.4501,0.4073,0.3734,178.2532,168.9078,20.3779,1.8272
17.1,513,upright,1.1071,1.4542,-0.0093,4.2286,1.4635,0.3461,1.4085,1.336,0.8782,0.4596,0.0827,1.0889,0.7862,0.5302,0.4577,0.4186,0.3769,178.8392,169.2396,19.0197,1.9367
17.133,514,upright,1.1222,1.4687,-0.0076,4.3388,1.4762,0.3402,1.4241,1.3577,0.8867,0.4611,0.0829,1.1038,0.8028,0.5374,0.471,0.4256,0.3782,178.9936,168.8714,17.4189,1.9251
17.167,515,upright,1.1367,1.5003,-0.0055,4.5609,1.5059,0.3302,1.4586,1.3768,0.8966,0.4661,0.0832,1.1179,0.8198,0.5619,0.4802,0.4305,0.383,178.8506,169.2663,16.4404,1.991
17.2,516,upright,1.1428,1.5173,-0.0034,4.6997,1.5207,0.3236,1.4773,1.3896,0.896,0.4662,0.0834,1.1321,0.8355,0.5813,0.4935,0.4298,0.3829,177.3629,169.1423,15.8255,2.0065
17.233,517,upright,1.1485,1.5331,-0.0002,4.8271,1.5333,0.3177,1.4908,1.4008,0.8962,0.467,0.0836,1.147,0.854,0.5946,0.5046,0.4292,0.3834,176.0058,168.6435,15.4468,1.972
17.267,518,upright,1.1562,1.5478,0.0055,4.943,1.5423,0.312,1.5033,1.4128,0.8995,0.4695,0.084,1.1583,0.8713,0.6037,0.5132,0.4301,0.3855,175.5444,168.5384,14.9996,1.9309
17.3,519,upright,1.1622,1.5539,0.0112,5.0021,1.5428,0.3084,1.51,1.4209,0.9034,0.4706,0.0842,1.1642,0.8807,0.6066,0.5175,0.4328,0.3864,175.0407,168.6157,14.7405,1.8553
17.333,520,upright,1.1665,1.5578,0.0198,5.0415,1.538,0.3051,1.515,1.4275,0.9056,0.4707,0.0846,1.1695,0.8898,0.6093,0.5218,0.4349,0.3861,175.0426,168.944,14.784,1.7997
17.367,521,upright,1.1673,1.5598,0.0325,5.0703,1.5273,0.3012,1.5176,1.4305,0.9041,0.4698,0.085,1.1739,0.8973,0.6135,0.5264,0.4343,0.3848,175.3379,168.9997,14.9568,1.7485
17.4,522,upright,1.1697,1.5668,0.0456,5.1378,1.5212,0.2961,1.5238,1.4334,0.906,0.4738,0.0854,1.1817,0.905,0.6178,0.5273,0.4323,0.3884,176.162,168.8765,14.9391,1.7031
17.433,523,upright,1.1692,1.5758,0.0574,5.224,1.5183,0.2906,1.5301,1.4365,0.9019,0.4708,0.0857,1.1866,0.9101,0.6282,0.5346,0.4311,0.3851,176.6918,168.7971,14.8676,1.6778
17.467,524,upright,1.1676,1.5848,0.071,5.3164,1.5138,0.2847,1.5406,1.4381,0.897,0.4703,0.086,1.19,0.9141,0.6436,0.5411,0.4267,0.3844,177.5716,168.4548,14.7485,1.6842
17.5,525,upright,1.1621,1.5936,0.0851,5.4138,1.5085,0.2786,1.5517,1.439,0.8853,0.4632,0.0861,1.1889,0.9122,0.6664,0.5538,0.4221,0.3771,177.7284,168.3317,14.5596,1.6962
17.533,526,upright,1.1584,1.6039,0.069,5.5312,1.5349,0.2775,1.5617,1.4402,0.8767,0.4567,0.0861,1.1855,0.9075,0.685,0.5635,0.42,0.3706,177.5594,168.2721,14.1428,1.7108
17.567,527,upright,1.1527,1.6154,0.0539,5.7,1.5615,0.2739,1.5741,1.4414,0.8641,0.4471,0.0859,1.1799,0.9037,0.71,0.5773,0.417,0.3611,177.2133,168.2474,13.7316,1.7347
17.6,528,upright,1.1488,1.6239,0.0403,5.8379,1.5836,0.2713,1.5769,1.4415,0.8561,0.4386,0.0856,1.175,0.8997,0.7208,0.5854,0.4175,0.353,176.6499,168.2155,13.511,1.748
17.633,529,upright,1.1443,1.6253,0.0262,5.9083,1.5991,0.2707,1.5834,1.4406,0.848,0.4327,0.0852,1.1692,0.8945,0.7354,0.5925,0.4153,0.3476,176.6615,168.0413,13.1197,1.765
17.667,530,upright,1.14,1.6246,0.0141,5.9755,1.6105,0.2695,1.5943,1.4386,0.8415,0.4277,0.0847,1.1628,0.8879,0.7528,0.5971,0.4138,0.343,176.602,167.6108,12.5027,1.7947
17.7,531,upright,1.1365,1.6239,0.0039,6.001,1.62,0.27,1.5885,1.4369,0.8361,0.4228,0.0842,1.157,0.8802,0.7524,0.6008,0.4133,0.3386,176.7182,167.168,11.7477,1.7894
17.733,532,upright,1.1328,1.624,-0.0051,6.0444,1.6292,0.2695,1.5904,1.4355,0.8301,0.4195,0.0837,1.1517,0.8742,0.7603,0.6054,0.4107,0.3357,177.2621,166.508,10.8866,1.816
17.767,533,upright,1.1321,1.6311,-0.0107,6.173,1.6417,0.266,1.5999,1.4368,0.8275,0.4192,0.0834,1.1497,0.8708,0.7725,0.6093,0.4082,0.3358,177.8012,166.1297,9.9973,1.882
17.8,534,upright,1.1323,1.6266,-0.0134,6.1177,1.6401,0.2681,1.5936,1.438,0.8265,0.4196,0.0832,1.1495,0.8699,0.7671,0.6115,0.4069,0.3364,178.1138,165.8364,9.2786,1.9064
17.833,535,upright,1.1343,1.6295,-0.0116,6.1506,1.6411,0.2668,1.5954,1.4399,0.8286,0.4214,0.0834,1.1521,0.8718,0.7668,0.6113,0.4072,0.3381,177.9135,165.9028,8.8739,1.9631
17.867,536,upright,1.1384,1.632,-0.0107,6.1812,1.6427,0.2658,1.5967,1.4425,0.8344,0.4252,0.0834,1.1553,0.8726,0.7623,0.608,0.4092,0.3419,178.212,166.3812,8.6036,2.043
17.9,537,upright,1.1423,1.6332,-0.0113,6.2269,1.6445,0.2641,1.6039,1.4442,0.8405,0.4266,0.0832,1.1572,0.8727,0.7634,0.6038,0.4139,0.3433,178.1108,166.7414,8.5253,2.1445
17.933,538,upright,1.1463,1.6319,-0.0086,6.1943,1.6405,0.2648,1.5958,1.4464,0.8463,0.4302,0.0833,1.162,0.8756,0.7495,0.6001,0.4161,0.3469,177.3534,166.9272,8.6198,2.2017
17.967,539,upright,1.1479,1.6334,-0.011,6.2263,1.6443,0.2641,1.5947,1.4485,0.8472,0.4328,0.0831,1.1671,0.8791,0.7475,0.6012,0.4145,0.3497,177.1142,166.8846,8.8103,2.2998
18.0,540,upright,1.1533,1.6342,-0.0096,6.2434,1.6438,0.2633,1.5935,1.4519,0.8548,0.4378,0.083,1.1734,0.8818,0.7387,0.5971,0.417,0.3548,177.1115,166.9696,9.17,2.4057
18.033,541,upright,1.1567,1.6333,-0.0088,6.2419,1.6421,0.2631,1.5986,1.4533,0.8601,0.444,0.0829,1.177,0.8832,0.7385,0.5931,0.4162,0.3611,177.3155,167.0453,9.068,2.5168
18.067,542,upright,1.1603,1.6316,-0.0075,6.2327,1.6391,0.263,1.5947,1.4544,0.8662,0.4493,0.0828,1.1808,0.8853,0.7285,0.5883,0.4169,0.3664,177.6097,167.3518,8.6539,2.5584
18.1,543,upright,1.1631,1.6298,-0.0061,6.2259,1.6359,0.2628,1.5903,1.4553,0.871,0.452,0.0827,1.1825,0.8867,0.7193,0.5843,0.419,0.3693,177.845,167.6075,8.1556,2.5792
18.133,544,upright,1.1656,1.6258,-0.0013,6.1964,1.6271,0.2626,1.5838,1.4542,0.877,0.4534,0.0828,1.1808,0.8864,0.7068,0.5772,0.4235,0.3706,177.7572,167.4776,7.8258,2.5371
18.167,545,upright,1.1654,1.6204,0.0061,6.1537,1.6143,0.2623,1.5756,1.453,0.8779,0.4524,0.0829,1.178,0.8857,0.6977,0.5751,0.4255,0.3695,177.413,167.4839,7.4984,2.4807
18.2,546,upright,1.163,1.5975,0.0166,5.9415,1.5809,0.2661,1.5524,1.4503,0.8757,0.4506,0.083,1.1752,0.8867,0.6767,0.5746,0.4252,0.3675,176.7553,167.4767,7.0011,2.3922
18.233,547,upright,1.1632,1.5386,0.0279,5.3729,1.5107,0.2812,1.5237,1.4513,0.8751,0.4484,0.083,1.1739,0.8924,0.6486,0.5762,0.4267,0.3654,175.925,167.6763,6.6691,2.2207
18.267,548,upright,1.1602,1.5193,0.0441,5.2111,1.4752,0.2831,1.5046,1.4491,0.8714,0.4437,0.0831,1.1706,0.8946,0.6333,0.5777,0.4276,0.3606,175.1417,168.0147,6.3672,2.1341
18.3,549,upright,1.1559,1.4999,0.0599,5.0556,1.4399,0.2848,1.4858,1.4452,0.8665,0.4367,0.083,1.1682,0.8988,0.6193,0.5786,0.4298,0.3537,174.1685,168.3114,6.0134,2.049
18.333,550,upright,1.1527,1.4842,0.0726,4.9319,1.4116,0.2862,1.4709,1.442,0.8634,0.4321,0.0828,1.1663,0.9025,0.6075,0.5785,0.4313,0.3493,173.5685,168.7085,5.8586,1.9804
18.367,551,upright,1.1496,1.4689,0.0818,4.8235,1.3871,0.2876,1.4566,1.4391,0.86,0.4296,0.0825,1.1675,0.9055,0.5966,0.5791,0.4304,0.3472,173.0657,169.1713,5.7064,1.9228
18.4,552,upright,1.1454,1.4578,0.073,4.7616,1.3848,0.2908,1.4457,1.4366,0.8541,0.4264,0.0822,1.1693,0.9097,0.5916,0.5825,0.4276,0.3443,172.9486,169.6831,5.6474,1.8797
18.433,553,upright,1.1414,1.4525,0.0652,4.7419,1.3873,0.2926,1.4399,1.4331,0.8496,0.4243,0.0819,1.1706,0.9137,0.5903,0.5835,0.4253,0.3424,173.0112,170.0806,5.7289,1.8582
18.467,554,upright,1.1405,1.4488,0.0609,4.7249,1.3878,0.2937,1.4358,1.4308,0.8501,0.4263,0.0818,1.1733,0.9164,0.5857,0.5807,0.4238,0.3445,173.8152,170.5453,5.8643,1.8487
18.5,555,upright,1.1426,1.4488,0.06,4.7262,1.3888,0.2938,1.4347,1.431,0.8542,0.432,0.0817,1.1775,0.9203,0.5804,0.5767,0.4222,0.3503,175.0265,171.0297,6.0575,1.8445
18.533,556,upright,1.1455,1.5284,0.0593,5.404,1.4692,0.2719,1.4699,1.4313,0.8597,0.4401,0.0817,1.1808,0.9226,0.6102,0.5715,0.4196,0.3584,175.8527,171.3995,6.5128,1.9727
18.567,557,upright,1.1478,1.5078,0.057,5.2307,1.4507,0.2773,1.4512,1.4342,0.8614,0.4433,0.0816,1.1833,0.9222,0.5897,0.5728,0.4181,0.3617,176.0028,171.7045,7.2162,1.9139
18.6,558,upright,1.1511,1.4994,0.0551,5.1655,1.4443,0.2796,1.446,1.4369,0.8653,0.447,0.0815,1.1849,0.9214,0.5807,0.5716,0.4183,0.3655,175.8847,171.7592,7.9654,1.8605
18.633,559,upright,1.1519,1.4929,0.0543,5.1133,1.4386,0.2813,1.4424,1.438,0.8658,0.4483,0.0815,1.1862,0.9201,0.5766,0.5722,0.4175,0.3668,175.8214,171.8381,8.8232,1.8025
18.667,560,upright,1.1536,1.4914,0.0559,5.0939,1.4355,0.2818,1.4424,1.4378,0.8694,0.4533,0.0816,1.1868,0.921,0.5729,0.5684,0.4161,0.3717,176.0956,171.9088,9.4324,1.7602
18.7,561,upright,1.1544,1.4471,0.0568,4.7277,1.3903,0.2941,1.4267,1.4371,0.8716,0.4569,0.0816,1.1863,0.92,0.5551,0.5655,0.4147,0.3753,176.3467,171.9219,9.8184,1.6742
18.733,562,upright,1.155,1.5302,0.0566,5.4297,1.4735,0.2714,1.4599,1.4354,0.8745,0.4609,0.0816,1.1855,0.9164,0.5854,0.5609,0.4137,0.3793,176.6057,171.9153,10.1316,1.7896
18.767,563,upright,1.156,1.531,0.0559,5.4373,1.4752,0.2713,1.4512,1.4342,0.8779,0.4637,0.0816,1.1836,0.9133,0.5734,0.5563,0.4142,0.3821,176.6275,171.7242,10.612,1.7884
18.8,564,upright,1.1578,1.4442,0.0567,4.698,1.3875,0.2954,1.4253,1.4329,0.8826,0.4675,0.0816,1.1821,0.9085,0.5426,0.5503,0.4151,0.3859,176.9269,171.8846,10.8369,1.6631
18.833,565,upright,1.1596,1.4454,0.0571,4.705,1.3883,0.2951,1.4267,1.4326,0.8865,0.4685,0.0817,1.1801,0.9034,0.5401,0.5461,0.418,0.3868,176.9768,172.1108,11.0139,1.6868
18.867,566,upright,1.1613,1.5365,0.0562,5.4806,1.4803,0.2701,1.4578,1.4329,0.8896,0.4692,0.0818,1.1765,0.9001,0.5681,0.5432,0.4205,0.3874,176.623,172.1708,11.1517,1.8638
18.9,567,upright,1.1611,1.4532,0.0551,4.7617,1.3981,0.2936,1.4342,1.4337,0.8884,0.4684,0.0818,1.1768,0.8983,0.5458,0.5453,0.42,0.3866,176.3252,172.1913,11.181,1.7196
18.933,568,upright,1.161,1.4565,0.054,4.7832,1.4025,0.2932,1.4372,1.4342,0.8877,0.4688,0.082,1.1776,0.8987,0.5496,0.5466,0.4189,0.3868,176.0256,172.1198,11.1792,1.7084
18.967,569,upright,1.1616,1.4602,0.0524,4.8088,1.4078,0.2928,1.4407,1.4352,0.888,0.4701,0.0821,1.1775,0.8991,0.5528,0.5473,0.4178,0.388,175.6193,171.9208,11.0924,1.7026
19.0,570,upright,1.163,1.552,0.0502,5.6077,1.5018,0.2678,1.4713,1.4363,0.8896,0.4722,0.0823,1.1787,0.9017,0.5817,0.5467,0.4175,0.3899,175.1865,171.8258,11.0717,1.8407
19.033,571,upright,1.1631,1.465,0.0491,4.8412,1.4159,0.2925,1.4454,1.4352,0.891,0.4748,0.0824,1.1786,0.9037,0.5544,0.5442,0.4162,0.3924,174.6989,171.6623,11.1966,1.6991
19.067,572,upright,1.1637,1.5545,0.048,5.6246,1.5066,0.2679,1.4734,1.4354,0.892,0.477,0.0826,1.1785,0.9052,0.5813,0.5434,0.4151,0.3944,174.4818,171.4673,11.1558,1.8394
19.1,573,upright,1.1642,1.5559,0.0465,5.6364,1.5095,0.2678,1.4745,1.4351,0.8934,0.4782,0.0827,1.1785,0.9053,0.5811,0.5417,0.4152,0.3954,174.1558,171.1991,11.0785,1.8513
19.133,574,upright,1.1648,1.5567,0.0431,5.6435,1.5135,0.2682,1.4755,1.4358,0.8939,0.4789,0.0829,1.1781,0.904,0.5816,0.5419,0.415,0.396,173.9632,170.9406,10.8936,1.8749
19.167,575,upright,1.1651,1.5574,0.0388,5.6486,1.5186,0.2688,1.4759,1.436,0.8942,0.4801,0.083,1.1781,0.9023,0.5817,0.5417,0.4142,0.3971,173.8753,170.6785,10.5905,1.9011
19.2,576,upright,1.1642,1.5556,0.0354,5.6303,1.5201,0.27,1.4737,1.4351,0.8934,0.4795,0.0832,1.1777,0.8998,0.5803,0.5417,0.4138,0.3964,173.988,170.1678,10.3616,1.9269
19.233,577,upright,1.1645,1.464,0.0299,4.831,1.4341,0.2968,1.4441,1.4354,0.8937,0.478,0.0833,1.1779,0.8981,0.5504,0.5416,0.4158,0.3947,174.3479,169.5545,10.0137,1.7977
19.267,578,upright,1.1641,1.5527,0.0245,5.5995,1.5282,0.2729,1.4717,1.4349,0.8932,0.4745,0.0833,1.1776,0.8972,0.5785,0.5416,0.4188,0.3911,174.5834,168.8514,9.8378,1.9697
19.3,579,upright,1.1641,1.551,0.0193,5.5808,1.5317,0.2745,1.4701,1.434,0.8942,0.4755,0.0834,1.1779,0.8953,0.5758,0.5398,0.4187,0.3921,174.4983,168.2911,9.6794,1.9843
19.333,580,upright,1.1635,1.5499,0.0147,5.5671,1.5352,0.2758,1.4691,1.4336,0.8935,0.4738,0.0834,1.1771,0.8946,0.5756,0.5401,0.4196,0.3904,174.5978,167.7905,9.4247,2.0059
19.367,581,upright,1.1601,1.4582,0.0139,4.7793,1.4443,0.3022,1.4418,1.4326,0.8876,0.4666,0.0837,1.1752,0.8933,0.5542,0.5451,0.421,0.3829,174.2829,167.7035,9.0972,1.8663
19.4,582,upright,1.1581,1.4558,0.0131,4.7571,1.4428,0.3033,1.4402,1.4317,0.8845,0.4635,0.0839,1.1706,0.8913,0.5556,0.5472,0.4211,0.3796,174.3938,167.4129,8.4355,1.88
19.433,583,upright,1.1575,1.4524,0.0114,4.7261,1.441,0.3049,1.4375,1.431,0.8839,0.4625,0.084,1.1677,0.8917,0.5536,0.5472,0.4214,0.3785,174.5045,167.2612,7.8239,1.8929
19.467,584,upright,1.154,1.4458,0.0081,4.6741,1.4378,0.3076,1.4311,1.4298,0.8782,0.4588,0.0838,1.1665,0.8933,0.5529,0.5516,0.4194,0.375,174.3936,166.7864,7.891,1.9139
19.5,585,upright,1.1511,1.5261,0.0054,5.3273,1.5207,0.2855,1.4518,1.4294,0.8728,0.4542,0.0837,1.1653,0.8956,0.5791,0.5566,0.4186,0.3704,173.7391,166.3717,7.6004,2.0962
19.533,586,upright,1.1489,1.5249,0.0033,5.3126,1.5215,0.2864,1.4512,1.4288,0.8689,0.4522,0.0836,1.1649,0.8968,0.5823,0.5599,0.4167,0.3686,172.983,166.0446,7.2552,2.0819
19.567,587,upright,1.1443,1.4407,0.0011,4.6235,1.4396,0.3114,1.4257,1.4257,0.863,0.4502,0.0834,1.1643,0.8972,0.5628,0.5627,0.4128,0.3667,172.7577,166.3765,6.3923,1.912
19.6,588,upright,1.1438,1.4384,0.0002,4.6123,1.4382,0.3118,1.4231,1.4241,0.8634,0.4501,0.0833,1.1619,0.8965,0.5597,0.5607,0.4133,0.3668,172.6029,166.3449,5.9383,1.8853
19.633,589,upright,1.1419,1.4378,-0.0012,4.606,1.439,0.3124,1.4218,1.4216,0.8621,0.4469,0.0833,1.1596,0.894,0.5597,0.5595,0.4152,0.3636,172.7236,165.6943,5.2319,1.8707
19.667,590,upright,1.1375,1.5164,-0.0034,5.2247,1.5197,0.2909,1.4445,1.4191,0.8559,0.4433,0.0831,1.1566,0.8895,0.5886,0.5632,0.4126,0.3602,172.3643,165.4231,4.8826,1.9939
19.7,591,upright,1.1347,1.5154,-0.0045,5.216,1.52,0.2914,1.4436,1.4182,0.8512,0.4401,0.0831,1.1547,0.8845,0.5925,0.567,0.411,0.3571,172.3797,165.3765,4.4165,1.9906
19.733,592,upright,1.1314,1.5153,-0.0054,5.2142,1.5207,0.2916,1.4442,1.4174,0.8454,0.4336,0.083,1.1529,0.8795,0.5988,0.572,0.4118,0.3507,172.382,165.4803,4.1346,1.991
19.767,593,upright,1.1288,1.5174,-0.0049,5.2275,1.5224,0.2912,1.461,1.4166,0.841,0.4263,0.0829,1.1512,0.8731,0.62,0.5756,0.4147,0.3434,172.2831,165.6746,3.922,2.0038
19.8,594,upright,1.1279,1.5201,-0.0027,5.2401,1.5228,0.2906,1.467,1.4174,0.8384,0.4239,0.0828,1.1509,0.867,0.6286,0.5789,0.4145,0.3411,172.4803,165.9564,3.632,2.0228
19.833,595,upright,1.1278,1.5237,-0.0003,5.2601,1.524,0.2897,1.4612,1.4188,0.8369,0.4205,0.0827,1.1509,0.8621,0.6244,0.5819,0.4164,0.3378,172.7006,166.1886,3.3941,2.0448
19.867,596,upright,1.1284,1.5274,0.003,5.2802,1.5244,0.2887,1.4684,1.4199,0.8369,0.4206,0.0826,1.1521,0.8596,0.6316,0.583,0.4163,0.338,172.7689,166.4721,3.2445,2.07
19.9,597,upright,1.1309,1.5348,0.0093,5.3237,1.5255,0.2865,1.4805,1.4235,0.8383,0.4226,0.0826,1.1536,0.8585,0.6422,0.5852,0.4157,0.34,173.3413,167.0058,3.1319,2.1009
19.933,598,upright,1.1365,1.5447,0.0194,5.3762,1.5253,0.2837,1.4946,1.4291,0.8439,0.4273,0.0829,1.1586,0.8613,0.6508,0.5852,0.4165,0.3444,173.8761,167.6573,2.97,2.1333
19.967,599,upright,1.1405,1.5547,0.0275,5.4372,1.5272,0.2809,1.5072,1.4338,0.8472,0.4297,0.0829,1.162,0.8634,0.6601,0.5866,0.4175,0.3468,174.4232,168.3111,2.8591,2.1691
20.0,600,upright,1.1401,1.5632,0.0313,5.5063,1.5319,0.2782,1.5183,1.4355,0.8447,0.428,0.0828,1.1611,0.8609,0.6736,0.5907,0.4167,0.3452,175.3129,169.0383,2.9148,2.2104
20.033,601,upright,1.1398,1.5718,0.0341,5.5802,1.5377,0.2756,1.5287,1.4365,0.8431,0.4264,0.0828,1.16,0.8596,0.6856,0.5934,0.4167,0.3437,176.3268,169.6819,2.9999,2.2381
20.067,602,upright,1.1403,1.5788,0.036,5.6412,1.5428,0.2735,1.5378,1.4381,0.8425,0.4265,0.0827,1.1588,0.8584,0.6953,0.5956,0.416,0.3438,177.4448,170.2975,3.0424,2.258
20.1,603,upright,1.1414,1.5859,0.037,5.7076,1.5489,0.2714,1.5472,1.4393,0.8436,0.4281,0.0826,1.1576,0.8565,0.7036,0.5957,0.4155,0.3454,177.9486,170.6585,3.0986,2.2826
20.133,604,upright,1.1437,1.6017,0.0379,5.8716,1.5638,0.2663,1.566,1.4414,0.8461,0.4298,0.0826,1.1581,0.8573,0.7199,0.5953,0.4162,0.3472,178.1928,170.9146,3.141,2.3248
20.167,605,upright,1.1448,1.6059,0.039,5.9115,1.567,0.2651,1.5739,1.4428,0.8468,0.431,0.0826,1.1573,0.8559,0.7271,0.596,0.4159,0.3484,178.3262,171.1207,3.1389,2.378
20.2,606,upright,1.1452,1.6095,0.0391,5.9361,1.5704,0.2646,1.5733,1.444,0.8465,0.4308,0.0826,1.1563,0.8537,0.7268,0.5975,0.4157,0.3482,178.3271,171.1953,3.1856,2.4524
20.233,607,upright,1.1454,1.6154,0.0382,6.0013,1.5772,0.2628,1.586,1.444,0.8469,0.4295,0.0825,1.1548,0.8513,0.7391,0.5971,0.4174,0.347,177.9156,171.0556,3.3307,2.5067
20.267,608,upright,1.1449,1.6208,0.0391,6.0544,1.5816,0.2612,1.5847,1.4446,0.8453,0.4316,0.0826,1.1535,0.8525,0.7394,0.5993,0.4137,0.349,177.8865,171.0965,3.3314,2.5513
20.3,609,upright,1.1442,1.625,0.0386,6.1028,1.5864,0.2599,1.5957,1.4441,0.8443,0.4292,0.0825,1.1513,0.8525,0.7514,0.5998,0.4151,0.3467,177.3425,170.8927,3.3737,2.5784
20.333,610,upright,1.1432,1.628,0.0377,6.1385,1.5904,0.2591,1.5987,1.4433,0.8431,0.4279,0.0825,1.1489,0.8528,0.7556,0.6002,0.4153,0.3454,176.967,170.7205,3.4051,2.5897
20.367,611,upright,1.1433,1.6305,0.0375,6.1676,1.593,0.2583,1.601,1.4429,0.8436,0.4279,0.0825,1.1482,0.8541,0.7574,0.5993,0.4157,0.3454,176.64,170.5677,3.4685,2.5884
20.4,612,upright,1.1434,1.6309,0.0373,6.1751,1.5937,0.2581,1.5981,1.4423,0.8446,0.4293,0.0825,1.1466,0.8535,0.7535,0.5977,0.4153,0.3468,176.2955,170.3496,3.63,2.5874
20.433,613,upright,1.1425,1.631,0.0371,6.1807,1.594,0.2579,1.6,1.4412,0.8438,0.4295,0.0825,1.145,0.853,0.7562,0.5974,0.4143,0.347,176.2032,170.2148,3.7284,2.5736
20.467,614,upright,1.1417,1.6311,0.037,6.1842,1.5941,0.2578,1.6014,1.4407,0.8427,0.429,0.0825,1.1444,0.8535,0.7587,0.598,0.4137,0.3465,176.0494,170.1536,3.9229,2.5541
20.5,615,upright,1.1411,1.6314,0.0369,6.1895,1.5946,0.2576,1.603,1.4401,0.8422,0.4288,0.0824,1.1443,0.8541,0.7609,0.5979,0.4134,0.3463,175.9048,170.1383,4.1653,2.5364
20.533,616,upright,1.1409,1.6321,0.0367,6.1989,1.5954,0.2574,1.608,1.4396,0.8422,0.429,0.0824,1.1443,0.8549,0.7658,0.5974,0.4132,0.3466,175.8739,170.2209,4.3762,2.5179
20.567,617,upright,1.1401,1.6322,0.0361,6.2009,1.5961,0.2574,1.6052,1.4391,0.8412,0.4288,0.0824,1.1438,0.8563,0.7639,0.5979,0.4124,0.3464,175.7066,170.2191,4.6166,2.5033
20.6,618,upright,1.1393,1.6339,0.0361,6.2199,1.5978,0.2569,1.6067,1.4384,0.8401,0.4284,0.0824,1.1439,0.8579,0.7665,0.5983,0.4117,0.346,175.7001,170.2838,4.8748,2.4937
20.633,619,upright,1.1384,1.635,0.0358,6.2337,1.5992,0.2565,1.608,1.438,0.8388,0.4278,0.0824,1.1439,0.8589,0.7692,0.5992,0.411,0.3454,175.558,170.4195,5.1132,2.4861
20.667,620,upright,1.1382,1.6362,0.0357,6.2457,1.6004,0.2562,1.6092,1.4375,0.839,0.4279,0.0824,1.1435,0.8592,0.7701,0.5984,0.4112,0.3454,175.4419,170.4576,5.3407,2.4809
20.7,621,upright,1.1379,1.6368,0.0356,6.2536,1.6013,0.2561,1.6102,1.437,0.8389,0.4279,0.0824,1.1428,0.8585,0.7713,0.5981,0.411,0.3455,175.4217,170.4622,5.531,2.4791
20.733,622,upright,1.1379,1.6377,0.0356,6.2629,1.6021,0.2558,1.6115,1.4369,0.8389,0.4271,0.0824,1.1427,0.8577,0.7726,0.598,0.4118,0.3447,175.4066,170.4939,5.6921,2.4789
20.767,623,upright,1.1376,1.6381,0.0352,6.2688,1.6029,0.2557,1.6126,1.4365,0.8388,0.4272,0.0824,1.142,0.8566,0.7737,0.5976,0.4116,0.3448,175.304,170.5298,5.8248,2.4814
20.8,624,upright,1.1378,1.6388,0.0351,6.2788,1.6037,0.2554,1.614,1.4365,0.839,0.4281,0.0824,1.1413,0.8552,0.775,0.5975,0.4109,0.3457,175.1182,170.6062,5.9561,2.4897
20.833,625,upright,1.1378,1.6402,0.0352,6.2945,1.605,0.255,1.6182,1.4366,0.839,0.4276,0.0824,1.1405,0.8524,0.7792,0.5976,0.4114,0.3452,175.1408,170.6956,6.0512,2.502
20.867,626,upright,1.1384,1.6412,0.0349,6.3047,1.6063,0.2548,1.6192,1.437,0.8397,0.4279,0.0824,1.1398,0.8496,0.7795,0.5973,0.4118,0.3455,175.041,170.7549,6.1413,2.5168
20.9,627,upright,1.1386,1.6417,0.0348,6.3105,1.6069,0.2546,1.6203,1.4373,0.84,0.4277,0.0824,1.1394,0.8457,0.7803,0.5973,0.4123,0.3454,175.0261,170.7831,6.2117,2.5346
20.933,628,upright,1.1399,1.6424,0.0365,6.3126,1.6059,0.2544,1.6214,1.4377,0.842,0.4286,0.0825,1.1402,0.8431,0.7794,0.5958,0.4134,0.3461,175.2688,170.648,6.2215,2.5557
20.967,629,upright,1.141,1.6425,0.0379,6.3101,1.6047,0.2543,1.6222,1.4381,0.8439,0.4292,0.0825,1.1406,0.8415,0.7783,0.5942,0.4147,0.3467,175.4062,170.5236,6.1932,2.5717
21.0,630,upright,1.1402,1.6428,0.0375,6.314,1.6053,0.2542,1.6228,1.438,0.8424,0.4282,0.0825,1.1399,0.8393,0.7804,0.5956,0.4143,0.3456,175.3841,170.5337,6.2369,2.5819
21.033,631,upright,1.1395,1.6428,0.0373,6.3152,1.6055,0.2542,1.6232,1.4377,0.8412,0.4276,0.0825,1.1384,0.8368,0.782,0.5965,0.4136,0.3451,175.33,170.5675,6.2593,2.5912
21.067,632,upright,1.1388,1.6433,0.037,6.3209,1.6063,0.2541,1.6241,1.4374,0.8402,0.427,0.0825,1.1376,0.8351,0.7839,0.5972,0.4132,0.3446,175.2942,170.5546,6.2321,2.6018
21.1,633,upright,1.1384,1.6435,0.0364,6.3235,1.6071,0.2541,1.6252,1.4373,0.8396,0.4262,0.0824,1.1374,0.8332,0.7857,0.5978,0.4133,0.3438,175.3408,170.541,6.1759,2.612
21.133,634,upright,1.1379,1.6437,0.0358,6.3279,1.6079,0.2541,1.6236,1.4372,0.8386,0.4255,0.0824,1.1371,0.8321,0.7849,0.5985,0.4131,0.3431,175.3249,170.481,6.1343,2.6179
21.167,635,upright,1.1382,1.6443,0.0358,6.3333,1.6086,0.254,1.6281,1.4378,0.8386,0.4246,0.0824,1.1373,0.8319,0.7894,0.5992,0.4141,0.3422,175.3389,170.4469,6.1093,2.6238
21.2,636,upright,1.1379,1.6431,0.0357,6.3213,1.6074,0.2543,1.6256,1.4375,0.8384,0.4249,0.0824,1.1356,0.8311,0.7873,0.5991,0.4135,0.3425,175.2913,170.3542,6.1023,2.6246
21.233,637,upright,1.1399,1.643,0.0377,6.3142,1.6053,0.2542,1.63,1.4379,0.8418,0.427,0.0825,1.136,0.8321,0.7882,0.5961,0.4148,0.3445,175.4574,170.2454,6.0594,2.6231
21.267,638,upright,1.1394,1.6421,0.0369,6.3061,1.6052,0.2545,1.6276,1.4378,0.841,0.4267,0.0824,1.1358,0.8318,0.7866,0.5968,0.4144,0.3442,175.4643,170.2137,6.0427,2.6223
21.3,639,upright,1.1393,1.6422,0.0365,6.3109,1.6056,0.2544,1.6308,1.4378,0.8409,0.4263,0.0824,1.1355,0.8314,0.7899,0.5969,0.4146,0.3439,175.4092,170.2166,6.0224,2.6218
21.333,640,upright,1.1413,1.6441,0.038,6.3265,1.6061,0.2539,1.6319,1.4386,0.844,0.4285,0.0825,1.1366,0.8327,0.7879,0.5946,0.4155,0.346,175.6227,170.1524,5.963,2.6176
21.367,641,upright,1.1403,1.6445,0.0375,6.335,1.607,0.2537,1.6319,1.4381,0.8424,0.4277,0.0825,1.1357,0.8321,0.7895,0.5957,0.4147,0.3453,175.5523,170.1252,5.9,2.6141
21.4,642,upright,1.1397,1.6453,0.0372,6.3464,1.6082,0.2534,1.6322,1.4381,0.8413,0.4269,0.0825,1.1351,0.8317,0.7909,0.5968,0.4144,0.3444,175.5179,170.125,5.8495,2.6095
21.433,643,upright,1.139,1.6464,0.0365,6.3593,1.6098,0.2531,1.6325,1.4381,0.84,0.4263,0.0824,1.1345,0.8312,0.7925,0.598,0.4137,0.3439,175.465,170.1412,5.8153,2.6054
21.467,644,upright,1.1383,1.6462,0.0365,6.3596,1.6098,0.2531,1.6323,1.4375,0.8391,0.4259,0.0824,1.1342,0.8319,0.7932,0.5984,0.4132,0.3435,175.4295,170.1562,5.8052,2.6005
21.5,645,upright,1.1375,1.6467,0.0363,6.3675,1.6104,0.2529,1.6322,1.4371,0.8378,0.4249,0.0824,1.1338,0.8321,0.7944,0.5993,0.4129,0.3425,175.4702,170.197,5.7495,2.597
21.533,646,upright,1.1372,1.6473,0.0356,6.3761,1.6117,0.2528,1.6323,1.4369,0.8374,0.4246,0.0824,1.134,0.8334,0.7948,0.5995,0.4128,0.3423,175.5232,170.2333,5.732,2.5688
21.567,647,upright,1.137,1.6472,0.0352,6.3774,1.612,0.2528,1.6322,1.4366,0.8375,0.4245,0.0824,1.1343,0.8344,0.7948,0.5991,0.4129,0.3422,175.4654,170.2595,5.7201,2.5399
21.6,648,upright,1.1376,1.6412,0.0371,6.3054,1.6041,0.2544,1.6285,1.4366,0.8386,0.4253,0.0824,1.135,0.8364,0.7899,0.598,0.4133,0.3429,175.6183,170.1301,5.6359,2.5174
21.633,649,upright,1.1382,1.6415,0.0373,6.3058,1.6041,0.2544,1.6289,1.4374,0.8391,0.4255,0.0825,1.1358,0.838,0.7898,0.5983,0.4135,0.3431,175.616,170.2205,5.627,2.5003
21.667,650,upright,1.1383,1.6491,0.0371,6.3903,1.6119,0.2522,1.633,1.4378,0.8389,0.4252,0.0825,1.1365,0.8396,0.7942,0.5989,0.4136,0.3427,175.6047,170.2823,5.6031,2.4917
21.7,651,upright,1.1388,1.6495,0.0368,6.3944,1.6127,0.2522,1.6331,1.4381,0.8396,0.4253,0.0825,1.1369,0.8407,0.7935,0.5985,0.4143,0.3428,175.4783,170.3479,5.5976,2.4859
21.733,652,upright,1.1391,1.6494,0.0366,6.3927,1.6127,0.2523,1.633,1.4383,0.84,0.4254,0.0825,1.1373,0.8417,0.793,0.5983,0.4147,0.3429,175.3739,170.4106,5.5895,2.4826
21.767,653,upright,1.1385,1.6492,0.0357,6.3931,1.6135,0.2524,1.6327,1.4381,0.839,0.4243,0.0824,1.1368,0.8418,0.7937,0.599,0.4148,0.3418,175.2422,170.467,5.6036,2.4849
21.8,654,upright,1.1384,1.6486,0.0349,6.3885,1.6137,0.2526,1.6323,1.4379,0.839,0.4238,0.0824,1.1367,0.8421,0.7933,0.5989,0.4152,0.3414,175.1904,170.5405,5.59,2.4896
21.833,655,upright,1.1397,1.6488,0.0363,6.3847,1.6125,0.2526,1.6326,1.4381,0.8413,0.4257,0.0824,1.138,0.8427,0.7913,0.5969,0.4156,0.3432,175.3113,170.5063,5.5721,2.4947
21.867,656,upright,1.1394,1.6485,0.0355,6.3835,1.613,0.2527,1.6321,1.4378,0.841,0.4256,0.0824,1.1374,0.8418,0.7912,0.5969,0.4154,0.3431,175.1363,170.5466,5.5715,2.5055
21.9,657,upright,1.1404,1.6487,0.037,6.3806,1.6117,0.2526,1.6323,1.438,0.8429,0.4275,0.0825,1.1383,0.842,0.7894,0.5951,0.4154,0.3451,175.2687,170.4786,5.527,2.5147
21.933,658,upright,1.14,1.6486,0.0362,6.3817,1.6124,0.2527,1.632,1.4376,0.8424,0.4271,0.0824,1.1371,0.8402,0.7896,0.5953,0.4152,0.3447,175.128,170.5097,5.5524,2.5278
21.967,659,upright,1.1397,1.6483,0.0356,6.3792,1.6127,0.2528,1.6317,1.4374,0.842,0.4268,0.0824,1.1362,0.8379,0.7897,0.5955,0.4152,0.3444,175.0144,170.5532,5.5443,2.5428
22.0,660,upright,1.1383,1.6406,0.0353,6.2951,1.6052,0.255,1.627,1.4368,0.8397,0.4254,0.0824,1.1346,0.8351,0.7873,0.5971,0.4143,0.343,174.8628,170.5343,5.5696,2.5513
22.033,661,,1.1377,1.6396,0.0349,6.2868,1.6048,0.2553,1.6263,1.4362,0.8392,0.4244,0.0824,1.1334,0.8334,0.7871,0.597,0.4148,0.342,174.6538,170.5261,5.5933,2.5669
22.067,662,,1.1377,1.647,0.035,6.3694,1.612,0.2531,1.6299,1.4359,0.8395,0.4241,0.0824,1.1323,0.8311,0.7904,0.5964,0.4154,0.3418,174.4293,170.5605,5.6279,2.5876
22.1,663,,1.1373,1.6459,0.0346,6.3578,1.6113,0.2534,1.6293,1.4354,0.8393,0.4235,0.0823,1.1311,0.8295,0.7901,0.5962,0.4158,0.3412,174.2598,170.5631,5.6479,2.5995
22.133,664,,1.1364,1.6446,0.0342,6.3446,1.6105,0.2538,1.6281,1.4348,0.838,0.4223,0.0823,1.1298,0.8271,0.7901,0.5968,0.4157,0.34,174.0577,170.5734,5.7094,2.6063
22.167,665,,1.1358,1.6436,0.0344,6.332,1.6092,0.2541,1.627,1.4345,0.8372,0.4214,0.0823,1.1293,0.8256,0.7898,0.5972,0.4159,0.339,173.9727,170.6119,5.7593,2.5987
22.2,666,,1.1356,1.6337,0.0346,6.2214,1.5992,0.257,1.6212,1.434,0.8371,0.421,0.0823,1.1286,0.8242,0.7841,0.5969,0.4161,0.3387,173.811,170.5961,5.7948,2.5872
22.233,667,,1.1358,1.6406,0.0345,6.2952,1.6061,0.2551,1.6243,1.4338,0.8377,0.4207,0.0823,1.1279,0.8228,0.7866,0.596,0.4171,0.3383,173.8607,170.6213,5.8497,2.5798
22.267,668,,1.136,1.6394,0.0346,6.2801,1.6048,0.2555,1.6232,1.4336,0.8384,0.4204,0.0824,1.1272,0.8218,0.7848,0.5952,0.418,0.338,173.8195,170.6785,5.8361,2.5691
22.3,669,,1.1362,1.638,0.0344,6.2653,1.6036,0.256,1.621,1.4327,0.8397,0.4216,0.0824,1.1263,0.8198,0.7813,0.593,0.418,0.3393,173.8033,170.7155,5.7869,2.5595
22.333,670,,1.1361,1.6361,0.0342,6.2442,1.6019,0.2565,1.6186,1.4317,0.8405,0.422,0.0823,1.1253,0.8184,0.7781,0.5912,0.4185,0.3396,173.7273,170.7719,5.7048,2.5495
22.367,671,,1.135,1.6238,0.034,6.11,1.5898,0.2602,1.6114,1.4303,0.8396,0.4207,0.0824,1.1241,0.8168,0.7718,0.5907,0.4189,0.3384,173.7103,170.8465,5.6508,2.5343
22.4,672,,1.1337,1.6208,0.0343,6.0762,1.5865,0.2611,1.6085,1.4289,0.8385,0.4197,0.0824,1.1221,0.815,0.77,0.5904,0.4188,0.3373,173.5828,170.927,5.7295,2.522
22.433,673,,1.1334,1.6278,0.0348,6.1477,1.593,0.2591,1.6102,1.4277,0.8391,0.4194,0.0824,1.1209,0.8131,0.771,0.5886,0.4197,0.337,173.5811,171.1062,5.6931,2.5143
22.467,674,,1.1334,1.6263,0.0377,6.1231,1.5886,0.2594,1.607,1.4256,0.8411,0.4212,0.0826,1.12,0.8121,0.7659,0.5845,0.4199,0.3386,173.7964,171.0776,5.5711,2.504
22.5,675,,1.1302,1.6233,0.0379,6.0874,1.5854,0.2604,1.6017,1.4222,0.8382,0.4181,0.0826,1.1163,0.8101,0.7635,0.5841,0.4201,0.3355,173.6287,171.1278,5.4346,2.4907
22.533,676,,1.1297,1.6172,0.0417,6.0051,1.5755,0.2624,1.5942,1.4189,0.8405,0.4194,0.0828,1.1155,0.8102,0.7537,0.5784,0.4211,0.3366,173.385,170.9709,5.1117,2.4655
22.567,677,,1.1264,1.5932,0.0447,5.7399,1.5484,0.2698,1.5778,1.4124,0.8404,0.4177,0.0829,1.1134,0.8087,0.7374,0.572,0.4227,0.3348,172.4867,170.3811,4.8329,2.4272
22.6,678,,1.1212,1.5806,0.0457,5.6048,1.5349,0.2739,1.5647,1.4035,0.8389,0.4171,0.083,1.1095,0.8057,0.7258,0.5645,0.4219,0.334,170.9058,169.42,4.6435,2.3995
22.633,679,,1.1128,1.5865,0.0469,5.6561,1.5396,0.2722,1.5562,1.3916,0.8341,0.4127,0.0831,1.1009,0.7972,0.7221,0.5576,0.4214,0.3295,169.2059,168.742,4.5114,2.3838
22.667,680,,1.1023,1.5661,0.0482,5.4515,1.5179,0.2784,1.5346,1.3764,0.8282,0.4072,0.0833,1.0891,0.7883,0.7064,0.5483,0.421,0.3239,167.4184,168.0384,4.3184,2.3383
22.7,681,,1.0866,1.5396,0.0485,5.2019,1.4911,0.2867,1.5084,1.3568,0.8164,0.3969,0.0834,1.0755,0.7771,0.6919,0.5404,0.4195,0.3135,165.5118,167.4026,3.9149,2.2788
22.733,682,,1.0629,1.5148,0.0448,4.9884,1.47,0.2947,1.4797,1.3307,0.7951,0.3834,0.0833,1.052,0.7602,0.6846,0.5356,0.4117,0.3001,162.9976,166.9494,2.981,2.2297
22.767,683,,1.0445,1.4804,0.0417,4.7112,1.4387,0.3054,1.4429,1.3011,0.7879,0.3809,0.0832,1.026,0.7382,0.6549,0.5131,0.407,0.2978,159.7544,165.6335,1.7901,2.1653
22.8,684,,1.0194,1.4088,0.0391,4.1741,1.3697,0.3281,1.384,1.2669,0.7718,0.3805,0.0828,0.9873,0.6998,0.6122,0.4951,0.3913,0.2977,154.5301,163.6314,0.876,2.0272
22.833,685,,0.9866,1.3724,0.0362,3.942,1.3361,0.3389,1.3326,1.217,0.7563,0.3862,0.0822,0.9408,0.6428,0.5763,0.4607,0.3701,0.3041,146.8273,158.6885,0.2217,1.894
22.867,686,,0.9482,1.2698,0.0193,3.3357,1.2505,0.3749,1.249,1.1573,0.739,0.3916,0.0807,0.881,0.57,0.5099,0.4183,0.3475,0.3109,144.4403,155.3659,1.1971,1.7118
22.9,687,,0.9031,1.1862,-0.0002,2.927,1.1864,0.4053,1.1638,1.0823,0.7239,0.3813,0.0787,0.811,0.4816,0.4399,0.3585,0.3426,0.3026,145.6164,153.8897,2.2679,1.5551
22.933,688,,0.8276,1.0867,-0.0409,2.5631,1.1276,0.4399,1.0601,0.9846,0.6706,0.3362,0.0756,0.694,0.3498,0.3895,0.314,0.3345,0.2606,143.5228,151.1,3.8121,1.4129
22.967,689,,0.7378,0.9447,-0.0971,2.1573,1.0418,0.4829,0.9033,0.8781,0.5975,0.2784,0.0701,0.5514,0.1667,0.3058,0.2805,0.3191,0.2083,137.2005,145.9415,6.1983,1.2326
23.0,690,on_ground,0.6602,0.8648,-0.0891,1.8912,0.9539,0.5044,0.8142,0.7843,0.5361,0.2617,0.0711,0.4485,0.0494,0.2781,0.2482,0.2744,0.1906,134.4237,140.4991,7.3072,1.0736
23.033,691,on_ground,0.5975,0.7755,-0.0748,1.6987,0.8503,0.5006,0.7229,0.7025,0.4926,0.2277,0.0731,0.3527,-0.0474,0.2303,0.2099,0.2649,0.1545,128.1865,136.2071,8.4638,1.0395
23.067,692,on_ground,0.5351,0.6783,-0.2178,1.592,0.8961,0.5629,0.6166,0.6078,0.4624,0.1702,0.0721,0.2316,-0.1687,0.1542,0.1453,0.2923,0.0981,113.9551,127.8974,5.7223,1.0328
23.1,693,on_ground,0.4486,0.5163,-0.3562,1.3532,0.8725,0.6448,0.4486,0.4876,0.4097,0.1268,0.0686,0.1128,-0.2911,0.0389,0.0779,0.2829,0.0582,80.691,99.9731,27.8297,0.9662
23.133,694,on_ground,0.362,0.4237,-0.473,1.2735,0.8966,0.7041,0.3582,0.3998,0.3243,0.093,0.0678,0.019,-0.3823,0.0339,0.0755,0.2312,0.0253,55.461,112.5182,48.8651,0.9026
23.167,695,on_ground,0.2678,0.3773,-0.5926,1.2828,0.9699,0.7561,0.3096,0.3122,0.2233,0.0551,0.0674,-0.068,-0.4768,0.0863,0.089,0.1682,-0.0124,58.861,131.3971,52.4616,0.8313
23.2,696,on_ground,0.1746,0.2615,-0.7355,1.3629,0.997,0.7316,0.1427,0.203,0.1461,-0.0287,0.071,-0.1904,-0.6019,-0.0034,0.057,0.1747,-0.0997,52.243,122.2816,67.223,0.7611
23.233,697,on_ground,0.1122,0.2121,-0.8221,1.375,1.0342,0.7522,0.0021,0.1052,0.1192,-0.0806,0.079,-0.2902,-0.6875,-0.1171,-0.014,0.1998,-0.1596,30.2326,99.8138,90.3197,0.7162
23.267,698,on_ground,0.0654,0.1457,-0.909,1.3259,1.0547,0.7955,-0.0872,0.0306,0.1003,-0.1304,0.0826,-0.3596,-0.7644,-0.1875,-0.0698,0.2307,-0.213,18.0554,95.4869,101.9861,0.7122
23.3,699,on_ground,0.1298,0.1826,-0.8203,1.2167,1.0029,0.8242,-0.0494,0.0884,0.1712,-0.0743,0.0817,-0.2853,-0.6765,-0.2206,-0.0828,0.2455,-0.156,15.7344,93.8107,103.4972,0.7111
23.333,700,on_ground,0.2223,0.2656,-0.6669,1.1564,0.9325,0.8064,0.0632,0.1999,0.2446,-0.0381,0.0816,-0.1517,-0.5299,-0.1814,-0.0447,0.2827,-0.1197,23.9093,95.7117,96.6069,0.7127
23.367,701,on_ground,0.2913,0.3411,-0.5311,1.0967,0.8721,0.7952,0.1744,0.2904,0.2922,-0.0158,0.0794,-0.0326,-0.3985,-0.1178,-0.0018,0.308,-0.0952,31.4396,102.3992,87.6433,0.7007
23.4,702,on_ground,0.3322,0.3985,-0.4337,1.0805,0.8322,0.7702,0.251,0.3618,0.3026,-0.0015,0.0769,0.0537,-0.3057,-0.0516,0.0592,0.3041,-0.0784,32.6864,117.3674,72.6337,0.6929
23.433,703,on_ground,0.3553,0.4341,-0.3645,1.06,0.7986,0.7535,0.3062,0.4097,0.3009,0.0111,0.0775,0.114,-0.2398,0.0052,0.1088,0.2899,-0.0664,33.7039,132.7544,59.4937,0.6891
23.467,704,on_ground,0.4093,0.501,-0.2674,1.0572,0.7684,0.7268,0.3885,0.481,0.3375,0.0424,0.0794,0.1919,-0.1472,0.0509,0.1435,0.2951,-0.0369,41.3287,141.0422,50.3571,0.6991
23.5,705,on_ground,0.4134,0.5273,-0.2253,1.0538,0.7527,0.7143,0.425,0.5114,0.3154,0.0265,0.0803,0.2283,-0.1077,0.1096,0.196,0.2889,-0.0538,40.2644,136.1232,39.0752,0.7691
23.533,706,on_ground,0.4223,0.5598,-0.1827,1.0646,0.7425,0.6974,0.4615,0.5444,0.3001,-0.0026,0.0804,0.2647,-0.0694,0.1613,0.2443,0.3028,-0.0831,46.6425,140.8866,28.237,0.9575
23.567,707,on_ground,0.4139,0.562,-0.177,1.0652,0.739,0.6938,0.47,0.549,0.2788,-0.0087,0.0806,0.2682,-0.0656,0.1912,0.2702,0.2875,-0.0893,34.5342,136.1285,25.6169,0.9236
23.6,708,on_ground,0.4272,0.5899,-0.1449,1.0642,0.7348,0.6905,0.5017,0.5726,0.2818,-0.0107,0.0805,0.2955,-0.0347,0.2199,0.2908,0.2925,-0.0912,40.5587,135.9604,23.3083,0.9297
23.633,709,on_ground,0.4403,0.6194,-0.1186,1.0626,0.738,0.6945,0.5355,0.595,0.2856,0.0004,0.0813,0.3189,-0.0092,0.2499,0.3094,0.2852,-0.0809,27.6207,134.0973,21.6594,0.8997
23.667,710,on_ground,0.4678,0.6606,-0.0868,1.0952,0.7475,0.6825,0.5835,0.626,0.3096,0.0193,0.0822,0.3482,0.0221,0.2739,0.3164,0.2903,-0.0629,34.0955,135.1035,22.5522,0.8949
23.7,711,on_ground,0.4796,0.6884,-0.078,1.1358,0.7664,0.6748,0.6245,0.6417,0.3176,0.0275,0.0819,0.3592,0.0314,0.307,0.3242,0.2901,-0.0544,37.4178,134.305,22.7901,0.8944
23.733,712,on_ground,0.4661,0.7147,-0.0989,1.2628,0.8136,0.6442,0.6589,0.6357,0.2964,0.0111,0.0817,0.347,0.0133,0.3625,0.3393,0.2853,-0.0706,32.1979,132.7102,23.6445,0.9096
23.767,713,on_ground,0.4611,0.7425,-0.1139,1.3423,0.8564,0.638,0.6794,0.6344,0.2878,0.0045,0.0812,0.339,0.0003,0.3916,0.3466,0.2834,-0.0767,29.7748,131.6882,24.4532,0.9336
23.8,714,on_ground,0.457,0.758,-0.1263,1.3949,0.8843,0.634,0.6932,0.6334,0.2805,-0.0026,0.0808,0.3339,-0.0103,0.4127,0.3528,0.2831,-0.0833,28.6821,131.6107,24.8134,0.9519
23.833,715,on_ground,0.4655,0.771,-0.1217,1.4147,0.8927,0.631,0.7102,0.6418,0.2891,0.0023,0.0808,0.3399,-0.0049,0.4211,0.3526,0.2868,-0.0785,29.1778,132.9247,24.8488,0.9661
23.867,716,on_ground,0.463,0.7785,-0.1274,1.4415,0.9058,0.6284,0.7149,0.6418,0.2843,-0.0021,0.081,0.3392,-0.0087,0.4305,0.3575,0.2864,-0.0832,27.6077,133.086,25.341,0.9812
23.9,717,on_ground,0.4643,0.7764,-0.1295,1.4418,0.9058,0.6282,0.7157,0.6433,0.2853,-0.0021,0.0811,0.3375,-0.0097,0.4304,0.3579,0.2874,-0.0831,27.2614,133.5613,25.5659,0.9819
23.933,718,on_ground,0.4603,0.7772,-0.1396,1.4613,0.9169,0.6274,0.712,0.6393,0.2814,-0.0092,0.0814,0.3325,-0.018,0.4306,0.3579,0.2905,-0.0906,25.384,133.9052,26.1984,0.9919
23.967,719,on_ground,0.4582,0.7158,-0.1449,1.3285,0.8607,0.6479,0.6916,0.6371,0.2792,-0.0128,0.0817,0.328,-0.0221,0.4123,0.3578,0.292,-0.0945,23.8474,134.0035,26.4516,0.9261
24.0,720,on_ground,0.46,0.7148,-0.1481,1.3287,0.8629,0.6494,0.6897,0.6378,0.2823,-0.0107,0.0817,0.3281,-0.0238,0.4074,0.3555,0.293,-0.0924,28.1376,133.7389,26.6418,0.9302
24.033,721,on_ground,0.4547,0.7118,-0.1565,1.336,0.8683,0.6499,0.6848,0.634,0.2755,-0.0162,0.0817,0.3212,-0.0308,0.4093,0.3585,0.2916,-0.0978,29.8097,133.3163,26.9345,0.9348
24.067,722,on_ground,0.4572,0.7174,-0.1579,1.3471,0.8753,0.6498,0.6888,0.6359,0.2785,-0.015,0.0813,0.3219,-0.0308,0.4103,0.3574,0.2935,-0.0963,32.6489,133.2307,26.9824,0.9444
24.1,723,on_ground,0.4479,0.7137,-0.1715,1.3603,0.8852,0.6508,0.6841,0.6286,0.2672,-0.0275,0.0808,0.3115,-0.043,0.4169,0.3614,0.2947,-0.1083,34.2997,133.3777,26.8053,0.9527
24.133,724,on_ground,0.4458,0.7147,-0.1763,1.369,0.8909,0.6508,0.6846,0.6274,0.2642,-0.0314,0.0807,0.3084,-0.0473,0.4203,0.3632,0.2957,-0.1122,34.7261,133.5693,26.6446,0.9594
24.167,725,on_ground,0.4392,0.7133,-0.1831,1.3792,0.8963,0.6499,0.6823,0.6229,0.2555,-0.0393,0.0806,0.3023,-0.0536,0.4268,0.3674,0.2949,-0.1199,34.3525,133.2733,26.5063,0.9625
24.2,726,on_ground,0.4344,0.7116,-0.1892,1.3865,0.9008,0.6497,0.6799,0.6187,0.2501,-0.0452,0.0805,0.2969,-0.0591,0.4298,0.3685,0.2954,-0.1257,33.9486,133.0849,26.5699,0.9652
24.233,727,on_ground,0.43,0.7109,-0.1953,1.3937,0.9062,0.6502,0.678,0.6145,0.2456,-0.0511,0.0804,0.2915,-0.0646,0.4324,0.3689,0.2967,-0.1315,33.4942,133.0936,26.7036,0.969
24.267,728,on_ground,0.4284,0.7101,-0.1992,1.3981,0.9094,0.6504,0.6756,0.6134,0.2434,-0.0553,0.0801,0.2878,-0.0679,0.4323,0.3701,0.2987,-0.1355,33.5287,133.2932,26.6889,0.9705
24.3,729,on_ground,0.436,0.7154,-0.1926,1.3983,0.908,0.6494,0.6797,0.6186,0.2534,-0.0476,0.0802,0.2939,-0.0611,0.4263,0.3652,0.301,-0.1278,34.5462,133.2871,26.6088,0.9729
24.333,730,on_ground,0.4334,0.7098,-0.1958,1.3932,0.9056,0.65,0.6739,0.6158,0.251,-0.0504,0.0802,0.2907,-0.0635,0.4229,0.3648,0.3014,-0.1306,34.0884,133.3138,26.9175,0.9668
24.367,731,on_ground,0.4303,0.7043,-0.1977,1.387,0.9021,0.6504,0.6675,0.6118,0.2488,-0.0529,0.0802,0.2885,-0.0655,0.4187,0.363,0.3016,-0.1331,33.6044,133.3956,27.3851,0.9611
24.4,732,on_ground,0.4321,0.7003,-0.1947,1.3757,0.895,0.6505,0.6635,0.6121,0.2521,-0.0508,0.0805,0.2911,-0.0624,0.4115,0.3601,0.3028,-0.1313,32.6924,133.6469,27.8616,0.9532
24.433,733,on_ground,0.4343,0.6956,-0.192,1.3598,0.8876,0.6528,0.6604,0.6122,0.2564,-0.0465,0.0806,0.2949,-0.0587,0.404,0.3558,0.303,-0.1272,33.5035,134.1106,28.6986,0.9497
24.467,734,on_ground,0.4334,0.6914,-0.1891,1.3491,0.8805,0.6526,0.6562,0.6089,0.2579,-0.0434,0.0808,0.2969,-0.0554,0.3983,0.351,0.3013,-0.1242,32.8442,134.0204,29.4173,0.9413
24.5,735,on_ground,0.4435,0.6963,-0.1753,1.3301,0.8716,0.6553,0.6611,0.6139,0.2731,-0.0265,0.0808,0.3083,-0.0414,0.3879,0.3408,0.2996,-0.1072,34.335,134.0302,29.964,0.9425
24.533,736,on_ground,0.4545,0.7018,-0.1617,1.3202,0.8636,0.6541,0.6673,0.621,0.288,-0.0131,0.081,0.3193,-0.0278,0.3792,0.3329,0.3011,-0.0941,35.4965,134.2592,30.7079,0.9401
24.567,737,on_ground,0.4594,0.7022,-0.1568,1.31,0.859,0.6557,0.6682,0.6225,0.2963,-0.0089,0.0808,0.3237,-0.0226,0.3719,0.3262,0.3052,-0.0897,36.7391,134.7993,31.5578,0.9403
24.6,738,on_ground,0.4542,0.6968,-0.1609,1.3051,0.8577,0.6572,0.6639,0.6175,0.2908,-0.0141,0.0809,0.3192,-0.0265,0.373,0.3266,0.3049,-0.095,35.843,135.0583,32.1181,0.9416
24.633,739,on_ground,0.4514,0.6936,-0.1653,1.2843,0.8589,0.6688,0.6622,0.6138,0.289,-0.0137,0.0806,0.3155,-0.0316,0.3732,0.3248,0.3027,-0.0943,37.1214,136.1993,32.7065,0.9707
24.667,740,on_ground,0.4457,0.6912,-0.1725,1.2974,0.8636,0.6657,0.6604,0.6092,0.2821,-0.0215,0.0805,0.3108,-0.0382,0.3783,0.3271,0.3036,-0.102,37.2367,136.3843,33.3308,0.966
24.7,741,on_ground,0.4443,0.6911,-0.1758,1.2896,0.8669,0.6722,0.6613,0.6078,0.2809,-0.0224,0.0802,0.3084,-0.0421,0.3805,0.3269,0.3033,-0.1027,38.0923,137.1314,33.4318,0.9906
24.733,742,on_ground,0.4432,0.6932,-0.1776,1.3088,0.8709,0.6654,0.6656,0.6079,0.2784,-0.0281,0.0799,0.308,-0.0439,0.3872,0.3295,0.3065,-0.108,38.9226,136.6097,33.1105,0.9839
24.767,743,on_ground,0.4459,0.7009,-0.1722,1.3137,0.8731,0.6646,0.6746,0.6107,0.2811,-0.0268,0.0796,0.3104,-0.0395,0.3934,0.3296,0.3079,-0.1063,40.5641,137.0072,32.4862,1.012
24.8,744,on_ground,0.4476,0.7064,-0.1711,1.3214,0.8775,0.664,0.6828,0.6136,0.2816,-0.0269,0.0796,0.312,-0.0389,0.4012,0.332,0.3085,-0.1065,41.5156,136.8865,32.0876,1.0247
24.833,745,on_ground,0.4517,0.7143,-0.1691,1.3425,0.8834,0.658,0.6918,0.6184,0.285,-0.0249,0.0799,0.3148,-0.0361,0.4068,0.3334,0.3099,-0.1048,41.0405,136.5424,32.1436,1.018
24.867,746,on_ground,0.4522,0.7192,-0.1695,1.3601,0.8887,0.6534,0.6977,0.6194,0.285,-0.0276,0.08,0.3144,-0.0358,0.4128,0.3345,0.3125,-0.1076,41.4173,136.4108,32.0458,1.0169
24.9,747,on_ground,0.4522,0.7215,-0.1709,1.3743,0.8925,0.6494,0.7019,0.6205,0.2838,-0.0306,0.0799,0.3138,-0.0367,0.4181,0.3367,0.3144,-0.1105,41.2355,136.3138,32.1053,1.0157
24.933,748,on_ground,0.4502,0.7219,-0.1745,1.3861,0.8964,0.6467,0.7036,0.6199,0.2804,-0.0359,0.0799,0.3118,-0.0399,0.4231,0.3395,0.3164,-0.1159,41.3938,136.244,32.1021,1.0169
24.967,749,on_ground,0.4518,0.7286,-0.1741,1.3908,0.9026,0.649,0.7072,0.623,0.2805,-0.0354,0.0798,0.3131,-0.0394,0.4267,0.3425,0.3159,-0.1153,41.5865,135.9971,31.8844,1.0211
25.0,750,on_ground,0.4451,0.7293,-0.1823,1.3968,0.9116,0.6526,0.7034,0.619,0.2712,-0.0449,0.0797,0.3075,-0.0474,0.4322,0.3477,0.3161,-0.1246,40.511,135.8793,31.8974,1.0231
25.033,751,on_ground,0.4478,0.7355,-0.1801,1.3961,0.9155,0.6558,0.7066,0.622,0.2736,-0.0425,0.0798,0.3108,-0.0451,0.433,0.3484,0.3162,-0.1224,40.8172,135.7352,31.8612,1.0277
25.067,752,on_ground,0.4516,0.7417,-0.1761,1.3906,0.9178,0.66,0.7101,0.6257,0.2775,-0.0374,0.0798,0.3147,-0.0413,0.4326,0.3481,0.3149,-0.1172,41.3805,135.5961,31.7774,1.0358
25.1,753,on_ground,0.4552,0.754,-0.1708,1.4575,0.9248,0.6345,0.7215,0.6291,0.2813,-0.0307,0.0796,0.32,-0.0363,0.4402,0.3478,0.3119,-0.1102,41.8423,135.3477,31.447,1.0452
25.133,754,on_ground,0.4662,0.7621,-0.1553,1.4518,0.9174,0.6319,0.7306,0.6397,0.2927,-0.0147,0.08,0.3333,-0.0214,0.4379,0.3469,0.3074,-0.0947,41.7357,135.0681,31.3074,1.0485
25.167,755,on_ground,0.4691,0.7642,-0.1504,1.4417,0.9146,0.6344,0.732,0.6423,0.296,-0.0071,0.0799,0.3372,-0.0166,0.436,0.3463,0.3031,-0.0869,41.7254,134.6392,31.1225,1.0509
25.2,756,on_ground,0.4655,0.7624,-0.1535,1.4359,0.9159,0.6378,0.7274,0.6395,0.2916,-0.0121,0.0796,0.3334,-0.0196,0.4358,0.3479,0.3036,-0.0917,41.694,134.6118,30.8665,1.0496
25.233,757,on_ground,0.4642,0.7598,-0.1559,1.4272,0.9157,0.6416,0.7219,0.6373,0.2911,-0.0138,0.0796,0.3307,-0.0217,0.4307,0.3462,0.305,-0.0935,41.2252,134.4967,30.9914,1.0433
25.267,758,on_ground,0.4641,0.7581,-0.1558,1.4011,0.9139,0.6522,0.7166,0.6357,0.2926,-0.01,0.0794,0.3298,-0.0219,0.424,0.3431,0.3026,-0.0894,40.9019,134.41,31.069,1.0477
25.3,759,on_ground,0.4616,0.7538,-0.1587,1.3912,0.9125,0.6559,0.7092,0.6323,0.2908,-0.0134,0.0794,0.3267,-0.0244,0.4183,0.3415,0.3042,-0.0927,40.5989,134.3213,31.3636,1.0405
25.333,760,on_ground,0.4616,0.7502,-0.1584,1.3824,0.9086,0.6572,0.7038,0.6315,0.2916,-0.0133,0.0795,0.327,-0.0242,0.4122,0.3399,0.3049,-0.0928,40.6433,134.2943,31.3851,1.0338
25.367,761,on_ground,0.4596,0.7429,-0.1592,1.3707,0.9021,0.6582,0.6941,0.6291,0.29,-0.0147,0.0794,0.3257,-0.0251,0.4041,0.339,0.3047,-0.0941,40.4921,134.0696,31.2406,1.0224
25.4,762,on_ground,0.4594,0.7359,-0.157,1.3588,0.8929,0.6571,0.6861,0.6284,0.2903,-0.0136,0.0795,0.3271,-0.0231,0.3958,0.3381,0.3039,-0.0931,40.1416,133.8341,31.1874,1.0061
25.433,763,on_ground,0.4585,0.7277,-0.1579,1.3175,0.8855,0.6721,0.669,0.6271,0.2898,-0.0144,0.0795,0.3262,-0.0234,0.3791,0.3373,0.3042,-0.0938,39.317,133.6267,31.2304,0.9883
25.467,764,on_ground,0.458,0.7186,-0.1569,1.3361,0.8755,0.6552,0.6682,0.6258,0.2903,-0.0129,0.0793,0.326,-0.0224,0.378,0.3356,0.3032,-0.0923,39.0145,133.4373,31.4001,0.9711
25.5,765,on_ground,0.4629,0.7135,-0.1485,1.3152,0.862,0.6554,0.6619,0.6289,0.2969,-0.0035,0.0798,0.3321,-0.0146,0.3651,0.3321,0.3004,-0.0833,38.3445,133.3645,31.7854,0.956
25.533,766,on_ground,0.46,0.7013,-0.149,1.2951,0.8503,0.6566,0.6494,0.6241,0.2959,-0.0036,0.0797,0.3303,-0.0151,0.3535,0.3282,0.2995,-0.0834,37.9903,133.2769,32.2234,0.9403
25.567,767,on_ground,0.4618,0.6943,-0.1428,1.2684,0.8372,0.66,0.6404,0.6234,0.3003,0.0035,0.0799,0.3336,-0.0094,0.3402,0.3231,0.2968,-0.0764,37.2863,133.067,32.4601,0.9281
25.6,768,on_ground,0.4619,0.6882,-0.1388,1.249,0.827,0.6622,0.6308,0.6215,0.3022,0.007,0.0804,0.3353,-0.0059,0.3285,0.3192,0.2952,-0.0733,37.2115,132.9183,32.5165,0.9154
25.633,769,on_ground,0.4604,0.6804,-0.1367,1.1948,0.8172,0.6839,0.6112,0.6183,0.3025,0.0083,0.0807,0.3332,-0.0047,0.3087,0.3158,0.2942,-0.0724,36.8311,132.5745,32.4886,0.8996
25.667,770,on_ground,0.4602,0.6713,-0.1323,1.1891,0.8036,0.6758,0.6017,0.6164,0.3039,0.0117,0.0811,0.3327,-0.0014,0.2978,0.3125,0.2922,-0.0694,36.4282,132.078,32.1471,0.8834
25.7,771,on_ground,0.457,0.6602,-0.1288,1.1788,0.789,0.6693,0.5894,0.6105,0.3036,0.0131,0.0814,0.3316,0.0013,0.2858,0.3069,0.2905,-0.0683,36.6008,131.5454,31.779,0.868
25.733,772,on_ground,0.4588,0.6512,-0.1198,1.1717,0.771,0.658,0.58,0.6092,0.3084,0.0197,0.082,0.336,0.0089,0.2716,0.3009,0.2887,-0.0623,35.7876,131.1155,31.4044,0.8488
25.767,773,on_ground,0.4551,0.6397,-0.117,1.1665,0.7567,0.6487,0.5676,0.6027,0.3075,0.0207,0.0822,0.3363,0.0107,0.2601,0.2951,0.2869,-0.0615,35.4331,130.7472,30.9402,0.8327
25.8,774,on_ground,0.4553,0.6293,-0.1119,1.1658,0.7412,0.6358,0.5574,0.5995,0.3111,0.0228,0.0824,0.3388,0.0146,0.2463,0.2885,0.2882,-0.0595,33.568,130.6282,31.0177,0.8103
25.833,775,on_ground,0.4523,0.6162,-0.1108,1.1634,0.727,0.6249,0.5421,0.5925,0.3121,0.0224,0.0825,0.3388,0.0155,0.23,0.2804,0.2897,-0.0601,31.8999,130.6304,31.2994,0.7829
25.867,776,on_ground,0.4465,0.6104,-0.1122,1.1556,0.7226,0.6253,0.5214,0.5807,0.3122,0.0205,0.0825,0.336,0.0139,0.2092,0.2685,0.2918,-0.062,32.0589,130.7712,31.5975,0.7698
25.9,777,on_ground,0.4414,0.6051,-0.1108,1.1431,0.7159,0.6263,0.5057,0.5679,0.315,0.0209,0.0825,0.3342,0.0145,0.1907,0.2528,0.2941,-0.0615,32.0814,131.1428,32.1486,0.7649
25.933,778,on_ground,0.4372,0.5978,-0.1079,1.1283,0.7057,0.6254,0.4899,0.5568,0.3176,0.0224,0.0825,0.333,0.0164,0.1723,0.2392,0.2952,-0.0601,31.3299,131.44,32.7669,0.7548
25.967,779,on_ground,0.4346,0.5928,-0.1034,1.1106,0.6962,0.6269,0.472,0.5475,0.3216,0.0263,0.0827,0.3323,0.0205,0.1503,0.2258,0.2953,-0.0563,30.9623,132.0324,33.7348,0.7485
26.0,780,on_ground,0.4286,0.5826,-0.1037,1.0919,0.6863,0.6285,0.4519,0.5352,0.322,0.0261,0.0827,0.325,0.0204,0.1299,0.2132,0.2959,-0.0566,30.6848,132.5579,35.1506,0.7359
26.033,781,,0.4246,0.5763,-0.0997,1.0738,0.676,0.6296,0.4371,0.5276,0.3215,0.0284,0.0828,0.3225,0.0239,0.1156,0.206,0.2932,-0.0544,30.3124,132.518,35.1135,0.7271
26.067,782,,0.4197,0.5687,-0.0968,1.0511,0.6655,0.6331,0.4188,0.5203,0.3191,0.0291,0.0824,0.3193,0.0258,0.0997,0.2012,0.29,-0.0533,29.7801,132.4497,35.1157,0.726
26.1,783,,0.4133,0.5584,-0.0995,1.0186,0.6579,0.6459,0.3937,0.5104,0.3161,0.0222,0.082,0.3139,0.0219,0.0777,0.1943,0.2939,-0.0598,30.5666,133.7733,35.2594,0.7461
26.133,784,,0.4057,0.5463,-0.1012,0.9897,0.6475,0.6543,0.3737,0.5001,0.3113,0.0171,0.0816,0.3095,0.0195,0.0624,0.1887,0.2942,-0.0644,30.8673,134.2034,35.4477,0.7524
26.167,785,,0.3918,0.5272,-0.1114,0.9771,0.6387,0.6536,0.3514,0.4815,0.3021,0.0058,0.0814,0.2979,0.0097,0.0492,0.1794,0.2963,-0.0755,31.5436,134.1851,37.0985,0.7304
26.2,786,,0.3805,0.5127,-0.116,0.954,0.6287,0.659,0.3367,0.4685,0.2925,-0.0028,0.0814,0.2923,0.0049,0.0441,0.1759,0.2954,-0.0842,31.8869,134.2695,37.0159,0.7289
26.233,787,,0.3672,0.4961,-0.1218,0.9203,0.6179,0.6713,0.3233,0.4537,0.2806,-0.0143,0.081,0.2847,-0.0011,0.0426,0.1731,0.295,-0.0953,32.7005,134.8406,36.5488,0.7423
26.267,788,,0.3589,0.4854,-0.1276,0.9087,0.613,0.6746,0.3127,0.442,0.2758,-0.0219,0.0807,0.2769,-0.0067,0.0369,0.1661,0.2977,-0.1026,32.8497,135.5238,37.9651,0.7385
26.3,789,,0.3523,0.478,-0.1309,0.8855,0.6089,0.6876,0.3054,0.4337,0.2709,-0.028,0.0804,0.2711,-0.0102,0.0345,0.1628,0.2989,-0.1084,33.9896,136.8579,38.1783,0.7577
26.333,790,,0.3371,0.4619,-0.1471,0.889,0.609,0.6851,0.2906,0.4166,0.2575,-0.0435,0.0802,0.2549,-0.0255,0.033,0.159,0.3011,-0.1238,33.6477,136.6099,40.0939,0.7343
26.367,791,,0.3391,0.4625,-0.1469,0.8943,0.6095,0.6815,0.2881,0.4157,0.2625,-0.0435,0.0803,0.2541,-0.025,0.0257,0.1533,0.3059,-0.1238,32.317,138.1263,42.7122,0.7243
26.4,792,,0.3293,0.4533,-0.1617,0.9055,0.615,0.6791,0.2792,0.4054,0.2531,-0.0593,0.0806,0.2412,-0.0385,0.0261,0.1523,0.3123,-0.1399,32.9656,137.4866,44.1554,0.7114
26.433,793,,0.3282,0.4563,-0.1712,0.935,0.6275,0.6711,0.2766,0.4048,0.2516,-0.0692,0.0808,0.2336,-0.0473,0.025,0.1532,0.3207,-0.1499,33.0239,135.4659,46.2286,0.6984
26.467,794,,0.3166,0.4443,-0.191,0.9611,0.6354,0.6611,0.2688,0.3933,0.2399,-0.0854,0.0813,0.2168,-0.0656,0.029,0.1534,0.3253,-0.1667,33.1413,135.4594,47.636,0.6709
26.5,795,,0.309,0.4341,-0.2101,0.984,0.6441,0.6546,0.2687,0.3832,0.2348,-0.1008,0.0818,0.2013,-0.0831,0.0339,0.1483,0.3357,-0.1826,33.4393,134.2667,49.7792,0.653
26.533,796,,0.3074,0.43,-0.2213,0.9997,0.6513,0.6515,0.2798,0.3806,0.2341,-0.1088,0.0814,0.1905,-0.0933,0.0457,0.1465,0.3429,-0.1902,32.9364,133.0652,51.1696,0.646
26.567,797,,0.3164,0.4365,-0.2226,1.0169,0.6592,0.6482,0.2987,0.3906,0.2422,-0.1088,0.0811,0.1904,-0.0941,0.0565,0.1483,0.351,-0.1899,32.5773,132.6118,51.7689,0.6476
26.6,798,,0.3231,0.4404,-0.2277,1.0312,0.6682,0.648,0.313,0.4006,0.2455,-0.112,0.081,0.1882,-0.098,0.0674,0.155,0.3576,-0.193,33.2653,132.6769,51.6687,0.6512
26.633,799,,0.331,0.4437,-0.2287,1.0385,0.6723,0.6474,0.3306,0.4119,0.2502,-0.1101,0.0808,0.1897,-0.0982,0.0804,0.1617,0.3603,-0.1909,33.5152,132.8859,51.4246,0.653
26.667,800,,0.3327,0.4485,-0.2393,1.0445,0.6879,0.6586,0.3368,0.4153,0.25,-0.118,0.0805,0.1806,-0.1078,0.0868,0.1652,0.3681,-0.1985,34.3906,133.2863,51.1535,0.6743
26.7,801,,0.3293,0.4498,-0.2593,1.0621,0.7091,0.6677,0.3327,0.4165,0.242,-0.1319,0.0799,0.1659,-0.1259,0.0907,0.1745,0.374,-0.2118,33.238,134.1048,50.1395,0.6914
26.733,802,,0.3193,0.4395,-0.2875,1.0723,0.7269,0.6779,0.3207,0.4083,0.2302,-0.1538,0.0795,0.1444,-0.1518,0.0905,0.1781,0.384,-0.2333,32.4981,133.8301,50.1478,0.7048
26.767,803,,0.3247,0.4407,-0.2964,1.0651,0.7371,0.692,0.3205,0.4046,0.2449,-0.1535,0.0779,0.1377,-0.1588,0.0756,0.1597,0.3984,-0.2314,35.0082,129.9379,53.4379,0.7155
26.8,804,,0.3381,0.4459,-0.2976,1.0696,0.7435,0.6951,0.2614,0.4136,0.2625,-0.1438,0.0787,0.141,-0.1583,-0.0011,0.1511,0.4063,-0.2225,34.997,128.2038,54.942,0.7161
26.833,805,,0.3445,0.4447,-0.3018,1.0542,0.7465,0.7081,0.3351,0.4118,0.2772,-0.1309,0.077,0.1376,-0.162,0.0579,0.1345,0.4081,-0.2079,37.8305,125.039,57.9837,0.7205
26.867,806,,0.3396,0.4387,-0.3183,1.048,0.757,0.7223,0.3045,0.4059,0.2733,-0.1279,0.0758,0.1249,-0.1783,0.0312,0.1327,0.4012,-0.2037,38.9376,124.3718,58.7925,0.7302
26.9,807,,0.3398,0.4281,-0.3254,1.0196,0.7535,0.739,0.2937,0.3967,0.2828,-0.1124,0.0737,0.1182,-0.1845,0.0109,0.1139,0.3952,-0.186,42.5383,120.1947,62.6695,0.7306
26.933,808,,0.3434,0.4243,-0.3249,1.0002,0.7492,0.7491,0.2895,0.3935,0.2933,-0.0915,0.0712,0.118,-0.1837,-0.0038,0.1002,0.3847,-0.1626,46.1643,116.4242,65.7872,0.7288
26.967,809,,0.3485,0.4238,-0.3249,0.9851,0.7487,0.7601,0.2814,0.3908,0.3062,-0.0702,0.0687,0.1184,-0.1837,-0.0248,0.0846,0.3764,-0.1389,49.9322,112.0299,69.394,0.7333
27.0,810,,0.3512,0.4177,-0.3307,0.9794,0.7484,0.7642,0.2679,0.3839,0.3185,-0.0555,0.067,0.1153,-0.1891,-0.0506,0.0654,0.3741,-0.1225,52.3588,107.163,73.7395,0.7332
27.033,811,,0.3557,0.4123,-0.3355,0.977,0.7478,0.7654,0.2549,0.3765,0.3349,-0.0442,0.066,0.1131,-0.1938,-0.08,0.0416,0.3791,-0.1102,54.0157,101.2979,79.2168,0.7334
27.067,812,,0.3656,0.4167,-0.3371,0.9849,0.7539,0.7654,0.2556,0.3758,0.3555,-0.0275,0.065,0.1156,-0.195,-0.0999,0.0203,0.383,-0.0925,57.0653,95.6227,84.3724,0.7308
27.1,813,,0.3665,0.414,-0.3494,0.9934,0.7634,0.7684,0.2409,0.3671,0.3658,-0.0205,0.0645,0.1106,-0.2062,-0.1249,0.0013,0.3863,-0.0849,59.2889,90.5914,88.8698,0.7276
27.133,814,,0.3512,0.3943,-0.3851,1.009,0.7793,0.7724,0.2079,0.3399,0.3625,-0.0324,0.0681,0.0846,-0.2396,-0.1546,-0.0226,0.395,-0.1005,58.9573,85.3107,94.2527,0.7246
27.167,815,,0.3178,0.363,-0.4425,1.02,0.8055,0.7897,0.157,0.2978,0.3378,-0.0672,0.0773,0.0401,-0.2943,-0.1808,-0.0399,0.405,-0.1446,54.3798,82.5891,97.5653,0.7313
27.2,816,,0.2947,0.3411,-0.4893,1.039,0.8304,0.7992,0.1207,0.2671,0.3224,-0.098,0.0816,0.006,-0.3386,-0.2017,-0.0554,0.4204,-0.1796,52.3081,82.2453,100.3176,0.7384
27.233,817,,0.2861,0.3329,-0.5166,1.0533,0.8495,0.8065,0.101,0.2496,0.3225,-0.1143,0.0811,-0.0142,-0.3638,-0.2215,-0.0729,0.4368,-0.1954,53.8687,83.668,103.2479,0.7579
27.267,818,,0.2907,0.3423,-0.5194,1.0613,0.8618,0.812,0.0989,0.2496,0.3317,-0.1118,0.0796,-0.0137,-0.3666,-0.2328,-0.0821,0.4435,-0.1913,56.5021,82.0902,104.6505,0.7666
27.3,819,,0.3033,0.3591,-0.5125,1.0702,0.8715,0.8144,0.1055,0.2578,0.3487,-0.0963,0.0772,-0.0047,-0.3598,-0.2432,-0.0909,0.445,-0.1736,63.5667,82.9863,106.0817,0.7764
27.333,820,,0.3084,0.3675,-0.5123,1.0771,0.8798,0.8168,0.1056,0.2593,0.3575,-0.0938,0.0767,-0.0017,-0.3596,-0.2519,-0.0982,0.4513,-0.1705,67.128,84.2669,107.2304,0.7832
27.367,821,,0.3096,0.376,-0.5196,1.1008,0.8956,0.8136,0.0986,0.2531,0.3661,-0.0993,0.0763,-0.0059,-0.3675,-0.2675,-0.113,0.4654,-0.1757,67.2675,82.9661,109.6209,0.7998
27.4,822,,0.3094,0.388,-0.5348,1.141,0.9229,0.8088,0.0849,0.2406,0.3781,-0.1139,0.0787,-0.0172,-0.3835,-0.2931,-0.1374,0.492,-0.1926,60.6686,77.9371,113.3435,0.8275
27.433,823,,0.3136,0.408,-0.5484,1.1944,0.9564,0.8008,0.0704,0.2307,0.3965,-0.124,0.0798,-0.0283,-0.3976,-0.3261,-0.1659,0.5205,-0.2037,54.9046,73.1605,117.5419,0.8708
27.467,824,,0.3021,0.4063,-0.5793,1.2316,0.9857,0.8003,0.0417,0.2091,0.395,-0.1486,0.0819,-0.0563,-0.4297,-0.3534,-0.186,0.5436,-0.2304,41.9927,69.2467,120.0338,0.9239
27.5,825,,0.2991,0.4075,-0.5924,1.2531,0.9999,0.7979,0.0283,0.2004,0.3978,-0.1551,0.0842,-0.07,-0.4457,-0.3695,-0.1974,0.5529,-0.2393,27.1141,66.3862,121.3486,0.9966
27.533,826,,0.2921,0.4029,-0.6088,1.2673,1.0117,0.7983,0.0096,0.1899,0.3943,-0.1679,0.0847,-0.0874,-0.4643,-0.3846,-0.2044,0.5622,-0.2526,14.042,63.967,122.1735,1.0633
27.567,827,,0.2963,0.4092,-0.6124,1.2851,1.0217,0.795,0.0041,0.193,0.3996,-0.1675,0.0848,-0.0949,-0.4697,-0.3955,-0.2066,0.5671,-0.2523,5.6634,61.4356,122.7835,1.0965
27.6,828,,0.3017,0.417,-0.6105,1.2977,1.0275,0.7917,-0.0279,0.1985,0.4048,-0.1632,0.0847,-0.0932,-0.4679,-0.4327,-0.2063,0.568,-0.2479,2.6189,58.5916,123.0628,1.1302
27.633,829,,0.325,0.4336,-0.5806,1.2916,1.0141,0.7852,0.0393,0.2292,0.4207,-0.1365,0.0848,-0.0646,-0.4386,-0.3814,-0.1914,0.5572,-0.2213,0.9312,57.7048,121.7042,1.1519
27.667,830,,0.3439,0.4477,-0.5567,1.2881,1.0045,0.7798,0.0329,0.2545,0.4333,-0.1131,0.0849,-0.0423,-0.4146,-0.4004,-0.1788,0.5465,-0.1981,1.0426,56.2772,120.9597,1.1687
27.7,831,,0.3465,0.4477,-0.5531,1.283,1.0008,0.78,0.0324,0.2603,0.4327,-0.109,0.0848,-0.0366,-0.4098,-0.4002,-0.1724,0.5417,-0.1938,0.7287,55.7845,120.6043,1.1658
27.733,832,,0.3499,0.4426,-0.5514,1.2704,0.994,0.7824,0.096,0.2699,0.4299,-0.1045,0.0842,-0.0335,-0.4066,-0.3339,-0.16,0.5344,-0.1886,2.2239,57.9182,118.6869,1.1477
27.767,833,,0.3537,0.4438,-0.5568,1.2792,1.0006,0.7823,0.099,0.275,0.4324,-0.0979,0.0835,-0.0354,-0.4109,-0.3333,-0.1574,0.5302,-0.1814,4.774,59.2652,117.9728,1.1348
27.8,834,,0.3199,0.4074,-0.6155,1.2845,1.0229,0.7963,0.0637,0.2425,0.3973,-0.1391,0.0815,-0.0783,-0.4654,-0.3336,-0.1548,0.5364,-0.2206,6.0056,60.0161,117.181,1.1205
27.833,835,,0.3551,0.4437,-0.584,1.3132,1.0277,0.7825,0.0988,0.2755,0.4347,-0.0948,0.0783,-0.0491,-0.4335,-0.3358,-0.1592,0.5294,-0.1731,10.0788,59.4189,118.0312,1.1174
27.867,836,,0.4271,0.5105,-0.5037,1.341,1.0142,0.7563,0.1793,0.3466,0.5076,-0.0102,0.073,0.0193,-0.3541,-0.3283,-0.161,0.5178,-0.0832,87.1539,58.0968,118.812,1.1151
27.9,837,,0.44,0.518,-0.5057,1.3737,1.0238,0.7453,0.2024,0.3632,0.5169,0.0155,0.0735,0.0278,-0.3501,-0.3145,-0.1537,0.5014,-0.058,91.6841,58.258,117.2119,1.0966
27.933,838,,0.4517,0.5345,-0.5235,1.4192,1.058,0.7455,0.2175,0.3727,0.5307,0.047,0.0757,0.0308,-0.3566,-0.3133,-0.1581,0.4837,-0.0286,94.946,56.3547,117.0444,1.0935
27.967,839,,0.447,0.5554,-0.5931,1.561,1.1485,0.7357,0.1909,0.3554,0.5386,0.0759,0.0805,-0.0054,-0.4098,-0.3477,-0.1832,0.4627,-0.0046,90.8434,50.9133,120.3573,1.1375
28.0,840,,0.4815,0.5902,-0.5838,1.6354,1.174,0.7179,0.2116,0.3946,0.5685,0.1306,0.0818,0.0319,-0.3918,-0.3569,-0.1739,0.4379,0.0488,103.3447,49.7128,119.6475,1.1674
28.033,841,,0.5212,0.6346,-0.5539,1.7126,1.1885,0.694,0.2158,0.4251,0.6173,0.1747,0.0819,0.0603,-0.3629,-0.4015,-0.1922,0.4426,0.0928,142.3333,46.0701,123.7967,1.1986
28.067,842,,0.5764,0.6925,-0.4772,1.7685,1.1697,0.6614,0.3161,0.4769,0.6758,0.2132,0.0818,0.1077,-0.2982,-0.3597,-0.1988,0.4626,0.1314,150.0609,43.2522,125.2589,1.2201
28.1,843,,0.582,0.7,-0.4452,1.7728,1.1453,0.646,0.292,0.4863,0.6777,0.2309,0.0821,0.1265,-0.2835,-0.3856,-0.1914,0.4468,0.1488,149.0235,36.9054,130.3601,1.2747
28.133,844,,0.5706,0.6571,-0.4429,1.6923,1.1,0.65,,0.5092,0.632,0.211,0.0815,0.1281,-0.2916,,-0.1228,0.4211,0.1294,139.1862,28.6604,138.1579,1.3153
28.167,845,,0.6115,0.6819,-0.3514,1.6549,1.0332,0.6244,0.4172,0.5616,0.6614,0.2382,0.0812,0.1886,-0.2181,-0.2442,-0.0998,0.4232,0.1571,146.7252,32.3016,130.7334,1.3642
28.2,846,,0.6334,0.706,-0.2975,1.6797,1.0035,0.5974,,0.5825,0.6843,0.234,0.0804,0.2203,-0.1808,,-0.1018,0.4503,0.1535,152.8534,28.5152,155.8918,1.4438
28.233,847,,0.6882,0.7534,-0.2087,1.7126,0.9621,0.5618,0.4888,0.6346,0.7418,0.2607,0.0805,0.2795,-0.1048,-0.253,-0.1072,0.4811,0.1802,158.1915,26.7204,144.7831,1.5081
28.267,848,,0.7263,0.7733,-0.1408,1.7048,0.914,0.5361,0.5303,0.6854,0.7673,0.2769,0.08,0.3312,-0.0422,-0.237,-0.0819,0.4904,0.1968,159.5494,30.7362,128.6835,1.4849
28.3,849,,0.7762,0.8005,-0.0564,1.6569,0.8569,0.5172,0.6142,0.7561,0.7963,0.3123,0.0805,0.4039,0.0454,-0.1821,-0.0402,0.484,0.2318,160.4174,43.464,109.0436,1.4689
28.333,850,,0.8131,0.8491,0.0313,1.678,0.8177,0.4873,0.6961,0.8329,0.7934,0.3467,0.0808,0.4983,0.1584,-0.0973,0.0395,0.4467,0.2659,161.1151,108.1278,64.3966,1.4832
28.367,851,,0.849,0.9146,0.0517,1.8403,0.8629,0.4689,0.7931,0.9096,0.7883,0.3692,0.0816,0.601,0.2877,0.0048,0.1213,0.4191,0.2877,163.4487,140.2892,32.4978,1.5949
28.4,852,,0.8876,0.9871,0.0629,2.0814,0.9242,0.444,0.8797,0.9823,0.7929,0.3985,0.0819,0.6996,0.3873,0.0868,0.1893,0.3945,0.3166,166.319,149.7634,19.4201,1.6381
28.433,853,,0.9238,1.0567,0.0706,2.3236,0.9862,0.4244,0.9829,1.0452,0.8024,0.4273,0.0821,0.7777,0.4856,0.1805,0.2428,0.3751,0.3452,167.7763,155.0827,13.8756,1.7087
28.467,854,,0.9641,1.134,0.076,2.6187,1.0581,0.404,1.0754,1.1111,0.817,0.4428,0.0822,0.857,0.5772,0.2584,0.2941,0.3742,0.3606,168.7317,159.9453,10.1082,1.8388
28.5,855,,0.9957,1.2101,0.0804,2.9607,1.1297,0.3816,1.1529,1.166,0.8254,0.4523,0.0823,0.9227,0.6483,0.3275,0.3407,0.373,0.37,170.4972,163.3627,7.7315,1.9022
28.533,856,,1.0218,1.2848,0.0814,3.3519,1.2035,0.359,1.2363,1.213,0.8305,0.4553,0.0824,0.987,0.7216,0.4057,0.3825,0.3753,0.3729,172.2365,165.3236,6.0404,1.9518
28.567,857,,1.0437,1.3445,0.0789,3.7036,1.2655,0.3417,1.2998,1.2555,0.8319,0.4586,0.0824,1.0407,0.783,0.4679,0.4236,0.3733,0.3762,173.7456,166.7608,4.5478,1.9829
28.6,858,,1.0626,1.3893,0.0765,3.9993,1.3128,0.3283,1.3519,1.291,0.8341,0.4601,0.0823,1.0839,0.8268,0.5177,0.4568,0.3741,0.3777,175.0664,168.1035,3.3686,1.9866
28.633,859,,1.0799,1.4399,0.0717,4.3638,1.3682,0.3135,1.4033,1.3243,0.8354,0.4573,0.0822,1.1196,0.87,0.5679,0.4889,0.3781,0.3751,176.3041,169.2834,1.8194,2.0165
28.667,860,,1.0964,1.4853,0.0683,4.7226,1.417,0.3,1.4491,1.355,0.8378,0.4573,0.0821,1.1388,0.896,0.6114,0.5173,0.3804,0.3752,177.4416,170.3067,0.4393,2.0347
28.7,861,,1.1119,1.5188,0.0668,5.0103,1.452,0.2898,1.4844,1.3797,0.8441,0.4612,0.082,1.1696,0.9157,0.6403,0.5356,0.383,0.3791,178.0223,170.9745,0.4027,2.0195
28.733,862,,1.1211,1.5544,0.0658,5.3325,1.4886,0.2792,1.5171,1.3974,0.8448,0.4613,0.082,1.1909,0.9322,0.6723,0.5525,0.3835,0.3793,178.5992,171.5021,1.3192,1.997
28.767,863,,1.1287,1.5789,0.065,5.571,1.514,0.2718,1.5413,1.4128,0.8446,0.4583,0.0819,1.2047,0.9441,0.6967,0.5682,0.3862,0.3764,178.3151,172.1584,2.0261,1.95
28.8,864,,1.1342,1.5958,0.0646,5.742,1.5312,0.2667,1.5603,1.4268,0.8417,0.4531,0.0818,1.2084,0.9437,0.7187,0.5851,0.3885,0.3713,177.8202,172.7838,2.6945,1.8979
28.833,865,,1.1368,1.6088,0.0637,5.8827,1.5451,0.2626,1.5729,1.4346,0.8389,0.4488,0.0817,1.208,0.9423,0.734,0.5957,0.3902,0.367,177.3279,173.1833,3.2427,1.8513
28.867,866,,1.1406,1.6189,0.0631,5.9944,1.5558,0.2596,1.5848,1.442,0.8393,0.4454,0.0816,1.2057,0.9371,0.7456,0.6027,0.3939,0.3638,176.8801,173.6273,3.556,1.818
28.9,867,,1.1418,1.6274,0.0626,6.0897,1.5648,0.257,1.5947,1.4446,0.839,0.4424,0.0816,1.2007,0.9292,0.7556,0.6056,0.3967,0.3608,176.5169,173.9762,3.769,1.7954
28.933,868,,1.1419,1.6331,0.0621,6.157,1.571,0.2552,1.6016,1.4459,0.8379,0.439,0.0815,1.1929,0.9214,0.7637,0.608,0.3989,0.3575,176.3212,174.1283,3.9895,1.7886
28.967,869,,1.144,1.638,0.062,6.2144,1.5761,0.2536,1.6086,1.449,0.839,0.4366,0.0815,1.1886,0.9151,0.7695,0.61,0.4024,0.3552,176.2768,174.2245,4.1739,1.8001
29.0,870,upright,1.1454,1.6418,0.0627,6.2587,1.5791,0.2523,1.6144,1.4512,0.8395,0.4342,0.0815,1.1853,0.9091,0.775,0.6118,0.4053,0.3527,176.6342,174.2249,4.4263,1.8185
29.033,871,upright,1.147,1.6453,0.0631,6.2979,1.5822,0.2512,1.6225,1.4529,0.8411,0.4333,0.0815,1.1826,0.9035,0.7814,0.6118,0.4078,0.3518,176.9395,174.147,4.6272,1.8537
29.067,872,upright,1.1491,1.6489,0.063,6.3377,1.5859,0.2502,1.626,1.4547,0.8435,0.4341,0.0815,1.1806,0.8963,0.7826,0.6113,0.4094,0.3526,176.7692,174.1436,4.6391,1.9074
29.1,873,upright,1.1504,1.6518,0.0627,6.3722,1.5891,0.2494,1.6284,1.4556,0.8453,0.435,0.0814,1.1786,0.8895,0.7831,0.6103,0.4103,0.3535,176.5844,174.1012,4.6437,1.9729
29.133,874,upright,1.1513,1.654,0.0626,6.3982,1.5914,0.2487,1.6305,1.4558,0.8468,0.4361,0.0814,1.1763,0.8839,0.7837,0.609,0.4107,0.3547,176.4051,174.0303,4.6841,2.0243
29.167,875,upright,1.1522,1.654,0.0627,6.3978,1.5913,0.2487,1.6318,1.4556,0.8488,0.4376,0.0814,1.1721,0.8756,0.783,0.6068,0.4112,0.3562,176.4512,173.8739,4.7613,2.0841
29.2,876,upright,1.1522,1.6544,0.0641,6.4016,1.5903,0.2484,1.6336,1.4552,0.8492,0.4382,0.0814,1.1691,0.8692,0.7843,0.606,0.411,0.3568,176.7117,173.6323,4.9238,2.1634
29.233,877,upright,1.1519,1.6548,0.0663,6.4052,1.5886,0.248,1.6344,1.4551,0.8487,0.438,0.0815,1.1668,0.8659,0.7856,0.6064,0.4107,0.3565,176.8215,173.5127,5.1003,2.2466
29.267,878,upright,1.1519,1.6554,0.0696,6.4147,1.5858,0.2472,1.634,1.4544,0.8494,0.4388,0.0815,1.164,0.8617,0.7847,0.605,0.4106,0.3573,176.7004,173.4456,5.1676,2.3342
29.3,879,upright,1.1493,1.6533,0.0749,6.3983,1.5784,0.2467,1.6331,1.452,0.8465,0.4361,0.0816,1.1596,0.8577,0.7866,0.6055,0.4103,0.3546,176.8514,173.3332,5.3566,2.4091
29.333,880,upright,1.1481,1.6529,0.0799,6.3988,1.573,0.2458,1.6337,1.4509,0.8453,0.4347,0.0815,1.1573,0.8559,0.7885,0.6056,0.4105,0.3532,176.9825,173.3875,5.7447,2.4761
29.367,881,upright,1.1467,1.6524,0.0793,6.4073,1.5731,0.2455,1.6344,1.4503,0.8431,0.4349,0.0815,1.1555,0.8543,0.7913,0.6072,0.4083,0.3534,176.9326,173.6866,6.2079,2.5248
29.4,882,upright,1.1465,1.6527,0.0769,6.4184,1.5758,0.2455,1.6361,1.4504,0.8427,0.4338,0.0815,1.1547,0.8537,0.7934,0.6077,0.4089,0.3524,176.9653,174.0983,6.6783,2.5619
29.433,883,upright,1.1471,1.6522,0.0757,6.4149,1.5765,0.2457,1.6374,1.4509,0.8433,0.4329,0.0814,1.1542,0.8535,0.7941,0.6076,0.4103,0.3515,177.0416,174.529,7.1768,2.5838
29.467,884,upright,1.1471,1.6525,0.0746,6.4218,1.5779,0.2457,1.6396,1.4515,0.8426,0.432,0.0814,1.1531,0.8528,0.797,0.6089,0.4106,0.3506,177.22,174.9313,7.7704,2.5943
29.5,885,upright,1.1472,1.6554,0.073,6.4578,1.5825,0.245,1.6416,1.4522,0.8422,0.431,0.0813,1.1518,0.8516,0.7993,0.61,0.4112,0.3497,177.3458,175.2693,8.3921,2.5868
29.533,886,upright,1.1479,1.6576,0.0719,6.4869,1.5858,0.2445,1.6425,1.4524,0.8434,0.4321,0.0813,1.1505,0.8505,0.7991,0.609,0.4113,0.3508,177.395,175.3536,9.1095,2.5493
29.567,887,upright,1.1471,1.658,0.0717,6.4911,1.5862,0.2444,1.6423,1.4516,0.8426,0.4306,0.0813,1.1507,0.8519,0.7997,0.609,0.412,0.3492,177.2513,175.339,9.7167,2.4953
29.6,888,upright,1.1453,1.6574,0.0715,6.4878,1.5859,0.2445,1.6415,1.4504,0.8401,0.4281,0.0813,1.1497,0.8529,0.8014,0.6103,0.412,0.3468,176.7573,174.9705,10.2033,2.431
29.633,889,upright,1.1423,1.6571,0.0694,6.4949,1.5876,0.2444,1.6395,1.4474,0.8373,0.423,0.0813,1.1476,0.852,0.8023,0.6101,0.4142,0.3417,175.6207,174.3602,10.6299,2.3765
29.667,890,upright,1.1393,1.6561,0.0686,6.4882,1.5876,0.2447,1.6372,1.4448,0.8338,0.421,0.0813,1.1471,0.8541,0.8034,0.611,0.4128,0.3397,174.9645,173.8494,10.7382,2.3022
29.7,891,upright,1.1401,1.6558,0.0678,6.4832,1.588,0.2449,1.636,1.4436,0.8366,0.4251,0.0814,1.1478,0.8596,0.7994,0.607,0.4115,0.3437,174.786,173.4604,10.7414,2.2084
29.733,892,upright,1.1424,1.6561,0.0667,6.4821,1.5894,0.2452,1.6346,1.4436,0.8412,0.4303,0.0814,1.1502,0.8688,0.7934,0.6023,0.4109,0.3489,174.679,173.0134,10.8371,2.1289
29.767,893,upright,1.1432,1.656,0.0641,6.4832,1.5919,0.2455,1.633,1.4428,0.8437,0.4332,0.0814,1.1526,0.8783,0.7893,0.5992,0.4105,0.3518,174.9832,172.6025,10.9518,2.0732
29.8,894,upright,1.1451,1.6553,0.0616,6.4785,1.5937,0.246,1.6312,1.4428,0.8474,0.4367,0.0814,1.1547,0.8863,0.7838,0.5954,0.4107,0.3553,175.3298,172.3541,11.0646,2.0269
29.833,895,upright,1.1454,1.6395,0.0594,6.3011,1.5801,0.2508,1.6226,1.443,0.8478,0.4377,0.0815,1.1571,0.893,0.7748,0.5952,0.4101,0.3562,175.5121,172.1493,11.1973,1.9631
29.867,896,upright,1.1466,1.6377,0.0578,6.2843,1.5799,0.2514,1.6206,1.4436,0.8495,0.4385,0.0815,1.1589,0.8961,0.771,0.5941,0.411,0.357,175.6069,172.0014,11.2185,1.9266
29.9,897,upright,1.1461,1.6361,0.0578,6.2697,1.5783,0.2517,1.6184,1.4437,0.8485,0.4377,0.0816,1.1594,0.8968,0.7699,0.5952,0.4107,0.3561,175.5082,171.8825,11.1482,1.8976
29.933,898,upright,1.1452,1.6355,0.0581,6.2644,1.5774,0.2518,1.6164,1.444,0.8464,0.4366,0.0818,1.1597,0.8955,0.77,0.5976,0.4098,0.3549,175.4479,171.6969,11.0157,1.8826
29.967,899,upright,1.144,1.6347,0.0585,6.2564,1.5761,0.2519,1.6144,1.4441,0.8438,0.4358,0.082,1.1604,0.8926,0.7706,0.6003,0.408,0.3538,175.32,171.4311,10.8158,1.8782
30.0,900,upright,1.1443,1.6354,0.06,6.2599,1.5754,0.2517,1.6143,1.4456,0.8429,0.4367,0.0823,1.1633,0.8895,0.7713,0.6026,0.4062,0.3544,175.7459,171.3656,10.6074,1.8865
30.033,901,upright,1.1436,1.6347,0.0601,6.2553,1.5746,0.2517,1.6135,1.4462,0.841,0.4344,0.0825,1.163,0.8841,0.7725,0.6052,0.4066,0.352,174.6518,170.7336,10.4746,1.9047
30.067,902,upright,1.1421,1.6339,0.0604,6.2503,1.5736,0.2518,1.613,1.4466,0.8375,0.4313,0.0826,1.1625,0.8791,0.7756,0.6091,0.4062,0.3486,173.5621,170.408,10.3999,1.9266
30.1,903,upright,1.1418,1.6338,0.0619,6.2443,1.5719,0.2517,1.6137,1.4482,0.8354,0.4311,0.0829,1.1627,0.8769,0.7783,0.6127,0.4043,0.3483,173.5392,170.4301,10.2449,1.9617
30.133,904,upright,1.1414,1.6515,0.0641,6.4382,1.5873,0.2465,1.6219,1.4494,0.8335,0.4306,0.0831,1.1619,0.8728,0.7885,0.6159,0.4029,0.3475,173.2591,170.4948,10.058,2.0476
30.167,905,upright,1.1415,1.6521,0.0655,6.4385,1.5866,0.2464,1.6232,1.4507,0.8322,0.4292,0.0832,1.161,0.8697,0.791,0.6184,0.403,0.346,172.8428,170.5208,9.7972,2.1222
30.2,906,upright,1.1404,1.6351,0.0669,6.2396,1.5681,0.2513,1.6167,1.4505,0.8303,0.4273,0.0833,1.159,0.8678,0.7864,0.6202,0.403,0.344,172.6297,170.4656,9.2812,2.1506
30.233,907,upright,1.1402,1.6516,0.0681,6.4182,1.5835,0.2467,1.6246,1.4512,0.8293,0.4246,0.0833,1.1593,0.8681,0.7953,0.6219,0.4047,0.3413,172.7505,170.6281,8.6554,2.2502
30.267,908,upright,1.1401,1.6517,0.0696,6.4117,1.5821,0.2467,1.6259,1.4517,0.8285,0.4222,0.0833,1.1598,0.8684,0.7974,0.6232,0.4063,0.3389,172.957,170.6666,7.9335,2.3275
30.3,909,upright,1.1409,1.6522,0.0709,6.4114,1.5813,0.2466,1.6278,1.4524,0.8295,0.4223,0.0833,1.16,0.8676,0.7983,0.6228,0.4072,0.339,173.0261,170.6409,7.2631,2.4082
30.333,910,upright,1.1416,1.6525,0.0711,6.414,1.5814,0.2466,1.6291,1.4525,0.8306,0.4219,0.0833,1.1594,0.8662,0.7985,0.622,0.4087,0.3387,172.9477,170.3668,6.641,2.4962
30.367,911,upright,1.1429,1.6541,0.0708,6.4342,1.5834,0.2461,1.6312,1.4522,0.8335,0.4216,0.0832,1.1583,0.8654,0.7977,0.6187,0.4119,0.3384,172.5318,169.894,6.1551,2.5946
30.4,912,upright,1.144,1.6397,0.072,6.2716,1.5677,0.25,1.6264,1.4531,0.8348,0.4209,0.0832,1.1573,0.8628,0.7915,0.6183,0.4139,0.3377,172.8994,170.0029,5.8286,2.6498
30.433,913,upright,1.1457,1.6547,0.0716,6.4425,1.5831,0.2457,1.6332,1.4543,0.8372,0.4187,0.0831,1.1563,0.8614,0.796,0.6171,0.4185,0.3356,172.4807,169.7742,5.8274,2.7368
30.467,914,upright,1.1486,1.6554,0.071,6.4501,1.5844,0.2456,1.6343,1.4556,0.8416,0.4172,0.083,1.1553,0.8598,0.7927,0.614,0.4244,0.3342,172.1493,169.6367,5.7774,2.7796
30.5,915,upright,1.1504,1.6561,0.0709,6.4544,1.5851,0.2456,1.6356,1.4566,0.8441,0.4167,0.083,1.1551,0.8589,0.7914,0.6125,0.4275,0.3337,172.0357,169.6211,5.7437,2.7975
30.533,916,upright,1.1513,1.6562,0.071,6.4513,1.5852,0.2457,1.6367,1.457,0.8455,0.4144,0.0829,1.1553,0.8583,0.7913,0.6115,0.4311,0.3315,171.7344,169.5251,5.4665,2.7692
30.567,917,upright,1.1534,1.6578,0.0725,6.4632,1.5853,0.2453,1.6387,1.4577,0.849,0.4141,0.0828,1.1563,0.8605,0.7897,0.6087,0.4349,0.3313,171.755,169.5011,4.9085,2.6607
30.6,918,upright,1.1531,1.6587,0.0718,6.4784,1.5869,0.245,1.6394,1.457,0.8492,0.4124,0.0826,1.1562,0.8621,0.7901,0.6078,0.4368,0.3298,171.8258,169.5661,4.4523,2.5565
30.633,919,upright,1.1521,1.6589,0.0713,6.4837,1.5876,0.2449,1.64,1.4565,0.8477,0.4099,0.0825,1.1555,0.8641,0.7923,0.6088,0.4378,0.3274,171.9404,169.8707,4.0302,2.4556
30.667,920,upright,1.1509,1.6585,0.0707,6.4824,1.5878,0.2449,1.6405,1.4561,0.8457,0.4072,0.0823,1.1556,0.8696,0.7948,0.6104,0.4385,0.3249,172.7095,170.893,3.7473,2.3657
30.7,921,upright,1.151,1.6581,0.0704,6.4778,1.5877,0.2451,1.6408,1.4564,0.8455,0.4065,0.0821,1.1567,0.8765,0.7952,0.6109,0.439,0.3244,173.5797,171.881,3.4727,2.2984
30.733,922,upright,1.1517,1.6571,0.0691,6.4711,1.588,0.2454,1.6407,1.4561,0.8472,0.407,0.0818,1.1586,0.8825,0.7934,0.6089,0.4402,0.3252,174.0291,172.5979,3.3198,2.2442
30.767,923,upright,1.153,1.6554,0.0666,6.4635,1.5888,0.2458,1.6399,1.4553,0.8507,0.4094,0.0816,1.1608,0.887,0.7892,0.6046,0.4413,0.3279,174.5305,173.3344,3.1956,2.2033
30.8,924,upright,1.1536,1.6539,0.0663,6.4536,1.5876,0.246,1.6384,1.4546,0.8527,0.4162,0.0814,1.1628,0.8894,0.7857,0.6019,0.4365,0.3348,175.1507,173.6924,3.1444,2.1703
30.833,925,upright,1.1539,1.6526,0.0655,6.4459,1.5871,0.2462,1.6375,1.4539,0.854,0.4227,0.0812,1.1654,0.8903,0.7835,0.5999,0.4313,0.3414,175.4904,173.3652,3.1409,2.1506
30.867,926,upright,1.1551,1.6515,0.0619,6.4432,1.5896,0.2467,1.637,1.4526,0.8576,0.4254,0.0811,1.1668,0.8902,0.7794,0.595,0.4322,0.3443,175.823,173.5761,3.3747,2.14
30.9,927,upright,1.1565,1.6509,0.0591,6.4448,1.5917,0.247,1.6367,1.4517,0.8613,0.4287,0.081,1.1679,0.8889,0.7754,0.5904,0.4326,0.3477,175.8852,173.8064,3.5661,2.1406
30.933,928,upright,1.1563,1.6509,0.0569,6.4529,1.594,0.247,1.6371,1.4511,0.8615,0.4301,0.0809,1.1674,0.8886,0.7756,0.5896,0.4314,0.3491,176.0011,174.0678,3.8444,2.1504
30.967,929,upright,1.1557,1.6522,0.0558,6.4719,1.5964,0.2467,1.6378,1.4507,0.8608,0.43,0.0809,1.1663,0.8875,0.777,0.5899,0.4307,0.3492,176.0635,174.1876,4.0456,2.1651
31.0,930,upright,1.1557,1.6528,0.0554,6.4799,1.5974,0.2465,1.6383,1.4509,0.8606,0.4295,0.0809,1.166,0.8886,0.7777,0.5903,0.4311,0.3487,176.0838,174.3705,4.2718,2.1358
31.033,931,upright,1.1563,1.6541,0.0552,6.4969,1.5989,0.2461,1.6391,1.4506,0.8619,0.4327,0.0809,1.166,0.8867,0.7772,0.5887,0.4293,0.3518,175.7362,174.4974,4.5469,2.1297
31.067,932,upright,1.158,1.6566,0.0571,6.5199,1.5995,0.2453,1.6404,1.451,0.8649,0.4363,0.0809,1.1666,0.8845,0.7754,0.5861,0.4286,0.3554,175.5078,174.2766,4.7811,2.1416
31.1,933,upright,1.1593,1.6583,0.0583,6.5372,1.6001,0.2448,1.6408,1.4512,0.8674,0.4384,0.0809,1.1649,0.882,0.7734,0.5838,0.429,0.3575,175.2578,174.0661,5.0557,2.1746
31.133,934,upright,1.1583,1.6601,0.0568,6.5623,1.6032,0.2443,1.6411,1.4506,0.8661,0.4379,0.0808,1.1617,0.8749,0.775,0.5845,0.4281,0.3571,175.0459,173.9841,5.3267,2.2315
31.167,935,upright,1.1588,1.6621,0.0574,6.583,1.6047,0.2438,1.6419,1.451,0.8667,0.4386,0.0808,1.16,0.8691,0.7751,0.5843,0.4281,0.3577,174.9307,173.9645,5.6772,2.3052
31.2,936,upright,1.1581,1.6647,0.0567,6.6169,1.608,0.243,1.6426,1.4508,0.8654,0.44,0.0808,1.1565,0.8632,0.7772,0.5853,0.4254,0.3592,174.7123,173.8432,5.883,2.3863
31.233,937,upright,1.1579,1.6655,0.0579,6.6242,1.6076,0.2427,1.6428,1.4504,0.8654,0.4415,0.0808,1.1567,0.8601,0.7775,0.5851,0.4239,0.3606,174.9365,173.8578,6.1323,2.4666
31.267,938,upright,1.1578,1.6666,0.0592,6.6354,1.6074,0.2423,1.6428,1.4502,0.8653,0.4425,0.0809,1.1566,0.8585,0.7776,0.5849,0.4228,0.3616,175.2382,173.8754,6.2927,2.5483
31.3,939,upright,1.1564,1.6674,0.06,6.6425,1.6074,0.242,1.643,1.4497,0.8631,0.4416,0.0809,1.1543,0.8561,0.7799,0.5867,0.4215,0.3607,175.4713,173.7821,6.3002,2.5923
31.333,940,upright,1.156,1.6675,0.0607,6.6431,1.6068,0.2419,1.6429,1.4501,0.8619,0.4415,0.0809,1.1537,0.8546,0.781,0.5882,0.4204,0.3606,175.6509,173.7891,6.3236,2.6161
31.367,941,upright,1.1554,1.6673,0.0615,6.6386,1.6058,0.2419,1.6431,1.4502,0.8606,0.4414,0.0809,1.1538,0.8548,0.7825,0.5895,0.4192,0.3605,175.7819,173.6026,6.3831,2.6429
31.4,942,upright,1.1551,1.6672,0.0622,6.6339,1.6049,0.2419,1.6435,1.4501,0.8602,0.4414,0.0809,1.1534,0.8543,0.7833,0.5899,0.4188,0.3605,175.9206,173.2111,6.4634,2.6572
31.433,943,upright,1.1546,1.6671,0.0626,6.6315,1.6045,0.242,1.6434,1.4492,0.8599,0.4423,0.0809,1.1521,0.8529,0.7835,0.5893,0.4176,0.3614,176.1385,173.0436,6.6094,2.6662
31.467,944,upright,1.1541,1.6671,0.0633,6.6286,1.6038,0.2419,1.6436,1.4486,0.8596,0.4426,0.0809,1.1506,0.8515,0.784,0.589,0.417,0.3617,176.2288,172.8118,6.7302,2.6769
31.5,945,upright,1.1528,1.667,0.0638,6.6248,1.6032,0.242,1.6436,1.4479,0.8577,0.4421,0.0809,1.149,0.8503,0.7858,0.5902,0.4156,0.3612,176.2855,172.3256,6.7203,2.6887
31.533,946,upright,1.1515,1.667,0.0638,6.6239,1.6032,0.242,1.6437,1.4473,0.8558,0.4419,0.0809,1.1475,0.8486,0.7879,0.5914,0.4139,0.361,176.2908,171.707,6.6521,2.7039
31.567,947,upright,1.1493,1.667,0.0637,6.6245,1.6033,0.242,1.6437,1.4461,0.8524,0.4409,0.0809,1.1451,0.8471,0.7913,0.5937,0.4116,0.3599,176.2449,171.228,6.631,2.7165
31.6,948,upright,1.1475,1.6668,0.0637,6.6206,1.6031,0.2421,1.6439,1.4451,0.8499,0.4398,0.0809,1.1442,0.8454,0.7939,0.5952,0.4101,0.3589,176.3494,170.9812,6.7308,2.7282
31.633,949,upright,1.1473,1.6661,0.0637,6.6127,1.6024,0.2423,1.6439,1.4444,0.8501,0.4404,0.0809,1.1439,0.8443,0.7938,0.5943,0.4097,0.3595,176.4603,170.7024,6.7815,2.7312
31.667,950,upright,1.1462,1.6663,0.0632,6.615,1.603,0.2423,1.644,1.4435,0.8489,0.4405,0.0809,1.1435,0.8431,0.795,0.5946,0.4084,0.3596,176.5103,170.6253,6.8624,2.7319
31.7,951,upright,1.1458,1.6664,0.063,6.6173,1.6034,0.2423,1.6441,1.4432,0.8484,0.4403,0.0809,1.1438,0.8432,0.7957,0.5948,0.408,0.3594,176.5021,170.7486,7.0045,2.7265
31.733,952,upright,1.1455,1.666,0.0632,6.6131,1.6028,0.2424,1.6443,1.4426,0.8483,0.4412,0.0809,1.1436,0.8435,0.7959,0.5943,0.4072,0.3603,176.4673,170.8981,7.1356,2.7174
31.767,953,upright,1.1454,1.6658,0.0628,6.6108,1.603,0.2425,1.6442,1.4422,0.8486,0.442,0.0809,1.1433,0.8433,0.7957,0.5937,0.4066,0.3611,176.4006,171.0596,7.2439,2.7042
31.8,954,upright,1.146,1.6648,0.0624,6.6001,1.6024,0.2428,1.6438,1.4418,0.8501,0.4434,0.0809,1.1427,0.843,0.7938,0.5918,0.4066,0.3625,176.2876,171.3295,7.3192,2.6859
31.833,955,upright,1.1461,1.6636,0.0619,6.5863,1.6016,0.2432,1.6431,1.4412,0.851,0.4442,0.0809,1.1425,0.8437,0.792,0.5902,0.4069,0.3633,176.2752,171.6001,7.3786,2.6339
31.867,956,upright,1.1465,1.6622,0.0611,6.5706,1.601,0.2437,1.642,1.4411,0.8519,0.4455,0.0809,1.1425,0.8454,0.7901,0.5892,0.4064,0.3646,176.2136,171.8027,7.4288,2.5619
31.9,957,upright,1.1461,1.6601,0.0626,6.5443,1.5975,0.2441,1.6411,1.4411,0.8511,0.4452,0.0809,1.1432,0.8473,0.79,0.59,0.4059,0.3643,176.4121,171.684,7.3437,2.4984
31.933,958,upright,1.1457,1.6587,0.0648,6.5237,1.5939,0.2443,1.6403,1.441,0.8504,0.445,0.081,1.1443,0.8498,0.7898,0.5905,0.4055,0.364,176.5676,171.6873,7.3292,2.4354
31.967,959,upright,1.1448,1.6568,0.0659,6.5018,1.5909,0.2447,1.6392,1.4403,0.8494,0.4453,0.081,1.1442,0.8508,0.7898,0.5909,0.4041,0.3642,176.7943,171.8153,7.3813,2.378
32.0,960,upright,1.1454,1.6559,0.0652,6.4916,1.5907,0.245,1.6388,1.4396,0.8512,0.4471,0.081,1.1445,0.853,0.7876,0.5884,0.4041,0.3661,176.3818,171.9445,7.4376,2.3248
32.033,961,,1.1449,1.6556,0.0647,6.4879,1.5909,0.2452,1.638,1.439,0.8509,0.4471,0.081,1.144,0.8545,0.7872,0.5881,0.4038,0.3661,176.101,171.8867,7.4193,2.2877
32.067,962,,1.1445,1.6544,0.0662,6.4727,1.5882,0.2454,1.6367,1.4383,0.8507,0.4467,0.081,1.144,0.8543,0.786,0.5876,0.4041,0.3656,176.2306,171.8276,7.3483,2.2636
32.1,963,,1.1447,1.6546,0.0655,6.4741,1.589,0.2454,1.6359,1.4379,0.8516,0.4475,0.081,1.144,0.8544,0.7843,0.5863,0.4041,0.3665,176.0842,171.811,7.3669,2.2464
32.133,964,,1.1449,1.6539,0.0663,6.4651,1.5876,0.2456,1.6348,1.4376,0.8522,0.447,0.081,1.1445,0.8533,0.7827,0.5855,0.4052,0.366,176.2693,171.8551,7.3246,2.2411
32.167,965,,1.1443,1.6533,0.0675,6.4533,1.5858,0.2457,1.634,1.4376,0.8509,0.4457,0.081,1.1446,0.8524,0.7831,0.5867,0.4052,0.3647,176.4955,171.7777,7.2883,2.2435
32.2,966,,1.1436,1.6523,0.068,6.4402,1.5843,0.246,1.6331,1.4375,0.8496,0.4445,0.0811,1.1441,0.8508,0.7835,0.5879,0.4051,0.3634,176.6609,171.6765,7.2283,2.2497
32.233,967,,1.1432,1.6515,0.0692,6.4281,1.5824,0.2462,1.6322,1.4374,0.849,0.443,0.0811,1.1431,0.8483,0.7831,0.5884,0.406,0.3619,176.8487,171.6947,7.2283,2.2587
32.267,968,,1.143,1.6515,0.0699,6.423,1.5816,0.2462,1.6317,1.4375,0.8486,0.4415,0.0811,1.1428,0.8467,0.7832,0.5889,0.407,0.3604,177.1668,171.5912,7.2073,2.2759
32.3,969,,1.1425,1.6521,0.0688,6.4275,1.5833,0.2463,1.631,1.4368,0.8482,0.4398,0.0811,1.1412,0.8451,0.7829,0.5886,0.4084,0.3587,177.167,171.6799,7.2983,2.2975
32.333,970,,1.1425,1.6519,0.0675,6.4259,1.5845,0.2466,1.6298,1.4359,0.8492,0.4402,0.081,1.1395,0.8433,0.7806,0.5867,0.4089,0.3592,177.1566,171.923,7.3974,2.3242
32.367,971,,1.1419,1.6511,0.0664,6.4171,1.5846,0.2469,1.6287,1.4349,0.8489,0.4403,0.081,1.1377,0.8407,0.7798,0.586,0.4086,0.3593,177.1902,172.0289,7.4312,2.3538
32.4,972,,1.1422,1.651,0.0658,6.4136,1.5852,0.2472,1.628,1.4348,0.8496,0.4399,0.081,1.1361,0.8384,0.7784,0.5852,0.4097,0.3589,177.1923,172.2227,7.4838,2.3861
32.433,973,,1.1421,1.6505,0.0651,6.406,1.5854,0.2475,1.6273,1.4345,0.8496,0.4389,0.081,1.1341,0.8363,0.7777,0.5848,0.4108,0.3579,177.2098,172.4022,7.5312,2.4225
32.467,974,,1.1425,1.6505,0.0644,6.4018,1.586,0.2477,1.627,1.4345,0.8504,0.4373,0.081,1.1337,0.8342,0.7765,0.5841,0.4132,0.3563,177.1521,172.4272,7.5009,2.4607
32.5,975,,1.1424,1.6499,0.0637,6.3942,1.5862,0.2481,1.6266,1.4342,0.8506,0.4376,0.081,1.1326,0.8315,0.776,0.5837,0.413,0.3566,177.0911,172.5347,7.4855,2.4964
32.533,976,,1.1414,1.6487,0.0631,6.3814,1.5856,0.2485,1.6258,1.4337,0.8491,0.4365,0.0809,1.1309,0.8286,0.7767,0.5846,0.4126,0.3556,177.0567,172.4809,7.4179,2.5237
32.567,977,,1.1403,1.6483,0.063,6.3752,1.5852,0.2487,1.6256,1.4332,0.8475,0.4354,0.0809,1.1294,0.8266,0.7781,0.5857,0.4121,0.3545,177.0763,172.3366,7.3299,2.5484
32.6,978,,1.1394,1.6478,0.063,6.3682,1.5848,0.2489,1.6253,1.4327,0.8461,0.4338,0.0809,1.1283,0.8251,0.7792,0.5866,0.4123,0.3529,176.9856,172.3746,7.2936,2.5674
32.633,979,,1.1385,1.6471,0.063,6.3583,1.5841,0.2491,1.6252,1.432,0.8449,0.4319,0.0809,1.1277,0.8242,0.7802,0.5871,0.413,0.351,176.9019,172.359,7.2351,2.5772
32.667,980,,1.1376,1.6462,0.063,6.3463,1.5832,0.2495,1.6247,1.4314,0.8439,0.43,0.0809,1.1267,0.8231,0.7809,0.5876,0.4138,0.3491,176.8701,172.3135,7.1644,2.5807
32.7,981,,1.1376,1.6446,0.0634,6.3282,1.5812,0.2499,1.6239,1.4308,0.8443,0.4304,0.0809,1.126,0.8224,0.7796,0.5865,0.414,0.3494,176.8675,172.3207,7.1103,2.5751
32.733,982,,1.1369,1.6441,0.0633,6.3217,1.5808,0.2501,1.6234,1.4302,0.8435,0.4293,0.0809,1.1255,0.822,0.7799,0.5867,0.4142,0.3484,176.9301,172.3435,7.0834,2.5679
32.767,983,,1.1357,1.6431,0.0629,6.3095,1.5802,0.2504,1.6229,1.4293,0.8421,0.4281,0.0809,1.1248,0.8221,0.7808,0.5872,0.414,0.3472,177.0129,172.422,7.0862,2.5587
32.8,984,,1.1344,1.6424,0.0633,6.3037,1.5791,0.2505,1.622,1.4281,0.8406,0.4288,0.0809,1.1232,0.8211,0.7814,0.5874,0.4119,0.3478,177.2157,172.2815,7.0037,2.5458
32.833,985,,1.1344,1.6415,0.0633,6.2917,1.5782,0.2508,1.6214,1.4277,0.841,0.4291,0.0809,1.1232,0.8213,0.7804,0.5867,0.412,0.3481,177.2957,172.2929,6.9732,2.5325
32.867,986,,1.1349,1.6405,0.0634,6.2802,1.5771,0.2511,1.6207,1.4268,0.8429,0.4306,0.0809,1.1226,0.8214,0.7778,0.5839,0.4123,0.3497,177.3449,172.458,6.9861,2.5139
32.9,987,,1.1351,1.6396,0.0633,6.2706,1.5763,0.2514,1.62,1.4263,0.844,0.4321,0.0809,1.1223,0.8219,0.7761,0.5824,0.4119,0.3512,177.3487,172.4772,6.9516,2.4935
32.933,988,,1.1353,1.6379,0.0642,6.25,1.5736,0.2518,1.6191,1.4266,0.844,0.4329,0.0809,1.1226,0.8225,0.7751,0.5825,0.4111,0.352,177.4117,172.4392,6.8817,2.4732
32.967,989,,1.1353,1.6366,0.0655,6.2335,1.5711,0.252,1.6182,1.4266,0.8441,0.433,0.081,1.1229,0.8229,0.7742,0.5825,0.411,0.3521,177.4543,172.2272,6.7304,2.4512
33.0,990,,1.1346,1.635,0.0667,6.2153,1.5684,0.2523,1.6173,1.4263,0.843,0.4331,0.081,1.1221,0.8223,0.7743,0.5833,0.4099,0.3521,177.4839,172.0724,6.6052,2.4262
33.033,991,,1.1341,1.6334,0.0675,6.1974,1.5659,0.2527,1.6162,1.4255,0.8428,0.4342,0.081,1.1211,0.8211,0.7734,0.5827,0.4086,0.3532,177.5464,171.8064,6.4366,2.4053
33.067,992,,1.1334,1.6314,0.0681,6.1767,1.5633,0.2531,1.6149,1.4243,0.8425,0.4354,0.081,1.1203,0.82,0.7725,0.5819,0.407,0.3544,177.6539,171.6973,6.3337,2.3855
33.1,993,,1.1321,1.6294,0.0687,6.1541,1.5607,0.2536,1.6138,1.4228,0.8414,0.4351,0.081,1.1185,0.8188,0.7724,0.5814,0.4062,0.3541,177.6664,171.6142,6.2535,2.3693
33.133,994,,1.1312,1.628,0.0693,6.1356,1.5587,0.2541,1.6127,1.4219,0.8405,0.4346,0.0811,1.1168,0.8175,0.7723,0.5814,0.4059,0.3535,177.587,171.5484,6.1922,2.3595
33.167,995,,1.1306,1.6259,0.0697,6.1079,1.5562,0.2548,1.6109,1.4212,0.8401,0.4364,0.0811,1.1156,0.8169,0.7709,0.5811,0.4037,0.3553,177.3144,171.4382,6.1173,2.3505
33.2,996,,1.1305,1.624,0.0703,6.0828,1.5537,0.2554,1.6091,1.42,0.841,0.4388,0.0811,1.1124,0.8145,0.7681,0.579,0.4022,0.3577,177.2041,171.3672,6.065,2.3441
33.233,997,,1.1298,1.6213,0.0705,6.0505,1.5508,0.2563,1.6062,1.4176,0.8419,0.4406,0.0811,1.1089,0.8112,0.7643,0.5757,0.4014,0.3595,176.7648,171.5373,6.0455,2.3391
33.267,998,,1.129,1.6194,0.0712,6.0227,1.5482,0.2571,1.6033,1.4153,0.8427,0.4406,0.0811,1.1066,0.8082,0.7606,0.5726,0.4021,0.3595,176.109,171.7492,5.9586,2.3416
33.3,999,,1.1253,1.6159,0.0717,5.9788,1.5442,0.2583,1.5991,1.4109,0.8397,0.4359,0.0812,1.1032,0.804,0.7594,0.5712,0.4038,0.3547,175.1927,172.0289,5.9005,2.345
33.333,1000,,1.1186,1.6106,0.0707,5.9211,1.5398,0.2601,1.5919,1.4045,0.8326,0.4267,0.0812,1.0957,0.7962,0.7593,0.572,0.4058,0.3455,174.13,172.3427,5.8622,2.3507
33.367,1001,,1.108,1.6045,0.0677,5.8535,1.5369,0.2626,1.5812,1.396,0.82,0.4124,0.0812,1.086,0.7877,0.7612,0.576,0.4076,0.3312,172.98,171.9716,5.8707,2.3643
33.4,1002,,1.0953,1.5975,0.0661,5.7753,1.5314,0.2652,1.5729,1.3844,0.8062,0.3972,0.0813,1.0745,0.7757,0.7667,0.5782,0.409,0.316,171.641,171.5714,5.8284,2.3729
33.433,1003,,1.084,1.5852,0.0636,5.6406,1.5215,0.2697,1.5597,1.3717,0.7962,0.3865,0.0813,1.0644,0.764,0.7635,0.5755,0.4097,0.3053,169.9419,171.0382,5.8772,2.3758
33.467,1004,,1.0684,1.5693,0.0627,5.472,1.5066,0.2753,1.5429,1.3548,0.782,0.3717,0.0813,1.0538,0.7522,0.7609,0.5728,0.4103,0.2904,168.2647,170.6264,5.9677,2.3704
33.5,1005,,1.0463,1.5469,0.0522,5.2696,1.4947,0.2836,1.5212,1.3353,0.7572,0.3445,0.0811,1.0344,0.735,0.764,0.5782,0.4127,0.2634,163.8446,169.8327,6.342,2.3609
33.533,1006,,1.0227,1.5238,0.0484,5.0657,1.4754,0.2913,1.495,1.3096,0.7358,0.3218,0.081,1.0096,0.7104,0.7592,0.5738,0.4139,0.2408,159.5076,168.5414,6.6858,2.3303
33.567,1007,,0.9922,1.495,0.0461,4.8271,1.4489,0.3002,1.4641,1.2777,0.7067,0.2953,0.081,0.9803,0.6778,0.7574,0.571,0.4114,0.2143,153.5402,166.4657,7.0214,2.2759
33.6,1008,,0.9606,1.4517,0.0459,4.4907,1.4058,0.3131,1.4253,1.2425,0.6788,0.266,0.081,0.9453,0.6425,0.7465,0.5637,0.4128,0.185,145.0918,163.6148,7.5558,2.1903
33.633,1009,,0.9324,1.4086,0.0424,4.178,1.3662,0.327,1.3833,1.208,0.6568,0.2552,0.0809,0.9103,0.6063,0.7265,0.5511,0.4017,0.1743,137.4879,161.0184,8.2681,2.1162
33.667,1010,,0.8944,1.3602,0.0402,3.8574,1.32,0.3422,1.3317,1.1621,0.6266,0.2486,0.0809,0.869,0.5608,0.7051,0.5355,0.378,0.1677,126.7327,156.6971,9.0804,2.0145
33.7,1011,,0.8471,1.2991,0.0381,3.4932,1.2609,0.361,1.2697,1.1016,0.5926,0.2344,0.081,0.8172,0.504,0.6771,0.509,0.3582,0.1534,114.9406,151.9092,10.0923,1.8707
33.733,1012,,0.7894,1.2268,0.0347,3.1193,1.1922,0.3822,1.1978,1.0248,0.5541,0.197,0.081,0.7526,0.4245,0.6437,0.4707,0.3571,0.1159,104.427,149.5241,11.5341,1.6959
33.767,1013,,0.7335,1.1458,0.029,2.7509,1.1169,0.406,1.1156,0.9522,0.5148,0.1461,0.0808,0.6661,0.3221,0.6008,0.4374,0.3687,0.0653,92.9427,148.1856,13.5354,1.5198
33.8,1014,,0.6777,1.0655,0.0225,2.4413,1.0429,0.4272,1.0181,0.8792,0.4762,0.0934,0.0807,0.5673,0.2072,0.5418,0.403,0.3828,0.0127,83.1301,147.6364,15.5742,1.3468
33.833,1015,,0.5937,0.9505,0.0253,2.0471,0.9252,0.452,0.8979,0.7662,0.4211,0.0554,0.0811,0.4467,0.0711,0.4769,0.3452,0.3657,-0.0257,73.9953,144.8985,18.9202,1.2315
33.867,1016,,0.4943,0.8165,-0.1113,1.8657,0.9278,0.4973,0.7548,0.6264,0.3622,0.0154,0.0824,0.2941,-0.0943,0.3926,0.2642,0.3468,-0.0671,42.5932,139.9071,25.6154,1.1948
33.9,1017,,0.4641,0.6328,-0.2203,1.4986,0.8531,0.5693,0.6063,0.5617,0.3666,0.0177,0.082,0.2216,-0.186,0.2398,0.1951,0.3489,-0.0644,107.337,136.1585,34.6887,1.0077
33.933,1018,,0.4242,0.514,-0.3907,1.4526,0.9047,0.6228,0.4617,0.4837,0.3648,-0.0192,0.0817,0.0982,-0.3366,0.0969,0.1189,0.384,-0.1009,96.0119,133.4783,53.3356,1.0364
33.967,1019,,0.4177,0.4654,-0.4885,1.4477,0.9539,0.6589,0.3521,0.4399,0.3956,-0.0206,0.0813,0.0289,-0.4346,-0.0435,0.0443,0.4162,-0.1019,60.9001,120.4396,80.7561,1.0925
34.0,1020,on_ground,0.4153,0.4345,-0.5301,1.4206,0.9645,0.679,0.2553,0.4212,0.4094,0.0114,0.0823,-0.0173,-0.4783,-0.1541,0.0117,0.398,-0.0709,60.8152,96.22,94.6371,1.0979
34.033,1021,on_ground,0.4389,0.4961,-0.4866,1.457,0.9827,0.6745,0.2397,0.4048,0.4731,0.0792,0.0826,-0.0246,-0.4303,-0.2334,-0.0683,0.3938,-0.0033,75.974,62.9715,123.315,1.1237
34.067,1022,on_ground,0.4619,0.5421,-0.4101,1.4287,0.9522,0.6665,0.2288,0.4172,0.5065,0.1355,0.0798,0.0248,-0.3508,-0.2777,-0.0892,0.3709,0.0558,107.9694,65.4861,129.0077,1.1018
34.1,1023,on_ground,0.4185,0.516,-0.4629,1.4395,0.9789,0.68,0.1257,0.3559,0.4812,0.1049,0.0796,-0.021,-0.3987,-0.3555,-0.1253,0.3763,0.0253,92.6023,64.08,136.0592,1.1006
34.133,1024,on_ground,0.3879,0.4939,-0.4899,1.4183,0.9838,0.6936,0.0748,0.321,0.4547,0.0888,0.0787,-0.041,-0.4193,-0.3799,-0.1337,0.3659,0.0102,84.6016,67.2661,136.6919,1.0837
34.167,1025,on_ground,0.3718,0.4736,-0.4841,1.362,0.9576,0.7031,0.0518,0.3156,0.4281,0.0863,0.0772,-0.0361,-0.4082,-0.3763,-0.1125,0.3418,0.0091,84.1952,76.8669,131.2293,1.041
34.2,1026,on_ground,0.3627,0.4414,-0.4463,1.2552,0.8876,0.7072,0.0888,0.3379,0.3875,0.1027,0.0757,-0.0048,-0.369,-0.2987,-0.0495,0.2847,0.027,93.6958,98.0644,115.207,0.9743
34.233,1027,on_ground,0.352,0.4147,-0.4259,1.1865,0.8406,0.7084,0.1028,0.3369,0.367,0.1139,0.0761,0.0066,-0.3496,-0.2642,-0.03,0.2531,0.0378,98.4768,107.5852,109.9131,0.9358
34.267,1028,on_ground,0.3533,0.4052,-0.4057,1.1423,0.8109,0.7098,0.1197,0.3417,0.3649,0.1342,0.0775,0.0167,-0.3304,-0.2452,-0.0232,0.2307,0.0567,106.4765,111.6514,108.4852,0.9204
34.3,1029,on_ground,0.3473,0.4088,-0.4202,1.1567,0.829,0.7167,0.106,0.3237,0.3709,0.1396,0.0782,-0.0015,-0.3463,-0.265,-0.0472,0.2313,0.0614,110.4428,104.0827,116.9304,0.9553
34.333,1030,on_ground,0.3443,0.4059,-0.4146,1.1491,0.8205,0.714,0.1121,0.3199,0.3686,0.1587,0.0787,-0.0046,-0.3451,-0.2566,-0.0487,0.2099,0.08,120.4385,106.0149,118.3692,0.9716
34.367,1031,on_ground,0.347,0.4107,-0.3904,1.1286,0.8011,0.7098,0.1302,0.3277,0.3664,0.1776,0.0789,0.0109,-0.3256,-0.2362,-0.0387,0.1888,0.0987,130.1109,110.5143,116.6661,0.9814
34.4,1032,on_ground,0.3059,0.3782,-0.4375,1.1255,0.8158,0.7248,0.0937,0.2767,0.335,0.1604,0.0798,-0.0331,-0.3772,-0.2413,-0.0584,0.1746,0.0806,123.9695,103.1733,126.9154,1.0065
34.433,1033,on_ground,0.2802,0.3572,-0.4553,1.0989,0.8125,0.7394,0.078,0.2509,0.3095,0.1343,0.0803,-0.0533,-0.4002,-0.2315,-0.0586,0.1752,0.0541,116.6932,92.1829,137.3729,0.9869
34.467,1034,on_ground,0.2431,0.3335,-0.4962,1.114,0.8298,0.7449,0.0344,0.2008,0.2854,0.1121,0.0807,-0.1024,-0.4486,-0.251,-0.0846,0.1733,0.0314,115.0965,84.8939,155.8717,0.9879
34.5,1035,on_ground,0.2281,0.3234,-0.4817,1.1049,0.8051,0.7287,0.0274,0.1835,0.2726,0.1058,0.0823,-0.1161,-0.4519,-0.2452,-0.0891,0.1668,0.0235,110.0713,75.6535,169.8061,0.9687
34.533,1036,on_ground,0.2336,0.3263,-0.4353,1.085,0.7616,0.7019,0.0526,0.1956,0.2716,0.1165,0.0825,-0.1001,-0.4207,-0.219,-0.0759,0.155,0.034,116.6892,78.0605,168.7669,0.9386
34.567,1037,on_ground,0.2462,0.3472,-0.3937,1.1015,0.7409,0.6726,0.0676,0.1985,0.294,0.1313,0.082,-0.0893,-0.3929,-0.2264,-0.0956,0.1628,0.0493,132.2975,73.5774,171.8557,0.9364
34.6,1038,on_ground,0.2468,0.3514,-0.3719,1.0828,0.7233,0.668,0.0878,0.2089,0.2848,0.147,0.0807,-0.0687,-0.3613,-0.197,-0.0759,0.1378,0.0663,141.4974,86.5988,161.2003,0.9196
34.633,1039,on_ground,0.2564,0.3629,-0.3288,1.0694,0.6917,0.6468,0.1345,0.238,0.2748,0.173,0.0783,-0.0241,-0.3031,-0.1402,-0.0368,0.1017,0.0948,146.2754,106.2376,140.4393,0.9007
34.667,1040,on_ground,0.2618,0.3737,-0.305,1.0839,0.6787,0.6262,0.1589,0.2551,0.2685,0.1824,0.0756,0.0052,-0.2729,-0.1096,-0.0134,0.0861,0.1068,135.2646,119.6562,119.6803,0.8891
34.7,1041,on_ground,0.2837,0.4022,-0.2518,1.0917,0.654,0.599,0.2028,0.2944,0.2731,0.1768,0.0698,0.0646,-0.2111,-0.0703,0.0213,0.0963,0.107,116.289,118.1305,86.8176,0.8661
34.733,1042,on_ground,0.2998,0.4235,-0.2243,1.1056,0.6478,0.5859,0.234,0.3121,0.2875,0.1723,0.0642,0.1014,-0.1789,-0.0535,0.0246,0.1152,0.1081,105.5274,122.0266,84.5253,0.8533
34.767,1043,on_ground,0.2741,0.3954,-0.2547,1.1277,0.6501,0.5765,0.2056,0.2809,0.2673,0.1629,0.0678,0.0918,-0.2054,-0.0617,0.0136,0.1045,0.095,124.9197,131.1771,95.4762,0.8505
34.8,1044,on_ground,0.2629,0.3939,-0.2791,1.1579,0.673,0.5812,0.1762,0.2637,0.262,0.1671,0.07,0.0764,-0.2394,-0.0858,0.0017,0.0949,0.0971,132.8772,123.4338,105.4708,0.8338
34.833,1045,on_ground,0.2602,0.381,-0.2957,1.1459,0.6767,0.5906,0.1748,0.2542,0.2663,0.1733,0.0727,0.069,-0.256,-0.0915,-0.0122,0.093,0.1006,134.1146,113.1843,124.7778,0.8139
34.867,1046,on_ground,0.2602,0.3768,-0.3159,1.161,0.6927,0.5966,0.1522,0.2465,0.274,0.1762,0.0724,0.0551,-0.2842,-0.1217,-0.0275,0.0977,0.1038,138.2559,107.9317,142.7304,0.8315
34.9,1047,on_ground,0.2287,0.3375,-0.4139,1.1805,0.7514,0.6365,0.092,0.2015,0.2559,0.1356,0.0744,-0.0137,-0.3842,-0.1638,-0.0543,0.1203,0.0612,136.3053,97.2867,152.744,0.8558
34.933,1048,on_ground,0.1647,0.2712,-0.5904,1.2448,0.8616,0.6921,-0.0113,0.1097,0.2196,0.109,0.0769,-0.1444,-0.5513,-0.2309,-0.1099,0.1106,0.0322,145.6737,91.0467,161.2568,0.9159
34.967,1049,on_ground,0.1111,0.2359,-0.7572,1.3229,0.9931,0.7507,-0.1037,0.0306,0.1917,0.0931,0.0784,-0.251,-0.6893,-0.2954,-0.1611,0.0986,0.0146,159.7796,96.158,160.789,0.9782
35.0,1050,on_ground,0.0983,0.2456,-0.808,1.418,1.0537,0.7431,-0.1325,0.0143,0.1823,0.0751,0.0735,-0.295,-0.7436,-0.3147,-0.1679,0.1072,0.0016,162.8594,102.5257,152.6112,1.0445
35.033,1051,on_ground,0.1044,0.2634,-0.8147,1.4306,1.0781,0.7536,-0.1408,0.0243,0.1846,0.044,0.0722,-0.312,-0.7558,-0.3253,-0.1603,0.1406,-0.0282,147.4311,104.2777,147.3421,1.054
35.067,1052,on_ground,0.0893,0.246,-0.8088,1.4143,1.0549,0.7459,-0.1891,0.013,0.1656,-0.0011,0.0732,-0.3322,-0.751,-0.3547,-0.1526,0.1667,-0.0743,129.9017,106.6052,143.2783,1.0296
35.1,1053,on_ground,0.0592,0.228,-0.8033,1.4079,1.0314,0.7325,-0.2448,-0.0168,0.1352,-0.0546,0.0734,-0.3482,-0.7469,-0.38,-0.152,0.1898,-0.1279,111.971,115.1436,138.0017,1.0061
35.133,1054,on_ground,0.0172,0.2125,-0.8172,1.4133,1.0298,0.7286,-0.2628,-0.0448,0.0791,-0.0934,0.0747,-0.3701,-0.7553,-0.3419,-0.1239,0.1725,-0.1681,109.6365,124.7179,132.4949,0.987
35.167,1055,on_ground,-0.0122,0.1984,-0.8287,1.4234,1.0271,0.7216,-0.2408,-0.0849,0.0604,-0.1272,0.076,-0.3977,-0.7729,-0.3012,-0.1453,0.1876,-0.2032,105.0939,125.1339,132.0947,0.9585
35.2,1056,on_ground,-0.0447,0.1694,-0.8762,1.4377,1.0456,0.7273,-0.3801,-0.1206,0.0312,-0.1499,0.078,-0.4388,-0.8167,-0.4113,-0.1518,0.1811,-0.2279,103.12,126.8931,129.0275,0.9522
35.233,1057,on_ground,-0.0541,0.1654,-0.8704,1.4799,1.0358,0.6999,-0.2691,-0.135,0.0268,-0.1559,0.079,-0.441,-0.8156,-0.2959,-0.1618,0.1827,-0.2349,111.5796,126.4403,130.0378,0.904
35.267,1058,on_ground,-0.0487,0.16,-0.8384,1.4599,0.9983,0.6838,,-0.1207,0.0233,-0.1454,0.0806,-0.4095,-0.7813,,-0.1439,0.1686,-0.2259,117.9941,129.1996,129.3675,0.865
35.3,1059,on_ground,-0.0499,0.1535,-0.8159,1.4683,0.9695,0.6603,-0.388,-0.1366,0.0368,-0.1316,0.0823,-0.3982,-0.7616,-0.4248,-0.1734,0.1684,-0.214,128.3151,122.564,136.7213,0.8251
35.333,1060,on_ground,-0.038,0.1465,-0.7941,1.4599,0.9406,0.6443,-0.3987,-0.1327,0.0568,-0.1306,0.083,-0.3856,-0.7419,-0.4554,-0.1895,0.1874,-0.2137,128.6911,117.9184,139.6185,0.8005
35.367,1061,on_ground,-0.0358,0.1429,-0.7855,1.4473,0.9284,0.6415,-0.3845,-0.1358,0.0642,-0.1292,0.0819,-0.3825,-0.7354,-0.4487,-0.1999,0.1934,-0.2111,130.1919,118.6896,139.0205,0.7952
35.4,1062,on_ground,-0.0335,0.1506,-0.7883,1.4446,0.9389,0.6499,-0.3949,-0.142,0.075,-0.1217,0.0821,-0.387,-0.739,-0.4699,-0.217,0.1966,-0.2038,131.3018,116.8169,140.4347,0.7913
35.433,1063,on_ground,-0.0307,0.1487,-0.7783,1.4339,0.927,0.6465,-0.3872,-0.1367,0.0754,-0.1144,0.0811,-0.3803,-0.7304,-0.4626,-0.2122,0.1898,-0.1955,134.1246,119.6468,138.9118,0.7881
35.467,1064,on_ground,-0.0312,0.1424,-0.7731,1.428,0.9155,0.6411,-0.3819,-0.132,0.0696,-0.1164,0.0816,-0.3775,-0.7254,-0.4515,-0.2016,0.186,-0.1979,133.2899,121.0626,137.9689,0.7842
35.5,1065,on_ground,-0.029,0.1434,-0.7713,1.423,0.9146,0.6428,-0.37,-0.1278,0.0698,-0.119,0.0814,-0.3776,-0.7249,-0.4397,-0.1975,0.1888,-0.2005,131.7057,122.2717,136.639,0.7832
35.533,1066,on_ground,-0.0299,0.1373,-0.7755,1.4243,0.9128,0.6409,-0.372,-0.1271,0.0673,-0.1148,0.0817,-0.3819,-0.7284,-0.4393,-0.1945,0.1821,-0.1965,132.0088,122.8627,136.8506,0.7861
35.567,1067,on_ground,-0.0311,0.1355,-0.7752,1.4186,0.9107,0.6419,-0.3695,-0.1274,0.0652,-0.1116,0.0821,-0.383,-0.7273,-0.4347,-0.1926,0.1769,-0.1938,133.3786,122.0231,138.4646,0.7885
35.6,1068,on_ground,-0.0302,0.1187,-0.7626,1.3982,0.8813,0.6303,-0.3317,-0.1198,0.0593,-0.1028,0.0824,-0.3684,-0.7142,-0.391,-0.1791,0.1621,-0.1851,135.2544,125.0357,136.9606,0.7794
35.633,1069,on_ground,-0.0301,0.1282,-0.7638,1.4005,0.8919,0.6369,-0.3537,-0.1197,0.0596,-0.0993,0.0832,-0.3709,-0.7148,-0.4133,-0.1792,0.1589,-0.1825,137.048,122.9373,139.5303,0.7799
35.667,1070,on_ground,-0.0294,0.1361,-0.7532,1.3943,0.8893,0.6378,-0.3407,-0.1117,0.0529,-0.0966,0.0832,-0.3639,-0.7051,-0.3935,-0.1646,0.1495,-0.1799,139.7436,124.1079,139.7286,0.7799
35.7,1071,on_ground,-0.029,0.1402,-0.7556,1.4004,0.8958,0.6396,-0.3345,-0.1146,0.0565,-0.0944,0.0828,-0.3672,-0.7092,-0.391,-0.1711,0.1509,-0.1771,140.3892,124.1499,139.8071,0.7809
35.733,1072,on_ground,-0.0295,0.1425,-0.7611,1.4069,0.9036,0.6423,-0.3201,-0.1171,0.058,-0.0931,0.0826,-0.3725,-0.7151,-0.3781,-0.1751,0.1511,-0.1757,140.8004,123.4885,140.4664,0.7844
35.767,1073,on_ground,-0.0271,0.1452,-0.7596,1.4067,0.9048,0.6432,-0.2991,-0.1117,0.0574,-0.0898,0.0823,-0.3712,-0.7137,-0.3566,-0.1691,0.1472,-0.1721,141.67,125.2046,139.2835,0.7843
35.8,1074,on_ground,-0.0296,0.1442,-0.7617,1.4138,0.9059,0.6407,-0.287,-0.1053,0.0461,-0.1013,0.0821,-0.3725,-0.7156,-0.3331,-0.1514,0.1474,-0.1834,140.4787,127.5966,136.9275,0.789
35.833,1075,on_ground,-0.0236,0.1457,-0.7557,1.413,0.9014,0.6379,-0.2665,-0.092,0.0447,-0.1151,0.0819,-0.3669,-0.71,-0.3112,-0.1367,0.1598,-0.1971,136.9352,127.7245,134.7502,0.7902
35.867,1076,on_ground,-0.0191,0.1439,-0.7555,1.416,0.8993,0.6351,-0.2556,-0.0822,0.0439,-0.1232,0.0816,-0.3656,-0.7104,-0.2995,-0.1261,0.1671,-0.2048,133.8811,129.5964,131.4831,0.7922
35.9,1077,on_ground,-0.0108,0.1462,-0.7579,1.4186,0.9041,0.6373,-0.2486,-0.0709,0.0493,-0.1215,0.0811,-0.3626,-0.7127,-0.2979,-0.1203,0.1708,-0.2026,133.0701,130.8311,129.4212,0.7936
35.933,1078,on_ground,-0.006,0.1425,-0.7569,1.4135,0.8995,0.6363,-0.229,-0.061,0.0491,-0.1183,0.0808,-0.358,-0.7116,-0.2781,-0.1101,0.1674,-0.1991,133.8125,132.8203,128.0429,0.7959
35.967,1079,on_ground,-0.0024,0.143,-0.7553,1.4145,0.8983,0.6351,-0.2052,-0.0546,0.0498,-0.1101,0.0807,-0.3555,-0.7097,-0.255,-0.1043,0.1599,-0.1908,136.1261,134.4954,127.3054,0.796
36.0,1080,on_ground,-0.0063,0.1462,-0.7518,1.4003,0.898,0.6413,-0.1719,-0.051,0.0383,-0.1031,0.08,-0.3481,-0.7042,-0.2102,-0.0893,0.1414,-0.1831,135.8106,140.5779,123.044,0.8062
36.033,1081,on_ground,-0.0093,0.1487,-0.7556,1.4104,0.9043,0.6412,-0.1517,-0.0477,0.0291,-0.0928,0.0801,-0.3512,-0.7067,-0.1808,-0.0768,0.1218,-0.1729,141.1322,144.6047,121.6867,0.8059
36.067,1082,on_ground,-0.0129,0.1535,-0.7528,1.4199,0.9063,0.6383,-0.1389,-0.0386,0.0129,-0.0842,0.0801,-0.3482,-0.7039,-0.1517,-0.0514,0.0971,-0.1643,147.0202,151.3275,118.6021,0.8029
36.1,1083,on_ground,-0.0069,0.16,-0.7407,1.419,0.9007,0.6347,-0.1183,-0.0203,0.0065,-0.0725,0.0798,-0.3368,-0.6916,-0.1248,-0.0268,0.079,-0.1524,152.7574,156.9095,115.6337,0.7996
36.133,1084,on_ground,-0.0052,0.163,-0.7393,1.4206,0.9023,0.6352,-0.1059,-0.0132,0.0028,-0.0644,0.0796,-0.3346,-0.6893,-0.1087,-0.0161,0.0672,-0.144,156.1782,160.0342,114.2836,0.8017
36.167,1085,on_ground,-0.0109,0.1645,-0.7423,1.4248,0.9067,0.6364,-0.101,-0.0129,-0.0089,-0.0609,0.0795,-0.3378,-0.6924,-0.0921,-0.004,0.052,-0.1404,159.6852,163.6617,112.6763,0.8054
36.2,1086,on_ground,-0.0118,0.1646,-0.7365,1.4188,0.9012,0.6351,-0.0874,-0.0089,-0.0147,-0.0567,0.0793,-0.3336,-0.6864,-0.0728,0.0058,0.0421,-0.1361,162.0261,164.9752,111.2258,0.8061
36.233,1087,on_ground,-0.0121,0.1698,-0.7357,1.4256,0.9055,0.6352,-0.0757,-0.0094,-0.0147,-0.0468,0.0789,-0.3333,-0.6854,-0.061,0.0053,0.0321,-0.1257,164.7909,164.9045,111.3814,0.8099
36.267,1088,on_ground,-0.0002,0.1802,-0.714,1.4136,0.8942,0.6325,-0.0472,0.007,-0.0073,-0.0315,0.0779,-0.3149,-0.6617,-0.0399,0.0144,0.0242,-0.1094,168.0431,164.1603,109.8794,0.8123
36.3,1089,on_ground,-0.0018,0.1806,-0.7158,1.4149,0.8964,0.6335,-0.0336,0.0069,-0.0104,-0.0219,0.0777,-0.316,-0.6604,-0.0231,0.0174,0.0115,-0.0996,170.7105,165.266,109.3889,0.8165
36.333,1090,on_ground,-0.0051,0.1858,-0.7212,1.4249,0.907,0.6366,-0.0225,0.0036,-0.0138,-0.018,0.077,-0.3175,-0.6601,-0.0087,0.0175,0.0042,-0.095,171.7171,166.7145,109.3512,0.8245
36.367,1091,on_ground,-0.0084,0.1911,-0.7282,1.4366,0.9192,0.6399,-0.0157,0.002,-0.0188,-0.0172,0.0764,-0.3199,-0.6592,0.0031,0.0209,-0.0016,-0.0937,172.1536,168.1413,108.7849,0.8328
36.4,1092,on_ground,-0.022,0.1955,-0.741,1.4561,0.9365,0.6431,-0.0141,-0.0073,-0.0368,-0.0222,0.0757,-0.3245,-0.6564,0.0226,0.0295,-0.0145,-0.0979,172.2926,169.7414,107.5528,0.842
36.433,1093,on_ground,-0.0384,0.2016,-0.7639,1.4825,0.9655,0.6512,-0.0207,-0.023,-0.0537,-0.0407,0.0748,-0.3344,-0.6577,0.033,0.0307,-0.013,-0.1155,167.4037,171.3603,107.4057,0.8598
36.467,1094,on_ground,-0.0289,0.1997,-0.7752,1.4778,0.9749,0.6597,-0.019,-0.024,-0.0339,-0.0564,0.0745,-0.33,-0.6513,0.0148,0.0099,0.0225,-0.1309,159.4413,169.7479,109.8758,0.8738
36.5,1095,on_ground,-0.0111,0.1986,-0.7995,1.4946,0.9982,0.6679,-0.0279,-0.0243,0.0022,-0.0458,0.0745,-0.3348,-0.6617,-0.0301,-0.0265,0.0479,-0.1203,157.2572,162.2753,113.9868,0.8864
36.533,1096,on_ground,-0.0223,0.2021,-0.8152,1.5107,1.0173,0.6734,-0.0191,-0.0226,-0.0221,-0.0236,0.0741,-0.33,-0.6528,0.003,-0.0005,0.0015,-0.0977,166.5668,171.6811,110.8546,0.8975
36.567,1097,on_ground,-0.0341,0.2,-0.8298,1.5157,1.0298,0.6795,-0.0098,-0.0213,-0.0469,-0.0057,0.0743,-0.3192,-0.6451,0.0371,0.0256,-0.0411,-0.08,174.471,179.2521,107.4643,0.9051
36.6,1098,on_ground,-0.0362,0.1991,-0.833,1.5073,1.0321,0.6848,0.0039,-0.0178,-0.0545,-0.0018,0.0744,-0.3021,-0.62,0.0584,0.0367,-0.0527,-0.0763,170.5833,176.7441,105.757,0.9152
36.633,1099,on_ground,-0.0342,0.2039,-0.8381,1.511,1.042,0.6896,0.0145,-0.0067,-0.0617,-0.003,0.0738,-0.2823,-0.5909,0.0762,0.055,-0.0587,-0.0768,167.1678,172.9498,102.7437,0.9391
36.667,1100,on_ground,-0.0462,0.2121,-0.8609,1.538,1.073,0.6976,0.0194,-0.0098,-0.0826,-0.0079,0.0727,-0.2774,-0.5805,0.102,0.0728,-0.0747,-0.0806,164.2692,168.1046,99.72,0.9708
36.7,1101,on_ground,-0.0444,0.2236,-0.8646,1.5513,1.0883,0.7015,0.0391,0.0011,-0.0899,-0.0052,0.0711,-0.2618,-0.5603,0.129,0.0909,-0.0847,-0.0763,158.3861,163.8811,96.7616,0.9908
36.733,1102,on_ground,0.0066,0.2542,-0.8274,1.5431,1.0816,0.7009,0.088,0.0654,-0.0522,0.0145,0.0664,-0.2075,-0.5003,0.1402,0.1175,-0.0667,-0.0519,154.8866,160.6045,91.9537,1.0029
36.767,1103,on_ground,0.0428,0.2762,-0.8044,1.5457,1.0806,0.6991,0.1277,0.108,-0.0224,0.0249,0.0627,-0.1661,-0.4563,0.1501,0.1305,-0.0474,-0.0377,148.622,160.2512,89.479,1.0139
36.8,1104,on_ground,0.0541,0.2875,-0.8053,1.555,1.0928,0.7028,0.1525,0.1264,-0.0182,0.0221,0.0608,-0.1456,-0.4363,0.1707,0.1446,-0.0403,-0.0388,136.9417,157.7345,86.3664,1.0365
36.833,1105,on_ground,0.0213,0.2852,-0.8444,1.5619,1.1296,0.7233,0.1459,0.1042,-0.0615,0.0027,0.0606,-0.1688,-0.455,0.2074,0.1657,-0.0642,-0.058,131.1215,150.1602,81.8695,1.1123
36.867,1106,on_ground,0.0126,0.2939,-0.8638,1.5891,1.1576,0.7285,0.1658,0.106,-0.0807,-0.0088,0.0586,-0.1748,-0.4603,0.2465,0.1867,-0.072,-0.0673,133.0552,143.8588,77.1955,1.1484
36.9,1107,on_ground,0.0194,0.3207,-0.8547,1.6028,1.1754,0.7334,0.1914,0.1217,-0.0829,-0.0019,0.0521,-0.1645,-0.445,0.2743,0.2046,-0.081,-0.054,114.6881,137.5301,72.412,1.2036
36.933,1108,on_ground,0.0237,0.3427,-0.841,1.6102,1.1837,0.7352,0.2125,0.1332,-0.0858,-0.0038,0.0461,-0.1561,-0.4353,0.2983,0.219,-0.082,-0.0499,98.5953,133.4166,68.3348,1.2049
36.967,1109,on_ground,0.0407,0.3611,-0.8059,1.589,1.167,0.7345,0.2507,0.1571,-0.0756,0.0019,0.0404,-0.1326,-0.4076,0.3263,0.2327,-0.0775,-0.0385,84.5371,129.5207,64.0169,1.1915
37.0,1110,on_ground,0.034,0.3682,-0.7894,1.5792,1.1576,0.7331,0.2586,0.159,-0.0909,-0.0219,0.0378,-0.133,-0.4045,0.3495,0.2499,-0.069,-0.0597,70.4546,125.75,59.3421,1.1559
37.033,1111,,0.0336,0.3505,-0.7416,1.4876,1.0921,0.7341,0.2843,0.1716,-0.1045,-0.067,0.0429,-0.1094,-0.3756,0.3888,0.276,-0.0375,-0.1099,56.872,123.7108,53.5258,1.0797
37.067,1112,,0.0851,0.3806,-0.6242,1.3128,1.0047,0.7654,0.3489,0.2345,-0.0643,-0.0538,0.0507,-0.026,-0.2872,0.4132,0.2988,-0.0104,-0.1045,45.5723,122.3941,48.0111,0.9533
37.1,1113,,0.0792,0.3859,-0.5848,1.2958,0.9707,0.7491,0.3547,0.2389,-0.0805,-0.0685,0.0502,-0.0105,-0.2722,0.4352,0.3194,-0.012,-0.1187,48.6768,118.811,44.6334,0.9095
37.133,1114,,0.0761,0.3885,-0.5406,1.2522,0.929,0.7419,0.3605,0.2475,-0.0952,-0.0915,0.0521,0.0116,-0.2498,0.4557,0.3426,-0.0036,-0.1436,49.3541,116.7915,41.1984,0.8679
37.167,1115,,0.0577,0.376,-0.5129,1.2557,0.8889,0.7079,0.3506,0.2372,-0.1218,-0.0914,0.0506,0.0125,-0.2447,0.4724,0.3589,-0.0304,-0.142,53.7863,111.21,39.2582,0.8353
37.2,1116,,0.0337,0.358,-0.4965,1.2873,0.8545,0.6638,0.3352,0.2182,-0.1508,-0.1109,0.0472,0.0001,-0.2505,0.486,0.369,-0.04,-0.158,60.196,108.1544,37.9261,0.8289
37.233,1117,,0.029,0.3548,-0.4728,1.2753,0.8275,0.6489,0.3342,0.2172,-0.1592,-0.1203,0.0468,0.0042,-0.241,0.4934,0.3764,-0.0389,-0.1671,62.62,106.591,36.3183,0.8083
37.267,1118,,0.0319,0.3549,-0.4609,1.2685,0.8158,0.6432,0.3358,0.2208,-0.157,-0.1116,0.0462,0.0081,-0.2344,0.4929,0.3778,-0.0455,-0.1577,63.7611,104.528,35.1515,0.8004
37.3,1119,,0.0488,0.3689,-0.4404,1.2204,0.8093,0.6632,0.3501,0.2387,-0.1411,-0.0953,0.0485,0.0263,-0.2146,0.4912,0.3798,-0.0458,-0.1438,60.413,102.6029,33.003,0.78
37.333,1120,,0.0553,0.3714,-0.435,1.2033,0.8063,0.6701,0.3518,0.2461,-0.1355,-0.0839,0.0492,0.0276,-0.2094,0.4873,0.3817,-0.0516,-0.1332,59.093,100.314,31.2864,0.7801
37.367,1121,,0.0986,0.4046,-0.3852,1.1476,0.7898,0.6882,0.3846,0.2869,-0.0897,-0.0348,0.0573,0.0698,-0.1621,0.4743,0.3766,-0.0549,-0.0921,49.597,98.6465,29.6667,0.7813
37.4,1122,,0.1363,0.433,-0.341,1.1376,0.7739,0.6803,0.4119,0.3239,-0.0512,0.0093,0.062,0.1053,-0.1221,0.4631,0.3751,-0.0605,-0.0527,34.2876,96.5589,28.0409,0.7827
37.433,1123,,0.1579,0.4509,-0.3124,1.1229,0.7633,0.6798,0.4271,0.3483,-0.0326,0.0348,0.0672,0.1279,-0.0977,0.4597,0.3808,-0.0674,-0.0323,21.0259,93.8168,25.6304,0.7829
37.467,1124,,0.1854,0.4741,-0.2763,1.0992,0.7504,0.6827,0.4441,0.379,-0.0082,0.0324,0.0753,0.1597,-0.0658,0.4523,0.3872,-0.0406,-0.0429,22.7343,94.5918,22.1588,0.7736
37.5,1125,,0.2195,0.5014,-0.2313,1.0649,0.7327,0.6881,0.4628,0.4142,0.0248,0.0274,0.0789,0.1976,-0.0279,0.438,0.3895,-0.0026,-0.0515,22.3269,98.7852,20.1312,0.7565
37.533,1126,,0.2474,0.5305,-0.1975,1.1264,0.728,0.6463,0.4813,0.4416,0.0533,0.0258,0.0799,0.2256,-0.0014,0.428,0.3883,0.0275,-0.0541,19.3999,102.2906,18.3965,0.7911
37.567,1127,,0.2636,0.5238,-0.1823,1.056,0.7061,0.6687,0.4639,0.4562,0.071,0.0239,0.0801,0.2383,0.0065,0.3928,0.3851,0.0471,-0.0561,17.2091,105.1153,17.9369,0.7511
37.6,1128,,0.2326,0.4788,-0.2257,1.058,0.7046,0.6659,0.418,0.4266,0.0386,-0.0107,0.0799,0.1994,-0.0427,0.3794,0.388,0.0492,-0.0906,20.8666,105.8635,18.4551,0.7482
37.633,1129,,0.2589,0.4841,-0.2054,1.0616,0.6896,0.6496,0.4222,0.4458,0.072,-0.0006,0.0801,0.2147,-0.0308,0.3503,0.3738,0.0725,-0.0807,13.4144,109.8816,18.6847,0.7474
37.667,1130,,0.2688,0.4786,-0.2142,1.0678,0.6928,0.6488,0.4042,0.4404,0.0971,-0.0021,0.0802,0.2036,-0.0492,0.3072,0.3434,0.0992,-0.0823,10.0777,114.7157,20.1553,0.7468
37.7,1131,,0.2804,0.4732,-0.2294,1.0809,0.7026,0.65,0.3812,0.4326,0.1283,-0.0068,0.0798,0.1875,-0.073,0.2529,0.3043,0.1351,-0.0866,9.0627,121.9282,23.603,0.7568
37.733,1132,,0.2995,0.4612,-0.2495,1.0928,0.7107,0.6504,0.3507,0.4152,0.1838,0.0265,0.0784,0.1634,-0.1055,0.1669,0.2314,0.1573,-0.0519,12.0145,128.8575,32.5371,0.7647
37.767,1133,,0.3151,0.4517,-0.2552,1.1002,0.7069,0.6425,0.3291,0.408,0.2222,0.0388,0.077,0.1504,-0.1274,0.1069,0.1858,0.1834,-0.0382,36.1144,134.9657,39.6928,0.7628
37.8,1134,,0.336,0.4615,-0.2423,1.1105,0.7038,0.6338,0.3206,0.4191,0.2529,0.0376,0.0767,0.1577,-0.1242,0.0677,0.1662,0.2153,-0.0391,70.8442,141.7313,42.7998,0.761
37.833,1135,,0.3462,0.4584,-0.2448,1.1168,0.7032,0.6296,0.3033,0.4177,0.2748,0.026,0.0766,0.1539,-0.1327,0.0285,0.1429,0.2488,-0.0506,109.3639,141.3786,46.3939,0.7561
37.867,1136,,0.3624,0.4649,-0.2421,1.1252,0.7071,0.6284,0.2904,0.423,0.3019,0.0158,0.0786,0.158,-0.1318,-0.0115,0.1211,0.2861,-0.0628,113.8313,140.9262,50.8953,0.7487
37.9,1137,,0.3521,0.4233,-0.2924,1.1281,0.7158,0.6345,0.2355,0.3828,0.3215,-0.0318,0.0798,0.1178,-0.1793,-0.0859,0.0613,0.3533,-0.1116,96.2398,121.1696,70.079,0.7413
37.933,1138,,0.3594,0.4196,-0.3079,1.1453,0.7275,0.6352,0.2078,0.371,0.3479,-0.0281,0.0796,0.1085,-0.1905,-0.1401,0.0231,0.3759,-0.1077,97.841,75.6638,92.4165,0.743
37.967,1139,,0.3447,0.4571,-0.3796,1.3174,0.8367,0.6351,0.1255,0.3135,0.3758,-0.0414,0.0785,0.0554,-0.2571,-0.2503,-0.0623,0.4172,-0.1199,93.6066,70.4187,131.3244,0.8211
38.0,1140,,0.3667,0.5011,-0.3968,1.4394,0.8979,0.6238,0.0651,0.2961,0.4372,0.006,0.0812,0.0508,-0.261,-0.3721,-0.1411,0.4312,-0.0752,103.8559,58.6786,150.4985,0.8529
38.033,1141,,0.3471,0.5066,-0.4669,1.5567,0.9735,0.6253,0.0335,0.2465,0.4476,0.0098,0.0828,0.0046,-0.3054,-0.4141,-0.201,0.4378,-0.073,103.8512,52.8343,158.3747,0.8782
38.067,1142,,0.2454,0.4522,-0.675,1.7326,1.1272,0.6506,-0.1754,0.0979,0.3929,-0.0649,0.0836,-0.1515,-0.4715,-0.5683,-0.295,0.4577,-0.1485,79.6996,43.6402,167.0767,0.9256
38.1,1143,,0.0166,0.2836,-1.0828,1.9145,1.3663,0.7137,-0.4878,-0.2012,0.2343,-0.1667,0.0829,-0.47,-0.8136,-0.7222,-0.4355,0.4011,-0.2496,65.5054,38.054,175.1974,0.977
38.133,1144,,-0.026,0.2563,-1.1911,1.9994,1.4474,0.7239,-0.5837,-0.2653,0.2133,-0.1793,0.0826,-0.534,-0.8718,-0.797,-0.4786,0.3925,-0.2619,57.9779,35.6271,175.7291,0.9979
38.167,1145,,-0.0313,0.254,-1.2349,2.0414,1.4889,0.7294,-0.6045,-0.2732,0.2106,-0.1435,0.0819,-0.533,-0.8637,-0.8152,-0.4839,0.3541,-0.2254,48.3404,36.6633,175.1306,1.0189
38.2,1146,,0.0592,0.3375,-1.1487,2.09,1.4862,0.7111,-0.4946,-0.1735,0.2919,-0.0852,0.0806,-0.4267,-0.7561,-0.7865,-0.4655,0.3772,-0.1658,28.7386,35.2886,174.3358,1.0528
38.233,1147,,0.2174,0.447,-0.9528,2.0467,1.3998,0.6839,-0.2629,0.0105,0.4243,0.0112,0.0797,-0.2325,-0.5536,-0.6872,-0.4137,0.4131,-0.0685,53.3915,33.3195,172.2166,1.0732
38.267,1148,,0.3357,0.5416,-0.8305,2.0782,1.3721,0.6602,-0.0963,0.1645,0.5068,0.0778,0.0748,-0.0848,-0.4318,-0.6031,-0.3423,0.429,0.0031,66.3368,31.863,170.4651,1.1277
38.3,1149,,0.4422,0.5958,-0.6522,1.9528,1.248,0.6391,0.0973,0.3292,0.5552,0.1585,0.0692,0.0799,-0.2724,-0.4579,-0.226,0.3967,0.0893,72.7826,32.5723,165.3682,1.1267
38.333,1150,,0.4911,0.6015,-0.53,1.8084,1.1315,0.6257,0.178,0.4205,0.5617,0.1958,0.0664,0.1737,-0.189,-0.3838,-0.1413,0.366,0.1293,79.8065,36.4523,154.8203,1.0926
38.367,1151,,0.5424,0.6597,-0.4553,1.8076,1.115,0.6168,0.6597,0.5132,0.5716,0.2159,0.0668,0.2124,-0.1527,0.0881,-0.0585,0.3557,0.1491,99.7675,102.2013,122.7271,0.9928
38.4,1152,,0.5861,0.7516,-0.3733,1.957,1.1249,0.5748,0.7516,0.5778,0.5945,0.2184,0.0651,0.2761,-0.0911,0.1571,-0.0168,0.3762,0.1533,106.7366,119.1715,104.8853,0.8756
38.433,1153,,0.6444,0.8016,-0.2567,1.9588,1.0583,0.5403,0.8016,0.6394,0.6494,0.2457,0.0655,0.3521,0.003,0.1522,-0.0099,0.4037,0.1802,120.7401,114.4227,101.0006,0.8502
38.467,1154,,0.6794,0.8056,-0.1239,1.8184,0.9295,0.5111,,0.6885,0.6704,0.2697,0.0683,0.4405,0.1084,,0.0181,0.4007,0.2013,138.2601,124.3086,89.8283,0.9812
38.5,1155,,0.705,0.8208,-0.1241,1.8659,0.9449,0.5064,0.5971,0.7259,0.6841,0.2731,0.0664,0.4824,0.1649,-0.087,0.0418,0.411,0.2067,156.4108,134.8399,74.3402,0.9913
38.533,1156,,0.6962,0.8103,-0.1928,1.958,1.0031,0.5123,0.5874,0.7379,0.6545,0.2762,0.0589,0.5055,0.1797,-0.0671,0.0835,0.3783,0.2173,151.9827,124.5126,42.6122,1.1077
38.567,1157,,0.7419,0.8709,-0.1642,2.0786,1.0351,0.498,0.6755,0.8157,0.6681,0.2987,0.0623,0.5909,0.2807,0.0074,0.1477,0.3694,0.2364,162.972,142.0686,25.5828,1.2293
38.6,1158,,0.7793,0.9334,-0.1538,2.2619,1.0872,0.4806,0.7565,0.8814,0.6772,0.327,0.0638,0.6595,0.3524,0.0793,0.2042,0.3502,0.2632,164.9355,148.7795,15.4247,1.3777
38.633,1159,,0.8201,0.9946,-0.1419,2.4526,1.1365,0.4634,0.8352,0.9477,0.6926,0.3461,0.0653,0.7253,0.4275,0.1427,0.2551,0.3465,0.2808,165.153,154.1634,11.4144,1.5327
38.667,1160,,0.8685,1.0522,-0.1226,2.6253,1.1748,0.4475,0.9308,1.0127,0.7244,0.3724,0.0678,0.7893,0.4878,0.2064,0.2883,0.3519,0.3047,166.567,158.0671,9.7188,1.6871
38.7,1161,,0.9318,1.132,-0.076,2.853,1.208,0.4234,1.0221,1.0949,0.7687,0.4102,0.0734,0.8607,0.5555,0.2533,0.3261,0.3585,0.3369,169.3483,161.0231,9.0373,1.8587
38.733,1162,,0.9854,1.1936,-0.0358,3.035,1.2294,0.4051,1.121,1.1633,0.8075,0.4448,0.0773,0.927,0.6283,0.3135,0.3557,0.3627,0.3675,171.4871,162.9548,8.7,1.9933
38.767,1163,,1.0229,1.2416,-0.0095,3.2238,1.2512,0.3881,1.1992,1.21,0.8358,0.4654,0.0794,0.9722,0.6784,0.3634,0.3742,0.3704,0.386,174.0508,164.4079,7.9923,2.0686
38.8,1164,,1.059,1.3081,0.0159,3.5067,1.2921,0.3685,1.277,1.2538,0.8641,0.492,0.0812,1.0117,0.7313,0.4129,0.3897,0.3721,0.4109,176.5121,165.5143,7.2637,2.1818
38.833,1165,,1.075,1.354,0.0217,3.761,1.3323,0.3542,1.3331,1.2823,0.8677,0.4892,0.0815,1.035,0.7618,0.4654,0.4146,0.3785,0.4078,177.718,166.5526,6.835,2.2774
38.867,1166,,1.0853,1.3981,0.0209,4.0417,1.3772,0.3407,1.3723,1.3055,0.8651,0.4806,0.0814,1.0507,0.7828,0.5072,0.4404,0.3845,0.3992,178.5251,167.4098,6.2491,2.3174
38.9,1167,,1.0971,1.432,0.0219,4.2705,1.4101,0.3302,1.4056,1.3262,0.868,0.4766,0.0814,1.0714,0.8018,0.5376,0.4582,0.3914,0.3952,179.4216,168.2499,5.7322,2.3089
38.933,1168,,1.1068,1.4663,0.0208,4.5239,1.4455,0.3195,1.4369,1.3449,0.8688,0.4735,0.0813,1.088,0.8139,0.5681,0.4761,0.3953,0.3922,179.8531,169.2425,5.4358,2.3077
38.967,1169,,1.1128,1.4903,0.0197,4.7165,1.4705,0.3118,1.4614,1.3581,0.8675,0.4702,0.0812,1.0976,0.8223,0.5939,0.4906,0.3973,0.3891,179.4295,169.9095,5.4589,2.3084
39.0,1170,upright,1.118,1.5126,0.0213,4.8962,1.4913,0.3046,1.4837,1.3719,0.864,0.465,0.0812,1.1101,0.8311,0.6197,0.5079,0.3991,0.3838,179.607,170.4073,6.1983,2.2993
39.033,1171,upright,1.1209,1.5308,0.0214,5.053,1.5094,0.2987,1.5022,1.3824,0.8595,0.4609,0.0811,1.1206,0.8377,0.6428,0.523,0.3986,0.3798,179.1345,170.764,6.7777,2.2857
39.067,1172,upright,1.1224,1.5453,0.0196,5.1854,1.5257,0.2942,1.5168,1.3884,0.8563,0.4589,0.081,1.1276,0.8452,0.6604,0.5321,0.3974,0.3779,179.0795,171.3132,7.4221,2.2584
39.1,1173,upright,1.123,1.5568,0.0202,5.2925,1.5366,0.2903,1.5277,1.3949,0.8512,0.4538,0.081,1.1331,0.8473,0.6765,0.5438,0.3974,0.3728,178.168,171.3626,7.9358,2.2288
39.133,1174,upright,1.1245,1.5673,0.0206,5.3918,1.5466,0.2868,1.5381,1.402,0.8471,0.4494,0.0811,1.1377,0.8498,0.691,0.5549,0.3976,0.3684,177.2756,171.3792,8.52,2.2095
39.167,1175,upright,1.1248,1.5753,0.0214,5.472,1.5539,0.284,1.5452,1.4068,0.8428,0.4445,0.0811,1.1421,0.8543,0.7024,0.564,0.3983,0.3634,175.8994,171.0715,9.0235,2.1929
39.2,1176,upright,1.1256,1.5818,0.0226,5.5365,1.5592,0.2816,1.5514,1.4113,0.8398,0.4406,0.0812,1.1445,0.8579,0.7116,0.5715,0.3992,0.3594,174.6665,170.5944,9.3443,2.1767
39.233,1177,upright,1.1279,1.5894,0.0206,5.6156,1.5689,0.2794,1.5574,1.4161,0.8396,0.4391,0.0811,1.1491,0.8619,0.7178,0.5765,0.4005,0.358,173.6513,170.4122,9.5738,2.1276
39.267,1178,upright,1.1301,1.5948,0.0183,5.6745,1.5765,0.2778,1.563,1.4206,0.8396,0.4381,0.081,1.1528,0.8642,0.7234,0.581,0.4015,0.3571,172.7846,170.3132,9.767,2.0874
39.3,1179,upright,1.1315,1.5991,0.0165,5.7232,1.5827,0.2765,1.5676,1.4238,0.8391,0.4367,0.0809,1.1557,0.8664,0.7285,0.5847,0.4024,0.3558,171.8975,170.1348,9.9869,2.0531
39.333,1180,upright,1.1336,1.6035,0.015,5.7694,1.5885,0.2753,1.5724,1.4274,0.8398,0.4353,0.081,1.1597,0.8703,0.7326,0.5876,0.4045,0.3543,171.3651,170.0381,10.2141,2.031
39.367,1181,upright,1.134,1.6063,0.0143,5.8023,1.5921,0.2744,1.575,1.4292,0.8387,0.4343,0.081,1.162,0.874,0.7363,0.5906,0.4044,0.3532,171.0424,169.7791,10.4154,2.0183
39.4,1182,upright,1.135,1.6084,0.0136,5.828,1.5949,0.2737,1.5772,1.431,0.839,0.4333,0.0811,1.1624,0.8754,0.7383,0.592,0.4056,0.3522,170.8861,169.5676,10.5691,2.0109
39.433,1183,upright,1.1351,1.6108,0.0119,5.8578,1.5989,0.2729,1.5795,1.4316,0.8385,0.4327,0.0812,1.1627,0.8772,0.741,0.5931,0.4058,0.3515,170.8173,169.3182,10.7152,2.0154
39.467,1184,upright,1.1349,1.6134,0.0127,5.8816,1.6007,0.2722,1.5826,1.4322,0.8376,0.4338,0.0814,1.1638,0.8804,0.745,0.5946,0.4038,0.3524,170.9955,169.1625,10.8235,2.0233
39.5,1185,upright,1.1352,1.6158,0.0142,5.9035,1.6017,0.2713,1.5851,1.4325,0.8379,0.4354,0.0817,1.1639,0.8812,0.7471,0.5946,0.4026,0.3537,171.2853,168.982,10.8653,2.0331
39.533,1186,upright,1.1351,1.6175,0.0155,5.9207,1.6021,0.2706,1.587,1.4324,0.8378,0.4364,0.082,1.1641,0.8808,0.7492,0.5946,0.4014,0.3544,171.5869,168.7882,10.8022,2.0391
39.567,1187,upright,1.1346,1.619,0.0167,5.9353,1.6023,0.27,1.5889,1.4314,0.8378,0.4363,0.0825,1.1611,0.8778,0.7511,0.5936,0.4015,0.3538,171.6586,168.1412,10.735,2.0348
39.6,1188,upright,1.133,1.6188,0.0186,5.935,1.6002,0.2696,1.5883,1.4294,0.8365,0.4331,0.0829,1.1571,0.8721,0.7518,0.5929,0.4034,0.3501,171.1461,167.2505,10.9419,2.0315
39.633,1189,upright,1.1328,1.6186,0.0184,5.93,1.6001,0.2698,1.5884,1.429,0.8365,0.4317,0.0834,1.1543,0.8668,0.7519,0.5925,0.4048,0.3483,171.2594,166.6113,10.8748,2.03
39.667,1190,upright,1.1319,1.6182,0.0208,5.9207,1.5974,0.2698,1.5883,1.4288,0.835,0.4286,0.0841,1.1512,0.8627,0.7533,0.5937,0.4064,0.3445,171.4107,165.9931,10.8462,2.0264
39.7,1191,upright,1.1318,1.6194,0.0196,5.9267,1.5997,0.2699,1.5893,1.4279,0.8357,0.4277,0.0846,1.15,0.8598,0.7536,0.5922,0.408,0.3431,171.2686,165.3275,10.5752,2.0334
39.733,1192,upright,1.1316,1.6205,0.0187,5.9336,1.6018,0.27,1.59,1.4263,0.8369,0.4263,0.085,1.149,0.8567,0.7531,0.5894,0.4106,0.3413,171.1448,164.8245,10.2106,2.0554
39.767,1193,upright,1.1319,1.6213,0.0191,5.933,1.6022,0.27,1.5905,1.4247,0.8391,0.4275,0.0853,1.1473,0.8549,0.7514,0.5856,0.4116,0.3422,171.2972,164.3842,9.693,2.0952
39.8,1194,upright,1.1321,1.622,0.0177,5.9352,1.6043,0.2703,1.5914,1.4244,0.8398,0.4249,0.0854,1.1462,0.8521,0.7516,0.5846,0.4149,0.3395,171.5565,164.604,9.1644,2.1487
39.833,1195,upright,1.1313,1.6223,0.0171,5.9332,1.6052,0.2705,1.592,1.4236,0.839,0.4237,0.0856,1.1447,0.8498,0.7531,0.5846,0.4152,0.3382,172.5686,165.0216,8.7318,2.2039
39.867,1196,upright,1.1298,1.6233,0.0155,5.9399,1.6077,0.2707,1.5927,1.423,0.8366,0.4218,0.0857,1.1425,0.8475,0.7561,0.5864,0.4148,0.3361,173.6139,165.3975,8.3195,2.2682
39.9,1197,upright,1.1292,1.6255,0.0141,5.9588,1.6114,0.2704,1.5943,1.4221,0.8363,0.4225,0.0858,1.1372,0.8464,0.7579,0.5858,0.4139,0.3367,174.8682,165.6245,7.7776,2.3527
39.933,1198,upright,1.1283,1.6258,0.0186,5.9486,1.6072,0.2702,1.5961,1.4221,0.8346,0.4225,0.0863,1.1352,0.8476,0.7616,0.5875,0.412,0.3362,176.0389,165.3663,7.5272,2.4193
39.967,1199,upright,1.1264,1.6254,0.022,5.9337,1.6034,0.2702,1.5984,1.4218,0.831,0.4198,0.0868,1.134,0.8471,0.7674,0.5908,0.4112,0.3331,177.2228,165.3168,7.2201,2.4397
40.0,1200,upright,1.125,1.6261,0.0257,5.9287,1.6004,0.2699,1.601,1.4221,0.8278,0.4186,0.0871,1.1317,0.8468,0.7732,0.5943,0.4092,0.3315,177.5922,165.3148,7.0628,2.4206
40.033,1201,upright,1.1238,1.6272,0.0287,5.9273,1.5985,0.2697,1.6032,1.4225,0.8251,0.4157,0.0871,1.1283,0.8464,0.7781,0.5974,0.4094,0.3285,175.1737,165.6095,7.1158,2.3968
40.067,1202,upright,1.1239,1.6297,0.0314,5.9337,1.5984,0.2694,1.6056,1.4238,0.824,0.4157,0.0868,1.1299,0.8483,0.7816,0.5998,0.4083,0.3288,171.9839,166.9603,6.8991,2.3682
40.1,1203,upright,1.1273,1.6336,0.0366,5.9428,1.5971,0.2687,1.6089,1.4257,0.8289,0.4195,0.0867,1.134,0.8513,0.78,0.5968,0.4094,0.3328,169.2069,167.8558,6.3256,2.3325
40.133,1204,upright,1.1334,1.6383,0.0499,5.9386,1.5883,0.2675,1.6129,1.4307,0.8362,0.4259,0.0866,1.1408,0.8575,0.7767,0.5945,0.4103,0.3393,165.6752,169.2732,6.399,2.2857
40.167,1205,upright,1.139,1.6421,0.061,5.9316,1.581,0.2665,1.6164,1.4352,0.8429,0.4303,0.0859,1.1479,0.8635,0.7735,0.5923,0.4126,0.3444,164.1404,170.3133,6.3316,2.2309
40.2,1206,upright,1.1521,1.6512,0.0842,5.9302,1.567,0.2642,1.6253,1.4461,0.8581,0.4452,0.085,1.1629,0.8806,0.7672,0.588,0.4129,0.3602,164.676,171.0605,5.9703,2.2392
40.233,1207,upright,1.1647,1.6604,0.0613,5.9914,1.5991,0.2669,1.6339,1.4565,0.8729,0.4558,0.0836,1.1772,0.897,0.761,0.5836,0.4171,0.3722,166.0881,171.9195,5.5837,2.2447
40.267,1208,upright,1.1765,1.6683,0.0333,6.047,1.635,0.2704,1.6416,1.466,0.8869,0.4664,0.0816,1.191,0.9135,0.7546,0.5791,0.4205,0.3848,167.3114,172.6539,5.0511,2.258
40.3,1209,upright,1.1857,1.675,0.0081,6.0901,1.6669,0.2737,1.6482,1.4733,0.8981,0.4757,0.0796,1.2017,0.9269,0.7501,0.5753,0.4223,0.3962,168.152,173.5663,4.7203,2.2701
40.333,1210,upright,1.1912,1.679,-0.01,6.1097,1.689,0.2764,1.6521,1.4777,0.9047,0.4798,0.0778,1.2084,0.9351,0.7474,0.573,0.4249,0.402,169.3402,174.1085,4.5192,2.2764
40.367,1211,upright,1.1912,1.6798,-0.0208,6.1001,1.7006,0.2788,1.6531,1.4789,0.9035,0.4792,0.0766,1.2095,0.9385,0.7496,0.5755,0.4243,0.4026,170.4973,174.44,4.4661,2.2676
40.4,1212,upright,1.1867,1.6795,-0.0287,6.0747,1.7083,0.2812,1.6523,1.4782,0.8953,0.4703,0.0757,1.2085,0.9406,0.757,0.5829,0.425,0.3947,171.0391,174.3957,4.5543,2.2794
40.433,1213,upright,1.1816,1.6778,-0.0294,6.0329,1.7071,0.283,1.6496,1.476,0.8871,0.4656,0.0755,1.2061,0.9399,0.7625,0.5889,0.4215,0.3901,170.9636,174.6247,4.853,2.2936
40.467,1214,upright,1.1725,1.6701,-0.0288,5.9574,1.6989,0.2852,1.6422,1.4691,0.8758,0.4561,0.0755,1.1962,0.9289,0.7663,0.5932,0.4198,0.3806,170.0848,174.6462,5.1105,2.2821
40.5,1215,upright,1.1627,1.6618,-0.0287,5.8735,1.6905,0.2878,1.6339,1.4616,0.8639,0.4441,0.0755,1.1863,0.9175,0.7701,0.5977,0.4198,0.3686,169.4014,175.2195,5.5749,2.2816
40.533,1216,upright,1.1561,1.6551,-0.0315,5.803,1.6865,0.2906,1.6266,1.4559,0.8563,0.4372,0.0753,1.1769,0.9064,0.7704,0.5997,0.4191,0.3619,168.7394,174.9914,5.9736,2.2965
40.567,1217,upright,1.1506,1.6479,-0.0348,5.7224,1.6827,0.294,1.6185,1.4514,0.8498,0.4296,0.075,1.1695,0.8966,0.7687,0.6016,0.4202,0.3546,167.6592,174.7139,6.3053,2.3203
40.6,1218,upright,1.1466,1.6388,-0.0376,5.6249,1.6764,0.298,1.6072,1.4469,0.8464,0.4282,0.0748,1.1619,0.8855,0.7608,0.6005,0.4182,0.3534,166.6631,174.2415,6.5765,2.3473
40.633,1219,upright,1.144,1.6294,-0.0385,5.5293,1.6679,0.3017,1.5941,1.4421,0.8458,0.4362,0.0748,1.1546,0.8746,0.7483,0.5964,0.4096,0.3613,165.5776,173.3976,6.7642,2.369
40.667,1220,upright,1.1414,1.6194,-0.0389,5.4305,1.6583,0.3054,1.5816,1.437,0.8457,0.4412,0.0749,1.1452,0.8622,0.7359,0.5913,0.4045,0.3663,163.2518,172.0492,6.9578,2.3881
40.7,1221,upright,1.1417,1.6114,-0.0391,5.3407,1.6505,0.309,1.5728,1.4351,0.8483,0.4361,0.0749,1.1401,0.8558,0.7244,0.5867,0.4122,0.3612,160.5616,171.155,7.1578,2.4039
40.733,1222,upright,1.1406,1.6044,-0.0387,5.265,1.6432,0.3121,1.5641,1.4318,0.8493,0.4315,0.075,1.1357,0.8508,0.7148,0.5825,0.4178,0.3565,158.4051,169.9681,7.1981,2.4166
40.767,1223,upright,1.1376,1.5979,-0.0378,5.1994,1.6357,0.3146,1.5559,1.4282,0.847,0.4224,0.0753,1.1317,0.8458,0.7089,0.5811,0.4247,0.3471,157.3929,168.8456,7.2859,2.4236
40.8,1224,upright,1.1383,1.5949,-0.032,5.1523,1.6268,0.3157,1.554,1.4276,0.849,0.4227,0.0761,1.1304,0.8434,0.705,0.5786,0.4263,0.3466,158.1502,167.9518,7.309,2.4215
40.833,1225,upright,1.1445,1.5958,-0.0205,5.1224,1.6163,0.3155,1.5549,1.4306,0.8584,0.4308,0.0776,1.1344,0.846,0.6965,0.5722,0.4276,0.3532,159.9547,167.13,7.2432,2.4192
40.867,1226,upright,1.1518,1.5997,-0.0057,5.1028,1.6054,0.3146,1.5587,1.436,0.8676,0.4449,0.0795,1.1417,0.8545,0.691,0.5684,0.4227,0.3654,162.4735,166.4037,7.2586,2.414
40.9,1227,upright,1.1621,1.6068,0.0141,5.0953,1.5927,0.3126,1.566,1.4441,0.8802,0.4594,0.0816,1.1514,0.867,0.6859,0.5639,0.4208,0.3778,165.0658,166.2918,7.0938,2.4153
40.933,1228,upright,1.169,1.6122,0.033,5.0807,1.5791,0.3108,1.5728,1.4499,0.8881,0.467,0.0838,1.1589,0.8763,0.6848,0.5618,0.4211,0.3832,168.0572,166.3012,6.9831,2.4127
40.967,1229,upright,1.1728,1.6167,0.0483,5.0741,1.5684,0.3091,1.5784,1.4534,0.8923,0.4723,0.0854,1.1642,0.882,0.6861,0.5611,0.42,0.3868,170.3847,166.6525,6.7758,2.4152
41.0,1230,upright,1.1714,1.6209,0.0591,5.0769,1.5618,0.3076,1.5821,1.4548,0.8879,0.4662,0.0866,1.1673,0.8842,0.6942,0.5669,0.4217,0.3796,172.4299,167.0409,6.5521,2.4235
41.033,1231,upright,1.1678,1.6251,0.0648,5.0848,1.5603,0.3069,1.5883,1.457,0.8786,0.4596,0.0873,1.1704,0.8884,0.7097,0.5784,0.419,0.3723,173.7762,166.9666,6.4194,2.4379
41.067,1232,upright,1.1657,1.6286,0.0672,5.0987,1.5614,0.3062,1.5924,1.4588,0.8726,0.4545,0.0876,1.1724,0.8902,0.7199,0.5862,0.4181,0.3669,174.836,167.1468,6.0582,2.4478
41.1,1233,upright,1.1641,1.6315,0.0687,5.1147,1.5628,0.3055,1.5963,1.459,0.8693,0.4518,0.0876,1.1726,0.8905,0.727,0.5897,0.4175,0.3642,175.7579,167.407,5.7142,2.4691
41.133,1234,upright,1.1637,1.6335,0.0695,5.1302,1.564,0.3049,1.5989,1.4592,0.8681,0.4512,0.0876,1.1718,0.888,0.7308,0.5911,0.417,0.3636,176.3053,167.5678,5.5121,2.5003
41.167,1235,upright,1.1642,1.6353,0.0698,5.1441,1.5655,0.3043,1.6019,1.4601,0.8683,0.4514,0.0875,1.1717,0.8871,0.7336,0.5919,0.4169,0.3639,175.7527,167.5631,5.5793,2.5248
41.2,1236,upright,1.1622,1.6371,0.0681,5.1609,1.569,0.304,1.6022,1.4595,0.865,0.4492,0.0874,1.1719,0.8863,0.7371,0.5944,0.4158,0.3618,174.8764,168.0116,5.7127,2.5419
41.233,1237,upright,1.163,1.6385,0.0665,5.1745,1.572,0.3038,1.6043,1.4596,0.8664,0.4499,0.0873,1.1722,0.8844,0.7379,0.5932,0.4165,0.3626,173.5614,168.7553,5.5205,2.5384
41.267,1238,upright,1.163,1.6421,0.0668,5.2089,1.5754,0.3024,1.6071,1.4587,0.8673,0.4501,0.0872,1.1701,0.8826,0.7398,0.5913,0.4172,0.363,172.0515,169.0499,5.3002,2.5385
41.3,1239,upright,1.1655,1.6475,0.0642,5.2539,1.5832,0.3013,1.6129,1.4601,0.871,0.4519,0.0869,1.1712,0.884,0.7419,0.5891,0.4191,0.365,170.9672,169.6852,5.1433,2.5507
41.333,1240,upright,1.1688,1.6534,0.058,5.3024,1.5954,0.3009,1.6177,1.4632,0.8744,0.4536,0.0864,1.1747,0.8887,0.7433,0.5888,0.4208,0.3673,170.4363,170.4656,4.908,2.5633
41.367,1241,upright,1.174,1.66,0.0455,5.3536,1.6145,0.3016,1.6246,1.4685,0.8796,0.4581,0.0853,1.18,0.8976,0.745,0.5888,0.4215,0.3728,171.2395,170.9996,4.738,2.5819
41.4,1242,upright,1.1789,1.6663,0.0332,5.3999,1.6331,0.3024,1.6311,1.4736,0.8843,0.4617,0.0841,1.1863,0.9077,0.7467,0.5892,0.4227,0.3776,172.6456,171.5895,4.6022,2.5924
41.433,1243,upright,1.1815,1.6703,0.0225,5.4307,1.6478,0.3034,1.6358,1.477,0.8859,0.4602,0.0827,1.1925,0.9184,0.7498,0.5911,0.4257,0.3775,173.8842,172.3193,4.4954,2.593
41.467,1244,upright,1.1804,1.6721,0.0186,5.447,1.6535,0.3036,1.6375,1.4771,0.8838,0.4566,0.082,1.1948,0.9254,0.7537,0.5933,0.4272,0.3746,173.9722,172.7562,4.2723,2.5818
41.5,1245,upright,1.1783,1.6709,0.0195,5.4397,1.6514,0.3036,1.6373,1.4746,0.882,0.4581,0.0818,1.1934,0.9281,0.7553,0.5926,0.4239,0.3763,173.3542,173.2297,4.1122,2.5657
41.533,1246,upright,1.1783,1.6709,0.0188,5.4414,1.652,0.3036,1.6374,1.474,0.8826,0.4607,0.0817,1.1941,0.9329,0.7548,0.5913,0.4219,0.3791,173.4676,173.2571,4.0182,2.5579
41.567,1247,upright,1.1798,1.6704,0.0188,5.4362,1.6516,0.3038,1.6377,1.4743,0.8854,0.4638,0.0817,1.1942,0.9357,0.7523,0.589,0.4215,0.3822,173.4779,173.2375,3.6634,2.5604
41.6,1248,upright,1.1799,1.6699,0.0173,5.4314,1.6526,0.3043,1.6375,1.4748,0.8849,0.464,0.0815,1.1952,0.9382,0.7526,0.5899,0.421,0.3824,173.9111,173.1792,3.4647,2.5678
41.633,1249,upright,1.1783,1.6691,0.0171,5.422,1.652,0.3047,1.6367,1.4746,0.8821,0.4619,0.0815,1.1956,0.9396,0.7546,0.5925,0.4202,0.3804,174.3503,173.1992,3.3154,2.5771
41.667,1250,upright,1.1762,1.6675,0.0182,5.407,1.6493,0.305,1.6357,1.4735,0.8789,0.4595,0.0816,1.1938,0.9367,0.7568,0.5946,0.4193,0.378,174.4705,173.3553,3.107,2.5881
41.7,1251,upright,1.1749,1.6661,0.0189,5.3931,1.6473,0.3054,1.6344,1.4725,0.8774,0.4584,0.0816,1.1918,0.9329,0.757,0.5951,0.4189,0.3768,174.6923,173.425,2.8514,2.6006
41.733,1252,upright,1.1732,1.6652,0.0187,5.3831,1.6465,0.3059,1.6333,1.4719,0.8745,0.4551,0.0816,1.191,0.93,0.7587,0.5973,0.4195,0.3734,175.1196,173.2891,2.6694,2.6113
41.767,1253,upright,1.1719,1.6638,0.0204,5.3707,1.6433,0.306,1.6321,1.4705,0.8734,0.4543,0.0817,1.1884,0.9256,0.7587,0.5971,0.4191,0.3726,175.2385,173.3447,2.4206,2.621
41.8,1254,upright,1.1716,1.6625,0.0216,5.3592,1.6409,0.3062,1.6307,1.4697,0.8734,0.4547,0.0817,1.1861,0.9215,0.7573,0.5963,0.4187,0.373,175.2077,173.3552,2.2427,2.637
41.833,1255,upright,1.1713,1.6615,0.0221,5.3495,1.6394,0.3065,1.6299,1.469,0.8736,0.4558,0.0818,1.1848,0.9203,0.7563,0.5954,0.4178,0.3741,175.2727,173.4247,2.0983,2.6658
41.867,1256,upright,1.1713,1.6609,0.0231,5.344,1.6377,0.3065,1.6291,1.4685,0.8742,0.4566,0.0818,1.1834,0.9204,0.755,0.5943,0.4176,0.3748,175.3274,173.496,1.9095,2.7026
41.9,1257,upright,1.1717,1.6613,0.0234,5.345,1.6378,0.3064,1.6293,1.4688,0.8745,0.458,0.0818,1.1842,0.9233,0.7548,0.5942,0.4166,0.3762,175.3812,173.459,1.8161,2.7469
41.933,1258,upright,1.1724,1.6605,0.0248,5.3372,1.6358,0.3065,1.6284,1.4686,0.8763,0.4612,0.0818,1.1841,0.9273,0.7521,0.5923,0.4151,0.3794,175.4876,173.4676,1.778,2.7879
41.967,1259,upright,1.1725,1.6593,0.0261,5.3287,1.6333,0.3065,1.627,1.4677,0.8773,0.4642,0.0818,1.1831,0.9315,0.7497,0.5904,0.4131,0.3824,175.7295,173.4823,1.7471,2.8265
42.0,1260,upright,1.174,1.6575,0.0263,5.3146,1.6312,0.3069,1.6261,1.467,0.881,0.4704,0.0817,1.1834,0.9385,0.745,0.5859,0.4107,0.3887,175.9684,173.5603,1.6766,2.8716
42.033,1261,upright,1.1748,1.6556,0.0266,5.3009,1.6291,0.3073,1.6246,1.4661,0.8834,0.4743,0.0816,1.1831,0.9438,0.7411,0.5827,0.4091,0.3927,176.1926,173.6273,1.6385,2.9229
42.067,1262,upright,1.1775,1.6528,0.026,5.2779,1.6268,0.3082,1.6223,1.4654,0.8896,0.4776,0.0815,1.1835,0.9469,0.7327,0.5758,0.412,0.3962,176.1713,173.6368,1.5467,2.9694
42.1,1263,upright,1.1765,1.6498,0.025,5.2548,1.6248,0.3092,1.6192,1.4648,0.8881,0.476,0.0814,1.1834,0.9486,0.7311,0.5768,0.4121,0.3946,176.1827,173.6853,1.4882,2.9949
42.133,1264,upright,1.1773,1.647,0.0243,5.2301,1.6227,0.3103,1.6158,1.4649,0.8897,0.4758,0.0813,1.1832,0.9487,0.7262,0.5753,0.4139,0.3945,176.1786,173.7541,1.4807,3.0023
42.167,1265,upright,1.1783,1.6439,0.0237,5.2029,1.6202,0.3114,1.6124,1.4647,0.892,0.4769,0.0813,1.1827,0.9474,0.7204,0.5728,0.415,0.3957,176.1954,173.8329,1.5441,3.0022
42.2,1266,upright,1.1781,1.6424,0.0235,5.1875,1.6189,0.3121,1.6106,1.4647,0.8915,0.478,0.0813,1.1818,0.9449,0.7192,0.5733,0.4135,0.3967,176.1613,173.9273,1.6073,3.0001
42.233,1267,upright,1.1775,1.6415,0.0234,5.1803,1.6181,0.3124,1.6095,1.4641,0.8909,0.4787,0.0813,1.1803,0.941,0.7187,0.5732,0.4121,0.3974,175.961,174.0278,1.6409,3.0104
42.267,1268,upright,1.1762,1.6411,0.0237,5.1769,1.6173,0.3124,1.6095,1.4633,0.8891,0.4783,0.0814,1.1788,0.9333,0.7204,0.5741,0.4109,0.3969,175.8502,174.3776,1.6437,3.0422
42.3,1269,upright,1.1736,1.6409,0.0244,5.1778,1.6165,0.3122,1.6095,1.4616,0.8856,0.4763,0.0814,1.1767,0.9233,0.7239,0.576,0.4093,0.3949,175.642,174.6702,1.6194,3.0606
42.333,1270,upright,1.1725,1.6417,0.0252,5.1872,1.6165,0.3116,1.6094,1.4606,0.8843,0.4758,0.0814,1.175,0.9111,0.7251,0.5763,0.4085,0.3944,175.3984,174.8557,1.5414,3.0749
42.367,1271,upright,1.1708,1.6421,0.0245,5.1948,1.6176,0.3114,1.6092,1.4592,0.8823,0.4752,0.0814,1.1722,0.8972,0.7268,0.5768,0.4071,0.3938,174.9181,174.9016,1.4573,3.0717
42.4,1272,upright,1.1692,1.6429,0.0233,5.2031,1.6196,0.3113,1.6087,1.4583,0.8801,0.475,0.0813,1.1695,0.8906,0.7285,0.5782,0.4051,0.3937,175.1106,174.7278,1.327,3.0505
42.433,1273,upright,1.1681,1.6434,0.0225,5.2087,1.6209,0.3112,1.6074,1.4579,0.8783,0.4741,0.0813,1.1669,0.8838,0.7291,0.5796,0.4042,0.3928,175.4304,174.6894,1.2403,3.009
42.467,1274,upright,1.1679,1.6433,0.0219,5.2096,1.6214,0.3112,1.6065,1.4575,0.8782,0.4734,0.0812,1.1652,0.8809,0.7283,0.5793,0.4048,0.3922,175.776,174.5979,1.2654,2.9479
42.5,1275,upright,1.168,1.6425,0.0216,5.2046,1.6209,0.3114,1.6052,1.4569,0.8791,0.4737,0.0812,1.1636,0.8797,0.7261,0.5778,0.4054,0.3925,176.1415,174.4208,1.3371,2.8912
42.533,1276,upright,1.1664,1.6405,0.0209,5.1895,1.6196,0.3121,1.6029,1.456,0.8768,0.4718,0.0811,1.1621,0.8786,0.726,0.5792,0.4051,0.3907,176.4446,174.3695,1.3374,2.8281
42.567,1277,upright,1.166,1.6391,0.0201,5.1772,1.619,0.3127,1.6011,1.456,0.8759,0.4706,0.081,1.1619,0.8782,0.7252,0.5801,0.4053,0.3896,176.6569,174.2921,1.3682,2.7751
42.6,1278,upright,1.1641,1.638,0.019,5.1689,1.6191,0.3132,1.5996,1.4556,0.8726,0.4682,0.081,1.1614,0.8775,0.727,0.583,0.4044,0.3872,176.7742,174.2601,1.3767,2.7234
42.633,1279,upright,1.162,1.637,0.018,5.1618,1.619,0.3137,1.5986,1.4551,0.8689,0.4663,0.0809,1.1602,0.8763,0.7297,0.5862,0.4026,0.3854,176.9138,174.2736,1.3439,2.6866
42.667,1280,upright,1.1607,1.6366,0.0175,5.1595,1.6191,0.3138,1.598,1.4547,0.8667,0.4644,0.0808,1.1596,0.8756,0.7313,0.588,0.4024,0.3835,176.8596,174.2498,1.2133,2.6655
42.7,1281,upright,1.1594,1.6361,0.0164,5.1557,1.6196,0.3141,1.597,1.4547,0.8641,0.4625,0.0808,1.159,0.8744,0.7329,0.5906,0.4016,0.3817,176.8,174.3044,1.137,2.6565
42.733,1282,upright,1.1607,1.6372,0.0179,5.1648,1.6193,0.3135,1.5983,1.4549,0.8664,0.4625,0.0809,1.1589,0.8733,0.7319,0.5885,0.4039,0.3816,176.6254,174.3208,1.0062,2.6589
42.767,1283,upright,1.1599,1.637,0.0177,5.1642,1.6193,0.3136,1.5985,1.4547,0.8651,0.4616,0.0809,1.1589,0.8721,0.7334,0.5896,0.4035,0.3807,176.6512,174.3392,0.8371,2.6718
42.8,1284,upright,1.1587,1.6375,0.0177,5.1695,1.6198,0.3133,1.5994,1.4545,0.8629,0.4602,0.0809,1.1588,0.8714,0.7365,0.5916,0.4027,0.3794,176.6941,174.2473,0.6927,2.6904
42.833,1285,upright,1.1576,1.6377,0.0175,5.1727,1.6202,0.3132,1.5997,1.4539,0.8614,0.46,0.0809,1.1584,0.8697,0.7384,0.5925,0.4014,0.3791,176.6996,174.1437,0.5464,2.7117
42.867,1286,upright,1.1583,1.6394,0.0181,5.1864,1.6213,0.3126,1.6014,1.4538,0.8628,0.4613,0.0809,1.1582,0.8681,0.7386,0.591,0.4015,0.3804,176.8911,174.1411,0.4412,2.7417
42.9,1287,upright,1.1593,1.6408,0.0189,5.1984,1.6219,0.312,1.6022,1.4538,0.8648,0.4623,0.081,1.1584,0.8664,0.7375,0.5891,0.4024,0.3814,177.0674,174.1813,0.331,2.7807
42.933,1288,upright,1.161,1.6422,0.0191,5.2121,1.6232,0.3114,1.6035,1.454,0.868,0.4652,0.081,1.1584,0.8648,0.7355,0.586,0.4029,0.3842,177.1285,174.124,0.2374,2.8244
42.967,1289,upright,1.163,1.6439,0.0196,5.2289,1.6243,0.3106,1.6054,1.4547,0.8713,0.4684,0.0811,1.1581,0.8635,0.7341,0.5834,0.4029,0.3874,177.0725,174.0127,0.2032,2.8665
43.0,1290,upright,1.165,1.6463,0.0191,5.2513,1.6272,0.3099,1.6073,1.4555,0.8746,0.4707,0.0811,1.1586,0.863,0.7327,0.5809,0.4039,0.3897,177.0833,173.956,0.0753,2.9141
43.033,1291,upright,1.166,1.6482,0.0183,5.2681,1.6299,0.3094,1.6093,1.4562,0.8758,0.4705,0.0811,1.1593,0.8637,0.7335,0.5805,0.4053,0.3895,177.1048,174.0308,0.0073,2.9532
43.067,1292,upright,1.1674,1.6495,0.0172,5.2793,1.6323,0.3092,1.6112,1.457,0.8778,0.4708,0.081,1.1603,0.8655,0.7335,0.5792,0.407,0.3898,176.6365,174.1035,0.0304,2.9837
43.1,1293,upright,1.1684,1.65,0.0164,5.2813,1.6335,0.3093,1.6121,1.458,0.8787,0.4706,0.0809,1.1614,0.8671,0.7334,0.5793,0.408,0.3897,176.1328,174.2502,0.0401,3.0027
43.133,1294,upright,1.1686,1.6497,0.0151,5.2783,1.6346,0.3097,1.612,1.4581,0.879,0.4701,0.0809,1.1622,0.8693,0.7329,0.5791,0.409,0.3892,175.388,174.3602,0.1179,3.016
43.167,1295,upright,1.1684,1.6478,0.0133,5.2611,1.6345,0.3107,1.6104,1.4589,0.8779,0.4681,0.0807,1.1628,0.8707,0.7325,0.5811,0.4098,0.3874,174.0334,174.5847,0.2895,3.0156
43.2,1296,upright,1.1692,1.6474,0.0106,5.2541,1.6369,0.3115,1.609,1.4593,0.879,0.4679,0.0805,1.1645,0.8739,0.7299,0.5802,0.4111,0.3874,172.3075,174.7409,0.5404,3.0202
43.233,1297,upright,1.1716,1.6469,0.001,5.2431,1.6459,0.3139,1.608,1.4619,0.8813,0.469,0.0798,1.1689,0.8807,0.7267,0.5806,0.4123,0.3892,170.912,174.7103,0.6571,3.0264
43.267,1298,upright,1.1742,1.6471,-0.008,5.2372,1.6551,0.316,1.6069,1.464,0.8844,0.4712,0.0792,1.1733,0.8877,0.7225,0.5797,0.4132,0.392,170.2295,174.7092,0.7612,3.0162
43.3,1299,upright,1.1754,1.6458,-0.0188,5.2153,1.6645,0.3192,1.6041,1.4672,0.8837,0.4669,0.0782,1.1787,0.8955,0.7204,0.5835,0.4168,0.3887,169.7307,174.9141,0.7985,3.0025
43.333,1300,upright,1.1764,1.6412,-0.0281,5.1672,1.6692,0.323,1.5998,1.4684,0.8844,0.4631,0.0772,1.1817,0.9011,0.7154,0.584,0.4213,0.386,169.9221,174.9471,0.7974,2.9768
43.367,1301,upright,1.1794,1.6378,-0.0368,5.1223,1.6746,0.3269,1.5971,1.4695,0.8893,0.4652,0.0763,1.1857,0.9081,0.7078,0.5802,0.4241,0.3889,170.7659,174.8734,0.8239,2.9506
43.4,1302,upright,1.1819,1.6329,-0.043,5.068,1.6759,0.3307,1.593,1.4692,0.8947,0.4688,0.0756,1.1875,0.9128,0.6983,0.5745,0.4259,0.3932,171.2252,174.7468,0.8695,2.9247
43.433,1303,upright,1.1792,1.6253,-0.0443,4.9965,1.6697,0.3342,1.5868,1.4651,0.8933,0.4689,0.0754,1.1868,0.9129,0.6935,0.5718,0.4244,0.3935,171.2865,174.6019,0.8835,2.8924
43.467,1304,upright,1.1779,1.6185,-0.0473,4.9329,1.6657,0.3377,1.5816,1.4619,0.894,0.4701,0.075,1.1847,0.9118,0.6876,0.5679,0.4239,0.395,171.2461,174.4313,0.8856,2.8779
43.5,1305,upright,1.1758,1.613,-0.0501,4.8841,1.6631,0.3405,1.5771,1.4589,0.8927,0.4702,0.0747,1.1822,0.9099,0.6844,0.5662,0.4225,0.3955,171.1945,174.3127,0.8858,2.8806
43.533,1306,upright,1.1751,1.6073,-0.0539,4.8314,1.6611,0.3438,1.573,1.4574,0.8929,0.4707,0.0744,1.1796,0.9067,0.68,0.5644,0.4223,0.3963,171.1074,174.2193,0.9295,2.8919
43.567,1307,upright,1.1742,1.6015,-0.0568,4.7811,1.6583,0.3468,1.5687,1.4551,0.8933,0.4714,0.0741,1.1754,0.9024,0.6755,0.5618,0.4219,0.3973,171.056,174.146,1.1117,2.9051
43.6,1308,upright,1.1715,1.5973,-0.0578,4.7492,1.6551,0.3485,1.5622,1.451,0.8921,0.4712,0.0739,1.1685,0.8966,0.6701,0.5589,0.4208,0.3973,170.8785,174.2383,1.3569,2.931
43.633,1309,upright,1.1688,1.5945,-0.0584,4.7258,1.6529,0.3498,1.558,1.447,0.8905,0.4695,0.0738,1.1621,0.8904,0.6675,0.5565,0.421,0.3957,170.6683,174.2893,1.6008,2.9734
43.667,1310,upright,1.1665,1.5895,-0.0591,4.6865,1.6487,0.3518,1.5534,1.444,0.889,0.468,0.0737,1.1562,0.8818,0.6644,0.555,0.421,0.3943,170.3134,174.3001,1.8378,3.0249
43.7,1311,upright,1.1644,1.5854,-0.0591,4.6529,1.6445,0.3534,1.548,1.4411,0.8878,0.4669,0.0737,1.1501,0.872,0.6602,0.5533,0.4209,0.3931,169.7979,174.3418,2.0606,3.0932
43.733,1312,upright,1.1629,1.5819,-0.0581,4.6227,1.6401,0.3548,1.5429,1.4389,0.8869,0.4663,0.0738,1.1444,0.8623,0.6559,0.552,0.4206,0.3925,169.4004,174.3553,2.1895,3.1739
43.767,1313,upright,1.1647,1.5788,-0.0574,4.5898,1.6362,0.3565,1.5401,1.4391,0.8903,0.4699,0.074,1.1415,0.8554,0.6498,0.5488,0.4204,0.3959,168.9068,173.9193,2.1709,3.2859
43.8,1314,upright,1.1659,1.5762,-0.0563,4.5596,1.6325,0.358,1.5389,1.4391,0.8928,0.475,0.0742,1.1372,0.8486,0.6461,0.5463,0.4178,0.4008,168.3277,173.3735,2.1179,3.3945
43.833,1315,upright,1.1677,1.5743,-0.0536,4.5321,1.628,0.3592,1.5361,1.4384,0.897,0.4829,0.0746,1.1325,0.8427,0.6392,0.5415,0.4141,0.4083,167.9442,172.7241,1.769,3.5114
43.867,1316,upright,1.1715,1.573,-0.0498,4.5075,1.6228,0.36,1.5362,1.4396,0.9034,0.4913,0.0751,1.1302,0.84,0.6328,0.5361,0.4121,0.4162,167.5906,172.2925,1.5885,3.6257
43.9,1317,upright,1.1761,1.5738,-0.0431,4.4965,1.6169,0.3596,1.5375,1.4411,0.9111,0.5023,0.0759,1.1291,0.8369,0.6264,0.53,0.4088,0.4264,167.8866,172.0885,1.3643,3.7326
43.933,1318,upright,1.1791,1.5749,-0.0384,4.4913,1.6134,0.3592,1.5383,1.4423,0.9159,0.5098,0.0764,1.1289,0.8357,0.6224,0.5264,0.4061,0.4334,168.0004,172.1368,1.1591,3.8459
43.967,1319,upright,1.1816,1.5762,-0.0354,4.4907,1.6116,0.3589,1.5389,1.4438,0.9195,0.5145,0.0768,1.1291,0.8359,0.6194,0.5243,0.405,0.4376,168.3029,172.3467,0.9912,3.9463
44.0,1320,upright,1.1829,1.5774,-0.0313,4.4903,1.6087,0.3583,1.5398,1.445,0.9209,0.5188,0.0773,1.1296,0.8373,0.6189,0.5241,0.4021,0.4415,168.705,172.6709,0.8839,4.0082
44.033,1321,,1.1841,1.5792,-0.0291,4.4976,1.6083,0.3576,1.5417,1.4463,0.9219,0.5202,0.0775,1.1311,0.8401,0.6197,0.5243,0.4017,0.4427,169.1467,173.1428,0.7904,4.0647
44.067,1322,,1.1854,1.5803,-0.0265,4.4993,1.6069,0.3571,1.5435,1.4475,0.9232,0.5209,0.0777,1.1328,0.8428,0.6203,0.5244,0.4023,0.4431,169.5692,173.6109,0.8116,4.0995
44.1,1323,,1.1861,1.582,-0.024,4.5074,1.606,0.3563,1.5454,1.4488,0.9233,0.5185,0.078,1.1356,0.8457,0.6221,0.5255,0.4048,0.4405,170.1824,173.9408,0.9323,4.1409
44.133,1324,,1.1873,1.5833,-0.023,4.5173,1.6063,0.3556,1.5471,1.4488,0.9258,0.5183,0.0781,1.1372,0.8486,0.6213,0.523,0.4075,0.4403,170.5993,174.5738,0.9481,4.1866
44.167,1325,,1.1881,1.5851,-0.0219,4.5311,1.607,0.3547,1.5497,1.4493,0.9269,0.5183,0.0781,1.1395,0.8528,0.6228,0.5224,0.4086,0.4402,170.8799,175.0723,0.7631,4.1918
44.2,1326,,1.189,1.5874,-0.0206,4.5487,1.608,0.3535,1.5532,1.4497,0.9284,0.5178,0.0782,1.1427,0.8591,0.6247,0.5213,0.4106,0.4396,170.8697,175.5683,0.607,4.1628
44.233,1327,,1.188,1.5918,-0.0195,4.5829,1.6113,0.3516,1.5569,1.4498,0.9262,0.5162,0.0783,1.1452,0.8662,0.6307,0.5236,0.41,0.4379,170.9823,175.9025,0.5527,4.1073
44.267,1328,,1.1893,1.5965,-0.0176,4.6152,1.614,0.3497,1.5605,1.452,0.9266,0.5154,0.0785,1.15,0.8748,0.6339,0.5254,0.4112,0.4369,171.332,176.029,0.3643,4.0331
44.3,1329,,1.1899,1.5991,-0.0167,4.6347,1.6157,0.3486,1.563,1.4539,0.9259,0.515,0.0786,1.153,0.8823,0.6371,0.528,0.4109,0.4364,171.388,176.2026,0.3432,3.9519
44.333,1330,,1.1906,1.6024,-0.0157,4.6597,1.6181,0.3473,1.5655,1.4552,0.926,0.5146,0.0787,1.1563,0.89,0.6395,0.5291,0.4115,0.4359,171.7634,176.1809,0.0231,3.9134
44.367,1331,,1.1914,1.605,-0.0153,4.6797,1.6203,0.3462,1.5674,1.4567,0.9262,0.5144,0.0787,1.1597,0.897,0.6413,0.5305,0.4117,0.4357,172.072,176.1805,0.2671,3.8895
44.4,1332,,1.1914,1.6073,-0.0155,4.701,1.6228,0.3452,1.569,1.4566,0.9262,0.5152,0.0787,1.1608,0.9025,0.6428,0.5304,0.411,0.4365,172.3555,176.3305,0.3901,3.8825
44.433,1333,,1.1928,1.6072,-0.0166,4.702,1.6238,0.3454,1.5698,1.4577,0.928,0.5165,0.0786,1.1637,0.9064,0.6418,0.5298,0.4115,0.4379,172.5026,176.3448,0.6926,3.8723
44.467,1334,,1.1937,1.6076,-0.0175,4.7055,1.6251,0.3454,1.5699,1.4581,0.9293,0.517,0.0785,1.1651,0.909,0.6405,0.5288,0.4123,0.4385,172.5552,176.305,0.9886,3.8768
44.5,1335,,1.1947,1.6084,-0.0179,4.7131,1.6262,0.345,1.5698,1.4585,0.931,0.5179,0.0785,1.1648,0.91,0.6389,0.5275,0.4131,0.4394,172.8389,176.2996,1.3068,3.8989
44.533,1336,,1.1955,1.6083,-0.0185,4.7138,1.6268,0.3451,1.57,1.4591,0.9319,0.5182,0.0784,1.1648,0.9097,0.6382,0.5272,0.4136,0.4398,172.9543,176.2397,1.6391,3.9273
44.567,1337,,1.1958,1.6091,-0.0192,4.7217,1.6282,0.3448,1.5702,1.4584,0.9331,0.5205,0.0784,1.1633,0.9084,0.6371,0.5254,0.4125,0.4422,173.1821,176.1867,1.9428,3.9666
44.6,1338,,1.196,1.6089,-0.0201,4.7216,1.629,0.345,1.5697,1.4584,0.9337,0.5211,0.0783,1.1627,0.9061,0.636,0.5247,0.4126,0.4428,173.2032,175.9742,2.3185,4.0095
44.633,1339,,1.1966,1.6096,-0.0203,4.7273,1.6299,0.3448,1.5695,1.4582,0.935,0.5207,0.0783,1.1622,0.9033,0.6345,0.5231,0.4144,0.4424,173.2627,175.7702,2.7352,4.0606
44.667,1340,,1.1948,1.6109,-0.0206,4.7375,1.6314,0.3444,1.5701,1.4568,0.9327,0.5195,0.0783,1.1604,0.901,0.6374,0.5241,0.4132,0.4412,173.4637,175.9701,2.9153,4.0446
44.7,1341,,1.1942,1.6114,-0.0214,4.744,1.6328,0.3442,1.5706,1.4563,0.9321,0.5187,0.0783,1.1587,0.8976,0.6385,0.5242,0.4134,0.4405,173.5689,176.165,3.0527,4.0252
44.733,1342,,1.1935,1.6107,-0.0212,4.7391,1.6319,0.3444,1.57,1.4555,0.9315,0.5167,0.0782,1.1574,0.8928,0.6385,0.5241,0.4147,0.4385,173.638,176.3153,3.155,4.038
44.767,1343,,1.1926,1.61,-0.0213,4.7342,1.6313,0.3446,1.5696,1.4548,0.9305,0.5151,0.0782,1.1562,0.8893,0.6391,0.5244,0.4154,0.4369,173.6779,176.1239,3.0761,4.0006
44.8,1344,,1.1902,1.6092,-0.0205,4.7322,1.6297,0.3444,1.5687,1.4531,0.9274,0.5131,0.0782,1.1535,0.8835,0.6413,0.5257,0.4143,0.4349,173.5092,175.8529,3.1151,3.9734
44.833,1345,,1.1884,1.6095,-0.0206,4.7377,1.63,0.3441,1.5691,1.4519,0.9249,0.5109,0.0782,1.1524,0.8797,0.6443,0.527,0.4139,0.4327,173.5056,175.7387,2.9968,3.9468
44.867,1346,,1.1878,1.6102,-0.0211,4.7465,1.6313,0.3437,1.5712,1.4512,0.9244,0.5112,0.0782,1.1514,0.8771,0.6468,0.5268,0.4132,0.4331,173.2554,175.7758,2.9479,3.8988
44.9,1347,,1.1879,1.6115,-0.022,4.7601,1.6335,0.3432,1.5743,1.4508,0.9251,0.511,0.0781,1.1508,0.8752,0.6492,0.5257,0.414,0.4329,172.7857,175.9579,2.9459,3.8604
44.933,1348,,1.188,1.6128,-0.0221,4.7734,1.635,0.3425,1.5782,1.4499,0.9262,0.5103,0.078,1.1501,0.8744,0.652,0.5237,0.4159,0.4323,172.3466,176.1716,2.959,3.8189
44.967,1349,,1.1896,1.6138,-0.0218,4.7822,1.6356,0.342,1.5824,1.4501,0.9292,0.511,0.0781,1.1499,0.8733,0.6532,0.5209,0.4182,0.433,171.725,176.4121,3.0548,3.7746
45.0,1350,,1.1901,1.6147,-0.0216,4.7892,1.6363,0.3417,1.5863,1.4498,0.9305,0.5113,0.0781,1.1497,0.8733,0.6558,0.5193,0.4192,0.4332,171.2847,176.5205,3.0678,3.7448
45.033,1351,,1.1917,1.6153,-0.0216,4.7961,1.6369,0.3413,1.5896,1.45,0.9333,0.5124,0.0781,1.1499,0.8731,0.6563,0.5168,0.4209,0.4343,170.7624,176.4748,3.1716,3.7118
45.067,1352,,1.1924,1.6153,-0.022,4.7972,1.6373,0.3413,1.5922,1.4499,0.935,0.5128,0.0781,1.1497,0.8735,0.6573,0.5149,0.4222,0.4348,170.1097,176.3691,3.2977,3.6857
45.1,1353,,1.194,1.6151,-0.0224,4.797,1.6375,0.3414,1.5947,1.4496,0.9384,0.5141,0.078,1.1496,0.8742,0.6563,0.5112,0.4243,0.4361,169.6393,176.2569,3.5173,3.663
45.133,1354,,1.1957,1.6169,-0.0215,4.8098,1.6384,0.3406,1.5966,1.4499,0.9416,0.5167,0.0782,1.1505,0.8769,0.6551,0.5083,0.4248,0.4386,169.2816,176.1497,3.8272,3.6576
45.167,1355,,1.1967,1.6178,-0.0207,4.8175,1.6385,0.3401,1.5971,1.4495,0.944,0.5201,0.0783,1.1503,0.8784,0.6531,0.5055,0.4239,0.4418,168.7904,175.7052,4.1818,3.6162
45.2,1356,,1.1962,1.6171,-0.021,4.8129,1.638,0.3403,1.5964,1.449,0.9435,0.5189,0.0782,1.1502,0.879,0.653,0.5055,0.4246,0.4407,168.2014,175.0615,4.6017,3.57
45.233,1357,,1.1962,1.6164,-0.0208,4.8083,1.6371,0.3405,1.595,1.4487,0.9437,0.5181,0.0782,1.1499,0.8786,0.6513,0.505,0.4256,0.4398,167.7229,174.4989,4.934,3.5321
45.267,1358,,1.1962,1.6159,-0.0205,4.8041,1.6364,0.3406,1.5936,1.4483,0.944,0.517,0.0782,1.1499,0.8784,0.6497,0.5044,0.4269,0.4388,167.3316,173.9762,5.284,3.5011
45.3,1359,,1.1965,1.6162,-0.0198,4.8046,1.636,0.3405,1.5928,1.4484,0.9447,0.5177,0.0784,1.1498,0.8787,0.6481,0.5037,0.427,0.4394,167.2492,173.2421,5.8188,3.4792
45.333,1360,,1.1959,1.6161,-0.0195,4.8024,1.6356,0.3406,1.5912,1.4475,0.9442,0.517,0.0784,1.1493,0.8785,0.647,0.5034,0.4272,0.4386,167.2039,172.5661,6.3985,3.4663
45.367,1361,,1.1953,1.6153,-0.0188,4.7951,1.6341,0.3408,1.5917,1.447,0.9437,0.5164,0.0785,1.1486,0.878,0.648,0.5033,0.4273,0.4378,167.17,171.9025,6.9855,3.3792
45.4,1362,,1.1961,1.6146,-0.0186,4.7879,1.6332,0.3411,1.5903,1.447,0.9451,0.5171,0.0786,1.148,0.877,0.6452,0.502,0.428,0.4385,167.192,171.3258,7.5019,3.3409
45.433,1363,,1.1955,1.6131,-0.0184,4.7757,1.6315,0.3416,1.5883,1.4454,0.9456,0.5173,0.0787,1.1461,0.8756,0.6428,0.4999,0.4283,0.4387,167.3468,170.8256,8.0783,3.3085
45.467,1364,,1.1955,1.6122,-0.0178,4.766,1.63,0.342,1.586,1.4452,0.9458,0.5179,0.0787,1.1445,0.8729,0.6403,0.4994,0.4278,0.4392,167.3523,170.3513,8.5392,3.2712
45.5,1365,,1.195,1.6112,-0.0176,4.7564,1.6287,0.3424,1.5834,1.4441,0.9458,0.518,0.0788,1.1428,0.8705,0.6375,0.4983,0.4278,0.4392,167.3704,169.9465,8.9745,3.2344
45.533,1366,,1.1952,1.609,-0.018,4.7389,1.627,0.3433,1.5808,1.4434,0.9469,0.5184,0.0788,1.1408,0.8679,0.6339,0.4965,0.4285,0.4397,167.4501,169.4198,9.5703,3.1891
45.567,1367,,1.1951,1.6059,-0.0185,4.7134,1.6244,0.3446,1.5776,1.4424,0.9478,0.5182,0.0787,1.1384,0.8642,0.6298,0.4946,0.4296,0.4395,167.4102,168.7143,10.2557,3.1392
45.6,1368,,1.1935,1.6022,-0.019,4.6846,1.6212,0.3461,1.5733,1.439,0.948,0.5185,0.0787,1.1352,0.8595,0.6252,0.491,0.4295,0.4398,167.1773,167.8093,11.0508,3.0853
45.633,1369,,1.1923,1.5974,-0.0195,4.647,1.6169,0.3479,1.566,1.4358,0.9487,0.5199,0.0787,1.1314,0.8548,0.6173,0.4871,0.4288,0.4412,166.8078,166.8179,11.8971,3.0185
45.667,1370,,1.1908,1.5923,-0.0195,4.6064,1.6118,0.3499,1.5591,1.4323,0.9494,0.5207,0.0788,1.127,0.8492,0.6097,0.4829,0.4287,0.4419,166.3375,165.5691,12.9477,2.9386
45.7,1371,,1.1874,1.5859,-0.0197,4.5565,1.6056,0.3524,1.5523,1.4276,0.9471,0.5201,0.0789,1.121,0.8402,0.6052,0.4806,0.427,0.4412,165.5905,164.1571,13.9999,2.8489
45.733,1372,,1.1816,1.5781,-0.0193,4.4949,1.5974,0.3554,1.5432,1.4187,0.9445,0.5183,0.0789,1.1127,0.8295,0.5988,0.4743,0.4262,0.4394,164.5224,162.6714,15.0278,2.7547
45.767,1373,,1.1718,1.5667,-0.0191,4.4086,1.5858,0.3597,1.5326,1.4073,0.9364,0.5145,0.079,1.1017,0.8159,0.5963,0.4709,0.4219,0.4355,162.268,160.544,16.1841,2.6622
45.8,1374,,1.1624,1.5537,-0.0207,4.3163,1.5743,0.3647,1.5188,1.3977,0.9271,0.5091,0.0789,1.087,0.7979,0.5918,0.4706,0.4179,0.4302,160.3085,158.8802,17.1517,2.5781
45.833,1375,,1.153,1.5392,-0.0228,4.2175,1.5621,0.3704,1.5057,1.3869,0.9191,0.504,0.0787,1.0705,0.7768,0.5866,0.4678,0.4151,0.4253,158.0197,156.4457,18.7018,2.4717
45.867,1376,,1.1375,1.5214,-0.0245,4.0985,1.5458,0.3772,1.4866,1.3672,0.9077,0.5004,0.0786,1.052,0.7571,0.5789,0.4595,0.4073,0.4219,154.4263,152.0651,21.3207,2.3357
45.9,1377,,1.1177,1.5023,-0.0269,3.9747,1.5293,0.3847,1.4653,1.346,0.8894,0.4942,0.0783,1.0306,0.7391,0.5758,0.4566,0.3953,0.4158,148.5756,146.552,23.8264,2.3358
45.933,1378,,1.0997,1.48,-0.0256,3.8269,1.5056,0.3934,1.447,1.3225,0.877,0.4872,0.0784,1.0134,0.7223,0.57,0.4456,0.3897,0.4089,140.7572,139.5645,26.9481,2.1786
45.967,1379,,1.0843,1.4556,-0.0262,3.6744,1.4818,0.4033,1.4184,1.3034,0.8652,0.468,0.0783,0.9924,0.6906,0.5532,0.4382,0.3972,0.3897,135.9024,134.6096,29.8936,2.0607
46.0,1380,on_ground,1.0676,1.4189,-0.0283,3.4563,1.4471,0.4187,1.3835,1.2795,0.8557,0.4429,0.078,0.9656,0.6628,0.5279,0.4238,0.4128,0.3649,135.7241,131.4628,33.5726,1.9376
46.033,1381,on_ground,1.0513,1.3762,-0.0223,3.2071,1.3986,0.4361,1.338,1.2532,0.8494,0.4203,0.0783,0.9281,0.6253,0.4886,0.4037,0.4292,0.342,135.5777,128.4981,36.9718,1.8022
46.067,1382,on_ground,1.0165,1.3295,-0.0233,2.9741,1.3528,0.4549,1.2878,1.21,0.8231,0.3909,0.0781,0.8821,0.5848,0.4648,0.387,0.4321,0.3128,134.671,125.4638,40.132,1.6798
46.1,1383,on_ground,0.9791,1.2778,-0.0307,2.7526,1.3085,0.4754,1.2478,1.1602,0.798,0.3716,0.0774,0.8298,0.5436,0.4498,0.3622,0.4264,0.2942,131.8874,120.0567,44.4814,1.5014
46.133,1384,on_ground,0.9404,1.2167,-0.0357,2.5188,1.2524,0.4972,1.1891,1.1099,0.7709,0.3423,0.0772,0.7753,0.5046,0.4182,0.339,0.4287,0.2651,125.23,113.5057,48.9035,1.381
46.167,1385,on_ground,0.8949,1.1597,-0.0365,2.3222,1.1962,0.5151,1.1258,1.0557,0.734,0.3194,0.0775,0.7283,0.4743,0.3917,0.3217,0.4147,0.2419,118.3668,106.9488,52.6625,1.2682
46.2,1386,on_ground,0.8465,1.0958,-0.04,2.1221,1.1358,0.5352,1.0649,0.9956,0.6975,0.3036,0.0771,0.6782,0.4548,0.3674,0.2981,0.3939,0.2265,110.0337,99.583,57.0704,1.155
46.233,1387,on_ground,0.807,1.0373,-0.0394,1.9549,1.0767,0.5508,1.0047,0.9511,0.6629,0.2979,0.077,0.6512,0.4378,0.3418,0.2882,0.3651,0.2209,100.3568,91.6254,60.4878,1.0398
46.267,1388,on_ground,0.7721,0.9845,-0.0371,1.8211,1.0216,0.561,0.9524,0.9097,0.6345,0.2911,0.0775,0.6191,0.4214,0.3178,0.2751,0.3435,0.2136,94.4992,86.0819,63.8779,0.9532
46.3,1389,on_ground,0.7398,0.9391,-0.0349,1.7201,0.974,0.5663,0.8991,0.8609,0.6186,0.2826,0.0784,0.5711,0.3896,0.2805,0.2422,0.336,0.2042,91.2298,81.456,68.4557,0.8824
46.333,1390,on_ground,0.7011,0.8935,-0.0217,1.5854,0.9152,0.5773,0.8435,0.8067,0.5955,0.2676,0.0814,0.5194,0.3507,0.2479,0.2112,0.3279,0.1862,86.254,75.0704,73.1197,0.8372
46.367,1391,on_ground,0.6701,0.8407,-0.0133,1.5154,0.854,0.5635,0.8002,0.7686,0.5716,0.2569,0.0855,0.4485,0.3123,0.2286,0.1971,0.3147,0.1713,82.5897,70.2525,75.5154,0.7898
46.4,1392,on_ground,0.6448,0.8018,-0.0006,1.4507,0.8025,0.5532,0.7518,0.7317,0.558,0.2351,0.0909,0.4071,0.2836,0.1937,0.1737,0.323,0.1442,81.778,67.6704,79.121,0.7288
46.433,1393,on_ground,0.6214,0.7777,-0.0016,1.4213,0.7794,0.5483,0.7193,0.7045,0.5384,0.2069,0.0948,0.3799,0.2603,0.181,0.1662,0.3314,0.1122,78.2775,67.23,80.4056,0.6894
46.467,1394,on_ground,0.6075,0.7691,-0.0211,1.4217,0.7902,0.5558,0.6996,0.6973,0.5177,0.1883,0.0953,0.3704,0.2415,0.1819,0.1795,0.3294,0.093,74.0144,68.9395,79.2692,0.6631
46.5,1395,on_ground,0.6043,0.7723,-0.0398,1.4371,0.8121,0.5651,0.6991,0.702,0.5067,0.1717,0.0944,0.3764,0.2265,0.1924,0.1953,0.335,0.0773,69.5763,71.0988,77.8378,0.6532
46.533,1396,on_ground,0.6069,0.7828,-0.0523,1.4467,0.8351,0.5772,0.7101,0.7112,0.5027,0.1543,0.0933,0.3827,0.2306,0.2074,0.2085,0.3483,0.0611,70.0078,76.6383,75.9375,0.6445
46.567,1397,on_ground,0.6047,0.798,-0.0765,1.4514,0.8745,0.6025,0.7235,0.7159,0.4934,0.136,0.0932,0.3958,0.2256,0.2301,0.2225,0.3574,0.0428,65.7244,78.9313,73.9474,0.6538
46.6,1398,on_ground,0.6074,0.823,-0.0884,1.4632,0.9114,0.6229,0.7381,0.7267,0.4882,0.1222,0.0918,0.4588,0.2448,0.2499,0.2385,0.366,0.0304,66.8624,82.9429,71.9487,0.6672
46.633,1399,on_ground,0.6085,0.8387,-0.0964,1.4791,0.9351,0.6322,0.7546,0.737,0.4801,0.1016,0.0892,0.4849,0.2512,0.2746,0.257,0.3785,0.0124,67.5011,88.8166,69.4727,0.6777
46.667,1400,on_ground,0.6076,0.8454,-0.1014,1.4912,0.9468,0.6349,0.7636,0.7453,0.4699,0.0953,0.0896,0.4764,0.2429,0.2937,0.2754,0.3746,0.0057,68.0332,93.4142,65.9324,0.6869
46.7,1401,on_ground,0.6012,0.8399,-0.1115,1.4902,0.9514,0.6384,0.7616,0.7437,0.4588,0.0989,0.0946,0.4637,0.2293,0.3029,0.285,0.3598,0.0044,66.5128,93.619,62.5869,0.6919
46.733,1402,on_ground,0.5983,0.8411,-0.1223,1.4918,0.9635,0.6458,0.7614,0.7453,0.4513,0.1029,0.0979,0.4674,0.2287,0.3101,0.294,0.3484,0.005,62.6161,94.2468,58.9298,0.7123
46.767,1403,on_ground,0.6073,0.8534,-0.1192,1.4991,0.9726,0.6488,0.7715,0.7554,0.4593,0.1202,0.1024,0.4805,0.2417,0.3123,0.2962,0.3391,0.0178,60.8928,92.7305,57.0903,0.7391
46.8,1404,on_ground,0.5984,0.8467,-0.1355,1.4822,0.9822,0.6626,0.7654,0.7496,0.4472,0.1189,0.1025,0.4767,0.238,0.3181,0.3024,0.3283,0.0165,58.0593,92.7637,54.9991,0.7652
46.833,1405,on_ground,0.6016,0.8508,-0.1373,1.4801,0.9881,0.6676,0.7645,0.7544,0.4489,0.1241,0.1024,0.4917,0.2474,0.3156,0.3055,0.3248,0.0216,56.3152,93.6181,53.2099,0.7889
46.867,1406,on_ground,0.5997,0.8516,-0.1396,1.4779,0.9912,0.6707,0.7636,0.7564,0.4431,0.1282,0.1016,0.4973,0.2525,0.3206,0.3133,0.3149,0.0266,54.87,94.4699,51.2229,0.8067
46.9,1407,on_ground,0.5963,0.8518,-0.1397,1.4686,0.9914,0.6751,0.7659,0.7587,0.434,0.1309,0.1009,0.4999,0.2595,0.3319,0.3247,0.3031,0.0299,53.4406,94.8578,49.4178,0.8205
46.933,1408,on_ground,0.5941,0.8532,-0.1361,1.4574,0.9893,0.6788,0.7737,0.7629,0.4253,0.1347,0.1006,0.5023,0.2716,0.3483,0.3375,0.2906,0.0341,52.6731,95.1108,47.7507,0.8334
46.967,1409,on_ground,0.592,0.8529,-0.1257,1.4436,0.9786,0.6779,0.7832,0.7663,0.4177,0.1396,0.1005,0.5033,0.2858,0.3656,0.3487,0.278,0.0391,52.1744,95.4212,46.246,0.8413
47.0,1410,on_ground,0.5874,0.8499,-0.1148,1.428,0.9646,0.6755,0.7951,0.7667,0.4082,0.1447,0.0998,0.4971,0.2954,0.3869,0.3585,0.2635,0.0449,51.119,95.8767,44.4728,0.8259
47.033,1411,on_ground,0.5873,0.8494,-0.1005,1.4163,0.9499,0.6707,0.8062,0.7675,0.4072,0.1538,0.1002,0.4888,0.3024,0.399,0.3602,0.2534,0.0537,51.6288,97.1317,42.384,0.8565
47.067,1412,on_ground,0.5853,0.8453,-0.0917,1.4257,0.937,0.6572,0.8178,0.7643,0.4063,0.1602,0.0998,0.4808,0.3001,0.4115,0.3579,0.2461,0.0604,51.9588,99.344,39.6243,0.8716
47.1,1413,on_ground,0.5872,0.8507,-0.0796,1.4593,0.9303,0.6375,0.8366,0.7646,0.4099,0.1679,0.1002,0.4781,0.2996,0.4268,0.3547,0.2419,0.0678,53.2824,102.1473,36.6993,0.8877
47.133,1414,on_ground,0.5917,0.8758,-0.0602,1.5165,0.936,0.6172,0.8645,0.7689,0.4146,0.1808,0.1,0.4746,0.3028,0.45,0.3543,0.2338,0.0808,54.3129,103.9657,34.169,0.9053
47.167,1415,on_ground,0.5979,0.893,-0.0429,1.5485,0.9359,0.6044,0.8822,0.7777,0.4181,0.1935,0.0991,0.4763,0.3042,0.4641,0.3596,0.2246,0.0944,55.5685,106.1806,31.1866,0.9429
47.2,1416,on_ground,0.6006,0.9159,-0.0317,1.5948,0.9477,0.5942,0.902,0.7827,0.4185,0.2023,0.0984,0.4763,0.306,0.4835,0.3642,0.2162,0.1038,55.6543,107.687,28.7029,0.98
47.233,1417,on_ground,0.6067,0.9334,-0.0207,1.6294,0.9542,0.5856,0.9182,0.7929,0.4204,0.2093,0.0978,0.4841,0.3123,0.4979,0.3726,0.211,0.1115,55.7751,109.3158,26.4691,1.0222
47.267,1418,on_ground,0.6137,0.9465,-0.0152,1.6534,0.9618,0.5817,0.9317,0.8046,0.4228,0.2106,0.0969,0.4914,0.3178,0.5089,0.3818,0.2122,0.1137,56.0561,111.3565,24.723,1.0695
47.3,1419,on_ground,0.6262,0.9868,-0.0083,1.7489,0.9952,0.569,0.9553,0.8201,0.4324,0.2162,0.0969,0.5086,0.3329,0.5229,0.3877,0.2162,0.1193,57.1095,113.6015,22.9481,1.1189
47.333,1420,on_ground,0.6346,1.0068,-0.0041,1.7893,1.0109,0.5649,0.9729,0.8327,0.4365,0.2174,0.0962,0.5238,0.3496,0.5363,0.3961,0.2192,0.1212,57.2014,116.1532,20.9336,1.1548
47.367,1421,on_ground,0.6424,1.0229,-0.003,1.8265,1.0258,0.5616,0.9862,0.8453,0.4394,0.2169,0.0956,0.5418,0.3661,0.5468,0.4059,0.2225,0.1213,56.9193,117.9846,19.553,1.1779
47.4,1422,on_ground,0.6484,1.0346,-0.0026,1.8548,1.0372,0.5592,0.9959,0.8543,0.4424,0.2167,0.0952,0.5582,0.3828,0.5535,0.4118,0.2257,0.1215,56.8285,119.7952,18.1128,1.194
47.433,1423,on_ground,0.6528,1.0409,-0.0031,1.8689,1.044,0.5586,1.0025,0.862,0.4436,0.2159,0.0952,0.5723,0.395,0.5589,0.4184,0.2277,0.1208,56.9147,121.616,16.6152,1.2043
47.467,1424,on_ground,0.6531,1.0481,-0.0054,1.8892,1.0535,0.5576,1.0101,0.8631,0.4432,0.2146,0.0952,0.5771,0.401,0.5669,0.4199,0.2286,0.1193,56.877,123.1905,15.1291,1.2175
47.5,1425,on_ground,0.6534,1.0554,-0.0081,1.911,1.0634,0.5565,1.0173,0.8645,0.4423,0.2127,0.0948,0.5831,0.4061,0.575,0.4222,0.2297,0.1178,56.4539,124.4656,13.8469,1.2328
47.533,1426,on_ground,0.6524,1.0619,-0.0106,1.931,1.0726,0.5555,1.024,0.8637,0.441,0.2114,0.0944,0.5858,0.4087,0.5829,0.4227,0.2297,0.1169,56.0453,125.4628,12.7249,1.2479
47.567,1427,on_ground,0.6508,1.0658,-0.0135,1.9437,1.0793,0.5553,1.0282,0.8622,0.4395,0.21,0.0943,0.5856,0.4097,0.5887,0.4228,0.2294,0.1158,55.742,126.243,11.7604,1.2593
47.6,1428,on_ground,0.6503,1.0688,-0.0164,1.955,1.0852,0.5551,1.0317,0.8624,0.4382,0.2088,0.0941,0.5881,0.4111,0.5936,0.4243,0.2293,0.1147,55.6363,126.6694,11.1483,1.2726
47.633,1429,on_ground,0.6507,1.0708,-0.0188,1.9631,1.0896,0.555,1.0337,0.8639,0.4376,0.2082,0.0937,0.5922,0.4149,0.5962,0.4264,0.2294,0.1144,55.2801,126.7959,10.7936,1.2825
47.667,1430,on_ground,0.6504,1.072,-0.0241,1.9726,1.096,0.5556,1.0342,0.8657,0.435,0.2047,0.0933,0.5938,0.4136,0.5992,0.4307,0.2303,0.1114,54.707,126.6832,10.713,1.2932
47.7,1431,on_ground,0.6512,1.0739,-0.0266,1.9815,1.1005,0.5554,1.0358,0.8676,0.4348,0.2032,0.093,0.5972,0.415,0.6009,0.4328,0.2316,0.1102,54.4618,126.5745,10.7398,1.3013
47.733,1432,on_ground,0.6539,1.0783,-0.0259,1.9941,1.1042,0.5537,1.0397,0.8708,0.4371,0.2042,0.0932,0.5992,0.4166,0.6026,0.4337,0.2329,0.111,54.6451,126.5096,10.7667,1.3076
47.767,1433,on_ground,0.6562,1.0818,-0.0249,2.0022,1.1067,0.5527,1.0432,0.8736,0.4388,0.2057,0.0935,0.6029,0.4198,0.6044,0.4348,0.2331,0.1122,54.8747,126.6001,10.6252,1.3118
47.8,1434,on_ground,0.657,1.0853,-0.0254,2.0128,1.1107,0.5518,1.0459,0.8756,0.4385,0.2059,0.0936,0.6055,0.4221,0.6074,0.4372,0.2326,0.1123,54.7653,126.5207,10.5503,1.3159
47.833,1435,on_ground,0.6582,1.089,-0.0238,2.0207,1.1128,0.5507,1.0493,0.8773,0.4391,0.2075,0.0937,0.6076,0.4243,0.6103,0.4382,0.2316,0.1138,54.7082,126.4123,10.4797,1.3209
47.867,1436,on_ground,0.6595,1.0924,-0.0222,2.0285,1.1146,0.5495,1.0523,0.879,0.44,0.2095,0.0938,0.6096,0.4277,0.6123,0.4389,0.2305,0.1157,54.6532,126.1549,10.4843,1.3237
47.9,1437,on_ground,0.6595,1.096,-0.0212,2.0369,1.1172,0.5485,1.0556,0.8793,0.4398,0.2108,0.0938,0.6106,0.4297,0.6158,0.4395,0.2289,0.1171,54.4276,125.8777,10.4897,1.3296
47.933,1438,on_ground,0.6602,1.0997,-0.0212,2.0453,1.1209,0.548,1.0589,0.8799,0.4406,0.2116,0.0934,0.6124,0.4342,0.6183,0.4393,0.229,0.1182,54.1416,125.7412,10.5416,1.336
47.967,1439,on_ground,0.6615,1.1036,-0.0196,2.0533,1.1232,0.547,1.062,0.881,0.4421,0.2142,0.0935,0.6134,0.4385,0.6199,0.4389,0.2279,0.1207,54.2629,125.5331,10.5888,1.341
48.0,1440,on_ground,0.662,1.1062,-0.019,2.0594,1.1252,0.5464,1.0644,0.883,0.441,0.2156,0.0936,0.6144,0.4416,0.6234,0.4421,0.2254,0.1219,54.2133,125.2464,10.576,1.345
48.033,1441,,0.6619,1.1083,-0.0199,2.0651,1.1283,0.5464,1.0664,0.8841,0.4398,0.2155,0.0935,0.6147,0.4439,0.6266,0.4443,0.2243,0.1219,54.0004,125.0828,10.571,1.3513
48.067,1442,,0.6613,1.1096,-0.0219,2.0703,1.1315,0.5465,1.0676,0.8839,0.4388,0.2144,0.0936,0.6136,0.4435,0.6288,0.4451,0.2244,0.1207,53.9772,125.1915,10.4971,1.3546
48.1,1443,,0.6612,1.1119,-0.0232,2.0772,1.1351,0.5465,1.07,0.8841,0.4383,0.2137,0.0936,0.6135,0.4437,0.6317,0.4458,0.2246,0.1201,54.0341,125.3737,10.3964,1.3601
48.133,1444,,0.6609,1.1145,-0.0242,2.0841,1.1387,0.5464,1.0726,0.8845,0.4374,0.2136,0.0937,0.614,0.4445,0.6352,0.4472,0.2238,0.1199,53.9419,125.3726,10.3403,1.3639
48.167,1445,,0.6608,1.1153,-0.026,2.088,1.1414,0.5466,1.0733,0.8841,0.4375,0.2127,0.0939,0.6141,0.4444,0.6358,0.4466,0.2248,0.1187,54.1669,125.4745,10.3856,1.3653
48.2,1446,,0.6619,1.118,-0.0247,2.0943,1.1427,0.5456,1.0757,0.8852,0.4386,0.2136,0.094,0.615,0.4455,0.6371,0.4465,0.2251,0.1195,54.3756,125.4213,10.5764,1.3676
48.233,1447,,0.6626,1.1199,-0.0247,2.0996,1.1446,0.5452,1.0775,0.8854,0.4399,0.214,0.0943,0.6148,0.445,0.6377,0.4455,0.2258,0.1197,54.6531,125.3804,10.7204,1.3684
48.267,1448,,0.6639,1.1207,-0.0219,2.0982,1.1426,0.5446,1.078,0.8859,0.4419,0.2163,0.0944,0.6154,0.4468,0.6361,0.444,0.2256,0.1219,54.7677,125.2338,10.8759,1.3646
48.3,1449,,0.6635,1.1206,-0.0205,2.0962,1.1412,0.5444,1.0779,0.8845,0.4426,0.2173,0.0944,0.6139,0.4442,0.6353,0.4419,0.2253,0.123,54.7756,124.9125,11.1502,1.3635
48.333,1450,,0.6623,1.1196,-0.0208,2.0919,1.1404,0.5451,1.0771,0.8824,0.4422,0.2172,0.0943,0.6114,0.4401,0.6349,0.4402,0.225,0.1229,54.6755,124.6048,11.4298,1.3629
48.367,1451,,0.6585,1.1188,-0.0205,2.089,1.1393,0.5454,1.0767,0.8777,0.4393,0.2172,0.0942,0.6062,0.4352,0.6374,0.4383,0.2221,0.123,54.3836,124.218,11.532,1.3617
48.4,1452,,0.6561,1.1159,-0.022,2.0814,1.1379,0.5467,1.074,0.8749,0.4374,0.2157,0.0944,0.6052,0.4328,0.6366,0.4375,0.2217,0.1213,54.31,123.7164,11.9219,1.3592
48.433,1453,,0.6529,1.1122,-0.0254,2.0747,1.1376,0.5483,1.0708,0.8711,0.4346,0.2115,0.0945,0.6017,0.4276,0.6362,0.4365,0.2232,0.117,54.2246,123.6622,12.1788,1.3575
48.467,1454,,0.6519,1.108,-0.027,2.0651,1.135,0.5496,1.067,0.869,0.4349,0.2085,0.0946,0.5992,0.4217,0.6321,0.4341,0.2264,0.1139,54.4515,123.4906,12.696,1.3524
48.5,1455,,0.6493,1.1014,-0.0292,2.0485,1.1306,0.5519,1.0615,0.8652,0.4335,0.2061,0.0952,0.5947,0.4116,0.628,0.4317,0.2273,0.1109,54.7696,123.167,13.1783,1.3418
48.533,1456,,0.6454,1.0932,-0.0333,2.0317,1.1265,0.5544,1.0547,0.8603,0.4306,0.2025,0.0959,0.5872,0.3999,0.6241,0.4297,0.2281,0.1066,55.1152,122.5553,13.7765,1.3327
48.567,1457,,0.6434,1.0865,-0.0347,2.0158,1.1212,0.5562,1.0482,0.8566,0.4303,0.2012,0.0963,0.5806,0.3885,0.6179,0.4263,0.2292,0.1049,55.3035,121.4957,14.8006,1.3228
48.6,1458,,0.6402,1.0775,-0.0394,1.9966,1.1169,0.5594,1.0389,0.8522,0.4282,0.1977,0.0962,0.5725,0.3748,0.6107,0.424,0.2305,0.1015,55.1439,120.4673,15.9472,1.311
48.633,1459,,0.6392,1.071,-0.0439,1.9824,1.1149,0.5624,1.0316,0.8512,0.4273,0.1947,0.0966,0.5652,0.364,0.6042,0.4238,0.2327,0.0981,55.1414,118.8628,17.6823,1.2988
48.667,1460,,0.6371,1.0389,-0.047,1.8859,1.0859,0.5758,1.0146,0.8497,0.4246,0.1934,0.0964,0.5507,0.3541,0.59,0.4251,0.2312,0.097,54.314,116.9672,19.35,1.252
48.7,1461,,0.6374,1.0341,-0.0507,1.8759,1.0847,0.5783,1.0099,0.8492,0.4256,0.1918,0.0965,0.5433,0.3492,0.5843,0.4236,0.2338,0.0953,54.1733,115.3961,21.1301,1.2396
48.733,1462,,0.6373,1.0311,-0.0538,1.8676,1.0849,0.5809,1.0068,0.8484,0.4262,0.1893,0.0965,0.5391,0.3477,0.5805,0.4222,0.2369,0.0928,53.9737,113.6152,23.0925,1.2329
48.767,1463,,0.6348,1.0287,-0.0598,1.8643,1.0885,0.5839,1.0042,0.8444,0.4252,0.186,0.0967,0.5315,0.3453,0.579,0.4192,0.2392,0.0893,53.7698,112.3747,24.4911,1.2293
48.8,1464,,0.6339,1.0231,-0.0667,1.8508,1.0898,0.5888,0.9993,0.8418,0.426,0.1816,0.0969,0.5246,0.3419,0.5733,0.4158,0.2444,0.0847,53.6965,111.0717,26.2539,1.2204
48.833,1465,,0.6329,1.0147,-0.0728,1.8315,1.0874,0.5937,0.9925,0.84,0.4257,0.1768,0.0969,0.5196,0.3389,0.5668,0.4143,0.2489,0.0799,53.853,110.4585,27.484,1.1922
48.867,1466,,0.6317,1.0066,-0.0813,1.8126,1.0878,0.6002,0.986,0.8397,0.4237,0.1703,0.0967,0.5205,0.3374,0.5622,0.416,0.2535,0.0736,53.7165,109.7722,28.8567,1.1633
48.9,1467,,0.6296,0.9988,-0.09,1.7978,1.0887,0.6056,0.979,0.8377,0.4214,0.1634,0.0965,0.522,0.3368,0.5576,0.4162,0.258,0.067,53.5991,109.3662,29.9339,1.1287
48.933,1468,,0.6301,0.9935,-0.0971,1.7885,1.0906,0.6098,0.9749,0.8385,0.4217,0.158,0.0965,0.527,0.3376,0.5532,0.4168,0.2637,0.0615,53.9177,109.5923,30.5242,1.1004
48.967,1469,,0.6325,0.9928,-0.103,1.7889,1.0959,0.6126,0.9749,0.8417,0.4234,0.1541,0.0967,0.5313,0.3379,0.5515,0.4183,0.2693,0.0574,54.3174,109.7697,31.0226,1.0803
49.0,1470,,0.6361,0.9959,-0.1095,1.7992,1.1054,0.6144,0.9784,0.8469,0.4253,0.1497,0.0965,0.5379,0.3381,0.5531,0.4217,0.2756,0.0532,54.3782,109.6659,31.7285,1.0691
49.033,1471,,0.6406,0.9988,-0.1143,1.806,1.1131,0.6163,0.9816,0.8532,0.4279,0.1477,0.0967,0.5526,0.3426,0.5537,0.4254,0.2802,0.051,54.8057,109.6369,32.1719,1.0598
49.067,1472,,0.6452,1.001,-0.1191,1.8138,1.1201,0.6175,0.9842,0.8597,0.4306,0.146,0.0968,0.5683,0.3486,0.5536,0.4291,0.2847,0.0491,55.1423,109.7037,32.5089,1.0571
49.1,1473,,0.6526,1.0045,-0.1201,1.8215,1.1246,0.6174,0.9886,0.8694,0.4359,0.1478,0.0971,0.5987,0.1308,0.5528,0.4335,0.2881,0.0507,55.866,109.9509,32.5832,1.0607
49.133,1474,,0.6589,1.0076,-0.1196,1.8283,1.1272,0.6166,0.9923,0.8772,0.4406,0.1507,0.0977,0.6194,0.1359,0.5517,0.4367,0.2899,0.0529,56.785,109.8052,32.914,1.0587
49.167,1475,,0.6646,1.011,-0.1184,1.8378,1.1294,0.6146,0.996,0.883,0.4462,0.1539,0.099,0.6371,0.1397,0.5497,0.4368,0.2924,0.0548,58.3968,109.2237,33.7266,1.0507
49.2,1476,,0.6643,1.0022,-0.1243,1.8283,1.1265,0.6162,0.9886,0.883,0.4456,0.1529,0.1005,0.642,0.4459,0.543,0.4374,0.2927,0.0524,59.5224,107.8792,34.8556,1.0432
49.233,1477,,0.6653,0.987,-0.1264,1.8024,1.1135,0.6178,0.9759,0.8843,0.4463,0.1582,0.1022,0.6445,0.1327,0.5296,0.438,0.2882,0.0559,60.9181,105.8868,36.115,1.0325
49.267,1478,,0.6648,0.9789,-0.1315,1.7943,1.1104,0.6188,0.9656,0.8805,0.449,0.1685,0.103,0.6433,0.1266,0.5166,0.4314,0.2805,0.0655,62.2079,102.2276,38.5872,1.0038
49.3,1479,,0.6692,0.9755,-0.1349,1.7761,1.1104,0.6252,0.951,0.876,0.4623,0.1537,0.1002,0.6377,0.1189,0.4886,0.4137,0.3086,0.0535,69.0106,101.0869,42.8394,0.9717
49.333,1480,,0.69,0.985,-0.1129,1.747,1.0979,0.6284,0.9442,0.8847,0.4954,0.1455,0.0934,0.6475,0.1294,0.4488,0.3893,0.3499,0.052,72.5317,102.5951,47.6991,0.9359
49.367,1481,,0.7082,0.9899,-0.0907,1.7523,1.0806,0.6167,0.9371,0.8899,0.5265,0.1463,0.0906,0.6505,0.1339,0.4106,0.3633,0.3802,0.0557,74.8202,101.0315,52.9936,0.8955
49.4,1482,,0.72,0.9903,-0.071,1.7634,1.0613,0.6019,0.9289,0.8899,0.5501,0.1532,0.0889,0.6479,0.131,0.3788,0.3398,0.3969,0.0643,75.7616,97.5583,58.0622,0.8482
49.433,1483,,0.7318,0.99,-0.0435,1.7671,1.0335,0.5849,0.9231,0.8904,0.5732,0.1669,0.0863,0.4294,0.1287,0.3498,0.3171,0.4063,0.0806,76.8935,94.3377,62.7913,0.8024
49.467,1484,,0.7366,0.9901,-0.0191,1.7667,1.0092,0.5713,0.9136,0.8886,0.5845,0.1756,0.0832,0.6392,0.123,0.3291,0.3041,0.409,0.0923,76.7251,92.4328,66.0793,0.7711
49.5,1485,,0.7377,0.9828,0.0083,1.7569,0.9745,0.5547,0.8998,0.8788,0.5966,0.1824,0.0819,0.6266,0.3652,0.3032,0.2822,0.4142,0.1006,76.6353,89.7554,69.2805,0.7411
49.533,1486,,0.7082,0.9523,0.0017,1.7094,0.9505,0.5561,0.8633,0.847,0.5694,0.1599,0.0801,0.5844,0.3044,0.2939,0.2776,0.4095,0.0798,72.5,87.3893,70.9487,0.7466
49.567,1487,,0.6581,0.8967,-0.0343,1.6266,0.931,0.5724,0.8055,0.7899,0.5263,0.1232,0.0802,0.494,0.2124,0.2791,0.2636,0.4031,0.043,64.7468,81.7659,73.1212,0.7503
49.6,1488,,0.6331,0.8678,-0.0445,1.5726,0.9123,0.5801,0.7723,0.758,0.5082,0.1178,0.0799,0.4391,0.1678,0.2641,0.2498,0.3904,0.0379,60.1715,76.8594,74.6784,0.7644
49.633,1489,,0.5974,0.8345,-0.0927,1.5302,0.9272,0.6059,0.7266,0.7203,0.4744,0.1134,0.0777,0.3782,0.1202,0.2521,0.2458,0.361,0.0357,55.7308,71.8572,75.3971,0.8154
49.667,1490,,0.5826,0.8216,-0.1076,1.4915,0.9292,0.623,0.7064,0.7053,0.4598,0.1272,0.0776,0.3491,0.1018,0.2465,0.2455,0.3326,0.0496,52.1693,66.7829,74.9743,0.8465
49.7,1491,,0.563,0.8013,-0.1287,1.4732,0.93,0.6313,0.6846,0.6835,0.4425,0.1259,0.077,0.3182,0.0794,0.242,0.241,0.3166,0.0489,48.6479,63.6416,74.5032,0.8882
49.733,1492,,0.5537,0.7889,-0.1304,1.4549,0.9193,0.6318,0.6778,0.6731,0.4343,0.1341,0.0776,0.3006,0.0739,0.2435,0.2388,0.3002,0.0565,46.3161,60.9596,73.7509,0.9119
49.767,1493,,0.5522,0.782,-0.1226,1.4358,0.9046,0.63,0.6764,0.6682,0.4362,0.1457,0.0785,0.2912,0.0733,0.2402,0.2321,0.2905,0.0672,45.4317,58.8547,73.2753,0.9357
49.8,1494,,0.5519,0.7817,-0.1155,1.4349,0.8971,0.6252,0.675,0.6677,0.4362,0.159,0.079,0.2926,0.078,0.2389,0.2315,0.2772,0.08,44.2124,56.2135,72.8724,0.9587
49.833,1495,,0.5366,0.7629,-0.1244,1.4119,0.8874,0.6285,0.6556,0.6486,0.4245,0.1524,0.0791,0.2882,0.0744,0.2311,0.2241,0.2721,0.0733,41.8976,53.3932,73.6178,0.9813
49.867,1496,,0.52,0.7416,-0.1351,1.388,0.8767,0.6316,0.6396,0.6281,0.4119,0.1416,0.0787,0.2813,0.0671,0.2277,0.2162,0.2703,0.0629,40.4045,51.6568,74.5133,0.9912
49.9,1497,,0.519,0.7376,-0.1267,1.3773,0.8643,0.6275,0.6316,0.6239,0.414,0.1439,0.0787,0.2905,0.0775,0.2176,0.2099,0.2701,0.0653,41.1385,51.3484,74.8997,1.024
49.933,1498,,0.5129,0.7311,-0.128,1.3765,0.8591,0.6241,0.6245,0.6118,0.4141,0.1511,0.0783,0.2892,0.081,0.2104,0.1978,0.2629,0.0728,42.0545,49.4632,76.0527,1.0421
49.967,1499,,0.5185,0.739,-0.1179,1.391,0.8569,0.616,0.6249,0.6146,0.4223,0.1809,0.0782,0.308,0.1003,0.2026,0.1922,0.2415,0.1027,45.0919,47.1629,76.1496,1.0673
50.0,1500,,0.5303,0.7564,-0.0995,1.4193,0.856,0.6031,0.6304,0.6286,0.4319,0.2182,0.0787,0.3355,0.1299,0.1984,0.1967,0.2137,0.1396,46.739,43.9842,75.4886,1.099
50.033,1501,,0.5489,0.7814,-0.0736,1.4555,0.855,0.5874,0.6387,0.6471,0.4507,0.2565,0.0785,0.3634,0.1666,0.1879,0.1963,0.1942,0.178,48.9725,41.3116,75.4205,1.0927
50.067,1502,,0.569,0.8013,-0.0504,1.487,0.8517,0.5728,0.6475,0.6616,0.4763,0.2833,0.078,0.386,0.1964,0.1712,0.1853,0.193,0.2052,53.5462,40.4595,76.1484,1.0732
50.1,1503,,0.5983,0.8206,-0.0224,1.5147,0.8429,0.5565,0.6632,0.682,0.5146,0.3241,0.0776,0.4025,0.2215,0.1486,0.1674,0.1905,0.2465,58.7609,38.5373,77.6621,1.0344
50.133,1504,,0.6236,0.8432,-0.024,1.5527,0.8672,0.5585,0.6774,0.6959,0.5513,0.3476,0.0767,0.4126,0.2342,0.1261,0.1446,0.2038,0.2709,64.4426,38.3902,79.3157,1.0345
50.167,1505,,0.6535,0.8699,-0.0352,1.5969,0.9051,0.5667,0.7052,0.7225,0.5845,0.3686,0.0757,0.4306,0.242,0.1207,0.138,0.2159,0.2929,69.7286,40.1273,79.3462,1.0442
50.2,1506,,0.687,0.8978,-0.0402,1.6627,0.938,0.5641,0.7393,0.7607,0.6132,0.381,0.0752,0.4517,0.2486,0.126,0.1474,0.2323,0.3057,74.6079,43.8599,77.8129,1.0608
50.233,1507,,0.724,0.9246,-0.0341,1.7265,0.9587,0.5553,0.7883,0.804,0.644,0.3824,0.0759,0.462,0.2481,0.1442,0.16,0.2616,0.3065,79.7493,49.1182,75.9316,1.0949
50.267,1508,,0.77,0.9702,-0.023,1.8362,0.9931,0.5409,0.8394,0.858,0.682,0.3928,0.077,0.5098,0.2856,0.1575,0.176,0.2892,0.3158,85.1926,55.0645,73.4352,1.1138
50.3,1509,,0.8176,1.0206,-0.004,1.9537,1.0246,0.5245,0.9036,0.9153,0.7199,0.4077,0.0785,0.3914,0.1176,0.1837,0.1954,0.3122,0.3292,91.5276,60.2963,70.87,1.1557
50.333,1510,,0.864,1.0705,0.0077,2.0891,1.0628,0.5087,0.9679,0.9743,0.7537,0.4194,0.0792,0.4484,0.1389,0.2142,0.2207,0.3343,0.3402,99.1785,66.9916,67.5843,1.2196
50.367,1511,,0.9065,1.1053,0.0153,2.1921,1.09,0.4973,1.0358,1.0195,0.7934,0.4286,0.0796,0.5162,0.3772,0.2424,0.2261,0.3648,0.349,106.9442,71.2024,66.9599,1.2419
50.4,1512,,0.9438,1.1486,0.0221,2.3353,1.1265,0.4824,1.094,1.064,0.8235,0.4333,0.08,0.7505,0.4452,0.2705,0.2405,0.3901,0.3534,113.3027,76.8683,64.9443,1.2901
50.433,1513,,0.9745,1.1951,0.0214,2.5204,1.1736,0.4656,1.1379,1.1084,0.8407,0.4367,0.0799,0.6326,0.2656,0.2972,0.2677,0.404,0.3568,120.8107,82.9533,61.9442,1.3503
50.467,1514,,0.9994,1.2241,0.022,2.6547,1.2021,0.4528,1.1883,1.144,0.8547,0.452,0.0799,0.8329,0.5275,0.3336,0.2894,0.4027,0.3721,126.1683,87.6255,59.2134,1.3859
50.5,1515,,1.0265,1.2687,0.0254,2.8465,1.2432,0.4368,1.2379,1.1794,0.8737,0.4734,0.0801,0.8845,0.4039,0.3642,0.3057,0.4003,0.3933,129.6905,91.173,56.9004,1.4295
50.533,1516,,1.0541,1.3185,0.0265,3.0826,1.292,0.4191,1.2896,1.2221,0.8862,0.4992,0.0801,0.9247,0.6196,0.4034,0.3359,0.3869,0.4191,132.9917,96.091,52.8719,1.5154
50.567,1517,,1.0867,1.3627,0.0253,3.3063,1.3374,0.4045,1.3363,1.2618,0.9115,0.5201,0.08,0.973,0.6694,0.4249,0.3504,0.3914,0.44,138.0653,101.4395,50.2513,1.6033
50.6,1518,,1.1136,1.4106,0.0256,3.5669,1.385,0.3883,1.3852,1.2969,0.9302,0.535,0.08,1.0168,0.7391,0.455,0.3668,0.3952,0.4549,142.8039,107.3175,47.3605,1.7029
50.633,1519,,1.1383,1.4464,0.0251,3.7823,1.4213,0.3758,1.4275,1.3246,0.9521,0.5492,0.0799,1.0493,0.7699,0.4754,0.3724,0.4029,0.4693,146.6831,111.5875,45.6674,1.7413
50.667,1520,,1.1592,1.4873,0.0257,4.0464,1.4616,0.3612,1.4694,1.3506,0.9677,0.5527,0.0799,1.0723,0.7937,0.5017,0.3829,0.4151,0.4728,151.8491,117.9502,43.0555,1.8867
50.7,1521,,1.1704,1.5245,0.0241,4.3063,1.5004,0.3484,1.5077,1.3706,0.9702,0.5481,0.08,1.098,0.8203,0.5375,0.4004,0.4221,0.4681,154.0022,123.8402,39.4066,1.9644
50.733,1522,,1.1801,1.5585,0.0227,4.5563,1.5358,0.3371,1.54,1.391,0.9691,0.5406,0.0802,1.125,0.8438,0.5708,0.4219,0.4286,0.4603,156.3308,131.3478,34.7704,2.178
50.767,1523,,1.1936,1.5837,0.0204,4.7519,1.5633,0.329,1.5664,1.4143,0.973,0.5405,0.0806,1.1528,0.8711,0.5934,0.4413,0.4325,0.4599,157.9092,137.3068,31.0432,2.3341
50.8,1524,,1.2004,1.6073,0.0215,4.9537,1.5859,0.3201,1.5927,1.4291,0.9717,0.537,0.0814,1.1657,0.888,0.621,0.4575,0.4347,0.4556,158.027,141.9117,27.8552,2.3796
50.833,1525,,1.2048,1.6273,0.0246,5.1289,1.6027,0.3125,1.6154,1.4424,0.9672,0.5348,0.0826,1.1807,0.9082,0.6482,0.4751,0.4324,0.4522,158.5882,146.6969,24.7516,2.3536
50.867,1526,,1.2103,1.6441,0.0273,5.2849,1.6168,0.3059,1.6308,1.4556,0.965,0.5337,0.0841,1.1987,0.9314,0.6658,0.4906,0.4313,0.4497,159.3998,151.3183,21.842,2.4277
50.9,1527,,1.2147,1.6605,0.0313,5.4255,1.6291,0.3003,1.6497,1.4677,0.9617,0.5306,0.0859,1.2141,0.9498,0.688,0.506,0.4311,0.4448,161.0336,156.9404,18.5664,2.3725
50.933,1528,,1.2154,1.6716,0.0356,5.5364,1.636,0.2955,1.6598,1.4755,0.9552,0.5233,0.0878,1.2219,0.9602,0.7046,0.5203,0.4319,0.4355,163.0543,162.1683,15.7277,2.3831
50.967,1529,,1.2147,1.6738,0.0386,5.5667,1.6353,0.2938,1.6619,1.4819,0.9475,0.5151,0.0897,1.2269,0.9664,0.7145,0.5345,0.4323,0.4254,165.1891,166.9358,13.192,2.4452
51.0,1530,upright,1.2074,1.6827,0.0447,5.66,1.638,0.2894,1.6684,1.482,0.9328,0.5027,0.092,1.2257,0.9675,0.7355,0.5492,0.4301,0.4108,166.5859,171.2506,10.7022,2.3972
51.033,1531,upright,1.1988,1.6829,0.0515,5.6773,1.6314,0.2874,1.6676,1.4787,0.9189,0.4942,0.0941,1.2187,0.9647,0.7487,0.5597,0.4248,0.4001,166.8271,172.564,8.4779,2.4079
51.067,1532,upright,1.193,1.6806,0.0605,5.6685,1.62,0.2858,1.6655,1.4755,0.9104,0.4862,0.0964,1.2116,0.9586,0.7551,0.5651,0.4242,0.3898,166.7976,172.1267,6.6442,2.4114
51.1,1533,upright,1.1884,1.6765,0.0668,5.6398,1.6097,0.2854,1.6624,1.4701,0.9068,0.4824,0.0983,1.2058,0.9529,0.7556,0.5633,0.4244,0.3841,166.3388,171.6003,5.2725,2.4444
51.133,1534,upright,1.1836,1.6732,0.07,5.6199,1.6032,0.2853,1.6585,1.4664,0.9008,0.4795,0.0996,1.2018,0.9475,0.7577,0.5656,0.4213,0.3799,166.462,170.1781,4.203,2.4917
51.167,1535,upright,1.1763,1.6689,0.0712,5.582,1.5977,0.2862,1.6543,1.4629,0.8897,0.4765,0.1005,1.1944,0.9438,0.7645,0.5732,0.4132,0.376,167.2727,168.7339,2.9223,2.4951
51.2,1536,upright,1.1684,1.656,0.0674,5.4576,1.5887,0.2911,1.6444,1.4605,0.8764,0.4774,0.1005,1.189,0.9371,0.768,0.584,0.3991,0.3769,170.0369,166.1254,1.3417,2.5272
51.233,1537,upright,1.1595,1.651,0.064,5.4029,1.587,0.2937,1.6388,1.4549,0.8641,0.476,0.1004,1.1789,0.9283,0.7747,0.5909,0.3881,0.3755,171.0554,164.3223,0.5946,2.5853
51.267,1538,upright,1.155,1.6461,0.0602,5.3515,1.5859,0.2964,1.6308,1.4508,0.8593,0.4757,0.1002,1.1742,0.9203,0.7716,0.5916,0.3835,0.3755,172.1048,162.8991,0.3429,2.6838
51.3,1539,upright,1.1507,1.6387,0.0551,5.2736,1.5837,0.3003,1.6195,1.446,0.8553,0.476,0.0998,1.1705,0.9141,0.7642,0.5908,0.3793,0.3762,173.8557,161.9492,0.2018,2.7132
51.333,1540,upright,1.1494,1.6276,0.0517,5.1637,1.5759,0.3052,1.6064,1.4404,0.8584,0.4792,0.0995,1.166,0.9064,0.7481,0.582,0.3792,0.3796,175.5627,161.567,0.1617,2.6703
51.367,1541,upright,1.1498,1.6126,0.0472,5.0225,1.5654,0.3117,1.5921,1.4344,0.8652,0.4821,0.0991,1.1628,0.9005,0.7269,0.5692,0.3831,0.3829,176.9066,161.2173,0.4787,2.5679
51.4,1542,upright,1.1496,1.5995,0.0439,4.9022,1.5556,0.3173,1.5811,1.4305,0.8686,0.4824,0.0984,1.1626,0.8957,0.7125,0.5619,0.3862,0.384,176.9127,161.4343,1.5313,2.4481
51.433,1543,upright,1.1489,1.5922,0.0409,4.8349,1.5513,0.3209,1.5712,1.4292,0.8685,0.4772,0.0972,1.1619,0.8926,0.7027,0.5607,0.3913,0.38,176.3571,161.4705,2.3058,2.3722
51.467,1544,upright,1.1464,1.5846,0.0375,4.7699,1.5471,0.3244,1.5636,1.4289,0.864,0.4673,0.0955,1.163,0.8923,0.6995,0.5648,0.3967,0.3717,175.158,161.8291,3.053,2.3281
51.5,1545,upright,1.1427,1.5764,0.0374,4.7016,1.5391,0.3274,1.5562,1.4281,0.8574,0.4537,0.0937,1.1624,0.8943,0.6988,0.5708,0.4036,0.36,174.2707,162.8158,3.5763,2.316
51.533,1546,upright,1.1422,1.5748,0.0391,4.6781,1.5357,0.3283,1.5525,1.4282,0.8563,0.4486,0.0915,1.1659,0.9016,0.6963,0.5719,0.4077,0.3571,173.6181,164.3296,4.0439,2.3505
51.567,1547,upright,1.1431,1.5698,0.0374,4.6338,1.5324,0.3307,1.5479,1.4281,0.8582,0.4515,0.0887,1.1684,0.909,0.6897,0.5699,0.4067,0.3629,172.2003,165.8636,4.7763,2.4325
51.6,1548,upright,1.1388,1.5636,0.037,4.5907,1.5267,0.3326,1.5423,1.4247,0.8529,0.4488,0.0862,1.1701,0.9168,0.6895,0.5718,0.4041,0.3626,170.5605,167.0919,5.7254,2.5058
51.633,1549,upright,1.1349,1.561,0.0352,4.5734,1.5258,0.3336,1.541,1.4218,0.848,0.4462,0.0839,1.1731,0.9231,0.693,0.5738,0.4018,0.3623,168.2227,167.9996,5.9423,2.5134
51.667,1550,upright,1.1319,1.56,0.0327,4.5699,1.5274,0.3342,1.5404,1.4201,0.8437,0.4416,0.0822,1.1778,0.9279,0.6966,0.5764,0.4022,0.3594,167.0264,169.3732,6.4388,2.5095
51.7,1551,upright,1.129,1.5585,0.0303,4.5717,1.5282,0.3343,1.5376,1.4176,0.8404,0.4372,0.0812,1.1764,0.9314,0.6973,0.5772,0.4032,0.356,165.8126,170.3472,6.5162,2.5108
51.733,1552,upright,1.1276,1.5545,0.025,4.5621,1.5295,0.3353,1.5329,1.4141,0.841,0.4351,0.0802,1.174,0.9344,0.6919,0.5731,0.4059,0.3548,164.1527,170.6735,6.2281,2.4995
51.767,1553,upright,1.1279,1.5529,0.0154,4.5752,1.5375,0.336,1.5317,1.4122,0.8436,0.4336,0.0793,1.1705,0.9313,0.688,0.5686,0.41,0.3544,162.8127,171.0585,5.9629,2.5147
51.8,1554,upright,1.1283,1.5514,0.0018,4.5977,1.5497,0.337,1.5313,1.4096,0.847,0.4352,0.0781,1.1634,0.9212,0.6843,0.5626,0.4118,0.3571,160.5512,171.2637,5.4353,2.5467
51.833,1555,upright,1.1246,1.5476,-0.0141,4.6129,1.5617,0.3385,1.5276,1.4051,0.8441,0.4336,0.0769,1.1537,0.9021,0.6836,0.561,0.4104,0.3567,159.6821,171.5202,5.2733,2.5605
51.867,1556,upright,1.1216,1.5436,-0.0275,4.6232,1.5712,0.3398,1.5243,1.4015,0.8417,0.4317,0.0758,1.1471,0.8908,0.6827,0.5599,0.4099,0.3559,159.0281,171.5112,5.3124,2.5529
51.9,1557,upright,1.1202,1.5425,-0.0384,4.6444,1.5809,0.3404,1.5246,1.401,0.8393,0.4263,0.0749,1.1458,0.8898,0.6852,0.5617,0.413,0.3515,159.0197,171.5776,5.7427,2.5458
51.933,1558,upright,1.1231,1.5466,-0.0421,4.6917,1.5887,0.3386,1.5289,1.4049,0.8413,0.4243,0.0745,1.1477,0.8917,0.6876,0.5636,0.417,0.3498,159.0918,172.0883,5.6788,2.5076
51.967,1559,upright,1.1232,1.5493,-0.0504,4.7409,1.5997,0.3374,1.5317,1.4065,0.8399,0.4233,0.0738,1.1485,0.8899,0.6918,0.5666,0.4166,0.3495,160.7013,172.6348,5.8643,2.4537
52.0,1560,upright,1.1192,1.5527,-0.0584,4.7944,1.6111,0.336,1.5357,1.4074,0.8309,0.4207,0.073,1.1545,0.8914,0.7048,0.5765,0.4102,0.3477,162.5665,173.1729,6.1861,2.391
52.033,1561,upright,1.1171,1.5585,-0.0677,4.8692,1.6262,0.334,1.5443,1.4094,0.8248,0.4203,0.0721,1.1604,0.8946,0.7195,0.5846,0.4046,0.3481,164.4719,173.7713,6.4076,2.3534
52.067,1562,upright,1.1175,1.5689,-0.0736,4.971,1.6425,0.3304,1.5477,1.4132,0.8218,0.4183,0.0715,1.1665,0.9008,0.7259,0.5914,0.4034,0.3468,166.2052,174.7943,6.7704,2.3482
52.1,1563,upright,1.12,1.5782,-0.0785,5.0636,1.6567,0.3272,1.5542,1.4182,0.8219,0.4193,0.071,1.1702,0.9023,0.7323,0.5963,0.4025,0.3483,167.4217,175.5781,6.9284,2.3679
52.133,1564,upright,1.1239,1.5902,-0.0838,5.1805,1.674,0.3231,1.5627,1.4235,0.8243,0.4213,0.0704,1.1702,0.9,0.7385,0.5993,0.403,0.3508,168.2743,176.1419,6.9812,2.4046
52.167,1565,upright,1.1283,1.6044,-0.0876,5.3176,1.692,0.3182,1.5757,1.4282,0.8284,0.423,0.07,1.1686,0.8974,0.7473,0.5998,0.4055,0.353,168.2367,176.1798,6.8275,2.4455
52.2,1566,upright,1.137,1.6163,-0.0895,5.4336,1.7058,0.3139,1.5864,1.4351,0.8389,0.4288,0.0698,1.1715,0.899,0.7475,0.5962,0.4101,0.359,168.1499,176.0283,6.6614,2.4817
52.233,1567,upright,1.1446,1.6267,-0.0886,5.5324,1.7153,0.31,1.5971,1.4425,0.8467,0.4318,0.0699,1.1798,0.913,0.7504,0.5958,0.4149,0.3619,168.6994,176.1118,6.5102,2.5016
52.267,1568,upright,1.1536,1.6359,-0.0862,5.6158,1.7221,0.3067,1.6068,1.4512,0.856,0.4365,0.0702,1.1933,0.9384,0.7508,0.5952,0.4194,0.3664,169.2144,176.1796,6.5032,2.5186
52.3,1569,upright,1.1576,1.6443,-0.0849,5.6973,1.7291,0.3035,1.615,1.4583,0.857,0.4389,0.0703,1.2063,0.9603,0.758,0.6013,0.4181,0.3685,168.9906,175.8434,6.4524,2.5366
52.333,1570,upright,1.1624,1.6508,-0.0833,5.7683,1.7342,0.3006,1.6208,1.4648,0.8599,0.441,0.0705,1.221,0.9839,0.7608,0.6048,0.419,0.3705,168.7326,175.4848,6.4826,2.556
52.367,1571,upright,1.1707,1.6554,-0.0822,5.825,1.7376,0.2983,1.6253,1.4741,0.8673,0.4444,0.0707,1.2342,1.0066,0.758,0.6069,0.4229,0.3737,168.6435,175.2966,6.6064,2.5725
52.4,1572,upright,1.1764,1.6635,-0.0784,5.9178,1.7419,0.2943,1.6325,1.4784,0.8744,0.447,0.0711,1.2439,1.0268,0.7582,0.604,0.4274,0.3758,168.7632,174.8515,6.8057,2.5872
52.433,1573,upright,1.1803,1.669,-0.0756,5.996,1.7446,0.291,1.6378,1.4833,0.8773,0.4474,0.0715,1.249,1.0331,0.7604,0.606,0.4299,0.376,168.4483,174.5359,6.8797,2.6228
52.467,1574,upright,1.183,1.6723,-0.0634,6.0594,1.7357,0.2864,1.6389,1.4831,0.8829,0.4552,0.0728,1.2442,1.0209,0.756,0.6002,0.4278,0.3823,167.964,174.0924,6.825,2.643
52.5,1575,upright,1.1801,1.6722,-0.0444,6.0987,1.7166,0.2815,1.6361,1.4778,0.8824,0.4584,0.0748,1.2316,0.997,0.7537,0.5954,0.424,0.3836,167.101,173.6232,6.7396,2.6401
52.533,1576,upright,1.1723,1.6711,-0.0136,6.1234,1.6846,0.2751,1.6324,1.4709,0.8737,0.4563,0.0775,1.2147,0.9702,0.7587,0.5972,0.4174,0.3788,166.6121,173.3291,6.5795,2.597
52.567,1577,upright,1.1633,1.6647,0.0211,6.0989,1.6436,0.2695,1.6255,1.4615,0.8651,0.4537,0.0797,1.198,0.9477,0.7605,0.5965,0.4114,0.3739,166.3973,173.2989,6.2876,2.522
52.6,1578,upright,1.1529,1.6586,0.0556,6.0776,1.603,0.2638,1.6175,1.4522,0.8537,0.439,0.0811,1.1836,0.9284,0.7639,0.5985,0.4147,0.3579,166.9666,173.3011,6.1498,2.4392
52.633,1579,upright,1.1427,1.6512,0.0788,6.0478,1.5724,0.26,1.6096,1.4435,0.842,0.4282,0.0815,1.1733,0.9138,0.7676,0.6015,0.4138,0.3467,168.6805,173.1758,5.8876,2.3559
52.667,1580,upright,1.1322,1.6409,0.0546,6.0387,1.5863,0.2627,1.6008,1.4347,0.8296,0.4174,0.0813,1.1648,0.9021,0.7712,0.6051,0.4122,0.3361,171.3698,172.6815,5.7649,2.2991
52.7,1581,upright,1.1262,1.635,0.0363,6.0519,1.5987,0.2642,1.5967,1.4292,0.8233,0.4123,0.0808,1.1631,0.8981,0.7734,0.6059,0.411,0.3315,173.6944,172.5356,5.8369,2.2521
52.733,1582,upright,1.1244,1.6314,0.0249,6.0611,1.6064,0.265,1.5993,1.4271,0.8218,0.4118,0.0803,1.166,0.8999,0.7774,0.6052,0.41,0.3315,174.0381,172.3602,6.0537,2.1963
52.767,1583,upright,1.1261,1.6277,0.0217,6.0417,1.606,0.2658,1.5978,1.4279,0.8242,0.414,0.0802,1.1713,0.9076,0.7735,0.6037,0.4102,0.3339,172.8319,172.4455,5.913,2.1445
52.8,1584,upright,1.129,1.6246,0.0209,6.018,1.6037,0.2665,1.5964,1.4301,0.8279,0.4196,0.0802,1.1774,0.9132,0.7685,0.6022,0.4083,0.3394,172.7246,172.3611,5.9422,2.1016
52.833,1585,upright,1.1341,1.6234,0.0221,6.0049,1.6014,0.2667,1.5958,1.4322,0.836,0.4253,0.0802,1.1814,0.9168,0.7598,0.5962,0.4107,0.3451,173.3339,172.44,6.1194,2.0736
52.867,1586,upright,1.1366,1.6217,0.0215,5.9874,1.6003,0.2673,1.5941,1.434,0.8392,0.4299,0.0802,1.1819,0.9155,0.7548,0.5947,0.4093,0.3498,173.8233,172.3567,6.1875,2.0551
52.9,1587,upright,1.1401,1.6229,0.0234,5.9946,1.5995,0.2668,1.5934,1.4357,0.8445,0.4393,0.0803,1.1836,0.9156,0.7489,0.5912,0.4053,0.359,174.978,172.7242,6.2001,2.0426
52.933,1588,upright,1.1437,1.6234,0.0235,6.002,1.6,0.2666,1.5917,1.4354,0.852,0.4431,0.0803,1.1813,0.9131,0.7397,0.5834,0.4089,0.3629,175.0056,172.6516,6.3859,2.035
52.967,1589,upright,1.1451,1.6228,0.0235,6.0014,1.5993,0.2665,1.5875,1.4334,0.8569,0.4504,0.0803,1.1783,0.9096,0.7306,0.5765,0.4064,0.3702,175.5685,172.542,6.5241,2.0327
53.0,1590,upright,1.1454,1.6208,0.0221,5.9872,1.5987,0.267,1.5757,1.4316,0.8593,0.452,0.0802,1.1744,0.9042,0.7163,0.5722,0.4074,0.3718,175.7057,172.4636,6.6386,2.039
53.033,1591,upright,1.1423,1.618,0.0191,5.9689,1.599,0.2679,1.5694,1.43,0.8546,0.4469,0.0801,1.1698,0.898,0.7148,0.5755,0.4077,0.3668,175.074,172.0269,6.9226,2.0557
53.067,1592,upright,1.1422,1.6162,0.0176,5.9563,1.5986,0.2684,1.5638,1.4289,0.8556,0.445,0.08,1.165,0.8915,0.7081,0.5733,0.4106,0.365,174.5742,171.8734,7.216,2.0756
53.1,1593,upright,1.1448,1.614,0.0192,5.9277,1.5948,0.269,1.5576,1.4303,0.8594,0.4484,0.0801,1.1647,0.8886,0.6983,0.5709,0.411,0.3682,173.5729,171.1514,7.1016,2.1054
53.133,1594,upright,1.1473,1.613,0.0193,5.9145,1.5936,0.2694,1.5529,1.4312,0.8633,0.453,0.0802,1.1636,0.8852,0.6896,0.5679,0.4103,0.3728,173.2113,170.6691,7.0001,2.1577
53.167,1595,upright,1.1484,1.6108,0.02,5.8933,1.5908,0.2699,1.5473,1.4314,0.8654,0.4564,0.0803,1.1644,0.8829,0.682,0.566,0.4089,0.3762,173.0461,170.3794,7.0119,2.2237
53.2,1596,upright,1.1483,1.6089,0.0202,5.8707,1.5887,0.2706,1.5437,1.4319,0.8646,0.4544,0.0803,1.1665,0.8845,0.6791,0.5673,0.4102,0.374,173.288,170.4322,7.2388,2.3096
53.233,1597,upright,1.1482,1.6067,0.0206,5.845,1.5861,0.2714,1.5411,1.4327,0.8637,0.4529,0.0805,1.1692,0.8869,0.6774,0.5691,0.4108,0.3725,174.0323,170.6829,7.4724,2.4108
53.267,1598,upright,1.1501,1.6054,0.0176,5.8258,1.5878,0.2725,1.5394,1.4354,0.8648,0.4518,0.0805,1.1718,0.8883,0.6746,0.5706,0.413,0.3714,173.9038,170.867,7.5405,2.4641
53.3,1599,upright,1.1546,1.6063,0.0102,5.8264,1.5961,0.2739,1.5404,1.4397,0.8695,0.4548,0.0804,1.1772,0.8939,0.6709,0.5702,0.4147,0.3744,173.6685,171.0398,7.3519,2.439
53.333,1600,upright,1.1605,1.6085,-0.0,5.837,1.6085,0.2756,1.543,1.4451,0.876,0.4604,0.08,1.183,0.901,0.667,0.5691,0.4156,0.3803,173.3566,171.091,7.2784,2.4327
53.367,1601,upright,1.1661,1.6117,-0.0105,5.8565,1.6222,0.277,1.5465,1.4505,0.8818,0.4655,0.0797,1.1887,0.9066,0.6647,0.5687,0.4163,0.3858,173.0965,171.0752,7.2692,2.4199
53.4,1602,upright,1.1691,1.6151,-0.018,5.8796,1.6331,0.2778,1.5492,1.4544,0.8838,0.4674,0.0794,1.1923,0.9099,0.6654,0.5707,0.4164,0.388,172.8641,171.2311,7.2485,2.4003
53.433,1603,upright,1.1717,1.6187,-0.0231,5.9045,1.6418,0.2781,1.5517,1.4578,0.8855,0.4687,0.0792,1.1955,0.9131,0.6662,0.5723,0.4168,0.3896,172.9445,171.5581,7.1218,2.3961
53.467,1604,upright,1.1746,1.6221,-0.0284,5.9277,1.6504,0.2784,1.5536,1.4608,0.8885,0.471,0.0788,1.199,0.918,0.6652,0.5723,0.4174,0.3922,173.5322,171.5129,6.893,2.4136
53.5,1605,upright,1.1749,1.624,-0.0318,5.941,1.6559,0.2787,1.5546,1.4621,0.8877,0.4714,0.0785,1.2007,0.9264,0.6669,0.5745,0.4163,0.3929,174.7332,171.22,6.7822,2.4428
53.533,1606,upright,1.1748,1.625,-0.0359,5.9504,1.6609,0.2791,1.5546,1.4622,0.8873,0.4731,0.0781,1.2027,0.936,0.6673,0.575,0.4141,0.395,176.1671,170.9363,6.6647,2.4837
53.567,1607,upright,1.1747,1.625,-0.0372,5.9481,1.6622,0.2795,1.5543,1.4618,0.8876,0.4739,0.0779,1.2057,0.947,0.6667,0.5741,0.4137,0.396,177.0262,171.0883,6.6381,2.5303
53.6,1608,upright,1.1721,1.6242,-0.0391,5.9435,1.6632,0.2798,1.5544,1.4594,0.8848,0.4732,0.0777,1.2057,0.9589,0.6696,0.5746,0.4116,0.3955,177.2245,171.615,6.5562,2.5648
53.633,1609,upright,1.1717,1.6233,-0.042,5.9408,1.6653,0.2803,1.5537,1.4576,0.8857,0.476,0.0773,1.2074,0.9682,0.6679,0.5719,0.4097,0.3987,176.5942,172.4259,6.3815,2.6164
53.667,1610,upright,1.1714,1.6229,-0.0427,5.9386,1.6656,0.2805,1.5522,1.4554,0.8875,0.4762,0.0772,1.2086,0.9777,0.6647,0.5678,0.4113,0.399,176.0753,172.9126,6.0401,2.701
53.7,1611,upright,1.1691,1.6219,-0.0408,5.9289,1.6626,0.2804,1.5506,1.4531,0.8851,0.472,0.0774,1.2071,0.9933,0.6654,0.568,0.4131,0.3946,174.8963,172.6966,5.9095,2.7454
53.733,1612,upright,1.1665,1.6206,-0.0398,5.9225,1.6604,0.2804,1.5486,1.4501,0.883,0.4673,0.0774,1.2054,1.0171,0.6656,0.5671,0.4157,0.3899,173.4935,172.3396,5.6786,2.7977
53.767,1613,upright,1.1625,1.6197,-0.0392,5.9178,1.6589,0.2803,1.5465,1.4466,0.8785,0.4624,0.0775,1.2028,1.0416,0.6681,0.5682,0.416,0.385,172.5327,172.19,5.2922,2.852
53.8,1614,upright,1.1585,1.617,-0.0388,5.8929,1.6558,0.281,1.5436,1.4438,0.8732,0.4588,0.0775,1.1992,1.0666,0.6703,0.5706,0.4145,0.3813,171.9931,171.5676,4.8863,2.8877
53.833,1615,upright,1.1558,1.6152,-0.0409,5.873,1.656,0.282,1.5421,1.4426,0.869,0.4587,0.0773,1.1976,1.0918,0.6731,0.5736,0.4103,0.3814,171.3394,171.1315,4.3017,2.8947
53.867,1616,upright,1.1493,1.6112,-0.0394,5.8335,1.6505,0.2829,1.539,1.4399,0.8587,0.4533,0.0774,1.1917,1.1096,0.6803,0.5813,0.4053,0.3759,170.3485,170.9773,3.9704,2.9011
53.9,1617,upright,1.1447,1.6066,-0.0369,5.7879,1.6435,0.284,1.5361,1.4379,0.8515,0.4477,0.0776,1.1854,1.1177,0.6847,0.5864,0.4038,0.3701,169.5003,170.7942,3.6739,2.9131
53.933,1618,upright,1.1426,1.6044,-0.0349,5.7621,1.6392,0.2845,1.5346,1.438,0.8473,0.444,0.0778,1.1794,1.1264,0.6873,0.5907,0.4033,0.3662,168.8601,170.476,3.44,2.9418
53.967,1619,upright,1.1404,1.6009,-0.0317,5.7212,1.6327,0.2854,1.5325,1.4364,0.8445,0.4382,0.078,1.1725,1.1313,0.688,0.5919,0.4063,0.3602,168.3585,170.1315,3.2736,2.9645
54.0,1620,upright,1.1409,1.5995,-0.0274,5.6921,1.6269,0.2858,1.5322,1.4377,0.8442,0.4323,0.0784,1.1668,1.136,0.688,0.5935,0.4119,0.3539,167.7623,169.8011,3.1576,2.9898
54.033,1621,upright,1.1429,1.6014,-0.0246,5.6871,1.626,0.2859,1.5344,1.4397,0.8462,0.431,0.0785,1.1656,1.1376,0.6882,0.5935,0.4152,0.3525,167.0871,169.2938,2.928,3.0371
54.067,1622,upright,1.1449,1.6027,-0.0239,5.6843,1.6266,0.2862,1.5363,1.44,0.8498,0.4336,0.0785,1.1646,1.1393,0.6866,0.5902,0.4162,0.3551,166.043,168.7358,2.8218,3.0657
54.1,1623,upright,1.1472,1.603,-0.0233,5.6731,1.6263,0.2867,1.538,1.4405,0.8539,0.4362,0.0784,1.1641,1.143,0.6841,0.5867,0.4177,0.3578,164.7367,168.1596,2.8337,3.0889
54.133,1624,upright,1.1488,1.6035,-0.0224,5.6637,1.6259,0.2871,1.5401,1.4417,0.8558,0.4353,0.0784,1.1651,1.1479,0.6843,0.586,0.4205,0.357,164.3336,167.9406,2.8379,3.101
54.167,1625,upright,1.149,1.6022,-0.0219,5.6433,1.6241,0.2878,1.5404,1.442,0.8561,0.4338,0.0783,1.1647,1.1508,0.6843,0.5859,0.4223,0.3555,164.2999,167.8102,2.8055,3.1035
54.2,1626,upright,1.1494,1.6012,-0.0223,5.6298,1.6235,0.2884,1.5408,1.4423,0.8564,0.433,0.0781,1.1644,1.1533,0.6844,0.5858,0.4235,0.3548,164.3024,167.8176,2.7828,3.1047
54.233,1627,upright,1.1485,1.5994,-0.0237,5.6127,1.6231,0.2892,1.54,1.4423,0.8547,0.4323,0.0778,1.164,1.1557,0.6852,0.5876,0.4224,0.3545,164.129,168.0346,2.7491,3.1046
54.267,1628,upright,1.148,1.599,-0.0252,5.6095,1.6243,0.2896,1.5405,1.4422,0.8538,0.4303,0.0775,1.1634,1.1573,0.6867,0.5884,0.4234,0.3528,164.5621,168.6347,2.7907,3.1052
54.3,1629,upright,1.1479,1.5976,-0.0277,5.6015,1.6253,0.2902,1.5398,1.441,0.8548,0.4306,0.0771,1.1624,1.1572,0.6849,0.5862,0.4243,0.3535,164.9466,169.1296,2.8943,3.1028
54.333,1630,upright,1.1487,1.598,-0.0295,5.6063,1.6275,0.2903,1.5402,1.4407,0.8566,0.4313,0.0767,1.1623,1.1566,0.6836,0.5842,0.4253,0.3546,165.3048,169.7137,2.9685,3.1025
54.367,1631,upright,1.1483,1.5987,-0.0323,5.6164,1.631,0.2904,1.5408,1.4404,0.8562,0.4309,0.0764,1.1616,1.1554,0.6846,0.5842,0.4252,0.3546,165.9693,170.3081,3.0752,3.0943
54.4,1632,upright,1.1457,1.5984,-0.033,5.6209,1.6314,0.2902,1.54,1.4385,0.8529,0.4305,0.0763,1.1584,1.151,0.6872,0.5856,0.4224,0.3542,167.8687,171.3284,3.1965,3.0648
54.433,1633,upright,1.1445,1.6001,-0.033,5.6386,1.6331,0.2896,1.5408,1.4384,0.8506,0.4309,0.0762,1.1573,1.1458,0.6902,0.5878,0.4198,0.3546,169.367,172.1571,3.3879,3.0303
54.467,1634,upright,1.1448,1.6024,-0.0328,5.6616,1.6352,0.2888,1.5425,1.4382,0.8514,0.4334,0.0762,1.1567,1.1314,0.6912,0.5868,0.418,0.3572,170.3973,172.6913,3.6043,2.9907
54.5,1635,upright,1.1455,1.6057,-0.0323,5.6949,1.6381,0.2876,1.5456,1.4386,0.8525,0.4372,0.0762,1.1566,1.108,0.6931,0.5861,0.4153,0.361,171.1846,173.0843,3.8124,2.9543
54.533,1636,upright,1.1476,1.6093,-0.0313,5.7294,1.6406,0.2864,1.5493,1.4393,0.8559,0.4418,0.0763,1.1581,1.0699,0.6934,0.5834,0.4141,0.3655,171.8688,173.2499,4.0267,2.9212
54.567,1637,upright,1.1501,1.6133,-0.0311,5.771,1.6445,0.285,1.5541,1.4402,0.8601,0.4447,0.0763,1.1595,1.0222,0.694,0.5802,0.4154,0.3684,172.1004,173.2822,4.1045,2.901
54.6,1638,upright,1.1549,1.6182,-0.0286,5.8186,1.6468,0.283,1.5648,1.4416,0.8682,0.448,0.0766,1.1608,0.9806,0.6966,0.5733,0.4202,0.3714,171.9705,172.8265,4.2995,2.8847
54.633,1639,upright,1.1566,1.6238,-0.0273,5.8724,1.6511,0.2812,1.5703,1.4432,0.8701,0.4471,0.0767,1.1623,0.947,0.7002,0.5731,0.423,0.3704,172.0712,172.719,4.5457,2.8873
54.667,1640,upright,1.1565,1.6284,-0.0264,5.9178,1.6549,0.2796,1.5759,1.4443,0.8687,0.4464,0.0768,1.1631,0.9195,0.7072,0.5756,0.4223,0.3696,172.2568,172.74,4.907,2.8931
54.7,1641,upright,1.1561,1.6328,-0.026,5.9599,1.6587,0.2783,1.5814,1.4451,0.8671,0.4472,0.0768,1.1639,0.8996,0.7143,0.5781,0.4199,0.3704,172.6288,172.8412,5.3637,2.9029
54.733,1642,upright,1.1558,1.6368,-0.0256,5.9974,1.6624,0.2772,1.5864,1.4464,0.8652,0.4461,0.0768,1.1648,0.8889,0.7212,0.5811,0.4191,0.3693,172.8999,172.9034,5.6925,2.9166
54.767,1643,upright,1.1548,1.6406,-0.0252,6.0352,1.6659,0.276,1.5916,1.4473,0.8623,0.4444,0.0769,1.167,0.8896,0.7293,0.585,0.4179,0.3676,173.197,172.9879,5.9255,2.927
54.8,1644,upright,1.1566,1.6418,-0.0231,6.0443,1.665,0.2755,1.596,1.4483,0.8648,0.448,0.077,1.1693,0.8961,0.7311,0.5834,0.4168,0.371,173.7959,173.2846,6.2579,2.9314
54.833,1645,upright,1.1574,1.6436,-0.0227,6.0619,1.6662,0.2749,1.6002,1.4497,0.8651,0.448,0.077,1.1737,0.903,0.735,0.5846,0.4172,0.3709,173.9492,173.3385,6.5233,2.9232
54.867,1646,upright,1.1575,1.6443,-0.0216,6.0732,1.6659,0.2743,1.6025,1.4499,0.8651,0.4483,0.0771,1.1773,0.906,0.7374,0.5848,0.4169,0.3711,174.3849,173.6887,7.0006,2.904
54.9,1647,upright,1.1581,1.6456,-0.0214,6.0928,1.667,0.2736,1.6048,1.4502,0.8659,0.4483,0.0771,1.181,0.9087,0.7389,0.5843,0.4176,0.3712,174.6107,173.896,7.3847,2.886
54.933,1648,upright,1.1588,1.6464,-0.0218,6.1054,1.6681,0.2732,1.6072,1.451,0.8665,0.4481,0.0771,1.1845,0.911,0.7406,0.5845,0.4184,0.371,174.5923,173.9451,7.8682,2.8681
54.967,1649,upright,1.1592,1.648,-0.0219,6.1283,1.6699,0.2725,1.6092,1.4519,0.8665,0.4479,0.0771,1.1861,0.9109,0.7427,0.5855,0.4185,0.3709,174.5489,173.9864,8.1575,2.8528
55.0,1650,upright,1.1602,1.6496,-0.0222,6.1477,1.6718,0.2719,1.6114,1.4537,0.8666,0.4481,0.077,1.1875,0.9108,0.7448,0.5871,0.4185,0.3711,174.5743,174.0118,8.4555,2.8465
55.033,1651,,1.1623,1.6506,-0.0227,6.16,1.6733,0.2716,1.613,1.4555,0.8691,0.45,0.077,1.1884,0.91,0.7439,0.5864,0.419,0.3731,174.7573,174.0855,8.72,2.8512
55.067,1652,,1.1638,1.6515,-0.0245,6.1751,1.676,0.2714,1.6138,1.4567,0.8708,0.4499,0.0768,1.1879,0.9082,0.743,0.5859,0.4209,0.3731,174.8799,174.026,8.8455,2.8399
55.1,1653,,1.1653,1.652,-0.0258,6.1875,1.6777,0.2711,1.6141,1.4566,0.874,0.4521,0.0767,1.1856,0.9048,0.74,0.5826,0.422,0.3753,174.9586,173.8732,9.0917,2.8141
55.133,1654,,1.1655,1.6524,-0.0277,6.1997,1.6802,0.271,1.6141,1.4561,0.8749,0.4526,0.0766,1.1832,0.9006,0.7392,0.5812,0.4223,0.3761,174.8561,173.724,9.4842,2.7907
55.167,1655,,1.1657,1.6534,-0.0314,6.2176,1.6848,0.271,1.614,1.4562,0.8752,0.4538,0.0763,1.1815,0.8952,0.7388,0.581,0.4213,0.3776,174.6639,173.8303,10.0802,2.777
55.2,1656,,1.1622,1.6512,-0.0338,6.2178,1.685,0.271,1.6114,1.4527,0.8716,0.4515,0.0761,1.1749,0.8853,0.7398,0.5811,0.4202,0.3754,174.2668,173.7959,10.647,2.751
55.233,1657,,1.1595,1.6488,-0.0288,6.206,1.6776,0.2703,1.6086,1.4495,0.8695,0.4519,0.0765,1.1684,0.8767,0.7391,0.58,0.4176,0.3754,174.1144,173.6839,11.0537,2.7085
55.267,1658,,1.1586,1.646,-0.0173,6.185,1.6633,0.2689,1.6058,1.4456,0.8715,0.4547,0.0774,1.1631,0.8705,0.7343,0.5741,0.4168,0.3773,174.1622,173.2743,11.2266,2.6575
55.3,1659,,1.1589,1.6432,-0.0061,6.164,1.6493,0.2676,1.6031,1.4427,0.8752,0.4578,0.0783,1.1577,0.8644,0.728,0.5675,0.4174,0.3795,174.0117,172.8841,11.3478,2.6014
55.333,1660,,1.1599,1.6416,0.004,6.1512,1.6376,0.2662,1.6013,1.4412,0.8786,0.4599,0.079,1.1547,0.8607,0.7227,0.5626,0.4187,0.3809,174.0224,172.5822,11.3495,2.5464
55.367,1661,,1.1595,1.6399,0.0104,6.1432,1.6295,0.2652,1.5985,1.4401,0.8789,0.4607,0.0795,1.152,0.8575,0.7196,0.5612,0.4182,0.3812,173.8464,172.4814,11.2794,2.4945
55.4,1662,,1.1598,1.6376,0.0139,6.1289,1.6237,0.2649,1.5954,1.4394,0.8802,0.4611,0.0798,1.1502,0.8556,0.7152,0.5592,0.4191,0.3813,173.6338,172.3601,11.1337,2.4494
55.433,1663,,1.1615,1.6358,0.0161,6.1123,1.6197,0.265,1.5927,1.4398,0.8831,0.464,0.08,1.1503,0.8567,0.7096,0.5567,0.4191,0.384,173.8039,172.3637,10.9659,2.415
55.467,1664,,1.1652,1.6342,0.018,6.0931,1.6162,0.2652,1.5903,1.4416,0.8887,0.4672,0.0802,1.1524,0.8598,0.7016,0.553,0.4215,0.387,174.0491,172.3396,10.7187,2.3927
55.5,1665,,1.1665,1.6323,0.0199,6.0733,1.6124,0.2655,1.5863,1.4424,0.8907,0.4671,0.0804,1.1533,0.8615,0.6956,0.5517,0.4236,0.3867,174.1468,172.3885,10.4769,2.3771
55.533,1666,,1.1682,1.6305,0.0211,6.0532,1.6094,0.2659,1.5821,1.4436,0.8927,0.4684,0.0805,1.1549,0.8632,0.6894,0.5509,0.4243,0.3879,174.2692,172.4661,10.2433,2.3692
55.567,1667,,1.1667,1.6283,0.0213,6.0352,1.607,0.2663,1.5772,1.4431,0.8902,0.4681,0.0804,1.1552,0.8639,0.687,0.5529,0.4221,0.3876,173.9765,172.636,10.1324,2.3671
55.6,1668,,1.1676,1.6264,0.021,6.0145,1.6054,0.2669,1.5735,1.4436,0.8915,0.4692,0.0804,1.1562,0.865,0.682,0.5521,0.4223,0.3888,173.6367,172.6995,10.0478,2.3686
55.633,1669,,1.1665,1.6252,0.0207,6.0007,1.6045,0.2674,1.571,1.4436,0.8895,0.4688,0.0804,1.1569,0.866,0.6815,0.5542,0.4207,0.3884,173.3237,172.8415,9.9859,2.3726
55.667,1670,,1.1661,1.6239,0.0204,5.9869,1.6034,0.2678,1.5687,1.4435,0.8886,0.4685,0.0804,1.1573,0.8659,0.6801,0.5549,0.4202,0.3881,173.1552,172.899,9.9948,2.3791
55.7,1671,,1.1653,1.6229,0.0202,5.9771,1.6027,0.2681,1.5617,1.4431,0.8874,0.4682,0.0803,1.1577,0.8668,0.6742,0.5557,0.4192,0.3879,172.98,172.9506,9.9816,2.3864
55.733,1672,,1.1647,1.6223,0.02,5.9721,1.6023,0.2683,1.5605,1.4428,0.8867,0.468,0.0803,1.1571,0.8668,0.6738,0.5561,0.4186,0.3877,172.8124,172.9735,9.9113,2.3958
55.767,1673,,1.164,1.6232,0.0196,5.9807,1.6035,0.2681,1.5646,1.4427,0.8852,0.4673,0.0803,1.1567,0.8675,0.6793,0.5575,0.4179,0.3871,172.7799,173.0608,9.8584,2.4072
55.8,1674,,1.1642,1.6239,0.0195,5.9882,1.6044,0.2679,1.5643,1.4428,0.8857,0.4682,0.0802,1.1565,0.868,0.6786,0.557,0.4176,0.3879,172.6769,173.0846,9.8508,2.4168
55.833,1675,,1.1644,1.6242,0.0192,5.993,1.605,0.2678,1.5595,1.4424,0.8863,0.4692,0.0802,1.156,0.8687,0.6732,0.5562,0.4171,0.389,172.6113,173.0908,9.8756,2.4238
55.867,1676,,1.164,1.6252,0.0196,6.0049,1.6056,0.2674,1.5642,1.4422,0.8859,0.4685,0.0802,1.1559,0.8701,0.6783,0.5564,0.4173,0.3883,172.3606,173.1058,9.9839,2.4295
55.9,1677,,1.1631,1.6256,0.0199,6.0123,1.6057,0.2671,1.5607,1.4413,0.8849,0.4673,0.0802,1.1548,0.8708,0.6758,0.5564,0.4176,0.3871,171.969,173.1513,10.1375,2.4338
55.933,1678,,1.1626,1.6265,0.0202,6.0237,1.6063,0.2667,1.5618,1.4408,0.8844,0.4668,0.0802,1.1548,0.8721,0.6774,0.5563,0.4176,0.3866,171.6883,173.2239,10.3471,2.4381
55.967,1679,,1.1619,1.6274,0.0208,6.035,1.6066,0.2662,1.563,1.4401,0.8837,0.4661,0.0803,1.1549,0.873,0.6792,0.5563,0.4176,0.3858,171.3817,173.2846,10.5913,2.4414
56.0,1680,,1.1639,1.6289,0.0218,6.0481,1.6071,0.2657,1.5655,1.4405,0.8873,0.4678,0.0804,1.1566,0.8758,0.6782,0.5531,0.4195,0.3875,171.2696,173.2112,10.6831,2.4467
56.033,1681,,1.164,1.6307,0.021,6.067,1.6097,0.2653,1.5698,1.4405,0.8875,0.4682,0.0803,1.1582,0.8771,0.6824,0.5531,0.4193,0.3879,170.8119,173.3067,10.9766,2.4481
56.067,1682,,1.1628,1.6329,0.0208,6.092,1.6121,0.2646,1.5713,1.4399,0.8857,0.4681,0.0803,1.1591,0.8778,0.6856,0.5541,0.4176,0.3878,170.4942,173.3816,11.2598,2.4428
56.1,1683,,1.1622,1.6348,0.0188,6.115,1.616,0.2643,1.5732,1.4397,0.8847,0.4674,0.0802,1.1601,0.8788,0.6885,0.555,0.4173,0.3872,170.2481,173.4935,11.546,2.4399
56.133,1684,,1.1613,1.6371,0.0182,6.1391,1.619,0.2637,1.5758,1.4397,0.883,0.4672,0.0802,1.1618,0.881,0.6927,0.5566,0.4158,0.387,170.1235,173.5683,11.845,2.438
56.167,1685,,1.1614,1.6394,0.0167,6.159,1.6227,0.2635,1.5783,1.4402,0.8825,0.4673,0.0802,1.1643,0.884,0.6958,0.5576,0.4152,0.3872,170.151,173.6399,12.0891,2.4337
56.2,1686,,1.1622,1.6423,0.0122,6.1898,1.6301,0.2634,1.5811,1.4411,0.8834,0.4683,0.08,1.1669,0.8872,0.6977,0.5577,0.415,0.3884,170.1256,173.6238,12.2663,2.4337
56.233,1687,,1.1628,1.6451,0.008,6.2145,1.6371,0.2634,1.5848,1.4434,0.8822,0.4684,0.0799,1.1722,0.8939,0.7025,0.5612,0.4138,0.3885,170.8748,173.6736,12.2512,2.4671
56.267,1688,,1.164,1.6474,0.0044,6.2317,1.6429,0.2636,1.5886,1.446,0.882,0.4698,0.0798,1.1766,0.9005,0.7066,0.564,0.4122,0.39,171.5237,173.7215,12.2595,2.4772
56.3,1689,,1.166,1.6503,-0.0005,6.2577,1.6508,0.2638,1.5922,1.4485,0.8834,0.4716,0.0796,1.1809,0.9076,0.7087,0.565,0.4119,0.392,172.2921,173.7763,12.1799,2.4924
56.333,1690,,1.1672,1.6532,-0.0041,6.2839,1.6573,0.2637,1.5955,1.4503,0.884,0.4711,0.0794,1.1848,0.915,0.7115,0.5663,0.4129,0.3916,173.2243,173.9508,12.0575,2.5
56.367,1691,,1.1671,1.6552,-0.0055,6.3009,1.6607,0.2636,1.5982,1.4517,0.8824,0.4684,0.0794,1.1879,0.9207,0.7158,0.5694,0.414,0.389,173.7804,174.048,11.8953,2.5062
56.4,1692,,1.1672,1.6568,-0.0053,6.3178,1.6621,0.2631,1.5999,1.4523,0.8821,0.4675,0.0794,1.1889,0.9225,0.7178,0.5702,0.4146,0.3881,174.0363,174.1548,11.5867,2.5333
56.433,1693,,1.1657,1.6572,-0.0027,6.3174,1.6599,0.2628,1.6016,1.4522,0.8792,0.4671,0.0796,1.1899,0.9225,0.7224,0.573,0.412,0.3876,174.2642,174.2375,11.2582,2.5379
56.467,1694,,1.1657,1.6575,-0.0014,6.3143,1.6589,0.2627,1.6029,1.4528,0.8786,0.4674,0.0797,1.1908,0.9223,0.7243,0.5742,0.4112,0.3877,174.3294,174.2269,10.8538,2.5453
56.5,1695,,1.1651,1.6581,-0.0004,6.3179,1.6584,0.2625,1.6053,1.4526,0.8776,0.4684,0.0797,1.1907,0.9204,0.7277,0.575,0.4092,0.3887,173.9221,174.2052,10.4696,2.5596
56.533,1696,,1.1657,1.6589,-0.0013,6.3192,1.6601,0.2627,1.6084,1.4533,0.8782,0.4693,0.0797,1.1903,0.9194,0.7302,0.5751,0.4089,0.3896,173.2398,174.0679,10.2251,2.5845
56.567,1697,,1.165,1.659,-0.0049,6.3192,1.6639,0.2633,1.6106,1.4533,0.8767,0.4673,0.0795,1.1891,0.917,0.7339,0.5766,0.4094,0.3878,172.8196,173.8703,9.8687,2.611
56.6,1698,,1.1627,1.6602,-0.0066,6.3253,1.6668,0.2635,1.6136,1.4527,0.8727,0.4645,0.0794,1.1869,0.9132,0.7409,0.58,0.4082,0.3851,172.8639,173.6191,9.2543,2.6367
56.633,1699,,1.1605,1.6608,-0.0074,6.3214,1.6682,0.2639,1.6161,1.4527,0.8683,0.4605,0.0794,1.1844,0.9079,0.7479,0.5845,0.4078,0.3811,173.4285,173.2451,8.6976,2.6642
56.667,1700,,1.1576,1.6604,-0.0085,6.3097,1.6689,0.2645,1.6177,1.4512,0.864,0.4541,0.0794,1.1807,0.8992,0.7536,0.5872,0.4099,0.3747,173.6924,172.6847,8.1886,2.6913
56.7,1701,,1.156,1.6589,-0.0097,6.2917,1.6685,0.2652,1.6173,1.4489,0.8631,0.4513,0.0794,1.1743,0.8892,0.7542,0.5859,0.4117,0.372,173.4241,172.0856,7.8217,2.7061
56.733,1702,,1.1556,1.6565,-0.0092,6.2648,1.6658,0.2659,1.6164,1.4459,0.8653,0.4511,0.0794,1.168,0.8768,0.7511,0.5806,0.4142,0.3717,172.918,171.3471,7.6769,2.7116
56.767,1703,,1.155,1.6554,-0.0079,6.2468,1.6633,0.2663,1.6165,1.4433,0.8667,0.4506,0.0796,1.162,0.8674,0.7498,0.5766,0.4161,0.3711,172.2341,170.7446,7.4464,2.6835
56.8,1704,,1.1542,1.6532,-0.0078,6.2231,1.6611,0.2669,1.6159,1.4409,0.8675,0.4494,0.0797,1.1586,0.8623,0.7485,0.5734,0.418,0.3698,172.1064,170.0994,7.027,2.602
56.833,1705,,1.1545,1.6522,-0.0066,6.2053,1.6588,0.2673,1.6158,1.44,0.869,0.4508,0.0798,1.1566,0.8598,0.7468,0.571,0.4181,0.3711,172.2059,169.9849,6.6657,2.5445
56.867,1706,,1.1553,1.6508,-0.0063,6.1861,1.6572,0.2679,1.6166,1.4388,0.8717,0.4528,0.0798,1.1548,0.8586,0.7449,0.5671,0.4189,0.373,172.2733,170.2417,6.5538,2.4923
56.9,1707,,1.1551,1.6493,-0.0059,6.1624,1.6552,0.2686,1.6165,1.438,0.8722,0.4523,0.0799,1.1527,0.8576,0.7442,0.5657,0.4199,0.3724,172.3509,170.4474,6.5328,2.4484
56.933,1708,,1.155,1.6476,-0.0058,6.1362,1.6534,0.2694,1.6163,1.4379,0.8721,0.4513,0.0799,1.1518,0.8586,0.7442,0.5657,0.4209,0.3713,172.2313,170.6892,6.5288,2.4224
56.967,1709,,1.1552,1.6454,-0.0048,6.1062,1.6502,0.2702,1.6156,1.4375,0.8729,0.4513,0.08,1.1504,0.8588,0.7427,0.5646,0.4216,0.3713,171.9782,170.7617,6.5932,2.3804
57.0,1710,,1.1535,1.6426,-0.0041,6.0707,1.6467,0.2712,1.6123,1.4357,0.8712,0.4509,0.0801,1.149,0.8589,0.7411,0.5645,0.4204,0.3708,171.4239,170.6225,6.6272,2.3543
57.033,1711,,1.1513,1.6402,-0.0038,6.0417,1.644,0.2721,1.6101,1.4334,0.8693,0.4487,0.0801,1.1453,0.8565,0.7409,0.5641,0.4206,0.3685,170.6934,170.4343,6.6156,2.3419
57.067,1712,,1.1504,1.6376,-0.0038,6.0117,1.6414,0.273,1.6068,1.4298,0.871,0.4481,0.0802,1.1413,0.8538,0.7359,0.5589,0.4229,0.3679,169.57,170.2487,6.646,2.337
57.1,1713,,1.148,1.6332,-0.0037,5.9653,1.637,0.2744,1.6043,1.4259,0.87,0.4454,0.0802,1.1369,0.8489,0.7343,0.556,0.4246,0.3651,168.4449,169.9075,6.739,2.3345
57.133,1714,,1.1454,1.63,-0.0035,5.9312,1.6335,0.2754,1.6,1.423,0.8679,0.4432,0.0803,1.133,0.8431,0.7322,0.5551,0.4246,0.3629,167.1995,169.9397,6.8887,2.3318
57.167,1715,,1.1424,1.627,-0.004,5.8959,1.6311,0.2766,1.5958,1.4204,0.8644,0.4394,0.0803,1.1293,0.839,0.7314,0.556,0.4249,0.3591,166.2041,169.8751,7.0435,2.3433
57.2,1716,,1.1381,1.6214,-0.0044,5.8376,1.6258,0.2785,1.5872,1.4156,0.8607,0.4358,0.0803,1.1239,0.8316,0.7265,0.5549,0.4249,0.3555,165.5802,169.7248,7.1791,2.3727
57.233,1717,,1.1316,1.6158,-0.0046,5.7767,1.6204,0.2805,1.58,1.411,0.8521,0.4298,0.0803,1.1184,0.8231,0.7279,0.5589,0.4223,0.3496,164.5239,169.6418,7.4605,2.4366
57.267,1718,,1.1237,1.6103,-0.0054,5.7202,1.6157,0.2825,1.5721,1.4049,0.8424,0.4267,0.0803,1.1109,0.814,0.7297,0.5624,0.4157,0.3465,163.6216,169.4142,7.6696,2.5167
57.3,1719,,1.1158,1.6029,-0.0044,5.646,1.6073,0.2847,1.5645,1.3971,0.8346,0.4197,0.0804,1.1049,0.8081,0.7299,0.5625,0.4148,0.3394,162.8172,168.6963,7.8445,2.5947
57.333,1720,,1.1084,1.5934,-0.0034,5.5522,1.5968,0.2876,1.5547,1.3893,0.8274,0.4119,0.0805,1.0991,0.8024,0.7273,0.5619,0.4155,0.3315,162.2566,167.9715,7.9442,2.5982
57.367,1721,,1.0992,1.5861,-0.0027,5.4791,1.5888,0.29,1.5456,1.3816,0.8168,0.4041,0.0805,1.0931,0.7982,0.7288,0.5648,0.4127,0.3236,161.8337,167.2155,8.0398,2.5469
57.4,1722,,1.093,1.579,-0.0031,5.4135,1.5821,0.2922,1.5345,1.3739,0.812,0.4004,0.0805,1.0858,0.7914,0.7225,0.5619,0.4116,0.3199,161.2003,166.3895,8.1692,2.4835
57.433,1723,,1.0829,1.5687,-0.0037,5.3219,1.5724,0.2955,1.522,1.3652,0.8006,0.3944,0.0805,1.0794,0.7863,0.7214,0.5646,0.4062,0.3139,160.4941,165.6939,8.3483,2.42
57.467,1724,,1.0748,1.5568,-0.0032,5.2139,1.56,0.2992,1.5097,1.3579,0.7917,0.3894,0.0805,1.073,0.7802,0.718,0.5663,0.4023,0.3089,159.8868,165.1707,8.5144,2.3634
57.5,1725,,1.0677,1.5446,-0.0023,5.1058,1.5469,0.303,1.4968,1.35,0.7854,0.3856,0.0806,1.0649,0.7726,0.7114,0.5646,0.3998,0.3051,159.0749,164.5955,8.8172,2.3106
57.533,1726,,1.0613,1.5338,-0.0006,5.0072,1.5344,0.3064,1.4846,1.3426,0.78,0.3823,0.0806,1.0568,0.7646,0.7046,0.5625,0.3977,0.3017,158.3316,164.1518,9.0967,2.2649
57.567,1727,,1.0553,1.526,0.0013,4.9362,1.5247,0.3089,1.4728,1.3341,0.7765,0.3799,0.0807,1.0462,0.755,0.6962,0.5575,0.3966,0.2992,157.807,163.5399,9.3018,2.2344
57.6,1728,,1.052,1.5175,0.0016,4.856,1.5159,0.3122,1.462,1.3287,0.7754,0.3821,0.0807,1.0392,0.7474,0.6866,0.5533,0.3933,0.3014,157.4801,163.184,9.7747,2.21
57.633,1729,,1.0493,1.5069,0.0025,4.7619,1.5044,0.3159,1.4505,1.3223,0.7763,0.3828,0.0807,1.0303,0.7377,0.6743,0.546,0.3935,0.3021,156.8088,162.7663,10.2651,2.1843
57.667,1730,,1.0433,1.4959,0.0036,4.6686,1.4923,0.3196,1.4396,1.3121,0.7746,0.3838,0.0807,1.0229,0.7253,0.665,0.5376,0.3908,0.303,156.0403,162.309,10.7644,2.1576
57.7,1731,,1.0384,1.4821,0.0038,4.5603,1.4783,0.3242,1.4248,1.3012,0.7756,0.3845,0.0808,1.0131,0.7115,0.6492,0.5257,0.391,0.3038,154.6336,161.8144,11.3897,2.1298
57.733,1732,,1.0326,1.4675,0.0033,4.4519,1.4642,0.3289,1.4092,1.2901,0.7752,0.3834,0.0807,1.0005,0.6968,0.6341,0.515,0.3918,0.3027,153.4812,161.4172,12.198,2.1018
57.767,1733,,1.0252,1.45,0.0028,4.3266,1.4472,0.3345,1.3905,1.2774,0.7729,0.3823,0.0806,0.9867,0.6842,0.6176,0.5045,0.3906,0.3017,152.3646,161.2115,13.0805,2.0711
57.8,1734,,1.0145,1.435,0.0027,4.2209,1.4324,0.3394,1.3716,1.2625,0.7665,0.3785,0.0805,0.9752,0.6727,0.6051,0.496,0.388,0.298,151.2227,160.974,14.084,2.0362
57.833,1735,,1.0042,1.4164,0.0036,4.0913,1.4128,0.3453,1.3554,1.2474,0.761,0.3765,0.0805,0.9637,0.6626,0.5944,0.4864,0.3845,0.296,149.918,160.8017,15.5826,1.9965
57.867,1736,,0.9975,1.3999,0.0036,3.9815,1.3962,0.3507,1.3429,1.2353,0.7597,0.3746,0.0805,0.9577,0.6566,0.5831,0.4756,0.3851,0.2941,148.8621,160.7078,17.0334,1.9635
57.9,1737,,0.9895,1.3868,0.0041,3.896,1.3827,0.3549,1.3279,1.2241,0.7548,0.3708,0.0804,0.9491,0.653,0.573,0.4693,0.384,0.2904,147.6697,160.5297,18.3197,1.8571
57.933,1738,,0.98,1.3691,0.0048,3.7847,1.3642,0.3605,1.3091,1.2092,0.7508,0.3691,0.0803,0.9427,0.6525,0.5582,0.4584,0.3818,0.2887,146.4547,159.9694,19.8479,1.7068
57.967,1739,,0.9683,1.3524,0.0048,3.6844,1.3476,0.3658,1.2914,1.1914,0.7452,0.3679,0.0803,0.9379,0.6573,0.5462,0.4462,0.3773,0.2876,145.1313,159.1731,21.3788,1.5854
58.0,1740,,0.9539,1.2796,0.0049,3.2861,1.2748,0.3879,1.2528,1.1711,0.7367,0.3653,0.0802,0.9311,0.6619,0.516,0.4344,0.3714,0.2851,143.9848,158.1442,22.8762,1.4013
58.033,1741,,0.9421,1.3068,0.0044,3.4303,1.3024,0.3797,1.2408,1.1543,0.7299,0.3628,0.0802,0.9263,0.667,0.5109,0.4244,0.3671,0.2826,143.1048,157.2418,24.2121,1.3907
58.067,1742,,0.9309,1.2322,0.0036,3.053,1.2286,0.4024,1.2019,1.1367,0.725,0.3626,0.0801,0.9187,0.6675,0.4769,0.4117,0.3624,0.2825,141.9992,154.7686,25.886,1.2543
58.1,1743,,0.92,1.2109,0.0024,2.9549,1.2085,0.409,1.178,1.1165,0.7235,0.3617,0.08,0.9101,0.666,0.4545,0.3929,0.3619,0.2816,140.9373,152.1419,27.6154,1.2089
58.133,1744,,0.9117,1.2549,0.0013,3.1661,1.2536,0.396,1.1753,1.1007,0.7228,0.3611,0.08,0.9023,0.6622,0.4525,0.3779,0.3617,0.2811,139.9191,150.015,29.0422,1.2409
58.167,1745,,0.9047,1.1721,0.0009,2.7829,1.1711,0.4208,1.1362,1.086,0.7234,0.3601,0.08,0.8952,0.6567,0.4128,0.3626,0.3633,0.2801,138.809,147.8118,30.5127,1.1413
58.2,1746,,0.8959,1.2182,-0.0015,2.9942,1.2197,0.4074,1.1378,1.0714,0.7203,0.3565,0.0799,0.883,0.6476,0.4175,0.3511,0.3638,0.2766,136.9709,145.0707,31.9581,1.1672
58.233,1747,,0.8866,1.1974,-0.0048,2.9057,1.2021,0.4137,1.1137,1.0568,0.7163,0.3509,0.0798,0.8711,0.6364,0.3974,0.3405,0.3654,0.2712,135.497,142.7279,33.4632,1.1342
58.267,1748,,0.8748,1.175,-0.0082,2.8139,1.1832,0.4205,1.0903,1.0383,0.7113,0.3443,0.0796,0.8546,0.623,0.379,0.327,0.367,0.2647,133.8915,139.8203,35.4438,1.1041
58.3,1749,,0.8633,1.1472,-0.0106,2.7008,1.1578,0.4287,1.0571,1.0216,0.705,0.3372,0.0795,0.8397,0.6108,0.3521,0.3166,0.3678,0.2577,132.5457,137.1849,37.3754,1.0699
58.333,1750,,0.8495,1.12,-0.0118,2.5933,1.1319,0.4365,1.0257,1.0024,0.6967,0.3292,0.0795,0.8245,0.5969,0.329,0.3056,0.3676,0.2497,131.3872,134.747,39.3586,1.0355
58.367,1751,,0.8367,1.0875,-0.015,2.4712,1.1024,0.4461,0.9931,0.9843,0.689,0.3182,0.0793,0.8081,0.5748,0.3041,0.2953,0.3708,0.2389,130.5322,133.0033,41.1449,1.0151
58.4,1752,,0.8171,1.0602,-0.0186,2.3566,1.0788,0.4578,0.9361,0.9566,0.6777,0.3042,0.079,0.7848,0.5503,0.2585,0.2789,0.3735,0.2251,129.2793,130.1396,43.8212,0.9902
58.433,1753,,0.8007,1.0386,-0.0196,2.278,1.0581,0.4645,0.9328,0.9345,0.6669,0.2971,0.079,0.7726,0.5254,0.266,0.2676,0.3697,0.2181,129.6855,128.6115,45.8037,0.9677
58.467,1754,,0.7854,1.0192,-0.0198,2.2057,1.0389,0.471,0.9033,0.913,0.6578,0.2894,0.079,0.7538,0.5018,0.2455,0.2552,0.3684,0.2104,129.9251,126.5438,48.1683,0.9434
58.5,1755,,0.7633,0.989,-0.0192,2.1002,1.0082,0.4801,0.8756,0.8788,0.6479,0.281,0.0791,0.7322,0.4796,0.2277,0.2309,0.3669,0.2018,130.0986,123.0087,52.1841,0.9033
58.533,1756,,0.7464,0.9635,-0.0199,2.0165,0.9834,0.4877,0.8416,0.8533,0.6395,0.2713,0.0792,0.7102,0.4597,0.2021,0.2138,0.3682,0.1921,130.1286,120.9768,55.1846,0.8646
58.567,1757,,0.7278,0.9366,-0.0206,1.9669,0.9572,0.4867,0.8118,0.8278,0.6277,0.2588,0.0792,0.6911,0.4421,0.184,0.2001,0.3689,0.1796,127.646,119.1029,58.1003,0.8497
58.6,1758,,0.7094,0.9121,-0.0235,1.9906,0.9355,0.47,0.7531,0.7988,0.62,0.247,0.0791,0.6699,0.4279,0.1331,0.1789,0.373,0.1679,124.5558,115.5631,62.6111,0.8523
58.633,1759,,0.6813,0.8968,-0.0296,1.9991,0.9265,0.4634,0.7171,0.761,0.6016,0.2355,0.0785,0.6458,0.4208,0.1155,0.1594,0.3661,0.157,119.7771,112.2637,66.9184,0.8518
58.667,1760,,0.6574,0.8913,-0.0351,2.0213,0.9264,0.4583,0.6847,0.7294,0.5855,0.226,0.0781,0.6264,0.412,0.0993,0.1439,0.3594,0.1479,115.2422,109.734,70.4956,0.8604
58.7,1761,,0.6411,0.8886,-0.037,2.0463,0.9256,0.4523,0.6458,0.7117,0.5706,0.216,0.078,0.6143,0.4072,0.0753,0.1411,0.3546,0.1381,110.804,110.5092,71.7998,0.874
58.733,1762,,0.6242,0.8887,-0.0336,2.068,0.9223,0.446,0.6045,0.6898,0.5587,0.2036,0.0784,0.5932,0.4084,0.0458,0.1311,0.3551,0.1252,106.862,110.272,74.6498,0.903
58.767,1763,,0.5957,0.8808,-0.0383,2.1265,0.9191,0.4322,0.5595,0.6481,0.5432,0.1845,0.0785,0.5632,0.4003,0.0163,0.1049,0.3588,0.1059,101.8781,106.8767,80.2919,0.9406
58.8,1764,,0.569,0.8667,-0.0939,2.2296,0.9606,0.4309,0.5178,0.6112,0.5268,0.1509,0.0797,0.5337,0.3847,-0.009,0.0844,0.3759,0.0712,97.4057,105.1919,84.4694,0.9947
58.833,1765,,0.5589,0.8985,-0.114,2.3104,1.0125,0.4382,0.4823,0.5959,0.5219,0.1427,0.0825,0.5251,0.3923,-0.0396,0.074,0.3793,0.0602,95.1553,105.8976,86.6964,1.0934
58.867,1766,,0.5573,0.9387,-0.1022,2.3707,1.0408,0.439,0.4877,0.5899,0.5248,0.1452,0.085,0.5314,0.4183,-0.0371,0.0651,0.3796,0.0602,96.1157,109.0635,88.4935,1.1939
58.9,1767,,0.5518,0.961,-0.0873,2.3813,1.0484,0.4403,0.4871,0.5892,0.5144,0.1425,0.0853,0.5433,0.4368,-0.0273,0.0748,0.3719,0.0573,88.6566,118.5376,87.3575,1.2704
58.933,1768,,0.5497,0.9865,-0.0547,2.3706,1.0412,0.4392,0.4827,0.6023,0.4972,0.1586,0.0849,0.5695,0.4659,-0.0146,0.1051,0.3387,0.0737,73.4342,132.0835,83.3079,1.2754
58.967,1769,,0.5429,1.0031,-0.0343,2.362,1.0373,0.4392,0.5062,0.6088,0.477,0.1765,0.0841,0.5855,0.4844,0.0292,0.1318,0.3004,0.0925,81.6619,143.9398,80.4448,1.2719
59.0,1770,on_ground,0.5383,1.0262,-0.0173,2.3819,1.0435,0.4381,0.5483,0.6302,0.4464,0.2017,0.0823,0.6056,0.5081,0.1019,0.1838,0.2446,0.1194,79.0534,158.7357,74.7036,1.2709
59.033,1771,on_ground,0.5364,1.0466,-0.0132,2.3922,1.0597,0.443,0.5904,0.654,0.4189,0.2265,0.0798,0.6233,0.5299,0.1715,0.2351,0.1924,0.1467,101.6104,156.827,69.7847,1.2654
59.067,1772,on_ground,0.5347,1.0629,-0.0355,2.3657,1.0984,0.4643,0.6274,0.6686,0.4008,0.2573,0.0767,0.6351,0.5463,0.2266,0.2679,0.1435,0.1806,129.7245,156.6746,66.561,1.2586
59.1,1773,on_ground,0.5173,1.0628,-0.0432,2.3464,1.106,0.4713,0.6679,0.67,0.3646,0.2625,0.0754,0.6252,0.5441,0.3033,0.3053,0.1022,0.187,117.9031,156.3361,62.1365,1.2584
59.133,1774,on_ground,0.4853,1.0529,-0.0301,2.3361,1.083,0.4636,0.6828,0.651,0.3196,0.3061,0.0756,0.6049,0.5258,0.3632,0.3314,0.0136,0.2305,98.2641,143.4385,59.8696,1.3037
59.167,1775,on_ground,0.467,1.0534,-0.0581,2.3321,1.1114,0.4766,0.7144,0.6394,0.2945,0.2956,0.0734,0.5958,0.5243,0.4199,0.3449,-0.0011,0.2222,87.5288,139.3039,58.6242,1.2971
59.2,1776,on_ground,0.4479,1.0679,-0.0738,2.3569,1.1417,0.4844,0.7306,0.6305,0.2654,0.2497,0.0721,0.5938,0.5314,0.4652,0.365,0.0158,0.1776,76.6895,138.941,56.6893,1.2864
59.233,1777,on_ground,0.4406,1.0885,-0.0915,2.4119,1.18,0.4893,0.7475,0.6288,0.2524,0.2068,0.0704,0.6066,0.5485,0.4951,0.3764,0.0457,0.1363,54.151,140.8358,55.6646,1.2691
59.267,1778,on_ground,0.4284,1.1006,-0.1186,2.4877,1.2191,0.4901,0.7497,0.6226,0.2341,0.1876,0.0702,0.6173,0.5601,0.5156,0.3886,0.0464,0.1175,47.0366,138.9961,54.4435,1.2281
59.3,1779,on_ground,0.4159,1.1126,-0.1247,2.5314,1.2374,0.4888,0.7531,0.6117,0.2201,0.1806,0.0704,0.6276,0.5715,0.533,0.3916,0.0395,0.1102,48.3509,137.309,53.9299,1.1805
59.333,1780,on_ground,0.4088,1.1191,-0.1135,2.5361,1.2326,0.486,0.7496,0.6029,0.2146,0.1777,0.0711,0.6386,0.5811,0.535,0.3884,0.0369,0.1066,51.6982,136.945,53.9491,1.1281
59.367,1781,on_ground,0.4041,1.1176,-0.1004,2.51,1.218,0.4853,0.7428,0.5945,0.2137,0.1776,0.072,0.6448,0.5853,0.5291,0.3808,0.0362,0.1056,54.4515,137.6149,54.5924,1.0861
59.4,1782,on_ground,0.3872,1.1081,-0.0865,2.4595,1.1946,0.4857,0.7277,0.5785,0.196,0.1762,0.0728,0.6385,0.5788,0.5318,0.3825,0.0197,0.1035,54.8156,135.9147,55.0314,1.0627
59.433,1783,on_ground,0.3811,1.0939,-0.0756,2.389,1.1695,0.4895,0.7041,0.5729,0.1893,0.1821,0.0738,0.6192,0.5688,0.5148,0.3836,0.0072,0.1083,55.3487,134.636,55.5464,1.0437
59.467,1784,on_ground,0.3826,1.0756,-0.0643,2.298,1.1399,0.4961,0.6706,0.5687,0.1964,0.1923,0.0745,0.5778,0.5583,0.4741,0.3723,0.0041,0.1178,57.087,135.4591,57.1204,1.0255
59.5,1785,on_ground,0.3766,1.0193,-0.0631,2.1078,1.0824,0.5135,0.6273,0.5556,0.1975,0.1859,0.0758,0.513,0.5168,0.4298,0.3581,0.0116,0.1101,56.2788,137.958,58.6844,0.9686
59.533,1786,on_ground,0.3461,0.9231,-0.0416,1.8928,0.9647,0.5097,0.5902,0.5218,0.1703,0.2061,0.0769,0.4329,0.4407,0.4199,0.3516,-0.0359,0.1293,120.5717,132.8537,61.0681,0.9161
59.567,1787,on_ground,0.3523,0.8555,-0.0509,1.725,0.9064,0.5254,0.5903,0.5212,0.1835,0.2238,0.0759,0.3842,0.4023,0.4069,0.3377,-0.0403,0.1479,135.9002,133.6301,62.8465,0.8503
59.6,1788,on_ground,0.3601,0.7856,-0.0561,1.5671,0.8417,0.5371,0.593,0.5211,0.1991,0.2449,0.0763,0.3573,0.3647,0.3939,0.322,-0.0458,0.1686,135.798,135.5683,65.7681,0.7909
59.633,1789,on_ground,0.3702,0.7151,-0.0548,1.4142,0.7699,0.5444,0.5997,0.5281,0.2123,0.2704,0.0765,0.3441,0.3302,0.3874,0.3158,-0.0581,0.1939,132.9033,133.8035,66.6909,0.7326
59.667,1790,on_ground,0.3794,0.6624,-0.0506,1.3034,0.7131,0.5471,0.6025,0.5284,0.2303,0.292,0.0761,0.3378,0.3059,0.3722,0.298,-0.0616,0.2158,129.492,133.9307,68.3213,0.6929
59.7,1791,on_ground,0.3863,0.6687,-0.0589,1.2408,0.7276,0.5864,0.6122,0.5306,0.2421,0.3103,0.0759,0.3355,0.2444,0.3701,0.2884,-0.0682,0.2344,127.1868,133.3522,69.9578,0.5988
59.733,1792,on_ground,0.3774,0.6233,-0.0675,1.1832,0.6908,0.5838,0.5913,0.519,0.2359,0.3252,0.0752,0.3218,0.2104,0.3553,0.2831,-0.0893,0.25,120.2415,128.9627,71.6252,0.6017
59.767,1793,on_ground,0.3747,0.6232,-0.0772,1.1942,0.7003,0.5864,0.5897,0.5101,0.2393,0.3424,0.0741,0.3176,0.1988,0.3504,0.2708,-0.1031,0.2683,115.4107,128.552,73.8514,0.6391
59.8,1794,on_ground,0.3816,0.6264,-0.0833,1.2142,0.7096,0.5845,0.591,0.5095,0.2536,0.3663,0.0733,0.3137,0.1902,0.3373,0.2559,-0.1127,0.293,112.1918,129.3805,75.5546,0.6774
59.833,1795,on_ground,0.3738,0.6181,-0.1078,1.2715,0.7259,0.5709,0.5813,0.4921,0.2555,0.3775,0.0717,0.2905,0.1496,0.3258,0.2366,-0.122,0.3058,109.5309,130.7736,77.8541,0.724
59.867,1796,on_ground,0.367,0.6075,-0.1338,1.3207,0.7413,0.5613,0.5685,0.4741,0.2598,0.3889,0.0701,0.2635,0.1093,0.3087,0.2143,-0.1291,0.3188,105.5418,131.6484,79.7013,0.7773
59.9,1797,on_ground,0.3595,0.6055,-0.1448,1.3562,0.7503,0.5532,0.559,0.4599,0.2591,0.3947,0.0683,0.2431,0.0848,0.2998,0.2008,-0.1356,0.3264,102.3108,131.3201,80.6487,0.8246
59.933,1798,on_ground,0.3534,0.6116,-0.1586,1.3885,0.7703,0.5547,0.5668,0.4503,0.2564,0.3995,0.067,0.2379,0.0804,0.3104,0.1939,-0.143,0.3324,98.398,129.6532,81.4067,0.8603
59.967,1799,on_ground,0.343,0.6113,-0.1696,1.4129,0.781,0.5527,0.5626,0.4383,0.2478,0.4009,0.0667,0.2255,0.0627,0.3148,0.1905,-0.1531,0.3342,93.126,127.6037,81.7782,0.8909
60.0,1800,on_ground,0.3424,0.6154,-0.1705,1.434,0.7859,0.548,0.5648,0.4351,0.2496,0.3955,0.0661,0.233,0.0845,0.3152,0.1855,-0.1459,0.3294,96.0354,130.9482,81.8559,0.9264
60.033,1801,on_ground,0.3303,0.6168,-0.1743,1.4655,0.7911,0.5398,0.559,0.423,0.2377,0.395,0.065,0.2192,0.0675,0.3214,0.1854,-0.1574,0.33,91.3573,128.0123,81.7855,0.9639
60.067,1802,on_ground,0.3188,0.6207,-0.1787,1.5034,0.7994,0.5318,0.5544,0.4101,0.2276,0.4098,0.0644,0.2027,0.0408,0.3269,0.1825,-0.1823,0.3454,81.2204,122.1301,82.0898,0.9964
60.1,1803,on_ground,0.3041,0.6188,-0.1893,1.5404,0.808,0.5246,0.5458,0.3953,0.2129,0.4319,0.0652,0.187,0.015,0.3329,0.1824,-0.219,0.3667,70.9675,115.3622,82.0206,1.0227
60.133,1804,on_ground,0.3077,0.6197,-0.18,1.5551,0.7996,0.5142,0.5527,0.4004,0.2151,0.4157,0.0656,0.1862,0.014,0.3376,0.1853,-0.2006,0.35,77.2087,119.222,81.307,1.0252
60.167,1805,on_ground,0.3159,0.6223,-0.1654,1.563,0.7877,0.504,0.5633,0.409,0.2228,0.4151,0.0661,0.1978,0.031,0.3405,0.1862,-0.1923,0.3489,79.0116,120.1606,80.975,0.9989
60.2,1806,on_ground,0.3405,0.6434,-0.1328,1.5876,0.7762,0.4889,0.5883,0.4335,0.2476,0.424,0.0666,0.2259,0.0639,0.3408,0.1859,-0.1764,0.3574,84.2103,125.4191,80.8284,0.9793
60.233,1807,on_ground,0.383,0.6754,-0.1317,1.6014,0.8071,0.504,0.6295,0.4743,0.2917,0.4485,0.065,0.2734,0.1136,0.3378,0.1827,-0.1568,0.3834,87.8998,132.3956,80.9753,0.9639
60.267,1808,on_ground,0.4298,0.7097,-0.1386,1.6076,0.8483,0.5277,0.6728,0.5197,0.3399,0.477,0.0643,0.3262,0.1715,0.333,0.1798,-0.1371,0.4127,91.3352,139.6081,81.2991,0.9341
60.3,1809,on_ground,0.4529,0.7311,-0.1321,1.6126,0.8632,0.5353,0.6952,0.5429,0.3629,0.4953,0.0654,0.3513,0.1975,0.3323,0.18,-0.1324,0.4299,90.0475,140.9839,81.5095,0.9094
60.333,1810,on_ground,0.4623,0.7425,-0.1311,1.6116,0.8737,0.5421,0.7075,0.554,0.3706,0.5036,0.0656,0.3667,0.2185,0.3369,0.1834,-0.1331,0.438,88.0932,140.2283,81.482,0.8895
60.367,1811,on_ground,0.4662,0.7482,-0.1231,1.6054,0.8713,0.5427,0.7136,0.559,0.3735,0.5106,0.0668,0.3744,0.228,0.3401,0.1855,-0.1371,0.4439,85.2971,138.0452,81.513,0.8718
60.4,1812,on_ground,0.4678,0.7536,-0.1212,1.6017,0.8748,0.5462,0.7194,0.562,0.3737,0.5126,0.067,0.3803,0.2355,0.3457,0.1883,-0.1389,0.4456,84.1188,137.1367,81.5447,0.8596
60.433,1813,on_ground,0.4716,0.7589,-0.1232,1.5995,0.8821,0.5515,0.7251,0.5658,0.3774,0.5161,0.0669,0.3879,0.2447,0.3477,0.1884,-0.1387,0.4492,83.0996,137.1866,81.7524,0.8474
60.467,1814,on_ground,0.4662,0.7562,-0.1175,1.602,0.8737,0.5454,0.7222,0.5604,0.372,0.5188,0.0677,0.3867,0.2457,0.3502,0.1885,-0.1468,0.4511,80.0974,135.0049,81.9539,0.8428
60.5,1815,on_ground,0.469,0.7591,-0.1216,1.6043,0.8808,0.549,0.7251,0.5627,0.3753,0.525,0.0672,0.3903,0.2512,0.3498,0.1874,-0.1497,0.4578,78.2986,134.3113,82.1566,0.8417
60.533,1816,on_ground,0.4688,0.76,-0.1199,1.6049,0.8799,0.5483,0.726,0.5619,0.3757,0.5295,0.0675,0.3902,0.2521,0.3503,0.1862,-0.1538,0.462,76.7102,133.4895,82.3413,0.8424
60.567,1817,on_ground,0.4665,0.7594,-0.1186,1.6066,0.878,0.5465,0.7255,0.5586,0.3744,0.532,0.0677,0.3879,0.2535,0.3511,0.1842,-0.1577,0.4643,75.4136,132.932,82.723,0.8425
60.6,1818,on_ground,0.4177,0.7184,-0.0576,1.6152,0.776,0.4804,0.6835,0.5107,0.3248,0.5515,0.0743,0.3356,0.2055,0.3587,0.1859,-0.2267,0.4771,62.893,123.4448,83.2231,0.851
60.633,1819,on_ground,0.4297,0.7297,-0.0737,1.6188,0.8034,0.4963,0.6951,0.5214,0.338,0.543,0.0728,0.3464,0.2178,0.3571,0.1835,-0.205,0.4702,65.9345,125.9477,83.4894,0.8522
60.667,1820,on_ground,0.4372,0.7364,-0.0808,1.6197,0.8172,0.5045,0.7022,0.5284,0.346,0.5394,0.072,0.3546,0.2245,0.3562,0.1824,-0.1934,0.4674,68.0155,127.4297,83.4931,0.8531
60.7,1821,on_ground,0.4476,0.7462,-0.0933,1.6222,0.8394,0.5175,0.7122,0.5375,0.3576,0.5434,0.0706,0.3651,0.2334,0.3546,0.1798,-0.1857,0.4727,68.8686,128.6902,83.6715,0.8553
60.733,1822,on_ground,0.4379,0.7412,-0.0951,1.6215,0.8362,0.5157,0.707,0.5293,0.3464,0.5383,0.0704,0.3565,0.2283,0.3606,0.1829,-0.1919,0.468,67.7839,127.5722,83.3665,0.8561
60.767,1823,on_ground,0.4332,0.7391,-0.1017,1.6224,0.8408,0.5182,0.705,0.5256,0.3409,0.5317,0.0695,0.3518,0.2248,0.3642,0.1847,-0.1908,0.4622,68.0489,127.6834,83.1073,0.8602
60.8,1824,on_ground,0.4164,0.7276,-0.0886,1.6366,0.8162,0.4987,0.6917,0.5103,0.3225,0.5258,0.0709,0.338,0.2132,0.3692,0.1878,-0.2032,0.4548,67.2098,126.6465,82.9817,0.8675
60.833,1825,on_ground,0.3979,0.7143,-0.0691,1.6467,0.7835,0.4758,0.6768,0.4922,0.3036,0.524,0.0729,0.3201,0.1947,0.3732,0.1886,-0.2204,0.451,65.3953,125.3136,83.0927,0.8744
60.867,1826,on_ground,0.3983,0.716,-0.0808,1.6457,0.7968,0.4842,0.6795,0.4944,0.3021,0.5219,0.0717,0.3217,0.1966,0.3774,0.1923,-0.2198,0.4502,64.9855,124.772,82.6311,0.8747
60.9,1827,on_ground,0.4008,0.7179,-0.0888,1.6447,0.8067,0.4905,0.682,0.4979,0.3037,0.5211,0.0708,0.3243,0.1984,0.3783,0.1941,-0.2173,0.4503,64.7886,124.4518,82.3259,0.876
60.933,1828,on_ground,0.4017,0.7185,-0.0948,1.6439,0.8133,0.4948,0.683,0.4991,0.3043,0.5191,0.0701,0.3265,0.2004,0.3786,0.1948,-0.2148,0.449,64.705,124.513,82.2519,0.8775
60.967,1829,on_ground,0.4056,0.7207,-0.1023,1.6436,0.823,0.5007,0.6855,0.5031,0.3081,0.5194,0.0692,0.3318,0.2045,0.3774,0.195,-0.2113,0.4502,64.7477,124.3878,82.1431,0.8785
61.0,1830,on_ground,0.408,0.7222,-0.1061,1.6431,0.8283,0.5041,0.6872,0.5051,0.3108,0.5223,0.0687,0.3339,0.2058,0.3764,0.1943,-0.2115,0.4536,64.2464,124.159,82.1782,0.8783
61.033,1831,on_ground,0.4117,0.7256,-0.1108,1.6429,0.8365,0.5091,0.6908,0.5085,0.315,0.5237,0.0682,0.3381,0.2081,0.3759,0.1935,-0.2087,0.4556,64.3187,124.1479,82.2108,0.8783
61.067,1832,on_ground,0.4281,0.7386,-0.121,1.6471,0.8596,0.5219,0.7037,0.5224,0.3337,0.5349,0.0669,0.353,0.221,0.37,0.1887,-0.2011,0.4679,65.0571,125.2428,82.6116,0.8783
61.1,1833,on_ground,0.4244,0.7355,-0.1195,1.6455,0.8549,0.5196,0.7007,0.5192,0.3295,0.5324,0.0671,0.3498,0.2175,0.3712,0.1896,-0.2028,0.4652,64.8288,124.8726,82.5167,0.878
61.133,1834,on_ground,0.4395,0.7469,-0.1269,1.6474,0.8738,0.5304,0.7119,0.532,0.3469,0.5403,0.0662,0.3662,0.2314,0.365,0.1851,-0.1934,0.4741,66.2141,126.4619,82.8584,0.8775
61.167,1835,on_ground,0.4453,0.7509,-0.1241,1.6514,0.8751,0.5299,0.7154,0.5362,0.3544,0.5479,0.0667,0.3721,0.2362,0.361,0.1818,-0.1935,0.4812,65.7878,126.3558,83.183,0.8778
61.2,1836,on_ground,0.4507,0.7556,-0.123,1.6512,0.8786,0.5321,0.72,0.5406,0.3608,0.5499,0.0669,0.377,0.2413,0.3592,0.1798,-0.1891,0.483,66.7816,127.682,83.438,0.8765
61.233,1837,on_ground,0.456,0.7598,-0.1215,1.6519,0.8813,0.5335,0.7243,0.5453,0.3667,0.5511,0.0671,0.3829,0.247,0.3576,0.1787,-0.1844,0.484,68.0314,128.7549,83.5502,0.8759
61.267,1838,on_ground,0.459,0.7627,-0.1209,1.6518,0.8837,0.535,0.7274,0.5481,0.3698,0.5529,0.0672,0.3855,0.2485,0.3575,0.1783,-0.1831,0.4857,68.3331,129.0934,83.6272,0.8746
61.3,1839,on_ground,0.4471,0.7534,-0.1188,1.6498,0.8722,0.5287,0.7182,0.5378,0.3563,0.5468,0.0674,0.3754,0.2409,0.3618,0.1815,-0.1905,0.4794,67.0886,127.8351,83.3954,0.8736
61.333,1840,on_ground,0.4525,0.7582,-0.1208,1.6512,0.8791,0.5324,0.7227,0.5425,0.3626,0.5489,0.0672,0.3801,0.2441,0.3601,0.1799,-0.1863,0.4817,67.7415,128.7456,83.5788,0.8733
61.367,1841,on_ground,0.4576,0.763,-0.1212,1.6518,0.8842,0.5353,0.7273,0.5475,0.3677,0.5504,0.0671,0.3848,0.2477,0.3596,0.1799,-0.1827,0.4832,68.5199,129.43,83.5538,0.8736
61.4,1842,on_ground,0.4599,0.7648,-0.1197,1.6512,0.8845,0.5357,0.7293,0.5499,0.3699,0.5508,0.0674,0.3864,0.2485,0.3594,0.18,-0.181,0.4835,68.9379,129.7068,83.5281,0.873
61.433,1843,on_ground,0.4603,0.7658,-0.1169,1.6512,0.8827,0.5346,0.7303,0.5507,0.37,0.5521,0.0678,0.3854,0.2473,0.3603,0.1807,-0.1821,0.4843,68.7634,129.303,83.4584,0.8725
61.467,1844,on_ground,0.4607,0.7662,-0.115,1.6507,0.8812,0.5338,0.7305,0.5509,0.3705,0.5532,0.068,0.3856,0.2476,0.36,0.1804,-0.1827,0.4852,68.653,129.1436,83.4882,0.8718
61.5,1845,on_ground,0.4626,0.7684,-0.1147,1.6496,0.8831,0.5354,0.7327,0.5533,0.3719,0.5507,0.0681,0.3876,0.25,0.3607,0.1814,-0.1787,0.4826,69.9293,129.8811,83.3148,0.872
61.533,1846,on_ground,0.462,0.7689,-0.1143,1.6479,0.8832,0.536,0.7332,0.5537,0.3703,0.5481,0.0681,0.3875,0.2506,0.3629,0.1835,-0.1778,0.48,70.4906,129.8426,83.0728,0.8712
61.567,1847,on_ground,0.4438,0.7553,-0.1031,1.6461,0.8585,0.5215,0.7195,0.5376,0.35,0.5375,0.0694,0.3706,0.2341,0.3696,0.1876,-0.1876,0.4681,69.169,128.1225,82.7375,0.8706
61.6,1848,on_ground,0.4486,0.7597,-0.1073,1.6459,0.8669,0.5267,0.7236,0.5418,0.3554,0.539,0.069,0.3753,0.2385,0.3682,0.1863,-0.1836,0.47,69.7504,128.8114,82.886,0.8699
61.633,1849,on_ground,0.4491,0.7604,-0.1072,1.645,0.8676,0.5275,0.7241,0.5419,0.3564,0.5405,0.069,0.376,0.2387,0.3677,0.1854,-0.1841,0.4715,69.4654,128.7857,83.0005,0.8685
61.667,1850,on_ground,0.4505,0.7612,-0.1063,1.6452,0.8675,0.5273,0.7248,0.543,0.3579,0.5424,0.0692,0.3768,0.2402,0.3668,0.1851,-0.1844,0.4732,69.2811,128.638,83.0056,0.8683
61.7,1851,on_ground,0.4503,0.7608,-0.1032,1.6467,0.864,0.5247,0.7242,0.5428,0.3578,0.5432,0.0696,0.3758,0.2384,0.3664,0.185,-0.1854,0.4736,69.0567,128.5218,83.0397,0.8679
61.733,1852,on_ground,0.438,0.7514,-0.1013,1.6443,0.8527,0.5186,0.7149,0.5327,0.3433,0.5347,0.0697,0.3619,0.2259,0.3716,0.1894,-0.1914,0.4649,68.2453,127.2413,82.6113,0.8679
61.767,1853,on_ground,0.4411,0.7546,-0.1013,1.6471,0.8559,0.5197,0.7177,0.5357,0.3464,0.539,0.0698,0.3635,0.2285,0.3712,0.1893,-0.1926,0.4693,67.6858,126.9527,82.6073,0.8689
61.8,1854,on_ground,0.4245,0.7413,-0.0927,1.6471,0.8339,0.5063,0.7042,0.5212,0.3278,0.5351,0.0707,0.3454,0.212,0.3764,0.1934,-0.2073,0.4643,65.4255,124.5674,82.2347,0.8705
61.833,1855,on_ground,0.409,0.7291,-0.0832,1.6469,0.8123,0.4932,0.6916,0.5074,0.3105,0.5304,0.0717,0.3287,0.1966,0.3811,0.1969,-0.2199,0.4586,63.8509,122.7633,81.9184,0.8714
61.867,1856,on_ground,0.3952,0.7174,-0.078,1.6485,0.7954,0.4825,0.6799,0.4948,0.2956,0.5285,0.0723,0.315,0.1837,0.3843,0.1992,-0.2329,0.4562,62.0428,121.1902,81.8207,0.8727
61.9,1857,on_ground,0.3851,0.7089,-0.0735,1.6509,0.7824,0.4739,0.6714,0.4861,0.2841,0.5284,0.0727,0.3053,0.1753,0.3873,0.2021,-0.2443,0.4557,60.6671,120.0915,81.5737,0.8742
61.933,1858,on_ground,0.3761,0.7029,-0.0695,1.6519,0.7724,0.4676,0.6652,0.4786,0.2736,0.5297,0.0731,0.2958,0.1676,0.3916,0.2051,-0.2561,0.4566,59.0873,118.8685,81.3135,0.8756
61.967,1859,on_ground,0.3801,0.7062,-0.0765,1.6506,0.7827,0.4742,0.6687,0.4827,0.2776,0.5255,0.0724,0.3005,0.1722,0.3911,0.2051,-0.2479,0.4532,60.0647,119.5717,81.2348,0.8763
62.0,1860,on_ground,0.3829,0.7083,-0.0812,1.6473,0.7895,0.4793,0.671,0.4857,0.2801,0.5207,0.0718,0.3048,0.1763,0.3908,0.2055,-0.2406,0.4489,61.1817,120.0994,81.1473,0.8752
62.033,1861,on_ground,0.3832,0.7092,-0.0847,1.6431,0.7938,0.4831,0.672,0.4865,0.2798,0.5166,0.0715,0.3054,0.1774,0.3921,0.2066,-0.2368,0.4452,61.8912,120.382,80.9921,0.8726
62.067,1862,on_ground,0.3844,0.7103,-0.0889,1.6386,0.7992,0.4877,0.6735,0.4878,0.2811,0.5072,0.071,0.3078,0.1791,0.3925,0.2067,-0.2261,0.4362,64.0025,121.6953,80.9919,0.8702
62.1,1863,on_ground,0.4042,0.7276,-0.1046,1.6378,0.8321,0.5081,0.6909,0.5062,0.3022,0.5053,0.0691,0.3299,0.1986,0.3886,0.204,-0.2031,0.4362,68.4433,125.5446,81.1863,0.8681
62.133,1864,on_ground,0.4199,0.7403,-0.1107,1.6381,0.851,0.5195,0.7036,0.5201,0.3198,0.5119,0.0684,0.3478,0.215,0.3839,0.2003,-0.1922,0.4435,70.292,127.3793,81.4554,0.8678
62.167,1865,on_ground,0.4235,0.743,-0.1066,1.6384,0.8496,0.5186,0.7064,0.5229,0.3241,0.5163,0.0689,0.3526,0.2196,0.3823,0.1988,-0.1922,0.4474,70.2486,127.4416,81.6604,0.8666
62.2,1866,on_ground,0.413,0.7343,-0.1019,1.6388,0.8362,0.5103,0.6978,0.5132,0.3128,0.515,0.0694,0.3435,0.211,0.385,0.2004,-0.2022,0.4456,68.343,125.9016,81.642,0.8664
62.233,1867,on_ground,0.404,0.7266,-0.1003,1.6406,0.8268,0.504,0.6904,0.5049,0.303,0.5099,0.0696,0.335,0.2016,0.3874,0.2019,-0.2069,0.4403,67.8781,125.3135,81.6242,0.8676
62.267,1868,on_ground,0.396,0.7203,-0.0966,1.6414,0.8169,0.4977,0.6842,0.4973,0.2947,0.5055,0.07,0.3264,0.1921,0.3896,0.2026,-0.2109,0.4355,67.5686,125.1066,81.653,0.8682
62.3,1869,on_ground,0.4035,0.7261,-0.0971,1.6432,0.8231,0.5009,0.6899,0.5027,0.3042,0.511,0.07,0.3342,0.1988,0.3856,0.1985,-0.2068,0.441,67.9573,125.9298,82.131,0.8678
62.333,1870,on_ground,0.402,0.7255,-0.0994,1.641,0.8248,0.5026,0.6893,0.5015,0.3025,0.5068,0.0697,0.3328,0.1978,0.3868,0.199,-0.2043,0.437,68.4577,126.4094,82.0821,0.8685
62.367,1871,on_ground,0.3996,0.7243,-0.1012,1.639,0.8255,0.5037,0.6884,0.4997,0.2995,0.5053,0.0695,0.3323,0.1992,0.3889,0.2002,-0.2058,0.4358,68.0688,126.0736,81.9821,0.869
62.4,1872,on_ground,0.4129,0.7361,-0.1048,1.6385,0.8409,0.5132,0.7001,0.5117,0.3141,0.5141,0.0691,0.3442,0.2118,0.386,0.1976,-0.2,0.445,68.706,126.8708,82.1777,0.869
62.433,1873,on_ground,0.4239,0.745,-0.1086,1.6382,0.8535,0.521,0.7091,0.5209,0.3268,0.5168,0.0686,0.3536,0.2192,0.3823,0.1942,-0.19,0.4482,70.6953,128.8731,82.4458,0.8682
62.467,1874,on_ground,0.4286,0.7491,-0.107,1.6409,0.8561,0.5217,0.713,0.5248,0.3323,0.5223,0.0689,0.3574,0.2221,0.3807,0.1925,-0.19,0.4535,70.5582,128.806,82.6043,0.8689
62.5,1875,on_ground,0.4206,0.7436,-0.105,1.6399,0.8486,0.5175,0.7075,0.5184,0.3229,0.5184,0.0691,0.3473,0.2147,0.3847,0.1955,-0.1956,0.4494,69.7626,127.6331,82.2331,0.8701
62.533,1876,on_ground,0.413,0.7382,-0.1,1.6386,0.8382,0.5115,0.7022,0.5123,0.3137,0.5188,0.0697,0.3379,0.2083,0.3885,0.1987,-0.2051,0.4491,67.9093,125.5174,81.9147,0.8706
62.567,1877,on_ground,0.4022,0.7296,-0.0921,1.64,0.8216,0.501,0.6939,0.5034,0.3011,0.5188,0.0706,0.3253,0.1986,0.3928,0.2023,-0.2178,0.4483,65.6158,123.0999,81.673,0.8717
62.6,1878,on_ground,0.3931,0.7224,-0.0867,1.6402,0.8091,0.4933,0.687,0.4956,0.2906,0.5175,0.0712,0.315,0.1891,0.3964,0.205,-0.2269,0.4463,64.1441,121.451,81.468,0.8735
62.633,1879,on_ground,0.3877,0.7182,-0.0855,1.6412,0.8037,0.4897,0.683,0.4912,0.2841,0.5173,0.0713,0.308,0.1841,0.399,0.2072,-0.2333,0.4461,62.9912,120.4987,81.3316,0.8745
62.667,1880,on_ground,0.3845,0.7162,-0.0865,1.6401,0.8028,0.4895,0.681,0.4891,0.28,0.5159,0.0711,0.303,0.182,0.401,0.2091,-0.236,0.4448,62.4746,119.9528,81.1197,0.8751
62.7,1881,on_ground,0.3964,0.7271,-0.0913,1.6398,0.8184,0.4991,0.692,0.5006,0.2922,0.5211,0.0706,0.3151,0.1939,0.3998,0.2084,-0.2289,0.4505,63.2789,120.4539,81.0628,0.8747
62.733,1882,on_ground,0.4091,0.7381,-0.0967,1.6393,0.8348,0.5093,0.703,0.5124,0.3058,0.5257,0.07,0.3272,0.2061,0.3972,0.2066,-0.2199,0.4556,64.6727,121.6547,81.0748,0.8742
62.767,1883,on_ground,0.4227,0.7494,-0.1055,1.6387,0.8549,0.5217,0.7144,0.525,0.3204,0.5284,0.069,0.3414,0.2195,0.394,0.2046,-0.208,0.4594,66.6221,123.5451,81.1637,0.8738
62.8,1884,on_ground,0.4362,0.7624,-0.1151,1.6385,0.8775,0.5355,0.7269,0.5379,0.3344,0.5325,0.0678,0.3579,0.2344,0.3925,0.2034,-0.1981,0.4648,68.3738,125.3633,81.2263,0.8742
62.833,1885,on_ground,0.44,0.7667,-0.1167,1.6395,0.8834,0.5388,0.7311,0.5411,0.3389,0.5343,0.0676,0.363,0.2373,0.3922,0.2022,-0.1954,0.4668,68.9608,125.893,81.3843,0.8743
62.867,1886,on_ground,0.4422,0.7692,-0.1157,1.6431,0.885,0.5386,0.7332,0.5429,0.3416,0.5373,0.0677,0.3666,0.2392,0.3916,0.2013,-0.1957,0.4696,68.8247,125.8143,81.4885,0.8758
62.9,1887,on_ground,0.4383,0.7653,-0.1115,1.6447,0.8768,0.5331,0.729,0.5384,0.3382,0.5387,0.0683,0.362,0.2344,0.3908,0.2002,-0.2004,0.4704,67.6755,125.0396,81.7066,0.8758
62.933,1888,on_ground,0.4251,0.7549,-0.1045,1.6445,0.8594,0.5226,0.7185,0.5268,0.3234,0.5337,0.0691,0.3466,0.223,0.395,0.2034,-0.2103,0.4646,66.0592,123.6129,81.4715,0.8763
62.967,1889,on_ground,0.4145,0.7455,-0.0995,1.6431,0.845,0.5143,0.7093,0.5173,0.3117,0.5268,0.0697,0.3353,0.2133,0.3976,0.2056,-0.2151,0.4571,65.6419,122.7336,81.2915,0.8761
63.0,1890,on_ground,0.4075,0.7405,-0.1001,1.6412,0.8406,0.5122,0.7044,0.5112,0.3038,0.5196,0.0695,0.329,0.208,0.4006,0.2074,-0.2159,0.4501,66.074,123.0234,81.097,0.8766
63.033,1891,on_ground,0.4021,0.7366,-0.0999,1.6387,0.8365,0.5105,0.7009,0.5067,0.2976,0.514,0.0695,0.3243,0.2043,0.4033,0.2091,-0.2164,0.4445,66.3186,122.971,80.9272,0.8779
63.067,1892,on_ground,0.3978,0.7332,-0.0992,1.6366,0.8324,0.5086,0.6974,0.5027,0.293,0.5103,0.0696,0.3201,0.2012,0.4045,0.2097,-0.2174,0.4408,66.1699,122.9167,80.9049,0.8777
63.1,1893,on_ground,0.4081,0.7419,-0.1023,1.6363,0.8443,0.516,0.7061,0.512,0.3042,0.5119,0.0692,0.331,0.2115,0.4019,0.2077,-0.2077,0.4427,68.1748,124.7959,81.0388,0.8765
63.133,1894,on_ground,0.4141,0.7476,-0.1026,1.6385,0.8502,0.5189,0.7116,0.5176,0.3107,0.5194,0.0692,0.3374,0.2172,0.401,0.207,-0.2087,0.4501,67.4802,124.4495,81.0793,0.876
63.167,1895,on_ground,0.4251,0.7566,-0.1057,1.6373,0.8623,0.5267,0.7208,0.5279,0.3223,0.5241,0.0688,0.3499,0.2287,0.3984,0.2056,-0.2018,0.4553,68.5738,125.5296,81.0862,0.8754
63.2,1896,on_ground,0.4341,0.7646,-0.1089,1.636,0.8735,0.5339,0.7288,0.5368,0.3314,0.5292,0.0684,0.3595,0.2392,0.3974,0.2054,-0.1978,0.4607,69.1014,126.0353,81.0669,0.8749
63.233,1897,on_ground,0.4223,0.7546,-0.1048,1.6369,0.8594,0.525,0.7189,0.5261,0.3184,0.5279,0.0689,0.3476,0.228,0.4005,0.2077,-0.2094,0.4589,66.6985,123.8922,80.9814,0.8744
63.267,1898,on_ground,0.4275,0.7584,-0.1049,1.6378,0.8633,0.5271,0.7226,0.5311,0.3239,0.5315,0.069,0.3534,0.2331,0.3987,0.2071,-0.2076,0.4626,66.8571,124.0948,81.0125,0.8737
63.3,1899,on_ground,0.4334,0.763,-0.1058,1.6373,0.8689,0.5307,0.7274,0.5369,0.33,0.5346,0.0689,0.3609,0.2396,0.3973,0.2068,-0.2046,0.4657,67.386,124.5244,81.0302,0.8728
63.333,1900,on_ground,0.4177,0.7495,-0.0961,1.6383,0.8456,0.5161,0.7138,0.5225,0.3128,0.532,0.07,0.3439,0.2237,0.4009,0.2097,-0.2192,0.462,64.9,122.1972,80.8452,0.8728
63.367,1901,on_ground,0.4022,0.7362,-0.0868,1.6407,0.823,0.5016,0.7005,0.5083,0.2962,0.5306,0.0711,0.327,0.2088,0.4044,0.2122,-0.2344,0.4595,62.5916,119.9788,80.7216,0.8738
63.4,1902,on_ground,0.4105,0.7423,-0.0914,1.6412,0.8337,0.508,0.7067,0.5158,0.3053,0.5313,0.0706,0.3361,0.2158,0.4015,0.2105,-0.226,0.4607,63.9093,121.1175,80.8192,0.8738
63.433,1903,on_ground,0.4045,0.7373,-0.0922,1.6391,0.8295,0.5061,0.702,0.5105,0.2985,0.5248,0.0704,0.3294,0.2112,0.4035,0.212,-0.2263,0.4543,64.1155,120.9984,80.6915,0.8743
63.467,1904,on_ground,0.4112,0.7426,-0.0958,1.6396,0.8384,0.5113,0.7072,0.5162,0.3062,0.5271,0.07,0.3358,0.217,0.401,0.21,-0.2209,0.4571,64.8607,121.6969,80.8487,0.8748
63.5,1905,on_ground,0.4047,0.7374,-0.0943,1.6393,0.8317,0.5073,0.702,0.5103,0.2992,0.5226,0.0702,0.3291,0.2116,0.4028,0.2111,-0.2234,0.4524,64.5746,121.3754,80.7594,0.8751
63.533,1906,on_ground,0.4152,0.7462,-0.1005,1.6392,0.8467,0.5165,0.7108,0.5199,0.3105,0.5229,0.0694,0.3396,0.221,0.4003,0.2094,-0.2125,0.4535,66.9278,123.4897,80.8325,0.874
63.567,1907,on_ground,0.4099,0.7426,-0.101,1.6371,0.8435,0.5153,0.7074,0.5155,0.3043,0.5155,0.0693,0.3348,0.2178,0.4031,0.2112,-0.2112,0.4462,67.8258,123.8856,80.6555,0.8737
63.6,1908,on_ground,0.408,0.7396,-0.1001,1.6355,0.8396,0.5134,0.7047,0.5136,0.3025,0.5103,0.0694,0.3319,0.2153,0.4022,0.2111,-0.2079,0.441,68.7254,124.5773,80.6428,0.8745
63.633,1909,on_ground,0.4056,0.7369,-0.0987,1.6333,0.8356,0.5116,0.702,0.511,0.3001,0.5058,0.0695,0.3287,0.2122,0.4018,0.2109,-0.2056,0.4363,69.359,125.1161,80.6545,0.874
63.667,1910,on_ground,0.4145,0.7436,-0.0986,1.6323,0.8423,0.516,0.7086,0.5188,0.3103,0.5101,0.0696,0.3374,0.2195,0.3983,0.2085,-0.1998,0.4405,70.5286,126.1275,80.7441,0.8724
63.7,1911,on_ground,0.4224,0.7495,-0.1003,1.6322,0.8498,0.5207,0.7141,0.5259,0.3189,0.5139,0.0694,0.3461,0.227,0.3953,0.2071,-0.1951,0.4445,71.4096,126.9372,80.8074,0.8717
63.733,1912,on_ground,0.4173,0.7444,-0.0993,1.6286,0.8437,0.5181,0.7091,0.5214,0.3133,0.506,0.0694,0.3403,0.2222,0.3958,0.2081,-0.1927,0.4366,72.4292,127.5373,80.7038,0.8712
63.767,1913,on_ground,0.4271,0.7513,-0.1031,1.6279,0.8544,0.5248,0.7158,0.5305,0.3238,0.5075,0.069,0.3505,0.2311,0.392,0.2067,-0.1837,0.4385,74.4341,129.3278,80.7395,0.8713
63.8,1914,on_ground,0.4354,0.757,-0.1072,1.6277,0.8642,0.5309,0.7213,0.5378,0.3329,0.5105,0.0685,0.3599,0.2385,0.3884,0.2049,-0.1775,0.442,75.8134,130.616,80.8118,0.8715
63.833,1915,on_ground,0.4399,0.7601,-0.1084,1.6288,0.8684,0.5332,0.7241,0.5415,0.3384,0.5147,0.0684,0.3636,0.2414,0.3857,0.2031,-0.1763,0.4464,75.7383,130.7762,80.9521,0.8716
63.867,1916,on_ground,0.4308,0.7516,-0.1063,1.6281,0.8578,0.5269,0.7158,0.5328,0.3287,0.5097,0.0686,0.3536,0.2323,0.387,0.2041,-0.181,0.4411,74.718,129.8806,80.9778,0.8718
63.9,1917,on_ground,0.4357,0.7552,-0.1089,1.6283,0.8641,0.5307,0.7191,0.5366,0.3347,0.5119,0.0683,0.3598,0.2374,0.3844,0.2019,-0.1771,0.4436,75.452,130.8901,81.1969,0.8718
63.933,1918,on_ground,0.4269,0.7472,-0.1067,1.6273,0.8539,0.5247,0.7113,0.5287,0.325,0.5065,0.0685,0.3497,0.2289,0.3862,0.2037,-0.1814,0.4379,74.6735,130.1144,81.0668,0.871
63.967,1919,on_ground,0.4174,0.7377,-0.103,1.6269,0.8407,0.5167,0.7019,0.5198,0.315,0.5,0.069,0.3387,0.219,0.3869,0.2048,-0.185,0.431,74.0954,129.3448,81.0724,0.8705
64.0,1920,on_ground,0.4023,0.7236,-0.0947,1.6293,0.8184,0.5023,0.6884,0.5058,0.2987,0.4979,0.07,0.3233,0.2044,0.3897,0.207,-0.1992,0.428,71.0173,126.3993,81.0654,0.8711
64.033,1921,,0.3976,0.7185,-0.0955,1.6293,0.814,0.4996,0.6837,0.5015,0.2937,0.492,0.0699,0.3172,0.1989,0.3901,0.2079,-0.1984,0.4222,71.6387,126.7051,81.0368,0.8715
64.067,1922,,0.3883,0.7104,-0.0884,1.6339,0.7987,0.4889,0.675,0.4919,0.2847,0.4972,0.0707,0.3067,0.1883,0.3903,0.2072,-0.2125,0.4265,68.3887,124.4745,81.2501,0.8729
64.1,1923,,0.3687,0.6941,-0.0685,1.6389,0.7626,0.4653,0.6579,0.4731,0.2644,0.5068,0.0728,0.2864,0.1679,0.3935,0.2087,-0.2424,0.434,63.7478,121.3579,81.4011,0.8746
64.133,1924,,0.3747,0.6998,-0.0745,1.6376,0.7743,0.4728,0.6633,0.4782,0.2712,0.5044,0.0721,0.2943,0.1765,0.3921,0.207,-0.2332,0.4323,65.0524,122.7652,81.5266,0.8735
64.167,1925,,0.3783,0.7032,-0.0777,1.6361,0.7809,0.4773,0.6665,0.4817,0.2749,0.5034,0.0718,0.2978,0.1809,0.3916,0.2068,-0.2284,0.4315,65.6067,123.349,81.4805,0.8728
64.2,1926,,0.3819,0.7068,-0.0808,1.6333,0.7876,0.4822,0.6701,0.485,0.2788,0.5012,0.0715,0.3019,0.1862,0.3913,0.2062,-0.2224,0.4297,66.5463,124.0747,81.4309,0.8716
64.233,1927,,0.3812,0.7051,-0.0802,1.631,0.7854,0.4815,0.6688,0.4843,0.278,0.5015,0.0716,0.3019,0.1865,0.3908,0.2063,-0.2235,0.4299,66.2353,123.8799,81.3705,0.8709
64.267,1928,,0.3831,0.7055,-0.0811,1.6302,0.7866,0.4825,0.6693,0.4864,0.2798,0.5004,0.0715,0.305,0.189,0.3895,0.2066,-0.2206,0.4289,66.7422,124.0068,81.3076,0.8701
64.3,1929,,0.3836,0.7053,-0.0806,1.6291,0.7859,0.4824,0.669,0.4871,0.2801,0.5004,0.0716,0.3061,0.1903,0.389,0.207,-0.2203,0.4288,66.8647,123.9443,81.198,0.8687
64.333,1930,,0.3836,0.7044,-0.0804,1.6301,0.7848,0.4815,0.668,0.4871,0.2801,0.5009,0.0716,0.3067,0.1901,0.3879,0.207,-0.2208,0.4293,66.769,123.9147,81.1877,0.869
64.367,1931,,0.3847,0.7041,-0.0817,1.6305,0.7858,0.4819,0.6676,0.4878,0.2817,0.5004,0.0715,0.3086,0.1917,0.386,0.2061,-0.2187,0.429,67.0758,124.3323,81.289,0.8686
64.4,1932,,0.3869,0.7057,-0.0816,1.6331,0.7873,0.4821,0.6677,0.4889,0.2849,0.4946,0.0715,0.3108,0.1943,0.3828,0.204,-0.2097,0.4232,69.2457,126.0634,81.4642,0.8694
64.433,1933,,0.4074,0.7196,-0.0892,1.6334,0.8087,0.4951,0.6814,0.5069,0.308,0.5018,0.0707,0.3331,0.2138,0.3734,0.1989,-0.1938,0.4311,71.8954,128.8573,81.8751,0.8685
64.467,1934,,0.4048,0.7152,-0.0877,1.6342,0.8029,0.4913,0.6763,0.5037,0.3058,0.4972,0.0709,0.331,0.2105,0.3705,0.1979,-0.1914,0.4263,72.8304,129.4838,82.0282,0.8681
64.5,1935,,0.4013,0.7083,-0.0863,1.6367,0.7946,0.4855,0.6692,0.4993,0.3034,0.4995,0.0711,0.3282,0.2073,0.3658,0.1959,-0.1961,0.4285,71.5518,128.8379,82.3839,0.8685
64.533,1936,,0.3992,0.7036,-0.0833,1.6381,0.787,0.4804,0.6644,0.4972,0.3013,0.4994,0.0714,0.3268,0.2067,0.3632,0.1959,-0.1982,0.428,71.4636,128.5409,82.3595,0.868
64.567,1937,,0.3992,0.6981,-0.0835,1.6375,0.7816,0.4773,0.6597,0.497,0.3013,0.493,0.0713,0.3286,0.2069,0.3583,0.1957,-0.1917,0.4217,73.3539,129.8835,82.4577,0.8682
64.6,1938,,0.3979,0.6922,-0.0832,1.6364,0.7754,0.4738,0.655,0.4959,0.2999,0.4899,0.0714,0.3281,0.2066,0.3551,0.1959,-0.1899,0.4185,73.9327,130.3456,82.4714,0.8681
64.633,1939,,0.3944,0.6817,-0.0792,1.6386,0.761,0.4644,0.6455,0.4919,0.297,0.4907,0.0718,0.3247,0.2025,0.3485,0.1949,-0.1937,0.4188,73.2321,129.9168,82.6707,0.8678
64.667,1940,,0.3972,0.6743,-0.0775,1.637,0.7519,0.4593,0.6387,0.4939,0.3006,0.4921,0.072,0.3269,0.2042,0.3381,0.1933,-0.1915,0.42,73.339,130.1446,82.8119,0.8667
64.7,1941,,0.3972,0.6732,-0.0724,1.6376,0.7456,0.4553,0.6269,0.4942,0.3001,0.4958,0.0726,0.3287,0.2036,0.3268,0.1941,-0.1957,0.4232,71.9468,129.0732,82.7067,0.8659
64.733,1942,,0.3949,0.6712,-0.0691,1.6379,0.7403,0.452,0.6193,0.4924,0.2974,0.4967,0.073,0.3275,0.2011,0.3219,0.1949,-0.1993,0.4237,71.1321,128.376,82.5792,0.8655
64.767,1943,,0.3954,0.6704,-0.0706,1.6354,0.7409,0.4531,0.6171,0.4935,0.2972,0.4948,0.0729,0.3287,0.2013,0.3199,0.1963,-0.1976,0.4219,71.479,128.6161,82.4181,0.8638
64.8,1944,,0.3991,0.6702,-0.0708,1.6293,0.741,0.4548,0.6305,0.4976,0.3007,0.4837,0.0728,0.3321,0.2049,0.3299,0.1969,-0.183,0.4109,75.8085,131.476,82.17,0.8619
64.833,1945,,0.4173,0.6845,-0.0795,1.6271,0.7639,0.4695,0.6435,0.5144,0.3202,0.4872,0.0719,0.351,0.2209,0.3233,0.1943,-0.167,0.4153,79.7684,134.8567,82.0865,0.8625
64.867,1946,,0.431,0.6964,-0.0859,1.6258,0.7822,0.4811,0.6403,0.527,0.335,0.497,0.0712,0.3642,0.2337,0.3052,0.1919,-0.162,0.4258,80.1928,135.5726,82.1473,0.8612
64.9,1947,,0.4246,0.6902,-0.083,1.6267,0.7732,0.4753,0.6327,0.5214,0.3278,0.4956,0.0716,0.3568,0.2271,0.3048,0.1936,-0.1678,0.4241,78.5851,134.0982,82.061,0.8609
64.933,1948,,0.4188,0.6857,-0.0811,1.6264,0.7668,0.4715,0.627,0.5156,0.3219,0.4933,0.0718,0.3508,0.2228,0.3051,0.1937,-0.1714,0.4216,77.9586,133.4336,82.1057,0.8601
64.967,1949,,0.4158,0.6838,-0.0801,1.6261,0.7638,0.4697,0.6256,0.513,0.3186,0.4879,0.0719,0.349,0.2215,0.307,0.1944,-0.1693,0.416,79.2161,134.0014,82.0995,0.8599
65.0,1950,,0.4114,0.6813,-0.0798,1.6263,0.7611,0.468,0.6233,0.5081,0.3148,0.4868,0.0719,0.3455,0.2185,0.3086,0.1933,-0.172,0.4149,78.491,133.6891,82.3105,0.8603
65.033,1951,,0.4097,0.68,-0.08,1.6251,0.76,0.4676,0.6219,0.5063,0.3131,0.4814,0.0718,0.3447,0.2178,0.3089,0.1932,-0.1683,0.4096,79.9963,134.8481,82.3081,0.8602
65.067,1952,,0.4086,0.6796,-0.08,1.6244,0.7595,0.4676,0.6213,0.5054,0.3118,0.4774,0.0718,0.3443,0.2178,0.3094,0.1936,-0.1656,0.4056,81.2204,135.7044,82.2976,0.8605
65.1,1953,,0.4051,0.6787,-0.0788,1.6264,0.7576,0.4658,0.619,0.5024,0.3077,0.4802,0.072,0.3424,0.2155,0.3113,0.1948,-0.1725,0.4082,79.2348,134.0358,82.2272,0.8608
65.133,1954,,0.4026,0.6779,-0.0784,1.6263,0.7563,0.465,0.6184,0.5003,0.305,0.4814,0.072,0.3403,0.2137,0.3134,0.1953,-0.1764,0.4095,78.216,133.2346,82.2225,0.8619
65.167,1955,,0.3997,0.6757,-0.0776,1.6271,0.7533,0.463,0.6168,0.4977,0.3017,0.4875,0.0721,0.337,0.2106,0.3151,0.196,-0.1858,0.4154,75.1963,130.9913,82.2463,0.8621
65.2,1956,,0.4021,0.6756,-0.0782,1.6233,0.7538,0.4644,0.6305,0.501,0.3032,0.4826,0.072,0.3379,0.2122,0.3273,0.1978,-0.1794,0.4106,77.2602,132.3668,81.9294,0.8604
65.233,1957,,0.4018,0.6758,-0.0793,1.624,0.7551,0.465,0.6152,0.5002,0.3034,0.4818,0.0719,0.3383,0.2118,0.3118,0.1967,-0.1784,0.4099,77.5372,132.8883,82.1076,0.8609
65.267,1958,,0.4022,0.6759,-0.0805,1.6229,0.7564,0.4661,0.6173,0.5,0.3044,0.4787,0.0717,0.3392,0.2125,0.3129,0.1956,-0.1743,0.407,78.8311,134.1049,82.2709,0.8613
65.3,1959,,0.4148,0.6884,-0.0887,1.6224,0.7771,0.479,0.6332,0.5112,0.3185,0.4911,0.0709,0.3532,0.2246,0.3147,0.1927,-0.1726,0.4203,78.26,134.4249,82.5046,0.8605
65.333,1960,,0.4236,0.6982,-0.0963,1.6242,0.7945,0.4891,0.6421,0.5194,0.3278,0.5021,0.0701,0.3633,0.2334,0.3143,0.1916,-0.1743,0.4321,76.9535,133.761,82.5269,0.8608
65.367,1961,,0.4324,0.7071,-0.1,1.6262,0.8071,0.4963,0.6525,0.5274,0.3375,0.5104,0.0696,0.3726,0.2418,0.3151,0.1899,-0.1729,0.4407,76.73,133.9536,82.646,0.8619
65.4,1962,,0.44,0.7128,-0.0995,1.626,0.8124,0.4996,0.6579,0.5337,0.3463,0.5154,0.0697,0.38,0.2493,0.3116,0.1874,-0.169,0.4456,77.0912,134.553,82.8436,0.8614
65.433,1963,,0.4293,0.7047,-0.0923,1.6305,0.797,0.4888,0.6475,0.5231,0.3355,0.517,0.0706,0.3685,0.2385,0.312,0.1876,-0.1815,0.4464,74.1063,132.1053,82.8195,0.8625
65.467,1964,,0.4345,0.7102,-0.0928,1.6323,0.803,0.4919,0.6521,0.5278,0.3411,0.522,0.0706,0.3745,0.2438,0.3109,0.1866,-0.1809,0.4514,74.0608,132.0309,82.8747,0.8624
65.5,1965,,0.4375,0.7129,-0.0942,1.6337,0.8071,0.494,0.6534,0.5309,0.3442,0.5225,0.0705,0.3775,0.2452,0.3092,0.1867,-0.1783,0.452,74.7437,132.3652,82.7385,0.8634
65.533,1966,,0.4373,0.7141,-0.0932,1.6352,0.8073,0.4937,0.6706,0.531,0.3436,0.5252,0.0707,0.3777,0.2446,0.327,0.1874,-0.1816,0.4545,73.9258,131.437,82.7118,0.8639
65.567,1967,,0.4288,0.7064,-0.0867,1.6351,0.7931,0.485,0.648,0.5224,0.3351,0.5184,0.0714,0.3688,0.2368,0.3129,0.1874,-0.1833,0.447,74.2606,131.3683,82.741,0.8642
65.6,1968,,0.423,0.6983,-0.0804,1.6324,0.7787,0.477,0.6558,0.5167,0.3293,0.5092,0.0721,0.3615,0.2291,0.3265,0.1873,-0.1798,0.4371,75.5417,131.8389,82.7748,0.8653
65.633,1969,,0.4171,0.6916,-0.077,1.6316,0.7686,0.4711,0.6348,0.51,0.3243,0.5052,0.0724,0.3551,0.2213,0.3105,0.1857,-0.1809,0.4328,75.1757,131.8315,83.0839,0.8653
65.667,1970,,0.4183,0.6887,-0.0768,1.6267,0.7655,0.4706,0.6484,0.5106,0.3261,0.5019,0.0724,0.3573,0.2214,0.3224,0.1845,-0.1758,0.4294,76.2812,132.6893,83.1128,0.8642
65.7,1971,,0.4165,0.6859,-0.0723,1.6252,0.7582,0.4665,0.6451,0.5077,0.3254,0.5038,0.0729,0.3538,0.219,0.3196,0.1823,-0.1784,0.4309,75.3931,132.3296,83.4374,0.8624
65.733,1972,,0.4104,0.6809,-0.0683,1.6245,0.7492,0.4612,0.6252,0.5013,0.3194,0.5109,0.0733,0.3466,0.2144,0.3058,0.1819,-0.1914,0.4375,71.7835,129.9072,83.6164,0.8618
65.767,1973,,0.4069,0.6791,-0.0692,1.6246,0.7483,0.4606,0.6236,0.4972,0.3166,0.515,0.0732,0.3438,0.2125,0.307,0.1806,-0.1984,0.4418,69.9018,129.0048,83.9552,0.8635
65.8,1974,,0.4044,0.6779,-0.0736,1.6223,0.7514,0.4632,0.6253,0.4943,0.3144,0.5129,0.0727,0.3413,0.2114,0.3109,0.1799,-0.1985,0.4402,70.035,129.2826,84.1914,0.8655
65.833,1975,,0.412,0.6854,-0.0763,1.6202,0.7617,0.4701,0.638,0.501,0.3229,0.5192,0.0725,0.3493,0.2174,0.3151,0.1781,-0.1963,0.4467,70.0034,129.6792,84.5175,0.8675
65.867,1976,,0.4201,0.6897,-0.0788,1.6156,0.7685,0.4757,0.6519,0.5063,0.3339,0.5215,0.0722,0.3574,0.2231,0.318,0.1723,-0.1876,0.4493,71.2231,131.769,85.2931,0.8719
65.9,1977,,0.4088,0.689,-0.0756,1.6179,0.7646,0.4726,0.6486,0.4933,0.3244,0.5197,0.0726,0.3497,0.2176,0.3242,0.1689,-0.1953,0.4471,69.9205,131.1164,86.0104,0.8732
65.933,1978,,0.3889,0.6749,-0.0621,1.6158,0.737,0.4561,0.6323,0.4715,0.3062,0.5277,0.0756,0.3295,0.1926,0.326,0.1652,-0.2215,0.4521,66.7544,128.1295,86.8281,0.8718
65.967,1979,,0.3768,0.6688,-0.0916,1.6054,0.7604,0.4736,0.6247,0.4591,0.2945,0.5278,0.0772,0.3149,0.1719,0.3301,0.1646,-0.2333,0.4506,66.8156,127.5302,87.2788,0.8627
66.0,1980,,0.4002,0.6905,-0.0822,1.595,0.7727,0.4844,0.6644,0.4808,0.3196,0.5298,0.0765,0.3313,0.1802,0.3449,0.1613,-0.2102,0.4533,70.6315,129.3798,87.5029,0.848
66.033,1981,,0.4225,0.7109,-0.0727,1.5785,0.7836,0.4964,0.6669,0.5029,0.3421,0.5316,0.0763,0.345,0.1867,0.3248,0.1608,-0.1895,0.4553,75.8514,131.6852,87.3926,0.8205
66.067,1982,,0.4407,0.7314,-0.0589,1.5494,0.7904,0.5101,0.6884,0.5225,0.3589,0.5279,0.0761,0.3613,0.2033,0.3296,0.1636,-0.169,0.4518,81.9636,134.4837,87.0427,0.787
66.1,1983,,0.4512,0.7428,-0.0529,1.5133,0.7958,0.5259,0.7014,0.5371,0.3654,0.5215,0.0766,0.373,0.2217,0.336,0.1718,-0.1561,0.4448,86.5714,135.1233,86.0829,0.753
66.133,1984,,0.463,0.7485,-0.0431,1.4662,0.7916,0.5399,0.7106,0.5539,0.3721,0.5076,0.0768,0.3846,0.239,0.3385,0.1817,-0.1355,0.4308,93.8693,137.3483,84.7492,0.72
66.167,1985,,0.4723,0.7571,-0.0347,1.4483,0.7918,0.5467,0.7221,0.5688,0.3758,0.4888,0.076,0.3976,0.259,0.3462,0.193,-0.113,0.4128,103.4146,140.911,83.491,0.6846
66.2,1986,,0.4712,0.7533,-0.0246,1.4322,0.7779,0.5432,0.7202,0.5718,0.3705,0.4662,0.077,0.3996,0.2671,0.3496,0.2012,-0.0956,0.3892,109.7988,143.5082,82.2734,0.6498
66.233,1987,,0.4561,0.7378,-0.0174,1.4136,0.7552,0.5342,0.7003,0.563,0.3491,0.4318,0.0787,0.3925,0.2601,0.3512,0.2139,-0.0827,0.3532,115.8303,145.3036,80.9858,0.6149
66.267,1988,,0.4396,0.7258,-0.0274,1.3999,0.7532,0.538,0.6903,0.5533,0.3259,0.4023,0.0784,0.3829,0.2486,0.3644,0.2274,-0.0764,0.3239,118.4737,145.8976,79.6231,0.598
66.3,1989,,0.4359,0.7282,-0.0249,1.4177,0.7531,0.5312,0.6931,0.5586,0.3132,0.3872,0.0783,0.3784,0.2333,0.3799,0.2454,-0.074,0.3089,119.8581,144.4244,77.402,0.5789
66.333,1990,,0.4288,0.7294,-0.0236,1.4293,0.7529,0.5268,0.6964,0.5636,0.294,0.3777,0.0771,0.3726,0.2223,0.4024,0.2696,-0.0837,0.3006,119.5524,140.1523,74.4854,0.5763
66.367,1991,,0.4256,0.7307,-0.0276,1.4353,0.7582,0.5283,0.6996,0.5687,0.2825,0.3676,0.0767,0.3673,0.2135,0.4172,0.2862,-0.0852,0.2909,119.8958,137.6184,71.9612,0.5867
66.4,1992,,0.439,0.74,-0.0263,1.4442,0.7662,0.5306,0.7111,0.5875,0.2905,0.3746,0.0769,0.3793,0.2189,0.4207,0.297,-0.0841,0.2977,119.551,135.2413,69.3947,0.6063
66.433,1993,,0.4483,0.7483,-0.0218,1.4437,0.7701,0.5334,0.7209,0.6001,0.2965,0.3741,0.0774,0.3858,0.227,0.4244,0.3035,-0.0776,0.2968,120.2921,134.5532,67.652,0.6243
66.467,1994,,0.4551,0.7581,-0.0193,1.4508,0.7774,0.5359,0.7313,0.6102,0.3,0.3757,0.0777,0.3942,0.2342,0.4313,0.3102,-0.0757,0.298,120.2267,133.5714,66.2799,0.6469
66.5,1995,,0.4615,0.7693,-0.0183,1.4458,0.7876,0.5448,0.7433,0.6225,0.3006,0.3735,0.0784,0.4047,0.2425,0.4427,0.3219,-0.0729,0.295,121.0075,132.2262,64.4816,0.6733
66.533,1996,,0.4656,0.7935,-0.0204,1.4664,0.8139,0.5551,0.7583,0.6314,0.2999,0.3735,0.079,0.4145,0.2498,0.4584,0.3315,-0.0736,0.2945,120.9273,130.3601,62.8877,0.7169
66.567,1997,,0.4676,0.7752,-0.0238,1.443,0.799,0.5537,0.7502,0.6374,0.2978,0.369,0.0795,0.4243,0.2576,0.4523,0.3396,-0.0712,0.2895,122.1938,129.2369,61.4918,0.7119
66.6,1998,,0.4611,0.771,-0.0288,1.4281,0.7998,0.56,0.7459,0.6357,0.2864,0.3733,0.0798,0.4293,0.2631,0.4595,0.3493,-0.0869,0.2934,119.4902,125.1094,59.9193,0.7243
66.633,1999,,0.4524,0.7654,-0.0341,1.4067,0.7995,0.5683,0.7402,0.6306,0.2743,0.374,0.0796,0.4323,0.2668,0.466,0.3563,-0.0998,0.2944,116.769,121.9633,58.876,0.7358
66.667,2000,,0.4449,0.7587,-0.0382,1.3795,0.7969,0.5776,0.7331,0.6256,0.2641,0.3718,0.0793,0.4336,0.2658,0.469,0.3614,-0.1076,0.2925,114.7479,119.8962,57.8949,0.7432
66.7,2001,,0.433,0.7472,-0.0471,1.3769,0.7944,0.5769,0.7218,0.6156,0.2504,0.3833,0.0789,0.4318,0.256,0.4715,0.3652,-0.1329,0.3044,107.1693,116.2102,57.2609,0.758
66.733,2002,,0.425,0.7371,-0.0556,1.3826,0.7927,0.5733,0.711,0.6077,0.2422,0.39,0.0788,0.4314,0.252,0.4688,0.3655,-0.1478,0.3112,103.2304,113.277,56.2767,0.7652
66.767,2003,,0.4168,0.7282,-0.0618,1.4152,0.7901,0.5583,0.7031,0.6014,0.2323,0.3942,0.0788,0.434,0.2502,0.4707,0.369,-0.1618,0.3153,99.9307,110.267,54.8372,0.7701
66.8,2004,,0.4077,0.7192,-0.0697,1.4529,0.789,0.543,0.6951,0.5952,0.2201,0.391,0.079,0.4355,0.2513,0.4749,0.3751,-0.1708,0.312,98.5836,106.899,53.0666,0.7744
66.833,2005,,0.3923,0.7021,-0.0823,1.4928,0.7844,0.5255,0.6806,0.5869,0.1977,0.3962,0.0793,0.4329,0.2482,0.4829,0.3892,-0.1985,0.3169,93.9458,100.7564,50.5994,0.7785
66.867,2006,,0.377,0.6856,-0.0897,1.5298,0.7753,0.5068,0.6653,0.5786,0.1753,0.3986,0.0795,0.4323,0.2498,0.49,0.4033,-0.2232,0.3191,89.7761,95.3609,48.4339,0.7805
66.9,2007,,0.3649,0.6734,-0.0952,1.5521,0.7686,0.4952,0.6535,0.5679,0.1619,0.3887,0.08,0.4331,0.2525,0.4916,0.406,-0.2268,0.3087,87.2271,91.4763,45.9733,0.7932
66.933,2008,,0.3581,0.6619,-0.0953,1.5647,0.7572,0.4839,0.6426,0.5629,0.1534,0.3828,0.0806,0.4369,0.2595,0.4893,0.4095,-0.2294,0.3022,83.0077,87.9996,43.6027,0.8051
66.967,2009,,0.3593,0.6573,-0.0735,1.5613,0.7308,0.468,0.6387,0.5662,0.1524,0.3447,0.0807,0.454,0.2815,0.4863,0.4138,-0.1923,0.264,90.1781,88.8602,40.898,0.8132
67.0,2010,,0.3704,0.6602,-0.0387,1.5456,0.6989,0.4522,0.6407,0.5756,0.1651,0.2705,0.0799,0.4787,0.3107,0.4756,0.4105,-0.1054,0.1906,117.4997,101.326,37.8771,0.8193
67.033,2011,,0.3748,0.6781,-0.0675,1.5238,0.7456,0.4893,0.6359,0.5807,0.1689,0.2285,0.0796,0.4971,0.3312,0.4671,0.4119,-0.0596,0.1489,92.366,107.1967,35.4712,0.8038
67.067,2012,,0.395,0.7055,-0.1059,1.4943,0.8113,0.543,0.6439,0.5981,0.1918,0.2155,0.08,0.5258,0.3639,0.4521,0.4063,-0.0237,0.1355,70.7744,110.4256,33.4427,0.7897
67.1,2013,,0.3953,0.7086,-0.1407,1.4705,0.8493,0.5776,0.6337,0.5967,0.1939,0.192,0.0812,0.5255,0.364,0.4398,0.4028,0.0019,0.1108,54.1853,111.3402,31.4147,0.7964
67.133,2014,,0.391,0.7059,-0.1655,1.4576,0.8715,0.5979,0.6209,0.5912,0.1908,0.1736,0.0816,0.515,0.3562,0.4301,0.4003,0.0172,0.092,50.0075,112.0266,30.5397,0.8408
67.167,2015,,0.3926,0.7053,-0.1859,1.447,0.8912,0.6159,0.6107,0.589,0.1962,0.1586,0.0824,0.5049,0.3512,0.4145,0.3928,0.0375,0.0763,43.929,113.8428,30.0166,0.8922
67.2,2016,,0.3939,0.7026,-0.1839,1.4326,0.8865,0.6188,0.5989,0.5866,0.2011,0.1538,0.0852,0.4986,0.3475,0.3978,0.3855,0.0473,0.0686,34.2135,114.1622,29.0803,0.9086
67.233,2017,,0.3987,0.6965,-0.1802,1.4125,0.8767,0.6206,0.5877,0.5876,0.2098,0.1542,0.0849,0.4971,0.347,0.3779,0.3778,0.0556,0.0693,36.1739,114.2061,28.2586,0.9178
67.267,2018,,0.4015,0.6913,-0.1846,1.3731,0.8759,0.6379,0.5722,0.5863,0.2167,0.1492,0.0846,0.4937,0.3383,0.3555,0.3696,0.0675,0.0646,37.9414,115.4836,28.673,0.9245
67.3,2019,,0.4083,0.6865,-0.1836,1.3025,0.8701,0.6681,0.5615,0.5895,0.2271,0.1531,0.0839,0.4925,0.3246,0.3344,0.3624,0.0739,0.0692,39.1739,116.8609,29.6506,0.9319
67.333,2020,,0.4171,0.6752,-0.1748,1.2736,0.85,0.6674,0.5497,0.5885,0.2458,0.1602,0.084,0.4861,0.3091,0.304,0.3427,0.0856,0.0762,39.4865,120.1591,31.6483,0.9239
67.367,2021,,0.4298,0.6605,-0.1685,1.24,0.8291,0.6686,0.5405,0.5901,0.2696,0.1604,0.0845,0.4772,0.2863,0.2709,0.3205,0.1092,0.0758,39.7539,122.4979,33.7552,0.9095
67.4,2022,,0.4394,0.6592,-0.1629,1.1938,0.8221,0.6886,0.5312,0.5909,0.2879,0.1549,0.0848,0.4646,0.2642,0.2433,0.303,0.133,0.0701,41.3609,125.9077,35.4614,0.8891
67.433,2023,,0.4376,0.6428,-0.1735,1.1635,0.8162,0.7015,0.5135,0.5786,0.2966,0.1398,0.0847,0.4398,0.2273,0.217,0.282,0.1568,0.0551,43.0742,128.9271,38.4312,0.8862
67.467,2024,,0.4341,0.6291,-0.1821,1.146,0.8112,0.7078,0.5009,0.5687,0.2995,0.126,0.0843,0.4186,0.1947,0.2014,0.2692,0.1735,0.0417,45.1241,131.9386,41.4318,0.8798
67.5,2025,,0.4315,0.6228,-0.1833,1.134,0.8061,0.7109,0.4889,0.5653,0.2976,0.1126,0.0843,0.4065,0.1722,0.1912,0.2677,0.185,0.0284,48.1356,135.1605,43.3821,0.8728
67.533,2026,,0.4346,0.6185,-0.19,1.132,0.8085,0.7142,0.4637,0.5611,0.3081,0.1024,0.0839,0.398,0.1535,0.1556,0.2531,0.2056,0.0186,52.0232,138.5033,46.9893,0.8594
67.567,2027,,0.4491,0.6265,-0.1863,1.1424,0.8128,0.7115,0.4401,0.5656,0.3327,0.0917,0.0837,0.3958,0.1497,0.1075,0.2329,0.241,0.008,58.3729,144.4243,51.0038,0.8436
67.6,2028,,0.4508,0.5892,-0.1813,1.0829,0.7705,0.7115,0.3785,0.5291,0.3725,0.0802,0.0833,0.3551,0.0986,0.006,0.1567,0.2922,-0.0031,71.3981,153.1795,64.6315,0.7629
67.633,2029,,0.4643,0.5828,-0.1488,1.0698,0.7316,0.6838,0.3583,0.5213,0.4073,0.0957,0.0827,0.3511,0.0885,-0.049,0.114,0.3116,0.013,77.7798,146.1049,73.8987,0.7287
67.667,2030,,0.4881,0.5986,-0.1262,1.075,0.7248,0.6742,0.3661,0.5325,0.4437,0.1072,0.0827,0.3665,0.1115,-0.0776,0.0888,0.3365,0.0245,77.4589,138.823,79.0089,0.7076
67.7,2031,,0.5212,0.6155,-0.0956,1.0941,0.7111,0.6499,0.3759,0.5472,0.4952,0.1208,0.0824,0.385,0.1363,-0.1194,0.052,0.3745,0.0383,76.7415,128.2899,87.0465,0.6893
67.733,2032,,0.5464,0.6241,-0.0619,1.1183,0.6859,0.6134,0.3831,0.5569,0.5359,0.1341,0.0822,0.3998,0.1593,-0.1528,0.021,0.4018,0.0519,76.811,118.3747,94.3734,0.6722
67.767,2033,,0.5567,0.6143,-0.006,1.1463,0.6203,0.5411,0.3622,0.5482,0.5652,0.1529,0.0812,0.399,0.1651,-0.203,-0.017,0.4122,0.0718,80.623,106.2518,103.7452,0.6519
67.8,2034,,0.5527,0.6295,-0.0436,1.239,0.6732,0.5433,0.3055,0.5128,0.5925,0.158,0.0781,0.3703,0.1421,-0.287,-0.0797,0.4345,0.0799,90.1816,87.4738,118.544,0.6702
67.833,2035,,0.5566,0.6404,-0.0367,1.26,0.677,0.5373,0.3008,0.5136,0.5996,0.1563,0.078,0.3861,0.1727,-0.2988,-0.086,0.4433,0.0783,92.0774,83.918,119.9755,0.6495
67.867,2036,,0.5665,0.6665,-0.0381,1.3332,0.7046,0.5285,0.2783,0.5094,0.6236,0.1812,0.0782,0.3939,0.1972,-0.3453,-0.1142,0.4424,0.103,101.3222,76.622,126.6805,0.6553
67.9,2037,,0.5759,0.6968,-0.044,1.4135,0.7408,0.5241,0.2885,0.5049,0.6469,0.1956,0.0782,0.4027,0.2155,-0.3584,-0.1421,0.4513,0.1174,110.1156,70.9574,131.5506,0.6697
67.933,2038,,0.5681,0.7059,-0.0736,1.4776,0.7795,0.5275,0.2455,0.4831,0.653,0.1895,0.0765,0.3927,0.2099,-0.4076,-0.1699,0.4636,0.1129,106.9115,65.2111,135.2852,0.6877
67.967,2039,,0.5482,0.694,-0.1131,1.5363,0.8072,0.5254,0.2093,0.4535,0.6429,0.1628,0.0731,0.3744,0.1938,-0.4336,-0.1894,0.4801,0.0897,99.5233,60.0542,136.1615,0.6901
68.0,2040,,0.5447,0.6947,-0.1393,1.596,0.834,0.5226,0.1593,0.4378,0.6515,0.1474,0.07,0.3685,0.1922,-0.4923,-0.2137,0.5041,0.0774,96.3707,53.9821,138.9472,0.7031
68.033,2041,,0.5297,0.6868,-0.1788,1.6507,0.8656,0.5244,0.1307,0.4168,0.6426,0.1272,0.0667,0.3516,0.1764,-0.5118,-0.2257,0.5154,0.0604,92.8087,51.8299,138.7929,0.717
68.067,2042,,0.5392,0.6852,-0.1864,1.7078,0.8716,0.5104,0.1553,0.4374,0.6409,0.1404,0.0684,0.3663,0.1896,-0.4856,-0.2035,0.5005,0.0721,91.474,56.0877,133.6917,0.7172
68.1,2043,,0.5731,0.7161,-0.1831,1.7596,0.8992,0.511,0.1931,0.469,0.6772,0.1647,0.0704,0.3948,0.2128,-0.4841,-0.2083,0.5126,0.0942,93.1713,55.0037,133.9267,0.7426
68.133,2044,,0.6015,0.7277,-0.1894,1.7985,0.9171,0.5099,0.2388,0.5009,0.7021,0.1844,0.0697,0.4183,0.2268,-0.4633,-0.2012,0.5177,0.1147,100.4138,53.6312,132.6465,0.7644
68.167,2045,,0.634,0.7463,-0.195,1.8198,0.9413,0.5172,0.2743,0.5422,0.7257,0.2023,0.0681,0.4425,0.2366,-0.4514,-0.1836,0.5235,0.1342,109.7337,53.1989,131.6405,0.7946
68.2,2046,,0.6568,0.749,-0.2146,1.8071,0.9636,0.5332,0.2689,0.5688,0.7449,0.2039,0.0625,0.4525,0.2259,-0.4761,-0.1762,0.541,0.1414,94.7583,49.2163,133.7006,0.8244
68.233,2047,,0.6692,0.7513,-0.2125,1.7799,0.9637,0.5415,0.3319,0.591,0.7474,0.2066,0.0588,0.4685,0.225,-0.4155,-0.1564,0.5408,0.1478,96.0107,49.7028,132.3847,0.8459
68.267,2048,,0.714,0.7663,-0.1448,1.7366,0.9111,0.5246,0.3918,0.6701,0.7578,0.242,0.0631,0.5281,0.2873,-0.366,-0.0877,0.5158,0.179,159.887,65.6967,120.7358,0.8157
68.3,2049,,0.762,0.817,-0.1097,1.6887,0.9266,0.5487,0.4867,0.7517,0.7724,0.2943,0.0681,0.6063,0.3637,-0.2856,-0.0207,0.478,0.2262,170.201,95.7655,102.1416,0.8207
68.333,2050,,0.8009,0.8588,-0.0935,1.6898,0.9523,0.5635,0.5606,0.8214,0.7803,0.3285,0.0703,0.6685,0.4255,-0.2197,0.0411,0.4518,0.2582,166.4955,117.1956,79.8461,0.8877
68.367,2051,,0.8186,0.8967,-0.0892,1.787,0.986,0.5517,0.6313,0.8714,0.7658,0.3435,0.0708,0.7235,0.4791,-0.1345,0.1056,0.4222,0.2728,167.2993,131.9149,57.3697,0.9519
68.4,2052,,0.8362,0.9437,-0.069,1.889,1.0127,0.5361,0.7414,0.9197,0.7526,0.3481,0.0729,0.7762,0.5393,-0.0112,0.1671,0.4045,0.2752,170.3393,143.4374,42.0617,1.0118
68.433,2053,,0.846,0.9834,-0.0573,1.989,1.0406,0.5232,0.7735,0.9699,0.7221,0.3493,0.0739,0.8265,0.5862,0.0514,0.2479,0.3728,0.2753,172.8824,157.0541,28.2243,1.0655
68.467,2054,,0.8523,1.0248,-0.0659,2.1404,1.0907,0.5096,0.8606,1.0088,0.6958,0.3417,0.073,0.8561,0.6169,0.1649,0.3131,0.3541,0.2688,171.2921,165.1847,21.2162,1.1304
68.5,2055,,0.8742,1.0623,-0.0608,2.262,1.1231,0.4965,0.93,1.0441,0.7042,0.3489,0.0734,0.8865,0.6481,0.2258,0.3399,0.3553,0.2755,166.6014,166.5054,18.3001,1.1747
68.533,2056,,0.8946,1.0871,-0.0518,2.335,1.1389,0.4878,0.9945,1.0737,0.7155,0.3575,0.0745,0.9123,0.677,0.279,0.3581,0.3581,0.283,164.6729,165.5294,15.4837,1.1949
68.567,2057,,0.9201,1.129,-0.026,2.4454,1.1551,0.4723,1.0613,1.1131,0.7271,0.3651,0.077,0.945,0.712,0.3341,0.3859,0.362,0.2881,166.0048,165.8863,12.472,1.2191
68.6,2058,,0.9577,1.1907,0.0191,2.6168,1.1716,0.4477,1.1391,1.1595,0.756,0.3862,0.0805,0.9902,0.7598,0.3831,0.4035,0.3697,0.3057,170.5495,166.793,10.0548,1.2403
68.633,2059,,1.0053,1.2615,0.0789,2.795,1.1827,0.4231,1.2127,1.2165,0.7942,0.4137,0.0832,1.0383,0.8139,0.4185,0.4223,0.3805,0.3305,174.8438,167.1886,8.2007,1.2901
68.667,2060,,1.0351,1.3191,0.0446,3.0429,1.2745,0.4188,1.271,1.2555,0.8146,0.4269,0.0836,1.0744,0.8504,0.4564,0.4409,0.3878,0.3432,176.7416,167.1197,6.7607,1.4069
68.7,2061,,1.0664,1.3709,-0.0105,3.3025,1.3814,0.4183,1.3267,1.2966,0.8362,0.4469,0.082,1.1119,0.8895,0.4904,0.4603,0.3894,0.3649,175.5452,167.2487,5.6276,1.5332
68.733,2062,,1.0845,1.4094,-0.0492,3.4972,1.4586,0.4171,1.3724,1.3259,0.8432,0.4559,0.0799,1.1387,0.9172,0.5292,0.4826,0.3873,0.376,173.8406,167.4025,4.8031,1.6145
68.767,2063,,1.09,1.4368,-0.0743,3.6368,1.5111,0.4155,1.4018,1.3426,0.8373,0.4419,0.0781,1.1531,0.93,0.5645,0.5054,0.3954,0.3638,172.4628,167.3388,4.2718,1.6337
68.8,2064,,1.0776,1.4555,-0.0818,3.7427,1.5373,0.4107,1.4162,1.3452,0.81,0.4126,0.0773,1.1501,0.9238,0.6062,0.5352,0.3974,0.3353,171.137,167.1623,3.4399,1.6117
68.833,2065,,1.0688,1.4717,-0.0963,3.8343,1.568,0.4089,1.4319,1.349,0.7886,0.3895,0.0754,1.15,0.9194,0.6433,0.5604,0.3991,0.3141,170.0021,167.0668,2.926,1.5998
68.867,2066,,1.0628,1.4829,-0.1028,3.8954,1.5858,0.4071,1.4453,1.35,0.7757,0.3656,0.0743,1.1486,0.9127,0.6696,0.5743,0.41,0.2913,169.6387,166.879,2.7397,1.5823
68.9,2067,,1.0596,1.4955,-0.1058,3.9575,1.6013,0.4046,1.4593,1.3532,0.7659,0.3488,0.0738,1.1511,0.9111,0.6934,0.5873,0.4171,0.275,170.7122,167.4706,2.7376,1.5748
68.933,2068,,1.0581,1.5063,-0.1027,4.0061,1.609,0.4016,1.4715,1.3571,0.7592,0.3354,0.0741,1.1491,0.9057,0.7124,0.5979,0.4237,0.2614,173.1765,168.2415,2.8719,1.567
68.967,2069,,1.0592,1.5164,-0.0876,4.0385,1.604,0.3972,1.4824,1.3613,0.757,0.339,0.0756,1.1448,0.8989,0.7253,0.6043,0.418,0.2634,173.248,168.3675,3.1284,1.5545
69.0,2070,,1.0646,1.5284,-0.0709,4.0748,1.5993,0.3925,1.4947,1.3671,0.762,0.353,0.077,1.1418,0.8937,0.7327,0.6052,0.4089,0.276,171.2928,168.1457,3.4431,1.5482
69.033,2071,,1.0703,1.5389,-0.0483,4.0929,1.5872,0.3878,1.5056,1.3729,0.7677,0.3635,0.0787,1.1401,0.8869,0.7379,0.6052,0.4043,0.2848,168.0947,167.9502,3.7107,1.5439
69.067,2072,,1.0789,1.551,-0.0173,4.0996,1.5683,0.3826,1.5181,1.3812,0.7766,0.3712,0.0808,1.1449,0.8874,0.7415,0.6046,0.4055,0.2904,165.0839,167.56,4.0407,1.5429
69.1,2073,,1.0921,1.5671,0.023,4.1022,1.5441,0.3764,1.5339,1.3927,0.7915,0.3848,0.083,1.1563,0.8956,0.7424,0.6012,0.4067,0.3018,163.2766,166.8521,4.4425,1.5518
69.133,2074,,1.1118,1.5843,0.0697,4.0922,1.5147,0.3701,1.5511,1.4086,0.815,0.4091,0.0844,1.1725,0.9088,0.7361,0.5936,0.4059,0.3247,163.2346,166.5953,4.5612,1.5709
69.167,2075,,1.1324,1.6011,0.0513,4.1452,1.5498,0.3739,1.5679,1.4246,0.8402,0.439,0.0844,1.1878,0.9234,0.7277,0.5844,0.4012,0.3547,164.461,166.597,4.5994,1.6228
69.2,2076,,1.1451,1.6153,0.004,4.2103,1.6113,0.3827,1.5827,1.4381,0.8521,0.4466,0.0834,1.1969,0.9332,0.7306,0.586,0.4055,0.3632,167.3286,167.1364,4.7058,1.7212
69.233,2077,,1.1499,1.6235,-0.0355,4.2522,1.6591,0.3902,1.5893,1.4445,0.8554,0.448,0.0831,1.2004,0.9308,0.7339,0.5891,0.4074,0.3649,170.6557,167.4396,4.4539,1.8162
69.267,2078,,1.1371,1.623,-0.0533,4.2382,1.6764,0.3955,1.5869,1.4408,0.8334,0.4137,0.0843,1.1939,0.9209,0.7535,0.6074,0.4197,0.3294,174.0712,167.5529,4.0824,1.9137
69.3,2079,,1.1324,1.6159,-0.0676,4.1754,1.6835,0.4032,1.582,1.4362,0.8286,0.4007,0.0856,1.1895,0.9047,0.7534,0.6076,0.4279,0.3151,177.7205,167.7256,3.3709,2.0408
69.333,2080,,1.122,1.6047,-0.0734,4.0896,1.6782,0.4103,1.5752,1.4285,0.8155,0.3859,0.0867,1.1791,0.8874,0.7596,0.613,0.4297,0.2991,178.5737,167.5705,2.6288,2.1748
69.367,2081,,1.112,1.5975,-0.0751,4.0265,1.6726,0.4154,1.5704,1.4192,0.8049,0.3746,0.0875,1.1661,0.8692,0.7655,0.6143,0.4303,0.2871,178.0301,166.9923,2.0778,2.317
69.4,2082,,1.0986,1.5927,-0.0736,3.9835,1.6664,0.4183,1.5666,1.4075,0.7897,0.3551,0.0882,1.1517,0.8507,0.7769,0.6177,0.4346,0.2669,177.6573,166.0769,1.7759,2.3821
69.433,2083,,1.0805,1.5885,-0.071,3.9547,1.6595,0.4196,1.564,1.3962,0.7649,0.318,0.089,1.1367,0.8311,0.7991,0.6313,0.4469,0.229,176.1692,165.3711,2.1597,2.4168
69.467,2084,,1.0666,1.5894,-0.0689,3.9431,1.6583,0.4206,1.5664,1.3919,0.7413,0.2821,0.0897,1.1283,0.8217,0.8251,0.6507,0.4592,0.1924,171.1243,165.5272,2.2253,2.4625
69.5,2085,,1.0561,1.5887,-0.0627,3.9134,1.6514,0.422,1.5685,1.3932,0.719,0.2681,0.0902,1.1246,0.8125,0.8495,0.6742,0.4508,0.1779,164.5431,166.5396,2.3042,2.4251
69.533,2086,,1.0491,1.5862,-0.0572,3.8803,1.6434,0.4235,1.5685,1.3909,0.7072,0.2471,0.0899,1.1168,0.7976,0.8613,0.6838,0.4601,0.1571,150.421,168.4873,2.42,2.3342
69.567,2087,,1.0452,1.5848,-0.0586,3.8591,1.6434,0.4258,1.5687,1.3892,0.7011,0.227,0.0868,1.111,0.784,0.8676,0.6881,0.4741,0.1402,137.4723,170.9515,2.283,2.2343
69.6,2088,,1.0476,1.5841,-0.0493,3.8291,1.6335,0.4266,1.5672,1.3905,0.7047,0.1999,0.085,1.1067,0.7747,0.8625,0.6858,0.5048,0.115,125.4183,174.5417,1.9778,2.1348
69.633,2089,,0.9469,1.5241,0.0,3.6239,1.5241,0.4206,1.5018,1.3155,0.5784,0.0112,,1.0113,0.6585,0.9234,0.7371,0.5672,,,176.1279,2.1304,1.8661
69.667,2090,,0.9777,1.5446,0.0,3.6455,1.5446,0.4237,1.5205,1.3407,0.6147,0.0351,,1.0422,0.6925,0.9058,0.7261,0.5795,,,177.051,2.32,1.8521
69.7,2091,,0.9826,1.5452,0.0,3.6089,1.5452,0.4282,1.5191,1.3437,0.6214,0.0455,,1.0452,0.6953,0.8977,0.7223,0.5759,,,176.5312,2.4648,1.7911
69.733,2092,,0.9786,1.5402,0.0,3.5577,1.5402,0.4329,1.5098,1.3381,0.619,0.0576,,1.0407,0.6927,0.8908,0.7191,0.5614,,,175.4047,2.8687,1.7151
69.767,2093,,0.971,1.5355,0.0,3.5058,1.5355,0.438,1.5019,1.3355,0.6065,0.0522,,1.0396,0.6912,0.8954,0.729,0.5543,,,174.0143,3.2812,1.6551
69.8,2094,,0.9665,1.5277,0.0,3.4386,1.5277,0.4443,1.4954,1.3306,0.6025,0.0602,,1.0381,0.6879,0.8929,0.7281,0.5423,,,170.2406,3.227,1.5872
69.833,2095,,0.9647,1.5225,-0.0,3.3831,1.5225,0.45,1.4892,1.3281,0.6013,0.0685,,1.0355,0.686,0.8879,0.7268,0.5329,,,167.7047,2.0411,1.5446
69.867,2096,,0.9592,1.5177,0.0,3.3271,1.5177,0.4562,1.4814,1.3231,0.5953,0.0701,,1.0324,0.683,0.8861,0.7279,0.5252,,,165.6275,1.3977,1.5201
69.9,2097,,0.9451,1.5047,0.0,3.2442,1.5047,0.4638,1.4667,1.3068,0.5834,0.068,,1.0189,0.6698,0.8832,0.7234,0.5155,,,163.2641,0.946,1.4858
69.933,2098,,0.9362,1.4924,0.0,3.1542,1.4924,0.4731,1.4536,1.3,0.5724,0.0695,,1.0052,0.6608,0.8811,0.7276,0.5029,,,162.0135,0.4431,1.4577
69.967,2099,,0.9049,1.4718,0.0,3.0461,1.4718,0.4832,1.4316,1.2759,0.5338,0.0619,,0.9828,0.6368,0.8978,0.7421,0.4719,,,159.4637,0.1012,1.4035
70.0,2100,,0.8694,1.4479,0.0,2.9173,1.4479,0.4963,1.41,1.253,0.4859,0.053,,0.9642,0.6144,0.9242,0.7671,0.4328,,,156.6198,0.1235,1.3646
70.033,2101,,0.8292,1.414,0.0,2.7764,1.414,0.5093,1.375,1.2197,0.4386,0.0414,,0.9189,0.57,0.9363,0.7811,0.3972,,,156.2274,0.5019,1.3202
70.067,2102,,0.7958,1.3854,0.0,2.6428,1.3854,0.5242,1.3431,1.1904,0.4012,0.0339,,0.8865,0.5328,0.9418,0.7891,0.3674,,,155.1784,0.414,1.2976
70.1,2103,,0.6224,1.2706,-0.0,2.3898,1.2706,0.5317,1.2504,1.0567,0.1882,,,0.711,0.3349,1.0621,0.8684,,,,,0.3831,1.0917
70.133,2104,,0.6478,1.2753,0.0,2.3264,1.2753,0.5482,1.2575,1.0696,0.226,,,0.7263,0.3534,1.0315,0.8436,,,,,0.8013,1.1337
70.167,2105,,0.6561,1.2629,0.0,2.2335,1.2629,0.5654,1.2429,1.0612,0.251,,,0.7158,0.3575,0.9919,0.8102,,,,,2.0392,1.1717
70.2,2106,,0.6694,1.2626,-0.0,2.1774,1.2626,0.5799,1.2337,1.0697,0.269,,,0.7216,0.3677,0.9647,0.8007,,,,,2.6517,1.2399
70.233,2107,,0.6754,1.2492,0.0,2.1146,1.2492,0.5908,1.2115,1.0646,0.2862,,,0.7055,0.3619,0.9253,0.7784,,,,,3.0471,1.3013
70.267,2108,,0.6792,1.2333,-0.0,2.042,1.2333,0.604,1.1973,1.0583,0.3,,,0.6965,0.361,0.8973,0.7584,,,,,3.3312,1.3701
70.3,2109,,0.688,1.2332,0.0,2.0238,1.2332,0.6094,1.1983,1.0604,0.3156,,,0.6887,0.3612,0.8827,0.7448,,,,,3.0164,1.4203
70.333,2110,,0.6889,1.2167,0.0,1.9694,1.2167,0.6178,1.1867,1.0515,0.3263,,,0.6765,0.3617,0.8604,0.7252,,,,,3.2482,1.3499
70.367,2111,,0.6916,1.2073,0.0,1.9325,1.2073,0.6247,1.182,1.0446,0.3387,,,0.6688,0.3647,0.8433,0.7059,,,,,3.2443,1.3022
70.4,2112,,0.6751,1.1862,0.0,1.8855,1.1862,0.6291,1.1625,1.0275,0.3227,,,0.6352,0.3561,0.8398,0.7048,,,,,3.4684,1.2467
70.433,2113,,0.6477,1.1553,0.0,1.8243,1.1553,0.6333,1.1296,1.0006,0.2947,,,0.5902,0.3447,0.8349,0.706,,,,,3.0922,1.1943
70.467,2114,,0.6288,1.1336,0.0,1.7777,1.1336,0.6377,1.1031,0.9805,0.2772,,,0.5619,0.3373,0.8259,0.7033,,,,,1.8715,1.1705
70.5,2115,,0.4723,1.0083,0.0,1.6044,1.0083,0.6285,0.9641,0.8403,0.1043,,,0.3857,0.4974,0.8598,0.7361,,,,,1.7201,1.0156
70.533,2116,,0.4635,0.9996,0.0,1.6032,0.9996,0.6235,0.949,0.8211,0.106,,,0.36,0.4895,0.843,0.7151,,,,,0.5922,0.9999
70.567,2117,,0.4577,0.9859,0.0,1.5981,0.9859,0.617,0.9427,0.809,0.1064,,,0.3388,0.482,0.8363,0.7026,,,,,1.7464,0.9617
70.6,2118,,0.4593,0.9863,0.0,1.6398,0.9863,0.6015,0.9556,0.8105,0.108,,,0.3295,0.4812,0.8476,0.7025,,,,,4.1979,0.9353
70.633,2119,,0.4598,0.998,-0.0,1.6712,0.998,0.5972,0.9624,0.8132,0.1064,,,0.3225,0.4823,0.8561,0.7069,,,,,6.4702,0.9043
70.667,2120,,0.4617,1.012,0.0,1.6994,1.012,0.5955,0.9735,0.8205,0.1029,,,0.3225,0.4774,0.8705,0.7175,,,,,9.3007,0.8551
70.7,2121,,0.7471,1.1336,0.0,1.8444,1.1336,0.6146,1.0962,0.9411,0.3591,,,0.4736,0.3071,0.7371,0.582,,,,,4.4041,0.9339
70.733,2122,,0.4711,0.9235,-0.0792,1.7657,1.0027,0.5679,0.8761,0.7067,0.0,,,0.1785,0.2892,0.8761,0.7067,,,,,5.7822,0.6973
70.767,2123,,0.7523,1.1699,0.0,1.95,1.1699,0.5999,1.1309,0.961,0.3348,,,0.5075,0.3142,0.7961,0.6262,,,,,6.7778,0.8696
70.8,2124,,0.7671,1.1906,-0.0,2.0149,1.1906,0.5909,1.1527,0.9789,0.3436,,,0.5371,0.3159,0.8091,0.6352,,,,,8.6703,0.8203
70.833,2125,,0.9918,1.1996,-0.0,2.0504,1.1996,0.585,1.1996,0.9918,,,,0.562,0.3164,,,,,,,,0.8293
70.867,2126,,0.7854,1.2061,0.0,2.0733,1.2061,0.5817,1.1646,1.0055,0.3454,,,0.5893,0.3211,0.8191,0.66,,,,,14.2224,0.7344
70.9,2127,,0.7983,1.2104,0.0,2.0877,1.2104,0.5798,1.1744,1.0184,0.3582,,,0.6122,0.324,0.8162,0.6602,,,,,18.3441,0.6848
70.933,2128,,0.8069,1.212,0.0,2.0938,1.212,0.5788,1.1692,1.029,0.3628,,,0.6304,0.3249,0.8064,0.6662,,,,,20.1452,0.6706
70.967,2129,,0.8047,1.2134,0.0,2.1056,1.2134,0.5763,1.161,1.0287,0.3568,,,0.6409,0.3221,0.8042,0.6718,,,,,23.6771,0.6678
71.0,2130,,0.8066,1.2152,-0.0,2.1181,1.2152,0.5737,1.1661,1.0336,0.3526,,,0.6491,0.3175,0.8135,0.681,,,,,27.4347,0.6189
71.033,2131,,0.8065,1.2057,0.0,2.1023,1.2057,0.5735,1.1521,1.0339,0.3517,,,0.6496,0.3121,0.8005,0.6823,,,,,30.189,0.5989
71.067,2132,,0.8015,1.1871,-0.0,2.06,1.1871,0.5763,1.1388,1.0284,0.3475,,,0.6424,0.3056,0.7914,0.681,,,,,33.1578,0.5375
71.1,2133,,0.7897,1.1767,0.0,2.0409,1.1767,0.5766,1.1319,1.015,0.3392,,,0.6325,0.2984,0.7928,0.6759,,,,,34.7005,0.5172
71.133,2134,,0.9931,1.1614,0.0,2.0145,1.1614,0.5765,1.12,0.9931,,,,0.6135,0.2886,,,,,,,,0.4919
71.167,2135,,0.9814,1.1525,0.0,1.9939,1.1525,0.578,1.1166,0.9814,,,,0.6021,0.2805,,,,,,,,0.485
71.2,2136,,0.958,1.1324,0.0,1.9466,1.1324,0.5817,1.1324,0.958,,,,0.5731,0.2736,,,,,,,,0.4915
71.233,2137,,0.9485,1.1158,0.0,1.9048,1.1158,0.5858,1.078,0.9485,,,,0.567,0.2668,,,,,,,,0.4584
71.267,2138,,0.9388,1.0945,-0.0,1.853,1.0945,0.5907,1.0945,0.9388,,,,0.5465,0.2605,,,,,,,,0.4879
71.3,2139,,0.5616,0.6421,-0.0,1.2256,0.6421,0.5239,,0.5616,,,,0.1341,-0.0,,,,,,,,0.6635
71.333,2140,,0.5508,0.6397,0.0,1.2502,0.6397,0.5117,,0.5508,,,,0.1098,0.0,,,,,,,,0.6534
71.433,2143,,0.4333,0.4869,-0.0958,0.9385,0.5827,0.6209,,0.4083,0.4582,-0.0942,,,0.0,,-0.0499,0.5525,,,115.0042,122.4419,0.693
71.467,2144,,0.6556,0.6656,-0.0,1.0191,0.6656,0.6531,,,0.6556,0.0102,,,,,,0.6453,,,,,0.608
71.5,2145,,0.4598,0.482,-0.1612,1.1936,0.6432,0.5389,,0.4443,0.4754,-0.1444,,0.0287,0.0,,-0.0311,0.6198,,,111.819,111.5126,0.6206
71.533,2146,,0.4601,0.5023,-0.0,0.7714,0.5023,0.6512,,0.45,0.4804,,,0.0592,-0.0,,-0.0303,,,,,113.6158,1.4323
71.567,2147,,0.4661,0.5937,0.0,0.8823,0.5937,0.6728,,0.4661,,,,,0.0,,,,,,,,1.9254
71.6,2148,,0.5153,0.5678,0.0,0.8482,0.5678,0.6694,0.5678,0.5153,,,,,0.0,,,,,,,,0.8851
71.633,2149,,0.6911,0.792,-0.066,1.4097,0.858,0.6087,,0.7459,0.6364,-0.033,,,,,0.1095,0.6694,,,125.718,100.8046,0.4519
71.667,2150,,0.11,0.2199,0.0,0.3331,0.2199,0.6603,,0.11,,,,,,,,,,,,,0.7144
71.767,2153,,0.1368,0.2736,0.0,0.4071,0.2736,0.672,,0.1368,,,,,,,,,,,,,1.0001
71.867,2156,,0.1902,0.3805,-0.0,0.5679,0.3805,0.6699,,0.1902,,,,,,,,,,,,,2.6102
71.9,2157,,0.1326,0.2651,0.0,0.3874,0.2651,0.6845,,0.1326,,,,,,,,,,,,,3.1269
72.0,2160,,0.164,0.3279,0.0,0.484,0.3279,0.6775,0.2251,0.164,,,,,,,,,,,,,0.7289
72.033,2161,,0.2117,0.4234,0.0,0.6318,0.4234,0.6702,,0.2117,,,,,,,,,,,,,7.8836
72.067,2162,,0.2131,0.4262,0.0,0.6373,0.4262,0.6687,,0.2131,,,,,,,,,,,,,8.6137
72.1,2163,,0.1406,0.2812,0.0,0.415,0.2812,0.6776,0.1834,0.1406,,,,,,,,,,,,,0.6984
72.133,2164,,0.1603,0.3205,0.0,0.4763,0.3205,0.6729,0.2164,0.1603,,,,,,,,,,,,,0.8127
72.167,2165,,0.1058,0.2116,0.0,0.3104,0.2116,0.6819,,0.1058,,,,,,,,,,,,,11.7096
72.2,2166,,0.1848,0.3697,0.0,0.551,0.3697,0.6708,,0.1848,,,,,,,,,,,,,27.1815
72.233,2167,,0.0152,0.141,-0.1106,0.3749,0.2516,0.6711,0.0,0.0152,,,,,,,,,,,,,0.7624
72.267,2168,,0.0203,0.1097,-0.0691,0.3413,0.1788,0.5241,0.0,0.0203,,,,,,,,,,,,,0.7297
72.3,2169,,0.1024,0.2048,0.0,0.3022,0.2048,0.6776,,0.1024,,,,,,,,,,,,,224.2021
72.333,2170,,0.1211,0.2421,0.0,0.3568,0.2421,0.6787,,0.1211,,,,,,,,,,,,,10.4144
72.367,2171,,0.0222,0.1252,-0.0807,0.3689,0.2059,0.5582,0.0,0.0222,,,,,,,,,,,,,0.7566
72.4,2172,,0.0002,0.1102,-0.1099,0.3534,0.2201,0.6228,0.0,0.0002,,,,,,,,,,,,,0.7078
72.433,2173,,0.4217,0.721,0.0,1.2035,0.721,0.599,,0.6325,0.0,,,,,,0.6325,,,,,77.7141,0.3326
72.467,2174,,0.4086,0.716,-0.0,1.2015,0.716,0.5959,,0.6129,-0.0,,,,,,0.6129,,,,,78.9476,0.3229
72.5,2175,,0.1318,0.2635,-0.0,0.3874,0.2635,0.6802,,0.1318,,,,,,,,,,,,,7.5009
72.533,2176,,-0.0051,0.1385,-0.1487,0.3963,0.2872,0.7247,0.0,-0.0051,,,,,,,,,,,,,0.7533
72.567,2177,,0.1284,0.2569,0.0,0.3807,0.2569,0.6747,,0.1284,,,,,,,,,,,,,17.0982
72.6,2178,,0.1439,0.2877,0.0,0.4235,0.2877,0.6794,,0.1439,,,,,,,,,,,,,8.4647
72.633,2179,,0.1363,0.2727,-0.0,0.3997,0.2727,0.6821,,0.1363,,,,,,,,,,,,,9.6277
72.667,2180,,0.1264,0.2527,0.0,0.368,0.2527,0.6868,,0.1264,,,,,,,,,,,,,10.8996
72.733,2182,,0.1429,0.2857,0.0,0.4195,0.2857,0.6812,,0.1429,,,,,,,,,,,,,214.8004
72.767,2183,,0.1199,0.2397,0.0,0.3521,0.2397,0.6808,,0.1199,,,,,,,,,,,,,53.4539
72.8,2184,,-0.0147,0.1225,-0.1519,0.3719,0.2743,0.7376,0.0,-0.0147,,,,,,,,,,,,,0.7056
72.9,2187,,0.3735,0.6675,0.0,1.1087,0.6675,0.6021,,0.5603,0.0,,,,,,0.5603,,,,,81.0158,0.3019
73.8,2214,,-0.031,0.2635,-0.3565,1.0706,0.62,0.5791,,0.1318,-0.3565,,,,,,0.4883,,,,,83.042,0.2983
73.833,2215,,0.1067,0.2134,0.0,0.3188,0.2134,0.6693,,0.1067,,,,,,,,,,,,,4.5776
73.9,2217,,0.1045,0.2091,-0.0,0.3205,0.2091,0.6524,,0.1045,,,,,,,,,,,,,3.0447
73.933,2218,,-0.0403,0.2517,-0.3727,1.0685,0.6244,0.5844,,0.1259,-0.3727,,,,,,0.4986,,,,,82.684,0.2812
73.967,2219,,0.1019,0.2038,0.0,0.3064,0.2038,0.665,,0.1019,,,,,,,,,,,,,3.8404
74.0,2220,,-0.1117,0.1555,-0.4277,1.1113,0.5832,0.5248,-0.0,0.0463,-0.4277,,,,,0.4277,0.474,,,,,82.8462,0.2339
74.033,2221,,0.0758,0.1515,0.0,0.231,0.1515,0.6561,,0.0758,,,,,,,,,,,,,3.1314
74.1,2223,,0.377,0.644,0.0,1.0679,0.644,0.6031,,0.5655,0.0,,,,,,0.5655,,,,,80.3203,0.2841
74.133,2224,,0.363,0.6221,0.0,1.1651,0.6221,0.534,0.6221,0.5445,0.0,,,,,0.6221,0.5445,,,,,83.3355,0.1834
74.2,2226,,0.3656,0.6294,0.0,1.0466,0.6294,0.6014,,0.5484,0.0,,,,,,0.5484,,,,,81.3899,0.2714
74.233,2227,,-0.047,0.2077,-0.3489,1.0083,0.5566,0.552,,0.1039,-0.3489,,,,,,0.4527,,,,,84.5486,0.2309
74.3,2229,,-0.054,0.2234,-0.3855,1.0485,0.6089,0.5808,,0.1117,-0.3855,,,,,,0.4972,,,,,82.7048,0.2533
