t,frame,posture,h_torso,h_max,h_min,floor_spread,vertical_extent,compactness,h_head,h_shoulder,h_hip,h_knee,h_ankle,h_elbow,h_wrist,head_above_hip,shoulder_above_hip,hip_above_knee,knee_above_ankle,knee_angle,hip_angle,torso_tilt,bbox_aspect
0.067,2,,-0.0,0.5062,-0.0,0.8329,0.5062,0.6077,0.5062,-0.0,,,,,,,,,,,,,0.7434
0.1,3,,0.0,0.5037,0.0,0.8291,0.5037,0.6076,0.5037,0.0,,,,,,,,,,,,,0.7377
0.133,4,,0.3797,0.8809,0.0,1.5502,0.8809,0.5682,0.8464,0.3797,,,,0.0,,,,,,,,,0.4893
0.167,5,,0.3985,0.8918,0.0,1.5678,0.8918,0.5689,0.8582,0.3985,,,,0.0,,,,,,,,,0.4888
0.2,6,,0.3734,0.8244,0.0,1.4598,0.8244,0.5647,0.8051,0.3734,,,,0.0,,,,,,,,,0.46
0.233,7,,0.4098,0.8585,0.0,1.5062,0.8585,0.57,0.8366,0.4098,,,,0.0,,,,,,,,,0.4786
0.267,8,,0.455,0.8921,0.0,1.5488,0.8921,0.576,0.8703,0.455,,,,0.0,,,,,,,,,0.5024
0.3,9,,0.4564,0.8989,0.0,1.5601,0.8989,0.5762,0.8745,0.4564,,,,0.0,,,,,,,,,0.5003
0.333,10,,0.4894,0.9183,-0.0,1.5809,0.9183,0.5809,0.8961,0.4894,,,,-0.0,,,,,,,,,0.5158
0.367,11,,0.5085,0.9299,0.0,1.5934,0.9299,0.5836,0.9079,0.5085,,,,0.0,,,,,,,,,0.5233
0.4,12,,0.5187,0.9324,0.0,1.5916,0.9324,0.5858,0.9129,0.5187,,,,0.0,,,,,,,,,0.5318
0.433,13,,0.5135,0.9281,0.0,1.5852,0.9281,0.5855,0.9079,0.5135,,,,0.0,,,,,,,,,0.527
0.467,14,,0.4916,0.9183,0.0,1.5751,0.9183,0.583,0.8947,0.4916,,,,0.0,,,,,,,,,0.5111
0.5,15,,0.0604,0.529,-0.4093,1.5685,0.9383,0.5982,0.5283,0.0604,,,,-0.4093,,,,,,,,,0.5585
0.533,16,,0.0602,0.5294,-0.415,1.5702,0.9445,0.6015,0.5286,0.0602,,,,-0.415,,,,,,,,,0.5598
0.567,17,,0.0605,0.5293,-0.4194,1.5684,0.9487,0.6049,0.528,0.0605,,,,-0.4194,,,,,,,,,0.5613
0.6,18,,0.4901,0.9149,0.0,1.5659,0.9149,0.5842,0.8916,0.4901,,,,0.0,,,,,,,,,0.5212
0.633,19,,0.4803,0.8607,-0.0,1.3872,0.8607,0.6205,0.8607,0.4803,,,,-0.0,,,,,,,,,0.8239
0.667,20,,0.4701,0.8546,0.0,1.3753,0.8546,0.6214,0.8546,0.4701,,,,0.0,,,,,,,,,0.8153
0.7,21,,0.05,0.5198,-0.3942,1.3679,0.914,0.6682,0.5198,0.05,,,,-0.3942,,,,,,,,,0.6152
0.733,22,,0.4596,0.851,0.0,1.3686,0.851,0.6218,0.851,0.4596,,,,0.0,,,,,,,,,0.8152
0.767,23,,0.0377,0.5121,-0.402,1.3702,0.9141,0.6671,0.5121,0.0377,,,,-0.402,,,,,,,,,0.6002
0.8,24,,0.4537,0.85,0.0,1.3684,0.85,0.6211,0.85,0.4537,,,,0.0,,,,,,,,,0.7936
0.833,25,,0.0214,0.4801,-0.456,1.3825,0.9361,0.6771,0.4801,0.0214,,,,-0.456,,,,,,,,,0.555
0.867,26,,0.0154,0.4703,-0.4875,1.401,0.9579,0.6837,0.4703,0.0154,,,,-0.4875,,,,,,,,,0.5391
0.9,27,,0.0149,0.4725,-0.5026,1.421,0.9751,0.6862,0.4725,0.0149,,,,-0.5026,,,,,,,,,0.5358
0.933,28,,0.551,0.894,0.0,1.444,0.894,0.6191,0.894,0.551,,,,0.0,,,,,,,,,0.5306
0.967,29,,0.5658,0.9116,-0.0,1.4747,0.9116,0.6182,0.9116,0.5658,,,,-0.0,,,,,,,,,0.5383
1.0,30,,0.5792,0.9304,0.0,1.5081,0.9304,0.617,0.9304,0.5792,,,,0.0,,,,,,,,,0.5484
1.033,31,,0.5942,0.9551,-0.0,1.5531,0.9551,0.615,0.9551,0.5942,,,,-0.0,,,,,,,,,0.5642
1.067,32,,0.6053,0.9714,0.0,1.5828,0.9714,0.6137,0.9714,0.6053,,,,0.0,,,,,,,,,0.5747
1.1,33,,0.6274,0.9874,0.0,1.6073,0.9874,0.6143,0.9874,0.6274,,,,0.0,,,,,,,,,0.5789
1.133,34,,0.6366,1.0002,0.0,1.6297,1.0002,0.6137,1.0002,0.6366,,,,0.0,,,,,,,,,0.5816
1.167,35,,0.653,1.0151,0.0,1.6536,1.0151,0.6139,1.0151,0.653,,,,0.0,,,,,,,,,0.5873
1.2,36,,0.6688,1.0244,0.0,1.6625,1.0244,0.6162,1.0244,0.6688,,,,0.0,,,,,,,,,0.5933
1.233,37,,0.6851,1.0406,0.0,1.6897,1.0406,0.6159,1.0406,0.6851,,,,0.0,,,,,,,,,0.6028
1.267,38,,0.7032,1.0426,0.0,1.6812,1.0426,0.6202,1.0426,0.7032,,,,0.0,,,,,,,,,0.611
1.3,39,,0.7231,1.0506,-0.0,1.6898,1.0506,0.6217,1.0506,0.7231,,,,-0.0,,,,,,,,,0.6169
1.333,40,,0.7353,1.1585,0.0,2.0091,1.1585,0.5766,1.1081,0.7353,,,,0.0,,,,,,,,,0.6273
1.367,41,,0.7519,1.1725,-0.0,2.0389,1.1725,0.5751,1.1204,0.7519,,,,-0.0,,,,,,,,,0.648
1.4,42,,0.7658,1.1751,0.0,2.0379,1.1751,0.5766,1.1256,0.7658,,,,0.0,,,,,,,,,0.6804
1.433,43,,0.7787,1.082,-0.0,1.744,1.082,0.6204,1.082,0.7787,,,,-0.0,,,,,,,,,0.7207
1.467,44,,0.7864,1.1808,0.0,2.0441,1.1808,0.5776,1.1353,0.7864,,,,0.3826,,,,,,,,,0.6612
1.5,45,,0.7966,1.1952,-0.0,2.0864,1.1952,0.5729,1.1476,0.7966,,,,0.3756,,,,,,,,,0.6788
1.533,46,,0.3504,0.8371,-0.4468,2.1944,1.2839,0.5851,0.8159,0.3504,,,,-0.2234,-0.2254,,,,,,,,0.6256
1.567,47,,0.3905,0.8629,-0.4159,2.2065,1.2788,0.5796,0.8406,0.3905,,,,-0.208,-0.2246,,,,,,,,0.6498
1.6,48,,0.8181,1.2043,-0.0025,2.1965,1.2068,0.5494,1.1564,0.8181,,,,0.3494,0.2573,,,,,,,,0.6884
1.633,49,,0.8357,1.217,0.0,2.1508,1.217,0.5659,1.1695,0.8357,,,,0.3596,0.3108,,,,,,,,0.7276
1.667,50,,0.8455,1.2222,0.0,2.1648,1.2222,0.5646,1.1757,0.8455,,,,0.3687,0.361,,,,,,,,0.7579
1.7,51,,0.4555,1.1746,-0.0448,2.1634,1.2195,0.5637,1.1345,0.7937,0.1174,,,0.2922,0.3336,1.0171,0.6763,,,,,0.797,0.7979
1.733,52,,0.4678,1.1998,-0.0011,2.1948,1.201,0.5472,1.1565,0.8177,0.118,,,0.3322,0.4128,1.0385,0.6996,,,,,0.7441,0.8357
1.767,53,,0.4766,1.2168,0.0,2.1996,1.2168,0.5532,1.1721,0.8334,0.1199,,,0.3689,0.4813,1.0522,0.7135,,,,,0.5996,0.8839
1.8,54,,0.4858,1.2328,-0.0,2.2305,1.2328,0.5527,1.1847,0.8506,0.121,,,0.4128,0.5353,1.0638,0.7296,,,,,0.0583,0.9252
1.833,55,,0.4918,1.2411,0.0,2.2603,1.2411,0.5491,1.1881,0.8633,0.1203,,,0.4473,0.5757,1.0678,0.743,,,,,1.36,0.9539
1.867,56,,0.4933,1.2433,-0.0,2.2667,1.2433,0.5485,1.1899,0.8703,0.1163,,,0.4927,0.6153,1.0736,0.754,,,,,1.8656,0.9771
1.9,57,,0.4962,1.2481,0.0,2.2843,1.2481,0.5464,1.1935,0.8802,0.1122,,,0.537,0.6433,1.0813,0.768,,,,,1.9752,0.9764
1.933,58,,0.504,1.1447,0.0,1.9384,1.1447,0.5905,1.1447,0.9012,0.1068,,,0.5843,0.6795,1.0379,0.7944,,,,,1.7638,0.895
1.967,59,,0.5143,1.1543,0.0,1.9673,1.1543,0.5868,1.1543,0.9242,0.1044,,,0.6275,0.7168,1.0499,0.8197,,,,,1.272,0.9008
2.0,60,,0.5223,1.1668,0.0,2.0046,1.1668,0.5821,1.1668,0.9434,0.1012,,,0.6636,0.7489,1.0656,0.8422,,,,,0.5087,0.9181
2.033,61,,0.5316,1.1803,0.0,2.0487,1.1803,0.5761,1.1803,0.962,0.1012,,,0.6975,0.771,1.0791,0.8608,,,,,0.5623,0.9367
2.067,62,,0.5379,1.2977,0.0,2.4667,1.2977,0.5261,1.2452,0.9759,0.0999,,,0.7201,0.793,1.1453,0.876,,,,,0.5847,1.0474
2.1,63,,0.5439,1.305,-0.0,2.4916,1.305,0.5238,1.2549,0.991,0.0968,,,0.745,0.8127,1.1581,0.8942,,,,,0.0856,1.0613
2.133,64,,0.5478,1.3115,0.0,2.5199,1.3115,0.5205,1.2636,1.0009,0.0947,,,0.7552,0.8306,1.1689,0.9063,,,,,0.0814,1.0769
2.167,65,,0.5553,1.2261,0.0,2.203,1.2261,0.5565,1.2261,1.0091,0.1015,,,0.7654,0.8408,1.1246,0.9076,,,,,0.632,1.0049
2.2,66,,0.5641,1.2359,-0.0,2.2442,1.2359,0.5507,1.2359,1.0184,0.1098,,,0.7736,0.8502,1.1261,0.9086,,,,,0.6785,1.0179
2.233,67,,0.5674,1.2419,0.0,2.2815,1.2419,0.5443,1.2419,1.0192,0.1155,,,0.7719,0.8455,1.1264,0.9037,,,,,0.2264,1.0355
2.267,68,,0.568,1.2464,0.0,2.3203,1.2464,0.5372,1.2464,1.0186,0.1175,,,0.7658,0.8417,1.129,0.9011,,,,,0.0917,1.0525
2.3,69,,0.5657,1.2542,0.0,2.3734,1.2542,0.5284,1.2542,1.0187,0.1127,,,0.7518,0.8354,1.1415,0.906,,,,,0.9376,1.0735
2.333,70,,0.5554,1.2615,-0.0,2.432,1.2615,0.5187,1.2615,1.0165,0.0944,,,0.7284,0.8162,1.1671,0.9221,,,,,1.616,1.1238
2.367,71,,0.7465,1.3852,0.0,2.7216,1.3852,0.509,1.3852,1.1598,0.3332,0.0505,,0.8811,0.9611,1.052,0.8266,0.2827,,,153.7685,1.667,1.3668
2.4,72,,0.7937,1.4185,0.0,2.8648,1.4185,0.4952,1.4185,1.1921,0.3953,0.0446,,0.8944,0.9716,1.0232,0.7968,0.3507,,,158.0362,1.7052,1.4127
2.433,73,,0.829,1.44,0.0,2.9766,1.44,0.4838,1.44,1.2151,0.4429,0.0514,,0.9001,0.9679,0.9971,0.7722,0.3915,,,159.9985,1.5981,1.4431
2.467,74,,0.8635,1.4588,0.0,3.0833,1.4588,0.4731,1.4588,1.2342,0.4929,0.0556,,0.9111,0.9543,0.9659,0.7413,0.4372,,,159.5238,1.2437,1.4974
2.5,75,,0.8863,1.479,0.0,3.1962,1.479,0.4627,1.479,1.2543,0.5184,0.0519,,0.9234,0.9445,0.9606,0.7359,0.4664,,,158.9364,1.5921,1.534
2.533,76,,0.886,1.4809,-0.0,3.2713,1.4809,0.4527,1.4809,1.2533,0.5186,0.0306,,0.9092,0.906,0.9624,0.7348,0.488,,,156.219,1.9188,1.5517
2.567,77,,0.868,1.4786,0.0,3.3348,1.4786,0.4434,1.4786,1.2405,0.4955,0.0211,,0.8884,0.8502,0.983,0.745,0.4744,,,154.6198,2.0578,1.5834
2.6,78,,1.0583,1.5952,0.08,3.5844,1.5152,0.4227,1.5952,1.388,0.7286,0.3215,0.08,1.0735,1.0056,0.8666,0.6594,0.407,0.2415,106.1609,153.6177,2.5414,1.7998
2.633,79,,1.0749,1.6052,0.08,3.6519,1.5252,0.4177,1.6052,1.4024,0.7474,0.3717,0.08,1.1013,0.9826,0.8578,0.655,0.3757,0.2917,104.1681,151.4765,2.471,1.8811
2.667,80,,1.0844,1.618,0.08,3.7413,1.538,0.4111,1.618,1.4125,0.7563,0.4097,0.08,1.1146,0.9668,0.8617,0.6561,0.3466,0.3297,100.5809,149.2954,2.445,1.9963
2.7,81,,1.0965,1.6351,0.0733,3.8614,1.5619,0.4045,1.6351,1.4267,0.7662,0.452,0.0831,1.1261,0.9598,0.8689,0.6604,0.3142,0.3689,134.5933,147.7848,2.3765,2.1705
2.733,82,,1.111,1.6488,0.0695,3.9513,1.5793,0.3997,1.6488,1.4411,0.7809,0.4681,0.0838,1.1472,0.9767,0.8679,0.6602,0.3128,0.3842,138.8762,150.0028,2.0991,2.316
2.767,83,,1.1257,1.6596,0.0724,4.0328,1.5872,0.3936,1.6596,1.4485,0.803,0.48,0.0851,1.1556,0.9911,0.8566,0.6455,0.323,0.3949,145.1459,153.1954,2.0246,2.4768
2.8,84,,1.1473,1.6681,0.0667,4.1,1.6014,0.3906,1.6681,1.4622,0.8324,0.4855,0.0876,1.1729,1.0166,0.8357,0.6298,0.3469,0.3979,153.6796,157.5444,1.8008,2.6043
2.833,85,,1.1528,1.6736,0.0648,4.165,1.6088,0.3863,1.6736,1.4652,0.8403,0.4864,0.0905,1.181,1.0171,0.8332,0.6249,0.3539,0.3959,159.9008,158.8559,0.6644,2.7258
2.867,86,,1.1528,1.6708,0.0446,4.2107,1.6262,0.3862,1.6708,1.4629,0.8427,0.4747,0.0926,1.1758,1.0016,0.8281,0.6203,0.368,0.3821,164.8889,159.9531,0.4319,2.8543
2.9,87,,1.1353,1.6573,-0.0041,4.2462,1.6614,0.3913,1.6573,1.449,0.8216,0.4407,0.0916,1.1561,0.9697,0.8356,0.6274,0.3809,0.3491,168.4831,160.7794,1.1888,2.9813
2.933,88,,1.1229,1.6509,-0.0421,4.3037,1.693,0.3934,1.6509,1.4389,0.8068,0.4177,0.0892,1.1411,0.9449,0.8441,0.6322,0.389,0.3286,171.0248,161.6955,1.7329,3.0607
2.967,89,,1.0982,1.6385,-0.0986,4.3598,1.7371,0.3984,1.6385,1.4225,0.7739,0.3762,0.0823,1.1152,0.9121,0.8646,0.6486,0.3977,0.2938,173.5848,163.7409,2.0152,3.0748
3.0,90,,1.0981,1.6384,-0.1156,4.4053,1.754,0.3982,1.6384,1.4219,0.7743,0.3746,0.0796,1.115,0.9057,0.8642,0.6477,0.3997,0.295,175.2846,165.2823,2.2051,3.0385
3.033,91,,1.1134,1.6444,-0.1049,4.4291,1.7493,0.395,1.6444,1.4324,0.7944,0.4122,0.0806,1.1288,0.9175,0.85,0.638,0.3822,0.3316,175.4943,165.8929,2.4867,2.9589
3.067,92,,1.13,1.6506,-0.0918,4.4592,1.7423,0.3907,1.6506,1.4428,0.8172,0.4447,0.0817,1.145,0.9293,0.8333,0.6256,0.3725,0.363,177.2595,167.4999,2.6508,2.8753
3.1,93,,1.1385,1.6539,-0.0726,4.4947,1.7265,0.3841,1.6539,1.4469,0.8302,0.4626,0.0833,1.1499,0.9391,0.8238,0.6167,0.3676,0.3793,178.6066,169.9383,2.9476,2.8189
3.133,94,,1.1483,1.6612,-0.047,4.5526,1.7082,0.3752,1.6612,1.4537,0.843,0.4875,0.0855,1.1566,0.9418,0.8182,0.6107,0.3555,0.402,178.5065,170.7427,3.4,2.7252
3.167,95,,1.1485,1.661,-0.0106,4.5671,1.6716,0.366,1.661,1.4519,0.8451,0.4939,0.0878,1.157,0.9433,0.816,0.6068,0.3512,0.4061,177.9141,171.9051,3.3018,2.606
3.2,96,,1.1448,1.6541,0.0347,4.5328,1.6193,0.3572,1.6541,1.447,0.8426,0.4886,0.0891,1.1549,0.9519,0.8114,0.6044,0.354,0.3996,176.2539,173.1148,3.4994,2.4602
3.233,97,,1.1452,1.6494,0.073,4.5182,1.5764,0.3489,1.6494,1.4445,0.8459,0.4829,0.0884,1.1499,0.9553,0.8036,0.5986,0.363,0.3945,174.5568,174.2995,3.6679,2.3263
3.267,98,,1.1473,1.6453,0.0707,4.5065,1.5746,0.3494,1.6453,1.4416,0.8531,0.4857,0.0866,1.1464,0.9595,0.7922,0.5885,0.3674,0.3991,172.3505,176.4508,3.9497,2.248
3.3,99,,1.152,1.6443,0.0442,4.5575,1.6001,0.3511,1.6443,1.4422,0.8619,0.4873,0.0845,1.1455,0.9723,0.7824,0.5804,0.3746,0.4028,171.05,176.2003,4.6337,2.2609
3.333,100,,1.1469,1.6413,0.0153,4.6212,1.626,0.3519,1.6413,1.4373,0.8565,0.4873,0.082,1.1404,0.985,0.7848,0.5808,0.3692,0.4053,170.2555,173.7272,5.4243,2.2834
3.367,101,,1.1478,1.6817,-0.0071,5.0736,1.6889,0.3329,1.6602,1.4377,0.8578,0.4958,0.0792,1.1401,1.0036,0.8023,0.5799,0.362,0.4166,170.7962,171.0848,6.1923,2.3784
3.4,102,,1.1548,1.6841,-0.0161,5.1267,1.7001,0.3316,1.6631,1.4429,0.8666,0.4994,0.0775,1.15,1.0367,0.7965,0.5763,0.3673,0.4218,172.6891,170.1059,6.8569,2.3905
3.433,103,,1.1735,1.6955,-0.0044,5.206,1.6998,0.3265,1.6739,1.4583,0.8887,0.509,0.0776,1.1731,1.0856,0.7852,0.5696,0.3797,0.4314,172.93,168.1064,7.5345,2.4308
3.467,104,,1.1669,1.6919,-0.0397,5.2771,1.7315,0.3281,1.6705,1.4555,0.8783,0.5027,0.0747,1.1717,1.0941,0.7922,0.5772,0.3756,0.4281,173.4419,166.7186,8.0154,2.4678
3.5,105,,1.1537,1.6831,-0.0872,5.3309,1.7703,0.3321,1.6625,1.4479,0.8595,0.4947,0.0699,1.1599,1.0847,0.803,0.5884,0.3648,0.4248,171.3295,163.5154,8.572,2.4772
3.533,106,,1.1554,1.6827,-0.1042,5.3756,1.7868,0.3324,1.6636,1.4512,0.8596,0.4931,0.068,1.1601,1.0842,0.804,0.5915,0.3665,0.4251,168.8477,161.6993,8.7138,2.5054
3.567,107,,1.1657,1.6884,-0.1024,5.4222,1.7909,0.3303,1.6709,1.46,0.8714,0.4924,0.0683,1.1692,1.0905,0.7995,0.5886,0.379,0.4242,169.0965,162.7696,8.4092,2.5659
3.6,108,,1.1753,1.6617,-0.0974,5.1491,1.759,0.3416,1.6617,1.4678,0.8828,0.4938,0.069,1.1758,1.094,0.7789,0.585,0.389,0.4248,169.9941,164.7097,7.8745,2.5656
3.633,109,,1.1827,1.6677,-0.0936,5.2014,1.7613,0.3386,1.6677,1.4732,0.8922,0.4998,0.0695,1.1811,1.106,0.7755,0.581,0.3924,0.4303,169.6339,166.0319,7.2352,2.6099
3.667,110,,1.1868,1.6763,-0.0884,5.2816,1.7646,0.3341,1.6763,1.4775,0.8962,0.4991,0.0701,1.1833,1.1304,0.7801,0.5813,0.3971,0.4291,168.4303,167.8124,6.2719,2.6404
3.7,111,,1.1915,1.6818,-0.0874,5.3482,1.7692,0.3308,1.6818,1.4802,0.9029,0.4998,0.0702,1.1839,1.1336,0.7789,0.5773,0.403,0.4296,167.6232,169.0898,5.5423,2.7124
3.733,112,,1.197,1.6874,-0.0789,5.4076,1.7662,0.3266,1.6874,1.4841,0.9099,0.5062,0.0712,1.1878,1.1308,0.7774,0.5742,0.4037,0.435,166.6388,170.1292,4.8974,2.7348
3.767,113,,1.2034,1.6898,-0.0631,5.4474,1.7529,0.3218,1.6898,1.4872,0.9195,0.5225,0.0729,1.1896,1.1241,0.7703,0.5677,0.397,0.4496,164.969,170.6021,4.1234,2.7437
3.8,114,,1.2017,1.6891,-0.0344,5.4656,1.7235,0.3153,1.6891,1.4854,0.9181,0.5376,0.0754,1.1852,1.1139,0.771,0.5673,0.3805,0.4622,159.8527,168.6902,3.4033,2.7215
3.833,115,,1.1919,1.7011,-0.0133,5.6488,1.7144,0.3035,1.6939,1.4781,0.9058,0.5418,0.0768,1.175,1.1055,0.7881,0.5722,0.364,0.465,156.1036,166.8348,2.6849,2.7327
3.867,116,,1.1803,1.6945,0.0149,5.644,1.6796,0.2976,1.6878,1.4678,0.8927,0.5521,0.0783,1.1633,1.0925,0.7952,0.5751,0.3406,0.4738,150.7972,162.4131,2.5632,2.673
3.9,117,,1.1652,1.687,0.0416,5.6413,1.6454,0.2917,1.6807,1.4558,0.8746,0.5497,0.0795,1.1494,1.0803,0.8061,0.5812,0.3248,0.4702,146.2684,159.0088,2.4191,2.6162
3.933,118,,1.1565,1.6836,0.0638,5.6618,1.6198,0.2861,1.6781,1.4491,0.8638,0.5522,0.0803,1.1405,1.0835,0.8143,0.5853,0.3116,0.472,142.8871,156.2438,2.3502,2.5803
3.967,119,,1.1501,1.6794,0.0765,5.6739,1.603,0.2825,1.6741,1.4441,0.8561,0.5547,0.0809,1.1352,1.0943,0.818,0.588,0.3014,0.4738,142.2433,154.8491,2.2547,2.5503
4.0,120,,1.1483,1.6682,0.0622,5.6171,1.606,0.2859,1.6682,1.445,0.8515,0.558,0.0816,1.1384,1.1292,0.8167,0.5935,0.2935,0.4764,143.9929,155.3446,1.7733,2.521
4.033,121,,1.1456,1.6782,0.051,5.7751,1.6272,0.2818,1.6719,1.4423,0.8489,0.5572,0.0821,1.1383,1.1618,0.8229,0.5934,0.2918,0.4751,146.1711,156.725,1.3585,2.3058
4.067,122,,1.1478,1.6783,0.0453,5.807,1.633,0.2812,1.6714,1.4425,0.8531,0.5542,0.0827,1.1428,1.1789,0.8183,0.5895,0.2989,0.4715,150.5015,159.9343,0.9593,2.2158
4.1,123,,1.1512,1.6786,0.0415,5.8278,1.637,0.2809,1.6711,1.4435,0.8589,0.5456,0.0833,1.1458,1.1895,0.8122,0.5846,0.3133,0.4623,156.0578,164.681,0.4108,2.1905
4.133,124,,1.1551,1.663,0.0439,5.6747,1.6191,0.2853,1.663,1.4458,0.8644,0.5429,0.0837,1.1512,1.1952,0.7986,0.5815,0.3215,0.4592,160.0928,166.1607,0.0762,2.1691
4.167,125,,1.158,1.6618,0.0463,5.6664,1.6155,0.2851,1.6618,1.4479,0.8681,0.5413,0.0838,1.1548,1.1963,0.7937,0.5798,0.3268,0.4574,162.3933,167.344,0.0313,2.1867
4.2,126,,1.1603,1.661,0.0484,5.6591,1.6126,0.285,1.661,1.4497,0.8708,0.5392,0.0839,1.1583,1.1973,0.7901,0.5788,0.3317,0.4553,164.101,168.6645,0.1517,2.2174
4.233,127,,1.1621,1.6811,0.0506,5.8681,1.6305,0.2779,1.6711,1.4499,0.8743,0.5357,0.0838,1.1597,1.1968,0.7968,0.5756,0.3386,0.452,165.7728,169.8705,0.5014,2.3083
4.267,128,,1.1636,1.6593,0.0569,5.6514,1.6024,0.2835,1.6593,1.4491,0.8781,0.5394,0.0838,1.1608,1.1922,0.7812,0.571,0.3388,0.4556,166.2468,171.7412,0.2605,2.3364
4.3,129,,1.1629,1.656,0.0648,5.6266,1.5912,0.2828,1.656,1.448,0.8779,0.5396,0.0838,1.1606,1.1851,0.7781,0.5701,0.3383,0.4558,166.9999,172.8717,0.1134,2.397
4.333,130,,1.1588,1.6488,0.0798,5.5788,1.569,0.2812,1.6488,1.4421,0.8755,0.5379,0.0838,1.1543,1.1702,0.7734,0.5666,0.3376,0.4541,166.6742,173.7803,0.1728,2.4199
4.367,131,,1.1509,1.6673,0.0677,5.8274,1.5996,0.2745,1.6542,1.4342,0.8676,0.5315,0.0833,1.1469,1.158,0.7866,0.5666,0.3361,0.4482,166.6278,174.4448,0.4818,2.5052
4.4,132,,1.1427,1.6325,0.0501,5.5206,1.5824,0.2866,1.6325,1.4279,0.8575,0.5244,0.0825,1.1411,1.1497,0.775,0.5704,0.3331,0.4418,166.6986,175.1814,0.7482,2.4441
4.433,133,,1.1385,1.6565,0.03,5.8568,1.6265,0.2777,1.6409,1.4221,0.8549,0.5193,0.0814,1.1358,1.1425,0.786,0.5672,0.3356,0.4379,165.7534,176.2185,1.4088,2.5191
4.467,134,,1.1293,1.6491,0.0057,5.87,1.6433,0.28,1.6327,1.4141,0.8444,0.5123,0.0797,1.131,1.1329,0.7883,0.5697,0.3322,0.4326,164.9001,176.4939,2.3959,2.5235
4.5,135,,1.1174,1.6409,-0.025,5.8979,1.6659,0.2825,1.6233,1.4044,0.8304,0.4996,0.0772,1.1217,1.1197,0.7929,0.574,0.3309,0.4224,163.9254,174.5881,3.393,2.537
4.533,136,,1.1095,1.6328,-0.054,5.9271,1.6868,0.2846,1.6141,1.3963,0.8227,0.4975,0.0743,1.1128,1.1031,0.7914,0.5737,0.3252,0.4232,162.488,171.404,4.6243,2.5534
4.567,137,,1.1072,1.6226,-0.0895,5.9516,1.7121,0.2877,1.6032,1.3895,0.8249,0.5008,0.0703,1.1,1.0873,0.7783,0.5647,0.324,0.4305,160.9746,168.0105,5.7536,2.606
4.6,138,,1.1026,1.5731,-0.1232,5.5726,1.6963,0.3044,1.5731,1.3849,0.8202,0.492,0.0659,1.0907,1.0713,0.7529,0.5647,0.3282,0.4261,159.9579,165.7242,6.6914,2.5783
4.633,139,,1.1061,1.5649,-0.1464,5.5766,1.7114,0.3069,1.5649,1.3857,0.8264,0.4871,0.0626,1.0875,1.0615,0.7385,0.5592,0.3393,0.4246,158.6538,163.3674,7.7671,2.6422
4.667,140,,1.1138,1.5613,-0.1563,5.5775,1.7176,0.3079,1.5613,1.3919,0.8358,0.4859,0.0611,1.0972,1.0575,0.7255,0.5561,0.3499,0.4248,158.3934,161.8,8.9271,2.6852
4.7,141,,1.1198,1.5582,-0.1637,5.5736,1.7219,0.3089,1.5582,1.3981,0.8415,0.4868,0.0599,1.1101,1.0545,0.7167,0.5566,0.3547,0.4269,159.0019,160.8186,9.8635,2.6834
4.733,142,,1.1251,1.5553,-0.17,5.5763,1.7254,0.3094,1.5553,1.4003,0.8498,0.4893,0.0589,1.1192,1.0536,0.7056,0.5506,0.3604,0.4305,158.798,159.2735,11.2193,2.6633
4.767,143,,1.1287,1.5525,-0.1767,5.5786,1.7292,0.31,1.5458,1.4026,0.8548,0.4919,0.0578,1.127,1.054,0.691,0.5478,0.3629,0.4341,159.3935,158.301,12.4513,2.4707
4.8,144,,1.1327,1.5493,-0.1868,5.5856,1.7361,0.3108,1.5259,1.4052,0.8601,0.4915,0.0562,1.1368,1.0565,0.6658,0.5451,0.3687,0.4353,159.0025,157.2031,13.6458,2.49
4.833,145,,1.1428,1.5473,-0.1907,5.5814,1.738,0.3114,1.5206,1.4115,0.8742,0.4995,0.0556,1.1498,1.0644,0.6464,0.5373,0.3747,0.4439,158.5608,154.9743,15.3048,2.5057
4.867,146,,1.1513,1.5406,-0.1998,5.5521,1.7404,0.3135,1.5122,1.4154,0.8872,0.5024,0.0541,1.1629,1.0629,0.6251,0.5283,0.3847,0.4484,156.6677,151.2066,17.79,2.5099
4.9,147,,1.166,1.5394,-0.1874,5.5102,1.7267,0.3134,1.51,1.4229,0.909,0.5119,0.0561,1.1855,1.0688,0.6009,0.5139,0.3971,0.4558,155.8165,147.6393,20.4449,2.5385
4.933,148,,1.167,1.5308,-0.1764,5.4242,1.7072,0.3147,1.5022,1.4217,0.9123,0.5103,0.0579,1.1998,1.0674,0.5899,0.5094,0.402,0.4523,152.9875,142.9205,22.9267,2.6178
4.967,149,,1.1645,1.5171,-0.1628,5.3265,1.6799,0.3154,1.4872,1.4159,0.913,0.507,0.0601,1.2069,1.0619,0.5742,0.5029,0.406,0.4469,149.7708,137.944,25.5201,2.5521
5.0,150,,1.1598,1.5065,-0.1322,5.2208,1.6388,0.3139,1.4669,1.408,0.9116,0.501,0.0645,1.2111,1.0508,0.5553,0.4964,0.4106,0.4365,146.5079,133.5997,27.9669,2.4377
5.033,151,,1.1537,1.4946,-0.1047,5.1067,1.5993,0.3132,1.4415,1.3993,0.9081,0.4938,0.068,1.2079,1.0396,0.5333,0.4912,0.4143,0.4258,143.9382,130.6489,29.6986,2.3446
5.067,152,,1.1439,1.4772,-0.0769,4.9367,1.5541,0.3148,1.4159,1.3878,0.8999,0.484,0.0712,1.207,1.0264,0.516,0.4879,0.4159,0.4128,140.1773,128.6336,30.9234,2.2578
5.1,153,,1.1324,1.4568,-0.065,4.7646,1.5218,0.3194,1.3904,1.3735,0.8912,0.4742,0.0723,1.2026,1.0112,0.4992,0.4822,0.4171,0.4019,136.2807,125.112,32.935,2.1919
5.133,154,,1.1191,1.4239,-0.0664,4.5184,1.4903,0.3298,1.3586,1.3508,0.8874,0.474,0.0721,1.1975,0.9853,0.4712,0.4635,0.4134,0.4019,132.4562,121.0724,35.5766,2.1035
5.167,155,,1.1043,1.3816,-0.0595,4.2153,1.4411,0.3419,1.3196,1.3222,0.8864,0.4741,0.0728,1.159,0.9087,0.4332,0.4359,0.4122,0.4013,128.7264,117.7163,38.2924,1.9737
5.2,156,,1.0834,1.3342,-0.0569,3.9121,1.391,0.3556,1.2799,1.2883,0.8785,0.4724,0.073,1.1094,0.84,0.4014,0.4098,0.4061,0.3993,128.616,115.566,40.5225,1.7943
5.233,157,,1.0604,1.2885,-0.0539,3.6405,1.3424,0.3687,1.2412,1.2506,0.8703,0.4721,0.0733,1.0718,0.7267,0.3709,0.3803,0.3982,0.3988,128.0266,112.4374,43.1857,1.634
5.267,158,,1.0334,1.2514,-0.0497,3.4255,1.3012,0.3798,1.1996,1.2063,0.8604,0.4784,0.0737,1.0163,0.7499,0.3392,0.3459,0.382,0.4047,127.1445,108.6828,46.2463,1.481
5.3,159,,1.007,1.2105,-0.049,3.2198,1.2595,0.3912,1.1582,1.1639,0.8501,0.4825,0.0738,0.9398,0.663,0.3081,0.3138,0.3676,0.4087,125.4866,102.9366,49.9217,1.3686
5.333,160,,0.9855,1.1694,-0.0501,3.0282,1.2195,0.4027,1.1164,1.1327,0.8383,0.4881,0.0737,0.9059,0.6387,0.2782,0.2944,0.3501,0.4144,123.6647,98.4014,52.0129,1.2956
5.367,161,,0.966,1.135,-0.0464,2.8631,1.1814,0.4126,1.0827,1.1001,0.832,0.4983,0.0741,0.9114,0.6627,0.2508,0.2681,0.3337,0.4242,120.9643,91.9641,55.2325,1.2217
5.4,162,,0.9398,1.1006,-0.0469,2.7166,1.1475,0.4224,1.0498,1.0653,0.8142,0.5034,0.074,0.8725,0.6072,0.2355,0.2511,0.3108,0.4294,118.2146,87.3027,56.9482,1.1643
5.433,163,,0.9188,1.0722,-0.0441,2.594,1.1163,0.4303,1.0165,1.0443,0.7934,0.5064,0.0743,0.8338,0.5949,0.2231,0.2509,0.2869,0.4321,114.6615,84.6053,56.4139,1.1518
5.467,164,,0.8971,1.0468,-0.0401,2.4831,1.0868,0.4377,0.9907,1.016,0.7781,0.5119,0.0747,0.8489,0.6376,0.2126,0.238,0.2662,0.4372,111.5285,80.492,57.5305,1.12
5.5,165,,0.8782,1.0273,-0.0393,2.3938,1.0665,0.4455,0.963,0.9958,0.7606,0.5117,0.0748,0.8422,0.6452,0.2024,0.2352,0.2489,0.4369,109.1088,78.2858,57.3241,1.1107
5.533,166,,0.8589,1.0039,-0.0373,2.3048,1.0412,0.4518,0.944,0.9754,0.7424,0.5113,0.075,0.8331,0.649,0.2016,0.233,0.2311,0.4363,107.0911,76.3431,56.7213,1.0933
5.567,167,,0.8401,0.987,-0.037,2.243,1.0239,0.4565,0.9261,0.9582,0.7219,0.5095,0.0751,0.8208,0.6383,0.2042,0.2363,0.2124,0.4344,104.7559,74.8005,55.3,1.0959
5.6,168,,0.8235,0.975,-0.0387,2.1972,1.0137,0.4614,0.9112,0.9457,0.7013,0.5037,0.075,0.811,0.5588,0.21,0.2444,0.1976,0.4287,102.7706,74.3807,53.2006,1.1105
5.633,169,,0.8144,0.9709,-0.0404,2.1845,1.0113,0.463,0.9026,0.9406,0.6882,0.4981,0.075,0.802,0.5403,0.2144,0.2524,0.1901,0.4231,101.1531,74.0268,51.5126,1.1322
5.667,170,,0.8051,0.9689,-0.0415,2.1789,1.0105,0.4637,0.8962,0.9335,0.6768,0.491,0.0749,0.7963,0.6039,0.2194,0.2567,0.1858,0.4161,100.6648,74.6898,49.6089,1.1613
5.7,171,,0.7986,0.9744,-0.0427,2.2005,1.017,0.4622,0.8955,0.9315,0.6657,0.483,0.0749,0.7986,0.605,0.2298,0.2658,0.1827,0.4081,100.3705,76.382,47.1175,1.198
5.733,172,,0.7903,0.9761,-0.0431,2.2074,1.0192,0.4617,0.8985,0.929,0.6517,0.4747,0.0749,0.798,0.6047,0.2469,0.2774,0.177,0.3997,99.5322,78.6482,43.7281,1.2295
5.767,173,,0.7817,0.9739,-0.0442,2.2014,1.0181,0.4625,0.8964,0.9251,0.6383,0.4673,0.0749,0.7935,0.6017,0.2581,0.2868,0.1711,0.3924,99.0603,81.5787,39.769,1.2262
5.8,174,,0.7762,0.9751,-0.0447,2.2061,1.0198,0.4623,0.9,0.9246,0.6278,0.4597,0.0749,0.7944,0.6148,0.2722,0.2967,0.1681,0.3849,98.5209,85.6407,35.1427,1.2635
5.833,175,,0.7704,0.9737,-0.0457,2.2022,1.0195,0.4629,0.9099,0.9223,0.6185,0.4537,0.0748,0.8047,0.6424,0.2914,0.3038,0.1648,0.3789,97.9988,89.6887,30.0992,1.3269
5.867,176,,0.7626,0.9721,-0.0449,2.1952,1.017,0.4633,0.9241,0.9189,0.6063,0.448,0.0749,0.8068,0.6298,0.3178,0.3126,0.1583,0.3731,97.0523,91.7867,26.4718,1.3638
5.9,177,,0.7597,0.9829,-0.0421,2.229,1.025,0.4598,0.9413,0.9197,0.5997,0.4461,0.0751,0.8169,0.4598,0.3416,0.3199,0.1536,0.371,96.1235,93.151,23.7381,1.3754
5.933,178,,0.7569,0.9947,-0.0394,2.2682,1.0341,0.4559,0.9587,0.918,0.5958,0.4437,0.0754,0.8095,0.6098,0.3629,0.3222,0.152,0.3684,96.1748,95.8296,20.4644,1.3463
5.967,179,,0.7559,1.0092,-0.036,2.3181,1.0452,0.4509,0.975,0.919,0.5928,0.4425,0.0757,0.8053,0.5921,0.3823,0.3262,0.1503,0.3668,96.4219,98.4366,17.3338,1.3337
6.0,180,sitting,0.7527,1.0211,-0.0332,2.3628,1.0543,0.4462,0.988,0.9174,0.588,0.4421,0.0759,0.7954,0.5715,0.4,0.3295,0.1459,0.3662,96.2415,101.0664,13.8403,1.3149
6.033,181,sitting,0.7545,1.0352,-0.0312,2.4169,1.0664,0.4412,1.0023,0.9217,0.5874,0.4418,0.0761,0.8,0.5761,0.415,0.3344,0.1455,0.3658,96.794,104.7421,10.0046,1.3048
6.067,182,sitting,0.7573,1.0482,-0.0303,2.4687,1.0785,0.4369,1.0173,0.9286,0.586,0.443,0.0761,0.8053,0.5811,0.4314,0.3427,0.143,0.3668,97.0538,107.8548,6.3931,1.3014
6.1,183,sitting,0.7624,1.0608,-0.029,2.5188,1.0899,0.4327,1.0301,0.9371,0.5876,0.4476,0.0763,0.8081,0.5816,0.4425,0.3495,0.1401,0.3713,97.1297,109.6161,3.7734,1.302
6.133,184,sitting,0.7684,1.0728,-0.0309,2.5681,1.1037,0.4298,1.0427,0.9453,0.5915,0.4551,0.0761,0.8123,0.4695,0.4512,0.3537,0.1364,0.379,97.2741,111.1389,1.5388,1.311
6.167,185,sitting,0.7724,1.0803,-0.0321,2.5994,1.1124,0.4279,1.0528,0.9508,0.594,0.4619,0.076,0.8173,0.4729,0.4589,0.3568,0.1321,0.3859,97.0119,112.3229,0.5094,1.3144
6.2,186,sitting,0.774,1.0844,-0.0324,2.6161,1.1169,0.4269,1.0613,0.9523,0.5957,0.469,0.076,0.8121,0.4717,0.4656,0.3567,0.1267,0.393,96.4828,112.0432,1.3869,1.3149
6.233,187,sitting,0.7758,1.0874,-0.0312,2.6246,1.1186,0.4262,1.0671,0.9533,0.5982,0.4764,0.0761,0.8021,0.4711,0.4688,0.355,0.1219,0.4003,96.2675,112.4533,2.7153,1.3181
6.267,188,sitting,0.7788,1.0906,-0.0287,2.6305,1.1192,0.4255,1.0729,0.9552,0.6024,0.4843,0.0763,0.7944,0.4699,0.4705,0.3528,0.1181,0.408,96.2197,113.1343,4.1019,1.3249
6.3,189,sitting,0.7816,1.0959,-0.0223,2.6383,1.1182,0.4238,1.0785,0.9579,0.6052,0.4959,0.0769,0.7808,0.4674,0.4733,0.3528,0.1093,0.419,95.6738,112.3991,4.856,1.3291
6.333,190,sitting,0.7829,1.0977,-0.0172,2.6359,1.115,0.423,1.0815,0.9586,0.6072,0.501,0.0775,0.7697,0.561,0.4743,0.3514,0.1062,0.4235,96.1389,112.7589,5.8535,1.3346
6.367,191,sitting,0.7839,1.0982,-0.0136,2.6308,1.1118,0.4226,1.0831,0.9587,0.6091,0.5058,0.0781,0.7598,0.5582,0.474,0.3496,0.1033,0.4277,96.6966,112.5734,6.3277,1.3405
6.4,192,sitting,0.7828,1.0978,-0.0099,2.6238,1.1077,0.4222,1.0833,0.9572,0.6084,0.5115,0.0787,0.7486,0.551,0.4749,0.3488,0.0969,0.4328,96.5855,111.6266,6.4695,1.3418
6.433,193,sitting,0.7822,1.0972,-0.0079,2.6191,1.1051,0.422,1.0838,0.9558,0.6085,0.5164,0.0791,0.7404,0.5445,0.4753,0.3473,0.0921,0.4373,96.4524,111.0019,6.617,1.3469
6.467,194,sitting,0.7825,1.0983,-0.0056,2.6202,1.1039,0.4213,1.0854,0.9553,0.6097,0.5202,0.0794,0.7368,0.5402,0.4757,0.3455,0.0895,0.4408,96.1945,111.0628,7.0353,1.3549
6.5,195,sitting,0.7823,1.099,-0.0032,2.623,1.1021,0.4202,1.0885,0.9544,0.6103,0.523,0.0795,0.7309,0.5357,0.4782,0.3441,0.0873,0.4435,95.9931,110.95,7.1887,1.3754
6.533,196,sitting,0.7826,1.1016,-0.0065,2.6421,1.1082,0.4194,1.0908,0.9536,0.6115,0.5238,0.0792,0.7286,0.5329,0.4792,0.3421,0.0877,0.4447,96.0379,110.415,6.6246,1.4142
6.567,197,sitting,0.7823,1.1039,-0.0097,2.6577,1.1136,0.419,1.0921,0.9531,0.6115,0.5236,0.0788,0.7271,0.5347,0.4806,0.3416,0.088,0.4448,96.0274,109.9399,6.1676,1.4545
6.6,198,sitting,0.7815,1.1051,-0.0111,2.6663,1.1163,0.4186,1.093,0.9525,0.6104,0.5229,0.0785,0.7222,0.5327,0.4825,0.3421,0.0876,0.4444,96.328,109.5955,5.8324,1.4923
6.633,199,sitting,0.7811,1.1076,-0.0114,2.6779,1.119,0.4179,1.0949,0.9525,0.6097,0.5237,0.0782,0.7201,0.5279,0.4851,0.3428,0.086,0.4455,96.7821,109.2246,5.5173,1.5311
6.667,200,sitting,0.781,1.1105,-0.0134,2.6939,1.1239,0.4172,1.0968,0.9525,0.6096,0.5249,0.0778,0.7178,0.5221,0.4872,0.3429,0.0847,0.447,97.692,108.2992,4.6061,1.5671
6.7,201,sitting,0.7808,1.1114,-0.0164,2.7028,1.1278,0.4173,1.0973,0.9519,0.6097,0.5248,0.0775,0.7134,0.513,0.4875,0.3422,0.0849,0.4474,98.7579,107.2489,3.3559,1.5973
6.733,202,sitting,0.7796,1.1107,-0.0188,2.7028,1.1295,0.4179,1.0974,0.9507,0.6086,0.5245,0.0772,0.709,0.4923,0.4888,0.3421,0.0841,0.4473,99.5073,105.755,1.8295,1.6196
6.767,203,sitting,0.78,1.1108,-0.0238,2.7086,1.1346,0.4189,1.0974,0.9508,0.6091,0.5233,0.0769,0.7103,0.4837,0.4883,0.3417,0.0858,0.4464,100.0804,105.094,0.7419,1.6432
6.8,204,sitting,0.7795,1.1098,-0.0291,2.7119,1.1389,0.42,1.0968,0.9505,0.6084,0.5204,0.0764,0.7077,0.4722,0.4884,0.3421,0.0881,0.4439,100.1696,104.0145,0.6039,1.6584
6.833,205,sitting,0.7799,1.1104,-0.034,2.7205,1.1444,0.4207,1.0977,0.9513,0.6085,0.5182,0.0761,0.7084,0.4664,0.4892,0.3428,0.0903,0.4421,99.6623,103.1911,1.7667,1.6709
6.867,206,sitting,0.7799,1.1115,-0.0374,2.7289,1.1489,0.421,1.0989,0.952,0.6079,0.5163,0.0758,0.7087,0.4622,0.491,0.3442,0.0915,0.4405,98.6057,103.3807,1.8668,1.6737
6.9,207,sitting,0.7809,1.1136,-0.0404,2.7411,1.154,0.421,1.1008,0.9543,0.6076,0.5146,0.0756,0.7117,0.4631,0.4932,0.3466,0.093,0.4391,97.1966,103.1386,2.3423,1.6698
6.933,208,sitting,0.7823,1.1173,-0.0423,2.7585,1.1596,0.4204,1.1041,0.9571,0.6075,0.5111,0.0754,0.7167,0.466,0.4966,0.3496,0.0964,0.4357,96.395,104.1317,2.1077,1.6653
6.967,209,sitting,0.7842,1.1218,-0.0416,2.775,1.1634,0.4192,1.1079,0.9614,0.6069,0.5071,0.0755,0.7246,0.4694,0.5011,0.3545,0.0998,0.4316,95.8557,105.8169,1.3775,1.6673
7.0,210,sitting,0.7857,1.1281,-0.0377,2.796,1.1658,0.417,1.1131,0.9666,0.6048,0.5003,0.0758,0.7265,0.4704,0.5083,0.3618,0.1045,0.4245,94.6503,107.2945,0.7947,1.6669
7.033,211,sitting,0.7869,1.1339,-0.0348,2.8166,1.1687,0.415,1.1178,0.9703,0.6035,0.493,0.0761,0.7297,0.3174,0.5143,0.3668,0.1105,0.417,93.5626,108.817,0.2012,1.6629
7.067,212,sitting,0.7854,1.1346,-0.0357,2.8224,1.1703,0.4146,1.1184,0.971,0.5998,0.4838,0.076,0.7326,0.3183,0.5185,0.3711,0.1161,0.4078,92.4301,110.4851,0.7698,1.6582
7.1,213,sitting,0.7855,1.1381,-0.0313,2.8291,1.1694,0.4133,1.1212,0.9728,0.5983,0.4772,0.0764,0.7322,0.3226,0.5229,0.3745,0.121,0.4008,90.768,111.0396,0.8397,1.6435
7.133,214,sitting,0.7838,1.1377,-0.0309,2.8268,1.1686,0.4134,1.1207,0.9718,0.5959,0.4713,0.0764,0.7303,0.3224,0.5248,0.3759,0.1246,0.3949,89.5412,111.7766,1.3418,1.6251
7.167,215,sitting,0.781,1.1347,-0.0309,2.8138,1.1657,0.4143,1.118,0.9696,0.5923,0.4662,0.0764,0.7269,0.3216,0.5256,0.3772,0.1261,0.3898,88.2441,112.4645,1.9831,1.5997
7.2,216,sitting,0.7782,1.1334,-0.0274,2.8003,1.1608,0.4145,1.1167,0.9677,0.5887,0.4605,0.0767,0.722,0.4816,0.528,0.379,0.1282,0.3839,87.125,113.099,2.3496,1.5712
7.233,217,sitting,0.7727,1.1276,-0.0279,2.7762,1.1555,0.4162,1.1116,0.9632,0.5821,0.4556,0.0766,0.7157,0.3213,0.5295,0.3811,0.1265,0.379,86.0421,113.4212,2.9405,1.5489
7.267,218,sitting,0.7673,1.121,-0.0291,2.7497,1.15,0.4182,1.1059,0.9572,0.5773,0.4529,0.0765,0.7078,0.318,0.5286,0.3799,0.1244,0.3764,85.2858,113.6169,3.4094,1.5277
7.3,219,sitting,0.7626,1.1151,-0.0295,2.7249,1.1446,0.42,1.1008,0.952,0.5733,0.4509,0.0764,0.7023,0.3156,0.5275,0.3787,0.1223,0.3745,84.8136,113.5627,3.6661,1.5101
7.333,220,sitting,0.7577,1.11,-0.0303,2.7047,1.1403,0.4216,1.0964,0.946,0.5693,0.4507,0.0764,0.6962,0.4729,0.527,0.3766,0.1186,0.3743,84.4485,113.4985,4.0732,1.4893
7.367,221,sitting,0.756,1.1057,-0.0309,2.6871,1.1365,0.423,1.0925,0.9428,0.5693,0.4503,0.0763,0.6951,0.3121,0.5233,0.3735,0.119,0.3739,84.6768,113.5931,4.1427,1.4673
7.4,222,sitting,0.7572,1.1028,-0.0315,2.6733,1.1343,0.4243,1.0901,0.9408,0.5735,0.4519,0.0763,0.6998,0.4705,0.5166,0.3673,0.1216,0.3756,85.849,114.0546,4.1192,1.4448
7.433,223,sitting,0.7566,1.099,-0.0325,2.6592,1.1314,0.4255,1.0863,0.9399,0.5733,0.4518,0.0762,0.6986,0.4709,0.513,0.3666,0.1215,0.3756,86.1041,114.3612,4.3791,1.4279
7.467,224,sitting,0.755,1.0956,-0.033,2.646,1.1286,0.4265,1.0826,0.9378,0.5722,0.4521,0.0761,0.696,0.4705,0.5104,0.3656,0.12,0.376,86.3761,114.504,4.6387,1.4168
7.5,225,sitting,0.7531,1.0914,-0.0336,2.6295,1.125,0.4278,1.0789,0.9349,0.5714,0.4531,0.0761,0.6932,0.4715,0.5076,0.3635,0.1182,0.377,86.7458,114.5788,4.9326,1.4098
7.533,226,sitting,0.7518,1.0876,-0.0342,2.6148,1.1218,0.429,1.0756,0.9327,0.5708,0.4531,0.076,0.6916,0.4733,0.5048,0.3619,0.1177,0.3771,87.3382,115.315,5.6217,1.407
7.567,227,sitting,0.7502,1.0853,-0.0347,2.6061,1.12,0.4298,1.073,0.9303,0.5701,0.4532,0.076,0.6902,0.4745,0.5029,0.3602,0.1169,0.3772,87.9501,116.3351,6.5879,1.4096
7.6,228,sitting,0.7505,1.0854,-0.035,2.6043,1.1203,0.4302,1.0728,0.9292,0.5719,0.4552,0.076,0.6889,0.4721,0.5009,0.3573,0.1167,0.3792,88.722,116.8471,7.0195,1.4151
7.633,229,sitting,0.7506,1.0843,-0.0349,2.5995,1.1191,0.4305,1.071,0.929,0.5722,0.4559,0.076,0.6862,0.4704,0.4988,0.3568,0.1163,0.3799,89.3659,117.7076,7.8958,1.4268
7.667,230,sitting,0.7509,1.0844,-0.0346,2.5963,1.1189,0.431,1.071,0.9281,0.5738,0.4586,0.0761,0.685,0.4667,0.4973,0.3543,0.1152,0.3825,90.0569,118.4267,8.5975,1.4362
7.7,231,sitting,0.7521,1.0856,-0.034,2.5978,1.1196,0.431,1.0721,0.9284,0.5759,0.4607,0.0761,0.683,0.4632,0.4963,0.3525,0.1152,0.3846,90.5856,119.3636,9.4301,1.4519
7.733,232,sitting,0.753,1.0874,-0.0336,2.6024,1.121,0.4308,1.0733,0.9286,0.5775,0.4628,0.0762,0.6808,0.4597,0.4958,0.3511,0.1147,0.3867,91.1058,120.2749,10.2588,1.4721
7.767,233,sitting,0.7536,1.0891,-0.0332,2.6069,1.1223,0.4305,1.0743,0.9284,0.5789,0.4646,0.0762,0.6769,0.4541,0.4955,0.3495,0.1142,0.3884,91.4102,121.0105,10.9795,1.496
7.8,234,sitting,0.7536,1.0902,-0.0323,2.6088,1.1225,0.4303,1.075,0.9281,0.5791,0.4664,0.0763,0.6734,0.4476,0.496,0.3491,0.1127,0.3901,91.5168,121.5715,11.662,1.518
7.833,235,sitting,0.754,1.0909,-0.0314,2.6093,1.1223,0.4301,1.0755,0.9283,0.5797,0.4672,0.0764,0.6729,0.446,0.4957,0.3486,0.1126,0.3908,91.7679,122.3093,12.3246,1.5342
7.867,236,sitting,0.7545,1.0918,-0.0307,2.6118,1.1225,0.4298,1.0762,0.9287,0.5802,0.468,0.0764,0.6726,0.4451,0.496,0.3485,0.1122,0.3916,91.8228,122.7741,12.7941,1.5468
7.9,237,sitting,0.7538,1.0917,-0.0305,2.6131,1.1222,0.4294,1.076,0.9289,0.5787,0.4667,0.0764,0.6685,0.4436,0.4972,0.3502,0.112,0.3903,91.5401,122.921,13.0907,1.5587
7.933,238,sitting,0.7543,1.0933,-0.0299,2.6181,1.1232,0.429,1.0774,0.9296,0.579,0.4673,0.0765,0.6692,0.4424,0.4984,0.3506,0.1117,0.3908,91.5382,123.0901,13.25,1.5634
7.967,239,sitting,0.7546,1.0945,-0.0295,2.6223,1.124,0.4286,1.0784,0.9299,0.5793,0.4682,0.0765,0.6687,0.4404,0.4991,0.3507,0.1111,0.3918,91.4736,122.9866,13.2219,1.5669
8.0,240,sitting,0.7531,1.0942,-0.0292,2.6237,1.1234,0.4282,1.0778,0.9299,0.5762,0.4657,0.0765,0.6642,0.4387,0.5016,0.3537,0.1105,0.3892,90.8606,122.8727,13.3222,1.5718
8.033,241,sitting,0.7521,1.0938,-0.0288,2.6242,1.1226,0.4278,1.0774,0.9303,0.5739,0.4634,0.0765,0.6608,0.4379,0.5036,0.3565,0.1104,0.3869,90.466,122.5129,13.1587,1.5745
8.067,242,sitting,0.7519,1.0948,-0.0287,2.6297,1.1235,0.4272,1.0783,0.9309,0.5729,0.462,0.0765,0.6583,0.4374,0.5054,0.358,0.1109,0.3855,90.1278,122.4043,13.1291,1.5789
8.1,243,sitting,0.7515,1.0951,-0.0287,2.6322,1.1239,0.427,1.0789,0.9311,0.5718,0.4614,0.0765,0.6546,0.4367,0.507,0.3593,0.1105,0.3849,89.9371,122.1491,13.0469,1.5836
8.133,244,sitting,0.752,1.0961,-0.0281,2.634,1.1243,0.4268,1.0803,0.9317,0.5722,0.4626,0.0765,0.656,0.4349,0.5081,0.3595,0.1096,0.386,90.1945,122.3607,13.2402,1.5849
8.167,245,sitting,0.7527,1.0974,-0.0278,2.6371,1.1251,0.4267,1.0822,0.9326,0.5729,0.4635,0.0766,0.6568,0.4332,0.5093,0.3598,0.1094,0.3869,90.4442,122.5185,13.3325,1.5875
8.2,246,sitting,0.7524,1.0976,-0.0277,2.6397,1.1253,0.4263,1.083,0.9324,0.5724,0.4627,0.0766,0.655,0.4344,0.5107,0.36,0.1097,0.3861,90.3972,122.243,13.1777,1.5944
8.233,247,sitting,0.7522,1.0984,-0.0279,2.6451,1.1264,0.4258,1.0845,0.9323,0.572,0.4622,0.0766,0.6543,0.4352,0.5125,0.3604,0.1097,0.3857,90.3332,122.1038,13.1396,1.6018
8.267,248,sitting,0.752,1.1,-0.0278,2.6522,1.1278,0.4252,1.0865,0.9324,0.5715,0.4622,0.0766,0.6532,0.437,0.5151,0.3609,0.1093,0.3856,90.2098,121.8972,13.0958,1.6098
8.3,249,sitting,0.7529,1.1013,-0.0283,2.6571,1.1297,0.4251,1.0891,0.9333,0.5726,0.4631,0.0765,0.6566,0.4385,0.5165,0.3607,0.1095,0.3865,90.5427,122.3684,13.3954,1.6133
8.333,250,sitting,0.7532,1.1031,-0.0282,2.6655,1.1314,0.4244,1.0915,0.9342,0.5723,0.4629,0.0766,0.656,0.4401,0.5193,0.3619,0.1094,0.3864,90.4406,122.3806,13.4667,1.6208
8.367,251,sitting,0.7544,1.105,-0.0286,2.6729,1.1336,0.4241,1.0941,0.9352,0.5737,0.4643,0.0765,0.6602,0.4416,0.5204,0.3615,0.1094,0.3877,90.7681,122.6624,13.6175,1.6252
8.4,252,sitting,0.7543,1.1062,-0.0289,2.6794,1.1351,0.4236,1.0955,0.9358,0.5729,0.464,0.0765,0.6586,0.4413,0.5226,0.3629,0.1088,0.3875,90.3892,122.3293,13.4673,1.6323
8.433,253,sitting,0.7549,1.1093,-0.0288,2.6888,1.1381,0.4233,1.097,0.9364,0.5734,0.4653,0.0765,0.6619,0.4413,0.5237,0.363,0.108,0.3889,90.4649,122.4294,13.5649,1.6372
8.467,254,sitting,0.7561,1.1121,-0.0281,2.6986,1.1402,0.4225,1.0991,0.9377,0.5746,0.4676,0.0765,0.6661,0.443,0.5244,0.363,0.107,0.3911,90.5287,122.3862,13.5745,1.6432
8.5,255,sitting,0.7567,1.1134,-0.0279,2.7048,1.1413,0.422,1.1001,0.9386,0.5748,0.4686,0.0765,0.6642,0.4431,0.5252,0.3638,0.1062,0.3921,90.4076,121.9782,13.3537,1.6512
8.533,256,sitting,0.7572,1.1133,-0.0267,2.704,1.1401,0.4216,1.1005,0.9395,0.575,0.4705,0.0766,0.6623,0.4421,0.5255,0.3644,0.1045,0.394,90.3407,121.3525,12.9889,1.6557
8.567,257,sitting,0.757,1.1124,-0.026,2.7011,1.1384,0.4215,1.0996,0.9392,0.5749,0.4717,0.0766,0.6598,0.4406,0.5247,0.3642,0.1032,0.3951,90.672,121.0156,12.8194,1.6607
8.6,258,sitting,0.7568,1.1111,-0.0263,2.6977,1.1374,0.4216,1.0981,0.9388,0.5748,0.472,0.0765,0.659,0.4404,0.5233,0.364,0.1028,0.3955,91.2979,120.6645,12.5205,1.6627
8.633,259,sitting,0.7568,1.1097,-0.0267,2.6935,1.1364,0.4219,1.097,0.9388,0.5748,0.4727,0.0763,0.6584,0.4407,0.5222,0.364,0.1021,0.3963,92.0497,119.8779,11.8842,1.6624
8.667,260,sitting,0.7559,1.1085,-0.0271,2.6902,1.1356,0.4221,1.0958,0.9382,0.5737,0.4727,0.0762,0.6564,0.4386,0.5222,0.3645,0.1009,0.3966,92.9651,119.032,11.2307,1.6635
8.7,261,sitting,0.7546,1.1068,-0.0278,2.6856,1.1346,0.4225,1.0933,0.9366,0.5726,0.471,0.076,0.6539,0.437,0.5207,0.364,0.1016,0.395,93.8677,118.3201,10.4232,1.665
8.733,262,sitting,0.7534,1.1046,-0.0274,2.6753,1.132,0.4231,1.0913,0.9353,0.5714,0.4711,0.076,0.6521,0.4358,0.5199,0.3639,0.1003,0.3951,94.204,117.2713,9.4912,1.6639
8.767,263,sitting,0.7518,1.1012,-0.0269,2.66,1.128,0.4241,1.0877,0.9336,0.5699,0.4716,0.076,0.6507,0.4367,0.5177,0.3637,0.0983,0.3956,94.0534,115.5768,8.1188,1.6579
8.8,264,sitting,0.7506,1.0963,-0.0267,2.6384,1.123,0.4256,1.0842,0.9318,0.5695,0.4722,0.076,0.6496,0.4351,0.5147,0.3623,0.0972,0.3962,93.7387,113.9917,6.7482,1.6536
8.833,265,sitting,0.7493,1.0928,-0.0265,2.6221,1.1192,0.4269,1.0809,0.9297,0.5689,0.4734,0.076,0.6485,0.4347,0.512,0.3608,0.0956,0.3973,93.1296,112.5339,5.5995,1.6506
8.867,266,sitting,0.7502,1.0904,-0.0223,2.6021,1.1127,0.4276,1.0797,0.9304,0.5699,0.4769,0.0764,0.652,0.4352,0.5098,0.3605,0.093,0.4005,92.1394,110.732,4.1518,1.6438
8.9,267,sitting,0.7477,1.0869,-0.022,2.5858,1.1089,0.4288,1.0765,0.9284,0.5671,0.4781,0.0764,0.6512,0.4338,0.5094,0.3613,0.089,0.4017,90.6461,109.1177,3.1752,1.6382
8.933,268,sitting,0.7494,1.0865,-0.0159,2.571,1.1024,0.4288,1.076,0.9292,0.5696,0.4823,0.0768,0.6543,0.4329,0.5064,0.3596,0.0874,0.4055,89.1952,107.5202,1.8774,1.6309
8.967,269,sitting,0.7479,1.0843,-0.0121,2.5531,1.0964,0.4294,1.0738,0.9273,0.5685,0.4854,0.077,0.6534,0.4315,0.5054,0.3589,0.0831,0.4084,87.1643,105.6862,0.7164,1.6246
9.0,270,sitting,0.7465,1.0814,-0.0081,2.5331,1.0895,0.4301,1.071,0.9259,0.5671,0.4879,0.0773,0.6528,0.4309,0.5039,0.3588,0.0792,0.4106,85.2819,103.9614,0.4331,1.613
9.033,271,,0.7434,1.0781,-0.0063,2.5162,1.0844,0.4309,1.0676,0.9231,0.5637,0.4883,0.0774,0.6509,0.4342,0.5039,0.3594,0.0754,0.4109,83.6583,102.4656,1.4355,1.6071
9.067,272,,0.7409,1.0757,-0.0031,2.4994,1.0788,0.4316,1.0646,0.9211,0.5606,0.4886,0.0776,0.6513,0.4356,0.504,0.3605,0.0721,0.411,82.1585,101.3891,2.1073,1.6001
9.1,273,,0.7381,1.073,-0.0022,2.4873,1.0752,0.4323,1.0614,0.9187,0.5575,0.4892,0.0776,0.651,0.437,0.5039,0.3612,0.0683,0.4116,80.556,100.1835,2.8112,1.5944
9.133,274,,0.7378,1.073,0.0003,2.4821,1.0727,0.4322,1.0595,0.9179,0.5577,0.4893,0.0778,0.6515,0.438,0.5018,0.3602,0.0684,0.4115,79.8823,99.8639,3.2683,1.5902
9.167,275,,0.7379,1.0728,0.0031,2.476,1.0697,0.432,1.057,0.9175,0.5583,0.4892,0.0779,0.6519,0.44,0.4988,0.3592,0.0691,0.4113,79.3271,99.6471,3.6756,1.5871
9.2,276,,0.7357,1.0722,0.0065,2.4687,1.0656,0.4317,1.0543,0.9139,0.5575,0.4859,0.0781,0.6503,0.4359,0.4969,0.3564,0.0716,0.4078,79.1659,99.6023,4.2011,1.5837
9.233,277,,0.7358,1.0735,0.0084,2.47,1.0651,0.4312,1.0527,0.9145,0.5572,0.4847,0.0782,0.6522,0.439,0.4955,0.3572,0.0725,0.4065,78.7294,100.2675,3.8121,1.5849
9.267,278,,0.7357,1.074,0.0097,2.47,1.0643,0.4309,1.0515,0.915,0.5564,0.4835,0.0783,0.6536,0.4422,0.4951,0.3587,0.0729,0.4052,77.9428,100.2676,3.9087,1.5811
9.3,279,,0.7355,1.0734,0.0109,2.4657,1.0626,0.4309,1.0498,0.915,0.556,0.482,0.0783,0.6552,0.4606,0.4938,0.359,0.074,0.4036,77.6257,100.6233,3.8236,1.5772
9.333,280,,0.735,1.0723,0.0119,2.4593,1.0603,0.4311,1.0476,0.915,0.5551,0.4791,0.0784,0.6574,0.4709,0.4925,0.3599,0.076,0.4007,77.659,100.7557,4.0874,1.5754
9.367,281,,0.733,1.0689,0.0093,2.452,1.0596,0.4321,1.044,0.9124,0.5536,0.4762,0.0782,0.6628,0.4919,0.4904,0.3588,0.0774,0.398,77.3431,100.1571,4.824,1.5754
9.4,282,,0.7329,1.067,0.0098,2.4432,1.0572,0.4327,1.0425,0.9127,0.5531,0.4732,0.0783,0.6734,0.5118,0.4894,0.3596,0.0799,0.3949,77.1443,100.1327,5.2716,1.5672
9.433,283,,0.7327,1.0652,0.0104,2.4342,1.0547,0.4333,1.0412,0.9124,0.5531,0.4706,0.0783,0.6786,0.5262,0.4882,0.3593,0.0825,0.3923,77.0584,99.9988,5.8161,1.5605
9.467,284,,0.7309,1.063,0.0076,2.4318,1.0554,0.434,1.0387,0.91,0.5517,0.4676,0.0781,0.6843,0.5352,0.4869,0.3583,0.0841,0.3895,76.8699,98.8567,7.0526,1.5597
9.5,285,,0.7281,1.061,0.0041,2.4317,1.0569,0.4346,1.035,0.9065,0.5497,0.4638,0.078,0.6842,0.5405,0.4853,0.3568,0.0859,0.3858,76.7767,98.1375,7.919,1.5613
9.533,286,,0.7269,1.0598,0.0023,2.4309,1.0575,0.435,1.0326,0.905,0.5488,0.4594,0.0779,0.6881,0.5414,0.4839,0.3563,0.0894,0.3815,76.8906,97.5749,8.8975,1.5589
9.567,287,,0.7267,1.0592,0.0012,2.4312,1.058,0.4352,1.0306,0.9047,0.5487,0.4556,0.0778,0.6952,0.5429,0.482,0.356,0.0931,0.3778,77.2373,97.3804,9.5845,1.5536
9.6,288,,0.7276,1.0593,0.0041,2.4258,1.0552,0.435,1.0299,0.9061,0.549,0.4537,0.078,0.6931,0.5462,0.4809,0.3571,0.0954,0.3757,76.997,96.8422,10.4613,1.5445
9.633,289,,0.7284,1.0582,0.0041,2.4213,1.0541,0.4353,1.0291,0.9064,0.5504,0.4526,0.078,0.6983,0.5465,0.4787,0.356,0.0977,0.3747,77.1531,96.1758,11.4509,1.5388
9.667,290,,0.7283,1.0563,0.0043,2.4146,1.052,0.4357,1.0281,0.907,0.5497,0.4503,0.078,0.707,0.5464,0.4784,0.3573,0.0993,0.3724,77.0387,95.0879,12.7607,1.5324
9.7,291,,0.7282,1.0548,0.0043,2.4093,1.0505,0.436,1.0264,0.9071,0.5492,0.4483,0.078,0.715,0.5457,0.4772,0.3579,0.1009,0.3703,76.7514,94.4607,13.5991,1.5264
9.733,292,,0.7305,1.0535,0.0054,2.4025,1.0481,0.4363,1.025,0.9104,0.5506,0.4462,0.0781,0.7323,0.5457,0.4743,0.3597,0.1044,0.3682,76.7912,93.6291,14.9254,1.5218
9.767,293,,0.7317,1.0529,0.0059,2.3992,1.047,0.4364,1.0242,0.9117,0.5518,0.4437,0.0781,0.7362,0.5438,0.4724,0.3599,0.1081,0.3656,76.8836,93.5269,15.5646,1.522
9.8,294,,0.7321,1.0534,0.0086,2.3954,1.0448,0.4362,1.024,0.9126,0.5517,0.4419,0.0782,0.7402,0.5438,0.4723,0.3609,0.1098,0.3636,76.4927,93.5131,15.8161,1.5179
9.833,295,,0.7328,1.0529,0.0088,2.3936,1.0441,0.4362,1.0239,0.9133,0.5523,0.4406,0.0783,0.7454,0.543,0.4715,0.361,0.1117,0.3624,76.4174,93.5832,16.0745,1.5189
9.867,296,,0.7324,1.0519,0.0086,2.3908,1.0433,0.4364,1.0232,0.9127,0.5521,0.4384,0.0783,0.7445,0.5404,0.4711,0.3606,0.1137,0.3601,76.1792,93.8309,16.1807,1.5175
9.9,297,,0.7312,1.0522,0.0092,2.3902,1.043,0.4364,1.0235,0.911,0.5514,0.4372,0.0783,0.7422,0.5388,0.4721,0.3596,0.1142,0.3589,75.5421,94.3782,15.7465,1.5115
9.933,298,,0.7278,1.0517,0.0094,2.3885,1.0424,0.4364,1.0227,0.9072,0.5485,0.4353,0.0783,0.7344,0.5284,0.4741,0.3586,0.1133,0.357,74.8262,94.948,15.1044,1.5054
9.967,299,,0.7233,1.0496,0.0105,2.3785,1.039,0.4368,1.0213,0.903,0.5436,0.4338,0.0784,0.728,0.5244,0.4777,0.3594,0.1098,0.3555,73.7332,94.8496,14.7126,1.4975
10.0,300,,0.7196,1.0471,0.0118,2.3676,1.0353,0.4373,1.0197,0.8999,0.5392,0.4318,0.0784,0.7234,0.5191,0.4805,0.3608,0.1074,0.3533,72.8205,94.6648,14.6112,1.4871
10.033,301,,0.7148,1.0447,0.0122,2.3587,1.0325,0.4378,1.0183,0.8955,0.5342,0.4309,0.0785,0.7129,0.4955,0.4841,0.3614,0.1032,0.3525,71.695,94.1407,14.5288,1.4797
10.067,302,,0.7116,1.0423,0.0141,2.3463,1.0282,0.4382,1.0162,0.8928,0.5303,0.4309,0.0786,0.7047,0.4774,0.4859,0.3624,0.0995,0.3523,70.5707,93.6634,14.4364,1.4729
10.1,303,,0.7094,1.0402,0.0154,2.3357,1.0248,0.4387,1.0145,0.8909,0.5279,0.4314,0.0787,0.7021,0.473,0.4867,0.363,0.0965,0.3527,69.384,93.2825,14.3567,1.4635
10.133,304,,0.7058,1.0368,0.0151,2.3244,1.0218,0.4396,1.012,0.8875,0.524,0.4306,0.0787,0.6965,0.4636,0.4879,0.3635,0.0934,0.3519,68.219,92.7774,14.4104,1.4573
10.167,305,,0.7013,1.0302,0.0099,2.3106,1.0203,0.4416,1.0062,0.882,0.5206,0.4286,0.0784,0.6952,0.4658,0.4857,0.3615,0.092,0.3501,67.8381,92.1491,14.7778,1.457
10.2,306,,0.6973,1.0269,0.0096,2.2979,1.0173,0.4427,1.0035,0.8775,0.5171,0.4279,0.0785,0.6904,0.4591,0.4865,0.3604,0.0891,0.3495,66.4121,91.4755,15.0303,1.4495
10.233,307,,0.6938,1.0196,0.0045,2.281,1.0151,0.4451,0.9965,0.8727,0.5148,0.4244,0.0782,0.6867,0.455,0.4817,0.3579,0.0904,0.3463,65.9516,90.9155,15.7339,1.4408
10.267,308,,0.6875,1.0106,-0.001,2.2602,1.0115,0.4475,0.9886,0.8668,0.5083,0.4197,0.0778,0.6811,0.451,0.4803,0.3585,0.0886,0.3419,64.8318,89.7879,16.5653,1.4165
10.3,309,,0.683,1.0066,0.0017,2.2392,1.0049,0.4488,0.9853,0.8642,0.5018,0.4202,0.078,0.6736,0.4404,0.4835,0.3624,0.0816,0.3422,62.1561,87.8844,17.4165,1.3858
10.333,310,,0.677,1.0022,0.0024,2.2208,0.9999,0.4502,0.9806,0.8596,0.4944,0.4177,0.0781,0.663,0.4248,0.4863,0.3652,0.0767,0.3396,59.6857,86.6554,17.8801,1.3591
10.367,311,,0.6712,0.9974,0.0022,2.2016,0.9953,0.4521,0.9753,0.8565,0.4859,0.4163,0.0782,0.6651,0.427,0.4894,0.3705,0.0696,0.3382,56.9793,85.5873,17.9185,1.3369
10.4,312,,0.6608,0.989,0.0029,2.1686,0.9861,0.4547,0.9646,0.8494,0.4721,0.4141,0.0783,0.6663,0.4298,0.4925,0.3773,0.058,0.3358,54.1344,84.7005,17.3426,1.3048
10.433,313,,0.6487,0.976,0.0037,2.1206,0.9723,0.4585,0.9565,0.8393,0.4581,0.4099,0.0784,0.6714,0.4386,0.4984,0.3812,0.0482,0.3316,51.8953,83.8961,16.9078,1.2727
10.467,314,,0.6379,0.9597,0.0051,2.0611,0.9546,0.4632,0.9389,0.8284,0.4473,0.4094,0.0785,0.5753,0.2963,0.4915,0.3811,0.0379,0.3309,50.5024,83.0936,16.4709,1.2405
10.5,315,,0.6255,0.9391,0.0027,1.9967,0.9364,0.469,0.9202,0.8126,0.4383,0.4053,0.0784,0.6693,0.2926,0.4819,0.3743,0.033,0.3269,50.322,82.536,16.3442,1.2148
10.533,316,,0.6078,0.9133,-0.0055,1.9288,0.9188,0.4764,0.8944,0.7958,0.4198,0.4007,0.0779,0.6688,0.4904,0.4746,0.3761,0.0191,0.3228,48.552,81.2021,15.842,1.1931
10.567,317,,0.5963,0.896,-0.0051,1.8729,0.9011,0.4811,0.8709,0.7866,0.406,0.4074,0.078,0.6772,0.5277,0.4649,0.3807,-0.0014,0.3294,47.0711,78.7204,15.6093,1.1735
10.6,318,,0.5863,0.8801,-0.0022,1.817,0.8823,0.4856,0.8529,0.7775,0.395,0.4166,0.0784,0.6721,0.2845,0.4579,0.3825,-0.0216,0.3382,46.3797,76.1947,15.4696,1.1485
10.633,319,,0.5821,0.8683,0.007,1.7625,0.8613,0.4887,0.8389,0.7734,0.3908,0.4258,0.0796,0.6777,0.5255,0.4481,0.3827,-0.0351,0.3462,48.0777,75.1924,14.6195,1.1206
10.667,320,,0.5854,0.8695,0.0279,1.7259,0.8416,0.4877,0.8408,0.7744,0.3964,0.4383,0.0823,0.6892,0.5346,0.4444,0.3779,-0.0418,0.356,52.6301,75.0884,13.5552,1.0891
10.7,321,,0.5859,0.8729,0.0463,1.6981,0.8266,0.4868,0.8488,0.7721,0.3997,0.4512,0.0849,0.6998,0.5427,0.4491,0.3724,-0.0515,0.3663,56.266,75.0442,11.8913,1.0583
10.733,322,,0.5819,0.8763,0.0611,1.6775,0.8152,0.4859,0.8571,0.7676,0.3961,0.4597,0.087,0.6949,0.5221,0.4609,0.3715,-0.0635,0.3726,58.4099,74.8526,10.121,1.0337
10.767,323,,0.5793,0.8785,0.0719,1.6613,0.8065,0.4855,0.8642,0.7658,0.3927,0.4625,0.0893,0.6932,0.512,0.4715,0.3731,-0.0697,0.3732,61.5335,75.6587,8.2125,0.9818
10.8,324,,0.5702,0.8771,0.0682,1.6612,0.8089,0.4869,0.8654,0.758,0.3823,0.467,0.0877,0.6794,0.4966,0.4832,0.3758,-0.0847,0.3793,63.4717,75.4301,6.8661,0.9497
10.833,325,,0.555,0.8712,0.0493,1.6702,0.8218,0.4921,0.8585,0.747,0.3629,0.456,0.0797,0.6637,0.4778,0.4956,0.3841,-0.0931,0.3763,79.2684,75.9041,5.3831,1.0433
10.867,326,,0.5635,0.8861,0.0535,1.7374,0.8326,0.4792,0.8732,0.7609,0.3662,0.4565,0.0862,0.6881,0.5189,0.507,0.3947,-0.0903,0.3702,76.2822,77.4239,4.5008,0.935
10.9,327,,0.5684,0.893,0.0491,1.7866,0.8439,0.4723,0.8792,0.7681,0.3686,0.4551,0.0931,0.7032,0.5419,0.5106,0.3995,-0.0865,0.362,76.7828,78.5581,3.6403,0.8875
10.933,328,,0.5599,0.8851,0.04,1.7593,0.8451,0.4803,0.8704,0.7647,0.355,0.447,0.0877,0.7155,0.5927,0.5153,0.4097,-0.0919,0.3593,80.2444,78.2681,2.9525,0.9082
10.967,329,,0.5694,0.8873,0.0636,1.6691,0.8237,0.4935,0.8733,0.7754,0.3633,0.4497,0.0799,0.744,0.6396,0.51,0.4121,-0.0863,0.3698,94.2724,79.256,2.7943,1.0188
11.0,330,on_ground,0.5622,0.8844,0.0701,1.6487,0.8143,0.4939,0.8641,0.768,0.3564,0.4385,0.0808,0.7458,0.6377,0.5077,0.4116,-0.0822,0.3578,101.3469,79.0856,2.7065,0.8844
11.033,331,on_ground,0.5595,0.9213,0.0824,1.8264,0.839,0.4594,0.8515,0.7686,0.3505,0.4406,0.0873,0.7734,0.6842,0.501,0.4181,-0.0901,0.3533,91.6486,77.5999,2.8015,0.8963
11.067,332,on_ground,0.5523,0.9457,0.0653,1.9339,0.8803,0.4552,0.8359,0.7633,0.3412,0.4417,0.0925,0.7849,0.6971,0.4947,0.4221,-0.1004,0.3491,84.924,74.8049,3.3749,0.9336
11.1,333,on_ground,0.5409,0.908,0.0549,1.8405,0.8531,0.4635,0.8158,0.7545,0.3273,0.4394,0.0941,0.7818,0.6786,0.4885,0.4273,-0.1122,0.3453,82.4325,71.6792,3.9413,0.905
11.133,334,on_ground,0.5308,0.8881,0.0474,1.8126,0.8407,0.4638,0.7994,0.7471,0.3144,0.4337,0.0944,0.7779,0.6672,0.4851,0.4327,-0.1194,0.3393,81.9944,69.0696,4.8171,0.8964
11.167,335,on_ground,0.5272,0.9172,0.0409,1.9147,0.8763,0.4577,0.7876,0.7501,0.3044,0.4303,0.0936,0.7923,0.6659,0.4832,0.4457,-0.1259,0.3367,82.3068,66.7361,5.7136,0.9442
11.2,336,on_ground,0.5206,0.8918,0.045,1.8136,0.8468,0.4669,0.778,0.7472,0.2939,0.4239,0.0858,0.7795,0.6371,0.4841,0.4533,-0.1299,0.338,93.5959,65.7889,6.969,0.9262
11.233,337,on_ground,0.5281,0.8757,0.0476,1.7203,0.8281,0.4814,0.7818,0.7534,0.3028,0.4195,0.0803,0.7769,0.6118,0.479,0.4506,-0.1166,0.3391,105.3677,66.0668,8.4609,0.9562
11.267,338,on_ground,0.5346,0.8294,0.0643,1.5748,0.7652,0.4859,0.7891,0.7572,0.312,0.4213,0.0816,0.7586,0.5596,0.4771,0.4452,-0.1093,0.3397,104.0452,65.4024,9.3773,0.8903
11.3,339,on_ground,0.5507,0.8483,0.0799,1.6018,0.7683,0.4797,0.8013,0.7702,0.3312,0.4176,0.082,0.7751,0.5884,0.4701,0.439,-0.0864,0.3357,107.6862,67.6898,9.8335,0.8986
11.333,340,on_ground,0.5645,0.8738,0.0675,1.6479,0.8063,0.4893,0.814,0.7834,0.3456,0.4156,0.0816,0.795,0.6221,0.4683,0.4378,-0.07,0.334,111.3835,70.0002,9.9562,0.9118
11.367,341,on_ground,0.585,0.924,0.0465,1.7621,0.8775,0.498,0.8323,0.8033,0.3667,0.4159,0.0808,0.8299,0.6482,0.4656,0.4366,-0.0492,0.335,115.7111,72.7383,10.3281,0.9939
11.4,342,on_ground,0.5945,0.9594,0.0341,1.8789,0.9253,0.4925,0.8425,0.8146,0.3744,0.4155,0.0803,0.8517,0.6764,0.4681,0.4402,-0.0412,0.3352,117.4772,74.3337,9.9497,1.0547
11.433,343,on_ground,0.5985,0.9769,0.0319,1.9326,0.945,0.489,0.8474,0.8203,0.3766,0.4114,0.0803,0.8608,0.6907,0.4708,0.4437,-0.0348,0.3311,119.3935,75.3176,9.9558,1.0804
11.467,344,on_ground,0.6018,0.9812,0.0308,1.9432,0.9504,0.4891,0.8514,0.8245,0.3791,0.4139,0.0802,0.8633,0.6987,0.4723,0.4454,-0.0348,0.3336,119.3027,75.2643,9.9199,1.0903
11.5,345,on_ground,0.606,0.9993,0.0296,1.9988,0.9697,0.4852,0.8542,0.8296,0.3824,0.4166,0.0802,0.8716,0.7017,0.4718,0.4472,-0.0342,0.3364,119.3028,74.7907,10.4241,1.1172
11.533,346,on_ground,0.6064,1.0091,0.0301,2.0282,0.979,0.4827,0.8551,0.8312,0.3816,0.4191,0.0801,0.8741,0.7006,0.4736,0.4496,-0.0376,0.339,118.5916,74.0538,10.503,1.1322
11.567,347,on_ground,0.6069,1.0134,0.0263,2.0452,0.987,0.4826,0.8559,0.8324,0.3815,0.4224,0.0799,0.8738,0.7039,0.4744,0.4509,-0.0409,0.3424,117.894,73.2971,10.6289,1.1459
11.6,348,on_ground,0.6098,1.0128,0.0227,2.0445,0.9901,0.4843,0.8591,0.8338,0.3858,0.427,0.0797,0.8734,0.711,0.4733,0.448,-0.0412,0.3473,117.5955,72.9196,10.9791,1.154
11.633,349,on_ground,0.6146,1.0208,0.0159,2.0766,1.0049,0.4839,0.8608,0.8376,0.3917,0.4338,0.0791,0.8784,0.7188,0.4692,0.446,-0.0421,0.3546,117.0255,72.5939,11.1389,1.1832
11.667,350,on_ground,0.618,1.0277,0.0097,2.1074,1.018,0.4831,0.8618,0.841,0.395,0.4386,0.0786,0.8807,0.7208,0.4668,0.446,-0.0436,0.36,116.355,72.0766,11.4383,1.2168
11.7,351,on_ground,0.6228,1.0326,0.0067,2.1283,1.0259,0.482,0.861,0.8444,0.4012,0.4414,0.0781,0.8847,0.723,0.4597,0.4432,-0.0401,0.3632,117.4558,71.9337,12.1052,1.2409
11.733,352,on_ground,0.6278,1.0382,0.0053,2.1521,1.0329,0.4799,0.8608,0.8479,0.4077,0.4401,0.0779,0.8879,0.7267,0.4531,0.4402,-0.0324,0.3622,119.0708,72.6767,12.5948,1.2649
11.767,353,on_ground,0.6297,1.0406,0.0007,2.1641,1.04,0.4806,0.8636,0.8488,0.4106,0.4385,0.0776,0.8894,0.7347,0.453,0.4382,-0.0279,0.3609,119.299,73.3868,12.7281,1.2866
11.8,354,on_ground,0.6309,1.0421,-0.0001,2.172,1.0422,0.4798,0.8601,0.8487,0.4132,0.4373,0.0775,0.8893,0.7368,0.447,0.4356,-0.0241,0.3598,119.6842,73.9935,12.7381,1.3019
11.833,355,on_ground,0.6322,1.043,-0.0009,2.1765,1.0439,0.4796,0.8605,0.8493,0.4152,0.4381,0.0775,0.8887,0.7361,0.4453,0.434,-0.0229,0.3606,119.2971,74.0488,12.9087,1.3184
11.867,356,on_ground,0.6314,1.0403,-0.0001,2.1669,1.0404,0.4801,0.8603,0.848,0.4149,0.4384,0.0775,0.8859,0.7326,0.4454,0.4331,-0.0235,0.3609,118.631,73.9131,12.9778,1.3216
11.9,357,on_ground,0.627,1.0356,-0.0035,2.1599,1.0391,0.4811,0.8577,0.844,0.4099,0.4344,0.0773,0.8803,0.7202,0.4478,0.4341,-0.0245,0.3571,118.1702,73.9625,12.8282,1.3268
11.933,358,on_ground,0.6223,1.0303,-0.008,2.1527,1.0382,0.4823,0.8544,0.84,0.4045,0.4294,0.0771,0.8738,0.7099,0.4498,0.4354,-0.0249,0.3524,117.9577,74.5968,12.2235,1.3195
11.967,359,on_ground,0.6151,1.0245,-0.0125,2.1435,1.037,0.4838,0.8503,0.8343,0.396,0.4254,0.0768,0.867,0.7057,0.4543,0.4383,-0.0293,0.3486,117.0153,74.679,11.5449,1.3135
12.0,360,on_ground,0.6161,1.0246,-0.0139,2.1417,1.0384,0.4849,0.8551,0.8374,0.3948,0.4276,0.0767,0.8656,0.7077,0.4604,0.4426,-0.0328,0.3509,115.6911,74.6383,11.1857,1.3208
12.033,361,on_ground,0.6117,1.0192,-0.0147,2.1265,1.0339,0.4862,0.8514,0.8339,0.3895,0.4247,0.0766,0.8618,0.7085,0.462,0.4444,-0.0352,0.3481,115.0795,74.4582,11.1136,1.314
12.067,362,on_ground,0.6089,1.0171,-0.0152,2.1202,1.0322,0.4869,0.8514,0.8311,0.3867,0.4219,0.0766,0.8597,0.7104,0.4646,0.4444,-0.0351,0.3453,115.0814,74.4757,11.1805,1.3113
12.1,363,on_ground,0.6069,1.012,-0.015,2.1032,1.027,0.4883,0.8518,0.8286,0.3851,0.4207,0.0766,0.8575,0.7089,0.4667,0.4435,-0.0356,0.3441,114.8964,73.9868,11.6781,1.3039
12.133,364,on_ground,0.6057,1.0077,-0.0158,2.0893,1.0235,0.4899,0.8526,0.8268,0.3846,0.4196,0.0765,0.8557,0.709,0.468,0.4422,-0.0351,0.3431,114.7873,73.9924,11.8148,1.2982
12.167,365,on_ground,0.6054,0.9997,-0.015,2.059,1.0147,0.4928,0.8541,0.8255,0.3853,0.4202,0.0766,0.8532,0.7176,0.4687,0.4402,-0.0349,0.3436,114.4449,74.3362,11.5578,1.2925
12.2,366,on_ground,0.6029,0.9931,-0.015,2.0375,1.0081,0.4948,0.8533,0.822,0.3838,0.418,0.0766,0.8499,0.7166,0.4695,0.4382,-0.0342,0.3414,114.4609,74.478,11.5479,1.2848
12.233,367,on_ground,0.6001,0.9908,-0.0171,2.0347,1.008,0.4954,0.8514,0.8191,0.3811,0.4162,0.0764,0.8483,0.7125,0.4703,0.438,-0.0351,0.3398,114.3829,74.3244,11.5596,1.2827
12.267,368,on_ground,0.5999,0.9903,-0.0179,2.0327,1.0082,0.496,0.8513,0.8184,0.3815,0.4168,0.0764,0.8485,0.712,0.4698,0.4368,-0.0353,0.3404,114.3202,73.9597,11.9123,1.2835
12.3,369,on_ground,0.5994,0.9881,-0.0166,2.0236,1.0048,0.4965,0.8512,0.8172,0.3816,0.4167,0.0765,0.8478,0.7128,0.4695,0.4355,-0.035,0.3402,114.3475,73.6816,12.2469,1.2797
12.333,370,on_ground,0.5993,0.989,-0.0167,2.0255,1.0057,0.4965,0.8507,0.8166,0.3821,0.4172,0.0765,0.8488,0.7147,0.4685,0.4344,-0.0351,0.3407,114.4025,73.426,12.4991,1.2812
12.367,371,on_ground,0.5988,0.9863,-0.0171,2.0165,1.0034,0.4976,0.8504,0.8156,0.382,0.4176,0.0764,0.8487,0.7143,0.4684,0.4336,-0.0356,0.3412,114.5044,73.04,12.7763,1.2771
12.4,372,on_ground,0.598,0.9795,-0.0157,1.9928,0.9953,0.4994,0.8501,0.8149,0.3811,0.4186,0.0765,0.8467,0.7126,0.469,0.4338,-0.0375,0.3421,114.2625,72.7007,12.7914,1.2659
12.433,373,on_ground,0.5971,0.9677,-0.0157,1.9555,0.9833,0.5028,0.8501,0.8128,0.3815,0.4194,0.0765,0.8425,0.7045,0.4686,0.4313,-0.0379,0.3429,114.1926,72.5149,12.915,1.2483
12.467,374,on_ground,0.6009,0.9667,-0.0145,1.9472,0.9812,0.5039,0.853,0.8162,0.3857,0.4232,0.0766,0.8459,0.7126,0.4673,0.4305,-0.0376,0.3466,114.0642,72.6732,12.8158,1.2481
12.5,375,on_ground,0.6041,0.9672,-0.014,1.9452,0.9813,0.5044,0.8545,0.8183,0.3898,0.4252,0.0766,0.8495,0.7203,0.4647,0.4285,-0.0354,0.3486,114.348,72.8193,13.0174,1.2515
12.533,376,on_ground,0.6074,0.9748,-0.0141,1.9667,0.989,0.5029,0.8557,0.8213,0.3935,0.4271,0.0766,0.8559,0.731,0.4622,0.4278,-0.0336,0.3505,114.4966,72.8889,13.2402,1.2634
12.567,377,on_ground,0.6094,0.9811,-0.015,1.986,0.9961,0.5015,0.8562,0.8231,0.3957,0.4273,0.0766,0.8605,0.7416,0.4606,0.4275,-0.0316,0.3507,114.7212,73.3807,13.0685,1.2744
12.6,378,on_ground,0.6104,0.987,-0.0158,2.0041,1.0027,0.5003,0.857,0.8243,0.3965,0.4291,0.0765,0.8653,0.7502,0.4606,0.4278,-0.0326,0.3525,114.5623,73.4796,12.794,1.2838
12.633,379,on_ground,0.6118,0.9945,-0.0163,2.0267,1.0107,0.4987,0.8582,0.8256,0.398,0.4306,0.0765,0.8708,0.757,0.4602,0.4275,-0.0326,0.3542,114.6417,73.4377,12.8141,1.293
12.667,380,on_ground,0.6091,0.9938,-0.0167,2.0278,1.0106,0.4983,0.8559,0.8233,0.3949,0.4281,0.0764,0.871,0.748,0.461,0.4284,-0.0333,0.3517,114.965,73.4908,12.6078,1.2916
12.7,381,on_ground,0.608,0.9997,-0.0157,2.0467,1.0155,0.4962,0.8541,0.8222,0.3937,0.4261,0.0765,0.8742,0.7502,0.4604,0.4286,-0.0324,0.3496,115.5213,73.6144,12.5758,1.296
12.733,382,on_ground,0.608,1.0056,-0.0152,2.0628,1.0207,0.4948,0.8544,0.8227,0.3933,0.427,0.0765,0.8778,0.762,0.4611,0.4294,-0.0337,0.3505,115.4745,73.4942,12.4686,1.3028
12.767,383,on_ground,0.6086,1.0104,-0.0159,2.0773,1.0263,0.4941,0.8548,0.8237,0.3934,0.4278,0.0765,0.8804,0.7707,0.4614,0.4303,-0.0344,0.3514,115.3706,73.3593,12.4945,1.3105
12.8,384,on_ground,0.6079,1.0122,-0.0178,2.0861,1.03,0.4937,0.856,0.8233,0.3925,0.4257,0.0764,0.8811,0.7769,0.4635,0.4307,-0.0332,0.3494,115.8447,73.5782,12.4682,1.3142
12.833,385,on_ground,0.6075,1.0117,-0.0192,2.0873,1.0309,0.4939,0.854,0.8224,0.3925,0.4241,0.0762,0.8807,0.7752,0.4615,0.4299,-0.0316,0.3479,116.3715,73.366,12.926,1.3157
12.867,386,on_ground,0.6068,1.0137,-0.0201,2.095,1.0338,0.4935,0.8503,0.8225,0.3912,0.4238,0.0762,0.8818,0.777,0.4591,0.4313,-0.0326,0.3476,116.2729,73.178,12.9493,1.3188
12.9,387,on_ground,0.6075,1.016,-0.02,2.1022,1.036,0.4928,0.8527,0.8234,0.3916,0.424,0.0762,0.8836,0.7799,0.4611,0.4318,-0.0323,0.3478,116.3551,73.2015,12.9842,1.3221
12.933,388,on_ground,0.6083,1.0195,-0.0191,2.1134,1.0386,0.4914,0.8487,0.825,0.3916,0.4251,0.0763,0.8863,0.78,0.4571,0.4334,-0.0335,0.3488,116.3609,72.926,12.9958,1.3238
12.967,389,on_ground,0.6098,1.0225,-0.0173,2.1202,1.0397,0.4904,0.8492,0.8271,0.3926,0.4272,0.0764,0.8896,0.7837,0.4566,0.4345,-0.0346,0.3508,116.1795,72.7545,12.9596,1.325
13.0,390,on_ground,0.6102,1.0253,-0.0165,2.1292,1.0418,0.4893,0.8485,0.8283,0.3922,0.4283,0.0765,0.8911,0.7864,0.4563,0.4361,-0.0362,0.3519,115.6155,72.9546,12.5717,1.3308
13.033,391,on_ground,0.6089,1.0265,-0.0178,2.1384,1.0443,0.4883,0.847,0.8279,0.3899,0.4279,0.0764,0.891,0.7852,0.4571,0.438,-0.038,0.3515,115.0136,73.1217,12.1628,1.3321
13.067,392,on_ground,0.6078,1.0275,-0.0129,2.1386,1.0405,0.4865,0.8466,0.8279,0.3877,0.4287,0.0768,0.8919,0.7869,0.4589,0.4402,-0.041,0.352,114.0891,72.7497,12.0885,1.3206
13.1,393,on_ground,0.6032,1.0231,-0.0089,2.1264,1.0321,0.4853,0.844,0.8242,0.3821,0.4248,0.0771,0.8884,0.7821,0.4619,0.4421,-0.0426,0.3476,112.7018,72.6988,12.0185,1.3037
13.133,394,on_ground,0.6034,1.0213,-0.0048,2.1167,1.0261,0.4848,0.8465,0.8245,0.3823,0.4252,0.0776,0.8887,0.7877,0.4642,0.4422,-0.0429,0.3476,110.6252,72.9743,11.8834,1.2942
13.167,395,on_ground,0.6029,1.0098,-0.0021,2.0776,1.0119,0.487,0.8488,0.824,0.3818,0.4241,0.078,0.8842,0.7855,0.4669,0.4421,-0.0422,0.3461,109.1165,73.1591,11.9275,1.2708
13.2,396,on_ground,0.6015,0.9826,0.0004,1.9924,0.9822,0.493,0.8538,0.8223,0.3807,0.4205,0.0785,0.872,0.7752,0.4731,0.4416,-0.0398,0.342,107.7333,74.1056,11.4371,1.2178
13.233,397,on_ground,0.6008,0.9656,0.0043,1.9399,0.9613,0.4956,0.8534,0.823,0.3786,0.4176,0.0794,0.8653,0.7668,0.4748,0.4444,-0.039,0.3382,105.6134,74.4623,11.3364,1.18
13.267,398,on_ground,0.5983,0.9559,0.0065,1.9108,0.9494,0.4969,0.8537,0.8222,0.3745,0.4137,0.0801,0.8615,0.7525,0.4793,0.4477,-0.0392,0.3336,103.78,74.4005,11.4652,1.1606
13.3,399,on_ground,0.5997,0.9554,0.0103,1.9043,0.9451,0.4963,0.8581,0.826,0.3733,0.4134,0.0805,0.8645,0.7496,0.4847,0.4527,-0.0401,0.3329,103.264,74.2362,11.5274,1.1528
13.333,400,on_ground,0.5975,0.9445,0.0101,1.8703,0.9344,0.4996,0.8576,0.8253,0.3696,0.4138,0.0804,0.8613,0.7437,0.488,0.4557,-0.0442,0.3335,102.6965,73.6998,11.4639,1.1453
13.367,401,on_ground,0.5948,0.9059,0.0117,1.7578,0.8943,0.5087,0.8558,0.8244,0.3652,0.412,0.0806,0.8443,0.7137,0.4906,0.4593,-0.0469,0.3314,101.8552,73.8076,10.9955,1.0915
13.4,402,on_ground,0.5934,0.9052,0.0122,1.7296,0.893,0.5163,0.8537,0.8227,0.3641,0.4117,0.0805,0.8427,0.7026,0.4896,0.4586,-0.0477,0.3313,102.1505,73.3814,11.3132,1.0933
13.433,403,on_ground,0.5902,0.9043,0.014,1.7158,0.8903,0.5189,0.8489,0.8214,0.3589,0.4086,0.0806,0.8349,0.6952,0.49,0.4625,-0.0497,0.328,101.9746,73.2756,11.1072,1.0889
13.467,404,on_ground,0.5924,0.9035,0.0159,1.7357,0.8876,0.5114,0.8465,0.8247,0.3601,0.4084,0.0808,0.8496,0.7146,0.4864,0.4646,-0.0483,0.3276,102.0538,73.3633,11.2394,1.0872
13.5,405,on_ground,0.5934,0.9029,0.0166,1.7053,0.8864,0.5198,0.8428,0.8255,0.3613,0.4048,0.0808,0.8412,0.7013,0.4815,0.4643,-0.0435,0.324,103.0344,74.0891,11.2637,1.0852
13.533,406,on_ground,0.5942,0.9017,0.0149,1.7028,0.8868,0.5208,0.8396,0.8261,0.3624,0.4021,0.0806,0.8265,0.6764,0.4772,0.4636,-0.0396,0.3215,104.2328,74.7024,11.2257,1.0847
13.567,407,on_ground,0.5961,0.9013,0.0142,1.7015,0.8871,0.5213,0.8384,0.8279,0.3643,0.4003,0.0806,0.828,0.6791,0.4741,0.4635,-0.036,0.3197,104.7389,75.298,11.2225,1.083
13.6,408,on_ground,0.5953,0.8994,0.0105,1.7016,0.889,0.5224,0.8356,0.8281,0.3626,0.3954,0.0803,0.8382,0.6907,0.473,0.4655,-0.0328,0.3151,105.3481,75.7975,11.2221,1.0832
13.633,409,on_ground,0.5946,0.8976,0.0086,1.7005,0.889,0.5228,0.8336,0.8272,0.362,0.393,0.0805,0.8367,0.6855,0.4716,0.4652,-0.031,0.3125,104.6589,76.0095,11.3621,1.0797
13.667,410,on_ground,0.5934,0.8961,0.0054,1.7013,0.8907,0.5235,0.8322,0.8267,0.3601,0.3917,0.0803,0.8368,0.6849,0.4721,0.4666,-0.0316,0.3114,104.3708,75.8176,11.4486,1.0787
13.7,411,on_ground,0.5911,0.894,0.002,1.7014,0.892,0.5243,0.8303,0.8246,0.3577,0.3896,0.0801,0.8302,0.6735,0.4726,0.4669,-0.0319,0.3094,104.0339,75.8418,11.3831,1.0781
13.733,412,on_ground,0.588,0.8922,-0.0043,1.7079,0.8965,0.5249,0.8289,0.8222,0.3538,0.3849,0.0803,0.8256,0.6665,0.4751,0.4684,-0.0311,0.3046,101.828,76.2174,11.2561,1.0771
13.767,413,on_ground,0.5903,0.8931,-0.0052,1.7103,0.8983,0.5252,0.8312,0.8231,0.3574,0.3865,0.0805,0.8017,0.5718,0.4738,0.4657,-0.0291,0.306,100.8637,76.1237,11.7248,1.0828
13.8,414,on_ground,0.5923,0.8934,-0.0059,1.71,0.8992,0.5259,0.8325,0.8238,0.3607,0.3872,0.0803,0.8282,0.6665,0.4718,0.4631,-0.0265,0.3069,100.7403,76.285,12.0008,1.09
13.833,415,on_ground,0.5918,0.8926,-0.0042,1.705,0.8968,0.526,0.8324,0.823,0.3605,0.3862,0.0803,0.8016,0.5729,0.4719,0.4626,-0.0258,0.3059,100.6325,75.9177,12.4796,1.0937
13.867,416,on_ground,0.5913,0.8912,0.0019,1.6947,0.8893,0.5247,0.8314,0.8221,0.3606,0.3861,0.081,0.8268,0.571,0.4708,0.4615,-0.0255,0.3051,98.7962,75.5859,12.9445,1.0908
13.9,417,on_ground,0.5812,0.8815,0.0154,1.6595,0.8661,0.5219,0.821,0.8117,0.3506,0.3766,0.0815,0.8181,0.6508,0.4703,0.4611,-0.026,0.2952,99.3339,75.0575,13.4094,1.0684
13.933,418,on_ground,0.5641,0.8639,0.0351,1.596,0.8287,0.5192,0.8041,0.7939,0.3343,0.3698,0.0806,0.8093,0.6453,0.4698,0.4597,-0.0355,0.2892,96.3805,73.721,13.5496,1.1018
13.967,419,on_ground,0.5544,0.8528,0.0463,1.5368,0.8066,0.5248,0.7946,0.7826,0.3263,0.3736,0.08,0.7969,0.6316,0.4683,0.4563,-0.0472,0.2936,91.053,71.4588,14.2113,1.1667
14.0,420,on_ground,0.5463,0.8417,0.0522,1.5031,0.7895,0.5252,0.7842,0.7727,0.3198,0.3709,0.0797,0.7872,0.6189,0.4644,0.453,-0.0511,0.2912,81.5247,70.8363,15.1964,1.1377
14.033,421,,0.5366,0.8666,0.0612,1.5747,0.8053,0.5114,0.7709,0.7641,0.3091,0.3736,0.0799,0.7945,0.6381,0.4618,0.455,-0.0645,0.2937,76.3053,68.3379,15.9159,1.1637
14.067,422,,0.526,0.8529,0.0617,1.5375,0.7912,0.5146,0.7548,0.7532,0.2987,0.3667,0.0799,0.781,0.6189,0.4561,0.4545,-0.0679,0.2867,69.2986,67.7012,16.8087,1.1505
14.1,423,,0.5226,0.8633,0.0623,1.5651,0.801,0.5118,0.7446,0.75,0.2953,0.3667,0.08,0.7823,0.6228,0.4494,0.4548,-0.0714,0.2867,63.3727,67.2479,17.4255,1.1845
14.133,424,,0.5171,0.8758,0.0668,1.6016,0.8091,0.5052,0.73,0.7434,0.2907,0.3642,0.08,0.784,0.6251,0.4393,0.4527,-0.0735,0.2843,61.306,66.6547,17.9361,1.2178
14.167,425,,0.5162,0.8845,0.0704,1.6251,0.8141,0.501,0.7177,0.7402,0.2922,0.3632,0.08,0.7862,0.6352,0.4255,0.448,-0.071,0.2832,58.9812,66.6827,18.4136,1.2554
14.2,426,,0.5172,0.8819,0.0717,1.6158,0.8101,0.5014,0.7087,0.7384,0.2961,0.363,0.08,0.7844,0.6338,0.4125,0.4422,-0.0669,0.2831,57.838,66.9905,18.7798,1.2379
14.233,427,,0.5152,0.8909,0.0743,1.6401,0.8167,0.498,0.6996,0.7355,0.2948,0.3642,0.08,0.7877,0.6459,0.4048,0.4406,-0.0694,0.2842,56.864,66.07,19.3507,1.2544
14.267,428,,0.5139,0.8851,0.0735,1.6244,0.8116,0.4996,0.6931,0.7333,0.2944,0.3644,0.08,0.7843,0.6416,0.3987,0.4389,-0.07,0.2844,56.093,65.5401,19.8679,1.2316
14.3,429,,0.5099,0.88,0.0726,1.612,0.8074,0.5009,0.6864,0.7296,0.2901,0.3635,0.08,0.7807,0.6389,0.3963,0.4395,-0.0733,0.2834,55.6958,64.691,20.248,1.2277
14.333,430,,0.5086,0.88,0.0721,1.6127,0.8079,0.5009,0.6827,0.7272,0.2899,0.3628,0.08,0.7803,0.6428,0.3928,0.4373,-0.0728,0.2827,55.3456,64.2655,20.7493,1.2255
14.367,431,,0.5048,0.8355,0.0734,1.4838,0.7621,0.5136,0.6789,0.7211,0.2885,0.363,0.08,0.7586,0.5953,0.3904,0.4326,-0.0745,0.283,54.6618,63.6217,21.2546,1.1361
14.4,432,,0.503,0.8222,0.0737,1.4455,0.7485,0.5178,0.6761,0.7176,0.2885,0.3611,0.08,0.752,0.5913,0.3877,0.4291,-0.0727,0.2811,55.3465,63.0062,22.0041,1.1254
14.433,433,,0.5035,0.8284,0.0702,1.465,0.7583,0.5176,0.6736,0.7165,0.2904,0.3591,0.08,0.7548,0.5963,0.3832,0.4261,-0.0686,0.2791,55.2946,62.7361,22.7894,1.147
14.467,434,,0.5041,0.8399,0.0658,1.4984,0.7741,0.5166,0.672,0.7174,0.2909,0.3599,0.0799,0.7604,0.6075,0.3812,0.4266,-0.0691,0.28,54.4816,62.0277,23.4503,1.1815
14.5,435,,0.5063,0.8627,0.0606,1.5651,0.802,0.5125,0.6652,0.719,0.2936,0.3612,0.08,0.7708,0.6104,0.3717,0.4254,-0.0676,0.2812,53.6835,61.6688,24.0333,1.1981
14.533,436,,0.5101,0.8871,0.0577,1.6373,0.8294,0.5066,0.6707,0.7215,0.2987,0.3624,0.0801,0.7824,0.6165,0.372,0.4228,-0.0638,0.2824,53.5555,61.7233,24.4821,1.271
14.567,437,,0.5123,0.9063,0.0541,1.6977,0.8521,0.5019,0.67,0.7229,0.3018,0.363,0.0802,0.7889,0.6162,0.3682,0.4211,-0.0612,0.2828,53.5672,62.2706,24.339,1.2935
14.6,438,,0.5135,0.9151,0.0531,1.7266,0.8621,0.4993,0.6656,0.7225,0.3045,0.3637,0.0802,0.7878,0.6143,0.3612,0.4181,-0.0593,0.2836,53.4306,63.1668,23.749,1.2606
14.633,439,,0.5163,0.9189,0.056,1.7373,0.8629,0.4967,0.6698,0.7234,0.3093,0.3653,0.0799,0.7832,0.6114,0.3605,0.4141,-0.056,0.2854,53.1647,64.3028,23.1636,1.256
14.667,440,,0.5203,0.919,0.0585,1.7401,0.8605,0.4945,0.6762,0.7289,0.3117,0.3694,0.0798,0.779,0.6109,0.3645,0.4172,-0.0577,0.2896,53.4739,65.0872,22.179,1.2484
14.7,441,,0.5236,0.9187,0.0601,1.7435,0.8587,0.4925,0.6881,0.7356,0.3117,0.3762,0.0799,0.7761,0.6055,0.3764,0.424,-0.0645,0.2963,53.9262,65.6698,20.5112,1.2494
14.733,442,,0.5289,0.9198,0.0632,1.7491,0.8565,0.4897,0.7053,0.743,0.3149,0.3873,0.08,0.777,0.6096,0.3905,0.4281,-0.0724,0.3073,55.2305,65.848,19.3302,1.249
14.767,443,,0.5302,0.9202,0.0664,1.7558,0.8539,0.4863,0.7239,0.7483,0.3122,0.4013,0.0803,0.7746,0.6075,0.4117,0.436,-0.0891,0.321,55.84,65.7394,16.9794,1.2504
14.8,444,,0.5316,0.9206,0.0685,1.7636,0.852,0.4831,0.7464,0.7526,0.3105,0.4148,0.0805,0.7763,0.608,0.4358,0.4421,-0.1043,0.3344,56.5019,64.4351,16.1673,1.2379
14.833,445,,0.5377,0.9302,0.07,1.7973,0.8603,0.4786,0.7768,0.7613,0.3142,0.4317,0.0807,0.7833,0.6287,0.4626,0.447,-0.1175,0.351,56.1267,64.558,14.2491,1.2287
14.867,446,,0.5536,0.9328,0.0687,1.8122,0.8641,0.4768,0.8066,0.7783,0.3289,0.4406,0.0808,0.7858,0.6361,0.4777,0.4494,-0.1117,0.3598,57.5143,68.3265,11.0576,1.2077
14.9,447,,0.5687,0.937,0.0673,1.8291,0.8697,0.4755,0.8299,0.7932,0.3442,0.4426,0.0808,0.7898,0.6773,0.4857,0.4491,-0.0985,0.3618,59.6729,74.378,6.8291,1.1904
14.933,448,,0.5906,0.9361,0.0655,1.8292,0.8706,0.476,0.8689,0.8124,0.3689,0.4507,0.0808,0.7935,0.6812,0.5,0.4435,-0.0819,0.37,61.1361,80.8511,2.9294,1.1603
14.967,449,,0.626,0.9478,0.0671,1.843,0.8807,0.4779,0.9139,0.8449,0.4071,0.4611,0.0808,0.8023,0.6987,0.5069,0.4378,-0.054,0.3803,64.4174,87.2097,1.1429,1.1484
15.0,450,,0.6647,0.9705,0.0653,1.9201,0.9051,0.4714,0.9489,0.8851,0.4444,0.47,0.0806,0.8077,0.6984,0.5045,0.4407,-0.0256,0.3894,67.2628,92.8733,0.1578,1.1632
15.033,451,,0.6996,1.0062,0.0637,2.0404,0.9425,0.4619,0.9791,0.9216,0.4776,0.4785,0.0804,0.819,0.4488,0.5015,0.4441,-0.0009,0.3981,69.4534,98.187,1.7623,1.1958
15.067,452,,0.7291,1.0309,0.0584,2.136,0.9725,0.4553,1.0074,0.947,0.5112,0.4832,0.0801,0.8254,0.4446,0.4962,0.4359,0.028,0.4031,72.8055,102.8228,2.3383,1.2236
15.1,453,,0.7544,1.0552,0.0568,2.2271,0.9984,0.4483,1.0331,0.9677,0.5411,0.4892,0.08,0.8241,0.4415,0.492,0.4266,0.0519,0.4092,75.7127,105.8421,2.1952,1.2616
15.133,454,,0.7696,1.0713,0.0549,2.2969,1.0164,0.4425,1.0471,0.9795,0.5597,0.4918,0.08,0.8128,0.6472,0.4874,0.4198,0.0679,0.4118,78.2443,107.5739,1.9231,1.3008
15.167,455,,0.78,1.0771,0.0459,2.3455,1.0312,0.4397,1.048,0.9846,0.5754,0.4904,0.08,0.8018,0.6262,0.4726,0.4093,0.085,0.4104,80.7824,108.8478,1.0141,1.3386
15.2,456,,0.7809,1.0691,0.0237,2.3733,1.0454,0.4405,1.0338,0.9768,0.5851,0.4827,0.0796,0.7779,0.5844,0.4487,0.3917,0.1024,0.403,82.8967,108.5824,1.35,1.3838
15.233,457,,0.7824,1.0579,0.0101,2.3718,1.0478,0.4418,1.0181,0.9703,0.5945,0.4836,0.08,0.7594,0.5535,0.4236,0.3758,0.1108,0.4036,82.814,104.8171,5.6572,1.4283
15.267,458,,0.7818,1.046,0.0028,2.352,1.0432,0.4435,1.0044,0.963,0.6006,0.4886,0.0805,0.741,0.5224,0.4038,0.3625,0.112,0.408,83.5599,100.0178,10.0818,1.4796
15.3,459,,0.7834,1.0336,-0.0056,2.3328,1.0393,0.4455,0.9902,0.955,0.6119,0.4892,0.0806,0.7294,0.5134,0.3783,0.3431,0.1227,0.4086,86.5652,96.433,14.5288,1.5468
15.333,460,,0.7852,1.0204,-0.0143,2.3095,1.0347,0.448,0.9764,0.948,0.6224,0.4941,0.0801,0.723,0.5098,0.3541,0.3256,0.1283,0.414,89.975,92.0551,18.9053,1.622
15.367,461,,0.7941,1.0245,-0.0113,2.3278,1.0358,0.445,0.9721,0.9533,0.6349,0.503,0.0805,0.7281,0.512,0.3372,0.3183,0.1319,0.4225,93.9644,89.8962,21.6195,1.6466
15.4,462,,0.8002,1.0373,-0.0111,2.3807,1.0484,0.4404,0.9658,0.9574,0.643,0.5068,0.0808,0.7429,0.5233,0.3228,0.3144,0.1362,0.426,98.3192,89.6475,22.9064,1.6741
15.433,463,,0.8058,1.0339,-0.0104,2.3674,1.0443,0.4411,0.9625,0.957,0.6546,0.5121,0.0811,0.7371,0.5156,0.3079,0.3025,0.1425,0.431,100.6272,84.0135,28.1502,1.6811
15.467,464,,0.8057,1.0334,-0.0224,2.3953,1.0559,0.4408,0.9504,0.9544,0.6569,0.5064,0.0802,0.7259,0.5094,0.2935,0.2975,0.1505,0.4262,103.9001,82.3364,30.2264,1.7093
15.5,465,,0.8056,1.0265,-0.0364,2.3996,1.0629,0.443,0.9392,0.9521,0.6591,0.4966,0.0789,0.7133,0.4996,0.2801,0.2929,0.1625,0.4177,107.5716,82.0803,31.4581,1.7324
15.533,466,,0.8092,1.0321,-0.044,2.4395,1.0761,0.4411,0.9329,0.9549,0.6634,0.4923,0.078,0.7187,0.5103,0.2694,0.2915,0.1712,0.4143,111.5336,83.909,30.4696,1.7714
15.567,467,,0.8075,1.0297,-0.0452,2.4337,1.0749,0.4417,0.934,0.955,0.6601,0.4903,0.0775,0.7325,0.5353,0.2739,0.2949,0.1697,0.4129,114.5226,88.9749,25.7893,1.7975
15.6,468,,0.8021,1.0183,-0.0469,2.3969,1.0652,0.4444,0.939,0.9519,0.6524,0.4885,0.077,0.7247,0.5255,0.2867,0.2995,0.1639,0.4115,115.9487,92.478,21.3495,1.7922
15.633,469,,0.7991,1.0147,-0.0493,2.387,1.0639,0.4457,0.9421,0.9511,0.6472,0.4891,0.0765,0.7269,0.5311,0.2949,0.3039,0.158,0.4126,117.0301,94.8547,17.8358,1.7571
15.667,470,,0.795,1.0076,-0.0509,2.3629,1.0585,0.448,0.9516,0.949,0.641,0.4895,0.0762,0.723,0.5247,0.3106,0.308,0.1515,0.4133,117.7322,96.8275,14.4694,1.673
15.7,471,,0.7939,1.0123,-0.0463,2.3786,1.0587,0.4451,0.9715,0.9505,0.6373,0.4957,0.0765,0.7189,0.4963,0.3342,0.3132,0.1415,0.4193,117.8181,96.2313,12.944,1.5702
15.733,472,,0.7901,1.0235,-0.0438,2.4181,1.0673,0.4414,0.9883,0.9526,0.6276,0.5013,0.0767,0.7212,0.4863,0.3607,0.3251,0.1263,0.4246,117.3785,99.2858,7.6094,1.4943
15.767,473,,0.7859,1.0363,-0.0412,2.463,1.0775,0.4375,1.0091,0.9541,0.6177,0.5057,0.0768,0.7239,0.4862,0.3913,0.3363,0.112,0.4289,116.8006,104.348,0.766,1.4369
15.8,474,,0.7816,1.0466,-0.0388,2.5011,1.0853,0.4339,1.0256,0.9544,0.6088,0.5078,0.0769,0.7231,0.4822,0.4168,0.3456,0.101,0.4309,116.0305,109.0991,5.4888,1.3989
15.833,475,,0.781,1.0585,-0.0379,2.5489,1.0963,0.4301,1.0437,0.9559,0.606,0.5104,0.0768,0.7198,0.4831,0.4377,0.3499,0.0956,0.4336,116.1323,112.8607,10.2325,1.3992
15.867,476,,0.7865,1.0779,-0.0287,2.5962,1.1066,0.4262,1.0656,0.9622,0.6108,0.5157,0.0768,0.7177,0.4846,0.4548,0.3514,0.0952,0.4389,118.4354,117.0129,14.3788,1.4136
15.9,477,,0.8016,1.1068,-0.0103,2.6637,1.1171,0.4194,1.0939,0.9765,0.6268,0.53,0.0775,0.7312,0.5066,0.4671,0.3498,0.0968,0.4525,120.8037,121.2064,17.9391,1.4232
15.933,478,,0.8029,1.1205,-0.0152,2.7369,1.1358,0.415,1.1094,0.979,0.6267,0.5347,0.0769,0.7304,0.5171,0.4827,0.3523,0.092,0.4578,119.2565,123.3145,20.4317,1.4662
15.967,479,,0.8028,1.1326,-0.0202,2.7996,1.1527,0.4118,1.1204,0.9813,0.6244,0.5407,0.0763,0.7286,0.5273,0.496,0.3569,0.0837,0.4645,116.3121,124.2554,22.5571,1.513
16.0,480,sitting,0.8072,1.1493,-0.0225,2.8695,1.1718,0.4083,1.1366,0.9882,0.6262,0.5485,0.076,0.7308,0.5374,0.5103,0.3619,0.0777,0.4725,113.3761,124.2211,23.2996,1.5959
16.033,481,sitting,0.8114,1.1584,-0.0234,2.9159,1.1818,0.4053,1.1452,0.9936,0.6292,0.5589,0.076,0.7325,0.5414,0.5159,0.3644,0.0703,0.4829,109.8443,124.8635,24.7028,1.5907
16.067,482,sitting,0.8121,1.1624,-0.0257,2.9455,1.1881,0.4034,1.1481,0.9944,0.6297,0.5627,0.0759,0.7314,0.5416,0.5184,0.3647,0.067,0.4868,106.7168,125.7717,25.8836,1.5853
16.1,483,sitting,0.808,1.159,-0.0271,2.9459,1.1861,0.4026,1.1442,0.9897,0.6264,0.564,0.076,0.7255,0.5379,0.5178,0.3633,0.0624,0.4879,103.5926,125.9214,26.546,1.5836
16.133,484,sitting,0.8057,1.1564,-0.0267,2.9414,1.1832,0.4022,1.141,0.9856,0.6258,0.5655,0.0763,0.7219,0.5367,0.5152,0.3598,0.0603,0.4893,100.7355,126.3054,27.0962,1.5843
16.167,485,sitting,0.8027,1.1531,-0.022,2.9242,1.1751,0.4018,1.1368,0.9809,0.6245,0.5666,0.0769,0.7187,0.537,0.5123,0.3564,0.0579,0.4898,98.3166,125.8552,26.9313,1.5757
16.2,486,sitting,0.7995,1.1479,-0.0179,2.898,1.1657,0.4023,1.1314,0.9763,0.6227,0.5656,0.0773,0.7153,0.5377,0.5087,0.3536,0.0571,0.4883,96.7093,125.1175,26.3345,1.5701
16.233,487,sitting,0.7956,1.1415,-0.0145,2.8676,1.156,0.4031,1.125,0.9713,0.6199,0.5623,0.0776,0.7106,0.5378,0.5051,0.3513,0.0576,0.4847,95.4573,124.7247,25.8833,1.5617
16.267,488,sitting,0.7921,1.1363,-0.0122,2.8424,1.1485,0.4041,1.1196,0.9659,0.6183,0.5574,0.0779,0.7057,0.5376,0.5013,0.3476,0.0609,0.4796,94.4643,124.6329,25.3363,1.5536
16.3,489,sitting,0.7887,1.1331,-0.0108,2.8264,1.1439,0.4047,1.1158,0.9607,0.6167,0.554,0.078,0.7004,0.5361,0.4991,0.344,0.0627,0.476,93.908,124.4889,24.9466,1.5478
16.333,490,sitting,0.7866,1.1311,-0.0108,2.8158,1.142,0.4056,1.113,0.9565,0.6167,0.551,0.0779,0.6965,0.5395,0.4963,0.3398,0.0657,0.4731,93.3912,124.8725,24.8634,1.5458
16.367,491,sitting,0.7855,1.1304,-0.0106,2.8111,1.141,0.4059,1.1117,0.9536,0.6173,0.5482,0.0779,0.6927,0.5449,0.4944,0.3363,0.0691,0.4703,93.2999,125.1787,24.6861,1.5457
16.4,492,sitting,0.7844,1.1293,-0.0094,2.8046,1.1387,0.406,1.1105,0.9517,0.6172,0.5456,0.078,0.6899,0.5467,0.4933,0.3344,0.0717,0.4676,93.336,125.4253,24.5009,1.5448
16.433,493,sitting,0.7832,1.1272,-0.0085,2.7949,1.1356,0.4063,1.1089,0.9506,0.6158,0.5423,0.0781,0.6881,0.5483,0.4931,0.3349,0.0735,0.4642,93.1371,125.5125,24.2809,1.5435
16.467,494,sitting,0.7826,1.1264,-0.0061,2.7903,1.1325,0.4059,1.1084,0.9506,0.6145,0.5394,0.0782,0.6896,0.5498,0.4939,0.3361,0.0751,0.4612,93.1021,125.5993,24.0791,1.5414
16.5,495,sitting,0.7827,1.1275,-0.0022,2.7909,1.1297,0.4048,1.1099,0.9525,0.6129,0.5383,0.0784,0.6947,0.5511,0.497,0.3396,0.0746,0.4599,93.0385,125.7746,24.1259,1.5273
16.533,496,sitting,0.7841,1.1295,0.0013,2.7966,1.1281,0.4034,1.1124,0.9559,0.6123,0.5377,0.0785,0.7034,0.5516,0.5,0.3435,0.0746,0.4592,92.9811,126.0429,24.1445,1.5082
16.567,497,sitting,0.7841,1.1321,0.0071,2.8033,1.125,0.4013,1.1152,0.9583,0.6098,0.5356,0.0788,0.7079,0.5501,0.5054,0.3485,0.0742,0.4568,92.2461,125.2943,23.4468,1.4867
16.6,498,sitting,0.7861,1.1362,0.0116,2.8168,1.1246,0.3993,1.1192,0.9627,0.6095,0.5338,0.079,0.7134,0.5502,0.5097,0.3532,0.0757,0.4548,91.9268,125.0101,22.8813,1.4713
16.633,499,sitting,0.7898,1.1418,0.0141,2.8367,1.1278,0.3976,1.1246,0.9675,0.6121,0.534,0.0791,0.7183,0.55,0.5125,0.3554,0.0781,0.4549,92.1592,124.8155,22.2802,1.4684
16.667,500,sitting,0.7936,1.1484,0.0156,2.8609,1.1328,0.396,1.1309,0.9729,0.6143,0.5331,0.0791,0.7231,0.5508,0.5166,0.3586,0.0812,0.454,92.4612,124.5874,21.597,1.4736
16.7,501,sitting,0.7967,1.1505,0.0171,2.8631,1.1334,0.3959,1.1329,0.9768,0.6167,0.5329,0.0791,0.726,0.5536,0.5162,0.3601,0.0838,0.4538,92.8428,124.2237,20.8485,1.4816
16.733,502,sitting,0.7976,1.151,0.0178,2.8612,1.1332,0.3961,1.1336,0.9779,0.6173,0.5319,0.0791,0.7268,0.5546,0.5163,0.3606,0.0854,0.4528,93.0285,124.1523,20.5265,1.4874
16.767,503,sitting,0.7976,1.1516,0.0181,2.8614,1.1335,0.3961,1.1337,0.978,0.6172,0.5302,0.0791,0.7269,0.5551,0.5166,0.3608,0.087,0.4511,93.0342,123.9379,20.0708,1.4935
16.8,504,sitting,0.7959,1.1504,0.0167,2.8569,1.1337,0.3968,1.133,0.9767,0.6151,0.5287,0.079,0.7268,0.5545,0.5179,0.3616,0.0863,0.4497,92.729,123.169,19.4714,1.4971
16.833,505,sitting,0.7944,1.149,0.0167,2.8489,1.1323,0.3974,1.1314,0.9754,0.6134,0.527,0.079,0.7261,0.554,0.5179,0.362,0.0865,0.4479,92.3768,122.6011,18.9396,1.4935
16.867,506,sitting,0.7936,1.1463,0.0165,2.8351,1.1298,0.3985,1.1286,0.9746,0.6126,0.5256,0.079,0.7255,0.5539,0.516,0.362,0.087,0.4466,92.1781,122.3363,18.6158,1.4882
16.9,507,sitting,0.7914,1.1436,0.0161,2.8227,1.1275,0.3994,1.1257,0.9721,0.6107,0.5238,0.079,0.7234,0.5526,0.5151,0.3614,0.0869,0.4448,91.8392,121.9505,18.2878,1.4827
16.933,508,sitting,0.7901,1.1395,0.0158,2.804,1.1237,0.4008,1.1215,0.9711,0.6091,0.5221,0.079,0.7225,0.5518,0.5124,0.362,0.087,0.4431,91.7116,121.8403,18.1522,1.4763
16.967,509,sitting,0.7888,1.1362,0.0158,2.7884,1.1204,0.4018,1.1178,0.9695,0.6081,0.5214,0.079,0.7215,0.5509,0.5097,0.3614,0.0867,0.4423,91.5946,121.4851,17.8698,1.4713
17.0,510,sitting,0.7885,1.1363,0.0153,2.7886,1.121,0.402,1.1176,0.9685,0.6085,0.5215,0.079,0.7213,0.5517,0.5091,0.36,0.0871,0.4425,91.8005,121.2221,17.5718,1.4721
17.033,511,sitting,0.7887,1.136,0.0143,2.788,1.1217,0.4023,1.1168,0.9682,0.6092,0.5221,0.079,0.7226,0.5548,0.5076,0.359,0.0871,0.4431,91.9512,120.8818,17.2387,1.4737
17.067,512,sitting,0.7892,1.1335,0.0135,2.7776,1.1199,0.4032,1.1142,0.9681,0.6103,0.5219,0.0789,0.7236,0.555,0.504,0.3578,0.0883,0.443,92.3926,120.9704,17.1234,1.472
17.1,513,sitting,0.7891,1.1321,0.0133,2.7718,1.1188,0.4036,1.1128,0.9683,0.6099,0.522,0.0789,0.7243,0.5563,0.5029,0.3584,0.0879,0.4431,92.5086,120.663,16.8602,1.4728
17.133,514,sitting,0.7896,1.129,0.0137,2.7571,1.1153,0.4045,1.1092,0.9686,0.6107,0.5223,0.0789,0.7244,0.5537,0.4985,0.3579,0.0885,0.4433,92.7814,120.4424,16.5454,1.469
17.167,515,sitting,0.7907,1.1256,0.0147,2.7401,1.1109,0.4054,1.1062,0.9687,0.6128,0.5223,0.079,0.7243,0.5493,0.4934,0.3559,0.0905,0.4433,93.302,120.5486,16.3434,1.4635
17.2,516,sitting,0.7907,1.1228,0.0166,2.725,1.1062,0.4059,1.1034,0.9677,0.6137,0.5224,0.079,0.722,0.5421,0.4897,0.3541,0.0913,0.4434,93.6481,120.484,16.1242,1.4579
17.233,517,sitting,0.7904,1.1052,0.017,2.6472,1.0882,0.4111,1.0935,0.9661,0.6147,0.5217,0.079,0.7215,0.5419,0.4788,0.3513,0.093,0.4427,94.149,120.548,15.915,1.4302
17.267,518,sitting,0.7897,1.1013,0.0175,2.63,1.0839,0.4121,1.0897,0.9641,0.6152,0.5214,0.0791,0.7219,0.5431,0.4745,0.3489,0.0938,0.4424,94.4485,120.5714,15.7928,1.4218
17.3,519,sitting,0.7897,1.0995,0.0151,2.6243,1.0844,0.4132,1.0878,0.9624,0.6169,0.5212,0.0789,0.7229,0.5465,0.4708,0.3455,0.0957,0.4423,95.0985,121.1998,16.0348,1.4216
17.333,520,sitting,0.7896,1.0969,0.0117,2.6164,1.0852,0.4148,1.0848,0.9605,0.6187,0.5206,0.0787,0.7238,0.5502,0.4661,0.3418,0.0981,0.4419,95.4718,121.6957,16.2088,1.4149
17.367,521,sitting,0.7887,1.0932,0.0085,2.6046,1.0847,0.4165,1.081,0.958,0.6194,0.52,0.0786,0.7231,0.5528,0.4616,0.3386,0.0994,0.4414,95.6852,122.2463,16.5681,1.4073
17.4,522,sitting,0.7872,1.0888,0.0052,2.5903,1.0836,0.4183,1.0767,0.9554,0.6189,0.5189,0.0784,0.7221,0.5542,0.4578,0.3366,0.1,0.4405,95.7494,122.8269,17.0594,1.3988
17.433,523,sitting,0.7869,1.0868,0.002,2.5857,1.0848,0.4195,1.0745,0.9545,0.6192,0.5184,0.0782,0.7218,0.5574,0.4553,0.3353,0.1008,0.4402,95.9417,123.0787,17.2446,1.3972
17.467,524,sitting,0.7868,1.0858,0.0006,2.5832,1.0852,0.4201,1.0738,0.9539,0.6196,0.5179,0.0781,0.7204,0.5551,0.4541,0.3343,0.1018,0.4397,96.2917,123.5272,17.5629,1.3966
17.5,525,sitting,0.7869,1.0866,0.0036,2.5807,1.083,0.4197,1.075,0.9546,0.6191,0.5205,0.0783,0.72,0.5523,0.4559,0.3356,0.0985,0.4422,96.0524,123.1404,17.6191,1.394
17.533,526,sitting,0.7867,1.0862,0.0042,2.5778,1.0821,0.4198,1.0748,0.9543,0.6191,0.5214,0.0784,0.7194,0.5467,0.4556,0.3352,0.0978,0.443,96.3834,123.4764,17.9655,1.3953
17.567,527,sitting,0.7873,1.0859,0.0049,2.575,1.0809,0.4198,1.0749,0.9552,0.6194,0.5216,0.0784,0.7204,0.5451,0.4555,0.3359,0.0978,0.4431,96.6904,123.832,18.2164,1.3941
17.6,528,sitting,0.7885,1.0878,0.0052,2.5828,1.0825,0.4191,1.0765,0.9569,0.6201,0.5211,0.0785,0.7222,0.5439,0.4564,0.3368,0.099,0.4426,97.2737,123.8152,18.0371,1.3975
17.633,529,sitting,0.7896,1.1054,0.0071,2.6553,1.0982,0.4136,1.0855,0.9588,0.6204,0.5213,0.0787,0.7233,0.5429,0.4651,0.3384,0.0991,0.4426,97.585,123.1481,17.4609,1.4227
17.667,530,sitting,0.7911,1.1084,0.0086,2.6658,1.0998,0.4126,1.0892,0.9608,0.6213,0.5212,0.0789,0.7266,0.5448,0.4679,0.3395,0.1001,0.4423,98.5742,123.029,17.1989,1.4261
17.7,531,sitting,0.7922,1.1112,0.0102,2.6749,1.101,0.4116,1.0927,0.9631,0.6213,0.5214,0.0791,0.7289,0.5444,0.4714,0.3418,0.0999,0.4422,99.2737,122.6893,16.8491,1.4311
17.733,532,sitting,0.7921,1.1139,0.011,2.6861,1.103,0.4106,1.0962,0.9641,0.6201,0.5207,0.0793,0.7293,0.5413,0.4761,0.344,0.0994,0.4414,99.6807,122.3042,16.5269,1.439
17.767,533,sitting,0.7918,1.1167,0.0121,2.6957,1.1045,0.4097,1.0995,0.9647,0.6189,0.5207,0.0794,0.729,0.5394,0.4807,0.3459,0.0982,0.4413,99.8532,121.7426,16.1618,1.4542
17.8,534,sitting,0.7911,1.1198,0.0128,2.7081,1.107,0.4088,1.1031,0.9647,0.6175,0.5202,0.0794,0.728,0.5359,0.4856,0.3472,0.0973,0.4408,99.9881,121.0996,15.6734,1.4766
17.833,535,sitting,0.7909,1.1236,0.0139,2.7228,1.1098,0.4076,1.1072,0.9648,0.6169,0.5211,0.0795,0.7257,0.5315,0.4903,0.3479,0.0958,0.4416,99.9031,120.205,15.0209,1.5102
17.867,536,sitting,0.7908,1.1158,0.0117,2.6905,1.1041,0.4104,1.1036,0.9645,0.6172,0.5208,0.0794,0.7242,0.526,0.4864,0.3473,0.0964,0.4414,100.5415,120.2286,14.8586,1.5312
17.9,537,sitting,0.7904,1.1246,0.0111,2.7311,1.1135,0.4077,1.1093,0.9637,0.6171,0.5205,0.0793,0.7215,0.5234,0.4923,0.3467,0.0966,0.4412,101.1992,120.0802,14.5331,1.5867
17.933,538,sitting,0.7894,1.1249,0.0094,2.7362,1.1156,0.4077,1.1103,0.9624,0.6164,0.5206,0.0792,0.7187,0.5199,0.494,0.346,0.0958,0.4414,101.6316,119.5563,13.976,1.6211
17.967,539,sitting,0.7889,1.1263,0.0079,2.745,1.1184,0.4074,1.1124,0.9614,0.6163,0.5218,0.0791,0.7166,0.5165,0.4961,0.3452,0.0945,0.4427,101.6819,118.1491,12.7607,1.6526
18.0,540,sitting,0.7877,1.1275,0.0044,2.7564,1.1231,0.4074,1.1141,0.96,0.6154,0.5218,0.0788,0.7147,0.5083,0.4987,0.3447,0.0936,0.443,101.9253,116.5821,11.3493,1.6859
18.033,541,sitting,0.7869,1.1292,0.0017,2.7683,1.1275,0.4073,1.1157,0.9588,0.615,0.5219,0.0786,0.7131,0.4993,0.5007,0.3438,0.0931,0.4433,102.0776,115.0216,9.8245,1.7167
18.067,542,sitting,0.7854,1.1309,-0.0001,2.7803,1.131,0.4068,1.1168,0.9566,0.6141,0.5214,0.0784,0.7109,0.4948,0.5027,0.3425,0.0927,0.4431,102.2077,113.0324,7.9014,1.7415
18.1,543,sitting,0.7851,1.1347,-0.0005,2.7969,1.1352,0.4059,1.1193,0.9556,0.6146,0.5235,0.0783,0.7114,0.4941,0.5048,0.3411,0.0911,0.4451,101.77,110.8868,5.9412,1.7655
18.133,544,sitting,0.7846,1.1363,-0.0025,2.8077,1.1388,0.4056,1.1199,0.9544,0.6148,0.5231,0.0782,0.71,0.4934,0.5051,0.3396,0.0918,0.4449,101.5162,109.0391,3.9983,1.7997
18.167,545,sitting,0.7837,1.1364,-0.0045,2.8112,1.1409,0.4058,1.1196,0.9533,0.6141,0.5233,0.078,0.7086,0.4888,0.5055,0.3392,0.0908,0.4453,100.5712,106.5074,1.6746,1.8291
18.2,546,sitting,0.7814,1.1344,-0.0064,2.8071,1.1409,0.4064,1.1174,0.9508,0.6119,0.5224,0.0779,0.7035,0.4802,0.5055,0.3389,0.0895,0.4445,99.7366,103.9803,0.6145,1.8578
18.233,547,sitting,0.7764,1.1241,-0.0081,2.7643,1.1323,0.4096,1.1092,0.9459,0.6068,0.5218,0.0778,0.6969,0.4718,0.5024,0.3391,0.085,0.4441,98.3921,101.2708,2.6755,1.8626
18.267,548,sitting,0.7707,1.1312,-0.0094,2.7995,1.1406,0.4074,1.1129,0.9421,0.5992,0.5221,0.0777,0.6903,0.4591,0.5137,0.343,0.0771,0.4444,97.1455,99.032,4.0152,1.8873
18.3,549,sitting,0.7657,1.1288,-0.0113,2.794,1.1401,0.4081,1.1099,0.9382,0.5931,0.5211,0.0776,0.6803,0.4426,0.5168,0.3451,0.072,0.4435,96.1354,97.4421,5.0785,1.8836
18.333,550,sitting,0.7623,1.1278,-0.0122,2.7919,1.14,0.4083,1.1085,0.9364,0.5883,0.52,0.0776,0.6709,0.4419,0.5202,0.3481,0.0682,0.4424,95.6556,96.4722,5.7286,1.8855
18.367,551,sitting,0.7601,1.1288,-0.0137,2.798,1.1425,0.4083,1.1086,0.9355,0.5848,0.5189,0.0776,0.6632,0.4398,0.5238,0.3507,0.0658,0.4414,95.0428,95.2944,6.6305,1.9102
18.4,552,sitting,0.7573,1.129,-0.0159,2.8026,1.1449,0.4085,1.1085,0.9343,0.5803,0.516,0.0774,0.6614,0.4324,0.5282,0.3539,0.0644,0.4385,93.9973,93.4098,8.1724,1.9469
18.433,553,sitting,0.7551,1.1307,-0.0189,2.8161,1.1497,0.4082,1.1094,0.9341,0.5762,0.512,0.0773,0.6644,0.4277,0.5332,0.3579,0.0642,0.4347,93.3438,93.495,8.2297,1.9846
18.467,554,sitting,0.7541,1.1337,-0.0223,2.8368,1.156,0.4075,1.1112,0.9344,0.5737,0.5069,0.0771,0.6657,0.4235,0.5374,0.3607,0.0668,0.4298,93.0504,93.7941,8.4675,2.0269
18.5,555,sitting,0.7538,1.1362,-0.0254,2.8548,1.1617,0.4069,1.1132,0.9348,0.5728,0.5018,0.0769,0.6668,0.4241,0.5404,0.362,0.071,0.4249,92.3811,93.8503,8.9635,2.0644
18.533,556,sitting,0.7558,1.1421,-0.0237,2.879,1.1658,0.4049,1.1184,0.9377,0.574,0.4956,0.0771,0.667,0.269,0.5445,0.3637,0.0783,0.4185,91.6585,94.5376,9.2735,2.0876
18.567,557,sitting,0.759,1.1484,-0.0211,2.9032,1.1696,0.4029,1.1245,0.942,0.576,0.4905,0.0774,0.6688,0.2696,0.5485,0.366,0.0855,0.413,90.8368,95.1373,9.5908,2.0976
18.6,558,sitting,0.7627,1.1553,-0.0187,2.9303,1.174,0.4007,1.1309,0.9472,0.5781,0.487,0.0777,0.6714,0.2708,0.5528,0.3691,0.0911,0.4093,89.9189,95.6639,9.726,2.0917
18.633,559,sitting,0.7662,1.1625,-0.0152,2.9567,1.1777,0.3983,1.1374,0.9523,0.5802,0.4804,0.0781,0.6744,0.2715,0.5572,0.3721,0.0997,0.4024,89.3264,97.4593,9.115,2.0899
18.667,560,sitting,0.7689,1.1677,-0.012,2.9755,1.1796,0.3964,1.1423,0.9565,0.5812,0.4734,0.0784,0.6763,0.2712,0.5612,0.3754,0.1077,0.3951,88.7657,99.772,7.9921,2.066
18.7,561,sitting,0.7698,1.1714,-0.0089,2.9878,1.1803,0.395,1.1459,0.959,0.5805,0.4673,0.0787,0.6773,0.2706,0.5654,0.3785,0.1132,0.3886,88.1039,102.1239,6.5658,2.0365
18.733,562,sitting,0.7707,1.1742,-0.0053,2.9936,1.1794,0.394,1.1486,0.9613,0.5801,0.4631,0.0789,0.678,0.2719,0.5685,0.3812,0.1171,0.3842,87.2108,104.2416,5.176,2.0014
18.767,563,sitting,0.7709,1.1622,-0.0028,2.9304,1.165,0.3975,1.1408,0.9632,0.5786,0.4587,0.0791,0.6807,0.273,0.5622,0.3845,0.1199,0.3797,86.5063,105.6749,4.2146,1.9446
18.8,564,sitting,0.7696,1.1753,-0.0002,2.9891,1.1755,0.3933,1.1497,0.9637,0.5756,0.4553,0.0792,0.6822,0.2734,0.5742,0.3881,0.1203,0.3761,85.402,106.5685,3.4108,1.9359
18.833,565,sitting,0.7682,1.1745,0.0016,2.9811,1.1729,0.3934,1.1487,0.9635,0.5729,0.4522,0.0793,0.6832,0.2725,0.5758,0.3905,0.1207,0.3729,85.119,107.4474,2.7226,1.9073
18.867,566,sitting,0.7671,1.1729,0.0032,2.9691,1.1697,0.394,1.1473,0.9629,0.5713,0.4515,0.0794,0.6883,0.2742,0.576,0.3916,0.1198,0.3721,85.0422,108.3822,1.8723,1.8799
18.9,567,sitting,0.7638,1.1712,0.0038,2.959,1.1674,0.3945,1.1448,0.9599,0.5677,0.4501,0.0794,0.6869,0.2747,0.5771,0.3921,0.1177,0.3707,84.692,108.6673,1.3835,1.8436
18.933,568,sitting,0.7598,1.1663,0.0039,2.9351,1.1624,0.396,1.1391,0.9557,0.5639,0.4492,0.0794,0.6855,0.2754,0.5751,0.3918,0.1147,0.3698,84.2501,108.7367,0.9399,1.8003
18.967,569,sitting,0.755,1.1414,0.0038,2.8184,1.1376,0.4036,1.1209,0.9501,0.5598,0.4479,0.0794,0.6862,0.2751,0.5611,0.3904,0.1119,0.3685,83.954,108.8171,0.4553,1.7287
19.0,570,sitting,0.751,1.1317,0.0038,2.7744,1.1278,0.4065,1.1114,0.9455,0.5565,0.4472,0.0794,0.6897,0.275,0.5549,0.3891,0.1093,0.3678,83.6927,108.7778,0.1029,1.6877
19.033,571,sitting,0.7468,1.123,0.0038,2.7359,1.1192,0.4091,1.1025,0.9401,0.5536,0.4472,0.0794,0.686,0.2737,0.549,0.3865,0.1064,0.3678,83.3176,108.7991,0.3802,1.655
19.067,572,sitting,0.7448,1.1174,0.0036,2.7119,1.1138,0.4107,1.0969,0.9373,0.5522,0.4472,0.0794,0.6841,0.2717,0.5447,0.3851,0.105,0.3678,83.3245,109.1906,0.9836,1.6308
19.1,573,sitting,0.7436,1.1143,0.0032,2.6988,1.1111,0.4117,1.0937,0.9347,0.5525,0.4473,0.0793,0.6832,0.2713,0.5412,0.3822,0.1053,0.3679,83.6163,109.6972,1.4626,1.6135
19.133,574,sitting,0.743,1.1126,0.003,2.6912,1.1095,0.4123,1.0922,0.9333,0.5528,0.4483,0.0793,0.6783,0.4546,0.5394,0.3805,0.1045,0.369,84.0735,109.9755,1.8518,1.6024
19.167,575,sitting,0.7421,1.1115,0.0026,2.6873,1.1089,0.4126,1.0913,0.9323,0.5519,0.4487,0.0793,0.6747,0.448,0.5394,0.3804,0.1032,0.3693,84.3855,110.2548,2.2562,1.5947
19.2,576,sitting,0.7414,1.1119,0.0022,2.6899,1.1097,0.4125,1.0914,0.9319,0.5508,0.4487,0.0793,0.6712,0.4403,0.5406,0.3811,0.1021,0.3694,84.5066,110.5546,2.7371,1.5895
19.233,577,sitting,0.7412,1.1297,0.0015,2.7706,1.1282,0.4072,1.1001,0.9323,0.5501,0.4487,0.0792,0.6707,0.4376,0.5499,0.3821,0.1014,0.3695,84.8154,110.9989,3.2601,1.6157
19.267,578,sitting,0.7401,1.1102,0.0008,2.685,1.1094,0.4132,1.0899,0.9307,0.5496,0.4482,0.0792,0.669,0.4359,0.5403,0.3811,0.1014,0.369,84.8696,111.4907,3.7946,1.5781
19.3,579,sitting,0.7392,1.1107,0.0004,2.6879,1.1103,0.4131,1.0899,0.9293,0.5491,0.4481,0.0792,0.6668,0.4332,0.5409,0.3803,0.101,0.3689,84.7569,111.7162,4.1575,1.5706
19.333,580,sitting,0.7386,1.1113,-0.0006,2.6922,1.112,0.413,1.0902,0.9284,0.5488,0.4477,0.0791,0.6654,0.4318,0.5415,0.3797,0.1011,0.3686,84.561,111.8758,4.4119,1.5631
19.367,581,sitting,0.7355,1.1099,-0.0037,2.6937,1.1137,0.4134,1.0884,0.9248,0.5462,0.4455,0.0788,0.6652,0.2627,0.5422,0.3786,0.1007,0.3666,84.2992,112.1096,4.8342,1.5591
19.4,582,sitting,0.7357,1.1309,-0.0025,2.7846,1.1334,0.407,1.0995,0.9253,0.5461,0.447,0.0789,0.6662,0.429,0.5533,0.3791,0.0991,0.3681,84.0405,112.52,5.409,1.5781
19.433,583,sitting,0.7359,1.1318,-0.0021,2.7882,1.134,0.4067,1.1002,0.9261,0.5458,0.4474,0.0789,0.6677,0.4278,0.5544,0.3803,0.0984,0.3685,83.9711,113.0581,5.9594,1.5712
19.467,584,sitting,0.7361,1.114,-0.0012,2.7058,1.1152,0.4121,1.0917,0.9268,0.5454,0.4491,0.079,0.6695,0.4283,0.5463,0.3814,0.0963,0.3701,83.7835,113.4125,6.5379,1.5379
19.5,585,sitting,0.7366,1.136,-0.0005,2.803,1.1366,0.4055,1.1044,0.9277,0.5454,0.4504,0.079,0.6697,0.4269,0.559,0.3823,0.095,0.3714,83.753,113.8251,7.0479,1.57
19.533,586,sitting,0.7375,1.1395,0.0006,2.8151,1.1388,0.4045,1.1074,0.9292,0.5458,0.4525,0.0791,0.6706,0.427,0.5616,0.3834,0.0934,0.3734,83.5393,113.9626,7.4061,1.5737
19.567,587,sitting,0.7375,1.1238,0.0009,2.7427,1.1229,0.4094,1.1002,0.9295,0.5455,0.453,0.0791,0.671,0.4278,0.5547,0.384,0.0925,0.3739,83.5738,114.3404,7.8869,1.5515
19.6,588,sitting,0.7369,1.1242,0.0014,2.7433,1.1228,0.4093,1.1007,0.9294,0.5445,0.4537,0.0791,0.6698,0.427,0.5562,0.3848,0.0908,0.3746,83.2431,114.7921,8.5754,1.554
19.633,589,sitting,0.7378,1.1252,0.0022,2.7452,1.123,0.4091,1.1016,0.9306,0.545,0.4552,0.0791,0.6706,0.4277,0.5566,0.3856,0.0898,0.3762,82.9115,115.1237,9.0646,1.5565
19.667,590,sitting,0.7384,1.1267,0.0029,2.75,1.1238,0.4086,1.1031,0.9314,0.5455,0.4561,0.0791,0.6709,0.4284,0.5576,0.3859,0.0893,0.377,82.6726,115.361,9.4269,1.5602
19.7,591,sitting,0.7393,1.1283,0.0034,2.7558,1.1249,0.4082,1.1049,0.9325,0.546,0.4576,0.0791,0.6696,0.4271,0.559,0.3865,0.0884,0.3784,82.5189,115.3382,9.5882,1.564
19.733,592,sitting,0.7401,1.1314,0.0023,2.7708,1.1292,0.4075,1.1082,0.9336,0.5465,0.4585,0.0791,0.6731,0.4274,0.5616,0.3871,0.088,0.3794,82.5695,115.4249,9.7679,1.5681
19.767,593,sitting,0.7406,1.1347,0.003,2.7843,1.1317,0.4065,1.1112,0.9343,0.5468,0.4597,0.0791,0.6725,0.4244,0.5644,0.3875,0.0871,0.3806,82.4576,115.5372,10.0387,1.5709
19.8,594,sitting,0.7409,1.1375,0.0035,2.7964,1.134,0.4055,1.114,0.9353,0.5466,0.4601,0.0791,0.6718,0.4221,0.5674,0.3886,0.0865,0.381,82.348,115.7776,10.3805,1.5727
19.833,595,sitting,0.7415,1.1415,0.0036,2.8145,1.1379,0.4043,1.1182,0.9364,0.5466,0.4613,0.0791,0.6718,0.4222,0.5716,0.3898,0.0852,0.3822,82.35,115.9153,10.689,1.5799
19.867,596,sitting,0.7432,1.1438,0.0025,2.8246,1.1414,0.4041,1.1209,0.9384,0.548,0.4646,0.079,0.675,0.4227,0.5729,0.3904,0.0834,0.3856,82.7163,116.0096,11.015,1.5872
19.9,597,sitting,0.744,1.1449,0.0016,2.8302,1.1433,0.404,1.1225,0.9395,0.5485,0.4686,0.0789,0.6756,0.4219,0.5739,0.391,0.0799,0.3897,82.8234,115.7134,11.2434,1.5938
19.933,598,sitting,0.7439,1.1446,0.0009,2.8308,1.1438,0.4041,1.1233,0.9398,0.5479,0.4735,0.0788,0.6739,0.4195,0.5754,0.3919,0.0744,0.3947,82.922,115.2291,11.5624,1.6002
19.967,599,sitting,0.7448,1.1593,0.0009,2.8997,1.1585,0.3995,1.1332,0.9404,0.5491,0.4795,0.0787,0.6728,0.4191,0.5841,0.3913,0.0697,0.4007,83.7626,114.7143,11.7442,1.6327
20.0,600,sitting,0.7461,1.159,0.0015,2.8974,1.1575,0.3995,1.1343,0.941,0.5512,0.4846,0.0786,0.6704,0.4199,0.5832,0.3899,0.0666,0.4059,85.4177,114.367,11.8683,1.6426
20.033,601,sitting,0.7488,1.16,0.0029,2.8979,1.1571,0.3993,1.1368,0.9434,0.5543,0.4893,0.0784,0.6712,0.4229,0.5825,0.3891,0.065,0.4109,87.6236,114.1479,11.9597,1.6525
20.067,602,sitting,0.7485,1.159,0.0066,2.8929,1.1524,0.3984,1.1373,0.9436,0.5535,0.486,0.0783,0.6683,0.4241,0.5838,0.3901,0.0675,0.4076,90.504,114.3857,12.0734,1.6596
20.1,603,sitting,0.7504,1.1598,0.0104,2.8933,1.1494,0.3973,1.1392,0.9446,0.5563,0.4847,0.0783,0.6677,0.4264,0.5829,0.3883,0.0716,0.4064,94.7729,115.0318,12.2847,1.6644
20.133,604,sitting,0.7519,1.1606,0.0132,2.8965,1.1474,0.3961,1.1409,0.9464,0.5574,0.4817,0.0783,0.6678,0.4323,0.5835,0.389,0.0757,0.4035,98.4241,115.5029,12.418,1.6724
20.167,605,sitting,0.7539,1.1625,0.0116,2.9099,1.1509,0.3955,1.1437,0.9489,0.5589,0.4813,0.0782,0.6692,0.4387,0.5849,0.3901,0.0776,0.403,100.7028,115.725,12.6056,1.6878
20.2,606,sitting,0.7568,1.1655,0.005,2.9327,1.1606,0.3957,1.1472,0.9518,0.5618,0.4838,0.0781,0.6729,0.4525,0.5855,0.39,0.078,0.4057,101.3394,115.8822,12.933,1.7152
20.233,607,sitting,0.7605,1.1698,-0.004,2.9629,1.1739,0.3962,1.152,0.9555,0.5655,0.4874,0.078,0.6761,0.4634,0.5865,0.39,0.0781,0.4094,101.7349,116.0015,13.2238,1.7456
20.267,608,sitting,0.7622,1.1734,-0.0131,2.9915,1.1865,0.3966,1.1557,0.9572,0.5671,0.4895,0.0778,0.6768,0.4671,0.5886,0.39,0.0777,0.4117,101.7981,116.1863,13.6152,1.7636
20.3,609,sitting,0.7657,1.1778,-0.0226,3.0203,1.2003,0.3974,1.1601,0.9606,0.5708,0.4925,0.0775,0.6796,0.4715,0.5893,0.3898,0.0783,0.415,101.3002,116.3895,13.8765,1.7511
20.333,610,sitting,0.7693,1.1815,-0.0315,3.0453,1.213,0.3983,1.1638,0.9642,0.5744,0.4949,0.0771,0.6839,0.4771,0.5894,0.3898,0.0796,0.4178,101.047,116.7524,14.1788,1.7474
20.367,611,sitting,0.7716,1.1832,-0.0387,3.0596,1.2218,0.3993,1.1653,0.9668,0.5765,0.4948,0.0767,0.6873,0.4827,0.5888,0.3903,0.0817,0.4181,100.6111,117.0934,14.352,1.7499
20.4,612,sitting,0.7723,1.1828,-0.0481,3.0699,1.2308,0.4009,1.1647,0.9674,0.5772,0.4931,0.076,0.6879,0.483,0.5875,0.3902,0.0841,0.4171,100.6647,117.7236,14.6706,1.7527
20.433,613,sitting,0.7729,1.1822,-0.0554,3.0764,1.2375,0.4023,1.1639,0.9681,0.5776,0.4914,0.0755,0.6901,0.4854,0.5863,0.3905,0.0862,0.4159,100.4392,118.1268,14.8218,1.7532
20.467,614,sitting,0.7743,1.1796,-0.0576,3.066,1.2372,0.4035,1.1617,0.9694,0.5791,0.4918,0.0753,0.6931,0.4893,0.5826,0.3903,0.0873,0.4165,100.5919,118.3788,14.9145,1.7467
20.5,615,sitting,0.7743,1.1758,-0.0586,3.0494,1.2343,0.4048,1.158,0.9692,0.5794,0.4918,0.0753,0.6929,0.4886,0.5786,0.3898,0.0876,0.4165,100.4573,118.378,14.8943,1.7414
20.533,616,sitting,0.7737,1.17,-0.0599,3.0251,1.23,0.4066,1.1524,0.9686,0.5788,0.4914,0.0752,0.6927,0.4881,0.5736,0.3898,0.0874,0.4162,100.2713,118.3344,14.896,1.7319
20.567,617,sitting,0.774,1.1638,-0.0609,2.9974,1.2246,0.4086,1.1468,0.9684,0.5795,0.4914,0.0751,0.6939,0.4896,0.5673,0.3889,0.0881,0.4163,100.2747,118.3024,14.8058,1.7219
20.6,618,sitting,0.7733,1.1545,-0.0621,2.9586,1.2166,0.4112,1.1417,0.9672,0.5793,0.4908,0.075,0.6933,0.49,0.5624,0.3879,0.0885,0.4159,100.2804,118.2687,14.7354,1.7056
20.633,619,sitting,0.7733,1.1466,-0.0641,2.9254,1.2106,0.4138,1.1358,0.9671,0.5795,0.4907,0.0748,0.695,0.4934,0.5563,0.3876,0.0888,0.416,100.3163,118.2409,14.6974,1.692
20.667,620,sitting,0.7737,1.1418,-0.0657,2.9069,1.2075,0.4154,1.1299,0.967,0.5803,0.4904,0.0746,0.6987,0.5004,0.5495,0.3867,0.0899,0.4158,100.3849,118.2996,14.6475,1.6818
20.7,621,sitting,0.774,1.1362,-0.0677,2.8987,1.2038,0.4153,1.1235,0.9665,0.5814,0.4901,0.0745,0.704,0.511,0.5421,0.3851,0.0913,0.4156,100.4298,118.3745,14.5687,1.6694
20.733,622,sitting,0.7744,1.1335,-0.0724,2.8964,1.2059,0.4163,1.1177,0.9663,0.5826,0.4884,0.074,0.7141,0.5239,0.5351,0.3836,0.0942,0.4144,100.7628,118.7905,14.6309,1.6585
20.767,623,sitting,0.7755,1.1321,-0.0761,2.8952,1.2082,0.4173,1.1133,0.9671,0.584,0.4883,0.0737,0.7233,0.5342,0.5293,0.3831,0.0957,0.4146,100.6882,118.8748,14.5698,1.6497
20.8,624,sitting,0.7733,1.1253,-0.0785,2.8711,1.2038,0.4193,1.1064,0.9648,0.5818,0.4857,0.0735,0.7257,0.5383,0.5245,0.383,0.0961,0.4123,100.4854,119.0561,14.7161,1.638
20.833,625,sitting,0.7728,1.1214,-0.0809,2.8576,1.2023,0.4207,1.1025,0.9641,0.5815,0.4849,0.0732,0.7257,0.542,0.521,0.3827,0.0966,0.4117,100.4787,119.1718,14.8155,1.6308
20.867,626,sitting,0.7721,1.1181,-0.0824,2.837,1.2005,0.4232,1.0981,0.9624,0.5818,0.4849,0.0731,0.725,0.5444,0.5164,0.3807,0.0969,0.4118,100.2923,119.3838,15.0216,1.6203
20.9,627,sitting,0.7715,1.1177,-0.0834,2.8295,1.2011,0.4245,1.0946,0.9611,0.5818,0.4855,0.073,0.7216,0.5422,0.5128,0.3793,0.0963,0.4125,100.109,119.3896,15.1702,1.6131
20.933,628,sitting,0.7714,1.1191,-0.0858,2.8394,1.2049,0.4243,1.0914,0.9613,0.5815,0.4861,0.0727,0.7258,0.546,0.5099,0.3798,0.0954,0.4134,100.1508,119.5791,15.4984,1.608
20.967,629,sitting,0.7704,1.1182,-0.0901,2.8439,1.2083,0.4249,1.0877,0.96,0.5808,0.4875,0.0721,0.7277,0.5476,0.5069,0.3792,0.0933,0.4155,100.6337,119.501,15.7439,1.5961
21.0,630,sitting,0.7678,1.0912,-0.1029,2.7691,1.1941,0.4312,1.0752,0.9575,0.578,0.4855,0.0702,0.7302,0.5487,0.4971,0.3795,0.0925,0.4154,101.8969,119.8119,16.2306,1.5432
21.033,631,,0.7622,1.0856,-0.1124,2.7487,1.198,0.4358,1.0696,0.9513,0.5731,0.4822,0.0684,0.7186,0.5315,0.4965,0.3782,0.0909,0.4138,104.4317,119.9149,16.7312,1.5237
21.067,632,,0.7652,1.089,-0.1089,2.7509,1.1978,0.4354,1.0713,0.9535,0.577,0.4852,0.0682,0.7209,0.5337,0.4943,0.3765,0.0918,0.417,108.3173,120.1053,16.9197,1.5086
21.1,633,,0.7757,1.098,-0.0963,2.7541,1.1943,0.4337,1.0787,0.9624,0.5889,0.4946,0.0692,0.7316,0.5467,0.4898,0.3735,0.0943,0.4254,112.5373,120.5769,17.0834,1.502
21.133,634,,0.788,1.1085,-0.0821,2.7594,1.1907,0.4315,1.088,0.9725,0.6035,0.5051,0.0706,0.745,0.5628,0.4844,0.369,0.0984,0.4345,116.2123,121.5577,17.5197,1.4992
21.167,635,,0.7948,1.1147,-0.0742,2.7635,1.1889,0.4302,1.0931,0.9782,0.6115,0.5081,0.0713,0.7545,0.5728,0.4816,0.3667,0.1034,0.4368,120.0467,122.7623,18.0302,1.4825
21.2,636,,0.8008,1.1217,-0.0645,2.7671,1.1862,0.4287,1.0993,0.9829,0.6186,0.5119,0.0723,0.7558,0.5719,0.4806,0.3643,0.1068,0.4396,123.3717,123.5272,18.3636,1.4075
21.233,637,,0.8093,1.1306,-0.0544,2.7767,1.185,0.4268,1.1076,0.9905,0.628,0.5147,0.0735,0.766,0.5854,0.4797,0.3625,0.1133,0.4412,127.0402,124.8255,18.7777,1.3398
21.267,638,,0.8167,1.139,-0.0436,2.7842,1.1825,0.4247,1.1158,0.9973,0.6362,0.5167,0.0748,0.7737,0.596,0.4797,0.3612,0.1195,0.4419,130.5025,126.3028,19.3086,1.2803
21.3,639,,0.8223,1.1464,-0.0356,2.7934,1.1819,0.4231,1.1229,1.0023,0.6423,0.5151,0.0759,0.7774,0.6034,0.4806,0.36,0.1272,0.4392,134.0199,127.9188,19.7729,1.229
21.333,640,,0.8251,1.1529,-0.0304,2.8063,1.1834,0.4217,1.1292,1.0053,0.6449,0.5108,0.0768,0.7772,0.6034,0.4843,0.3604,0.1341,0.4339,136.9275,128.9919,19.9149,1.1902
21.367,641,,0.8276,1.1609,-0.024,2.8234,1.1848,0.4197,1.1369,1.0089,0.6463,0.5055,0.0778,0.7717,0.5872,0.4906,0.3626,0.1408,0.4277,139.3734,129.836,19.8534,1.1645
21.4,642,,0.8297,1.1695,-0.0194,2.8487,1.1889,0.4174,1.1453,1.0123,0.6471,0.5005,0.0785,0.7678,0.5763,0.4981,0.3651,0.1467,0.422,141.2504,130.1295,19.4485,1.1545
21.433,643,,0.8325,1.1782,-0.0114,2.8698,1.1896,0.4145,1.154,1.0158,0.6493,0.4949,0.0791,0.7669,0.5688,0.5047,0.3665,0.1544,0.4158,142.9411,131.1025,19.3366,1.1589
21.467,644,,0.8335,1.1865,-0.0047,2.8924,1.1912,0.4118,1.162,1.0179,0.6491,0.4868,0.0796,0.763,0.5582,0.5129,0.3688,0.1623,0.4072,145.0596,132.3717,19.355,1.1643
21.5,645,,0.8319,1.1933,0.0012,2.9128,1.1921,0.4093,1.1689,1.0187,0.6451,0.476,0.0801,0.7616,0.5535,0.5238,0.3737,0.1691,0.3959,147.546,133.6773,19.3934,1.1677
21.533,646,,0.8301,1.1992,0.0058,2.9349,1.1934,0.4066,1.1746,1.0186,0.6417,0.4696,0.0803,0.7605,0.5511,0.5329,0.3769,0.1721,0.3893,149.3693,134.3802,19.2249,1.1764
21.567,647,,0.8289,1.2046,0.0086,2.9553,1.196,0.4047,1.1807,1.0187,0.6392,0.463,0.0806,0.7596,0.5502,0.5415,0.3795,0.1761,0.3825,150.8781,134.9947,19.0899,1.18
21.6,648,,0.8265,1.2083,0.0094,2.9707,1.1989,0.4036,1.1855,1.0187,0.6343,0.4569,0.0808,0.7567,0.544,0.5512,0.3845,0.1774,0.3761,151.9373,134.8495,18.7,1.1801
21.633,649,,0.8251,1.2109,0.0085,2.9834,1.2024,0.403,1.1892,1.0189,0.6313,0.4525,0.0809,0.7538,0.5396,0.5578,0.3876,0.1789,0.3716,152.9493,134.6091,18.1889,1.18
21.667,650,,0.8246,1.2125,0.0107,2.9904,1.2018,0.4019,1.1921,1.0189,0.6304,0.4502,0.0809,0.7514,0.5369,0.5618,0.3886,0.1802,0.3693,153.897,134.4202,17.6833,1.1839
21.7,651,,0.8254,1.214,0.0105,2.9967,1.2036,0.4016,1.1952,1.0202,0.6307,0.4482,0.081,0.7518,0.5408,0.5645,0.3895,0.1825,0.3672,154.4928,134.1911,17.1909,1.186
21.733,652,,0.826,1.215,0.0087,3.0034,1.2063,0.4017,1.198,1.0216,0.6304,0.4462,0.0809,0.7526,0.5445,0.5676,0.3912,0.1842,0.3653,155.0736,134.0768,16.8633,1.1911
21.767,653,,0.8274,1.216,0.0065,3.0104,1.2095,0.4018,1.2012,1.0234,0.6314,0.4447,0.0807,0.7551,0.55,0.5698,0.3921,0.1867,0.3641,155.9177,134.1103,16.5767,1.1962
21.8,654,,0.8306,1.2185,0.0026,3.0262,1.2159,0.4018,1.205,1.0259,0.6354,0.443,0.0803,0.756,0.5525,0.5696,0.3904,0.1924,0.3627,157.1549,134.2809,16.1755,1.2038
21.833,655,,0.8316,1.2191,0.0001,3.0349,1.219,0.4017,1.2063,1.0262,0.6371,0.4411,0.0798,0.7577,0.5573,0.5692,0.3891,0.196,0.3613,158.4774,134.7908,16.1035,1.213
21.867,656,,0.8344,1.2213,-0.003,3.0498,1.2243,0.4014,1.2089,1.0286,0.6403,0.4382,0.0793,0.7605,0.5656,0.5686,0.3884,0.202,0.3589,160.1944,135.0391,15.7254,1.2209
21.9,657,,0.8348,1.2215,-0.0047,3.056,1.2262,0.4012,1.2091,1.0291,0.6405,0.4328,0.0788,0.7605,0.5656,0.5686,0.3886,0.2077,0.3541,162.1532,135.6358,15.5985,1.2294
21.933,658,,0.8355,1.2221,-0.005,3.0612,1.2271,0.4008,1.2094,1.0291,0.6419,0.428,0.0784,0.7601,0.5649,0.5675,0.3872,0.2139,0.3496,163.8344,135.6313,15.1046,1.2337
21.967,659,,0.8359,1.2212,-0.0025,3.058,1.2237,0.4002,1.2089,1.0292,0.6426,0.4213,0.0782,0.7595,0.5637,0.5663,0.3867,0.2212,0.3431,166.2804,136.4208,14.9461,1.2375
22.0,660,,0.8377,1.2205,-0.002,3.0554,1.2225,0.4001,1.2085,1.0307,0.6447,0.4174,0.078,0.7632,0.5665,0.5638,0.3861,0.2273,0.3394,167.8374,136.5969,14.5561,1.2437
22.033,661,,0.8388,1.2206,-0.0017,3.0543,1.2223,0.4002,1.2087,1.0318,0.6458,0.4136,0.0779,0.7662,0.5697,0.5629,0.386,0.2322,0.3357,169.0215,136.8239,14.2326,1.247
22.067,662,,0.8391,1.2202,-0.0028,3.0532,1.2229,0.4005,1.2084,1.0321,0.6462,0.4082,0.0777,0.7689,0.5725,0.5623,0.3859,0.238,0.3305,170.6073,137.1086,13.8822,1.2464
22.1,663,,0.8392,1.2187,-0.0032,3.0459,1.2219,0.4012,1.2074,1.0321,0.6463,0.4031,0.0777,0.7701,0.5754,0.5611,0.3859,0.2431,0.3255,171.9375,137.3764,13.5376,1.2435
22.133,664,,0.838,1.2159,-0.0027,3.0315,1.2186,0.402,1.2048,1.0314,0.6445,0.3962,0.0777,0.7704,0.5726,0.5602,0.3869,0.2483,0.3185,173.4355,138.2314,13.53,1.2364
22.167,665,,0.8381,1.2152,-0.0037,3.0265,1.219,0.4028,1.2044,1.0321,0.644,0.3928,0.0776,0.7732,0.5756,0.5604,0.3881,0.2512,0.3152,174.2831,138.3265,13.1588,1.2326
22.2,666,,0.8362,1.2122,-0.0038,3.0129,1.2161,0.4036,1.2014,1.0305,0.642,0.3895,0.0776,0.7726,0.5719,0.5594,0.3885,0.2525,0.3118,175.1743,138.5432,12.8625,1.2277
22.233,667,,0.8338,1.2085,-0.0041,2.9949,1.2125,0.4049,1.1979,1.0293,0.6383,0.3854,0.0776,0.7727,0.5696,0.5596,0.391,0.2529,0.3078,175.8318,138.7802,12.6732,1.2241
22.267,668,,0.8321,1.2051,-0.0051,2.9792,1.2102,0.4062,1.1949,1.0284,0.6358,0.3853,0.0775,0.7724,0.5675,0.5591,0.3926,0.2505,0.3078,175.8009,138.1777,12.0598,1.2268
22.3,669,,0.8295,1.199,-0.0054,2.9524,1.2045,0.408,1.1893,1.0259,0.633,0.3837,0.0775,0.7708,0.5613,0.5563,0.3929,0.2494,0.3062,175.921,137.4369,11.3024,1.2207
22.333,670,,0.8266,1.1935,-0.0076,2.9285,1.2011,0.4101,1.1835,1.0228,0.6303,0.3842,0.0773,0.7673,0.5484,0.5532,0.3924,0.2462,0.3068,175.5207,136.3553,10.4745,1.2189
22.367,671,,0.8234,1.1897,-0.0079,2.9114,1.1977,0.4114,1.1775,1.0196,0.6272,0.3854,0.0773,0.7661,0.5416,0.5503,0.3924,0.2418,0.3081,174.7809,134.8816,9.4673,1.2146
22.4,672,,0.8198,1.1854,-0.0101,2.894,1.1954,0.4131,1.1698,1.0161,0.6234,0.3853,0.0772,0.7618,0.5302,0.5464,0.3927,0.2381,0.3081,174.0852,132.7434,7.9737,1.2062
22.433,673,,0.8165,1.1814,-0.011,2.8768,1.1924,0.4145,1.1623,1.0131,0.62,0.3838,0.0771,0.7621,0.5273,0.5423,0.3931,0.2362,0.3067,173.9332,131.5055,6.8812,1.2026
22.467,674,,0.8163,1.1782,-0.0138,2.8627,1.192,0.4164,1.157,1.0117,0.6209,0.3837,0.0769,0.7616,0.5261,0.5361,0.3908,0.2372,0.3068,173.9219,129.7865,5.2454,1.2008
22.5,675,,0.8151,1.1738,-0.0161,2.8436,1.1899,0.4184,1.1513,1.0098,0.6204,0.3835,0.0768,0.7636,0.5242,0.5309,0.3894,0.2369,0.3067,173.4427,128.3147,4.0213,1.1998
22.533,676,,0.8139,1.1687,-0.0182,2.8223,1.1869,0.4206,1.1453,1.0065,0.6213,0.3869,0.0766,0.7647,0.5252,0.524,0.3851,0.2344,0.3103,172.8735,126.3289,2.3495,1.2033
22.567,677,,0.8135,1.1646,-0.02,2.8053,1.1846,0.4223,1.1392,1.0048,0.6222,0.39,0.0765,0.7665,0.4377,0.517,0.3826,0.2322,0.3136,172.2618,124.2214,0.5102,1.2122
22.6,678,,0.8132,1.1614,-0.0205,2.7907,1.1819,0.4235,1.1347,1.0029,0.6235,0.3946,0.0764,0.7648,0.5308,0.5112,0.3794,0.2289,0.3182,171.088,121.8922,1.3197,1.2266
22.633,679,,0.8122,1.1579,-0.0219,2.7755,1.1798,0.4251,1.1309,1.0017,0.6226,0.3984,0.0763,0.7649,0.4365,0.5083,0.379,0.2243,0.3221,169.8117,119.7663,2.7684,1.2432
22.667,680,,0.8128,1.155,-0.0242,2.7626,1.1792,0.4268,1.1283,1.0017,0.6238,0.4035,0.0761,0.7658,0.439,0.5044,0.3778,0.2203,0.3274,168.0652,116.5305,5.0759,1.2631
22.7,681,,0.8148,1.153,-0.0272,2.7542,1.1802,0.4285,1.1266,1.0034,0.6262,0.4095,0.0758,0.7691,0.4411,0.5005,0.3772,0.2166,0.3337,166.1848,113.9163,6.8105,1.2879
22.733,682,,0.8162,1.1492,-0.0285,2.7387,1.1778,0.4301,1.1242,1.0044,0.6279,0.4153,0.0757,0.7717,0.5795,0.4963,0.3765,0.2126,0.3396,164.3507,111.8877,8.1059,1.309
22.767,683,,0.8175,1.1433,-0.028,2.7117,1.1713,0.4319,1.1214,1.0048,0.6303,0.4209,0.0757,0.7872,0.6103,0.4911,0.3745,0.2094,0.3452,162.6797,109.7823,9.6878,1.3267
22.8,684,,0.8195,1.1383,-0.0247,2.6847,1.163,0.4332,1.1199,1.0061,0.6329,0.4268,0.0759,0.8093,0.6393,0.487,0.3732,0.2061,0.3509,160.9242,108.6696,10.4439,1.3437
22.833,685,,0.8225,1.1354,-0.0224,2.6649,1.1579,0.4345,1.12,1.0081,0.6369,0.4337,0.0761,0.8167,0.6508,0.4831,0.3712,0.2032,0.3576,159.1429,107.977,10.7006,1.3394
22.867,686,,0.8269,1.1348,-0.0209,2.6546,1.1557,0.4353,1.1213,1.0116,0.6423,0.442,0.0762,0.8256,0.6604,0.479,0.3693,0.2003,0.3658,157.243,107.4662,10.7879,1.3349
22.9,687,,0.8324,1.1352,-0.0197,2.6498,1.155,0.4359,1.1228,1.0175,0.6473,0.4498,0.0763,0.8414,0.6659,0.4755,0.3702,0.1975,0.3735,154.8761,107.5166,10.1719,1.3264
22.933,688,,0.8382,1.1374,-0.0181,2.6466,1.1555,0.4366,1.1256,1.023,0.6533,0.4589,0.0764,0.8508,0.6722,0.4722,0.3697,0.1944,0.3825,152.6458,107.9258,9.0293,1.316
22.967,689,,0.8449,1.1423,-0.0158,2.6576,1.1581,0.4358,1.1291,1.0307,0.6592,0.4697,0.0766,0.8626,0.6814,0.47,0.3715,0.1894,0.3931,150.3609,108.0459,7.9783,1.3022
23.0,690,on_ground,0.849,1.1457,-0.0135,2.6653,1.1593,0.435,1.1313,1.0347,0.6633,0.4782,0.0768,0.8655,0.687,0.468,0.3713,0.1851,0.4015,148.7656,108.3308,6.885,1.2847
23.033,691,on_ground,0.8474,1.1459,-0.0126,2.6662,1.1585,0.4345,1.1303,1.0331,0.6617,0.4836,0.0768,0.8601,0.6919,0.4686,0.3714,0.1781,0.4068,147.3231,109.1545,5.0818,1.2627
23.067,692,on_ground,0.8421,1.1443,-0.0111,2.6597,1.1554,0.4344,1.1274,1.0292,0.655,0.4877,0.077,0.8579,0.6917,0.4724,0.3742,0.1673,0.4107,145.5562,109.5796,3.3653,1.2331
23.1,693,on_ground,0.8345,1.1433,-0.01,2.6526,1.1533,0.4348,1.124,1.025,0.644,0.4851,0.0772,0.8623,0.699,0.48,0.381,0.1589,0.4079,144.3612,110.0997,1.8085,1.1966
23.133,694,on_ground,0.8255,1.1452,-0.0075,2.6499,1.1526,0.435,1.1238,1.0229,0.6281,0.4784,0.0776,0.8703,0.7183,0.4957,0.3948,0.1496,0.4009,142.9338,111.2449,0.3931,1.162
23.167,695,on_ground,0.8116,1.1456,-0.0039,2.6381,1.1495,0.4357,1.1214,1.0176,0.6055,0.4688,0.0781,0.8844,0.7541,0.5158,0.4121,0.1367,0.3908,142.182,111.5785,2.1788,1.1252
23.2,696,on_ground,0.7926,1.1426,0.005,2.6091,1.1376,0.436,1.1163,1.0071,0.5782,0.4662,0.0786,0.8994,0.7732,0.5381,0.4289,0.112,0.3876,139.6766,109.5169,3.0343,1.1084
23.233,697,on_ground,0.77,1.1316,0.0145,2.5538,1.1171,0.4374,1.1042,0.9897,0.5503,0.4637,0.0787,0.8993,0.7715,0.5539,0.4394,0.0866,0.385,137.3155,107.3045,3.6761,1.1119
23.267,698,on_ground,0.7431,1.0955,0.0243,2.4049,1.0712,0.4454,1.0785,0.9684,0.5178,0.4602,0.079,0.8967,0.7653,0.5607,0.4507,0.0576,0.3812,134.1575,105.1512,5.1572,1.0786
23.3,699,on_ground,0.7123,1.0789,0.042,2.321,1.0369,0.4467,1.0611,0.9435,0.4811,0.453,0.0795,0.9024,0.7807,0.58,0.4624,0.0281,0.3736,131.3561,100.6063,4.938,1.0569
23.333,700,on_ground,0.6852,1.0553,0.0552,2.2183,1.0001,0.4508,1.0375,0.9173,0.453,0.4481,0.0798,0.8931,0.7761,0.5845,0.4643,0.005,0.3683,128.7677,96.8928,4.75,1.0275
23.367,701,on_ground,0.667,1.0273,0.074,2.0929,0.9533,0.4555,1.0117,0.9026,0.4313,0.4455,0.08,0.8962,0.7787,0.5803,0.4713,-0.0142,0.3655,126.4099,93.1003,3.8301,0.9902
23.4,702,on_ground,0.6465,0.9877,0.0791,1.9514,0.9086,0.4656,0.9749,0.8832,0.4098,0.4446,0.08,0.8685,0.7187,0.5651,0.4734,-0.0347,0.3645,123.9292,88.3279,2.2316,0.9362
23.433,703,on_ground,0.6312,0.9812,0.0704,1.962,0.9109,0.4643,0.9342,0.8723,0.3901,0.442,0.08,0.8838,0.7284,0.5441,0.4822,-0.0519,0.362,121.8134,83.1044,0.4008,0.9227
23.467,704,on_ground,0.6128,0.9962,0.0672,2.0146,0.929,0.4612,0.8855,0.8557,0.3699,0.4345,0.08,0.8915,0.733,0.5156,0.4858,-0.0646,0.3545,121.3466,78.2045,3.2706,0.939
23.5,705,on_ground,0.6085,1.006,0.0661,2.0533,0.9399,0.4578,0.8396,0.8458,0.3713,0.4133,0.08,0.8947,0.7302,0.4683,0.4745,-0.0421,0.3334,127.7418,78.161,6.4278,0.9369
23.533,706,on_ground,0.6105,1.0096,0.0439,2.0803,0.9656,0.4642,0.8103,0.8404,0.3807,0.3918,0.0797,0.8886,0.7284,0.4296,0.4597,-0.0111,0.3122,135.1119,79.341,9.1195,0.9396
23.567,707,on_ground,0.6118,0.998,0.0309,2.0515,0.9671,0.4714,0.7798,0.8342,0.3895,0.3706,0.0793,0.8624,0.6919,0.3903,0.4447,0.0189,0.2913,141.2265,80.7909,11.3875,0.9531
23.6,708,on_ground,0.6106,0.891,0.0183,1.7509,0.8726,0.4984,0.7616,0.8258,0.3954,0.3572,0.0788,0.7824,0.3726,0.3661,0.4304,0.0383,0.2784,145.4263,82.1441,12.6091,0.8708
23.633,709,on_ground,0.6282,0.8838,-0.0077,1.7206,0.8915,0.5181,0.77,0.8367,0.4198,0.3569,0.0772,0.7279,0.4986,0.3502,0.4168,0.0629,0.2797,149.0663,86.2647,11.9989,0.9145
23.667,710,on_ground,0.6338,0.8836,-0.0264,1.7295,0.9101,0.5262,0.7942,0.8338,0.4338,0.3422,0.0757,0.672,0.4495,0.3604,0.4,0.0916,0.2665,153.8568,91.3397,11.0778,0.9592
23.7,711,on_ground,0.6561,0.8977,-0.0526,1.7669,0.9503,0.5378,0.801,0.8476,0.4646,0.3451,0.0735,0.6488,0.4381,0.3364,0.3831,0.1195,0.2716,157.1225,98.9106,8.0313,1.0369
23.733,712,on_ground,0.659,0.8925,-0.0719,1.7601,0.9643,0.5479,0.819,0.8466,0.4714,0.3455,0.0715,0.6301,0.4283,0.3476,0.3751,0.1259,0.274,158.1568,103.019,5.5579,1.0699
23.767,713,on_ground,0.6659,0.9089,-0.0826,1.7843,0.9916,0.5557,0.8459,0.8535,0.4783,0.3474,0.0704,0.63,0.4327,0.3676,0.3751,0.131,0.277,159.7769,106.654,3.5437,1.1133
23.8,714,on_ground,0.6634,0.9186,-0.0903,1.8151,1.0089,0.5558,0.857,0.8512,0.4756,0.3436,0.0695,0.6267,0.4326,0.3814,0.3756,0.132,0.2741,160.8914,108.4256,2.4715,1.1342
23.833,715,on_ground,0.6628,0.9275,-0.096,1.8417,1.0235,0.5557,0.8601,0.8528,0.4729,0.3423,0.0689,0.6272,0.4359,0.3872,0.3799,0.1306,0.2734,161.693,109.5754,1.7317,1.1445
23.867,716,on_ground,0.6658,0.9406,-0.1058,1.8835,1.0464,0.5556,0.8706,0.8578,0.4737,0.3423,0.0677,0.6309,0.4423,0.3969,0.3841,0.1315,0.2746,161.3718,110.3743,1.1422,1.1667
23.9,717,on_ground,0.6665,0.952,-0.1108,1.918,1.0628,0.5541,0.8798,0.8605,0.4724,0.3391,0.067,0.6305,0.4451,0.4073,0.3881,0.1333,0.2721,160.0115,111.3055,0.3368,1.1871
23.933,718,on_ground,0.6686,0.9636,-0.1183,1.9549,1.0819,0.5534,0.889,0.8638,0.4733,0.3399,0.0661,0.6322,0.4486,0.4157,0.3906,0.1333,0.2738,159.4458,112.0575,0.4706,1.2101
23.967,719,on_ground,0.6697,0.9719,-0.1229,1.9803,1.0948,0.5529,0.8953,0.8661,0.4733,0.3398,0.0655,0.6353,0.4512,0.422,0.3928,0.1336,0.2743,159.3326,112.7979,1.1873,1.2254
24.0,720,on_ground,0.674,0.976,-0.1232,1.9878,1.0992,0.553,0.9086,0.8694,0.4786,0.3386,0.0654,0.639,0.4551,0.4301,0.3909,0.14,0.2731,159.3813,114.5165,1.9474,1.232
24.033,721,on_ground,0.6748,0.9813,-0.1261,2.0061,1.1075,0.552,0.9057,0.8708,0.4788,0.3396,0.065,0.6401,0.455,0.4269,0.3919,0.1392,0.2746,159.32,115.2224,2.626,1.2434
24.067,722,on_ground,0.6738,0.9848,-0.1277,2.0193,1.1125,0.5509,0.909,0.8708,0.4768,0.3378,0.0648,0.6401,0.4539,0.4323,0.394,0.1389,0.273,158.9313,115.9364,3.3157,1.2557
24.1,723,on_ground,0.6735,0.9875,-0.1274,2.0278,1.1149,0.5498,0.9116,0.8712,0.4759,0.3378,0.0648,0.6404,0.4537,0.4357,0.3953,0.1381,0.2729,158.4927,116.5177,4.0098,1.2654
24.133,724,on_ground,0.6734,0.9901,-0.1266,2.0365,1.1167,0.5483,0.9144,0.8714,0.4754,0.3379,0.0649,0.6389,0.452,0.439,0.3959,0.1375,0.273,157.9038,117.0407,4.6799,1.2787
24.167,725,on_ground,0.6736,0.9928,-0.1261,2.0462,1.1189,0.5468,0.9175,0.8712,0.476,0.3409,0.065,0.6372,0.4501,0.4415,0.3952,0.1351,0.2759,157.5533,116.7683,4.7945,1.2898
24.2,726,on_ground,0.6738,0.9952,-0.1253,2.0546,1.1205,0.5454,0.9206,0.8711,0.4765,0.3448,0.0651,0.6366,0.4495,0.444,0.3946,0.1318,0.2796,157.1002,116.5944,5.1182,1.2994
24.233,727,on_ground,0.6739,0.9978,-0.1245,2.0629,1.1223,0.5441,0.9241,0.8704,0.4774,0.3477,0.0652,0.6355,0.4488,0.4467,0.393,0.1297,0.2825,156.6785,116.5868,5.4692,1.3065
24.267,728,on_ground,0.6741,0.9988,-0.1244,2.0645,1.1232,0.5441,0.9284,0.8697,0.4785,0.3481,0.0652,0.6342,0.4485,0.4499,0.3912,0.1304,0.2829,157.0766,117.3191,6.1091,1.3045
24.3,729,on_ground,0.6744,1.0014,-0.1238,2.0735,1.1252,0.5426,0.9323,0.8693,0.4795,0.3491,0.0653,0.6343,0.448,0.4528,0.3898,0.1304,0.2838,156.7813,117.4232,6.2368,1.3106
24.333,730,on_ground,0.6744,1.0024,-0.1241,2.0769,1.1266,0.5424,0.9369,0.8688,0.4799,0.3489,0.0653,0.6323,0.4469,0.4569,0.3889,0.131,0.2836,156.9338,117.9134,6.6428,1.3121
24.367,731,on_ground,0.6749,1.0041,-0.1239,2.0816,1.128,0.5419,0.9414,0.8687,0.481,0.3482,0.0653,0.6314,0.4461,0.4605,0.3878,0.1328,0.2829,157.1039,118.3814,6.8834,1.3141
24.4,732,on_ground,0.6734,1.0048,-0.1239,2.0877,1.1287,0.5407,0.9426,0.8673,0.4795,0.3469,0.0653,0.6276,0.4428,0.463,0.3878,0.1326,0.2816,157.0119,118.2466,6.836,1.3175
24.433,733,on_ground,0.6726,1.0058,-0.1245,2.094,1.1303,0.5398,0.9436,0.866,0.4792,0.3463,0.0652,0.6258,0.4412,0.4644,0.3868,0.1329,0.281,157.0383,118.2143,6.7309,1.3223
24.467,734,on_ground,0.6713,1.0065,-0.1219,2.0956,1.1284,0.5385,0.9442,0.8645,0.4781,0.3455,0.0656,0.6241,0.4398,0.4661,0.3864,0.1327,0.2799,156.8997,118.3125,6.778,1.324
24.5,735,on_ground,0.6706,1.0068,-0.1231,2.0996,1.1299,0.5382,0.9446,0.8634,0.4777,0.3453,0.0654,0.6233,0.439,0.4669,0.3857,0.1325,0.2799,157.0131,117.7671,6.4159,1.3295
24.533,736,on_ground,0.6698,1.0079,-0.122,2.1029,1.1299,0.5373,0.9455,0.8626,0.4769,0.3456,0.0655,0.6226,0.4384,0.4686,0.3858,0.1312,0.2801,156.9896,117.3543,6.1367,1.3317
24.567,737,on_ground,0.6694,1.0089,-0.1204,2.1053,1.1294,0.5364,0.946,0.8621,0.4766,0.3451,0.0658,0.6222,0.4378,0.4694,0.3856,0.1315,0.2794,156.9277,116.8224,5.7011,1.3318
24.6,738,on_ground,0.6695,1.0098,-0.1192,2.1075,1.1291,0.5358,0.9466,0.8623,0.4768,0.3441,0.0659,0.6228,0.438,0.4698,0.3855,0.1327,0.2781,156.821,116.4397,5.2979,1.3332
24.633,739,on_ground,0.6688,1.0101,-0.1193,2.109,1.1294,0.5355,0.9467,0.8619,0.4756,0.3446,0.0659,0.6217,0.4371,0.4711,0.3863,0.131,0.2787,156.7103,115.9897,5.1118,1.3344
24.667,740,on_ground,0.6689,1.0105,-0.1195,2.1109,1.13,0.5353,0.9494,0.8616,0.4763,0.3448,0.0659,0.621,0.4366,0.4732,0.3853,0.1314,0.2789,156.8619,115.8105,4.8652,1.3354
24.7,741,on_ground,0.6677,1.011,-0.1194,2.1129,1.1304,0.535,0.9474,0.8608,0.4746,0.3447,0.0659,0.6199,0.4362,0.4728,0.3862,0.1299,0.2788,156.7572,115.4546,4.7313,1.3361
24.733,742,on_ground,0.667,1.0123,-0.1197,2.118,1.132,0.5345,0.948,0.8605,0.4735,0.3448,0.0659,0.6187,0.4359,0.4745,0.387,0.1287,0.2789,156.7561,115.0047,4.5153,1.338
24.767,743,on_ground,0.6666,1.0124,-0.1199,2.119,1.1323,0.5344,0.9485,0.8604,0.4728,0.3456,0.0658,0.6179,0.4359,0.4757,0.3876,0.1272,0.2798,156.6519,114.7165,4.4172,1.3391
24.8,744,on_ground,0.667,1.0135,-0.1214,2.1248,1.1349,0.5341,0.9499,0.8605,0.4736,0.3462,0.0656,0.6179,0.4362,0.4763,0.3869,0.1274,0.2805,156.583,114.483,4.1786,1.3447
24.833,745,on_ground,0.6659,1.0143,-0.1212,2.1278,1.1355,0.5337,0.9521,0.8599,0.4719,0.3456,0.0657,0.6167,0.436,0.4802,0.388,0.1263,0.2799,156.461,114.1896,4.0908,1.3469
24.867,746,on_ground,0.6658,1.0147,-0.1213,2.1292,1.136,0.5336,0.9515,0.8595,0.4721,0.3452,0.0657,0.6167,0.4364,0.4794,0.3874,0.1268,0.2796,156.4658,114.0053,3.9306,1.3482
24.9,747,on_ground,0.6659,1.015,-0.1207,2.1299,1.1357,0.5332,0.9526,0.8591,0.4728,0.3449,0.0657,0.6163,0.4362,0.4799,0.3864,0.1279,0.2791,156.4317,113.9455,3.8047,1.3495
24.933,748,on_ground,0.6656,1.0149,-0.1194,2.1282,1.1343,0.533,0.9512,0.8588,0.4724,0.345,0.0659,0.6159,0.4362,0.4788,0.3864,0.1274,0.2791,156.4174,113.7639,3.6229,1.3496
24.967,749,on_ground,0.6654,1.0158,-0.1186,2.1298,1.1344,0.5326,0.9527,0.8588,0.4721,0.3449,0.066,0.6165,0.4366,0.4806,0.3868,0.1271,0.2789,156.3178,113.7928,3.6495,1.3507
25.0,750,on_ground,0.6662,1.017,-0.1186,2.1331,1.1356,0.5324,0.9525,0.8593,0.4731,0.3453,0.066,0.6171,0.4376,0.4794,0.3863,0.1277,0.2793,156.2673,113.5768,3.4318,1.3534
25.033,751,,0.6661,1.018,-0.1186,2.1359,1.1367,0.5322,0.9532,0.8597,0.4725,0.3463,0.066,0.617,0.4379,0.4807,0.3871,0.1262,0.2803,156.2017,113.1876,3.2492,1.3547
25.067,752,,0.6659,1.0184,-0.1181,2.1366,1.1366,0.5319,0.9534,0.8596,0.4722,0.3468,0.0661,0.6161,0.4371,0.4812,0.3873,0.1254,0.2808,156.16,112.9331,3.0579,1.3551
25.1,753,,0.6661,1.0182,-0.117,2.1343,1.1353,0.5319,0.9545,0.8591,0.473,0.3478,0.0662,0.6153,0.4369,0.4815,0.3861,0.1252,0.2816,156.2222,112.8872,2.9421,1.3534
25.133,754,,0.6657,1.0175,-0.1168,2.1317,1.1342,0.5321,0.9535,0.8587,0.4727,0.3489,0.0662,0.6151,0.4372,0.4807,0.386,0.1239,0.2826,156.2098,112.6827,2.8782,1.3517
25.167,755,,0.6667,1.0176,-0.1141,2.1266,1.1317,0.5322,0.9545,0.8597,0.4736,0.3506,0.0666,0.616,0.4396,0.4809,0.3862,0.123,0.284,156.2319,112.7038,2.9683,1.3479
25.2,756,,0.6671,1.0182,-0.1147,2.1302,1.1329,0.5318,0.9546,0.8602,0.474,0.35,0.0665,0.6162,0.4392,0.4805,0.3862,0.124,0.2835,156.3859,112.586,2.7799,1.3503
25.233,757,,0.6667,1.0175,-0.1138,2.128,1.1312,0.5316,0.9541,0.8593,0.4741,0.3503,0.0666,0.6152,0.4379,0.48,0.3852,0.1238,0.2837,156.4677,112.2929,2.5559,1.3482
25.267,758,,0.6662,1.017,-0.1134,2.1271,1.1304,0.5314,0.9542,0.8583,0.4742,0.3515,0.0667,0.6145,0.4372,0.48,0.3842,0.1226,0.2848,156.4573,112.2683,2.5656,1.3472
25.3,759,,0.6661,1.0178,-0.1135,2.13,1.1313,0.5311,0.9556,0.858,0.4741,0.3526,0.0667,0.6152,0.4378,0.4815,0.3839,0.1215,0.2859,156.2456,112.0391,2.5589,1.3526
25.333,760,,0.6653,1.0172,-0.1144,2.1309,1.1316,0.531,0.9569,0.857,0.4737,0.3531,0.0666,0.6152,0.4373,0.4833,0.3833,0.1205,0.2866,155.9143,111.8596,2.5948,1.3592
25.367,761,,0.6656,1.0165,-0.1149,2.1304,1.1313,0.531,0.9574,0.8573,0.4739,0.3536,0.0665,0.6185,0.4382,0.4835,0.3834,0.1203,0.2871,155.6539,111.6536,2.5135,1.3664
25.4,762,,0.6659,1.0161,-0.1161,2.1324,1.1322,0.531,0.9593,0.8578,0.4741,0.3544,0.0664,0.6212,0.4398,0.4852,0.3837,0.1197,0.2881,154.9071,111.5116,2.5511,1.3834
25.433,763,,0.6676,1.0166,-0.1174,2.1355,1.1339,0.531,0.9628,0.8594,0.4758,0.3581,0.0662,0.6251,0.4431,0.4871,0.3836,0.1176,0.2919,153.4397,111.0519,2.5101,1.4084
25.467,764,,0.6683,1.0166,-0.1187,2.1394,1.1353,0.5307,0.9657,0.8602,0.4765,0.3625,0.0662,0.6289,0.4457,0.4892,0.3837,0.114,0.2963,151.5694,110.5129,2.4063,1.4286
25.5,765,,0.6669,1.0148,-0.1233,2.1444,1.1381,0.5307,0.9677,0.8592,0.4745,0.366,0.0658,0.6318,0.4492,0.4932,0.3847,0.1085,0.3002,148.4961,109.2318,1.9629,1.4244
25.533,766,,0.6683,1.0149,-0.1267,2.152,1.1416,0.5305,0.9716,0.8608,0.4758,0.3738,0.0658,0.6393,0.4562,0.4958,0.385,0.102,0.308,144.4454,107.745,1.3722,1.4192
25.567,767,,0.6727,1.015,-0.1281,2.1526,1.1431,0.531,0.9778,0.8653,0.4801,0.3803,0.0659,0.6507,0.4685,0.4978,0.3852,0.0998,0.3143,142.1581,106.42,0.493,1.4097
25.6,768,,0.6777,1.0158,-0.1258,2.1534,1.1416,0.5301,0.9837,0.8706,0.4848,0.3929,0.067,0.6686,0.4886,0.4989,0.3859,0.0918,0.326,136.6485,104.8022,0.0667,1.3996
25.633,769,,0.6777,1.0125,-0.1207,2.144,1.1332,0.5285,0.9856,0.8717,0.4837,0.3975,0.0685,0.6799,0.5053,0.5019,0.388,0.0862,0.329,131.635,103.9522,0.1542,1.3745
25.667,770,,0.6778,1.0101,-0.1094,2.1295,1.1195,0.5257,0.9877,0.8732,0.4824,0.4046,0.0709,0.6924,0.5233,0.5054,0.3908,0.0777,0.3338,126.4699,102.6985,0.4103,1.3489
25.7,771,,0.6822,1.0102,-0.0935,2.112,1.1038,0.5226,0.9931,0.8788,0.4856,0.4113,0.0732,0.7056,0.5377,0.5074,0.3932,0.0743,0.3382,123.4326,101.4211,1.2968,1.3266
25.733,772,,0.6834,1.008,-0.0693,2.0815,1.0773,0.5176,0.9945,0.8815,0.4854,0.4185,0.0762,0.7158,0.5488,0.5091,0.3961,0.0669,0.3423,120.2268,99.9147,1.9877,1.2933
25.767,773,,0.6841,1.0063,-0.0491,2.0558,1.0554,0.5134,0.9959,0.8848,0.4834,0.4278,0.0784,0.726,0.5628,0.5125,0.4013,0.0556,0.3494,116.6925,97.0267,3.4266,1.2656
25.8,774,,0.6826,1.0039,-0.0351,2.0345,1.039,0.5107,0.9947,0.8876,0.4777,0.4325,0.0797,0.739,0.5774,0.517,0.4099,0.0451,0.3528,113.1362,93.5019,5.3668,1.247
25.833,775,,0.6792,0.9998,-0.021,2.0092,1.0208,0.5081,0.9912,0.8875,0.471,0.4322,0.0807,0.751,0.5891,0.5202,0.4166,0.0387,0.3515,111.981,90.5671,7.2813,1.2165
25.867,776,,0.676,0.9944,-0.005,1.9819,0.9994,0.5043,0.9858,0.8857,0.4664,0.4286,0.0821,0.7613,0.597,0.5194,0.4194,0.0378,0.3465,110.8667,88.2652,9.327,1.1829
25.9,777,,0.6691,0.9864,0.0097,1.9516,0.9767,0.5005,0.9779,0.8806,0.4577,0.4225,0.0834,0.7655,0.6027,0.5202,0.4229,0.0352,0.3391,109.5579,86.1533,11.0372,1.1528
25.933,778,,0.6603,0.9787,0.0229,1.9205,0.9558,0.4977,0.9695,0.8745,0.4461,0.4157,0.0846,0.7666,0.6066,0.5233,0.4283,0.0304,0.3311,106.8265,84.9609,11.7347,1.1307
25.967,779,,0.6548,0.9752,0.0335,1.8982,0.9416,0.4961,0.9641,0.8714,0.4381,0.4107,0.0853,0.7716,0.6112,0.526,0.4333,0.0274,0.3255,104.9993,84.2572,12.2445,1.1184
26.0,780,,0.6475,0.9686,0.0359,1.8779,0.9327,0.4967,0.9551,0.8663,0.4287,0.397,0.0851,0.7743,0.6158,0.5264,0.4376,0.0317,0.312,104.6163,84.7114,12.4833,1.116
26.033,781,,0.6399,0.9616,0.039,1.8509,0.9226,0.4984,0.9456,0.8593,0.4206,0.3906,0.0843,0.7736,0.6159,0.5251,0.4388,0.0299,0.3064,104.8944,83.4176,13.6994,1.1246
26.067,782,,0.6345,0.9572,0.0442,1.8242,0.913,0.5005,0.9381,0.8549,0.4141,0.3885,0.0834,0.7718,0.6132,0.524,0.4408,0.0255,0.3051,103.7895,81.8269,14.9309,1.1516
26.1,783,,0.6287,0.9534,0.0521,1.797,0.9012,0.5015,0.9304,0.8493,0.4082,0.3874,0.083,0.7674,0.6079,0.5222,0.4411,0.0208,0.3044,101.5488,80.324,16.0095,1.1796
26.133,784,,0.6226,0.9501,0.0581,1.774,0.8921,0.5028,0.9241,0.8427,0.4025,0.3919,0.0826,0.762,0.6022,0.5216,0.4402,0.0106,0.3093,99.1102,78.0886,16.9367,1.2076
26.167,785,,0.6125,0.943,0.0637,1.7388,0.8793,0.5057,0.9125,0.8331,0.3919,0.3957,0.0818,0.7518,0.5903,0.5206,0.4411,-0.0038,0.3139,93.9167,75.018,17.8517,1.2073
26.2,786,,0.6032,0.9356,0.0698,1.7065,0.8658,0.5074,0.8995,0.8232,0.3832,0.4026,0.0812,0.7393,0.578,0.5164,0.4401,-0.0194,0.3214,89.2331,70.8096,18.9132,1.174
26.233,787,,0.5967,0.9291,0.072,1.6813,0.8571,0.5098,0.8877,0.8153,0.3782,0.4072,0.0808,0.7303,0.5658,0.5094,0.437,-0.029,0.3264,84.4444,67.6827,19.8148,1.1514
26.267,788,,0.5879,0.9178,0.0745,1.645,0.8432,0.5126,0.8745,0.8028,0.3731,0.4068,0.0808,0.7181,0.5492,0.5014,0.4297,-0.0337,0.326,79.3392,65.1435,20.7465,1.1213
26.3,789,,0.5789,0.909,0.0714,1.6255,0.8376,0.5153,0.8618,0.792,0.3658,0.4128,0.081,0.7056,0.5319,0.496,0.4262,-0.047,0.3318,72.9987,60.7761,21.6821,1.1079
26.333,790,,0.5699,0.899,0.0677,1.6033,0.8314,0.5185,0.8485,0.7805,0.3593,0.4173,0.081,0.6888,0.507,0.4892,0.4213,-0.058,0.3362,68.3199,56.7525,22.9843,1.0946
26.367,791,,0.5584,0.8841,0.0689,1.5626,0.8151,0.5217,0.8321,0.7615,0.3554,0.415,0.0809,0.6559,0.4596,0.4768,0.4062,-0.0597,0.3342,64.6604,54.4088,25.127,1.0654
26.4,792,,0.5457,0.8662,0.0719,1.5151,0.7944,0.5243,0.8125,0.7414,0.35,0.4089,0.0807,0.6219,0.4074,0.4624,0.3913,-0.0589,0.3282,62.3585,52.244,26.3543,1.0353
26.433,793,,0.5439,0.8538,0.0655,1.4907,0.7882,0.5288,0.7989,0.7304,0.3574,0.4081,0.0807,0.6012,0.3808,0.4415,0.373,-0.0507,0.3274,62.3645,52.8873,27.5107,1.0352
26.467,794,,0.544,0.8434,0.0619,1.4656,0.7815,0.5333,0.7888,0.7261,0.3619,0.4062,0.0803,0.5966,0.3232,0.4269,0.3641,-0.0443,0.326,61.5559,53.8315,27.4218,1.046
26.5,795,,0.5398,0.8323,0.0664,1.4324,0.7659,0.5347,0.7768,0.7162,0.3633,0.4002,0.0802,0.58,0.3729,0.4135,0.3529,-0.0369,0.32,62.4103,54.5881,28.5985,1.0505
26.533,796,,0.5393,0.8263,0.0728,1.4074,0.7535,0.5354,0.77,0.7124,0.3662,0.3849,0.08,0.571,0.3714,0.4037,0.3462,-0.0187,0.3049,65.5177,59.5729,28.2567,1.069
26.567,797,,0.5329,0.8178,0.0779,1.3801,0.7399,0.5361,0.7635,0.7085,0.3573,0.3646,0.08,0.5647,0.3771,0.4061,0.3512,-0.0073,0.2845,67.8413,64.1217,27.7499,1.1
26.6,798,,0.5305,0.8152,0.0737,1.3797,0.7415,0.5375,0.7618,0.7108,0.3501,0.3557,0.08,0.576,0.3355,0.4117,0.3607,-0.0055,0.2757,68.347,64.4137,28.5642,1.1707
26.633,799,,0.5296,0.8119,0.0713,1.3749,0.7406,0.5387,0.7598,0.7122,0.347,0.3566,0.08,0.5933,0.4293,0.4128,0.3651,-0.0095,0.2766,66.0112,61.9476,30.3848,1.2082
26.667,800,,0.5355,0.8168,0.0767,1.3796,0.7401,0.5364,0.7641,0.7223,0.3487,0.3679,0.08,0.6047,0.4559,0.4154,0.3736,-0.0192,0.2879,64.7188,58.6753,31.6287,1.2185
26.7,801,,0.5277,0.817,0.078,1.3802,0.739,0.5354,0.7648,0.7196,0.3358,0.3947,0.08,0.5975,0.4564,0.429,0.3838,-0.0588,0.3147,57.797,50.8186,31.8978,1.2075
26.733,802,,0.5218,0.8202,0.0736,1.3945,0.7466,0.5354,0.7686,0.7162,0.3274,0.4029,0.08,0.5785,0.4587,0.4412,0.3889,-0.0755,0.3229,52.0565,49.3902,31.9578,1.1981
26.767,803,,0.5137,0.8234,0.0716,1.4067,0.7517,0.5344,0.7716,0.7118,0.3157,0.4125,0.08,0.5609,0.4689,0.4559,0.3961,-0.0968,0.3325,47.0951,46.9387,31.3765,1.0575
26.8,804,,0.5066,0.826,0.0713,1.4159,0.7547,0.533,0.7746,0.7063,0.3068,0.4129,0.08,0.5567,0.4966,0.4678,0.3995,-0.1061,0.3329,44.2395,46.2868,31.0408,0.9421
26.833,805,,0.5057,0.8319,0.0736,1.4299,0.7583,0.5303,0.781,0.7063,0.3051,0.4137,0.0801,0.5566,0.5235,0.4759,0.4013,-0.1086,0.3336,41.8353,46.1705,31.0433,0.9093
26.867,806,,0.5076,0.8359,0.0775,1.4368,0.7585,0.5279,0.7888,0.7098,0.3055,0.4074,0.0801,0.5643,0.5554,0.4833,0.4043,-0.1018,0.3273,40.9008,46.5355,31.7089,0.8733
26.9,807,,0.5153,0.8416,0.0793,1.4512,0.7623,0.5253,0.7977,0.7218,0.3088,0.4085,0.0801,0.5731,0.5897,0.4889,0.413,-0.0997,0.3284,40.7404,46.795,31.8128,0.8627
26.933,808,,0.5216,0.8457,0.0754,1.4686,0.7703,0.5245,0.8045,0.7348,0.3085,0.4157,0.08,0.5831,0.6229,0.496,0.4263,-0.1072,0.3356,39.8936,45.9275,31.8838,0.8395
26.967,809,,0.5234,0.8472,0.0701,1.4812,0.7771,0.5247,0.81,0.7421,0.3046,0.4239,0.08,0.5964,0.6615,0.5054,0.4374,-0.1192,0.3439,39.1586,44.315,31.9122,0.8162
27.0,810,,0.5294,0.8523,0.0667,1.5013,0.7856,0.5233,0.8172,0.7527,0.306,0.4284,0.08,0.612,0.6897,0.5112,0.4466,-0.1224,0.3485,38.7118,44.1216,31.7162,0.822
27.033,811,,0.5334,0.8571,0.0638,1.5209,0.7933,0.5216,0.823,0.7607,0.3061,0.4318,0.0799,0.6338,0.7167,0.5168,0.4545,-0.1257,0.3519,38.4093,43.9984,31.5359,0.8211
27.067,812,,0.5351,0.8618,0.0624,1.5382,0.7994,0.5197,0.828,0.7648,0.3054,0.4374,0.0799,0.6551,0.7371,0.5226,0.4594,-0.132,0.3575,38.8713,43.0174,31.6241,0.8205
27.1,813,,0.5382,0.8697,0.0614,1.5644,0.8083,0.5167,0.8357,0.7712,0.3053,0.438,0.0799,0.6787,0.7623,0.5304,0.466,-0.1328,0.3582,38.7479,43.2917,31.2988,0.8242
27.133,814,,0.5448,0.8763,0.0615,1.5846,0.8148,0.5142,0.8448,0.7795,0.3101,0.4345,0.0799,0.6942,0.7774,0.5347,0.4694,-0.1244,0.3546,39.9968,44.1476,31.4446,0.8275
27.167,815,,0.5511,0.8825,0.0608,1.6035,0.8217,0.5124,0.8535,0.7851,0.317,0.4413,0.08,0.7005,0.7843,0.5365,0.4681,-0.1243,0.3612,42.6083,42.2422,32.5069,0.8382
27.2,816,,0.5547,0.8871,0.0607,1.6222,0.8264,0.5094,0.8588,0.7897,0.3198,0.4312,0.0799,0.7039,0.7861,0.539,0.4699,-0.1114,0.3512,40.8984,45.7773,32.3288,0.8385
27.233,817,,0.5612,0.8936,0.0634,1.6404,0.8302,0.5061,0.8663,0.7946,0.3278,0.4286,0.0799,0.7133,0.7946,0.5385,0.4668,-0.1008,0.3487,40.909,47.859,32.6206,0.8474
27.267,818,,0.5679,0.9006,0.0661,1.6581,0.8345,0.5033,0.874,0.8029,0.3328,0.4247,0.08,0.7204,0.8012,0.5412,0.4701,-0.0918,0.3447,40.6438,49.8213,32.7948,0.8617
27.3,819,,0.5769,0.9065,0.0684,1.6716,0.8381,0.5013,0.8836,0.811,0.3429,0.4218,0.08,0.7303,0.8101,0.5407,0.4681,-0.0789,0.3418,41.6488,51.3377,33.5598,0.8754
27.333,820,,0.585,0.912,0.0697,1.6859,0.8423,0.4996,0.8922,0.8191,0.3508,0.4191,0.0801,0.7399,0.8192,0.5414,0.4683,-0.0682,0.339,41.9825,51.8392,35.0836,0.8939
27.367,821,,0.5945,0.9209,0.0679,1.714,0.853,0.4977,0.9016,0.8285,0.3605,0.415,0.0801,0.7412,0.8144,0.541,0.468,-0.0545,0.3349,40.9348,53.7254,35.7368,0.9003
27.4,822,,0.605,0.9338,0.0678,1.7509,0.866,0.4946,0.9108,0.8392,0.3709,0.4243,0.0802,0.6991,0.8062,0.5399,0.4683,-0.0534,0.344,40.446,53.992,36.1274,0.9065
27.433,823,,0.6138,0.947,0.0681,1.7905,0.8789,0.4909,0.9189,0.8482,0.3794,0.4343,0.0803,0.7021,0.801,0.5395,0.4688,-0.0548,0.354,39.9374,54.1895,36.1157,0.9192
27.467,824,,0.6293,0.9648,0.0687,1.8397,0.8961,0.4871,0.9314,0.8619,0.3968,0.4346,0.0803,0.7092,0.7973,0.5347,0.4651,-0.0378,0.3543,42.4766,55.7564,36.5432,0.9386
27.5,825,,0.6471,0.9805,0.0667,1.8891,0.9138,0.4837,0.943,0.8773,0.4169,0.4405,0.0803,0.7124,0.788,0.5261,0.4604,-0.0236,0.3602,44.7237,56.8877,37.1156,0.9614
27.533,826,,0.6661,0.9885,0.0627,1.9199,0.9257,0.4822,0.9477,0.8906,0.4416,0.4486,0.0802,0.7114,0.7824,0.5061,0.449,-0.007,0.3685,47.281,57.847,38.0918,0.9795
27.567,827,,0.6818,0.994,0.0596,1.9432,0.9344,0.4809,0.9524,0.9022,0.4615,0.4529,0.0801,0.7086,0.7757,0.4909,0.4407,0.0086,0.3729,49.1278,58.4839,39.2956,0.9927
27.6,828,,0.693,0.9938,0.0543,1.9552,0.9396,0.4806,0.9527,0.9118,0.4742,0.4528,0.0799,0.7402,0.7584,0.4785,0.4377,0.0214,0.3728,50.0315,58.4796,40.8446,0.9958
27.633,829,,0.7002,0.9872,0.0447,1.956,0.9425,0.4818,0.9454,0.9136,0.4868,0.4512,0.0798,0.7248,0.7462,0.4586,0.4268,0.0356,0.3714,51.2878,57.5406,43.4126,0.9862
27.667,830,,0.7065,0.9826,0.0365,1.958,0.9461,0.4832,0.942,0.913,0.5001,0.4476,0.0796,0.7095,0.7341,0.442,0.4129,0.0525,0.368,53.4664,57.1732,45.7635,0.9795
27.7,831,,0.7133,0.9771,0.032,1.9461,0.9451,0.4856,0.9369,0.9123,0.5143,0.4463,0.0796,0.6999,0.7239,0.4227,0.398,0.068,0.3667,55.6759,57.6652,47.1363,0.9759
27.733,832,,0.7234,0.976,0.0323,1.9367,0.9437,0.4873,0.9372,0.9156,0.5311,0.4454,0.0798,0.6971,0.7201,0.406,0.3845,0.0857,0.3656,59.7645,58.7772,48.4426,0.9726
27.767,833,,0.7328,0.9703,0.032,1.9134,0.9384,0.4904,0.9333,0.9162,0.5495,0.4442,0.0801,0.6956,0.7179,0.3838,0.3667,0.1053,0.3641,65.867,60.1757,50.132,0.9717
27.8,834,,0.7423,0.9578,0.0324,1.8692,0.9254,0.4951,0.9578,0.9157,0.5689,0.4411,0.0805,0.7093,0.7253,0.3889,0.3468,0.1278,0.3606,72.1362,61.698,52.4493,0.9711
27.833,835,,0.7459,0.95,0.0356,1.8341,0.9144,0.4986,0.9413,0.9093,0.5826,0.4375,0.081,0.7195,0.7329,0.3587,0.3267,0.145,0.3565,77.5986,63.1305,54.531,0.9678
27.867,836,,0.7476,0.9539,0.0419,1.8319,0.912,0.4978,0.9222,0.9002,0.5949,0.4381,0.0815,0.739,0.753,0.3273,0.3053,0.1568,0.3566,83.1274,63.6368,57.2553,0.9646
27.9,837,,0.7553,0.9671,0.0535,1.8492,0.9135,0.494,0.9361,0.9034,0.6073,0.4404,0.0822,0.7698,0.8076,0.3288,0.2961,0.1669,0.3582,87.7626,64.7072,59.3093,0.9667
27.933,838,,0.7667,0.9818,0.0667,1.8682,0.9151,0.4898,0.9426,0.9095,0.6239,0.4459,0.083,0.8046,0.8643,0.3187,0.2855,0.178,0.3629,91.0417,65.3724,61.5845,0.9689
27.967,839,,0.7759,0.9857,0.079,1.8844,0.9066,0.4811,0.9292,0.9091,0.6427,0.4523,0.0837,0.7906,0.8385,0.2866,0.2664,0.1904,0.3686,94.4496,66.4333,63.4408,0.962
28.0,840,,0.79,0.9972,0.0808,1.93,0.9164,0.4748,0.9511,0.9182,0.6618,0.4563,0.0841,0.8114,0.8662,0.2893,0.2564,0.2055,0.3722,97.8059,67.9011,64.7562,0.9712
28.033,841,,0.8036,1.0076,0.0715,1.9705,0.9361,0.4751,0.9658,0.9289,0.6782,0.4638,0.0843,0.8158,0.871,0.2876,0.2507,0.2144,0.3795,100.1905,68.9114,65.3417,0.9764
28.067,842,,0.8184,1.0229,0.0643,2.0255,0.9586,0.4733,0.981,0.9438,0.693,0.4694,0.0845,0.8172,0.8641,0.288,0.2508,0.2236,0.3849,102.4539,70.4092,65.3622,0.9965
28.1,843,,0.8391,1.045,0.0583,2.1026,0.9867,0.4693,1.0055,0.9634,0.7147,0.473,0.0846,0.8186,0.8534,0.2908,0.2487,0.2417,0.3884,105.6821,73.1115,65.1312,1.0291
28.133,844,,0.8703,1.0791,0.0531,2.2251,1.0259,0.4611,1.0349,0.9937,0.7469,0.4763,0.0845,0.829,0.8505,0.288,0.2468,0.2706,0.3918,109.5114,76.0384,65.3525,1.0732
28.167,845,,0.903,1.1196,0.0461,2.3788,1.0734,0.4512,1.0585,1.0276,0.7784,0.4821,0.0843,0.8634,0.864,0.2802,0.2492,0.2963,0.3978,113.383,78.5316,65.6472,1.1299
28.2,846,,0.9259,1.1506,0.043,2.5003,1.1076,0.443,1.0711,1.0536,0.7981,0.4836,0.0842,0.8903,0.8719,0.273,0.2555,0.3145,0.3994,116.8641,81.7333,64.824,1.1412
28.233,847,,0.9415,1.1633,0.0455,2.5509,1.1178,0.4382,1.0758,1.0692,0.8138,0.4827,0.0842,0.8911,0.8679,0.262,0.2554,0.3311,0.3985,121.006,84.5663,64.6407,1.1546
28.267,848,,0.9598,1.1692,0.0495,2.5741,1.1197,0.435,1.0876,1.0858,0.8337,0.4825,0.0843,0.8886,0.8553,0.2539,0.2521,0.3512,0.3981,125.9334,87.4747,64.8463,1.2005
28.3,849,,0.9826,1.1869,0.0557,2.6454,1.1312,0.4276,1.1108,1.114,0.8511,0.4871,0.0845,0.8874,0.8461,0.2597,0.2629,0.364,0.4026,130.0889,91.5519,63.1212,1.212
28.333,850,,1.0019,1.2052,0.0711,2.7185,1.1341,0.4172,1.1502,1.1392,0.8645,0.4933,0.0847,0.8835,0.831,0.2857,0.2747,0.3712,0.4085,134.7289,96.229,60.7688,1.2553
28.367,851,,1.0137,1.2213,0.0743,2.785,1.147,0.4119,1.1822,1.1603,0.8672,0.4932,0.0848,0.8819,0.803,0.3149,0.293,0.374,0.4084,138.8038,100.8757,58.0082,1.3746
28.4,852,,1.0362,1.2509,0.0499,2.9763,1.201,0.4035,1.1772,1.1891,0.8834,0.4907,0.0844,0.9019,0.7801,0.2938,0.3057,0.3927,0.4063,143.6474,105.8246,55.9879,1.5233
28.433,853,,1.048,1.272,0.0258,3.1398,1.2461,0.3969,1.231,1.2115,0.8844,0.4966,0.0836,0.9124,0.7592,0.3466,0.3271,0.3878,0.4129,146.5951,109.5307,53.4347,1.6001
28.467,854,,1.0598,1.2968,0.0072,3.3138,1.2895,0.3891,1.257,1.2321,0.8876,0.5085,0.0828,0.9363,0.7557,0.3694,0.3445,0.3791,0.4257,149.1026,112.4207,51.3916,1.6588
28.5,855,,1.071,1.3294,-0.0138,3.5439,1.3433,0.379,1.3089,1.2548,0.8872,0.5064,0.0813,0.9604,0.7595,0.4217,0.3676,0.3808,0.4251,150.806,115.9058,49.0465,1.7282
28.533,856,,1.0777,1.3533,-0.0333,3.731,1.3866,0.3716,1.3271,1.2703,0.8852,0.5055,0.0798,0.9824,0.7754,0.4419,0.385,0.3797,0.4258,151.7705,118.3893,47.335,1.7745
28.567,857,,1.0818,1.3596,-0.045,3.803,1.4046,0.3693,1.3426,1.2785,0.8852,0.5064,0.0787,1.0021,0.7874,0.4574,0.3933,0.3788,0.4277,152.1162,119.9994,46.4075,1.764
28.6,858,,1.0911,1.3778,-0.0584,3.9536,1.4363,0.3633,1.3655,1.295,0.8872,0.5015,0.0773,1.0203,0.7901,0.4783,0.4078,0.3857,0.4242,153.0904,122.6704,45.0377,1.7816
28.633,859,,1.0962,1.3875,-0.0759,4.0674,1.4633,0.3598,1.3774,1.3035,0.889,0.4973,0.0754,1.0269,0.7681,0.4885,0.4146,0.3916,0.422,153.2882,124.0411,44.4282,1.785
28.667,860,,1.0974,1.3941,-0.0905,4.1576,1.4846,0.3571,1.39,1.3101,0.8847,0.4936,0.0737,1.0356,0.765,0.5053,0.4254,0.3911,0.4199,153.1072,125.648,43.4008,1.7788
28.7,861,,1.0973,1.3992,-0.1088,4.2471,1.508,0.3551,1.3938,1.3115,0.883,0.4894,0.0717,1.042,0.7662,0.5108,0.4285,0.3936,0.4177,153.5287,127.086,42.9045,1.7583
28.733,862,,1.1049,1.4077,-0.1158,4.3298,1.5235,0.3519,1.3845,1.3188,0.891,0.4885,0.0711,1.0548,0.7703,0.4935,0.4278,0.4025,0.4174,154.9488,128.5552,42.5974,1.7042
28.767,863,,1.1126,1.4165,-0.1177,4.4019,1.5342,0.3485,1.3889,1.3275,0.8977,0.4883,0.0713,1.0635,0.7756,0.4912,0.4298,0.4094,0.417,156.1524,129.5326,42.1782,1.705
28.8,864,,1.1271,1.4306,-0.1117,4.4889,1.5423,0.3436,1.3982,1.3425,0.9117,0.4892,0.0724,1.0831,0.7904,0.4864,0.4307,0.4225,0.4168,156.9494,129.97,41.7467,1.7178
28.833,865,,1.1365,1.4404,-0.1068,4.5504,1.5471,0.34,1.4043,1.3514,0.9215,0.4911,0.0733,1.093,0.8026,0.4828,0.4299,0.4305,0.4177,158.0776,130.5187,40.9837,1.7411
28.867,866,,1.1444,1.4494,-0.1023,4.6121,1.5517,0.3364,1.4062,1.3588,0.9301,0.4953,0.0742,1.1008,0.8091,0.4761,0.4287,0.4348,0.4212,158.656,130.7768,40.1397,1.7665
28.9,867,,1.1488,1.4512,-0.0996,4.6255,1.5507,0.3353,1.4069,1.3655,0.9321,0.4927,0.0747,1.1072,0.8166,0.4748,0.4334,0.4394,0.418,158.6289,130.832,39.0934,1.7854
28.933,868,,1.153,1.454,-0.0981,4.6505,1.5521,0.3337,1.4042,1.3709,0.9352,0.4898,0.0747,1.1114,0.8316,0.469,0.4357,0.4454,0.4151,158.6515,130.2001,38.7397,1.8133
28.967,869,,1.1595,1.45,-0.0949,4.6281,1.5449,0.3338,1.3988,1.3697,0.9492,0.4902,0.0747,1.1104,0.83,0.4495,0.4204,0.459,0.4155,158.6663,127.7257,40.157,1.8796
29.0,870,,1.1622,1.4501,-0.0914,4.634,1.5415,0.3327,1.3938,1.3701,0.9543,0.4891,0.0746,1.1084,0.8307,0.4394,0.4158,0.4653,0.4145,159.0089,125.3099,41.2856,1.9276
29.033,871,,1.1608,1.4452,-0.0858,4.6019,1.531,0.3327,1.3883,1.3655,0.9561,0.4906,0.0746,1.0973,0.8258,0.4323,0.4094,0.4655,0.416,157.4103,121.9961,42.6333,1.8915
29.067,872,,1.16,1.4388,-0.0732,4.5503,1.512,0.3323,1.3811,1.3589,0.9611,0.4921,0.0752,1.0984,0.8226,0.42,0.3978,0.469,0.4169,156.5824,119.6721,44.0592,1.8606
29.1,873,,1.1563,1.4291,-0.062,4.4881,1.4911,0.3322,1.3702,1.3482,0.9644,0.5066,0.0753,1.0888,0.811,0.4058,0.3838,0.4578,0.4312,153.2514,116.2805,45.5933,1.8242
29.133,874,,1.1524,1.4189,-0.0463,4.4223,1.4652,0.3313,1.355,1.337,0.9677,0.5257,0.0758,1.0804,0.8067,0.3873,0.3694,0.442,0.4499,147.8404,111.4874,47.6004,1.7771
29.167,875,,1.148,1.4071,-0.0287,4.3385,1.4357,0.3309,1.3358,1.3258,0.9702,0.5399,0.0764,1.0685,0.7971,0.3656,0.3556,0.4302,0.4636,143.3208,107.5394,49.5716,1.7405
29.2,876,,1.1363,1.3802,-0.0249,4.1881,1.4051,0.3355,1.3089,1.3052,0.9674,0.5385,0.0762,1.0446,0.7749,0.3415,0.3378,0.4289,0.4623,140.9364,104.8652,51.6577,1.7595
29.233,877,,1.1181,1.3569,-0.0245,4.0756,1.3814,0.3389,1.2764,1.2841,0.9522,0.5279,0.0759,1.0249,0.7508,0.3242,0.3319,0.4243,0.452,138.5486,103.0376,52.7178,1.6891
29.267,878,,1.1025,1.3357,-0.0229,3.9574,1.3586,0.3433,1.2507,1.2661,0.9389,0.5148,0.076,1.0094,0.7316,0.3118,0.3272,0.4241,0.4388,137.5899,102.5389,53.5226,1.6637
29.3,879,,1.0948,1.3235,-0.0156,3.8659,1.339,0.3464,1.2347,1.2545,0.9351,0.5075,0.0765,1.0061,0.7287,0.2996,0.3194,0.4276,0.431,136.1925,101.7856,54.7194,1.6278
29.333,880,,1.0854,1.3047,-0.0109,3.7466,1.3155,0.3511,1.213,1.2373,0.9336,0.5011,0.0769,1.0006,0.7233,0.2794,0.3037,0.4325,0.4242,136.7873,100.2749,56.7459,1.6003
29.367,881,,1.0751,1.2785,-0.0071,3.5868,1.2856,0.3584,1.1885,1.2164,0.9337,0.4977,0.0772,0.9859,0.7062,0.2548,0.2826,0.4361,0.4205,137.2897,98.0517,59.3381,1.5614
29.4,882,,1.0615,1.2446,-0.0021,3.3961,1.2467,0.3671,1.1624,1.189,0.9339,0.5043,0.0775,0.9645,0.6785,0.2285,0.2552,0.4296,0.4268,135.3119,92.8253,62.7247,1.4818
29.433,883,,1.0493,1.2152,0.0024,3.2352,1.2128,0.3749,1.1351,1.1651,0.9334,0.5145,0.0777,0.9402,0.6564,0.2017,0.2317,0.4189,0.4367,131.3773,87.0927,65.7069,1.4146
29.467,884,,1.0344,1.1836,0.0066,3.0728,1.1771,0.3831,1.1062,1.1371,0.9316,0.5223,0.078,0.9145,0.6319,0.1746,0.2054,0.4093,0.4444,128.6774,81.8266,68.6346,1.3617
29.5,885,,1.0173,1.1533,0.0089,2.9242,1.1444,0.3914,1.0793,1.1095,0.9252,0.5252,0.0781,0.8868,0.5954,0.1542,0.1844,0.4,0.4471,126.379,77.9209,70.7446,1.3217
29.533,886,,0.9978,1.112,0.0063,2.7342,1.1056,0.4044,1.0591,1.0819,0.9137,0.5252,0.0779,0.8513,0.5716,0.1454,0.1683,0.3885,0.4473,123.7406,74.4636,72.4613,1.2723
29.567,887,,0.9731,1.0845,0.0047,2.6256,1.0797,0.4112,1.0378,1.0506,0.8955,0.5232,0.0778,0.8141,0.5442,0.1423,0.1551,0.3723,0.4454,121.1738,71.5191,73.6834,1.2304
29.6,888,,0.9514,1.0626,0.0057,2.5349,1.057,0.417,1.0163,1.026,0.8768,0.5203,0.0779,0.7904,0.518,0.1394,0.1492,0.3565,0.4424,118.1902,69.1639,73.9461,1.223
29.633,889,,0.9273,1.0445,0.0014,2.4591,1.0431,0.4242,0.9948,1.0065,0.848,0.5118,0.0778,0.7729,0.4176,0.1468,0.1585,0.3362,0.434,115.4021,68.5891,72.1625,1.2599
29.667,890,,0.9003,1.035,-0.0017,2.4255,1.0366,0.4274,0.9779,0.9891,0.8115,0.5019,0.0777,0.6976,0.3877,0.1663,0.1776,0.3096,0.4242,111.36,68.5151,68.7885,1.2778
29.7,891,,0.8788,1.0231,-0.0032,2.381,1.0263,0.431,0.9577,0.9755,0.7822,0.4899,0.0778,0.7492,0.474,0.1756,0.1934,0.2923,0.4121,107.313,68.502,65.806,1.2936
29.733,892,,0.852,1.0009,-0.0029,2.2944,1.0039,0.4375,0.9465,0.9561,0.7479,0.4805,0.0779,0.739,0.4617,0.1986,0.2081,0.2675,0.4025,102.3238,67.6385,62.7834,1.2873
29.767,893,,0.832,0.9903,-0.0026,2.2513,0.993,0.4411,0.9357,0.9442,0.7197,0.4669,0.0781,0.7321,0.4607,0.216,0.2245,0.2528,0.3889,99.1756,69.8109,58.86,1.3063
29.8,894,,0.8114,0.9824,-0.0087,2.235,0.9911,0.4434,0.9335,0.9264,0.6963,0.4575,0.0778,0.7274,0.4633,0.2372,0.2301,0.2388,0.3797,97.1769,70.7625,56.1224,1.3264
29.833,895,,0.7904,0.9794,-0.0137,2.2272,0.9931,0.4459,0.9339,0.9133,0.6675,0.4506,0.0777,0.731,0.4681,0.2664,0.2458,0.2168,0.373,94.6438,72.8992,51.457,1.3607
29.867,896,,0.7692,0.9778,-0.0138,2.2176,0.9916,0.4472,0.9337,0.9028,0.6357,0.4399,0.0778,0.7284,0.4734,0.298,0.267,0.1959,0.3621,91.6479,75.2355,46.4573,1.3661
29.9,897,,0.7524,0.9744,-0.0192,2.2137,0.9936,0.4488,0.9306,0.8929,0.6118,0.429,0.0775,0.7205,0.4758,0.3187,0.2811,0.1828,0.3516,89.855,80.0557,40.1495,1.4778
29.933,898,,0.739,0.973,-0.0208,2.2062,0.9938,0.4505,0.9302,0.8859,0.5921,0.4243,0.0774,0.7193,0.4764,0.3381,0.2937,0.1679,0.3468,87.9584,82.9944,35.143,1.4424
29.967,899,,0.7272,0.9724,-0.0208,2.2008,0.9932,0.4513,0.9305,0.8816,0.5728,0.4234,0.0774,0.7215,0.4911,0.3577,0.3087,0.1494,0.3459,85.5817,86.1686,29.3603,1.4611
30.0,900,sitting,0.7145,0.9706,-0.0213,2.1944,0.9919,0.452,0.9306,0.8716,0.5574,0.4207,0.0774,0.7026,0.4711,0.3731,0.3142,0.1367,0.3433,83.7189,88.4781,24.9442,1.4548
30.033,901,sitting,0.7058,0.9703,-0.0209,2.1922,0.9912,0.4521,0.9324,0.863,0.5486,0.4209,0.0775,0.6763,0.4374,0.3838,0.3143,0.1277,0.3435,82.6024,90.1814,21.5736,1.405
30.067,902,sitting,0.7034,0.9708,-0.021,2.1941,0.9918,0.452,0.9377,0.8609,0.5459,0.4211,0.0774,0.6643,0.4134,0.3917,0.3149,0.1249,0.3436,82.085,92.0282,19.0632,1.3667
30.1,903,sitting,0.7029,0.9741,-0.0212,2.205,0.9954,0.4514,0.9456,0.8633,0.5424,0.4231,0.0773,0.6563,0.3974,0.4032,0.3209,0.1193,0.3458,81.4091,93.6984,16.2927,1.3463
30.133,904,sitting,0.7026,0.9804,-0.0203,2.2273,1.0007,0.4493,0.9578,0.8633,0.5419,0.4241,0.0774,0.6495,0.3925,0.4158,0.3214,0.1179,0.3467,81.4092,95.9648,13.5554,1.3327
30.167,905,sitting,0.7061,0.9905,-0.0205,2.2654,1.011,0.4463,0.9739,0.8681,0.544,0.4255,0.0774,0.6538,0.3984,0.4299,0.3241,0.1185,0.3481,81.5207,97.8337,11.4565,1.3418
30.2,906,sitting,0.7116,1.0057,-0.0183,2.3194,1.024,0.4415,0.9921,0.8755,0.5477,0.4305,0.0775,0.6588,0.4046,0.4444,0.3278,0.1172,0.353,81.4582,100.984,7.9906,1.3568
30.233,907,sitting,0.7189,1.0249,-0.0165,2.3978,1.0414,0.4343,1.0126,0.8862,0.5516,0.4351,0.0776,0.6625,0.4107,0.461,0.3346,0.1165,0.3575,82.1053,104.7735,4.233,1.3845
30.267,908,sitting,0.7295,1.0442,-0.0147,2.4699,1.0589,0.4287,1.0311,0.9026,0.5563,0.4412,0.0777,0.6731,0.4259,0.4748,0.3463,0.1151,0.3635,82.9656,108.3815,0.6868,1.4105
30.3,909,sitting,0.7353,1.0501,-0.0159,2.4937,1.0659,0.4275,1.0375,0.9128,0.5579,0.4467,0.0776,0.6825,0.447,0.4796,0.3549,0.1112,0.3691,83.0682,110.4088,1.9166,1.4215
30.333,910,sitting,0.7412,1.072,-0.0137,2.5848,1.0858,0.4201,1.0566,0.9225,0.5599,0.4519,0.0777,0.6873,0.4656,0.4967,0.3626,0.108,0.3742,82.8831,112.7207,4.6885,1.4504
30.367,911,sitting,0.7442,1.0786,-0.0147,2.618,1.0933,0.4176,1.0618,0.9267,0.5617,0.452,0.0776,0.6942,0.481,0.5001,0.365,0.1098,0.3744,83.0431,114.1684,6.1193,1.4611
30.4,912,sitting,0.7452,1.07,-0.0126,2.5767,1.0826,0.4202,1.0599,0.9287,0.5617,0.4545,0.0776,0.6915,0.4809,0.4982,0.367,0.1072,0.3769,82.8279,116.0896,8.4852,1.4425
30.433,913,sitting,0.7471,1.0851,-0.0094,2.6352,1.0946,0.4154,1.0684,0.9297,0.5644,0.4596,0.0778,0.6897,0.48,0.504,0.3653,0.1048,0.3818,83.219,117.6532,10.4118,1.4534
30.467,914,sitting,0.7479,1.088,-0.0057,2.64,1.0936,0.4143,1.0702,0.9299,0.566,0.4645,0.0779,0.6876,0.484,0.5042,0.3638,0.1015,0.3866,83.4109,118.3178,11.6379,1.4462
30.5,915,sitting,0.7483,1.0916,-0.0026,2.6502,1.0942,0.4129,1.0722,0.9285,0.5681,0.4682,0.0781,0.6837,0.4864,0.5041,0.3604,0.0999,0.3901,84.193,118.793,12.4528,1.441
30.533,916,sitting,0.7494,1.0921,-0.0041,2.6556,1.0963,0.4128,1.0715,0.9263,0.5725,0.469,0.0779,0.6816,0.4869,0.499,0.3538,0.1035,0.3911,86.0182,119.6511,12.9704,1.4395
30.567,917,sitting,0.7519,1.0929,-0.0058,2.6612,1.0988,0.4129,1.0715,0.9255,0.5783,0.4739,0.0776,0.6815,0.4905,0.4932,0.3471,0.1044,0.3963,88.9607,120.4443,13.7113,1.4405
30.6,918,sitting,0.7594,1.0999,0.0007,2.6739,1.0992,0.4111,1.0782,0.9307,0.5881,0.4833,0.0778,0.6876,0.5044,0.4901,0.3425,0.1048,0.4055,92.2463,120.7358,14.1053,1.449
30.633,919,sitting,0.7676,1.1081,0.0053,2.6946,1.1028,0.4093,1.0857,0.9375,0.5976,0.49,0.0779,0.6947,0.517,0.488,0.3398,0.1076,0.4121,95.736,121.1595,14.3477,1.4621
30.667,920,sitting,0.7765,1.1186,0.0065,2.7296,1.1121,0.4074,1.0956,0.9451,0.6078,0.4967,0.0779,0.7032,0.5293,0.4878,0.3373,0.1111,0.4188,99.4816,121.5958,14.4888,1.4819
30.7,921,sitting,0.7869,1.1292,0.0058,2.769,1.1234,0.4057,1.1059,0.9552,0.6185,0.503,0.078,0.7115,0.5395,0.4874,0.3367,0.1155,0.4251,103.4184,122.0912,14.6151,1.5062
30.733,922,sitting,0.7969,1.1417,0.0035,2.8215,1.1382,0.4034,1.1184,0.9655,0.6283,0.5103,0.0782,0.7197,0.5484,0.4901,0.3372,0.1179,0.4322,106.9515,122.6867,15.0064,1.5352
30.767,923,sitting,0.808,1.1579,-0.0006,2.8914,1.1585,0.4007,1.1342,0.9769,0.6391,0.5179,0.0784,0.7293,0.5573,0.4951,0.3377,0.1212,0.4396,109.8665,123.3623,15.3426,1.571
30.8,924,sitting,0.8227,1.173,0.0036,2.9376,1.1694,0.3981,1.1492,0.9921,0.6534,0.5261,0.0786,0.7448,0.5744,0.4958,0.3386,0.1273,0.4475,114.2734,124.4509,15.7321,1.5747
30.833,925,sitting,0.8295,1.1803,0.0009,2.9699,1.1794,0.3971,1.1562,0.9999,0.6591,0.5264,0.0788,0.7529,0.5763,0.4971,0.3407,0.1328,0.4476,116.8799,125.5401,16.2976,1.5281
30.867,926,sitting,0.8316,1.185,-0.0027,3.0006,1.1877,0.3958,1.1604,1.0038,0.6593,0.52,0.0793,0.7569,0.5738,0.501,0.3445,0.1393,0.4407,118.5103,126.9625,17.0943,1.4747
30.9,927,sitting,0.8355,1.1925,-0.006,3.0416,1.1985,0.394,1.1671,1.009,0.6619,0.5141,0.08,0.7627,0.569,0.5052,0.3471,0.1478,0.4341,120.7284,128.7708,17.9772,1.4267
30.933,928,sitting,0.8388,1.1965,-0.0102,3.0683,1.2068,0.3933,1.1709,1.0134,0.6641,0.5094,0.081,0.7683,0.57,0.5068,0.3493,0.1548,0.4284,122.2327,129.9448,18.5575,1.3793
30.967,929,sitting,0.8411,1.1985,-0.0154,3.0872,1.2139,0.3932,1.1734,1.017,0.6652,0.497,0.0823,0.7739,0.5703,0.5082,0.3518,0.1682,0.4147,123.5954,131.8886,19.3544,1.3383
31.0,930,sitting,0.8438,1.2009,-0.0227,3.1036,1.2235,0.3942,1.1762,1.0205,0.6671,0.4912,0.0827,0.7801,0.5741,0.5091,0.3534,0.1759,0.4086,124.8392,133.5141,20.2318,1.3203
31.033,931,sitting,0.8466,1.2022,-0.0317,3.1103,1.2339,0.3967,1.1778,1.0232,0.67,0.4915,0.0819,0.785,0.5782,0.5078,0.3532,0.1785,0.4096,125.4274,135.0982,21.1364,1.3323
31.067,932,sitting,0.8471,1.203,-0.0416,3.1149,1.2445,0.3995,1.1785,1.0241,0.6701,0.4902,0.0809,0.7902,0.5854,0.5085,0.354,0.1799,0.4093,125.6749,136.6625,22.2303,1.3463
31.1,933,sitting,0.8452,1.2022,-0.0466,3.1133,1.2488,0.4011,1.1775,1.0231,0.6673,0.4872,0.0806,0.7928,0.5898,0.5102,0.3558,0.1801,0.4066,126.0428,137.6427,22.9967,1.3445
31.133,934,sitting,0.8388,1.1989,-0.0468,3.1037,1.2457,0.4014,1.1737,1.0187,0.6589,0.4789,0.0811,0.7923,0.5936,0.5148,0.3598,0.18,0.3978,126.3424,138.0934,23.5806,1.3207
31.167,935,sitting,0.8325,1.1939,-0.0499,3.0924,1.2438,0.4022,1.1683,1.0137,0.6514,0.4712,0.0814,0.7904,0.5932,0.5169,0.3623,0.1802,0.3898,126.18,138.3028,23.7808,1.3029
31.2,936,sitting,0.8263,1.1885,-0.0544,3.0791,1.2428,0.4036,1.163,1.0085,0.6441,0.4652,0.0813,0.7858,0.5902,0.519,0.3645,0.1789,0.3839,125.6734,138.011,23.6174,1.2948
31.233,937,sitting,0.8251,1.1847,-0.0581,3.0669,1.2428,0.4052,1.1598,1.0071,0.643,0.4624,0.081,0.7854,0.592,0.5168,0.364,0.1806,0.3814,125.4269,137.9275,23.3694,1.2936
31.267,938,sitting,0.8243,1.1818,-0.0612,3.0578,1.243,0.4065,1.1577,1.0062,0.6423,0.4616,0.0807,0.7854,0.5919,0.5154,0.364,0.1807,0.3809,125.2831,137.3042,22.7553,1.2932
31.3,939,sitting,0.8242,1.1797,-0.0628,3.0467,1.2424,0.4078,1.1565,1.0064,0.642,0.4621,0.0803,0.7871,0.5923,0.5145,0.3644,0.1799,0.3818,125.2974,137.0253,22.4765,1.2981
31.333,940,sitting,0.8278,1.1802,-0.0667,3.0464,1.2468,0.4093,1.1581,1.0103,0.6452,0.4646,0.0799,0.7913,0.5972,0.5129,0.3651,0.1807,0.3847,124.5044,136.2358,21.711,1.312
31.367,941,sitting,0.8279,1.1788,-0.0723,3.045,1.2511,0.4109,1.1576,1.0115,0.6443,0.4629,0.0794,0.7929,0.599,0.5133,0.3672,0.1814,0.3835,123.7229,135.5842,21.094,1.3227
31.4,942,sitting,0.8279,1.1786,-0.0756,3.0466,1.2543,0.4117,1.1577,1.0127,0.6432,0.4614,0.079,0.7943,0.6001,0.5145,0.3695,0.1818,0.3823,123.2959,134.8947,20.4363,1.33
31.433,943,sitting,0.8271,1.178,-0.0773,3.0442,1.2553,0.4123,1.1578,1.0132,0.641,0.4612,0.0789,0.7942,0.5998,0.5168,0.3722,0.1798,0.3823,122.6561,134.1631,19.9946,1.3341
31.467,944,sitting,0.8265,1.1769,-0.0782,3.0395,1.2551,0.4129,1.1576,1.0131,0.6399,0.4615,0.0787,0.792,0.5969,0.5177,0.3732,0.1784,0.3827,122.5406,133.4861,19.5071,1.3343
31.5,945,sitting,0.8244,1.1761,-0.0797,3.0375,1.2558,0.4134,1.1578,1.0117,0.6371,0.4612,0.0786,0.7885,0.5934,0.5207,0.3746,0.176,0.3826,122.0732,132.876,19.1923,1.3349
31.533,946,sitting,0.8227,1.1746,-0.0811,3.0313,1.2557,0.4142,1.1578,1.0105,0.6349,0.4603,0.0784,0.7862,0.5931,0.5229,0.3756,0.1746,0.3819,121.8508,132.6602,19.1948,1.3326
31.567,947,sitting,0.8214,1.1737,-0.0814,3.0272,1.2551,0.4146,1.1584,1.0093,0.6335,0.4603,0.0784,0.7834,0.5928,0.525,0.3758,0.1731,0.382,121.6801,132.2758,18.9957,1.3292
31.6,948,sitting,0.8154,1.1708,-0.0816,3.0171,1.2524,0.4151,1.1568,1.0031,0.6277,0.4593,0.0781,0.7723,0.5855,0.5291,0.3754,0.1684,0.3813,121.5678,131.6102,18.9408,1.3237
31.633,949,sitting,0.8094,1.1692,-0.0824,3.0132,1.2516,0.4154,1.1556,0.9984,0.6204,0.4572,0.0779,0.7668,0.5845,0.5353,0.3781,0.1632,0.3793,121.1471,131.3683,19.3574,1.3203
31.667,950,sitting,0.8098,1.1701,-0.084,3.0176,1.254,0.4156,1.1577,1.0001,0.6196,0.457,0.0777,0.771,0.5895,0.5381,0.3804,0.1627,0.3793,120.7685,131.2253,19.3821,1.3235
31.7,951,sitting,0.8113,1.1714,-0.083,3.0207,1.2544,0.4153,1.1603,1.0014,0.6212,0.4584,0.0778,0.7726,0.5912,0.5391,0.3803,0.1628,0.3806,120.8932,131.3899,19.5185,1.3252
31.733,952,sitting,0.8148,1.1728,-0.0812,3.0301,1.254,0.4139,1.1629,1.0046,0.625,0.4596,0.078,0.7765,0.595,0.5379,0.3796,0.1653,0.3817,121.51,131.8125,19.5749,1.3266
31.767,953,sitting,0.815,1.1728,-0.0794,3.0355,1.2523,0.4125,1.1635,1.0047,0.6253,0.4585,0.0779,0.7757,0.5936,0.5381,0.3794,0.1668,0.3806,122.6549,132.7597,20.2215,1.3261
31.8,954,sitting,0.8172,1.1763,-0.0777,3.0526,1.254,0.4108,1.165,1.0072,0.6273,0.458,0.0783,0.7769,0.5923,0.5377,0.3798,0.1693,0.3797,122.7319,133.7369,20.8306,1.3294
31.833,955,sitting,0.8167,1.1763,-0.0768,3.054,1.253,0.4103,1.1644,1.0069,0.6265,0.4558,0.0784,0.775,0.5909,0.5379,0.3804,0.1707,0.3775,123.3553,134.9542,21.8141,1.3279
31.867,956,sitting,0.8171,1.1768,-0.0764,3.0591,1.2533,0.4097,1.1641,1.0074,0.6267,0.4549,0.0783,0.7735,0.585,0.5374,0.3807,0.1719,0.3765,124.0936,136.2025,22.7656,1.3277
31.9,957,sitting,0.8178,1.1786,-0.0756,3.0673,1.2542,0.4089,1.165,1.0089,0.6266,0.4547,0.0782,0.7734,0.5792,0.5384,0.3823,0.1719,0.3765,124.4384,136.9696,23.4426,1.3311
31.933,958,sitting,0.8217,1.184,-0.0744,3.0886,1.2584,0.4074,1.1686,1.0132,0.6303,0.456,0.0785,0.7768,0.5774,0.5383,0.3829,0.1742,0.3775,124.1822,137.8342,23.9429,1.3405
31.967,959,sitting,0.824,1.1869,-0.0718,3.0968,1.2587,0.4064,1.1723,1.0149,0.6332,0.4616,0.0785,0.7774,0.5757,0.5391,0.3817,0.1716,0.3831,124.1672,138.3832,24.4176,1.3505
32.0,960,sitting,0.8261,1.1896,-0.0716,3.1074,1.2612,0.4059,1.1758,1.0165,0.6357,0.4693,0.0783,0.777,0.5748,0.54,0.3808,0.1664,0.391,122.6732,138.359,24.8032,1.3692
32.033,961,sitting,0.826,1.1909,-0.0726,3.1141,1.2635,0.4057,1.1782,1.0162,0.6358,0.4751,0.0779,0.7747,0.5715,0.5424,0.3804,0.1607,0.3973,120.6852,137.9737,25.0254,1.3923
32.067,962,sitting,0.8246,1.1911,-0.0741,3.1177,1.2652,0.4058,1.1794,1.0145,0.6347,0.4836,0.0772,0.7717,0.568,0.5448,0.3799,0.1511,0.4064,118.1496,137.172,25.2141,1.4198
32.1,963,sitting,0.8235,1.1906,-0.0744,3.1151,1.265,0.4061,1.1806,1.0126,0.6344,0.491,0.0764,0.7681,0.565,0.5462,0.3782,0.1434,0.4146,115.698,136.1701,25.1607,1.4553
32.133,964,sitting,0.8189,1.1876,-0.0805,3.1157,1.2682,0.407,1.1784,1.0074,0.6303,0.4926,0.0751,0.7625,0.5602,0.548,0.3771,0.1377,0.4175,113.4025,135.5241,25.3365,1.4862
32.167,965,sitting,0.816,1.1856,-0.0815,3.107,1.2672,0.4078,1.1765,1.004,0.6279,0.4955,0.0739,0.7588,0.56,0.5486,0.3761,0.1324,0.4215,111.6817,134.784,25.3777,1.5312
32.2,966,sitting,0.816,1.1861,-0.0805,3.0931,1.2667,0.4095,1.1766,1.003,0.6289,0.5008,0.073,0.7565,0.558,0.5477,0.3741,0.1281,0.4278,110.725,134.0171,25.1246,1.5857
32.233,967,sitting,0.8233,1.1916,-0.0599,3.0728,1.2514,0.4073,1.1816,1.0083,0.6384,0.5096,0.0738,0.7614,0.5627,0.5432,0.3698,0.1288,0.4359,113.6624,133.5436,24.5357,1.6264
32.267,968,sitting,0.8363,1.1999,-0.0298,3.0481,1.2297,0.4034,1.1898,1.0187,0.6539,0.5233,0.0757,0.7729,0.5741,0.5359,0.3648,0.1305,0.4476,117.0852,133.5699,24.0823,1.6507
32.3,969,sitting,0.8442,1.2044,-0.0136,3.0341,1.2181,0.4015,1.1943,1.0248,0.6637,0.5314,0.0767,0.7798,0.582,0.5306,0.3612,0.1322,0.4547,119.1531,133.592,23.5554,1.6669
32.333,970,sitting,0.8507,1.2074,0.0008,3.0179,1.2066,0.3998,1.1974,1.0301,0.6714,0.5363,0.0776,0.7853,0.587,0.526,0.3588,0.135,0.4587,121.151,134.1863,23.4299,1.6713
32.367,971,sitting,0.8512,1.2057,0.0055,3.0036,1.2002,0.3996,1.196,1.0302,0.6723,0.536,0.0779,0.7852,0.5868,0.5237,0.3579,0.1363,0.4581,121.906,134.3799,23.3602,1.6658
32.4,972,sitting,0.8498,1.2029,0.0029,2.9971,1.2,0.4004,1.1932,1.029,0.6707,0.5344,0.0777,0.7835,0.5873,0.5226,0.3583,0.1362,0.4567,121.8873,134.3491,23.369,1.6667
32.433,973,sitting,0.8484,1.1997,0.0001,2.9884,1.1996,0.4014,1.1903,1.0274,0.6693,0.5346,0.0775,0.7812,0.5855,0.521,0.3582,0.1347,0.4571,121.3905,134.0341,23.4335,1.6604
32.467,974,sitting,0.8475,1.1971,-0.0023,2.9832,1.1994,0.402,1.1876,1.0264,0.6686,0.5365,0.0774,0.7789,0.5843,0.519,0.3578,0.1321,0.4591,120.8355,133.4753,23.4266,1.6537
32.5,975,sitting,0.8497,1.1978,-0.0065,2.9925,1.2043,0.4024,1.1879,1.0274,0.672,0.5414,0.0772,0.7795,0.5869,0.5159,0.3554,0.1306,0.4642,120.0116,132.8821,23.2789,1.6513
32.533,976,sitting,0.8483,1.1967,-0.0141,3.0011,1.2108,0.4035,1.1855,1.0256,0.6711,0.5446,0.0767,0.7769,0.5865,0.5144,0.3545,0.1265,0.4679,118.7893,131.7936,23.0709,1.6488
32.567,977,sitting,0.8452,1.1932,-0.0247,3.0047,1.2179,0.4053,1.1815,1.0225,0.6678,0.5452,0.076,0.7735,0.5867,0.5137,0.3548,0.1226,0.4692,117.8726,130.6667,22.8554,1.6468
32.6,978,sitting,0.8447,1.1915,-0.0283,3.0024,1.2199,0.4063,1.1794,1.0214,0.668,0.5496,0.0757,0.7718,0.5893,0.5114,0.3534,0.1184,0.4739,117.4621,129.6113,22.6747,1.6427
32.633,979,sitting,0.84,1.1866,-0.038,3.0001,1.2246,0.4082,1.1742,1.0167,0.6632,0.5492,0.0749,0.7661,0.5879,0.511,0.3535,0.114,0.4743,116.9198,128.8645,22.8242,1.6386
32.667,980,sitting,0.8381,1.184,-0.0417,2.9956,1.2257,0.4092,1.1716,1.0148,0.6613,0.551,0.0745,0.7644,0.5882,0.5103,0.3535,0.1103,0.4765,116.745,128.0419,22.7665,1.6328
32.7,981,sitting,0.8354,1.1805,-0.0454,2.9877,1.226,0.4103,1.1676,1.0122,0.6585,0.5494,0.0742,0.7628,0.5894,0.5092,0.3537,0.1091,0.4752,117.4181,127.8179,22.8866,1.6224
32.733,982,sitting,0.834,1.1772,-0.0476,2.9759,1.2248,0.4116,1.1641,1.0106,0.6574,0.5467,0.0739,0.7627,0.5924,0.5067,0.3532,0.1107,0.4728,118.5643,128.1684,23.124,1.6119
32.767,983,sitting,0.831,1.1725,-0.0515,2.9618,1.2241,0.4133,1.1582,1.0077,0.6542,0.544,0.0736,0.7611,0.5926,0.504,0.3536,0.1101,0.4705,119.0621,128.7516,23.7855,1.5956
32.8,984,sitting,0.8317,1.1715,-0.0517,2.9548,1.2232,0.414,1.156,1.0073,0.6561,0.5452,0.0735,0.7615,0.595,0.4998,0.3512,0.1109,0.4717,119.6933,128.6985,23.6874,1.564
32.833,985,sitting,0.8319,1.1692,-0.0526,2.9435,1.2218,0.4151,1.1537,1.0064,0.6574,0.5453,0.0735,0.762,0.6022,0.4964,0.3491,0.112,0.4719,120.9604,128.9493,23.8531,1.5121
32.867,986,sitting,0.8329,1.1668,-0.0536,2.9313,1.2205,0.4164,1.1524,1.007,0.6588,0.5437,0.0734,0.766,0.6144,0.4936,0.3482,0.1152,0.4702,123.1684,129.6086,24.1316,1.4515
32.9,987,sitting,0.8331,1.1674,-0.0533,2.9295,1.2206,0.4167,1.1529,1.0071,0.6592,0.5389,0.0736,0.769,0.6248,0.4937,0.3479,0.1203,0.4653,125.932,130.847,24.5997,1.3942
32.933,988,sitting,0.8313,1.1664,-0.0535,2.9252,1.2199,0.417,1.1532,1.0052,0.6575,0.5291,0.0738,0.7689,0.6304,0.4958,0.3477,0.1284,0.4553,128.9099,132.2863,24.8388,1.3558
32.967,989,sitting,0.8294,1.1663,-0.0536,2.9242,1.2198,0.4171,1.1539,1.0033,0.6556,0.5205,0.074,0.768,0.6323,0.4983,0.3476,0.1351,0.4465,131.758,133.5499,25.0649,1.3192
33.0,990,sitting,0.8292,1.167,-0.0531,2.9264,1.2202,0.417,1.1557,1.0029,0.6554,0.5139,0.0742,0.7669,0.6291,0.5004,0.3476,0.1415,0.4396,133.9756,134.565,25.0933,1.3
33.033,991,sitting,0.8298,1.169,-0.053,2.9339,1.222,0.4165,1.1595,1.0036,0.656,0.5078,0.0744,0.762,0.6239,0.5035,0.3476,0.1482,0.4334,136.2445,135.4796,24.9501,1.2919
33.067,992,sitting,0.8335,1.1756,-0.0488,2.9506,1.2245,0.415,1.1661,1.0073,0.6596,0.5059,0.0748,0.7631,0.6196,0.5065,0.3476,0.1537,0.4311,137.3676,136.0599,24.6361,1.2952
33.1,993,sitting,0.8361,1.1799,-0.046,2.9656,1.2259,0.4134,1.1705,1.0105,0.6617,0.5033,0.0752,0.7673,0.6238,0.5088,0.3487,0.1584,0.4281,138.7268,136.5979,24.4008,1.2912
33.133,994,sitting,0.8382,1.1839,-0.0433,2.9787,1.2272,0.412,1.174,1.0133,0.6631,0.5025,0.0755,0.7702,0.6265,0.5109,0.3502,0.1606,0.427,139.4485,136.6284,24.0274,1.2882
33.167,995,sitting,0.8416,1.1876,-0.0399,2.985,1.2276,0.4112,1.1787,1.017,0.6663,0.5045,0.0758,0.7742,0.628,0.5124,0.3508,0.1617,0.4287,139.452,136.5932,23.7434,1.2908
33.2,996,sitting,0.8431,1.1927,-0.0379,3.0003,1.2306,0.4101,1.1806,1.0196,0.6666,0.5059,0.076,0.7757,0.6254,0.514,0.353,0.1606,0.4299,139.3687,136.5131,23.6368,1.2871
33.233,997,sitting,0.8445,1.1953,-0.0375,3.0098,1.2328,0.4096,1.1817,1.0217,0.6672,0.5062,0.0761,0.7788,0.6214,0.5145,0.3545,0.161,0.4301,139.4633,136.3254,23.3616,1.2835
33.267,998,sitting,0.845,1.1962,-0.0383,3.0139,1.2346,0.4096,1.182,1.0232,0.6667,0.5065,0.076,0.7801,0.6177,0.5153,0.3565,0.1602,0.4305,139.3743,135.858,22.9552,1.2776
33.3,999,sitting,0.8452,1.1971,-0.0385,3.0169,1.2356,0.4096,1.1822,1.0249,0.6654,0.5069,0.076,0.7803,0.6155,0.5168,0.3594,0.1585,0.4309,139.1544,135.1099,22.381,1.2695
33.333,1000,sitting,0.8451,1.198,-0.0399,3.0215,1.2379,0.4097,1.1809,1.0261,0.6642,0.5073,0.0759,0.7814,0.6149,0.5167,0.362,0.1569,0.4314,138.9145,134.2616,21.7576,1.2621
33.367,1001,sitting,0.8451,1.1988,-0.0405,3.0249,1.2393,0.4097,1.1814,1.0273,0.6628,0.5072,0.0759,0.7832,0.617,0.5186,0.3645,0.1557,0.4313,138.8674,133.5326,21.1225,1.2556
33.4,1002,sitting,0.8456,1.1988,-0.0408,3.0249,1.2396,0.4098,1.1812,1.0283,0.6628,0.5066,0.0758,0.7832,0.6198,0.5184,0.3654,0.1563,0.4307,139.1212,132.9154,20.3966,1.2527
33.433,1003,sitting,0.8444,1.1969,-0.0419,3.0204,1.2388,0.4102,1.1811,1.0275,0.6614,0.5047,0.0758,0.7817,0.6237,0.5197,0.3661,0.1566,0.4289,139.4465,131.9377,19.4748,1.2473
33.467,1004,sitting,0.8442,1.1975,-0.0425,3.0222,1.24,0.4103,1.182,1.0276,0.6608,0.5057,0.0757,0.7799,0.6238,0.5212,0.3668,0.1551,0.43,139.1348,130.6833,18.566,1.2514
33.5,1005,sitting,0.8433,1.1979,-0.0429,3.023,1.2408,0.4104,1.1832,1.0279,0.6587,0.506,0.0757,0.7783,0.6276,0.5245,0.3692,0.1527,0.4303,138.7238,129.4617,17.7805,1.2553
33.533,1006,sitting,0.8416,1.1979,-0.0431,3.0232,1.241,0.4105,1.1844,1.0271,0.6562,0.5059,0.0757,0.7759,0.6327,0.5283,0.3709,0.1502,0.4302,138.3188,128.2334,17.0282,1.2594
33.567,1007,sitting,0.8402,1.1981,-0.0432,3.024,1.2413,0.4105,1.1854,1.0266,0.6538,0.506,0.0757,0.7743,0.6387,0.5316,0.3727,0.1478,0.4304,138.004,127.1202,16.3111,1.2641
33.6,1008,sitting,0.8389,1.1988,-0.0437,3.0266,1.2425,0.4105,1.1861,1.0263,0.6514,0.5059,0.0756,0.7743,0.6483,0.5347,0.3749,0.1456,0.4303,137.6867,126.484,15.9582,1.2701
33.633,1009,sitting,0.8386,1.1997,-0.0439,3.0296,1.2435,0.4105,1.1868,1.0266,0.6507,0.5063,0.0756,0.7736,0.6559,0.5361,0.3759,0.1444,0.4307,137.4545,125.7322,15.4311,1.2784
33.667,1010,sitting,0.8385,1.2005,-0.0439,3.0321,1.2444,0.4104,1.1872,1.0271,0.6498,0.5065,0.0756,0.773,0.6625,0.5374,0.3773,0.1433,0.4309,137.1923,125.2763,15.1343,1.2878
33.7,1011,sitting,0.8374,1.2007,-0.0434,3.0322,1.2441,0.4103,1.1866,1.0268,0.648,0.5063,0.0756,0.7715,0.6676,0.5385,0.3788,0.1417,0.4307,136.8279,124.6911,14.8372,1.2957
33.733,1012,sitting,0.8371,1.2011,-0.0432,3.0345,1.2443,0.41,1.1854,1.0267,0.6474,0.5061,0.0756,0.7696,0.6708,0.538,0.3793,0.1414,0.4304,136.599,124.0696,14.3871,1.3056
33.767,1013,sitting,0.8363,1.1995,-0.0419,3.0289,1.2415,0.4099,1.182,1.0258,0.6468,0.5048,0.0757,0.7667,0.6756,0.5352,0.379,0.142,0.429,136.5824,123.339,13.8193,1.3111
33.8,1014,sitting,0.8361,1.1988,-0.0412,3.0267,1.24,0.4097,1.1791,1.0252,0.6469,0.5043,0.0758,0.7647,0.6802,0.5322,0.3783,0.1426,0.4285,136.5658,122.2739,12.9953,1.3149
33.833,1015,sitting,0.8358,1.1984,-0.0399,3.0254,1.2383,0.4093,1.1771,1.0247,0.6469,0.504,0.0759,0.7628,0.685,0.5303,0.3778,0.1428,0.4282,136.493,121.0798,12.119,1.3153
33.867,1016,sitting,0.8352,1.198,-0.0387,3.0242,1.2367,0.4089,1.1762,1.0241,0.6462,0.5054,0.0759,0.7621,0.6892,0.53,0.3779,0.1409,0.4294,136.0197,118.9845,10.7321,1.3111
33.9,1017,sitting,0.8353,1.198,-0.0366,3.0232,1.2347,0.4084,1.177,1.0243,0.6463,0.5083,0.0761,0.763,0.6943,0.5307,0.3779,0.138,0.4322,135.4703,116.8612,9.368,1.3035
33.933,1018,sitting,0.8356,1.1981,-0.0344,3.0219,1.2325,0.4079,1.1782,1.0247,0.6464,0.5109,0.0763,0.7646,0.7,0.5317,0.3782,0.1355,0.4346,135.1519,115.4819,8.53,1.2938
33.967,1019,sitting,0.8363,1.1993,-0.0326,3.0247,1.2319,0.4073,1.181,1.027,0.6456,0.5125,0.0764,0.7679,0.7034,0.5353,0.3813,0.1331,0.4361,134.7438,114.7704,8.179,1.2882
34.0,1020,sitting,0.8378,1.2006,-0.0307,3.0278,1.2313,0.4066,1.1832,1.0301,0.6454,0.5138,0.0765,0.7718,0.7061,0.5377,0.3847,0.1317,0.4372,134.4461,114.4931,8.0826,1.2821
34.033,1021,sitting,0.8384,1.2014,-0.0298,3.0306,1.2312,0.4063,1.1842,1.0322,0.6445,0.515,0.0766,0.7762,0.7084,0.5397,0.3877,0.1295,0.4383,134.1628,114.4201,8.2266,1.2747
34.067,1022,sitting,0.839,1.202,-0.0299,3.034,1.2319,0.406,1.1847,1.0339,0.6441,0.5157,0.0766,0.78,0.7104,0.5407,0.3898,0.1284,0.4391,134.1215,114.4968,8.4007,1.2687
34.1,1023,sitting,0.839,1.2019,-0.03,3.034,1.2319,0.406,1.1847,1.0342,0.6438,0.516,0.0766,0.7828,0.7117,0.541,0.3904,0.1278,0.4394,134.207,114.6425,8.5884,1.2613
34.133,1024,sitting,0.8395,1.2017,-0.0308,3.0345,1.2325,0.4062,1.1842,1.035,0.6441,0.516,0.0765,0.7857,0.7126,0.5401,0.3909,0.1281,0.4395,134.3892,114.9265,8.81,1.2552
34.167,1025,sitting,0.8396,1.2009,-0.0311,3.0314,1.232,0.4064,1.1831,1.0352,0.644,0.5151,0.0765,0.7882,0.7131,0.5391,0.3913,0.1289,0.4386,134.5588,115.235,9.0275,1.2493
34.2,1026,sitting,0.8397,1.1999,-0.0315,3.0271,1.2314,0.4068,1.182,1.0355,0.6439,0.5149,0.0765,0.79,0.7134,0.5381,0.3916,0.129,0.4385,134.6885,115.6457,9.3846,1.2434
34.233,1027,sitting,0.8391,1.1985,-0.0322,3.0214,1.2307,0.4073,1.1804,1.0347,0.6436,0.5152,0.0764,0.7899,0.7128,0.5368,0.3911,0.1283,0.4388,134.7814,115.9495,9.7179,1.2375
34.267,1028,sitting,0.8386,1.197,-0.0323,3.0146,1.2294,0.4078,1.1782,1.0342,0.6431,0.515,0.0764,0.7903,0.712,0.5351,0.3912,0.128,0.4386,134.8675,116.4317,10.1807,1.232
34.3,1029,sitting,0.8383,1.1936,-0.0325,3.0013,1.2261,0.4085,1.1749,1.0328,0.6439,0.5138,0.0764,0.7904,0.7126,0.531,0.3889,0.1301,0.4374,135.4089,117.0852,10.5683,1.2223
34.333,1030,sitting,0.8367,1.189,-0.033,2.9844,1.222,0.4095,1.1707,1.0302,0.6431,0.5113,0.0764,0.7886,0.7116,0.5276,0.387,0.1319,0.4349,136.0308,117.7383,10.9743,1.2125
34.367,1031,sitting,0.8341,1.1826,-0.0318,2.9583,1.2144,0.4105,1.1666,1.0267,0.6414,0.5083,0.0766,0.7868,0.7097,0.5252,0.3852,0.1332,0.4317,136.7175,118.2838,11.3121,1.1991
34.4,1032,sitting,0.8316,1.1786,-0.0295,2.9381,1.2081,0.4112,1.1646,1.0242,0.6389,0.5082,0.0768,0.7847,0.7067,0.5257,0.3853,0.1307,0.4314,136.5453,118.4943,11.7085,1.1931
34.433,1033,sitting,0.8285,1.1739,-0.026,2.9141,1.1999,0.4117,1.162,1.021,0.6361,0.5077,0.0772,0.7821,0.7038,0.5259,0.3848,0.1284,0.4306,136.35,118.9948,12.2954,1.189
34.467,1034,sitting,0.8265,1.169,-0.0231,2.8916,1.1921,0.4123,1.1597,1.0189,0.6341,0.508,0.0776,0.7803,0.7017,0.5256,0.3848,0.1261,0.4304,135.9186,119.6334,12.9731,1.1864
34.5,1035,sitting,0.8236,1.1676,-0.0195,2.8817,1.1872,0.412,1.1565,1.0156,0.6316,0.5091,0.0781,0.7791,0.6996,0.525,0.384,0.1225,0.4309,135.1637,120.0924,13.5883,1.1814
34.533,1036,sitting,0.8207,1.1659,-0.0164,2.8695,1.1824,0.4121,1.1528,1.0121,0.6293,0.5109,0.079,0.7766,0.6973,0.5235,0.3828,0.1183,0.432,133.4835,120.2011,13.9668,1.1766
34.567,1037,sitting,0.8172,1.1627,-0.0121,2.8488,1.1747,0.4124,1.1477,1.0083,0.6261,0.5132,0.0803,0.7736,0.6943,0.5216,0.3822,0.1128,0.4329,130.6145,120.0672,14.3301,1.1688
34.6,1038,sitting,0.815,1.1595,-0.0089,2.8292,1.1684,0.413,1.143,1.0054,0.6246,0.5167,0.0817,0.7708,0.6918,0.5184,0.3808,0.108,0.435,127.6013,119.9,14.5812,1.1629
34.633,1039,sitting,0.8122,1.1555,-0.0057,2.8078,1.1613,0.4136,1.1376,1.0015,0.6229,0.5176,0.0831,0.7656,0.6876,0.5148,0.3786,0.1053,0.4345,125.3696,120.1304,14.9206,1.1549
34.667,1040,sitting,0.8113,1.1535,-0.0051,2.7953,1.1586,0.4145,1.1343,0.999,0.6236,0.5195,0.0844,0.764,0.686,0.5106,0.3754,0.1041,0.4351,123.1593,120.3814,15.1175,1.1514
34.7,1041,sitting,0.8104,1.149,-0.0037,2.7722,1.1528,0.4158,1.1286,0.996,0.6249,0.52,0.0857,0.7607,0.6818,0.5037,0.3711,0.1048,0.4343,121.6603,120.608,15.0363,1.1448
34.733,1042,sitting,0.8116,1.1444,-0.0057,2.7536,1.15,0.4176,1.1228,0.9933,0.63,0.5198,0.0863,0.7581,0.6798,0.4928,0.3633,0.1102,0.4335,121.8797,121.0385,14.6221,1.14
34.767,1043,sitting,0.8113,1.1399,-0.0067,2.7359,1.1466,0.4191,1.1172,0.9895,0.6332,0.5183,0.0865,0.7556,0.6768,0.484,0.3562,0.1149,0.4318,122.6596,121.6181,14.4722,1.134
34.8,1044,sitting,0.8094,1.1189,-0.0049,2.6391,1.1238,0.4258,1.106,0.987,0.6317,0.5157,0.0868,0.7524,0.6701,0.4743,0.3553,0.116,0.4289,122.9593,121.8091,14.4062,1.1054
34.833,1045,sitting,0.8085,1.1319,-0.0057,2.7001,1.1375,0.4213,1.1084,0.9831,0.634,0.5136,0.0868,0.7482,0.6661,0.4744,0.3491,0.1204,0.4268,124.0603,122.2101,14.1759,1.122
34.867,1046,sitting,0.8068,1.1144,-0.0045,2.6198,1.1189,0.4271,1.101,0.9812,0.6323,0.511,0.087,0.7463,0.6631,0.4687,0.3489,0.1214,0.424,124.1316,122.4106,14.1844,1.0998
34.9,1047,sitting,0.8049,1.1124,-0.0038,2.6102,1.1162,0.4276,1.0991,0.9785,0.6313,0.5079,0.0871,0.7442,0.6607,0.4678,0.3471,0.1235,0.4208,124.3822,122.9972,14.4428,1.0976
34.933,1048,sitting,0.8035,1.108,-0.0032,2.5905,1.1111,0.4289,1.0948,0.9756,0.6314,0.5055,0.0871,0.7412,0.6573,0.4634,0.3442,0.1259,0.4183,124.6739,123.5164,14.6569,1.0929
34.967,1049,sitting,0.8025,1.1042,-0.0025,2.5738,1.1068,0.43,1.0914,0.9733,0.6317,0.5026,0.0872,0.7382,0.6549,0.4598,0.3416,0.1291,0.4154,125.0407,124.1707,14.9253,1.089
35.0,1050,sitting,0.8035,1.1158,-0.0019,2.6232,1.1176,0.4261,1.0907,0.9727,0.6342,0.5003,0.0872,0.7371,0.656,0.4564,0.3385,0.1339,0.4131,125.6103,124.9776,15.1575,1.1039
35.033,1051,sitting,0.8033,1.0875,-0.0029,2.5043,1.0905,0.4354,1.0761,0.969,0.6376,0.4997,0.0872,0.7342,0.6569,0.4385,0.3313,0.1379,0.4125,126.1539,125.6592,15.4166,1.0715
35.067,1052,sitting,0.8025,1.0863,-0.0036,2.4997,1.0899,0.436,1.0742,0.9656,0.6394,0.4998,0.0872,0.7303,0.6579,0.4349,0.3262,0.1396,0.4127,126.504,126.4012,15.8968,1.0718
35.1,1053,sitting,0.8019,1.0859,-0.0039,2.4979,1.0898,0.4363,1.0736,0.9627,0.641,0.4999,0.0872,0.7261,0.6579,0.4326,0.3217,0.1411,0.4128,126.6461,126.7562,16.1441,1.0723
35.133,1054,sitting,0.8007,1.0866,-0.0044,2.5006,1.091,0.4363,1.074,0.9598,0.6415,0.4999,0.0871,0.7217,0.6562,0.4325,0.3183,0.1416,0.4128,126.6669,127.0814,16.4874,1.0749
35.167,1055,sitting,0.7997,1.1076,-0.0044,2.5888,1.112,0.4295,1.0809,0.9571,0.6423,0.499,0.0872,0.7184,0.6555,0.4387,0.3148,0.1433,0.4118,126.7979,127.9239,17.1189,1.1014
35.2,1056,sitting,0.7955,1.0832,-0.0025,2.4813,1.0856,0.4375,1.0704,0.9524,0.6386,0.4964,0.0873,0.7139,0.6528,0.4318,0.3138,0.1422,0.4091,126.4876,128.6883,17.9762,1.072
35.233,1057,sitting,0.7916,1.0836,-0.0011,2.4797,1.0848,0.4375,1.0705,0.9479,0.6353,0.4957,0.0874,0.7092,0.651,0.4352,0.3127,0.1395,0.4084,125.9239,128.9151,18.5873,1.0735
35.267,1058,sitting,0.789,1.0841,0.0002,2.4785,1.0838,0.4373,1.0706,0.9455,0.6326,0.4955,0.0875,0.7074,0.6514,0.438,0.3129,0.1371,0.408,125.4271,129.1567,19.1522,1.074
35.3,1059,sitting,0.7866,1.0846,0.0014,2.4782,1.0833,0.4371,1.0707,0.9416,0.6315,0.4963,0.0875,0.7055,0.6515,0.4392,0.3101,0.1353,0.4088,124.9986,129.7817,19.9919,1.0746
35.333,1060,sitting,0.7844,1.0842,0.0027,2.4739,1.0816,0.4372,1.0698,0.938,0.6308,0.4973,0.0876,0.7045,0.6561,0.439,0.3072,0.1335,0.4098,124.5112,130.1943,20.6546,1.0738
35.367,1061,sitting,0.7835,1.0825,0.0038,2.4645,1.0786,0.4377,1.0679,0.9365,0.6305,0.4988,0.0876,0.7072,0.6735,0.4374,0.3061,0.1317,0.4112,124.0517,130.8999,21.5726,1.0713
35.4,1062,sitting,0.7834,1.0804,0.0043,2.4549,1.0761,0.4384,1.066,0.9365,0.6303,0.4997,0.0876,0.714,0.6931,0.4357,0.3062,0.1306,0.4121,123.9138,131.691,22.4215,1.0667
35.433,1063,sitting,0.7816,1.0749,0.0034,2.4345,1.0715,0.4401,1.0606,0.9342,0.6291,0.5002,0.0875,0.7216,0.7083,0.4315,0.3051,0.1289,0.4127,123.7849,132.5065,23.3742,1.0581
35.467,1064,sitting,0.7808,1.0708,0.0022,2.4199,1.0686,0.4416,1.0564,0.9321,0.6294,0.5014,0.0874,0.7364,0.7253,0.427,0.3027,0.128,0.4141,123.7022,133.3324,24.2375,1.0509
35.5,1065,sitting,0.7792,1.0686,0.0008,2.4135,1.0678,0.4424,1.054,0.9299,0.6284,0.5035,0.0872,0.7392,0.7349,0.4257,0.3016,0.1248,0.4163,123.395,133.528,24.7445,1.0464
35.533,1066,sitting,0.7768,1.066,-0.0008,2.4066,1.0668,0.4433,1.0511,0.9277,0.626,0.5046,0.087,0.7439,0.7486,0.4251,0.3017,0.1214,0.4176,122.9735,133.4591,25.0345,1.0408
35.567,1067,sitting,0.776,1.0624,-0.0032,2.398,1.0655,0.4444,1.0481,0.9275,0.6244,0.505,0.0867,0.7627,0.7669,0.4237,0.303,0.1194,0.4183,122.6216,133.8138,25.6136,1.0372
35.6,1068,sitting,0.7723,1.0576,-0.008,2.3906,1.0657,0.4458,1.0432,0.9243,0.6202,0.5053,0.086,0.7761,0.7751,0.4229,0.3041,0.115,0.4193,121.9681,133.6,25.8115,1.042
35.633,1069,sitting,0.7691,1.0428,-0.0138,2.3474,1.0566,0.4501,1.0298,0.9213,0.617,0.5046,0.0851,0.7845,0.7742,0.4128,0.3043,0.1123,0.4195,121.2398,134.1535,26.5055,1.045
35.667,1070,sitting,0.7657,1.0357,-0.0208,2.3365,1.0565,0.4522,1.0233,0.9189,0.6126,0.5039,0.0839,0.7865,0.7784,0.4107,0.3063,0.1086,0.42,120.0877,134.0252,26.7023,1.0652
35.7,1071,sitting,0.7617,1.0296,-0.0289,2.3328,1.0584,0.4537,1.0177,0.9161,0.6073,0.5043,0.0823,0.7898,0.7881,0.4104,0.3087,0.103,0.422,118.0301,133.718,27.0403,1.1017
35.733,1072,sitting,0.7607,1.0291,-0.0376,2.3528,1.0667,0.4534,1.0145,0.9175,0.6038,0.5051,0.0806,0.789,0.7922,0.4107,0.3137,0.0987,0.4245,115.5799,132.7526,26.6022,1.1595
35.767,1073,sitting,0.7606,1.0317,-0.0452,2.3818,1.0768,0.4521,1.0054,0.9197,0.6015,0.5045,0.0788,0.7834,0.7931,0.4039,0.3181,0.097,0.4257,113.0011,132.2612,26.229,1.2372
35.8,1074,sitting,0.7592,1.0307,-0.0539,2.3945,1.0845,0.4529,1.0004,0.9193,0.5991,0.5048,0.0771,0.776,0.7922,0.4013,0.3202,0.0944,0.4277,110.3837,131.8931,26.01,1.324
35.833,1075,sitting,0.7561,1.0298,-0.0612,2.4088,1.091,0.4529,0.9986,0.9171,0.595,0.5035,0.0757,0.7664,0.7927,0.4036,0.3221,0.0916,0.4278,108.24,131.2739,25.6247,1.3813
35.867,1076,sitting,0.7542,1.0283,-0.068,2.4178,1.0964,0.4535,1.0018,0.9166,0.5918,0.5023,0.0745,0.7564,0.7941,0.41,0.3248,0.0895,0.4278,106.5062,130.1263,24.7439,1.436
35.9,1077,sitting,0.7508,1.0272,-0.076,2.4312,1.1032,0.4538,1.0021,0.9161,0.5854,0.4984,0.0733,0.7465,0.7934,0.4167,0.3307,0.087,0.4251,105.1107,129.052,23.9305,1.4578
35.933,1078,sitting,0.7451,1.0219,-0.0804,2.4235,1.1023,0.4548,1.0026,0.9122,0.5779,0.4964,0.0726,0.7386,0.7917,0.4246,0.3343,0.0816,0.4237,103.6241,127.3149,22.8687,1.4792
35.967,1079,sitting,0.7416,1.0152,-0.0825,2.405,1.0978,0.4565,1.0044,0.9104,0.5729,0.4952,0.0723,0.7327,0.7881,0.4315,0.3375,0.0776,0.4229,102.5019,124.456,20.6993,1.5024
36.0,1080,sitting,0.738,1.0161,-0.0819,2.4121,1.0981,0.4552,1.0067,0.9079,0.5681,0.4955,0.0722,0.7252,0.7785,0.4386,0.3398,0.0727,0.4232,101.5149,120.6062,17.741,1.5461
36.033,1081,sitting,0.7369,1.0223,-0.0812,2.4364,1.1036,0.4529,1.0113,0.9074,0.5663,0.4976,0.0723,0.719,0.7664,0.4451,0.3412,0.0687,0.4254,100.7403,116.3683,14.2436,1.6033
36.067,1082,sitting,0.737,1.0439,-0.0795,2.5192,1.1234,0.4459,1.0221,0.9071,0.567,0.502,0.0724,0.7133,0.7508,0.4551,0.3401,0.065,0.4296,100.112,112.1686,10.7311,1.6888
36.1,1083,sitting,0.7389,1.0292,-0.0778,2.4582,1.107,0.4503,1.0175,0.909,0.5687,0.5081,0.0725,0.7064,0.7363,0.4488,0.3404,0.0606,0.4355,99.39,108.2521,7.6149,1.7083
36.133,1084,sitting,0.7409,1.0449,-0.0766,2.5198,1.1215,0.4451,1.0251,0.9111,0.5707,0.5148,0.0727,0.7013,0.7219,0.4544,0.3404,0.0559,0.4422,98.6502,104.4904,4.6547,1.7813
36.167,1085,sitting,0.742,1.0456,-0.0769,2.5242,1.1225,0.4447,1.0267,0.9125,0.5716,0.5188,0.0726,0.6954,0.7103,0.4551,0.3409,0.0528,0.4462,98.0309,101.1679,1.9024,1.8222
36.2,1086,sitting,0.7408,1.0471,-0.0789,2.5356,1.1261,0.4441,1.0284,0.912,0.5697,0.522,0.0724,0.6876,0.6979,0.4588,0.3423,0.0477,0.4496,97.0638,97.9318,0.4918,1.8187
36.233,1087,sitting,0.7401,1.0465,-0.0797,2.5351,1.1262,0.4442,1.0281,0.911,0.5692,0.5236,0.0723,0.6813,0.6866,0.4588,0.3417,0.0456,0.4513,96.4815,95.2371,2.7953,1.8082
36.267,1088,sitting,0.7403,1.0439,-0.0796,2.5253,1.1235,0.4449,1.0258,0.9112,0.5693,0.5239,0.0723,0.6745,0.6743,0.4564,0.3418,0.0455,0.4515,95.9682,92.6906,5.1942,1.7805
36.3,1089,sitting,0.7382,1.0409,-0.0791,2.5137,1.12,0.4456,1.0232,0.9097,0.5667,0.5226,0.0724,0.6684,0.6623,0.4566,0.343,0.0441,0.4502,95.1785,90.266,7.3337,1.7397
36.333,1090,sitting,0.7354,1.0362,-0.0784,2.4948,1.1146,0.4467,1.0196,0.9073,0.5636,0.5229,0.0725,0.6621,0.6512,0.456,0.3437,0.0407,0.4505,93.9693,87.5851,9.4501,1.7003
36.367,1091,sitting,0.7324,1.0311,-0.0783,2.4751,1.1093,0.4482,1.0157,0.9042,0.5606,0.5228,0.0725,0.6552,0.6356,0.4551,0.3436,0.0378,0.4503,92.9008,84.9169,11.6036,1.6759
36.4,1092,sitting,0.7288,1.0182,-0.0764,2.4211,1.0946,0.4521,1.0087,0.9019,0.5557,0.5212,0.0727,0.6475,0.6162,0.453,0.3462,0.0345,0.4485,91.2428,81.5458,14.3484,1.6313
36.433,1093,sitting,0.7272,1.0262,-0.0758,2.451,1.102,0.4496,1.0118,0.901,0.5535,0.5172,0.0727,0.6408,0.6041,0.4584,0.3475,0.0363,0.4445,90.2951,80.2563,15.7563,1.6338
36.467,1094,sitting,0.725,1.0171,-0.0749,2.4087,1.092,0.4534,1.0011,0.8991,0.551,0.5153,0.0728,0.6366,0.5983,0.4501,0.348,0.0357,0.4425,89.0969,78.6936,17.1786,1.6213
36.5,1095,sitting,0.7243,1.015,-0.074,2.3989,1.089,0.454,0.9946,0.8987,0.5499,0.5114,0.0728,0.6337,0.5938,0.4448,0.3489,0.0385,0.4385,88.4403,78.276,17.9958,1.6293
36.533,1096,sitting,0.723,1.0144,-0.0734,2.3949,1.0878,0.4542,0.9886,0.898,0.548,0.5078,0.0729,0.6318,0.59,0.4406,0.3501,0.0401,0.435,87.6755,78.0293,18.5555,1.641
36.567,1097,sitting,0.7206,1.0119,-0.0734,2.3856,1.0852,0.4549,0.9834,0.8959,0.5453,0.5048,0.0729,0.6291,0.585,0.4381,0.3506,0.0405,0.432,87.0856,77.6837,19.0609,1.6474
36.6,1098,sitting,0.7185,1.0104,-0.0719,2.3772,1.0823,0.4553,0.9801,0.8946,0.5423,0.5017,0.073,0.6272,0.5818,0.4378,0.3523,0.0406,0.4288,86.1783,77.1015,19.7563,1.65
36.633,1099,sitting,0.7167,1.0082,-0.0709,2.3674,1.0791,0.4558,0.9745,0.8933,0.54,0.4987,0.073,0.6251,0.5783,0.4345,0.3534,0.0412,0.4257,85.5561,76.4668,20.5566,1.6509
36.667,1100,sitting,0.7167,1.005,-0.0692,2.3523,1.0742,0.4566,0.9704,0.8939,0.5396,0.4961,0.0732,0.6254,0.5772,0.4308,0.3543,0.0435,0.4229,85.2476,76.0099,21.4646,1.6517
36.7,1101,sitting,0.7168,1.0009,-0.069,2.3367,1.0699,0.4579,0.9648,0.8939,0.5396,0.4932,0.0732,0.6257,0.5763,0.4252,0.3543,0.0465,0.4199,85.2188,75.9302,22.0722,1.6545
36.733,1102,sitting,0.7168,0.9966,-0.0694,2.321,1.066,0.4593,0.96,0.8929,0.5407,0.4915,0.0732,0.6257,0.5745,0.4194,0.3523,0.0491,0.4183,85.4576,75.7777,22.7232,1.6519
36.767,1103,sitting,0.7169,0.9905,-0.0705,2.3009,1.0609,0.4611,0.9521,0.8922,0.5415,0.4921,0.0731,0.6255,0.5714,0.4106,0.3508,0.0494,0.419,85.6316,75.0172,23.5867,1.6427
36.8,1104,sitting,0.7174,0.9846,-0.0706,2.2798,1.0552,0.4628,0.9457,0.8927,0.542,0.4935,0.0731,0.6268,0.5697,0.4036,0.3507,0.0485,0.4204,85.244,73.771,24.6975,1.6289
36.833,1105,sitting,0.7174,0.9768,-0.0724,2.2557,1.0492,0.4651,0.9361,0.8926,0.5421,0.494,0.0729,0.6265,0.5675,0.394,0.3505,0.0481,0.4211,85.3271,72.9986,25.4548,1.6215
36.867,1106,sitting,0.7165,0.9676,-0.0751,2.2286,1.0428,0.4679,0.9228,0.8917,0.5413,0.4954,0.0726,0.6251,0.5656,0.3815,0.3504,0.0459,0.4228,85.0762,71.9284,26.2256,1.6082
36.9,1107,sitting,0.7165,0.957,-0.0772,2.1956,1.0342,0.471,0.9084,0.8911,0.5418,0.496,0.0724,0.6248,0.5648,0.3666,0.3494,0.0457,0.4236,85.1464,71.273,26.8751,1.5916
36.933,1108,sitting,0.7167,0.9485,-0.0762,2.1636,1.0247,0.4736,0.898,0.8898,0.5436,0.4973,0.0725,0.626,0.5664,0.3544,0.3462,0.0463,0.4248,85.147,70.795,27.4475,1.5792
36.967,1109,sitting,0.7177,0.9467,-0.0759,2.1562,1.0226,0.4743,0.8882,0.8892,0.5463,0.4985,0.0726,0.6276,0.5691,0.342,0.3429,0.0477,0.4259,85.4419,70.6807,27.8175,1.585
37.0,1110,sitting,0.7177,0.9473,-0.0749,2.157,1.0222,0.4739,0.8789,0.8877,0.5477,0.4985,0.0727,0.6281,0.5706,0.3312,0.3401,0.0492,0.4257,85.8098,70.3881,28.3243,1.5899
37.033,1111,sitting,0.7185,0.9489,-0.0748,2.162,1.0237,0.4735,0.8715,0.8874,0.5495,0.4994,0.0728,0.6288,0.573,0.322,0.338,0.0501,0.4266,86.1011,70.257,28.5854,1.6008
37.067,1112,sitting,0.7183,0.9487,-0.0743,2.1604,1.0229,0.4735,0.865,0.8864,0.5503,0.4992,0.0728,0.6284,0.5748,0.3148,0.3362,0.0511,0.4263,86.3699,70.2161,28.7813,1.6123
37.1,1113,sitting,0.718,0.9491,-0.0736,2.1606,1.0227,0.4733,0.86,0.8854,0.5506,0.4988,0.0729,0.6283,0.5768,0.3094,0.3348,0.0518,0.4259,86.5867,70.3706,28.7529,1.6262
37.133,1114,sitting,0.718,0.9491,-0.0728,2.1587,1.0219,0.4734,0.8561,0.8846,0.5514,0.4979,0.073,0.6285,0.5785,0.3047,0.3331,0.0535,0.4249,86.9865,70.6853,28.7374,1.6381
37.167,1115,sitting,0.7182,0.9499,-0.072,2.16,1.0219,0.4731,0.8545,0.8845,0.5519,0.4982,0.0731,0.6285,0.5797,0.3025,0.3325,0.0537,0.4251,87.054,70.8466,28.6237,1.6458
37.2,1116,sitting,0.7175,0.9492,-0.0717,2.1577,1.0209,0.4731,0.8532,0.884,0.5511,0.4998,0.0732,0.6276,0.5797,0.3021,0.3329,0.0513,0.4267,86.8018,70.3853,28.6735,1.6484
37.233,1117,sitting,0.7171,0.9485,-0.0719,2.1561,1.0204,0.4733,0.8521,0.8832,0.5509,0.5013,0.0731,0.6273,0.5801,0.3012,0.3323,0.0496,0.4282,86.6459,70.1482,28.6416,1.6485
37.267,1118,sitting,0.7171,0.9476,-0.0714,2.1525,1.019,0.4734,0.8495,0.8826,0.5516,0.5021,0.0732,0.6277,0.5811,0.2979,0.331,0.0495,0.4289,86.7171,70.066,28.7042,1.6446
37.3,1119,sitting,0.7163,0.946,-0.0705,2.1456,1.0164,0.4737,0.8505,0.8815,0.5511,0.5022,0.0733,0.6279,0.5815,0.2994,0.3303,0.0489,0.4289,86.7565,69.9704,28.7184,1.6413
37.333,1120,sitting,0.7154,0.9447,-0.0705,2.1414,1.0152,0.4741,0.8502,0.8804,0.5504,0.5029,0.0733,0.6272,0.5809,0.2998,0.33,0.0475,0.4296,86.6336,69.8659,28.5903,1.6403
37.367,1121,sitting,0.7155,0.9447,-0.0702,2.1409,1.0148,0.474,0.8507,0.8803,0.5508,0.5031,0.0733,0.6267,0.5807,0.3,0.3296,0.0476,0.4298,86.7573,70.0671,28.411,1.6412
37.4,1122,sitting,0.7157,0.9443,-0.0695,2.1389,1.0138,0.474,0.8511,0.8802,0.5512,0.5045,0.0734,0.626,0.5802,0.3,0.329,0.0467,0.4311,86.7535,70.0331,28.3137,1.6411
37.433,1123,sitting,0.7159,0.9443,-0.0693,2.1388,1.0136,0.4739,0.8496,0.8804,0.5514,0.5047,0.0734,0.6253,0.5801,0.2982,0.3291,0.0466,0.4313,86.8075,70.1543,28.208,1.644
37.467,1124,sitting,0.7166,0.9446,-0.0693,2.14,1.0139,0.4738,0.8497,0.8808,0.5524,0.5053,0.0734,0.6246,0.579,0.2973,0.3283,0.0472,0.4319,86.8694,70.1777,28.259,1.6429
37.5,1125,sitting,0.7175,0.9454,-0.0692,2.1427,1.0146,0.4735,0.8496,0.8813,0.5538,0.5061,0.0734,0.6246,0.5788,0.2958,0.3274,0.0477,0.4327,87.0513,70.2825,28.2556,1.643
37.533,1126,sitting,0.7177,0.9463,-0.069,2.1455,1.0153,0.4732,0.8492,0.8815,0.554,0.5064,0.0735,0.6243,0.5784,0.2952,0.3275,0.0476,0.4329,87.1377,70.3482,28.1657,1.6455
37.567,1127,sitting,0.7173,0.9463,-0.0691,2.1467,1.0154,0.473,0.848,0.881,0.5535,0.505,0.0735,0.6236,0.5774,0.2944,0.3275,0.0485,0.4316,87.3408,70.4331,28.2088,1.6471
37.6,1128,sitting,0.7157,0.9476,-0.0724,2.1582,1.0199,0.4726,0.8475,0.881,0.5504,0.5046,0.0731,0.6208,0.5757,0.2971,0.3306,0.0459,0.4315,86.8409,70.2563,27.9378,1.6502
37.633,1129,sitting,0.716,0.9471,-0.0719,2.1558,1.019,0.4727,0.8471,0.8809,0.551,0.5045,0.0731,0.6204,0.5752,0.2962,0.33,0.0465,0.4314,86.812,70.3645,27.9264,1.6485
37.667,1130,sitting,0.7155,0.9465,-0.0719,2.1536,1.0184,0.4729,0.8466,0.8803,0.5507,0.5036,0.0731,0.6201,0.5748,0.2959,0.3295,0.0471,0.4305,86.8908,70.4977,27.8805,1.6481
37.7,1131,sitting,0.7161,0.9477,-0.0719,2.1576,1.0196,0.4726,0.8446,0.8809,0.5514,0.5037,0.0731,0.6205,0.5753,0.2932,0.3295,0.0477,0.4306,86.9902,70.5916,27.8634,1.6492
37.733,1132,sitting,0.7164,0.9479,-0.072,2.1581,1.0199,0.4726,0.8444,0.8814,0.5514,0.5038,0.0731,0.621,0.5759,0.293,0.33,0.0476,0.4307,86.9162,70.6036,27.8378,1.6506
37.767,1133,sitting,0.7166,0.9486,-0.072,2.1606,1.0206,0.4724,0.8441,0.8818,0.5515,0.5029,0.0731,0.6211,0.5758,0.2926,0.3303,0.0486,0.4298,86.9349,70.5168,28.0578,1.6515
37.8,1134,sitting,0.717,0.9477,-0.0719,2.1576,1.0197,0.4726,0.844,0.8817,0.5522,0.5023,0.0731,0.6204,0.5753,0.2918,0.3295,0.0499,0.4292,87.0625,70.5006,28.2695,1.6514
37.833,1135,sitting,0.7173,0.948,-0.0715,2.1578,1.0195,0.4725,0.8461,0.8818,0.5528,0.5016,0.0731,0.6205,0.5755,0.2933,0.329,0.0512,0.4285,87.0739,70.4856,28.4764,1.6515
37.867,1136,sitting,0.7168,0.9471,-0.0713,2.1548,1.0184,0.4726,0.8451,0.8813,0.5524,0.5006,0.0731,0.6205,0.5753,0.2927,0.3289,0.0518,0.4275,87.1857,70.299,28.7441,1.6482
37.9,1137,sitting,0.7168,0.9473,-0.0711,2.1549,1.0184,0.4726,0.8419,0.8812,0.5524,0.5006,0.0732,0.6209,0.576,0.2895,0.3289,0.0518,0.4274,87.2059,70.0923,28.9539,1.6497
37.933,1138,sitting,0.7169,0.9476,-0.0705,2.1547,1.0181,0.4725,0.8411,0.8814,0.5524,0.5007,0.0732,0.6216,0.5774,0.2886,0.329,0.0518,0.4274,87.2155,69.8916,29.1557,1.6548
37.967,1139,sitting,0.7173,0.9487,-0.0702,2.1577,1.0189,0.4722,0.8432,0.8817,0.553,0.4999,0.0733,0.6231,0.579,0.2902,0.3287,0.053,0.4267,87.381,69.9702,29.2752,1.6617
38.0,1140,sitting,0.7141,0.948,-0.0746,2.1644,1.0226,0.4725,0.8399,0.88,0.5482,0.4998,0.0728,0.6201,0.5774,0.2917,0.3318,0.0484,0.4271,86.7544,69.1071,29.4011,1.6667
38.033,1141,sitting,0.7139,0.9482,-0.0735,2.163,1.0218,0.4724,0.8393,0.8801,0.5478,0.5011,0.0729,0.6209,0.5779,0.2915,0.3323,0.0466,0.4283,86.4246,68.9035,29.3514,1.6699
38.067,1142,sitting,0.7141,0.9479,-0.0728,2.1602,1.0208,0.4725,0.8363,0.8797,0.5485,0.5015,0.0729,0.6204,0.5774,0.2878,0.3311,0.0471,0.4285,86.5047,68.8701,29.4639,1.6723
38.1,1143,sitting,0.712,0.9465,-0.075,2.1598,1.0216,0.473,0.8322,0.8783,0.5457,0.5008,0.0727,0.6164,0.5764,0.2865,0.3326,0.0449,0.4281,86.2301,68.5394,29.4821,1.6719
38.133,1144,sitting,0.712,0.9452,-0.0739,2.1527,1.0191,0.4734,0.8305,0.8775,0.5465,0.5016,0.0728,0.616,0.5768,0.284,0.331,0.0449,0.4288,86.2757,68.3264,29.7057,1.6702
38.167,1145,sitting,0.7096,0.9436,-0.0783,2.1556,1.0219,0.4741,0.8267,0.8755,0.5437,0.5006,0.0723,0.6122,0.5752,0.283,0.3319,0.0431,0.4283,86.0368,67.9889,29.7455,1.6717
38.2,1146,sitting,0.708,0.9427,-0.0813,2.1582,1.024,0.4745,0.8239,0.8743,0.5417,0.5002,0.0719,0.6091,0.5739,0.2822,0.3326,0.0415,0.4282,85.8618,67.5123,29.9683,1.6729
38.233,1147,sitting,0.7088,0.9427,-0.0788,2.1534,1.0215,0.4744,0.8241,0.8738,0.5439,0.5006,0.0722,0.6105,0.5739,0.2803,0.3299,0.0433,0.4284,86.2454,67.5446,30.2015,1.6704
38.267,1148,sitting,0.7099,0.9422,-0.0764,2.1471,1.0186,0.4744,0.8244,0.8743,0.5454,0.5017,0.0725,0.6117,0.5741,0.279,0.3289,0.0437,0.4293,86.3173,67.4516,30.3823,1.6637
38.3,1149,sitting,0.7111,0.9423,-0.0744,2.1434,1.0167,0.4743,0.8255,0.8753,0.5469,0.5027,0.0727,0.6134,0.5756,0.2787,0.3284,0.0441,0.43,86.3098,67.3303,30.5881,1.661
38.333,1150,sitting,0.7118,0.9413,-0.073,2.137,1.0143,0.4746,0.8259,0.8752,0.5483,0.503,0.0729,0.6143,0.5767,0.2775,0.3269,0.0453,0.4301,86.4223,67.3692,30.7542,1.6565
38.367,1151,sitting,0.7128,0.9415,-0.0714,2.1341,1.0129,0.4746,0.8259,0.8758,0.5498,0.5036,0.073,0.6155,0.5778,0.2761,0.326,0.0462,0.4306,86.5247,67.4247,30.8427,1.6551
38.4,1152,sitting,0.7105,0.94,-0.074,2.1344,1.014,0.4751,0.8234,0.8746,0.5465,0.5029,0.0727,0.6127,0.5765,0.2769,0.3281,0.0436,0.4302,86.1607,67.0778,30.773,1.6565
38.433,1153,sitting,0.7103,0.9392,-0.073,2.1297,1.0122,0.4753,0.823,0.874,0.5466,0.5033,0.0729,0.6135,0.5765,0.2764,0.3274,0.0433,0.4304,86.1602,66.934,30.8899,1.6569
38.467,1154,sitting,0.709,0.9385,-0.0753,2.1321,1.0138,0.4755,0.8218,0.8729,0.545,0.5016,0.0726,0.6117,0.5759,0.2767,0.3279,0.0434,0.429,86.1161,66.8837,30.9396,1.6566
38.5,1155,sitting,0.7102,0.9388,-0.0731,2.1286,1.0119,0.4754,0.8199,0.8734,0.547,0.501,0.0728,0.6136,0.5774,0.273,0.3264,0.0459,0.4282,86.4432,67.1153,31.095,1.6546
38.533,1156,sitting,0.7111,0.9387,-0.0708,2.1239,1.0095,0.4753,0.8238,0.8737,0.5486,0.5004,0.0731,0.6147,0.5786,0.2752,0.3251,0.0482,0.4273,86.6503,67.3228,31.2394,1.6505
38.567,1157,sitting,0.7122,0.9392,-0.0693,2.1225,1.0085,0.4752,0.8238,0.8744,0.5499,0.5003,0.0732,0.6158,0.5796,0.2739,0.3245,0.0496,0.427,86.8843,67.4611,31.3254,1.6503
38.6,1158,sitting,0.7121,0.9388,-0.0684,2.1198,1.0073,0.4752,0.8229,0.8739,0.5504,0.5005,0.0733,0.6159,0.5794,0.2725,0.3234,0.0499,0.4272,86.9101,67.4612,31.3722,1.65
38.633,1159,sitting,0.7137,0.9401,-0.0675,2.1218,1.0075,0.4749,0.8223,0.8748,0.5526,0.5019,0.0734,0.6173,0.5799,0.2696,0.3222,0.0507,0.4285,86.9789,67.329,31.6005,1.6518
38.667,1160,sitting,0.715,0.9411,-0.0674,2.1247,1.0085,0.4747,0.8218,0.8758,0.5542,0.5033,0.0734,0.6188,0.5809,0.2676,0.3216,0.0509,0.4299,87.0122,67.2205,31.7236,1.6525
38.7,1161,sitting,0.7156,0.9413,-0.0676,2.1256,1.0089,0.4746,0.8207,0.8762,0.5549,0.5047,0.0734,0.6188,0.5804,0.2658,0.3213,0.0502,0.4313,86.9843,66.9433,31.8829,1.6545
38.733,1162,sitting,0.7159,0.9416,-0.0681,2.1267,1.0097,0.4747,0.8209,0.8765,0.5553,0.5051,0.0734,0.6191,0.5801,0.2656,0.3213,0.0502,0.4317,86.9669,66.8844,31.9402,1.6563
38.767,1163,sitting,0.7168,0.942,-0.068,2.1277,1.0101,0.4747,0.8215,0.8776,0.5561,0.5065,0.0734,0.6196,0.5807,0.2654,0.3215,0.0496,0.4331,86.9027,66.8004,31.9295,1.656
38.8,1164,sitting,0.7139,0.9401,-0.0722,2.1295,1.0122,0.4753,0.8186,0.8762,0.5517,0.5062,0.0729,0.6146,0.5774,0.2669,0.3246,0.0454,0.4333,86.1601,66.2594,31.8098,1.6534
38.833,1165,sitting,0.7136,0.9393,-0.071,2.125,1.0102,0.4754,0.8182,0.8759,0.5513,0.5073,0.0731,0.6145,0.5762,0.2669,0.3246,0.044,0.4342,85.9789,66.0796,31.7738,1.6486
38.867,1166,sitting,0.7139,0.9393,-0.0699,2.1231,1.0092,0.4753,0.8192,0.8758,0.552,0.5065,0.0732,0.615,0.5761,0.2672,0.3238,0.0455,0.4333,86.0909,66.2473,31.8184,1.6462
38.9,1167,sitting,0.7143,0.9389,-0.069,2.1198,1.0079,0.4755,0.8197,0.876,0.5525,0.5061,0.0733,0.6153,0.576,0.2672,0.3234,0.0464,0.4328,86.2007,66.4302,31.7941,1.6445
38.933,1168,sitting,0.7149,0.9395,-0.0686,2.1211,1.0081,0.4753,0.8201,0.8764,0.5534,0.5059,0.0733,0.6158,0.576,0.2667,0.323,0.0475,0.4326,86.3565,66.5656,31.8129,1.6464
38.967,1169,sitting,0.7157,0.9399,-0.068,2.1213,1.0079,0.4751,0.8206,0.8767,0.5546,0.5058,0.0734,0.6166,0.5763,0.266,0.322,0.0488,0.4324,86.6003,66.7463,31.8405,1.6469
39.0,1170,sitting,0.7163,0.9398,-0.0679,2.1209,1.0078,0.4752,0.8207,0.8767,0.5559,0.5053,0.0734,0.6171,0.5765,0.2648,0.3208,0.0506,0.4318,86.8268,66.9633,31.9029,1.6466
39.033,1171,sitting,0.7169,0.9399,-0.0678,2.121,1.0077,0.4751,0.8202,0.8761,0.5577,0.5045,0.0735,0.6174,0.5765,0.2626,0.3185,0.0531,0.4311,87.289,67.1683,32.0832,1.6464
39.067,1172,sitting,0.7152,0.9394,-0.0706,2.1253,1.01,0.4752,0.8178,0.8753,0.5552,0.5025,0.0731,0.6144,0.5758,0.2626,0.3201,0.0527,0.4294,87.2197,67.132,32.0464,1.6464
39.1,1173,sitting,0.7159,0.9395,-0.0696,2.1238,1.0091,0.4751,0.8181,0.876,0.5558,0.5035,0.0733,0.6153,0.5764,0.2623,0.3202,0.0524,0.4302,87.2754,67.1259,32.0099,1.6451
39.133,1174,sitting,0.7161,0.9398,-0.0691,2.1236,1.0088,0.4751,0.8183,0.8759,0.5562,0.5036,0.0734,0.616,0.5772,0.2621,0.3197,0.0526,0.4303,87.4085,67.1515,32.0144,1.6449
39.167,1175,sitting,0.7163,0.9398,-0.0683,2.1222,1.0081,0.475,0.8186,0.8763,0.5563,0.5042,0.0734,0.6166,0.5776,0.2623,0.32,0.0521,0.4307,87.3412,67.0841,32.0361,1.6454
39.2,1176,sitting,0.7144,0.9395,-0.071,2.1271,1.0105,0.4751,0.8152,0.8755,0.5534,0.5033,0.0731,0.6138,0.5754,0.2619,0.3221,0.0501,0.4301,87.1165,66.7668,32.0319,1.647
39.233,1177,sitting,0.7124,0.9392,-0.0743,2.1329,1.0134,0.4751,0.8127,0.8743,0.5505,0.502,0.0728,0.6105,0.5724,0.2622,0.3238,0.0485,0.4292,86.8986,66.4939,32.0316,1.6487
39.267,1178,sitting,0.7133,0.9401,-0.0723,2.1326,1.0124,0.4747,0.8131,0.8746,0.552,0.5029,0.073,0.6117,0.5723,0.2612,0.3226,0.0491,0.4299,86.9377,66.4493,32.1709,1.6501
39.3,1179,sitting,0.7137,0.9403,-0.0717,2.132,1.012,0.4747,0.8141,0.8747,0.5528,0.5038,0.073,0.6122,0.5726,0.2614,0.3219,0.049,0.4307,86.9467,66.4029,32.2049,1.6516
39.333,1180,sitting,0.7139,0.9404,-0.0705,2.1301,1.0109,0.4746,0.8143,0.8744,0.5533,0.5038,0.0732,0.6129,0.5736,0.261,0.3211,0.0495,0.4306,86.9096,66.4914,32.2066,1.6503
39.367,1181,sitting,0.7136,0.9402,-0.0693,2.1275,1.0095,0.4745,0.814,0.8737,0.5534,0.5048,0.0733,0.6133,0.5743,0.2606,0.3203,0.0486,0.4315,86.7857,66.4207,32.1582,1.649
39.4,1182,sitting,0.7143,0.9402,-0.0684,2.1255,1.0085,0.4745,0.8147,0.8741,0.5546,0.5052,0.0734,0.6141,0.5753,0.2601,0.3195,0.0494,0.4318,86.9351,66.5187,32.2003,1.649
39.433,1183,sitting,0.7138,0.9392,-0.0678,2.1216,1.0069,0.4746,0.814,0.8731,0.5545,0.5063,0.0735,0.6138,0.5747,0.2595,0.3187,0.0482,0.4328,86.8718,66.1808,32.3625,1.648
39.467,1184,sitting,0.7135,0.9389,-0.0677,2.1203,1.0066,0.4747,0.8138,0.8727,0.5543,0.5076,0.0735,0.6137,0.5742,0.2595,0.3184,0.0467,0.4341,86.7419,65.8705,32.4243,1.6464
39.5,1185,sitting,0.7133,0.9387,-0.0673,2.1195,1.0061,0.4747,0.8137,0.8726,0.5539,0.5085,0.0735,0.6138,0.5744,0.2598,0.3188,0.0453,0.435,86.5498,65.6072,32.4807,1.6449
39.533,1186,sitting,0.7107,0.9375,-0.0709,2.1224,1.0084,0.4751,0.8111,0.8711,0.5502,0.5068,0.0731,0.6104,0.5727,0.2609,0.3208,0.0434,0.4337,86.1978,65.4558,32.3391,1.6454
39.567,1187,sitting,0.7112,0.9375,-0.07,2.1206,1.0075,0.4751,0.8119,0.8714,0.5511,0.5072,0.0732,0.6113,0.5739,0.2609,0.3204,0.0439,0.434,86.2684,65.5121,32.3635,1.6452
39.6,1188,sitting,0.7122,0.9378,-0.0694,2.1202,1.0072,0.475,0.8127,0.8723,0.5521,0.5081,0.0733,0.6117,0.5742,0.2606,0.3203,0.0439,0.4349,86.2764,65.4414,32.4302,1.647
39.633,1189,sitting,0.7135,0.9386,-0.0687,2.1208,1.0073,0.4749,0.8134,0.8738,0.5532,0.5086,0.0733,0.6125,0.5747,0.2602,0.3206,0.0446,0.4352,86.2615,65.6284,32.3695,1.6505
39.667,1190,sitting,0.7142,0.9391,-0.0679,2.1209,1.007,0.4748,0.8138,0.8744,0.554,0.5077,0.0734,0.6138,0.5756,0.2598,0.3204,0.0464,0.4342,86.4238,65.9877,32.2991,1.6546
39.7,1191,sitting,0.7155,0.9399,-0.0671,2.1216,1.007,0.4746,0.8146,0.8755,0.5554,0.5076,0.0735,0.6153,0.5771,0.2592,0.3201,0.0479,0.434,86.6754,66.2063,32.3182,1.6556
39.733,1192,sitting,0.7163,0.941,-0.0666,2.124,1.0076,0.4744,0.815,0.8765,0.5562,0.5075,0.0736,0.6164,0.5782,0.2588,0.3203,0.0487,0.4339,86.8139,66.3067,32.3341,1.6563
39.767,1193,sitting,0.7167,0.9412,-0.0658,2.123,1.007,0.4743,0.8152,0.8769,0.5565,0.5086,0.0737,0.6171,0.5788,0.2588,0.3204,0.0478,0.435,86.7381,66.1976,32.3044,1.6545
39.8,1194,sitting,0.7163,0.9409,-0.0657,2.122,1.0066,0.4743,0.8152,0.8762,0.5563,0.5078,0.0737,0.6174,0.579,0.2589,0.32,0.0484,0.4341,86.8033,66.2527,32.3311,1.652
39.833,1195,sitting,0.7158,0.9402,-0.0655,2.1198,1.0057,0.4745,0.8151,0.8754,0.5562,0.5066,0.0737,0.617,0.5784,0.2589,0.3192,0.0496,0.4329,86.9844,66.4116,32.3462,1.6503
39.867,1196,sitting,0.7142,0.9395,-0.0686,2.1236,1.0081,0.4747,0.8126,0.8745,0.5538,0.5044,0.0734,0.6137,0.5768,0.2588,0.3207,0.0494,0.431,86.9538,66.404,32.3081,1.6492
39.9,1197,sitting,0.7147,0.9395,-0.0679,2.1224,1.0075,0.4747,0.8131,0.8749,0.5545,0.5044,0.0735,0.6145,0.5771,0.2586,0.3204,0.0501,0.4309,87.101,66.4317,32.3887,1.6452
39.933,1198,sitting,0.7148,0.9393,-0.0672,2.1205,1.0066,0.4747,0.814,0.8749,0.5546,0.5044,0.0735,0.6151,0.5773,0.2593,0.3203,0.0503,0.4308,87.1357,66.3958,32.4444,1.6408
39.967,1199,sitting,0.715,0.9401,-0.0662,2.121,1.0063,0.4744,0.8145,0.8754,0.5546,0.5054,0.0736,0.6159,0.5779,0.2599,0.3208,0.0492,0.4317,86.9404,66.264,32.4193,1.6419
40.0,1200,sitting,0.7113,0.9382,-0.0704,2.1237,1.0087,0.475,0.811,0.8732,0.5495,0.5036,0.0732,0.6113,0.5744,0.2615,0.3237,0.0459,0.4305,86.3828,66.1037,32.0699,1.6462
40.033,1201,sitting,0.7087,0.9373,-0.0745,2.1286,1.0118,0.4753,0.8085,0.8715,0.5458,0.5014,0.0727,0.6082,0.5727,0.2626,0.3257,0.0444,0.4287,86.0604,66.0737,31.8629,1.6489
40.067,1202,sitting,0.7098,0.9377,-0.0728,2.1262,1.0104,0.4752,0.8096,0.872,0.5477,0.5032,0.0729,0.6099,0.5739,0.2618,0.3242,0.0445,0.4303,86.0357,66.0336,31.9206,1.6466
40.1,1203,sitting,0.7109,0.9381,-0.071,2.1245,1.0091,0.475,0.8109,0.8726,0.5493,0.5035,0.0731,0.6115,0.5748,0.2616,0.3234,0.0457,0.4304,86.2007,66.2322,31.9126,1.6462
40.133,1204,sitting,0.7114,0.9381,-0.0702,2.1231,1.0084,0.4749,0.8118,0.8726,0.5502,0.5036,0.0732,0.612,0.5748,0.2616,0.3224,0.0466,0.4304,86.3888,66.2909,31.9911,1.6441
40.167,1205,sitting,0.7124,0.9388,-0.0691,2.1228,1.0079,0.4748,0.8134,0.8734,0.5513,0.5054,0.0733,0.6135,0.5762,0.2621,0.3221,0.0459,0.432,86.3013,66.1546,32.0149,1.6433
40.2,1206,sitting,0.7131,0.9396,-0.0689,2.1245,1.0085,0.4747,0.816,0.8739,0.5522,0.5062,0.0733,0.6146,0.5774,0.2637,0.3217,0.046,0.4329,86.3278,66.1207,32.0372,1.6447
40.233,1207,sitting,0.7137,0.9401,-0.0686,2.1253,1.0088,0.4746,0.8179,0.8745,0.5528,0.507,0.0734,0.6155,0.5788,0.265,0.3217,0.0459,0.4336,86.2742,66.2162,31.9201,1.6484
40.267,1208,sitting,0.7134,0.9396,-0.0687,2.124,1.0084,0.4748,0.8183,0.874,0.5527,0.507,0.0733,0.6152,0.5791,0.2656,0.3213,0.0457,0.4336,86.2902,66.2696,31.8516,1.6491
40.3,1209,sitting,0.7136,0.9397,-0.0685,2.1235,1.0081,0.4747,0.8188,0.8743,0.5529,0.5069,0.0734,0.6155,0.5797,0.2659,0.3214,0.046,0.4335,86.3131,66.379,31.7967,1.6486
40.333,1210,sitting,0.7139,0.9393,-0.0681,2.1217,1.0074,0.4748,0.8193,0.8744,0.5534,0.5074,0.0734,0.6156,0.5797,0.266,0.321,0.0459,0.434,86.2951,66.4426,31.7235,1.6483
40.367,1211,sitting,0.7142,0.9392,-0.0677,2.1209,1.0069,0.4748,0.8202,0.8746,0.5539,0.5073,0.0734,0.6157,0.5797,0.2664,0.3208,0.0465,0.4339,86.3555,66.5343,31.7253,1.6467
40.4,1212,sitting,0.7113,0.9379,-0.0714,2.1238,1.0092,0.4752,0.8169,0.8734,0.5492,0.5063,0.073,0.6119,0.5766,0.2677,0.3242,0.0429,0.4333,85.8356,66.2255,31.466,1.649
40.433,1213,sitting,0.7118,0.9386,-0.0706,2.1244,1.0091,0.475,0.8189,0.8742,0.5494,0.507,0.0731,0.6131,0.5777,0.2695,0.3248,0.0423,0.4339,85.7274,66.3228,31.2972,1.649
40.467,1214,sitting,0.7124,0.9395,-0.0698,2.1257,1.0092,0.4748,0.8196,0.8748,0.5501,0.5081,0.0732,0.6145,0.5783,0.2695,0.3247,0.042,0.4348,85.7344,66.2399,31.3125,1.6507
40.5,1215,sitting,0.7124,0.9402,-0.069,2.1271,1.0092,0.4745,0.8202,0.875,0.5499,0.5097,0.0733,0.6156,0.5787,0.2703,0.3252,0.0402,0.4364,85.5714,66.0878,31.1707,1.6539
40.533,1216,sitting,0.7127,0.9402,-0.0686,2.1259,1.0088,0.4745,0.8212,0.8753,0.55,0.5105,0.0734,0.6166,0.5792,0.2712,0.3253,0.0395,0.4372,85.5238,66.0871,31.08,1.6544
40.567,1217,sitting,0.7131,0.9408,-0.0681,2.127,1.0089,0.4743,0.8219,0.8759,0.5503,0.5099,0.0734,0.6171,0.5792,0.2716,0.3256,0.0403,0.4365,85.6625,66.2358,31.0528,1.6548
40.6,1218,sitting,0.7118,0.9412,-0.071,2.1344,1.0123,0.4743,0.819,0.8755,0.548,0.5083,0.0731,0.6152,0.5781,0.2709,0.3275,0.0398,0.4352,85.5756,66.1391,31.0524,1.6575
40.633,1219,sitting,0.7119,0.9415,-0.0704,2.1339,1.0119,0.4742,0.8188,0.8755,0.5484,0.5083,0.0731,0.6159,0.5785,0.2704,0.3272,0.04,0.4352,85.5843,66.1845,31.0581,1.6597
40.667,1220,sitting,0.7121,0.9417,-0.07,2.1336,1.0117,0.4742,0.8189,0.8754,0.5488,0.5077,0.0732,0.6168,0.5792,0.27,0.3266,0.0411,0.4345,85.7404,66.3784,31.0372,1.6627
40.7,1221,sitting,0.7128,0.9424,-0.0695,2.135,1.0119,0.474,0.8192,0.8758,0.5499,0.5077,0.0732,0.6182,0.5809,0.2693,0.3259,0.0422,0.4345,85.9009,66.5241,31.0673,1.6642
40.733,1222,sitting,0.7129,0.9425,-0.0694,2.1351,1.0119,0.474,0.8189,0.8754,0.5504,0.5074,0.0732,0.6187,0.5811,0.2685,0.325,0.043,0.4342,86.0295,66.6415,31.0821,1.6656
40.767,1223,sitting,0.7132,0.9429,-0.0694,2.1365,1.0123,0.4738,0.8188,0.8754,0.551,0.5067,0.0732,0.6186,0.581,0.2678,0.3245,0.0442,0.4335,86.1941,66.8155,31.105,1.6673
40.8,1224,sitting,0.7137,0.9423,-0.0694,2.1345,1.0117,0.474,0.8196,0.8755,0.5519,0.5068,0.0733,0.6178,0.5808,0.2676,0.3236,0.0451,0.4335,86.527,66.7677,31.3021,1.6662
40.833,1225,sitting,0.7145,0.9422,-0.0691,2.1334,1.0112,0.474,0.8195,0.8756,0.5533,0.5068,0.0733,0.6177,0.5806,0.2662,0.3223,0.0465,0.4335,86.7235,66.7738,31.5093,1.6667
40.867,1226,sitting,0.7148,0.9416,-0.0685,2.1301,1.01,0.4742,0.8195,0.8756,0.5541,0.5064,0.0734,0.6177,0.5804,0.2654,0.3215,0.0477,0.4331,86.8374,66.8717,31.5997,1.6631
40.9,1227,sitting,0.7148,0.9413,-0.0679,2.1281,1.0093,0.4743,0.8195,0.8752,0.5543,0.5071,0.0734,0.6183,0.5805,0.2652,0.3208,0.0473,0.4337,86.8134,66.8143,31.5992,1.6606
40.933,1228,sitting,0.7143,0.9408,-0.0677,2.126,1.0086,0.4744,0.8196,0.8742,0.5543,0.5077,0.0735,0.6184,0.5802,0.2653,0.32,0.0466,0.4342,86.7627,66.6878,31.623,1.6558
40.967,1229,sitting,0.7146,0.9413,-0.0676,2.1269,1.0089,0.4744,0.8198,0.8744,0.5548,0.5082,0.0735,0.6196,0.5816,0.265,0.3196,0.0467,0.4347,86.8023,66.6663,31.6443,1.6585
41.0,1230,sitting,0.7148,0.9416,-0.0671,2.1272,1.0088,0.4742,0.8197,0.8744,0.5552,0.5078,0.0735,0.6198,0.5823,0.2645,0.3191,0.0474,0.4343,86.8987,66.6764,31.75,1.6584
41.033,1231,sitting,0.7153,0.9424,-0.0671,2.1291,1.0094,0.4741,0.8202,0.8747,0.5559,0.5079,0.0735,0.6204,0.5835,0.2643,0.3188,0.048,0.4344,86.9955,66.7193,31.7998,1.6592
41.067,1232,sitting,0.7159,0.9426,-0.067,2.1292,1.0096,0.4741,0.8201,0.8751,0.5567,0.508,0.0735,0.6211,0.5845,0.2634,0.3184,0.0487,0.4345,87.0716,66.7846,31.8364,1.6587
41.1,1233,sitting,0.716,0.9427,-0.0669,2.1295,1.0096,0.4741,0.8202,0.8752,0.5568,0.5082,0.0735,0.6212,0.5847,0.2634,0.3184,0.0486,0.4347,87.042,66.6747,31.9199,1.6572
41.133,1234,sitting,0.7162,0.9433,-0.0669,2.1317,1.0101,0.4739,0.8202,0.8754,0.557,0.5076,0.0735,0.6211,0.5849,0.2632,0.3184,0.0494,0.4341,87.1431,66.8505,31.8813,1.6612
41.167,1235,sitting,0.7163,0.9432,-0.067,2.1316,1.0102,0.4739,0.8206,0.8757,0.557,0.5072,0.0735,0.621,0.5849,0.2636,0.3187,0.0498,0.4336,87.0668,67.0434,31.7731,1.661
41.2,1236,sitting,0.7168,0.9436,-0.0666,2.1324,1.0103,0.4738,0.819,0.8761,0.5574,0.5073,0.0736,0.621,0.5834,0.2616,0.3187,0.0501,0.4338,87.1906,66.9866,31.8541,1.6634
41.233,1237,sitting,0.7167,0.9441,-0.0658,2.1327,1.0098,0.4735,0.8187,0.8765,0.5569,0.5081,0.0737,0.6212,0.5831,0.2617,0.3196,0.0489,0.4344,86.9604,66.8108,31.8217,1.6631
41.267,1238,sitting,0.7165,0.9446,-0.0655,2.1347,1.0102,0.4732,0.818,0.8766,0.5564,0.5088,0.0737,0.6214,0.5829,0.2616,0.3202,0.0476,0.4351,86.6938,66.6661,31.7546,1.6627
41.3,1239,sitting,0.7169,0.9454,-0.0648,2.1361,1.0102,0.4729,0.8182,0.8771,0.5568,0.509,0.0738,0.6222,0.5837,0.2614,0.3203,0.0477,0.4353,86.6572,66.7733,31.6847,1.6659
41.333,1240,sitting,0.7166,0.9457,-0.0647,2.1371,1.0104,0.4728,0.8174,0.8766,0.5567,0.5093,0.0738,0.6219,0.5834,0.2607,0.3199,0.0474,0.4355,86.5783,66.7051,31.712,1.6691
41.367,1241,sitting,0.7167,0.946,-0.0643,2.1377,1.0103,0.4726,0.8173,0.8767,0.5567,0.5091,0.0738,0.6221,0.5836,0.2606,0.3199,0.0476,0.4353,86.5772,66.733,31.7248,1.6702
41.4,1242,sitting,0.717,0.9468,-0.0639,2.1393,1.0107,0.4725,0.8182,0.8772,0.5569,0.5092,0.0739,0.6226,0.5841,0.2613,0.3203,0.0477,0.4353,86.5385,66.7907,31.6882,1.6701
41.433,1243,sitting,0.717,0.9471,-0.0635,2.1397,1.0106,0.4723,0.8192,0.8772,0.5568,0.5094,0.0739,0.6229,0.5844,0.2625,0.3204,0.0473,0.4355,86.4491,66.7306,31.6997,1.6674
41.467,1244,sitting,0.7167,0.9469,-0.0638,2.1396,1.0108,0.4724,0.8198,0.8771,0.5564,0.5092,0.0739,0.6229,0.5845,0.2635,0.3207,0.0472,0.4354,86.317,66.778,31.6307,1.6664
41.5,1245,sitting,0.7167,0.9472,-0.064,2.1405,1.0112,0.4724,0.8204,0.8774,0.556,0.51,0.0739,0.6233,0.5852,0.2645,0.3215,0.046,0.4361,86.2139,66.6789,31.5425,1.6669
41.533,1246,sitting,0.7164,0.9473,-0.0634,2.1403,1.0106,0.4722,0.8199,0.8773,0.5555,0.5097,0.0739,0.6231,0.5846,0.2644,0.3218,0.0458,0.4358,86.2864,66.7105,31.4967,1.6649
41.567,1247,sitting,0.7162,0.9466,-0.0634,2.1384,1.01,0.4723,0.8191,0.8774,0.5551,0.5082,0.0739,0.6227,0.5844,0.264,0.3223,0.0469,0.4343,86.3926,66.9043,31.4904,1.6635
41.6,1248,sitting,0.712,0.9436,-0.0687,2.139,1.0123,0.4733,0.8142,0.8744,0.5495,0.5056,0.0734,0.6173,0.58,0.2647,0.3249,0.0439,0.4323,85.9109,66.3639,31.5362,1.6619
41.633,1249,sitting,0.7123,0.9428,-0.0678,2.1349,1.0106,0.4734,0.8134,0.8743,0.5504,0.5054,0.0734,0.6173,0.5798,0.263,0.3239,0.045,0.4319,86.1781,66.3412,31.7276,1.6601
41.667,1250,sitting,0.713,0.9425,-0.0674,2.1326,1.0099,0.4735,0.8141,0.8746,0.5513,0.5056,0.0735,0.6173,0.5799,0.2628,0.3234,0.0456,0.4321,86.3446,66.4546,31.7278,1.6613
41.7,1251,sitting,0.7136,0.9422,-0.067,2.1306,1.0092,0.4737,0.8154,0.8749,0.5522,0.5061,0.0736,0.6173,0.5794,0.2632,0.3227,0.0461,0.4326,86.4626,66.5065,31.7496,1.6595
41.733,1252,sitting,0.7117,0.9414,-0.0714,2.1363,1.0128,0.4741,0.8137,0.8737,0.5496,0.5042,0.0731,0.6137,0.5775,0.264,0.324,0.0455,0.4311,86.2998,66.4228,31.7165,1.6623
41.767,1253,sitting,0.7122,0.9414,-0.071,2.1347,1.0123,0.4742,0.8145,0.8739,0.5505,0.5044,0.0731,0.6145,0.5773,0.264,0.3234,0.0461,0.4313,86.4681,66.5274,31.7186,1.6632
41.8,1254,sitting,0.7103,0.9407,-0.0744,2.1395,1.0151,0.4745,0.812,0.8728,0.5477,0.5025,0.0727,0.6113,0.5758,0.2643,0.3251,0.0452,0.4298,86.2911,66.4204,31.6802,1.6673
41.833,1255,sitting,0.709,0.9404,-0.0768,2.1432,1.0172,0.4746,0.8104,0.8723,0.5458,0.5009,0.0725,0.6088,0.575,0.2646,0.3264,0.0449,0.4285,86.2442,66.3966,31.6352,1.6675
41.867,1256,sitting,0.7103,0.9404,-0.0745,2.1387,1.0149,0.4745,0.8119,0.8726,0.5481,0.5016,0.0727,0.6108,0.5763,0.2638,0.3246,0.0465,0.4288,86.521,66.5637,31.7328,1.6653
41.9,1257,sitting,0.7116,0.941,-0.0731,2.1374,1.014,0.4744,0.8132,0.8734,0.5498,0.5025,0.0729,0.6121,0.577,0.2634,0.3236,0.0473,0.4296,86.6227,66.5753,31.8415,1.6637
41.933,1258,sitting,0.7125,0.9416,-0.0721,2.1373,1.0137,0.4743,0.8142,0.874,0.5511,0.5038,0.073,0.6129,0.5775,0.2631,0.3228,0.0473,0.4308,86.5918,66.5599,31.8436,1.6626
41.967,1259,sitting,0.7135,0.942,-0.0707,2.136,1.0127,0.4741,0.8147,0.8743,0.5526,0.504,0.0732,0.6141,0.5782,0.262,0.3217,0.0486,0.4309,86.8083,66.6777,31.9178,1.6604
42.0,1260,sitting,0.7111,0.9412,-0.074,2.1396,1.0152,0.4745,0.8126,0.8738,0.5484,0.5044,0.0728,0.6111,0.5762,0.2641,0.3253,0.044,0.4316,86.0005,66.0659,31.7772,1.6574
42.033,1261,sitting,0.7123,0.9415,-0.072,2.1369,1.0135,0.4743,0.8137,0.8748,0.5499,0.5057,0.073,0.6124,0.5765,0.2639,0.3249,0.0441,0.4328,85.9986,66.0466,31.8205,1.6539
42.067,1262,sitting,0.7134,0.9421,-0.0701,2.1349,1.0122,0.4741,0.8146,0.8754,0.5514,0.5065,0.0732,0.6142,0.5775,0.2631,0.3239,0.0449,0.4333,86.1418,66.0573,31.9264,1.6529
42.1,1263,sitting,0.7141,0.9427,-0.068,2.1335,1.0108,0.4737,0.8147,0.8758,0.5525,0.5074,0.0734,0.6157,0.5781,0.2622,0.3233,0.0451,0.4339,86.0988,65.987,32.0355,1.6507
42.133,1264,sitting,0.7146,0.9429,-0.067,2.1318,1.0098,0.4737,0.8154,0.8759,0.5533,0.5083,0.0735,0.6161,0.5779,0.2621,0.3226,0.045,0.4348,86.0963,65.961,32.0423,1.6487
42.167,1265,sitting,0.7148,0.9428,-0.0662,2.1302,1.0091,0.4737,0.8159,0.8755,0.5541,0.5091,0.0736,0.6163,0.5784,0.2618,0.3214,0.045,0.4355,86.1924,66.0153,31.9986,1.6482
42.2,1266,sitting,0.7153,0.9437,-0.0657,2.1322,1.0094,0.4734,0.8166,0.8756,0.5551,0.5093,0.0737,0.6169,0.5796,0.2615,0.3204,0.0458,0.4356,86.2789,66.1098,32.042,1.6499
42.233,1267,sitting,0.7152,0.9435,-0.0657,2.1314,1.0093,0.4735,0.8157,0.8749,0.5555,0.5102,0.0737,0.6168,0.5795,0.2601,0.3193,0.0454,0.4365,86.3784,65.9867,32.09,1.6495
42.267,1268,sitting,0.7152,0.9433,-0.0655,2.1298,1.0087,0.4736,0.8155,0.8745,0.556,0.5105,0.0737,0.6168,0.5791,0.2595,0.3185,0.0455,0.4368,86.4204,66.0154,32.0885,1.6477
42.3,1269,sitting,0.7154,0.9434,-0.065,2.1296,1.0084,0.4735,0.8154,0.8746,0.5561,0.5106,0.0737,0.6171,0.5785,0.2593,0.3185,0.0455,0.4368,86.3932,65.962,32.1419,1.6461
42.333,1270,sitting,0.7151,0.9428,-0.065,2.1272,1.0077,0.4737,0.815,0.8743,0.5559,0.5105,0.0737,0.617,0.5783,0.2591,0.3184,0.0454,0.4368,86.3254,65.942,32.144,1.6436
42.367,1271,sitting,0.715,0.9423,-0.0649,2.1252,1.0072,0.4739,0.8144,0.8741,0.5559,0.5102,0.0738,0.6174,0.5786,0.2586,0.3183,0.0456,0.4365,86.4065,65.9784,32.14,1.6419
42.4,1272,sitting,0.7143,0.9417,-0.0639,2.122,1.0056,0.4739,0.8134,0.8735,0.5552,0.5107,0.0739,0.6169,0.5782,0.2582,0.3183,0.0445,0.4368,86.2172,65.7599,32.1816,1.6411
42.433,1273,sitting,0.7139,0.9407,-0.0637,2.1187,1.0044,0.4741,0.8129,0.8732,0.5546,0.5105,0.0739,0.6163,0.5774,0.2584,0.3186,0.044,0.4366,86.2443,65.8347,32.0521,1.6407
42.467,1274,sitting,0.7136,0.94,-0.0633,2.1155,1.0034,0.4743,0.8132,0.8727,0.5544,0.51,0.0739,0.6163,0.5776,0.2588,0.3183,0.0444,0.4361,86.3362,65.8434,32.0936,1.638
42.5,1275,sitting,0.7134,0.9396,-0.0633,2.1138,1.0028,0.4744,0.8126,0.8723,0.5545,0.51,0.074,0.6159,0.577,0.2582,0.3178,0.0445,0.436,86.4298,65.735,32.2115,1.6377
42.533,1276,sitting,0.7128,0.9385,-0.0629,2.1096,1.0014,0.4747,0.8119,0.8715,0.5542,0.5099,0.074,0.6153,0.5764,0.2578,0.3173,0.0442,0.436,86.3948,65.5782,32.3315,1.6359
42.567,1277,sitting,0.7131,0.9384,-0.0631,2.1097,1.0015,0.4747,0.811,0.8715,0.5546,0.5099,0.0739,0.6148,0.5755,0.2564,0.317,0.0447,0.436,86.435,65.6017,32.3791,1.6419
42.6,1278,sitting,0.7133,0.9384,-0.0628,2.1094,1.0012,0.4746,0.811,0.872,0.5545,0.5101,0.074,0.6145,0.5751,0.2565,0.3175,0.0444,0.4362,86.3301,65.5848,32.3624,1.6424
42.633,1279,sitting,0.7136,0.9382,-0.0626,2.1083,1.0008,0.4747,0.8113,0.8725,0.5547,0.5108,0.074,0.614,0.5742,0.2566,0.3179,0.0439,0.4368,86.214,65.4929,32.3899,1.6417
42.667,1280,sitting,0.7137,0.9377,-0.0627,2.1068,1.0004,0.4748,0.811,0.8726,0.5549,0.5103,0.0739,0.6133,0.5736,0.2561,0.3177,0.0446,0.4363,86.2253,65.6471,32.3609,1.6398
42.7,1281,sitting,0.7145,0.9386,-0.0633,2.1102,1.0018,0.4748,0.8113,0.8735,0.5556,0.5105,0.0739,0.6134,0.5735,0.2557,0.3179,0.0451,0.4366,86.2808,65.7708,32.3239,1.6412
42.733,1282,sitting,0.7148,0.9394,-0.0634,2.1128,1.0027,0.4746,0.8112,0.8741,0.5555,0.5106,0.0739,0.614,0.5741,0.2557,0.3186,0.0449,0.4368,86.2974,65.7568,32.3041,1.6423
42.767,1283,sitting,0.7148,0.9397,-0.0632,2.1132,1.0029,0.4746,0.8103,0.8741,0.5556,0.5104,0.0739,0.6145,0.5744,0.2547,0.3185,0.0452,0.4365,86.3474,65.9159,32.2214,1.6437
42.8,1284,sitting,0.711,0.9384,-0.0684,2.1196,1.0068,0.475,0.8053,0.8716,0.5504,0.5079,0.0733,0.6108,0.5733,0.2549,0.3212,0.0425,0.4346,85.9573,65.6599,32.0227,1.6485
42.833,1285,sitting,0.7082,0.938,-0.0728,2.1277,1.0107,0.475,0.8021,0.87,0.5463,0.5069,0.0729,0.6076,0.5719,0.2558,0.3237,0.0394,0.4341,85.475,65.2733,31.8964,1.6497
42.867,1286,sitting,0.7058,0.9373,-0.0758,2.1325,1.0131,0.4751,0.7993,0.8686,0.5429,0.5061,0.0725,0.6045,0.5699,0.2563,0.3256,0.0369,0.4336,85.0954,64.8612,31.8852,1.6532
42.9,1287,sitting,0.7072,0.9384,-0.073,2.1309,1.0114,0.4746,0.8004,0.8694,0.545,0.5079,0.0729,0.6065,0.5708,0.2554,0.3243,0.0371,0.4351,85.2701,64.8459,31.922,1.6546
42.933,1288,sitting,0.7081,0.9388,-0.071,2.1285,1.0098,0.4744,0.8006,0.8696,0.5465,0.5084,0.0731,0.6083,0.5716,0.2541,0.3231,0.0381,0.4353,85.4536,64.9317,31.9944,1.6571
42.967,1289,sitting,0.7091,0.9388,-0.0694,2.1253,1.0082,0.4744,0.8012,0.8698,0.5484,0.5094,0.0733,0.6096,0.5719,0.2528,0.3214,0.039,0.4361,85.7046,64.9384,32.1211,1.6535
43.0,1290,sitting,0.7101,0.9395,-0.0681,2.125,1.0076,0.4742,0.8012,0.8705,0.5497,0.5098,0.0734,0.6112,0.573,0.2515,0.3208,0.0399,0.4364,85.8871,65.0151,32.191,1.6524
43.033,1291,sitting,0.7106,0.94,-0.0667,2.1242,1.0067,0.4739,0.8008,0.8707,0.5506,0.5102,0.0736,0.6121,0.5736,0.2502,0.3201,0.0404,0.4366,86.0698,65.122,32.177,1.6508
43.067,1292,sitting,0.7112,0.9402,-0.065,2.122,1.0052,0.4737,0.8007,0.8709,0.5515,0.5101,0.0738,0.6128,0.574,0.2492,0.3194,0.0414,0.4363,86.2507,65.2452,32.2406,1.6516
43.1,1293,sitting,0.7125,0.9412,-0.0638,2.1223,1.005,0.4735,0.8012,0.872,0.553,0.5099,0.0739,0.6144,0.5749,0.2482,0.3189,0.0431,0.436,86.5124,65.5869,32.2044,1.6533
43.133,1294,sitting,0.7127,0.9408,-0.0627,2.1191,1.0035,0.4736,0.8009,0.8722,0.5532,0.5103,0.074,0.6146,0.5748,0.2477,0.319,0.0428,0.4363,86.3976,65.546,32.2164,1.6514
43.167,1295,sitting,0.7125,0.9404,-0.0619,2.1159,1.0023,0.4737,0.8006,0.8718,0.5533,0.5106,0.0741,0.6146,0.5744,0.2473,0.3185,0.0427,0.4365,86.3403,65.4275,32.3156,1.6489
43.2,1296,sitting,0.7115,0.9397,-0.0613,2.1129,1.0009,0.4737,0.7999,0.8714,0.5517,0.511,0.0742,0.6141,0.5736,0.2483,0.3197,0.0407,0.4368,86.0155,65.123,32.2995,1.6461
43.233,1297,sitting,0.7115,0.9398,-0.0605,2.1119,1.0003,0.4736,0.7998,0.8714,0.5516,0.5119,0.0743,0.6147,0.5742,0.2482,0.3198,0.0397,0.4377,85.859,64.9374,32.3236,1.6443
43.267,1298,sitting,0.7119,0.9402,-0.0605,2.113,1.0007,0.4736,0.8,0.8719,0.5519,0.512,0.0743,0.6153,0.5749,0.248,0.3199,0.0399,0.4378,85.9441,64.9753,32.3064,1.6444
43.3,1299,sitting,0.7121,0.9401,-0.06,2.1113,1.0,0.4737,0.7997,0.8721,0.5521,0.5122,0.0743,0.6151,0.575,0.2476,0.32,0.0399,0.4379,85.8941,65.0042,32.2901,1.6431
43.333,1300,sitting,0.7129,0.9413,-0.0605,2.1155,1.0017,0.4735,0.8003,0.8726,0.5532,0.512,0.0742,0.6161,0.5757,0.2471,0.3194,0.0412,0.4378,86.0505,65.2236,32.2667,1.6462
43.367,1301,sitting,0.7137,0.9416,-0.061,2.1171,1.0026,0.4736,0.8006,0.873,0.5543,0.5116,0.0742,0.6164,0.5759,0.2462,0.3186,0.0427,0.4374,86.3211,65.3529,32.3774,1.647
43.4,1302,sitting,0.7138,0.9411,-0.0609,2.1152,1.002,0.4737,0.8006,0.8728,0.5549,0.5112,0.0742,0.616,0.5753,0.2457,0.3179,0.0437,0.437,86.3684,65.4251,32.4706,1.6468
43.433,1303,sitting,0.714,0.9406,-0.0611,2.1139,1.0017,0.4738,0.8008,0.8726,0.5554,0.5106,0.0742,0.6155,0.5746,0.2454,0.3172,0.0449,0.4363,86.5457,65.589,32.4999,1.6458
43.467,1304,sitting,0.714,0.9403,-0.0611,2.1124,1.0013,0.474,0.8018,0.8723,0.5557,0.5107,0.0742,0.6162,0.5755,0.2461,0.3167,0.0449,0.4365,86.5832,65.5802,32.5169,1.6429
43.5,1305,sitting,0.714,0.9407,-0.0612,2.1141,1.002,0.4739,0.8025,0.8726,0.5555,0.511,0.0742,0.6169,0.5761,0.247,0.3171,0.0445,0.4368,86.4856,65.5758,32.4467,1.6438
43.533,1306,sitting,0.7137,0.9408,-0.0616,2.1152,1.0024,0.4739,0.8021,0.8722,0.5552,0.511,0.0742,0.6171,0.5761,0.2469,0.317,0.0442,0.4368,86.3857,65.4627,32.5052,1.645
43.567,1307,sitting,0.7136,0.9408,-0.0622,2.1161,1.003,0.474,0.8019,0.8721,0.5551,0.5111,0.0741,0.6171,0.5757,0.2468,0.3169,0.044,0.437,86.3606,65.4117,32.5143,1.6453
43.6,1308,sitting,0.7108,0.9396,-0.0673,2.1227,1.0068,0.4743,0.7987,0.8705,0.5512,0.5092,0.0735,0.6119,0.5733,0.2475,0.3193,0.0419,0.4357,85.9921,65.1797,32.3956,1.6506
43.633,1309,sitting,0.7107,0.9385,-0.0659,2.117,1.0044,0.4744,0.7982,0.8701,0.5512,0.5097,0.0737,0.6108,0.5715,0.247,0.3189,0.0415,0.436,85.9733,65.0762,32.4358,1.648
43.667,1310,sitting,0.7107,0.9382,-0.0647,2.1137,1.0029,0.4744,0.7981,0.8698,0.5516,0.5096,0.0738,0.6106,0.5705,0.2465,0.3182,0.0419,0.4358,86.0417,65.0449,32.5337,1.6456
43.7,1311,sitting,0.7114,0.9383,-0.064,2.1127,1.0023,0.4744,0.799,0.8701,0.5526,0.5093,0.0739,0.6105,0.5697,0.2464,0.3175,0.0434,0.4354,86.2367,65.1439,32.6451,1.6448
43.733,1312,sitting,0.7114,0.9377,-0.063,2.1089,1.0007,0.4745,0.7996,0.87,0.5529,0.5095,0.074,0.61,0.5689,0.2467,0.3171,0.0434,0.4355,86.1994,65.165,32.6379,1.6431
43.767,1313,sitting,0.7121,0.9373,-0.063,2.1069,1.0003,0.4748,0.801,0.8703,0.554,0.5091,0.074,0.6099,0.5688,0.2471,0.3164,0.0448,0.4352,86.51,65.3487,32.6853,1.6438
43.8,1314,sitting,0.7132,0.9381,-0.063,2.109,1.0011,0.4747,0.8028,0.8711,0.5553,0.509,0.074,0.6109,0.5695,0.2475,0.3158,0.0463,0.435,86.7803,65.5638,32.7021,1.6458
43.833,1315,sitting,0.7136,0.9382,-0.0626,2.1081,1.0008,0.4747,0.8048,0.8715,0.5558,0.5095,0.074,0.6113,0.5703,0.2491,0.3157,0.0463,0.4355,86.7274,65.6931,32.6007,1.6455
43.867,1316,sitting,0.7143,0.9387,-0.0623,2.1092,1.001,0.4746,0.8069,0.8721,0.5565,0.5088,0.074,0.6116,0.5704,0.2504,0.3156,0.0477,0.4348,86.8957,65.9689,32.5474,1.6476
43.9,1317,sitting,0.7151,0.9391,-0.0621,2.1102,1.0012,0.4745,0.8082,0.8727,0.5575,0.5089,0.0741,0.612,0.5708,0.2507,0.3152,0.0486,0.4348,87.0214,66.1054,32.5737,1.6501
43.933,1318,sitting,0.7156,0.9396,-0.0628,2.1122,1.0024,0.4746,0.8097,0.8731,0.5581,0.5091,0.074,0.6128,0.5718,0.2516,0.3149,0.0491,0.4351,87.1176,66.1808,32.5624,1.6531
43.967,1319,sitting,0.7155,0.9391,-0.063,2.1108,1.0021,0.4747,0.8103,0.8732,0.5578,0.5101,0.074,0.6125,0.5715,0.2525,0.3153,0.0477,0.4361,86.8512,65.8999,32.627,1.6528
44.0,1320,sitting,0.7108,0.9363,-0.0694,2.1149,1.0057,0.4755,0.8056,0.8695,0.5521,0.5077,0.0733,0.6063,0.5675,0.2535,0.3174,0.0444,0.4344,86.376,65.2938,32.6635,1.6536
44.033,1321,sitting,0.7106,0.936,-0.0689,2.1132,1.0049,0.4755,0.806,0.8688,0.5524,0.508,0.0733,0.6069,0.5677,0.2536,0.3164,0.0444,0.4347,86.4798,65.1144,32.8,1.6489
44.067,1322,sitting,0.7084,0.9344,-0.0733,2.1162,1.0077,0.4762,0.8045,0.8671,0.5496,0.5048,0.0728,0.6024,0.5659,0.2548,0.3174,0.0449,0.4319,86.3385,65.1415,32.8305,1.6477
44.1,1323,sitting,0.7097,0.9349,-0.0711,2.1134,1.006,0.476,0.8061,0.8676,0.5518,0.5058,0.0731,0.6039,0.5667,0.2543,0.3157,0.046,0.4328,86.4422,65.2306,32.9254,1.6444
44.133,1324,sitting,0.7082,0.9342,-0.0748,2.1182,1.0089,0.4763,0.804,0.8663,0.55,0.5043,0.0727,0.6007,0.5654,0.2541,0.3164,0.0457,0.4317,86.4565,65.1208,32.9657,1.6459
44.167,1325,sitting,0.7075,0.9342,-0.0766,2.122,1.0108,0.4764,0.8037,0.8661,0.5489,0.5033,0.0724,0.5986,0.5656,0.2547,0.3171,0.0456,0.4309,86.4891,65.0994,32.9598,1.6477
44.2,1326,sitting,0.7065,0.9339,-0.0785,2.125,1.0124,0.4764,0.8035,0.8658,0.5473,0.5022,0.0722,0.5966,0.5654,0.2563,0.3185,0.0451,0.43,86.4338,65.0609,32.8995,1.6501
44.233,1327,sitting,0.7054,0.9333,-0.0797,2.1254,1.013,0.4766,0.8042,0.8654,0.5454,0.5012,0.0721,0.5951,0.5654,0.2588,0.32,0.0441,0.4292,86.1991,64.9698,32.849,1.65
44.267,1328,sitting,0.7053,0.9336,-0.0801,2.1272,1.0137,0.4765,0.8044,0.8656,0.545,0.5007,0.072,0.5951,0.5666,0.2594,0.3207,0.0443,0.4287,86.1727,64.9837,32.8566,1.6535
44.3,1329,sitting,0.7066,0.9337,-0.077,2.1215,1.0108,0.4765,0.8064,0.8661,0.5471,0.5024,0.0724,0.5982,0.5671,0.2593,0.319,0.0447,0.43,86.2736,64.921,33.004,1.6528
44.333,1330,sitting,0.7078,0.9342,-0.0743,2.1174,1.0085,0.4763,0.8083,0.8666,0.549,0.5035,0.0727,0.601,0.5682,0.2593,0.3176,0.0455,0.4308,86.4571,65.0619,33.0031,1.6529
44.367,1331,sitting,0.709,0.9345,-0.0721,2.1134,1.0066,0.4763,0.81,0.8673,0.5507,0.5053,0.073,0.6035,0.5695,0.2594,0.3166,0.0454,0.4323,86.4178,65.0709,33.0001,1.6514
44.4,1332,sitting,0.708,0.9345,-0.0743,2.118,1.0088,0.4763,0.8083,0.8671,0.5489,0.5053,0.0727,0.6014,0.5689,0.2594,0.3182,0.0437,0.4325,86.0683,64.7121,33.0646,1.6512
44.433,1333,sitting,0.7075,0.9347,-0.0764,2.123,1.0111,0.4763,0.8073,0.867,0.548,0.5046,0.0725,0.5998,0.5688,0.2593,0.319,0.0434,0.4321,86.0558,64.5736,33.1267,1.653
44.467,1334,sitting,0.7089,0.9351,-0.0737,2.1191,1.0088,0.4761,0.8092,0.8683,0.5495,0.5061,0.0728,0.6028,0.5703,0.2597,0.3188,0.0434,0.4333,86.1686,64.5718,33.1551,1.6543
44.5,1335,sitting,0.7104,0.9363,-0.0714,2.1186,1.0077,0.4756,0.8107,0.8696,0.5512,0.5075,0.0731,0.6054,0.5717,0.2596,0.3185,0.0437,0.4344,86.2551,64.6547,33.1266,1.6565
44.533,1336,sitting,0.7099,0.9367,-0.0732,2.1239,1.01,0.4755,0.8101,0.8697,0.55,0.5062,0.0728,0.6039,0.5713,0.2601,0.3196,0.0439,0.4333,86.1722,64.799,32.9961,1.6581
44.567,1337,sitting,0.7112,0.9371,-0.0709,2.1207,1.008,0.4753,0.8117,0.8706,0.5518,0.5069,0.0731,0.6067,0.5724,0.2599,0.3188,0.0449,0.4338,86.3927,64.8747,33.1049,1.6575
44.6,1338,sitting,0.7119,0.9371,-0.0691,2.1172,1.0062,0.4753,0.813,0.8709,0.5529,0.5077,0.0733,0.6079,0.5726,0.26,0.318,0.0452,0.4344,86.4667,64.8807,33.1479,1.6563
44.633,1339,sitting,0.7101,0.9365,-0.0712,2.119,1.0076,0.4755,0.8114,0.8699,0.5502,0.5073,0.0731,0.6054,0.5719,0.2613,0.3198,0.0429,0.4343,86.135,64.7801,32.9055,1.6598
44.667,1340,sitting,0.7104,0.9359,-0.0692,2.1131,1.0051,0.4756,0.8124,0.8698,0.5511,0.5079,0.0733,0.6065,0.572,0.2614,0.3187,0.0432,0.4346,86.1689,64.8256,32.9375,1.6568
44.7,1341,sitting,0.7112,0.9363,-0.068,2.1124,1.0043,0.4754,0.8135,0.8701,0.5523,0.5082,0.0734,0.6074,0.5722,0.2612,0.3178,0.0441,0.4348,86.3188,64.8794,33.0303,1.657
44.733,1342,sitting,0.7121,0.9359,-0.0671,2.109,1.003,0.4756,0.8144,0.8704,0.5537,0.5085,0.0735,0.6081,0.572,0.2606,0.3166,0.0453,0.4349,86.498,65.0471,33.0634,1.6549
44.767,1343,sitting,0.7124,0.9352,-0.0663,2.1048,1.0015,0.4758,0.8153,0.8703,0.5545,0.5082,0.0736,0.6088,0.5715,0.2607,0.3158,0.0463,0.4346,86.6191,65.1237,33.1735,1.6514
44.8,1344,sitting,0.7112,0.9348,-0.069,2.1084,1.0037,0.4761,0.8141,0.8696,0.5528,0.5076,0.0733,0.6054,0.5708,0.2613,0.3168,0.0452,0.4343,86.3704,64.8713,33.2251,1.6488
44.833,1345,sitting,0.7108,0.934,-0.0676,2.1038,1.0016,0.4761,0.8145,0.869,0.5526,0.5087,0.0734,0.6058,0.5701,0.2618,0.3164,0.0439,0.4352,86.226,64.677,33.2238,1.6457
44.867,1346,sitting,0.7106,0.9337,-0.0669,2.1015,1.0006,0.4761,0.8155,0.8678,0.5534,0.5093,0.0735,0.607,0.5708,0.2621,0.3145,0.0441,0.4357,86.3996,64.4923,33.417,1.6432
44.9,1347,sitting,0.7114,0.9345,-0.0664,2.1034,1.0009,0.4759,0.8162,0.8677,0.5552,0.5094,0.0736,0.6097,0.5724,0.261,0.3125,0.0458,0.4358,86.7473,64.5256,33.6164,1.6413
44.933,1348,sitting,0.7123,0.9357,-0.066,2.1061,1.0017,0.4756,0.8166,0.8683,0.5564,0.5099,0.0737,0.612,0.5744,0.2603,0.3119,0.0465,0.4363,86.8894,64.6202,33.6482,1.6452
44.967,1349,sitting,0.7137,0.937,-0.0651,2.1087,1.0021,0.4752,0.8168,0.8695,0.5579,0.5108,0.0737,0.6138,0.5762,0.2589,0.3116,0.0471,0.4371,87.0751,64.6924,33.6887,1.6503
45.0,1350,sitting,0.7144,0.9381,-0.0646,2.1113,1.0027,0.4749,0.8169,0.8695,0.5592,0.5113,0.0738,0.6155,0.577,0.2577,0.3103,0.048,0.4375,87.2588,64.6046,33.9069,1.6517
45.033,1351,sitting,0.7149,0.9383,-0.0647,2.1119,1.003,0.4749,0.8167,0.8695,0.5603,0.5113,0.0738,0.6158,0.5771,0.2564,0.3092,0.049,0.4375,87.4405,64.6031,34.0749,1.6517
45.067,1352,sitting,0.7149,0.9384,-0.0642,2.1121,1.0027,0.4747,0.8164,0.8692,0.5607,0.5117,0.0739,0.616,0.5771,0.2557,0.3085,0.049,0.4378,87.4328,64.448,34.2184,1.6503
45.1,1353,sitting,0.7148,0.9387,-0.0637,2.1123,1.0023,0.4745,0.8159,0.8694,0.5602,0.512,0.0739,0.6158,0.577,0.2557,0.3092,0.0482,0.4381,87.2912,64.3782,34.175,1.6504
45.133,1354,sitting,0.7148,0.9387,-0.0635,2.1122,1.0021,0.4745,0.8159,0.8694,0.5602,0.5127,0.0739,0.616,0.5772,0.2556,0.3092,0.0475,0.4388,87.1815,64.2926,34.1459,1.6521
45.167,1355,sitting,0.715,0.9387,-0.0634,2.1119,1.0021,0.4745,0.8162,0.8697,0.5602,0.5127,0.074,0.6159,0.5773,0.256,0.3095,0.0475,0.4387,87.15,64.3075,34.146,1.6522
45.2,1356,sitting,0.7127,0.9365,-0.0671,2.1118,1.0035,0.4752,0.814,0.8682,0.5572,0.5113,0.0735,0.6095,0.5751,0.2568,0.311,0.046,0.4377,86.8175,64.045,34.1142,1.65
45.233,1357,sitting,0.7129,0.9355,-0.0662,2.1066,1.0017,0.4755,0.8147,0.8678,0.558,0.512,0.0736,0.6105,0.5753,0.2567,0.3098,0.046,0.4384,86.8346,63.8669,34.2881,1.6478
45.267,1358,sitting,0.7128,0.9347,-0.066,2.1035,1.0007,0.4757,0.8154,0.8673,0.5583,0.5119,0.0736,0.6113,0.576,0.2571,0.309,0.0464,0.4383,86.8599,63.8123,34.3826,1.6471
45.3,1359,sitting,0.711,0.9334,-0.0695,2.1058,1.0029,0.4762,0.8131,0.866,0.5559,0.5085,0.0732,0.6072,0.5746,0.2572,0.3101,0.0474,0.4353,86.9028,63.9949,34.3348,1.6473
45.333,1360,sitting,0.7117,0.9337,-0.0689,2.1054,1.0025,0.4762,0.8137,0.8665,0.5569,0.5084,0.0733,0.608,0.5741,0.2568,0.3096,0.0484,0.4351,87.0725,64.1074,34.3805,1.6467
45.367,1361,sitting,0.713,0.935,-0.0684,2.1082,1.0034,0.4759,0.8144,0.8675,0.5585,0.5086,0.0734,0.61,0.5749,0.2559,0.309,0.0499,0.4352,87.3503,64.3302,34.3893,1.6501
45.4,1362,sitting,0.7135,0.9351,-0.0676,2.1069,1.0027,0.4759,0.8153,0.868,0.559,0.5087,0.0735,0.6107,0.5756,0.2562,0.3089,0.0504,0.4352,87.4616,64.3996,34.4052,1.6502
45.433,1363,sitting,0.714,0.9354,-0.0666,2.1061,1.0021,0.4758,0.8163,0.8684,0.5597,0.5088,0.0736,0.6115,0.5758,0.2566,0.3087,0.0509,0.4352,87.6013,64.3737,34.5081,1.65
45.467,1364,sitting,0.7147,0.9362,-0.0662,2.1078,1.0024,0.4756,0.8162,0.8693,0.5601,0.5099,0.0736,0.6124,0.5764,0.2561,0.3093,0.0501,0.4363,87.5934,64.296,34.4789,1.6546
45.5,1365,sitting,0.7151,0.9366,-0.0658,2.1079,1.0023,0.4755,0.8165,0.8698,0.5605,0.5099,0.0737,0.6128,0.5765,0.256,0.3092,0.0506,0.4362,87.6808,64.3601,34.4965,1.6541
45.533,1366,sitting,0.7149,0.9363,-0.0658,2.1071,1.0021,0.4756,0.8165,0.8695,0.5604,0.51,0.0737,0.6123,0.5758,0.2561,0.3091,0.0504,0.4363,87.666,64.3338,34.4889,1.6536
45.567,1367,sitting,0.7161,0.9374,-0.0659,2.1099,1.0032,0.4755,0.8171,0.8705,0.5617,0.5102,0.0737,0.613,0.5768,0.2554,0.3089,0.0515,0.4365,87.8176,64.4956,34.4898,1.6562
45.6,1368,sitting,0.7167,0.9377,-0.0656,2.1107,1.0033,0.4753,0.8182,0.8713,0.5621,0.5112,0.0737,0.6131,0.5775,0.2561,0.3092,0.0509,0.4375,87.6502,64.5802,34.3265,1.6591
45.633,1369,sitting,0.7165,0.937,-0.0659,2.1089,1.0028,0.4755,0.8185,0.8713,0.5618,0.5124,0.0737,0.6119,0.5769,0.2567,0.3095,0.0494,0.4387,87.4089,64.4358,34.2404,1.6598
45.667,1370,sitting,0.7155,0.9368,-0.0691,2.1147,1.0059,0.4757,0.8167,0.8714,0.5596,0.5114,0.0733,0.6076,0.5772,0.2571,0.3118,0.0481,0.4381,87.102,64.4046,34.0648,1.6671
45.7,1371,sitting,0.7168,0.9376,-0.0684,2.1155,1.006,0.4755,0.8178,0.8726,0.5609,0.5124,0.0734,0.6097,0.5778,0.2569,0.3118,0.0484,0.439,87.1642,64.3972,34.1304,1.6681
45.733,1372,sitting,0.7178,0.9381,-0.0679,2.1155,1.006,0.4755,0.8186,0.8735,0.5622,0.5117,0.0734,0.6114,0.5788,0.2564,0.3113,0.0505,0.4383,87.4579,64.6719,34.1637,1.6708
45.767,1373,sitting,0.7183,0.939,-0.0676,2.1177,1.0066,0.4753,0.8193,0.8739,0.5626,0.5119,0.0735,0.6125,0.579,0.2567,0.3113,0.0507,0.4385,87.4789,64.8673,34.0097,1.6744
45.8,1374,sitting,0.7184,0.9384,-0.0672,2.1151,1.0056,0.4754,0.8199,0.8739,0.563,0.5122,0.0735,0.6121,0.5775,0.2569,0.3109,0.0508,0.4386,87.5315,64.9625,33.9545,1.6733
45.833,1375,sitting,0.7162,0.9371,-0.0702,2.1168,1.0073,0.4759,0.8179,0.8725,0.5599,0.5114,0.0732,0.607,0.5752,0.258,0.3126,0.0485,0.4382,87.1283,64.6869,33.8619,1.673
45.867,1376,sitting,0.7173,0.9381,-0.0694,2.1182,1.0076,0.4757,0.8193,0.8729,0.5616,0.5106,0.0733,0.6093,0.5763,0.2577,0.3113,0.051,0.4373,87.4933,65.1345,33.8141,1.6733
45.9,1377,sitting,0.7176,0.9386,-0.0692,2.1188,1.0078,0.4756,0.8198,0.8732,0.562,0.5109,0.0733,0.6102,0.5766,0.2578,0.3111,0.0511,0.4376,87.5628,65.3126,33.6761,1.6737
45.933,1378,sitting,0.7179,0.9385,-0.0689,2.1179,1.0074,0.4757,0.8197,0.8733,0.5624,0.5125,0.0734,0.611,0.5773,0.2573,0.311,0.0498,0.4392,87.4341,65.1652,33.6309,1.674
45.967,1379,sitting,0.7179,0.9384,-0.068,2.1158,1.0064,0.4757,0.8191,0.8732,0.5626,0.5137,0.0735,0.612,0.5777,0.2565,0.3106,0.0489,0.4402,87.3252,64.9723,33.6967,1.6725
46.0,1380,sitting,0.7158,0.9376,-0.0717,2.1207,1.0093,0.4759,0.8163,0.8716,0.5601,0.5116,0.073,0.6086,0.5783,0.2562,0.3115,0.0485,0.4386,87.0908,64.682,33.8519,1.6721
46.033,1381,sitting,0.716,0.9381,-0.0706,2.1203,1.0087,0.4757,0.8164,0.8714,0.5606,0.5124,0.0731,0.6109,0.5808,0.2558,0.3108,0.0482,0.4393,87.1,64.5672,33.9145,1.673
46.067,1382,sitting,0.7157,0.9384,-0.0701,2.1207,1.0085,0.4756,0.8161,0.8706,0.5609,0.5125,0.0732,0.6126,0.5821,0.2552,0.3097,0.0484,0.4393,87.25,64.4842,34.0181,1.6777
46.1,1383,sitting,0.715,0.9388,-0.0693,2.1212,1.0082,0.4753,0.8151,0.87,0.56,0.5128,0.0733,0.6149,0.5839,0.2551,0.31,0.0472,0.4395,87.2544,64.3382,33.9681,1.6861
46.133,1384,sitting,0.7148,0.9387,-0.0685,2.1193,1.0071,0.4752,0.8154,0.8697,0.5599,0.5127,0.0734,0.6152,0.5834,0.2556,0.3099,0.0471,0.4393,87.2305,64.3256,33.9609,1.6852
46.167,1385,sitting,0.7149,0.9391,-0.0679,2.1198,1.007,0.475,0.8158,0.87,0.5599,0.5131,0.0735,0.6155,0.5832,0.2559,0.3101,0.0468,0.4396,87.2719,64.3593,33.8751,1.6824
46.2,1386,sitting,0.7153,0.9393,-0.0673,2.1191,1.0065,0.475,0.8166,0.8704,0.5601,0.5128,0.0735,0.6159,0.5832,0.2565,0.3103,0.0473,0.4393,87.3687,64.5391,33.7813,1.6804
46.233,1387,sitting,0.7125,0.9386,-0.0701,2.1234,1.0086,0.475,0.815,0.8693,0.5557,0.5101,0.0732,0.6118,0.5822,0.2593,0.3136,0.0455,0.4369,86.9596,64.5217,33.5161,1.678
46.267,1388,sitting,0.7139,0.9396,-0.0692,2.1244,1.0087,0.4748,0.8171,0.8706,0.5572,0.51,0.0733,0.6135,0.5831,0.2598,0.3133,0.0473,0.4367,87.1818,64.7388,33.5922,1.6783
46.3,1389,sitting,0.7148,0.94,-0.0681,2.1236,1.0082,0.4747,0.8184,0.871,0.5586,0.5097,0.0734,0.6143,0.5834,0.2599,0.3124,0.0489,0.4363,87.355,64.9546,33.637,1.6771
46.333,1390,sitting,0.7122,0.939,-0.071,2.1267,1.01,0.4749,0.8164,0.8695,0.555,0.5077,0.0731,0.6099,0.5819,0.2614,0.3145,0.0472,0.4347,86.9269,64.7146,33.5826,1.6729
46.367,1391,sitting,0.7129,0.9386,-0.0698,2.1232,1.0084,0.475,0.8165,0.8695,0.5562,0.5081,0.0732,0.6105,0.5814,0.2603,0.3133,0.0481,0.4349,87.0425,64.7103,33.7297,1.6687
46.4,1392,sitting,0.7109,0.9383,-0.072,2.1265,1.0103,0.4751,0.8154,0.8692,0.5526,0.509,0.073,0.6066,0.5801,0.2628,0.3166,0.0436,0.436,86.2878,64.2508,33.4951,1.6682
46.433,1393,sitting,0.7122,0.9391,-0.0706,2.1263,1.0098,0.4749,0.817,0.8703,0.5542,0.5108,0.0731,0.6087,0.5801,0.2628,0.3161,0.0434,0.4377,86.2425,64.1091,33.6015,1.6679
46.467,1394,sitting,0.7134,0.9395,-0.07,2.1256,1.0095,0.4749,0.8183,0.8711,0.5557,0.511,0.0732,0.6103,0.5807,0.2626,0.3155,0.0447,0.4378,86.4271,64.2628,33.6592,1.6674
46.5,1395,sitting,0.714,0.9391,-0.0693,2.1232,1.0085,0.475,0.8182,0.8716,0.5565,0.5114,0.0733,0.6108,0.5798,0.2618,0.3151,0.0451,0.4381,86.4587,64.2871,33.7006,1.6669
46.533,1396,sitting,0.7145,0.9392,-0.0689,2.1225,1.0081,0.475,0.8186,0.8716,0.5574,0.5114,0.0733,0.6118,0.5801,0.2612,0.3142,0.046,0.4381,86.643,64.3714,33.752,1.6642
46.567,1397,sitting,0.7151,0.9397,-0.0687,2.1236,1.0084,0.4749,0.8183,0.8719,0.5584,0.5121,0.0734,0.6128,0.5799,0.2599,0.3136,0.0463,0.4387,86.6302,64.3645,33.8041,1.6644
46.6,1398,sitting,0.7153,0.9394,-0.0677,2.1202,1.0071,0.475,0.8178,0.872,0.5586,0.5132,0.0735,0.6133,0.5798,0.2592,0.3134,0.0454,0.4398,86.5241,64.2776,33.7672,1.6616
46.633,1399,sitting,0.7158,0.9394,-0.0671,2.1191,1.0065,0.475,0.8172,0.8724,0.5592,0.5145,0.0736,0.6141,0.5795,0.258,0.3133,0.0447,0.4409,86.453,64.1274,33.8133,1.6619
46.667,1400,sitting,0.7158,0.9395,-0.0669,2.119,1.0063,0.4749,0.8164,0.8724,0.5592,0.5151,0.0736,0.6144,0.579,0.2572,0.3132,0.0441,0.4416,86.3863,63.9961,33.8456,1.6613
46.7,1401,sitting,0.7162,0.9399,-0.0666,2.1196,1.0065,0.4748,0.8158,0.8723,0.5601,0.5147,0.0736,0.6152,0.5793,0.2557,0.3122,0.0454,0.4411,86.619,64.1983,33.8527,1.6656
46.733,1402,sitting,0.7165,0.94,-0.0661,2.1191,1.0062,0.4748,0.816,0.8726,0.5604,0.5144,0.0737,0.6156,0.5792,0.2557,0.3122,0.046,0.4407,86.6849,64.2903,33.8612,1.6668
46.767,1403,sitting,0.7166,0.94,-0.0653,2.1177,1.0054,0.4747,0.8162,0.8728,0.5605,0.514,0.0737,0.6162,0.5796,0.2558,0.3123,0.0465,0.4403,86.6585,64.3855,33.8374,1.6658
46.8,1404,sitting,0.7161,0.9397,-0.0652,2.1165,1.0049,0.4748,0.8162,0.8724,0.5598,0.5136,0.0738,0.6157,0.5791,0.2564,0.3126,0.0462,0.4399,86.6852,64.3135,33.8584,1.6664
46.833,1405,sitting,0.7166,0.9395,-0.0654,2.116,1.0048,0.4749,0.8176,0.8729,0.5602,0.5132,0.0737,0.6157,0.5801,0.2573,0.3127,0.047,0.4395,86.8153,64.5208,33.7937,1.6673
46.867,1406,sitting,0.7165,0.9393,-0.066,2.1165,1.0054,0.475,0.8185,0.8732,0.5599,0.513,0.0737,0.6157,0.5798,0.2586,0.3133,0.0469,0.4394,86.8267,64.614,33.6815,1.6669
46.9,1407,sitting,0.7167,0.9399,-0.0664,2.1188,1.0063,0.4749,0.8189,0.8734,0.56,0.5128,0.0736,0.6159,0.5802,0.2589,0.3134,0.0471,0.4392,86.9096,64.6688,33.665,1.6675
46.933,1408,sitting,0.7169,0.9403,-0.0664,2.12,1.0068,0.4749,0.8195,0.8737,0.56,0.5135,0.0736,0.6163,0.5802,0.2594,0.3137,0.0465,0.4399,86.8604,64.5835,33.6439,1.6683
46.967,1409,sitting,0.7167,0.9404,-0.0664,2.12,1.0068,0.4749,0.8198,0.8738,0.5597,0.514,0.0736,0.6167,0.5803,0.2601,0.3141,0.0457,0.4403,86.759,64.516,33.5873,1.6685
47.0,1410,sitting,0.7166,0.9399,-0.066,2.1172,1.0059,0.4751,0.8171,0.8738,0.5594,0.5144,0.0737,0.6166,0.5803,0.2576,0.3143,0.045,0.4407,86.6063,64.4798,33.5577,1.6677
47.033,1411,sitting,0.7166,0.94,-0.0659,2.1172,1.0058,0.4751,0.8176,0.8741,0.5591,0.5146,0.0737,0.6168,0.5805,0.2585,0.315,0.0445,0.4409,86.5435,64.505,33.467,1.6697
47.067,1412,sitting,0.7168,0.94,-0.0659,2.1173,1.0059,0.4751,0.8211,0.8741,0.5594,0.5148,0.0737,0.6168,0.5801,0.2617,0.3146,0.0447,0.4411,86.5783,64.5007,33.4932,1.6682
47.1,1413,sitting,0.7147,0.9397,-0.0693,2.1235,1.009,0.4751,0.8194,0.8732,0.5562,0.5126,0.0733,0.6122,0.578,0.2632,0.3169,0.0437,0.4393,86.3989,64.3958,33.4103,1.6681
47.133,1414,sitting,0.7153,0.9401,-0.0687,2.1235,1.0088,0.4751,0.8199,0.8736,0.557,0.5129,0.0734,0.6132,0.5787,0.2628,0.3165,0.0442,0.4395,86.5019,64.4519,33.4318,1.6692
47.167,1415,sitting,0.7161,0.9408,-0.0686,2.1248,1.0094,0.4751,0.8209,0.8743,0.5579,0.5133,0.0734,0.6143,0.58,0.263,0.3164,0.0446,0.4399,86.5522,64.6974,33.2724,1.6745
47.2,1416,sitting,0.7134,0.9395,-0.0716,2.127,1.0111,0.4754,0.818,0.8727,0.5541,0.512,0.073,0.6101,0.579,0.2639,0.3185,0.0421,0.439,86.1639,64.3722,33.1866,1.6738
47.233,1417,sitting,0.7137,0.9391,-0.0706,2.1242,1.0097,0.4753,0.8183,0.8725,0.5548,0.5125,0.0731,0.6111,0.5801,0.2635,0.3177,0.0423,0.4394,86.2214,64.2557,33.3242,1.6742
47.267,1418,sitting,0.7112,0.9377,-0.0732,2.1255,1.0109,0.4756,0.8157,0.8708,0.5516,0.5115,0.0728,0.6073,0.5788,0.2642,0.3192,0.0401,0.4387,85.8687,63.8638,33.3432,1.6732
47.3,1419,sitting,0.7117,0.937,-0.0712,2.1192,1.0082,0.4758,0.8167,0.8707,0.5527,0.5129,0.073,0.6089,0.5793,0.264,0.318,0.0398,0.4398,85.7905,63.651,33.5072,1.6692
47.333,1420,sitting,0.71,0.9359,-0.0732,2.1198,1.0091,0.476,0.8155,0.8699,0.5501,0.5115,0.0728,0.6059,0.5795,0.2654,0.3197,0.0386,0.4387,85.4437,63.6154,33.3619,1.671
47.367,1421,sitting,0.7108,0.9357,-0.072,2.1162,1.0077,0.4762,0.8172,0.8701,0.5515,0.5123,0.0729,0.6074,0.58,0.2657,0.3186,0.0392,0.4394,85.5026,63.6313,33.4513,1.67
47.4,1422,sitting,0.7121,0.935,-0.0705,2.1101,1.0055,0.4765,0.8194,0.8707,0.5535,0.513,0.0731,0.609,0.5809,0.266,0.3173,0.0404,0.4399,85.6335,63.6898,33.6064,1.6668
47.433,1423,sitting,0.7131,0.9348,-0.0697,2.1074,1.0044,0.4766,0.8207,0.8714,0.5548,0.5135,0.0732,0.6103,0.5811,0.2659,0.3166,0.0413,0.4403,85.7385,63.7747,33.6626,1.6646
47.467,1424,sitting,0.7141,0.9347,-0.0685,2.1044,1.0033,0.4767,0.8222,0.8722,0.556,0.514,0.0734,0.6112,0.5806,0.2663,0.3163,0.042,0.4406,85.7509,63.8525,33.6992,1.6621
47.5,1425,sitting,0.7149,0.9344,-0.0672,2.1001,1.0015,0.4769,0.8233,0.8726,0.5571,0.5136,0.0735,0.6122,0.5811,0.2663,0.3156,0.0435,0.4401,85.9836,64.088,33.7183,1.658
47.533,1426,sitting,0.7153,0.9344,-0.0661,2.098,1.0005,0.4769,0.8246,0.8731,0.5575,0.513,0.0736,0.613,0.5815,0.2672,0.3157,0.0444,0.4394,86.1849,64.2491,33.7058,1.6564
47.567,1427,sitting,0.7154,0.9337,-0.0652,2.0943,0.9989,0.477,0.8253,0.8731,0.5576,0.5127,0.0737,0.6125,0.5809,0.2677,0.3155,0.045,0.4389,86.2538,64.3368,33.7202,1.6548
47.6,1428,sitting,0.7132,0.9341,-0.0686,2.1026,1.0027,0.4769,0.8227,0.8724,0.5539,0.5121,0.0734,0.6087,0.5797,0.2688,0.3185,0.0418,0.4387,85.7416,63.9873,33.5553,1.659
47.633,1429,sitting,0.7114,0.9342,-0.0723,2.1103,1.0065,0.4769,0.82,0.8718,0.551,0.5107,0.0729,0.6062,0.5789,0.269,0.3207,0.0403,0.4377,85.5737,64.0095,33.3006,1.665
47.667,1430,sitting,0.709,0.9335,-0.0765,2.1162,1.01,0.4773,0.8173,0.8704,0.5476,0.5083,0.0725,0.6036,0.5776,0.2697,0.3228,0.0392,0.4359,85.3944,63.9634,33.1512,1.671
47.7,1431,sitting,0.7067,0.9329,-0.0797,2.1206,1.0126,0.4775,0.8156,0.869,0.5444,0.5054,0.0721,0.6014,0.577,0.2712,0.3245,0.039,0.4333,85.2981,64.1088,32.96,1.6745
47.733,1432,sitting,0.7054,0.9322,-0.0811,2.1215,1.0133,0.4777,0.8153,0.8682,0.5425,0.5036,0.0719,0.5997,0.5767,0.2728,0.3257,0.0389,0.4316,85.165,64.1917,32.8685,1.6716
47.767,1433,sitting,0.7054,0.9327,-0.0813,2.1239,1.014,0.4774,0.8156,0.8683,0.5426,0.5035,0.0719,0.5991,0.5771,0.273,0.3257,0.0391,0.4317,85.165,64.1509,32.908,1.6692
47.8,1434,sitting,0.707,0.9324,-0.0777,2.1155,1.01,0.4774,0.818,0.8686,0.5454,0.5047,0.0723,0.6018,0.5781,0.2725,0.3232,0.0408,0.4324,85.5101,64.2378,33.1045,1.6627
47.833,1435,sitting,0.7085,0.9332,-0.0754,2.1144,1.0086,0.477,0.8189,0.8691,0.5479,0.505,0.0726,0.6042,0.579,0.271,0.3211,0.0429,0.4324,85.8517,64.4606,33.2254,1.6637
47.867,1436,sitting,0.7108,0.9342,-0.0733,2.1132,1.0075,0.4768,0.8207,0.8701,0.5515,0.5051,0.0728,0.6064,0.5801,0.2692,0.3186,0.0464,0.4322,86.3941,64.833,33.4054,1.6637
47.9,1437,sitting,0.7123,0.9344,-0.0709,2.109,1.0053,0.4767,0.8219,0.8709,0.5538,0.5064,0.0731,0.6079,0.5806,0.2682,0.3171,0.0474,0.4333,86.5936,64.8934,33.5094,1.6606
47.933,1438,sitting,0.7137,0.9345,-0.0695,2.1056,1.004,0.4768,0.8234,0.8716,0.5557,0.5073,0.0732,0.6096,0.5816,0.2677,0.316,0.0483,0.4341,86.7233,65.0146,33.5483,1.6608
47.967,1439,sitting,0.7128,0.935,-0.0715,2.1115,1.0065,0.4767,0.8205,0.8714,0.5542,0.505,0.073,0.608,0.5816,0.2662,0.3172,0.0492,0.4321,86.6876,65.1922,33.4897,1.6619
48.0,1440,sitting,0.7107,0.9339,-0.0727,2.111,1.0066,0.4768,0.8208,0.8703,0.5512,0.5048,0.0729,0.6038,0.5788,0.2696,0.3191,0.0463,0.432,86.3868,64.8325,33.3868,1.6574
48.033,1441,sitting,0.7092,0.9328,-0.0748,2.1121,1.0077,0.4771,0.8189,0.8689,0.5495,0.5039,0.0726,0.6003,0.5775,0.2695,0.3194,0.0455,0.4313,86.3403,64.672,33.4006,1.6581
48.067,1442,sitting,0.7078,0.9327,-0.0774,2.1169,1.01,0.4771,0.8167,0.8677,0.5479,0.5026,0.0723,0.5985,0.5767,0.2688,0.3198,0.0453,0.4303,86.3317,64.6818,33.3386,1.6625
48.1,1443,sitting,0.7063,0.9324,-0.0793,2.1201,1.0117,0.4772,0.8156,0.8667,0.546,0.5023,0.0721,0.597,0.5757,0.2697,0.3207,0.0436,0.4302,86.1535,64.4509,33.289,1.6645
48.133,1444,sitting,0.7057,0.9326,-0.0796,2.1219,1.0122,0.477,0.8155,0.8665,0.5448,0.5017,0.0721,0.596,0.5758,0.2707,0.3217,0.0431,0.4297,85.9987,64.4307,33.2182,1.6654
48.167,1445,sitting,0.7055,0.9336,-0.0812,2.1284,1.0148,0.4768,0.8149,0.8667,0.5443,0.5019,0.0719,0.5963,0.5766,0.2707,0.3224,0.0423,0.4301,85.8226,64.3762,33.1435,1.6708
48.2,1446,sitting,0.7055,0.9353,-0.0824,2.1362,1.0176,0.4764,0.8144,0.8675,0.5434,0.5025,0.0717,0.5976,0.5786,0.271,0.3241,0.0409,0.4308,85.6389,64.3546,32.9425,1.6826
48.233,1447,sitting,0.7053,0.9357,-0.0829,2.1388,1.0186,0.4763,0.814,0.8674,0.5433,0.5025,0.0717,0.5978,0.5797,0.2708,0.3242,0.0407,0.4309,85.5948,64.4509,32.8332,1.6853
48.267,1448,sitting,0.7068,0.9359,-0.0795,2.1327,1.0154,0.4761,0.8158,0.8679,0.5457,0.5041,0.0721,0.6018,0.5806,0.2701,0.3222,0.0416,0.4321,85.7378,64.5189,32.9222,1.6837
48.3,1449,sitting,0.709,0.9368,-0.0766,2.1291,1.0133,0.4759,0.818,0.8692,0.5488,0.5053,0.0724,0.6055,0.5821,0.2692,0.3204,0.0435,0.4328,86.0658,64.7818,32.9741,1.6823
48.333,1450,sitting,0.7108,0.9377,-0.0743,2.127,1.012,0.4758,0.8197,0.8701,0.5514,0.5069,0.0727,0.6077,0.582,0.2683,0.3187,0.0445,0.4342,86.2892,64.7828,33.1276,1.6781
48.367,1451,sitting,0.7118,0.9378,-0.0727,2.124,1.0105,0.4757,0.8208,0.8709,0.5528,0.5083,0.0729,0.6086,0.5808,0.268,0.3181,0.0445,0.4353,86.3766,64.6845,33.225,1.6741
48.4,1452,sitting,0.7091,0.9365,-0.0752,2.1255,1.0117,0.476,0.817,0.869,0.5492,0.5082,0.0726,0.6051,0.5781,0.2678,0.3198,0.041,0.4355,86.0046,64.1679,33.1862,1.6758
48.433,1453,sitting,0.7104,0.937,-0.074,2.1243,1.0111,0.476,0.8187,0.8696,0.5511,0.5097,0.0728,0.6076,0.5787,0.2676,0.3185,0.0414,0.4369,86.2444,64.2205,33.1945,1.6772
48.467,1454,sitting,0.7107,0.9373,-0.0729,2.1233,1.0102,0.4758,0.8192,0.8695,0.5519,0.511,0.0729,0.6084,0.578,0.2673,0.3176,0.0409,0.438,86.2545,64.0236,33.3066,1.6745
48.5,1455,sitting,0.7111,0.9369,-0.0716,2.1196,1.0085,0.4758,0.8203,0.8694,0.5529,0.5123,0.0731,0.6089,0.5773,0.2674,0.3165,0.0405,0.4392,86.2792,63.8749,33.3984,1.6692
48.533,1456,sitting,0.7101,0.9369,-0.0741,2.1246,1.011,0.4759,0.8191,0.869,0.5512,0.5108,0.0728,0.6066,0.5765,0.2678,0.3177,0.0405,0.438,86.1656,63.9665,33.2921,1.6721
48.567,1457,sitting,0.7119,0.938,-0.0725,2.1246,1.0105,0.4756,0.8205,0.8701,0.5536,0.5116,0.073,0.6093,0.5784,0.2669,0.3166,0.042,0.4386,86.3972,64.1569,33.355,1.6754
48.6,1458,sitting,0.713,0.9386,-0.0718,2.125,1.0104,0.4755,0.8211,0.8706,0.5554,0.5114,0.073,0.6107,0.5788,0.2657,0.3152,0.044,0.4384,86.6343,64.3422,33.4846,1.6751
48.633,1459,sitting,0.7115,0.9384,-0.0745,2.13,1.0129,0.4755,0.8189,0.87,0.5529,0.5099,0.0727,0.6077,0.5777,0.266,0.3171,0.043,0.4372,86.4119,64.2228,33.4245,1.676
48.667,1460,sitting,0.7125,0.9386,-0.0735,2.1288,1.0121,0.4754,0.8196,0.8705,0.5545,0.5098,0.0728,0.6087,0.5778,0.2651,0.316,0.0447,0.437,86.6225,64.4008,33.5153,1.6734
48.7,1461,sitting,0.7134,0.9391,-0.0719,2.1275,1.0111,0.4752,0.8202,0.8713,0.5555,0.5106,0.073,0.6105,0.5787,0.2647,0.3158,0.0449,0.4376,86.5677,64.3753,33.5712,1.6713
48.733,1462,sitting,0.7143,0.9395,-0.0711,2.1267,1.0105,0.4752,0.8206,0.8718,0.5567,0.5108,0.0731,0.6118,0.5791,0.2639,0.3152,0.0459,0.4377,86.611,64.4589,33.646,1.6714
48.767,1463,sitting,0.7143,0.9393,-0.0706,2.1248,1.0098,0.4753,0.821,0.8717,0.5568,0.5113,0.0731,0.6125,0.5798,0.2642,0.3149,0.0455,0.4382,86.5279,64.4128,33.6217,1.6698
48.8,1464,sitting,0.7116,0.9384,-0.0724,2.1267,1.0109,0.4753,0.8185,0.8701,0.5531,0.5124,0.0729,0.6085,0.578,0.2654,0.317,0.0406,0.4395,85.8703,63.7127,33.5585,1.6684
48.833,1465,sitting,0.7096,0.9378,-0.0745,2.1287,1.0122,0.4755,0.8171,0.8691,0.5502,0.5119,0.0727,0.6054,0.5775,0.267,0.3189,0.0383,0.4393,85.5553,63.467,33.4225,1.6682
48.867,1466,sitting,0.7077,0.9365,-0.076,2.1278,1.0125,0.4759,0.8158,0.8683,0.5472,0.5113,0.0725,0.6025,0.5764,0.2686,0.3211,0.0359,0.4388,85.2758,63.1638,33.3473,1.6674
48.9,1467,sitting,0.7087,0.9365,-0.074,2.1234,1.0105,0.4759,0.817,0.8688,0.5485,0.5126,0.0727,0.6044,0.577,0.2685,0.3203,0.0359,0.4399,85.2543,63.1701,33.3551,1.6654
48.933,1468,sitting,0.7091,0.936,-0.0727,2.1188,1.0087,0.4761,0.8179,0.8687,0.5496,0.5134,0.0729,0.6058,0.5772,0.2684,0.3191,0.0362,0.4405,85.2911,63.0999,33.4627,1.6633
48.967,1469,sitting,0.7099,0.9352,-0.0711,2.1125,1.0063,0.4764,0.8187,0.869,0.5509,0.5138,0.073,0.6071,0.5777,0.2678,0.3181,0.0371,0.4407,85.4505,63.2381,33.4784,1.6608
49.0,1470,sitting,0.7087,0.935,-0.0728,2.1155,1.0078,0.4764,0.8173,0.869,0.5485,0.5131,0.0728,0.6039,0.5764,0.2688,0.3205,0.0354,0.4402,85.1602,63.1498,33.298,1.6609
49.033,1471,sitting,0.7096,0.935,-0.0711,2.112,1.0061,0.4764,0.8186,0.8694,0.5499,0.5139,0.073,0.6057,0.5772,0.2686,0.3194,0.036,0.4409,85.2701,63.2179,33.333,1.659
49.067,1472,sitting,0.7102,0.9351,-0.0696,2.1093,1.0048,0.4764,0.8196,0.8693,0.5511,0.5147,0.0732,0.6076,0.578,0.2685,0.3182,0.0364,0.4415,85.2478,63.1226,33.4845,1.6583
49.1,1473,sitting,0.7111,0.9358,-0.0684,2.1086,1.0042,0.4762,0.821,0.87,0.5522,0.5157,0.0734,0.6096,0.5786,0.2688,0.3178,0.0365,0.4423,85.3182,63.1074,33.5367,1.6581
49.133,1474,sitting,0.7111,0.9348,-0.0673,2.1032,1.0021,0.4765,0.8215,0.8697,0.5526,0.5163,0.0735,0.61,0.5782,0.2689,0.3171,0.0363,0.4428,85.2444,63.0371,33.5822,1.6538
49.167,1475,sitting,0.7108,0.9338,-0.067,2.0993,1.0008,0.4767,0.8213,0.8688,0.5528,0.5166,0.0735,0.6098,0.5775,0.2685,0.316,0.0362,0.443,85.2226,62.887,33.7202,1.6504
49.2,1476,sitting,0.712,0.934,-0.0659,2.0974,0.9999,0.4767,0.8215,0.8693,0.5548,0.5159,0.0736,0.6115,0.5796,0.2667,0.3146,0.0389,0.4423,85.6446,63.159,33.87,1.6507
49.233,1477,sitting,0.7107,0.9336,-0.069,2.1025,1.0027,0.4769,0.8187,0.8687,0.5527,0.514,0.0733,0.6081,0.5788,0.266,0.316,0.0387,0.4407,85.6631,63.313,33.7124,1.6534
49.267,1478,sitting,0.709,0.9331,-0.0726,2.1076,1.0057,0.4772,0.8164,0.8676,0.5503,0.5115,0.0729,0.6046,0.5777,0.2661,0.3173,0.0388,0.4386,85.6061,63.539,33.4903,1.6559
49.3,1479,sitting,0.7075,0.9322,-0.0755,2.1106,1.0076,0.4774,0.8151,0.8667,0.5482,0.5103,0.0725,0.6007,0.5761,0.2669,0.3185,0.0379,0.4378,85.3716,63.4389,33.4528,1.6567
49.333,1480,sitting,0.7063,0.9323,-0.0786,2.1171,1.0108,0.4775,0.8137,0.8665,0.5462,0.5101,0.0722,0.5986,0.5758,0.2675,0.3202,0.0361,0.438,85.0586,63.2281,33.3645,1.6619
49.367,1481,sitting,0.7048,0.9316,-0.0811,2.1204,1.0127,0.4776,0.8121,0.8656,0.5441,0.5114,0.0719,0.5961,0.5749,0.268,0.3215,0.0327,0.4395,84.5657,62.8841,33.1707,1.6637
49.4,1482,sitting,0.7062,0.9322,-0.0786,2.1175,1.0109,0.4774,0.8143,0.8659,0.5466,0.5131,0.0722,0.5992,0.5762,0.2676,0.3192,0.0335,0.4409,84.7574,63.0467,33.1537,1.6642
49.433,1483,sitting,0.7078,0.9328,-0.0766,2.1149,1.0094,0.4773,0.8163,0.8667,0.5488,0.5141,0.0724,0.6017,0.5769,0.2675,0.3179,0.0347,0.4417,84.8966,63.2749,33.1334,1.6637
49.467,1484,sitting,0.7069,0.9328,-0.0781,2.1183,1.0109,0.4772,0.8157,0.8667,0.5471,0.5134,0.0723,0.5997,0.5768,0.2687,0.3196,0.0337,0.4411,84.6863,63.3141,32.9328,1.666
49.5,1485,sitting,0.7086,0.9336,-0.0759,2.1162,1.0096,0.477,0.8176,0.8678,0.5494,0.5138,0.0725,0.6026,0.5781,0.2682,0.3184,0.0356,0.4412,84.9599,63.6271,32.9471,1.6665
49.533,1486,sitting,0.7075,0.9331,-0.0774,2.1177,1.0105,0.4772,0.8169,0.8671,0.5479,0.5118,0.0724,0.6006,0.5774,0.269,0.3192,0.036,0.4395,84.9662,63.7098,32.9161,1.6654
49.567,1487,sitting,0.7063,0.9323,-0.0783,2.117,1.0105,0.4773,0.8141,0.8668,0.5459,0.5108,0.0722,0.5986,0.5775,0.2683,0.3209,0.0351,0.4386,84.6597,63.5989,32.871,1.6615
49.6,1488,sitting,0.7056,0.9326,-0.0793,2.1204,1.0118,0.4772,0.8161,0.867,0.5443,0.5096,0.0721,0.5969,0.5767,0.2718,0.3227,0.0347,0.4375,84.4499,63.5226,32.8753,1.6611
49.633,1489,sitting,0.7054,0.9327,-0.0806,2.1234,1.0133,0.4772,0.8158,0.8671,0.5437,0.5087,0.072,0.596,0.5765,0.272,0.3233,0.035,0.4367,84.4513,63.493,32.9382,1.6643
49.667,1490,sitting,0.7055,0.9338,-0.0819,2.1289,1.0156,0.4771,0.8158,0.8676,0.5433,0.5075,0.0718,0.5962,0.5774,0.2725,0.3243,0.0359,0.4356,84.612,63.6587,32.8993,1.6703
49.7,1491,sitting,0.7046,0.9329,-0.0833,2.1288,1.0163,0.4774,0.8155,0.8673,0.5418,0.5067,0.0716,0.5952,0.577,0.2737,0.3255,0.0351,0.4351,84.5465,63.6565,32.8,1.6728
49.733,1492,sitting,0.7041,0.9326,-0.0841,2.1287,1.0167,0.4776,0.8152,0.8674,0.5408,0.5061,0.0715,0.5942,0.5765,0.2743,0.3266,0.0347,0.4346,84.4605,63.7682,32.6348,1.6755
49.767,1493,sitting,0.7035,0.9329,-0.0839,2.1297,1.0168,0.4774,0.8146,0.8676,0.5394,0.5059,0.0716,0.5944,0.5769,0.2752,0.3282,0.0335,0.4343,84.3297,63.7577,32.4452,1.6771
49.8,1494,sitting,0.7054,0.9328,-0.08,2.1211,1.0127,0.4774,0.8173,0.8682,0.5426,0.5065,0.0721,0.598,0.5785,0.2746,0.3256,0.0361,0.4345,84.8223,64.0466,32.5851,1.6704
49.833,1495,sitting,0.707,0.9326,-0.0765,2.1139,1.0091,0.4774,0.819,0.8691,0.5449,0.5078,0.0725,0.6009,0.579,0.2741,0.3242,0.0371,0.4353,85.0687,64.0532,32.7544,1.6678
49.867,1496,sitting,0.7085,0.9332,-0.0737,2.1103,1.0069,0.4771,0.8208,0.87,0.5469,0.5085,0.0728,0.6041,0.5806,0.2739,0.3231,0.0384,0.4357,85.2741,64.1974,32.8268,1.668
49.9,1497,sitting,0.7103,0.9341,-0.0719,2.1095,1.006,0.4769,0.8219,0.8711,0.5494,0.5098,0.073,0.6069,0.5817,0.2725,0.3217,0.0397,0.4367,85.4216,64.3222,32.9216,1.6703
49.933,1498,sitting,0.7114,0.9343,-0.0708,2.1074,1.0051,0.4769,0.8231,0.8717,0.5512,0.5097,0.0731,0.6091,0.5822,0.272,0.3205,0.0415,0.4366,85.688,64.4621,33.0629,1.67
49.967,1499,sitting,0.7101,0.9336,-0.0728,2.1095,1.0064,0.4771,0.8218,0.8712,0.549,0.5074,0.0729,0.6055,0.5802,0.2728,0.3222,0.0416,0.4345,85.5396,64.538,32.9827,1.6681
50.0,1500,sitting,0.7084,0.9325,-0.0746,2.11,1.0071,0.4773,0.8209,0.8699,0.547,0.5072,0.0727,0.6023,0.579,0.2739,0.323,0.0398,0.4345,85.2686,64.2726,32.9426,1.666
50.033,1501,sitting,0.7069,0.9311,-0.0769,2.1096,1.0079,0.4778,0.8204,0.8688,0.5449,0.5059,0.0724,0.5989,0.5778,0.2754,0.3239,0.0391,0.4335,85.1614,64.1529,32.9454,1.6621
50.067,1502,sitting,0.7053,0.9298,-0.0779,2.1078,1.0077,0.4781,0.8201,0.8677,0.5429,0.5048,0.0723,0.597,0.5775,0.2772,0.3248,0.0381,0.4326,84.9308,64.1095,32.8401,1.6576
50.1,1503,sitting,0.7043,0.9293,-0.079,2.1092,1.0084,0.4781,0.8185,0.8671,0.5415,0.5045,0.0721,0.5955,0.5772,0.2771,0.3256,0.037,0.4324,84.7532,64.0053,32.7673,1.6579
50.133,1504,sitting,0.706,0.9302,-0.0765,2.1072,1.0067,0.4778,0.8198,0.8676,0.5443,0.5061,0.0724,0.5979,0.5779,0.2755,0.3233,0.0382,0.4337,85.059,63.9924,32.9528,1.6576
50.167,1505,sitting,0.7049,0.9301,-0.0782,2.1101,1.0083,0.4778,0.8197,0.8669,0.5429,0.5057,0.0722,0.5964,0.5778,0.2767,0.3239,0.0373,0.4334,84.8618,63.8908,32.8788,1.6565
50.2,1506,sitting,0.7043,0.9301,-0.0787,2.1119,1.0088,0.4777,0.819,0.8665,0.5421,0.5055,0.0721,0.5952,0.5777,0.2769,0.3244,0.0366,0.4333,84.7518,63.7891,32.8731,1.656
50.233,1507,sitting,0.7041,0.9301,-0.08,2.1144,1.0101,0.4777,0.8187,0.8665,0.5416,0.5057,0.072,0.5946,0.5781,0.2771,0.3249,0.0359,0.4337,84.7021,63.618,32.9186,1.6586
50.267,1508,sitting,0.7057,0.9305,-0.0774,2.11,1.0078,0.4776,0.8206,0.8674,0.5441,0.5067,0.0723,0.5975,0.5788,0.2766,0.3233,0.0374,0.4344,84.9993,63.7618,33.0195,1.6597
50.3,1509,sitting,0.7072,0.9311,-0.0745,2.1066,1.0056,0.4774,0.8218,0.8682,0.5462,0.5078,0.0727,0.6007,0.5798,0.2756,0.322,0.0384,0.4351,85.2307,63.8366,33.1344,1.6603
50.333,1510,sitting,0.706,0.9308,-0.0754,2.1084,1.0062,0.4773,0.8203,0.8677,0.5443,0.5079,0.0725,0.5987,0.5784,0.276,0.3234,0.0364,0.4353,84.8544,63.5452,33.0973,1.66
50.367,1511,sitting,0.7056,0.9311,-0.0765,2.1115,1.0075,0.4772,0.8197,0.8674,0.5438,0.5064,0.0724,0.5983,0.5787,0.2759,0.3236,0.0374,0.434,84.9302,63.7587,33.0356,1.6609
50.4,1512,sitting,0.705,0.9312,-0.0787,2.1159,1.0099,0.4773,0.8188,0.8671,0.543,0.505,0.0722,0.598,0.5797,0.2759,0.3242,0.038,0.4328,85.028,63.9667,32.906,1.6653
50.433,1513,sitting,0.7071,0.9325,-0.0761,2.1146,1.0086,0.477,0.8207,0.8684,0.5458,0.5061,0.0725,0.6023,0.5813,0.2749,0.3226,0.0397,0.4336,85.4125,64.1608,32.9851,1.6646
50.467,1514,sitting,0.7093,0.9333,-0.0737,2.1118,1.007,0.4768,0.8227,0.8698,0.5488,0.5077,0.0728,0.606,0.5828,0.2739,0.3211,0.041,0.4349,85.696,64.2958,33.0743,1.6627
50.5,1515,sitting,0.7086,0.9334,-0.0756,2.1154,1.009,0.477,0.822,0.8699,0.5473,0.5074,0.0725,0.6043,0.583,0.2747,0.3226,0.0399,0.4349,85.47,64.2875,32.9154,1.6664
50.533,1516,sitting,0.7076,0.9333,-0.0774,2.118,1.0107,0.4772,0.8212,0.8695,0.5457,0.5066,0.0723,0.6029,0.5833,0.2755,0.3239,0.039,0.4343,85.3748,64.3881,32.6938,1.671
50.567,1517,sitting,0.7063,0.9331,-0.0784,2.1197,1.0115,0.4772,0.8204,0.8691,0.5435,0.5059,0.0722,0.6019,0.5837,0.277,0.3256,0.0376,0.4337,85.1857,64.4085,32.4624,1.6755
50.6,1518,sitting,0.7079,0.9339,-0.0757,2.1171,1.0096,0.4769,0.8217,0.8701,0.5457,0.5076,0.0725,0.6048,0.5843,0.276,0.3244,0.0382,0.435,85.3349,64.3677,32.6,1.6771
50.633,1519,sitting,0.7069,0.9333,-0.0763,2.1167,1.0096,0.477,0.8204,0.8698,0.5439,0.5079,0.0725,0.6023,0.5824,0.2765,0.3259,0.036,0.4354,84.9859,64.1003,32.5196,1.6737
50.667,1520,sitting,0.7058,0.9321,-0.0772,2.1148,1.0093,0.4773,0.8193,0.8693,0.5424,0.5065,0.0724,0.5986,0.5795,0.2769,0.327,0.0359,0.4341,84.7999,64.0793,32.5173,1.6709
50.7,1521,sitting,0.7075,0.9325,-0.0745,2.1103,1.007,0.4772,0.8212,0.8703,0.5447,0.5078,0.0727,0.6014,0.5799,0.2765,0.3256,0.0369,0.4352,84.9753,64.2216,32.5516,1.6702
50.733,1522,sitting,0.7064,0.9323,-0.0758,2.1124,1.008,0.4772,0.8194,0.8697,0.5431,0.5077,0.0725,0.5989,0.5785,0.2763,0.3265,0.0355,0.4351,84.7906,64.0982,32.4523,1.6726
50.767,1523,sitting,0.7079,0.9326,-0.0735,2.109,1.0062,0.4771,0.8207,0.8703,0.5454,0.5091,0.0728,0.6022,0.5797,0.2753,0.3249,0.0363,0.4363,84.9158,64.2216,32.457,1.6721
50.8,1524,sitting,0.706,0.932,-0.075,2.1104,1.0071,0.4772,0.8195,0.8693,0.5427,0.5088,0.0726,0.6004,0.5798,0.2768,0.3266,0.0339,0.4361,84.5933,63.9962,32.2769,1.6729
50.833,1525,sitting,0.7073,0.9326,-0.0728,2.1073,1.0054,0.4771,0.8203,0.8695,0.5452,0.5106,0.0729,0.6037,0.5814,0.2751,0.3243,0.0346,0.4377,84.8264,63.9947,32.3767,1.671
50.867,1526,sitting,0.7058,0.9319,-0.0748,2.109,1.0067,0.4773,0.8191,0.8688,0.5428,0.5106,0.0727,0.6017,0.5811,0.2763,0.326,0.0322,0.4379,84.5098,63.6481,32.3497,1.6702
50.9,1527,sitting,0.7065,0.9318,-0.0738,2.1059,1.0056,0.4775,0.8203,0.8689,0.5442,0.5117,0.0728,0.6037,0.5825,0.2761,0.3247,0.0324,0.439,84.5814,63.6351,32.4142,1.6699
50.933,1528,sitting,0.7074,0.932,-0.0729,2.1043,1.0049,0.4776,0.8213,0.8691,0.5458,0.5126,0.0729,0.6056,0.5834,0.2755,0.3233,0.0332,0.4397,84.7509,63.6546,32.5266,1.6687
50.967,1529,sitting,0.7083,0.9318,-0.072,2.1012,1.0038,0.4777,0.8217,0.8688,0.5477,0.5133,0.073,0.6066,0.5829,0.274,0.3211,0.0344,0.4403,84.9879,63.687,32.6723,1.6667
51.0,1530,sitting,0.7091,0.9315,-0.071,2.0982,1.0025,0.4778,0.8211,0.8686,0.5496,0.5133,0.0731,0.6069,0.5814,0.2715,0.319,0.0364,0.4401,85.301,63.8007,32.8748,1.6629
51.033,1531,sitting,0.7089,0.9307,-0.07,2.0934,1.0006,0.478,0.8206,0.8678,0.55,0.5138,0.0732,0.6069,0.5802,0.2706,0.3178,0.0362,0.4406,85.2286,63.7215,32.939,1.6585
51.067,1532,sitting,0.7092,0.9308,-0.0695,2.093,1.0004,0.4779,0.82,0.8678,0.5506,0.5138,0.0733,0.6075,0.5798,0.2694,0.3172,0.0368,0.4405,85.2596,63.7863,32.9655,1.6589
51.1,1533,sitting,0.7091,0.9303,-0.0685,2.0894,0.9988,0.478,0.8194,0.8677,0.5506,0.5145,0.0734,0.6076,0.5781,0.2688,0.3171,0.0361,0.4411,85.0771,63.6852,32.9712,1.6573
51.133,1534,sitting,0.7095,0.9308,-0.0683,2.0907,0.9991,0.4779,0.8197,0.8681,0.5509,0.5153,0.0734,0.6084,0.5793,0.2687,0.3172,0.0356,0.4419,85.0004,63.7075,32.8805,1.658
51.167,1535,sitting,0.7097,0.9311,-0.0684,2.0913,0.9994,0.4779,0.8193,0.8684,0.551,0.5165,0.0734,0.609,0.5798,0.2683,0.3174,0.0346,0.4431,84.9095,63.6581,32.7819,1.6604
51.2,1536,sitting,0.7064,0.9301,-0.0728,2.0974,1.003,0.4782,0.8158,0.8663,0.5465,0.5133,0.0729,0.6052,0.5792,0.2693,0.3197,0.0332,0.4404,84.6705,63.7311,32.4894,1.6654
51.233,1537,sitting,0.7051,0.9308,-0.0763,2.1065,1.0071,0.4781,0.814,0.8656,0.5447,0.5101,0.0725,0.6033,0.5797,0.2693,0.3208,0.0347,0.4376,84.854,64.05,32.3851,1.6719
51.267,1538,sitting,0.7044,0.9311,-0.0788,2.113,1.0099,0.4779,0.8121,0.8652,0.5436,0.5069,0.0722,0.6017,0.5787,0.2685,0.3216,0.0367,0.4347,85.0639,64.3736,32.371,1.6735
51.3,1539,sitting,0.7027,0.9298,-0.0815,2.1143,1.0113,0.4783,0.8102,0.8637,0.5417,0.5048,0.0719,0.5986,0.5762,0.2685,0.322,0.0369,0.4329,85.0599,64.3975,32.3736,1.6734
51.333,1540,sitting,0.7047,0.9302,-0.0784,2.1095,1.0086,0.4781,0.8115,0.8644,0.545,0.5063,0.0722,0.6016,0.5767,0.2665,0.3194,0.0387,0.4341,85.4096,64.4455,32.6044,1.6707
51.367,1541,sitting,0.7057,0.93,-0.0762,2.1045,1.0061,0.4781,0.8122,0.8647,0.5467,0.5082,0.0725,0.6039,0.5772,0.2654,0.318,0.0385,0.4357,85.475,64.1883,32.8264,1.6675
51.4,1542,sitting,0.7065,0.93,-0.0742,2.1008,1.0042,0.478,0.813,0.8649,0.5481,0.5093,0.0727,0.6057,0.5774,0.2649,0.3168,0.0387,0.4366,85.5553,64.1482,32.9172,1.6664
51.433,1543,sitting,0.7076,0.9299,-0.0723,2.0968,1.0023,0.478,0.8142,0.8655,0.5498,0.5101,0.0729,0.6076,0.5783,0.2644,0.3157,0.0397,0.4372,85.7711,64.2179,33.0031,1.6649
51.467,1544,sitting,0.7081,0.93,-0.0717,2.0957,1.0017,0.478,0.8149,0.8657,0.5506,0.5102,0.073,0.6082,0.5779,0.2643,0.3151,0.0404,0.4371,85.9865,64.3621,32.9727,1.6645
51.5,1545,sitting,0.7087,0.9302,-0.0706,2.0943,1.0008,0.4779,0.8159,0.8661,0.5512,0.511,0.0732,0.61,0.5794,0.2646,0.3149,0.0402,0.4379,86.0327,64.3467,32.9564,1.6664
51.533,1546,sitting,0.7092,0.9305,-0.0699,2.0938,1.0004,0.4778,0.8159,0.8664,0.5519,0.5119,0.0732,0.6104,0.5793,0.264,0.3145,0.0401,0.4386,86.0558,64.3007,32.9858,1.6657
51.567,1547,sitting,0.7096,0.9313,-0.0696,2.0963,1.0009,0.4774,0.8164,0.8667,0.5525,0.512,0.0733,0.6109,0.5795,0.2639,0.3141,0.0405,0.4387,86.1507,64.2596,33.0815,1.6669
51.6,1548,sitting,0.7067,0.9312,-0.0738,2.1046,1.005,0.4775,0.8143,0.865,0.5484,0.5119,0.0728,0.607,0.5799,0.266,0.3167,0.0365,0.4391,85.4509,63.6542,33.0103,1.6717
51.633,1549,sitting,0.7044,0.931,-0.0772,2.1109,1.0081,0.4776,0.8123,0.8643,0.5445,0.512,0.0724,0.6033,0.5788,0.2677,0.3198,0.0325,0.4396,84.8068,63.1443,32.8871,1.6727
51.667,1550,sitting,0.7034,0.9312,-0.0796,2.1164,1.0108,0.4776,0.8114,0.8642,0.5425,0.5117,0.0721,0.5993,0.5775,0.2689,0.3217,0.0309,0.4396,84.5304,62.9917,32.7846,1.6748
51.7,1551,sitting,0.7021,0.931,-0.0823,2.121,1.0133,0.4777,0.811,0.8639,0.5404,0.5118,0.0718,0.5955,0.576,0.2707,0.3235,0.0286,0.44,84.0638,62.6801,32.7317,1.6779
51.733,1552,sitting,0.7018,0.9307,-0.0828,2.1212,1.0135,0.4778,0.8108,0.8639,0.5396,0.5119,0.0717,0.5928,0.5745,0.2711,0.3243,0.0277,0.4402,83.8328,62.4346,32.8425,1.6769
51.767,1553,sitting,0.7039,0.9312,-0.08,2.1169,1.0112,0.4777,0.8129,0.8648,0.5429,0.5139,0.0721,0.5954,0.5747,0.2701,0.322,0.0289,0.4418,84.0378,62.3907,33.072,1.6733
51.8,1554,sitting,0.7056,0.9322,-0.0774,2.1148,1.0096,0.4774,0.8153,0.8659,0.5452,0.5157,0.0724,0.5987,0.5772,0.2701,0.3207,0.0295,0.4433,84.1071,62.3173,33.2308,1.6706
51.833,1555,sitting,0.7054,0.9332,-0.0786,2.1205,1.0118,0.4772,0.8146,0.8663,0.5444,0.5154,0.0722,0.5974,0.5772,0.2701,0.3218,0.029,0.4432,83.9589,62.2207,33.2258,1.6719
51.867,1556,sitting,0.7052,0.9334,-0.08,2.1236,1.0134,0.4772,0.8142,0.8664,0.5441,0.5139,0.072,0.5974,0.577,0.2702,0.3224,0.0301,0.4419,84.1013,62.4097,33.209,1.6736
51.9,1557,sitting,0.7043,0.9326,-0.0808,2.1228,1.0134,0.4774,0.8142,0.8657,0.543,0.5126,0.0719,0.596,0.5759,0.2712,0.3227,0.0304,0.4407,84.0792,62.4082,33.2464,1.6687
51.933,1558,sitting,0.7042,0.9318,-0.0825,2.1235,1.0143,0.4777,0.8138,0.8657,0.5427,0.5119,0.0717,0.5939,0.5741,0.2711,0.323,0.0308,0.4402,84.135,62.3237,33.3753,1.6671
51.967,1559,sitting,0.7035,0.9308,-0.0828,2.121,1.0136,0.4779,0.814,0.8649,0.542,0.5112,0.0717,0.5924,0.5728,0.272,0.3229,0.0309,0.4395,84.166,62.3097,33.3816,1.6622
52.0,1560,sitting,0.7021,0.9288,-0.0842,2.1164,1.0129,0.4786,0.8141,0.8641,0.5401,0.5088,0.0715,0.5906,0.5717,0.274,0.324,0.0313,0.4373,84.1218,62.3756,33.3812,1.655
52.033,1561,sitting,0.7008,0.9273,-0.084,2.1114,1.0112,0.479,0.8143,0.8635,0.538,0.5058,0.0715,0.5889,0.5699,0.2763,0.3255,0.0322,0.4343,84.1164,62.655,33.2541,1.6477
52.067,1562,sitting,0.7,0.9268,-0.0837,2.1095,1.0105,0.479,0.8149,0.8635,0.5366,0.5038,0.0716,0.5894,0.5702,0.2784,0.3269,0.0328,0.4322,84.1567,62.9545,33.0701,1.6454
52.1,1563,sitting,0.6996,0.9259,-0.0826,2.1044,1.0085,0.4792,0.8167,0.8636,0.5356,0.5034,0.0717,0.5894,0.5706,0.2811,0.328,0.0322,0.4317,83.9848,63.1254,32.8358,1.6427
52.133,1564,sitting,0.6996,0.9257,-0.0819,2.1022,1.0076,0.4793,0.8181,0.8642,0.535,0.504,0.0718,0.589,0.5703,0.2831,0.3291,0.0311,0.4322,83.7445,63.1137,32.6939,1.6399
52.167,1565,sitting,0.7,0.9256,-0.0821,2.102,1.0076,0.4794,0.8192,0.8645,0.5354,0.5042,0.0717,0.5893,0.5708,0.2838,0.3291,0.0312,0.4325,83.7239,63.2341,32.5883,1.6424
52.2,1566,sitting,0.6994,0.9252,-0.0824,2.1016,1.0076,0.4794,0.8175,0.8642,0.5346,0.5044,0.0717,0.5896,0.5714,0.2829,0.3296,0.0302,0.4327,83.6552,63.2243,32.4669,1.6436
52.233,1567,sitting,0.6998,0.9261,-0.0833,2.1062,1.0094,0.4792,0.8199,0.8648,0.5348,0.5037,0.0716,0.5904,0.5723,0.2851,0.33,0.0312,0.4321,83.7708,63.43,32.4087,1.6494
52.267,1568,sitting,0.7004,0.9274,-0.0839,2.1117,1.0113,0.4789,0.8201,0.8658,0.5351,0.5025,0.0715,0.5917,0.5738,0.285,0.3307,0.0326,0.431,83.8652,63.7593,32.3029,1.6566
52.3,1569,sitting,0.7009,0.9284,-0.0837,2.1146,1.0121,0.4786,0.818,0.8664,0.5354,0.5023,0.0715,0.5927,0.575,0.2826,0.331,0.0331,0.4307,83.9783,63.96,32.1887,1.6628
52.333,1570,sitting,0.7011,0.9287,-0.0837,2.1155,1.0124,0.4786,0.8202,0.8668,0.5354,0.5023,0.0716,0.5934,0.5753,0.2847,0.3314,0.0331,0.4307,84.0634,64.0159,32.1347,1.6632
52.367,1571,sitting,0.7015,0.9294,-0.0836,2.1175,1.013,0.4784,0.8177,0.8675,0.5356,0.5019,0.0716,0.5948,0.5762,0.282,0.3318,0.0337,0.4304,84.215,64.1549,32.0779,1.6654
52.4,1572,sitting,0.7012,0.9289,-0.0837,2.1162,1.0126,0.4785,0.8207,0.8668,0.5355,0.5028,0.0716,0.5943,0.5763,0.2852,0.3313,0.0327,0.4313,84.1267,63.9324,32.1389,1.6671
52.433,1573,sitting,0.7014,0.9289,-0.083,2.115,1.0119,0.4784,0.8214,0.8672,0.5356,0.5034,0.0717,0.5947,0.5771,0.2858,0.3315,0.0323,0.4317,84.156,63.8487,32.1649,1.6687
52.467,1574,sitting,0.7011,0.9286,-0.083,2.1137,1.0115,0.4786,0.82,0.8671,0.5351,0.5033,0.0717,0.5943,0.5771,0.2848,0.332,0.0319,0.4316,84.0782,63.8768,32.0855,1.6699
52.5,1575,sitting,0.704,0.9298,-0.079,2.1096,1.0088,0.4782,0.8226,0.8687,0.5393,0.5059,0.0721,0.5985,0.5797,0.2834,0.3294,0.0334,0.4338,84.3746,63.9689,32.2482,1.6705
52.533,1576,sitting,0.7036,0.9303,-0.0796,2.1124,1.0099,0.4781,0.8228,0.8688,0.5384,0.5054,0.0721,0.5981,0.5804,0.2843,0.3304,0.033,0.4333,84.2309,64.0,32.169,1.6733
52.567,1577,sitting,0.7057,0.9305,-0.0761,2.1055,1.0067,0.4781,0.8252,0.8697,0.5417,0.5073,0.0725,0.6013,0.5817,0.2835,0.328,0.0344,0.4348,84.4793,64.0979,32.3169,1.6727
52.6,1578,sitting,0.7079,0.9313,-0.0737,2.1027,1.005,0.478,0.8292,0.8706,0.5452,0.5081,0.0728,0.6043,0.583,0.2839,0.3254,0.0372,0.4353,84.9629,64.2734,32.5726,1.6743
52.633,1579,sitting,0.7066,0.9307,-0.0761,2.1052,1.0067,0.4782,0.8273,0.8699,0.5432,0.5065,0.0725,0.6015,0.5819,0.2841,0.3267,0.0367,0.434,84.9207,64.3681,32.3875,1.6774
52.667,1580,sitting,0.7061,0.9311,-0.0783,2.1108,1.0094,0.4782,0.8233,0.8698,0.5425,0.5061,0.0723,0.6009,0.5833,0.2808,0.3273,0.0364,0.4338,84.9542,64.376,32.3059,1.6853
52.7,1581,sitting,0.7074,0.9311,-0.076,2.1059,1.0071,0.4782,0.8272,0.8702,0.5446,0.5071,0.0726,0.6043,0.5851,0.2826,0.3256,0.0376,0.4345,85.2518,64.5806,32.2989,1.6876
52.733,1582,sitting,0.7066,0.9315,-0.0776,2.1104,1.009,0.4781,0.8263,0.87,0.5432,0.5059,0.0724,0.6033,0.5844,0.2831,0.3268,0.0373,0.4335,85.2101,64.7195,32.1033,1.6894
52.767,1583,sitting,0.7076,0.9311,-0.0754,2.1047,1.0065,0.4782,0.8251,0.8704,0.5449,0.5067,0.0726,0.6056,0.5847,0.2802,0.3255,0.0382,0.4341,85.3655,64.8507,32.1425,1.6883
52.8,1584,sitting,0.7074,0.9315,-0.0761,2.1079,1.0077,0.478,0.8272,0.8705,0.5443,0.5056,0.0725,0.605,0.5839,0.2829,0.3262,0.0387,0.4331,85.3315,64.9115,32.1536,1.6858
52.833,1585,sitting,0.7087,0.9322,-0.0734,2.1047,1.0055,0.4778,0.829,0.871,0.5464,0.5065,0.0728,0.6078,0.5854,0.2826,0.3246,0.0399,0.4337,85.4033,65.0358,32.2332,1.6838
52.867,1586,sitting,0.7079,0.932,-0.0747,2.1072,1.0067,0.4777,0.826,0.8709,0.5449,0.5053,0.0727,0.6065,0.5852,0.2811,0.326,0.0397,0.4326,85.4075,65.0899,32.143,1.6854
52.9,1587,sitting,0.707,0.9318,-0.0755,2.1085,1.0073,0.4777,0.8278,0.8707,0.5433,0.5044,0.0726,0.6055,0.5854,0.2845,0.3274,0.0389,0.4319,85.2621,65.1235,31.9913,1.6858
52.933,1588,sitting,0.7082,0.9323,-0.0732,2.1056,1.0056,0.4776,0.8288,0.8706,0.5459,0.5048,0.0728,0.6088,0.5875,0.2829,0.3247,0.0411,0.4319,85.6936,65.4308,32.0414,1.6853
52.967,1589,sitting,0.7069,0.9325,-0.0751,2.1104,1.0076,0.4775,0.8271,0.8701,0.5437,0.5049,0.0726,0.6073,0.5869,0.2834,0.3264,0.0388,0.4323,85.3212,65.1058,31.9809,1.6891
53.0,1590,sitting,0.7076,0.9322,-0.0732,2.106,1.0055,0.4774,0.8279,0.87,0.5451,0.5057,0.0728,0.6092,0.5876,0.2828,0.3249,0.0395,0.4328,85.3486,65.1349,32.0571,1.6875
53.033,1591,sitting,0.7066,0.9325,-0.0745,2.1099,1.007,0.4773,0.8268,0.8698,0.5433,0.5056,0.0727,0.6077,0.5872,0.2835,0.3265,0.0378,0.4329,85.045,64.9666,31.9494,1.6878
53.067,1592,sitting,0.7077,0.9327,-0.0727,2.1071,1.0054,0.4772,0.8278,0.8703,0.5452,0.5068,0.0729,0.6104,0.5881,0.2826,0.3251,0.0384,0.4339,85.1929,64.9668,32.0648,1.688
53.1,1593,sitting,0.7065,0.9327,-0.0753,2.1119,1.008,0.4773,0.8263,0.8699,0.5432,0.506,0.0726,0.6085,0.5875,0.2831,0.3266,0.0372,0.4335,84.9455,64.855,31.9633,1.6916
53.133,1594,sitting,0.7059,0.9329,-0.0769,2.1159,1.0098,0.4772,0.8253,0.87,0.5419,0.5048,0.0724,0.6074,0.5873,0.2835,0.3281,0.0371,0.4324,84.8629,64.9835,31.8201,1.6941
53.167,1595,sitting,0.7072,0.9326,-0.075,2.1109,1.0076,0.4774,0.8272,0.8703,0.544,0.5056,0.0726,0.6092,0.5877,0.2832,0.3263,0.0384,0.433,85.037,65.0694,31.9503,1.6932
53.2,1596,sitting,0.7065,0.9334,-0.0775,2.1182,1.0109,0.4773,0.8254,0.8702,0.5428,0.505,0.0723,0.6078,0.5878,0.2825,0.3274,0.0379,0.4327,84.9871,64.8198,32.0723,1.6932
53.233,1597,sitting,0.706,0.9343,-0.0798,2.1251,1.014,0.4772,0.8244,0.8703,0.5417,0.5055,0.0721,0.606,0.5881,0.2827,0.3286,0.0361,0.4335,84.8344,64.5708,32.027,1.6965
53.267,1598,sitting,0.7072,0.9346,-0.0778,2.1221,1.0124,0.4771,0.8258,0.8706,0.5438,0.5065,0.0723,0.6079,0.5887,0.282,0.3268,0.0373,0.4342,84.9715,64.5753,32.2063,1.6946
53.3,1599,sitting,0.7089,0.9352,-0.0756,2.1192,1.0108,0.477,0.8276,0.8718,0.546,0.5077,0.0726,0.6095,0.5893,0.2815,0.3257,0.0384,0.4351,85.0901,64.4764,32.4712,1.6917
53.333,1600,sitting,0.7099,0.935,-0.0739,2.1149,1.0089,0.4771,0.8288,0.8721,0.5477,0.5094,0.0728,0.6103,0.5885,0.2811,0.3244,0.0383,0.4366,84.9647,64.3027,32.6551,1.6905
53.367,1601,sitting,0.7111,0.9346,-0.0725,2.11,1.0071,0.4773,0.83,0.8726,0.5497,0.5108,0.0729,0.6104,0.5863,0.2804,0.3229,0.0389,0.4379,84.9717,64.2281,32.8259,1.6914
53.4,1602,sitting,0.7123,0.9347,-0.0711,2.1073,1.0058,0.4773,0.8314,0.8731,0.5515,0.5118,0.0731,0.611,0.5849,0.2799,0.3216,0.0397,0.4387,85.0404,64.2917,32.9173,1.6952
53.433,1603,sitting,0.7111,0.9344,-0.0735,2.1115,1.0079,0.4773,0.8279,0.8728,0.5494,0.5101,0.0728,0.6056,0.5817,0.2786,0.3234,0.0393,0.4373,84.8851,64.2064,32.9058,1.6952
53.467,1604,sitting,0.7094,0.9337,-0.0753,2.1133,1.009,0.4775,0.8296,0.8719,0.5469,0.5084,0.0726,0.6011,0.5793,0.2827,0.325,0.0385,0.4358,84.5762,64.2229,32.7717,1.693
53.5,1605,sitting,0.7083,0.9327,-0.0766,2.1129,1.0092,0.4777,0.8286,0.8715,0.5451,0.5074,0.0724,0.5978,0.5778,0.2835,0.3263,0.0378,0.435,84.4319,64.2167,32.6772,1.6916
53.533,1606,sitting,0.7074,0.9323,-0.0786,2.1157,1.0109,0.4778,0.8275,0.8711,0.5436,0.5069,0.0722,0.5972,0.5785,0.2839,0.3275,0.0368,0.4347,84.2814,64.1338,32.5907,1.6905
53.567,1607,sitting,0.7063,0.9322,-0.08,2.1186,1.0122,0.4778,0.8263,0.8709,0.5417,0.507,0.072,0.5964,0.579,0.2846,0.3292,0.0347,0.435,84.0363,63.9653,32.4246,1.6889
53.6,1608,sitting,0.7052,0.9325,-0.0822,2.1232,1.0147,0.4779,0.8251,0.8702,0.5402,0.5066,0.0718,0.5968,0.5816,0.2849,0.33,0.0335,0.4349,84.0042,63.9098,32.2745,1.6906
53.633,1609,sitting,0.7046,0.9332,-0.0833,2.1288,1.0166,0.4775,0.8238,0.8696,0.5395,0.5052,0.0716,0.597,0.5834,0.2843,0.3302,0.0343,0.4336,84.3023,64.1094,32.1707,1.6949
53.667,1610,sitting,0.7042,0.9332,-0.0839,2.1303,1.0171,0.4775,0.8235,0.8696,0.5387,0.5048,0.0716,0.597,0.5841,0.2848,0.3309,0.0339,0.4332,84.3553,64.1581,32.0693,1.6966
53.7,1611,sitting,0.7061,0.9332,-0.0806,2.1231,1.0138,0.4775,0.8263,0.8705,0.5416,0.5065,0.072,0.6009,0.5859,0.2848,0.329,0.0351,0.4345,84.6322,64.349,32.0828,1.6956
53.733,1612,sitting,0.7083,0.9343,-0.0772,2.1193,1.0114,0.4773,0.829,0.8719,0.5446,0.5077,0.0724,0.6045,0.5872,0.2844,0.3273,0.0369,0.4353,84.9141,64.6994,32.0404,1.6964
53.767,1613,sitting,0.7092,0.9343,-0.0742,2.1135,1.0085,0.4772,0.8307,0.8727,0.5457,0.5106,0.0727,0.6067,0.588,0.285,0.327,0.0351,0.4378,84.704,64.5204,31.9794,1.6937
53.8,1614,sitting,0.7098,0.9344,-0.0725,2.1104,1.0069,0.4771,0.8316,0.8729,0.5468,0.5119,0.0729,0.6086,0.5887,0.2849,0.3261,0.0349,0.4389,84.6676,64.5626,31.9075,1.694
53.833,1615,sitting,0.7101,0.9346,-0.071,2.1083,1.0057,0.477,0.832,0.8727,0.5475,0.5129,0.0731,0.6103,0.5893,0.2844,0.3252,0.0346,0.4398,84.562,64.5581,31.8752,1.6953
53.867,1616,sitting,0.7105,0.9358,-0.0701,2.1104,1.0059,0.4767,0.8323,0.8727,0.5482,0.5133,0.0732,0.612,0.5903,0.2841,0.3245,0.0349,0.4401,84.581,64.6962,31.7964,1.6981
53.9,1617,sitting,0.7108,0.9359,-0.0702,2.1104,1.0061,0.4767,0.8331,0.873,0.5486,0.5146,0.0732,0.6137,0.5918,0.2845,0.3244,0.034,0.4414,84.435,64.5791,31.7652,1.7007
53.933,1618,sitting,0.709,0.9363,-0.0738,2.1191,1.0101,0.4767,0.8313,0.8726,0.5453,0.5134,0.0728,0.6106,0.5909,0.286,0.3273,0.0319,0.4406,84.1099,64.3974,31.6097,1.7071
53.967,1619,sitting,0.7097,0.9362,-0.0725,2.1161,1.0087,0.4767,0.8326,0.8728,0.5466,0.5135,0.0729,0.6122,0.5919,0.2859,0.3262,0.0332,0.4405,84.3285,64.5286,31.681,1.7056
54.0,1620,sitting,0.7114,0.9376,-0.0703,2.1162,1.0079,0.4763,0.8341,0.8742,0.5486,0.5136,0.0732,0.615,0.593,0.2855,0.3256,0.0349,0.4405,84.6186,64.808,31.6712,1.7034
54.033,1621,sitting,0.7103,0.9386,-0.0727,2.1236,1.0113,0.4762,0.8334,0.8747,0.546,0.5129,0.0729,0.613,0.5921,0.2875,0.3287,0.0331,0.44,84.4542,64.708,31.4625,1.7071
54.067,1622,sitting,0.711,0.9383,-0.071,2.1195,1.0093,0.4762,0.8344,0.8749,0.5471,0.5142,0.0731,0.6141,0.5921,0.2872,0.3278,0.0329,0.4411,84.5239,64.545,31.59,1.7033
54.1,1623,sitting,0.7125,0.9389,-0.07,2.1191,1.0089,0.4761,0.8321,0.8757,0.5493,0.5145,0.0732,0.6156,0.5928,0.2828,0.3263,0.0349,0.4412,84.8246,64.736,31.7055,1.7051
54.133,1624,sitting,0.7119,0.9403,-0.0725,2.1287,1.0128,0.4758,0.8336,0.8763,0.5474,0.5128,0.0729,0.6141,0.593,0.2862,0.3289,0.0346,0.44,84.6622,64.8872,31.5039,1.7148
54.167,1625,sitting,0.7128,0.9404,-0.071,2.1261,1.0115,0.4757,0.8341,0.8771,0.5485,0.5132,0.073,0.6159,0.5943,0.2856,0.3286,0.0353,0.4402,84.6901,64.9885,31.5178,1.715
54.2,1626,sitting,0.7139,0.941,-0.07,2.1257,1.011,0.4756,0.8316,0.8781,0.5496,0.5143,0.0732,0.6175,0.5951,0.2821,0.3286,0.0353,0.4411,84.671,65.0362,31.4949,1.7168
54.233,1627,sitting,0.7147,0.9414,-0.0692,2.1253,1.0106,0.4755,0.8354,0.8788,0.5505,0.5143,0.0732,0.6192,0.5965,0.285,0.3284,0.0361,0.4411,84.7353,65.2113,31.4688,1.7199
54.267,1628,sitting,0.715,0.9416,-0.0684,2.1244,1.01,0.4754,0.836,0.879,0.551,0.5148,0.0733,0.6199,0.5969,0.285,0.3279,0.0363,0.4414,84.7372,65.2822,31.4369,1.7225
54.3,1629,sitting,0.715,0.9413,-0.0673,2.1215,1.0086,0.4754,0.8332,0.8789,0.5511,0.5162,0.0734,0.6202,0.5964,0.2821,0.3277,0.0349,0.4427,84.4495,65.0239,31.4967,1.7203
54.333,1630,sitting,0.7149,0.9411,-0.067,2.12,1.0082,0.4755,0.8336,0.8788,0.5511,0.5174,0.0735,0.6206,0.5968,0.2825,0.3277,0.0337,0.4439,84.2801,64.9231,31.4092,1.7197
54.367,1631,sitting,0.7147,0.9404,-0.067,2.1177,1.0074,0.4757,0.8334,0.8782,0.5512,0.5164,0.0735,0.62,0.5961,0.2822,0.327,0.0347,0.4429,84.3481,65.1003,31.4039,1.7176
54.4,1632,sitting,0.7136,0.9388,-0.0673,2.1128,1.0061,0.4762,0.8368,0.8767,0.5506,0.5166,0.0735,0.6196,0.5958,0.2863,0.3262,0.0339,0.4431,84.3095,64.8215,31.5281,1.711
54.433,1633,sitting,0.7118,0.9397,-0.0705,2.1221,1.0102,0.476,0.835,0.8763,0.5474,0.5154,0.0731,0.6172,0.5954,0.2877,0.3289,0.032,0.4422,84.0763,64.6723,31.3462,1.7153
54.467,1634,sitting,0.7116,0.9387,-0.0699,2.1179,1.0086,0.4762,0.8358,0.8755,0.5477,0.5157,0.0732,0.6175,0.5957,0.2881,0.3278,0.032,0.4425,84.1772,64.5182,31.4991,1.7113
54.5,1635,sitting,0.7112,0.9377,-0.0692,2.1137,1.0069,0.4764,0.8359,0.8744,0.5481,0.5157,0.0733,0.6176,0.5955,0.2878,0.3263,0.0324,0.4424,84.3092,64.4495,31.619,1.7091
54.533,1636,sitting,0.7094,0.9376,-0.0728,2.1209,1.0104,0.4764,0.8338,0.8735,0.5453,0.5144,0.0729,0.614,0.5941,0.2885,0.3282,0.0309,0.4415,84.1077,64.3093,31.5143,1.7119
54.567,1637,sitting,0.7066,0.9363,-0.076,2.1231,1.0123,0.4768,0.8319,0.8717,0.5416,0.5126,0.0725,0.61,0.5915,0.2903,0.33,0.0291,0.4401,83.8003,64.1336,31.3931,1.7082
54.6,1638,sitting,0.7051,0.9364,-0.079,2.1299,1.0154,0.4767,0.8297,0.8708,0.5393,0.5107,0.0721,0.6078,0.5899,0.2905,0.3316,0.0286,0.4386,83.6167,64.0186,31.4185,1.7097
54.633,1639,sitting,0.7046,0.9376,-0.0805,2.137,1.0181,0.4764,0.829,0.871,0.5381,0.5103,0.072,0.6072,0.5903,0.2909,0.3329,0.0278,0.4384,83.485,63.9469,31.3585,1.7125
54.667,1640,sitting,0.7034,0.9373,-0.0815,2.1386,1.0188,0.4764,0.8253,0.8705,0.5364,0.5105,0.0718,0.6057,0.5892,0.289,0.3341,0.0259,0.4387,83.152,63.7358,31.2653,1.7124
54.7,1641,sitting,0.7034,0.9384,-0.0825,2.1444,1.0209,0.4761,0.8247,0.8706,0.5361,0.5109,0.0717,0.6057,0.5894,0.2886,0.3345,0.0252,0.4392,83.0514,63.5903,31.2708,1.7137
54.733,1642,sitting,0.7028,0.9384,-0.0834,2.1465,1.0218,0.476,0.8268,0.87,0.5355,0.5114,0.0716,0.6051,0.5888,0.2912,0.3345,0.0241,0.4399,82.8523,63.3218,31.3564,1.7112
54.767,1643,sitting,0.7043,0.9384,-0.0802,2.1401,1.0187,0.476,0.8256,0.87,0.5387,0.5135,0.072,0.6083,0.5901,0.2869,0.3313,0.0251,0.4416,83.0768,63.2591,31.5696,1.7069
54.8,1644,sitting,0.7055,0.9369,-0.0786,2.1312,1.0155,0.4765,0.8273,0.8699,0.5411,0.5128,0.0722,0.611,0.5919,0.2862,0.3288,0.0283,0.4406,83.6153,63.5632,31.7842,1.7043
54.833,1645,sitting,0.7071,0.9371,-0.0763,2.1274,1.0134,0.4764,0.8314,0.8702,0.544,0.513,0.0724,0.6141,0.5936,0.2874,0.3262,0.031,0.4406,84.0455,63.7248,32.0492,1.7052
54.867,1646,sitting,0.7088,0.9381,-0.0735,2.1251,1.0117,0.476,0.8305,0.8714,0.5463,0.5124,0.0728,0.6177,0.5959,0.2843,0.3251,0.0339,0.4396,84.4871,64.0786,32.1655,1.708
54.9,1647,sitting,0.7084,0.9388,-0.0745,2.1295,1.0134,0.4759,0.83,0.8718,0.545,0.5104,0.0726,0.6168,0.5967,0.2851,0.3269,0.0346,0.4377,84.5426,64.2998,32.0427,1.7116
54.933,1648,sitting,0.708,0.9393,-0.0759,2.1336,1.0152,0.4758,0.8321,0.8718,0.5442,0.5084,0.0725,0.616,0.5973,0.2878,0.3276,0.0358,0.4359,84.7212,64.5409,31.9807,1.7105
54.967,1649,sitting,0.7094,0.9397,-0.0731,2.1296,1.0128,0.4756,0.833,0.8722,0.5467,0.5095,0.0728,0.619,0.5986,0.2863,0.3255,0.0371,0.4367,84.8467,64.6396,32.098,1.7053
55.0,1650,sitting,0.7108,0.9396,-0.0717,2.1263,1.0113,0.4756,0.8311,0.8723,0.5492,0.5096,0.073,0.6208,0.5996,0.2819,0.3231,0.0397,0.4366,85.2116,64.8954,32.2374,1.7003
55.033,1651,sitting,0.71,0.94,-0.0746,2.1332,1.0146,0.4756,0.8322,0.872,0.548,0.5078,0.0726,0.6184,0.5987,0.2841,0.324,0.0402,0.4351,85.3497,64.9894,32.2049,1.7039
55.067,1652,sitting,0.711,0.9395,-0.073,2.1282,1.0125,0.4758,0.8304,0.8715,0.5504,0.508,0.0728,0.6209,0.6004,0.28,0.3211,0.0424,0.4352,85.7347,65.2428,32.2888,1.701
55.1,1653,sitting,0.7117,0.9388,-0.0718,2.1226,1.0105,0.4761,0.8318,0.8714,0.5521,0.5085,0.073,0.6219,0.6013,0.2797,0.3192,0.0436,0.4355,85.9302,65.3602,32.3742,1.6991
55.133,1654,sitting,0.7127,0.9387,-0.0707,2.1201,1.0094,0.4761,0.8334,0.8715,0.554,0.5096,0.0731,0.6229,0.6017,0.2794,0.3174,0.0445,0.4364,86.1686,65.4503,32.4171,1.6991
55.167,1655,sitting,0.7116,0.939,-0.0732,2.126,1.0122,0.4761,0.8342,0.8711,0.5522,0.5091,0.0728,0.6203,0.6005,0.282,0.3189,0.0431,0.4362,85.9534,65.377,32.2728,1.703
55.2,1656,sitting,0.7102,0.9386,-0.077,2.1324,1.0156,0.4763,0.8313,0.8707,0.5497,0.5081,0.0724,0.6162,0.5985,0.2817,0.3211,0.0415,0.4357,85.6843,65.1947,32.1777,1.7087
55.233,1657,sitting,0.7115,0.939,-0.0748,2.1295,1.0138,0.4761,0.8297,0.872,0.5511,0.5089,0.0727,0.6178,0.5988,0.2785,0.3208,0.0422,0.4363,85.832,65.1938,32.2948,1.7083
55.267,1658,sitting,0.712,0.9389,-0.0732,2.1262,1.0121,0.476,0.8299,0.8722,0.5519,0.51,0.0729,0.6176,0.5977,0.278,0.3202,0.0419,0.4372,85.8271,65.0654,32.3892,1.7063
55.3,1659,sitting,0.7123,0.9379,-0.0724,2.1215,1.0103,0.4762,0.8306,0.8719,0.5528,0.5112,0.073,0.617,0.5963,0.2778,0.3191,0.0415,0.4383,85.894,64.9468,32.451,1.7027
55.333,1660,sitting,0.7115,0.9379,-0.0749,2.1265,1.0128,0.4763,0.832,0.8718,0.5512,0.5107,0.0727,0.6134,0.5947,0.2808,0.3206,0.0405,0.438,85.6899,64.779,32.4386,1.7052
55.367,1661,sitting,0.7102,0.9371,-0.0769,2.128,1.0139,0.4765,0.8279,0.8714,0.549,0.5105,0.0724,0.6097,0.5923,0.2789,0.3223,0.0385,0.4381,85.3542,64.4879,32.408,1.7024
55.4,1662,sitting,0.7085,0.9361,-0.0801,2.1313,1.0162,0.4768,0.8287,0.8703,0.5466,0.5092,0.072,0.6057,0.5894,0.2821,0.3237,0.0374,0.4372,85.0816,64.2868,32.4041,1.7024
55.433,1663,sitting,0.7095,0.9359,-0.0774,2.1253,1.0133,0.4768,0.8301,0.8706,0.5485,0.5109,0.0724,0.6081,0.5898,0.2817,0.3221,0.0376,0.4386,85.1733,64.2625,32.4894,1.6981
55.467,1664,sitting,0.7086,0.9355,-0.0786,2.1264,1.0141,0.4769,0.8297,0.8703,0.5469,0.5092,0.0722,0.606,0.589,0.2829,0.3235,0.0376,0.437,85.1155,64.4191,32.346,1.6971
55.5,1665,sitting,0.7083,0.9353,-0.0792,2.1263,1.0144,0.4771,0.8274,0.8706,0.5459,0.5084,0.0721,0.6039,0.5878,0.2814,0.3247,0.0376,0.4362,85.0688,64.5322,32.24,1.694
55.533,1666,sitting,0.7094,0.9351,-0.0768,2.1211,1.0119,0.4771,0.8309,0.8707,0.5482,0.5078,0.0724,0.6062,0.5872,0.2827,0.3226,0.0404,0.4353,85.4809,64.9436,32.2964,1.6887
55.567,1667,sitting,0.708,0.9346,-0.0784,2.123,1.0129,0.4771,0.8291,0.8698,0.5461,0.5064,0.0722,0.6039,0.5862,0.2829,0.3236,0.0397,0.4342,85.3678,64.9527,32.1814,1.6881
55.6,1668,sitting,0.7064,0.933,-0.0791,2.1196,1.0121,0.4775,0.8288,0.8685,0.5443,0.5049,0.0721,0.6019,0.5856,0.2845,0.3242,0.0395,0.4327,85.2802,64.9914,32.1125,1.6846
55.633,1669,sitting,0.706,0.9331,-0.0793,2.1209,1.0124,0.4773,0.8282,0.8685,0.5434,0.5038,0.0721,0.6012,0.5856,0.2848,0.3251,0.0396,0.4317,85.2817,65.1875,31.9416,1.6858
55.667,1670,sitting,0.7059,0.9338,-0.0802,2.1253,1.014,0.4771,0.8278,0.8686,0.5431,0.5025,0.072,0.6004,0.5858,0.2846,0.3255,0.0406,0.4305,85.4229,65.3878,31.8904,1.6863
55.7,1671,sitting,0.7056,0.9343,-0.0813,2.1294,1.0156,0.4769,0.8261,0.8686,0.5426,0.5014,0.0719,0.599,0.5847,0.2835,0.326,0.0412,0.4296,85.5669,65.5251,31.828,1.6855
55.733,1672,sitting,0.7071,0.9342,-0.0789,2.1238,1.0131,0.477,0.8272,0.8691,0.5452,0.503,0.0722,0.601,0.583,0.282,0.3239,0.0422,0.4308,85.7656,65.6771,31.8583,1.6817
55.767,1673,sitting,0.7091,0.9353,-0.0766,2.1225,1.0118,0.4767,0.8259,0.8701,0.5481,0.5048,0.0724,0.6043,0.5844,0.2778,0.322,0.0433,0.4324,85.9844,65.7675,31.9323,1.6813
55.8,1674,sitting,0.7107,0.9363,-0.0746,2.1219,1.0109,0.4764,0.8287,0.8707,0.5507,0.5066,0.0727,0.6078,0.5868,0.278,0.32,0.0441,0.4339,86.1644,65.7368,32.0843,1.6827
55.833,1675,sitting,0.7123,0.937,-0.0724,2.1196,1.0094,0.4762,0.8297,0.8714,0.5531,0.5081,0.0729,0.6107,0.5885,0.2766,0.3183,0.045,0.4352,86.3432,65.6946,32.2643,1.6807
55.867,1676,sitting,0.7112,0.9364,-0.0751,2.1231,1.0115,0.4764,0.8275,0.8707,0.5518,0.5068,0.0726,0.6073,0.5871,0.2758,0.3189,0.045,0.4342,86.2983,65.616,32.3186,1.6787
55.9,1677,sitting,0.7106,0.9365,-0.0763,2.1259,1.0128,0.4764,0.8263,0.8702,0.551,0.5053,0.0725,0.6053,0.5867,0.2753,0.3192,0.0457,0.4328,86.2983,65.7283,32.3217,1.6771
55.933,1678,sitting,0.7119,0.9368,-0.0747,2.1235,1.0115,0.4764,0.827,0.8708,0.5531,0.506,0.0726,0.6075,0.5876,0.274,0.3177,0.0471,0.4334,86.5114,65.8382,32.4355,1.6758
55.967,1679,sitting,0.713,0.9363,-0.0733,2.1182,1.0096,0.4766,0.8282,0.871,0.555,0.5069,0.0728,0.6088,0.5881,0.2732,0.316,0.0481,0.4341,86.7103,65.7886,32.6508,1.6732
56.0,1680,sitting,0.7109,0.9361,-0.0757,2.1228,1.0118,0.4766,0.8261,0.8702,0.5516,0.5073,0.0725,0.6066,0.587,0.2746,0.3186,0.0443,0.4347,86.2379,65.3396,32.4861,1.6743
56.033,1681,sitting,0.7092,0.9361,-0.0779,2.1279,1.014,0.4765,0.8245,0.8695,0.5489,0.5072,0.0723,0.6043,0.5856,0.2757,0.3206,0.0416,0.435,85.8258,65.0045,32.3848,1.6751
56.067,1682,sitting,0.7101,0.9362,-0.076,2.1245,1.0122,0.4765,0.8256,0.8698,0.5504,0.5087,0.0725,0.6068,0.5869,0.2752,0.3194,0.0417,0.4362,85.9431,64.9824,32.4328,1.6735
56.1,1683,sitting,0.7091,0.9363,-0.0775,2.1281,1.0139,0.4764,0.825,0.8697,0.5486,0.5073,0.0723,0.6051,0.5863,0.2764,0.3211,0.0413,0.4349,85.8379,65.0806,32.2881,1.6751
56.133,1684,sitting,0.71,0.9361,-0.0752,2.1228,1.0113,0.4764,0.8261,0.8699,0.55,0.5081,0.0726,0.607,0.5865,0.2761,0.3199,0.0419,0.4355,85.9914,65.0773,32.3939,1.6727
56.167,1685,sitting,0.7112,0.9359,-0.0733,2.1181,1.0092,0.4765,0.8271,0.8704,0.552,0.5089,0.0728,0.6086,0.5864,0.2751,0.3184,0.0431,0.436,86.1492,65.1416,32.5266,1.6694
56.2,1686,sitting,0.71,0.9356,-0.0755,2.1215,1.0111,0.4766,0.8253,0.8695,0.5504,0.508,0.0726,0.6062,0.586,0.2749,0.3192,0.0424,0.4354,85.9705,65.0036,32.5312,1.671
56.233,1687,sitting,0.7115,0.9364,-0.0735,2.1195,1.0099,0.4765,0.8264,0.8705,0.5526,0.5094,0.0728,0.6085,0.5867,0.2738,0.3179,0.0431,0.4366,86.0494,65.0992,32.569,1.6728
56.267,1688,sitting,0.7124,0.936,-0.0718,2.1143,1.0078,0.4767,0.8274,0.8706,0.5541,0.5106,0.073,0.6097,0.5871,0.2733,0.3165,0.0435,0.4376,86.0848,65.0595,32.6852,1.6707
56.3,1689,sitting,0.7125,0.9352,-0.0705,2.1092,1.0057,0.4768,0.8279,0.8702,0.5548,0.5113,0.0732,0.6101,0.5866,0.2731,0.3154,0.0435,0.4382,86.0398,64.9252,32.834,1.6667
56.333,1690,sitting,0.7131,0.9351,-0.0692,2.1061,1.0043,0.4768,0.8285,0.8703,0.556,0.512,0.0733,0.6109,0.5867,0.2725,0.3143,0.044,0.4386,86.1021,64.9647,32.8849,1.665
56.367,1691,sitting,0.7134,0.9343,-0.0681,2.1014,1.0024,0.477,0.8288,0.8699,0.5569,0.5125,0.0734,0.6111,0.5858,0.2719,0.313,0.0443,0.4391,86.17,64.8904,33.0176,1.6597
56.4,1692,sitting,0.7103,0.933,-0.0706,2.1027,1.0036,0.4773,0.8261,0.869,0.5517,0.5116,0.0731,0.6063,0.583,0.2745,0.3173,0.0401,0.4384,85.6236,64.4944,32.7458,1.6564
56.433,1693,sitting,0.7092,0.9338,-0.0724,2.1092,1.0062,0.477,0.8247,0.8691,0.5492,0.5107,0.0729,0.6054,0.5831,0.2755,0.3199,0.0385,0.4378,85.5205,64.3357,32.647,1.6578
56.467,1694,sitting,0.7104,0.9341,-0.0709,2.1069,1.005,0.477,0.8259,0.87,0.5509,0.511,0.0731,0.6068,0.5822,0.2751,0.3192,0.0398,0.4379,85.6861,64.4638,32.7335,1.657
56.5,1695,sitting,0.7123,0.9353,-0.0694,2.108,1.0048,0.4766,0.8276,0.8715,0.5531,0.5119,0.0733,0.6089,0.5829,0.2745,0.3184,0.0412,0.4386,85.8874,64.5975,32.8255,1.6583
56.533,1696,sitting,0.7112,0.9354,-0.0719,2.1136,1.0074,0.4766,0.8262,0.8712,0.5512,0.5106,0.073,0.6058,0.5812,0.275,0.32,0.0406,0.4376,85.7448,64.5121,32.8099,1.6602
56.567,1697,sitting,0.71,0.9353,-0.0736,2.1172,1.0089,0.4765,0.8244,0.8707,0.5493,0.5103,0.0728,0.6035,0.5798,0.2751,0.3214,0.039,0.4375,85.5122,64.2996,32.7598,1.66
56.6,1698,sitting,0.7092,0.9343,-0.0745,2.1162,1.0088,0.4767,0.8238,0.8706,0.5477,0.5102,0.0727,0.6004,0.5779,0.2761,0.3229,0.0376,0.4375,85.1188,64.1489,32.6899,1.6582
56.633,1699,sitting,0.7078,0.9343,-0.0759,2.1196,1.0102,0.4766,0.8229,0.8703,0.5453,0.5091,0.0725,0.5987,0.5772,0.2776,0.3251,0.0361,0.4367,84.8237,64.1365,32.4751,1.6604
56.667,1700,sitting,0.7089,0.9344,-0.0737,2.1153,1.008,0.4766,0.8239,0.8702,0.5475,0.5098,0.0727,0.6016,0.5779,0.2764,0.3228,0.0377,0.437,85.1534,64.31,32.542,1.6581
56.7,1701,sitting,0.7097,0.9344,-0.0724,2.1122,1.0067,0.4766,0.8243,0.8704,0.5489,0.5097,0.0729,0.6043,0.5787,0.2754,0.3215,0.0392,0.4368,85.4233,64.5994,32.4911,1.6571
56.733,1702,sitting,0.7105,0.9353,-0.0708,2.1118,1.0062,0.4764,0.8253,0.8707,0.5504,0.5103,0.0731,0.6073,0.5803,0.2749,0.3203,0.0401,0.4372,85.5931,64.8079,32.4295,1.6581
56.767,1703,sitting,0.7112,0.9358,-0.0696,2.1106,1.0054,0.4763,0.8261,0.8709,0.5515,0.5112,0.0732,0.6089,0.581,0.2746,0.3194,0.0402,0.438,85.6195,64.8426,32.4264,1.6585
56.8,1704,sitting,0.7096,0.936,-0.0734,2.1181,1.0094,0.4766,0.8245,0.8703,0.5489,0.5099,0.0728,0.6071,0.5817,0.2756,0.3215,0.0389,0.4371,85.5091,64.9303,32.1403,1.6659
56.833,1705,sitting,0.7084,0.936,-0.0766,2.1242,1.0126,0.4767,0.8227,0.8697,0.5472,0.5077,0.0724,0.6045,0.5814,0.2755,0.3226,0.0395,0.4352,85.5498,65.0415,32.1065,1.6697
56.867,1706,sitting,0.7074,0.9354,-0.0787,2.1258,1.0141,0.477,0.8218,0.8691,0.5456,0.5063,0.0722,0.6026,0.5813,0.2762,0.3236,0.0393,0.4341,85.3573,65.1307,31.9867,1.671
56.9,1707,sitting,0.7057,0.9352,-0.0808,2.1296,1.016,0.4771,0.82,0.8682,0.5432,0.5056,0.0719,0.6008,0.5811,0.2768,0.3251,0.0376,0.4337,85.0709,64.968,31.8695,1.6741
56.933,1708,sitting,0.7071,0.9353,-0.0782,2.1248,1.0135,0.477,0.8214,0.8686,0.5455,0.5065,0.0722,0.6032,0.5826,0.2759,0.3231,0.0391,0.4342,85.3346,65.1122,31.9613,1.6725
56.967,1709,sitting,0.7082,0.9357,-0.0758,2.1213,1.0115,0.4768,0.8227,0.8688,0.5476,0.507,0.0725,0.6067,0.5844,0.2751,0.3212,0.0407,0.4344,85.5752,65.3911,31.9432,1.6722
57.0,1710,sitting,0.7073,0.9362,-0.0771,2.1262,1.0134,0.4766,0.8217,0.8688,0.5458,0.5057,0.0723,0.6052,0.5849,0.2759,0.323,0.0401,0.4334,85.4643,65.4527,31.7711,1.6746
57.033,1711,sitting,0.7083,0.9368,-0.0752,2.1241,1.012,0.4764,0.8228,0.8692,0.5474,0.5064,0.0726,0.6081,0.5869,0.2754,0.3218,0.041,0.4338,85.6628,65.6087,31.758,1.6739
57.067,1712,sitting,0.7096,0.9371,-0.074,2.1228,1.0112,0.4763,0.8241,0.8698,0.5494,0.5064,0.0727,0.6099,0.5879,0.2748,0.3205,0.043,0.4337,85.994,65.8505,31.8321,1.6739
57.1,1713,sitting,0.7103,0.9374,-0.0736,2.1225,1.011,0.4763,0.8252,0.8703,0.5503,0.507,0.0728,0.6119,0.589,0.2748,0.32,0.0433,0.4342,86.1091,65.8742,31.8523,1.6768
57.133,1714,sitting,0.7109,0.9378,-0.0729,2.1219,1.0107,0.4763,0.8262,0.8707,0.551,0.5074,0.0728,0.6136,0.5902,0.2752,0.3197,0.0436,0.4346,86.222,65.9568,31.8084,1.6792
57.167,1715,sitting,0.7086,0.937,-0.0749,2.1241,1.0119,0.4764,0.8244,0.8697,0.5476,0.5066,0.0726,0.6107,0.5889,0.2768,0.3221,0.041,0.434,85.8271,65.6782,31.6668,1.6775
57.2,1716,sitting,0.7081,0.9392,-0.0773,2.1368,1.0165,0.4757,0.8229,0.8701,0.5461,0.5067,0.0723,0.6099,0.5907,0.2767,0.324,0.0394,0.4344,85.481,65.3513,31.6831,1.6863
57.233,1717,sitting,0.7082,0.9407,-0.079,2.1452,1.0197,0.4753,0.8222,0.8708,0.5455,0.507,0.0721,0.609,0.5916,0.2767,0.3253,0.0385,0.4349,85.3444,65.2712,31.6123,1.6943
57.267,1718,sitting,0.71,0.9411,-0.0767,2.1419,1.0178,0.4752,0.8237,0.8715,0.5485,0.5085,0.0724,0.6119,0.5923,0.2751,0.323,0.04,0.4361,85.6083,65.3113,31.808,1.6931
57.3,1719,sitting,0.7113,0.9412,-0.0749,2.1388,1.0161,0.4751,0.8227,0.8719,0.5506,0.5098,0.0726,0.6136,0.5925,0.2721,0.3213,0.0408,0.4373,85.6872,65.2766,31.9755,1.6927
57.333,1720,sitting,0.7102,0.9412,-0.0772,2.1435,1.0184,0.4751,0.8243,0.8716,0.5488,0.5098,0.0723,0.6111,0.5907,0.2755,0.3228,0.039,0.4375,85.3879,65.0409,31.9175,1.6957
57.367,1721,sitting,0.7094,0.9412,-0.0791,2.147,1.0203,0.4752,0.8235,0.8716,0.5473,0.5095,0.0721,0.6099,0.5898,0.2762,0.3242,0.0378,0.4374,85.2092,64.826,31.9368,1.6966
57.4,1722,sitting,0.7108,0.9411,-0.077,2.1425,1.0181,0.4752,0.8252,0.8721,0.5495,0.5106,0.0723,0.6116,0.5897,0.2756,0.3226,0.0389,0.4383,85.3429,64.7586,32.1673,1.6917
57.433,1723,sitting,0.7128,0.9416,-0.0753,2.1406,1.0169,0.4751,0.8266,0.873,0.5525,0.5117,0.0725,0.6139,0.5904,0.2741,0.3205,0.0408,0.4391,85.6445,64.859,32.3816,1.6905
57.467,1724,sitting,0.7137,0.9416,-0.0737,2.1372,1.0153,0.475,0.8276,0.8731,0.5543,0.5126,0.0727,0.6151,0.5903,0.2733,0.3189,0.0417,0.4398,85.8372,64.8931,32.4858,1.6883
57.5,1725,sitting,0.7144,0.9415,-0.072,2.1336,1.0135,0.475,0.828,0.8736,0.5552,0.5124,0.0729,0.616,0.5909,0.2728,0.3183,0.0428,0.4395,86.0464,65.1448,32.4375,1.6875
57.533,1726,sitting,0.7149,0.9419,-0.0712,2.133,1.013,0.4749,0.8275,0.8733,0.5564,0.512,0.073,0.6168,0.5913,0.2711,0.3169,0.0444,0.439,86.2544,65.279,32.5604,1.6893
57.567,1727,sitting,0.7155,0.9418,-0.0704,2.131,1.0122,0.475,0.8274,0.8735,0.5574,0.5124,0.0731,0.6173,0.5917,0.27,0.3161,0.045,0.4393,86.4244,65.3461,32.5961,1.6895
57.6,1728,sitting,0.712,0.9408,-0.0749,2.1371,1.0157,0.4753,0.8235,0.8711,0.553,0.5113,0.0726,0.6141,0.5909,0.2705,0.3181,0.0417,0.4387,85.9624,64.8871,32.5082,1.6953
57.633,1729,sitting,0.712,0.9406,-0.0736,2.1342,1.0142,0.4752,0.8226,0.8708,0.5533,0.5128,0.0727,0.6155,0.5915,0.2693,0.3175,0.0405,0.44,85.8269,64.624,32.5944,1.6938
57.667,1730,sitting,0.7118,0.9401,-0.072,2.1297,1.0122,0.4753,0.822,0.8704,0.5533,0.5136,0.0729,0.6168,0.5918,0.2687,0.3171,0.0397,0.4406,85.6822,64.4338,32.6604,1.6931
57.7,1731,sitting,0.7121,0.9393,-0.0709,2.1245,1.0102,0.4755,0.8216,0.8704,0.5539,0.5137,0.0731,0.6175,0.5921,0.2677,0.3165,0.0401,0.4407,85.7114,64.4832,32.6907,1.6905
57.733,1732,sitting,0.7128,0.9393,-0.0702,2.1226,1.0095,0.4756,0.8223,0.8708,0.5548,0.5134,0.0731,0.6188,0.5933,0.2675,0.316,0.0414,0.4402,85.8628,64.6587,32.7375,1.6917
57.767,1733,sitting,0.7133,0.9401,-0.0701,2.1248,1.0103,0.4755,0.8222,0.8709,0.5557,0.5136,0.0732,0.6201,0.5939,0.2665,0.3152,0.0421,0.4404,86.0236,64.7807,32.7221,1.696
57.8,1734,sitting,0.713,0.9393,-0.0698,2.1215,1.0091,0.4757,0.8225,0.8706,0.5554,0.514,0.0732,0.6199,0.5938,0.2671,0.3152,0.0414,0.4408,85.9398,64.6656,32.724,1.694
57.833,1735,sitting,0.7134,0.9397,-0.0695,2.1221,1.0091,0.4755,0.8223,0.8706,0.5561,0.5134,0.0733,0.6204,0.5942,0.2662,0.3145,0.0427,0.4402,86.0612,64.8105,32.7604,1.6948
57.867,1736,sitting,0.7134,0.9397,-0.0693,2.1219,1.0089,0.4755,0.8224,0.8707,0.5561,0.5137,0.0733,0.6202,0.5942,0.2663,0.3146,0.0424,0.4404,86.0274,64.7435,32.7906,1.6963
57.9,1737,sitting,0.7133,0.9399,-0.0687,2.122,1.0086,0.4753,0.8225,0.8707,0.5559,0.5139,0.0733,0.6207,0.594,0.2666,0.3148,0.042,0.4406,85.9158,64.6826,32.7784,1.6964
57.933,1738,sitting,0.7132,0.9398,-0.0685,2.1213,1.0083,0.4753,0.823,0.8705,0.5559,0.5139,0.0734,0.6212,0.5944,0.2671,0.3146,0.0421,0.4405,85.8815,64.597,32.8718,1.6941
57.967,1739,sitting,0.7129,0.9396,-0.0683,2.1206,1.0079,0.4753,0.8224,0.8701,0.5557,0.5142,0.0734,0.6212,0.5935,0.2666,0.3143,0.0415,0.4408,85.8136,64.4043,32.9675,1.6907
58.0,1740,sitting,0.7107,0.9385,-0.0714,2.1237,1.01,0.4756,0.8201,0.8689,0.5525,0.512,0.073,0.6167,0.5913,0.2676,0.3165,0.0405,0.439,85.7585,64.5245,32.6918,1.6909
58.033,1741,sitting,0.7114,0.9385,-0.0709,2.1222,1.0094,0.4756,0.8213,0.869,0.5538,0.5113,0.0731,0.6175,0.5916,0.2675,0.3152,0.0424,0.4382,86.1276,64.7605,32.7674,1.6898
58.067,1742,sitting,0.7115,0.9374,-0.0702,2.1171,1.0076,0.476,0.8218,0.8683,0.5547,0.5104,0.0732,0.6167,0.5902,0.2671,0.3135,0.0443,0.4372,86.475,65.0837,32.762,1.6874
58.1,1743,sitting,0.709,0.9358,-0.0741,2.1194,1.0099,0.4765,0.8196,0.8665,0.5514,0.5086,0.0727,0.6118,0.588,0.2682,0.3151,0.0428,0.4359,86.2828,64.9376,32.6665,1.6869
58.133,1744,sitting,0.7097,0.9362,-0.073,2.1189,1.0092,0.4763,0.8204,0.867,0.5525,0.5095,0.0728,0.6135,0.5893,0.2679,0.3145,0.0429,0.4367,86.319,64.9425,32.6931,1.6889
58.167,1745,sitting,0.7099,0.936,-0.0722,2.1169,1.0083,0.4763,0.8208,0.8667,0.553,0.5097,0.0729,0.6148,0.5905,0.2678,0.3137,0.0433,0.4367,86.3479,64.9737,32.7273,1.6908
58.2,1746,sitting,0.7103,0.9356,-0.0715,2.1143,1.0071,0.4763,0.8213,0.8668,0.5537,0.5105,0.073,0.6153,0.5913,0.2676,0.3131,0.0432,0.4374,86.2619,64.8733,32.8173,1.6917
58.233,1747,sitting,0.7088,0.9355,-0.0748,2.1205,1.0103,0.4764,0.8194,0.8665,0.5512,0.5096,0.0726,0.6123,0.5906,0.2682,0.3153,0.0415,0.437,85.8896,64.6946,32.7083,1.6956
58.267,1748,sitting,0.7101,0.9356,-0.0733,2.1182,1.0089,0.4763,0.8201,0.8671,0.553,0.5108,0.0728,0.6128,0.5902,0.2671,0.3141,0.0423,0.438,85.9749,64.5943,32.9284,1.6921
58.3,1749,sitting,0.711,0.9362,-0.0726,2.1181,1.0087,0.4763,0.8209,0.8678,0.5541,0.5105,0.0729,0.6142,0.591,0.2668,0.3137,0.0435,0.4377,86.2149,64.7567,32.9669,1.6959
58.333,1750,sitting,0.7087,0.9348,-0.0756,2.12,1.0104,0.4766,0.8168,0.8662,0.5512,0.5085,0.0725,0.6099,0.5893,0.2656,0.315,0.0427,0.436,86.0762,64.5955,32.9663,1.6961
58.367,1751,sitting,0.7099,0.9359,-0.0745,2.1211,1.0104,0.4763,0.8198,0.8667,0.553,0.5093,0.0726,0.6119,0.59,0.2668,0.3137,0.0438,0.4366,86.2451,64.6615,33.057,1.6984
58.4,1752,sitting,0.7077,0.9351,-0.0783,2.126,1.0134,0.4767,0.8167,0.8662,0.5493,0.509,0.0722,0.6079,0.5873,0.2675,0.3169,0.0403,0.4368,85.7046,64.1886,32.9497,1.6983
58.433,1753,sitting,0.7089,0.9353,-0.0766,2.1229,1.0119,0.4767,0.8176,0.8673,0.5505,0.5097,0.0724,0.6098,0.5878,0.2671,0.3167,0.0408,0.4373,85.7629,64.1061,33.1107,1.6935
58.467,1754,sitting,0.707,0.9349,-0.0789,2.1259,1.0137,0.4768,0.8155,0.8667,0.5473,0.5082,0.0722,0.6077,0.5864,0.2682,0.3194,0.0391,0.436,85.4112,64.097,32.8765,1.6947
58.5,1755,sitting,0.708,0.9347,-0.0765,2.1211,1.0112,0.4767,0.8155,0.8672,0.5488,0.5082,0.0724,0.6092,0.586,0.2668,0.3185,0.0406,0.4357,85.651,64.2914,32.9264,1.69
58.533,1756,sitting,0.7096,0.9359,-0.0746,2.1207,1.0105,0.4765,0.8164,0.8681,0.5512,0.5085,0.0727,0.6118,0.5875,0.2652,0.3169,0.0427,0.4358,85.9762,64.5845,32.9692,1.6914
58.567,1757,sitting,0.7106,0.9362,-0.0732,2.1188,1.0094,0.4764,0.8171,0.8684,0.5528,0.5099,0.0728,0.6131,0.5879,0.2643,0.3156,0.0429,0.437,86.0322,64.5478,33.0573,1.6888
58.6,1758,sitting,0.7115,0.9364,-0.0726,2.1177,1.009,0.4764,0.8178,0.8688,0.5541,0.5101,0.0729,0.6146,0.5889,0.2637,0.3146,0.044,0.4372,86.2166,64.6544,33.1304,1.6894
58.633,1759,sitting,0.7124,0.9364,-0.0716,2.1158,1.0081,0.4765,0.818,0.8693,0.5556,0.5112,0.073,0.6157,0.5891,0.2624,0.3136,0.0445,0.4381,86.3004,64.6221,33.231,1.6855
58.667,1760,sitting,0.7133,0.9368,-0.0704,2.1144,1.0072,0.4764,0.8184,0.8701,0.5565,0.5119,0.0732,0.6171,0.5901,0.2619,0.3136,0.0446,0.4388,86.3765,64.7613,33.1277,1.687
58.7,1761,sitting,0.7136,0.9365,-0.0699,2.1121,1.0064,0.4765,0.8189,0.8705,0.5568,0.5131,0.0732,0.6173,0.59,0.2621,0.3137,0.0437,0.4399,86.3005,64.7372,33.0499,1.687
58.733,1762,sitting,0.7139,0.9359,-0.0695,2.1088,1.0053,0.4767,0.8193,0.8707,0.5571,0.5142,0.0733,0.6172,0.5895,0.2622,0.3136,0.0429,0.4409,86.2129,64.6246,33.0611,1.6841
58.767,1763,sitting,0.7143,0.9359,-0.0689,2.1075,1.0048,0.4768,0.8196,0.8712,0.5574,0.5149,0.0734,0.6177,0.5894,0.2622,0.3138,0.0425,0.4416,86.1484,64.5921,33.0283,1.6815
58.8,1764,sitting,0.7142,0.9356,-0.0684,2.106,1.004,0.4767,0.8196,0.8711,0.5573,0.5143,0.0734,0.6176,0.5899,0.2623,0.3138,0.0429,0.4409,86.2058,64.6764,33.0121,1.6823
58.833,1765,sitting,0.7142,0.9362,-0.0682,2.1076,1.0044,0.4765,0.8194,0.8711,0.5573,0.5131,0.0734,0.6188,0.5916,0.2621,0.3138,0.0442,0.4396,86.4683,64.9154,32.9646,1.6867
58.867,1766,sitting,0.7143,0.937,-0.0686,2.1109,1.0056,0.4764,0.8192,0.8709,0.5577,0.5112,0.0734,0.62,0.5938,0.2615,0.3132,0.0465,0.4378,86.8989,65.3316,32.9055,1.6961
58.9,1767,sitting,0.7142,0.9369,-0.0686,2.1102,1.0055,0.4765,0.8194,0.8707,0.5577,0.5106,0.0734,0.621,0.5958,0.2618,0.313,0.0471,0.4372,87.0794,65.4415,32.8776,1.6981
58.933,1768,sitting,0.7139,0.9366,-0.0683,2.1086,1.0049,0.4766,0.8196,0.8704,0.5574,0.5099,0.0734,0.6214,0.5964,0.2622,0.313,0.0475,0.4364,87.1465,65.489,32.9025,1.6954
58.967,1769,sitting,0.7133,0.9357,-0.0689,2.1064,1.0046,0.4769,0.8196,0.8699,0.5566,0.5104,0.0734,0.621,0.596,0.263,0.3133,0.0462,0.4371,86.9516,65.2564,32.9231,1.6921
59.0,1770,sitting,0.7135,0.9356,-0.0683,2.105,1.0039,0.4769,0.8197,0.8697,0.5573,0.5093,0.0734,0.6207,0.5955,0.2624,0.3124,0.048,0.4359,87.1306,65.4086,33.0433,1.6879
59.033,1771,sitting,0.7133,0.9357,-0.0679,2.105,1.0036,0.4768,0.8193,0.8692,0.5574,0.5083,0.0735,0.6206,0.5955,0.2619,0.3117,0.0491,0.4349,87.3299,65.5623,33.0568,1.6852
59.067,1772,sitting,0.7136,0.9361,-0.0678,2.1062,1.0039,0.4766,0.8193,0.8694,0.5578,0.508,0.0735,0.621,0.5962,0.2615,0.3116,0.0498,0.4345,87.4524,65.6441,33.0855,1.6905
59.1,1773,sitting,0.7138,0.9363,-0.0677,2.107,1.0041,0.4765,0.8187,0.8696,0.558,0.5075,0.0735,0.6211,0.5968,0.2608,0.3116,0.0505,0.434,87.5422,65.7765,33.0646,1.6953
59.133,1774,sitting,0.714,0.9368,-0.0679,2.1089,1.0047,0.4764,0.8185,0.8697,0.5583,0.508,0.0735,0.6213,0.5966,0.2602,0.3114,0.0503,0.4346,87.4898,65.6983,33.1019,1.699
59.167,1775,sitting,0.7144,0.9367,-0.0681,2.1086,1.0048,0.4765,0.8187,0.8701,0.5586,0.5081,0.0735,0.6213,0.5975,0.2601,0.3114,0.0506,0.4346,87.4891,65.7382,33.1088,1.6982
59.2,1776,sitting,0.7106,0.9355,-0.0732,2.1145,1.0087,0.477,0.815,0.868,0.5532,0.5068,0.0729,0.6164,0.5953,0.2618,0.3149,0.0464,0.4339,86.7224,65.2628,32.9137,1.7003
59.233,1777,sitting,0.7075,0.9343,-0.076,2.1165,1.0103,0.4774,0.813,0.8666,0.5484,0.5064,0.0725,0.6116,0.5927,0.2645,0.3182,0.042,0.4339,86.024,64.8697,32.6432,1.6988
59.267,1778,sitting,0.7085,0.9343,-0.0739,2.112,1.0082,0.4773,0.8141,0.8672,0.5498,0.5094,0.0728,0.6131,0.5927,0.2642,0.3174,0.0404,0.4367,85.8481,64.6144,32.6588,1.6976
59.3,1779,sitting,0.7089,0.9342,-0.0721,2.1081,1.0062,0.4773,0.814,0.8673,0.5505,0.5105,0.073,0.6145,0.5929,0.2635,0.3168,0.04,0.4375,85.8721,64.5709,32.654,1.6963
59.333,1780,sitting,0.7095,0.9335,-0.0708,2.103,1.0043,0.4775,0.8151,0.8673,0.5517,0.512,0.0731,0.6154,0.5937,0.2634,0.3156,0.0397,0.4389,85.8524,64.3548,32.8186,1.6913
59.367,1781,sitting,0.7102,0.9331,-0.0694,2.0989,1.0025,0.4776,0.8165,0.8677,0.5528,0.5128,0.0733,0.6166,0.5953,0.2637,0.3149,0.0399,0.4395,85.8206,64.4141,32.8251,1.6897
59.4,1782,sitting,0.7107,0.9337,-0.0682,2.0983,1.0019,0.4775,0.8171,0.868,0.5534,0.5138,0.0734,0.6178,0.5959,0.2637,0.3146,0.0397,0.4403,85.7821,64.4031,32.799,1.6907
59.433,1783,sitting,0.7115,0.934,-0.0674,2.0973,1.0014,0.4775,0.8184,0.8687,0.5543,0.5146,0.0735,0.6186,0.5961,0.2641,0.3144,0.0397,0.4411,85.8169,64.3405,32.8553,1.6875
59.467,1784,sitting,0.7115,0.9339,-0.0671,2.097,1.001,0.4774,0.8184,0.8684,0.5546,0.5154,0.0736,0.6186,0.5958,0.2638,0.3139,0.0392,0.4418,85.8374,64.2006,32.9135,1.6865
59.5,1785,sitting,0.7113,0.9342,-0.0668,2.0976,1.0011,0.4772,0.8185,0.8685,0.5541,0.516,0.0736,0.619,0.5954,0.2644,0.3145,0.0381,0.4424,85.6874,64.0695,32.8721,1.6851
59.533,1786,sitting,0.7116,0.9345,-0.0667,2.0984,1.0012,0.4771,0.8185,0.8687,0.5546,0.5161,0.0736,0.6192,0.595,0.2639,0.3141,0.0384,0.4425,85.7671,64.1158,32.8806,1.6862
59.567,1787,sitting,0.7123,0.9349,-0.0665,2.0992,1.0014,0.477,0.819,0.869,0.5556,0.5163,0.0737,0.6197,0.5954,0.2634,0.3134,0.0393,0.4426,85.847,64.1482,32.9737,1.6887
59.6,1788,sitting,0.7127,0.9358,-0.0662,2.1021,1.002,0.4767,0.8186,0.8693,0.556,0.5155,0.0737,0.6211,0.5975,0.2626,0.3132,0.0405,0.4419,86.0757,64.2359,33.0518,1.6951
59.633,1789,sitting,0.7137,0.9368,-0.0666,2.1057,1.0034,0.4765,0.8196,0.87,0.5574,0.5148,0.0736,0.6219,0.5985,0.2623,0.3126,0.0426,0.4412,86.415,64.414,33.1814,1.6971
59.667,1790,sitting,0.7144,0.9372,-0.0663,2.1063,1.0034,0.4764,0.8199,0.8703,0.5585,0.5146,0.0737,0.6219,0.5983,0.2615,0.3119,0.0438,0.441,86.6654,64.5891,33.2077,1.6977
59.7,1791,sitting,0.7158,0.9386,-0.0667,2.111,1.0052,0.4762,0.8202,0.8713,0.5603,0.5136,0.0736,0.6226,0.5992,0.2599,0.3111,0.0466,0.44,87.0989,64.9546,33.2692,1.7041
59.733,1792,sitting,0.7153,0.9389,-0.0664,2.1122,1.0053,0.476,0.8197,0.8711,0.5596,0.5128,0.0737,0.6226,0.5991,0.2602,0.3115,0.0467,0.4392,87.135,64.9065,33.3159,1.7022
59.767,1793,sitting,0.715,0.9394,-0.0663,2.1138,1.0057,0.4758,0.8193,0.8708,0.5592,0.5127,0.0737,0.6226,0.5984,0.26,0.3116,0.0465,0.439,87.0577,64.8072,33.3734,1.7007
59.8,1794,sitting,0.7146,0.9389,-0.0661,2.1122,1.005,0.4758,0.8185,0.8704,0.5589,0.5128,0.0737,0.6222,0.5973,0.2596,0.3114,0.0461,0.4391,86.9169,64.7212,33.4099,1.6984
59.833,1795,sitting,0.7142,0.9386,-0.066,2.1114,1.0046,0.4758,0.8182,0.8702,0.5583,0.5131,0.0737,0.6222,0.5973,0.2599,0.3119,0.0452,0.4394,86.743,64.5997,33.3742,1.6975
59.867,1796,sitting,0.7145,0.9394,-0.0658,2.1136,1.0052,0.4756,0.8183,0.8702,0.5589,0.5124,0.0737,0.6227,0.5976,0.2595,0.3114,0.0464,0.4387,86.9029,64.7734,33.3851,1.6998
59.9,1797,sitting,0.715,0.9398,-0.0654,2.1142,1.0052,0.4755,0.818,0.8704,0.5597,0.5122,0.0737,0.6229,0.5975,0.2583,0.3106,0.0475,0.4385,87.1129,64.9003,33.4327,1.7014
59.933,1798,sitting,0.7155,0.94,-0.0652,2.1144,1.0052,0.4754,0.8177,0.8705,0.5605,0.5118,0.0738,0.623,0.5976,0.2571,0.31,0.0487,0.438,87.3246,65.0131,33.4971,1.7006
59.967,1799,sitting,0.7161,0.9407,-0.0651,2.1167,1.0058,0.4752,0.818,0.8711,0.5612,0.5121,0.0738,0.623,0.5978,0.2568,0.3099,0.049,0.4384,87.422,65.0052,33.5393,1.7014
60.0,1800,sitting,0.7129,0.9397,-0.0689,2.1215,1.0086,0.4754,0.8147,0.8695,0.5563,0.5113,0.0733,0.618,0.5954,0.2584,0.3131,0.0451,0.4379,86.8952,64.7379,33.1726,1.7046
60.033,1801,sitting,0.7128,0.9394,-0.0679,2.1193,1.0072,0.4753,0.8146,0.869,0.5565,0.5114,0.0735,0.6183,0.595,0.2581,0.3125,0.0451,0.4379,86.9314,64.6952,33.2304,1.7028
60.067,1802,sitting,0.7129,0.9387,-0.0677,2.1166,1.0065,0.4755,0.8152,0.8689,0.5569,0.513,0.0735,0.6181,0.5945,0.2584,0.3121,0.0439,0.4395,86.7468,64.4734,33.2579,1.6981
60.1,1803,sitting,0.7132,0.9382,-0.068,2.1152,1.0062,0.4757,0.8159,0.8689,0.5574,0.5142,0.0735,0.6178,0.594,0.2585,0.3115,0.0432,0.4408,86.634,64.3672,33.2551,1.6972
60.133,1804,sitting,0.7135,0.9383,-0.0671,2.1142,1.0054,0.4756,0.8162,0.8694,0.5576,0.5152,0.0735,0.6181,0.5936,0.2585,0.3118,0.0425,0.4416,86.4185,64.2681,33.2541,1.6962
60.167,1805,sitting,0.7136,0.938,-0.0664,2.112,1.0044,0.4756,0.8165,0.8696,0.5576,0.5154,0.0736,0.6178,0.5928,0.2588,0.3119,0.0423,0.4418,86.3299,64.2375,33.263,1.693
60.2,1806,sitting,0.7135,0.9369,-0.066,2.1077,1.0029,0.4758,0.8167,0.8693,0.5576,0.5152,0.0737,0.6169,0.5916,0.2591,0.3117,0.0424,0.4415,86.3015,64.1642,33.3698,1.6901
60.233,1807,sitting,0.7134,0.9368,-0.0664,2.108,1.0032,0.4759,0.8159,0.8694,0.5573,0.5161,0.0736,0.6163,0.5907,0.2586,0.3121,0.0412,0.4425,86.1917,64.0008,33.3334,1.69
60.267,1808,sitting,0.7131,0.9367,-0.0665,2.1078,1.0032,0.4759,0.8152,0.8689,0.5574,0.5159,0.0736,0.6161,0.5894,0.2579,0.3115,0.0415,0.4423,86.3132,64.0001,33.3749,1.688
60.3,1809,sitting,0.7119,0.9357,-0.0667,2.1056,1.0024,0.4761,0.8144,0.8677,0.5561,0.5162,0.0736,0.6154,0.5882,0.2583,0.3117,0.0399,0.4426,86.0605,63.7202,33.3976,1.6831
60.333,1810,sitting,0.7122,0.9364,-0.0671,2.1085,1.0035,0.476,0.8144,0.868,0.5564,0.5161,0.0735,0.6158,0.5889,0.2579,0.3115,0.0403,0.4426,86.1677,63.8457,33.342,1.6879
60.367,1811,sitting,0.7123,0.9366,-0.0671,2.1093,1.0037,0.4759,0.8141,0.868,0.5566,0.5164,0.0736,0.6159,0.5893,0.2575,0.3114,0.0402,0.4428,86.251,63.8712,33.2903,1.6891
60.4,1812,sitting,0.7092,0.9357,-0.0717,2.1153,1.0073,0.4762,0.8107,0.8664,0.5519,0.5152,0.073,0.6116,0.5867,0.2588,0.3145,0.0367,0.4421,85.669,63.5933,33.0342,1.694
60.433,1813,sitting,0.7097,0.9355,-0.0701,2.1121,1.0056,0.4761,0.8113,0.8666,0.5528,0.5154,0.0732,0.6128,0.587,0.2585,0.3138,0.0375,0.4422,85.7599,63.6198,33.1406,1.6909
60.467,1814,sitting,0.71,0.9352,-0.0689,2.1085,1.0041,0.4762,0.8118,0.8664,0.5536,0.515,0.0734,0.6137,0.5875,0.2582,0.3128,0.0386,0.4417,85.965,63.7763,33.1713,1.6887
60.5,1815,sitting,0.7105,0.9346,-0.0679,2.1042,1.0025,0.4764,0.8127,0.8666,0.5543,0.5152,0.0735,0.6143,0.588,0.2584,0.3123,0.0391,0.4417,86.0651,63.8199,33.2269,1.6858
60.533,1816,sitting,0.7108,0.9342,-0.0671,2.1013,1.0013,0.4765,0.8128,0.8667,0.5549,0.515,0.0736,0.615,0.5888,0.2579,0.3118,0.0399,0.4414,86.2203,63.9013,33.2718,1.6845
60.567,1817,sitting,0.711,0.934,-0.0667,2.0996,1.0006,0.4766,0.8135,0.8667,0.5553,0.5148,0.0736,0.6152,0.5888,0.2582,0.3114,0.0406,0.4412,86.3586,63.9565,33.3163,1.6844
60.6,1818,sitting,0.7115,0.934,-0.0667,2.0993,1.0007,0.4767,0.8149,0.8671,0.5559,0.5149,0.0736,0.6161,0.5896,0.2589,0.3112,0.041,0.4413,86.4417,64.0207,33.3174,1.684
60.633,1819,sitting,0.7113,0.9335,-0.0666,2.0971,1.0001,0.4769,0.8155,0.8668,0.5558,0.5147,0.0736,0.6163,0.5901,0.2596,0.3109,0.0411,0.4411,86.418,63.9946,33.3695,1.6814
60.667,1820,sitting,0.7116,0.9339,-0.0667,2.0978,1.0006,0.477,0.8164,0.8671,0.5562,0.5147,0.0736,0.617,0.5912,0.2603,0.3109,0.0415,0.4411,86.4781,64.0404,33.3769,1.6801
60.7,1821,sitting,0.7117,0.9342,-0.0666,2.0987,1.0008,0.4769,0.8167,0.8672,0.5561,0.515,0.0736,0.6175,0.5914,0.2605,0.3111,0.0411,0.4414,86.4473,64.0202,33.3457,1.6803
60.733,1822,sitting,0.7114,0.9341,-0.0663,2.0978,1.0005,0.4769,0.8167,0.867,0.5557,0.5148,0.0737,0.6179,0.5916,0.2609,0.3113,0.041,0.4411,86.4081,64.0371,33.3097,1.6797
60.767,1823,sitting,0.7113,0.9344,-0.066,2.0981,1.0003,0.4768,0.8167,0.8669,0.5557,0.5149,0.0737,0.6182,0.5915,0.261,0.3112,0.0408,0.4412,86.3653,64.034,33.2788,1.6769
60.8,1824,sitting,0.7079,0.9332,-0.0702,2.1031,1.0034,0.4771,0.8137,0.8651,0.5506,0.5136,0.0732,0.6134,0.5888,0.2631,0.3144,0.037,0.4404,85.7523,63.6572,33.0401,1.6765
60.833,1825,sitting,0.7083,0.9335,-0.0695,2.1028,1.0029,0.4769,0.8146,0.8657,0.551,0.5139,0.0733,0.614,0.5894,0.2636,0.3147,0.0371,0.4406,85.6997,63.7003,33.0127,1.6762
60.867,1826,sitting,0.7085,0.9333,-0.0689,2.1014,1.0022,0.4769,0.8149,0.8654,0.5517,0.5143,0.0734,0.6144,0.5895,0.2632,0.3137,0.0374,0.441,85.7579,63.5834,33.1432,1.6714
60.9,1827,sitting,0.7089,0.9335,-0.0689,2.1021,1.0024,0.4769,0.8155,0.8656,0.5522,0.5141,0.0733,0.6153,0.5907,0.2633,0.3134,0.0381,0.4407,85.7852,63.7566,33.0898,1.6712
60.933,1828,sitting,0.7092,0.9342,-0.0687,2.1037,1.0029,0.4767,0.8163,0.8661,0.5523,0.5136,0.0734,0.6164,0.5915,0.264,0.3138,0.0388,0.4402,85.8373,63.8854,33.0592,1.6722
60.967,1829,sitting,0.7097,0.9342,-0.0687,2.103,1.0028,0.4769,0.8143,0.8663,0.553,0.5131,0.0734,0.6169,0.5919,0.2613,0.3134,0.0399,0.4397,86.0597,64.0003,33.1249,1.6693
61.0,1830,sitting,0.71,0.9341,-0.0687,2.1024,1.0028,0.477,0.8174,0.8665,0.5535,0.5132,0.0734,0.6172,0.5922,0.2638,0.313,0.0404,0.4398,86.1878,64.1283,33.0747,1.6672
61.033,1831,sitting,0.7106,0.9344,-0.0686,2.103,1.0029,0.4769,0.818,0.8671,0.5541,0.514,0.0734,0.6179,0.5932,0.2638,0.313,0.0401,0.4407,86.1831,64.0574,33.0924,1.6663
61.067,1832,sitting,0.7113,0.9349,-0.0683,2.1039,1.0032,0.4768,0.8191,0.868,0.5546,0.5127,0.0734,0.6188,0.5943,0.2644,0.3134,0.0419,0.4393,86.3731,64.4802,32.9732,1.668
61.1,1833,sitting,0.7115,0.9354,-0.0677,2.104,1.0031,0.4768,0.8201,0.8687,0.5543,0.5121,0.0735,0.6198,0.5956,0.2658,0.3144,0.0422,0.4386,86.355,64.7186,32.7901,1.6714
61.133,1834,sitting,0.7125,0.9362,-0.0666,2.104,1.0028,0.4766,0.8214,0.8698,0.5553,0.5119,0.0736,0.621,0.597,0.2661,0.3146,0.0434,0.4383,86.4273,64.9652,32.7442,1.6717
61.167,1835,sitting,0.7131,0.9364,-0.0662,2.1034,1.0026,0.4766,0.8221,0.8702,0.5559,0.5125,0.0736,0.6216,0.5977,0.2662,0.3143,0.0435,0.4388,86.4595,64.9663,32.7678,1.6719
61.2,1836,sitting,0.7101,0.9354,-0.0717,2.1114,1.0072,0.477,0.8191,0.8687,0.5515,0.5108,0.073,0.617,0.5955,0.2676,0.3171,0.0407,0.4377,86.0143,64.6003,32.6651,1.6756
61.233,1837,sitting,0.7115,0.9363,-0.0714,2.1133,1.0077,0.4768,0.8202,0.8695,0.5534,0.5113,0.0731,0.6185,0.597,0.2668,0.3161,0.0421,0.4382,86.249,64.703,32.764,1.677
61.267,1838,sitting,0.7118,0.9365,-0.0709,2.1125,1.0074,0.4769,0.8205,0.8695,0.5542,0.5114,0.0732,0.62,0.5993,0.2664,0.3154,0.0427,0.4383,86.4705,64.8919,32.6838,1.6814
61.3,1839,sitting,0.7115,0.9357,-0.0705,2.1091,1.0062,0.4771,0.8201,0.8689,0.554,0.5121,0.0732,0.6199,0.5997,0.2661,0.315,0.0419,0.4389,86.4752,64.8461,32.6105,1.6825
61.333,1840,sitting,0.7114,0.935,-0.0701,2.1058,1.0051,0.4773,0.8197,0.8686,0.5542,0.512,0.0733,0.6204,0.6004,0.2655,0.3145,0.0421,0.4388,86.5327,64.9211,32.578,1.6812
61.367,1841,sitting,0.7103,0.9342,-0.0701,2.1032,1.0043,0.4775,0.819,0.8677,0.553,0.5123,0.0733,0.621,0.6019,0.266,0.3148,0.0406,0.439,86.4183,64.8375,32.448,1.684
61.4,1842,sitting,0.71,0.9345,-0.0697,2.1033,1.0042,0.4774,0.8184,0.8677,0.5523,0.5127,0.0734,0.6222,0.604,0.2661,0.3154,0.0396,0.4393,86.3714,64.7622,32.3551,1.6905
61.433,1843,sitting,0.7096,0.9337,-0.0695,2.1001,1.0032,0.4777,0.8183,0.8679,0.5512,0.5133,0.0734,0.6219,0.6059,0.2671,0.3167,0.038,0.4399,86.0845,64.5772,32.2936,1.6819
61.467,1844,sitting,0.709,0.9334,-0.07,2.0998,1.0034,0.4779,0.8179,0.8675,0.5504,0.5139,0.0733,0.6218,0.6088,0.2675,0.3172,0.0365,0.4405,85.8191,64.4201,32.2318,1.6762
61.5,1845,sitting,0.7086,0.9333,-0.0699,2.0995,1.0031,0.4778,0.8166,0.8673,0.55,0.5142,0.0734,0.6217,0.6113,0.2666,0.3173,0.0358,0.4408,85.7008,64.2336,32.3093,1.669
61.533,1846,sitting,0.7083,0.9335,-0.0697,2.1002,1.0032,0.4777,0.8133,0.8669,0.5496,0.515,0.0734,0.6217,0.6128,0.2638,0.3174,0.0346,0.4416,85.4932,63.9418,32.4096,1.674
61.567,1847,sitting,0.7089,0.934,-0.0688,2.1012,1.0028,0.4773,0.8094,0.8669,0.551,0.5142,0.0735,0.6221,0.6112,0.2583,0.3158,0.0368,0.4408,85.7054,63.8696,32.8227,1.6869
61.6,1848,sitting,0.7088,0.9335,-0.0686,2.0997,1.0021,0.4773,0.8068,0.8658,0.5519,0.5141,0.0735,0.6216,0.6107,0.2549,0.314,0.0378,0.4406,85.8231,63.52,33.312,1.7067
61.633,1849,sitting,0.7092,0.9331,-0.0676,2.0969,1.0007,0.4772,0.8052,0.8657,0.5527,0.5142,0.0736,0.6203,0.6095,0.2525,0.313,0.0385,0.4407,85.8582,63.3246,33.6417,1.7127
61.667,1850,sitting,0.7098,0.9328,-0.0666,2.0941,0.9994,0.4772,0.8049,0.8658,0.5539,0.5139,0.0736,0.619,0.608,0.2511,0.3119,0.04,0.4402,86.0126,63.2487,33.9726,1.7199
61.7,1851,sitting,0.7101,0.931,-0.0652,2.0854,0.9962,0.4777,0.8054,0.8656,0.5547,0.5134,0.0738,0.6156,0.6013,0.2507,0.3109,0.0413,0.4396,86.0779,63.1072,34.3419,1.7053
61.733,1852,sitting,0.7095,0.9284,-0.0634,2.0736,0.9918,0.4783,0.805,0.8646,0.5545,0.5122,0.0739,0.6116,0.588,0.2504,0.31,0.0423,0.4383,86.1688,62.9594,34.6846,1.6829
61.767,1853,sitting,0.7087,0.9263,-0.0624,2.0645,0.9887,0.4789,0.804,0.8635,0.5539,0.5112,0.074,0.6084,0.5821,0.2501,0.3096,0.0427,0.4371,86.1842,62.9013,34.8239,1.6692
61.8,1854,sitting,0.7078,0.923,-0.0613,2.0522,0.9844,0.4797,0.803,0.862,0.5535,0.5095,0.0741,0.606,0.574,0.2494,0.3085,0.044,0.4354,86.3208,62.7399,35.2082,1.6509
61.833,1855,sitting,0.7077,0.9221,-0.0603,2.0472,0.9824,0.4799,0.8024,0.8621,0.5533,0.5088,0.0742,0.6056,0.572,0.2491,0.3089,0.0444,0.4346,86.2853,62.658,35.3634,1.6452
61.867,1856,sitting,0.7074,0.9206,-0.0592,2.0401,0.9798,0.4803,0.8021,0.8621,0.5528,0.5082,0.0743,0.6036,0.5681,0.2493,0.3093,0.0446,0.4339,86.2276,62.6036,35.456,1.6375
61.9,1857,sitting,0.7077,0.9198,-0.0589,2.036,0.9787,0.4807,0.8018,0.8625,0.5529,0.5078,0.0744,0.6022,0.564,0.2489,0.3096,0.0451,0.4335,86.2332,62.6357,35.4992,1.6367
61.933,1858,sitting,0.7077,0.9186,-0.0579,2.0295,0.9765,0.4812,0.8024,0.8626,0.5528,0.5073,0.0744,0.6009,0.5617,0.2496,0.3098,0.0455,0.4329,86.2713,62.6856,35.5303,1.634
61.967,1859,sitting,0.7075,0.9165,-0.0569,2.0205,0.9733,0.4817,0.8029,0.8623,0.5528,0.5061,0.0745,0.5995,0.5586,0.2502,0.3096,0.0466,0.4316,86.4383,62.6615,35.7315,1.627
62.0,1860,sitting,0.7039,0.9156,-0.0597,2.0246,0.9753,0.4817,0.7991,0.8602,0.5475,0.5042,0.0742,0.5926,0.5586,0.2516,0.3127,0.0433,0.43,85.9179,62.4533,35.3815,1.6325
62.033,1861,sitting,0.7035,0.914,-0.0589,2.0183,0.9729,0.482,0.7985,0.8589,0.5481,0.5037,0.0743,0.5947,0.5563,0.2504,0.3109,0.0444,0.4294,86.08,62.313,35.6855,1.6284
62.067,1862,sitting,0.7035,0.9125,-0.0585,2.0123,0.9709,0.4825,0.7989,0.8584,0.5485,0.5028,0.0743,0.5958,0.5559,0.2504,0.31,0.0457,0.4285,86.2749,62.2669,35.9254,1.6251
62.1,1863,sitting,0.7046,0.9138,-0.0584,2.0162,0.9722,0.4822,0.7986,0.8595,0.5497,0.5015,0.0743,0.5974,0.5554,0.2489,0.3098,0.0483,0.4271,86.6074,62.6031,35.9918,1.6293
62.133,1864,sitting,0.7056,0.9145,-0.0584,2.018,0.9729,0.4821,0.7988,0.8604,0.5508,0.5013,0.0743,0.5981,0.5552,0.248,0.3097,0.0495,0.427,86.7188,62.7231,36.0629,1.6285
62.167,1865,sitting,0.7065,0.917,-0.0582,2.0263,0.9752,0.4813,0.7982,0.8614,0.5516,0.5005,0.0744,0.6003,0.5579,0.2466,0.3098,0.0511,0.4261,86.9883,63.0003,36.017,1.6298
62.2,1866,sitting,0.7076,0.9197,-0.058,2.0354,0.9777,0.4804,0.7987,0.8626,0.5527,0.5007,0.0744,0.6037,0.5624,0.246,0.3099,0.052,0.4263,87.0543,63.2456,35.903,1.6352
62.233,1867,sitting,0.7088,0.9244,-0.0587,2.0522,0.9831,0.479,0.799,0.8645,0.5532,0.5018,0.0743,0.6096,0.5796,0.2458,0.3113,0.0514,0.4275,87.0246,63.4437,35.5846,1.6519
62.267,1868,sitting,0.7095,0.928,-0.059,2.0652,0.987,0.4779,0.7985,0.8663,0.5528,0.503,0.0743,0.615,0.5931,0.2457,0.3135,0.0498,0.4288,86.7519,63.5128,35.2601,1.6596
62.3,1869,sitting,0.7092,0.9303,-0.0601,2.0739,0.9903,0.4775,0.7992,0.867,0.5515,0.5046,0.0742,0.6184,0.6042,0.2478,0.3156,0.0469,0.4304,86.3923,63.6803,34.6333,1.6733
62.333,1870,sitting,0.7081,0.9293,-0.0614,2.0728,0.9908,0.478,0.8013,0.8664,0.5497,0.5066,0.0741,0.6179,0.6089,0.2516,0.3167,0.0431,0.4325,85.9265,63.5561,34.1494,1.6834
62.367,1871,sitting,0.7067,0.9285,-0.0625,2.0718,0.9911,0.4784,0.8047,0.8659,0.5476,0.5081,0.074,0.6179,0.6123,0.2571,0.3183,0.0395,0.4341,85.4915,63.5482,33.6099,1.6634
62.4,1872,sitting,0.7059,0.9284,-0.0631,2.0721,0.9915,0.4785,0.8084,0.8655,0.5463,0.51,0.074,0.6175,0.6146,0.2621,0.3191,0.0363,0.4361,85.1085,63.4957,33.1579,1.6444
62.433,1873,sitting,0.7046,0.927,-0.0636,2.0678,0.9906,0.4791,0.8127,0.8649,0.5444,0.5113,0.0739,0.6175,0.6163,0.2683,0.3205,0.0331,0.4373,84.673,63.4753,32.7058,1.6265
62.467,1874,sitting,0.7046,0.9263,-0.0644,2.066,0.9906,0.4795,0.8173,0.8651,0.5441,0.5109,0.0739,0.6179,0.6161,0.2732,0.321,0.0332,0.437,84.6839,63.7739,32.448,1.6164
62.5,1875,sitting,0.7046,0.9259,-0.0651,2.0657,0.991,0.4798,0.8211,0.8655,0.5436,0.5118,0.0738,0.6178,0.615,0.2776,0.322,0.0317,0.438,84.4669,63.83,32.1747,1.6033
62.533,1876,sitting,0.7044,0.9259,-0.0656,2.0664,0.9914,0.4798,0.8232,0.866,0.5427,0.5135,0.0738,0.6175,0.6133,0.2805,0.3233,0.0293,0.4397,84.0965,63.64,31.9742,1.5935
62.567,1877,sitting,0.7041,0.9254,-0.0663,2.0664,0.9918,0.48,0.8232,0.8661,0.5421,0.5156,0.0737,0.6166,0.6111,0.2812,0.324,0.0265,0.4418,83.6759,63.3921,31.8065,1.592
62.6,1878,sitting,0.7042,0.9252,-0.0666,2.0664,0.9919,0.48,0.8231,0.8663,0.5422,0.517,0.0737,0.6162,0.6091,0.2809,0.3241,0.0252,0.4433,83.5713,63.3635,31.6219,1.5905
62.633,1879,sitting,0.7041,0.9254,-0.0667,2.0673,0.9921,0.4799,0.8221,0.8661,0.5422,0.5179,0.0737,0.6163,0.6078,0.2799,0.3239,0.0243,0.4442,83.4783,63.2521,31.6053,1.588
62.667,1880,sitting,0.7042,0.9257,-0.0665,2.0677,0.9922,0.4799,0.8225,0.8663,0.5422,0.5184,0.0737,0.6167,0.6063,0.2803,0.3241,0.0238,0.4447,83.4087,63.3032,31.4685,1.59
62.7,1881,sitting,0.7046,0.9266,-0.0666,2.071,0.9932,0.4796,0.822,0.8665,0.5427,0.5179,0.0737,0.6169,0.6042,0.2794,0.3238,0.0247,0.4442,83.6527,63.5718,31.3429,1.5954
62.733,1882,sitting,0.7045,0.9269,-0.0665,2.0721,0.9934,0.4794,0.8212,0.8662,0.5428,0.5191,0.0737,0.6166,0.6015,0.2784,0.3234,0.0237,0.4454,83.6168,63.3593,31.3721,1.5923
62.767,1883,sitting,0.7054,0.9284,-0.0662,2.0766,0.9946,0.479,0.8211,0.8669,0.5439,0.5192,0.0737,0.6168,0.5994,0.2772,0.323,0.0248,0.4454,83.9199,63.4928,31.3866,1.5942
62.8,1884,sitting,0.7043,0.9302,-0.0706,2.0916,1.0008,0.4785,0.8173,0.8669,0.5417,0.5189,0.0732,0.6135,0.5951,0.2756,0.3252,0.0228,0.4456,83.7724,63.0901,31.4417,1.6037
62.833,1885,sitting,0.7034,0.9311,-0.074,2.1022,1.0051,0.4781,0.8127,0.8663,0.5404,0.5182,0.0728,0.6104,0.5904,0.2723,0.3259,0.0222,0.4454,83.8083,62.7592,31.6584,1.6154
62.867,1886,sitting,0.7049,0.9329,-0.072,2.1057,1.0049,0.4772,0.811,0.8672,0.5427,0.5193,0.073,0.6115,0.5899,0.2683,0.3245,0.0234,0.4463,84.0772,62.6948,31.8865,1.6295
62.9,1887,sitting,0.7066,0.9355,-0.0708,2.1132,1.0063,0.4762,0.8088,0.8682,0.5449,0.5186,0.0732,0.6127,0.5889,0.2638,0.3233,0.0263,0.4455,84.5179,62.9656,32.0426,1.6508
62.933,1888,sitting,0.708,0.9369,-0.0697,2.1162,1.0066,0.4756,0.8065,0.8687,0.5473,0.518,0.0733,0.6132,0.5869,0.2592,0.3214,0.0293,0.4447,84.9051,63.2189,32.2428,1.6685
62.967,1889,sitting,0.7092,0.9385,-0.069,2.1208,1.0074,0.475,0.8049,0.869,0.5493,0.5172,0.0733,0.6141,0.5863,0.2556,0.3197,0.0321,0.4439,85.3363,63.4177,32.4618,1.6838
63.0,1890,sitting,0.7104,0.9397,-0.0683,2.1243,1.0081,0.4745,0.8033,0.8696,0.5512,0.5162,0.0734,0.6155,0.5861,0.2521,0.3183,0.035,0.4428,85.8308,63.6889,32.6439,1.691
63.033,1891,sitting,0.7111,0.9411,-0.0678,2.128,1.0089,0.4741,0.8022,0.8702,0.5521,0.5152,0.0735,0.6174,0.5872,0.2501,0.3181,0.0369,0.4417,86.1052,64.0104,32.6117,1.697
63.067,1892,sitting,0.7115,0.9413,-0.0672,2.1275,1.0085,0.474,0.801,0.8702,0.5527,0.5148,0.0735,0.618,0.5868,0.2483,0.3176,0.0378,0.4413,86.2447,64.0887,32.6907,1.6999
63.1,1893,sitting,0.7096,0.9406,-0.0711,2.1332,1.0117,0.4743,0.7971,0.8691,0.5501,0.5126,0.0731,0.6142,0.5846,0.247,0.319,0.0376,0.4394,86.1546,63.9929,32.7482,1.7011
63.133,1894,sitting,0.7087,0.94,-0.0746,2.1383,1.0146,0.4745,0.7927,0.8678,0.5496,0.5106,0.0727,0.6113,0.5829,0.2431,0.3182,0.039,0.4379,86.3067,64.0208,32.9517,1.7027
63.167,1895,sitting,0.7105,0.9412,-0.0723,2.1377,1.0135,0.4741,0.7915,0.869,0.5521,0.5101,0.073,0.6138,0.5838,0.2394,0.317,0.042,0.4371,86.6855,64.3075,33.1221,1.701
63.2,1896,sitting,0.7096,0.9403,-0.0702,2.1311,1.0105,0.4742,0.7895,0.8681,0.5511,0.5106,0.0732,0.6143,0.5825,0.2384,0.3169,0.0405,0.4374,86.3015,64.0058,33.2053,1.6917
63.233,1897,sitting,0.7102,0.9401,-0.0688,2.1276,1.0089,0.4742,0.7878,0.868,0.5523,0.512,0.0733,0.6155,0.5825,0.2355,0.3158,0.0403,0.4387,86.3215,63.862,33.3091,1.6866
63.267,1898,sitting,0.7107,0.9401,-0.0672,2.1238,1.0073,0.4743,0.7867,0.868,0.5534,0.5124,0.0735,0.6173,0.5838,0.2333,0.3147,0.041,0.4389,86.3713,63.85,33.4426,1.6828
63.3,1899,sitting,0.7108,0.94,-0.0658,2.1207,1.0058,0.4743,0.786,0.8675,0.5541,0.5122,0.0737,0.6183,0.5848,0.2319,0.3135,0.0419,0.4385,86.3793,63.892,33.5399,1.6783
63.333,1900,sitting,0.7114,0.9404,-0.0639,2.1185,1.0043,0.4741,0.7861,0.8677,0.555,0.511,0.0739,0.6198,0.586,0.231,0.3126,0.0441,0.4371,86.616,64.121,33.6503,1.6729
63.367,1901,sitting,0.712,0.9402,-0.0636,2.1165,1.0038,0.4743,0.7864,0.8684,0.5556,0.5117,0.0739,0.6204,0.5867,0.2308,0.3129,0.0439,0.4378,86.6053,64.1018,33.6477,1.6712
63.4,1902,sitting,0.7123,0.9395,-0.0635,2.1133,1.003,0.4746,0.7866,0.8684,0.5563,0.5105,0.0739,0.6207,0.5868,0.2303,0.3121,0.0458,0.4366,86.8113,64.4261,33.649,1.6696
63.433,1903,sitting,0.7128,0.94,-0.0637,2.1151,1.0037,0.4745,0.7872,0.8689,0.5567,0.5105,0.0739,0.6209,0.5869,0.2304,0.3122,0.0462,0.4366,86.8101,64.516,33.6264,1.6706
63.467,1904,sitting,0.7122,0.9389,-0.0638,2.1116,1.0026,0.4748,0.7873,0.8682,0.5563,0.5106,0.0739,0.6203,0.5866,0.231,0.3119,0.0457,0.4367,86.7377,64.4885,33.5798,1.6657
63.5,1905,sitting,0.712,0.9382,-0.0634,2.1084,1.0016,0.475,0.7876,0.8681,0.5559,0.5111,0.0739,0.6204,0.5865,0.2317,0.3122,0.0448,0.4372,86.58,64.4177,33.5214,1.6611
63.533,1906,sitting,0.7117,0.938,-0.063,2.1068,1.001,0.4751,0.7882,0.8678,0.5556,0.5106,0.074,0.6207,0.5866,0.2326,0.3122,0.045,0.4367,86.5745,64.5216,33.4409,1.6596
63.567,1907,sitting,0.7116,0.9372,-0.0627,2.1036,1.0,0.4753,0.7887,0.8673,0.5559,0.5099,0.074,0.6207,0.5867,0.2327,0.3113,0.046,0.4359,86.6355,64.6635,33.4689,1.6571
63.6,1908,sitting,0.7106,0.9357,-0.0618,2.0979,0.9975,0.4755,0.7878,0.8665,0.5547,0.509,0.0741,0.6198,0.5854,0.2331,0.3118,0.0457,0.435,86.5965,64.4348,33.6303,1.651
63.633,1909,sitting,0.7076,0.9335,-0.0659,2.0993,0.9994,0.4761,0.785,0.8644,0.5509,0.5068,0.0736,0.6145,0.5826,0.2341,0.3135,0.0441,0.4332,86.3874,64.1417,33.6576,1.6492
63.667,1910,sitting,0.7082,0.9333,-0.0649,2.0972,0.9982,0.476,0.7858,0.8648,0.5515,0.5078,0.0738,0.6149,0.5824,0.2343,0.3134,0.0437,0.4341,86.4101,64.0132,33.7264,1.6483
63.7,1911,sitting,0.7058,0.9324,-0.0692,2.1023,1.0015,0.4764,0.7838,0.8635,0.5481,0.5059,0.0733,0.6117,0.581,0.2357,0.3154,0.0421,0.4326,86.2206,64.1126,33.4002,1.6544
63.733,1912,sitting,0.7073,0.9338,-0.0681,2.1044,1.0018,0.4761,0.7854,0.8647,0.5498,0.5063,0.0734,0.6137,0.583,0.2356,0.315,0.0435,0.4329,86.4016,64.4004,33.3244,1.6593
63.767,1913,sitting,0.7058,0.9334,-0.0711,2.109,1.0045,0.4763,0.7837,0.8638,0.5478,0.5039,0.073,0.6119,0.5827,0.2359,0.316,0.0439,0.4309,86.4244,64.5802,33.2098,1.6627
63.8,1914,sitting,0.7077,0.9348,-0.0694,2.1096,1.0042,0.476,0.7857,0.8655,0.5499,0.5056,0.0732,0.6144,0.5843,0.2359,0.3156,0.0443,0.4323,86.4674,64.7213,33.1346,1.6671
63.833,1915,sitting,0.7088,0.9362,-0.0681,2.1115,1.0044,0.4757,0.787,0.8664,0.5513,0.5063,0.0734,0.6165,0.5858,0.2357,0.3151,0.045,0.4329,86.5677,64.8913,33.0827,1.6749
63.867,1916,sitting,0.7097,0.937,-0.067,2.1115,1.0039,0.4755,0.7882,0.8667,0.5527,0.5067,0.0735,0.6181,0.5864,0.2355,0.314,0.046,0.4332,86.8001,64.9761,33.1485,1.6749
63.9,1917,sitting,0.7109,0.9383,-0.0662,2.1144,1.0046,0.4751,0.7892,0.8676,0.5542,0.5073,0.0736,0.6196,0.5874,0.2351,0.3134,0.0469,0.4337,87.0337,65.1716,33.1055,1.6764
63.933,1918,sitting,0.7116,0.9391,-0.0652,2.1149,1.0042,0.4748,0.7902,0.8681,0.5551,0.5077,0.0737,0.6207,0.5881,0.2351,0.313,0.0474,0.434,87.2108,65.2105,33.1492,1.6753
63.967,1919,sitting,0.7118,0.9396,-0.0649,2.1161,1.0045,0.4747,0.7906,0.8679,0.5558,0.5082,0.0737,0.6213,0.5883,0.2348,0.3121,0.0476,0.4344,87.3268,65.2231,33.1671,1.6779
64.0,1920,sitting,0.7089,0.9378,-0.069,2.1183,1.0068,0.4753,0.7877,0.8662,0.5516,0.5059,0.0733,0.6172,0.5857,0.2361,0.3146,0.0458,0.4326,87.0166,65.0302,33.0523,1.6782
64.033,1921,sitting,0.7069,0.9365,-0.0724,2.1209,1.0089,0.4757,0.7858,0.8653,0.5486,0.5045,0.0729,0.6136,0.5835,0.2372,0.3167,0.0441,0.4316,86.6776,64.9077,32.8993,1.6778
64.067,1922,sitting,0.7083,0.9372,-0.0702,2.1195,1.0074,0.4753,0.7871,0.8661,0.5505,0.506,0.0732,0.6147,0.5836,0.2366,0.3156,0.0445,0.4328,86.7473,64.8477,33.0248,1.6749
64.1,1923,sitting,0.7095,0.9382,-0.0688,2.1203,1.007,0.4749,0.7884,0.8671,0.5518,0.5068,0.0733,0.6154,0.5835,0.2366,0.3153,0.045,0.4335,86.8602,64.8622,33.0805,1.6754
64.133,1924,sitting,0.7101,0.9391,-0.0677,2.1213,1.0069,0.4747,0.7891,0.8677,0.5526,0.5072,0.0734,0.6167,0.5844,0.2365,0.3151,0.0453,0.4338,86.9368,64.8645,33.1177,1.6776
64.167,1925,sitting,0.7107,0.9394,-0.0657,2.1183,1.0051,0.4745,0.7897,0.8681,0.5534,0.5074,0.0737,0.6181,0.5855,0.2363,0.3146,0.046,0.4337,87.0453,64.854,33.2276,1.674
64.2,1926,sitting,0.7113,0.9395,-0.0648,2.1172,1.0043,0.4744,0.79,0.868,0.5545,0.5082,0.0738,0.6192,0.5857,0.2355,0.3134,0.0464,0.4344,87.1469,64.7241,33.4098,1.6694
64.233,1927,sitting,0.7117,0.939,-0.0647,2.1152,1.0038,0.4746,0.7902,0.8678,0.5556,0.5093,0.0738,0.6192,0.5851,0.2346,0.3122,0.0463,0.4355,87.2209,64.4897,33.6337,1.6669
64.267,1928,sitting,0.7121,0.9387,-0.0646,2.1135,1.0033,0.4747,0.7908,0.8678,0.5564,0.51,0.0738,0.6193,0.5846,0.2344,0.3113,0.0464,0.4361,87.2282,64.4607,33.6781,1.6639
64.3,1929,sitting,0.7129,0.9396,-0.0645,2.1157,1.004,0.4746,0.7916,0.8685,0.5572,0.5098,0.0739,0.6206,0.5851,0.2345,0.3114,0.0474,0.436,87.304,64.6354,33.6568,1.6625
64.333,1930,sitting,0.713,0.9397,-0.0643,2.1157,1.004,0.4745,0.7929,0.8687,0.5573,0.5096,0.0739,0.621,0.5847,0.2356,0.3114,0.0477,0.4357,87.3205,64.6965,33.6661,1.6622
64.367,1931,sitting,0.7133,0.9398,-0.0637,2.115,1.0035,0.4745,0.7935,0.8692,0.5574,0.5095,0.074,0.6216,0.5847,0.2361,0.3118,0.0479,0.4355,87.3078,64.7373,33.6761,1.6663
64.4,1932,sitting,0.7109,0.9389,-0.0677,2.1195,1.0066,0.4749,0.7918,0.8681,0.5538,0.5081,0.0735,0.6184,0.5832,0.238,0.3143,0.0457,0.4346,87.0578,64.572,33.494,1.6689
64.433,1933,sitting,0.7098,0.9379,-0.0709,2.1226,1.0088,0.4753,0.7905,0.8678,0.5518,0.5061,0.0731,0.6152,0.5815,0.2387,0.316,0.0457,0.433,87.0861,64.706,33.3675,1.6673
64.467,1934,sitting,0.7091,0.9384,-0.074,2.1303,1.0124,0.4752,0.7902,0.8682,0.5499,0.5054,0.0728,0.6137,0.5821,0.2403,0.3183,0.0445,0.4327,86.9831,64.6701,33.2091,1.674
64.5,1935,sitting,0.7086,0.9394,-0.0765,2.1384,1.0159,0.4751,0.7902,0.8686,0.5486,0.5041,0.0725,0.6125,0.583,0.2416,0.3201,0.0445,0.4316,86.9926,64.8432,33.0262,1.6846
64.533,1936,sitting,0.7098,0.9406,-0.0737,2.1368,1.0143,0.4747,0.7932,0.8695,0.55,0.5058,0.0728,0.6148,0.5853,0.2431,0.3195,0.0442,0.433,86.9829,64.8919,32.9359,1.6865
64.567,1937,sitting,0.7111,0.9416,-0.0724,2.1374,1.0141,0.4744,0.7953,0.8704,0.5519,0.5066,0.0729,0.6168,0.5868,0.2434,0.3185,0.0452,0.4337,87.1217,64.9678,33.0102,1.6901
64.6,1938,sitting,0.7114,0.9418,-0.071,2.1352,1.0128,0.4743,0.797,0.8704,0.5524,0.5073,0.0731,0.618,0.5877,0.2446,0.318,0.0451,0.4342,87.1295,64.9114,33.0575,1.6895
64.633,1939,sitting,0.7125,0.9423,-0.07,2.1345,1.0123,0.4742,0.7988,0.8712,0.5539,0.507,0.0732,0.6192,0.5887,0.2449,0.3173,0.0469,0.4337,87.3852,65.1849,33.0862,1.6905
64.667,1940,sitting,0.7124,0.942,-0.0691,2.1321,1.0112,0.4743,0.7993,0.8706,0.5543,0.5074,0.0733,0.6194,0.5885,0.245,0.3163,0.0469,0.434,87.3792,65.1112,33.162,1.6893
64.7,1941,sitting,0.7131,0.9427,-0.0685,2.133,1.0112,0.4741,0.8005,0.8714,0.5548,0.509,0.0734,0.62,0.5886,0.2457,0.3166,0.0458,0.4356,87.2018,64.9614,33.117,1.6896
64.733,1942,sitting,0.7136,0.9428,-0.0685,2.1329,1.0113,0.4742,0.801,0.8718,0.5554,0.5101,0.0734,0.6204,0.589,0.2456,0.3164,0.0453,0.4367,87.1761,64.9186,33.0744,1.69
64.767,1943,sitting,0.7141,0.9431,-0.0681,2.133,1.0111,0.474,0.8011,0.8719,0.5564,0.5109,0.0734,0.6206,0.5885,0.2447,0.3155,0.0454,0.4375,87.1775,64.8548,33.1319,1.6886
64.8,1944,sitting,0.7126,0.9433,-0.0722,2.1421,1.0156,0.4741,0.7992,0.8711,0.5541,0.51,0.073,0.6179,0.5869,0.2451,0.317,0.0441,0.437,86.9335,64.6177,33.1135,1.6928
64.833,1945,sitting,0.7131,0.9433,-0.0719,2.1411,1.0152,0.4741,0.8006,0.8713,0.5549,0.5096,0.073,0.6186,0.5871,0.2457,0.3164,0.0453,0.4366,87.0279,64.8419,33.0772,1.6919
64.867,1946,sitting,0.7134,0.9426,-0.0708,2.1373,1.0134,0.4742,0.8007,0.8709,0.556,0.5105,0.0732,0.6189,0.5864,0.2447,0.3149,0.0455,0.4373,87.0331,64.6844,33.2653,1.686
64.9,1947,sitting,0.7137,0.9418,-0.0699,2.1329,1.0117,0.4743,0.8011,0.871,0.5565,0.511,0.0733,0.6191,0.5856,0.2446,0.3144,0.0455,0.4377,87.1022,64.6046,33.3484,1.6836
64.933,1948,sitting,0.7143,0.9418,-0.0694,2.1322,1.0112,0.4743,0.8015,0.8711,0.5576,0.511,0.0733,0.6192,0.5851,0.2439,0.3135,0.0466,0.4377,87.2782,64.6481,33.4591,1.6824
64.967,1949,sitting,0.7141,0.9414,-0.0687,2.1295,1.0101,0.4743,0.8021,0.8706,0.5576,0.5108,0.0734,0.6192,0.5846,0.2444,0.313,0.0468,0.4374,87.3204,64.5626,33.5782,1.6806
65.0,1950,sitting,0.714,0.9406,-0.0677,2.1254,1.0084,0.4744,0.8026,0.8703,0.5576,0.5107,0.0735,0.6188,0.5837,0.245,0.3128,0.0469,0.4372,87.3432,64.5441,33.6166,1.6786
65.033,1951,sitting,0.7149,0.9406,-0.0671,2.1239,1.0077,0.4745,0.8035,0.871,0.5587,0.5108,0.0736,0.619,0.5834,0.2448,0.3123,0.0479,0.4372,87.5495,64.6414,33.6954,1.6789
65.067,1952,sitting,0.7159,0.9411,-0.0666,2.1239,1.0077,0.4745,0.8042,0.8716,0.5603,0.511,0.0737,0.6197,0.5837,0.2439,0.3113,0.0493,0.4373,87.7789,64.791,33.7829,1.6795
65.1,1953,sitting,0.7164,0.942,-0.0663,2.1261,1.0082,0.4742,0.8043,0.8717,0.5611,0.5108,0.0737,0.6203,0.5843,0.2431,0.3106,0.0504,0.4371,87.959,64.9235,33.813,1.684
65.133,1954,sitting,0.7164,0.942,-0.0658,2.1255,1.0078,0.4742,0.8039,0.8718,0.5611,0.511,0.0737,0.6201,0.5841,0.2428,0.3107,0.0501,0.4373,87.9252,64.9209,33.7871,1.6882
65.167,1955,sitting,0.7162,0.9413,-0.0653,2.1223,1.0066,0.4743,0.8036,0.8714,0.5611,0.511,0.0738,0.6198,0.5833,0.2425,0.3103,0.05,0.4373,87.917,64.9171,33.8058,1.6852
65.2,1956,sitting,0.7145,0.941,-0.0702,2.1303,1.0112,0.4747,0.8009,0.8708,0.5581,0.5108,0.0732,0.6161,0.5826,0.2428,0.3127,0.0473,0.4376,87.3398,64.5702,33.6894,1.6903
65.233,1957,sitting,0.715,0.9415,-0.0697,2.1309,1.0112,0.4746,0.8011,0.8716,0.5583,0.5125,0.0733,0.6166,0.5829,0.2427,0.3132,0.0459,0.4392,87.1117,64.3715,33.6478,1.692
65.267,1958,sitting,0.7154,0.9429,-0.0696,2.1347,1.0124,0.4743,0.8018,0.872,0.5588,0.5128,0.0733,0.6181,0.5852,0.243,0.3132,0.046,0.4395,87.1439,64.444,33.5849,1.7024
65.3,1959,sitting,0.7157,0.9439,-0.0694,2.1379,1.0133,0.474,0.802,0.8722,0.5592,0.5127,0.0733,0.6191,0.5866,0.2427,0.313,0.0465,0.4394,87.2118,64.5012,33.5975,1.715
65.333,1960,sitting,0.7164,0.9451,-0.0692,2.1415,1.0143,0.4737,0.8026,0.8723,0.5606,0.5122,0.0733,0.6201,0.5874,0.2421,0.3117,0.0484,0.4388,87.4769,64.73,33.6642,1.7199
65.367,1961,sitting,0.7169,0.946,-0.0687,2.1438,1.0147,0.4733,0.8033,0.8725,0.5614,0.5125,0.0734,0.6205,0.5874,0.2419,0.3111,0.0489,0.4391,87.597,64.862,33.609,1.7204
65.4,1962,sitting,0.7144,0.9449,-0.0734,2.1495,1.0183,0.4737,0.8007,0.8708,0.5581,0.5107,0.0729,0.6163,0.5855,0.2427,0.3128,0.0474,0.4378,87.3266,64.7494,33.4805,1.7214
65.433,1963,sitting,0.7124,0.9442,-0.0767,2.154,1.0209,0.474,0.7988,0.8695,0.5553,0.5092,0.0725,0.613,0.5842,0.2435,0.3143,0.0461,0.4367,87.088,64.6245,33.4016,1.7211
65.467,1964,sitting,0.7108,0.9431,-0.0798,2.1559,1.0228,0.4744,0.7973,0.8686,0.553,0.5077,0.0721,0.6102,0.5825,0.2443,0.3156,0.0453,0.4356,86.9926,64.5266,33.3755,1.7199
65.5,1965,sitting,0.7089,0.9422,-0.0825,2.1587,1.0248,0.4747,0.7952,0.8675,0.5503,0.5065,0.0718,0.6079,0.5811,0.2449,0.3173,0.0437,0.4348,86.7878,64.3177,33.3412,1.722
65.533,1966,sitting,0.7074,0.941,-0.0838,2.1571,1.0248,0.4751,0.7939,0.8663,0.5484,0.5052,0.0716,0.6064,0.58,0.2454,0.3179,0.0432,0.4336,86.695,64.2824,33.312,1.7204
65.567,1967,sitting,0.7057,0.9398,-0.0845,2.1546,1.0242,0.4754,0.7924,0.865,0.5464,0.5059,0.0715,0.6048,0.5783,0.246,0.3186,0.0404,0.4344,86.3482,63.8992,33.2652,1.7149
65.6,1968,sitting,0.7051,0.9388,-0.0847,2.1515,1.0234,0.4757,0.792,0.8649,0.5452,0.5055,0.0715,0.6041,0.5777,0.2468,0.3197,0.0397,0.434,86.2411,63.8964,33.1863,1.7061
65.633,1969,sitting,0.7072,0.939,-0.0812,2.1451,1.0202,0.4756,0.7942,0.8665,0.5479,0.5063,0.0719,0.6075,0.5794,0.2463,0.3185,0.0416,0.4344,86.5282,64.1612,33.2273,1.7064
65.667,1970,sitting,0.7095,0.94,-0.0774,2.1407,1.0174,0.4753,0.7969,0.8681,0.5508,0.5061,0.0724,0.6109,0.5814,0.2461,0.3173,0.0447,0.4338,86.8384,64.6233,33.2558,1.7046
65.7,1971,sitting,0.7108,0.9403,-0.0744,2.136,1.0147,0.475,0.7982,0.8689,0.5528,0.5075,0.0727,0.6129,0.5817,0.2454,0.3161,0.0452,0.4348,86.8847,64.6742,33.2903,1.7019
65.733,1972,sitting,0.7126,0.9412,-0.0721,2.134,1.0132,0.4748,0.7995,0.8701,0.555,0.5089,0.073,0.6152,0.5828,0.2444,0.3151,0.0461,0.4359,86.9602,64.7464,33.3668,1.7002
65.767,1973,sitting,0.7137,0.9424,-0.0706,2.1347,1.0129,0.4745,0.8005,0.8711,0.5562,0.5109,0.0731,0.6174,0.5835,0.2442,0.3149,0.0453,0.4377,86.8205,64.6217,33.3715,1.6993
65.8,1974,sitting,0.7145,0.9428,-0.0688,2.1327,1.0116,0.4743,0.8017,0.872,0.557,0.5119,0.0733,0.6188,0.5841,0.2447,0.315,0.0452,0.4386,86.7129,64.7589,33.2259,1.6983
65.833,1975,sitting,0.7144,0.943,-0.0681,2.1329,1.0112,0.4741,0.8025,0.8717,0.5571,0.5126,0.0734,0.6195,0.5842,0.2454,0.3147,0.0445,0.4392,86.6417,64.6352,33.2261,1.6984
65.867,1976,sitting,0.7121,0.9416,-0.0716,2.1353,1.0132,0.4745,0.8005,0.87,0.5543,0.5118,0.073,0.6155,0.5819,0.2463,0.3158,0.0424,0.4388,86.3226,64.3434,33.1755,1.7001
65.9,1977,sitting,0.7099,0.9409,-0.0754,2.1403,1.0162,0.4748,0.7984,0.8687,0.5512,0.51,0.0726,0.6119,0.5803,0.2472,0.3176,0.0411,0.4375,86.065,64.2371,33.0619,1.7054
65.933,1978,sitting,0.7104,0.94,-0.0732,2.1336,1.0133,0.4749,0.7993,0.8684,0.5523,0.5098,0.0728,0.613,0.58,0.247,0.3161,0.0426,0.437,86.2333,64.344,33.1954,1.6999
65.967,1979,sitting,0.7114,0.9398,-0.0707,2.1276,1.0105,0.4749,0.8005,0.869,0.5538,0.5101,0.0731,0.6149,0.5813,0.2467,0.3152,0.0436,0.437,86.3351,64.4685,33.2595,1.6957
66.0,1980,sitting,0.7096,0.9395,-0.0738,2.1324,1.0133,0.4752,0.7999,0.8682,0.551,0.5093,0.0727,0.6129,0.5816,0.2488,0.3172,0.0417,0.4366,86.1031,64.2509,33.1514,1.6956
66.033,1981,sitting,0.7107,0.9395,-0.0721,2.1281,1.0115,0.4753,0.8019,0.8686,0.5529,0.5094,0.0729,0.6149,0.5835,0.2491,0.3157,0.0434,0.4365,86.4486,64.4247,33.2615,1.69
66.067,1982,sitting,0.7089,0.9389,-0.0747,2.1309,1.0136,0.4757,0.8003,0.8675,0.5504,0.5077,0.0726,0.6132,0.5833,0.2498,0.317,0.0428,0.435,86.3754,64.4309,33.1598,1.6898
66.1,1983,sitting,0.7098,0.939,-0.0722,2.1265,1.0112,0.4755,0.8015,0.8678,0.5519,0.5069,0.0729,0.6152,0.5845,0.2496,0.3159,0.045,0.4339,86.8032,64.7378,33.2074,1.6846
66.133,1984,sitting,0.711,0.9383,-0.0695,2.1186,1.0078,0.4757,0.8037,0.8687,0.5533,0.5072,0.0732,0.6172,0.5861,0.2505,0.3154,0.0461,0.434,86.914,64.8572,33.2799,1.6788
66.167,1985,sitting,0.7114,0.9377,-0.0674,2.1126,1.005,0.4757,0.8055,0.8687,0.554,0.507,0.0735,0.6186,0.5873,0.2515,0.3146,0.0471,0.4335,87.1147,65.018,33.3062,1.6755
66.2,1986,sitting,0.7096,0.9365,-0.0698,2.114,1.0063,0.476,0.8045,0.8674,0.5517,0.5049,0.0732,0.6159,0.5864,0.2527,0.3157,0.0468,0.4318,87.0363,65.0374,33.2495,1.673
66.233,1987,sitting,0.7106,0.9361,-0.0682,2.109,1.0043,0.4762,0.8065,0.8676,0.5536,0.5039,0.0734,0.6175,0.5877,0.253,0.314,0.0497,0.4306,87.4712,65.4415,33.3153,1.6704
66.267,1988,sitting,0.711,0.9353,-0.067,2.1038,1.0023,0.4764,0.8078,0.8678,0.5541,0.5038,0.0735,0.6183,0.5881,0.2537,0.3137,0.0503,0.4304,87.5364,65.5724,33.3023,1.6673
66.3,1989,sitting,0.711,0.935,-0.0662,2.1006,1.0012,0.4766,0.8087,0.8679,0.5542,0.5038,0.0736,0.6194,0.589,0.2545,0.3137,0.0504,0.4302,87.6362,65.6959,33.2212,1.6658
66.333,1990,sitting,0.711,0.9353,-0.0657,2.1008,1.001,0.4765,0.8095,0.8678,0.5541,0.5034,0.0737,0.6204,0.5897,0.2554,0.3137,0.0507,0.4297,87.7349,65.8198,33.1606,1.6664
66.367,1991,sitting,0.7116,0.9356,-0.0649,2.1,1.0006,0.4764,0.8105,0.8686,0.5545,0.5035,0.0738,0.6211,0.5906,0.256,0.3141,0.051,0.4298,87.7508,65.9814,33.0579,1.6663
66.4,1992,sitting,0.7086,0.9336,-0.0675,2.0991,1.0011,0.4769,0.8076,0.8665,0.5508,0.5019,0.0735,0.6172,0.5882,0.2568,0.3157,0.0489,0.4284,87.4033,65.8589,32.8512,1.663
66.433,1993,sitting,0.7085,0.9329,-0.0667,2.0951,0.9996,0.4771,0.8077,0.8662,0.5507,0.5031,0.0736,0.6176,0.5882,0.257,0.3155,0.0476,0.4295,87.2419,65.6648,32.8455,1.662
66.467,1994,sitting,0.7095,0.9329,-0.0662,2.0937,0.9992,0.4772,0.8082,0.8667,0.5523,0.5034,0.0736,0.6186,0.5887,0.256,0.3145,0.0489,0.4298,87.36,65.7202,32.9851,1.6603
66.5,1995,sitting,0.7103,0.9338,-0.0654,2.0947,0.9992,0.477,0.8091,0.8677,0.5529,0.5046,0.0737,0.6198,0.5892,0.2562,0.3148,0.0483,0.4309,87.2349,65.5872,33.013,1.6593
66.533,1996,sitting,0.7106,0.9339,-0.0647,2.0941,0.9986,0.4769,0.8101,0.8678,0.5534,0.5051,0.0738,0.6202,0.5891,0.2566,0.3143,0.0483,0.4314,87.2008,65.5641,33.0281,1.6567
66.567,1997,sitting,0.7111,0.9341,-0.0642,2.0939,0.9983,0.4768,0.8114,0.8682,0.554,0.5054,0.0738,0.6206,0.5893,0.2574,0.3142,0.0486,0.4316,87.2518,65.5455,33.0708,1.655
66.6,1998,sitting,0.7115,0.9349,-0.0634,2.0954,0.9983,0.4764,0.8117,0.8688,0.5542,0.5059,0.0739,0.6211,0.5889,0.2575,0.3145,0.0483,0.432,87.1194,65.4978,33.0734,1.6566
66.633,1999,sitting,0.7118,0.9359,-0.0628,2.098,0.9987,0.476,0.8117,0.8691,0.5546,0.506,0.074,0.6216,0.5894,0.2571,0.3145,0.0485,0.4321,87.1177,65.4964,33.0901,1.6583
66.667,2000,sitting,0.7119,0.9363,-0.0626,2.0986,0.9989,0.476,0.8122,0.8692,0.5545,0.5069,0.074,0.6221,0.59,0.2577,0.3146,0.0477,0.4329,87.0009,65.3625,33.0752,1.6583
66.7,2001,sitting,0.7118,0.9364,-0.0624,2.0987,0.9988,0.4759,0.8125,0.869,0.5546,0.507,0.074,0.622,0.59,0.258,0.3144,0.0475,0.433,86.9635,65.3711,33.0315,1.6561
66.733,2002,sitting,0.7087,0.9349,-0.0668,2.1023,1.0017,0.4765,0.81,0.867,0.5504,0.5061,0.0735,0.6185,0.5881,0.2596,0.3167,0.0443,0.4325,86.593,65.1267,32.782,1.6563
66.767,2003,sitting,0.7067,0.934,-0.0699,2.1055,1.0039,0.4768,0.808,0.8658,0.5476,0.5056,0.0732,0.6153,0.5862,0.2605,0.3183,0.0419,0.4325,86.1656,64.8827,32.6444,1.6546
66.8,2004,sitting,0.704,0.9327,-0.0729,2.1073,1.0056,0.4772,0.8059,0.8643,0.5436,0.5049,0.0728,0.6117,0.5843,0.2623,0.3207,0.0387,0.4321,85.7492,64.6188,32.4125,1.6562
66.833,2005,sitting,0.7017,0.9312,-0.0759,2.1086,1.007,0.4776,0.8035,0.8629,0.5404,0.5051,0.0725,0.6073,0.5818,0.2631,0.3225,0.0353,0.4326,85.2431,64.1287,32.353,1.6563
66.867,2006,sitting,0.7036,0.9318,-0.0729,2.1048,1.0047,0.4773,0.8053,0.8641,0.5431,0.5072,0.0729,0.6093,0.583,0.2622,0.321,0.0358,0.4344,85.4453,64.1327,32.4434,1.6554
66.9,2007,sitting,0.7051,0.9323,-0.0709,2.103,1.0032,0.477,0.8065,0.8651,0.5451,0.5083,0.0731,0.6104,0.5834,0.2614,0.3201,0.0368,0.4352,85.6888,64.1948,32.5251,1.6542
66.933,2008,sitting,0.7062,0.9321,-0.0694,2.0993,1.0015,0.4771,0.8076,0.8653,0.5471,0.5092,0.0733,0.6111,0.5832,0.2605,0.3182,0.0379,0.4359,85.8418,64.2098,32.6887,1.6515
66.967,2009,sitting,0.7046,0.9318,-0.0723,2.1041,1.0041,0.4772,0.8056,0.8646,0.5447,0.5081,0.0729,0.6089,0.5815,0.2609,0.3199,0.0365,0.4352,85.5933,64.0865,32.6093,1.6544
67.0,2010,sitting,0.7042,0.9325,-0.0741,2.1095,1.0066,0.4772,0.8041,0.8647,0.5436,0.5073,0.0727,0.6081,0.5815,0.2605,0.3211,0.0364,0.4345,85.5984,64.1369,32.5348,1.6571
67.033,2011,sitting,0.706,0.9341,-0.0724,2.1112,1.0065,0.4767,0.8057,0.866,0.546,0.5078,0.0729,0.6107,0.5834,0.2597,0.32,0.0383,0.4349,85.8054,64.3499,32.6149,1.6594
67.067,2012,sitting,0.7054,0.9343,-0.0751,2.1166,1.0094,0.4769,0.8045,0.866,0.5449,0.5071,0.0726,0.6096,0.5831,0.2596,0.3212,0.0378,0.4345,85.6243,64.3913,32.5109,1.6639
67.1,2013,sitting,0.7069,0.935,-0.0732,2.1145,1.0082,0.4768,0.8061,0.867,0.5467,0.5079,0.0728,0.6121,0.5849,0.2594,0.3203,0.0388,0.4351,85.7676,64.5163,32.5599,1.6639
67.133,2014,sitting,0.7054,0.9345,-0.0752,2.1171,1.0097,0.4769,0.8047,0.8661,0.5446,0.5072,0.0726,0.6107,0.5842,0.2601,0.3215,0.0374,0.4346,85.5675,64.3825,32.481,1.6652
67.167,2015,sitting,0.7068,0.9345,-0.0724,2.1117,1.0069,0.4768,0.8057,0.867,0.5465,0.5081,0.0729,0.6119,0.5844,0.2592,0.3205,0.0384,0.4352,85.7647,64.3884,32.6342,1.6622
67.2,2016,sitting,0.7056,0.9337,-0.0745,2.1132,1.0082,0.4771,0.8038,0.8666,0.5446,0.5061,0.0727,0.6093,0.583,0.2592,0.322,0.0385,0.4334,85.6112,64.4271,32.5928,1.6618
67.233,2017,sitting,0.7077,0.9335,-0.0712,2.1057,1.0047,0.4771,0.8056,0.8684,0.5469,0.5065,0.073,0.6117,0.5844,0.2587,0.3214,0.0405,0.4334,85.8535,64.5771,32.7688,1.6572
67.267,2018,sitting,0.7064,0.9332,-0.0727,2.1078,1.006,0.4773,0.8049,0.8679,0.5449,0.5063,0.0729,0.611,0.584,0.26,0.323,0.0386,0.4335,85.631,64.4238,32.642,1.6598
67.3,2019,sitting,0.7078,0.9334,-0.0703,2.1034,1.0037,0.4772,0.8061,0.8684,0.5471,0.508,0.0731,0.6126,0.585,0.259,0.3213,0.0392,0.4348,85.8648,64.4345,32.725,1.6587
67.333,2020,sitting,0.7089,0.9334,-0.0682,2.0996,1.0016,0.4771,0.8071,0.8688,0.549,0.5098,0.0734,0.6136,0.5845,0.2581,0.3198,0.0392,0.4365,85.926,64.1216,33.0202,1.6539
67.367,2021,sitting,0.7102,0.9333,-0.0664,2.0955,0.9996,0.477,0.8087,0.8694,0.5511,0.5109,0.0736,0.6151,0.5854,0.2576,0.3183,0.0402,0.4373,86.132,64.0891,33.2112,1.6509
67.4,2022,sitting,0.7111,0.9333,-0.0651,2.0933,0.9984,0.477,0.8098,0.87,0.5523,0.5113,0.0737,0.6156,0.585,0.2576,0.3177,0.041,0.4376,86.2377,64.1519,33.2639,1.6484
67.433,2023,sitting,0.7119,0.934,-0.0647,2.0949,0.9988,0.4768,0.8102,0.8702,0.5536,0.5117,0.0738,0.6162,0.585,0.2567,0.3166,0.0419,0.4379,86.3051,64.3016,33.248,1.6502
67.467,2024,sitting,0.7099,0.9332,-0.0676,2.0978,1.0008,0.477,0.8085,0.869,0.5509,0.51,0.0735,0.6123,0.5832,0.2576,0.3182,0.0409,0.4365,86.0666,64.291,33.1166,1.6523
67.5,2025,sitting,0.7108,0.9334,-0.066,2.0954,0.9994,0.477,0.8098,0.8694,0.5522,0.5107,0.0736,0.6134,0.5832,0.2576,0.3172,0.0415,0.4371,86.146,64.3566,33.1515,1.6515
67.533,2026,sitting,0.7111,0.933,-0.0653,2.0926,0.9983,0.477,0.8102,0.8691,0.5531,0.5108,0.0737,0.6139,0.5831,0.2571,0.3161,0.0422,0.4371,86.272,64.3499,33.2894,1.6513
67.567,2027,sitting,0.7119,0.9334,-0.0646,2.0925,0.9979,0.4769,0.8111,0.8696,0.5541,0.5108,0.0738,0.615,0.5834,0.257,0.3155,0.0432,0.437,86.4761,64.4998,33.2941,1.6513
67.6,2028,sitting,0.7085,0.9315,-0.0679,2.0935,0.9994,0.4774,0.8082,0.8672,0.5499,0.5101,0.0734,0.6109,0.5817,0.2583,0.3173,0.0397,0.4367,85.8155,63.9524,33.2515,1.6469
67.633,2029,sitting,0.7062,0.9299,-0.0715,2.0954,1.0014,0.4779,0.806,0.8652,0.5471,0.509,0.073,0.6074,0.5798,0.2589,0.3182,0.0381,0.436,85.4455,63.6408,33.2831,1.6468
67.667,2030,sitting,0.7069,0.9305,-0.0695,2.0937,1.0,0.4776,0.8071,0.8655,0.5483,0.5098,0.0732,0.6094,0.5807,0.2588,0.3172,0.0385,0.4366,85.4977,63.6374,33.344,1.6466
67.7,2031,sitting,0.7081,0.9315,-0.0683,2.0951,0.9998,0.4772,0.8073,0.866,0.5501,0.5106,0.0734,0.6107,0.5806,0.2572,0.3158,0.0396,0.4372,85.764,63.661,33.4742,1.6468
67.733,2032,sitting,0.7064,0.931,-0.0716,2.1002,1.0026,0.4774,0.8048,0.865,0.5477,0.5098,0.073,0.6079,0.5783,0.2571,0.3173,0.038,0.4368,85.5864,63.4618,33.4151,1.6489
67.767,2033,sitting,0.7075,0.9321,-0.0698,2.1005,1.0019,0.477,0.8055,0.8658,0.5492,0.511,0.0732,0.6101,0.5796,0.2564,0.3166,0.0381,0.4378,85.5772,63.4293,33.4674,1.6489
67.8,2034,sitting,0.7083,0.9335,-0.0684,2.1027,1.0019,0.4765,0.8059,0.8665,0.5502,0.5111,0.0734,0.6116,0.5805,0.2558,0.3163,0.0391,0.4377,85.6697,63.5937,33.4462,1.6517
67.833,2035,sitting,0.7063,0.9334,-0.0717,2.109,1.0051,0.4766,0.804,0.8654,0.5471,0.5101,0.073,0.6094,0.5795,0.2569,0.3183,0.0371,0.4371,85.452,63.4921,33.2344,1.6555
67.867,2036,sitting,0.7074,0.9344,-0.0704,2.1094,1.0048,0.4764,0.8057,0.8658,0.549,0.5106,0.0731,0.6119,0.581,0.2567,0.3168,0.0385,0.4374,85.7248,63.6479,33.2783,1.6538
67.9,2037,sitting,0.7083,0.9349,-0.0693,2.1087,1.0042,0.4762,0.8068,0.8664,0.5501,0.5112,0.0733,0.6132,0.5819,0.2566,0.3163,0.0389,0.438,85.8559,63.7196,33.2864,1.6536
67.933,2038,sitting,0.707,0.9346,-0.0721,2.1133,1.0067,0.4764,0.8044,0.8658,0.5482,0.5106,0.073,0.6109,0.5806,0.2562,0.3176,0.0376,0.4377,85.6796,63.6035,33.2105,1.6581
67.967,2039,sitting,0.7077,0.9345,-0.0704,2.1097,1.0049,0.4763,0.8055,0.8659,0.5496,0.5111,0.0731,0.6123,0.5814,0.2559,0.3164,0.0385,0.438,85.7735,63.6965,33.2506,1.6547
68.0,2040,sitting,0.7056,0.9335,-0.0735,2.1129,1.007,0.4766,0.803,0.8643,0.547,0.5113,0.0728,0.6091,0.5794,0.256,0.3173,0.0357,0.4385,85.4986,63.2623,33.2401,1.6575
68.033,2041,sitting,0.7062,0.9334,-0.071,2.1079,1.0044,0.4765,0.8042,0.8646,0.5478,0.5116,0.0731,0.6107,0.5808,0.2564,0.3168,0.0362,0.4385,85.5399,63.3849,33.2099,1.6566
68.067,2042,sitting,0.7068,0.9333,-0.0688,2.1032,1.0021,0.4765,0.8051,0.8646,0.549,0.5125,0.0733,0.6124,0.5824,0.2561,0.3156,0.0365,0.4392,85.6339,63.2536,33.3954,1.653
68.1,2043,sitting,0.7083,0.9341,-0.0667,2.1012,1.0008,0.4763,0.8068,0.8659,0.5507,0.5133,0.0736,0.6146,0.5843,0.2561,0.3152,0.0374,0.4397,85.8166,63.3284,33.4686,1.6537
68.133,2044,sitting,0.7088,0.9344,-0.0657,2.0996,1.0001,0.4763,0.8084,0.8664,0.5512,0.513,0.0737,0.6163,0.5859,0.2572,0.3153,0.0381,0.4394,85.9097,63.518,33.3988,1.6554
68.167,2045,sitting,0.7099,0.935,-0.0648,2.0985,0.9997,0.4764,0.8101,0.8673,0.5524,0.513,0.0738,0.6177,0.5873,0.2576,0.3149,0.0395,0.4392,86.0157,63.7494,33.3834,1.6557
68.2,2046,sitting,0.7109,0.9359,-0.0641,2.0996,1.0,0.4763,0.8115,0.8683,0.5535,0.5121,0.0738,0.6192,0.589,0.258,0.3148,0.0415,0.4382,86.256,64.0769,33.3656,1.6573
68.233,2047,sitting,0.7117,0.9363,-0.0635,2.0997,0.9998,0.4762,0.8123,0.8691,0.5543,0.512,0.0739,0.6197,0.5889,0.2581,0.3149,0.0423,0.4381,86.2218,64.119,33.4504,1.6573
68.267,2048,sitting,0.7123,0.937,-0.0631,2.1013,1.0001,0.476,0.8127,0.8697,0.5549,0.5123,0.0739,0.6206,0.5892,0.2577,0.3148,0.0426,0.4384,86.2509,64.0892,33.5282,1.6596
68.3,2049,sitting,0.7133,0.9378,-0.0629,2.1036,1.0007,0.4757,0.8129,0.8705,0.5561,0.5129,0.074,0.6215,0.5895,0.2568,0.3144,0.0432,0.4389,86.3586,64.1026,33.5953,1.662
68.333,2050,sitting,0.7139,0.9385,-0.0625,2.105,1.001,0.4755,0.8135,0.8709,0.557,0.5134,0.074,0.6226,0.5901,0.2564,0.3139,0.0436,0.4394,86.3419,64.0631,33.6841,1.6654
68.367,2051,sitting,0.7141,0.9389,-0.0618,2.1053,1.0007,0.4753,0.8137,0.8712,0.557,0.514,0.0741,0.6229,0.5903,0.2567,0.3142,0.043,0.4399,86.1603,63.9762,33.6835,1.6673
68.4,2052,sitting,0.7105,0.9369,-0.0669,2.1091,1.0037,0.4759,0.8104,0.8687,0.5523,0.5111,0.0735,0.6177,0.587,0.258,0.3164,0.0412,0.4376,85.8314,63.8456,33.515,1.6651
68.433,2053,sitting,0.7108,0.9368,-0.0662,2.1079,1.003,0.4758,0.8103,0.8685,0.5531,0.5117,0.0736,0.6178,0.5866,0.2572,0.3154,0.0414,0.4381,85.9002,63.8323,33.552,1.6639
68.467,2054,sitting,0.7108,0.9369,-0.0654,2.1071,1.0023,0.4757,0.8101,0.8683,0.5532,0.5122,0.0737,0.618,0.5865,0.2569,0.3152,0.041,0.4385,85.8152,63.7865,33.5276,1.6632
68.5,2055,sitting,0.7108,0.937,-0.0652,2.1073,1.0022,0.4756,0.8101,0.8684,0.5532,0.5125,0.0737,0.6183,0.5863,0.2569,0.3152,0.0408,0.4388,85.8374,63.7619,33.5177,1.664
68.533,2056,sitting,0.7075,0.9353,-0.0696,2.1108,1.0049,0.4761,0.8069,0.8661,0.549,0.5106,0.0732,0.6141,0.5829,0.258,0.3172,0.0383,0.4374,85.4392,63.5494,33.3593,1.6665
68.567,2057,sitting,0.7074,0.9346,-0.0688,2.1069,1.0034,0.4763,0.8076,0.8655,0.5493,0.5111,0.0733,0.6144,0.583,0.2583,0.3162,0.0382,0.4377,85.4535,63.603,33.3002,1.6637
68.6,2058,sitting,0.7051,0.9332,-0.073,2.1104,1.0062,0.4768,0.8052,0.8638,0.5463,0.509,0.0728,0.611,0.5805,0.2589,0.3176,0.0373,0.4361,85.3311,63.5596,33.2049,1.6652
68.633,2059,sitting,0.7026,0.9317,-0.0763,2.1117,1.008,0.4774,0.8031,0.8623,0.5428,0.5079,0.0725,0.6078,0.5782,0.2602,0.3195,0.0349,0.4355,84.9953,63.3277,33.061,1.6641
68.667,2060,sitting,0.7034,0.9314,-0.0737,2.1051,1.005,0.4774,0.8044,0.8628,0.544,0.5092,0.0728,0.6095,0.5797,0.2604,0.3188,0.0348,0.4365,84.9952,63.2802,33.0932,1.6572
68.7,2061,sitting,0.7049,0.9315,-0.0713,2.101,1.0028,0.4773,0.8064,0.8636,0.5463,0.509,0.073,0.6114,0.5812,0.2601,0.3173,0.0373,0.4359,85.2911,63.5728,33.1961,1.6527
68.733,2062,sitting,0.7044,0.9313,-0.0736,2.1046,1.005,0.4775,0.8071,0.8639,0.5449,0.5075,0.0728,0.6092,0.5804,0.2622,0.319,0.0374,0.4348,85.3027,63.7679,33.0045,1.65
68.767,2063,sitting,0.7057,0.9317,-0.0718,2.1022,1.0035,0.4774,0.8091,0.8645,0.547,0.5077,0.073,0.6105,0.581,0.2621,0.3175,0.0393,0.4347,85.5905,63.9821,33.1011,1.6473
68.8,2064,sitting,0.7039,0.9305,-0.0742,2.1027,1.0047,0.4778,0.8079,0.8634,0.5445,0.5075,0.0727,0.6073,0.5799,0.2635,0.3189,0.037,0.4348,85.3571,63.7977,32.9068,1.6431
68.833,2065,sitting,0.7031,0.9295,-0.0764,2.1035,1.0059,0.4782,0.8073,0.8631,0.5432,0.5061,0.0724,0.6052,0.5794,0.2641,0.3199,0.037,0.4337,85.3046,63.9353,32.7901,1.6436
68.867,2066,sitting,0.7026,0.9297,-0.078,2.1066,1.0077,0.4783,0.808,0.8633,0.5418,0.5065,0.0722,0.6049,0.58,0.2662,0.3215,0.0354,0.4342,85.1076,63.851,32.6153,1.6445
68.9,2067,sitting,0.7046,0.9297,-0.0754,2.1011,1.0052,0.4784,0.8109,0.8645,0.5448,0.5072,0.0726,0.608,0.582,0.2661,0.3197,0.0376,0.4346,85.4958,64.1787,32.6482,1.6424
68.933,2068,sitting,0.7064,0.9298,-0.0727,2.0955,1.0025,0.4784,0.8125,0.8656,0.5472,0.5082,0.0729,0.6103,0.5829,0.2652,0.3184,0.0391,0.4353,85.7543,64.3492,32.7217,1.6421
68.967,2069,sitting,0.708,0.9304,-0.0708,2.0939,1.0012,0.4782,0.8139,0.8669,0.5491,0.5087,0.0731,0.6125,0.5836,0.2648,0.3178,0.0404,0.4356,86.001,64.472,32.8143,1.6422
69.0,2070,sitting,0.7087,0.9299,-0.0686,2.0878,0.9985,0.4782,0.8156,0.8676,0.5498,0.5097,0.0733,0.6139,0.5839,0.2659,0.3178,0.0401,0.4363,85.9966,64.4641,32.7997,1.6394
69.033,2071,sitting,0.7094,0.9297,-0.0663,2.0828,0.9959,0.4782,0.817,0.8683,0.5504,0.5095,0.0736,0.6155,0.5849,0.2665,0.3178,0.0409,0.4359,86.0568,64.6238,32.7867,1.6365
69.067,2072,sitting,0.7071,0.9293,-0.0693,2.0875,0.9985,0.4783,0.8157,0.8671,0.5471,0.5076,0.0732,0.6125,0.5836,0.2686,0.3199,0.0396,0.4343,85.7435,64.5524,32.6426,1.6395
69.1,2073,sitting,0.7078,0.9301,-0.0676,2.0867,0.9977,0.4781,0.8177,0.8679,0.5477,0.5093,0.0734,0.6141,0.5841,0.2701,0.3203,0.0384,0.4358,85.5742,64.4165,32.6044,1.6397
69.133,2074,sitting,0.7083,0.9306,-0.0659,2.085,0.9964,0.4779,0.8193,0.8687,0.5479,0.5101,0.0736,0.6152,0.5841,0.2714,0.3208,0.0377,0.4365,85.4315,64.366,32.5564,1.6391
69.167,2075,sitting,0.7087,0.9302,-0.0652,2.0823,0.9954,0.478,0.82,0.8686,0.5487,0.5108,0.0737,0.6155,0.5841,0.2713,0.3198,0.0379,0.4371,85.4203,64.2603,32.6839,1.6365
69.2,2076,sitting,0.707,0.9296,-0.0682,2.0867,0.9978,0.4782,0.8175,0.8677,0.5462,0.5104,0.0734,0.6121,0.5827,0.2713,0.3215,0.0358,0.4371,85.0414,63.8876,32.6894,1.6376
69.233,2077,sitting,0.7081,0.9304,-0.0673,2.0867,0.9977,0.4781,0.8178,0.8682,0.548,0.5113,0.0735,0.6139,0.5838,0.2699,0.3202,0.0367,0.4378,85.185,63.8833,32.8308,1.6379
69.267,2078,sitting,0.7094,0.9311,-0.0663,2.0865,0.9974,0.478,0.8183,0.8689,0.5498,0.5126,0.0736,0.6151,0.585,0.2685,0.3191,0.0372,0.4391,85.262,63.9354,32.8543,1.6383
69.3,2079,sitting,0.7099,0.9313,-0.0659,2.0865,0.9972,0.4779,0.819,0.8691,0.5507,0.5127,0.0736,0.6156,0.585,0.2683,0.3184,0.038,0.4391,85.3938,63.9779,32.9328,1.6386
69.333,2080,sitting,0.71,0.9316,-0.0656,2.0867,0.9972,0.4779,0.8192,0.8692,0.5508,0.5127,0.0737,0.616,0.5851,0.2684,0.3183,0.0381,0.439,85.4736,64.082,32.8565,1.6427
69.367,2081,sitting,0.7078,0.9314,-0.0689,2.0929,1.0003,0.4779,0.8169,0.8681,0.5474,0.5112,0.0733,0.6128,0.5836,0.2695,0.3207,0.0363,0.4378,85.2234,63.9736,32.6782,1.6494
69.4,2082,sitting,0.7047,0.9296,-0.072,2.094,1.0016,0.4783,0.8149,0.8661,0.5432,0.5092,0.0729,0.6082,0.5813,0.2716,0.3229,0.034,0.4363,84.8984,63.8165,32.4759,1.6505
69.433,2083,sitting,0.7054,0.9291,-0.0702,2.0888,0.9993,0.4784,0.8169,0.8665,0.5443,0.5103,0.0731,0.6091,0.5819,0.2726,0.3222,0.034,0.4372,84.9238,63.7777,32.5214,1.6467
69.467,2084,sitting,0.7062,0.9291,-0.0692,2.0864,0.9983,0.4785,0.8187,0.8666,0.5459,0.5103,0.0733,0.6104,0.583,0.2728,0.3207,0.0356,0.4371,85.1752,63.9057,32.6304,1.6424
69.5,2085,sitting,0.7073,0.9299,-0.0679,2.0856,0.9977,0.4784,0.8204,0.8672,0.5474,0.5103,0.0734,0.6122,0.5843,0.273,0.3198,0.0371,0.4369,85.4389,64.0565,32.708,1.6408
69.533,2086,sitting,0.708,0.9307,-0.0664,2.0857,0.9971,0.4781,0.8223,0.8677,0.5483,0.5106,0.0736,0.6133,0.5849,0.274,0.3194,0.0377,0.437,85.4133,64.1678,32.7091,1.6425
69.567,2087,sitting,0.7086,0.9311,-0.0657,2.0852,0.9967,0.478,0.8236,0.868,0.5492,0.5099,0.0737,0.6143,0.5857,0.2744,0.3189,0.0393,0.4363,85.6328,64.3685,32.7569,1.6459
69.6,2088,sitting,0.7065,0.9299,-0.0688,2.088,0.9987,0.4783,0.822,0.867,0.546,0.5091,0.0733,0.6107,0.5838,0.276,0.321,0.0369,0.4358,85.3482,64.0319,32.7124,1.6453
69.633,2089,sitting,0.705,0.9289,-0.0715,2.09,1.0003,0.4786,0.8207,0.8662,0.5438,0.5077,0.073,0.608,0.582,0.2769,0.3225,0.036,0.4347,85.1651,63.8548,32.7523,1.6464
69.667,2090,sitting,0.7028,0.9272,-0.0735,2.0886,1.0007,0.4791,0.8192,0.8648,0.5408,0.5059,0.0728,0.605,0.5807,0.2785,0.3241,0.0349,0.4331,84.9363,63.6584,32.7781,1.6457
69.7,2091,sitting,0.7014,0.9259,-0.0753,2.088,1.0012,0.4795,0.8181,0.864,0.5387,0.5042,0.0726,0.6021,0.5795,0.2794,0.3254,0.0344,0.4317,84.7739,63.6106,32.7642,1.6469
69.733,2092,sitting,0.7006,0.9253,-0.0768,2.0891,1.0021,0.4797,0.8174,0.8637,0.5374,0.5034,0.0724,0.5999,0.5784,0.2799,0.3262,0.034,0.431,84.7242,63.6146,32.6951,1.6476
69.767,2093,sitting,0.7006,0.9255,-0.0776,2.0912,1.0031,0.4797,0.8175,0.8643,0.537,0.5033,0.0723,0.599,0.5784,0.2805,0.3273,0.0337,0.431,84.6624,63.6842,32.5979,1.6518
69.8,2094,sitting,0.7028,0.9261,-0.0751,2.0877,1.0012,0.4796,0.8198,0.8654,0.5401,0.5051,0.0726,0.602,0.5799,0.2797,0.3254,0.035,0.4325,84.9243,63.8085,32.6856,1.6498
69.833,2095,sitting,0.7045,0.9268,-0.0727,2.085,0.9995,0.4794,0.8212,0.8664,0.5426,0.5068,0.0729,0.6048,0.5809,0.2786,0.3238,0.0358,0.4339,85.0643,63.8238,32.7984,1.6482
69.867,2096,sitting,0.7058,0.927,-0.0705,2.081,0.9974,0.4793,0.8221,0.8672,0.5443,0.509,0.0731,0.6068,0.5815,0.2778,0.3229,0.0354,0.4358,84.9938,63.6335,32.9183,1.646
69.9,2097,sitting,0.7066,0.9268,-0.0688,2.0769,0.9956,0.4794,0.823,0.8672,0.546,0.51,0.0733,0.6085,0.5824,0.277,0.3212,0.036,0.4367,85.1047,63.6161,33.0386,1.644
69.933,2098,sitting,0.7072,0.9271,-0.0674,2.0749,0.9944,0.4793,0.824,0.8673,0.5472,0.5102,0.0735,0.6103,0.5834,0.2769,0.3202,0.037,0.4367,85.2865,63.6314,33.1634,1.6418
69.967,2099,sitting,0.7059,0.9267,-0.0701,2.0793,0.9968,0.4794,0.8226,0.8666,0.5452,0.5085,0.0732,0.6079,0.5819,0.2774,0.3213,0.0367,0.4353,85.2659,63.6322,33.1132,1.6446
70.0,2100,sitting,0.7038,0.9265,-0.0717,2.0823,0.9982,0.4794,0.8215,0.8657,0.5418,0.5077,0.073,0.6062,0.5818,0.2796,0.3238,0.0342,0.4347,84.917,63.5535,32.8062,1.6508
70.033,2101,sitting,0.7028,0.9268,-0.0735,2.0871,1.0003,0.4793,0.8207,0.8654,0.5401,0.5071,0.0728,0.6047,0.5812,0.2805,0.3253,0.033,0.4344,84.7252,63.5217,32.6531,1.6541
70.067,2102,sitting,0.7016,0.9267,-0.0751,2.0903,1.0017,0.4792,0.8198,0.8648,0.5384,0.5064,0.0726,0.603,0.5807,0.2814,0.3264,0.032,0.4338,84.5412,63.4962,32.5315,1.6553
70.1,2103,sitting,0.7019,0.9273,-0.076,2.0947,1.0033,0.4789,0.8191,0.8652,0.5386,0.5058,0.0725,0.6024,0.5806,0.2805,0.3266,0.0328,0.4333,84.5947,63.5661,32.5635,1.6553
70.133,2104,sitting,0.7021,0.9281,-0.0769,2.0991,1.005,0.4788,0.8189,0.8658,0.5383,0.5059,0.0724,0.6023,0.5806,0.2806,0.3275,0.0324,0.4335,84.556,63.5314,32.5301,1.6558
70.167,2105,sitting,0.702,0.9291,-0.0777,2.1039,1.0068,0.4785,0.8188,0.8661,0.5379,0.5067,0.0723,0.6024,0.5806,0.2809,0.3282,0.0312,0.4345,84.4278,63.4235,32.4431,1.6586
70.2,2106,sitting,0.7013,0.9293,-0.0785,2.1065,1.0078,0.4784,0.8182,0.8658,0.5369,0.5075,0.0722,0.6015,0.5801,0.2814,0.329,0.0294,0.4353,84.263,63.1723,32.4034,1.6579
70.233,2107,sitting,0.7006,0.9291,-0.0791,2.107,1.0082,0.4785,0.8175,0.8653,0.5359,0.5072,0.0721,0.6011,0.5803,0.2816,0.3295,0.0287,0.4351,84.1389,63.1457,32.3211,1.6573
70.267,2108,sitting,0.6999,0.9286,-0.0794,2.1059,1.008,0.4787,0.8172,0.8648,0.5351,0.506,0.0721,0.6008,0.5804,0.2821,0.3297,0.0291,0.4339,84.1078,63.2275,32.3049,1.6542
70.3,2109,sitting,0.6995,0.928,-0.0794,2.104,1.0074,0.4788,0.8174,0.8646,0.5345,0.5055,0.0721,0.6002,0.5804,0.2829,0.3301,0.029,0.4334,84.0622,63.3513,32.1817,1.656
70.333,2110,sitting,0.6986,0.9269,-0.0793,2.1003,1.0061,0.4791,0.8171,0.8638,0.5333,0.5052,0.0721,0.5994,0.5795,0.2838,0.3304,0.0282,0.4331,83.9163,63.259,32.1451,1.6538
70.367,2111,sitting,0.6986,0.9266,-0.0799,2.1003,1.0065,0.4792,0.817,0.8634,0.5338,0.5045,0.072,0.5985,0.5788,0.2833,0.3296,0.0292,0.4325,84.0635,63.3969,32.1707,1.6535
70.4,2112,sitting,0.6983,0.9268,-0.0804,2.1021,1.0072,0.4791,0.8164,0.8634,0.5331,0.5055,0.0719,0.5978,0.5782,0.2833,0.3304,0.0276,0.4335,83.8188,63.251,32.0515,1.6552
70.433,2113,sitting,0.6985,0.9269,-0.0811,2.1037,1.008,0.4791,0.8156,0.8634,0.5336,0.5056,0.0719,0.5972,0.5778,0.282,0.3298,0.028,0.4337,83.9462,63.2127,32.1326,1.6572
70.467,2114,sitting,0.699,0.9274,-0.0813,2.1054,1.0086,0.4791,0.8159,0.8638,0.5342,0.5056,0.0718,0.5974,0.5778,0.2817,0.3296,0.0286,0.4338,84.0598,63.2806,32.1545,1.6604
70.5,2115,sitting,0.7015,0.9281,-0.0778,2.101,1.006,0.4788,0.8183,0.8649,0.5381,0.5075,0.0723,0.6006,0.5791,0.2802,0.3269,0.0306,0.4352,84.3785,63.3584,32.3705,1.6574
70.533,2116,sitting,0.703,0.9279,-0.0743,2.0933,1.0022,0.4788,0.8201,0.865,0.541,0.5088,0.0727,0.6035,0.5805,0.2791,0.324,0.0322,0.4361,84.6452,63.4292,32.5547,1.6532
70.567,2117,sitting,0.7044,0.9273,-0.0707,2.0844,0.9979,0.4788,0.8215,0.8653,0.5435,0.5094,0.0731,0.6055,0.5816,0.278,0.3218,0.034,0.4363,85.059,63.484,32.7999,1.6455
70.6,2118,sitting,0.7061,0.9276,-0.0683,2.0804,0.9959,0.4787,0.8229,0.8662,0.546,0.5092,0.0734,0.608,0.5833,0.2769,0.3201,0.0369,0.4358,85.5087,63.7443,32.9979,1.6442
70.633,2119,sitting,0.707,0.9272,-0.0666,2.0756,0.9939,0.4788,0.8238,0.8662,0.5479,0.5096,0.0736,0.6096,0.5836,0.276,0.3183,0.0383,0.436,85.6938,63.8426,33.1298,1.64
70.667,2120,sitting,0.7079,0.9278,-0.0659,2.0759,0.9938,0.4787,0.8246,0.8664,0.5494,0.509,0.0737,0.6109,0.5847,0.2752,0.317,0.0404,0.4353,85.9871,64.1217,33.2024,1.6408
70.7,2121,sitting,0.7081,0.9278,-0.0653,2.0741,0.9931,0.4788,0.8254,0.8663,0.5499,0.5087,0.0737,0.6121,0.5857,0.2755,0.3164,0.0412,0.4349,86.092,64.2634,33.1971,1.6398
70.733,2122,sitting,0.7084,0.9277,-0.0644,2.072,0.9921,0.4788,0.8258,0.8665,0.5503,0.5088,0.0738,0.6129,0.5859,0.2755,0.3162,0.0415,0.4349,86.0865,64.3373,33.1842,1.6403
70.767,2123,sitting,0.7092,0.9279,-0.0635,2.0707,0.9914,0.4788,0.8265,0.8673,0.5511,0.509,0.0739,0.6137,0.5865,0.2755,0.3162,0.0421,0.435,86.1263,64.4209,33.1884,1.6414
70.8,2124,sitting,0.7068,0.9268,-0.0671,2.0742,0.9939,0.4792,0.8244,0.8658,0.5479,0.5077,0.0735,0.6098,0.5839,0.2765,0.3178,0.0402,0.4342,85.8713,64.216,33.09,1.6425
70.833,2125,sitting,0.7051,0.926,-0.0693,2.0758,0.9953,0.4795,0.8231,0.865,0.5451,0.5063,0.0733,0.6073,0.5827,0.278,0.3199,0.0389,0.433,85.5871,64.1608,32.9478,1.6419
70.867,2126,sitting,0.706,0.9257,-0.0678,2.0716,0.9934,0.4796,0.824,0.8653,0.5467,0.5066,0.0734,0.6092,0.5841,0.2773,0.3185,0.0401,0.4332,85.7251,64.2518,33.064,1.638
70.9,2127,sitting,0.7071,0.9258,-0.0663,2.069,0.992,0.4795,0.8251,0.8657,0.5485,0.508,0.0736,0.6103,0.5847,0.2766,0.3172,0.0405,0.4344,85.7437,64.2596,33.1252,1.6366
70.933,2128,sitting,0.7056,0.9257,-0.0685,2.0736,0.9942,0.4795,0.824,0.8652,0.5459,0.5069,0.0734,0.608,0.5834,0.2781,0.3193,0.039,0.4335,85.44,64.2649,32.9016,1.6405
70.967,2129,sitting,0.7034,0.9243,-0.071,2.074,0.9952,0.4799,0.8228,0.8639,0.5429,0.5062,0.0731,0.605,0.5822,0.2799,0.321,0.0367,0.4331,84.9893,64.0276,32.7698,1.6392
71.0,2130,sitting,0.7015,0.9236,-0.0734,2.0773,0.997,0.48,0.8208,0.8625,0.5404,0.5059,0.0728,0.6028,0.5809,0.2804,0.3221,0.0345,0.4331,84.7609,63.6851,32.7475,1.639
71.033,2131,sitting,0.7027,0.9242,-0.0714,2.0755,0.9956,0.4797,0.8214,0.8628,0.5426,0.5075,0.073,0.6044,0.5813,0.2788,0.3202,0.0351,0.4345,84.8711,63.6028,32.902,1.6356
71.067,2132,sitting,0.7036,0.9246,-0.0702,2.0746,0.9948,0.4795,0.8217,0.863,0.5442,0.509,0.0732,0.6058,0.5817,0.2775,0.3188,0.0352,0.4358,84.9069,63.5538,32.9586,1.636
71.1,2133,sitting,0.7042,0.925,-0.0692,2.074,0.9942,0.4794,0.8218,0.8631,0.5453,0.5091,0.0733,0.6071,0.5826,0.2765,0.3177,0.0362,0.4358,85.0643,63.6695,32.9995,1.6377
71.133,2134,sitting,0.7054,0.9257,-0.0676,2.0725,0.9933,0.4793,0.8233,0.864,0.5468,0.5101,0.0735,0.6088,0.5836,0.2765,0.3172,0.0367,0.4366,85.1707,63.6546,33.0819,1.6366
71.167,2135,sitting,0.7058,0.9257,-0.0669,2.0708,0.9926,0.4793,0.8241,0.8642,0.5475,0.5104,0.0736,0.6098,0.5843,0.2767,0.3167,0.0371,0.4368,85.2853,63.6624,33.1216,1.6351
71.2,2136,sitting,0.7044,0.9256,-0.0693,2.075,0.9949,0.4795,0.8226,0.8639,0.5449,0.5095,0.0733,0.6072,0.5832,0.2777,0.319,0.0354,0.4362,85.0014,63.5664,32.9808,1.6396
71.233,2137,sitting,0.7024,0.9251,-0.0719,2.0788,0.997,0.4796,0.8207,0.8629,0.5418,0.5086,0.073,0.6045,0.5814,0.2789,0.3211,0.0332,0.4356,84.6695,63.3119,32.8952,1.641
71.267,2138,sitting,0.7035,0.9243,-0.0699,2.0718,0.9942,0.4799,0.8218,0.8631,0.5439,0.5096,0.0732,0.6048,0.5813,0.2779,0.3193,0.0342,0.4365,84.8003,63.3799,33.0049,1.6371
71.3,2139,sitting,0.7048,0.9241,-0.0679,2.0674,0.992,0.4798,0.8222,0.8638,0.5458,0.5108,0.0734,0.6056,0.5812,0.2764,0.318,0.035,0.4374,84.9354,63.3909,33.1242,1.6327
71.333,2140,sitting,0.7059,0.9244,-0.0665,2.0655,0.9909,0.4797,0.8231,0.8643,0.5475,0.5115,0.0736,0.6069,0.5818,0.2756,0.3169,0.036,0.4379,85.0137,63.4571,33.2258,1.6294
71.367,2141,sitting,0.7066,0.9246,-0.0653,2.0638,0.9899,0.4796,0.8236,0.8649,0.5483,0.5117,0.0737,0.6075,0.5817,0.2752,0.3165,0.0366,0.438,85.0232,63.5221,33.2565,1.6271
71.4,2142,sitting,0.7072,0.9248,-0.0647,2.063,0.9895,0.4796,0.824,0.8649,0.5494,0.5111,0.0738,0.6085,0.5824,0.2746,0.3155,0.0383,0.4373,85.262,63.7239,33.3082,1.6256
71.433,2143,sitting,0.708,0.9259,-0.0644,2.0657,0.9903,0.4794,0.8247,0.8655,0.5506,0.5112,0.0738,0.6097,0.5836,0.2741,0.3149,0.0394,0.4374,85.451,63.8712,33.3169,1.6259
71.467,2144,sitting,0.7071,0.9261,-0.067,2.0716,0.9931,0.4794,0.8234,0.8659,0.5482,0.5106,0.0735,0.6077,0.5828,0.2751,0.3177,0.0376,0.4371,85.2336,63.7844,33.1235,1.6289
71.5,2145,sitting,0.7079,0.927,-0.0668,2.0742,0.9938,0.4791,0.8241,0.8668,0.549,0.5112,0.0736,0.6088,0.5831,0.2752,0.3179,0.0377,0.4377,85.2143,63.788,33.1292,1.6323
71.533,2146,sitting,0.7087,0.9268,-0.066,2.0716,0.9928,0.4792,0.8257,0.8674,0.55,0.5121,0.0737,0.6096,0.5829,0.2757,0.3174,0.0378,0.4385,85.2282,63.8435,33.1081,1.6299
71.567,2147,sitting,0.7093,0.927,-0.0649,2.0697,0.9919,0.4792,0.8271,0.8681,0.5506,0.5124,0.0738,0.6107,0.583,0.2765,0.3175,0.0382,0.4386,85.2812,63.9724,33.0622,1.6285
71.6,2148,sitting,0.7086,0.927,-0.0666,2.0737,0.9937,0.4792,0.8264,0.8684,0.5488,0.5103,0.0736,0.608,0.5824,0.2776,0.3196,0.0385,0.4368,85.2553,64.0515,33.0093,1.627
71.633,2149,sitting,0.7076,0.9279,-0.0681,2.08,0.996,0.4788,0.8257,0.869,0.5462,0.5085,0.0734,0.6065,0.5814,0.2795,0.3229,0.0376,0.4352,85.0499,64.0156,32.908,1.6281
71.667,2150,sitting,0.7088,0.9281,-0.0673,2.0787,0.9954,0.4788,0.8273,0.8699,0.5477,0.5093,0.0735,0.6074,0.5799,0.2796,0.3222,0.0384,0.4358,85.1525,63.9248,33.106,1.6264
71.7,2151,sitting,0.7098,0.9287,-0.066,2.0783,0.9947,0.4786,0.8291,0.8708,0.5488,0.5095,0.0736,0.6092,0.5798,0.2802,0.322,0.0393,0.4359,85.226,63.9646,33.1997,1.6263
71.733,2152,sitting,0.7105,0.9291,-0.0648,2.0777,0.994,0.4784,0.8297,0.8712,0.5499,0.51,0.0738,0.6101,0.5802,0.2798,0.3214,0.0399,0.4362,85.3226,64.0547,33.2074,1.6255
71.767,2153,sitting,0.7114,0.93,-0.0641,2.0788,0.9941,0.4782,0.8308,0.8722,0.5506,0.511,0.0738,0.6113,0.5806,0.2802,0.3216,0.0396,0.4371,85.2268,64.1001,33.1181,1.6271
71.8,2154,sitting,0.7115,0.9299,-0.0638,2.0777,0.9937,0.4783,0.8315,0.8724,0.5506,0.5112,0.0739,0.6117,0.5807,0.281,0.3218,0.0394,0.4373,85.1651,64.135,33.0539,1.6264
71.833,2155,sitting,0.7121,0.9304,-0.0634,2.078,0.9938,0.4782,0.832,0.8731,0.5511,0.5113,0.0739,0.6125,0.5812,0.2809,0.322,0.0398,0.4373,85.2847,64.3036,32.9626,1.6291
71.867,2156,sitting,0.7125,0.93,-0.0632,2.0755,0.9932,0.4785,0.8291,0.8735,0.5515,0.5111,0.074,0.6135,0.5824,0.2776,0.322,0.0403,0.4372,85.42,64.4374,32.9146,1.6286
71.9,2157,sitting,0.7126,0.9306,-0.0622,2.0756,0.9928,0.4783,0.8342,0.874,0.5511,0.5107,0.0741,0.614,0.5824,0.283,0.3229,0.0405,0.4366,85.3803,64.563,32.8124,1.6299
71.933,2158,sitting,0.713,0.9316,-0.0622,2.0789,0.9938,0.478,0.8351,0.8751,0.551,0.5109,0.0741,0.6148,0.5836,0.2841,0.3241,0.0401,0.4369,85.3636,64.6304,32.6776,1.6334
71.967,2159,sitting,0.7134,0.9337,-0.0623,2.0858,0.996,0.4775,0.8371,0.8764,0.5505,0.5113,0.0741,0.617,0.5859,0.2867,0.3259,0.0391,0.4373,85.2683,64.6599,32.4964,1.6384
72.0,2160,sitting,0.7129,0.9336,-0.0623,2.0858,0.9959,0.4775,0.8377,0.8759,0.5499,0.5114,0.0741,0.6168,0.5857,0.2878,0.3261,0.0385,0.4374,85.1504,64.6351,32.4237,1.6363
72.033,2161,sitting,0.7128,0.9333,-0.0624,2.0846,0.9957,0.4776,0.8382,0.8755,0.5501,0.5113,0.0741,0.6177,0.5867,0.2881,0.3254,0.0387,0.4373,85.2274,64.7128,32.397,1.6363
72.067,2162,sitting,0.7125,0.9324,-0.0623,2.0816,0.9948,0.4779,0.8397,0.8749,0.5501,0.5106,0.0741,0.6174,0.5874,0.2896,0.3249,0.0395,0.4365,85.3268,64.8623,32.3815,1.6339
72.1,2163,sitting,0.7124,0.9322,-0.0624,2.0813,0.9947,0.4779,0.8411,0.8746,0.5503,0.5105,0.074,0.6176,0.5881,0.2908,0.3242,0.0399,0.4364,85.2999,64.8048,32.4996,1.6333
72.133,2164,sitting,0.7123,0.932,-0.062,2.0797,0.994,0.478,0.8418,0.8746,0.5501,0.5104,0.0741,0.6178,0.5892,0.2917,0.3245,0.0397,0.4363,85.1688,64.7865,32.5096,1.6334
72.167,2165,sitting,0.7129,0.9321,-0.0621,2.0802,0.9942,0.4779,0.8425,0.8744,0.5514,0.5091,0.0741,0.6183,0.5905,0.2911,0.323,0.0422,0.435,85.4625,65.088,32.5937,1.6329
72.2,2166,sitting,0.7129,0.9317,-0.0624,2.0792,0.9941,0.4781,0.8427,0.8739,0.552,0.5096,0.0741,0.6183,0.5906,0.2907,0.3219,0.0424,0.4355,85.4089,65.1118,32.6134,1.6324
72.233,2167,sitting,0.7131,0.931,-0.0625,2.0772,0.9934,0.4783,0.8435,0.8739,0.5523,0.5084,0.0741,0.6176,0.59,0.2912,0.3217,0.0438,0.4344,85.4725,65.2433,32.7066,1.6304
72.267,2168,sitting,0.7125,0.9304,-0.0625,2.0757,0.9929,0.4783,0.8442,0.8732,0.5517,0.508,0.0741,0.6165,0.5888,0.2925,0.3215,0.0437,0.434,85.3711,65.1003,32.8319,1.6299
72.3,2169,sitting,0.7122,0.9301,-0.0622,2.0743,0.9923,0.4784,0.8446,0.8733,0.5512,0.5086,0.0741,0.6161,0.5887,0.2934,0.3221,0.0425,0.4345,85.1667,64.8772,32.872,1.6303
72.333,2170,sitting,0.7118,0.9295,-0.0617,2.072,0.9912,0.4784,0.8444,0.8727,0.5509,0.5086,0.0742,0.6158,0.5885,0.2935,0.3218,0.0423,0.4344,85.0771,64.7966,32.9099,1.6303
72.367,2171,sitting,0.7116,0.9288,-0.0618,2.0701,0.9907,0.4786,0.845,0.8722,0.5509,0.5082,0.0742,0.6146,0.5875,0.2941,0.3214,0.0426,0.4341,85.1151,64.7747,32.9781,1.6292
72.4,2172,sitting,0.7089,0.928,-0.0662,2.0764,0.9942,0.4788,0.8424,0.8706,0.5472,0.5058,0.0737,0.6099,0.5856,0.2952,0.3234,0.0414,0.4321,84.8825,64.6225,32.9149,1.6312
72.433,2173,sitting,0.7097,0.9285,-0.065,2.0755,0.9935,0.4787,0.843,0.8708,0.5485,0.5061,0.0738,0.6114,0.5871,0.2945,0.3224,0.0424,0.4323,85.112,64.7181,32.956,1.6301
72.467,2174,sitting,0.71,0.9283,-0.0643,2.0732,0.9926,0.4788,0.8432,0.8709,0.5491,0.5069,0.0739,0.6119,0.5879,0.2941,0.3218,0.0423,0.433,85.1224,64.7232,32.9457,1.6272
72.5,2175,sitting,0.7103,0.9278,-0.064,2.0706,0.9919,0.479,0.8405,0.8708,0.5498,0.5076,0.0739,0.6126,0.5889,0.2907,0.321,0.0422,0.4337,85.1646,64.7472,32.9329,1.6263
72.533,2176,sitting,0.7107,0.9286,-0.0639,2.0726,0.9925,0.4788,0.8441,0.8708,0.5505,0.5081,0.0739,0.6138,0.5901,0.2936,0.3203,0.0424,0.4342,85.2868,64.8083,32.892,1.6295
72.567,2177,sitting,0.7108,0.9285,-0.0639,2.072,0.9924,0.4789,0.8442,0.8704,0.5512,0.5086,0.0739,0.6143,0.5909,0.293,0.3192,0.0427,0.4346,85.3655,64.7677,32.9725,1.6295
72.6,2178,sitting,0.7107,0.9281,-0.0639,2.0707,0.992,0.4791,0.8445,0.87,0.5515,0.5088,0.0739,0.6146,0.5913,0.293,0.3185,0.0427,0.4349,85.4023,64.7506,33.0032,1.6301
72.633,2179,sitting,0.7106,0.9277,-0.0643,2.0698,0.992,0.4793,0.8448,0.8695,0.5516,0.5089,0.0739,0.6145,0.591,0.2932,0.318,0.0427,0.435,85.4944,64.752,32.9948,1.6338
72.667,2180,sitting,0.7104,0.9272,-0.0636,2.067,0.9908,0.4793,0.8448,0.8693,0.5515,0.509,0.0739,0.6143,0.5907,0.2933,0.3178,0.0424,0.4351,85.468,64.6243,33.0823,1.6311
72.7,2181,sitting,0.7103,0.9269,-0.0634,2.0654,0.9902,0.4794,0.845,0.8692,0.5515,0.5089,0.074,0.6142,0.5908,0.2935,0.3177,0.0426,0.435,85.4656,64.6897,33.0445,1.6296
72.733,2182,sitting,0.7103,0.9266,-0.0625,2.0631,0.9891,0.4794,0.8453,0.8691,0.5515,0.5086,0.0741,0.6142,0.5911,0.2937,0.3176,0.043,0.4345,85.5006,64.7899,33.0152,1.6284
72.767,2183,sitting,0.7105,0.927,-0.0624,2.0638,0.9894,0.4794,0.8459,0.8694,0.5517,0.5084,0.0741,0.6146,0.5914,0.2942,0.3177,0.0433,0.4343,85.4988,64.8802,32.9831,1.6314
72.8,2184,sitting,0.7088,0.9272,-0.0658,2.072,0.993,0.4792,0.8434,0.8691,0.5485,0.5063,0.0737,0.6114,0.5891,0.295,0.3206,0.0422,0.4326,85.1847,64.774,32.8928,1.6345
72.833,2185,sitting,0.7066,0.9272,-0.0691,2.079,0.9963,0.4792,0.8411,0.8683,0.5449,0.5039,0.0733,0.6084,0.5876,0.2962,0.3235,0.041,0.4306,84.9365,64.82,32.6515,1.6392
72.867,2186,sitting,0.7072,0.9272,-0.0675,2.0755,0.9947,0.4792,0.8419,0.8684,0.5459,0.5045,0.0735,0.6101,0.5882,0.2959,0.3225,0.0414,0.4311,85.0665,64.8825,32.6673,1.6372
72.9,2187,sitting,0.708,0.9271,-0.0667,2.0734,0.9938,0.4793,0.8425,0.8688,0.5471,0.5048,0.0736,0.6112,0.5887,0.2954,0.3217,0.0423,0.4312,85.3119,64.986,32.6983,1.6357
72.933,2188,sitting,0.708,0.9263,-0.0658,2.0689,0.9921,0.4795,0.8438,0.8688,0.5473,0.5054,0.0737,0.6113,0.5886,0.2965,0.3215,0.0419,0.4317,85.2495,64.8824,32.7444,1.6296
72.967,2189,sitting,0.7083,0.9261,-0.0647,2.0661,0.9908,0.4795,0.8444,0.8693,0.5474,0.5059,0.0738,0.6115,0.5887,0.297,0.3218,0.0416,0.4321,85.2197,64.9085,32.6714,1.6267
73.0,2190,sitting,0.7087,0.9264,-0.0641,2.0663,0.9906,0.4794,0.8452,0.8697,0.5477,0.5059,0.0739,0.6121,0.5892,0.2974,0.3219,0.0418,0.432,85.341,64.9643,32.6463,1.6289
73.033,2191,sitting,0.7066,0.9254,-0.0677,2.0702,0.9931,0.4797,0.8436,0.8687,0.5445,0.5037,0.0735,0.6083,0.5865,0.2991,0.3242,0.0408,0.4302,85.1902,64.9577,32.4943,1.6295
73.067,2192,sitting,0.7078,0.9264,-0.0663,2.0708,0.9927,0.4794,0.8449,0.8698,0.5457,0.504,0.0737,0.6095,0.5871,0.2992,0.324,0.0417,0.4303,85.2844,65.0577,32.5305,1.6296
73.1,2193,sitting,0.7082,0.9265,-0.0651,2.0691,0.9916,0.4793,0.8457,0.8701,0.5463,0.5047,0.0738,0.6098,0.5868,0.2994,0.3238,0.0416,0.4309,85.2705,65.0185,32.5504,1.6274
73.133,2194,sitting,0.7067,0.9265,-0.0674,2.074,0.9939,0.4792,0.8442,0.8699,0.5436,0.5033,0.0736,0.6069,0.5849,0.3007,0.3264,0.0402,0.4298,85.0613,64.9252,32.414,1.6286
73.167,2195,sitting,0.7055,0.9259,-0.0695,2.0763,0.9953,0.4794,0.8427,0.8693,0.5417,0.5023,0.0733,0.6043,0.5834,0.3011,0.3276,0.0394,0.429,84.9603,64.8066,32.3925,1.6293
73.2,2196,sitting,0.7067,0.9264,-0.068,2.0755,0.9944,0.4791,0.8433,0.87,0.5434,0.5036,0.0735,0.6062,0.5846,0.2999,0.3267,0.0397,0.4302,85.0931,64.7369,32.5199,1.6319
73.233,2197,sitting,0.7069,0.9255,-0.067,2.0705,0.9924,0.4793,0.8437,0.8697,0.5441,0.505,0.0736,0.6064,0.584,0.2996,0.3256,0.0391,0.4314,85.107,64.5642,32.6037,1.6298
73.267,2198,sitting,0.7078,0.9257,-0.0661,2.0694,0.9918,0.4793,0.8443,0.8699,0.5457,0.5055,0.0737,0.6076,0.584,0.2985,0.3241,0.0402,0.4318,85.4008,64.6357,32.7125,1.6291
73.3,2199,sitting,0.709,0.9257,-0.0657,2.0684,0.9914,0.4793,0.8447,0.8705,0.5476,0.506,0.0738,0.6085,0.584,0.2971,0.3228,0.0417,0.4322,85.6596,64.7711,32.8085,1.6303
73.333,2200,sitting,0.7081,0.9266,-0.0681,2.0761,0.9947,0.4791,0.8402,0.8705,0.5457,0.5047,0.0735,0.6064,0.5831,0.2944,0.3248,0.041,0.4312,85.6118,64.7777,32.6868,1.6332
73.367,2201,sitting,0.7071,0.9269,-0.0708,2.0826,0.9978,0.4791,0.8427,0.8704,0.5438,0.5027,0.0732,0.6049,0.5818,0.2989,0.3266,0.0412,0.4295,85.5968,64.8268,32.6344,1.634
73.4,2202,sitting,0.7079,0.9272,-0.0695,2.0803,0.9967,0.4791,0.8439,0.8705,0.5453,0.5033,0.0733,0.6068,0.583,0.2986,0.3252,0.042,0.4299,85.6674,64.97,32.6293,1.6333
73.433,2203,sitting,0.7085,0.9277,-0.0684,2.079,0.9962,0.4792,0.8414,0.8707,0.5464,0.5038,0.0734,0.6089,0.5847,0.2951,0.3243,0.0426,0.4303,85.8208,65.0694,32.6271,1.6354
73.467,2204,sitting,0.7082,0.9269,-0.0673,2.0743,0.9942,0.4793,0.8418,0.8701,0.5463,0.5035,0.0736,0.609,0.5847,0.2954,0.3238,0.0429,0.4299,85.7821,65.1665,32.5826,1.6322
73.5,2205,sitting,0.7086,0.9262,-0.0666,2.0702,0.9929,0.4796,0.8463,0.87,0.5472,0.5031,0.0736,0.6095,0.586,0.2991,0.3228,0.0441,0.4295,85.8586,65.3024,32.6414,1.6303
73.533,2206,sitting,0.7093,0.9259,-0.0661,2.0669,0.9919,0.4799,0.8438,0.8705,0.5482,0.5039,0.0737,0.6105,0.5866,0.2956,0.3223,0.0443,0.4302,85.7486,65.3383,32.6646,1.627
73.567,2207,sitting,0.7075,0.9253,-0.069,2.0706,0.9943,0.4802,0.8456,0.8695,0.5455,0.5028,0.0733,0.6077,0.5852,0.3001,0.3241,0.0426,0.4295,85.48,65.2677,32.471,1.6283
73.6,2208,sitting,0.7056,0.9256,-0.0713,2.0767,0.9968,0.48,0.8432,0.8689,0.5423,0.5022,0.0731,0.606,0.5845,0.301,0.3266,0.0401,0.4291,85.114,65.0376,32.2902,1.6296
73.633,2209,sitting,0.7043,0.9266,-0.0736,2.0848,1.0002,0.4798,0.8415,0.8684,0.5402,0.5011,0.0728,0.6046,0.5843,0.3012,0.3282,0.0392,0.4283,84.8492,64.9269,32.2217,1.6326
73.667,2210,sitting,0.7034,0.9267,-0.0757,2.0895,1.0025,0.4798,0.8403,0.868,0.5388,0.5006,0.0725,0.6032,0.5835,0.3015,0.3292,0.0382,0.428,84.7613,64.9039,32.0989,1.6357
73.7,2211,sitting,0.7026,0.9271,-0.0767,2.0926,1.0038,0.4797,0.8397,0.8677,0.5376,0.4999,0.0724,0.6024,0.5838,0.302,0.33,0.0378,0.4274,84.7201,65.0448,31.8942,1.6388
73.733,2212,sitting,0.7019,0.9275,-0.0775,2.096,1.005,0.4795,0.8391,0.8676,0.5362,0.5003,0.0723,0.6014,0.5831,0.303,0.3314,0.0359,0.428,84.4835,64.917,31.7344,1.6383
73.767,2213,sitting,0.7037,0.9274,-0.075,2.0904,1.0024,0.4795,0.8409,0.8681,0.5393,0.5018,0.0726,0.6036,0.5843,0.3016,0.3289,0.0375,0.4292,84.8055,65.0519,31.8541,1.6371
73.8,2214,sitting,0.7048,0.9272,-0.0726,2.0854,0.9998,0.4794,0.842,0.8689,0.5407,0.5032,0.0729,0.6055,0.585,0.3013,0.3281,0.0375,0.4302,84.8814,64.9809,31.944,1.6355
73.833,2215,sitting,0.7043,0.9267,-0.0744,2.0874,1.0011,0.4796,0.8412,0.8691,0.5395,0.5028,0.0727,0.6033,0.5837,0.3017,0.3296,0.0367,0.4301,84.7764,64.9101,31.8904,1.6373
73.867,2216,sitting,0.7052,0.9258,-0.0721,2.08,0.9979,0.4797,0.8428,0.8692,0.5411,0.5046,0.073,0.6045,0.5846,0.3017,0.3281,0.0365,0.4316,84.7751,64.7758,32.0076,1.6305
73.9,2217,sitting,0.706,0.9255,-0.0702,2.0757,0.9958,0.4797,0.8435,0.8696,0.5425,0.5056,0.0732,0.6059,0.5856,0.3011,0.3272,0.0368,0.4324,84.9117,64.8149,32.0345,1.626
73.933,2218,sitting,0.7065,0.9253,-0.0686,2.0718,0.9939,0.4797,0.8441,0.8696,0.5434,0.5067,0.0734,0.6067,0.5856,0.3007,0.3263,0.0366,0.4333,84.9729,64.7277,32.0996,1.6218
73.967,2219,sitting,0.7071,0.925,-0.0675,2.068,0.9924,0.4799,0.8452,0.8696,0.5446,0.5078,0.0736,0.6077,0.5861,0.3006,0.3251,0.0368,0.4342,84.9637,64.708,32.1603,1.6194
74.0,2220,sitting,0.7056,0.9247,-0.0693,2.0713,0.9941,0.4799,0.8437,0.8687,0.5426,0.5056,0.0733,0.6059,0.5853,0.3011,0.326,0.037,0.4322,84.9914,64.8155,32.0708,1.621
74.033,2221,sitting,0.7068,0.9254,-0.0679,2.0705,0.9933,0.4797,0.8446,0.8692,0.5444,0.506,0.0735,0.6087,0.5867,0.3002,0.3248,0.0384,0.4325,85.1567,64.8198,32.2832,1.6232
74.067,2222,sitting,0.7057,0.9255,-0.0703,2.0755,0.9958,0.4798,0.8434,0.8687,0.5428,0.5042,0.0732,0.6069,0.5852,0.3006,0.3259,0.0386,0.431,85.0612,64.8035,32.3069,1.6254
74.1,2223,sitting,0.7071,0.9261,-0.0691,2.0749,0.9952,0.4796,0.8446,0.8693,0.5449,0.5055,0.0734,0.6084,0.5855,0.2996,0.3244,0.0395,0.4321,85.1435,64.748,32.4915,1.6254
74.133,2224,sitting,0.7068,0.9269,-0.0713,2.0817,0.9982,0.4795,0.8438,0.8699,0.5437,0.5046,0.0731,0.6074,0.5848,0.3,0.3262,0.0391,0.4315,85.0222,64.7717,32.3975,1.6299
74.167,2225,sitting,0.7075,0.9268,-0.0693,2.0774,0.9961,0.4795,0.845,0.8702,0.5449,0.506,0.0733,0.6081,0.5853,0.3,0.3252,0.0389,0.4327,84.9828,64.7766,32.3733,1.6268
74.2,2226,sitting,0.7062,0.926,-0.0719,2.0797,0.9979,0.4798,0.8407,0.8694,0.543,0.5047,0.073,0.6052,0.5838,0.2977,0.3264,0.0383,0.4317,84.8663,64.7751,32.2754,1.6265
74.233,2227,sitting,0.7056,0.9257,-0.0733,2.0807,0.999,0.4801,0.8409,0.8693,0.5418,0.5047,0.0728,0.6038,0.5832,0.2991,0.3275,0.0372,0.4318,84.6618,64.6599,32.2243,1.6254
74.267,2228,sitting,0.7049,0.9253,-0.0742,2.0814,0.9995,0.4802,0.8404,0.8693,0.5406,0.5043,0.0727,0.6015,0.5821,0.2999,0.3288,0.0363,0.4316,84.5376,64.5639,32.1804,1.6234
74.3,2229,sitting,0.7062,0.9254,-0.0721,2.0778,0.9975,0.4801,0.845,0.8699,0.5425,0.506,0.073,0.6031,0.5821,0.3026,0.3275,0.0365,0.433,84.6562,64.4831,32.2932,1.6207
74.333,2230,sitting,0.7075,0.9256,-0.07,2.0737,0.9956,0.4801,0.8431,0.8707,0.5443,0.5075,0.0732,0.6054,0.5834,0.2988,0.3264,0.0368,0.4343,84.6753,64.4417,32.3869,1.6175
74.367,2231,sitting,0.7083,0.9253,-0.0678,2.0685,0.9931,0.4801,0.8475,0.871,0.5455,0.509,0.0735,0.6069,0.5845,0.3019,0.3255,0.0365,0.4356,84.6527,64.3532,32.4342,1.6145
74.4,2232,sitting,0.7072,0.9255,-0.0697,2.0739,0.9952,0.4799,0.8457,0.8709,0.5435,0.5078,0.0732,0.6044,0.5818,0.3021,0.3273,0.0358,0.4345,84.5702,64.3322,32.3358,1.6148
74.433,2233,sitting,0.7082,0.9262,-0.068,2.0734,0.9942,0.4795,0.8464,0.8717,0.5446,0.5089,0.0734,0.6057,0.5821,0.3018,0.3271,0.0358,0.4354,84.5519,64.372,32.3092,1.616
74.467,2234,sitting,0.7073,0.9275,-0.0703,2.0827,0.9978,0.4791,0.8454,0.872,0.5426,0.5065,0.0732,0.6042,0.581,0.3028,0.3294,0.0361,0.4333,84.5794,64.5743,32.1435,1.6237
74.5,2235,sitting,0.706,0.9275,-0.0721,2.0866,0.9996,0.4791,0.8439,0.8715,0.5405,0.5038,0.073,0.6027,0.5803,0.3033,0.3309,0.0367,0.4309,84.5991,64.7551,32.0418,1.6279
74.533,2236,sitting,0.7047,0.9275,-0.0746,2.0922,1.0021,0.479,0.842,0.8708,0.5386,0.5022,0.0727,0.6008,0.5796,0.3035,0.3323,0.0363,0.4296,84.451,64.7081,32.019,1.6318
74.567,2237,sitting,0.7052,0.9268,-0.0719,2.0846,0.9987,0.4791,0.8433,0.8704,0.5399,0.5038,0.073,0.6028,0.5814,0.3033,0.3304,0.0362,0.4308,84.4129,64.5167,32.2098,1.6274
74.6,2238,sitting,0.706,0.9261,-0.0702,2.0784,0.9963,0.4794,0.8444,0.8702,0.5418,0.5044,0.0732,0.6043,0.582,0.3025,0.3283,0.0374,0.4312,84.6151,64.6082,32.3155,1.6229
74.633,2239,sitting,0.7068,0.9256,-0.0679,2.0728,0.9936,0.4793,0.8449,0.8702,0.5434,0.505,0.0735,0.6059,0.583,0.3016,0.3269,0.0384,0.4315,84.6989,64.6293,32.4511,1.6204
74.667,2240,sitting,0.7073,0.9254,-0.0665,2.069,0.9919,0.4794,0.8453,0.8702,0.5444,0.5063,0.0736,0.607,0.5833,0.3009,0.3258,0.0381,0.4326,84.6776,64.5156,32.5352,1.6209
74.7,2241,sitting,0.7084,0.9257,-0.0654,2.0674,0.9911,0.4794,0.8458,0.8708,0.546,0.5063,0.0738,0.6087,0.5844,0.2998,0.3248,0.0396,0.4326,84.9534,64.6995,32.5932,1.6222
74.733,2242,sitting,0.7093,0.9257,-0.0645,2.0651,0.9902,0.4795,0.8467,0.8713,0.5473,0.5068,0.0739,0.6099,0.5853,0.2994,0.324,0.0405,0.4329,85.0264,64.8292,32.6072,1.6238
74.767,2243,sitting,0.7096,0.9259,-0.0634,2.0638,0.9893,0.4794,0.8471,0.8714,0.5478,0.5081,0.074,0.6108,0.5866,0.2994,0.3237,0.0396,0.4342,84.9414,64.7785,32.5381,1.6249
74.8,2244,sitting,0.7085,0.9269,-0.066,2.0726,0.9929,0.4791,0.8457,0.8714,0.5456,0.5067,0.0737,0.6086,0.585,0.3,0.3257,0.039,0.433,84.8228,64.7782,32.4117,1.6257
74.833,2245,sitting,0.7087,0.927,-0.0651,2.0708,0.9921,0.4791,0.8469,0.8713,0.5462,0.507,0.0738,0.6094,0.5849,0.3007,0.3251,0.0391,0.4332,84.8686,64.7338,32.4826,1.6225
74.867,2246,sitting,0.7087,0.9264,-0.0648,2.0678,0.9912,0.4793,0.8479,0.8703,0.5471,0.5074,0.0738,0.6101,0.5851,0.3008,0.3232,0.0397,0.4336,84.9909,64.647,32.6559,1.6188
74.9,2247,sitting,0.7094,0.9266,-0.064,2.067,0.9906,0.4792,0.8485,0.8704,0.5483,0.5075,0.0739,0.6111,0.5854,0.3002,0.3221,0.0408,0.4336,85.1825,64.8049,32.6704,1.6187
74.933,2248,sitting,0.7102,0.9269,-0.0633,2.0665,0.9903,0.4792,0.846,0.8707,0.5496,0.5078,0.074,0.6121,0.5863,0.2965,0.3212,0.0417,0.4339,85.2973,64.8934,32.729,1.6184
74.967,2249,sitting,0.7102,0.9265,-0.0626,2.0638,0.9891,0.4793,0.8491,0.8706,0.5499,0.5078,0.0741,0.6124,0.5867,0.2992,0.3206,0.0421,0.4338,85.2997,64.9923,32.7044,1.6176
75.0,2250,sitting,0.7104,0.9265,-0.062,2.0628,0.9885,0.4792,0.8494,0.8705,0.5504,0.508,0.0741,0.6131,0.5875,0.299,0.3201,0.0423,0.4339,85.3543,65.1025,32.6335,1.6176
75.033,2251,sitting,0.7111,0.9269,-0.0618,2.0632,0.9887,0.4792,0.8501,0.8713,0.551,0.5075,0.0742,0.6143,0.5885,0.2991,0.3203,0.0435,0.4333,85.5478,65.3844,32.5501,1.62
75.067,2252,sitting,0.7095,0.9267,-0.0644,2.0679,0.9911,0.4793,0.8486,0.8709,0.5482,0.5056,0.0739,0.6113,0.5874,0.3005,0.3227,0.0426,0.4318,85.4298,65.4815,32.3023,1.6234
75.1,2253,sitting,0.7097,0.9264,-0.0633,2.0647,0.9897,0.4793,0.8493,0.8711,0.5483,0.5059,0.074,0.6123,0.5885,0.301,0.3228,0.0424,0.4319,85.3676,65.482,32.2816,1.6233
75.133,2254,sitting,0.7095,0.926,-0.0628,2.0626,0.9887,0.4794,0.8496,0.871,0.5479,0.5062,0.0741,0.6124,0.5885,0.3017,0.3231,0.0417,0.4321,85.2404,65.4221,32.2468,1.6219
75.167,2255,sitting,0.7099,0.9259,-0.0622,2.0612,0.9881,0.4794,0.8469,0.8713,0.5485,0.5062,0.0741,0.613,0.5888,0.2985,0.3228,0.0422,0.4321,85.3318,65.4644,32.2763,1.6217
75.2,2256,sitting,0.7079,0.925,-0.0664,2.0667,0.9914,0.4797,0.8475,0.8704,0.5453,0.5051,0.0737,0.6092,0.5865,0.3022,0.3251,0.0402,0.4315,85.1133,65.1793,32.2113,1.6253
75.233,2257,sitting,0.7064,0.9242,-0.0695,2.0702,0.9938,0.48,0.8429,0.8696,0.5432,0.5042,0.0733,0.6061,0.5852,0.2997,0.3263,0.039,0.4309,84.9469,64.9821,32.1973,1.6265
75.267,2258,sitting,0.7054,0.9246,-0.0727,2.0778,0.9973,0.48,0.8445,0.869,0.5419,0.5017,0.073,0.6032,0.5834,0.3026,0.3272,0.0401,0.4288,85.0594,65.146,32.1744,1.6284
75.3,2259,sitting,0.7068,0.9246,-0.0711,2.074,0.9957,0.4801,0.8458,0.8694,0.5442,0.5027,0.0731,0.6048,0.584,0.3016,0.3252,0.0415,0.4296,85.3205,65.1545,32.3776,1.6253
75.333,2260,sitting,0.7048,0.9231,-0.0734,2.0737,0.9965,0.4806,0.8447,0.8683,0.5414,0.501,0.0729,0.6011,0.5819,0.3032,0.3268,0.0404,0.4282,85.191,65.0713,32.2881,1.624
75.367,2261,sitting,0.7059,0.9232,-0.0711,2.0691,0.9943,0.4806,0.8428,0.8689,0.5429,0.5022,0.0731,0.6035,0.5833,0.2999,0.326,0.0407,0.4291,85.1758,65.0822,32.3434,1.6221
75.4,2262,sitting,0.7069,0.9238,-0.0694,2.0676,0.9932,0.4804,0.8438,0.8695,0.5442,0.5028,0.0733,0.6054,0.5845,0.2996,0.3253,0.0414,0.4295,85.247,65.0794,32.4653,1.6224
75.433,2263,sitting,0.7078,0.9241,-0.0684,2.0664,0.9925,0.4803,0.8479,0.87,0.5457,0.5035,0.0734,0.6063,0.5848,0.3022,0.3242,0.0422,0.4301,85.3512,65.1132,32.5589,1.6228
75.467,2264,sitting,0.7087,0.9246,-0.0674,2.0661,0.992,0.4801,0.8483,0.8706,0.5467,0.505,0.0736,0.607,0.5838,0.3016,0.3239,0.0417,0.4315,85.3245,64.9458,32.6468,1.6226
75.5,2265,sitting,0.7088,0.9247,-0.067,2.066,0.9917,0.48,0.8481,0.8705,0.5471,0.5059,0.0736,0.6078,0.5838,0.301,0.3234,0.0412,0.4323,85.3629,64.8025,32.7048,1.622
75.533,2266,sitting,0.7089,0.9243,-0.0666,2.0635,0.9909,0.4802,0.8484,0.8701,0.5476,0.5068,0.0737,0.6079,0.5838,0.3009,0.3226,0.0407,0.4332,85.3051,64.6397,32.8021,1.6209
75.567,2267,sitting,0.709,0.9237,-0.0663,2.0606,0.99,0.4804,0.8489,0.8698,0.5482,0.5072,0.0737,0.6083,0.5841,0.3007,0.3216,0.041,0.4335,85.2542,64.6047,32.9005,1.6225
75.6,2268,sitting,0.708,0.9245,-0.0682,2.0677,0.9927,0.4801,0.8471,0.8699,0.546,0.5053,0.0735,0.6063,0.5838,0.3011,0.3239,0.0407,0.4318,85.1426,64.7495,32.696,1.6257
75.633,2269,sitting,0.7083,0.925,-0.0671,2.0674,0.9921,0.4799,0.8475,0.8697,0.5468,0.5063,0.0735,0.6078,0.5857,0.3007,0.323,0.0405,0.4327,85.113,64.7483,32.652,1.6255
75.667,2270,sitting,0.7093,0.9262,-0.0662,2.0698,0.9924,0.4795,0.8477,0.8704,0.5482,0.5068,0.0736,0.6095,0.5863,0.2994,0.3221,0.0415,0.4331,85.357,64.9138,32.6333,1.6282
75.7,2271,sitting,0.7097,0.9262,-0.0659,2.0691,0.9921,0.4795,0.8479,0.8704,0.5491,0.5072,0.0737,0.6102,0.5866,0.2988,0.3214,0.0419,0.4335,85.4822,65.0363,32.5782,1.6291
75.733,2272,sitting,0.7104,0.9264,-0.0656,2.0686,0.992,0.4795,0.8483,0.8709,0.5498,0.5071,0.0737,0.6108,0.587,0.2985,0.3212,0.0427,0.4333,85.5768,65.1314,32.6062,1.6299
75.767,2273,sitting,0.7102,0.9252,-0.065,2.0634,0.9902,0.4799,0.849,0.8708,0.5497,0.5079,0.0738,0.6104,0.5866,0.2994,0.3211,0.0417,0.4341,85.4374,65.0188,32.5974,1.6295
75.8,2274,sitting,0.7109,0.9255,-0.0642,2.0628,0.9897,0.4798,0.8464,0.8714,0.5504,0.5089,0.0739,0.6114,0.5871,0.296,0.3211,0.0414,0.4351,85.367,64.9847,32.5936,1.6301
75.833,2275,sitting,0.7114,0.9263,-0.0636,2.0639,0.9899,0.4796,0.8472,0.8721,0.5506,0.5101,0.074,0.6129,0.5885,0.2966,0.3215,0.0406,0.4361,85.2366,64.9279,32.5242,1.6314
75.867,2276,sitting,0.7114,0.9264,-0.0635,2.0636,0.9899,0.4797,0.8478,0.8725,0.5503,0.5099,0.074,0.6134,0.5894,0.2975,0.3222,0.0404,0.4359,85.1906,65.0337,32.4054,1.6314
75.9,2277,sitting,0.7113,0.9267,-0.0633,2.0643,0.99,0.4796,0.8512,0.8722,0.5504,0.5095,0.074,0.6143,0.5903,0.3008,0.3218,0.041,0.4355,85.2823,65.1853,32.3427,1.6322
75.933,2278,sitting,0.7111,0.9263,-0.0635,2.0634,0.9897,0.4797,0.8478,0.8717,0.5504,0.5089,0.074,0.6143,0.5902,0.2974,0.3213,0.0415,0.4349,85.4297,65.3114,32.3048,1.6315
75.967,2279,sitting,0.711,0.9258,-0.0633,2.0616,0.9891,0.4798,0.8512,0.8715,0.5505,0.5087,0.074,0.6142,0.5902,0.3007,0.321,0.0418,0.4347,85.5211,65.3545,32.3066,1.6304
76.0,2280,sitting,0.7091,0.9251,-0.066,2.0653,0.9911,0.4799,0.8493,0.8707,0.5474,0.5069,0.0737,0.6111,0.5884,0.3019,0.3234,0.0404,0.4332,85.0885,65.0247,32.384,1.625
76.033,2281,sitting,0.7071,0.9243,-0.0691,2.069,0.9934,0.4801,0.8477,0.8696,0.5446,0.5048,0.0734,0.6078,0.5867,0.303,0.325,0.0398,0.4315,85.0008,64.9678,32.332,1.6233
76.067,2282,sitting,0.7083,0.9242,-0.0678,2.0654,0.992,0.4803,0.8484,0.8703,0.5464,0.5058,0.0735,0.6092,0.5878,0.302,0.3239,0.0405,0.4323,85.1447,64.9843,32.4497,1.6226
76.1,2283,sitting,0.7095,0.9244,-0.0676,2.0648,0.992,0.4804,0.8493,0.8708,0.5482,0.5063,0.0735,0.6101,0.5883,0.3011,0.3225,0.0419,0.4327,85.3748,65.0707,32.5868,1.6234
76.133,2284,sitting,0.71,0.9241,-0.0666,2.0621,0.9907,0.4804,0.8499,0.8708,0.5491,0.5067,0.0737,0.6104,0.5879,0.3008,0.3217,0.0425,0.433,85.4483,65.1263,32.6106,1.6208
76.167,2285,sitting,0.7083,0.9231,-0.0692,2.0638,0.9923,0.4808,0.8485,0.8698,0.5468,0.5054,0.0734,0.6069,0.5866,0.3017,0.3229,0.0414,0.4321,85.2095,65.0437,32.5203,1.6197
76.2,2286,sitting,0.7088,0.9232,-0.068,2.0621,0.9912,0.4807,0.8489,0.8697,0.5479,0.5067,0.0735,0.6078,0.587,0.301,0.3218,0.0412,0.4332,85.2472,65.0083,32.5349,1.6186
76.233,2287,sitting,0.7091,0.9225,-0.0672,2.0581,0.9897,0.4809,0.8492,0.8694,0.5487,0.5078,0.0736,0.6081,0.5869,0.3005,0.3207,0.0409,0.4342,85.2938,64.8272,32.673,1.6136
76.267,2288,sitting,0.7093,0.9229,-0.066,2.0574,0.9889,0.4806,0.8495,0.8697,0.5489,0.5088,0.0737,0.6092,0.5877,0.3006,0.3208,0.0402,0.4351,85.2048,64.6358,32.7445,1.6119
76.3,2289,sitting,0.7091,0.9224,-0.0656,2.0554,0.988,0.4807,0.8491,0.8693,0.5489,0.5097,0.0737,0.6087,0.5863,0.3002,0.3204,0.0392,0.4359,85.1476,64.45,32.7811,1.6117
76.333,2290,sitting,0.7094,0.9225,-0.0655,2.0556,0.988,0.4807,0.8487,0.8692,0.5496,0.5103,0.0738,0.6086,0.5855,0.2992,0.3196,0.0392,0.4365,85.2253,64.4486,32.7843,1.6131
76.367,2291,sitting,0.7096,0.9229,-0.0648,2.0559,0.9877,0.4804,0.8491,0.8696,0.5496,0.5113,0.0739,0.6086,0.585,0.2995,0.32,0.0383,0.4374,85.1151,64.3302,32.7538,1.6118
76.4,2292,sitting,0.7107,0.9255,-0.0642,2.0634,0.9897,0.4797,0.8492,0.8714,0.55,0.5114,0.0739,0.6112,0.5868,0.2992,0.3214,0.0386,0.4375,85.1054,64.5835,32.5576,1.6192
76.433,2293,sitting,0.7111,0.9266,-0.0641,2.0667,0.9907,0.4793,0.8493,0.8721,0.5502,0.5106,0.0739,0.6122,0.5872,0.2991,0.3219,0.0396,0.4367,85.2573,64.8151,32.4766,1.6225
76.467,2294,sitting,0.7112,0.9272,-0.0642,2.069,0.9914,0.4792,0.849,0.8725,0.55,0.51,0.0739,0.613,0.5876,0.299,0.3225,0.04,0.4361,85.2695,65.0385,32.314,1.6231
76.5,2295,sitting,0.7115,0.9277,-0.0641,2.0705,0.9918,0.479,0.8489,0.8727,0.5503,0.5104,0.0739,0.6135,0.5879,0.2986,0.3223,0.0399,0.4365,85.3279,64.9982,32.3268,1.6219
76.533,2296,sitting,0.7116,0.9273,-0.0637,2.0681,0.991,0.4792,0.8493,0.8727,0.5505,0.51,0.074,0.613,0.5872,0.2988,0.3221,0.0406,0.436,85.4107,65.1072,32.3327,1.6185
76.567,2297,sitting,0.7119,0.9275,-0.0637,2.0683,0.9912,0.4792,0.8502,0.8731,0.5508,0.51,0.074,0.6131,0.5867,0.2994,0.3224,0.0407,0.4361,85.4233,65.0949,32.3664,1.6148
76.6,2298,sitting,0.7128,0.9275,-0.0637,2.0678,0.9911,0.4793,0.8506,0.8736,0.552,0.51,0.074,0.6127,0.5858,0.2986,0.3216,0.0421,0.436,85.6429,65.1223,32.535,1.6118
76.633,2299,sitting,0.7131,0.9275,-0.0631,2.0666,0.9906,0.4793,0.8476,0.8738,0.5524,0.5096,0.074,0.6123,0.5848,0.2953,0.3215,0.0428,0.4356,85.7042,65.1067,32.6585,1.6094
76.667,2300,sitting,0.7117,0.927,-0.0655,2.0696,0.9925,0.4795,0.85,0.8735,0.5499,0.5082,0.0737,0.6076,0.5826,0.3001,0.3237,0.0416,0.4345,85.4372,64.9653,32.6169,1.6108
76.7,2301,sitting,0.7124,0.9274,-0.0649,2.0699,0.9923,0.4794,0.8507,0.8742,0.5506,0.5085,0.0738,0.6085,0.5829,0.3,0.3235,0.0421,0.4347,85.4756,65.0034,32.6462,1.6116
76.733,2302,sitting,0.7125,0.9271,-0.0646,2.0682,0.9917,0.4795,0.851,0.8741,0.5509,0.5093,0.0739,0.6092,0.5831,0.3001,0.3232,0.0416,0.4355,85.4231,64.9664,32.6027,1.6134
76.767,2303,sitting,0.7123,0.9272,-0.0639,2.0675,0.9911,0.4794,0.8515,0.8739,0.5507,0.5099,0.0739,0.61,0.5833,0.3008,0.3232,0.0408,0.4359,85.2738,64.8989,32.5501,1.614
76.8,2304,sitting,0.7094,0.9263,-0.0671,2.0712,0.9934,0.4796,0.8496,0.8724,0.5463,0.5084,0.0736,0.6073,0.5825,0.3033,0.3261,0.0379,0.4348,84.8137,64.5405,32.4315,1.6161
76.833,2305,sitting,0.7105,0.9281,-0.0661,2.0748,0.9943,0.4792,0.8504,0.8734,0.5475,0.5087,0.0736,0.6103,0.5854,0.3029,0.3259,0.0388,0.4351,84.9806,64.7635,32.3537,1.6234
76.867,2306,sitting,0.7111,0.9291,-0.0653,2.0763,0.9944,0.4789,0.8505,0.8739,0.5484,0.5085,0.0737,0.6123,0.5872,0.302,0.3254,0.04,0.4347,85.1496,64.9672,32.3262,1.6266
76.9,2307,sitting,0.7115,0.9293,-0.0643,2.0748,0.9936,0.4789,0.8475,0.8741,0.549,0.5086,0.0738,0.6138,0.5882,0.2985,0.3251,0.0404,0.4347,85.2123,65.0076,32.353,1.625
76.933,2308,sitting,0.7118,0.9295,-0.0637,2.074,0.9932,0.4788,0.8511,0.8742,0.5495,0.5089,0.0739,0.6154,0.5899,0.3016,0.3247,0.0406,0.435,85.2882,65.0731,32.3065,1.6242
76.967,2309,sitting,0.7119,0.9291,-0.063,2.0717,0.9921,0.4789,0.8509,0.8739,0.5498,0.5096,0.074,0.6159,0.5904,0.3011,0.3241,0.0402,0.4356,85.3005,64.9461,32.3756,1.6236
77.0,2310,sitting,0.7117,0.9284,-0.0628,2.0695,0.9912,0.479,0.8507,0.8736,0.5498,0.509,0.074,0.6163,0.591,0.301,0.3238,0.0407,0.435,85.4153,65.0352,32.385,1.6236
77.033,2311,sitting,0.7115,0.928,-0.0628,2.0682,0.9908,0.4791,0.8505,0.8732,0.5499,0.5084,0.074,0.6164,0.5915,0.3006,0.3233,0.0414,0.4344,85.562,65.0698,32.4533,1.6236
77.067,2312,sitting,0.7118,0.9286,-0.0628,2.0702,0.9914,0.4789,0.8505,0.8734,0.5502,0.5079,0.0741,0.6173,0.5926,0.3003,0.3232,0.0422,0.4339,85.64,65.2372,32.4097,1.6268
77.1,2313,sitting,0.7118,0.9287,-0.0627,2.0703,0.9914,0.4789,0.85,0.8733,0.5504,0.5077,0.0741,0.6174,0.5931,0.2996,0.3229,0.0426,0.4337,85.7024,65.2675,32.4439,1.6291
77.133,2314,sitting,0.7115,0.9285,-0.0625,2.0697,0.991,0.4788,0.8498,0.873,0.55,0.5076,0.0741,0.6173,0.5933,0.2998,0.323,0.0424,0.4336,85.6304,65.1891,32.4764,1.6296
77.167,2315,sitting,0.7118,0.929,-0.0626,2.0712,0.9915,0.4787,0.8499,0.8734,0.5502,0.5074,0.0741,0.618,0.5938,0.2997,0.3232,0.0428,0.4333,85.7003,65.2098,32.5122,1.631
77.2,2316,sitting,0.7121,0.93,-0.0622,2.0745,0.9922,0.4783,0.8498,0.8739,0.5503,0.5072,0.0741,0.6183,0.5932,0.2996,0.3236,0.0431,0.4331,85.7959,65.2938,32.48,1.6337
77.233,2317,sitting,0.7121,0.9307,-0.0624,2.0768,0.993,0.4781,0.85,0.8738,0.5504,0.5081,0.0741,0.6183,0.5928,0.2996,0.3234,0.0422,0.4341,85.7894,65.1422,32.5097,1.6357
77.267,2318,sitting,0.712,0.931,-0.0622,2.0782,0.9932,0.4779,0.8501,0.8738,0.5501,0.5083,0.0741,0.6184,0.5924,0.3,0.3237,0.0418,0.4342,85.8117,65.0746,32.5184,1.636
77.3,2319,sitting,0.7121,0.9309,-0.0623,2.0775,0.9932,0.4781,0.8503,0.8738,0.5504,0.5092,0.0741,0.6184,0.5928,0.3,0.3235,0.0411,0.4352,85.7499,64.9381,32.5551,1.639
77.333,2320,sitting,0.7123,0.9309,-0.0623,2.0772,0.9932,0.4781,0.8508,0.8738,0.5509,0.5093,0.0741,0.6186,0.593,0.2999,0.3229,0.0416,0.4352,85.7719,64.9763,32.5866,1.6414
77.367,2321,sitting,0.7127,0.9311,-0.0625,2.0781,0.9936,0.4781,0.8512,0.8739,0.5515,0.5085,0.0741,0.6184,0.5931,0.2997,0.3224,0.043,0.4344,85.9202,65.247,32.545,1.6426
77.4,2322,sitting,0.7123,0.9306,-0.0627,2.0766,0.9933,0.4784,0.8516,0.8735,0.551,0.5079,0.074,0.6181,0.5933,0.3005,0.3225,0.0432,0.4338,85.9528,65.3788,32.4502,1.6419
77.433,2323,sitting,0.712,0.9301,-0.0626,2.0741,0.9926,0.4786,0.8516,0.8731,0.551,0.5077,0.0741,0.6182,0.5938,0.3006,0.3221,0.0433,0.4336,85.9597,65.6336,32.2452,1.6428
77.467,2324,sitting,0.7126,0.9307,-0.0627,2.0758,0.9933,0.4785,0.8487,0.8734,0.5517,0.5068,0.0741,0.619,0.5945,0.297,0.3217,0.0449,0.4328,86.1689,65.9426,32.1937,1.6454
77.5,2325,sitting,0.7132,0.9312,-0.0632,2.0781,0.9943,0.4785,0.8491,0.8738,0.5526,0.5065,0.074,0.6194,0.5946,0.2965,0.3212,0.0461,0.4325,86.2807,66.051,32.255,1.6495
77.533,2326,sitting,0.7132,0.9315,-0.0634,2.0797,0.9949,0.4784,0.8489,0.874,0.5525,0.5067,0.074,0.6193,0.5944,0.2964,0.3214,0.0458,0.4327,86.1981,66.0251,32.2267,1.6533
77.567,2327,sitting,0.7133,0.9325,-0.0633,2.083,0.9957,0.478,0.8489,0.8743,0.5524,0.5075,0.074,0.6193,0.5937,0.2965,0.3219,0.0449,0.4335,86.0522,65.8198,32.2739,1.6562
77.6,2328,sitting,0.7097,0.9312,-0.0667,2.0867,0.9979,0.4782,0.8493,0.8725,0.5469,0.5062,0.0736,0.6143,0.5915,0.3024,0.3256,0.0407,0.4326,85.3409,65.4202,32.0175,1.6602
77.633,2329,sitting,0.7074,0.9313,-0.0712,2.0962,1.0025,0.4782,0.8462,0.8715,0.5433,0.5049,0.0731,0.6108,0.5881,0.3029,0.3282,0.0384,0.4319,84.928,65.2415,31.8207,1.6668
77.667,2330,sitting,0.7061,0.9314,-0.0735,2.1018,1.0049,0.4781,0.8451,0.8712,0.5411,0.5033,0.0728,0.6085,0.5864,0.304,0.3301,0.0378,0.4305,84.8101,65.18,31.785,1.6686
77.7,2331,sitting,0.7075,0.9326,-0.0715,2.1016,1.0041,0.4778,0.8468,0.8721,0.543,0.5052,0.073,0.611,0.5882,0.3038,0.3291,0.0378,0.4322,84.779,65.1011,31.8562,1.6686
77.733,2332,sitting,0.7064,0.9322,-0.0742,2.1058,1.0064,0.4779,0.8425,0.8715,0.5414,0.5033,0.0727,0.6088,0.5873,0.3011,0.3301,0.0381,0.4306,84.7863,65.1483,31.8535,1.6712
77.767,2333,sitting,0.7079,0.9325,-0.072,2.1026,1.0046,0.4778,0.8474,0.872,0.5438,0.5038,0.073,0.611,0.5889,0.3036,0.3282,0.0399,0.4309,85.0747,65.3974,31.8883,1.6669
77.8,2334,sitting,0.7082,0.9323,-0.0703,2.0989,1.0027,0.4777,0.8449,0.8716,0.5447,0.5043,0.0732,0.6127,0.5902,0.3001,0.3269,0.0405,0.4311,85.1063,65.4324,31.9523,1.6658
77.833,2335,sitting,0.7087,0.9321,-0.0684,2.0942,1.0005,0.4777,0.8458,0.8719,0.5456,0.5046,0.0734,0.6143,0.5913,0.3002,0.3263,0.0409,0.4313,85.1619,65.5912,31.8897,1.663
77.867,2336,sitting,0.7093,0.9323,-0.0675,2.0927,0.9998,0.4778,0.8464,0.8724,0.5463,0.5047,0.0735,0.6159,0.5929,0.3001,0.3261,0.0416,0.4313,85.194,65.7945,31.8078,1.667
77.9,2337,sitting,0.7096,0.9322,-0.066,2.089,0.9982,0.4779,0.8465,0.8728,0.5464,0.5058,0.0736,0.6169,0.5933,0.3001,0.3264,0.0406,0.4321,85.0136,65.7138,31.7549,1.667
77.933,2338,sitting,0.7102,0.9326,-0.0649,2.0879,0.9976,0.4778,0.8503,0.8733,0.5471,0.5067,0.0738,0.6183,0.5936,0.3032,0.3262,0.0405,0.4329,84.9131,65.7371,31.7104,1.668
77.967,2339,sitting,0.7111,0.933,-0.0649,2.0885,0.9979,0.4778,0.8503,0.8742,0.548,0.5069,0.0738,0.6194,0.5929,0.3023,0.3261,0.0411,0.4331,84.8776,65.9044,31.6614,1.6706
78.0,2340,sitting,0.7113,0.9335,-0.0651,2.0913,0.9987,0.4775,0.8494,0.8741,0.5486,0.5075,0.0737,0.6199,0.5917,0.3008,0.3255,0.0411,0.4337,84.9508,65.916,31.6261,1.6762
78.033,2341,sitting,0.7117,0.9349,-0.0653,2.0968,1.0003,0.477,0.8487,0.8746,0.5488,0.5071,0.0737,0.621,0.5916,0.2999,0.3257,0.0417,0.4334,85.195,66.0833,31.5437,1.6855
78.067,2342,sitting,0.7124,0.9364,-0.0653,2.102,1.0017,0.4765,0.848,0.8754,0.5493,0.5082,0.0737,0.6218,0.5917,0.2987,0.3261,0.0411,0.4344,85.1395,65.9726,31.5441,1.6922
78.1,2343,sitting,0.7122,0.9365,-0.0656,2.1031,1.0021,0.4765,0.8472,0.8752,0.5492,0.5094,0.0737,0.6216,0.5917,0.298,0.326,0.0399,0.4356,85.0544,65.7154,31.5853,1.6992
78.133,2344,sitting,0.712,0.9372,-0.0658,2.1062,1.0029,0.4762,0.8465,0.8752,0.5488,0.5106,0.0737,0.6223,0.5922,0.2977,0.3264,0.0381,0.4369,84.856,65.4694,31.531,1.7044
78.167,2345,sitting,0.7121,0.938,-0.0655,2.1087,1.0035,0.4759,0.8461,0.8754,0.5488,0.5113,0.0737,0.6226,0.5924,0.2973,0.3266,0.0374,0.4376,84.7947,65.4353,31.4412,1.7079
78.2,2346,sitting,0.7122,0.9385,-0.0653,2.1104,1.0038,0.4756,0.8457,0.8759,0.5485,0.5123,0.0737,0.6226,0.5923,0.2973,0.3274,0.0362,0.4385,84.5873,65.3131,31.3739,1.7112
78.233,2347,sitting,0.7119,0.9387,-0.0655,2.1117,1.0041,0.4755,0.8452,0.8759,0.5479,0.5138,0.0737,0.6225,0.5916,0.2973,0.328,0.0341,0.4401,84.3624,65.1074,31.2431,1.7163
78.267,2348,sitting,0.7118,0.9383,-0.0648,2.1095,1.0032,0.4755,0.8453,0.8757,0.548,0.5139,0.0738,0.6223,0.5913,0.2973,0.3277,0.0341,0.4401,84.3126,65.1501,31.2185,1.7154
78.3,2349,sitting,0.7114,0.9381,-0.0649,2.109,1.003,0.4756,0.8446,0.8753,0.5476,0.5146,0.0738,0.6217,0.5902,0.297,0.3277,0.033,0.4407,84.1716,65.0247,31.1705,1.7129
78.333,2350,sitting,0.7112,0.9377,-0.0652,2.1085,1.003,0.4757,0.8437,0.8747,0.5477,0.514,0.0738,0.6211,0.5905,0.296,0.327,0.0337,0.4402,84.3004,65.0976,31.1979,1.7145
78.367,2351,sitting,0.7113,0.9371,-0.0659,2.1071,1.003,0.476,0.8435,0.8744,0.5483,0.5134,0.0737,0.6212,0.5909,0.2953,0.3262,0.0348,0.4397,84.4843,65.2428,31.2423,1.7163
78.4,2352,sitting,0.7083,0.9367,-0.0714,2.1169,1.0082,0.4762,0.8395,0.8728,0.5437,0.5126,0.0731,0.6164,0.5877,0.2957,0.3291,0.0311,0.4395,84.0361,64.8047,31.0808,1.7202
78.433,2353,sitting,0.709,0.9363,-0.0709,2.114,1.0072,0.4764,0.8392,0.8735,0.5446,0.5133,0.0731,0.6175,0.5882,0.2946,0.3289,0.0313,0.4401,84.1683,64.8126,31.1089,1.7221
78.467,2354,sitting,0.71,0.9367,-0.0712,2.1153,1.0079,0.4765,0.8386,0.8737,0.5464,0.5131,0.0731,0.6181,0.5884,0.2922,0.3273,0.0333,0.44,84.571,65.0119,31.218,1.729
78.5,2355,sitting,0.7107,0.9371,-0.0706,2.1151,1.0077,0.4764,0.8389,0.874,0.5475,0.5133,0.0732,0.6181,0.5877,0.2914,0.3265,0.0342,0.4402,84.6783,65.1159,31.2627,1.7297
78.533,2356,sitting,0.7112,0.9375,-0.0701,2.1156,1.0075,0.4762,0.8386,0.8741,0.5483,0.5131,0.0732,0.6183,0.587,0.2902,0.3258,0.0352,0.4399,84.8461,65.2455,31.3039,1.7292
78.567,2357,sitting,0.7095,0.9378,-0.0732,2.1233,1.011,0.4762,0.8364,0.8733,0.5457,0.5117,0.0729,0.6148,0.5858,0.2907,0.3277,0.034,0.4388,84.6956,65.0666,31.2643,1.731
78.6,2358,sitting,0.7103,0.9385,-0.0721,2.1236,1.0106,0.4759,0.8368,0.8732,0.5474,0.5113,0.073,0.6161,0.5864,0.2894,0.3258,0.0361,0.4383,85.0246,65.2371,31.4038,1.7302
78.633,2359,sitting,0.711,0.9389,-0.0715,2.1235,1.0103,0.4758,0.8372,0.8728,0.5492,0.5102,0.073,0.6171,0.5871,0.288,0.3236,0.039,0.4372,85.4004,65.5807,31.5122,1.7307
78.667,2360,sitting,0.7118,0.9392,-0.0709,2.123,1.0101,0.4758,0.8378,0.8731,0.5504,0.5095,0.0731,0.6181,0.5878,0.2874,0.3228,0.0409,0.4364,85.7444,65.9196,31.4768,1.7319
78.7,2361,sitting,0.7119,0.9391,-0.0704,2.1217,1.0095,0.4758,0.8382,0.8733,0.5505,0.5096,0.0732,0.6188,0.5884,0.2877,0.3228,0.0409,0.4364,85.7218,66.026,31.3949,1.7317
78.733,2362,sitting,0.7124,0.9391,-0.069,2.1194,1.0081,0.4756,0.8386,0.8739,0.5509,0.509,0.0734,0.6189,0.5875,0.2877,0.323,0.0418,0.4357,85.8181,66.2239,31.3666,1.7281
78.767,2363,sitting,0.7126,0.9385,-0.0676,2.1147,1.0061,0.4758,0.8391,0.8744,0.5509,0.5089,0.0735,0.618,0.5851,0.2882,0.3235,0.042,0.4354,85.7985,66.3716,31.2754,1.7233
78.8,2364,sitting,0.7109,0.9382,-0.0701,2.1192,1.0082,0.4758,0.838,0.8742,0.5476,0.5079,0.0732,0.6132,0.5813,0.2903,0.3265,0.0397,0.4347,85.4731,65.9977,31.2547,1.7164
78.833,2365,sitting,0.7116,0.9374,-0.0688,2.114,1.0062,0.476,0.8394,0.8744,0.5487,0.5083,0.0733,0.6129,0.5783,0.2907,0.3258,0.0404,0.435,85.5823,66.0022,31.3583,1.7091
78.867,2366,sitting,0.7102,0.937,-0.0708,2.1174,1.0078,0.476,0.8381,0.8741,0.5463,0.5063,0.0731,0.6096,0.5772,0.2918,0.3278,0.04,0.4332,85.4758,66.1236,31.1789,1.705
78.9,2367,sitting,0.7113,0.9364,-0.0691,2.1114,1.0055,0.4762,0.8389,0.8747,0.5479,0.5058,0.0733,0.6107,0.5766,0.291,0.3268,0.0421,0.4325,85.7742,66.4789,31.1906,1.7022
78.933,2368,sitting,0.7114,0.935,-0.0681,2.1047,1.0031,0.4766,0.8392,0.8741,0.5487,0.5063,0.0734,0.6108,0.5759,0.2905,0.3254,0.0424,0.4329,85.6929,66.477,31.2581,1.6993
78.967,2369,sitting,0.7119,0.9337,-0.0678,2.099,1.0015,0.4771,0.8396,0.874,0.5499,0.5061,0.0734,0.6105,0.5756,0.2897,0.3241,0.0438,0.4327,85.7929,66.5369,31.4103,1.6936
79.0,2370,sitting,0.7122,0.9334,-0.0676,2.0971,1.001,0.4773,0.8397,0.8739,0.5505,0.5062,0.0735,0.6114,0.5759,0.2892,0.3234,0.0443,0.4327,85.7751,66.6091,31.4183,1.6932
79.033,2371,sitting,0.7118,0.9324,-0.068,2.0941,1.0004,0.4777,0.8392,0.873,0.5506,0.5058,0.0734,0.6112,0.5757,0.2886,0.3223,0.0449,0.4324,85.8259,66.7914,31.3323,1.6948
79.067,2372,sitting,0.7097,0.9323,-0.0724,2.1026,1.0046,0.4778,0.8365,0.8718,0.5476,0.5037,0.0729,0.6074,0.5748,0.2889,0.3242,0.0439,0.4308,85.65,66.8669,31.0862,1.6999
79.1,2373,sitting,0.71,0.9323,-0.0712,2.1008,1.0035,0.4777,0.8366,0.8718,0.5483,0.5044,0.0731,0.6088,0.5756,0.2884,0.3235,0.0438,0.4314,85.7757,67.008,30.9462,1.7019
79.133,2374,sitting,0.71,0.9321,-0.0705,2.0989,1.0026,0.4777,0.8369,0.8713,0.5486,0.5049,0.0731,0.6094,0.5763,0.2882,0.3227,0.0438,0.4317,85.8687,67.0225,30.9175,1.7016
79.167,2375,sitting,0.7105,0.933,-0.0702,2.1013,1.0032,0.4774,0.8366,0.8715,0.5495,0.5049,0.0732,0.6115,0.5784,0.2871,0.322,0.0446,0.4317,86.0314,67.1759,30.8772,1.7082
79.2,2376,sitting,0.7085,0.9349,-0.0762,2.119,1.011,0.4771,0.8335,0.8711,0.546,0.5034,0.0725,0.6093,0.579,0.2875,0.3252,0.0426,0.4309,85.7415,67.0805,30.615,1.7219
79.233,2377,sitting,0.7077,0.9368,-0.0795,2.1318,1.0162,0.4767,0.8321,0.8715,0.5439,0.5025,0.0721,0.6083,0.5801,0.2882,0.3276,0.0414,0.4304,85.5619,67.0887,30.3981,1.7291
79.267,2378,sitting,0.7066,0.9367,-0.0815,2.1357,1.0182,0.4768,0.8311,0.8711,0.5421,0.5016,0.0719,0.6059,0.5781,0.289,0.329,0.0405,0.4298,85.4797,67.0937,30.2452,1.7265
79.3,2379,sitting,0.7078,0.9358,-0.079,2.1276,1.0148,0.477,0.8327,0.8713,0.5443,0.5026,0.0722,0.607,0.577,0.2884,0.327,0.0417,0.4304,85.7818,67.2073,30.3467,1.7184
79.333,2380,sitting,0.7072,0.9361,-0.0804,2.1318,1.0165,0.4768,0.8317,0.8714,0.543,0.5026,0.072,0.6048,0.5755,0.2887,0.3285,0.0404,0.4306,85.5898,67.0554,30.2789,1.7184
79.367,2381,sitting,0.7065,0.936,-0.082,2.1347,1.018,0.4769,0.8307,0.8712,0.5419,0.5025,0.0718,0.6034,0.5738,0.2888,0.3292,0.0394,0.4307,85.3948,66.8996,30.259,1.7153
79.4,2382,sitting,0.7056,0.9363,-0.0835,2.1388,1.0198,0.4768,0.8296,0.871,0.5403,0.5016,0.0716,0.6023,0.5734,0.2894,0.3307,0.0387,0.43,85.2106,66.9259,30.1087,1.7193
79.433,2383,sitting,0.7051,0.9369,-0.0842,2.1424,1.0211,0.4766,0.8292,0.8709,0.5394,0.5008,0.0715,0.6021,0.5732,0.2898,0.3315,0.0386,0.4293,85.2555,67.024,29.9814,1.7217
79.467,2384,sitting,0.7039,0.9357,-0.0853,2.1404,1.021,0.477,0.829,0.87,0.5379,0.4996,0.0714,0.6003,0.5721,0.2911,0.3321,0.0383,0.4282,85.1752,67.1025,29.8591,1.717
79.5,2385,sitting,0.7027,0.9347,-0.0862,2.1385,1.0209,0.4774,0.8281,0.8694,0.5359,0.4994,0.0713,0.599,0.5717,0.2922,0.3334,0.0366,0.4281,84.8923,66.9362,29.7548,1.7174
79.533,2386,sitting,0.702,0.9345,-0.0865,2.1382,1.021,0.4775,0.8278,0.8695,0.5344,0.4992,0.0713,0.5991,0.5721,0.2934,0.3351,0.0352,0.4279,84.6394,66.883,29.614,1.7184
79.567,2387,sitting,0.7017,0.9348,-0.0878,2.1416,1.0225,0.4775,0.8272,0.8699,0.5335,0.4995,0.0711,0.5985,0.5715,0.2937,0.3363,0.034,0.4284,84.4757,66.7397,29.566,1.7222
79.6,2388,sitting,0.7024,0.9368,-0.0882,2.1495,1.0251,0.4769,0.8269,0.8707,0.5342,0.4993,0.0711,0.5996,0.5728,0.2928,0.3366,0.0349,0.4282,84.6166,66.7874,29.6403,1.7288
79.633,2389,sitting,0.7047,0.9372,-0.0851,2.1446,1.0224,0.4767,0.8291,0.8716,0.5379,0.5011,0.0715,0.6047,0.5756,0.2912,0.3337,0.0368,0.4297,85.0369,66.8411,29.8895,1.7278
79.667,2390,sitting,0.7077,0.9381,-0.082,2.1409,1.0201,0.4765,0.8317,0.8728,0.5425,0.5023,0.0718,0.6091,0.5786,0.2892,0.3303,0.0402,0.4304,85.5396,67.1589,30.1277,1.7282
79.7,2391,sitting,0.7081,0.9396,-0.0833,2.1485,1.0229,0.4761,0.8313,0.8734,0.5428,0.5016,0.0717,0.6088,0.5799,0.2885,0.3305,0.0412,0.4299,85.726,67.3445,30.0923,1.7343
79.733,2392,sitting,0.7088,0.9402,-0.0846,2.1529,1.0248,0.476,0.8311,0.8739,0.5437,0.5003,0.0715,0.6072,0.5791,0.2874,0.3302,0.0434,0.4287,86.028,67.6245,30.1358,1.7367
79.767,2393,sitting,0.7091,0.9395,-0.0851,2.1508,1.0246,0.4764,0.8314,0.8741,0.5442,0.4992,0.0715,0.6061,0.578,0.2873,0.3299,0.0449,0.4277,86.2138,67.8734,30.125,1.7338
79.8,2394,sitting,0.7092,0.9389,-0.0854,2.1495,1.0243,0.4765,0.8311,0.8742,0.5443,0.4987,0.0714,0.6048,0.5762,0.2868,0.3299,0.0456,0.4272,86.2194,67.8595,30.2427,1.7294
79.833,2395,sitting,0.7092,0.9388,-0.0856,2.1492,1.0244,0.4766,0.8312,0.8745,0.544,0.4987,0.0714,0.6039,0.5754,0.2872,0.3304,0.0453,0.4273,86.2343,67.7866,30.2719,1.7237
79.867,2396,sitting,0.7099,0.9392,-0.0862,2.1517,1.0254,0.4765,0.8312,0.875,0.5447,0.4983,0.0713,0.6038,0.5756,0.2866,0.3304,0.0464,0.4269,86.3195,67.885,30.3384,1.7198
79.9,2397,sitting,0.7097,0.9391,-0.0865,2.1523,1.0256,0.4765,0.831,0.875,0.5444,0.4982,0.0713,0.6036,0.5753,0.2865,0.3306,0.0462,0.4269,86.2596,67.8996,30.3016,1.7166
79.933,2398,sitting,0.7091,0.939,-0.0869,2.1531,1.026,0.4765,0.8305,0.8748,0.5433,0.4983,0.0712,0.6031,0.5748,0.2871,0.3314,0.045,0.4271,86.1305,67.7546,30.2497,1.7131
79.967,2399,sitting,0.7087,0.9389,-0.0871,2.1529,1.0259,0.4765,0.8305,0.8749,0.5424,0.4986,0.0712,0.6021,0.5735,0.2881,0.3325,0.0438,0.4274,85.9397,67.6321,30.1863,1.71
80.0,2400,sitting,0.7078,0.9378,-0.0874,2.15,1.0252,0.4768,0.8296,0.8742,0.5413,0.4987,0.0712,0.5999,0.5721,0.2883,0.3328,0.0427,0.4275,85.7209,67.4385,30.197,1.7075
80.033,2401,sitting,0.7092,0.9371,-0.0834,2.1401,1.0205,0.4768,0.8316,0.8742,0.5442,0.4995,0.0717,0.6025,0.5733,0.2874,0.3301,0.0447,0.4278,86.0892,67.6045,30.3723,1.7035
80.067,2402,sitting,0.7109,0.9368,-0.0795,2.131,1.0163,0.4769,0.8339,0.8749,0.5469,0.5005,0.0721,0.6055,0.575,0.287,0.328,0.0465,0.4283,86.3867,67.8293,30.4638,1.7015
80.1,2403,sitting,0.712,0.9372,-0.0766,2.127,1.0138,0.4766,0.8349,0.8755,0.5485,0.5017,0.0725,0.6079,0.5756,0.2864,0.3269,0.0468,0.4292,86.4819,67.8904,30.4866,1.7012
80.133,2404,sitting,0.7128,0.9376,-0.0735,2.1224,1.0111,0.4764,0.8365,0.8758,0.5499,0.5028,0.0729,0.6102,0.5764,0.2866,0.326,0.047,0.43,86.5199,67.972,30.4545,1.6978
80.167,2405,sitting,0.7132,0.937,-0.0719,2.117,1.0089,0.4766,0.8378,0.8758,0.5507,0.5033,0.073,0.6112,0.5762,0.2871,0.3251,0.0473,0.4303,86.5812,68.0507,30.432,1.6957
80.2,2406,sitting,0.7135,0.9372,-0.0709,2.1158,1.0081,0.4765,0.8382,0.8759,0.5511,0.5045,0.0731,0.6124,0.5772,0.2871,0.3247,0.0467,0.4314,86.6188,68.0178,30.3764,1.6957
80.233,2407,sitting,0.7133,0.9364,-0.0699,2.1111,1.0063,0.4766,0.8385,0.8753,0.5513,0.505,0.0732,0.613,0.5773,0.2872,0.3239,0.0463,0.4318,86.6093,67.9564,30.3742,1.6934
80.267,2408,sitting,0.711,0.9353,-0.0727,2.1134,1.008,0.477,0.837,0.8743,0.5476,0.5034,0.0729,0.6094,0.5755,0.2894,0.3267,0.0442,0.4305,86.2181,67.8748,30.123,1.6947
80.3,2409,sitting,0.7113,0.9347,-0.0715,2.1087,1.0062,0.4772,0.838,0.8747,0.5479,0.5042,0.0731,0.6107,0.5764,0.2901,0.3268,0.0438,0.4311,86.1569,67.8108,30.1256,1.6947
80.333,2410,sitting,0.7119,0.9348,-0.0704,2.1067,1.0052,0.4771,0.8388,0.875,0.5488,0.5044,0.0732,0.6124,0.5773,0.29,0.3261,0.0444,0.4313,86.26,67.8968,30.1551,1.6976
80.367,2411,sitting,0.7108,0.9354,-0.0731,2.1144,1.0085,0.477,0.8373,0.8747,0.547,0.5035,0.0729,0.6098,0.5756,0.2903,0.3277,0.0435,0.4307,86.0539,67.8361,30.0488,1.6986
80.4,2412,sitting,0.7096,0.9362,-0.0765,2.1236,1.0128,0.4769,0.8357,0.8746,0.5446,0.5036,0.0725,0.6078,0.5748,0.2911,0.33,0.041,0.4312,85.6658,67.3997,30.0635,1.7056
80.433,2413,sitting,0.7098,0.936,-0.0752,2.12,1.0112,0.477,0.8364,0.8742,0.5453,0.5049,0.0726,0.6097,0.5757,0.2911,0.3289,0.0405,0.4323,85.5655,67.2994,30.0972,1.7112
80.467,2414,sitting,0.7102,0.9357,-0.0744,2.1171,1.01,0.4771,0.8374,0.8739,0.5465,0.5048,0.0727,0.6105,0.5761,0.2909,0.3274,0.0417,0.432,85.7254,67.3773,30.2355,1.7153
80.5,2415,sitting,0.7104,0.935,-0.0733,2.1128,1.0083,0.4772,0.8383,0.8737,0.5471,0.5056,0.0728,0.6109,0.5761,0.2912,0.3267,0.0415,0.4327,85.7042,67.2759,30.3007,1.7161
80.533,2416,sitting,0.7085,0.9351,-0.0764,2.1197,1.0115,0.4772,0.8362,0.8729,0.5441,0.5038,0.0725,0.6074,0.5751,0.2921,0.3288,0.0404,0.4313,85.5463,67.2392,30.1557,1.7211
80.567,2417,sitting,0.7068,0.935,-0.079,2.1245,1.0139,0.4772,0.8349,0.8719,0.5417,0.502,0.0722,0.6051,0.5739,0.2932,0.3302,0.0396,0.4299,85.4052,67.0564,30.1878,1.7187
80.6,2418,sitting,0.7053,0.9343,-0.0814,2.1276,1.0158,0.4774,0.8333,0.8708,0.5397,0.5012,0.0719,0.6027,0.5719,0.2936,0.3311,0.0385,0.4293,85.2895,66.8279,30.2275,1.7148
80.633,2419,sitting,0.7064,0.9349,-0.079,2.1246,1.0138,0.4772,0.8345,0.8711,0.5417,0.5019,0.0722,0.6052,0.5728,0.2928,0.3294,0.0398,0.4298,85.5042,66.8459,30.4162,1.7125
80.667,2420,sitting,0.7074,0.9351,-0.0773,2.1218,1.0123,0.4771,0.8353,0.8717,0.5431,0.5034,0.0724,0.6073,0.5739,0.2923,0.3286,0.0397,0.431,85.4389,66.7713,30.4885,1.7096
80.7,2421,sitting,0.7088,0.9361,-0.0757,2.1218,1.0118,0.4768,0.8362,0.8726,0.5451,0.5041,0.0726,0.6096,0.5748,0.2911,0.3275,0.041,0.4316,85.5531,66.8871,30.5755,1.7099
80.733,2422,sitting,0.7097,0.9368,-0.0742,2.1213,1.011,0.4766,0.8369,0.873,0.5464,0.5055,0.0727,0.6112,0.5757,0.2905,0.3266,0.0409,0.4327,85.6414,66.866,30.5906,1.7098
80.767,2423,sitting,0.7104,0.9369,-0.0734,2.1201,1.0103,0.4765,0.8377,0.8736,0.5473,0.5057,0.0729,0.6125,0.5763,0.2904,0.3263,0.0416,0.4328,85.7438,67.0044,30.5679,1.7114
80.8,2424,sitting,0.711,0.9392,-0.0742,2.13,1.0134,0.4758,0.8368,0.8741,0.5479,0.5048,0.0728,0.6124,0.5771,0.2889,0.3262,0.0431,0.432,86.2051,67.0491,30.817,1.7164
80.833,2425,sitting,0.7118,0.941,-0.0739,2.1368,1.0149,0.475,0.8364,0.8748,0.5487,0.5045,0.0728,0.6121,0.578,0.2876,0.3261,0.0442,0.4317,86.4422,67.084,31.0083,1.7173
80.867,2426,sitting,0.7113,0.9422,-0.0763,2.1458,1.0186,0.4747,0.8355,0.8756,0.547,0.5031,0.0725,0.6108,0.5782,0.2885,0.3286,0.0439,0.4306,86.2316,67.329,30.668,1.7194
80.9,2427,sitting,0.7115,0.9417,-0.0751,2.1415,1.0169,0.4748,0.8362,0.8753,0.5477,0.5035,0.0726,0.6124,0.5786,0.2885,0.3276,0.0442,0.4309,86.1367,67.4497,30.5806,1.72
80.933,2428,sitting,0.7121,0.9408,-0.0742,2.1361,1.0149,0.4751,0.8366,0.8751,0.549,0.5041,0.0727,0.6133,0.5787,0.2876,0.3261,0.0449,0.4313,86.1149,67.5728,30.5598,1.7161
80.967,2429,sitting,0.7125,0.9404,-0.073,2.1322,1.0134,0.4753,0.8373,0.8752,0.5498,0.505,0.0729,0.6143,0.5786,0.2874,0.3254,0.0448,0.4321,86.1218,67.6088,30.5046,1.7134
81.0,2430,sitting,0.7129,0.9401,-0.072,2.129,1.0121,0.4754,0.838,0.8751,0.5508,0.505,0.073,0.6152,0.5797,0.2872,0.3242,0.0458,0.432,86.2074,67.7719,30.4937,1.7125
81.033,2431,sitting,0.7129,0.9394,-0.0709,2.1244,1.0103,0.4756,0.8381,0.8749,0.5509,0.5056,0.0731,0.6157,0.5798,0.2872,0.324,0.0453,0.4325,86.1266,67.7536,30.4416,1.7089
81.067,2432,sitting,0.713,0.9388,-0.07,2.121,1.0088,0.4756,0.838,0.8748,0.5512,0.5056,0.0732,0.6158,0.579,0.2867,0.3235,0.0457,0.4323,86.1125,67.8671,30.3856,1.7075
81.1,2433,sitting,0.7136,0.9394,-0.0695,2.1221,1.0089,0.4754,0.8381,0.8752,0.5519,0.5057,0.0733,0.6172,0.58,0.2862,0.3233,0.0462,0.4324,86.1745,67.9572,30.3734,1.7104
81.133,2434,sitting,0.7139,0.94,-0.0697,2.1245,1.0097,0.4753,0.838,0.8752,0.5525,0.5057,0.0733,0.6176,0.5799,0.2855,0.3227,0.0468,0.4324,86.2913,68.0748,30.3323,1.717
81.167,2435,sitting,0.7147,0.9409,-0.0691,2.1264,1.0101,0.475,0.8385,0.8758,0.5535,0.5059,0.0734,0.6185,0.5804,0.285,0.3224,0.0476,0.4325,86.4214,68.2449,30.2791,1.7209
81.2,2436,sitting,0.7131,0.9403,-0.0715,2.1292,1.0119,0.4752,0.8374,0.8754,0.5508,0.505,0.0731,0.6155,0.58,0.2866,0.3245,0.0458,0.4319,86.1519,68.0855,30.1394,1.7205
81.233,2437,sitting,0.712,0.9398,-0.0738,2.1317,1.0136,0.4755,0.8367,0.8752,0.5488,0.5031,0.0728,0.6127,0.5788,0.2878,0.3264,0.0457,0.4303,86.0975,68.1121,30.0739,1.7196
81.267,2438,sitting,0.7105,0.9389,-0.0766,2.134,1.0155,0.4759,0.8349,0.8742,0.5467,0.5015,0.0725,0.6089,0.5762,0.2882,0.3276,0.0452,0.429,85.9194,68.0354,30.0389,1.7162
81.3,2439,sitting,0.7092,0.9384,-0.0793,2.137,1.0177,0.4762,0.8335,0.8738,0.5446,0.5012,0.0722,0.6065,0.5752,0.2889,0.3293,0.0434,0.429,85.6209,67.8347,29.9322,1.7146
81.333,2440,sitting,0.7099,0.938,-0.0768,2.1306,1.0148,0.4763,0.8348,0.874,0.5458,0.5028,0.0725,0.6086,0.5769,0.289,0.3282,0.043,0.4303,85.5643,67.8732,29.8542,1.7094
81.367,2441,sitting,0.7086,0.9379,-0.0779,2.1328,1.0159,0.4763,0.8342,0.8738,0.5434,0.5027,0.0723,0.6075,0.5769,0.2908,0.3304,0.0407,0.4304,85.2679,67.6478,29.7153,1.7051
81.4,2442,sitting,0.709,0.9387,-0.0763,2.1324,1.015,0.476,0.8347,0.8738,0.5442,0.5041,0.0725,0.6097,0.5789,0.2906,0.3296,0.0401,0.4315,85.2745,67.5749,29.697,1.7087
81.433,2443,sitting,0.7085,0.9401,-0.0778,2.1405,1.018,0.4756,0.8338,0.8745,0.5425,0.5036,0.0723,0.6089,0.5801,0.2913,0.332,0.0389,0.4313,85.1146,67.5132,29.5628,1.716
81.467,2444,sitting,0.7075,0.9411,-0.0797,2.1476,1.0209,0.4754,0.8331,0.8745,0.5405,0.5023,0.0721,0.6087,0.5815,0.2926,0.334,0.0382,0.4302,84.9609,67.5987,29.3708,1.7254
81.5,2445,sitting,0.7054,0.9402,-0.0808,2.1468,1.021,0.4756,0.8319,0.8733,0.5375,0.5011,0.0719,0.6073,0.5807,0.2944,0.3358,0.0364,0.4291,84.7291,67.5863,29.1097,1.7269
81.533,2446,sitting,0.7065,0.9396,-0.0785,2.1402,1.0181,0.4757,0.8329,0.8731,0.54,0.5024,0.0722,0.6099,0.5818,0.2929,0.3331,0.0376,0.4301,84.9694,67.5712,29.314,1.7256
81.567,2447,sitting,0.7073,0.9382,-0.0768,2.1316,1.015,0.4761,0.8339,0.8728,0.5419,0.503,0.0724,0.6108,0.5811,0.292,0.3309,0.0389,0.4305,85.1942,67.6452,29.457,1.72
81.6,2448,sitting,0.7072,0.9385,-0.0788,2.1366,1.0173,0.4761,0.8331,0.8729,0.5415,0.502,0.0722,0.6089,0.5792,0.2916,0.3314,0.0394,0.4299,85.2924,67.574,29.5842,1.718
81.633,2449,sitting,0.7091,0.938,-0.0767,2.1307,1.0146,0.4762,0.8344,0.8735,0.5447,0.5025,0.0724,0.6096,0.5774,0.2898,0.3289,0.0421,0.4301,85.6786,67.6974,29.8789,1.7095
81.667,2450,sitting,0.7087,0.9373,-0.0779,2.1309,1.0152,0.4764,0.8336,0.873,0.5445,0.501,0.0723,0.6066,0.5755,0.2891,0.3285,0.0435,0.4287,85.8641,67.8303,29.9558,1.7005
81.7,2451,sitting,0.7097,0.9367,-0.076,2.125,1.0127,0.4766,0.8347,0.8726,0.5467,0.5016,0.0725,0.6075,0.5745,0.288,0.3259,0.0451,0.4291,86.0897,67.857,30.1786,1.693
81.733,2452,sitting,0.7088,0.9362,-0.0774,2.126,1.0136,0.4767,0.8338,0.8721,0.5455,0.5008,0.0724,0.6051,0.5736,0.2883,0.3267,0.0447,0.4284,85.9242,67.7097,30.2535,1.6927
81.767,2453,sitting,0.708,0.935,-0.0786,2.1244,1.0136,0.4771,0.833,0.8714,0.5445,0.5,0.0722,0.602,0.5715,0.2885,0.327,0.0445,0.4278,85.8331,67.6798,30.273,1.6884
81.8,2454,sitting,0.7066,0.9336,-0.0798,2.122,1.0134,0.4776,0.8327,0.8706,0.5427,0.499,0.0721,0.5997,0.5707,0.29,0.3279,0.0437,0.4269,85.6016,67.6181,30.2184,1.685
81.833,2455,sitting,0.7077,0.9319,-0.0775,2.1113,1.0094,0.4781,0.8345,0.8703,0.5451,0.4992,0.0723,0.6017,0.5703,0.2894,0.3252,0.0459,0.4268,85.9027,67.874,30.3312,1.6817
81.867,2456,sitting,0.7071,0.9316,-0.0794,2.1137,1.011,0.4783,0.8336,0.8699,0.5444,0.4981,0.0721,0.5997,0.5704,0.2892,0.3255,0.0462,0.426,85.9141,67.9494,30.2932,1.6846
81.9,2457,sitting,0.7064,0.9312,-0.0809,2.1155,1.0121,0.4784,0.8326,0.8696,0.5431,0.4976,0.072,0.598,0.5698,0.2895,0.3264,0.0456,0.4256,85.8623,67.8948,30.2343,1.6859
81.933,2458,sitting,0.7072,0.93,-0.0789,2.1071,1.0089,0.4788,0.8336,0.8693,0.5451,0.4986,0.0722,0.6005,0.5699,0.2886,0.3243,0.0465,0.4264,86.0038,67.9091,30.3717,1.6817
81.967,2459,sitting,0.7081,0.9294,-0.0767,2.1009,1.0062,0.4789,0.8347,0.8695,0.5467,0.4999,0.0725,0.6028,0.5709,0.288,0.3227,0.0469,0.4274,86.1761,67.9616,30.395,1.679
82.0,2460,sitting,0.7085,0.9287,-0.0749,2.0949,1.0035,0.479,0.8354,0.8691,0.5478,0.5017,0.0727,0.6039,0.5712,0.2875,0.3213,0.0461,0.429,86.0797,67.7195,30.5253,1.6741
82.033,2461,sitting,0.7071,0.9286,-0.0768,2.099,1.0054,0.479,0.8334,0.8684,0.5458,0.5005,0.0724,0.6005,0.5693,0.2877,0.3226,0.0453,0.4281,85.987,67.6368,30.4587,1.6771
82.067,2462,sitting,0.7063,0.9289,-0.0788,2.1042,1.0077,0.4789,0.8321,0.8678,0.5447,0.4989,0.0722,0.5982,0.5684,0.2873,0.3231,0.0458,0.4267,86.0286,67.7792,30.3872,1.6823
82.1,2463,sitting,0.7079,0.9295,-0.0772,2.1025,1.0067,0.4788,0.8335,0.8685,0.5473,0.4995,0.0724,0.6008,0.5692,0.2862,0.3212,0.0478,0.4271,86.2989,67.9528,30.5307,1.6843
82.133,2464,sitting,0.7071,0.9294,-0.0792,2.1057,1.0086,0.479,0.8329,0.8684,0.5459,0.4982,0.0721,0.5986,0.5682,0.287,0.3225,0.0477,0.4261,86.2325,67.9739,30.4805,1.6833
82.167,2465,sitting,0.7068,0.9296,-0.0808,2.1094,1.0105,0.479,0.8325,0.8688,0.5447,0.4968,0.0719,0.5976,0.568,0.2877,0.324,0.0479,0.4248,86.2105,68.2132,30.2963,1.6868
82.2,2466,sitting,0.7066,0.9302,-0.0823,2.114,1.0125,0.4789,0.8323,0.8693,0.544,0.4957,0.0718,0.5977,0.5683,0.2883,0.3253,0.0483,0.4239,86.2451,68.3679,30.2012,1.6882
82.233,2467,sitting,0.7063,0.9307,-0.0825,2.1166,1.0132,0.4787,0.8322,0.8701,0.5424,0.4954,0.0717,0.5979,0.5689,0.2898,0.3276,0.047,0.4237,86.0332,68.4121,29.9838,1.6889
82.267,2468,sitting,0.7079,0.9309,-0.0795,2.1114,1.0104,0.4785,0.8343,0.8712,0.5446,0.4968,0.0721,0.6008,0.5705,0.2897,0.3266,0.0478,0.4247,86.1905,68.5341,30.0097,1.6853
82.3,2469,sitting,0.7098,0.9322,-0.076,2.1088,1.0083,0.4781,0.837,0.873,0.5465,0.4979,0.0725,0.6043,0.5725,0.2905,0.3265,0.0486,0.4254,86.3122,68.7438,29.9534,1.683
82.333,2470,sitting,0.7109,0.9333,-0.0747,2.1097,1.008,0.4778,0.8396,0.8738,0.5479,0.4984,0.0726,0.6069,0.5738,0.2916,0.3259,0.0495,0.4257,86.4586,69.0239,29.8495,1.6844
82.367,2471,sitting,0.7119,0.9348,-0.0737,2.113,1.0085,0.4773,0.8414,0.8751,0.5488,0.4996,0.0728,0.6088,0.5739,0.2926,0.3263,0.0492,0.4268,86.5095,69.1604,29.6853,1.6883
82.4,2472,sitting,0.7112,0.9365,-0.0756,2.1231,1.0121,0.4767,0.8406,0.8757,0.5466,0.4982,0.0726,0.6073,0.5736,0.294,0.3291,0.0484,0.4256,86.3737,69.2371,29.456,1.6939
82.433,2473,sitting,0.7121,0.9378,-0.0748,2.1257,1.0125,0.4763,0.8425,0.8765,0.5477,0.4985,0.0727,0.6109,0.5752,0.2948,0.3288,0.0492,0.4259,86.6506,69.5451,29.2707,1.6988
82.467,2474,sitting,0.7118,0.9404,-0.0776,2.1407,1.018,0.4755,0.8428,0.8774,0.5462,0.4969,0.0723,0.6099,0.575,0.2966,0.3312,0.0493,0.4245,86.6634,69.9433,28.874,1.7086
82.5,2475,sitting,0.7128,0.9446,-0.0791,2.1583,1.0237,0.4743,0.8446,0.8799,0.5457,0.4956,0.0722,0.6103,0.5751,0.2989,0.3342,0.0502,0.4234,86.7522,70.5012,28.4279,1.7191
82.533,2476,sitting,0.7137,0.948,-0.0804,2.1727,1.0284,0.4733,0.8486,0.8821,0.5453,0.495,0.072,0.6114,0.5742,0.3033,0.3368,0.0504,0.423,86.7112,70.8111,28.1249,1.7246
82.567,2477,sitting,0.7146,0.9486,-0.0787,2.1716,1.0274,0.4731,0.8533,0.8829,0.5463,0.4958,0.0722,0.6158,0.5752,0.307,0.3365,0.0505,0.4236,86.6835,71.0778,27.8694,1.7237
82.6,2478,sitting,0.7144,0.9522,-0.08,2.1872,1.0322,0.472,0.8585,0.8846,0.5442,0.4956,0.072,0.6171,0.5756,0.3144,0.3405,0.0485,0.4236,86.3356,71.3792,27.2235,1.7294
82.633,2479,sitting,0.7144,0.9537,-0.0811,2.1939,1.0348,0.4717,0.8646,0.8857,0.5432,0.4944,0.0719,0.6191,0.5776,0.3214,0.3425,0.0488,0.4225,86.2904,72.0178,26.6122,1.7346
82.667,2480,sitting,0.7147,0.9552,-0.082,2.2005,1.0372,0.4714,0.87,0.8866,0.5427,0.4941,0.0718,0.6209,0.58,0.3272,0.3438,0.0487,0.4222,86.1996,72.5708,26.0145,1.7436
82.7,2481,sitting,0.7153,0.9542,-0.0805,2.1932,1.0346,0.4718,0.8756,0.8868,0.5438,0.4944,0.072,0.6217,0.5793,0.3319,0.343,0.0493,0.4224,86.2061,72.947,25.7478,1.739
82.733,2482,sitting,0.7153,0.9542,-0.0805,2.193,1.0347,0.4718,0.8825,0.8879,0.5426,0.4932,0.072,0.6195,0.5777,0.3399,0.3453,0.0494,0.4212,86.2083,73.4645,25.2384,1.7326
82.767,2483,sitting,0.716,0.9553,-0.0802,2.196,1.0355,0.4715,0.8882,0.8903,0.5417,0.4929,0.072,0.6184,0.5784,0.3465,0.3486,0.0488,0.4209,86.1562,73.9726,24.6322,1.7278
82.8,2484,sitting,0.7158,0.9559,-0.0793,2.1965,1.0352,0.4713,0.8938,0.8913,0.5403,0.494,0.0721,0.6175,0.5783,0.3535,0.351,0.0463,0.4219,86.0713,73.7832,24.4666,1.7202
82.833,2485,sitting,0.7157,0.9546,-0.0789,2.1902,1.0335,0.4719,0.8997,0.8919,0.5394,0.4938,0.0722,0.6172,0.5789,0.3604,0.3526,0.0456,0.4216,85.9743,74.1635,23.9061,1.705
82.867,2486,sitting,0.7157,0.9543,-0.0769,2.1847,1.0312,0.472,0.9057,0.8916,0.5398,0.4943,0.0724,0.6189,0.5794,0.3658,0.3518,0.0456,0.4219,85.903,74.8074,23.225,1.6929
82.9,2487,sitting,0.7165,0.962,-0.0758,2.2085,1.0378,0.4699,0.9148,0.8927,0.5403,0.4946,0.0725,0.6212,0.5808,0.3745,0.3524,0.0457,0.422,85.9136,75.6567,22.3937,1.6939
82.933,2488,sitting,0.7167,0.9683,-0.0753,2.2289,1.0436,0.4682,0.9247,0.8929,0.5404,0.4941,0.0726,0.6223,0.5816,0.3843,0.3525,0.0463,0.4215,86.0214,76.7502,21.3974,1.6963
82.967,2489,sitting,0.7165,0.9747,-0.0743,2.2491,1.049,0.4664,0.935,0.8933,0.5398,0.4946,0.0726,0.6231,0.5822,0.3952,0.3535,0.0452,0.4219,85.7526,77.6093,20.3506,1.6958
83.0,2490,sitting,0.7179,0.9838,-0.0737,2.2798,1.0576,0.4639,0.9453,0.8953,0.5404,0.4946,0.0727,0.6253,0.5832,0.4048,0.3549,0.0458,0.4219,85.6753,78.5938,19.4413,1.7031
83.033,2491,sitting,0.7191,0.9907,-0.0737,2.304,1.0644,0.462,0.9538,0.8974,0.5409,0.4958,0.0727,0.6266,0.5846,0.4129,0.3565,0.045,0.4232,85.4348,79.5022,18.3981,1.7097
83.067,2492,sitting,0.72,0.9984,-0.0727,2.3297,1.0711,0.4598,0.9657,0.8989,0.5411,0.4983,0.0727,0.6288,0.5871,0.4245,0.3578,0.0429,0.4255,85.0102,80.2185,17.331,1.7186
83.1,2493,sitting,0.7219,1.0052,-0.0716,2.3519,1.0768,0.4579,0.9752,0.9014,0.5424,0.5005,0.0728,0.6307,0.5901,0.4328,0.3591,0.0419,0.4277,84.8716,80.8245,16.5322,1.7281
83.133,2494,sitting,0.7227,1.0123,-0.0692,2.3734,1.0815,0.4557,0.9855,0.903,0.5425,0.5023,0.0731,0.6318,0.592,0.443,0.3605,0.0402,0.4292,84.598,80.8103,16.2172,1.7341
83.167,2495,sitting,0.7255,1.0203,-0.0662,2.3971,1.0865,0.4533,0.9965,0.9064,0.5446,0.5051,0.0734,0.6353,0.5969,0.4519,0.3618,0.0395,0.4317,84.6611,81.5129,15.3904,1.7515
83.2,2496,sitting,0.7268,1.025,-0.0663,2.4149,1.0914,0.4519,1.0044,0.9081,0.5454,0.5062,0.0734,0.6372,0.601,0.459,0.3628,0.0392,0.4328,84.7022,81.9739,14.8142,1.7737
83.233,2497,sitting,0.7282,1.0284,-0.0661,2.4271,1.0945,0.451,1.0094,0.9095,0.5469,0.5081,0.0734,0.64,0.6077,0.4625,0.3626,0.0388,0.4346,84.8727,82.7681,13.9196,1.8125
83.267,2498,sitting,0.7291,1.0307,-0.0659,2.4353,1.0966,0.4503,1.0136,0.9103,0.5479,0.512,0.0735,0.6426,0.6152,0.4656,0.3623,0.036,0.4384,84.6931,83.3894,12.8341,1.8296
83.3,2499,sitting,0.7294,1.0327,-0.0668,2.4445,1.0995,0.4498,1.0175,0.911,0.5478,0.5156,0.0735,0.645,0.6217,0.4697,0.3631,0.0322,0.4422,84.5428,83.9115,11.7295,1.8381
83.333,2500,sitting,0.7307,1.0341,-0.0683,2.4549,1.1024,0.449,1.0217,0.9127,0.5488,0.5196,0.0733,0.6483,0.6282,0.4729,0.3639,0.0292,0.4463,84.4373,84.9267,10.2569,1.8521
83.367,2501,sitting,0.7325,1.0374,-0.0711,2.4752,1.1085,0.4478,1.0243,0.9141,0.5508,0.5235,0.0731,0.6519,0.6333,0.4735,0.3633,0.0273,0.4505,84.3866,86.11,8.7594,1.8661
83.4,2502,sitting,0.7342,1.0438,-0.0737,2.5054,1.1175,0.446,1.0284,0.9154,0.553,0.5246,0.0728,0.6536,0.6406,0.4754,0.3624,0.0285,0.4518,84.6451,87.227,7.7549,1.884
83.433,2503,sitting,0.7344,1.046,-0.076,2.5181,1.122,0.4456,1.0299,0.9152,0.5535,0.526,0.0726,0.6541,0.6507,0.4764,0.3616,0.0276,0.4534,84.5942,88.7005,6.1121,1.8986
83.467,2504,sitting,0.7349,1.0464,-0.0777,2.523,1.1241,0.4455,1.0302,0.9155,0.5543,0.5277,0.0724,0.6549,0.6589,0.4759,0.3612,0.0266,0.4553,84.5506,90.2357,4.393,1.9097
83.5,2505,sitting,0.7342,1.0473,-0.0795,2.5296,1.1268,0.4455,1.031,0.9148,0.5536,0.5277,0.0722,0.6549,0.666,0.4774,0.3613,0.0258,0.4555,84.5187,91.9569,2.544,1.9223
83.533,2506,sitting,0.7328,1.0492,-0.0807,2.5394,1.1299,0.4449,1.0329,0.9136,0.552,0.5281,0.0721,0.6557,0.6701,0.4809,0.3616,0.0239,0.4559,84.471,93.4291,0.7741,1.9395
83.567,2507,sitting,0.7323,1.0514,-0.0817,2.5496,1.1331,0.4444,1.0358,0.9124,0.5521,0.5292,0.0721,0.6575,0.6733,0.4836,0.3603,0.023,0.4571,84.7509,94.4389,0.3925,1.9531
83.6,2508,sitting,0.7341,1.0553,-0.0822,2.5658,1.1374,0.4433,1.0395,0.9137,0.5544,0.5293,0.0721,0.6592,0.6764,0.4851,0.3593,0.0251,0.4572,85.5835,95.6556,1.3253,1.9707
83.633,2509,sitting,0.736,1.0598,-0.0818,2.5833,1.1416,0.4419,1.0441,0.9146,0.5574,0.5299,0.0721,0.6604,0.6788,0.4867,0.3572,0.0275,0.4578,86.2753,96.704,2.0665,1.9837
83.667,2510,sitting,0.7376,1.0635,-0.0826,2.5987,1.1461,0.441,1.0483,0.9157,0.5595,0.5308,0.0721,0.662,0.6809,0.4888,0.3562,0.0287,0.4587,86.7525,97.6249,2.8405,1.989
83.7,2511,sitting,0.7393,1.0667,-0.0839,2.6133,1.1506,0.4403,1.0523,0.9171,0.5614,0.5308,0.0719,0.6644,0.6826,0.4909,0.3557,0.0306,0.4589,87.2997,98.8349,3.8236,1.9918
83.733,2512,sitting,0.7395,1.0677,-0.0881,2.6268,1.1558,0.44,1.0536,0.9174,0.5615,0.526,0.0714,0.6665,0.6804,0.4921,0.356,0.0355,0.4546,88.1103,100.0872,4.3802,1.9862
83.767,2513,sitting,0.7385,1.0665,-0.0921,2.6309,1.1586,0.4404,1.0532,0.9168,0.5601,0.5214,0.0709,0.6675,0.6769,0.4931,0.3568,0.0387,0.4505,88.619,101.2376,5.0863,1.9776
83.8,2514,sitting,0.7382,1.0676,-0.0954,2.6428,1.163,0.4401,1.0545,0.9167,0.5596,0.5179,0.0705,0.6674,0.6733,0.4949,0.3571,0.0416,0.4474,89.0195,102.2249,5.6502,1.9676
83.833,2515,sitting,0.7382,1.0691,-0.0969,2.6522,1.1659,0.4396,1.0569,0.9174,0.5589,0.5151,0.0704,0.6668,0.6707,0.4979,0.3585,0.0438,0.4448,89.2861,103.4229,6.5321,1.95
83.867,2516,sitting,0.7392,1.0699,-0.0982,2.6584,1.1681,0.4394,1.0588,0.9193,0.5591,0.5122,0.0702,0.6658,0.6685,0.4996,0.3602,0.047,0.442,89.6256,104.6455,7.2962,1.9257
83.9,2517,sitting,0.7404,1.0721,-0.0988,2.6644,1.1708,0.4394,1.0608,0.9206,0.5602,0.51,0.0701,0.6648,0.6667,0.5005,0.3603,0.0502,0.4399,90.2249,106.2742,8.4314,1.8991
83.933,2518,sitting,0.7428,1.0774,-0.0975,2.6835,1.1749,0.4378,1.0634,0.9228,0.5628,0.5095,0.0703,0.6648,0.6658,0.5006,0.36,0.0533,0.4392,90.7854,108.1787,9.8398,1.8702
83.967,2519,sitting,0.7453,1.0808,-0.0968,2.6963,1.1776,0.4368,1.0642,0.9245,0.5662,0.5088,0.0703,0.6652,0.6635,0.4981,0.3583,0.0573,0.4385,91.4842,110.2918,11.3662,1.8367
84.0,2520,sitting,0.7469,1.0832,-0.096,2.7046,1.1792,0.436,1.0624,0.9257,0.5682,0.5084,0.0705,0.6654,0.6602,0.4942,0.3575,0.0598,0.4379,92.0,111.8373,12.5784,1.8014
84.033,2521,sitting,0.7492,1.0874,-0.0949,2.7199,1.1824,0.4347,1.0658,0.9279,0.5704,0.5092,0.0706,0.6656,0.6562,0.4954,0.3575,0.0612,0.4386,92.3496,113.0629,13.6095,1.7742
84.067,2522,sitting,0.7498,1.0903,-0.0938,2.7297,1.1841,0.4338,1.0666,0.9295,0.5701,0.5099,0.0708,0.6652,0.6501,0.4966,0.3594,0.0602,0.4391,92.4488,114.2621,14.8936,1.7495
84.1,2523,sitting,0.7499,1.0917,-0.0926,2.733,1.1842,0.4333,1.0671,0.9309,0.5689,0.5108,0.0709,0.6645,0.6417,0.4981,0.3619,0.0582,0.4398,92.4266,115.3175,16.1719,1.7246
84.133,2524,sitting,0.7503,1.0928,-0.092,2.7363,1.1848,0.433,1.067,0.932,0.5686,0.5115,0.071,0.6638,0.6341,0.4984,0.3634,0.0571,0.4405,92.483,116.3593,17.3041,1.7073
84.167,2525,sitting,0.7519,1.0941,-0.0914,2.7401,1.1855,0.4326,1.0671,0.9338,0.5699,0.5111,0.0711,0.6654,0.6283,0.4972,0.3639,0.0588,0.4401,92.6891,117.2963,17.9687,1.6929
84.2,2526,sitting,0.7537,1.0952,-0.0907,2.7428,1.1859,0.4324,1.067,0.9358,0.5717,0.5109,0.0712,0.6671,0.6234,0.4953,0.3641,0.0608,0.4398,93.0318,118.1844,18.5067,1.6827
84.233,2527,sitting,0.7552,1.096,-0.0901,2.7437,1.1861,0.4323,1.0671,0.9378,0.5726,0.5104,0.0712,0.6688,0.6192,0.4946,0.3652,0.0622,0.4392,93.2729,118.9784,19.0422,1.6719
84.267,2528,sitting,0.7562,1.0961,-0.09,2.743,1.1861,0.4324,1.067,0.9392,0.5733,0.5098,0.0712,0.6703,0.6165,0.4938,0.366,0.0635,0.4385,93.4633,119.3634,19.2275,1.6644
84.3,2529,sitting,0.7568,1.096,-0.0904,2.743,1.1864,0.4325,1.0661,0.9402,0.5734,0.509,0.0712,0.6709,0.6151,0.4927,0.3669,0.0644,0.4378,93.8142,119.7187,19.4255,1.6577
84.333,2530,sitting,0.7568,1.0955,-0.0915,2.7429,1.187,0.4328,1.0638,0.9404,0.5733,0.5081,0.0711,0.6709,0.6141,0.4906,0.3671,0.0651,0.4371,94.0648,119.9068,19.5205,1.653
84.367,2531,sitting,0.7561,1.0951,-0.0927,2.7433,1.1877,0.433,1.0607,0.9395,0.5727,0.5065,0.071,0.6702,0.6131,0.488,0.3668,0.0662,0.4355,94.433,120.1083,19.5653,1.6492
84.4,2532,sitting,0.7555,1.0946,-0.0932,2.743,1.1877,0.433,1.0574,0.9386,0.5723,0.505,0.0709,0.6697,0.612,0.4851,0.3663,0.0673,0.434,94.8459,120.3815,19.6689,1.6426
84.433,2533,sitting,0.7559,1.0942,-0.0942,2.7429,1.1884,0.4332,1.0547,0.9383,0.5735,0.5035,0.0708,0.6702,0.6116,0.4812,0.3647,0.07,0.4327,95.5276,120.8622,19.7541,1.6396
84.467,2534,sitting,0.7558,1.0936,-0.0951,2.742,1.1887,0.4335,1.0527,0.9377,0.5738,0.5024,0.0707,0.6703,0.6114,0.4789,0.3639,0.0714,0.4317,96.0058,121.2089,19.8599,1.6387
84.5,2535,sitting,0.7546,1.0928,-0.0962,2.741,1.189,0.4338,1.0506,0.9365,0.5728,0.5005,0.0706,0.6691,0.6108,0.4779,0.3638,0.0722,0.4299,96.3358,121.3874,19.882,1.6385
84.533,2536,sitting,0.7538,1.0922,-0.0975,2.7415,1.1897,0.434,1.0489,0.9356,0.572,0.4989,0.0704,0.6678,0.6106,0.4769,0.3636,0.0731,0.4284,96.5797,121.4782,19.836,1.6409
84.567,2537,sitting,0.7537,1.0918,-0.0976,2.7407,1.1895,0.434,1.048,0.9352,0.5722,0.4968,0.0704,0.6669,0.6099,0.4758,0.3629,0.0754,0.4264,97.0668,121.8348,19.8445,1.6409
84.6,2538,sitting,0.7536,1.0916,-0.0978,2.7398,1.1894,0.4341,1.0473,0.935,0.5722,0.4961,0.0704,0.6664,0.6101,0.4752,0.3628,0.076,0.4257,97.1329,121.93,19.8689,1.6402
84.633,2539,sitting,0.7537,1.0912,-0.0978,2.738,1.1889,0.4342,1.0473,0.9349,0.5725,0.4955,0.0704,0.6666,0.6105,0.4748,0.3624,0.0769,0.4251,97.2998,122.1343,19.926,1.6388
84.667,2540,sitting,0.7542,1.0915,-0.0974,2.738,1.1889,0.4342,1.0477,0.9354,0.5731,0.4956,0.0705,0.6672,0.6114,0.4746,0.3623,0.0775,0.4252,97.2117,122.0649,19.8221,1.6397
84.7,2541,sitting,0.7542,1.0914,-0.0979,2.7379,1.1892,0.4344,1.0482,0.9352,0.5731,0.4954,0.0704,0.667,0.6114,0.4751,0.3621,0.0777,0.425,97.2004,122.251,19.9504,1.6405
84.733,2542,sitting,0.7538,1.0913,-0.0983,2.7377,1.1896,0.4345,1.0483,0.9349,0.5727,0.4952,0.0704,0.6666,0.6118,0.4756,0.3622,0.0776,0.4248,96.9817,122.3041,20.0249,1.6411
84.767,2543,sitting,0.7539,1.0913,-0.0985,2.7378,1.1899,0.4346,1.0485,0.9351,0.5727,0.4948,0.0703,0.6665,0.6123,0.4759,0.3625,0.0779,0.4245,96.9012,122.5258,20.1729,1.6416
84.8,2544,sitting,0.754,1.0917,-0.098,2.7379,1.1896,0.4345,1.0492,0.9355,0.5725,0.4951,0.0704,0.6669,0.6131,0.4767,0.3631,0.0774,0.4247,96.6924,122.3952,20.1121,1.6423
84.833,2545,sitting,0.754,1.0916,-0.0977,2.7372,1.1893,0.4345,1.0494,0.9358,0.5722,0.4951,0.0704,0.6667,0.6135,0.4771,0.3635,0.0771,0.4247,96.4606,122.3054,20.0812,1.6415
84.867,2546,sitting,0.7534,1.0903,-0.0976,2.7322,1.1879,0.4348,1.0485,0.9355,0.5714,0.4953,0.0704,0.6662,0.6134,0.4771,0.3641,0.0761,0.4249,96.2437,122.1071,20.0576,1.6406
84.9,2547,sitting,0.7532,1.089,-0.0971,2.7258,1.1861,0.4351,1.0477,0.9354,0.5711,0.4961,0.0705,0.6658,0.6134,0.4767,0.3643,0.075,0.4256,95.9634,121.8963,20.0259,1.639
84.933,2548,sitting,0.7529,1.0878,-0.0971,2.7204,1.1848,0.4355,1.0474,0.935,0.5709,0.4968,0.0705,0.6653,0.6132,0.4765,0.3641,0.0741,0.4264,95.7104,121.7399,20.0128,1.6378
84.967,2549,sitting,0.7528,1.0868,-0.0969,2.7157,1.1837,0.4359,1.0467,0.9348,0.5708,0.4971,0.0705,0.6645,0.6132,0.4759,0.364,0.0737,0.4266,95.6495,121.7993,20.0903,1.6369
85.0,2550,sitting,0.7523,1.0858,-0.0973,2.7122,1.1831,0.4362,1.0451,0.9346,0.5699,0.4971,0.0704,0.6636,0.6122,0.4752,0.3647,0.0728,0.4266,95.5684,121.7567,20.1379,1.6359
85.033,2551,sitting,0.7521,1.0854,-0.0979,2.7112,1.1832,0.4364,1.0442,0.9346,0.5695,0.4972,0.0703,0.663,0.6113,0.4747,0.3651,0.0723,0.4268,95.5055,121.692,20.1362,1.6357
85.067,2552,sitting,0.7511,1.0843,-0.0988,2.7089,1.1831,0.4367,1.0424,0.9338,0.5684,0.4969,0.0702,0.6621,0.6097,0.474,0.3654,0.0714,0.4267,95.41,121.634,20.1934,1.6361
85.1,2553,sitting,0.751,1.0844,-0.0986,2.7087,1.183,0.4367,1.0416,0.934,0.568,0.4974,0.0703,0.6614,0.609,0.4736,0.3661,0.0706,0.4271,95.2741,121.378,20.0686,1.6376
85.133,2554,sitting,0.7508,1.0843,-0.0988,2.7089,1.1831,0.4367,1.0408,0.9341,0.5676,0.4968,0.0702,0.6606,0.6078,0.4732,0.3665,0.0708,0.4266,95.2992,121.2415,19.9124,1.6391
85.167,2555,sitting,0.7511,1.0845,-0.0986,2.7094,1.1831,0.4367,1.0401,0.9343,0.5678,0.4968,0.0702,0.6605,0.6065,0.4722,0.3665,0.071,0.4266,95.3438,121.0841,19.7367,1.6411
85.2,2556,sitting,0.7509,1.0832,-0.0986,2.7048,1.1818,0.4369,1.0386,0.9343,0.5674,0.4963,0.0702,0.6603,0.6053,0.4711,0.3669,0.0712,0.426,95.5183,120.8968,19.513,1.6432
85.233,2557,sitting,0.7509,1.0825,-0.0983,2.702,1.1808,0.437,1.0377,0.934,0.5679,0.4955,0.0703,0.6603,0.6046,0.4698,0.3661,0.0723,0.4253,95.6866,120.7805,19.2575,1.6457
85.267,2558,sitting,0.7509,1.082,-0.0979,2.6994,1.1799,0.4371,1.0365,0.9339,0.568,0.4955,0.0703,0.6599,0.6033,0.4685,0.3659,0.0725,0.4252,95.6804,120.6632,19.1249,1.6451
85.3,2559,sitting,0.751,1.0813,-0.0975,2.6957,1.1788,0.4373,1.0354,0.9338,0.5683,0.4959,0.0704,0.6598,0.6026,0.4671,0.3655,0.0724,0.4255,95.6834,120.5386,19.006,1.6439
85.333,2560,sitting,0.751,1.0801,-0.0976,2.6913,1.1777,0.4376,1.0341,0.9337,0.5682,0.4957,0.0704,0.6594,0.6014,0.4658,0.3655,0.0725,0.4254,95.6484,120.3767,18.8351,1.6431
85.367,2561,sitting,0.7505,1.0789,-0.0975,2.6865,1.1764,0.4379,1.0321,0.9336,0.5673,0.4959,0.0704,0.659,0.6011,0.4648,0.3663,0.0714,0.4256,95.3544,120.0948,18.7199,1.6405
85.4,2562,sitting,0.7501,1.0774,-0.0977,2.6805,1.1751,0.4384,1.0306,0.9335,0.5668,0.4966,0.0703,0.6583,0.6004,0.4638,0.3667,0.0702,0.4263,95.0493,119.5127,18.3568,1.6403
85.433,2563,sitting,0.7503,1.0752,-0.0978,2.6719,1.173,0.439,1.0293,0.9336,0.567,0.4971,0.0703,0.658,0.5998,0.4622,0.3666,0.0699,0.4267,94.9682,119.0868,17.9887,1.6392
85.467,2564,sitting,0.7494,1.073,-0.0982,2.6643,1.1713,0.4396,1.0275,0.9328,0.566,0.497,0.0703,0.6575,0.5995,0.4614,0.3668,0.069,0.4267,94.7679,118.7252,17.7889,1.6366
85.5,2565,sitting,0.7484,1.0709,-0.0984,2.6564,1.1693,0.4402,1.0253,0.9317,0.565,0.497,0.0703,0.6575,0.5991,0.4603,0.3666,0.068,0.4268,94.6514,118.4273,17.6279,1.6353
85.533,2566,sitting,0.7478,1.0687,-0.0984,2.6479,1.1672,0.4408,1.0237,0.9309,0.5646,0.4969,0.0703,0.6577,0.5993,0.459,0.3662,0.0678,0.4266,94.7347,118.3177,17.517,1.6366
85.567,2567,sitting,0.747,1.0664,-0.0983,2.6387,1.1647,0.4414,1.0215,0.9297,0.5643,0.4968,0.0703,0.6575,0.5995,0.4572,0.3654,0.0675,0.4265,94.785,118.1802,17.3812,1.6372
85.6,2568,sitting,0.7461,1.0649,-0.0987,2.6333,1.1636,0.4419,1.0206,0.9288,0.5633,0.4971,0.0702,0.6576,0.6001,0.4573,0.3655,0.0662,0.4269,94.3956,117.7025,17.0885,1.6398
85.633,2569,sitting,0.745,1.0638,-0.0998,2.6307,1.1636,0.4423,1.0189,0.9278,0.5623,0.4977,0.0701,0.6571,0.6,0.4567,0.3655,0.0646,0.4276,94.1156,117.3718,16.9465,1.6443
85.667,2570,sitting,0.7432,1.0618,-0.1016,2.626,1.1634,0.443,1.0165,0.9258,0.5606,0.4977,0.0699,0.656,0.5998,0.456,0.3652,0.0628,0.4279,93.8614,117.0371,16.8515,1.6502
85.7,2571,sitting,0.7421,1.0604,-0.1029,2.6229,1.1634,0.4435,1.0143,0.9248,0.5595,0.4978,0.0697,0.6553,0.5993,0.4548,0.3653,0.0616,0.4282,93.6911,116.668,16.6363,1.6598
85.733,2572,sitting,0.7404,1.0582,-0.1045,2.6173,1.1627,0.4442,1.0113,0.9235,0.5573,0.4984,0.0695,0.6544,0.5994,0.454,0.3662,0.0589,0.4289,93.2613,115.8944,16.2436,1.669
85.767,2573,sitting,0.7394,1.0564,-0.1056,2.613,1.162,0.4447,1.0087,0.923,0.5558,0.4989,0.0693,0.6539,0.5992,0.4529,0.3672,0.0569,0.4295,92.9951,115.0011,15.6587,1.6785
85.8,2574,sitting,0.7384,1.0552,-0.1059,2.6096,1.1612,0.445,1.0069,0.922,0.5549,0.4994,0.0693,0.6532,0.5985,0.4521,0.3671,0.0554,0.4301,92.7606,114.2147,15.1003,1.689
85.833,2575,sitting,0.7385,1.0546,-0.1059,2.6065,1.1604,0.4452,1.0057,0.9219,0.5551,0.5009,0.0693,0.6528,0.598,0.4506,0.3668,0.0542,0.4316,92.6014,113.18,14.2758,1.7044
85.867,2576,sitting,0.7391,1.0534,-0.1058,2.602,1.1592,0.4455,1.0032,0.9223,0.5558,0.5022,0.0693,0.652,0.5969,0.4474,0.3665,0.0536,0.4329,92.4362,112.1396,13.3675,1.7071
85.9,2577,sitting,0.7391,1.0519,-0.1059,2.5963,1.1578,0.4459,1.0009,0.9222,0.556,0.5031,0.0693,0.6514,0.5956,0.4449,0.3663,0.0529,0.4338,92.2206,111.332,12.6791,1.7091
85.933,2578,sitting,0.7387,1.0502,-0.1063,2.5907,1.1565,0.4464,0.9979,0.9219,0.5555,0.5037,0.0692,0.6502,0.5942,0.4424,0.3664,0.0518,0.4345,91.8272,110.2242,11.7574,1.7118
85.967,2579,sitting,0.7387,1.0493,-0.106,2.5867,1.1553,0.4466,0.9955,0.9217,0.5557,0.5046,0.0692,0.6489,0.5915,0.4397,0.366,0.0511,0.4354,91.4618,109.3182,10.9617,1.714
86.0,2580,sitting,0.739,1.0484,-0.106,2.5835,1.1544,0.4468,0.9924,0.9225,0.5555,0.5054,0.0692,0.6487,0.5895,0.4369,0.367,0.0501,0.4361,91.0988,108.6843,10.4612,1.7179
86.033,2581,sitting,0.739,1.0479,-0.1062,2.5817,1.1541,0.447,0.9896,0.9232,0.5548,0.5069,0.0692,0.6481,0.5889,0.4348,0.3684,0.0478,0.4378,90.644,107.934,10.0435,1.7223
86.067,2582,sitting,0.7392,1.0478,-0.1055,2.58,1.1533,0.447,0.9878,0.9238,0.5545,0.5077,0.0692,0.6485,0.5894,0.4332,0.3692,0.0468,0.4385,90.3442,107.5443,9.7424,1.7235
86.1,2583,sitting,0.7395,1.047,-0.1051,2.576,1.1521,0.4472,0.9851,0.9245,0.5546,0.508,0.0693,0.6487,0.5901,0.4305,0.3699,0.0466,0.4387,90.1744,107.0507,9.2595,1.7243
86.133,2584,sitting,0.7398,1.0454,-0.1045,2.5687,1.1499,0.4477,0.982,0.9247,0.5549,0.5088,0.0693,0.6485,0.5897,0.427,0.3697,0.0462,0.4395,89.9768,106.433,8.7,1.723
86.167,2585,sitting,0.7396,1.0445,-0.104,2.5642,1.1484,0.4479,0.98,0.9249,0.5543,0.5093,0.0694,0.649,0.5898,0.4257,0.3707,0.045,0.4399,89.6058,105.8374,8.2547,1.72
86.2,2586,sitting,0.7394,1.043,-0.1036,2.5578,1.1466,0.4483,0.9785,0.9254,0.5534,0.5098,0.0694,0.6493,0.5897,0.4251,0.372,0.0436,0.4404,89.2368,105.2172,7.8177,1.7172
86.233,2587,sitting,0.7409,1.0439,-0.0997,2.5518,1.1436,0.4481,0.9808,0.9267,0.5551,0.5149,0.0699,0.6509,0.5924,0.4257,0.3716,0.0402,0.445,88.6192,104.34,7.4148,1.7093
86.267,2588,sitting,0.7421,1.0453,-0.0959,2.5487,1.1412,0.4478,0.9824,0.9282,0.5561,0.5189,0.0704,0.6519,0.5943,0.4263,0.3721,0.0372,0.4485,88.0986,103.5775,7.0607,1.7047
86.3,2589,sitting,0.7432,1.0445,-0.0927,2.5375,1.1372,0.4481,0.9832,0.9289,0.5574,0.5218,0.0708,0.6536,0.5965,0.4258,0.3715,0.0356,0.451,87.7947,103.1464,6.8414,1.6966
86.333,2590,sitting,0.7436,1.0423,-0.0908,2.5241,1.1331,0.4489,0.9825,0.9289,0.5584,0.5231,0.071,0.6542,0.5977,0.4241,0.3705,0.0353,0.4521,87.7273,102.8219,6.5333,1.6894
86.367,2591,sitting,0.7441,1.0408,-0.0897,2.5154,1.1305,0.4494,0.9813,0.9291,0.5592,0.524,0.0711,0.6542,0.5986,0.4221,0.3699,0.0352,0.4528,87.6881,102.4517,6.1479,1.6843
86.4,2592,sitting,0.7431,1.0388,-0.0886,2.5055,1.1275,0.45,0.9797,0.9282,0.558,0.5249,0.0713,0.6535,0.5987,0.4217,0.3702,0.0331,0.4536,87.3693,101.8446,5.8416,1.6786
86.433,2593,sitting,0.7423,1.036,-0.0878,2.4923,1.1238,0.4509,0.9778,0.927,0.5576,0.5252,0.0714,0.6534,0.5991,0.4203,0.3694,0.0323,0.4539,87.2549,101.7175,5.8084,1.6716
86.467,2594,sitting,0.7413,1.033,-0.0873,2.4788,1.1202,0.4519,0.976,0.9253,0.5573,0.5257,0.0715,0.6529,0.5991,0.4187,0.3679,0.0317,0.4542,87.1456,101.5108,5.7065,1.6651
86.5,2595,sitting,0.7408,1.0297,-0.087,2.4649,1.1167,0.453,0.9737,0.9242,0.5574,0.5267,0.0715,0.6529,0.5999,0.4163,0.3668,0.0307,0.4552,87.0662,101.2169,5.568,1.658
86.533,2596,sitting,0.741,1.0279,-0.0864,2.456,1.1143,0.4537,0.9712,0.924,0.558,0.5276,0.0716,0.6532,0.6006,0.4133,0.366,0.0304,0.456,87.0548,101.1238,5.5123,1.6543
86.567,2597,sitting,0.7412,1.0263,-0.086,2.4485,1.1123,0.4543,0.9695,0.9235,0.5588,0.5278,0.0716,0.6539,0.6019,0.4107,0.3646,0.031,0.4562,87.1861,101.117,5.4123,1.6506
86.6,2598,sitting,0.74,1.0232,-0.0892,2.4443,1.1124,0.4551,0.9643,0.9224,0.5577,0.5238,0.0712,0.6524,0.6004,0.4066,0.3647,0.0338,0.4526,87.4163,101.2087,5.1063,1.6487
86.633,2599,sitting,0.7405,1.0227,-0.0889,2.4405,1.1115,0.4555,0.9633,0.9225,0.5584,0.5244,0.0713,0.6527,0.6011,0.4049,0.3641,0.034,0.4531,87.4669,101.101,4.9638,1.6467
86.667,2600,sitting,0.7401,1.0223,-0.0888,2.4383,1.111,0.4557,0.9618,0.922,0.5581,0.525,0.0713,0.6521,0.6012,0.4037,0.364,0.0331,0.4537,87.4012,100.9695,4.9577,1.6457
86.7,2601,sitting,0.7398,1.0218,-0.0877,2.4344,1.1095,0.4558,0.9603,0.9217,0.5579,0.5256,0.0714,0.6519,0.601,0.4024,0.3638,0.0323,0.4541,87.2987,100.9799,5.0473,1.6429
86.733,2602,sitting,0.7402,1.0212,-0.0869,2.4305,1.1081,0.4559,0.9588,0.9219,0.5585,0.5258,0.0715,0.6521,0.6017,0.4002,0.3634,0.0327,0.4543,87.3153,101.0742,5.0591,1.6401
86.767,2603,sitting,0.7403,1.0202,-0.0866,2.4258,1.1068,0.4563,0.9574,0.9214,0.5592,0.5256,0.0716,0.6521,0.6022,0.3982,0.3622,0.0336,0.454,87.5198,101.2935,5.119,1.6375
86.8,2604,sitting,0.7394,1.0191,-0.0863,2.421,1.1054,0.4566,0.9557,0.9206,0.5582,0.5262,0.0716,0.6517,0.6026,0.3974,0.3624,0.032,0.4546,87.3466,101.0377,5.1154,1.6381
86.833,2605,sitting,0.7392,1.0182,-0.0867,2.4178,1.1048,0.457,0.954,0.9202,0.5583,0.5267,0.0716,0.6518,0.603,0.3958,0.3619,0.0315,0.4551,87.3351,101.07,5.2125,1.6368
86.867,2606,sitting,0.7389,1.0179,-0.0863,2.4161,1.1041,0.457,0.9527,0.9199,0.5579,0.5268,0.0716,0.6516,0.6036,0.3948,0.362,0.0311,0.4551,87.4193,101.2427,5.4188,1.6359
86.9,2607,sitting,0.7385,1.0173,-0.0867,2.4144,1.1041,0.4573,0.9518,0.9196,0.5574,0.5267,0.0716,0.6511,0.6036,0.3944,0.3621,0.0307,0.4551,87.5069,101.2943,5.5256,1.6351
86.933,2608,sitting,0.7379,1.0164,-0.0867,2.4108,1.1031,0.4576,0.9504,0.9187,0.5572,0.5269,0.0716,0.6506,0.6036,0.3932,0.3615,0.0303,0.4553,87.4707,101.3011,5.5858,1.6343
86.967,2609,sitting,0.7377,1.0157,-0.0868,2.4084,1.1025,0.4578,0.9497,0.918,0.5575,0.5269,0.0716,0.6508,0.6037,0.3923,0.3606,0.0306,0.4552,87.6201,101.3189,5.5652,1.6336
87.0,2610,sitting,0.737,1.0153,-0.0869,2.4069,1.1022,0.4579,0.9491,0.9169,0.5572,0.5266,0.0716,0.6509,0.6038,0.3919,0.3597,0.0306,0.455,87.6262,101.2824,5.5357,1.6312
87.033,2611,sitting,0.7361,1.0142,-0.0872,2.4037,1.1014,0.4582,0.948,0.9156,0.5565,0.5265,0.0716,0.6504,0.6034,0.3915,0.3591,0.03,0.455,87.5224,101.2815,5.6185,1.6282
87.067,2612,sitting,0.7357,1.0136,-0.0872,2.4014,1.1008,0.4584,0.9471,0.9153,0.5562,0.5259,0.0715,0.6503,0.6034,0.3909,0.3592,0.0303,0.4544,87.4658,101.3647,5.668,1.6261
87.1,2613,sitting,0.736,1.0133,-0.0871,2.4001,1.1004,0.4585,0.9466,0.9157,0.5563,0.5254,0.0716,0.6501,0.6034,0.3903,0.3594,0.0309,0.4538,87.562,101.4171,5.6248,1.6255
87.133,2614,sitting,0.7359,1.0133,-0.0874,2.4005,1.1007,0.4585,0.9466,0.9155,0.5562,0.525,0.0716,0.6495,0.6027,0.3904,0.3593,0.0313,0.4534,87.6766,101.4048,5.5612,1.6242
87.167,2615,sitting,0.7356,1.0132,-0.0874,2.4004,1.1006,0.4585,0.9463,0.9152,0.556,0.5247,0.0716,0.6491,0.602,0.3904,0.3592,0.0313,0.4532,87.6833,101.3382,5.496,1.6236
87.2,2616,sitting,0.735,1.013,-0.0872,2.3996,1.1002,0.4585,0.9453,0.9149,0.5551,0.5241,0.0716,0.6486,0.6006,0.3902,0.3598,0.031,0.4525,87.7062,101.1627,5.3553,1.6232
87.233,2617,sitting,0.7352,1.0125,-0.087,2.3978,1.0995,0.4586,0.9445,0.9152,0.5552,0.5241,0.0716,0.6487,0.6001,0.3892,0.36,0.0311,0.4525,87.7708,101.0758,5.2646,1.622
87.267,2618,sitting,0.7352,1.0124,-0.0865,2.3965,1.099,0.4586,0.9438,0.9153,0.555,0.5236,0.0716,0.6484,0.599,0.3888,0.3603,0.0314,0.452,87.6664,100.9173,5.081,1.6201
87.3,2619,sitting,0.735,1.0127,-0.0863,2.3969,1.099,0.4585,0.9433,0.9153,0.5548,0.5234,0.0717,0.6485,0.5987,0.3885,0.3605,0.0314,0.4517,87.7081,100.9252,5.0965,1.6208
87.333,2620,sitting,0.735,1.0128,-0.0862,2.3972,1.099,0.4584,0.943,0.9151,0.5549,0.5237,0.0717,0.6479,0.5982,0.3881,0.3602,0.0311,0.4521,87.6451,100.8873,5.0953,1.6231
87.367,2621,sitting,0.7346,1.0127,-0.086,2.3969,1.0987,0.4584,0.9423,0.9147,0.5545,0.524,0.0717,0.6478,0.5983,0.3878,0.3602,0.0304,0.4523,87.6099,100.7845,5.1081,1.6247
87.4,2622,sitting,0.7346,1.0129,-0.0858,2.3972,1.0987,0.4583,0.9423,0.915,0.5543,0.5243,0.0717,0.6481,0.5985,0.388,0.3607,0.03,0.4526,87.5205,100.7866,5.1706,1.6253
87.433,2623,sitting,0.7349,1.0133,-0.0858,2.3981,1.0991,0.4583,0.9421,0.9152,0.5546,0.5242,0.0717,0.6488,0.5991,0.3874,0.3606,0.0305,0.4525,87.5308,100.9029,5.2079,1.6268
87.467,2624,sitting,0.7351,1.0133,-0.0866,2.3991,1.1,0.4585,0.9417,0.9154,0.5547,0.5241,0.0716,0.649,0.5995,0.387,0.3607,0.0305,0.4525,87.5022,100.9864,5.2797,1.6298
87.5,2625,sitting,0.735,1.0133,-0.0871,2.3997,1.1004,0.4585,0.9414,0.9152,0.5548,0.524,0.0716,0.649,0.5996,0.3865,0.3604,0.0309,0.4524,87.5075,101.1424,5.3965,1.6301
87.533,2626,sitting,0.7352,1.0132,-0.087,2.3992,1.1002,0.4586,0.9412,0.9153,0.5551,0.5237,0.0716,0.6488,0.5996,0.3861,0.3601,0.0315,0.452,87.5875,101.3326,5.4869,1.6299
87.567,2627,sitting,0.7357,1.0132,-0.0869,2.399,1.1002,0.4586,0.9412,0.9154,0.556,0.5232,0.0716,0.6489,0.6001,0.3852,0.3594,0.0328,0.4516,87.6565,101.5687,5.5088,1.6303
87.6,2628,sitting,0.7353,1.0131,-0.0862,2.3976,1.0993,0.4585,0.9409,0.9153,0.5553,0.5231,0.0717,0.6485,0.5995,0.3856,0.3601,0.0322,0.4514,87.5912,101.4509,5.4719,1.633
87.633,2629,sitting,0.7359,1.013,-0.0861,2.3966,1.0991,0.4586,0.9408,0.9159,0.556,0.523,0.0717,0.6486,0.5995,0.3848,0.3599,0.033,0.4513,87.6783,101.5633,5.4456,1.633
87.667,2630,sitting,0.7358,1.0129,-0.0858,2.3957,1.0987,0.4586,0.9405,0.9157,0.5559,0.5229,0.0717,0.6485,0.5994,0.3846,0.3597,0.033,0.4512,87.5736,101.6476,5.5132,1.6312
87.7,2631,sitting,0.7356,1.0129,-0.0857,2.3954,1.0985,0.4586,0.9404,0.9154,0.5559,0.5227,0.0718,0.6484,0.5991,0.3845,0.3595,0.0331,0.451,87.5856,101.6897,5.5366,1.6309
87.733,2632,sitting,0.7354,1.0126,-0.0854,2.3946,1.0981,0.4586,0.9402,0.9152,0.5556,0.5228,0.0718,0.6482,0.5989,0.3846,0.3596,0.0328,0.451,87.5321,101.6087,5.501,1.6302
87.767,2633,sitting,0.7361,1.0128,-0.0856,2.3952,1.0984,0.4586,0.9403,0.916,0.5562,0.523,0.0718,0.6487,0.5992,0.3841,0.3597,0.0333,0.4512,87.5422,101.5578,5.3938,1.6306
87.8,2634,sitting,0.7363,1.0126,-0.0856,2.3945,1.0982,0.4586,0.9403,0.9161,0.5565,0.523,0.0718,0.6493,0.5998,0.3838,0.3596,0.0336,0.4512,87.6804,101.6569,5.4407,1.6308
87.833,2635,sitting,0.7362,1.0128,-0.0854,2.3949,1.0982,0.4586,0.9408,0.916,0.5564,0.5234,0.0718,0.6495,0.6002,0.3844,0.3596,0.033,0.4516,87.7016,101.5501,5.42,1.6311
87.867,2636,sitting,0.736,1.0132,-0.085,2.3957,1.0982,0.4584,0.9415,0.9159,0.5561,0.5239,0.0718,0.6499,0.6006,0.3854,0.3598,0.0322,0.452,87.5777,101.5655,5.5486,1.6315
87.9,2637,sitting,0.7357,1.0132,-0.085,2.3962,1.0983,0.4583,0.9416,0.9157,0.5556,0.5244,0.0719,0.6496,0.5999,0.386,0.3601,0.0312,0.4525,87.4613,101.3649,5.5008,1.6299
87.933,2638,sitting,0.7359,1.0133,-0.0849,2.3964,1.0982,0.4583,0.9419,0.916,0.5557,0.5249,0.0719,0.6496,0.5997,0.3862,0.3603,0.0308,0.4531,87.3986,101.3581,5.5559,1.6294
87.967,2639,sitting,0.736,1.0134,-0.085,2.3968,1.0984,0.4583,0.9426,0.9163,0.5557,0.525,0.0719,0.6498,0.5991,0.3869,0.3606,0.0306,0.4532,87.3631,101.2928,5.5097,1.628
88.0,2640,sitting,0.7357,1.013,-0.0845,2.3952,1.0974,0.4582,0.9429,0.9163,0.5551,0.5253,0.0719,0.6492,0.5982,0.3878,0.3612,0.0298,0.4534,87.3598,101.2633,5.5888,1.6279
88.033,2641,sitting,0.736,1.0129,-0.0842,2.3947,1.0971,0.4581,0.943,0.917,0.5549,0.5252,0.072,0.6492,0.5981,0.3881,0.3621,0.0298,0.4532,87.3504,101.3584,5.676,1.6265
88.067,2642,sitting,0.7363,1.013,-0.0841,2.3952,1.0971,0.458,0.9434,0.9174,0.5553,0.5251,0.072,0.6494,0.5989,0.3881,0.3621,0.0302,0.4531,87.4031,101.3907,5.6431,1.6265
88.1,2643,sitting,0.7371,1.013,-0.0838,2.3952,1.0969,0.4579,0.9435,0.918,0.5562,0.5254,0.072,0.6503,0.6001,0.3872,0.3618,0.0308,0.4534,87.5818,101.4959,5.647,1.6258
88.133,2644,sitting,0.7375,1.0131,-0.0837,2.3952,1.0969,0.4579,0.9435,0.9184,0.5566,0.5255,0.072,0.6511,0.6011,0.3869,0.3617,0.0311,0.4535,87.6883,101.4959,5.6042,1.6243
88.167,2645,sitting,0.7376,1.0132,-0.0837,2.3952,1.0969,0.4579,0.9432,0.9186,0.5566,0.5257,0.072,0.6516,0.6022,0.3866,0.3619,0.0309,0.4537,87.6644,101.37,5.5125,1.6234
88.2,2646,sitting,0.7372,1.0127,-0.0846,2.3952,1.0973,0.4581,0.9428,0.9182,0.5562,0.5253,0.0719,0.6512,0.6022,0.3866,0.3619,0.0309,0.4534,87.6492,101.2169,5.3877,1.6234
88.233,2647,sitting,0.7372,1.013,-0.0852,2.397,1.0982,0.4581,0.9431,0.9181,0.5563,0.5248,0.0719,0.6508,0.6021,0.3868,0.3618,0.0315,0.4529,87.7182,101.4615,5.5254,1.6236
88.267,2648,sitting,0.7375,1.0134,-0.0857,2.3989,1.0991,0.4582,0.9434,0.9181,0.5569,0.5242,0.0718,0.6509,0.6023,0.3866,0.3612,0.0327,0.4524,87.8084,101.5744,5.4816,1.6233
88.3,2649,sitting,0.7373,1.0134,-0.0864,2.4,1.0998,0.4582,0.9435,0.918,0.5567,0.524,0.0717,0.6501,0.6009,0.3869,0.3613,0.0327,0.4523,87.7495,101.5835,5.506,1.6232
88.333,2650,sitting,0.7379,1.0136,-0.0866,2.401,1.1002,0.4582,0.9437,0.9187,0.5571,0.5247,0.0717,0.6501,0.6008,0.3866,0.3616,0.0324,0.453,87.7184,101.367,5.3505,1.6252
88.367,2651,sitting,0.7375,1.0136,-0.087,2.4016,1.1006,0.4583,0.9437,0.9184,0.5565,0.5247,0.0717,0.6494,0.6004,0.3872,0.3619,0.0318,0.4531,87.696,101.3015,5.3788,1.6262
88.4,2652,sitting,0.7376,1.0138,-0.0868,2.4018,1.1007,0.4583,0.944,0.9185,0.5567,0.5249,0.0717,0.6494,0.6004,0.3874,0.3619,0.0318,0.4532,87.7505,101.12,5.2259,1.6275
88.433,2653,sitting,0.7375,1.0141,-0.0865,2.4027,1.1006,0.4581,0.9439,0.9186,0.5564,0.5256,0.0717,0.6494,0.6001,0.3875,0.3622,0.0308,0.4538,87.6105,100.8947,5.1665,1.6278
88.467,2654,sitting,0.7374,1.0142,-0.0861,2.4021,1.1003,0.458,0.944,0.9185,0.5564,0.5264,0.0718,0.6494,0.6006,0.3876,0.362,0.03,0.4546,87.5373,100.7331,5.1299,1.6282
88.5,2655,sitting,0.7384,1.0144,-0.0856,2.4018,1.1,0.458,0.9445,0.9191,0.5578,0.5267,0.0719,0.6503,0.6017,0.3867,0.3612,0.0312,0.4548,87.6868,100.8312,5.0628,1.6279
88.533,2656,sitting,0.739,1.0144,-0.0855,2.4015,1.0999,0.458,0.9443,0.9196,0.5583,0.5264,0.0719,0.6509,0.6028,0.386,0.3613,0.0319,0.4546,87.7116,100.92,5.0434,1.6269
88.567,2657,sitting,0.7387,1.0146,-0.0853,2.4021,1.0999,0.4579,0.944,0.9194,0.5581,0.5262,0.0719,0.6511,0.6033,0.3858,0.3612,0.0319,0.4543,87.6431,100.8325,4.9704,1.6269
88.6,2658,sitting,0.7386,1.0144,-0.0848,2.401,1.0993,0.4578,0.9436,0.919,0.5582,0.5259,0.0719,0.6508,0.6028,0.3853,0.3608,0.0324,0.454,87.6084,100.7108,4.7988,1.6263
88.633,2659,sitting,0.7384,1.014,-0.0849,2.3996,1.0989,0.458,0.9432,0.9189,0.5579,0.526,0.0719,0.6506,0.6026,0.3852,0.3609,0.0319,0.4541,87.5383,100.6569,4.8126,1.6254
88.667,2660,sitting,0.7385,1.014,-0.0851,2.3995,1.0991,0.4581,0.9428,0.9191,0.558,0.5263,0.0719,0.6505,0.6022,0.3848,0.3611,0.0317,0.4544,87.4613,100.6883,4.8783,1.6259
88.7,2661,sitting,0.7384,1.0139,-0.085,2.3987,1.0988,0.4581,0.9423,0.9192,0.5576,0.5268,0.0719,0.6498,0.6016,0.3847,0.3616,0.0307,0.4549,87.2952,100.5511,4.8918,1.6266
88.733,2662,sitting,0.7386,1.0142,-0.0845,2.399,1.0987,0.458,0.9425,0.9195,0.5577,0.527,0.072,0.6494,0.6013,0.3848,0.3618,0.0307,0.455,87.284,100.5737,4.9207,1.6284
88.767,2663,sitting,0.7389,1.0144,-0.0842,2.3991,1.0986,0.4579,0.9424,0.9196,0.5582,0.527,0.072,0.6494,0.6011,0.3842,0.3614,0.0312,0.455,87.4037,100.7261,4.9723,1.6284
88.8,2664,sitting,0.7383,1.0139,-0.0839,2.397,1.0978,0.458,0.9421,0.9191,0.5575,0.5267,0.072,0.6492,0.601,0.3846,0.3616,0.0309,0.4547,87.2897,100.693,4.9927,1.6283
88.833,2665,sitting,0.7378,1.0135,-0.0843,2.3965,1.0979,0.4581,0.9415,0.9189,0.5567,0.526,0.072,0.649,0.6012,0.3849,0.3623,0.0307,0.454,87.2863,100.9269,5.2308,1.6292
88.867,2666,sitting,0.7376,1.013,-0.085,2.3954,1.0979,0.4584,0.9408,0.9187,0.5565,0.5253,0.0719,0.6487,0.6011,0.3843,0.3622,0.0311,0.4534,87.3347,101.1808,5.3991,1.6275
88.9,2667,sitting,0.7379,1.0128,-0.085,2.3943,1.0978,0.4585,0.9408,0.9187,0.5571,0.5248,0.0719,0.6485,0.6016,0.3836,0.3615,0.0324,0.4529,87.4221,101.3752,5.3936,1.6278
88.933,2668,sitting,0.738,1.0126,-0.0847,2.3924,1.0973,0.4587,0.9405,0.9186,0.5575,0.525,0.0719,0.6479,0.6013,0.383,0.3611,0.0325,0.4531,87.3313,101.3286,5.3341,1.6285
88.967,2669,sitting,0.7378,1.0125,-0.0848,2.3919,1.0973,0.4587,0.9401,0.9182,0.5573,0.5246,0.0719,0.6473,0.6012,0.3827,0.3608,0.0327,0.4528,87.2732,101.3256,5.2845,1.6291
89.0,2670,sitting,0.7377,1.0123,-0.0845,2.3904,1.0968,0.4588,0.9398,0.9179,0.5575,0.5244,0.0719,0.6472,0.6008,0.3823,0.3603,0.0331,0.4526,87.2935,101.4422,5.335,1.6301
89.033,2671,sitting,0.7371,1.0121,-0.0845,2.3895,1.0966,0.4589,0.9393,0.9172,0.557,0.524,0.0719,0.6463,0.6001,0.3822,0.3602,0.033,0.4522,87.2405,101.4113,5.3183,1.629
89.067,2672,sitting,0.7363,1.0118,-0.0847,2.3887,1.0964,0.459,0.9384,0.9166,0.556,0.5236,0.0718,0.6459,0.5995,0.3824,0.3606,0.0324,0.4518,87.1539,101.4473,5.4246,1.6279
89.1,2673,sitting,0.7364,1.0115,-0.0849,2.3879,1.0964,0.4591,0.9379,0.9165,0.5563,0.5231,0.0718,0.6463,0.6,0.3817,0.3602,0.0332,0.4513,87.2753,101.5983,5.4381,1.6267
89.133,2674,sitting,0.7357,1.0113,-0.0851,2.3874,1.0964,0.4592,0.9376,0.9156,0.5558,0.523,0.0718,0.6463,0.6008,0.3818,0.3598,0.0329,0.4512,87.1747,101.6099,5.48,1.6256
89.167,2675,sitting,0.7353,1.0108,-0.0859,2.3868,1.0967,0.4595,0.9368,0.9152,0.5555,0.5225,0.0717,0.6462,0.6012,0.3813,0.3598,0.033,0.4508,87.1479,101.504,5.3623,1.6231
89.2,2676,sitting,0.7339,1.0094,-0.0865,2.3837,1.096,0.4598,0.9357,0.9138,0.554,0.5222,0.0716,0.6454,0.6015,0.3817,0.3599,0.0318,0.4506,87.0642,101.2518,5.3145,1.6232
89.233,2677,sitting,0.7329,1.0088,-0.0868,2.3824,1.0957,0.4599,0.9348,0.9129,0.5529,0.5221,0.0716,0.6448,0.6022,0.3819,0.36,0.0308,0.4505,87.0501,101.1057,5.3251,1.6237
89.267,2678,sitting,0.7325,1.0084,-0.0867,2.3807,1.0952,0.46,0.9342,0.9126,0.5524,0.5221,0.0716,0.6445,0.6019,0.3818,0.3602,0.0303,0.4505,86.9959,100.9639,5.2621,1.6239
89.3,2679,sitting,0.7325,1.0083,-0.0868,2.3799,1.0952,0.4602,0.934,0.9125,0.5525,0.5224,0.0716,0.6446,0.6023,0.3815,0.36,0.0301,0.4508,87.0459,100.8715,5.205,1.6261
89.333,2680,sitting,0.733,1.0081,-0.0869,2.379,1.095,0.4603,0.9337,0.913,0.5529,0.5222,0.0716,0.6447,0.6026,0.3808,0.3601,0.0307,0.4506,87.2561,100.8761,5.116,1.6271
89.367,2681,sitting,0.7335,1.0081,-0.0869,2.3788,1.0949,0.4603,0.9335,0.9137,0.5532,0.5222,0.0716,0.6448,0.6031,0.3802,0.3605,0.031,0.4506,87.3535,100.8426,5.0456,1.6272
89.4,2682,sitting,0.7343,1.0077,-0.0866,2.377,1.0943,0.4604,0.9334,0.9145,0.5542,0.522,0.0717,0.6453,0.6041,0.3793,0.3603,0.0322,0.4503,87.5789,101.0186,5.0492,1.627
89.433,2683,sitting,0.7347,1.0075,-0.0865,2.3759,1.094,0.4605,0.9332,0.9148,0.5546,0.522,0.0717,0.6455,0.6049,0.3786,0.3602,0.0325,0.4504,87.692,101.1272,5.0963,1.6263
89.467,2684,sitting,0.7348,1.0069,-0.0862,2.3734,1.0932,0.4606,0.9326,0.9148,0.5548,0.5218,0.0717,0.6455,0.6054,0.3778,0.36,0.033,0.4501,87.7933,101.1738,5.0778,1.6247
89.5,2685,sitting,0.7347,1.0063,-0.086,2.3707,1.0923,0.4607,0.9319,0.9146,0.5548,0.5218,0.0717,0.6457,0.6053,0.3771,0.3598,0.0331,0.45,87.8132,101.2678,5.1503,1.6223
89.533,2686,sitting,0.7348,1.0053,-0.0861,2.3672,1.0914,0.4611,0.9313,0.9146,0.555,0.5213,0.0717,0.6459,0.6057,0.3763,0.3596,0.0337,0.4495,87.9664,101.4371,5.21,1.6208
89.567,2687,sitting,0.7347,1.0046,-0.0861,2.3645,1.0907,0.4613,0.9306,0.9146,0.5548,0.5207,0.0717,0.646,0.6061,0.3759,0.3598,0.0341,0.449,88.0039,101.5315,5.2385,1.6217
89.6,2688,sitting,0.7344,1.0043,-0.0855,2.3624,1.0898,0.4613,0.9302,0.9147,0.5542,0.5207,0.0718,0.6465,0.6067,0.3761,0.3605,0.0334,0.449,87.9347,101.4503,5.2377,1.6209
89.633,2689,sitting,0.7347,1.0043,-0.0851,2.3616,1.0894,0.4613,0.9299,0.915,0.5545,0.5206,0.0718,0.6473,0.6071,0.3754,0.3605,0.0339,0.4487,87.9746,101.5297,5.2272,1.6198
89.667,2690,sitting,0.7349,1.0036,-0.0849,2.3585,1.0885,0.4615,0.9294,0.9151,0.5547,0.5205,0.0718,0.6477,0.6078,0.3747,0.3603,0.0342,0.4487,87.9895,101.6893,5.3113,1.6172
89.7,2691,sitting,0.7352,1.0028,-0.0849,2.3554,1.0877,0.4618,0.9287,0.9153,0.5551,0.5202,0.0718,0.6479,0.6078,0.3736,0.3602,0.0349,0.4483,88.1265,101.7772,5.2757,1.6162
89.733,2692,sitting,0.7348,1.0026,-0.0849,2.3544,1.0875,0.4619,0.9283,0.9149,0.5548,0.5199,0.0719,0.6481,0.608,0.3735,0.3601,0.0349,0.448,88.1267,101.8127,5.2867,1.6152
89.767,2693,sitting,0.7343,1.0024,-0.0845,2.3531,1.0869,0.4619,0.9279,0.9145,0.5541,0.5198,0.0719,0.6482,0.6082,0.3738,0.3603,0.0343,0.4479,88.0786,101.7576,5.3232,1.6139
89.8,2694,sitting,0.7344,1.0022,-0.0848,2.3526,1.087,0.462,0.9276,0.9145,0.5543,0.5201,0.0719,0.6485,0.6088,0.3733,0.3602,0.0342,0.4483,88.1456,101.6783,5.2676,1.6141
89.833,2695,sitting,0.7343,1.0019,-0.0847,2.3511,1.0865,0.4621,0.9272,0.9144,0.5543,0.5204,0.0719,0.6481,0.609,0.373,0.3602,0.0338,0.4485,88.2425,101.5488,5.2016,1.6148
89.867,2696,sitting,0.7343,1.0013,-0.0845,2.3488,1.0858,0.4623,0.9267,0.9144,0.5541,0.5202,0.0719,0.6484,0.6093,0.3726,0.3603,0.0339,0.4483,88.2839,101.5663,5.2068,1.6139
89.9,2697,sitting,0.734,1.0005,-0.0847,2.3461,1.0851,0.4625,0.9261,0.914,0.554,0.5202,0.0719,0.6482,0.6092,0.3721,0.36,0.0337,0.4483,88.3073,101.5133,5.165,1.6124
89.933,2698,sitting,0.734,1.0002,-0.0848,2.3454,1.0849,0.4626,0.9257,0.9141,0.5538,0.5199,0.0719,0.6482,0.6093,0.3719,0.3603,0.0339,0.448,88.2998,101.6031,5.2223,1.6124
89.967,2699,sitting,0.7339,1.0003,-0.0852,2.3467,1.0855,0.4626,0.9255,0.9142,0.5535,0.52,0.0719,0.6483,0.6092,0.372,0.3607,0.0335,0.4481,88.3725,101.6155,5.2868,1.6134
90.0,2700,sitting,0.7343,0.9999,-0.0855,2.3454,1.0853,0.4627,0.9253,0.9142,0.5544,0.5195,0.0718,0.6487,0.6098,0.3709,0.3598,0.035,0.4477,88.6251,101.5908,5.0641,1.6132
90.033,2701,sitting,0.7346,0.9997,-0.0861,2.3456,1.0858,0.4629,0.9253,0.9141,0.555,0.5188,0.0717,0.6487,0.6098,0.3703,0.3591,0.0362,0.4471,88.7982,101.76,5.0352,1.6135
90.067,2702,sitting,0.7351,0.9995,-0.0863,2.3452,1.0858,0.463,0.9253,0.9144,0.5557,0.5183,0.0717,0.649,0.6101,0.3695,0.3587,0.0374,0.4466,88.9627,101.9838,5.0657,1.6125
90.1,2703,sitting,0.7355,0.9998,-0.0866,2.3463,1.0864,0.463,0.9258,0.9147,0.5564,0.5182,0.0717,0.6496,0.6105,0.3694,0.3584,0.0381,0.4466,89.0555,102.0579,5.0187,1.6127
90.133,2704,sitting,0.7351,0.9997,-0.0873,2.3467,1.0869,0.4632,0.9256,0.9141,0.556,0.5178,0.0716,0.6494,0.6107,0.3695,0.3581,0.0382,0.4462,89.0601,102.1053,5.0362,1.6128
90.167,2705,sitting,0.7351,0.9996,-0.0877,2.3471,1.0872,0.4632,0.9254,0.9143,0.556,0.5177,0.0716,0.6495,0.6109,0.3694,0.3582,0.0384,0.4461,89.1339,102.1376,5.0464,1.6145
90.2,2706,sitting,0.735,0.9996,-0.0882,2.348,1.0878,0.4633,0.9252,0.9143,0.5558,0.5179,0.0715,0.6494,0.6108,0.3694,0.3585,0.0378,0.4464,89.0482,102.0277,5.0206,1.6154
90.233,2707,sitting,0.7353,0.9995,-0.0878,2.3472,1.0873,0.4632,0.9248,0.9145,0.5561,0.518,0.0715,0.6491,0.6103,0.3687,0.3584,0.0381,0.4464,89.1304,102.0815,5.0295,1.6145
90.267,2708,sitting,0.7354,0.9996,-0.088,2.3481,1.0876,0.4632,0.9249,0.9144,0.5563,0.5184,0.0715,0.6489,0.6103,0.3686,0.3581,0.0379,0.4469,89.1094,102.036,5.0262,1.6165
90.3,2709,sitting,0.7355,1.0,-0.0878,2.3492,1.0878,0.463,0.9252,0.9144,0.5567,0.5181,0.0716,0.649,0.6104,0.3685,0.3577,0.0386,0.4466,89.2222,102.093,4.9793,1.6171
90.333,2710,sitting,0.7361,1.0002,-0.0873,2.3491,1.0876,0.463,0.9255,0.9149,0.5574,0.5185,0.0716,0.6493,0.6106,0.3682,0.3575,0.0389,0.4469,89.2243,101.9699,4.825,1.6173
90.367,2711,sitting,0.7368,1.0004,-0.0868,2.3486,1.0872,0.4629,0.9256,0.9155,0.5581,0.5187,0.0717,0.65,0.6109,0.3675,0.3574,0.0394,0.4471,89.3001,101.9766,4.7584,1.6169
90.4,2712,sitting,0.736,1.0,-0.0862,2.3468,1.0862,0.4628,0.9253,0.9151,0.5568,0.5194,0.0718,0.6494,0.6104,0.3685,0.3583,0.0374,0.4477,89.1069,101.6445,4.7353,1.6172
90.433,2713,sitting,0.7359,1.0002,-0.0855,2.3466,1.0857,0.4627,0.9255,0.9151,0.5567,0.5193,0.0718,0.6496,0.6101,0.3687,0.3584,0.0374,0.4475,89.0403,101.637,4.7169,1.6165
90.467,2714,sitting,0.7358,1.0,-0.0855,2.3461,1.0856,0.4627,0.9253,0.9149,0.5566,0.5195,0.0718,0.6491,0.6096,0.3687,0.3583,0.0371,0.4477,88.9456,101.6684,4.7955,1.6161
90.5,2715,sitting,0.7356,0.9997,-0.0856,2.3453,1.0854,0.4628,0.9253,0.915,0.5563,0.5197,0.0718,0.6489,0.6094,0.369,0.3587,0.0366,0.4479,88.8631,101.6212,4.8133,1.6162
90.533,2716,sitting,0.7354,0.999,-0.0855,2.3423,1.0845,0.463,0.9248,0.9147,0.5561,0.5193,0.0718,0.6487,0.6096,0.3687,0.3586,0.0368,0.4475,88.8284,101.5997,4.7655,1.6142
90.567,2717,sitting,0.7349,0.9987,-0.0851,2.3408,1.0839,0.463,0.9246,0.9144,0.5555,0.5198,0.0719,0.6488,0.6105,0.3691,0.3589,0.0357,0.4479,88.6631,101.4526,4.7915,1.6128
90.6,2718,sitting,0.7353,0.9978,-0.085,2.3373,1.0828,0.4633,0.9239,0.9144,0.5561,0.5199,0.0719,0.6494,0.6115,0.3677,0.3583,0.0363,0.448,88.7911,101.4355,4.6945,1.6104
90.633,2719,sitting,0.7355,0.9973,-0.0849,2.3356,1.0822,0.4633,0.9235,0.9146,0.5565,0.5196,0.0719,0.6495,0.6116,0.3671,0.3582,0.0369,0.4476,88.8175,101.355,4.5316,1.609
90.667,2720,sitting,0.7355,0.9967,-0.0849,2.3337,1.0816,0.4635,0.9232,0.9144,0.5567,0.5194,0.0719,0.6494,0.6121,0.3666,0.3577,0.0372,0.4475,88.8432,101.3289,4.4569,1.6075
90.7,2721,sitting,0.7355,0.9961,-0.0846,2.3312,1.0807,0.4636,0.9228,0.9143,0.5568,0.5195,0.072,0.6492,0.6121,0.366,0.3575,0.0372,0.4476,88.8986,101.2685,4.3901,1.6071
90.733,2722,sitting,0.7355,0.9956,-0.0846,2.3291,1.0802,0.4638,0.9225,0.9142,0.5568,0.5198,0.0719,0.6496,0.6128,0.3657,0.3574,0.037,0.4479,88.8374,101.152,4.3182,1.6071
90.767,2723,sitting,0.7357,0.9954,-0.0848,2.3284,1.0802,0.464,0.9222,0.9143,0.557,0.5199,0.0719,0.65,0.6139,0.3652,0.3574,0.037,0.448,88.8428,101.1055,4.2735,1.6073
90.8,2724,sitting,0.7353,0.9953,-0.0857,2.3296,1.081,0.464,0.9219,0.914,0.5567,0.5189,0.0718,0.65,0.6145,0.3652,0.3573,0.0378,0.4471,88.9948,101.3018,4.3477,1.6097
90.833,2725,sitting,0.7351,0.9948,-0.0861,2.3281,1.0809,0.4643,0.9214,0.9138,0.5565,0.5189,0.0718,0.6505,0.6157,0.3649,0.3574,0.0375,0.4471,88.9842,101.2849,4.3839,1.6089
90.867,2726,sitting,0.735,0.9943,-0.0868,2.3273,1.0812,0.4646,0.9207,0.9135,0.5565,0.5184,0.0717,0.6507,0.6159,0.3641,0.357,0.0382,0.4466,89.0195,101.3193,4.3417,1.6084
90.9,2727,sitting,0.7355,0.9942,-0.0866,2.3261,1.0808,0.4646,0.9205,0.9139,0.5571,0.5181,0.0717,0.6515,0.6166,0.3634,0.3568,0.039,0.4464,89.0661,101.31,4.2322,1.608
90.933,2728,sitting,0.7357,0.9939,-0.0865,2.3247,1.0804,0.4647,0.9201,0.9138,0.5575,0.5176,0.0718,0.6512,0.6167,0.3625,0.3562,0.0399,0.4459,89.2056,101.3926,4.1939,1.6084
90.967,2729,sitting,0.7362,0.9939,-0.0864,2.3244,1.0802,0.4647,0.92,0.9141,0.5584,0.5177,0.0718,0.6513,0.6167,0.3616,0.3557,0.0407,0.4459,89.3419,101.433,4.1314,1.6087
91.0,2730,sitting,0.7365,0.994,-0.0864,2.3252,1.0804,0.4647,0.9199,0.9142,0.5589,0.5173,0.0718,0.6512,0.6167,0.3611,0.3553,0.0415,0.4456,89.3957,101.5185,4.0858,1.6074
91.033,2731,sitting,0.7361,0.9941,-0.0864,2.326,1.0805,0.4645,0.9192,0.914,0.5581,0.5176,0.0717,0.6509,0.6167,0.3611,0.3558,0.0405,0.4459,89.2504,101.3097,4.0357,1.607
91.067,2732,sitting,0.7362,0.9939,-0.0866,2.3258,1.0805,0.4646,0.9189,0.914,0.5584,0.5174,0.0717,0.6508,0.6169,0.3605,0.3556,0.041,0.4456,89.2734,101.2442,3.9075,1.6063
91.1,2733,sitting,0.7364,0.9942,-0.0864,2.3264,1.0806,0.4645,0.9189,0.9143,0.5585,0.517,0.0717,0.6504,0.617,0.3605,0.3558,0.0415,0.4452,89.3439,101.3667,3.9529,1.6068
91.133,2734,sitting,0.7366,0.9942,-0.0862,2.326,1.0804,0.4645,0.9189,0.9146,0.5585,0.5167,0.0718,0.6504,0.6172,0.3604,0.356,0.0419,0.4449,89.3256,101.4685,3.9896,1.605
91.167,2735,sitting,0.7366,0.9941,-0.0864,2.3258,1.0805,0.4646,0.9185,0.9149,0.5583,0.5168,0.0717,0.6506,0.6172,0.3602,0.3566,0.0415,0.4451,89.2506,101.4702,4.0364,1.6023
91.2,2736,sitting,0.7362,0.9947,-0.0866,2.3281,1.0813,0.4645,0.9189,0.9148,0.5577,0.5165,0.0717,0.6512,0.6179,0.3613,0.3571,0.0411,0.4448,89.2595,101.5596,4.1633,1.6002
91.233,2737,sitting,0.7359,0.9954,-0.0867,2.3306,1.0821,0.4643,0.9196,0.9145,0.5573,0.5161,0.0717,0.6511,0.618,0.3623,0.3571,0.0412,0.4444,89.2021,101.6222,4.2161,1.6002
91.267,2738,sitting,0.7355,0.9957,-0.0871,2.3323,1.0829,0.4643,0.9201,0.9141,0.557,0.5162,0.0716,0.651,0.618,0.3631,0.3572,0.0407,0.4446,89.1731,101.5936,4.2533,1.6017
91.3,2739,sitting,0.7357,0.9962,-0.0878,2.3348,1.084,0.4643,0.9206,0.9143,0.5572,0.5162,0.0716,0.6506,0.6177,0.3634,0.3571,0.041,0.4446,89.2261,101.4903,4.119,1.6022
91.333,2740,sitting,0.7357,0.9963,-0.0879,2.3355,1.0843,0.4643,0.9207,0.9143,0.557,0.5166,0.0715,0.6503,0.6174,0.3637,0.3573,0.0404,0.4451,89.1645,101.2569,3.9994,1.6019
91.367,2741,sitting,0.7357,0.9969,-0.0879,2.3371,1.0848,0.4641,0.9209,0.9145,0.557,0.5171,0.0715,0.6505,0.6175,0.3639,0.3575,0.0399,0.4456,89.0577,101.1678,3.9921,1.6021
91.4,2742,sitting,0.7353,0.9967,-0.0884,2.3373,1.085,0.4642,0.9207,0.914,0.5566,0.5173,0.0715,0.6502,0.6174,0.3641,0.3574,0.0393,0.4458,89.0904,101.1076,4.0263,1.6028
91.433,2743,sitting,0.7348,0.9959,-0.0883,2.3351,1.0843,0.4643,0.9201,0.9135,0.5561,0.5174,0.0715,0.65,0.617,0.364,0.3574,0.0387,0.4459,89.0694,101.1139,4.1097,1.6029
91.467,2744,sitting,0.7344,0.9957,-0.0886,2.3348,1.0844,0.4644,0.9199,0.9135,0.5553,0.5179,0.0715,0.6499,0.6167,0.3645,0.3582,0.0375,0.4464,88.9127,100.8799,4.0689,1.604
91.5,2745,sitting,0.7344,0.9961,-0.0887,2.3362,1.0849,0.4644,0.9199,0.9133,0.5555,0.5179,0.0715,0.65,0.6164,0.3644,0.3579,0.0376,0.4464,89.0414,100.9455,4.1018,1.6056
91.533,2746,sitting,0.7343,0.9956,-0.0887,2.3341,1.0843,0.4646,0.9196,0.9132,0.5554,0.5179,0.0714,0.6498,0.6159,0.3642,0.3579,0.0375,0.4465,88.9302,100.8168,3.9945,1.6044
91.567,2747,sitting,0.7349,0.9951,-0.0891,2.3323,1.0841,0.4648,0.9193,0.9136,0.5561,0.518,0.0714,0.6501,0.6158,0.3631,0.3575,0.0381,0.4466,89.0394,100.8095,3.8878,1.6029
91.6,2748,sitting,0.7346,0.9945,-0.0884,2.3298,1.0829,0.4648,0.9184,0.9135,0.5556,0.5178,0.0715,0.6498,0.6158,0.3628,0.3579,0.0378,0.4463,88.9503,100.8539,3.9835,1.6023
91.633,2749,sitting,0.7343,0.9941,-0.0878,2.3279,1.0819,0.4648,0.9177,0.9134,0.5552,0.5184,0.0716,0.6496,0.6156,0.3625,0.3582,0.0368,0.4468,88.9076,100.6427,3.9357,1.6051
91.667,2750,sitting,0.7345,0.994,-0.0871,2.3263,1.0811,0.4647,0.9175,0.9134,0.5556,0.5187,0.0717,0.6497,0.6157,0.3619,0.3579,0.0369,0.447,89.0746,100.6018,3.8945,1.6074
91.7,2751,sitting,0.7348,0.9935,-0.0868,2.3242,1.0803,0.4648,0.9171,0.9136,0.556,0.5188,0.0717,0.6498,0.6158,0.3611,0.3576,0.0373,0.447,89.2125,100.5928,3.8319,1.6095
91.733,2752,sitting,0.7352,0.9935,-0.0866,2.3236,1.0802,0.4649,0.9173,0.914,0.5563,0.5186,0.0718,0.6505,0.6165,0.361,0.3577,0.0376,0.4469,89.3066,100.6837,3.857,1.6116
91.767,2753,sitting,0.7351,0.9931,-0.0861,2.3209,1.0792,0.465,0.9173,0.9141,0.5562,0.5187,0.0718,0.6511,0.6169,0.3611,0.3579,0.0375,0.4468,89.257,100.7577,3.935,1.6124
91.8,2754,sitting,0.7351,0.9931,-0.0852,2.3191,1.0783,0.4649,0.9174,0.9142,0.5561,0.519,0.0719,0.6516,0.6174,0.3613,0.3582,0.0371,0.447,89.1099,100.7144,3.9486,1.61
91.833,2755,sitting,0.7354,0.9926,-0.0853,2.3171,1.0779,0.4652,0.9173,0.9143,0.5565,0.5184,0.0719,0.6519,0.6175,0.3608,0.3578,0.0382,0.4464,89.2501,100.8767,3.9426,1.611
91.867,2756,sitting,0.7358,0.992,-0.0851,2.3146,1.0771,0.4654,0.917,0.9145,0.5571,0.5184,0.0719,0.6524,0.6177,0.3599,0.3574,0.0387,0.4464,89.2855,100.9681,3.951,1.6078
91.9,2757,sitting,0.7354,0.9912,-0.0852,2.3119,1.0765,0.4656,0.9167,0.914,0.5568,0.5179,0.0719,0.6522,0.6175,0.3599,0.3572,0.0389,0.4459,89.1597,100.9172,3.864,1.606
91.933,2758,sitting,0.7348,0.9905,-0.0848,2.3088,1.0753,0.4657,0.9165,0.9134,0.5563,0.5177,0.072,0.6519,0.6169,0.3602,0.3571,0.0386,0.4457,89.0066,100.8648,3.8547,1.6029
91.967,2759,sitting,0.7344,0.9897,-0.0845,2.3056,1.0742,0.4659,0.9161,0.9131,0.5557,0.5175,0.072,0.6515,0.6166,0.3603,0.3574,0.0382,0.4455,88.9503,100.8698,3.8849,1.6004
92.0,2760,sitting,0.7335,0.9896,-0.084,2.3051,1.0737,0.4658,0.9158,0.9124,0.5545,0.5168,0.072,0.6504,0.6164,0.3612,0.3579,0.0377,0.4448,88.817,100.8487,3.9254,1.599
92.033,2761,sitting,0.7331,0.9893,-0.0843,2.3043,1.0736,0.4659,0.9153,0.9124,0.5538,0.5166,0.072,0.6501,0.6162,0.3615,0.3585,0.0372,0.4446,88.7946,100.8142,3.959,1.5989
92.067,2762,sitting,0.7326,0.9891,-0.0846,2.3042,1.0738,0.466,0.9152,0.9122,0.5531,0.5165,0.0719,0.6498,0.616,0.3621,0.3591,0.0366,0.4446,88.6748,100.7491,3.9902,1.5992
92.1,2763,sitting,0.7324,0.9887,-0.0851,2.3032,1.0738,0.4662,0.915,0.912,0.5528,0.5162,0.0719,0.6497,0.6162,0.3621,0.3592,0.0367,0.4443,88.6608,100.8465,4.0592,1.5978
92.133,2764,sitting,0.7324,0.9887,-0.0851,2.3032,1.0738,0.4662,0.915,0.912,0.5527,0.5161,0.0719,0.6496,0.616,0.3623,0.3593,0.0366,0.4442,88.5409,100.7953,4.0159,1.5971
92.167,2765,sitting,0.7322,0.9888,-0.0856,2.304,1.0744,0.4663,0.9151,0.912,0.5524,0.5165,0.0718,0.6495,0.6161,0.3627,0.3597,0.0358,0.4447,88.3708,100.6348,3.9719,1.5967
92.2,2766,sitting,0.7317,0.9888,-0.0856,2.3041,1.0744,0.4663,0.9152,0.9116,0.5518,0.5166,0.0718,0.6489,0.6155,0.3634,0.3598,0.0352,0.4448,88.242,100.5048,3.9431,1.5971
92.233,2767,sitting,0.7316,0.9889,-0.0859,2.3049,1.0748,0.4663,0.9152,0.9115,0.5518,0.5166,0.0718,0.6487,0.6153,0.3635,0.3597,0.0352,0.4448,88.2232,100.5773,4.0024,1.5959
92.267,2768,sitting,0.7309,0.9892,-0.0861,2.3063,1.0753,0.4663,0.9154,0.9105,0.5513,0.5162,0.0717,0.6482,0.6145,0.3642,0.3592,0.0351,0.4444,88.1802,100.6213,4.0556,1.5935
92.3,2769,sitting,0.7306,0.989,-0.086,2.3057,1.075,0.4663,0.9153,0.9101,0.5512,0.5162,0.0718,0.6482,0.6143,0.3641,0.3589,0.0349,0.4445,88.1164,100.6386,4.092,1.592
92.333,2770,sitting,0.7308,0.989,-0.0861,2.3053,1.075,0.4663,0.9153,0.9102,0.5514,0.5163,0.0718,0.6484,0.6145,0.3639,0.3588,0.0351,0.4445,88.1568,100.6885,4.1158,1.5918
92.367,2771,sitting,0.7309,0.9888,-0.0859,2.3045,1.0747,0.4663,0.9154,0.9104,0.5515,0.5166,0.0718,0.6485,0.6145,0.3639,0.3589,0.0348,0.4448,88.1266,100.7082,4.1788,1.5911
92.4,2772,sitting,0.7309,0.9879,-0.0854,2.3007,1.0732,0.4665,0.9145,0.9102,0.5516,0.5165,0.0719,0.6482,0.6141,0.363,0.3586,0.035,0.4447,88.2033,100.7236,4.1801,1.59
92.433,2773,sitting,0.7311,0.9878,-0.0854,2.3006,1.0732,0.4665,0.9146,0.9102,0.5521,0.5162,0.0719,0.6482,0.6137,0.3625,0.3582,0.0359,0.4443,88.3664,100.7754,4.1144,1.5899
92.467,2774,sitting,0.7312,0.9873,-0.0858,2.2998,1.0731,0.4666,0.9142,0.9101,0.5522,0.516,0.0718,0.6479,0.613,0.362,0.3579,0.0362,0.4442,88.4424,100.8101,4.1006,1.5897
92.5,2775,sitting,0.7309,0.9874,-0.0857,2.3002,1.0731,0.4665,0.9144,0.9096,0.5521,0.5162,0.0718,0.6481,0.6129,0.3622,0.3575,0.0359,0.4444,88.4668,100.7917,4.1209,1.5885
92.533,2776,sitting,0.7317,0.9882,-0.0854,2.3023,1.0735,0.4663,0.9151,0.9103,0.5532,0.5162,0.0718,0.6487,0.6131,0.3619,0.3571,0.037,0.4443,88.5642,100.8702,4.0383,1.5892
92.567,2777,sitting,0.7318,0.9885,-0.0853,2.3036,1.0739,0.4662,0.9153,0.9103,0.5533,0.516,0.0718,0.649,0.6132,0.3621,0.357,0.0372,0.4442,88.5682,100.9578,4.0774,1.5891
92.6,2778,sitting,0.7325,0.9889,-0.0851,2.3045,1.074,0.4661,0.9155,0.911,0.554,0.5159,0.0718,0.6497,0.6133,0.3615,0.357,0.0381,0.444,88.6386,101.1021,4.0742,1.5872
92.633,2779,sitting,0.7323,0.9886,-0.0851,2.3035,1.0738,0.4661,0.9153,0.9105,0.554,0.5157,0.0718,0.6494,0.613,0.3613,0.3565,0.0383,0.4439,88.7015,101.1879,4.1328,1.5853
92.667,2780,sitting,0.7326,0.9887,-0.085,2.3036,1.0737,0.4661,0.9154,0.9107,0.5546,0.5159,0.0719,0.6498,0.6132,0.3608,0.3561,0.0386,0.444,88.8813,101.3034,4.1791,1.5838
92.7,2781,sitting,0.7331,0.989,-0.0846,2.3042,1.0737,0.466,0.9157,0.9108,0.5553,0.516,0.0719,0.6503,0.6137,0.3603,0.3555,0.0394,0.444,89.0397,101.4437,4.206,1.585
92.733,2782,sitting,0.7336,0.9895,-0.0841,2.3048,1.0735,0.4658,0.916,0.9112,0.556,0.5162,0.072,0.6503,0.6138,0.36,0.3552,0.0398,0.4442,89.1377,101.4969,4.2012,1.5858
92.767,2783,sitting,0.7339,0.9897,-0.084,2.306,1.0738,0.4657,0.9159,0.9116,0.5562,0.5169,0.072,0.6502,0.6137,0.3598,0.3554,0.0392,0.4449,89.1289,101.4922,4.2688,1.5867
92.8,2784,sitting,0.7334,0.99,-0.0851,2.3084,1.0751,0.4657,0.916,0.9113,0.5554,0.5166,0.0719,0.6497,0.6134,0.3606,0.3559,0.0388,0.4447,89.0537,101.2433,4.0933,1.5904
92.833,2785,sitting,0.733,0.9903,-0.0855,2.3104,1.0757,0.4656,0.9162,0.911,0.5551,0.516,0.0718,0.6492,0.6131,0.361,0.3558,0.0391,0.4442,89.0655,101.2701,4.0802,1.5924
92.867,2786,sitting,0.7328,0.9907,-0.0861,2.3131,1.0768,0.4655,0.9163,0.9108,0.5547,0.5156,0.0717,0.6489,0.6127,0.3616,0.3561,0.0392,0.4438,89.0135,101.3446,4.1307,1.5937
92.9,2787,sitting,0.7326,0.9908,-0.086,2.3133,1.0768,0.4655,0.9165,0.9106,0.5546,0.5153,0.0717,0.6487,0.6124,0.3619,0.356,0.0393,0.4436,88.9805,101.4506,4.1969,1.5941
92.933,2788,sitting,0.7326,0.9909,-0.0856,2.3131,1.0765,0.4654,0.9165,0.9105,0.5548,0.5152,0.0718,0.6486,0.6123,0.3617,0.3557,0.0396,0.4435,89.0655,101.4386,4.1281,1.5945
92.967,2789,sitting,0.7329,0.9908,-0.0854,2.3127,1.0762,0.4653,0.9166,0.9109,0.555,0.5155,0.0718,0.6485,0.6121,0.3616,0.3559,0.0395,0.4437,89.1296,101.3784,4.0801,1.5959
93.0,2790,sitting,0.7328,0.9909,-0.0853,2.3131,1.0763,0.4653,0.9165,0.911,0.5546,0.5156,0.0718,0.6483,0.6121,0.3619,0.3564,0.039,0.4438,89.0485,101.2688,4.0515,1.5964
93.033,2791,sitting,0.7321,0.9908,-0.0857,2.3129,1.0764,0.4654,0.9163,0.9105,0.5536,0.5158,0.0718,0.6476,0.6117,0.3626,0.3568,0.0378,0.444,88.8829,101.2186,4.1658,1.597
93.067,2792,sitting,0.7318,0.9908,-0.0857,2.3129,1.0765,0.4654,0.9164,0.9104,0.5531,0.5159,0.0718,0.6473,0.6114,0.3633,0.3573,0.0372,0.4441,88.7626,101.1562,4.1933,1.5979
93.1,2793,sitting,0.7317,0.9906,-0.0859,2.3126,1.0765,0.4655,0.9167,0.9102,0.5532,0.5154,0.0718,0.6469,0.611,0.3634,0.357,0.0378,0.4437,88.849,101.1352,4.0817,1.5991
93.133,2794,sitting,0.7318,0.99,-0.086,2.3106,1.076,0.4657,0.9163,0.9103,0.5533,0.5153,0.0718,0.6471,0.6108,0.363,0.3569,0.038,0.4435,88.9526,101.2758,4.1645,1.5992
93.167,2795,sitting,0.7323,0.9902,-0.0859,2.3109,1.0761,0.4656,0.9166,0.9105,0.5541,0.5154,0.0718,0.6475,0.6109,0.3625,0.3565,0.0386,0.4436,89.124,101.3489,4.1342,1.5997
93.2,2796,sitting,0.7322,0.9898,-0.0858,2.3096,1.0756,0.4657,0.9165,0.9109,0.5535,0.5158,0.0718,0.6475,0.6108,0.363,0.3574,0.0377,0.444,88.9377,101.2304,4.1591,1.5972
93.233,2797,sitting,0.7323,0.99,-0.0858,2.31,1.0758,0.4657,0.9167,0.9112,0.5534,0.5164,0.0718,0.6475,0.6107,0.3633,0.3578,0.0369,0.4446,88.7919,101.1155,4.1663,1.5979
93.267,2798,sitting,0.7328,0.9901,-0.0856,2.3099,1.0756,0.4657,0.9166,0.9116,0.554,0.5166,0.0718,0.6473,0.6112,0.3626,0.3576,0.0374,0.4448,88.7955,101.1041,4.1029,1.5988
93.3,2799,sitting,0.7327,0.99,-0.0852,2.3089,1.0751,0.4657,0.9167,0.9115,0.5539,0.5169,0.0719,0.6471,0.6116,0.3628,0.3576,0.037,0.445,88.6823,100.9878,4.0504,1.5982
93.333,2800,sitting,0.733,0.99,-0.0849,2.3082,1.0748,0.4657,0.9169,0.9116,0.5544,0.5167,0.0719,0.6468,0.6121,0.3625,0.3572,0.0376,0.4449,88.6707,100.9839,3.9694,1.5975
93.367,2801,sitting,0.7331,0.99,-0.0846,2.3075,1.0746,0.4657,0.917,0.9115,0.5548,0.5169,0.0719,0.6471,0.6127,0.3622,0.3567,0.0379,0.445,88.7397,101.0505,4.0047,1.5984
93.4,2802,sitting,0.7339,0.9902,-0.0846,2.3079,1.0748,0.4657,0.9173,0.9119,0.5559,0.5169,0.0719,0.6476,0.6132,0.3614,0.356,0.039,0.445,88.9144,101.2775,4.0536,1.5983
93.433,2803,sitting,0.7344,0.9904,-0.0848,2.3087,1.0753,0.4657,0.9176,0.9122,0.5565,0.5174,0.0719,0.6477,0.6134,0.3611,0.3557,0.0391,0.4455,88.9329,101.2157,3.9716,1.6002
93.467,2804,sitting,0.7343,0.9904,-0.0847,2.3083,1.075,0.4657,0.9176,0.9122,0.5564,0.5176,0.0719,0.6479,0.6136,0.3612,0.3558,0.0388,0.4457,88.8688,101.0704,3.882,1.6001
93.5,2805,sitting,0.7343,0.9902,-0.0852,2.3084,1.0754,0.4659,0.9175,0.912,0.5567,0.5175,0.0718,0.648,0.6136,0.3609,0.3553,0.0391,0.4457,88.9775,101.1475,3.9002,1.6002
93.533,2806,sitting,0.7347,0.9894,-0.0855,2.3062,1.0749,0.4661,0.9169,0.9121,0.5572,0.5174,0.0718,0.648,0.6135,0.3597,0.3549,0.0399,0.4456,89.1319,101.153,3.7968,1.5983
93.567,2807,sitting,0.7344,0.9891,-0.0857,2.3055,1.0748,0.4662,0.9162,0.9123,0.5565,0.5177,0.0718,0.6479,0.6133,0.3597,0.3558,0.0388,0.446,89.0018,100.922,3.7396,1.5964
93.6,2808,sitting,0.7342,0.9893,-0.0853,2.3061,1.0746,0.466,0.916,0.9121,0.5563,0.5171,0.0718,0.6484,0.6137,0.3597,0.3558,0.0392,0.4453,89.1299,101.0723,3.8154,1.597
93.633,2809,sitting,0.7343,0.9893,-0.0857,2.3069,1.0751,0.466,0.9159,0.9124,0.5562,0.5173,0.0718,0.6492,0.6142,0.3596,0.3561,0.039,0.4455,89.1393,100.9638,3.7617,1.5978
93.667,2810,sitting,0.7345,0.9887,-0.0862,2.3053,1.0749,0.4663,0.9155,0.9123,0.5567,0.5173,0.0717,0.6497,0.615,0.3588,0.3556,0.0395,0.4455,89.2152,101.0108,3.7494,1.5977
93.7,2811,sitting,0.7346,0.9882,-0.0862,2.3035,1.0744,0.4664,0.9149,0.9122,0.5569,0.5175,0.0717,0.6501,0.6154,0.358,0.3553,0.0394,0.4457,89.2146,101.0377,3.7798,1.5953
93.733,2812,sitting,0.7351,0.9883,-0.086,2.3035,1.0743,0.4664,0.9149,0.9125,0.5578,0.5176,0.0718,0.6507,0.6159,0.3571,0.3547,0.0402,0.4458,89.3158,101.0157,3.6601,1.5944
93.767,2813,sitting,0.7355,0.9886,-0.0858,2.3043,1.0744,0.4663,0.9151,0.9126,0.5583,0.5175,0.0718,0.6513,0.6164,0.3567,0.3543,0.0408,0.4457,89.3559,100.9665,3.5452,1.5933
93.8,2814,sitting,0.7352,0.9886,-0.0859,2.3042,1.0744,0.4663,0.915,0.9124,0.558,0.5175,0.0718,0.6517,0.6168,0.357,0.3544,0.0405,0.4458,89.312,100.9513,3.5897,1.5935
93.833,2815,sitting,0.7354,0.9887,-0.0862,2.3051,1.0749,0.4663,0.9151,0.9126,0.5582,0.5173,0.0717,0.652,0.6172,0.3569,0.3544,0.0408,0.4456,89.2922,100.97,3.562,1.5926
93.867,2816,sitting,0.7357,0.9891,-0.0861,2.3063,1.0752,0.4662,0.9152,0.9129,0.5586,0.5171,0.0717,0.6523,0.6176,0.3566,0.3544,0.0414,0.4454,89.2891,101.0191,3.5318,1.5913
93.9,2817,sitting,0.7357,0.9892,-0.0863,2.3073,1.0755,0.4662,0.9153,0.9128,0.5585,0.517,0.0717,0.6521,0.6174,0.3567,0.3543,0.0415,0.4453,89.3273,101.1119,3.6006,1.5908
93.933,2818,sitting,0.7361,0.9895,-0.0862,2.3077,1.0756,0.4661,0.9154,0.9133,0.5588,0.5172,0.0718,0.6525,0.6173,0.3566,0.3546,0.0416,0.4455,89.4234,101.2391,3.7008,1.5907
93.967,2819,sitting,0.7356,0.9897,-0.0861,2.3085,1.0759,0.466,0.9154,0.9132,0.5581,0.5174,0.0718,0.6522,0.6168,0.3573,0.3551,0.0407,0.4456,89.3157,101.2993,3.8666,1.5896
94.0,2820,sitting,0.7348,0.9894,-0.086,2.3078,1.0754,0.466,0.9153,0.9125,0.557,0.5163,0.0718,0.651,0.6157,0.3583,0.3555,0.0407,0.4446,89.3274,101.2726,3.8711,1.5908
94.033,2821,sitting,0.7338,0.9893,-0.0868,2.309,1.0761,0.466,0.9151,0.9119,0.5557,0.516,0.0717,0.6499,0.6147,0.3594,0.3562,0.0397,0.4443,89.1884,101.1631,3.9102,1.5915
94.067,2822,sitting,0.7336,0.9896,-0.0868,2.31,1.0764,0.466,0.9153,0.9118,0.5554,0.5158,0.0717,0.6495,0.6142,0.3599,0.3564,0.0395,0.4441,89.1349,101.1293,3.9134,1.5923
94.1,2823,sitting,0.7333,0.9892,-0.086,2.3075,1.0753,0.466,0.9153,0.9117,0.555,0.5158,0.0718,0.6486,0.6134,0.3603,0.3567,0.0392,0.444,89.0394,100.9801,3.8279,1.5914
94.133,2824,sitting,0.733,0.9892,-0.0862,2.3075,1.0754,0.466,0.915,0.9118,0.5542,0.5154,0.0718,0.6483,0.613,0.3608,0.3576,0.0388,0.4436,88.965,100.9167,3.8279,1.5922
94.167,2825,sitting,0.7325,0.989,-0.0861,2.3066,1.075,0.4661,0.9148,0.9118,0.5533,0.5155,0.0718,0.6483,0.613,0.3614,0.3584,0.0378,0.4437,88.7602,100.978,4.0094,1.5903
94.2,2826,sitting,0.7324,0.9888,-0.0858,2.3058,1.0747,0.4661,0.9148,0.9118,0.553,0.5154,0.0718,0.6484,0.6131,0.3618,0.3588,0.0376,0.4436,88.6956,101.0903,4.135,1.5904
94.233,2827,sitting,0.7322,0.9884,-0.0855,2.304,1.074,0.4661,0.9147,0.9114,0.5531,0.5152,0.0718,0.6484,0.6131,0.3616,0.3582,0.038,0.4433,88.7621,101.3374,4.299,1.59
94.267,2828,sitting,0.7322,0.9883,-0.0856,2.3038,1.0739,0.4661,0.9148,0.911,0.5535,0.5155,0.0718,0.6483,0.6131,0.3613,0.3575,0.038,0.4437,88.7433,101.3372,4.2974,1.5908
94.3,2829,sitting,0.7328,0.9879,-0.0856,2.3023,1.0734,0.4662,0.9145,0.9113,0.5542,0.5159,0.0718,0.6484,0.6133,0.3603,0.3571,0.0384,0.444,88.7435,101.2295,4.15,1.59
94.333,2830,sitting,0.7334,0.9881,-0.0855,2.3031,1.0735,0.4661,0.9146,0.9117,0.555,0.5158,0.0718,0.6484,0.6132,0.3596,0.3567,0.0392,0.444,88.8694,101.3453,4.1333,1.5903
94.367,2831,sitting,0.7338,0.9883,-0.0849,2.3034,1.0732,0.4659,0.9147,0.912,0.5555,0.5162,0.0719,0.6482,0.613,0.3592,0.3565,0.0393,0.4443,88.8282,101.2264,4.0049,1.5895
94.4,2832,sitting,0.7337,0.9883,-0.0848,2.3035,1.0731,0.4659,0.9149,0.9118,0.5555,0.5154,0.0719,0.6477,0.6124,0.3593,0.3563,0.0401,0.4435,88.9791,101.0466,3.7271,1.59
94.433,2833,sitting,0.7335,0.9883,-0.0846,2.3035,1.073,0.4658,0.9149,0.9118,0.5552,0.5154,0.0719,0.6475,0.6122,0.3597,0.3565,0.0399,0.4434,89.0375,101.1301,3.8403,1.5905
94.467,2834,sitting,0.7335,0.9879,-0.0841,2.3015,1.072,0.4658,0.9148,0.912,0.5549,0.5154,0.072,0.6476,0.6124,0.3599,0.357,0.0395,0.4435,89.0332,101.2044,3.9625,1.589
94.5,2835,sitting,0.7331,0.9878,-0.0841,2.3009,1.0718,0.4658,0.9146,0.9119,0.5542,0.5159,0.072,0.6476,0.6123,0.3604,0.3577,0.0383,0.4439,88.9345,101.1086,4.0456,1.5891
94.533,2836,sitting,0.7327,0.9875,-0.0837,2.2995,1.0712,0.4658,0.9142,0.9118,0.5536,0.516,0.072,0.6475,0.6121,0.3606,0.3582,0.0376,0.4439,88.891,101.2361,4.2521,1.5892
94.567,2837,sitting,0.732,0.987,-0.0836,2.2976,1.0706,0.4659,0.9137,0.9114,0.5525,0.5159,0.072,0.6468,0.6116,0.3611,0.3588,0.0366,0.4439,88.7617,101.1985,4.3478,1.5877
94.6,2838,sitting,0.7316,0.986,-0.0836,2.2943,1.0697,0.4662,0.9128,0.911,0.5521,0.5159,0.072,0.6465,0.6111,0.3607,0.3589,0.0363,0.4439,88.7206,101.4249,4.5971,1.5853
94.633,2839,sitting,0.7315,0.9857,-0.0839,2.2936,1.0696,0.4663,0.9126,0.9111,0.552,0.5158,0.072,0.6461,0.6106,0.3606,0.3591,0.0362,0.4437,88.7395,101.4691,4.6344,1.5851
94.667,2840,sitting,0.7316,0.986,-0.0836,2.294,1.0696,0.4663,0.9127,0.9113,0.5519,0.516,0.072,0.646,0.6105,0.3608,0.3594,0.0359,0.444,88.6695,101.3674,4.5855,1.5855
94.7,2841,sitting,0.732,0.9865,-0.0835,2.2953,1.07,0.4662,0.9131,0.9119,0.5521,0.5169,0.0721,0.6464,0.6109,0.361,0.3599,0.0352,0.4448,88.5741,101.3166,4.6405,1.5856
94.733,2842,sitting,0.7325,0.9871,-0.0832,2.2965,1.0703,0.466,0.9138,0.9122,0.5528,0.5171,0.0721,0.6466,0.6108,0.361,0.3595,0.0357,0.445,88.5998,101.3669,4.6098,1.5855
94.767,2843,sitting,0.7323,0.9875,-0.0835,2.2985,1.071,0.466,0.9144,0.9116,0.553,0.5169,0.0721,0.6467,0.6107,0.3613,0.3585,0.0362,0.4448,88.6709,101.5257,4.6771,1.5861
94.8,2844,sitting,0.7318,0.9872,-0.0831,2.2966,1.0702,0.466,0.9141,0.9116,0.552,0.5166,0.0721,0.6469,0.6106,0.3621,0.3596,0.0354,0.4445,88.5014,101.2444,4.5535,1.5856
94.833,2845,sitting,0.7317,0.9874,-0.0825,2.2966,1.0698,0.4658,0.9143,0.9115,0.5518,0.5171,0.0722,0.6466,0.6107,0.3625,0.3598,0.0347,0.4449,88.4005,101.035,4.4603,1.5852
94.867,2846,sitting,0.7312,0.9875,-0.0823,2.297,1.0697,0.4657,0.9143,0.9109,0.5516,0.5174,0.0722,0.6463,0.6103,0.3627,0.3593,0.0342,0.4452,88.283,101.0156,4.5144,1.5842
94.9,2847,sitting,0.7308,0.9878,-0.0827,2.299,1.0705,0.4656,0.9145,0.9105,0.5511,0.5178,0.0721,0.646,0.6098,0.3634,0.3594,0.0334,0.4456,88.1436,100.8125,4.4522,1.5845
94.933,2848,sitting,0.731,0.988,-0.0831,2.3005,1.0711,0.4656,0.9147,0.9106,0.5514,0.5182,0.0721,0.6462,0.6098,0.3633,0.3592,0.0332,0.4461,88.1041,100.5057,4.2001,1.5846
94.967,2849,sitting,0.7311,0.9885,-0.0832,2.3023,1.0716,0.4655,0.915,0.9108,0.5514,0.5189,0.0721,0.6465,0.6099,0.3636,0.3594,0.0325,0.4468,87.9874,100.2611,4.0787,1.5853
95.0,2850,sitting,0.7312,0.9885,-0.0831,2.3024,1.0717,0.4655,0.9153,0.9108,0.5516,0.5192,0.0721,0.6467,0.61,0.3637,0.3592,0.0324,0.4471,87.9771,100.22,4.0604,1.5862
95.033,2851,sitting,0.7316,0.9887,-0.0836,2.3033,1.0723,0.4655,0.9154,0.9109,0.5523,0.5195,0.072,0.647,0.6104,0.363,0.3586,0.0328,0.4475,88.0727,100.3404,4.1139,1.5878
95.067,2852,sitting,0.732,0.9887,-0.0837,2.3031,1.0724,0.4656,0.9154,0.9111,0.5529,0.5196,0.072,0.6473,0.6107,0.3625,0.3582,0.0333,0.4476,88.1261,100.4567,4.1571,1.5885
95.1,2853,sitting,0.7324,0.9887,-0.0836,2.3027,1.0723,0.4657,0.9156,0.9114,0.5534,0.5195,0.072,0.6473,0.6106,0.3623,0.358,0.0339,0.4475,88.1967,100.6055,4.2192,1.5875
95.133,2854,sitting,0.7326,0.9893,-0.0832,2.3038,1.0725,0.4655,0.9163,0.9116,0.5535,0.5199,0.0721,0.6472,0.6107,0.3627,0.3581,0.0336,0.4479,88.1075,100.5879,4.2475,1.5885
95.167,2855,sitting,0.7326,0.9894,-0.0832,2.304,1.0726,0.4656,0.9165,0.9115,0.5538,0.5196,0.0721,0.6471,0.6104,0.3627,0.3577,0.0342,0.4475,88.182,100.7922,4.3447,1.589
95.2,2856,sitting,0.7318,0.9885,-0.0836,2.3016,1.0721,0.4658,0.9154,0.9106,0.553,0.5185,0.072,0.6462,0.6099,0.3623,0.3576,0.0346,0.4464,88.3607,100.9225,4.4296,1.5871
95.233,2857,sitting,0.7315,0.9877,-0.0837,2.2993,1.0714,0.4659,0.9148,0.9102,0.5529,0.5181,0.072,0.6457,0.6092,0.362,0.3573,0.0347,0.4461,88.3938,100.821,4.3083,1.5855
95.267,2858,sitting,0.7319,0.9874,-0.084,2.2987,1.0714,0.4661,0.9145,0.9104,0.5534,0.5176,0.072,0.6457,0.6089,0.3611,0.3569,0.0359,0.4456,88.6378,101.0074,4.3076,1.5848
95.3,2859,sitting,0.7324,0.9871,-0.0842,2.2982,1.0713,0.4662,0.9144,0.9108,0.554,0.5174,0.072,0.6458,0.6089,0.3604,0.3568,0.0366,0.4454,88.7917,100.9889,4.1886,1.5837
95.333,2860,sitting,0.7321,0.9869,-0.0843,2.2977,1.0712,0.4662,0.9141,0.9106,0.5535,0.5174,0.072,0.6454,0.6083,0.3606,0.3571,0.0361,0.4455,88.6965,100.9606,4.2314,1.5839
95.367,2861,sitting,0.7322,0.9872,-0.084,2.2985,1.0712,0.466,0.9144,0.9105,0.5539,0.5171,0.072,0.6457,0.6082,0.3605,0.3566,0.0368,0.4451,88.8023,101.1195,4.272,1.5828
95.4,2862,sitting,0.7322,0.9875,-0.084,2.2997,1.0715,0.4659,0.9146,0.9104,0.5541,0.5168,0.072,0.6457,0.608,0.3605,0.3563,0.0372,0.4448,88.8649,101.1409,4.2224,1.5842
95.433,2863,sitting,0.7319,0.9879,-0.0839,2.3012,1.0718,0.4658,0.9148,0.9102,0.5537,0.517,0.072,0.6457,0.6078,0.3611,0.3565,0.0367,0.445,88.7675,100.9657,4.1309,1.5851
95.467,2864,sitting,0.732,0.9883,-0.0838,2.3022,1.0721,0.4657,0.9152,0.9103,0.5537,0.5172,0.072,0.646,0.6083,0.3614,0.3566,0.0365,0.4452,88.6828,100.7714,3.9788,1.5849
95.5,2865,sitting,0.7323,0.989,-0.0841,2.3046,1.0731,0.4656,0.9157,0.9105,0.5542,0.5172,0.072,0.6467,0.6089,0.3615,0.3562,0.037,0.4452,88.6739,100.6894,3.8264,1.5864
95.533,2866,sitting,0.7326,0.9894,-0.0841,2.3057,1.0735,0.4656,0.9161,0.9107,0.5546,0.5175,0.072,0.6475,0.6097,0.3615,0.3562,0.037,0.4456,88.6334,100.6713,3.8164,1.5879
95.567,2867,sitting,0.7322,0.9899,-0.0842,2.3076,1.0742,0.4655,0.9165,0.9106,0.5538,0.5178,0.0719,0.6477,0.61,0.3627,0.3568,0.036,0.4459,88.4196,100.6673,3.9528,1.5894
95.6,2868,sitting,0.7321,0.9894,-0.0847,2.3067,1.0741,0.4657,0.9156,0.9103,0.5538,0.5173,0.0719,0.6477,0.6098,0.3618,0.3565,0.0365,0.4455,88.4506,100.9276,4.1365,1.5883
95.633,2869,sitting,0.7323,0.9896,-0.0845,2.3069,1.0741,0.4656,0.9155,0.9106,0.554,0.5183,0.0719,0.6484,0.6107,0.3616,0.3567,0.0357,0.4464,88.3723,101.0898,4.3926,1.5885
95.667,2870,sitting,0.7322,0.9892,-0.085,2.3062,1.0742,0.4658,0.915,0.9106,0.5538,0.5183,0.0718,0.6484,0.6107,0.3612,0.3568,0.0355,0.4464,88.3629,101.1624,4.4707,1.5895
95.7,2871,sitting,0.7327,0.9889,-0.0856,2.306,1.0745,0.466,0.9147,0.911,0.5543,0.5182,0.0718,0.6481,0.6107,0.3604,0.3567,0.036,0.4465,88.4447,101.2229,4.449,1.5896
95.733,2872,sitting,0.7319,0.9886,-0.0859,2.3058,1.0745,0.466,0.9143,0.9104,0.5534,0.5183,0.0718,0.6474,0.61,0.3609,0.357,0.0351,0.4466,88.3496,101.1721,4.5255,1.5892
95.767,2873,sitting,0.7318,0.9882,-0.0863,2.3054,1.0745,0.4661,0.914,0.9102,0.5534,0.5177,0.0717,0.647,0.6095,0.3606,0.3569,0.0357,0.446,88.3642,101.3301,4.5722,1.5875
95.8,2874,sitting,0.7316,0.9878,-0.0865,2.3044,1.0742,0.4662,0.9135,0.91,0.5532,0.5175,0.0717,0.6465,0.6089,0.3603,0.3568,0.0357,0.4459,88.4292,101.3462,4.5844,1.5864
95.833,2875,sitting,0.7324,0.9879,-0.086,2.3041,1.0739,0.4661,0.9136,0.9108,0.5541,0.5176,0.0717,0.6467,0.609,0.3596,0.3567,0.0365,0.4459,88.5103,101.4154,4.5387,1.5851
95.867,2876,sitting,0.733,0.988,-0.0856,2.3039,1.0737,0.466,0.9139,0.9113,0.5548,0.5179,0.0718,0.6469,0.6091,0.3592,0.3565,0.0368,0.4462,88.5106,101.3623,4.4276,1.584
95.9,2877,sitting,0.7334,0.9887,-0.0855,2.306,1.0742,0.4658,0.9144,0.9118,0.555,0.5177,0.0718,0.647,0.6093,0.3594,0.3568,0.0373,0.446,88.5994,101.4079,4.4052,1.5851
95.933,2878,sitting,0.7336,0.9892,-0.0853,2.3075,1.0745,0.4657,0.915,0.912,0.5552,0.5179,0.0718,0.647,0.6093,0.3598,0.3569,0.0372,0.4461,88.5674,101.3544,4.3624,1.5862
95.967,2879,sitting,0.7338,0.9895,-0.0851,2.308,1.0746,0.4656,0.9153,0.9127,0.5549,0.5184,0.0718,0.6469,0.6096,0.3604,0.3578,0.0365,0.4466,88.4384,101.0801,4.2161,1.5878
96.0,2880,sitting,0.7336,0.9895,-0.0852,2.3086,1.0747,0.4655,0.9152,0.9121,0.5551,0.5182,0.0718,0.6467,0.61,0.3601,0.3571,0.0369,0.4464,88.6268,101.1039,4.1896,1.5895
96.033,2881,sitting,0.7336,0.9896,-0.085,2.3089,1.0747,0.4654,0.915,0.9119,0.5552,0.5183,0.0718,0.6467,0.61,0.3598,0.3567,0.0369,0.4465,88.7144,101.0433,4.144,1.5901
96.067,2882,sitting,0.7326,0.9891,-0.0853,2.3078,1.0744,0.4655,0.9144,0.9109,0.5544,0.5177,0.0718,0.6459,0.609,0.36,0.3565,0.0367,0.4459,88.7643,101.0551,4.1759,1.5911
96.1,2883,sitting,0.7329,0.989,-0.0856,2.3077,1.0745,0.4656,0.9144,0.9108,0.5549,0.5172,0.0718,0.6463,0.6089,0.3595,0.3559,0.0377,0.4454,88.8879,101.1932,4.1769,1.5919
96.133,2884,sitting,0.7334,0.9892,-0.0851,2.3076,1.0743,0.4655,0.9147,0.9111,0.5557,0.5173,0.0718,0.6469,0.6093,0.359,0.3555,0.0384,0.4454,88.922,101.3196,4.1813,1.5917
96.167,2885,sitting,0.7333,0.9892,-0.0847,2.3073,1.0739,0.4655,0.9146,0.9114,0.5553,0.5176,0.0719,0.6467,0.609,0.3594,0.3561,0.0376,0.4458,88.81,101.2747,4.2414,1.5932
96.2,2886,sitting,0.7332,0.9897,-0.0843,2.3084,1.074,0.4653,0.9149,0.9113,0.5551,0.5174,0.0719,0.6465,0.6091,0.3598,0.3562,0.0377,0.4455,88.7777,101.4566,4.406,1.596
96.233,2887,sitting,0.733,0.9897,-0.084,2.3077,1.0737,0.4652,0.9149,0.911,0.555,0.5176,0.072,0.6461,0.609,0.3599,0.356,0.0374,0.4457,88.7043,101.5026,4.4888,1.5969
96.267,2888,sitting,0.7332,0.99,-0.0837,2.3086,1.0738,0.4651,0.9151,0.9111,0.5552,0.5177,0.072,0.6462,0.6092,0.3599,0.3559,0.0375,0.4458,88.6876,101.545,4.517,1.5973
96.3,2889,sitting,0.733,0.9901,-0.0837,2.3087,1.0738,0.4651,0.9151,0.911,0.555,0.5177,0.072,0.6463,0.6093,0.3601,0.356,0.0373,0.4458,88.6191,101.6071,4.6074,1.5979
96.333,2890,sitting,0.7326,0.9897,-0.0845,2.3086,1.0742,0.4653,0.9147,0.9106,0.5547,0.5181,0.0719,0.6457,0.6093,0.36,0.3559,0.0366,0.4462,88.5719,101.5758,4.6646,1.5984
96.367,2891,sitting,0.7326,0.9896,-0.0846,2.3085,1.0742,0.4653,0.9147,0.9104,0.5548,0.5181,0.0719,0.6456,0.6093,0.3599,0.3556,0.0366,0.4463,88.5696,101.5858,4.6582,1.5981
96.4,2892,sitting,0.7321,0.989,-0.0846,2.3066,1.0736,0.4655,0.9145,0.9099,0.5543,0.5177,0.0719,0.6451,0.6087,0.3602,0.3556,0.0366,0.4458,88.729,101.4735,4.5759,1.5963
96.433,2893,sitting,0.7319,0.9888,-0.085,2.3061,1.0738,0.4656,0.9145,0.9098,0.554,0.5178,0.0719,0.6453,0.6088,0.3605,0.3558,0.0362,0.4459,88.7057,101.2652,4.4527,1.5959
96.467,2894,sitting,0.7317,0.9886,-0.0849,2.3051,1.0735,0.4657,0.9144,0.9097,0.5536,0.5178,0.0719,0.6454,0.6091,0.3608,0.3562,0.0357,0.446,88.6293,101.1784,4.4484,1.595
96.5,2895,sitting,0.7317,0.9891,-0.0851,2.3066,1.0742,0.4657,0.9148,0.9102,0.5533,0.518,0.0719,0.6456,0.6093,0.3615,0.357,0.0352,0.4462,88.549,100.9594,4.3255,1.5962
96.533,2896,sitting,0.7318,0.989,-0.0854,2.3071,1.0744,0.4657,0.9145,0.9103,0.5534,0.5179,0.0718,0.6453,0.6091,0.3612,0.3569,0.0355,0.4461,88.5144,100.8859,4.229,1.5971
96.567,2897,sitting,0.7319,0.9885,-0.0858,2.3061,1.0743,0.4658,0.9141,0.9103,0.5535,0.518,0.0718,0.6453,0.6089,0.3606,0.3568,0.0354,0.4463,88.4684,100.8163,4.1753,1.5953
96.6,2898,sitting,0.7322,0.9887,-0.0862,2.3075,1.075,0.4659,0.9142,0.9106,0.5538,0.5184,0.0717,0.6455,0.6092,0.3604,0.3568,0.0353,0.4467,88.4507,100.7658,4.1444,1.5961
96.633,2899,sitting,0.7325,0.989,-0.0867,2.3089,1.0757,0.4659,0.9145,0.9113,0.5537,0.5184,0.0717,0.6453,0.609,0.3608,0.3576,0.0352,0.4467,88.4774,100.6223,4.0222,1.5964
96.667,2900,sitting,0.733,0.9891,-0.0865,2.3087,1.0756,0.4659,0.9149,0.9119,0.5542,0.5188,0.0717,0.6455,0.6089,0.3607,0.3577,0.0354,0.447,88.4691,100.5279,3.9097,1.595
96.7,2901,sitting,0.7334,0.9899,-0.0865,2.3114,1.0765,0.4657,0.9153,0.9121,0.5547,0.5188,0.0717,0.6459,0.6092,0.3606,0.3574,0.0359,0.4471,88.5892,100.6432,3.9575,1.5959
96.733,2902,sitting,0.7335,0.9907,-0.0865,2.3138,1.0772,0.4656,0.916,0.9123,0.5548,0.5194,0.0717,0.6462,0.6097,0.3612,0.3575,0.0353,0.4477,88.5123,100.6024,3.9882,1.5971
96.767,2903,sitting,0.7337,0.9911,-0.0869,2.3158,1.078,0.4655,0.9162,0.9124,0.555,0.5191,0.0717,0.6464,0.6099,0.3611,0.3574,0.036,0.4474,88.6294,100.7439,4.0302,1.5984
96.8,2904,sitting,0.7326,0.9913,-0.0873,2.3181,1.0786,0.4653,0.916,0.9115,0.5536,0.5181,0.0716,0.6465,0.6098,0.3624,0.3579,0.0355,0.4464,88.5846,100.8617,4.2084,1.599
96.833,2905,sitting,0.7324,0.992,-0.0871,2.3203,1.0791,0.465,0.9164,0.9114,0.5534,0.5181,0.0717,0.647,0.6102,0.363,0.358,0.0352,0.4465,88.5223,101.069,4.4324,1.5998
96.867,2906,sitting,0.7321,0.9921,-0.0867,2.3203,1.0788,0.4649,0.9166,0.9113,0.553,0.5187,0.0717,0.6468,0.6104,0.3636,0.3582,0.0343,0.447,88.4457,101.0786,4.5649,1.5993
96.9,2907,sitting,0.7324,0.9929,-0.0868,2.3234,1.0797,0.4647,0.9179,0.9114,0.5534,0.5187,0.0717,0.6473,0.6107,0.3645,0.3579,0.0347,0.447,88.4982,101.0826,4.528,1.6007
96.933,2908,sitting,0.7332,0.9937,-0.0867,2.3258,1.0804,0.4645,0.9187,0.9121,0.5543,0.5189,0.0717,0.6479,0.6109,0.3644,0.3578,0.0354,0.4472,88.5866,101.1721,4.5158,1.6015
96.967,2909,sitting,0.7338,0.9942,-0.0869,2.328,1.0811,0.4644,0.9192,0.9126,0.555,0.5189,0.0717,0.6483,0.6111,0.3642,0.3575,0.0361,0.4472,88.6172,101.2205,4.4662,1.6015
97.0,2910,sitting,0.7339,0.9947,-0.0868,2.3294,1.0815,0.4643,0.9199,0.9125,0.5552,0.5189,0.0717,0.6489,0.6117,0.3647,0.3573,0.0363,0.4472,88.6018,101.3082,4.528,1.6015
97.033,2911,sitting,0.7334,0.9948,-0.0863,2.3292,1.0811,0.4642,0.9198,0.9121,0.5547,0.5193,0.0718,0.6491,0.612,0.3651,0.3574,0.0355,0.4475,88.5298,101.2547,4.6029,1.601
97.067,2912,sitting,0.733,0.9948,-0.086,2.3292,1.0809,0.4641,0.9197,0.9118,0.5542,0.5197,0.0718,0.6485,0.6114,0.3656,0.3576,0.0345,0.4479,88.4122,101.167,4.6686,1.601
97.1,2913,sitting,0.7327,0.9946,-0.0863,2.3291,1.0809,0.4641,0.9195,0.9113,0.554,0.5198,0.0718,0.6479,0.6108,0.3655,0.3574,0.0342,0.448,88.4311,101.0806,4.6353,1.6006
97.133,2914,sitting,0.7328,0.995,-0.0862,2.3304,1.0812,0.464,0.9198,0.9112,0.5544,0.5198,0.0718,0.648,0.6105,0.3653,0.3567,0.0346,0.448,88.5354,101.0979,4.5903,1.6013
97.167,2915,sitting,0.7327,0.9952,-0.0861,2.3309,1.0813,0.4639,0.92,0.9111,0.5544,0.5196,0.0718,0.6478,0.6105,0.3656,0.3567,0.0347,0.4478,88.4364,101.0345,4.5227,1.601
97.2,2916,sitting,0.7334,0.9953,-0.0858,2.3305,1.081,0.4639,0.9205,0.9114,0.5553,0.5197,0.0718,0.6477,0.6107,0.3652,0.3561,0.0357,0.4478,88.6101,101.0002,4.3669,1.6024
97.233,2917,sitting,0.7335,0.9956,-0.0862,2.3318,1.0817,0.4639,0.9213,0.9117,0.5553,0.5205,0.0718,0.6474,0.6105,0.366,0.3564,0.0348,0.4488,88.518,100.6231,4.1528,1.6036
97.267,2918,sitting,0.734,0.9958,-0.0862,2.3322,1.0819,0.4639,0.9222,0.9123,0.5557,0.5208,0.0717,0.6469,0.6102,0.3664,0.3566,0.035,0.449,88.4241,100.414,3.934,1.6045
97.3,2919,sitting,0.734,0.9959,-0.0863,2.3331,1.0823,0.4639,0.9226,0.9127,0.5554,0.5207,0.0717,0.6463,0.6097,0.3672,0.3572,0.0347,0.449,88.2789,100.3184,3.8943,1.6067
97.333,2920,sitting,0.7345,0.9974,-0.086,2.338,1.0835,0.4634,0.9241,0.9136,0.5554,0.5212,0.0717,0.6466,0.6096,0.3687,0.3582,0.0342,0.4495,88.1721,100.4483,4.0906,1.6103
97.367,2921,sitting,0.7348,0.9987,-0.0854,2.342,1.0841,0.4629,0.9258,0.9141,0.5555,0.5214,0.0718,0.647,0.6097,0.3704,0.3586,0.0341,0.4496,88.1802,100.6059,4.2678,1.6118
97.4,2922,sitting,0.7346,1.0008,-0.0853,2.3498,1.0861,0.4622,0.9282,0.9138,0.5555,0.5214,0.0718,0.6472,0.6095,0.3727,0.3583,0.0341,0.4496,88.1011,101.0116,4.6806,1.6143
97.433,2923,sitting,0.7356,1.004,-0.0855,2.362,1.0895,0.4613,0.932,0.9145,0.5568,0.5215,0.0718,0.6478,0.6097,0.3753,0.3577,0.0353,0.4497,88.2986,101.8221,5.281,1.6164
97.467,2924,sitting,0.7368,1.0067,-0.0855,2.3722,1.0922,0.4604,0.9363,0.9156,0.558,0.5217,0.0718,0.6483,0.6099,0.3783,0.3576,0.0363,0.4499,88.4192,102.3274,5.6388,1.62
97.5,2925,sitting,0.7384,1.009,-0.0848,2.3796,1.0938,0.4597,0.9415,0.9172,0.5595,0.5225,0.0719,0.6492,0.6105,0.3819,0.3577,0.037,0.4506,88.4945,102.8384,6.0404,1.6223
97.533,2926,sitting,0.7393,1.0108,-0.0838,2.3846,1.0946,0.459,0.9511,0.9179,0.5608,0.5234,0.072,0.6493,0.6113,0.3903,0.3571,0.0374,0.4514,88.4094,103.2757,6.4322,1.6217
97.567,2927,sitting,0.7391,1.0107,-0.0859,2.3906,1.0966,0.4587,0.9521,0.9177,0.5604,0.5195,0.0717,0.6477,0.6092,0.3916,0.3573,0.0409,0.4478,88.7328,104.2322,6.8703,1.6213
97.6,2928,sitting,0.739,1.0145,-0.0846,2.403,1.0991,0.4574,0.9535,0.9176,0.5604,0.5199,0.0719,0.647,0.6105,0.393,0.3571,0.0405,0.4481,88.8437,104.5687,7.2918,1.6265
97.633,2929,sitting,0.7402,1.0193,-0.0833,2.4185,1.1025,0.4559,0.9602,0.9194,0.561,0.5204,0.072,0.6472,0.6122,0.3992,0.3584,0.0406,0.4483,88.876,104.7033,7.4436,1.6311
97.667,2930,sitting,0.7415,1.0218,-0.0849,2.4328,1.1067,0.4549,0.9625,0.9213,0.5616,0.5167,0.0718,0.647,0.6137,0.4009,0.3597,0.0449,0.4449,89.4174,105.6146,7.7657,1.6349
97.7,2931,sitting,0.7399,1.0237,-0.0876,2.4458,1.1113,0.4543,0.9665,0.9203,0.5595,0.5139,0.0715,0.6453,0.6161,0.407,0.3608,0.0456,0.4424,89.3838,106.1508,8.245,1.6403
97.733,2932,sitting,0.7386,1.0265,-0.0895,2.4609,1.116,0.4535,0.9715,0.9193,0.558,0.5118,0.0712,0.6448,0.618,0.4136,0.3614,0.0461,0.4406,89.4251,106.9032,8.9548,1.6458
97.767,2933,sitting,0.7374,1.0287,-0.0895,2.4697,1.1182,0.4528,0.9775,0.9175,0.5573,0.5101,0.0712,0.645,0.6207,0.4203,0.3603,0.0472,0.4389,89.4643,107.8046,9.7253,1.6467
97.8,2934,sitting,0.7362,1.0288,-0.091,2.4731,1.1197,0.4528,0.9817,0.915,0.5573,0.5072,0.071,0.6454,0.6237,0.4243,0.3576,0.0502,0.4361,89.9054,109.2311,10.6979,1.6447
97.833,2935,sitting,0.7359,1.0309,-0.0908,2.4815,1.1217,0.452,0.9877,0.9132,0.5586,0.5051,0.0711,0.6474,0.6286,0.4291,0.3545,0.0535,0.4341,90.3932,110.4248,11.4399,1.6431
97.867,2936,sitting,0.7351,1.0316,-0.0907,2.4843,1.1223,0.4517,0.9936,0.9112,0.559,0.503,0.0711,0.6507,0.6338,0.4346,0.3522,0.056,0.4319,90.9077,112.2035,12.8161,1.6399
97.9,2937,sitting,0.7341,1.0308,-0.0912,2.483,1.122,0.4519,0.9979,0.9091,0.559,0.5003,0.071,0.6579,0.6437,0.4389,0.3501,0.0586,0.4293,91.4658,114.1973,14.3621,1.6331
97.933,2938,sitting,0.733,1.0297,-0.0916,2.4796,1.1213,0.4522,1.0003,0.9063,0.5597,0.4965,0.071,0.6666,0.65,0.4406,0.3467,0.0632,0.4255,92.1884,116.5215,16.0233,1.6216
97.967,2939,sitting,0.7331,1.0301,-0.0904,2.4791,1.1205,0.452,1.0052,0.9049,0.5613,0.495,0.0712,0.6717,0.6531,0.444,0.3436,0.0663,0.4238,92.708,117.9227,17.0457,1.6097
98.0,2940,sitting,0.736,1.0306,-0.0899,2.4804,1.1205,0.4518,1.0096,0.906,0.566,0.4942,0.0712,0.68,0.6543,0.4436,0.34,0.0718,0.4229,93.7937,120.2663,18.5667,1.5973
98.033,2941,sitting,0.7407,1.033,-0.0875,2.4851,1.1205,0.4509,1.017,0.9086,0.5729,0.4955,0.0715,0.6843,0.6487,0.4441,0.3357,0.0774,0.424,94.6998,121.9303,19.4414,1.5739
98.067,2942,sitting,0.7467,1.0358,-0.0837,2.4876,1.1195,0.45,1.0208,0.9135,0.58,0.4984,0.072,0.6886,0.6406,0.4408,0.3335,0.0816,0.4264,95.5501,123.22,20.1725,1.5485
98.1,2943,sitting,0.7501,1.038,-0.0806,2.49,1.1187,0.4493,1.0246,0.9169,0.5834,0.5017,0.0724,0.6919,0.6335,0.4412,0.3336,0.0817,0.4293,96.1026,124.3783,21.3288,1.5318
98.133,2944,sitting,0.7563,1.0407,-0.0748,2.4876,1.1154,0.4484,1.0298,0.9217,0.5909,0.5079,0.0731,0.6925,0.625,0.4389,0.3309,0.0829,0.4348,96.8498,125.2034,22.0146,1.5094
98.167,2945,sitting,0.7657,1.0482,-0.0655,2.4975,1.1136,0.4459,1.0406,0.9284,0.6031,0.5163,0.0742,0.697,0.6208,0.4375,0.3253,0.0867,0.4421,98.0509,126.3355,22.6499,1.5036
98.2,2946,sitting,0.7727,1.0581,-0.058,2.5204,1.1161,0.4428,1.0492,0.9336,0.6118,0.5231,0.0751,0.7002,0.6125,0.4374,0.3218,0.0887,0.448,99.0249,126.8999,23.0178,1.4964
98.233,2947,sitting,0.7796,1.0799,-0.0499,2.5912,1.1298,0.436,1.0611,0.9402,0.6189,0.529,0.076,0.7062,0.6096,0.4422,0.3213,0.09,0.4529,100.0434,127.3015,23.3196,1.5108
98.267,2948,sitting,0.7856,1.0838,-0.0415,2.5891,1.1253,0.4346,1.0653,0.9454,0.6257,0.5348,0.077,0.7097,0.6046,0.4395,0.3197,0.0909,0.4578,101.0075,127.4111,23.3964,1.4805
98.3,2949,sitting,0.7912,1.0879,-0.0333,2.5883,1.1212,0.4332,1.0697,0.9505,0.632,0.5402,0.078,0.7128,0.6019,0.4377,0.3185,0.0918,0.4622,102.3266,127.5654,23.5021,1.4457
98.333,2950,sitting,0.7972,1.0946,-0.0236,2.5944,1.1181,0.431,1.0762,0.9557,0.6387,0.5465,0.0792,0.7155,0.6016,0.4375,0.317,0.0922,0.4673,103.8893,127.9959,23.9087,1.4088
98.367,2951,sitting,0.8035,1.1017,-0.0118,2.5998,1.1135,0.4283,1.0835,0.961,0.646,0.5516,0.0807,0.7223,0.604,0.4376,0.315,0.0944,0.4709,105.6064,128.4016,24.0963,1.3688
98.4,2952,sitting,0.8066,1.1067,-0.0074,2.6093,1.1141,0.4269,1.0888,0.9638,0.6493,0.5546,0.0815,0.7253,0.6071,0.4395,0.3145,0.0946,0.4731,107.0366,129.198,24.8295,1.34
98.433,2953,sitting,0.8096,1.0978,-0.0037,2.5599,1.1014,0.4303,1.0879,0.9664,0.6529,0.5558,0.0823,0.7266,0.6084,0.435,0.3135,0.0971,0.4736,108.6246,130.1166,25.4311,1.2944
98.467,2954,sitting,0.8128,1.1034,-0.0007,2.574,1.1041,0.429,1.0931,0.9693,0.6563,0.5543,0.083,0.7312,0.6132,0.4367,0.313,0.1021,0.4713,110.544,131.4339,26.0289,1.2733
98.5,2955,sitting,0.8145,1.1121,0.0019,2.6022,1.1102,0.4266,1.1007,0.9711,0.658,0.5521,0.0837,0.734,0.6162,0.4427,0.3131,0.1059,0.4683,112.2453,132.4837,26.4738,1.2591
98.533,2956,sitting,0.8169,1.1315,0.0055,2.6788,1.1259,0.4203,1.1137,0.9737,0.6601,0.5498,0.0846,0.7395,0.6202,0.4537,0.3137,0.1103,0.4652,113.7738,133.2138,26.5616,1.2638
98.567,2957,sitting,0.8193,1.1372,0.0084,2.6973,1.1288,0.4185,1.1197,0.9768,0.6618,0.5471,0.0854,0.7456,0.6217,0.4579,0.315,0.1147,0.4617,115.5035,134.0696,26.7143,1.2474
98.6,2958,sitting,0.8216,1.1445,0.0073,2.7282,1.1373,0.4169,1.1262,0.9801,0.6631,0.542,0.0862,0.7465,0.6219,0.4632,0.3171,0.1211,0.4558,118.1042,135.3054,26.9851,1.2227
98.633,2959,sitting,0.8237,1.1523,0.0058,2.7629,1.1465,0.415,1.133,0.9836,0.6638,0.5378,0.0868,0.7488,0.6206,0.4692,0.3198,0.126,0.4511,120.2191,136.4038,27.2784,1.2079
98.667,2960,sitting,0.8274,1.1609,0.0073,2.7946,1.1536,0.4128,1.1413,0.9887,0.6661,0.5356,0.0876,0.7535,0.6207,0.4751,0.3226,0.1305,0.4481,122.0636,137.2107,27.3299,1.1952
98.7,2961,sitting,0.8316,1.1671,0.0105,2.8114,1.1565,0.4114,1.148,0.9945,0.6687,0.5328,0.0886,0.7569,0.6207,0.4793,0.3258,0.1358,0.4442,123.9626,137.7892,27.0954,1.1772
98.733,2962,sitting,0.8332,1.1713,0.0123,2.8253,1.159,0.4102,1.153,0.9982,0.6683,0.529,0.0894,0.7565,0.6151,0.4847,0.3299,0.1393,0.4396,125.5883,137.8704,26.6091,1.1649
98.767,2963,sitting,0.834,1.1754,0.014,2.8389,1.1614,0.4091,1.1585,1.0007,0.6672,0.5221,0.09,0.7558,0.6073,0.4914,0.3336,0.1451,0.432,127.4737,137.9572,25.8245,1.1624
98.8,2964,sitting,0.8352,1.1805,0.0171,2.8546,1.1633,0.4075,1.1648,1.0039,0.6665,0.5103,0.091,0.7551,0.5992,0.4982,0.3374,0.1562,0.4193,130.1789,138.6768,25.0512,1.1567
98.833,2965,sitting,0.837,1.1851,0.0196,2.8689,1.1655,0.4062,1.1704,1.0077,0.6662,0.5025,0.0919,0.7559,0.5898,0.5042,0.3415,0.1637,0.4106,132.1284,138.093,23.6163,1.1537
98.867,2966,sitting,0.8395,1.19,0.022,2.8854,1.1679,0.4048,1.1757,1.0107,0.6683,0.499,0.0926,0.7528,0.5678,0.5074,0.3424,0.1692,0.4064,133.283,136.6792,21.7256,1.1563
98.9,2967,sitting,0.8387,1.191,0.0238,2.8871,1.1672,0.4043,1.1776,1.0122,0.6651,0.4982,0.093,0.7498,0.5554,0.5125,0.3471,0.1669,0.4052,133.0758,134.404,19.8019,1.1637
98.933,2968,sitting,0.8373,1.1906,0.0238,2.8859,1.1668,0.4043,1.1785,1.0122,0.6623,0.4966,0.0932,0.7478,0.5485,0.5162,0.3499,0.1657,0.4034,133.0501,131.8175,17.5073,1.1613
98.967,2969,sitting,0.8345,1.1901,0.0237,2.8856,1.1664,0.4042,1.1793,1.0109,0.6581,0.4948,0.0934,0.7461,0.5436,0.5212,0.3528,0.1633,0.4014,132.6881,129.0879,15.2289,1.161
99.0,2970,sitting,0.8315,1.1898,0.023,2.8875,1.1668,0.4041,1.1793,1.0094,0.6536,0.4929,0.0934,0.7438,0.5396,0.5258,0.3558,0.1607,0.3995,132.0926,126.2022,12.9369,1.1624
99.033,2971,sitting,0.8302,1.1901,0.0228,2.8916,1.1674,0.4037,1.1802,1.0095,0.651,0.4927,0.0935,0.7435,0.5363,0.5292,0.3585,0.1583,0.3993,131.6121,123.4498,10.6458,1.165
99.067,2972,sitting,0.828,1.188,0.0227,2.8855,1.1653,0.4039,1.1789,1.0094,0.6466,0.492,0.0932,0.7433,0.5341,0.5323,0.3628,0.1546,0.3988,130.9493,120.4301,8.3192,1.1706
99.1,2973,sitting,0.8251,1.1854,0.0239,2.8777,1.1615,0.4036,1.1766,1.008,0.6422,0.4908,0.0928,0.7422,0.5303,0.5344,0.3658,0.1514,0.398,130.8212,118.0313,6.5287,1.1736
99.133,2974,sitting,0.8227,1.1839,0.026,2.873,1.1579,0.403,1.1749,1.0066,0.6387,0.4901,0.0918,0.7411,0.5262,0.5362,0.3679,0.1487,0.3983,131.3326,115.9922,5.0849,1.1817
99.167,2975,sitting,0.8154,1.1802,0.0308,2.8584,1.1493,0.4021,1.1711,1.0022,0.6286,0.4879,0.0904,0.7379,0.5206,0.5425,0.3736,0.1406,0.3975,131.8187,112.9815,3.4828,1.1864
99.2,2976,sitting,0.8075,1.174,0.0352,2.8377,1.1389,0.4013,1.1647,0.9972,0.6178,0.4863,0.0886,0.7316,0.5108,0.5469,0.3794,0.1315,0.3977,132.7165,109.6177,1.7693,1.1917
99.233,2977,sitting,0.8009,1.1687,0.0392,2.8198,1.1295,0.4006,1.1592,0.9934,0.6085,0.4863,0.0869,0.7266,0.504,0.5508,0.385,0.1222,0.3994,133.7277,106.2114,0.036,1.2002
99.267,2978,sitting,0.7945,1.1631,0.0408,2.8018,1.1223,0.4006,1.1542,0.9907,0.5983,0.4876,0.0852,0.7235,0.4988,0.5559,0.3923,0.1107,0.4024,134.2931,103.1648,1.1504,1.215
99.3,2979,sitting,0.7911,1.1594,0.0415,2.7858,1.118,0.4013,1.15,0.9884,0.5938,0.4866,0.0837,0.7221,0.4955,0.5562,0.3946,0.1072,0.4029,135.7147,101.4541,2.1317,1.2303
99.333,2980,sitting,0.7911,1.1586,0.0384,2.793,1.1202,0.4011,1.1473,0.9887,0.5935,0.485,0.0823,0.723,0.4952,0.5538,0.3952,0.1085,0.4027,138.0789,101.2754,2.4599,1.2465
99.367,2981,sitting,0.7928,1.1582,0.0352,2.8006,1.123,0.401,1.145,0.9894,0.5963,0.4787,0.0812,0.7248,0.4955,0.5487,0.3931,0.1176,0.3975,141.6164,103.0644,2.0519,1.257
99.4,2982,sitting,0.7973,1.1588,0.0281,2.8139,1.1307,0.4018,1.1435,0.9921,0.6025,0.4734,0.0803,0.7289,0.4977,0.541,0.3895,0.1291,0.3931,144.8828,106.4248,0.6711,1.275
99.433,2983,sitting,0.8018,1.1595,0.0208,2.8245,1.1387,0.4032,1.1436,0.9945,0.609,0.4694,0.0796,0.7322,0.501,0.5346,0.3855,0.1397,0.3898,147.4216,109.9056,0.9115,1.2914
99.467,2984,sitting,0.8084,1.1618,0.0121,2.8394,1.1498,0.4049,1.146,1.0,0.6169,0.4665,0.0788,0.7389,0.5084,0.5292,0.3831,0.1504,0.3876,149.5727,113.3306,2.4161,1.3129
99.5,2985,sitting,0.8137,1.1642,0.0045,2.8536,1.1596,0.4064,1.1476,1.0044,0.623,0.4627,0.0782,0.7451,0.5168,0.5246,0.3813,0.1604,0.3845,151.3635,115.5498,3.1165,1.3329
99.533,2986,sitting,0.8184,1.166,-0.0028,2.8639,1.1688,0.4081,1.1491,1.0082,0.6287,0.4616,0.0777,0.7518,0.5247,0.5205,0.3795,0.167,0.384,152.1181,116.4969,3.1266,1.3521
99.567,2987,sitting,0.8228,1.1669,-0.0098,2.8679,1.1767,0.4103,1.1513,1.0122,0.6334,0.4606,0.0772,0.7566,0.5318,0.5179,0.3789,0.1727,0.3835,152.4879,117.455,3.256,1.3693
99.6,2988,sitting,0.8264,1.1676,-0.0162,2.8715,1.1838,0.4123,1.1527,1.016,0.6368,0.4607,0.0767,0.7637,0.5428,0.5159,0.3792,0.176,0.3841,152.6914,117.8477,3.1117,1.3873
99.633,2989,sitting,0.8301,1.1678,-0.0227,2.8726,1.1905,0.4144,1.1545,1.0194,0.6408,0.4609,0.0761,0.7688,0.5484,0.5137,0.3786,0.1799,0.3847,152.9496,117.4865,2.3305,1.4035
99.667,2990,sitting,0.8335,1.1669,-0.0273,2.8689,1.1942,0.4163,1.1546,1.0225,0.6445,0.461,0.0757,0.7721,0.5512,0.5101,0.378,0.1836,0.3852,153.2354,116.476,1.0499,1.4165
99.7,2991,sitting,0.8343,1.1634,-0.0299,2.8533,1.1933,0.4182,1.1522,1.0232,0.6454,0.4598,0.0755,0.7708,0.5513,0.5068,0.3778,0.1856,0.3843,153.3142,115.7618,0.2038,1.424
99.733,2992,sitting,0.835,1.1582,-0.0319,2.8296,1.1901,0.4206,1.1485,1.024,0.6461,0.4595,0.0753,0.7712,0.5506,0.5024,0.3779,0.1866,0.3842,153.2218,114.9389,0.6995,1.4285
99.767,2993,sitting,0.8346,1.1524,-0.0339,2.8025,1.1864,0.4233,1.1429,1.023,0.6461,0.4606,0.0751,0.7697,0.5484,0.4968,0.3769,0.1855,0.3854,153.0438,114.1871,1.3898,1.4284
99.8,2994,sitting,0.8341,1.1472,-0.0353,2.7784,1.1824,0.4256,1.1365,1.022,0.6462,0.462,0.075,0.7685,0.5464,0.4902,0.3758,0.1842,0.387,152.8356,114.0041,1.6067,1.4272
99.833,2995,sitting,0.833,1.1408,-0.0363,2.7502,1.1771,0.428,1.1288,1.0203,0.6456,0.4617,0.0749,0.7654,0.5413,0.4832,0.3747,0.1839,0.3868,153.023,114.4027,1.4269,1.4259
99.867,2996,sitting,0.832,1.1338,-0.0374,2.7205,1.1713,0.4305,1.1212,1.0185,0.6455,0.4601,0.0748,0.7627,0.5379,0.4758,0.3731,0.1854,0.3853,153.2846,114.8928,1.2143,1.4265
99.9,2997,sitting,0.8311,1.1269,-0.039,2.6906,1.1659,0.4333,1.1143,1.0172,0.645,0.4589,0.0747,0.7603,0.5368,0.4693,0.3722,0.1861,0.3842,153.2987,115.3788,0.8886,1.4313
99.933,2998,sitting,0.8294,1.1188,-0.0397,2.6564,1.1585,0.4361,1.1057,1.0141,0.6446,0.4577,0.0746,0.756,0.5345,0.4611,0.3696,0.1868,0.3831,153.3342,115.6316,0.7263,1.43
99.967,2999,sitting,0.8278,1.1116,-0.0418,2.6269,1.1534,0.4391,1.0987,1.0111,0.6445,0.4555,0.0744,0.7509,0.5314,0.4542,0.3666,0.189,0.3811,153.3216,116.0737,0.3754,1.4348
100.0,3000,sitting,0.823,1.1041,-0.0441,2.599,1.1482,0.4418,1.0911,1.0052,0.6407,0.4537,0.0742,0.7465,0.527,0.4504,0.3646,0.187,0.3794,152.9824,116.0702,0.1067,1.4405
100.033,3001,,0.8192,1.0971,-0.0458,2.5751,1.1429,0.4438,1.0845,1.0004,0.638,0.4515,0.0741,0.7426,0.5234,0.4464,0.3624,0.1866,0.3774,152.9495,115.916,0.2102,1.4453
100.067,3002,,0.8165,1.0902,-0.0453,2.5507,1.1355,0.4452,1.0775,0.9972,0.6358,0.4502,0.0741,0.7407,0.5232,0.4417,0.3614,0.1855,0.3761,152.8782,115.539,0.5082,1.4443
100.1,3003,,0.8144,1.0839,-0.0456,2.5253,1.1295,0.4473,1.069,0.9942,0.6346,0.4496,0.0741,0.74,0.5293,0.4345,0.3596,0.185,0.3755,152.8482,115.1957,0.845,1.4346
100.133,3004,,0.8122,1.0786,-0.0465,2.5054,1.1251,0.4491,1.0607,0.9914,0.6329,0.4478,0.074,0.7376,0.5299,0.4279,0.3586,0.1851,0.3738,153.0244,115.0089,1.143,1.4262
100.167,3005,,0.8101,1.0726,-0.0472,2.4832,1.1199,0.451,1.0534,0.9888,0.6314,0.4463,0.074,0.7364,0.5291,0.4221,0.3574,0.1851,0.3723,153.1974,115.5562,0.7827,1.416
100.2,3006,,0.8059,1.0669,-0.0494,2.4643,1.1162,0.453,1.0462,0.9841,0.6277,0.4459,0.0738,0.734,0.5301,0.4186,0.3564,0.1817,0.3721,153.0545,116.1553,0.0357,1.4092
100.233,3007,,0.8009,1.06,-0.0515,2.4418,1.1115,0.4552,1.0401,0.9775,0.6243,0.4463,0.0736,0.73,0.5317,0.4158,0.3533,0.1779,0.3728,152.6991,116.2492,0.4096,1.3954
100.267,3008,,0.7982,1.0541,-0.0533,2.4231,1.1074,0.457,1.0366,0.9746,0.6217,0.4467,0.0734,0.7326,0.5387,0.4149,0.3529,0.175,0.3733,152.373,116.5219,0.9347,1.3838
100.3,3009,,0.7962,1.0516,-0.0538,2.415,1.1054,0.4577,1.0343,0.9718,0.6206,0.4466,0.0734,0.7321,0.5393,0.4138,0.3512,0.1739,0.3732,152.3504,117.0827,1.4965,1.3739
100.333,3010,,0.7947,1.0504,-0.0544,2.4123,1.1048,0.458,1.0339,0.9694,0.62,0.445,0.0733,0.7309,0.5378,0.4139,0.3494,0.175,0.3716,152.4691,117.9898,2.2588,1.3674
100.367,3011,,0.7944,1.0517,-0.0547,2.418,1.1063,0.4575,1.0336,0.9683,0.6204,0.4431,0.0733,0.7303,0.5394,0.4132,0.3479,0.1773,0.3698,152.8322,119.1133,3.1895,1.3578
100.4,3012,,0.7947,1.0539,-0.0544,2.4256,1.1083,0.4569,1.0351,0.9684,0.621,0.4413,0.0733,0.7289,0.5371,0.4141,0.3474,0.1796,0.368,153.2694,120.3201,4.199,1.3473
100.433,3013,,0.7974,1.056,-0.0551,2.4325,1.1111,0.4568,1.0395,0.9712,0.6237,0.4393,0.0733,0.7347,0.5465,0.4157,0.3475,0.1844,0.3661,154.0681,122.0176,5.3959,1.3453
100.467,3014,,0.8003,1.0604,-0.0577,2.4508,1.1181,0.4562,1.0454,0.9745,0.6261,0.436,0.073,0.7387,0.5524,0.4193,0.3484,0.1901,0.363,155.0324,123.6452,6.543,1.3462
100.5,3015,,0.8038,1.0663,-0.0597,2.4733,1.126,0.4553,1.0514,0.9785,0.629,0.4344,0.0728,0.7399,0.551,0.4224,0.3495,0.1946,0.3616,155.9552,125.1176,7.5176,1.3426
100.533,3016,,0.8072,1.0751,-0.0598,2.4946,1.135,0.455,1.0593,0.9834,0.6309,0.43,0.0728,0.7386,0.546,0.4284,0.3525,0.2009,0.3572,157.6585,127.4282,8.9974,1.3327
100.567,3017,,0.8114,1.0855,-0.0584,2.526,1.1438,0.4528,1.0696,0.9893,0.6336,0.4289,0.0731,0.742,0.546,0.436,0.3557,0.2047,0.3558,158.4826,129.8227,10.7358,1.3129
100.6,3018,,0.818,1.0989,-0.0579,2.5694,1.1568,0.4502,1.0829,0.9964,0.6396,0.4317,0.0732,0.7457,0.5479,0.4433,0.3568,0.208,0.3585,159.1471,131.7691,12.0648,1.3008
100.633,3019,,0.8236,1.1098,-0.0585,2.6069,1.1683,0.4481,1.0947,1.0026,0.6446,0.4326,0.0732,0.7496,0.5489,0.4501,0.358,0.212,0.3594,159.7594,133.6761,13.4279,1.29
100.667,3020,,0.8276,1.1213,-0.0595,2.6513,1.1808,0.4454,1.1064,1.007,0.6483,0.4338,0.0731,0.7565,0.5648,0.4581,0.3588,0.2145,0.3606,160.0656,135.2398,14.6494,1.288
100.7,3021,,0.8302,1.1312,-0.0598,2.6908,1.191,0.4426,1.1162,1.0098,0.6506,0.4356,0.0731,0.7579,0.5725,0.4656,0.3592,0.215,0.3625,159.765,135.936,15.436,1.2903
100.733,3022,,0.8311,1.1395,-0.0576,2.7228,1.1971,0.4397,1.1249,1.0112,0.651,0.4358,0.0732,0.7557,0.5759,0.4739,0.3601,0.2152,0.3626,158.8439,136.6508,16.2958,1.3047
100.767,3023,,0.8328,1.1477,-0.0556,2.7551,1.2032,0.4367,1.1332,1.0131,0.6526,0.439,0.0733,0.7556,0.5809,0.4807,0.3605,0.2136,0.3657,156.7312,136.6884,16.7192,1.343
100.8,3024,,0.8337,1.1535,-0.0544,2.7809,1.208,0.4344,1.1393,1.0136,0.6538,0.4421,0.0733,0.7563,0.5872,0.4855,0.3598,0.2117,0.3688,153.9918,136.4728,16.8457,1.3975
100.833,3025,,0.835,1.1592,-0.0544,2.8073,1.2136,0.4323,1.1456,1.0146,0.6553,0.4455,0.0733,0.7582,0.5923,0.4903,0.3593,0.2098,0.3722,150.9995,135.9399,16.8109,1.4635
100.867,3026,,0.835,1.1637,-0.0546,2.8315,1.2184,0.4303,1.1506,1.0144,0.6555,0.4501,0.0733,0.7577,0.5925,0.4952,0.359,0.2054,0.3768,148.0458,135.5872,16.9605,1.5104
100.9,3027,,0.8334,1.1677,-0.0611,2.8638,1.2288,0.4291,1.154,1.0135,0.6533,0.4535,0.0728,0.7574,0.5972,0.5007,0.3602,0.1998,0.3807,145.1602,134.9479,17.0626,1.5214
100.933,3028,,0.8325,1.1723,-0.0662,2.8949,1.2385,0.4278,1.1578,1.0132,0.6518,0.4575,0.0725,0.7582,0.602,0.5061,0.3615,0.1942,0.385,142.415,134.0706,16.9374,1.5417
100.967,3029,,0.8326,1.1775,-0.0708,2.9276,1.2483,0.4264,1.1626,1.014,0.6512,0.4604,0.0722,0.7595,0.6035,0.5114,0.3628,0.1908,0.3882,140.8225,133.5682,16.8599,1.5582
101.0,3030,,0.8333,1.1827,-0.0737,2.9568,1.2564,0.4249,1.1673,1.0152,0.6514,0.4649,0.0719,0.7607,0.6025,0.5159,0.3638,0.1865,0.393,139.4316,132.6697,16.5671,1.5798
101.033,3031,,0.8348,1.1892,-0.0743,2.9877,1.2636,0.4229,1.173,1.0169,0.6527,0.469,0.0718,0.762,0.5975,0.5203,0.3642,0.1837,0.3972,138.7096,132.1433,16.4296,1.5991
101.067,3032,,0.8357,1.1939,-0.0765,3.013,1.2704,0.4216,1.1778,1.0185,0.6528,0.4711,0.0716,0.7621,0.5935,0.525,0.3657,0.1816,0.3996,138.222,131.8908,16.3701,1.6186
101.1,3033,,0.8357,1.1984,-0.0782,3.038,1.2766,0.4202,1.1828,1.0195,0.652,0.4733,0.0714,0.7608,0.5892,0.5308,0.3675,0.1787,0.4019,137.6139,131.0921,16.0061,1.6392
101.133,3034,,0.8342,1.2011,-0.0779,3.0537,1.279,0.4188,1.1861,1.0188,0.6496,0.4763,0.0714,0.7593,0.5847,0.5365,0.3692,0.1734,0.4048,136.5928,129.9818,15.6287,1.6579
101.167,3035,,0.832,1.2035,-0.0753,3.0669,1.2788,0.417,1.189,1.0176,0.6463,0.4779,0.0717,0.7579,0.5782,0.5427,0.3713,0.1684,0.4062,135.182,128.8813,15.2477,1.6827
101.2,3036,,0.8306,1.2074,-0.0723,3.0865,1.2797,0.4146,1.1929,1.0181,0.6431,0.4802,0.072,0.7574,0.5734,0.5498,0.375,0.1629,0.4082,133.7031,128.0294,15.1082,1.7029
101.233,3037,,0.8302,1.2113,-0.0693,3.1062,1.2807,0.4123,1.1972,1.0185,0.6419,0.4845,0.0723,0.756,0.5694,0.5553,0.3766,0.1574,0.4122,132.2653,127.2246,14.9522,1.7289
101.267,3038,,0.8319,1.2153,-0.0696,3.1292,1.2849,0.4106,1.2011,1.021,0.6428,0.4917,0.0723,0.7604,0.5753,0.5584,0.3783,0.151,0.4194,130.4156,126.2952,14.7512,1.7584
101.3,3039,,0.8327,1.2175,-0.0649,3.1407,1.2824,0.4083,1.2029,1.022,0.6434,0.4952,0.0727,0.7678,0.5831,0.5595,0.3786,0.1483,0.4224,128.8688,125.6473,14.593,1.7894
101.333,3040,,0.8307,1.2176,-0.0642,3.1508,1.2818,0.4068,1.2024,1.0189,0.6426,0.4997,0.0728,0.7642,0.5818,0.5598,0.3762,0.143,0.4269,126.8002,124.4181,14.2057,1.8217
101.367,3041,,0.8293,1.219,-0.0657,3.1692,1.2847,0.4054,1.2027,1.0169,0.6417,0.506,0.0726,0.7606,0.5802,0.5611,0.3752,0.1357,0.4333,124.0314,122.5917,13.6049,1.857
101.4,3042,,0.8234,1.216,-0.0617,3.1637,1.2776,0.4038,1.199,1.0108,0.6361,0.5168,0.073,0.7489,0.5663,0.5629,0.3747,0.1192,0.4439,120.2487,120.0969,13.1852,1.8916
101.433,3043,,0.8129,1.2096,-0.0521,3.1416,1.2616,0.4016,1.1919,1.0011,0.6247,0.5217,0.0738,0.734,0.5473,0.5672,0.3764,0.103,0.4479,116.6813,118.0537,13.1695,1.8988
101.467,3044,,0.8017,1.2012,-0.0338,3.1,1.235,0.3984,1.1829,0.9915,0.612,0.5269,0.0753,0.717,0.5165,0.5709,0.3795,0.0851,0.4516,113.132,115.8894,13.1216,1.8959
101.5,3045,,0.7942,1.1961,-0.0175,3.0667,1.2135,0.3957,1.1766,0.9844,0.6041,0.535,0.0764,0.7049,0.4929,0.5725,0.3804,0.0691,0.4585,109.4648,113.4326,12.6724,1.9161
101.533,3046,,0.7877,1.1916,-0.0012,3.032,1.1928,0.3934,1.1706,0.9781,0.5973,0.5403,0.0774,0.6954,0.463,0.5734,0.3809,0.057,0.4628,105.5637,111.8267,12.5609,1.954
101.567,3047,,0.7813,1.1864,0.0094,3.0004,1.1771,0.3923,1.165,0.9723,0.5904,0.5456,0.0781,0.687,0.4395,0.5746,0.3819,0.0448,0.4676,101.5763,110.1194,12.4599,1.9079
101.6,3048,,0.779,1.1851,0.0143,2.9887,1.1708,0.3917,1.1629,0.9704,0.5876,0.5498,0.0784,0.6804,0.4251,0.5753,0.3828,0.0378,0.4714,98.5692,109.0923,12.3036,1.8867
101.633,3049,,0.7757,1.1818,0.0199,2.9673,1.1619,0.3916,1.1589,0.968,0.5834,0.5525,0.0787,0.6759,0.4135,0.5755,0.3845,0.0309,0.4738,95.3299,108.4239,12.4812,1.8499
101.667,3050,,0.7728,1.1789,0.0222,2.9527,1.1567,0.3917,1.1557,0.9648,0.5808,0.5533,0.0789,0.6699,0.4044,0.5749,0.384,0.0275,0.4744,93.4032,107.7391,12.2184,1.8388
101.7,3051,,0.7712,1.1767,0.0235,2.9409,1.1532,0.3921,1.1531,0.9629,0.5796,0.553,0.079,0.6676,0.4064,0.5735,0.3833,0.0265,0.474,91.8622,107.5788,12.1262,1.8288
101.733,3052,,0.7692,1.1619,0.0259,2.8689,1.136,0.396,1.1426,0.961,0.5774,0.5528,0.0792,0.6637,0.4051,0.5651,0.3836,0.0247,0.4736,90.1734,107.3311,12.069,1.7903
101.767,3053,,0.77,1.1617,0.024,2.8673,1.1377,0.3968,1.1416,0.9606,0.5795,0.5518,0.0792,0.6661,0.4145,0.5621,0.3811,0.0277,0.4726,89.7786,107.7948,12.0524,1.7912
101.8,3054,,0.7726,1.1771,0.0244,2.9323,1.1527,0.3931,1.1502,0.9621,0.5831,0.5535,0.0793,0.6697,0.4222,0.5672,0.379,0.0296,0.4741,89.1163,108.6448,12.5058,1.8092
101.833,3055,,0.7737,1.1758,0.0214,2.9258,1.1544,0.3946,1.1485,0.9614,0.586,0.5531,0.0793,0.6725,0.4399,0.5625,0.3754,0.0329,0.4738,88.9642,109.1189,12.4931,1.809
101.867,3056,,0.7762,1.1764,0.0212,2.9215,1.1552,0.3954,1.1485,0.9618,0.5905,0.5549,0.0793,0.6802,0.4694,0.558,0.3713,0.0356,0.4756,89.4331,110.2672,13.1422,1.8048
101.9,3057,,0.7773,1.1753,0.0198,2.9135,1.1554,0.3966,1.147,0.9607,0.5939,0.554,0.0793,0.6875,0.4943,0.5531,0.3668,0.0399,0.4747,90.2697,111.8302,13.9653,1.8017
101.933,3058,,0.779,1.1735,0.0187,2.9019,1.1548,0.398,1.1452,0.9602,0.5978,0.552,0.0793,0.6961,0.5133,0.5474,0.3624,0.0458,0.4727,91.6332,113.5598,14.7199,1.8042
101.967,3059,,0.7806,1.1716,0.0167,2.8907,1.155,0.3995,1.1431,0.9606,0.6006,0.5487,0.0792,0.7035,0.5254,0.5424,0.36,0.0519,0.4695,93.1081,115.3666,15.4823,1.8089
102.0,3060,,0.7793,1.1718,0.0144,2.8911,1.1574,0.4003,1.143,0.9574,0.6012,0.5463,0.079,0.7001,0.5256,0.5419,0.3563,0.0549,0.4673,94.4589,116.3544,15.9019,1.8216
102.033,3061,,0.7781,1.1705,0.0118,2.8835,1.1587,0.4018,1.1417,0.9544,0.6017,0.5435,0.0789,0.697,0.5266,0.54,0.3527,0.0582,0.4646,95.7253,117.3868,16.285,1.8308
102.067,3062,,0.7778,1.168,0.0098,2.8704,1.1583,0.4035,1.1392,0.9526,0.6031,0.5371,0.0788,0.6962,0.5279,0.5362,0.3496,0.066,0.4582,97.9591,119.0324,16.5288,1.8268
102.1,3063,,0.7759,1.1657,0.0072,2.859,1.1585,0.4052,1.137,0.9501,0.6016,0.53,0.0787,0.6924,0.527,0.5354,0.3485,0.0716,0.4513,99.8445,120.3331,16.7211,1.8247
102.133,3064,,0.7749,1.1433,0.0036,2.7624,1.1397,0.4126,1.1232,0.9478,0.6019,0.5198,0.0785,0.6887,0.5304,0.5213,0.3458,0.0822,0.4413,102.3408,121.7362,16.5269,1.7795
102.167,3065,,0.7751,1.1601,0.004,2.8312,1.1562,0.4084,1.1321,0.9469,0.6033,0.5126,0.0785,0.6881,0.532,0.5288,0.3436,0.0907,0.434,104.7581,123.9114,17.0229,1.8088
102.2,3066,,0.7743,1.1397,0.0027,2.74,1.137,0.415,1.1192,0.9444,0.6041,0.5051,0.0785,0.6852,0.532,0.5151,0.3403,0.099,0.4266,107.0954,125.4064,17.1601,1.7624
102.233,3067,,0.7737,1.1378,0.002,2.7306,1.1358,0.416,1.1171,0.9427,0.6047,0.5004,0.0784,0.6831,0.532,0.5124,0.338,0.1043,0.422,108.765,126.0173,16.9629,1.7489
102.267,3068,,0.7729,1.1362,0.0015,2.7228,1.1348,0.4168,1.1155,0.9417,0.6042,0.4933,0.0784,0.6831,0.5309,0.5113,0.3375,0.1109,0.4149,110.7144,126.9149,16.8383,1.732
102.3,3069,,0.7717,1.1532,-0.0,2.7985,1.1532,0.4121,1.1245,0.9408,0.6026,0.4881,0.0783,0.6835,0.5291,0.5219,0.3382,0.1145,0.4098,112.0486,127.3688,16.7247,1.7506
102.333,3070,,0.7701,1.1525,-0.0012,2.7955,1.1538,0.4127,1.1241,0.9397,0.6006,0.4833,0.0783,0.6794,0.5209,0.5235,0.3391,0.1173,0.405,113.098,128.1353,16.9968,1.7311
102.367,3071,,0.7695,1.1511,-0.0033,2.7901,1.1544,0.4137,1.1229,0.9399,0.599,0.4788,0.0782,0.677,0.5127,0.5239,0.3409,0.1203,0.4006,113.9137,128.7857,17.214,1.7093
102.4,3072,,0.7679,1.1349,-0.0052,2.7198,1.14,0.4192,1.1139,0.9394,0.5963,0.4746,0.078,0.6763,0.5095,0.5175,0.3431,0.1217,0.3966,114.1849,129.0929,17.3631,1.6552
102.433,3073,,0.767,1.1347,-0.006,2.7192,1.1407,0.4195,1.1137,0.94,0.5939,0.4685,0.078,0.6779,0.51,0.5198,0.346,0.1254,0.3906,115.0457,130.2282,17.8109,1.6293
102.467,3074,,0.7671,1.1514,-0.0073,2.7924,1.1587,0.4149,1.124,0.9413,0.5929,0.465,0.0779,0.6799,0.5123,0.5312,0.3484,0.1279,0.3871,115.4042,130.8323,18.0247,1.6373
102.5,3075,,0.7672,1.1535,-0.0078,2.7996,1.1613,0.4148,1.1263,0.9423,0.592,0.4629,0.0778,0.681,0.5143,0.5343,0.3503,0.1291,0.385,115.4614,131.2628,18.2802,1.62
102.533,3076,,0.7673,1.1544,-0.0091,2.8042,1.1635,0.4149,1.1276,0.9431,0.5914,0.4605,0.0778,0.6806,0.5132,0.5362,0.3517,0.1309,0.3827,115.681,131.9214,18.6619,1.6058
102.567,3077,,0.7672,1.155,-0.0088,2.8059,1.1639,0.4148,1.1288,0.9438,0.5906,0.4604,0.0778,0.68,0.5137,0.5382,0.3532,0.1302,0.3827,115.6959,132.0785,18.8894,1.594
102.6,3078,,0.7678,1.1559,-0.0095,2.8095,1.1654,0.4148,1.1304,0.9449,0.5907,0.461,0.0777,0.682,0.5156,0.5397,0.3543,0.1296,0.3833,115.4876,132.215,19.1732,1.5881
102.633,3079,,0.7677,1.1563,-0.0088,2.8092,1.1651,0.4147,1.1316,0.9453,0.5901,0.4629,0.0778,0.6804,0.5145,0.5415,0.3552,0.1272,0.3851,115.138,132.1967,19.491,1.5849
102.667,3080,,0.7685,1.1572,-0.0077,2.81,1.1648,0.4145,1.1329,0.9465,0.5905,0.4647,0.0778,0.6814,0.5157,0.5424,0.356,0.1257,0.3869,114.9396,132.3628,19.8286,1.583
102.7,3081,,0.7692,1.157,-0.0067,2.8082,1.1637,0.4144,1.1331,0.9473,0.5911,0.4664,0.0779,0.6855,0.5198,0.542,0.3562,0.1246,0.3885,114.7733,132.381,20.0571,1.5839
102.733,3082,,0.7694,1.1572,-0.0059,2.8081,1.1631,0.4142,1.1335,0.9476,0.5913,0.4687,0.078,0.6884,0.5235,0.5422,0.3563,0.1226,0.3907,114.3619,132.3093,20.3179,1.5858
102.767,3083,,0.7701,1.1573,-0.0051,2.8076,1.1624,0.414,1.1338,0.9478,0.5924,0.472,0.078,0.6889,0.5249,0.5414,0.3554,0.1204,0.3939,113.7859,132.1148,20.5334,1.5879
102.8,3084,,0.7695,1.1586,-0.0029,2.8084,1.1615,0.4136,1.1352,0.9474,0.5916,0.4773,0.0782,0.6876,0.5229,0.5436,0.3558,0.1143,0.399,112.8722,131.6617,20.8013,1.5937
102.833,3085,,0.7689,1.1577,-0.003,2.8071,1.1607,0.4135,1.1346,0.9464,0.5915,0.4795,0.0782,0.6862,0.5215,0.5431,0.3549,0.112,0.4012,112.1204,131.3647,21.0124,1.5965
102.867,3086,,0.7685,1.158,-0.0013,2.8072,1.1592,0.413,1.135,0.9454,0.5917,0.4819,0.0784,0.6815,0.5128,0.5433,0.3536,0.1098,0.4035,111.1717,131.2252,21.2827,1.599
102.9,3087,,0.769,1.158,-0.0012,2.8088,1.1592,0.4127,1.1352,0.9451,0.593,0.4843,0.0784,0.6804,0.5128,0.5422,0.3521,0.1087,0.4059,110.4927,131.1334,21.5077,1.6034
102.933,3088,,0.7701,1.1591,-0.0001,2.8125,1.1591,0.4121,1.1369,0.9459,0.5943,0.4876,0.0785,0.6792,0.5083,0.5426,0.3516,0.1066,0.4091,109.7825,131.0549,21.7492,1.6071
102.967,3089,,0.7704,1.15,-0.0007,2.7752,1.1507,0.4146,1.1307,0.9459,0.5949,0.4898,0.0784,0.6767,0.5073,0.5358,0.351,0.1051,0.4114,109.1043,130.8911,21.9751,1.5928
103.0,3090,,0.7719,1.1618,-0.0013,2.8308,1.1631,0.4109,1.1406,0.9468,0.5969,0.4921,0.0784,0.6741,0.5049,0.5437,0.3499,0.1049,0.4137,108.5569,130.8493,22.1107,1.6147
103.033,3091,,0.7731,1.165,-0.0015,2.847,1.1665,0.4097,1.1441,0.9484,0.5979,0.4944,0.0784,0.6735,0.5059,0.5462,0.3504,0.1035,0.4161,107.814,130.6237,22.2209,1.6194
103.067,3092,,0.7738,1.1684,-0.002,2.864,1.1704,0.4087,1.1479,0.9498,0.5978,0.4981,0.0783,0.6722,0.5057,0.5502,0.3521,0.0996,0.4198,106.4745,129.9022,22.253,1.6236
103.1,3093,,0.7743,1.1723,-0.0019,2.882,1.1742,0.4074,1.1521,0.9512,0.5975,0.5018,0.0783,0.6699,0.5025,0.5547,0.3537,0.0957,0.4235,105.2983,129.0778,22.1417,1.6302
103.133,3094,,0.7749,1.1752,-0.0019,2.8958,1.1771,0.4065,1.1558,0.9526,0.5972,0.5034,0.0783,0.6708,0.5016,0.5586,0.3554,0.0938,0.4251,104.4565,128.7568,22.1871,1.6356
103.167,3095,,0.7752,1.1786,-0.0015,2.9116,1.1801,0.4053,1.1594,0.9534,0.5971,0.5059,0.0783,0.6699,0.5018,0.5623,0.3563,0.0912,0.4276,103.5749,128.2992,22.2108,1.6414
103.2,3096,,0.7751,1.1818,0.0006,2.9231,1.1812,0.4041,1.1634,0.9541,0.5962,0.5092,0.0784,0.6688,0.4964,0.5672,0.3578,0.087,0.4308,102.8193,127.6463,22.1337,1.6496
103.233,3097,,0.7775,1.1849,0.0028,2.9344,1.182,0.4028,1.1676,0.9571,0.5978,0.5125,0.0785,0.6696,0.4893,0.5698,0.3593,0.0854,0.434,102.4401,127.0277,21.8218,1.6592
103.267,3098,,0.779,1.1887,0.0043,2.9522,1.1844,0.4012,1.1722,0.9591,0.5989,0.5132,0.0785,0.6698,0.4843,0.5733,0.3602,0.0858,0.4346,102.7161,126.6661,21.4793,1.6718
103.3,3099,,0.7801,1.1912,0.0072,2.9631,1.184,0.3996,1.1753,0.9607,0.5996,0.5128,0.0785,0.6697,0.4793,0.5757,0.3611,0.0868,0.4342,103.6495,126.6468,21.3643,1.6801
103.333,3100,,0.781,1.1938,0.0112,2.9744,1.1826,0.3976,1.1781,0.9619,0.6,0.5117,0.0785,0.6708,0.4779,0.5781,0.3619,0.0883,0.4332,105.0508,126.5298,21.1513,1.6868
103.367,3101,,0.7839,1.198,0.0129,2.9926,1.1851,0.396,1.1825,0.9655,0.6022,0.5129,0.0784,0.6737,0.4789,0.5803,0.3633,0.0893,0.4345,106.6645,126.1552,20.8046,1.7018
103.4,3102,,0.7857,1.2013,0.0171,3.0023,1.1842,0.3944,1.1857,0.9678,0.6035,0.5154,0.0785,0.6785,0.4808,0.5822,0.3643,0.0881,0.4368,108.2482,125.872,20.7756,1.7099
103.433,3103,,0.7841,1.2019,0.0169,3.0127,1.1851,0.3934,1.1862,0.9671,0.601,0.5142,0.0784,0.6777,0.4785,0.5852,0.3661,0.0868,0.4357,109.7384,125.3178,20.6732,1.723
103.467,3104,,0.7819,1.2009,0.013,3.0221,1.1879,0.3931,1.1852,0.9663,0.5976,0.5119,0.0783,0.6765,0.4761,0.5876,0.3687,0.0857,0.4336,110.9948,124.7389,20.5552,1.7441
103.5,3105,,0.7802,1.2009,0.006,3.0386,1.1949,0.3932,1.185,0.9659,0.5945,0.5107,0.0779,0.6762,0.472,0.5905,0.3714,0.0838,0.4327,111.6463,124.1987,20.5267,1.7721
103.533,3106,,0.7794,1.2008,-0.0003,3.0511,1.2011,0.3937,1.1853,0.9667,0.5922,0.5112,0.0776,0.6757,0.4652,0.5931,0.3744,0.081,0.4336,111.9417,123.3473,20.2748,1.7817
103.567,3107,,0.7798,1.2015,-0.0051,3.0619,1.2066,0.3941,1.1859,0.9682,0.5915,0.5139,0.0774,0.6757,0.4602,0.5944,0.3767,0.0775,0.4365,111.4268,122.3475,19.9529,1.7778
103.6,3108,,0.7779,1.202,-0.0106,3.0738,1.2126,0.3945,1.1859,0.9678,0.588,0.5151,0.077,0.6749,0.4606,0.5979,0.3799,0.0729,0.438,110.2061,120.9225,19.3961,1.7918
103.633,3109,,0.778,1.2025,-0.0136,3.0788,1.2161,0.395,1.1862,0.9688,0.5872,0.5192,0.0768,0.6753,0.4596,0.599,0.3816,0.068,0.4424,108.7884,119.2045,18.5762,1.8092
103.667,3110,,0.7773,1.2026,-0.018,3.0853,1.2206,0.3956,1.1859,0.9689,0.5856,0.5227,0.0765,0.6747,0.4552,0.6002,0.3833,0.0629,0.4462,107.2264,117.2943,17.53,1.8461
103.7,3111,,0.7787,1.204,-0.0187,3.09,1.2227,0.3957,1.1866,0.971,0.5865,0.5287,0.0765,0.6737,0.4452,0.6001,0.3845,0.0578,0.4522,106.2897,115.6715,16.6383,1.8782
103.733,3112,,0.7807,1.2056,-0.0179,3.0946,1.2236,0.3954,1.1875,0.9732,0.5881,0.5341,0.0765,0.6737,0.4357,0.5993,0.3851,0.0541,0.4576,105.4284,113.9585,15.4899,1.9008
103.767,3113,,0.78,1.205,-0.0194,3.0945,1.2243,0.3956,1.1866,0.9728,0.5871,0.5369,0.0764,0.673,0.4304,0.5995,0.3857,0.0502,0.4605,104.0091,112.1885,14.3773,1.9054
103.8,3114,,0.7805,1.2034,-0.0211,3.0894,1.2244,0.3963,1.185,0.9733,0.5877,0.5407,0.0763,0.673,0.4238,0.5972,0.3856,0.0471,0.4644,102.5698,110.9959,13.6739,1.9049
103.833,3115,,0.7802,1.2003,-0.023,3.0784,1.2233,0.3974,1.182,0.9733,0.5872,0.5441,0.0762,0.6729,0.4177,0.5949,0.3861,0.0431,0.4679,100.7424,109.9786,13.2347,1.9023
103.867,3116,,0.7804,1.1965,-0.0246,3.0632,1.2211,0.3986,1.1784,0.974,0.5868,0.5469,0.0761,0.6738,0.4156,0.5916,0.3872,0.0398,0.4708,99.1788,109.577,13.235,1.8915
103.9,3117,,0.7801,1.1913,-0.0268,3.0433,1.2181,0.4003,1.1732,0.9737,0.5864,0.5485,0.076,0.6741,0.4146,0.5868,0.3873,0.0379,0.4725,97.9036,109.3424,13.1947,1.8788
103.933,3118,,0.7795,1.1831,-0.0306,3.0123,1.2137,0.4029,1.1655,0.9734,0.5856,0.5491,0.0758,0.6734,0.4131,0.5799,0.3878,0.0365,0.4733,96.5151,109.332,13.2894,1.8618
103.967,3119,,0.779,1.1754,-0.0333,2.9814,1.2086,0.4054,1.1582,0.9731,0.5849,0.5499,0.0757,0.6728,0.4099,0.5733,0.3882,0.0349,0.4742,95.3841,109.2049,13.304,1.8462
104.0,3120,,0.7773,1.1681,-0.0378,2.9575,1.206,0.4078,1.1509,0.9719,0.5826,0.5497,0.0753,0.6726,0.407,0.5683,0.3893,0.0329,0.4743,94.3916,108.912,13.2385,1.837
104.033,3121,,0.7765,1.1616,-0.0401,2.9311,1.2017,0.41,1.1449,0.9716,0.5814,0.5497,0.0752,0.6742,0.4107,0.5634,0.3902,0.0317,0.4745,93.8897,108.8406,13.2946,1.8246
104.067,3122,,0.775,1.1562,-0.0412,2.9089,1.1974,0.4116,1.1403,0.97,0.58,0.5504,0.0751,0.6737,0.4121,0.5603,0.3901,0.0295,0.4754,93.8195,108.5121,13.2934,1.8104
104.1,3123,,0.7748,1.1523,-0.0392,2.8883,1.1915,0.4125,1.1368,0.9699,0.5798,0.5513,0.0752,0.6754,0.4139,0.5571,0.3901,0.0285,0.4761,93.787,108.7385,13.6251,1.7971
104.133,3124,,0.7739,1.1497,-0.0369,2.8738,1.1866,0.4129,1.1346,0.9691,0.5787,0.5517,0.0754,0.676,0.4177,0.5559,0.3904,0.027,0.4763,93.7748,108.7337,13.8091,1.7861
104.167,3125,,0.7726,1.1468,-0.0354,2.8598,1.1822,0.4134,1.1324,0.9675,0.5776,0.5501,0.0755,0.6761,0.4232,0.5547,0.3898,0.0275,0.4746,94.1367,108.8928,13.9281,1.7775
104.2,3126,,0.7722,1.1453,-0.0345,2.8519,1.1799,0.4137,1.1314,0.9668,0.5775,0.5485,0.0756,0.6764,0.4323,0.5539,0.3893,0.029,0.473,94.7859,109.1727,14.072,1.7716
104.233,3127,,0.7731,1.1448,-0.0328,2.8461,1.1776,0.4138,1.1313,0.9671,0.579,0.5457,0.0757,0.6784,0.4454,0.5523,0.3881,0.0333,0.47,96.0295,109.9335,14.3045,1.7681
104.267,3128,,0.7735,1.1446,-0.0315,2.8419,1.1761,0.4138,1.1314,0.9666,0.5804,0.5425,0.0757,0.6801,0.4547,0.551,0.3862,0.0379,0.4668,97.6127,110.6963,14.5067,1.7685
104.3,3129,,0.7747,1.1442,-0.0333,2.8415,1.1775,0.4144,1.1316,0.9653,0.5841,0.5359,0.0755,0.6791,0.4519,0.5475,0.3812,0.0482,0.4604,100.0682,112.3767,14.7859,1.771
104.333,3130,,0.774,1.1433,-0.0333,2.837,1.1766,0.4147,1.1305,0.9638,0.5841,0.5314,0.0755,0.6792,0.4604,0.5464,0.3797,0.0527,0.4559,101.6271,113.1363,14.9259,1.772
104.367,3131,,0.7726,1.1422,-0.0345,2.834,1.1767,0.4152,1.1295,0.9616,0.5836,0.5261,0.0754,0.6765,0.4633,0.5459,0.378,0.0574,0.4508,103.1261,113.8609,14.9921,1.7751
104.4,3132,,0.7715,1.1415,-0.0367,2.8338,1.1782,0.4158,1.1284,0.9599,0.5831,0.5197,0.0752,0.6768,0.4702,0.5453,0.3768,0.0634,0.4444,104.605,114.8493,15.1251,1.7797
104.433,3133,,0.7706,1.1404,-0.0392,2.8321,1.1796,0.4165,1.127,0.9584,0.5829,0.5149,0.075,0.6764,0.474,0.5441,0.3754,0.068,0.4399,105.6375,115.4578,15.091,1.7886
104.467,3134,,0.7691,1.1382,-0.0431,2.8286,1.1812,0.4176,1.1245,0.956,0.5823,0.5082,0.0747,0.6751,0.4742,0.5422,0.3737,0.0741,0.4335,106.7384,116.2415,15.0414,1.7952
104.5,3135,,0.7667,1.1365,-0.0466,2.827,1.1831,0.4185,1.1223,0.953,0.5804,0.5021,0.0744,0.6728,0.4728,0.542,0.3726,0.0783,0.4278,107.5135,116.8278,15.017,1.8028
104.533,3136,,0.7657,1.1355,-0.0497,2.826,1.1852,0.4194,1.121,0.9511,0.5803,0.4967,0.0741,0.6723,0.4726,0.5408,0.3709,0.0836,0.4226,108.4708,117.4371,14.8495,1.8105
104.567,3137,,0.7662,1.1354,-0.0496,2.8219,1.185,0.4199,1.1207,0.9511,0.5813,0.4934,0.0741,0.6717,0.4706,0.5394,0.3698,0.0879,0.4194,109.3888,118.0207,14.735,1.8166
104.6,3138,,0.7671,1.1361,-0.0523,2.8236,1.1884,0.4209,1.1211,0.9517,0.5824,0.4896,0.0738,0.6726,0.4706,0.5387,0.3692,0.0928,0.4158,110.4744,118.376,14.3545,1.8218
104.633,3139,,0.7695,1.1363,-0.0531,2.819,1.1894,0.4219,1.1219,0.9544,0.5845,0.4869,0.0737,0.6756,0.4731,0.5374,0.3699,0.0976,0.4132,111.5947,118.508,13.7038,1.8192
104.667,3140,,0.7733,1.139,-0.0492,2.8174,1.1882,0.4217,1.1247,0.9573,0.5892,0.4844,0.0741,0.6786,0.4753,0.5355,0.3681,0.1049,0.4103,113.0673,118.8173,12.9051,1.8147
104.7,3141,,0.7758,1.1392,-0.0491,2.8119,1.1884,0.4226,1.1259,0.9596,0.5919,0.4802,0.0741,0.6792,0.4734,0.5339,0.3676,0.1117,0.4061,114.3209,118.7721,11.8705,1.8049
104.733,3142,,0.7765,1.1374,-0.0465,2.796,1.1839,0.4234,1.1248,0.9599,0.5931,0.4735,0.0744,0.6788,0.4705,0.5316,0.3668,0.1196,0.3992,116.1202,119.2131,10.9856,1.7955
104.767,3143,,0.7757,1.1359,-0.0472,2.788,1.1831,0.4244,1.1242,0.9593,0.592,0.4612,0.0743,0.6778,0.4657,0.5322,0.3674,0.1308,0.3869,117.9057,120.1974,10.3231,1.7879
104.8,3144,,0.773,1.1326,-0.0477,2.7735,1.1803,0.4256,1.1218,0.9579,0.5881,0.4486,0.0743,0.6763,0.4633,0.5337,0.3698,0.1395,0.3743,119.7009,120.2272,9.0585,1.7831
104.833,3145,,0.7714,1.1309,-0.0475,2.7645,1.1784,0.4263,1.1213,0.957,0.5859,0.4402,0.0743,0.6773,0.4684,0.5353,0.3711,0.1457,0.3659,121.5899,119.7027,7.4424,1.7745
104.867,3146,,0.7722,1.1308,-0.0474,2.7663,1.1782,0.4259,1.1214,0.9588,0.5857,0.4354,0.0744,0.6797,0.4768,0.5357,0.3731,0.1503,0.361,123.6537,118.457,5.33,1.7589
104.9,3147,,0.774,1.1337,-0.0517,2.7754,1.1854,0.4271,1.1229,0.9609,0.587,0.4327,0.0742,0.6818,0.4862,0.5359,0.3739,0.1544,0.3585,125.2273,116.6238,2.8387,1.7434
104.933,3148,,0.7731,1.1351,-0.0494,2.7728,1.1845,0.4272,1.1229,0.9598,0.5864,0.426,0.0746,0.681,0.4933,0.5365,0.3734,0.1604,0.3514,127.3351,115.0401,0.3662,1.7281
104.967,3149,,0.7734,1.1367,-0.0517,2.7761,1.1884,0.4281,1.1234,0.9589,0.5878,0.418,0.0747,0.6826,0.5021,0.5355,0.371,0.1699,0.3433,129.3994,113.2629,2.4026,1.7193
105.0,3150,on_ground,0.7785,1.1419,-0.0585,2.792,1.2005,0.43,1.1275,0.9627,0.5944,0.4146,0.0743,0.6891,0.5149,0.5331,0.3683,0.1798,0.3403,130.9815,111.1936,5.4999,1.767
105.033,3151,on_ground,0.7923,1.1494,-0.0709,2.8145,1.2203,0.4336,1.1342,0.9745,0.61,0.4195,0.0734,0.7115,0.5393,0.5242,0.3646,0.1905,0.3461,132.3694,108.6714,9.1115,1.8279
105.067,3152,on_ground,0.8048,1.1547,-0.0891,2.8381,1.2438,0.4383,1.1379,0.9842,0.6254,0.4251,0.0719,0.7287,0.5608,0.5125,0.3587,0.2003,0.3532,132.4586,104.5612,13.8499,1.9374
105.1,3153,on_ground,0.8064,1.1486,-0.1075,2.8226,1.2561,0.445,1.1331,0.9852,0.6277,0.4304,0.0698,0.7351,0.5617,0.5054,0.3575,0.1973,0.3605,129.9124,99.538,18.4097,2.0039
105.133,3154,on_ground,0.8177,1.1536,-0.1357,2.8471,1.2893,0.4528,1.1361,0.9956,0.6397,0.4326,0.0661,0.7534,0.5615,0.4964,0.3559,0.2071,0.3665,128.767,96.9599,22.3977,2.0884
105.167,3155,on_ground,0.8445,1.1684,-0.1294,2.8466,1.2978,0.4559,1.1502,1.0214,0.6676,0.4573,0.0664,0.7899,0.5802,0.4826,0.3538,0.2103,0.3909,128.7006,93.8319,26.1299,2.2103
105.2,3156,on_ground,0.8607,1.173,-0.1403,2.8409,1.3133,0.4623,1.1581,1.036,0.6855,0.477,0.0646,0.8167,0.5996,0.4727,0.3506,0.2085,0.4124,127.3378,91.2193,29.1773,2.338
105.233,3157,on_ground,0.8783,1.1809,-0.1566,2.8514,1.3375,0.4691,1.167,1.0532,0.7034,0.4954,0.0616,0.853,0.6626,0.4636,0.3498,0.2081,0.4337,124.5102,91.0155,30.3147,2.6247
105.267,3158,on_ground,0.8829,1.1808,-0.1692,2.8401,1.3501,0.4754,1.1707,1.0613,0.7045,0.5048,0.0593,0.8764,0.7123,0.4662,0.3568,0.1997,0.4456,120.4329,91.1405,29.9403,2.636
105.3,3159,on_ground,0.873,1.1761,-0.1732,2.8141,1.3492,0.4794,1.1669,1.0583,0.6878,0.5087,0.0584,0.897,0.7621,0.4791,0.3706,0.1791,0.4503,116.0491,92.204,27.6106,2.6126
105.333,3160,on_ground,0.8589,1.1714,-0.172,2.7864,1.3433,0.4821,1.1608,1.0514,0.6663,0.5201,0.0584,0.9004,0.7774,0.4945,0.3851,0.1463,0.4617,111.5618,92.181,24.7799,2.584
105.367,3161,on_ground,0.8595,1.1754,-0.1543,2.7538,1.3297,0.4829,1.1645,1.0545,0.6645,0.5443,0.061,0.9123,0.7878,0.5,0.39,0.1202,0.4833,110.3764,93.6821,21.3748,2.6065
105.4,3162,on_ground,0.8476,1.1774,-0.1557,2.7428,1.3331,0.486,1.1647,1.0496,0.6455,0.55,0.0609,0.9106,0.7735,0.5192,0.4042,0.0955,0.4891,110.7898,94.9297,18.1289,2.6184
105.433,3163,on_ground,0.8263,1.1743,-0.1899,2.7517,1.3642,0.4958,1.1591,1.0376,0.6149,0.5239,0.0559,0.8998,0.7581,0.5442,0.4227,0.0911,0.468,112.0484,103.2344,12.1028,2.4861
105.467,3164,on_ground,0.8196,1.1799,-0.196,2.7352,1.3759,0.503,1.1637,1.04,0.5992,0.5131,0.056,0.8831,0.6904,0.5646,0.4408,0.0861,0.4571,118.1065,109.2244,7.3591,2.4313
105.5,3165,on_ground,0.817,1.1882,-0.1931,2.719,1.3814,0.5081,1.1685,1.0427,0.5912,0.4958,0.0585,0.8449,0.5935,0.5773,0.4515,0.0954,0.4374,127.5328,117.1223,2.563,2.117
105.533,3166,on_ground,0.8125,1.1872,-0.1857,2.661,1.3729,0.5159,1.1641,1.0375,0.5874,0.4927,0.062,0.8881,0.7291,0.5767,0.4501,0.0947,0.4308,134.2628,120.1827,0.0658,1.7353
105.567,3167,on_ground,0.8091,1.1772,-0.1861,2.5824,1.3634,0.5279,1.1495,1.0281,0.5901,0.4832,0.0649,0.9226,0.8086,0.5594,0.438,0.1069,0.4183,143.7492,125.0234,2.0325,1.481
105.6,3168,on_ground,0.7992,1.1571,-0.1928,2.4954,1.3498,0.5409,1.1277,1.008,0.5905,0.4548,0.0663,0.8961,0.7489,0.5372,0.4175,0.1357,0.3885,153.0512,130.9471,3.981,1.3419
105.633,3169,on_ground,0.7886,1.1348,-0.2009,2.4172,1.3357,0.5526,1.1028,0.9945,0.5828,0.4248,0.0664,0.883,0.7321,0.5201,0.4118,0.1579,0.3584,159.9839,136.2221,6.282,1.2635
105.667,3170,on_ground,0.7804,1.1062,-0.2076,2.3202,1.3138,0.5662,1.0738,0.9849,0.576,0.4041,0.0665,0.8753,0.7071,0.4978,0.4089,0.1719,0.3376,164.2267,139.5764,8.0278,1.1932
105.7,3171,on_ground,0.7773,1.1095,-0.2137,2.3321,1.3232,0.5674,1.0642,0.9793,0.5753,0.3994,0.0662,0.8585,0.6677,0.489,0.404,0.1759,0.3332,165.9126,141.1238,9.1442,1.1801
105.733,3172,on_ground,0.7816,1.1053,-0.2133,2.3084,1.3186,0.5712,1.0557,0.978,0.5852,0.4053,0.0667,0.8398,0.6378,0.4705,0.3928,0.1798,0.3386,167.0154,142.4379,9.838,1.1672
105.767,3173,on_ground,0.7858,1.1043,-0.2093,2.2937,1.3136,0.5727,1.0525,0.9799,0.5917,0.4118,0.0673,0.8225,0.6152,0.4608,0.3882,0.18,0.3444,166.9013,142.7621,10.052,1.1703
105.8,3174,on_ground,0.7881,1.1035,-0.2072,2.2837,1.3107,0.5739,1.0524,0.98,0.5961,0.4154,0.0678,0.8047,0.6002,0.4562,0.3839,0.1807,0.3476,167.3327,143.0731,10.2062,1.1682
105.833,3175,on_ground,0.7871,1.1021,-0.2094,2.2786,1.3115,0.5756,1.0504,0.9796,0.5946,0.4131,0.0674,0.7949,0.5969,0.4558,0.385,0.1816,0.3456,168.1521,142.996,10.0648,1.1676
105.867,3176,on_ground,0.7844,1.1,-0.2093,2.2714,1.3093,0.5764,1.0502,0.9773,0.5914,0.412,0.0674,0.7888,0.5962,0.4589,0.386,0.1794,0.3446,168.5389,142.7696,10.0493,1.1664
105.9,3177,on_ground,0.7841,1.1001,-0.2091,2.2708,1.3092,0.5765,1.0516,0.9775,0.5908,0.4092,0.0675,0.7856,0.5981,0.4608,0.3867,0.1816,0.3417,169.226,142.6844,9.8671,1.1678
105.933,3178,on_ground,0.7863,1.1016,-0.2086,2.2738,1.3102,0.5762,1.0544,0.9792,0.5934,0.41,0.0676,0.7871,0.6009,0.4609,0.3857,0.1835,0.3424,169.9668,142.9485,9.7892,1.1699
105.967,3179,on_ground,0.7886,1.1041,-0.2063,2.2781,1.3105,0.5752,1.0582,0.9814,0.5957,0.4103,0.0681,0.7881,0.6045,0.4625,0.3857,0.1855,0.3421,170.4098,143.4458,9.9554,1.1713
106.0,3180,on_ground,0.791,1.1068,-0.2042,2.2831,1.311,0.5742,1.0628,0.9828,0.5992,0.4137,0.0686,0.789,0.606,0.4636,0.3837,0.1855,0.3451,170.6115,143.8314,10.0512,1.1756
106.033,3181,on_ground,0.7918,1.1078,-0.2047,2.2872,1.3126,0.5739,1.0646,0.9836,0.6001,0.4136,0.0686,0.7927,0.6069,0.4645,0.3835,0.1865,0.345,171.3787,144.7719,10.4302,1.1776
106.067,3182,on_ground,0.7922,1.1091,-0.2049,2.2918,1.3139,0.5733,1.0661,0.9839,0.6005,0.413,0.0686,0.7929,0.6068,0.4656,0.3834,0.1875,0.3444,171.686,145.0431,10.48,1.1785
106.1,3183,on_ground,0.7917,1.1099,-0.2053,2.2951,1.3152,0.573,1.0679,0.9838,0.5996,0.4111,0.0686,0.7925,0.6063,0.4683,0.3841,0.1885,0.3425,171.8693,145.3177,10.643,1.1791
106.133,3184,on_ground,0.7913,1.1103,-0.2064,2.2977,1.3166,0.573,1.0696,0.9835,0.599,0.4099,0.0684,0.7925,0.6059,0.4706,0.3844,0.1892,0.3415,172.3137,145.6863,10.7523,1.1803
106.167,3185,on_ground,0.7912,1.1109,-0.2068,2.2993,1.3177,0.5731,1.0713,0.9835,0.5989,0.4081,0.0685,0.793,0.6066,0.4724,0.3846,0.1908,0.3396,172.7652,146.1433,10.9436,1.1795
106.2,3186,on_ground,0.7916,1.1118,-0.2076,2.3023,1.3194,0.5731,1.0734,0.9837,0.5994,0.4065,0.0684,0.7936,0.6073,0.474,0.3843,0.193,0.338,173.1899,146.6352,11.1608,1.1794
106.233,3187,on_ground,0.7921,1.1131,-0.2083,2.3069,1.3214,0.5728,1.0748,0.9841,0.6001,0.4066,0.0683,0.7945,0.608,0.4747,0.384,0.1935,0.3383,173.2834,146.7814,11.2206,1.1806
106.267,3188,on_ground,0.7916,1.1135,-0.2083,2.3089,1.3218,0.5725,1.0756,0.9839,0.5993,0.4074,0.0684,0.7946,0.608,0.4763,0.3845,0.1919,0.339,173.2449,146.8152,11.2899,1.1809
106.3,3189,on_ground,0.7911,1.1144,-0.2084,2.3124,1.3228,0.5721,1.0767,0.9838,0.5984,0.4059,0.0683,0.7942,0.6078,0.4783,0.3854,0.1925,0.3376,173.2729,146.9821,11.4225,1.1822
106.333,3190,on_ground,0.7915,1.1158,-0.2078,2.3162,1.3236,0.5715,1.0779,0.9845,0.5985,0.4077,0.0685,0.795,0.6085,0.4795,0.386,0.1908,0.3392,173.0661,146.9086,11.4563,1.1825
106.367,3191,on_ground,0.7918,1.1166,-0.2068,2.3178,1.3235,0.571,1.0789,0.985,0.5986,0.4084,0.0687,0.795,0.6087,0.4803,0.3864,0.1902,0.3397,173.0036,146.8582,11.4546,1.1822
106.4,3192,on_ground,0.7914,1.1177,-0.2077,2.3226,1.3254,0.5707,1.0795,0.9852,0.5976,0.407,0.0685,0.7946,0.6087,0.4819,0.3876,0.1906,0.3385,172.949,146.8545,11.515,1.1842
106.433,3193,on_ground,0.7914,1.1183,-0.2079,2.3245,1.3262,0.5705,1.0802,0.9853,0.5975,0.4064,0.0686,0.7946,0.6085,0.4826,0.3878,0.1911,0.3379,173.0357,147.0053,11.6122,1.1836
106.467,3194,on_ground,0.7911,1.1185,-0.2074,2.3245,1.3259,0.5704,1.0806,0.9854,0.5968,0.4057,0.0687,0.7949,0.6084,0.4838,0.3886,0.1911,0.337,173.0813,147.0796,11.6827,1.182
106.5,3195,on_ground,0.7908,1.1185,-0.207,2.3241,1.3255,0.5703,1.0812,0.9852,0.5964,0.4059,0.0688,0.7949,0.6083,0.4848,0.3888,0.1905,0.3371,173.0638,147.1481,11.7585,1.1812
106.533,3196,on_ground,0.7906,1.1185,-0.207,2.324,1.3255,0.5704,1.0816,0.9852,0.5961,0.4065,0.0689,0.7951,0.6082,0.4855,0.3891,0.1896,0.3376,173.0802,147.1299,11.7795,1.1793
106.567,3197,on_ground,0.7907,1.119,-0.2067,2.3249,1.3257,0.5702,1.0819,0.9855,0.5958,0.4056,0.069,0.7953,0.6085,0.4861,0.3897,0.1902,0.3367,173.1184,147.3134,11.8879,1.1799
106.6,3198,on_ground,0.7906,1.1197,-0.2074,2.3284,1.3271,0.57,1.0828,0.9856,0.5957,0.4056,0.0689,0.7953,0.6084,0.4871,0.39,0.19,0.3368,173.0881,147.3011,11.8779,1.1806
106.633,3199,on_ground,0.7906,1.1201,-0.2079,2.3307,1.328,0.5698,1.0832,0.9855,0.5957,0.4055,0.0688,0.7953,0.6081,0.4875,0.3898,0.1902,0.3368,173.1778,147.4083,11.9277,1.1812
106.667,3200,on_ground,0.7911,1.1208,-0.2078,2.3329,1.3286,0.5695,1.0835,0.9859,0.5964,0.4056,0.0688,0.7955,0.6085,0.4871,0.3896,0.1908,0.3368,173.3205,147.5703,11.9623,1.1816
106.7,3201,on_ground,0.7917,1.1214,-0.2074,2.3347,1.3288,0.5692,1.0839,0.9864,0.597,0.4066,0.069,0.7971,0.609,0.4869,0.3894,0.1904,0.3376,173.4634,147.6926,11.9637,1.1814
106.733,3202,on_ground,0.7922,1.1219,-0.2071,2.3358,1.3291,0.569,1.0847,0.9867,0.5976,0.4075,0.069,0.7963,0.609,0.487,0.3891,0.1901,0.3385,173.3198,147.5965,11.9439,1.1821
106.767,3203,on_ground,0.7922,1.1227,-0.2069,2.338,1.3295,0.5687,1.0857,0.987,0.5974,0.4086,0.069,0.7957,0.6088,0.4883,0.3896,0.1888,0.3396,173.1864,147.5716,11.9929,1.1839
106.8,3204,on_ground,0.7929,1.123,-0.2079,2.3401,1.3309,0.5687,1.0859,0.9877,0.5981,0.4097,0.0688,0.7956,0.6085,0.4877,0.3895,0.1884,0.3408,173.1806,147.6227,12.0338,1.1852
106.833,3205,on_ground,0.7925,1.1226,-0.2081,2.3394,1.3307,0.5688,1.0859,0.9873,0.5978,0.4093,0.0688,0.7952,0.6085,0.4881,0.3895,0.1885,0.3405,173.1329,147.6335,12.1259,1.1849
106.867,3206,on_ground,0.793,1.1227,-0.2088,2.3403,1.3315,0.5689,1.086,0.988,0.598,0.4084,0.0687,0.7966,0.609,0.4879,0.3899,0.1897,0.3397,173.3347,147.7869,12.1953,1.185
106.9,3207,on_ground,0.7932,1.1226,-0.2093,2.3409,1.3319,0.569,1.086,0.9882,0.5982,0.4071,0.0686,0.7974,0.609,0.4878,0.39,0.1911,0.3385,173.6623,147.9623,12.2437,1.1844
106.933,3208,on_ground,0.7933,1.1228,-0.2092,2.3416,1.3321,0.5689,1.0862,0.9885,0.5982,0.408,0.0686,0.7972,0.6089,0.488,0.3903,0.1901,0.3395,173.5502,147.8278,12.2279,1.1841
106.967,3209,on_ground,0.7935,1.1233,-0.2102,2.3439,1.3335,0.5689,1.0866,0.989,0.5981,0.4081,0.0683,0.7973,0.6088,0.4885,0.3909,0.19,0.3397,173.5105,147.8163,12.2896,1.1858
107.0,3210,on_ground,0.7937,1.124,-0.2106,2.3463,1.3346,0.5688,1.0872,0.9893,0.5981,0.4079,0.0682,0.7971,0.6091,0.4892,0.3913,0.1902,0.3396,173.5155,147.7817,12.2958,1.1866
107.033,3211,,0.7937,1.1247,-0.2115,2.3494,1.3361,0.5687,1.0879,0.9896,0.5978,0.4076,0.0681,0.7971,0.6092,0.4901,0.3918,0.1902,0.3395,173.6611,147.8441,12.3002,1.188
107.067,3212,,0.7942,1.1255,-0.2112,2.3512,1.3366,0.5685,1.0888,0.9902,0.5982,0.4078,0.0681,0.7979,0.6104,0.4906,0.392,0.1903,0.3397,173.8078,148.0616,12.4035,1.1884
107.1,3213,,0.7944,1.126,-0.211,2.3525,1.337,0.5683,1.0895,0.9904,0.5983,0.4079,0.0682,0.7982,0.6104,0.4911,0.392,0.1905,0.3397,173.8031,148.0887,12.461,1.1878
107.133,3214,,0.7946,1.1265,-0.2108,2.3543,1.3373,0.568,1.0899,0.9909,0.5984,0.4079,0.0682,0.7985,0.6103,0.4915,0.3925,0.1904,0.3397,173.8509,148.2038,12.5324,1.1883
107.167,3215,,0.7946,1.127,-0.2104,2.3552,1.3374,0.5679,1.0903,0.9913,0.598,0.4084,0.0683,0.7991,0.6107,0.4923,0.3933,0.1897,0.34,173.7343,148.1877,12.6018,1.1879
107.2,3216,,0.7938,1.1274,-0.2107,2.3568,1.3381,0.5677,1.0909,0.9911,0.5966,0.4085,0.0683,0.7988,0.6103,0.4943,0.3945,0.1881,0.3402,173.5361,148.0881,12.6438,1.1898
107.233,3217,,0.7936,1.1275,-0.2106,2.3572,1.3382,0.5677,1.091,0.9912,0.596,0.4083,0.0683,0.7993,0.6103,0.495,0.3952,0.1877,0.3401,173.5707,148.326,12.8317,1.1906
107.267,3218,,0.7936,1.1279,-0.2109,2.3589,1.3388,0.5675,1.0912,0.9916,0.5956,0.4091,0.0682,0.8003,0.6101,0.4955,0.396,0.1865,0.3409,173.4044,148.2894,12.894,1.1922
107.3,3219,,0.7935,1.128,-0.2114,2.3596,1.3394,0.5676,1.0909,0.9922,0.5948,0.4082,0.068,0.8012,0.6101,0.4961,0.3973,0.1867,0.3401,173.4087,148.3684,12.9713,1.1933
107.333,3220,,0.7935,1.1281,-0.2114,2.36,1.3396,0.5676,1.0908,0.9924,0.5945,0.4077,0.068,0.8012,0.6099,0.4963,0.398,0.1868,0.3397,173.2867,148.3317,13.0049,1.1943
107.367,3221,,0.7937,1.1279,-0.2108,2.3584,1.3387,0.5676,1.0909,0.9924,0.595,0.4077,0.0681,0.8008,0.6098,0.4958,0.3974,0.1873,0.3396,173.2331,148.4888,13.1442,1.1934
107.4,3222,,0.7947,1.1284,-0.2103,2.359,1.3387,0.5675,1.0917,0.9929,0.5964,0.4082,0.0682,0.8019,0.6107,0.4953,0.3965,0.1882,0.34,173.0133,148.4636,13.1732,1.1948
107.433,3223,,0.7952,1.1292,-0.2105,2.3612,1.3397,0.5674,1.0925,0.9933,0.5971,0.4081,0.0682,0.8021,0.6113,0.4954,0.3962,0.189,0.3399,172.8301,148.3703,13.1846,1.1953
107.467,3224,,0.7957,1.1295,-0.2103,2.3617,1.3398,0.5673,1.0929,0.9936,0.5978,0.4081,0.0683,0.8028,0.6116,0.4951,0.3958,0.1897,0.3399,172.7304,148.3318,13.1828,1.1954
107.5,3225,,0.7954,1.1296,-0.2107,2.3627,1.3404,0.5673,1.0928,0.9934,0.5974,0.4087,0.0682,0.802,0.6108,0.4954,0.396,0.1887,0.3406,172.6285,148.2235,13.1625,1.1959
107.533,3226,,0.7956,1.1301,-0.2109,2.3642,1.341,0.5672,1.0932,0.9938,0.5974,0.4098,0.0681,0.8016,0.6105,0.4958,0.3964,0.1876,0.3417,172.5513,148.1306,13.1324,1.197
107.567,3227,,0.7955,1.1298,-0.2113,2.3637,1.3411,0.5674,1.0931,0.9939,0.5971,0.41,0.0681,0.8019,0.6102,0.496,0.3968,0.1871,0.3419,172.5643,148.1644,13.1934,1.197
107.6,3228,,0.795,1.1294,-0.2106,2.3624,1.34,0.5672,1.0925,0.9934,0.5965,0.4093,0.0682,0.8011,0.61,0.496,0.3969,0.1872,0.3411,172.5826,148.4316,13.409,1.1965
107.633,3229,,0.795,1.1296,-0.2114,2.3637,1.341,0.5673,1.0925,0.9934,0.5966,0.4092,0.068,0.7999,0.6101,0.4959,0.3968,0.1874,0.3411,172.6516,148.5093,13.4415,1.1965
107.667,3230,,0.7951,1.1294,-0.2113,2.3631,1.3408,0.5674,1.0925,0.9933,0.5968,0.4096,0.0681,0.799,0.6104,0.4957,0.3966,0.1872,0.3415,172.7109,148.5866,13.466,1.1959
107.7,3231,,0.7952,1.13,-0.2111,2.3641,1.3411,0.5673,1.0928,0.9935,0.5969,0.4095,0.0681,0.7981,0.6104,0.4959,0.3966,0.1875,0.3414,172.7307,148.6086,13.4652,1.1969
107.733,3232,,0.7955,1.1303,-0.2109,2.365,1.3412,0.5671,1.093,0.9937,0.5972,0.4101,0.0681,0.7985,0.6104,0.4958,0.3964,0.1871,0.342,172.8283,148.7839,13.5704,1.1965
107.767,3233,,0.7956,1.1305,-0.211,2.3656,1.3415,0.5671,1.0933,0.9938,0.5975,0.411,0.0681,0.798,0.6106,0.4958,0.3963,0.1865,0.343,172.8868,148.8913,13.6344,1.198
107.8,3234,,0.7956,1.1312,-0.2112,2.3681,1.3424,0.5669,1.0937,0.9943,0.5969,0.4102,0.068,0.7981,0.6107,0.4968,0.3973,0.1867,0.3423,172.8008,148.9327,13.7135,1.1992
107.833,3235,,0.7958,1.1318,-0.2115,2.37,1.3432,0.5668,1.0939,0.9943,0.5972,0.4098,0.0679,0.7978,0.6106,0.4966,0.3971,0.1874,0.3419,172.7955,149.0428,13.8007,1.2007
107.867,3236,,0.7965,1.1323,-0.212,2.3721,1.3443,0.5667,1.094,0.9951,0.5979,0.4099,0.0677,0.7986,0.6109,0.4961,0.3971,0.1881,0.3421,172.9959,149.3567,13.9519,1.2016
107.9,3237,,0.7969,1.1329,-0.212,2.3736,1.3449,0.5666,1.0943,0.9955,0.5983,0.4103,0.0678,0.7983,0.6109,0.496,0.3972,0.1881,0.3425,172.8828,149.4278,14.0213,1.2022
107.933,3238,,0.7969,1.1329,-0.2117,2.3735,1.3446,0.5665,1.0943,0.9954,0.5985,0.4093,0.0678,0.7975,0.6103,0.4958,0.3969,0.1891,0.3415,173.1422,149.8041,14.1988,1.2015
107.967,3239,,0.797,1.1332,-0.2117,2.3743,1.3449,0.5664,1.0943,0.9955,0.5986,0.4094,0.0679,0.7973,0.6099,0.4958,0.397,0.1891,0.3416,173.2335,149.9496,14.2788,1.2013
108.0,3240,,0.7964,1.1329,-0.2116,2.3733,1.3445,0.5665,1.0943,0.9947,0.598,0.409,0.0679,0.7962,0.6101,0.4963,0.3967,0.189,0.3411,173.1084,149.9385,14.3717,1.2005
108.033,3241,,0.7965,1.1332,-0.2107,2.3737,1.344,0.5662,1.0945,0.9947,0.5983,0.4107,0.0681,0.7958,0.61,0.4963,0.3964,0.1876,0.3426,172.9366,149.8881,14.3928,1.2002
108.067,3242,,0.7966,1.1335,-0.2101,2.3735,1.3436,0.5661,1.0951,0.9946,0.5987,0.4106,0.0683,0.796,0.61,0.4964,0.3959,0.1881,0.3424,172.9914,149.9937,14.4595,1.1986
108.1,3243,,0.7967,1.134,-0.2096,2.3748,1.3437,0.5658,1.0957,0.9945,0.5988,0.4105,0.0684,0.7953,0.6096,0.4968,0.3957,0.1884,0.342,173.1515,150.1976,14.5572,1.1976
108.133,3244,,0.7968,1.1345,-0.2095,2.3759,1.3439,0.5656,1.096,0.9945,0.599,0.4094,0.0685,0.7949,0.6094,0.497,0.3955,0.1896,0.3409,173.2469,150.3327,14.6314,1.197
108.167,3245,,0.7964,1.1343,-0.2098,2.376,1.3442,0.5657,1.0959,0.9943,0.5986,0.4086,0.0684,0.795,0.6089,0.4972,0.3956,0.1901,0.3401,173.4505,150.6436,14.7999,1.1966
108.2,3246,,0.7964,1.1344,-0.2102,2.3766,1.3446,0.5658,1.0956,0.9944,0.5983,0.408,0.0684,0.7953,0.6083,0.4973,0.3961,0.1903,0.3396,173.5291,150.7268,14.8315,1.196
108.233,3247,,0.7963,1.1344,-0.2099,2.3766,1.3443,0.5656,1.0953,0.9946,0.5979,0.4079,0.0685,0.7961,0.6082,0.4974,0.3968,0.19,0.3394,173.3767,150.4767,14.69,1.195
108.267,3248,,0.7973,1.1353,-0.2094,2.3792,1.3447,0.5652,1.0966,0.9957,0.5988,0.41,0.0684,0.7977,0.6087,0.4978,0.3969,0.1888,0.3416,172.7545,150.0117,14.5201,1.1997
108.3,3249,,0.7982,1.1359,-0.2097,2.3822,1.3456,0.5649,1.0982,0.996,0.6004,0.4112,0.068,0.7978,0.6088,0.4978,0.3956,0.1892,0.3432,172.0639,149.4171,14.2165,1.2073
108.333,3250,,0.8014,1.1388,-0.2082,2.3897,1.347,0.5637,1.1019,0.9976,0.6051,0.4173,0.0674,0.8002,0.6111,0.4969,0.3926,0.1878,0.3499,170.6544,148.6893,13.8161,1.2317
108.367,3251,,0.8017,1.1271,-0.2063,2.3474,1.3334,0.568,1.0953,0.9976,0.6058,0.4252,0.0667,0.7975,0.6103,0.4895,0.3917,0.1807,0.3585,168.0201,147.4397,13.5521,1.2439
108.4,3252,,0.8042,1.1295,-0.2012,2.3531,1.3306,0.5655,1.0999,0.999,0.6095,0.4392,0.066,0.7971,0.6083,0.4904,0.3896,0.1703,0.3731,163.9591,146.0511,13.4268,1.2891
108.433,3253,,0.8049,1.1304,-0.1945,2.355,1.3249,0.5626,1.1028,0.9999,0.6099,0.4589,0.0653,0.8197,0.6233,0.4928,0.39,0.151,0.3936,157.3915,143.1663,13.0797,1.3498
108.467,3254,,0.8049,1.1311,-0.1852,2.3563,1.3163,0.5586,1.1054,0.9979,0.612,0.4835,0.0648,0.8157,0.6171,0.4934,0.3858,0.1285,0.4187,149.8711,139.781,12.4277,1.4286
108.5,3255,,0.8028,1.1306,-0.1734,2.3542,1.304,0.5539,1.1068,0.993,0.6126,0.5026,0.0646,0.8291,0.6319,0.4943,0.3805,0.1099,0.438,142.0543,136.7931,11.9109,1.5279
108.533,3256,,0.7905,1.1242,-0.1623,2.3445,1.2865,0.5487,1.1015,0.9785,0.6026,0.5091,0.0644,0.8289,0.6389,0.4989,0.3759,0.0935,0.4447,134.2974,133.4129,10.9924,1.6315
108.567,3257,,0.7699,1.111,-0.1582,2.3282,1.2692,0.5452,1.0896,0.9569,0.583,0.503,0.0631,0.7926,0.5956,0.5066,0.3739,0.08,0.4399,126.0369,130.2385,9.9933,1.7071
108.6,3258,,0.7525,1.0991,-0.138,2.2952,1.2371,0.539,1.0795,0.9385,0.5666,0.5004,0.0645,0.7559,0.545,0.5129,0.3719,0.0662,0.436,116.0761,125.8327,8.2497,1.6507
108.633,3259,,0.7286,1.0816,-0.1336,2.2642,1.2152,0.5367,1.0638,0.9149,0.5423,0.4886,0.0642,0.7099,0.485,0.5216,0.3727,0.0536,0.4244,106.8796,121.081,6.0833,1.5998
108.667,3260,,0.7043,1.0628,-0.1325,2.2312,1.1953,0.5357,1.0472,0.8919,0.5168,0.4788,0.0641,0.6676,0.4308,0.5304,0.375,0.0381,0.4146,100.5627,115.0139,3.5717,1.5624
108.7,3261,,0.6898,1.0516,-0.1057,2.1856,1.1573,0.5295,1.0375,0.8782,0.5014,0.4762,0.0677,0.6452,0.2546,0.5361,0.3768,0.0252,0.4085,95.8647,108.9484,1.1164,1.5268
108.733,3262,,0.6768,1.0413,-0.0738,2.1325,1.1151,0.5229,1.0284,0.866,0.4876,0.4762,0.0717,0.6249,0.2453,0.5408,0.3784,0.0114,0.4045,90.7578,101.3879,1.0195,1.4966
108.767,3263,,0.6615,1.0335,-0.0277,2.0684,1.0612,0.5131,1.0213,0.853,0.47,0.4647,0.0764,0.611,0.2455,0.5512,0.383,0.0053,0.3883,88.2901,95.6223,2.9147,1.4603
108.8,3264,,0.6391,1.0194,0.0134,1.9927,1.0061,0.5049,1.0083,0.8348,0.4434,0.4513,0.0796,0.5953,0.2369,0.5649,0.3914,-0.0079,0.3717,81.2454,86.339,4.8628,1.436
108.833,3265,,0.6163,1.0008,0.0446,1.9134,0.9562,0.4997,0.9914,0.8176,0.415,0.4308,0.0805,0.5848,0.2271,0.5765,0.4026,-0.0158,0.3503,77.5436,78.9569,7.0321,1.4477
108.867,3266,,0.5993,0.987,0.0625,1.8592,0.9245,0.4973,0.9742,0.8057,0.3929,0.4174,0.0804,0.5778,0.2271,0.5814,0.4129,-0.0246,0.337,73.6894,72.5544,9.6496,1.4335
108.9,3267,,0.5849,0.9662,0.0789,1.7867,0.8873,0.4966,0.9535,0.7903,0.3796,0.3667,0.08,0.5671,0.2543,0.5739,0.4107,0.0129,0.2867,84.0125,83.0516,13.4753,1.4288
108.933,3268,,0.5665,0.949,0.0735,1.7507,0.8754,0.5,0.9363,0.7761,0.357,0.3471,0.0805,0.5518,0.3601,0.5794,0.4191,0.0098,0.2666,68.4669,80.7248,16.3452,1.4955
108.967,3269,,0.5606,0.935,0.0767,1.7132,0.8583,0.501,0.9203,0.7742,0.347,0.3405,0.08,0.5404,0.4226,0.5734,0.4272,0.0064,0.2605,63.3655,77.531,19.6043,1.8674
109.0,3270,,0.5446,0.9131,0.0747,1.6678,0.8383,0.5026,0.8947,0.761,0.3282,0.3453,0.08,0.5571,0.4644,0.5665,0.4328,-0.0171,0.2653,57.1994,71.7351,21.572,1.7565
109.033,3271,,0.5363,0.9015,0.08,1.6384,0.8215,0.5014,0.8826,0.7554,0.3172,0.3839,0.08,0.5618,0.5147,0.5654,0.4382,-0.0667,0.3039,53.3908,62.0017,23.3482,1.5531
109.067,3272,,0.5304,0.8943,0.0716,1.6362,0.8226,0.5028,0.8737,0.7542,0.3065,0.4248,0.08,0.5721,0.5451,0.5672,0.4477,-0.1183,0.3448,48.2748,52.7534,25.4773,1.3531
109.1,3273,,0.5207,0.8878,0.0467,1.6608,0.8411,0.5065,0.8635,0.7506,0.2909,0.4555,0.0799,0.5782,0.5721,0.5726,0.4598,-0.1646,0.3756,44.0505,45.55,26.527,1.2467
109.133,3274,,0.5168,0.8856,0.0412,1.6677,0.8443,0.5063,0.8594,0.7517,0.2818,0.4582,0.0801,0.5849,0.6041,0.5776,0.4699,-0.1764,0.3781,43.1917,43.7606,26.8144,1.1568
109.167,3275,,0.5257,0.8894,0.0392,1.6816,0.8502,0.5056,0.8646,0.7651,0.2862,0.4691,0.0805,0.6009,0.6439,0.5783,0.4789,-0.1828,0.3886,43.3099,41.7522,27.2803,1.0648
109.2,3276,,0.5344,0.8917,0.0313,1.7031,0.8603,0.5052,0.8656,0.7771,0.2917,0.4718,0.0803,0.6243,0.6732,0.574,0.4854,-0.1801,0.3915,43.3069,41.7064,27.8672,0.9993
109.233,3277,,0.5526,0.9029,0.033,1.7332,0.8699,0.5019,0.8765,0.7953,0.31,0.4832,0.0803,0.6585,0.6952,0.5665,0.4853,-0.1732,0.4029,43.6354,42.4244,28.6034,0.9729
109.267,3278,,0.5637,0.9092,0.0294,1.7602,0.8798,0.4998,0.8801,0.8099,0.3175,0.477,0.0802,0.6339,0.706,0.5626,0.4924,-0.1595,0.3968,43.4602,45.3282,28.3759,0.9518
109.3,3279,,0.582,0.9235,0.0308,1.7993,0.8927,0.4961,0.8912,0.8311,0.3329,0.4779,0.0803,0.7406,0.7875,0.5583,0.4983,-0.145,0.3977,42.6655,48.8217,28.3992,0.9646
109.333,3280,,0.6013,0.9407,0.0329,1.8459,0.9078,0.4918,0.9045,0.8537,0.3489,0.4728,0.0807,0.7787,0.8239,0.5556,0.5048,-0.1238,0.3921,43.1578,51.4962,29.1026,0.9751
109.367,3281,,0.6159,0.95,0.0346,1.8685,0.9154,0.4899,0.9145,0.8672,0.3647,0.4704,0.0807,0.6779,0.7122,0.5498,0.5024,-0.1056,0.3897,44.7958,53.1794,29.8908,0.9743
109.4,3282,,0.6295,0.958,0.0358,1.8869,0.9222,0.4888,0.9226,0.8783,0.3808,0.4708,0.0807,0.6873,0.7083,0.5418,0.4974,-0.09,0.3901,45.6064,54.3547,31.0036,0.9817
109.433,3283,,0.6489,0.9664,0.0414,1.8973,0.9249,0.4875,0.9303,0.8941,0.4037,0.4674,0.0811,0.6975,0.7054,0.5266,0.4905,-0.0637,0.3863,47.246,56.972,31.9997,0.9819
109.467,3284,,0.6628,0.9716,0.0471,1.9018,0.9246,0.4862,0.9339,0.9037,0.4218,0.4638,0.0813,0.7009,0.6916,0.5121,0.4819,-0.0419,0.3825,47.996,58.3799,33.6701,0.9766
109.5,3285,,0.6716,0.9719,0.0508,1.8961,0.9211,0.4858,0.9313,0.9106,0.4326,0.4617,0.0815,0.7362,0.6599,0.4986,0.4779,-0.029,0.3802,48.009,59.2144,34.744,0.9646
109.533,3286,,0.6836,0.9761,0.0584,1.8935,0.9177,0.4846,0.9315,0.9142,0.453,0.4652,0.0817,0.7021,0.6229,0.4785,0.4612,-0.0122,0.3835,49.6436,58.974,37.1979,0.9504
109.567,3287,,0.6945,0.9733,0.0698,1.8697,0.9035,0.4833,0.9733,0.9169,0.4722,0.4735,0.0817,0.7262,0.5682,0.5012,0.4447,-0.0013,0.3918,51.968,58.2192,39.3145,0.9208
109.6,3288,,0.7098,0.9654,0.0716,1.862,0.8938,0.4801,0.9654,0.9259,0.4938,0.4663,0.0817,0.7603,0.6556,0.4716,0.4321,0.0275,0.3846,57.5279,61.1391,40.5159,0.9217
109.633,3289,,0.7235,0.9668,0.0492,1.8563,0.9176,0.4943,0.9585,0.9319,0.5151,0.4634,0.0818,0.7937,0.7311,0.4434,0.4167,0.0517,0.3817,64.3164,64.0971,41.7796,0.9596
109.667,3290,,0.7362,0.9917,0.0332,1.9474,0.9585,0.4922,0.9513,0.9352,0.5372,0.4632,0.0817,0.8211,0.7545,0.4141,0.398,0.074,0.3814,71.2116,67.0408,43.3015,1.006
109.7,3291,,0.7458,0.9731,0.0224,1.8894,0.9507,0.5032,0.9227,0.9367,0.5548,0.47,0.0822,0.8139,0.5022,0.3678,0.3819,0.0848,0.3878,75.1046,69.0127,44.2181,1.014
109.733,3292,,0.7569,0.9672,0.0126,1.8777,0.9546,0.5084,0.9527,0.935,0.5788,0.4791,0.0829,0.8072,0.4921,0.3739,0.3562,0.0997,0.3962,79.0816,71.0421,45.5061,1.0315
109.767,3293,,0.7676,0.962,0.0044,1.8666,0.9576,0.513,0.9352,0.9326,0.6027,0.4897,0.0832,0.7049,0.4866,0.3325,0.3299,0.113,0.4065,83.3035,71.6811,47.8211,1.0284
109.8,3294,,0.7781,0.9627,-0.0006,1.8729,0.9633,0.5143,0.9296,0.9322,0.624,0.4974,0.0834,0.7047,0.4835,0.3056,0.3081,0.1267,0.414,87.2379,71.1196,51.064,1.0348
109.833,3295,,0.7952,0.9731,-0.0068,1.9112,0.9799,0.5127,0.9281,0.9395,0.6509,0.5057,0.0835,0.7745,0.4792,0.2772,0.2886,0.1452,0.4223,91.7019,70.8491,54.5005,1.0535
109.867,3296,,0.8227,1.003,-0.0091,2.0069,1.0121,0.5043,0.9646,0.9607,0.6847,0.5088,0.0834,0.8404,0.7141,0.2799,0.2759,0.1759,0.4254,97.1553,72.8434,56.7226,1.1098
109.9,3297,,0.8508,1.1061,-0.0164,2.3587,1.1225,0.4759,0.9907,0.9855,0.716,0.514,0.0829,0.9046,0.7888,0.2746,0.2695,0.2021,0.4311,102.2038,75.0215,58.1599,1.2921
109.933,3298,,0.8828,1.1733,-0.0186,2.6146,1.192,0.4559,1.0087,1.0157,0.7499,0.5187,0.0826,0.9405,0.8173,0.2588,0.2658,0.2313,0.436,106.6723,78.2705,58.2702,1.4334
109.967,3299,,0.9093,1.1697,-0.0173,2.5897,1.187,0.4583,1.0634,1.042,0.7766,0.5144,0.0828,0.9538,0.7979,0.2869,0.2654,0.2622,0.4316,111.5406,83.0593,57.6625,1.4997
110.0,3300,,0.9476,1.1384,-0.0287,2.4771,1.1671,0.4712,,1.0703,0.8249,0.5116,0.0818,0.9406,0.7742,,0.2454,0.3133,0.4298,117.6955,87.6348,58.7466,1.5443
110.033,3301,,0.9783,1.1609,-0.0346,2.5634,1.1955,0.4664,,1.0997,0.8569,0.5108,0.0813,0.9433,0.7537,,0.2428,0.3461,0.4295,123.9201,93.1064,57.824,1.688
110.067,3302,,1.0075,1.1827,-0.0365,2.6483,1.2192,0.4604,1.1594,1.1334,0.8816,0.512,0.081,0.9328,0.6802,0.2778,0.2518,0.3696,0.431,128.8974,98.3982,56.2613,1.58
110.1,3303,,1.0444,1.2175,-0.0294,2.7851,1.2469,0.4477,1.1629,1.172,0.9167,0.5167,0.0816,0.9352,0.5278,0.2462,0.2553,0.4,0.4352,134.443,103.1437,55.3486,1.5614
110.133,3304,,1.0789,1.2568,-0.0209,2.9543,1.2777,0.4325,1.203,1.2108,0.947,0.5247,0.0822,0.9529,0.5678,0.256,0.2638,0.4223,0.4426,139.5183,107.475,54.1138,1.6042
110.167,3305,,1.1154,1.2995,-0.0107,3.1532,1.3101,0.4155,1.2442,1.2498,0.9809,0.5368,0.0828,0.9674,0.6038,0.2633,0.2689,0.4441,0.454,145.1002,111.0172,53.5277,1.6517
110.2,3306,,1.1378,1.3289,0.0136,3.3018,1.3153,0.3984,1.2864,1.2744,1.0013,0.5436,0.0844,0.9792,0.6244,0.2851,0.2731,0.4577,0.4592,151.0072,114.6481,53.1354,1.6615
110.233,3307,,1.1478,1.3455,0.0425,3.3975,1.303,0.3835,1.3041,1.29,1.0056,0.5481,0.0859,1.0002,0.6317,0.2985,0.2844,0.4576,0.4622,156.7551,119.0208,52.0177,1.6311
110.267,3308,,1.1493,1.3603,0.07,3.4892,1.2903,0.3698,1.3194,1.3007,0.9979,0.5426,0.0868,1.0229,0.6433,0.3216,0.3029,0.4552,0.4558,161.3483,123.8025,49.9913,1.6142
110.3,3309,,1.1556,1.378,0.0866,3.599,1.2915,0.3588,1.3393,1.3154,0.9958,0.5388,0.0873,1.0376,0.6677,0.3435,0.3196,0.457,0.4515,164.1984,127.2448,48.3695,1.6334
110.333,3310,,1.1588,1.3928,0.0705,3.7116,1.3222,0.3562,1.356,1.3254,0.9923,0.5345,0.0878,1.0544,0.8506,0.3637,0.3331,0.4578,0.4467,165.7324,129.4535,47.2493,1.6382
110.367,3311,,1.1559,1.4011,0.0491,3.8291,1.352,0.3531,1.365,1.3301,0.9818,0.5287,0.0879,1.0602,0.8654,0.3832,0.3483,0.4531,0.4408,166.82,132.0558,45.7269,1.6366
110.4,3312,,1.1611,1.4133,0.0273,3.9735,1.386,0.3488,1.3674,1.338,0.9842,0.5291,0.0877,1.064,0.8775,0.3831,0.3538,0.4551,0.4414,167.483,133.8797,44.8086,1.6486
110.433,3313,,1.1581,1.4196,0.0004,4.0946,1.4193,0.3466,1.3899,1.3417,0.9746,0.5273,0.0867,1.0704,0.8856,0.4152,0.367,0.4473,0.4406,167.6995,136.4142,43.0778,1.6543
110.467,3314,,1.1522,1.4229,-0.0254,4.1978,1.4483,0.345,1.4093,1.3426,0.9618,0.5259,0.0852,1.0724,0.8856,0.4475,0.3808,0.4359,0.4407,167.8544,138.5272,41.6387,1.6807
110.5,3315,,1.1419,1.4216,-0.0509,4.2708,1.4725,0.3448,1.4095,1.3406,0.9431,0.5152,0.0831,1.0704,0.8797,0.4664,0.3975,0.4279,0.4321,167.9874,140.7156,39.9656,1.686
110.533,3316,,1.1337,1.4198,-0.0662,4.313,1.4859,0.3445,1.4108,1.3387,0.9286,0.51,0.0822,1.0704,0.8664,0.4822,0.4101,0.4186,0.4278,166.5099,141.1737,38.9809,1.6857
110.567,3317,,1.1256,1.4162,-0.082,4.3438,1.4981,0.3449,1.4148,1.3371,0.9141,0.5045,0.0811,1.0732,0.8586,0.5007,0.423,0.4096,0.4233,163.824,140.7896,37.9969,1.6889
110.6,3318,,1.1213,1.4225,-0.0875,4.3732,1.51,0.3453,1.4023,1.3393,0.9033,0.5027,0.0809,1.0833,0.89,0.499,0.436,0.4006,0.4218,163.4039,141.1601,36.4499,1.7229
110.633,3319,,1.1238,1.4315,-0.0849,4.4221,1.5164,0.3429,1.4094,1.3453,0.9023,0.5104,0.0816,1.0997,0.9182,0.5071,0.443,0.392,0.4288,163.1299,140.5698,35.3269,1.7618
110.667,3320,,1.1265,1.4354,-0.0863,4.4647,1.5218,0.3408,1.4125,1.3514,0.9016,0.5144,0.0814,1.1084,0.9407,0.5109,0.4498,0.3872,0.433,161.5658,137.7374,35.147,1.8219
110.7,3321,,1.1311,1.4383,-0.0809,4.4934,1.5192,0.3381,1.4138,1.3568,0.9053,0.517,0.0819,1.1239,0.9669,0.5084,0.4515,0.3884,0.4351,159.1565,134.1924,35.0483,1.8636
110.733,3322,,1.1359,1.4369,-0.0727,4.4827,1.5095,0.3368,1.4369,1.3597,0.9121,0.5179,0.0824,1.1457,0.9895,0.5248,0.4476,0.3942,0.4355,157.4188,131.3111,35.1904,1.951
110.767,3323,,1.1399,1.4361,-0.0675,4.4923,1.5036,0.3347,1.4076,1.3615,0.9183,0.5223,0.0824,1.1621,0.9931,0.4893,0.4432,0.396,0.4399,155.7449,129.1666,35.2298,1.9551
110.8,3324,,1.1432,1.4344,-0.0674,4.5003,1.5018,0.3337,1.4022,1.3618,0.9246,0.5252,0.0814,1.1749,1.001,0.4776,0.4372,0.3994,0.4438,152.9576,125.7202,36.3459,1.9947
110.833,3325,,1.1401,1.4274,-0.0647,4.4651,1.4921,0.3342,1.3942,1.3587,0.9215,0.5337,0.0795,1.1819,0.9956,0.4726,0.4372,0.3878,0.4542,148.0577,121.9032,37.3646,2.0126
110.867,3326,,1.1444,1.4204,-0.058,4.4279,1.4784,0.3339,1.388,1.3589,0.9299,0.5412,0.0782,1.1891,0.9934,0.4581,0.4289,0.3888,0.463,144.1132,118.6023,39.0338,2.0469
110.9,3327,,1.145,1.4134,-0.05,4.3979,1.4634,0.3327,1.379,1.3566,0.9335,0.5451,0.0771,1.1894,0.9912,0.4455,0.423,0.3884,0.4681,140.2546,116.3277,40.0244,2.0142
110.933,3328,,1.14,1.4033,-0.0327,4.3302,1.436,0.3316,1.3663,1.3485,0.9316,0.5376,0.0771,1.1886,0.9879,0.4348,0.4169,0.3939,0.4605,137.2787,115.7285,40.6065,1.9757
110.967,3329,,1.136,1.3941,-0.0146,4.2592,1.4086,0.3307,1.3534,1.3407,0.9312,0.5315,0.0775,1.1855,0.9848,0.4222,0.4095,0.3997,0.454,134.8534,114.6161,41.5904,1.8718
111.0,3330,,1.1302,1.3796,0.0025,4.1456,1.3771,0.3322,1.3365,1.3308,0.9297,0.5255,0.078,1.1633,0.9569,0.4068,0.4011,0.4042,0.4474,133.2168,112.5922,43.4774,1.8105
111.033,3331,,1.1198,1.3575,0.009,4.0074,1.3485,0.3365,1.3175,1.3149,0.9247,0.5219,0.0781,1.1358,0.9252,0.3928,0.3902,0.4028,0.4438,131.7203,110.1727,45.4486,1.7621
111.067,3332,,1.1075,1.3351,0.0084,3.8797,1.3267,0.342,1.3003,1.297,0.9181,0.516,0.078,1.1091,0.8924,0.3822,0.3788,0.4021,0.438,131.4377,108.451,47.164,1.7177
111.1,3333,,1.0985,1.3196,0.0055,3.8134,1.3141,0.3446,1.2786,1.2835,0.9135,0.5056,0.0778,1.0874,0.8572,0.3651,0.37,0.4079,0.4278,132.166,107.7741,48.49,1.7436
111.133,3334,,1.0803,1.2967,-0.0128,3.7285,1.3095,0.3512,1.2497,1.2618,0.8988,0.4889,0.0767,1.0572,0.81,0.3508,0.3629,0.4099,0.4122,131.5172,106.1941,49.8165,1.6657
111.167,3335,,1.0631,1.2762,-0.0308,3.6524,1.3071,0.3579,1.221,1.2391,0.887,0.4768,0.0754,1.0307,0.7666,0.334,0.3521,0.4102,0.4014,131.7659,104.6892,51.1336,1.6596
111.2,3336,,1.0508,1.2603,-0.0322,3.5608,1.2925,0.363,1.2014,1.2205,0.8811,0.4725,0.0753,1.0118,0.7439,0.3203,0.3394,0.4086,0.3972,129.3079,101.5296,52.7758,1.6307
111.233,3337,,1.0306,1.2313,-0.0294,3.3887,1.2607,0.372,1.1789,1.1918,0.8694,0.469,0.0755,0.9806,0.7036,0.3095,0.3224,0.4004,0.3935,125.2925,97.7916,54.5728,1.5852
111.267,3338,,1.0108,1.2029,-0.0266,3.2274,1.2295,0.381,1.1521,1.1629,0.8587,0.4628,0.0757,0.9497,0.6652,0.2934,0.3042,0.3959,0.3871,121.249,93.4672,56.8593,1.5318
111.3,3339,,0.9895,1.1733,-0.0237,3.0745,1.197,0.3893,1.1258,1.1329,0.8461,0.4591,0.0759,0.9163,0.6184,0.2796,0.2868,0.387,0.3832,115.7654,88.5021,58.9368,1.4953
111.333,3340,,0.9681,1.1465,-0.0179,2.9347,1.1644,0.3968,1.1004,1.1032,0.833,0.4584,0.0763,0.8784,0.5725,0.2674,0.2703,0.3746,0.3821,111.3607,84.035,60.5817,1.4147
111.367,3341,,0.9465,1.1293,0.0115,2.8076,1.1179,0.3982,1.0843,1.0705,0.8226,0.4572,0.0784,0.8394,0.5374,0.2617,0.2478,0.3654,0.3789,107.5849,81.1959,62.441,1.339
111.4,3342,,0.9184,1.103,0.0221,2.6749,1.0809,0.4041,1.0595,1.0389,0.7978,0.4614,0.0788,0.7998,0.4457,0.2617,0.2411,0.3365,0.3825,102.9999,77.6035,62.6604,1.3017
111.433,3343,,0.8943,1.0754,0.0263,2.557,1.049,0.4103,1.031,1.0186,0.77,0.4701,0.0791,0.7758,0.4257,0.261,0.2486,0.2998,0.3911,97.6082,74.8451,61.0921,1.2753
111.467,3344,,0.8737,1.0509,0.0155,2.4746,1.0354,0.4184,1.0071,1.0037,0.7437,0.4743,0.0785,0.7368,0.4003,0.2634,0.26,0.2694,0.3958,93.785,73.365,58.9217,1.2781
111.5,3345,,0.8528,1.033,0.0123,2.41,1.0207,0.4235,0.9864,0.9886,0.717,0.4894,0.0784,0.7531,0.3845,0.2694,0.2717,0.2276,0.411,87.8861,69.2636,56.6612,1.2854
111.533,3346,,0.833,1.0186,0.0112,2.3527,1.0074,0.4282,0.9663,0.9721,0.6939,0.5025,0.0783,0.7459,0.3743,0.2724,0.2782,0.1914,0.4241,83.381,66.3993,54.2872,1.3028
111.567,3347,,0.8126,1.0048,0.0141,2.2927,0.9907,0.4321,0.9533,0.9568,0.6684,0.5038,0.0785,0.7381,0.4782,0.2849,0.2884,0.1645,0.4253,78.9903,64.6658,51.8797,1.3054
111.6,3348,,0.8,0.9928,0.0129,2.2427,0.9799,0.4369,0.945,0.9449,0.655,0.507,0.0785,0.7384,0.4805,0.2899,0.2899,0.1481,0.4285,76.9517,64.2853,49.8405,1.3088
111.633,3349,,0.7839,0.9902,0.0163,2.2127,0.9739,0.4401,0.942,0.9396,0.6281,0.5052,0.0787,0.7445,0.4868,0.3139,0.3115,0.1229,0.4265,73.8652,65.0457,45.7884,1.3323
111.667,3350,,0.7684,0.9917,0.0151,2.22,0.9766,0.4399,0.9292,0.9312,0.6055,0.4993,0.0787,0.7412,0.4852,0.3237,0.3257,0.1062,0.4206,71.4141,65.6606,42.5971,1.3834
111.7,3351,,0.759,0.9884,0.0113,2.2128,0.9771,0.4416,0.9176,0.9252,0.5927,0.4923,0.0786,0.7412,0.501,0.3249,0.3325,0.1004,0.4137,70.5403,68.7189,38.6281,1.4524
111.733,3352,,0.7506,0.9832,0.0038,2.2073,0.9794,0.4437,0.909,0.9187,0.5825,0.4778,0.0783,0.7384,0.5175,0.3266,0.3362,0.1047,0.3995,71.532,73.7607,34.4035,1.5082
111.767,3353,,0.7454,0.9841,-0.005,2.2225,0.9891,0.445,0.9084,0.916,0.5748,0.4686,0.0779,0.7497,0.5472,0.3336,0.3412,0.1062,0.3907,71.8892,78.6496,29.5923,1.5324
111.8,3354,,0.7417,0.9857,-0.0141,2.2423,0.9998,0.4459,0.9038,0.9148,0.5686,0.4572,0.0774,0.7729,0.5899,0.3352,0.3463,0.1114,0.3798,73.1532,84.5112,24.5329,1.5134
111.833,3355,,0.7343,0.9836,-0.0201,2.2465,1.0037,0.4468,0.9017,0.909,0.5595,0.4449,0.0771,0.7759,0.5832,0.3422,0.3495,0.1146,0.3679,73.7081,90.5685,19.1473,1.4466
111.867,3356,,0.7309,0.9747,-0.0282,2.2248,1.0029,0.4508,0.9036,0.904,0.5579,0.4396,0.0765,0.7586,0.309,0.3457,0.3462,0.1183,0.3631,75.3738,96.1869,14.338,1.3899
111.9,3357,,0.7269,0.9661,-0.0351,2.2039,1.0012,0.4543,0.908,0.8992,0.5546,0.4345,0.076,0.7484,0.2976,0.3534,0.3446,0.1201,0.3585,76.6556,100.9046,10.0605,1.3444
111.933,3358,,0.7215,0.9623,-0.0392,2.1964,1.0015,0.456,0.9154,0.8935,0.5496,0.4315,0.0757,0.7322,0.2923,0.3657,0.3439,0.1181,0.3558,76.8903,104.3644,6.1773,1.3044
111.967,3359,,0.7148,0.9705,-0.037,2.2227,1.0075,0.4533,0.9292,0.8885,0.5412,0.4303,0.0759,0.7013,0.4501,0.388,0.3473,0.1109,0.3543,75.8314,106.3877,2.8498,1.2837
112.0,3360,sitting,0.7106,0.9769,-0.036,2.2455,1.0129,0.4511,0.9402,0.886,0.5351,0.4297,0.076,0.6802,0.4242,0.4051,0.351,0.1053,0.3537,75.0331,108.6944,0.6273,1.2734
112.033,3361,sitting,0.7051,0.983,-0.0373,2.2715,1.0203,0.4492,0.9508,0.8822,0.528,0.43,0.076,0.6668,0.4242,0.4227,0.3541,0.098,0.354,74.3515,109.7842,3.1337,1.2753
112.067,3362,sitting,0.705,0.9898,-0.0348,2.293,1.0246,0.4468,0.9617,0.8825,0.5274,0.4332,0.0762,0.663,0.4306,0.4343,0.3551,0.0942,0.3569,74.1916,110.6099,4.8569,1.2781
112.1,3363,sitting,0.7028,0.993,-0.0353,2.309,1.0283,0.4454,0.97,0.8817,0.5239,0.438,0.0764,0.662,0.4353,0.446,0.3577,0.0859,0.3616,74.7659,111.4147,7.0683,1.2947
112.133,3364,sitting,0.706,0.9984,-0.0322,2.3222,1.0305,0.4438,0.979,0.8853,0.5266,0.4452,0.077,0.6649,0.4361,0.4524,0.3587,0.0815,0.3682,76.2786,112.114,8.6567,1.3076
112.167,3365,sitting,0.7118,1.0099,-0.0255,2.3589,1.0354,0.4389,0.9958,0.8915,0.532,0.4519,0.0781,0.6731,0.4444,0.4638,0.3595,0.0801,0.3738,79.4136,112.9052,9.8207,1.3267
112.2,3366,sitting,0.7223,1.0253,-0.013,2.3915,1.0383,0.4341,1.0108,0.9023,0.5424,0.4691,0.0803,0.6861,0.4586,0.4684,0.3599,0.0732,0.3889,83.1265,111.9919,10.0894,1.3425
112.233,3367,sitting,0.732,1.0397,-0.0066,2.4312,1.0463,0.4304,1.0244,0.9109,0.5531,0.4817,0.0817,0.6976,0.4696,0.4713,0.3578,0.0714,0.4,86.5213,111.7989,10.3169,1.3581
112.267,3368,sitting,0.7416,1.0537,0.0017,2.4652,1.0519,0.4267,1.0377,0.9194,0.5638,0.4887,0.0845,0.7091,0.4816,0.4739,0.3556,0.0751,0.4042,92.4024,112.5836,10.7945,1.2484
112.3,3369,sitting,0.7473,1.0638,0.0069,2.4934,1.0568,0.4238,1.0467,0.9249,0.5697,0.4893,0.0869,0.7163,0.495,0.4771,0.3552,0.0804,0.4024,96.8637,113.4876,11.0512,1.1714
112.333,3370,sitting,0.753,1.0718,0.0136,2.5108,1.0581,0.4214,1.0542,0.9302,0.5757,0.4896,0.0893,0.7225,0.512,0.4784,0.3544,0.0861,0.4003,100.5507,114.7162,11.4995,1.1106
112.367,3371,sitting,0.7583,1.0791,0.0206,2.5248,1.0585,0.4192,1.0612,0.9357,0.5809,0.4859,0.0917,0.7257,0.5255,0.4803,0.3549,0.0949,0.3942,104.1007,115.6479,11.3309,1.0602
112.4,3372,sitting,0.7657,1.086,0.0337,2.5232,1.0523,0.417,1.0687,0.9432,0.5882,0.4789,0.094,0.7318,0.5265,0.4805,0.355,0.1093,0.3849,108.4984,117.671,11.3715,1.0184
112.433,3373,sitting,0.7697,1.0903,0.0386,2.5275,1.0516,0.4161,1.0731,0.9484,0.591,0.466,0.0847,0.7332,0.5281,0.4821,0.3574,0.125,0.3813,117.202,120.213,12.1716,1.1036
112.467,3374,sitting,0.7684,1.092,0.0525,2.5514,1.0396,0.4075,1.0748,0.9495,0.5874,0.4492,0.0797,0.7296,0.5253,0.4874,0.3621,0.1382,0.3695,131.2873,122.9511,13.2507,1.2522
112.5,3375,sitting,0.77,1.0987,0.0862,2.5878,1.0125,0.3913,1.0816,0.9539,0.5862,0.4391,0.088,0.7269,0.5234,0.4954,0.3677,0.1472,0.351,124.2093,126.3932,14.2373,1.0493
112.533,3376,sitting,0.7706,1.1066,0.0737,2.605,1.0329,0.3965,1.089,0.9565,0.5847,0.4361,0.0831,0.7243,0.5157,0.5043,0.3718,0.1486,0.353,127.4472,127.7894,14.8975,1.1589
112.567,3377,sitting,0.7755,1.116,0.0645,2.618,1.0515,0.4016,1.0993,0.9625,0.5884,0.4316,0.0799,0.7251,0.5126,0.511,0.3741,0.1568,0.3517,136.258,128.5127,14.5221,1.3199
112.6,3378,sitting,0.7762,1.1236,0.0587,2.643,1.0649,0.4029,1.108,0.9652,0.5873,0.4326,0.0803,0.7227,0.5065,0.5208,0.378,0.1546,0.3523,135.2226,128.2352,14.5763,1.2588
112.633,3379,sitting,0.7774,1.1314,0.053,2.6622,1.0785,0.4051,1.117,0.968,0.5868,0.4363,0.0846,0.7197,0.5025,0.5302,0.3812,0.1505,0.3517,126.6414,126.4863,13.6317,1.1789
112.667,3380,sitting,0.7792,1.1367,0.0525,2.6822,1.0842,0.4042,1.124,0.9702,0.5882,0.4396,0.0859,0.7151,0.498,0.5358,0.382,0.1486,0.3537,123.8601,125.3047,13.0119,1.193
112.7,3381,sitting,0.7793,1.1414,0.0528,2.7058,1.0887,0.4024,1.1303,0.972,0.5867,0.4423,0.0888,0.7121,0.4926,0.5436,0.3853,0.1444,0.3535,120.3479,123.9458,12.2772,1.1785
112.733,3382,sitting,0.7785,1.1442,0.0521,2.7195,1.0922,0.4016,1.1338,0.973,0.5839,0.4436,0.0868,0.7092,0.4857,0.5498,0.3891,0.1403,0.3569,120.3654,122.7603,11.7106,1.2281
112.767,3383,sitting,0.7787,1.1463,0.0539,2.7416,1.0924,0.3985,1.1366,0.974,0.5834,0.4456,0.0882,0.7062,0.4815,0.5532,0.3906,0.1378,0.3574,118.9435,121.4294,10.8202,1.2172
112.8,3384,sitting,0.7759,1.1485,0.0712,2.7539,1.0773,0.3912,1.1375,0.9729,0.5788,0.4457,0.0805,0.7028,0.4761,0.5586,0.3941,0.1331,0.3652,118.5563,120.6551,10.0287,1.5613
112.833,3385,sitting,0.7722,1.1472,0.081,2.7738,1.0662,0.3844,1.1357,0.9705,0.5739,0.4453,0.0838,0.6987,0.4712,0.5618,0.3965,0.1286,0.3615,121.3407,119.864,9.379,1.3608
112.867,3386,sitting,0.7695,1.1466,0.0852,2.7907,1.0614,0.3803,1.1354,0.9704,0.5686,0.4466,0.0914,0.6967,0.4696,0.5669,0.4018,0.1219,0.3552,120.065,119.4717,8.6905,1.2188
112.9,3387,sitting,0.7683,1.147,0.0856,2.801,1.0614,0.379,1.1344,0.9703,0.5663,0.4477,0.0952,0.6952,0.4698,0.5681,0.404,0.1186,0.3525,120.8007,118.8833,7.8405,1.1685
112.933,3388,sitting,0.7665,1.1451,0.0842,2.7939,1.0608,0.3797,1.1317,0.9693,0.5638,0.4507,0.0946,0.6936,0.4683,0.568,0.4055,0.1131,0.3561,122.922,117.4252,6.9138,1.1567
112.967,3389,sitting,0.7654,1.1433,0.0827,2.7713,1.0606,0.3827,1.1292,0.968,0.5628,0.4557,0.0887,0.694,0.4695,0.5664,0.4053,0.107,0.3671,122.7773,114.8362,6.1496,1.2306
113.0,3390,sitting,0.7663,1.143,0.0686,2.7414,1.0744,0.3919,1.1266,0.9677,0.565,0.4581,0.0801,0.6964,0.4724,0.5616,0.4027,0.1069,0.378,132.1881,113.1117,5.5024,1.4619
113.033,3391,sitting,0.7706,1.1449,0.0545,2.7309,1.0904,0.3993,1.1269,0.9696,0.5716,0.461,0.0814,0.7008,0.4792,0.5552,0.398,0.1106,0.3796,134.1192,113.2329,5.4798,1.3162
113.067,3392,sitting,0.777,1.1491,0.0456,2.7454,1.1035,0.4019,1.1297,0.9738,0.5802,0.4666,0.0828,0.7075,0.4875,0.5495,0.3936,0.1136,0.3838,136.4172,113.0977,5.3312,1.2408
113.1,3393,sitting,0.7876,1.1553,0.0342,2.7754,1.121,0.4039,1.1345,0.9814,0.5938,0.4731,0.0827,0.7176,0.4999,0.5407,0.3877,0.1207,0.3904,139.7142,114.4464,5.8266,1.2233
113.133,3394,sitting,0.7996,1.1622,0.0194,2.8149,1.1428,0.406,1.1407,0.9906,0.6085,0.475,0.0817,0.7286,0.5122,0.5321,0.382,0.1335,0.3934,143.3801,117.1947,6.7814,1.2311
113.167,3395,sitting,0.8113,1.17,0.0073,2.8523,1.1627,0.4076,1.1458,0.9999,0.6228,0.4776,0.0806,0.7409,0.5257,0.523,0.3771,0.1452,0.397,145.8716,119.586,7.5031,1.2528
113.2,3396,sitting,0.8206,1.1764,-0.0042,2.8876,1.1806,0.4088,1.1519,1.0075,0.6337,0.4742,0.0793,0.7514,0.5368,0.5182,0.3738,0.1596,0.3948,149.5486,122.3062,8.2827,1.2687
113.233,3397,sitting,0.8269,1.1807,-0.0115,2.9112,1.1922,0.4095,1.1556,1.0125,0.6412,0.4698,0.0784,0.7586,0.5439,0.5143,0.3712,0.1714,0.3914,152.7796,124.6891,9.0474,1.276
113.267,3398,sitting,0.8347,1.1876,-0.0228,2.9504,1.2103,0.4102,1.161,1.0198,0.6496,0.4611,0.0769,0.7685,0.5541,0.5114,0.3702,0.1886,0.3842,156.7079,127.5893,9.975,1.2995
113.3,3399,sitting,0.8389,1.1918,-0.0308,2.9714,1.2227,0.4115,1.164,1.0249,0.6528,0.4424,0.0761,0.7748,0.5614,0.5112,0.3721,0.2104,0.3662,160.5333,131.2431,11.2095,1.3069
113.333,3400,sitting,0.8418,1.1965,-0.0374,2.9952,1.234,0.412,1.1676,1.0298,0.6539,0.4304,0.0753,0.7801,0.5681,0.5137,0.376,0.2234,0.3551,163.5989,133.75,12.2763,1.3142
113.367,3401,sitting,0.8479,1.2009,-0.049,3.0178,1.2499,0.4142,1.1722,1.0368,0.659,0.4208,0.0742,0.7879,0.5761,0.5132,0.3778,0.2382,0.3466,165.9216,136.2321,13.2391,1.331
113.4,3402,sitting,0.8504,1.2028,-0.054,3.0267,1.2567,0.4152,1.1753,1.041,0.6599,0.4166,0.0736,0.7921,0.582,0.5154,0.3811,0.2432,0.3431,167.2903,137.4738,13.8649,1.3359
113.433,3403,sitting,0.8503,1.2006,-0.0548,3.0147,1.2553,0.4164,1.175,1.0421,0.6586,0.4111,0.0735,0.7937,0.5835,0.5164,0.3834,0.2475,0.3376,168.522,139.0916,14.7426,1.3251
113.467,3404,sitting,0.8495,1.1964,-0.0531,2.9946,1.2495,0.4173,1.1742,1.0424,0.6566,0.4062,0.0736,0.7933,0.5835,0.5176,0.3858,0.2504,0.3326,169.5912,140.1274,15.2816,1.316
113.5,3405,sitting,0.8487,1.1918,-0.0475,2.972,1.2393,0.417,1.173,1.0423,0.6551,0.4053,0.0741,0.7916,0.5824,0.5179,0.3872,0.2497,0.3312,169.8523,139.7661,15.2403,1.306
113.533,3406,sitting,0.8477,1.1871,-0.0446,2.9477,1.2317,0.4178,1.172,1.0414,0.654,0.4023,0.0743,0.7905,0.5815,0.518,0.3875,0.2517,0.3279,169.9075,140.5707,15.626,1.3013
113.567,3407,sitting,0.847,1.1827,-0.0439,2.9266,1.2266,0.4191,1.1708,1.0406,0.6534,0.3999,0.0744,0.7901,0.5804,0.5174,0.3872,0.2536,0.3255,169.801,141.0679,15.8484,1.3021
113.6,3408,sitting,0.847,1.1807,-0.044,2.9148,1.2247,0.4202,1.1693,1.0397,0.6543,0.4006,0.0744,0.7901,0.5798,0.515,0.3854,0.2537,0.3262,170.6184,140.811,15.6329,1.3008
113.633,3409,sitting,0.8465,1.1812,-0.0434,2.9128,1.2246,0.4204,1.1684,1.0388,0.6542,0.4002,0.0745,0.7906,0.5797,0.5143,0.3847,0.254,0.3257,171.008,141.6224,16.0332,1.3013
113.667,3410,sitting,0.847,1.1808,-0.044,2.9101,1.2248,0.4209,1.1661,1.039,0.655,0.4006,0.0745,0.7916,0.5797,0.511,0.384,0.2544,0.3261,170.9309,141.3735,15.8471,1.3021
113.7,3411,sitting,0.8475,1.1811,-0.0445,2.9097,1.2256,0.4212,1.1644,1.0395,0.6555,0.4026,0.0744,0.7928,0.5808,0.5089,0.384,0.2529,0.3281,170.6202,141.0909,15.6922,1.3037
113.733,3412,sitting,0.8485,1.1812,-0.0449,2.9074,1.2262,0.4217,1.1635,1.0405,0.6564,0.4032,0.0744,0.7951,0.5844,0.5071,0.3841,0.2532,0.3288,170.4558,141.164,15.7405,1.3049
113.767,3413,sitting,0.8481,1.1805,-0.0474,2.9054,1.2278,0.4226,1.1614,1.0396,0.6565,0.4027,0.0742,0.796,0.5849,0.5049,0.3831,0.2538,0.3285,170.5432,141.6852,15.9785,1.3056
113.8,3414,sitting,0.8478,1.1806,-0.0484,2.9052,1.229,0.423,1.1604,1.0391,0.6564,0.4033,0.0741,0.7964,0.5859,0.5039,0.3827,0.2531,0.3292,170.5982,142.0227,16.1014,1.3051
113.833,3415,sitting,0.8474,1.1806,-0.0499,2.905,1.2304,0.4236,1.1598,1.0387,0.656,0.403,0.074,0.797,0.5866,0.5038,0.3827,0.253,0.3291,170.5052,142.3834,16.3235,1.3081
113.867,3416,sitting,0.847,1.1808,-0.0512,2.9064,1.232,0.4239,1.1596,1.0383,0.6558,0.402,0.0739,0.7973,0.5861,0.5038,0.3824,0.2538,0.3281,170.657,142.7215,16.4434,1.3102
113.9,3417,sitting,0.8468,1.1812,-0.0525,2.9084,1.2336,0.4242,1.1598,1.0382,0.6554,0.4016,0.0738,0.7973,0.5859,0.5044,0.3828,0.2539,0.3278,170.7438,142.9969,16.5803,1.3126
113.933,3418,sitting,0.8468,1.1825,-0.0535,2.9147,1.236,0.4241,1.1609,1.0389,0.6546,0.4012,0.0736,0.7981,0.5864,0.5063,0.3843,0.2534,0.3275,170.5652,142.7434,16.5523,1.3165
113.967,3419,sitting,0.8475,1.1843,-0.0544,2.9235,1.2387,0.4237,1.1626,1.0404,0.6546,0.4013,0.0735,0.7991,0.5866,0.5079,0.3857,0.2533,0.3278,170.467,142.4202,16.3844,1.3221
114.0,3420,sitting,0.8481,1.1865,-0.0545,2.9331,1.241,0.4231,1.1646,1.0408,0.6554,0.4008,0.0735,0.799,0.5872,0.5092,0.3854,0.2546,0.3273,170.5868,142.3076,16.1926,1.3274
114.033,3421,sitting,0.848,1.1886,-0.0545,2.9427,1.243,0.4224,1.166,1.0408,0.6551,0.4017,0.0735,0.7985,0.5866,0.5109,0.3858,0.2534,0.3282,170.2802,142.0467,16.1213,1.331
114.067,3422,sitting,0.8489,1.1912,-0.0545,2.9519,1.2457,0.422,1.1685,1.0422,0.6557,0.3998,0.0735,0.7995,0.5876,0.5128,0.3865,0.2559,0.3263,170.3242,142.6016,16.4254,1.3352
114.1,3423,sitting,0.8494,1.193,-0.0534,2.9583,1.2465,0.4213,1.1699,1.0427,0.6561,0.4005,0.0736,0.7992,0.5872,0.5138,0.3866,0.2556,0.3268,170.2715,142.7059,16.4556,1.3363
114.133,3424,sitting,0.8497,1.1947,-0.0537,2.966,1.2484,0.4209,1.1712,1.0431,0.6563,0.3994,0.0736,0.7989,0.5865,0.515,0.3868,0.2569,0.3258,170.2091,142.7501,16.4562,1.3388
114.167,3425,sitting,0.8501,1.1959,-0.0534,2.9719,1.2493,0.4204,1.1723,1.0434,0.6568,0.4006,0.0736,0.7981,0.5869,0.5155,0.3865,0.2563,0.327,170.1109,142.343,16.231,1.339
114.2,3426,sitting,0.851,1.1967,-0.0523,2.9749,1.2491,0.4199,1.1733,1.0442,0.6578,0.4026,0.0737,0.798,0.5877,0.5155,0.3864,0.2552,0.3289,170.0082,141.8968,15.9697,1.3382
114.233,3427,sitting,0.8505,1.1966,-0.0517,2.9734,1.2483,0.4198,1.1732,1.0439,0.6571,0.4026,0.0738,0.7978,0.5869,0.5161,0.3868,0.2545,0.3288,169.976,142.086,16.0872,1.3369
114.267,3428,sitting,0.8502,1.1975,-0.0515,2.9776,1.249,0.4195,1.1738,1.0441,0.6564,0.4025,0.0738,0.7985,0.5873,0.5174,0.3877,0.2538,0.3287,169.906,142.0735,16.1767,1.3376
114.3,3429,sitting,0.8498,1.1979,-0.0511,2.9793,1.249,0.4192,1.1741,1.0439,0.6557,0.4014,0.0739,0.7984,0.5866,0.5183,0.3881,0.2544,0.3275,170.1035,142.5042,16.3675,1.336
114.333,3430,sitting,0.8494,1.198,-0.05,2.9784,1.248,0.419,1.1742,1.0439,0.6549,0.3995,0.074,0.7983,0.5865,0.5193,0.389,0.2554,0.3255,170.3542,143.0186,16.6391,1.3353
114.367,3431,sitting,0.8491,1.1988,-0.0493,2.9822,1.2481,0.4185,1.1747,1.0443,0.6539,0.3983,0.0741,0.7984,0.5862,0.5208,0.3904,0.2556,0.3243,170.5582,142.9984,16.6733,1.3344
114.4,3432,sitting,0.8492,1.2003,-0.0489,2.9885,1.2492,0.418,1.1756,1.045,0.6533,0.3986,0.0741,0.7982,0.5871,0.5223,0.3916,0.2547,0.3245,170.5262,142.8842,16.6916,1.3362
114.433,3433,sitting,0.8501,1.2018,-0.0484,2.9936,1.2502,0.4176,1.1769,1.0455,0.6547,0.3982,0.0742,0.7979,0.5865,0.5222,0.3908,0.2565,0.324,170.6248,143.0467,16.695,1.3358
114.467,3434,sitting,0.8501,1.2036,-0.0479,3.001,1.2515,0.417,1.1785,1.0452,0.6549,0.398,0.0743,0.7974,0.5858,0.5236,0.3903,0.2569,0.3238,170.7066,143.1889,16.7202,1.3356
114.5,3435,sitting,0.8499,1.204,-0.0479,3.0032,1.2519,0.4168,1.1791,1.0447,0.6551,0.3976,0.0743,0.7968,0.5849,0.5241,0.3896,0.2575,0.3233,170.79,143.1977,16.6585,1.3355
114.533,3436,sitting,0.8507,1.2047,-0.0485,3.008,1.2532,0.4166,1.1802,1.0451,0.6562,0.3981,0.0742,0.7964,0.5866,0.5241,0.389,0.2581,0.3239,170.8051,142.8026,16.4056,1.3378
114.567,3437,sitting,0.8508,1.2055,-0.0492,3.013,1.2547,0.4164,1.1812,1.045,0.6566,0.3961,0.0741,0.796,0.5874,0.5245,0.3884,0.2605,0.322,171.0557,142.6291,16.244,1.3384
114.6,3438,sitting,0.8514,1.2057,-0.0496,3.015,1.2553,0.4163,1.1819,1.0453,0.6575,0.3978,0.0741,0.7958,0.5876,0.5244,0.3877,0.2597,0.3238,171.095,142.3152,16.0575,1.3364
114.633,3439,sitting,0.8515,1.2055,-0.0499,3.0143,1.2554,0.4165,1.1819,1.0449,0.6581,0.398,0.074,0.7958,0.5865,0.5238,0.3868,0.2602,0.3239,171.1196,142.5968,16.1814,1.3358
114.667,3440,sitting,0.8518,1.2049,-0.0498,3.0119,1.2547,0.4166,1.1816,1.045,0.6585,0.3975,0.074,0.7957,0.5872,0.5231,0.3865,0.2611,0.3234,171.2616,142.5537,16.1358,1.3321
114.7,3441,sitting,0.8521,1.2031,-0.049,3.0025,1.2521,0.417,1.1804,1.0447,0.6596,0.3997,0.0741,0.7965,0.5871,0.5208,0.3851,0.2599,0.3256,171.1443,142.6792,16.1856,1.3224
114.733,3442,sitting,0.8523,1.2029,-0.0491,3.0023,1.2521,0.417,1.1805,1.0445,0.6601,0.4027,0.0741,0.7976,0.5869,0.5205,0.3844,0.2573,0.3286,170.6274,142.4279,16.1978,1.316
114.767,3443,sitting,0.8525,1.2019,-0.0486,2.9975,1.2505,0.4172,1.1802,1.0442,0.6608,0.4058,0.0741,0.7993,0.5892,0.5194,0.3835,0.2549,0.3317,169.9951,141.7448,16.0423,1.3074
114.8,3444,sitting,0.8511,1.1999,-0.0477,2.9899,1.2476,0.4173,1.1786,1.043,0.6593,0.4096,0.0742,0.8023,0.5905,0.5192,0.3836,0.2497,0.3354,168.9864,141.0608,15.9949,1.296
114.833,3445,sitting,0.8494,1.1987,-0.0457,2.9852,1.2444,0.4169,1.1777,1.041,0.6577,0.4168,0.0743,0.8036,0.5928,0.52,0.3833,0.2409,0.3425,167.0464,139.6602,15.8804,1.2892
114.867,3446,sitting,0.8478,1.1963,-0.0437,2.9761,1.24,0.4167,1.1762,1.039,0.6566,0.4286,0.0744,0.8037,0.5938,0.5196,0.3825,0.228,0.3541,164.1808,137.4383,15.4468,1.2874
114.9,3447,sitting,0.8446,1.1923,-0.042,2.9613,1.2343,0.4168,1.1731,1.0356,0.6536,0.4402,0.0745,0.8018,0.5912,0.5195,0.382,0.2134,0.3657,160.6761,135.592,15.4738,1.2964
114.933,3448,sitting,0.8407,1.187,-0.0412,2.9413,1.2281,0.4175,1.1692,1.0309,0.6506,0.4506,0.0746,0.7951,0.5864,0.5186,0.3803,0.2001,0.376,156.9467,133.2463,15.1015,1.3127
114.967,3449,sitting,0.838,1.1816,-0.0408,2.9214,1.2224,0.4184,1.1654,1.0275,0.6486,0.4599,0.0746,0.7909,0.5826,0.5168,0.3789,0.1887,0.3853,153.543,130.7278,14.2494,1.3313
115.0,3450,sitting,0.8346,1.1752,-0.0399,2.8962,1.2151,0.4195,1.1611,1.0236,0.6456,0.4678,0.0746,0.7862,0.5821,0.5155,0.378,0.1778,0.3932,150.5788,128.3344,13.301,1.3432
115.033,3451,sitting,0.8316,1.1709,-0.0386,2.8786,1.2095,0.4202,1.1582,1.0213,0.642,0.4756,0.0748,0.7804,0.5797,0.5163,0.3793,0.1664,0.4008,147.7615,125.3598,11.7937,1.3562
115.067,3452,sitting,0.8276,1.1661,-0.0378,2.8611,1.204,0.4208,1.1544,1.0185,0.6368,0.4846,0.0748,0.7744,0.5713,0.5176,0.3818,0.1521,0.4098,144.5798,121.0921,9.2941,1.371
115.1,3453,sitting,0.8222,1.1609,-0.0379,2.8446,1.1989,0.4215,1.1502,1.0134,0.6311,0.4913,0.0748,0.7627,0.557,0.5191,0.3824,0.1398,0.4165,141.4233,116.7009,6.579,1.3931
115.133,3454,sitting,0.8186,1.1582,-0.0375,2.8357,1.1957,0.4216,1.1478,1.0103,0.6269,0.4981,0.0749,0.7546,0.5455,0.5209,0.3834,0.1288,0.4232,138.2812,113.0329,4.2994,1.428
115.167,3455,sitting,0.8174,1.1583,-0.0388,2.8392,1.1971,0.4216,1.1483,1.009,0.6258,0.5066,0.0748,0.7516,0.5458,0.5224,0.3832,0.1192,0.4318,134.6353,109.7392,2.2758,1.4789
115.2,3456,sitting,0.8168,1.1589,-0.0397,2.8458,1.1985,0.4212,1.1483,1.0082,0.6253,0.5164,0.0748,0.7492,0.5424,0.523,0.3829,0.1089,0.4416,130.4241,106.4957,0.4081,1.539
115.233,3457,sitting,0.8172,1.161,-0.0372,2.8513,1.1982,0.4202,1.1502,1.0085,0.626,0.5266,0.0751,0.7506,0.3916,0.5242,0.3825,0.0994,0.4515,126.3711,104.0732,0.7739,1.592
115.267,3458,sitting,0.818,1.1631,-0.0331,2.8551,1.1962,0.419,1.1537,1.0086,0.6274,0.5348,0.0755,0.7543,0.385,0.5263,0.3812,0.0926,0.4592,122.8708,102.1738,1.7748,1.6382
115.3,3459,sitting,0.8203,1.1671,-0.0305,2.8684,1.1976,0.4175,1.1572,1.0101,0.6305,0.5389,0.0758,0.7569,0.3817,0.5267,0.3796,0.0916,0.4631,120.5759,101.176,2.6125,1.675
115.333,3460,sitting,0.8216,1.1709,-0.0278,2.882,1.1987,0.4159,1.1602,1.0111,0.6321,0.5402,0.0761,0.7627,0.3796,0.5281,0.379,0.0919,0.4641,118.9362,100.5768,3.1813,1.6939
115.367,3461,sitting,0.8214,1.1742,-0.0258,2.8946,1.1999,0.4146,1.1628,1.0105,0.6324,0.5418,0.0762,0.7618,0.3788,0.5304,0.3782,0.0905,0.4656,117.5026,100.5333,3.1101,1.7089
115.4,3462,sitting,0.8221,1.1764,-0.0234,2.9022,1.1998,0.4134,1.1645,1.0111,0.633,0.5434,0.0764,0.7661,0.3789,0.5315,0.3781,0.0896,0.467,116.3472,101.0693,2.6604,1.7199
115.433,3463,sitting,0.8226,1.1796,-0.022,2.9143,1.2017,0.4123,1.1673,1.0115,0.6337,0.5457,0.0765,0.7673,0.38,0.5336,0.3778,0.0879,0.4692,115.2982,101.7336,1.9365,1.728
115.467,3464,sitting,0.8233,1.1847,-0.0202,2.9332,1.2049,0.4108,1.1712,1.0123,0.6344,0.5484,0.0767,0.7682,0.3798,0.5368,0.3779,0.086,0.4717,114.1699,102.2733,1.3012,1.738
115.5,3465,sitting,0.8233,1.1888,-0.0179,2.9483,1.2068,0.4093,1.1747,1.0129,0.6336,0.5508,0.0769,0.7679,0.3795,0.5411,0.3794,0.0828,0.4739,113.0163,102.5781,0.6933,1.7442
115.533,3466,sitting,0.8231,1.1924,-0.0172,2.9631,1.2097,0.4082,1.1775,1.0136,0.6327,0.5513,0.0769,0.7679,0.3803,0.5448,0.3809,0.0814,0.4743,112.3078,103.539,0.266,1.7505
115.567,3467,sitting,0.8235,1.1952,-0.0166,2.9737,1.2117,0.4075,1.1797,1.0149,0.6322,0.5525,0.077,0.7693,0.3825,0.5475,0.3827,0.0797,0.4755,111.7357,104.146,0.9746,1.7535
115.6,3468,sitting,0.8224,1.1966,-0.0169,2.98,1.2135,0.4072,1.1806,1.0143,0.6305,0.5519,0.077,0.7687,0.3833,0.5501,0.3839,0.0786,0.4749,111.3354,105.0309,1.9063,1.7531
115.633,3469,sitting,0.821,1.1969,-0.0169,2.9797,1.2137,0.4073,1.1807,1.0137,0.6283,0.5523,0.077,0.7663,0.3844,0.5523,0.3854,0.076,0.4753,110.7937,105.4638,2.6529,1.7487
115.667,3470,sitting,0.8207,1.1972,-0.0155,2.978,1.2127,0.4072,1.1803,1.0135,0.6279,0.553,0.0771,0.7667,0.3859,0.5524,0.3855,0.075,0.4759,110.5245,105.8942,3.184,1.7434
115.7,3471,sitting,0.8203,1.1967,-0.0149,2.9738,1.2117,0.4074,1.1793,1.0136,0.627,0.5535,0.0771,0.7676,0.3873,0.5523,0.3866,0.0735,0.4764,110.2295,106.0163,3.5294,1.7362
115.733,3472,sitting,0.8201,1.1965,-0.0144,2.971,1.2109,0.4076,1.1788,1.0141,0.6261,0.5539,0.0772,0.7688,0.388,0.5527,0.388,0.0723,0.4767,110.0639,106.275,3.9308,1.7293
115.767,3473,sitting,0.8202,1.1961,-0.0138,2.9675,1.2099,0.4077,1.178,1.0148,0.6255,0.554,0.0772,0.7711,0.389,0.5525,0.3893,0.0715,0.4768,110.1279,106.6028,4.3409,1.7177
115.8,3474,sitting,0.8206,1.1962,-0.0132,2.9664,1.2094,0.4077,1.1777,1.0152,0.626,0.5542,0.0773,0.7715,0.3897,0.5517,0.3892,0.0718,0.477,110.3205,107.0862,4.7544,1.7061
115.833,3475,sitting,0.8217,1.1965,-0.0127,2.966,1.2092,0.4077,1.1773,1.016,0.6274,0.5543,0.0773,0.7723,0.5593,0.55,0.3886,0.0731,0.477,110.6119,107.6634,5.1612,1.6956
115.867,3476,sitting,0.8228,1.1967,-0.0122,2.9652,1.2089,0.4077,1.177,1.0171,0.6285,0.5544,0.0774,0.7763,0.3908,0.5484,0.3885,0.0741,0.4771,110.8451,108.2741,5.6532,1.6824
115.9,3477,sitting,0.823,1.1976,-0.0123,2.969,1.2098,0.4075,1.1771,1.0174,0.6286,0.5543,0.0774,0.779,0.3896,0.5485,0.3887,0.0743,0.477,110.9862,109.0106,6.3558,1.6672
115.933,3478,sitting,0.8227,1.197,-0.0122,2.9665,1.2092,0.4076,1.1763,1.0172,0.6283,0.554,0.0774,0.7793,0.3885,0.548,0.3889,0.0743,0.4766,111.1481,109.9205,7.2806,1.6437
115.967,3479,sitting,0.8226,1.1967,-0.0127,2.9651,1.2094,0.4079,1.1752,1.017,0.6281,0.554,0.0774,0.7777,0.555,0.5471,0.3889,0.0741,0.4767,111.2403,110.4061,7.8749,1.6169
116.0,3480,sitting,0.8218,1.1956,-0.0133,2.9616,1.2089,0.4082,1.1733,1.0161,0.6275,0.5528,0.0773,0.7751,0.5493,0.5458,0.3886,0.0747,0.4755,111.5027,111.1233,8.5574,1.5891
116.033,3481,sitting,0.821,1.1954,-0.0143,2.9625,1.2097,0.4083,1.172,1.0153,0.6268,0.5523,0.0772,0.7751,0.5474,0.5452,0.3885,0.0744,0.4751,111.6751,111.6388,9.1815,1.5636
116.067,3482,sitting,0.8194,1.1948,-0.0154,2.962,1.2101,0.4086,1.1709,1.0131,0.6257,0.5512,0.0771,0.7729,0.5447,0.5452,0.3874,0.0745,0.4741,111.9472,112.2604,9.8814,1.5425
116.1,3483,sitting,0.8176,1.1938,-0.017,2.9612,1.2107,0.4089,1.1696,1.0112,0.624,0.5501,0.077,0.7704,0.5424,0.5456,0.3871,0.0739,0.4731,112.3458,112.88,10.638,1.5284
116.133,3484,sitting,0.8155,1.192,-0.0194,2.9587,1.2113,0.4094,1.1675,1.0085,0.6224,0.5483,0.0768,0.7643,0.537,0.5451,0.3862,0.0741,0.4715,112.6177,113.7323,11.5477,1.5234
116.167,3485,sitting,0.8121,1.189,-0.0235,2.9545,1.2125,0.4104,1.1643,1.0047,0.6194,0.5462,0.0765,0.7582,0.532,0.5449,0.3853,0.0732,0.4697,112.6099,114.2168,12.2609,1.5264
116.2,3486,sitting,0.8077,1.1861,-0.0273,2.9509,1.2134,0.4112,1.1613,0.9997,0.6157,0.5444,0.0761,0.7524,0.5272,0.5457,0.384,0.0713,0.4683,112.1884,114.9969,13.387,1.5414
116.233,3487,sitting,0.8036,1.1833,-0.0303,2.9483,1.2136,0.4116,1.1581,0.995,0.6121,0.5421,0.0758,0.7425,0.5144,0.546,0.3829,0.07,0.4663,111.9023,115.8556,14.3252,1.5631
116.267,3488,sitting,0.8006,1.182,-0.0332,2.951,1.2152,0.4118,1.1564,0.9914,0.6098,0.5411,0.0754,0.7377,0.3483,0.5466,0.3816,0.0687,0.4658,110.1953,116.138,14.8346,1.6246
116.3,3489,sitting,0.7958,1.1786,-0.0377,2.9508,1.2163,0.4122,1.1529,0.9858,0.6058,0.5365,0.0749,0.7292,0.5062,0.5472,0.3801,0.0692,0.4617,108.7668,116.6234,15.2625,1.697
116.333,3490,sitting,0.7879,1.1731,-0.046,2.9512,1.2192,0.4131,1.1474,0.9776,0.5981,0.5285,0.0741,0.7165,0.4966,0.5493,0.3794,0.0697,0.4544,107.4804,116.9922,15.6308,1.7564
116.367,3491,sitting,0.7786,1.1667,-0.0575,2.953,1.2242,0.4146,1.1409,0.9685,0.5886,0.5199,0.073,0.7043,0.4869,0.5524,0.38,0.0686,0.447,106.0598,117.2019,16.0125,1.7744
116.4,3492,sitting,0.7734,1.1635,-0.0642,2.9563,1.2277,0.4153,1.1375,0.9634,0.5834,0.5138,0.0723,0.6961,0.4822,0.5541,0.3799,0.0696,0.4415,105.1684,117.4949,16.1695,1.7957
116.433,3493,sitting,0.7724,1.1638,-0.0654,2.9619,1.2292,0.415,1.1377,0.9619,0.5829,0.5117,0.0722,0.6944,0.4837,0.5548,0.379,0.0712,0.4395,104.9509,118.0167,16.4479,1.8171
116.467,3494,sitting,0.7718,1.1654,-0.0645,2.969,1.2299,0.4142,1.1392,0.9612,0.5823,0.51,0.0723,0.6918,0.4823,0.5569,0.3789,0.0723,0.4377,104.9153,118.1951,16.454,1.8368
116.5,3495,sitting,0.7708,1.1672,-0.064,2.9781,1.2312,0.4134,1.141,0.9599,0.5818,0.5087,0.0724,0.6892,0.4805,0.5593,0.3781,0.0731,0.4363,104.8274,118.2844,16.4362,1.8524
116.533,3496,sitting,0.7705,1.1691,-0.0611,2.9835,1.2302,0.4123,1.1429,0.9591,0.5818,0.5082,0.0727,0.6871,0.4786,0.5611,0.3773,0.0736,0.4355,104.7239,118.1986,16.2925,1.8653
116.567,3497,sitting,0.7708,1.1712,-0.0562,2.9869,1.2274,0.4109,1.1449,0.9588,0.5829,0.5081,0.0731,0.6859,0.477,0.5621,0.3759,0.0748,0.4349,104.9483,118.2453,16.1573,1.8717
116.6,3498,sitting,0.77,1.1725,-0.0503,2.9874,1.2227,0.4093,1.1463,0.9576,0.5824,0.5071,0.0737,0.6828,0.4739,0.5639,0.3752,0.0753,0.4335,104.9918,118.2741,16.0641,1.8695
116.633,3499,sitting,0.7687,1.1737,-0.044,2.9875,1.2177,0.4076,1.1478,0.9563,0.5812,0.5066,0.0742,0.6802,0.4697,0.5666,0.375,0.0746,0.4324,104.9544,118.3977,16.158,1.8635
116.667,3500,sitting,0.7667,1.1737,-0.0383,2.9829,1.212,0.4063,1.1484,0.9544,0.5791,0.5061,0.0747,0.6769,0.4648,0.5693,0.3753,0.073,0.4314,104.521,118.2412,16.1004,1.8541
116.7,3501,sitting,0.7661,1.1744,-0.0356,2.9839,1.21,0.4055,1.1494,0.9538,0.5784,0.5062,0.075,0.6758,0.4622,0.571,0.3754,0.0723,0.4312,103.8396,118.1175,15.9772,1.8485
116.733,3502,sitting,0.7666,1.1748,-0.033,2.9822,1.2078,0.405,1.1504,0.9546,0.5786,0.5059,0.0752,0.6759,0.4615,0.5717,0.376,0.0727,0.4308,103.6129,118.0932,15.7985,1.8455
116.767,3503,sitting,0.7683,1.1752,-0.0327,2.9815,1.2079,0.4051,1.1517,0.9564,0.5803,0.5074,0.0752,0.6774,0.463,0.5714,0.3761,0.0729,0.4322,103.7159,118.0451,15.6571,1.8492
116.8,3504,sitting,0.7695,1.1756,-0.0314,2.9784,1.207,0.4052,1.1527,0.9579,0.5811,0.5088,0.0753,0.6773,0.4633,0.5717,0.3768,0.0723,0.4335,103.602,117.68,15.3719,1.8507
116.833,3505,sitting,0.7713,1.1761,-0.0326,2.9783,1.2087,0.4058,1.1542,0.9599,0.5827,0.5105,0.0752,0.6787,0.464,0.5715,0.3771,0.0723,0.4353,103.5636,117.6722,15.3418,1.8543
116.867,3506,sitting,0.7717,1.176,-0.0351,2.9797,1.2111,0.4065,1.1547,0.9602,0.5833,0.5103,0.075,0.6785,0.4628,0.5714,0.377,0.0729,0.4353,103.8406,117.7553,15.32,1.8596
116.9,3507,sitting,0.7725,1.1758,-0.0403,2.9833,1.2161,0.4076,1.1554,0.9612,0.5838,0.5108,0.0746,0.6791,0.4642,0.5716,0.3774,0.073,0.4363,104.0906,117.9447,15.4636,1.8681
116.933,3508,sitting,0.7749,1.176,-0.047,2.9898,1.2229,0.409,1.1571,0.9637,0.5861,0.512,0.074,0.6807,0.4646,0.5709,0.3776,0.0741,0.438,104.9861,118.0385,15.4311,1.8786
116.967,3509,sitting,0.7804,1.1776,-0.0527,2.9982,1.2303,0.4103,1.1603,0.969,0.5919,0.5137,0.0735,0.6864,0.4696,0.5685,0.3771,0.0781,0.4402,106.8172,118.4006,15.2991,1.8899
117.0,3510,sitting,0.7866,1.1793,-0.054,3.0024,1.2332,0.4108,1.1638,0.9754,0.5979,0.5135,0.0736,0.693,0.4757,0.5659,0.3774,0.0844,0.4399,109.3027,118.9303,15.0913,1.8903
117.033,3511,sitting,0.7913,1.1795,-0.049,2.9952,1.2285,0.4102,1.1659,0.9802,0.6023,0.5097,0.0744,0.6985,0.4821,0.5635,0.3779,0.0927,0.4352,112.5204,119.647,14.851,1.7871
117.067,3512,sitting,0.7961,1.1803,-0.0433,2.9906,1.2236,0.4092,1.168,0.9854,0.6067,0.5047,0.0755,0.7042,0.4899,0.5613,0.3787,0.102,0.4292,115.9153,120.4109,14.6324,1.6848
117.1,3513,sitting,0.8015,1.1819,-0.0401,2.992,1.222,0.4084,1.1704,0.9911,0.6119,0.5004,0.0763,0.7107,0.498,0.5586,0.3793,0.1115,0.4241,118.8483,121.2651,14.5193,1.6095
117.133,3514,sitting,0.8067,1.184,-0.0368,2.996,1.2207,0.4075,1.1732,0.9965,0.6169,0.4924,0.0773,0.7171,0.505,0.5563,0.3796,0.1245,0.4151,122.0327,122.4464,14.4061,1.5417
117.167,3515,sitting,0.8098,1.1854,-0.0347,2.9988,1.2201,0.4069,1.1751,1.0001,0.6194,0.4828,0.0781,0.7205,0.5098,0.5557,0.3807,0.1366,0.4047,124.5651,123.4381,14.3755,1.4945
117.2,3516,sitting,0.8095,1.1841,-0.041,3.0039,1.225,0.4078,1.1743,1.0015,0.6175,0.4664,0.0781,0.7221,0.511,0.5569,0.3841,0.1511,0.3883,126.7981,124.9651,14.7232,1.4674
117.233,3517,sitting,0.808,1.1829,-0.0469,3.0105,1.2298,0.4085,1.173,1.0011,0.6149,0.4561,0.0779,0.7205,0.5101,0.5582,0.3862,0.1588,0.3781,127.7924,125.8395,15.0516,1.4522
117.267,3518,sitting,0.808,1.1851,-0.0514,3.0213,1.2365,0.4093,1.1744,1.0019,0.6141,0.4484,0.0778,0.7219,0.5111,0.5603,0.3879,0.1657,0.3706,128.7452,126.6578,15.3452,1.4478
117.3,3519,sitting,0.8072,1.1848,-0.0587,3.0279,1.2435,0.4107,1.1737,1.0013,0.613,0.4436,0.0771,0.7223,0.5105,0.5607,0.3883,0.1694,0.3665,128.9105,127.4932,15.8383,1.453
117.333,3520,sitting,0.8031,1.1829,-0.0621,3.0287,1.245,0.4111,1.1709,0.9976,0.6086,0.4377,0.0769,0.7186,0.5079,0.5622,0.3889,0.1709,0.3608,129.0446,127.8879,16.1176,1.4469
117.367,3521,sitting,0.7982,1.1808,-0.0652,3.0307,1.246,0.4111,1.1671,0.9925,0.6038,0.4318,0.0769,0.7143,0.5037,0.5634,0.3887,0.172,0.3548,128.8517,128.1489,16.4564,1.4353
117.4,3522,sitting,0.7945,1.179,-0.0666,3.0292,1.2456,0.4112,1.1632,0.9883,0.6006,0.4304,0.0771,0.7116,0.5022,0.5625,0.3877,0.1703,0.3533,128.3706,128.1631,16.723,1.4252
117.433,3523,sitting,0.791,1.1762,-0.0658,3.0187,1.242,0.4114,1.1583,0.984,0.598,0.4287,0.0773,0.7098,0.5007,0.5604,0.3861,0.1693,0.3514,128.0132,128.2869,17.0136,1.4174
117.467,3524,sitting,0.787,1.1723,-0.0654,3.0033,1.2377,0.4121,1.1522,0.9796,0.5945,0.4274,0.0773,0.7075,0.4992,0.5577,0.3851,0.1671,0.3501,127.7456,128.3066,17.2869,1.412
117.5,3525,sitting,0.7844,1.1679,-0.0649,2.9839,1.2328,0.4132,1.1465,0.9768,0.592,0.4264,0.0773,0.7058,0.4993,0.5546,0.3848,0.1656,0.3491,127.5225,128.4566,17.6117,1.4081
117.533,3526,sitting,0.7826,1.164,-0.0652,2.9667,1.2291,0.4143,1.1416,0.9745,0.5908,0.4264,0.0772,0.7042,0.4989,0.5508,0.3837,0.1645,0.3491,127.2564,128.5776,17.8603,1.404
117.567,3527,sitting,0.7811,1.1615,-0.0646,2.9552,1.2261,0.4149,1.1382,0.9721,0.5901,0.4278,0.0773,0.7033,0.5003,0.548,0.382,0.1624,0.3505,126.9649,128.4889,18.0224,1.3991
117.6,3528,sitting,0.7792,1.1583,-0.0683,2.9488,1.2266,0.416,1.1341,0.9699,0.5885,0.4272,0.0769,0.7009,0.4991,0.5457,0.3814,0.1613,0.3504,126.7321,128.363,18.0817,1.3981
117.633,3529,sitting,0.7771,1.156,-0.0704,2.9449,1.2264,0.4164,1.131,0.9677,0.5864,0.4266,0.0766,0.6994,0.4986,0.5446,0.3813,0.1598,0.35,126.4971,128.2407,18.1583,1.3956
117.667,3530,sitting,0.7776,1.1554,-0.0682,2.9412,1.2236,0.416,1.1299,0.9677,0.5875,0.4284,0.0767,0.7,0.5004,0.5424,0.3802,0.1591,0.3517,126.4152,128.1006,18.1817,1.3899
117.7,3531,sitting,0.7781,1.1554,-0.0632,2.9359,1.2186,0.4151,1.1297,0.9675,0.5886,0.4313,0.0772,0.6996,0.5008,0.5411,0.3789,0.1574,0.3541,126.4611,127.8241,18.1501,1.3826
117.733,3532,sitting,0.7795,1.1542,-0.0585,2.9244,1.2127,0.4147,1.1285,0.9688,0.5903,0.4343,0.0776,0.7001,0.5018,0.5382,0.3784,0.156,0.3567,126.4678,127.5439,18.0672,1.3738
117.767,3533,sitting,0.7811,1.153,-0.0536,2.9123,1.2066,0.4143,1.1275,0.9701,0.592,0.4372,0.078,0.7012,0.504,0.5355,0.3781,0.1548,0.3592,126.4321,127.2265,17.9177,1.3671
117.8,3534,sitting,0.7822,1.1531,-0.0505,2.9085,1.2037,0.4139,1.1277,0.9712,0.5933,0.4401,0.0781,0.7022,0.5056,0.5344,0.3779,0.1532,0.362,126.2035,127.0034,17.8051,1.3682
117.833,3535,sitting,0.7814,1.1544,-0.0438,2.9048,1.1983,0.4125,1.1293,0.9709,0.592,0.4421,0.0785,0.701,0.5043,0.5373,0.3789,0.1499,0.3636,125.9966,126.7041,17.7505,1.3734
117.867,3536,sitting,0.7792,1.1533,-0.0367,2.8919,1.19,0.4115,1.1285,0.9695,0.5888,0.441,0.0788,0.6996,0.5023,0.5397,0.3807,0.1478,0.3622,125.8018,126.6166,17.7396,1.3813
117.9,3537,sitting,0.7767,1.1534,-0.0326,2.8878,1.186,0.4107,1.1291,0.9679,0.5855,0.4394,0.0787,0.6978,0.4984,0.5436,0.3824,0.146,0.3607,125.3774,126.4949,17.5494,1.4043
117.933,3538,sitting,0.7752,1.1557,-0.028,2.8906,1.1837,0.4095,1.1317,0.9673,0.5831,0.439,0.0786,0.6975,0.4979,0.5485,0.3842,0.1441,0.3604,125.0695,126.1855,17.1885,1.4295
117.967,3539,sitting,0.773,1.1566,-0.0253,2.8916,1.182,0.4088,1.1332,0.9659,0.58,0.4351,0.0784,0.6949,0.4936,0.5532,0.386,0.1449,0.3567,125.124,126.1321,16.8336,1.4547
118.0,3540,sitting,0.7712,1.1595,-0.0237,2.8992,1.1832,0.4081,1.1363,0.9653,0.577,0.4336,0.078,0.6946,0.4922,0.5592,0.3883,0.1434,0.3556,124.4302,125.8101,16.368,1.4979
118.033,3541,,0.7692,1.1608,-0.0214,2.9011,1.1822,0.4075,1.1379,0.9637,0.5746,0.4315,0.0778,0.6925,0.4898,0.5633,0.3891,0.1431,0.3537,123.752,125.5906,15.9304,1.5372
118.067,3542,,0.7685,1.1635,-0.019,2.9086,1.1824,0.4065,1.1408,0.9629,0.5742,0.4318,0.0776,0.691,0.489,0.5666,0.3888,0.1424,0.3542,123.2037,125.3984,15.4862,1.5742
118.1,3543,,0.7671,1.1641,-0.0173,2.9071,1.1814,0.4064,1.1423,0.961,0.5732,0.4334,0.0774,0.688,0.4855,0.5691,0.3878,0.1398,0.3561,121.822,125.0737,15.1957,1.6235
118.133,3544,,0.7651,1.1653,-0.0171,2.9101,1.1824,0.4063,1.1441,0.9592,0.5711,0.4368,0.077,0.6838,0.4816,0.5731,0.3881,0.1343,0.3597,119.3852,124.4006,14.9169,1.6888
118.167,3545,,0.7634,1.1654,-0.0203,2.9139,1.1857,0.4069,1.1449,0.9577,0.5692,0.4398,0.0766,0.6811,0.4787,0.5758,0.3885,0.1293,0.3632,117.2947,123.9167,14.7223,1.7256
118.2,3546,,0.7614,1.1655,-0.0216,2.9166,1.187,0.407,1.1455,0.9556,0.5672,0.4444,0.0763,0.6786,0.4751,0.5783,0.3885,0.1228,0.3681,115.1522,123.2123,14.5003,1.7262
118.233,3547,,0.7604,1.1646,-0.022,2.9139,1.1866,0.4072,1.1451,0.9544,0.5663,0.4496,0.0762,0.677,0.4719,0.5788,0.388,0.1167,0.3735,113.2399,122.5619,14.2857,1.7284
118.267,3548,,0.7608,1.1642,-0.0238,2.9128,1.188,0.4078,1.145,0.9541,0.5674,0.4578,0.076,0.676,0.4689,0.5776,0.3866,0.1096,0.3818,111.0724,121.8029,14.0815,1.7355
118.3,3549,,0.7608,1.1635,-0.0258,2.9116,1.1893,0.4085,1.1449,0.9545,0.5672,0.4647,0.0758,0.6763,0.4671,0.5777,0.3873,0.1025,0.3889,109.3367,120.6631,13.6232,1.7464
118.333,3550,,0.7612,1.1628,-0.0271,2.9092,1.1899,0.409,1.1444,0.9547,0.5677,0.4711,0.0757,0.6772,0.4673,0.5767,0.387,0.0966,0.3954,107.847,119.6934,13.1897,1.7571
118.367,3551,,0.7622,1.1627,-0.0291,2.9107,1.1918,0.4095,1.144,0.9551,0.5694,0.4753,0.0755,0.6791,0.4691,0.5746,0.3857,0.0941,0.3998,107.0883,118.8374,12.5114,1.769
118.4,3552,,0.7624,1.1616,-0.0304,2.9071,1.192,0.41,1.1429,0.9549,0.5698,0.4778,0.0754,0.6776,0.4689,0.5731,0.3851,0.092,0.4024,106.699,118.0688,11.9188,1.7815
118.433,3553,,0.7626,1.1597,-0.0335,2.902,1.1932,0.4112,1.1416,0.955,0.5702,0.4803,0.0751,0.6762,0.4669,0.5714,0.3847,0.09,0.4051,106.5363,117.4215,11.4946,1.7918
118.467,3554,,0.7644,1.1581,-0.038,2.8979,1.1961,0.4127,1.1407,0.9562,0.5725,0.4827,0.0748,0.6768,0.4667,0.5682,0.3837,0.0898,0.408,106.5254,117.0041,11.1022,1.8024
118.5,3555,,0.7667,1.157,-0.0437,2.896,1.2007,0.4146,1.1407,0.9581,0.5753,0.4845,0.0743,0.6789,0.4682,0.5654,0.3827,0.0909,0.4102,106.63,116.6539,10.6623,1.8129
118.533,3556,,0.7689,1.154,-0.0514,2.8877,1.2054,0.4174,1.1396,0.9596,0.5782,0.4861,0.0736,0.6808,0.4703,0.5614,0.3814,0.0922,0.4124,107.0461,116.6141,10.4523,1.8233
118.567,3557,,0.7717,1.1511,-0.0589,2.8801,1.2101,0.4201,1.1386,0.9616,0.5819,0.4869,0.0729,0.6844,0.4732,0.5568,0.3798,0.0949,0.414,107.6454,116.8029,10.2866,1.8318
118.6,3558,,0.7755,1.1482,-0.0627,2.8671,1.2109,0.4223,1.1374,0.965,0.586,0.4865,0.0726,0.6901,0.4784,0.5514,0.379,0.0995,0.4138,109.0005,117.1954,10.1504,1.8364
118.633,3559,,0.7785,1.1433,-0.0659,2.847,1.2091,0.4247,1.1343,0.9672,0.5897,0.4848,0.0724,0.6926,0.4807,0.5446,0.3775,0.105,0.4123,110.2791,117.624,10.0271,1.8368
118.667,3560,,0.7806,1.1412,-0.0672,2.842,1.2084,0.4252,1.1318,0.9685,0.5927,0.4821,0.0724,0.6934,0.4808,0.5391,0.3758,0.1105,0.4097,111.8544,118.0526,9.9061,1.8349
118.7,3561,,0.7833,1.1417,-0.0679,2.8408,1.2096,0.4258,1.1294,0.9707,0.5958,0.4801,0.0725,0.6952,0.483,0.5335,0.3749,0.1158,0.4075,113.4825,118.2983,9.6595,1.8374
118.733,3562,,0.788,1.1422,-0.0666,2.8348,1.2087,0.4264,1.1285,0.9748,0.6012,0.4786,0.0728,0.7014,0.4891,0.5273,0.3736,0.1226,0.4058,115.3381,118.8259,9.4081,1.8037
118.767,3563,,0.7909,1.1411,-0.0662,2.8255,1.2073,0.4273,1.1255,0.9771,0.6047,0.479,0.073,0.7052,0.4922,0.5208,0.3724,0.1257,0.406,116.5692,118.947,9.1835,1.7676
118.8,3564,,0.7942,1.1424,-0.0635,2.8224,1.2059,0.4272,1.1256,0.9801,0.6082,0.4791,0.0734,0.7093,0.4966,0.5174,0.3719,0.1291,0.4058,117.5089,118.9175,8.8301,1.7403
118.833,3565,,0.7971,1.1427,-0.0626,2.8181,1.2053,0.4277,1.1238,0.9829,0.6114,0.4797,0.0735,0.7133,0.5017,0.5125,0.3715,0.1317,0.4062,118.0632,119.0072,8.6033,1.7285
118.867,3566,,0.7986,1.1414,-0.0608,2.8081,1.2023,0.4282,1.1209,0.9841,0.6131,0.4795,0.0737,0.7162,0.5048,0.5078,0.371,0.1336,0.4058,118.4733,119.1854,8.5241,1.7168
118.9,3567,,0.7981,1.1401,-0.0613,2.8021,1.2014,0.4287,1.1198,0.9831,0.6131,0.4789,0.0737,0.7174,0.5063,0.5067,0.37,0.1342,0.4052,118.5483,119.1527,8.4223,1.7118
118.933,3568,,0.7973,1.1381,-0.0626,2.7955,1.2007,0.4295,1.116,0.9817,0.6128,0.4781,0.0735,0.7172,0.5058,0.5032,0.3689,0.1347,0.4046,118.6163,119.2073,8.4063,1.706
118.967,3569,,0.7973,1.1376,-0.0615,2.7915,1.1991,0.4295,1.113,0.9809,0.6137,0.4781,0.0737,0.7173,0.5052,0.4993,0.3672,0.1356,0.4044,118.8589,119.4026,8.4875,1.6992
119.0,3570,,0.7974,1.137,-0.0616,2.7886,1.1986,0.4298,1.1102,0.9806,0.6143,0.4778,0.0737,0.717,0.5044,0.4959,0.3662,0.1365,0.4041,119.0749,119.5036,8.4913,1.6937
119.033,3571,,0.7962,1.1343,-0.0625,2.779,1.1968,0.4307,1.1065,0.9787,0.6137,0.4769,0.0736,0.7151,0.5023,0.4928,0.365,0.1368,0.4033,119.2047,119.8181,8.7784,1.685
119.067,3572,,0.7953,1.1307,-0.0633,2.7666,1.194,0.4316,1.1022,0.977,0.6136,0.4761,0.0735,0.715,0.503,0.4887,0.3635,0.1374,0.4026,119.3719,120.3403,9.1744,1.6745
119.1,3573,,0.7956,1.1278,-0.0649,2.7574,1.1927,0.4325,1.0982,0.9764,0.6148,0.476,0.0734,0.7146,0.5022,0.4835,0.3617,0.1387,0.4026,119.5185,120.8038,9.5064,1.6619
119.133,3574,,0.7955,1.1258,-0.0661,2.7517,1.192,0.4332,1.0948,0.9751,0.6158,0.4765,0.0733,0.715,0.5031,0.479,0.3594,0.1393,0.4032,119.6404,121.3348,10.0135,1.6511
119.167,3575,,0.7949,1.1231,-0.0667,2.7426,1.1898,0.4338,1.0912,0.9736,0.6162,0.4788,0.0732,0.7153,0.5053,0.4751,0.3575,0.1374,0.4056,119.3219,121.5981,10.5723,1.6415
119.2,3576,,0.7922,1.1189,-0.0706,2.7341,1.1895,0.4351,1.0867,0.9702,0.6142,0.4789,0.0728,0.7131,0.5045,0.4725,0.356,0.1353,0.4062,118.9263,121.7533,11.1659,1.635
119.233,3577,,0.7905,1.1135,-0.0741,2.7209,1.1876,0.4365,1.0826,0.9679,0.6131,0.4814,0.0724,0.7133,0.5076,0.4694,0.3547,0.1317,0.409,118.2384,121.6068,11.7422,1.6236
119.267,3578,,0.7874,1.1073,-0.0801,2.7098,1.1874,0.4382,1.0775,0.964,0.6108,0.4845,0.0717,0.7132,0.5122,0.4668,0.3533,0.1262,0.4128,117.2544,121.0079,12.2402,1.6113
119.3,3579,,0.7881,1.104,-0.0816,2.6978,1.1856,0.4395,1.0758,0.9637,0.6125,0.4893,0.0715,0.7167,0.5228,0.4633,0.3513,0.1232,0.4178,116.6613,120.9868,12.9336,1.6074
119.333,3580,,0.7913,1.1022,-0.0792,2.6828,1.1814,0.4404,1.0769,0.9661,0.6166,0.4947,0.0716,0.7233,0.5323,0.4603,0.3495,0.1219,0.4231,116.6026,121.3222,13.6159,1.6156
119.367,3581,,0.7946,1.1031,-0.0741,2.6691,1.1772,0.4411,1.0781,0.9691,0.6201,0.4989,0.0719,0.7286,0.539,0.458,0.349,0.1212,0.427,117.5505,121.536,14.0035,1.6218
119.4,3582,,0.7984,1.1071,-0.0676,2.6625,1.1747,0.4412,1.0813,0.9731,0.6238,0.5029,0.0723,0.7323,0.5424,0.4575,0.3494,0.1208,0.4306,119.4327,122.0587,14.6283,1.6201
119.433,3583,,0.8026,1.1117,-0.0624,2.6679,1.1741,0.4401,1.085,0.9779,0.6272,0.5064,0.0727,0.7374,0.5479,0.4578,0.3508,0.1208,0.4338,121.6184,122.7739,15.3625,1.6111
119.467,3584,,0.8062,1.1156,-0.0593,2.6746,1.1748,0.4393,1.0879,0.9824,0.6299,0.508,0.0728,0.7439,0.5552,0.4579,0.3524,0.1219,0.4352,124.2427,123.6518,16.0869,1.6055
119.5,3585,,0.8097,1.1199,-0.055,2.6805,1.1749,0.4383,1.0916,0.9872,0.6323,0.5107,0.0732,0.7483,0.5591,0.4593,0.3549,0.1215,0.4375,126.8777,124.3947,16.8811,1.5173
119.533,3586,,0.8133,1.1136,-0.0504,2.6469,1.164,0.4398,1.0882,0.992,0.6347,0.5102,0.0738,0.7519,0.5621,0.4535,0.3573,0.1245,0.4364,130.0118,125.3443,17.3991,1.4054
119.567,3587,,0.8156,1.1167,-0.0477,2.6479,1.1644,0.4398,1.092,0.9957,0.6355,0.5054,0.0744,0.754,0.5631,0.4565,0.3602,0.1301,0.431,133.3099,126.7383,17.9266,1.3396
119.6,3588,,0.8179,1.1199,-0.0439,2.6481,1.1638,0.4395,1.0975,0.9987,0.6372,0.5007,0.0752,0.7568,0.5656,0.4604,0.3615,0.1365,0.4255,136.9023,127.6511,17.9307,1.2752
119.633,3589,,0.8206,1.1251,-0.0381,2.6532,1.1633,0.4384,1.1051,1.0024,0.6388,0.4976,0.0761,0.7533,0.5581,0.4663,0.3636,0.1413,0.4214,139.6383,128.0739,17.6384,1.2329
119.667,3590,,0.8229,1.1306,-0.0329,2.6621,1.1635,0.437,1.112,1.0064,0.6394,0.4926,0.0768,0.7562,0.5606,0.4726,0.367,0.1468,0.4158,141.7184,128.9407,17.5962,1.2178
119.7,3591,,0.8257,1.1374,-0.0273,2.6768,1.1647,0.4351,1.1201,1.0101,0.6413,0.4864,0.0774,0.7573,0.5614,0.4788,0.3688,0.1549,0.4089,143.5883,129.9551,17.3931,1.2154
119.733,3592,,0.8313,1.1467,-0.0181,2.6933,1.1648,0.4325,1.1312,1.0171,0.6454,0.4857,0.0782,0.759,0.5622,0.4858,0.3717,0.1597,0.4075,144.5551,130.6473,17.1541,1.2247
119.767,3593,,0.8365,1.1546,-0.0101,2.7091,1.1647,0.4299,1.1407,1.0236,0.6495,0.4856,0.0788,0.7608,0.5613,0.4913,0.3741,0.1639,0.4068,145.2237,130.7064,16.4137,1.2361
119.8,3594,,0.8402,1.1629,-0.0035,2.7292,1.1664,0.4274,1.1485,1.0282,0.6522,0.483,0.0794,0.7575,0.5586,0.4963,0.376,0.1692,0.4036,146.5154,130.3327,15.2191,1.2349
119.833,3595,,0.8423,1.1699,-0.0015,2.7526,1.1714,0.4256,1.1545,1.0314,0.6531,0.4818,0.0795,0.7553,0.5607,0.5014,0.3784,0.1713,0.4023,147.1713,128.9098,13.4494,1.2423
119.867,3596,,0.8427,1.1749,-0.0016,2.7735,1.1766,0.4242,1.1583,1.0316,0.6538,0.48,0.0795,0.7488,0.562,0.5045,0.3778,0.1738,0.4005,147.8151,126.9281,11.1558,1.2513
119.9,3597,,0.8433,1.1779,-0.0017,2.7851,1.1796,0.4235,1.1613,1.0314,0.6552,0.4782,0.0795,0.7459,0.563,0.5061,0.3762,0.177,0.3987,148.3731,125.0223,8.8607,1.2634
119.933,3598,,0.8431,1.1802,-0.0026,2.7969,1.1828,0.4229,1.1623,1.0298,0.6565,0.4765,0.0794,0.7431,0.5683,0.5058,0.3733,0.18,0.3971,148.8129,123.3435,6.7444,1.2858
119.967,3599,,0.8426,1.1812,-0.0047,2.8047,1.1859,0.4228,1.1618,1.0272,0.6579,0.4755,0.0793,0.7401,0.5727,0.5039,0.3693,0.1824,0.3963,149.1755,121.2719,4.3423,1.3094
120.0,3600,,0.8401,1.1808,-0.007,2.8071,1.1877,0.4231,1.1612,1.0229,0.6573,0.4752,0.0791,0.7361,0.5765,0.5039,0.3656,0.1821,0.396,149.2111,118.2101,1.3903,1.3337
120.033,3601,,0.8365,1.1792,-0.0085,2.8042,1.1878,0.4236,1.1593,1.0197,0.6534,0.4755,0.079,0.7326,0.5733,0.5059,0.3663,0.1779,0.3965,148.3431,114.5205,1.59,1.3586
120.067,3602,,0.8319,1.1765,-0.0098,2.7956,1.1863,0.4243,1.1568,1.0153,0.6484,0.4758,0.0789,0.7293,0.5788,0.5084,0.3669,0.1726,0.3969,147.4327,111.0182,4.3454,1.3859
120.1,3603,,0.8279,1.1744,-0.0107,2.7892,1.1851,0.4249,1.1556,1.0125,0.6432,0.4777,0.0789,0.7307,0.5807,0.5124,0.3694,0.1655,0.3988,145.7808,106.4315,7.7031,1.4196
120.133,3604,,0.8266,1.1725,-0.0111,2.7821,1.1836,0.4255,1.1541,1.0122,0.6409,0.48,0.0789,0.737,0.5857,0.5132,0.3713,0.1609,0.4012,143.9097,101.3649,11.5507,1.4652
120.167,3605,,0.8252,1.1692,-0.011,2.7695,1.1802,0.4261,1.1525,1.0093,0.6411,0.4822,0.0788,0.7424,0.5891,0.5114,0.3682,0.1589,0.4034,142.1134,95.5586,16.2867,1.5063
120.2,3606,,0.8219,1.1642,-0.0108,2.7501,1.1751,0.4273,1.1497,1.0028,0.641,0.4843,0.0788,0.7413,0.5795,0.5087,0.3618,0.1567,0.4055,139.8293,87.9069,22.5794,1.4821
120.233,3607,,0.8199,1.1558,-0.01,2.7133,1.1658,0.4297,1.1437,1.0011,0.6387,0.4863,0.0789,0.7406,0.3835,0.505,0.3624,0.1524,0.4074,138.1779,83.1589,26.3834,1.4627
120.267,3608,,0.8217,1.1451,-0.0087,2.6693,1.1538,0.4323,1.1359,1.003,0.6405,0.4889,0.0791,0.7094,0.3886,0.4955,0.3625,0.1515,0.4099,136.9863,79.3411,29.8813,1.4425
120.3,3609,,0.8223,1.1365,-0.0067,2.6237,1.1432,0.4357,1.1258,1.0047,0.6399,0.4918,0.0794,0.7187,0.3984,0.4858,0.3647,0.1481,0.4124,135.495,76.0568,32.4879,1.4174
120.333,3610,,0.8218,1.1303,-0.0026,2.5918,1.1329,0.4371,1.1144,1.0068,0.6368,0.4922,0.0798,0.7462,0.4826,0.4776,0.3701,0.1446,0.4124,133.8378,74.0932,33.8698,1.4146
120.367,3611,,0.8251,1.1247,0.0039,2.5549,1.1208,0.4387,1.1043,1.011,0.6392,0.4826,0.0804,0.7516,0.4943,0.4651,0.3718,0.1566,0.4022,133.829,75.2,34.297,1.4337
120.4,3612,,0.8251,1.1169,0.0089,2.5149,1.1081,0.4406,1.0966,1.0104,0.6397,0.4777,0.0806,0.7496,0.4799,0.4568,0.3707,0.162,0.3971,132.6365,76.3553,34.1065,1.471
120.433,3613,,0.8171,1.1096,0.0142,2.4827,1.0954,0.4412,1.089,1.005,0.6293,0.4915,0.0806,0.7513,0.5453,0.4597,0.3757,0.1378,0.4109,127.8431,74.8394,33.2643,1.5116
120.467,3614,,0.8096,1.1063,0.0299,2.451,1.0763,0.4391,1.0853,0.9997,0.6195,0.4995,0.0808,0.7514,0.5659,0.4658,0.3801,0.1201,0.4186,126.1792,73.5835,32.9883,1.5393
120.5,3615,,0.8085,1.1089,0.044,2.4323,1.0649,0.4378,1.0903,1.0011,0.6159,0.5005,0.0824,0.7666,0.6072,0.4744,0.3852,0.1155,0.418,127.029,74.4835,32.0614,1.484
120.533,3616,,0.8059,1.1146,0.0607,2.4188,1.0538,0.4357,1.0982,1.0046,0.6071,0.5035,0.0827,0.7775,0.6481,0.4911,0.3975,0.1036,0.4208,126.6245,74.9187,30.5858,1.4811
120.567,3617,,0.7928,1.1136,0.072,2.4091,1.0416,0.4324,1.1001,0.9987,0.5868,0.5038,0.0809,0.7818,0.6789,0.5133,0.4119,0.083,0.423,127.3384,73.3582,29.6727,1.3417
120.6,3618,,0.782,1.1111,0.0702,2.3921,1.0409,0.4352,1.0965,0.9937,0.5704,0.507,0.0812,0.7918,0.7121,0.5261,0.4232,0.0634,0.4259,124.006,72.453,28.1047,1.2517
120.633,3619,,0.7705,1.1074,0.0677,2.3726,1.0397,0.4382,1.0909,0.9888,0.5523,0.507,0.082,0.8015,0.7433,0.5387,0.4366,0.0453,0.425,120.9913,73.0413,25.2793,1.2793
120.667,3620,,0.756,1.1048,0.0797,2.3852,1.025,0.4297,1.0836,0.9832,0.5288,0.4968,0.0858,0.818,0.785,0.5548,0.4544,0.032,0.411,121.3849,76.5046,20.0159,1.3437
120.7,3621,,0.7277,1.0926,0.086,2.3541,1.0066,0.4276,1.0655,0.9683,0.4871,0.4792,0.0882,0.8299,0.8374,0.5785,0.4813,0.0078,0.391,118.0899,77.1751,15.5465,1.3702
120.733,3622,,0.7006,1.0761,0.0895,2.3029,0.9866,0.4284,1.0463,0.95,0.4513,0.468,0.0901,0.8593,0.909,0.595,0.4986,-0.0167,0.3779,112.9214,75.9947,12.5472,1.3523
120.767,3623,,0.6696,1.0524,0.0817,2.2034,0.9708,0.4406,1.0226,0.9211,0.418,0.4735,0.0884,0.8951,0.98,0.6045,0.5031,-0.0554,0.385,103.9603,72.1702,10.6242,1.4125
120.8,3624,,0.6448,1.0367,0.0818,2.1419,0.9549,0.4458,1.0015,0.8963,0.3934,0.4628,0.0908,0.9135,1.0084,0.608,0.5028,-0.0694,0.372,102.0284,72.0362,8.1214,1.35
120.833,3625,,0.5902,0.997,0.0388,2.0238,0.9582,0.4735,0.9528,0.8405,0.3398,0.4634,0.0826,0.8818,0.9872,0.613,0.5007,-0.1235,0.3808,84.5891,66.1379,6.9665,1.4007
120.867,3626,,0.5689,1.0159,0.0615,2.0464,0.9544,0.4664,0.9353,0.8184,0.3194,0.44,0.0901,0.8874,1.0028,0.6159,0.499,-0.1207,0.35,93.6819,71.1232,2.7099,1.3605
120.9,3627,,0.5396,0.9831,0.0574,1.9614,0.9257,0.4719,0.9066,0.7864,0.2929,0.4465,0.0919,0.859,0.9702,0.6137,0.4935,-0.1536,0.3546,88.2594,69.8415,0.5994,1.2343
120.933,3628,,0.5504,0.9936,0.0965,1.9755,0.8971,0.4541,0.9099,0.7907,0.31,0.4408,0.101,0.8226,0.9648,0.5999,0.4807,-0.1308,0.3398,94.1579,77.1425,2.5395,1.1492
120.967,3629,,0.5291,0.9662,0.0823,1.8684,0.8839,0.4731,0.8783,0.7652,0.2931,0.4517,0.0936,0.7282,0.9213,0.5852,0.472,-0.1586,0.3581,84.7225,75.6266,3.3612,1.2577
121.0,3630,on_ground,0.5681,0.8964,0.0597,1.8645,0.8366,0.4487,0.8717,0.8035,0.3326,0.4194,0.1079,0.6913,0.8376,0.5391,0.4709,-0.0868,0.3115,97.1648,93.1995,9.1944,0.9732
121.033,3631,on_ground,0.5737,0.8977,0.0554,1.8713,0.8423,0.4501,0.8733,0.8122,0.3353,0.4215,0.1084,0.6753,0.83,0.538,0.4769,-0.0862,0.3131,96.6627,93.315,9.1645,0.9783
121.067,3632,on_ground,0.574,0.8964,0.0477,1.874,0.8487,0.4529,0.87,0.8124,0.3356,0.4243,0.1083,0.6361,0.78,0.5343,0.4767,-0.0886,0.316,95.8282,94.0918,9.791,0.9842
121.1,3633,on_ground,0.5766,0.8948,0.0429,1.8752,0.8519,0.4543,0.8636,0.8161,0.3371,0.4251,0.1085,0.6172,0.7479,0.5265,0.479,-0.088,0.3166,95.7398,93.447,9.0085,0.97
121.133,3634,on_ground,0.5663,0.8884,0.039,1.8563,0.8494,0.4576,0.8507,0.8013,0.3314,0.4184,0.1072,0.5833,0.6214,0.5194,0.4699,-0.0871,0.3113,95.1987,93.9366,9.3782,0.9437
121.167,3635,on_ground,0.5596,0.8873,0.0379,1.8489,0.8494,0.4594,0.8429,0.7892,0.3301,0.4155,0.1063,0.5615,0.476,0.5128,0.4591,-0.0854,0.3093,95.0153,94.8952,10.0285,0.9114
121.2,3636,on_ground,0.5566,0.8875,0.0246,1.8167,0.8629,0.475,0.8388,0.782,0.3312,0.4242,0.0995,0.5555,0.2627,0.5075,0.4508,-0.093,0.3247,91.646,94.0981,10.0016,0.9549
121.233,3637,on_ground,0.5535,0.8876,0.025,1.8135,0.8626,0.4757,0.8366,0.777,0.33,0.4289,0.0989,0.5568,0.3747,0.5066,0.4469,-0.0988,0.33,91.3041,94.4878,11.1362,0.9364
121.267,3638,on_ground,0.5532,0.8905,0.0267,1.8295,0.8638,0.4721,0.8368,0.7757,0.3307,0.4311,0.0999,0.5581,0.3528,0.5061,0.4451,-0.1004,0.3312,92.6287,95.838,12.9066,0.88
121.3,3639,on_ground,0.5563,0.8942,0.0241,1.8427,0.8701,0.4722,0.8378,0.7794,0.3333,0.4346,0.0991,0.5682,0.1799,0.5045,0.446,-0.1013,0.3355,94.001,97.6447,14.933,0.864
121.333,3640,on_ground,0.5631,0.8988,0.0238,1.8573,0.875,0.4711,0.84,0.7883,0.3379,0.4366,0.097,0.5945,0.1867,0.5022,0.4505,-0.0987,0.3396,97.7029,99.8359,16.9009,0.853
121.367,3641,on_ground,0.5749,0.9059,0.029,1.8686,0.8769,0.4693,0.85,0.7997,0.35,0.4441,0.0953,0.606,0.3836,0.5,0.4497,-0.094,0.3487,100.6313,102.116,18.7896,0.8456
121.4,3642,on_ground,0.5825,0.91,0.0328,1.8761,0.8772,0.4675,0.8483,0.807,0.358,0.4483,0.0931,0.6054,0.3633,0.4903,0.449,-0.0903,0.3552,104.0635,103.9296,20.3798,0.836
121.433,3643,on_ground,0.5758,0.9066,0.0194,1.8597,0.8871,0.477,0.8437,0.8004,0.3512,0.4554,0.0865,0.5771,0.3143,0.4925,0.4492,-0.1042,0.3689,104.6282,101.8157,20.7611,0.8604
121.467,3644,on_ground,0.5621,0.8997,-0.0057,1.8229,0.9054,0.4967,0.8353,0.7885,0.3358,0.4614,0.0788,0.5487,0.2914,0.4995,0.4527,-0.1256,0.3825,104.4803,97.891,20.2916,0.9323
121.5,3645,on_ground,0.5484,0.8947,-0.0037,1.7901,0.8984,0.5019,0.8318,0.7749,0.3219,0.4735,0.0775,0.5184,0.2554,0.5099,0.453,-0.1517,0.396,99.8697,93.8588,20.5661,0.9756
121.533,3646,on_ground,0.5427,0.8929,0.0093,1.7718,0.8836,0.4987,0.8331,0.7675,0.3179,0.4772,0.0781,0.5084,0.2399,0.5152,0.4496,-0.1593,0.3991,98.7982,92.9668,21.4783,0.978
121.567,3647,on_ground,0.5489,0.9012,0.0149,1.7917,0.8863,0.4947,0.8472,0.7709,0.3269,0.4729,0.0783,0.5063,0.2296,0.5203,0.444,-0.146,0.3946,102.6763,95.3051,22.2779,0.9557
121.6,3648,on_ground,0.5582,0.9112,0.0134,1.822,0.8978,0.4927,0.8628,0.7777,0.3388,0.4656,0.0783,0.5109,0.2323,0.524,0.4388,-0.1268,0.3874,107.0035,99.2795,23.5575,0.9485
121.633,3649,on_ground,0.5659,0.9162,0.0091,1.8392,0.9071,0.4932,0.876,0.7822,0.3495,0.4625,0.0781,0.5137,0.237,0.5265,0.4327,-0.113,0.3845,110.0717,102.3147,24.6394,0.938
121.667,3650,on_ground,0.5671,0.9166,-0.0057,1.8545,0.9223,0.4973,0.8823,0.7815,0.3526,0.4516,0.0772,0.5137,0.2413,0.5296,0.4289,-0.099,0.3744,113.3725,105.4971,25.7669,0.9274
121.7,3651,on_ground,0.576,0.9218,-0.0128,1.8701,0.9346,0.4997,0.893,0.7886,0.3634,0.4532,0.0768,0.5252,0.2575,0.5296,0.4252,-0.0898,0.3765,114.7835,107.4132,26.2964,0.9302
121.733,3652,on_ground,0.5842,0.9242,-0.0192,1.8812,0.9434,0.5015,0.8998,0.7942,0.3743,0.4546,0.0763,0.5366,0.2715,0.5256,0.4199,-0.0803,0.3782,116.1177,109.7749,27.2334,0.9335
121.767,3653,on_ground,0.592,0.9256,-0.022,1.8854,0.9476,0.5026,0.9055,0.7999,0.384,0.4586,0.0761,0.5466,0.287,0.5215,0.4159,-0.0746,0.3825,116.6214,111.2947,27.8925,0.9391
121.8,3654,on_ground,0.5977,0.924,-0.016,1.8773,0.94,0.5007,0.9087,0.8033,0.3921,0.4617,0.0765,0.5577,0.3039,0.5166,0.4113,-0.0696,0.3852,117.0251,112.6891,28.5863,0.9369
121.833,3655,on_ground,0.6005,0.9214,-0.0168,1.8719,0.9382,0.5012,0.9097,0.8057,0.3954,0.4618,0.0764,0.5696,0.3212,0.5143,0.4104,-0.0665,0.3854,117.4582,113.5033,28.9126,0.9395
121.867,3656,on_ground,0.6044,0.9248,-0.0208,1.8689,0.9456,0.506,0.9105,0.8097,0.3991,0.4602,0.0761,0.5871,0.3426,0.5114,0.4106,-0.0611,0.3841,118.322,114.6669,29.2288,0.9415
121.9,3657,on_ground,0.6093,0.9277,-0.021,1.8651,0.9486,0.5086,0.9114,0.816,0.4027,0.4607,0.0761,0.6168,0.3822,0.5088,0.4134,-0.058,0.3846,118.6965,115.1187,29.1569,0.943
121.933,3658,on_ground,0.6147,0.9303,-0.021,1.8706,0.9513,0.5086,0.9124,0.8229,0.4064,0.4604,0.0761,0.6538,0.4309,0.506,0.4165,-0.0539,0.3842,119.308,115.8038,29.1302,0.9414
121.967,3659,on_ground,0.6193,0.9329,-0.0197,1.8763,0.9526,0.5077,0.9137,0.8285,0.4102,0.4616,0.0762,0.698,0.496,0.5035,0.4182,-0.0514,0.3854,119.4967,116.2794,29.1706,0.942
122.0,3660,on_ground,0.619,0.9335,-0.0244,1.8835,0.9578,0.5085,0.9132,0.8287,0.4093,0.4585,0.0759,0.6731,0.4544,0.5039,0.4194,-0.0492,0.3827,120.0473,116.6649,29.2042,0.9418
122.033,3661,on_ground,0.6173,0.9341,-0.0299,1.8911,0.9639,0.5097,0.9129,0.8273,0.4072,0.4551,0.0755,0.6576,0.4326,0.5057,0.4201,-0.0479,0.3796,120.5156,116.9781,29.2451,0.9403
122.067,3662,on_ground,0.6178,0.9528,-0.0306,1.9423,0.9834,0.5063,0.9212,0.8272,0.4084,0.4552,0.0754,0.6505,0.4247,0.5128,0.4187,-0.0468,0.3798,120.6421,117.4546,29.5219,0.9583
122.1,3663,on_ground,0.6172,0.9524,-0.0352,1.9483,0.9876,0.5069,0.92,0.8275,0.4069,0.4526,0.075,0.6764,0.4599,0.513,0.4206,-0.0457,0.3776,120.9124,117.7191,29.5439,0.9581
122.133,3664,on_ground,0.6166,0.9521,-0.0352,1.9491,0.9873,0.5065,0.9198,0.8279,0.4053,0.4529,0.075,0.6949,0.4854,0.5145,0.4226,-0.0476,0.3778,120.6543,117.4638,29.5455,0.9575
122.167,3665,on_ground,0.6164,0.9527,-0.0322,1.9488,0.985,0.5054,0.9206,0.8277,0.4051,0.453,0.0753,0.682,0.4673,0.5155,0.4226,-0.0479,0.3777,120.545,117.5581,29.6963,0.9573
122.2,3666,on_ground,0.617,0.9528,-0.0293,1.9474,0.9822,0.5044,0.9204,0.8284,0.4056,0.4551,0.0755,0.6906,0.4782,0.5148,0.4228,-0.0495,0.3796,120.1698,117.3614,29.7243,0.9565
122.233,3667,on_ground,0.6139,0.9333,-0.0341,1.9029,0.9674,0.5084,0.9099,0.8259,0.4019,0.4528,0.0751,0.7001,0.4961,0.5079,0.4239,-0.0509,0.3777,120.142,117.4181,29.9082,0.9361
122.267,3668,on_ground,0.6151,0.9513,-0.0317,1.9486,0.9829,0.5044,0.9189,0.8271,0.403,0.454,0.0753,0.7025,0.4976,0.5159,0.4241,-0.0509,0.3787,119.9227,117.5808,30.0397,0.9542
122.3,3669,on_ground,0.6169,0.9532,-0.0286,1.95,0.9817,0.5035,0.9206,0.8282,0.4055,0.4561,0.0755,0.6957,0.4873,0.5151,0.4227,-0.0506,0.3806,119.7255,117.7321,30.1204,0.954
122.333,3670,on_ground,0.6189,0.939,-0.0253,1.9078,0.9643,0.5055,0.9149,0.8298,0.4081,0.458,0.0758,0.707,0.5116,0.5068,0.4217,-0.0499,0.3822,119.6169,118.0585,30.3338,0.9374
122.367,3671,on_ground,0.6198,0.9566,-0.0216,1.9499,0.9781,0.5016,0.925,0.8304,0.4093,0.46,0.0761,0.7085,0.5109,0.5157,0.421,-0.0507,0.3839,119.1755,118.0044,30.3799,0.9547
122.4,3672,on_ground,0.6155,0.9544,-0.0253,1.9497,0.9798,0.5025,0.9229,0.8262,0.4049,0.4579,0.0758,0.6957,0.4912,0.5181,0.4213,-0.053,0.3821,119.0955,117.9152,30.6217,0.9511
122.433,3673,on_ground,0.6151,0.9548,-0.0243,1.95,0.9791,0.5021,0.9231,0.8264,0.4039,0.4583,0.0759,0.7043,0.5077,0.5192,0.4225,-0.0544,0.3824,118.8707,117.643,30.5474,0.9502
122.467,3674,on_ground,0.6138,0.9536,-0.0227,1.9457,0.9763,0.5018,0.9228,0.8241,0.4035,0.4588,0.076,0.6859,0.4824,0.5193,0.4206,-0.0553,0.3828,118.6202,117.7508,30.8116,0.9472
122.5,3675,on_ground,0.6124,0.9519,-0.0217,1.9407,0.9736,0.5017,0.922,0.8234,0.4014,0.4583,0.0761,0.6909,0.4952,0.5205,0.4219,-0.0569,0.3822,118.3607,117.4974,30.796,0.9451
122.533,3676,on_ground,0.6112,0.9493,-0.0223,1.9352,0.9716,0.5021,0.9209,0.8218,0.4007,0.458,0.076,0.6834,0.4831,0.5202,0.4211,-0.0574,0.382,118.2589,117.6422,31.067,0.9416
122.567,3677,on_ground,0.6141,0.95,-0.0173,1.93,0.9673,0.5012,0.9224,0.8245,0.4037,0.4609,0.0764,0.6882,0.4876,0.5188,0.4208,-0.0573,0.3846,117.8961,117.6466,31.0636,0.9403
122.6,3678,on_ground,0.6154,0.9499,-0.0172,1.9292,0.9671,0.5013,0.9223,0.8259,0.405,0.4617,0.0764,0.698,0.5042,0.5173,0.4209,-0.0567,0.3853,117.7989,117.6745,31.031,0.9405
122.633,3679,on_ground,0.6179,0.9511,-0.0143,1.929,0.9654,0.5005,0.9235,0.8283,0.4075,0.4632,0.0766,0.7222,0.5597,0.5159,0.4208,-0.0557,0.3866,117.6173,117.8327,31.0453,0.9421
122.667,3680,on_ground,0.6185,0.9513,-0.0161,1.9319,0.9674,0.5008,0.9236,0.8288,0.4082,0.4637,0.0765,0.7156,0.5397,0.5154,0.4206,-0.0556,0.3873,117.5256,117.8303,31.0573,0.9441
122.7,3681,on_ground,0.6237,0.9557,-0.0068,1.9328,0.9625,0.498,0.9283,0.8336,0.4138,0.4695,0.0771,0.7267,0.5498,0.5145,0.4197,-0.0557,0.3924,116.9266,117.6284,30.9475,0.9464
122.733,3682,on_ground,0.6349,0.9645,0.0204,1.93,0.9441,0.4892,0.9369,0.8427,0.427,0.48,0.0786,0.7427,0.5666,0.5098,0.4157,-0.053,0.4014,116.1864,117.9666,31.1378,0.9428
122.767,3683,on_ground,0.6441,0.9722,0.0515,1.9224,0.9206,0.4789,0.9434,0.8507,0.4375,0.4929,0.0798,0.7535,0.5756,0.506,0.4132,-0.0555,0.4131,114.7706,117.5487,31.2616,0.9155
122.8,3684,on_ground,0.6473,0.9746,0.0801,1.9024,0.8945,0.4702,0.945,0.852,0.4425,0.4999,0.0802,0.7541,0.5711,0.5025,0.4095,-0.0574,0.4197,112.8898,117.7218,31.7202,0.8873
122.833,3685,on_ground,0.6478,0.976,0.0643,1.8903,0.9117,0.4823,0.9449,0.851,0.4446,0.5046,0.0801,0.7495,0.5599,0.5002,0.4063,-0.06,0.4245,111.4099,117.6786,32.0455,0.8866
122.867,3686,on_ground,0.6414,0.9723,0.0507,1.8915,0.9216,0.4872,0.9394,0.8442,0.4386,0.5073,0.0799,0.7234,0.503,0.5009,0.4057,-0.0688,0.4275,109.0536,116.5774,32.1419,0.903
122.9,3687,on_ground,0.6315,0.9643,0.0361,1.8907,0.9282,0.4909,0.9301,0.8353,0.4277,0.5052,0.0794,0.7329,0.5467,0.5023,0.4075,-0.0775,0.4258,106.8707,115.3843,32.1433,0.9148
122.933,3688,on_ground,0.6277,0.9624,0.022,1.9048,0.9404,0.4937,0.927,0.8302,0.4253,0.5053,0.0788,0.7165,0.508,0.5017,0.4049,-0.08,0.4266,105.8121,114.868,32.0017,0.9419
122.967,3689,on_ground,0.6199,0.9571,0.002,1.9214,0.9551,0.4971,0.921,0.8219,0.4179,0.4999,0.0776,0.6883,0.4622,0.5031,0.404,-0.082,0.4222,105.3146,113.9938,31.3673,0.9769
123.0,3690,on_ground,0.6131,0.9525,-0.0117,1.9316,0.9642,0.4992,0.9154,0.8142,0.4121,0.4958,0.0768,0.6605,0.4255,0.5033,0.402,-0.0837,0.419,104.0172,113.1177,30.6802,1.0166
123.033,3691,,0.6038,0.9478,-0.0187,1.936,0.9665,0.4992,0.91,0.8049,0.4027,0.4867,0.0765,0.6212,0.375,0.5073,0.4021,-0.0839,0.4102,102.9414,112.185,29.7953,1.0264
123.067,3692,,0.6042,0.9286,-0.0154,1.8833,0.9441,0.5013,0.9048,0.8048,0.4036,0.4813,0.0769,0.6019,0.3502,0.5012,0.4012,-0.0777,0.4043,104.09,111.782,28.8051,1.0048
123.1,3693,,0.596,0.9253,-0.0273,1.8908,0.9526,0.5038,0.9011,0.7974,0.3946,0.472,0.0761,0.5917,0.3411,0.5066,0.4028,-0.0774,0.3959,105.3407,111.0529,28.1395,1.013
123.133,3694,,0.5843,0.9215,-0.0421,1.901,0.9636,0.5069,0.897,0.7878,0.3809,0.4607,0.0748,0.5822,0.3337,0.5161,0.4068,-0.0798,0.3859,106.9129,109.9956,27.513,1.0217
123.167,3695,,0.5865,0.9279,-0.0405,1.914,0.9685,0.506,0.9027,0.7923,0.3808,0.4591,0.075,0.6024,0.3608,0.522,0.4115,-0.0783,0.3841,107.9779,108.9169,26.3082,1.0269
123.2,3696,,0.5892,0.934,-0.0366,1.9254,0.9706,0.5041,0.9086,0.7949,0.3835,0.4564,0.0756,0.5912,0.3446,0.5251,0.4115,-0.073,0.3809,109.1798,108.3595,25.1379,1.0288
123.233,3697,,0.5866,0.9336,-0.0383,1.9312,0.9718,0.5032,0.909,0.7929,0.3803,0.4524,0.0761,0.5724,0.319,0.5287,0.4127,-0.0721,0.3763,107.4925,107.4347,24.0465,1.0307
123.267,3698,,0.5941,0.9438,-0.0194,1.938,0.9633,0.497,0.9202,0.8001,0.388,0.4587,0.0792,0.569,0.3183,0.5322,0.4121,-0.0707,0.3795,102.2454,106.5679,22.9971,1.0318
123.3,3699,,0.5957,0.9503,-0.0064,1.9407,0.9567,0.493,0.9279,0.8022,0.3892,0.4593,0.0816,0.5626,0.3138,0.5386,0.413,-0.0701,0.3777,98.6725,105.5479,22.0024,1.0345
123.333,3700,,0.5919,0.9536,0.0001,1.942,0.9535,0.491,0.9326,0.799,0.3849,0.4593,0.0832,0.5542,0.3073,0.5477,0.414,-0.0743,0.3761,95.2774,103.3167,20.4106,1.0408
123.367,3701,,0.583,0.9521,-0.0027,1.94,0.9547,0.4921,0.9332,0.7917,0.3743,0.4562,0.0829,0.5413,0.2983,0.5589,0.4174,-0.0819,0.3733,92.9979,101.0768,19.3646,1.0492
123.4,3702,,0.5735,0.9496,-0.0033,1.9335,0.9529,0.4928,0.9321,0.782,0.3649,0.4512,0.0832,0.5284,0.288,0.5672,0.4172,-0.0863,0.368,90.0433,99.1124,18.1511,1.0582
123.433,3703,,0.5622,0.947,-0.0006,1.9204,0.9475,0.4934,0.931,0.7722,0.3521,0.4496,0.083,0.511,0.2739,0.5789,0.4202,-0.0976,0.3666,86.6792,95.6598,16.5123,1.0685
123.467,3704,,0.5574,0.9461,0.0073,1.9018,0.9388,0.4936,0.9316,0.7697,0.345,0.4501,0.0829,0.5027,0.2725,0.5866,0.4247,-0.1051,0.3672,84.6545,92.5197,14.579,1.0775
123.5,3705,,0.5485,0.943,0.024,1.8651,0.919,0.4927,0.9302,0.7642,0.3328,0.4498,0.0831,0.4945,0.1383,0.5974,0.4314,-0.117,0.3667,81.3271,88.6939,12.601,1.0892
123.533,3706,,0.5388,0.9408,0.044,1.8216,0.8967,0.4923,0.9288,0.7582,0.3195,0.451,0.0827,0.4308,0.1302,0.6093,0.4387,-0.1316,0.3684,77.642,84.2619,10.1143,1.127
123.567,3707,,0.5329,0.9384,0.0567,1.7872,0.8817,0.4934,0.9264,0.7552,0.3106,0.4542,0.0816,0.4837,0.121,0.6158,0.4446,-0.1437,0.3726,75.5904,80.1473,7.9559,1.2037
123.6,3708,,0.5258,0.9331,0.0594,1.7631,0.8737,0.4956,0.9204,0.7502,0.3014,0.4574,0.0809,0.503,0.3082,0.619,0.4488,-0.156,0.3765,72.7907,76.4185,5.9998,1.3096
123.633,3709,,0.5153,0.9227,0.062,1.7319,0.8607,0.497,0.908,0.7435,0.2872,0.4572,0.0805,0.5237,0.3179,0.6208,0.4563,-0.17,0.3767,69.2513,71.9721,4.3499,1.4513
123.667,3710,,0.5033,0.9124,0.0637,1.7215,0.8487,0.493,0.8975,0.7364,0.2701,0.4638,0.0806,0.5354,0.3113,0.6275,0.4664,-0.1937,0.3832,64.2633,65.3281,1.511,1.5546
123.7,3711,,0.4933,0.9043,0.056,1.6925,0.8483,0.5012,0.8889,0.7311,0.2555,0.4775,0.0807,0.5388,0.3118,0.6334,0.4756,-0.2221,0.3968,59.3381,57.6405,1.9761,1.516
123.733,3712,,0.4926,0.8977,0.0481,1.6804,0.8496,0.5056,0.8824,0.7309,0.2542,0.4865,0.0802,0.5433,0.3145,0.6281,0.4767,-0.2322,0.4063,55.9392,53.2464,4.9218,1.6114
123.767,3713,,0.4868,0.8924,0.0217,1.7036,0.8707,0.5111,0.8758,0.7236,0.25,0.4769,0.0792,0.5412,0.3178,0.6258,0.4736,-0.2269,0.3977,58.3345,51.0025,6.8051,1.6513
123.8,3714,,0.4879,0.8795,0.0079,1.6877,0.8716,0.5164,0.8635,0.7187,0.2571,0.4219,0.0784,0.5368,0.3402,0.6064,0.4616,-0.1648,0.3435,68.5844,60.3086,8.1725,1.7733
123.833,3715,,0.5003,0.8862,0.0167,1.6867,0.8695,0.5155,0.8701,0.7297,0.2709,0.4127,0.0788,0.5498,0.3947,0.5993,0.4588,-0.1418,0.3339,69.3238,64.6735,9.3312,1.7522
123.867,3716,,0.4945,0.8815,0.0108,1.6843,0.8707,0.517,0.8651,0.7268,0.2623,0.4217,0.0783,0.5481,0.4443,0.6029,0.4645,-0.1594,0.3433,66.1916,61.8396,10.9264,1.5286
123.9,3717,,0.472,0.8652,-0.0167,1.6891,0.8819,0.5221,0.8483,0.7092,0.2349,0.4171,0.0764,0.5358,0.4854,0.6134,0.4744,-0.1822,0.3407,66.4907,58.1317,12.2393,1.4939
123.933,3718,,0.4666,0.8642,-0.0225,1.6982,0.8868,0.5222,0.8475,0.7083,0.225,0.4361,0.076,0.5461,0.5288,0.6225,0.4833,-0.2112,0.3601,62.4427,53.8295,12.9174,1.3062
123.967,3719,,0.4672,0.871,-0.0212,1.7166,0.8922,0.5197,0.8544,0.7114,0.2231,0.4558,0.0761,0.5677,0.5763,0.6313,0.4883,-0.2328,0.3797,59.299,50.5922,13.3167,1.2613
124.0,3720,,0.4702,0.8849,-0.0119,1.7427,0.8967,0.5146,0.8676,0.7167,0.2237,0.4757,0.0768,0.5975,0.6114,0.6439,0.4931,-0.252,0.3989,55.2285,47.9588,13.7918,1.206
124.033,3721,,0.4749,0.8971,-0.0064,1.7715,0.9035,0.51,0.8803,0.7247,0.2251,0.4884,0.0772,0.6185,0.6502,0.6552,0.4997,-0.2634,0.4112,52.1318,47.44,13.5184,1.2164
124.067,3722,,0.4882,0.9168,-0.0001,1.8193,0.9169,0.504,0.8995,0.7425,0.2339,0.4944,0.0776,0.6375,0.6698,0.6656,0.5086,-0.2605,0.4168,50.3203,49.1114,12.9887,1.1899
124.1,3723,,0.5015,0.9081,0.0067,1.7832,0.9015,0.5055,0.9081,0.7594,0.2436,0.5005,0.078,0.6541,0.6812,0.6645,0.5158,-0.2569,0.4225,48.3698,51.0553,12.4767,1.1511
124.133,3724,,0.5168,0.9514,0.016,1.9006,0.9353,0.4921,0.9404,0.7795,0.254,0.5027,0.0786,0.6737,0.6847,0.6865,0.5256,-0.2487,0.4241,46.514,52.8546,12.0418,1.1774
124.167,3725,,0.543,0.9772,0.0341,1.949,0.9431,0.4839,0.9678,0.8093,0.2766,0.5005,0.0796,0.6897,0.6866,0.6912,0.5327,-0.2239,0.421,45.8112,56.8317,11.3815,1.1828
124.2,3726,,0.5616,0.9949,0.0449,1.9892,0.95,0.4776,0.9873,0.833,0.2902,0.4985,0.0799,0.6941,0.6653,0.6971,0.5428,-0.2082,0.4186,45.9523,60.5439,10.6758,1.1842
124.233,3727,,0.5878,1.0014,0.0549,1.9916,0.9465,0.4752,1.0014,0.8618,0.3137,0.494,0.0801,0.7108,0.6492,0.6877,0.5481,-0.1804,0.4139,47.3636,64.6359,10.6527,1.1652
124.267,3728,,0.6132,1.0194,0.063,2.0358,0.9563,0.4698,1.0194,0.8876,0.3388,0.4956,0.0803,0.7212,0.6451,0.6806,0.5488,-0.1568,0.4154,47.9117,68.1267,10.765,1.1728
124.3,3729,,0.638,1.0357,0.0729,2.0737,0.9628,0.4643,1.0357,0.9117,0.3644,0.4957,0.0803,0.7304,0.6328,0.6713,0.5473,-0.1314,0.4154,49.4555,71.8552,10.485,1.1829
124.333,3730,,0.6537,1.0411,0.0771,2.0912,0.964,0.461,1.0411,0.9242,0.3832,0.4949,0.0803,0.7324,0.6145,0.6579,0.541,-0.1117,0.4146,50.1689,74.842,10.1382,1.1655
124.367,3731,,0.6723,1.0425,0.0771,2.0989,0.9654,0.4599,1.0425,0.9375,0.407,0.4973,0.0805,0.7394,0.6003,0.6355,0.5305,-0.0903,0.4169,51.0847,77.4451,10.1736,1.1465
124.4,3732,,0.6903,1.0358,0.0754,2.0813,0.9604,0.4614,1.0358,0.9449,0.4357,0.4941,0.0809,0.7399,0.5817,0.6001,0.5093,-0.0585,0.4132,53.4538,80.3231,11.213,1.1405
124.433,3733,,0.7019,1.0363,0.0759,2.0823,0.9604,0.4612,1.0363,0.9483,0.4555,0.488,0.0811,0.7416,0.5669,0.5808,0.4928,-0.0325,0.4068,56.1244,79.9651,14.931,1.1403
124.467,3734,,0.7054,1.0368,0.0755,2.0862,0.9613,0.4608,1.0368,0.9497,0.4611,0.4852,0.0815,0.745,0.5581,0.5757,0.4886,-0.0241,0.4036,56.6736,78.549,17.5415,1.1386
124.5,3735,,0.7107,1.0388,0.0822,2.1021,0.9566,0.4551,1.0388,0.9483,0.4732,0.4814,0.0828,0.7451,0.5562,0.5657,0.4751,-0.0083,0.3986,59.2367,79.5182,19.1117,1.1192
124.533,3736,,0.7191,1.0399,0.0739,2.1205,0.9659,0.4555,1.0399,0.9495,0.4887,0.4791,0.0836,0.7551,0.5584,0.5511,0.4608,0.0097,0.3955,64.5511,80.5124,21.9091,1.1036
124.567,3737,,0.7357,1.0422,0.0622,2.141,0.98,0.4577,1.0422,0.9593,0.5121,0.4797,0.0836,0.8032,0.5708,0.5301,0.4472,0.0325,0.396,73.6121,83.9374,24.725,1.1501
124.6,3738,,0.7447,1.0417,0.0483,2.1462,0.9934,0.4629,1.0417,0.9607,0.5287,0.4788,0.0833,0.8195,0.5857,0.513,0.432,0.0499,0.3955,86.8663,91.2204,25.8512,1.2018
124.633,3739,,0.7575,1.0452,0.0273,2.1673,1.0179,0.4697,1.0452,0.9658,0.5491,0.4782,0.0827,0.8678,0.6506,0.496,0.4167,0.0709,0.3955,103.2317,104.1821,25.4992,1.2625
124.667,3740,,0.7667,1.033,0.0109,2.1307,1.0221,0.4797,1.033,0.9628,0.5707,0.4818,0.0824,0.8387,0.6315,0.4623,0.392,0.0889,0.3995,113.5186,114.6292,23.937,1.2538
124.7,3741,,0.7719,1.0304,-0.0024,2.1274,1.0328,0.4855,1.0304,0.9597,0.584,0.4896,0.082,0.8202,0.6234,0.4464,0.3757,0.0944,0.4076,118.9299,122.7206,21.1189,1.249
124.733,3742,,0.7881,1.0419,-0.0147,2.168,1.0566,0.4874,1.0419,0.967,0.6092,0.4965,0.0812,0.8103,0.6187,0.4327,0.3578,0.1127,0.4152,121.9547,129.4297,19.117,1.2777
124.767,3743,,0.8061,1.0555,-0.0205,2.2097,1.076,0.4869,1.0555,0.9764,0.6358,0.5005,0.0807,0.8048,0.6211,0.4198,0.3406,0.1352,0.4198,124.3829,134.8351,17.4969,1.3006
124.8,3744,,0.833,1.0744,-0.0224,2.2678,1.0968,0.4836,1.0744,0.9912,0.6749,0.5042,0.0805,0.8115,0.6287,0.3995,0.3163,0.1707,0.4237,129.1198,142.2546,16.1323,1.347
124.833,3745,,0.8723,1.1017,-0.0241,2.3598,1.1258,0.4771,1.1017,1.0146,0.7301,0.5067,0.0802,0.8288,0.6379,0.3716,0.2845,0.2234,0.4265,136.0055,146.8086,17.1754,1.4191
124.867,3746,,0.9028,1.1232,-0.0221,2.4326,1.1452,0.4708,1.1232,1.0445,0.7611,0.5107,0.0802,0.8376,0.6417,0.3621,0.2834,0.2504,0.4305,140.2786,150.2874,16.5565,1.5097
124.9,3747,,0.9507,1.096,-0.0174,2.3221,1.1134,0.4795,,1.0897,0.8116,0.5132,0.0805,0.8668,0.7013,,0.2781,0.2984,0.4328,145.8844,154.4058,17.0853,1.4944
124.933,3748,,0.9915,1.1911,-0.0115,2.6848,1.2026,0.4479,1.1911,1.1376,0.8455,0.5165,0.0807,0.8961,0.674,0.3456,0.2921,0.329,0.4358,148.5539,154.8673,18.08,1.6233
124.967,3749,,1.0238,1.2464,-0.0031,2.9231,1.2495,0.4275,1.2464,1.1841,0.8635,0.5219,0.0811,0.9285,0.7105,0.3829,0.3205,0.3417,0.4408,149.0134,155.0637,19.0812,1.7223
125.0,3750,,1.0525,1.2855,0.0085,3.1074,1.277,0.411,1.2855,1.2218,0.8832,0.5289,0.0817,0.9823,0.7211,0.4022,0.3386,0.3543,0.4472,149.3197,155.9508,19.8165,1.7873
125.033,3751,,1.0793,1.3191,0.0324,3.2817,1.2867,0.3921,1.3191,1.2496,0.909,0.5366,0.0831,1.0146,0.8299,0.4101,0.3406,0.3724,0.4535,151.1142,157.1151,20.9201,1.8065
125.067,3752,,1.0907,1.3478,0.0625,3.4474,1.2853,0.3728,1.3478,1.2695,0.9119,0.5416,0.0846,1.0198,0.8225,0.4359,0.3575,0.3704,0.4569,152.4231,158.5037,21.1127,1.8074
125.1,3753,,1.1006,1.3044,0.0835,3.2147,1.2209,0.3798,,1.2854,0.9159,0.5427,0.0859,1.0279,0.8373,,0.3695,0.3732,0.4568,154.3399,158.7034,21.0744,1.7515
125.133,3754,,1.1089,1.3243,0.0607,3.3891,1.2636,0.3729,,1.3051,0.9127,0.5354,0.0874,1.0384,0.8425,,0.3925,0.3773,0.4479,157.7208,158.9988,19.9481,1.721
125.167,3755,,1.1143,1.3374,0.0396,3.5243,1.2977,0.3682,,1.3199,0.9086,0.5245,0.0887,1.0417,0.8514,,0.4114,0.3841,0.4358,161.9498,159.9228,19.0308,1.6841
125.2,3756,,1.1215,1.4402,0.0291,4.1846,1.4111,0.3372,1.4402,1.3341,0.909,0.5246,0.0914,1.0539,0.8664,0.5312,0.4251,0.3844,0.4332,167.7409,161.1326,18.443,1.7083
125.233,3757,,1.1181,1.4692,0.0146,4.4545,1.4546,0.3266,1.462,1.3443,0.8919,0.5172,0.094,1.0526,0.8682,0.5701,0.4524,0.3747,0.4232,172.0761,160.2388,17.2126,1.6783
125.267,3758,,1.1165,1.4836,0.0006,4.6074,1.483,0.3219,1.4752,1.3533,0.8797,0.5156,0.0958,1.0596,0.8762,0.5955,0.4736,0.3641,0.4198,173.9279,159.4643,16.4062,1.6539
125.3,3759,,1.1136,1.4993,-0.0156,4.7799,1.5149,0.3169,1.4901,1.3606,0.8665,0.5064,0.0968,1.0693,0.8821,0.6236,0.494,0.3601,0.4096,174.6373,159.3879,15.9537,1.6648
125.333,3760,,1.1138,1.5128,-0.0271,4.9288,1.5399,0.3124,1.5038,1.3696,0.858,0.4999,0.0974,1.0781,0.8836,0.6458,0.5116,0.3581,0.4025,172.1704,159.536,16.3174,1.7095
125.367,3761,,1.1221,1.5266,-0.0273,5.0526,1.5539,0.3075,1.5174,1.3812,0.863,0.504,0.0989,1.0897,0.8899,0.6544,0.5182,0.359,0.4051,170.0117,159.033,17.1235,1.7622
125.4,3762,,1.1285,1.53,-0.0258,5.0892,1.5558,0.3057,1.5204,1.389,0.868,0.5035,0.0995,1.0987,0.896,0.6523,0.521,0.3645,0.4041,170.4154,158.2893,17.249,1.8414
125.433,3763,,1.1368,1.5395,-0.0215,5.1748,1.561,0.3016,1.5281,1.3955,0.8781,0.5096,0.0996,1.1086,0.9096,0.65,0.5174,0.3685,0.41,169.762,158.1597,18.2508,1.9589
125.467,3764,,1.145,1.5226,-0.0188,5.0118,1.5414,0.3076,1.5226,1.4004,0.8896,0.5109,0.0991,1.1126,0.918,0.633,0.5108,0.3787,0.4118,168.647,159.9277,19.5796,2.0535
125.5,3765,,1.1472,1.5254,-0.0129,5.0434,1.5383,0.305,1.5254,1.4062,0.8881,0.5105,0.0989,1.1184,0.9194,0.6372,0.5181,0.3776,0.4116,167.7479,156.5389,20.5683,2.131
125.533,3766,,1.1512,1.5261,-0.0084,5.0607,1.5345,0.3032,1.5261,1.4086,0.8939,0.5115,0.0973,1.1263,0.9286,0.6322,0.5147,0.3824,0.4142,166.3684,152.9547,21.708,2.1882
125.567,3767,,1.1592,1.5261,-0.0031,5.0577,1.5293,0.3024,1.5261,1.412,0.9064,0.5179,0.0952,1.136,0.9407,0.6197,0.5056,0.3885,0.4227,165.0065,150.5528,22.6416,2.2097
125.6,3768,,1.1698,1.5271,-0.0042,5.0644,1.5313,0.3024,1.5271,1.419,0.9206,0.5206,0.0919,1.1424,0.9421,0.6066,0.4984,0.4,0.4287,162.5583,148.8918,22.9513,2.2403
125.633,3769,,1.1763,1.5292,-0.0052,5.0784,1.5344,0.3021,1.5292,1.4251,0.9276,0.5187,0.0887,1.1539,0.9597,0.6015,0.4975,0.4089,0.43,161.6142,148.1555,23.2675,2.2727
125.667,3770,,1.1841,1.525,-0.0005,5.0499,1.5255,0.3021,1.525,1.4275,0.9407,0.5221,0.0861,1.1591,0.9756,0.5843,0.4868,0.4186,0.436,159.7855,146.4296,24.4147,2.2942
125.7,3771,,1.1864,1.5194,0.0042,5.0113,1.5152,0.3024,1.5194,1.4278,0.9451,0.5217,0.0835,1.1576,0.98,0.5743,0.4826,0.4234,0.4382,157.0184,144.7839,25.5999,2.2878
125.733,3772,,1.1912,1.5156,0.0058,4.9875,1.5098,0.3027,1.4918,1.4302,0.9523,0.5265,0.0814,1.16,0.9804,0.5395,0.4779,0.4258,0.4451,154.2125,142.4036,27.2797,2.2303
125.767,3773,,1.1939,1.5102,0.0126,4.9509,1.4976,0.3025,1.4844,1.4297,0.9581,0.5304,0.0802,1.1613,0.9842,0.5262,0.4716,0.4277,0.4502,150.5818,139.0808,29.3888,2.2245
125.8,3774,,1.1896,1.502,0.0236,4.8975,1.4784,0.3019,1.4733,1.4256,0.9536,0.5307,0.0799,1.162,0.985,0.5197,0.472,0.4229,0.4508,147.2582,136.1282,30.9648,2.2064
125.833,3775,,1.1884,1.4963,0.0278,4.8568,1.4685,0.3024,1.4649,1.4245,0.9522,0.5318,0.0795,1.1667,0.9903,0.5127,0.4723,0.4204,0.4523,145.8689,134.6236,32.1843,2.1551
125.867,3776,,1.1853,1.4892,0.03,4.8087,1.4592,0.3034,1.4537,1.4207,0.9499,0.5354,0.0793,1.1688,0.9881,0.5037,0.4707,0.4145,0.4561,144.1793,132.2219,33.6723,2.1496
125.9,3777,,1.1836,1.4769,0.0285,4.7214,1.4485,0.3068,1.4377,1.4169,0.9503,0.5408,0.0791,1.1699,0.9878,0.4874,0.4666,0.4095,0.4617,143.936,129.8338,35.4602,2.1423
125.933,3778,,1.1808,1.4599,0.026,4.6004,1.4339,0.3117,1.4182,1.4109,0.9506,0.5437,0.0789,1.1644,0.9576,0.4676,0.4603,0.4069,0.4648,143.1726,125.8949,37.9372,2.0757
125.967,3779,,1.1758,1.4365,0.0197,4.4449,1.4168,0.3187,1.3939,1.4011,0.9506,0.5449,0.0786,1.1574,0.9459,0.4434,0.4505,0.4057,0.4663,142.8995,121.9095,40.6942,2.0152
126.0,3780,,1.1731,1.4146,0.016,4.3005,1.3985,0.3252,1.3703,1.386,0.9603,0.5409,0.0784,1.1511,0.9623,0.4101,0.4258,0.4193,0.4625,143.8875,118.6036,43.9773,1.9589
126.033,3781,,1.166,1.3859,0.0185,4.1088,1.3673,0.3328,1.344,1.3646,0.9674,0.5373,0.0785,1.1475,0.9475,0.3765,0.3971,0.4301,0.4588,144.337,115.328,47.1433,1.9032
126.067,3782,,1.154,1.3661,0.0162,3.98,1.3499,0.3392,1.3213,1.3415,0.9665,0.533,0.0784,1.129,0.9272,0.3548,0.375,0.4336,0.4545,144.3454,112.1697,49.7617,1.8609
126.1,3783,,1.1399,1.3368,0.0152,3.7985,1.3216,0.3479,1.2917,1.3146,0.9651,0.5304,0.0784,1.1161,0.9081,0.3266,0.3495,0.4347,0.452,144.1585,108.6563,52.6098,1.7964
126.133,3784,,1.1262,1.3063,0.0131,3.6267,1.2932,0.3566,1.2587,1.288,0.9644,0.5264,0.0783,1.1013,0.8876,0.2943,0.3235,0.438,0.4482,143.7967,104.8985,55.6653,1.7282
126.167,3785,,1.1127,1.2806,0.0139,3.4744,1.2667,0.3646,1.233,1.2632,0.9622,0.5267,0.0783,1.0883,0.8724,0.2708,0.301,0.4355,0.4484,143.4286,101.1968,58.3922,1.682
126.2,3786,,1.0992,1.2566,0.0147,3.3368,1.242,0.3722,1.2113,1.2374,0.9611,0.5268,0.0784,1.0684,0.8509,0.2502,0.2763,0.4343,0.4485,143.1166,97.5854,61.1976,1.658
126.233,3787,,1.0814,1.2358,0.0014,3.258,1.2343,0.3789,1.1759,1.2097,0.9532,0.5231,0.0776,1.0401,0.8032,0.2227,0.2565,0.4301,0.4454,141.2894,93.7636,63.4266,1.6449
126.267,3788,,1.0519,1.2001,-0.0353,3.1624,1.2354,0.3907,1.135,1.1718,0.932,0.5058,0.075,0.9957,0.7409,0.203,0.2397,0.4262,0.4308,138.0844,89.2191,65.7719,1.6285
126.3,3789,,1.0339,1.1877,-0.0426,3.1184,1.2304,0.3946,1.1078,1.1492,0.9186,0.5028,0.0744,0.9765,0.6509,0.1892,0.2306,0.4158,0.4284,136.3573,85.876,67.1094,1.6068
126.333,3790,,1.0185,1.1711,-0.0417,3.0335,1.2128,0.3998,1.0834,1.1304,0.9066,0.5021,0.0745,0.9496,0.5977,0.1768,0.2238,0.4045,0.4276,133.7201,82.6667,68.0358,1.5805
126.367,3791,,0.9957,1.1478,-0.0446,2.927,1.1923,0.4074,1.0576,1.1052,0.8861,0.4967,0.0743,0.896,0.56,0.1714,0.2191,0.3894,0.4225,129.1544,79.038,68.6208,1.5382
126.4,3792,,0.9761,1.1222,-0.0458,2.8117,1.168,0.4154,1.0375,1.0816,0.8706,0.4938,0.0741,0.8629,0.5965,0.1668,0.211,0.3768,0.4197,123.7826,75.1317,69.2441,1.5108
126.433,3793,,0.9514,1.0901,-0.0465,2.6699,1.1366,0.4257,1.0193,1.0575,0.8452,0.4935,0.0741,0.8355,0.5644,0.1741,0.2123,0.3516,0.4194,118.1061,70.8887,69.0351,1.4485
126.467,3794,,0.9205,1.0598,-0.0604,2.5718,1.1202,0.4356,0.9995,1.0292,0.8119,0.4872,0.0729,0.804,0.5358,0.1876,0.2173,0.3247,0.4143,110.7828,67.1314,68.3985,1.4187
126.5,3795,,0.8952,1.0395,-0.0709,2.5105,1.1105,0.4423,0.98,1.0058,0.7846,0.4821,0.072,0.7941,0.5212,0.1954,0.2212,0.3025,0.4101,104.8984,64.3449,67.8254,1.4152
126.533,3796,,0.8758,1.0294,-0.0728,2.4736,1.1021,0.4456,0.9693,0.9902,0.7614,0.4916,0.0717,0.7441,0.5143,0.2079,0.2288,0.2698,0.4198,99.2828,60.7884,66.4315,1.4319
126.567,3797,,0.8643,1.0289,-0.0678,2.4624,1.0966,0.4454,0.961,0.9817,0.7468,0.4998,0.0722,0.7747,0.5064,0.2142,0.2348,0.247,0.4276,96.406,59.6292,64.5395,1.481
126.6,3798,,0.8512,1.0286,-0.0657,2.4586,1.0943,0.4451,0.952,0.9739,0.7285,0.5032,0.0724,0.77,0.5051,0.2235,0.2453,0.2253,0.4309,93.623,59.2676,62.0182,1.5203
126.633,3799,,0.8406,1.0297,-0.0626,2.458,1.0923,0.4444,0.9375,0.9697,0.7115,0.5079,0.0726,0.7646,0.5046,0.226,0.2583,0.2035,0.4353,90.6542,58.568,59.5581,1.5253
126.667,3800,,0.8283,1.0187,-0.0591,2.4087,1.0778,0.4474,0.9318,0.9579,0.6987,0.5108,0.0729,0.7515,0.4987,0.2331,0.2592,0.1879,0.4379,88.1393,57.6563,58.0595,1.4717
126.7,3801,,0.8159,1.0144,-0.0522,2.3797,1.0666,0.4482,0.9293,0.952,0.6798,0.5104,0.0735,0.7471,0.5006,0.2495,0.2722,0.1694,0.4369,85.4404,57.4012,55.5906,1.4361
126.733,3802,,0.8062,1.0147,-0.0412,2.359,1.0559,0.4476,0.9308,0.9485,0.6639,0.5114,0.0745,0.751,0.5079,0.2669,0.2846,0.1526,0.4369,83.6624,58.5543,52.4336,1.4225
126.767,3803,,0.7961,1.0134,-0.0421,2.3567,1.0555,0.4479,0.9289,0.946,0.6461,0.5063,0.0744,0.7456,0.5091,0.2827,0.2999,0.1398,0.4319,82.7866,62.0693,47.6442,1.4509
126.8,3804,,0.7804,1.0032,-0.0421,2.319,1.0453,0.4508,0.9257,0.9363,0.6245,0.5048,0.0744,0.7339,0.5025,0.3013,0.3118,0.1197,0.4304,80.7404,64.6284,42.735,1.4688
126.833,3805,,0.7679,0.9945,-0.0432,2.2891,1.0377,0.4533,0.9206,0.9295,0.6063,0.5018,0.0743,0.7226,0.5283,0.3144,0.3232,0.1045,0.4275,79.7243,67.1794,38.5107,1.5225
126.867,3806,,0.7598,0.9944,-0.0451,2.2921,1.0395,0.4535,0.9148,0.9269,0.5927,0.499,0.0742,0.717,0.5468,0.322,0.3342,0.0937,0.4249,79.9712,70.6703,33.8519,1.6098
126.9,3807,,0.7585,1.001,-0.0385,2.3007,1.0395,0.4518,0.9163,0.9277,0.5894,0.4995,0.0747,0.7324,0.5686,0.3269,0.3383,0.0899,0.4248,81.4956,73.6554,30.504,1.6765
126.933,3808,,0.7599,1.0036,-0.0379,2.3074,1.0415,0.4514,0.9145,0.929,0.5909,0.4979,0.0748,0.7735,0.6255,0.3237,0.3381,0.0929,0.4232,84.0945,78.995,26.0245,1.6151
126.967,3809,,0.7622,1.0016,-0.0331,2.2883,1.0347,0.4522,0.9184,0.9306,0.5939,0.4991,0.0752,0.7841,0.6128,0.3245,0.3367,0.0948,0.4239,86.8733,84.1168,21.6237,1.5395
127.0,3810,sitting,0.7641,0.9971,-0.0284,2.261,1.0255,0.4535,0.9263,0.9307,0.5976,0.5016,0.0755,0.7859,0.3384,0.3287,0.3331,0.096,0.426,89.2478,89.3464,16.9965,1.4785
127.033,3811,sitting,0.762,0.9929,-0.0299,2.2525,1.0228,0.454,0.9329,0.9278,0.5962,0.5019,0.0754,0.776,0.3306,0.3367,0.3316,0.0943,0.4265,89.949,93.268,12.7843,1.4294
127.067,3812,sitting,0.7602,0.9948,-0.0259,2.2523,1.0207,0.4532,0.9457,0.9268,0.5935,0.5025,0.0758,0.7628,0.5289,0.3521,0.3333,0.0911,0.4267,90.688,97.2509,8.4318,1.397
127.1,3813,sitting,0.7587,1.0085,-0.0236,2.3005,1.0321,0.4486,0.9621,0.9251,0.5922,0.5031,0.0759,0.742,0.4908,0.3698,0.3328,0.0892,0.4272,91.6762,101.1122,4.3451,1.3924
127.133,3814,sitting,0.7588,1.0218,-0.0222,2.3491,1.044,0.4444,0.976,0.9253,0.5924,0.505,0.0761,0.7268,0.482,0.3836,0.3329,0.0874,0.429,92.502,104.3894,0.6297,1.3968
127.167,3815,sitting,0.759,1.0331,-0.024,2.3973,1.0572,0.441,0.9883,0.9268,0.5913,0.5052,0.0759,0.7188,0.4858,0.397,0.3355,0.086,0.4293,93.1247,107.8732,3.2104,1.4093
127.2,3816,sitting,0.7609,1.0435,-0.0246,2.4399,1.068,0.4377,1.0032,0.9313,0.5904,0.5073,0.0759,0.719,0.4937,0.4128,0.3409,0.0831,0.4314,93.3701,109.6795,5.6697,1.4164
127.233,3817,sitting,0.7605,1.0486,-0.0257,2.4633,1.0743,0.4361,1.0116,0.9328,0.5882,0.5083,0.0759,0.7116,0.4892,0.4234,0.3445,0.0799,0.4324,93.9079,110.9279,7.5398,1.4162
127.267,3818,sitting,0.7612,1.0531,-0.0249,2.4791,1.078,0.4348,1.0228,0.9351,0.5872,0.512,0.076,0.7055,0.486,0.4355,0.3479,0.0753,0.436,94.4196,111.0341,8.6368,1.4148
127.3,3819,sitting,0.7647,1.0572,-0.0204,2.4862,1.0776,0.4335,1.0325,0.9391,0.5903,0.5168,0.0764,0.705,0.4893,0.4421,0.3487,0.0735,0.4404,95.3207,111.2614,9.3235,1.4064
127.333,3820,sitting,0.7692,1.061,-0.0152,2.4889,1.0762,0.4324,1.0421,0.9435,0.5948,0.5219,0.0771,0.7071,0.4971,0.4473,0.3488,0.0729,0.4448,97.3922,111.2053,9.588,1.398
127.367,3821,sitting,0.7718,1.0622,-0.0128,2.4861,1.0751,0.4324,1.0456,0.945,0.5986,0.5261,0.0777,0.7092,0.5055,0.447,0.3464,0.0726,0.4484,99.8933,112.0243,10.6154,1.3927
127.4,3822,sitting,0.7763,1.0657,-0.0082,2.4866,1.0738,0.4319,1.0512,0.9477,0.6048,0.531,0.0784,0.7125,0.5156,0.4464,0.343,0.0737,0.4526,102.1732,112.7832,11.3788,1.3409
127.433,3823,sitting,0.7801,1.069,-0.0054,2.4887,1.0745,0.4317,1.0561,0.9505,0.6097,0.5341,0.0795,0.7154,0.5241,0.4464,0.3408,0.0756,0.4546,105.6242,114.1262,12.5725,1.2584
127.467,3824,sitting,0.7858,1.0752,-0.0008,2.5016,1.076,0.4301,1.0635,0.9555,0.6161,0.5352,0.081,0.7211,0.5326,0.4474,0.3394,0.0809,0.4542,109.615,115.6118,13.4397,1.1814
127.5,3825,sitting,0.7913,1.087,0.0035,2.5364,1.0834,0.4272,1.0729,0.9609,0.6218,0.5314,0.0826,0.7252,0.5351,0.4511,0.3392,0.0904,0.4487,113.9205,117.8445,14.3662,1.1249
127.533,3826,sitting,0.799,1.0973,0.0116,2.5567,1.0857,0.4247,1.0822,0.9694,0.6286,0.5277,0.0845,0.7329,0.5435,0.4536,0.3408,0.1009,0.4433,117.804,120.3367,15.4157,1.0771
127.567,3827,sitting,0.8028,1.1048,0.0168,2.572,1.088,0.423,1.0899,0.9752,0.6305,0.5192,0.0859,0.7378,0.5486,0.4594,0.3447,0.1113,0.4333,121.5371,123.2206,16.7775,1.0427
127.6,3828,sitting,0.8071,1.1145,0.0243,2.5924,1.0902,0.4205,1.0994,0.9814,0.6328,0.5097,0.0873,0.7446,0.5544,0.4666,0.3486,0.123,0.4224,124.9322,125.8495,17.7997,1.0212
127.633,3829,sitting,0.8102,1.1237,0.0299,2.6163,1.0938,0.4181,1.1083,0.9864,0.634,0.4997,0.0881,0.7496,0.559,0.4743,0.3523,0.1343,0.4116,127.8414,128.5802,18.8767,1.0152
127.667,3830,sitting,0.8149,1.134,0.0356,2.6451,1.0984,0.4153,1.119,0.9928,0.637,0.4898,0.0889,0.7573,0.5662,0.482,0.3558,0.1472,0.4009,130.912,131.2188,19.6641,1.0123
127.7,3831,sitting,0.8178,1.1431,0.0384,2.6757,1.1047,0.4129,1.1288,0.9974,0.6381,0.482,0.0893,0.7626,0.5698,0.4906,0.3593,0.1562,0.3926,133.1394,132.924,20.0736,1.0171
127.733,3832,sitting,0.82,1.1509,0.0394,2.7065,1.1114,0.4106,1.137,1.0006,0.6394,0.4769,0.0898,0.7651,0.5707,0.4976,0.3612,0.1625,0.3872,134.5846,133.458,19.8577,1.023
127.767,3833,sitting,0.8225,1.1584,0.0417,2.7384,1.1168,0.4078,1.1452,1.0041,0.6409,0.4748,0.09,0.7676,0.571,0.5043,0.3632,0.1661,0.3849,135.3451,133.5891,19.539,1.0354
127.8,3834,sitting,0.8248,1.1647,0.0433,2.7661,1.1213,0.4054,1.152,1.0072,0.6425,0.4746,0.0903,0.7704,0.5676,0.5095,0.3647,0.1679,0.3843,135.9099,133.4921,19.2224,1.0426
127.833,3835,sitting,0.8273,1.1692,0.0447,2.7897,1.1245,0.4031,1.1572,1.0098,0.6447,0.4737,0.0906,0.7715,0.5607,0.5125,0.3651,0.171,0.3831,136.4246,133.5896,18.9117,1.0487
127.867,3836,sitting,0.8292,1.1723,0.0465,2.8068,1.1259,0.4011,1.1609,1.0121,0.6464,0.4737,0.0908,0.7709,0.5515,0.5145,0.3657,0.1727,0.3829,136.5806,133.3163,18.4515,1.0551
127.9,3837,sitting,0.8313,1.1749,0.0474,2.8197,1.1275,0.3999,1.1636,1.0145,0.648,0.4746,0.0909,0.7714,0.5478,0.5156,0.3665,0.1734,0.3837,136.5945,132.9269,17.9524,1.062
127.933,3838,sitting,0.8322,1.1783,0.0484,2.8267,1.13,0.3997,1.1664,1.0164,0.6479,0.4754,0.0911,0.7709,0.5457,0.5184,0.3684,0.1725,0.3843,136.4978,132.5385,17.6272,1.0674
127.967,3839,sitting,0.8326,1.1803,0.0488,2.8355,1.1315,0.3991,1.1685,1.0177,0.6476,0.4762,0.0912,0.7697,0.5426,0.521,0.3701,0.1714,0.385,136.3216,132.168,17.3327,1.0726
128.0,3840,sitting,0.8325,1.1813,0.0501,2.8431,1.1312,0.3979,1.1699,1.0183,0.6467,0.4759,0.0912,0.7682,0.5383,0.5232,0.3715,0.1708,0.3847,135.7137,131.4563,16.8793,1.0803
128.033,3841,sitting,0.8322,1.1819,0.0503,2.8465,1.1316,0.3975,1.1709,1.0185,0.6458,0.4759,0.0912,0.7659,0.5342,0.5251,0.3727,0.1699,0.3847,135.3938,130.5221,16.1865,1.0911
128.067,3842,sitting,0.8315,1.1816,0.0522,2.8519,1.1294,0.396,1.1711,1.018,0.645,0.4755,0.0911,0.7631,0.5306,0.526,0.373,0.1695,0.3844,135.154,129.8562,15.7401,1.0984
128.1,3843,sitting,0.8301,1.1805,0.0552,2.8555,1.1254,0.3941,1.1703,1.0167,0.6434,0.4751,0.0907,0.7605,0.5275,0.5268,0.3733,0.1683,0.3844,135.4935,129.2154,15.3975,1.1037
128.133,3844,sitting,0.8284,1.1782,0.058,2.858,1.1202,0.392,1.1684,1.0152,0.6417,0.4758,0.0894,0.7577,0.523,0.5267,0.3735,0.1659,0.3865,137.0116,128.1323,14.7935,1.1097
128.167,3845,sitting,0.8262,1.1752,0.0619,2.8507,1.1133,0.3905,1.1658,1.0138,0.6386,0.4736,0.0846,0.7543,0.5179,0.5272,0.3752,0.165,0.389,142.1696,127.1632,14.1626,1.1566
128.2,3846,sitting,0.8249,1.1754,0.0651,2.855,1.1102,0.3889,1.164,1.0127,0.6371,0.4722,0.083,0.7509,0.515,0.527,0.3756,0.1649,0.3891,145.4124,125.8561,13.1058,1.1746
128.233,3847,sitting,0.8228,1.1748,0.0685,2.855,1.1063,0.3875,1.1627,1.0121,0.6335,0.472,0.0821,0.7502,0.5129,0.5292,0.3786,0.1615,0.3899,146.7632,124.4904,12.3728,1.1905
128.267,3848,sitting,0.8217,1.1743,0.0701,2.8518,1.1042,0.3872,1.1614,1.0122,0.6313,0.471,0.0814,0.7509,0.5126,0.53,0.3808,0.1603,0.3897,148.2689,123.9718,12.0074,1.2031
128.3,3849,sitting,0.8216,1.1735,0.066,2.8496,1.1075,0.3887,1.1602,1.012,0.6312,0.4687,0.0814,0.7502,0.5118,0.529,0.3808,0.1625,0.3873,149.9273,123.9129,11.605,1.1924
128.333,3850,sitting,0.8225,1.1737,0.0612,2.8465,1.1125,0.3908,1.1605,1.0136,0.6314,0.4685,0.0815,0.7528,0.5133,0.5291,0.3822,0.1629,0.387,150.5236,124.2428,11.8167,1.1843
128.367,3851,sitting,0.826,1.1759,0.0548,2.8451,1.1211,0.394,1.1627,1.0171,0.6349,0.469,0.0813,0.7579,0.5181,0.5278,0.3823,0.1659,0.3877,151.7886,125.1686,12.2304,1.1817
128.4,3852,sitting,0.8311,1.1797,0.0465,2.8557,1.1332,0.3968,1.167,1.0226,0.6396,0.4707,0.0809,0.7645,0.525,0.5274,0.383,0.1688,0.3898,152.8542,126.1741,12.7739,1.1893
128.433,3853,sitting,0.8359,1.1835,0.036,2.8799,1.1474,0.3984,1.1711,1.0278,0.6441,0.4704,0.0804,0.7697,0.5311,0.527,0.3836,0.1737,0.39,154.0631,127.8313,13.6935,1.1999
128.467,3854,sitting,0.8403,1.1861,0.0272,2.8972,1.1589,0.4,1.1744,1.0323,0.6484,0.4717,0.0799,0.7746,0.5377,0.526,0.3839,0.1767,0.3918,154.7813,129.3507,14.6755,1.211
128.5,3855,sitting,0.8452,1.1893,0.0178,2.9144,1.1715,0.402,1.1782,1.0377,0.6528,0.472,0.0794,0.7802,0.5454,0.5254,0.3849,0.1807,0.3927,155.0821,131.3782,16.0324,1.2242
128.533,3856,sitting,0.8488,1.1922,0.0113,2.9263,1.1809,0.4035,1.1815,1.0419,0.6558,0.4728,0.079,0.7846,0.5515,0.5258,0.3861,0.183,0.3938,155.2664,133.262,17.3524,1.2316
128.567,3857,sitting,0.8527,1.1969,0.0048,2.9475,1.1921,0.4044,1.1851,1.046,0.6595,0.474,0.0786,0.788,0.5581,0.5257,0.3866,0.1854,0.3954,155.3749,134.6406,18.3036,1.2387
128.6,3858,sitting,0.8562,1.2006,-0.0002,2.9634,1.2007,0.4052,1.1879,1.0499,0.6625,0.4746,0.0783,0.791,0.5651,0.5254,0.3874,0.1878,0.3963,155.5465,135.8798,19.1052,1.2448
128.633,3859,sitting,0.8602,1.2048,-0.0042,2.9804,1.209,0.4056,1.1913,1.054,0.6664,0.4736,0.078,0.7936,0.5688,0.5249,0.3876,0.1928,0.3956,155.9825,136.671,19.3708,1.251
128.667,3860,sitting,0.8629,1.2086,-0.0067,2.9956,1.2153,0.4057,1.194,1.0568,0.6689,0.4726,0.0778,0.7958,0.5728,0.5251,0.3879,0.1963,0.3947,156.4492,137.2966,19.548,1.2572
128.7,3861,sitting,0.8646,1.2117,-0.0084,3.0071,1.2201,0.4057,1.1964,1.0593,0.67,0.4714,0.0777,0.7981,0.5767,0.5264,0.3892,0.1986,0.3937,156.9983,138.1248,19.8791,1.2619
128.733,3862,sitting,0.8655,1.2146,-0.0091,3.0185,1.2237,0.4054,1.1981,1.0602,0.6708,0.4709,0.0777,0.7995,0.5785,0.5273,0.3895,0.1999,0.3932,157.213,138.3233,19.8536,1.2675
128.767,3863,sitting,0.8663,1.2161,-0.0106,3.0253,1.2267,0.4055,1.199,1.0607,0.6719,0.471,0.0775,0.8005,0.5802,0.5271,0.3888,0.2008,0.3935,157.3723,138.3405,19.7902,1.2712
128.8,3864,sitting,0.8678,1.2185,-0.0115,3.0343,1.23,0.4054,1.2003,1.0619,0.6737,0.4717,0.0774,0.803,0.5829,0.5266,0.3882,0.202,0.3942,157.3102,138.2842,19.7029,1.2759
128.833,3865,sitting,0.8687,1.2206,-0.0114,3.0409,1.232,0.4051,1.2013,1.0621,0.6753,0.4718,0.0774,0.8048,0.5853,0.5259,0.3868,0.2035,0.3944,157.4,138.4314,19.6796,1.2791
128.867,3866,sitting,0.869,1.2213,-0.011,3.0418,1.2322,0.4051,1.2009,1.0618,0.6762,0.4721,0.0775,0.8059,0.5869,0.5247,0.3857,0.2041,0.3946,157.5211,138.6179,19.7414,1.281
128.9,3867,sitting,0.8688,1.2205,-0.0111,3.0373,1.2315,0.4055,1.1994,1.0612,0.6765,0.4729,0.0774,0.807,0.5889,0.5229,0.3847,0.2036,0.3954,157.5784,138.81,19.8562,1.2808
128.933,3868,sitting,0.8683,1.2206,-0.0116,3.0374,1.2321,0.4057,1.199,1.0603,0.6763,0.4727,0.0774,0.8074,0.5903,0.5227,0.3841,0.2036,0.3953,157.6532,138.96,19.9258,1.2816
128.967,3869,sitting,0.8664,1.2202,-0.0105,3.0351,1.2308,0.4055,1.1978,1.0581,0.6746,0.4732,0.0775,0.8061,0.59,0.5232,0.3835,0.2014,0.3957,157.3536,138.4289,19.6896,1.2788
129.0,3870,sitting,0.8642,1.2189,-0.0095,3.0291,1.2285,0.4056,1.1962,1.0557,0.6727,0.4741,0.0776,0.8051,0.5893,0.5236,0.383,0.1986,0.3965,156.9783,137.9257,19.55,1.2751
129.033,3871,sitting,0.862,1.2172,-0.0085,3.0211,1.2256,0.4057,1.1941,1.0536,0.6704,0.4734,0.0777,0.8036,0.5883,0.5237,0.3832,0.1969,0.3958,156.8652,137.6708,19.4946,1.2699
129.067,3872,sitting,0.8602,1.2154,-0.0079,3.0148,1.2233,0.4058,1.1922,1.0516,0.6687,0.4728,0.0777,0.8027,0.5873,0.5235,0.3829,0.1959,0.3951,157.1711,137.4742,19.342,1.2658
129.1,3873,sitting,0.8586,1.2136,-0.0072,3.0083,1.2209,0.4058,1.1902,1.0497,0.6676,0.4713,0.0777,0.8026,0.5873,0.5226,0.3821,0.1963,0.3936,157.7277,137.5147,19.2486,1.2624
129.133,3874,sitting,0.8563,1.2112,-0.0065,2.9994,1.2176,0.406,1.1874,1.0475,0.6652,0.4665,0.0777,0.8025,0.5866,0.5223,0.3823,0.1987,0.3888,158.7616,138.057,19.3463,1.2578
129.167,3875,sitting,0.8557,1.2104,-0.0066,2.9969,1.217,0.4061,1.1866,1.0469,0.6646,0.4607,0.0776,0.8023,0.5858,0.522,0.3823,0.2039,0.3831,160.138,138.6353,19.1961,1.2563
129.2,3876,sitting,0.8536,1.2095,-0.0075,2.9956,1.217,0.4063,1.1853,1.046,0.6613,0.4536,0.0775,0.8022,0.5847,0.524,0.3847,0.2077,0.3761,161.6824,139.5409,19.3067,1.2537
129.233,3877,sitting,0.8525,1.2082,-0.0099,2.9923,1.2181,0.4071,1.1836,1.0456,0.6593,0.4473,0.0773,0.8021,0.5851,0.5243,0.3863,0.212,0.37,162.9235,140.4342,19.4202,1.2526
129.267,3878,sitting,0.8513,1.2071,-0.0121,2.9889,1.2192,0.4079,1.1819,1.0443,0.6582,0.4441,0.0772,0.8012,0.5847,0.5237,0.3861,0.2141,0.367,163.5996,140.9591,19.4389,1.2522
129.3,3879,sitting,0.8499,1.2043,-0.0134,2.9774,1.2178,0.409,1.1791,1.0427,0.6571,0.4424,0.0771,0.8004,0.5853,0.5221,0.3856,0.2146,0.3653,164.1014,141.1344,19.3031,1.2486
129.333,3880,sitting,0.8493,1.2025,-0.013,2.9691,1.2154,0.4094,1.1769,1.0417,0.6568,0.4414,0.0771,0.7986,0.5858,0.5201,0.3849,0.2154,0.3644,164.6088,140.9522,19.0128,1.2457
129.367,3881,sitting,0.8489,1.2016,-0.0134,2.9662,1.215,0.4096,1.1753,1.0405,0.6572,0.4389,0.077,0.7976,0.587,0.5181,0.3833,0.2183,0.3619,165.1378,140.7838,18.6489,1.2452
129.4,3882,sitting,0.8495,1.1995,-0.0139,2.9573,1.2134,0.4103,1.1728,1.0405,0.6585,0.4379,0.0769,0.796,0.5881,0.5144,0.382,0.2206,0.361,165.697,140.7507,18.3482,1.2434
129.433,3883,sitting,0.8495,1.1992,-0.0142,2.9572,1.2134,0.4103,1.1721,1.04,0.659,0.4367,0.0768,0.7942,0.5878,0.5131,0.381,0.2223,0.3599,166.3244,140.4886,17.9523,1.242
129.467,3884,sitting,0.8498,1.2015,-0.0154,2.9677,1.2169,0.41,1.1742,1.0404,0.6591,0.4304,0.0767,0.7932,0.5876,0.5151,0.3814,0.2287,0.3537,167.2022,140.9559,17.9162,1.2458
129.5,3885,sitting,0.849,1.2043,-0.0178,2.9798,1.2221,0.4101,1.1766,1.04,0.658,0.4273,0.0765,0.7949,0.5869,0.5186,0.382,0.2307,0.3508,167.3742,141.3687,18.0376,1.2495
129.533,3886,sitting,0.8489,1.206,-0.02,2.9856,1.226,0.4106,1.1782,1.0401,0.6577,0.4245,0.0763,0.7962,0.5882,0.5205,0.3825,0.2332,0.3481,167.5502,141.7069,18.1319,1.2514
129.567,3887,sitting,0.8484,1.2075,-0.0219,2.9896,1.2294,0.4112,1.1798,1.0402,0.6567,0.4193,0.0762,0.7982,0.5902,0.5231,0.3835,0.2373,0.3431,168.1883,142.6541,18.5231,1.2531
129.6,3888,sitting,0.8494,1.21,-0.0223,2.9946,1.2322,0.4115,1.1823,1.0412,0.6576,0.417,0.0762,0.8006,0.5936,0.5246,0.3836,0.2406,0.3408,168.5715,143.5148,18.8704,1.2562
129.633,3889,sitting,0.8493,1.2092,-0.0222,2.9862,1.2314,0.4124,1.1821,1.0407,0.6579,0.4157,0.0762,0.8025,0.5954,0.5243,0.3829,0.2422,0.3394,168.995,144.0066,18.9794,1.2561
129.667,3890,sitting,0.8499,1.2106,-0.0216,2.9865,1.2322,0.4126,1.1836,1.0409,0.659,0.4169,0.0763,0.805,0.5955,0.5246,0.3819,0.2421,0.3406,169.0648,143.9424,18.7506,1.2582
129.7,3891,sitting,0.8504,1.2108,-0.0223,2.983,1.2331,0.4134,1.1841,1.0413,0.6595,0.416,0.0763,0.8072,0.5948,0.5246,0.3818,0.2434,0.3397,169.2247,143.8457,18.4464,1.2599
129.733,3892,sitting,0.8512,1.212,-0.0223,2.9826,1.2343,0.4138,1.1855,1.0427,0.6597,0.4171,0.0763,0.8098,0.5958,0.5258,0.383,0.2425,0.3408,168.9364,143.6106,18.2565,1.2642
129.767,3893,sitting,0.8518,1.2129,-0.0211,2.9816,1.234,0.4139,1.1865,1.044,0.6596,0.4179,0.0765,0.8111,0.5964,0.5269,0.3845,0.2417,0.3414,168.7045,143.399,18.0835,1.2667
129.8,3894,sitting,0.8507,1.2138,-0.0221,2.9878,1.2359,0.4136,1.1874,1.0438,0.6575,0.4162,0.0764,0.8108,0.5948,0.5299,0.3863,0.2413,0.3398,168.6128,143.2011,18.0003,1.2717
129.833,3895,sitting,0.8507,1.2149,-0.0215,2.9919,1.2364,0.4133,1.1889,1.0451,0.6562,0.4161,0.0764,0.8122,0.5957,0.5326,0.3889,0.2401,0.3397,168.4728,142.9648,17.9093,1.2739
129.867,3896,sitting,0.8501,1.2154,-0.0229,2.9993,1.2384,0.4129,1.1899,1.0455,0.6547,0.4159,0.0762,0.8124,0.5956,0.5352,0.3908,0.2388,0.3397,168.1308,142.4288,17.802,1.28
129.9,3897,sitting,0.8496,1.2159,-0.0238,3.0056,1.2397,0.4125,1.1911,1.0459,0.6532,0.418,0.0761,0.8125,0.5958,0.5379,0.3927,0.2353,0.3419,167.6567,141.6136,17.5587,1.2855
129.933,3898,sitting,0.851,1.2186,-0.0243,3.019,1.2429,0.4117,1.1946,1.0473,0.6546,0.4193,0.076,0.8123,0.5977,0.54,0.3927,0.2352,0.3433,167.4485,141.1767,17.3932,1.2917
129.967,3899,sitting,0.8502,1.2204,-0.0255,3.0307,1.2458,0.4111,1.1967,1.0472,0.6532,0.4204,0.0759,0.8118,0.5977,0.5435,0.394,0.2328,0.3445,167.0566,140.6226,17.2259,1.2985
130.0,3900,sitting,0.8483,1.2228,-0.0264,3.0464,1.2492,0.4101,1.1991,1.0453,0.6513,0.419,0.0759,0.809,0.5974,0.5478,0.3941,0.2322,0.3432,166.8743,140.3239,17.1591,1.3051
130.033,3901,sitting,0.8467,1.2267,-0.0281,3.0684,1.2547,0.4089,1.2032,1.044,0.6495,0.4191,0.0757,0.8057,0.5962,0.5537,0.3945,0.2304,0.3434,166.5198,139.9735,17.1143,1.3134
130.067,3902,sitting,0.8486,1.2209,-0.0285,3.0403,1.2494,0.4109,1.2013,1.0454,0.6517,0.42,0.0757,0.806,0.5976,0.5496,0.3937,0.2317,0.3443,166.365,139.7597,16.9145,1.3074
130.1,3903,sitting,0.8507,1.2283,-0.0281,3.073,1.2564,0.4089,1.2087,1.0475,0.6539,0.4203,0.0757,0.8068,0.5993,0.5548,0.3936,0.2336,0.3446,166.2346,139.5466,16.6346,1.3189
130.133,3904,sitting,0.8524,1.2369,-0.0283,3.1136,1.2652,0.4064,1.2168,1.0491,0.6557,0.4212,0.0757,0.8073,0.5998,0.5612,0.3935,0.2344,0.3455,166.2472,139.2992,16.339,1.3319
130.167,3905,sitting,0.8531,1.2461,-0.0294,3.1584,1.2754,0.4038,1.226,1.0506,0.6555,0.4212,0.0756,0.8083,0.6015,0.5705,0.3951,0.2343,0.3456,166.2473,139.361,16.3335,1.3488
130.2,3906,sitting,0.8532,1.2512,-0.0297,3.1846,1.2809,0.4022,1.2315,1.0512,0.6551,0.4213,0.0756,0.8068,0.6012,0.5763,0.3961,0.2339,0.3457,166.2098,139.1365,16.1256,1.3603
130.233,3907,sitting,0.8539,1.2554,-0.0307,3.2072,1.2861,0.401,1.236,1.0524,0.6553,0.4218,0.0755,0.8062,0.6005,0.5807,0.3971,0.2335,0.3463,166.1611,138.8025,15.8238,1.3714
130.267,3908,sitting,0.8549,1.2593,-0.0318,3.2276,1.291,0.4,1.2397,1.0536,0.6562,0.4219,0.0754,0.805,0.6024,0.5835,0.3973,0.2343,0.3465,166.054,138.467,15.501,1.3832
130.3,3909,sitting,0.8555,1.2618,-0.0327,3.2419,1.2945,0.3993,1.2423,1.0549,0.6561,0.4198,0.0753,0.8042,0.6048,0.5862,0.3988,0.2363,0.3445,166.0889,138.4034,15.3527,1.3957
130.333,3910,sitting,0.8571,1.2641,-0.0336,3.2549,1.2977,0.3987,1.2449,1.057,0.6573,0.4191,0.0752,0.8041,0.6051,0.5877,0.3997,0.2382,0.3439,165.9266,137.7632,14.8039,1.4077
130.367,3911,sitting,0.8584,1.2652,-0.0341,3.2615,1.2993,0.3984,1.2462,1.0586,0.6581,0.4184,0.0752,0.8035,0.6048,0.5881,0.4005,0.2397,0.3432,165.9618,137.4225,14.4327,1.4152
130.4,3912,sitting,0.8567,1.2652,-0.0353,3.2674,1.3006,0.398,1.2461,1.0587,0.6547,0.4158,0.0751,0.8025,0.6053,0.5914,0.404,0.2389,0.3407,165.9925,137.1831,14.293,1.4233
130.433,3913,sitting,0.8578,1.2672,-0.035,3.2767,1.3022,0.3974,1.2482,1.0603,0.6553,0.4161,0.0751,0.8022,0.609,0.5929,0.405,0.2392,0.341,165.9936,136.8109,13.953,1.4313
130.467,3914,sitting,0.8565,1.2662,-0.0361,3.2771,1.3023,0.3974,1.2475,1.0598,0.6532,0.4167,0.075,0.8013,0.6088,0.5943,0.4066,0.2365,0.3417,165.7995,136.3014,13.7388,1.4382
130.5,3915,sitting,0.8575,1.2669,-0.0353,3.2791,1.3023,0.3971,1.2485,1.0613,0.6537,0.4171,0.0751,0.8006,0.6112,0.5949,0.4077,0.2366,0.342,165.7249,135.9963,13.4805,1.4453
130.533,3916,sitting,0.8573,1.2655,-0.0359,3.2752,1.3014,0.3973,1.2471,1.0619,0.6526,0.4181,0.075,0.8011,0.6148,0.5945,0.4093,0.2346,0.3431,165.4641,135.5467,13.3186,1.4543
130.567,3917,sitting,0.8567,1.2656,-0.0368,3.2792,1.3024,0.3972,1.2471,1.0623,0.6512,0.4178,0.0749,0.8007,0.6154,0.5959,0.4111,0.2334,0.3429,165.4568,135.4945,13.363,1.4644
130.6,3918,sitting,0.8576,1.2673,-0.036,3.2861,1.3033,0.3966,1.2486,1.0633,0.652,0.4176,0.075,0.8003,0.6132,0.5967,0.4113,0.2344,0.3426,165.6267,135.3786,13.1304,1.4708
130.633,3919,sitting,0.8584,1.268,-0.0359,3.2892,1.3039,0.3964,1.2493,1.0637,0.6531,0.4176,0.075,0.7989,0.6105,0.5963,0.4107,0.2355,0.3425,165.7007,135.2806,12.9241,1.4796
130.667,3920,sitting,0.859,1.2707,-0.0358,3.302,1.3065,0.3957,1.2519,1.0648,0.6532,0.4175,0.075,0.7986,0.609,0.5987,0.4117,0.2357,0.3424,165.4982,134.9735,12.6876,1.4911
130.7,3921,sitting,0.8601,1.2725,-0.0363,3.3108,1.3087,0.3953,1.2537,1.0661,0.654,0.419,0.075,0.7977,0.6068,0.5997,0.4121,0.235,0.344,165.3441,134.7479,12.5127,1.5002
130.733,3922,sitting,0.8623,1.2755,-0.0359,3.3244,1.3114,0.3945,1.2566,1.0678,0.6568,0.4237,0.075,0.7973,0.6057,0.5998,0.411,0.2331,0.3486,164.9828,134.318,12.2148,1.5104
130.767,3923,sitting,0.8642,1.2766,-0.035,3.3286,1.3116,0.394,1.2577,1.0691,0.6594,0.428,0.0751,0.7956,0.6024,0.5984,0.4097,0.2314,0.3528,164.6055,134.0464,12.0155,1.5157
130.8,3924,sitting,0.8636,1.2756,-0.0352,3.3277,1.3108,0.3939,1.2569,1.069,0.6581,0.4327,0.0751,0.7953,0.5981,0.5988,0.4109,0.2254,0.3576,163.7907,133.3762,11.8556,1.5186
130.833,3925,sitting,0.8635,1.2746,-0.0367,3.3272,1.3113,0.3941,1.2562,1.0697,0.6574,0.4337,0.075,0.7956,0.5966,0.5989,0.4124,0.2236,0.3588,163.459,133.3214,11.9308,1.5251
130.867,3926,sitting,0.8636,1.2734,-0.0386,3.3264,1.312,0.3944,1.2552,1.0704,0.6569,0.4347,0.0748,0.796,0.594,0.5983,0.4135,0.2222,0.3599,163.088,132.9863,11.791,1.531
130.9,3927,sitting,0.8629,1.2711,-0.0406,3.32,1.3116,0.3951,1.2531,1.0702,0.6557,0.4378,0.0746,0.7961,0.5928,0.5974,0.4144,0.218,0.3631,162.384,132.4458,11.7057,1.5354
130.933,3928,sitting,0.8627,1.2689,-0.0415,3.3128,1.3105,0.3956,1.2512,1.0698,0.6556,0.4393,0.0745,0.7958,0.5911,0.5955,0.4141,0.2163,0.3648,162.0253,132.2458,11.6818,1.537
130.967,3929,sitting,0.8629,1.2673,-0.0436,3.3087,1.3109,0.3962,1.2498,1.0703,0.6555,0.44,0.0743,0.7962,0.5904,0.5944,0.4148,0.2154,0.3657,161.7084,131.9328,11.5295,1.5405
131.0,3930,sitting,0.8635,1.2654,-0.0448,3.3009,1.3102,0.3969,1.2482,1.0705,0.6564,0.441,0.0742,0.797,0.5901,0.5917,0.414,0.2154,0.3668,161.6171,131.9129,11.4879,1.5413
131.033,3931,sitting,0.8633,1.2634,-0.0466,3.2941,1.3099,0.3977,1.2462,1.07,0.6565,0.4413,0.0741,0.798,0.5902,0.5897,0.4134,0.2152,0.3672,161.5326,131.6666,11.2597,1.5432
131.067,3932,sitting,0.8632,1.2624,-0.0476,3.2908,1.31,0.3981,1.2454,1.0697,0.6567,0.4414,0.074,0.7983,0.5901,0.5887,0.4131,0.2152,0.3675,161.4443,131.3269,10.9657,1.5424
131.1,3933,sitting,0.8632,1.2612,-0.048,3.2841,1.3092,0.3986,1.2443,1.0698,0.6565,0.4416,0.0739,0.7992,0.5905,0.5878,0.4134,0.2149,0.3677,161.2977,131.001,10.7181,1.5404
131.133,3934,sitting,0.863,1.2595,-0.0481,3.2762,1.3077,0.3992,1.2428,1.0694,0.6565,0.4411,0.0739,0.7998,0.5909,0.5863,0.4129,0.2154,0.3672,161.5151,130.97,10.5716,1.5349
131.167,3935,sitting,0.8625,1.2586,-0.0489,3.2722,1.3075,0.3996,1.2418,1.0684,0.6567,0.4416,0.0738,0.7998,0.5916,0.5851,0.4118,0.2151,0.3678,161.4253,130.6819,10.3371,1.5339
131.2,3936,sitting,0.8617,1.2567,-0.0483,3.2611,1.305,0.4002,1.2399,1.0673,0.6561,0.4398,0.0739,0.7994,0.5917,0.5838,0.4112,0.2164,0.3659,161.5654,130.6147,10.2009,1.529
131.233,3937,sitting,0.8614,1.2541,-0.0485,3.2469,1.3025,0.4012,1.2378,1.0666,0.6562,0.4387,0.0739,0.799,0.5919,0.5816,0.4104,0.2175,0.3649,161.6062,130.528,10.0775,1.5246
131.267,3938,sitting,0.861,1.2488,-0.0486,3.2194,1.2974,0.403,1.2335,1.0657,0.6563,0.4379,0.0739,0.7996,0.5942,0.5772,0.4094,0.2184,0.364,161.537,130.6106,10.123,1.5177
131.3,3939,sitting,0.8606,1.2429,-0.048,3.1879,1.291,0.405,1.2286,1.0646,0.6565,0.4376,0.0739,0.7993,0.595,0.572,0.4081,0.2189,0.3637,161.5359,130.7791,10.2236,1.507
131.333,3940,sitting,0.8601,1.2369,-0.0473,3.1564,1.2842,0.4069,1.2257,1.0633,0.6569,0.4369,0.074,0.7991,0.5951,0.5688,0.4064,0.22,0.363,161.6671,130.9102,10.2367,1.4975
131.367,3941,sitting,0.8591,1.2286,-0.047,3.116,1.2756,0.4094,1.2184,1.0609,0.6572,0.4366,0.074,0.798,0.5946,0.5612,0.4037,0.2206,0.3626,161.71,130.8317,10.1179,1.4846
131.4,3942,sitting,0.8583,1.219,-0.046,3.0687,1.265,0.4122,1.2097,1.0594,0.6573,0.4374,0.0741,0.7965,0.5938,0.5524,0.4021,0.2199,0.3633,161.6486,130.5204,9.905,1.466
131.433,3943,sitting,0.8567,1.2104,-0.0452,3.0284,1.2556,0.4146,1.1999,1.0567,0.6567,0.4368,0.0742,0.7951,0.5933,0.5431,0.4,0.2199,0.3627,161.7027,130.1928,9.644,1.4487
131.467,3944,sitting,0.855,1.2036,-0.0447,2.9974,1.2483,0.4165,1.191,1.0542,0.6559,0.4358,0.0742,0.7941,0.5938,0.5351,0.3983,0.2201,0.3616,161.8108,129.9477,9.4397,1.43
131.5,3945,sitting,0.8541,1.1979,-0.0437,2.969,1.2416,0.4182,1.1826,1.0523,0.6559,0.4351,0.0743,0.7932,0.594,0.5267,0.3964,0.2208,0.3608,161.9422,129.6898,9.1538,1.416
131.533,3946,sitting,0.8514,1.1901,-0.0439,2.9351,1.234,0.4204,1.1717,1.0487,0.6541,0.4339,0.0743,0.7914,0.5905,0.5176,0.3947,0.2201,0.3597,162.059,129.4507,8.9632,1.3996
131.567,3947,sitting,0.8493,1.1806,-0.045,2.8957,1.2256,0.4233,1.1583,1.0459,0.6527,0.4332,0.0742,0.7907,0.5889,0.5056,0.3932,0.2195,0.3591,162.1662,129.0496,8.5892,1.3842
131.6,3948,sitting,0.8471,1.1707,-0.0457,2.8537,1.2164,0.4262,1.1476,1.0432,0.651,0.4316,0.0741,0.7903,0.5896,0.4966,0.3922,0.2194,0.3575,162.2177,128.5907,8.144,1.3682
131.633,3949,sitting,0.8448,1.1612,-0.0464,2.8145,1.2075,0.429,1.1388,1.0393,0.6502,0.4301,0.0741,0.7892,0.5871,0.4886,0.3892,0.2201,0.356,162.3793,128.2191,7.6932,1.3519
131.667,3950,sitting,0.8424,1.1538,-0.0474,2.7852,1.2011,0.4313,1.1273,1.0354,0.6495,0.4298,0.074,0.7888,0.5854,0.4778,0.3859,0.2197,0.3559,162.4014,127.6358,7.1433,1.3403
131.7,3951,sitting,0.8404,1.149,-0.0477,2.7632,1.1967,0.4331,1.1191,1.0311,0.6497,0.428,0.074,0.7879,0.5834,0.4695,0.3815,0.2217,0.354,162.8635,127.7392,6.8753,1.3256
131.733,3952,sitting,0.8375,1.1416,-0.0478,2.7313,1.1895,0.4355,1.1108,1.0261,0.6488,0.427,0.074,0.7854,0.5785,0.462,0.3774,0.2217,0.3531,163.0402,127.6796,6.697,1.3081
131.767,3953,sitting,0.8353,1.1333,-0.0479,2.6962,1.1812,0.4381,1.1017,1.0224,0.6482,0.4261,0.074,0.786,0.5818,0.4534,0.3741,0.2222,0.3521,163.3272,127.1485,6.0052,1.2922
131.8,3954,sitting,0.8329,1.1265,-0.0491,2.6707,1.1756,0.4402,1.0923,1.0195,0.6464,0.425,0.0738,0.7869,0.5869,0.446,0.3732,0.2214,0.3511,163.2081,126.5308,5.5279,1.2855
131.833,3955,sitting,0.8329,1.121,-0.0492,2.6475,1.1702,0.442,1.0852,1.0186,0.6472,0.424,0.0738,0.7919,0.5955,0.438,0.3714,0.2232,0.3502,163.5603,126.3018,4.9137,1.2746
131.867,3956,sitting,0.8324,1.116,-0.0483,2.6242,1.1643,0.4437,1.0795,1.0167,0.6482,0.4244,0.0739,0.7919,0.5931,0.4313,0.3685,0.2238,0.3504,163.5351,125.3401,3.8699,1.2629
131.9,3957,sitting,0.8312,1.1097,-0.0478,2.5978,1.1574,0.4455,1.0731,1.0136,0.6488,0.4236,0.074,0.7932,0.5921,0.4243,0.3648,0.2252,0.3496,163.6805,124.416,2.7691,1.2496
131.933,3958,sitting,0.8294,1.1046,-0.0468,2.5759,1.1514,0.447,1.0658,1.0096,0.6491,0.4245,0.0741,0.7928,0.5874,0.4167,0.3605,0.2246,0.3504,163.5403,123.0036,1.4153,1.2377
131.967,3959,sitting,0.8269,1.1,-0.0458,2.5559,1.1457,0.4483,1.0568,1.0057,0.6481,0.4266,0.0742,0.7898,0.5818,0.4087,0.3576,0.2216,0.3524,162.7182,120.5757,0.392,1.2337
132.0,3960,sitting,0.8249,1.0938,-0.0453,2.5309,1.1391,0.4501,1.0476,1.0024,0.6474,0.4279,0.0742,0.7903,0.5852,0.4002,0.355,0.2195,0.3537,162.0012,118.9853,1.4973,1.2304
132.033,3961,sitting,0.8235,1.0906,-0.0448,2.5166,1.1354,0.4512,1.0416,0.9999,0.6471,0.4309,0.0742,0.7911,0.5865,0.3945,0.3529,0.2161,0.3567,161.4137,117.6472,2.4054,1.23
132.067,3962,sitting,0.8231,1.0871,-0.0442,2.5001,1.1313,0.4525,1.0373,0.9991,0.6472,0.4334,0.0743,0.7944,0.5918,0.39,0.3518,0.2139,0.3591,160.9869,116.5958,3.2297,1.231
132.1,3963,sitting,0.8243,1.0845,-0.0439,2.4876,1.1283,0.4536,1.0355,1.0004,0.6482,0.4362,0.0743,0.8012,0.6015,0.3873,0.3522,0.212,0.3619,160.4848,115.2486,4.3092,1.2375
132.133,3964,sitting,0.8252,1.0803,-0.043,2.4689,1.1233,0.455,1.0317,1.0012,0.6493,0.4387,0.0743,0.8091,0.6185,0.3824,0.352,0.2105,0.3644,159.8924,113.5781,5.6228,1.2468
132.167,3965,sitting,0.8269,1.0772,-0.0426,2.4547,1.1198,0.4562,1.0289,1.0035,0.6504,0.4407,0.0744,0.8303,0.6627,0.3785,0.3531,0.2098,0.3663,159.413,111.9668,7.0755,1.2607
132.2,3966,sitting,0.8272,1.0738,-0.0425,2.4411,1.1163,0.4573,1.0249,1.0046,0.6497,0.4412,0.0744,0.8345,0.6692,0.3751,0.3549,0.2085,0.3669,158.8858,111.3442,7.5949,1.2738
132.233,3967,sitting,0.8263,1.0718,-0.0424,2.4334,1.1142,0.4579,1.021,1.0043,0.6482,0.4435,0.0744,0.8263,0.4439,0.3728,0.3561,0.2047,0.3691,158.069,110.184,8.3249,1.294
132.267,3968,sitting,0.8262,1.0708,-0.0421,2.4288,1.1129,0.4582,1.0175,1.0047,0.6477,0.4451,0.0744,0.8216,0.66,0.3698,0.357,0.2026,0.3707,157.3007,108.7595,9.4334,1.3182
132.3,3969,sitting,0.8254,1.0689,-0.0416,2.4214,1.1106,0.4586,1.0145,1.0043,0.6465,0.447,0.0745,0.8141,0.657,0.368,0.3579,0.1994,0.3726,156.403,106.8673,10.8352,1.3389
132.333,3970,sitting,0.8249,1.069,-0.0407,2.4197,1.1097,0.4586,1.014,1.004,0.6458,0.4498,0.0745,0.8082,0.6524,0.3682,0.3582,0.196,0.3753,155.2213,104.737,12.2829,1.3614
132.367,3971,sitting,0.825,1.0701,-0.0394,2.4218,1.1095,0.4581,1.0156,1.0044,0.6456,0.4543,0.0746,0.8025,0.644,0.3701,0.3588,0.1912,0.3797,153.9018,101.8674,14.2896,1.3868
132.4,3972,sitting,0.8234,1.0706,-0.0381,2.4219,1.1088,0.4578,1.0161,1.0032,0.6435,0.4591,0.0747,0.7946,0.6362,0.3726,0.3597,0.1844,0.3844,152.436,99.9902,15.3195,1.412
132.433,3973,sitting,0.8232,1.0729,-0.0366,2.4267,1.1094,0.4572,1.0186,1.0033,0.6431,0.4627,0.0749,0.7867,0.6277,0.3755,0.3602,0.1803,0.3878,151.1296,98.4473,16.1752,1.4248
132.467,3974,sitting,0.8234,1.074,-0.0336,2.4265,1.1076,0.4564,1.0204,1.0036,0.6432,0.466,0.0751,0.7831,0.6186,0.3772,0.3604,0.1772,0.3908,150.2249,96.8767,17.2239,1.4218
132.5,3975,sitting,0.8234,1.0744,-0.0318,2.4258,1.1062,0.456,1.0216,1.0041,0.6428,0.4679,0.0753,0.784,0.6202,0.3788,0.3613,0.1748,0.3927,149.381,95.9634,17.7556,1.4217
132.533,3976,sitting,0.8242,1.0753,-0.0275,2.4233,1.1028,0.4551,1.023,1.0052,0.6432,0.472,0.0756,0.7847,0.6196,0.3798,0.362,0.1713,0.3963,148.5446,95.168,18.1327,1.4182
132.567,3977,sitting,0.8248,1.0772,-0.0236,2.4246,1.1008,0.454,1.0251,1.0063,0.6433,0.4759,0.0759,0.7842,0.6171,0.3818,0.3631,0.1674,0.4,147.738,94.7383,18.2011,1.4156
132.6,3978,sitting,0.8259,1.0791,-0.02,2.4261,1.0991,0.453,1.0274,1.0075,0.6442,0.4809,0.0762,0.7842,0.6159,0.3832,0.3634,0.1632,0.4047,146.8213,94.4626,18.1122,1.4147
132.633,3979,sitting,0.8274,1.0821,-0.0173,2.432,1.0994,0.4521,1.0307,1.0093,0.6455,0.4855,0.0764,0.7848,0.6171,0.3851,0.3638,0.16,0.4091,145.8279,94.0599,18.123,1.417
132.667,3980,sitting,0.8287,1.0851,-0.0162,2.4408,1.1013,0.4512,1.0339,1.0109,0.6464,0.4885,0.0765,0.788,0.6223,0.3874,0.3645,0.1579,0.412,145.1965,94.3863,17.6504,1.4207
132.7,3981,sitting,0.8304,1.0879,-0.0161,2.4496,1.104,0.4507,1.0372,1.0129,0.6478,0.4908,0.0765,0.7913,0.6303,0.3894,0.3651,0.157,0.4143,144.4731,94.732,17.1853,1.4242
132.733,3982,sitting,0.8313,1.09,-0.0158,2.4563,1.1058,0.4502,1.0406,1.0141,0.6485,0.4936,0.0765,0.7956,0.6467,0.3921,0.3657,0.1549,0.4171,143.7928,95.2442,16.4718,1.4261
132.767,3983,sitting,0.8316,1.0915,-0.0154,2.46,1.1068,0.4499,1.0437,1.015,0.6482,0.4957,0.0766,0.8,0.6523,0.3955,0.3668,0.1525,0.4192,143.1593,95.9125,15.6124,1.4261
132.8,3984,sitting,0.8319,1.0929,-0.0151,2.4635,1.108,0.4498,1.0468,1.0158,0.648,0.4985,0.0766,0.8077,0.6643,0.3988,0.3678,0.1495,0.422,142.2358,96.5471,14.6852,1.4289
132.833,3985,sitting,0.8322,1.0942,-0.0149,2.4675,1.1091,0.4495,1.0498,1.0165,0.6479,0.5002,0.0766,0.8136,0.6689,0.4019,0.3686,0.1477,0.4236,141.6885,97.3816,13.7309,1.4301
132.867,3986,sitting,0.8328,1.0953,-0.0148,2.4707,1.1101,0.4493,1.0517,1.0176,0.6479,0.5019,0.0766,0.8199,0.6716,0.4038,0.3697,0.1461,0.4252,141.3351,98.2065,12.8045,1.4299
132.9,3987,sitting,0.8336,1.0969,-0.0146,2.4759,1.1115,0.4489,1.0533,1.019,0.6483,0.5031,0.0766,0.8267,0.678,0.4051,0.3707,0.1452,0.4265,141.1103,99.3505,11.6614,1.4318
132.933,3988,sitting,0.835,1.0984,-0.0154,2.4826,1.1138,0.4486,1.0558,1.0208,0.6491,0.504,0.0766,0.8376,0.6947,0.4067,0.3717,0.1451,0.4274,141.019,100.1006,10.8714,1.4345
132.967,3989,sitting,0.8361,1.1003,-0.0156,2.4897,1.1158,0.4482,1.0586,1.0229,0.6494,0.5048,0.0766,0.8469,0.7041,0.4093,0.3735,0.1446,0.4282,141.0296,101.109,9.8441,1.4363
133.0,3990,sitting,0.8363,1.1019,-0.0165,2.498,1.1183,0.4477,1.0616,1.0234,0.6493,0.5043,0.0765,0.8441,0.6914,0.4122,0.374,0.1451,0.4278,141.1292,101.7164,9.2464,1.4394
133.033,3991,sitting,0.836,1.1026,-0.0172,2.5031,1.1197,0.4473,1.0643,1.0229,0.6492,0.503,0.0765,0.8404,0.683,0.4151,0.3737,0.1462,0.4266,141.2912,102.1664,8.8667,1.4409
133.067,3992,sitting,0.8355,1.1037,-0.018,2.51,1.1216,0.4469,1.0684,1.0221,0.6488,0.5016,0.0764,0.8364,0.6655,0.4196,0.3733,0.1472,0.4252,141.3974,102.3862,8.6553,1.4436
133.1,3993,sitting,0.8355,1.1042,-0.0183,2.5136,1.1225,0.4466,1.0712,1.0224,0.6486,0.501,0.0764,0.8338,0.6547,0.4226,0.3738,0.1475,0.4247,141.4134,102.1461,8.8098,1.4452
133.133,3994,sitting,0.8353,1.1043,-0.02,2.5178,1.1244,0.4466,1.0725,1.0219,0.6487,0.5002,0.0762,0.8323,0.6517,0.4238,0.3732,0.1485,0.424,141.6048,101.8989,9.0859,1.4474
133.167,3995,sitting,0.8353,1.1053,-0.0209,2.5238,1.1262,0.4462,1.0738,1.0214,0.6492,0.5,0.0762,0.8276,0.6401,0.4246,0.3722,0.1491,0.4239,141.6862,101.5057,9.4656,1.4495
133.2,3996,sitting,0.8352,1.1062,-0.0203,2.5267,1.1265,0.4458,1.0753,1.0207,0.6496,0.5016,0.0762,0.8251,0.637,0.4256,0.3711,0.148,0.4254,141.4615,101.0046,9.8338,1.4506
133.233,3997,sitting,0.8342,1.1065,-0.0209,2.5286,1.1274,0.4459,1.0771,1.0195,0.6489,0.5031,0.0762,0.8125,0.6193,0.4282,0.3706,0.1458,0.427,141.0704,100.6987,9.9054,1.4515
133.267,3998,sitting,0.8339,1.1072,-0.0214,2.5323,1.1286,0.4457,1.08,1.0191,0.6487,0.505,0.0761,0.8033,0.6089,0.4313,0.3704,0.1437,0.4289,140.7672,100.5336,9.9371,1.4531
133.3,3999,sitting,0.833,1.1095,-0.0215,2.5413,1.131,0.445,1.0836,1.0181,0.6479,0.5066,0.0761,0.7955,0.5983,0.4357,0.3702,0.1413,0.4304,140.4055,100.68,9.6572,1.4558
133.333,4000,sitting,0.833,1.1117,-0.0211,2.5493,1.1328,0.4444,1.0879,1.0177,0.6483,0.5089,0.0762,0.7904,0.5917,0.4396,0.3694,0.1395,0.4327,139.9492,100.71,9.5435,1.4581
133.367,4001,sitting,0.8331,1.1128,-0.0208,2.5531,1.1337,0.444,1.0922,1.0176,0.6485,0.5103,0.0762,0.7886,0.5951,0.4436,0.3691,0.1382,0.4341,139.5254,100.6273,9.5679,1.4587
133.4,4002,sitting,0.833,1.1137,-0.0211,2.5567,1.1348,0.4438,1.0951,1.0173,0.6487,0.5106,0.0762,0.7861,0.5932,0.4464,0.3687,0.138,0.4344,139.0424,100.6404,9.5408,1.4602
133.433,4003,sitting,0.8327,1.1148,-0.0204,2.5597,1.1352,0.4435,1.0972,1.0173,0.6481,0.5108,0.0762,0.7871,0.5958,0.4491,0.3693,0.1373,0.4346,138.4572,100.9318,9.1745,1.4601
133.467,4004,sitting,0.8328,1.115,-0.0198,2.5591,1.1348,0.4434,1.099,1.0178,0.6477,0.5106,0.0763,0.7891,0.5975,0.4513,0.3701,0.1371,0.4343,137.8057,101.427,8.6469,1.4585
133.5,4005,sitting,0.833,1.1159,-0.0194,2.5592,1.1353,0.4436,1.1008,1.018,0.6479,0.512,0.0763,0.7894,0.6017,0.453,0.3701,0.1359,0.4356,136.9471,101.6141,8.2927,1.4561
133.533,4006,sitting,0.8335,1.116,-0.0184,2.5575,1.1344,0.4436,1.1023,1.0179,0.6491,0.5128,0.0764,0.7923,0.6027,0.4532,0.3687,0.1363,0.4364,136.451,101.487,8.3385,1.4514
133.567,4007,sitting,0.8333,1.116,-0.0173,2.5553,1.1333,0.4435,1.1031,1.0179,0.6488,0.5128,0.0765,0.7929,0.6057,0.4543,0.3691,0.136,0.4364,136.258,102.5043,7.4592,1.4474
133.6,4008,sitting,0.8325,1.1167,-0.0168,2.5587,1.1336,0.443,1.1033,1.017,0.648,0.5126,0.0765,0.7898,0.6035,0.4553,0.3691,0.1354,0.4361,136.0131,103.0331,6.9634,1.4465
133.633,4009,sitting,0.8323,1.117,-0.0173,2.5607,1.1343,0.443,1.1053,1.0166,0.6479,0.5133,0.0765,0.7909,0.5999,0.4574,0.3687,0.1346,0.4368,135.7399,103.0197,6.8399,1.4458
133.667,4010,sitting,0.8332,1.12,-0.0174,2.5699,1.1374,0.4426,1.1077,1.0178,0.6486,0.5151,0.0765,0.7943,0.6001,0.4591,0.3692,0.1335,0.4386,135.3497,103.0867,6.628,1.4471
133.7,4011,sitting,0.8337,1.1221,-0.0175,2.5787,1.1396,0.4419,1.1097,1.0194,0.648,0.5158,0.0765,0.7958,0.601,0.4617,0.3715,0.1322,0.4393,135.0788,103.7499,5.8767,1.4483
133.733,4012,sitting,0.8342,1.1234,-0.0179,2.5845,1.1413,0.4416,1.1112,1.0209,0.6475,0.5168,0.0765,0.7955,0.6021,0.4637,0.3735,0.1307,0.4403,134.7334,104.3343,5.1309,1.4484
133.767,4013,sitting,0.8346,1.1267,-0.0176,2.597,1.1443,0.4406,1.1139,1.0215,0.6478,0.5178,0.0765,0.7971,0.602,0.4661,0.3737,0.13,0.4413,134.392,104.8044,4.5583,1.4501
133.8,4014,sitting,0.8355,1.1298,-0.0174,2.6096,1.1472,0.4396,1.1167,1.0227,0.6483,0.5186,0.0765,0.7986,0.6007,0.4684,0.3744,0.1297,0.4422,134.2195,105.032,4.1796,1.4519
133.833,4015,sitting,0.8365,1.1338,-0.017,2.6259,1.1508,0.4382,1.1198,1.0241,0.6489,0.5196,0.0765,0.7982,0.6001,0.4709,0.3752,0.1292,0.4431,134.0865,105.4415,3.6416,1.4552
133.867,4016,sitting,0.8371,1.1375,-0.0167,2.6412,1.1543,0.437,1.1227,1.0249,0.6493,0.52,0.0765,0.7964,0.5953,0.4734,0.3757,0.1293,0.4434,134.0191,106.2443,2.828,1.4593
133.9,4017,sitting,0.8376,1.1418,-0.0162,2.6585,1.158,0.4356,1.1262,1.026,0.6492,0.5201,0.0766,0.7956,0.5891,0.477,0.3768,0.1291,0.4435,133.9637,107.3584,1.7626,1.4629
133.933,4018,sitting,0.8386,1.1445,-0.016,2.6699,1.1605,0.4347,1.1285,1.0274,0.6499,0.5198,0.0766,0.7959,0.5865,0.4786,0.3775,0.1301,0.4432,133.9713,108.3941,0.8573,1.4659
133.967,4019,sitting,0.8397,1.1484,-0.016,2.686,1.1644,0.4335,1.132,1.029,0.6504,0.5203,0.0766,0.797,0.5842,0.4816,0.3786,0.1301,0.4437,133.8361,109.1543,0.0374,1.4693
134.0,4020,sitting,0.8413,1.1537,-0.0163,2.709,1.17,0.4319,1.1367,1.0318,0.6508,0.5195,0.0766,0.8002,0.5878,0.4859,0.381,0.1314,0.4429,133.8132,110.2472,0.8916,1.4733
134.033,4021,sitting,0.8439,1.1605,-0.0163,2.7366,1.1768,0.43,1.1431,1.0356,0.6522,0.5198,0.0766,0.8012,0.5894,0.4909,0.3834,0.1324,0.4432,133.7249,110.9967,1.5821,1.4764
134.067,4022,sitting,0.8473,1.1669,-0.0172,2.7647,1.184,0.4283,1.1483,1.0405,0.6542,0.5198,0.0765,0.8068,0.5925,0.4941,0.3862,0.1344,0.4433,133.9106,111.716,2.0989,1.4805
134.1,4023,sitting,0.8507,1.1709,-0.0181,2.7831,1.1889,0.4272,1.152,1.0458,0.6555,0.5188,0.0764,0.8167,0.6016,0.4965,0.3903,0.1367,0.4424,134.1888,112.6136,2.7629,1.4808
134.133,4024,sitting,0.8543,1.1769,-0.0192,2.8101,1.1961,0.4257,1.1572,1.0513,0.6574,0.5183,0.0763,0.8228,0.4563,0.4998,0.3938,0.1391,0.442,134.6342,113.4303,3.2582,1.4833
134.167,4025,sitting,0.8565,1.1857,-0.0202,2.8497,1.2059,0.4232,1.1648,1.0546,0.6584,0.5179,0.0763,0.8273,0.4576,0.5064,0.3962,0.1405,0.4416,134.9807,114.1879,3.8259,1.4877
134.2,4026,sitting,0.8591,1.1872,-0.021,2.8569,1.2082,0.4229,1.1662,1.0598,0.6584,0.5157,0.0762,0.8292,0.6229,0.5078,0.4014,0.1427,0.4394,135.5955,115.3834,4.68,1.4798
134.233,4027,sitting,0.8606,1.1895,-0.0213,2.8666,1.2108,0.4224,1.1683,1.0629,0.6584,0.5143,0.0762,0.8296,0.6269,0.5099,0.4045,0.1441,0.4381,136.0401,116.4532,5.5492,1.4728
134.267,4028,sitting,0.8611,1.1919,-0.0213,2.8767,1.2132,0.4217,1.1705,1.0641,0.6581,0.513,0.0762,0.8294,0.6247,0.5124,0.4061,0.145,0.4368,136.4204,117.4802,6.4294,1.4649
134.3,4029,sitting,0.8609,1.194,-0.0214,2.8858,1.2155,0.4212,1.1727,1.0643,0.6575,0.511,0.0762,0.8288,0.6214,0.5152,0.4068,0.1465,0.4348,136.9673,118.6836,7.3471,1.4496
134.333,4030,sitting,0.8606,1.1955,-0.0216,2.8925,1.2171,0.4208,1.1742,1.0643,0.6569,0.5091,0.0762,0.8276,0.6177,0.5172,0.4073,0.1479,0.4329,137.5618,119.6281,8.0699,1.4295
134.367,4031,sitting,0.859,1.1969,-0.022,2.8996,1.2189,0.4204,1.176,1.0624,0.6556,0.5079,0.0762,0.8243,0.6116,0.5204,0.4068,0.1477,0.4317,137.9631,120.3082,8.7506,1.4116
134.4,4032,sitting,0.857,1.1983,-0.0215,2.9059,1.2199,0.4198,1.1775,1.0602,0.6537,0.5073,0.0762,0.8186,0.6022,0.5238,0.4065,0.1465,0.4311,138.261,120.6289,9.2181,1.3969
134.433,4033,sitting,0.8551,1.1989,-0.0212,2.9082,1.22,0.4195,1.1779,1.0581,0.6521,0.5063,0.0763,0.8132,0.5939,0.5259,0.4061,0.1457,0.4301,138.4756,121.3654,10.0529,1.3899
134.467,4034,sitting,0.8544,1.1994,-0.0207,2.9095,1.2201,0.4193,1.1781,1.0564,0.6524,0.5062,0.0763,0.8117,0.5905,0.5257,0.404,0.1462,0.4299,138.7725,121.8209,10.4843,1.3848
134.5,4035,sitting,0.8539,1.1994,-0.0202,2.9084,1.2196,0.4193,1.1781,1.0543,0.6534,0.5056,0.0763,0.8076,0.5877,0.5246,0.4009,0.1478,0.4293,139.3188,122.4814,10.9699,1.3863
134.533,4036,sitting,0.8539,1.2001,-0.0198,2.9102,1.2199,0.4192,1.1784,1.053,0.6549,0.5058,0.0764,0.8034,0.5854,0.5235,0.3981,0.1491,0.4294,139.7941,122.8869,11.2122,1.393
134.567,4037,sitting,0.8522,1.2002,-0.0191,2.9094,1.2193,0.4191,1.1784,1.0514,0.653,0.5049,0.0764,0.7968,0.5799,0.5254,0.3984,0.148,0.4285,140.0403,123.3759,11.7662,1.3982
134.6,4038,sitting,0.8517,1.202,-0.0194,2.9176,1.2214,0.4186,1.1797,1.0502,0.6531,0.5044,0.0764,0.7943,0.5806,0.5265,0.3971,0.1487,0.428,140.4777,123.5843,11.8807,1.4048
134.633,4039,sitting,0.8508,1.2049,-0.0199,2.9312,1.2248,0.4179,1.1822,1.0487,0.653,0.5043,0.0764,0.7913,0.5805,0.5292,0.3958,0.1487,0.4279,140.763,123.7933,12.0993,1.4122
134.667,4040,sitting,0.8507,1.2054,-0.0201,2.933,1.2256,0.4179,1.1828,1.0484,0.653,0.5038,0.0764,0.7904,0.5821,0.5298,0.3954,0.1491,0.4274,140.9859,123.9693,12.2115,1.4164
134.7,4041,sitting,0.8508,1.2062,-0.0197,2.9351,1.226,0.4177,1.1837,1.0481,0.6535,0.5041,0.0764,0.7879,0.581,0.5302,0.3946,0.1494,0.4277,141.1886,124.1016,12.2819,1.4189
134.733,4042,sitting,0.8507,1.2068,-0.0194,2.9369,1.2263,0.4175,1.1846,1.0474,0.654,0.5036,0.0764,0.7849,0.5789,0.5306,0.3934,0.1503,0.4272,141.4197,124.2994,12.3759,1.4221
134.767,4043,sitting,0.8509,1.2083,-0.0191,2.9426,1.2274,0.4171,1.1861,1.0474,0.6544,0.5037,0.0765,0.7839,0.5784,0.5317,0.393,0.1507,0.4272,141.6102,124.4425,12.4515,1.4269
134.8,4044,sitting,0.849,1.2094,-0.019,2.9491,1.2284,0.4165,1.187,1.046,0.6519,0.5024,0.0765,0.7809,0.5717,0.5351,0.3941,0.1495,0.426,141.4434,124.3342,12.5363,1.432
134.833,4045,sitting,0.8491,1.2108,-0.0196,2.9559,1.2303,0.4162,1.1885,1.046,0.6523,0.503,0.0764,0.7788,0.5688,0.5361,0.3937,0.1493,0.4265,141.418,124.3041,12.5401,1.4394
134.867,4046,sitting,0.8496,1.2102,-0.0197,2.9534,1.2299,0.4164,1.1881,1.046,0.6531,0.5031,0.0764,0.7795,0.5698,0.535,0.3929,0.15,0.4267,141.419,124.478,12.6184,1.4428
134.9,4047,sitting,0.8489,1.2098,-0.0194,2.9514,1.2292,0.4165,1.1877,1.0464,0.6515,0.5026,0.0765,0.7792,0.5681,0.5362,0.3948,0.1489,0.4262,141.3124,124.6694,12.8668,1.4449
134.933,4048,sitting,0.8487,1.2093,-0.0188,2.9486,1.2281,0.4165,1.1874,1.0471,0.6503,0.5021,0.0765,0.7791,0.5651,0.5371,0.3967,0.1483,0.4256,141.2247,124.7118,12.9884,1.4463
134.967,4049,sitting,0.8481,1.2093,-0.0189,2.9481,1.2281,0.4166,1.1873,1.047,0.6492,0.5026,0.0765,0.779,0.5636,0.5381,0.3978,0.1467,0.4261,141.0397,124.5856,13.056,1.4477
135.0,4050,sitting,0.8474,1.2086,-0.0184,2.945,1.227,0.4166,1.1866,1.0466,0.6481,0.5028,0.0765,0.778,0.5615,0.5385,0.3985,0.1454,0.4263,140.8606,124.3761,13.007,1.4465
135.033,4051,,0.8473,1.2082,-0.0181,2.9428,1.2264,0.4167,1.1865,1.0463,0.6482,0.5034,0.0765,0.7776,0.5605,0.5382,0.3981,0.1448,0.4269,140.7384,124.1089,12.8403,1.4448
135.067,4052,,0.8469,1.2082,-0.018,2.9426,1.2262,0.4167,1.1865,1.0459,0.6479,0.504,0.0765,0.7776,0.5599,0.5387,0.3981,0.1438,0.4275,140.5837,123.832,12.698,1.443
135.1,4053,,0.8464,1.2076,-0.0179,2.9402,1.2255,0.4168,1.186,1.0457,0.647,0.5037,0.0765,0.7788,0.5616,0.539,0.3987,0.1434,0.4271,140.5411,123.7171,12.6182,1.4403
135.133,4054,,0.846,1.2057,-0.0182,2.9322,1.2239,0.4174,1.1849,1.0456,0.6464,0.5035,0.0765,0.7793,0.5631,0.5385,0.3992,0.1429,0.427,140.4187,123.6249,12.579,1.4349
135.167,4055,,0.846,1.2048,-0.0187,2.929,1.2235,0.4177,1.1842,1.0456,0.6463,0.5033,0.0765,0.7818,0.5657,0.5379,0.3993,0.143,0.4268,140.4165,123.5143,12.4373,1.4296
135.2,4056,,0.8453,1.2037,-0.0186,2.9247,1.2224,0.4179,1.1836,1.0451,0.6454,0.5036,0.0765,0.7838,0.5664,0.5383,0.3998,0.1418,0.4271,140.1278,123.2571,12.2788,1.4208
135.233,4057,,0.8459,1.2028,-0.0186,2.9203,1.2214,0.4182,1.1833,1.045,0.6468,0.5051,0.0765,0.7873,0.5697,0.5365,0.3982,0.1417,0.4287,139.9786,122.9451,11.9362,1.4073
135.267,4058,,0.8462,1.2015,-0.0186,2.9143,1.2201,0.4186,1.1828,1.0444,0.6481,0.5069,0.0765,0.7915,0.5739,0.5347,0.3962,0.1412,0.4305,139.8206,122.7149,11.6841,1.3923
135.3,4059,,0.8472,1.1999,-0.0186,2.9075,1.2186,0.4191,1.1821,1.0436,0.6507,0.5093,0.0765,0.7948,0.5772,0.5314,0.3929,0.1414,0.4328,139.5685,122.2207,11.1606,1.3788
135.333,4060,,0.8474,1.1978,-0.0191,2.8989,1.2168,0.4198,1.1811,1.0428,0.652,0.5114,0.0764,0.7979,0.5795,0.5291,0.3907,0.1406,0.435,139.2885,121.7352,10.7762,1.3659
135.367,4061,,0.848,1.197,-0.0196,2.8957,1.2166,0.4201,1.1807,1.0428,0.6531,0.5139,0.0764,0.8013,0.582,0.5276,0.3896,0.1392,0.4375,138.7657,121.1352,10.3734,1.3569
135.4,4062,,0.8479,1.1959,-0.0201,2.8909,1.216,0.4206,1.1805,1.0424,0.6535,0.5159,0.0764,0.8034,0.5829,0.527,0.3889,0.1375,0.4396,138.26,120.6175,10.0667,1.3526
135.433,4063,,0.8481,1.1963,-0.0203,2.8921,1.2166,0.4207,1.1811,1.0421,0.6541,0.5179,0.0763,0.8053,0.5835,0.527,0.388,0.1362,0.4416,137.88,120.1092,9.7105,1.3528
135.467,4064,,0.848,1.1963,-0.0211,2.893,1.2174,0.4208,1.1818,1.0416,0.6545,0.519,0.0763,0.8056,0.584,0.5273,0.3871,0.1355,0.4427,137.635,119.6398,9.3152,1.3564
135.5,4065,,0.8488,1.196,-0.0209,2.8907,1.2169,0.421,1.1819,1.0419,0.6557,0.5207,0.0763,0.8067,0.5841,0.5262,0.3863,0.135,0.4444,137.2946,119.077,8.8481,1.3585
135.533,4066,,0.8485,1.196,-0.0208,2.8903,1.2168,0.421,1.1821,1.0412,0.6559,0.5221,0.0763,0.8059,0.5823,0.5262,0.3853,0.1338,0.4458,137.0076,118.3981,8.3479,1.3624
135.567,4067,,0.849,1.1953,-0.0213,2.8872,1.2166,0.4214,1.1818,1.0412,0.6568,0.5232,0.0763,0.8063,0.5827,0.525,0.3843,0.1336,0.447,136.8319,117.7915,7.7864,1.3679
135.6,4068,,0.8489,1.1941,-0.0213,2.8823,1.2154,0.4217,1.181,1.0406,0.6571,0.5234,0.0762,0.8062,0.5823,0.5239,0.3835,0.1337,0.4472,136.7469,117.2239,7.2553,1.3752
135.633,4069,,0.8482,1.1929,-0.0213,2.8777,1.2142,0.4219,1.1803,1.0401,0.6564,0.5229,0.0763,0.8055,0.5815,0.5239,0.3837,0.1335,0.4467,136.6043,116.5448,6.6906,1.3835
135.667,4070,,0.8459,1.1916,-0.0208,2.8722,1.2124,0.4221,1.1796,1.0385,0.6533,0.5213,0.0763,0.8042,0.5815,0.5263,0.3852,0.132,0.445,136.3967,115.9948,6.3464,1.3905
135.7,4071,,0.8458,1.1909,-0.0207,2.8689,1.2116,0.4223,1.1793,1.0377,0.6539,0.522,0.0763,0.803,0.5826,0.5254,0.3838,0.1318,0.4457,136.2055,115.1523,5.5997,1.4014
135.733,4072,,0.8444,1.1897,-0.0208,2.8648,1.2106,0.4226,1.1784,1.0364,0.6523,0.5206,0.0763,0.8009,0.5819,0.526,0.3841,0.1317,0.4444,136.1657,114.6859,5.1552,1.4092
135.767,4073,,0.8424,1.1881,-0.0208,2.8581,1.2089,0.423,1.1772,1.0348,0.6499,0.5194,0.0763,0.7977,0.5811,0.5273,0.3849,0.1305,0.4431,135.9625,114.017,4.6617,1.4172
135.8,4074,,0.8414,1.1866,-0.0211,2.8528,1.2076,0.4233,1.1761,1.0339,0.6489,0.5187,0.0762,0.797,0.5813,0.5272,0.385,0.1302,0.4425,135.9653,113.3851,4.0708,1.4266
135.833,4075,,0.8405,1.1854,-0.0216,2.8492,1.2069,0.4236,1.1751,1.0331,0.6478,0.5176,0.0762,0.7968,0.5831,0.5273,0.3853,0.1302,0.4414,135.9257,112.5753,3.2841,1.4367
135.867,4076,,0.8422,1.1854,-0.0224,2.8498,1.2077,0.4238,1.1748,1.0341,0.6503,0.5183,0.0761,0.8014,0.5893,0.5245,0.3837,0.132,0.4422,135.9861,111.809,2.311,1.4511
135.9,4077,,0.8437,1.1852,-0.0227,2.8493,1.2079,0.4239,1.1742,1.0349,0.6525,0.5194,0.0761,0.8026,0.5931,0.5217,0.3823,0.1332,0.4432,135.9311,111.0516,1.447,1.4636
135.933,4078,,0.8456,1.1852,-0.0229,2.8485,1.208,0.4241,1.1737,1.036,0.6551,0.5203,0.0761,0.8026,0.5933,0.5186,0.3809,0.1349,0.4442,135.9304,110.4907,0.6894,1.4755
135.967,4079,,0.8474,1.1856,-0.0233,2.8502,1.2089,0.4241,1.1738,1.0374,0.6574,0.5211,0.0761,0.8023,0.5931,0.5164,0.38,0.1362,0.4451,135.8642,110.0226,0.0721,1.4862
136.0,4080,,0.8472,1.1852,-0.0224,2.849,1.2077,0.4239,1.1731,1.0367,0.6577,0.5206,0.0762,0.8008,0.5926,0.5154,0.379,0.1371,0.4445,135.6895,109.7503,0.3131,1.4909
136.033,4081,,0.8478,1.1859,-0.0218,2.8512,1.2077,0.4236,1.173,1.0368,0.6588,0.5218,0.0762,0.7999,0.5924,0.5142,0.378,0.1371,0.4455,135.2118,109.0042,0.9191,1.4978
136.067,4082,,0.846,1.1858,-0.0205,2.8498,1.2063,0.4233,1.173,1.0355,0.6566,0.5218,0.0763,0.7974,0.5901,0.5164,0.3789,0.1347,0.4455,134.4777,108.281,1.2346,1.5023
136.1,4083,,0.8461,1.1861,-0.0206,2.8519,1.2067,0.4231,1.173,1.0349,0.6572,0.5227,0.0763,0.7951,0.5885,0.5158,0.3777,0.1345,0.4464,134.1192,108.2498,1.2365,1.5069
136.133,4084,,0.8445,1.1859,-0.0206,2.8514,1.2065,0.4231,1.1732,1.0339,0.6551,0.5229,0.0763,0.7927,0.5855,0.5181,0.3787,0.1322,0.4466,133.4992,108.4756,0.7565,1.5118
136.167,4085,,0.843,1.1861,-0.0203,2.8525,1.2064,0.4229,1.1736,1.0328,0.6532,0.5242,0.0763,0.79,0.5832,0.5204,0.3796,0.129,0.4479,132.7392,108.5042,0.3218,1.5126
136.2,4086,,0.8422,1.1869,-0.0198,2.855,1.2067,0.4227,1.1746,1.0327,0.6517,0.5255,0.0763,0.7901,0.584,0.5229,0.381,0.1263,0.4491,132.038,108.8158,0.2968,1.5139
136.233,4087,,0.8412,1.187,-0.0199,2.8564,1.207,0.4225,1.1747,1.0324,0.65,0.527,0.0763,0.7905,0.5842,0.5246,0.3823,0.1231,0.4506,131.2478,108.8599,0.7488,1.5137
136.267,4088,,0.8398,1.1867,-0.0199,2.8561,1.2065,0.4224,1.1745,1.0315,0.6481,0.5284,0.0763,0.7886,0.584,0.5264,0.3834,0.1196,0.4521,130.4027,108.7944,1.1621,1.513
136.3,4089,,0.8388,1.1868,-0.0196,2.8572,1.2064,0.4222,1.1744,1.0309,0.6468,0.5296,0.0763,0.7876,0.5859,0.5276,0.3841,0.1172,0.4533,129.6699,108.5665,1.3147,1.511
136.333,4090,,0.8378,1.1866,-0.02,2.8583,1.2066,0.4221,1.1742,1.0305,0.6452,0.5301,0.0763,0.7877,0.5867,0.529,0.3853,0.115,0.4538,129.1414,108.5708,1.6273,1.5081
136.367,4091,,0.8365,1.1863,-0.02,2.8584,1.2063,0.422,1.1737,1.0296,0.6434,0.5304,0.0763,0.7871,0.5885,0.5303,0.3863,0.113,0.4541,128.7129,108.3009,1.7191,1.5026
136.4,4092,,0.8355,1.1857,-0.0189,2.8556,1.2046,0.4218,1.1732,1.0292,0.6418,0.5301,0.0764,0.788,0.5888,0.5314,0.3874,0.1117,0.4538,128.1991,108.3341,1.9823,1.4964
136.433,4093,,0.8351,1.1855,-0.0195,2.8555,1.2049,0.422,1.1729,1.0289,0.6412,0.5307,0.0763,0.7894,0.5888,0.5318,0.3878,0.1105,0.4543,127.881,108.5633,2.3297,1.4945
136.467,4094,,0.8337,1.1847,-0.0201,2.8539,1.2048,0.4222,1.1723,1.0273,0.64,0.5302,0.0763,0.7888,0.5908,0.5322,0.3873,0.1098,0.454,127.747,108.9313,2.7117,1.4914
136.5,4095,,0.8324,1.1844,-0.0201,2.8533,1.2045,0.4222,1.172,1.0259,0.6389,0.5295,0.0763,0.789,0.5899,0.5331,0.387,0.1094,0.4533,127.5716,108.7398,2.6156,1.4888
136.533,4096,,0.831,1.1837,-0.0201,2.8508,1.2038,0.4223,1.1712,1.0247,0.6373,0.5287,0.0763,0.7894,0.5901,0.5339,0.3874,0.1086,0.4525,127.4863,108.593,2.5841,1.4835
136.567,4097,,0.8303,1.1822,-0.0203,2.845,1.2025,0.4227,1.1699,1.0232,0.6373,0.5286,0.0763,0.7905,0.5902,0.5326,0.3859,0.1087,0.4524,127.5251,108.4861,2.4865,1.477
136.6,4098,,0.8297,1.1807,-0.0201,2.8373,1.2008,0.4232,1.1687,1.0218,0.6377,0.5288,0.0763,0.7924,0.5911,0.531,0.384,0.1089,0.4525,127.6216,108.5011,2.481,1.468
136.633,4099,,0.829,1.1786,-0.0199,2.8274,1.1984,0.4239,1.1667,1.0207,0.6374,0.5286,0.0763,0.793,0.592,0.5293,0.3833,0.1088,0.4523,127.7193,108.3455,2.3573,1.4557
136.667,4100,,0.8283,1.1755,-0.0195,2.8131,1.195,0.4248,1.1637,1.0195,0.6371,0.5286,0.0763,0.7931,0.5927,0.5266,0.3825,0.1085,0.4523,127.8133,108.3068,2.341,1.4398
136.7,4101,,0.8282,1.1725,-0.0196,2.7999,1.1922,0.4258,1.1611,1.0192,0.6373,0.5284,0.0763,0.7944,0.594,0.5239,0.3819,0.1088,0.4521,127.9546,108.5912,2.5434,1.4236
136.733,4102,,0.8279,1.1697,-0.0197,2.7871,1.1894,0.4268,1.1587,1.0185,0.6372,0.5281,0.0763,0.7955,0.5931,0.5215,0.3812,0.1091,0.4519,128.0999,108.6479,2.5876,1.409
136.767,4103,,0.8274,1.166,-0.0196,2.7701,1.1856,0.428,1.1557,1.0177,0.6371,0.5277,0.0763,0.7958,0.5912,0.5186,0.3806,0.1094,0.4514,128.2024,108.7078,2.6274,1.3936
136.8,4104,,0.8272,1.1638,-0.0188,2.7582,1.1826,0.4287,1.1538,1.0173,0.6371,0.5283,0.0764,0.7966,0.5887,0.5167,0.3802,0.1089,0.4519,128.1996,108.8605,2.8345,1.3821
136.833,4105,,0.8271,1.1621,-0.0183,2.7495,1.1804,0.4293,1.1521,1.0167,0.6375,0.5289,0.0764,0.7965,0.5871,0.5146,0.3792,0.1086,0.4525,128.2876,109.1317,3.1202,1.372
136.867,4106,,0.827,1.16,-0.0181,2.7402,1.1781,0.4299,1.15,1.0163,0.6378,0.5286,0.0764,0.7968,0.5864,0.5122,0.3785,0.1092,0.4522,128.5198,109.4113,3.3142,1.3608
136.9,4107,,0.8281,1.1582,-0.0198,2.7344,1.178,0.4308,1.148,1.0161,0.6401,0.5294,0.0763,0.797,0.5856,0.5078,0.376,0.1108,0.4531,128.7698,109.6856,3.4025,1.3543
136.933,4108,,0.8271,1.1559,-0.0196,2.7278,1.1756,0.431,1.1461,1.015,0.6392,0.5287,0.0763,0.7951,0.581,0.5069,0.3758,0.1105,0.4524,128.8919,110.0063,3.7287,1.3444
136.967,4109,,0.8264,1.1541,-0.0193,2.7196,1.1735,0.4315,1.1441,1.0141,0.6386,0.5282,0.0763,0.7926,0.578,0.5055,0.3755,0.1105,0.4518,129.0083,110.2235,3.9375,1.3377
137.0,4110,,0.8255,1.1537,-0.0193,2.7174,1.173,0.4316,1.143,1.0129,0.6382,0.5282,0.0763,0.792,0.5759,0.5047,0.3746,0.11,0.4518,129.0983,110.4217,4.14,1.3365
137.033,4111,,0.8251,1.1531,-0.0192,2.7146,1.1723,0.4319,1.1415,1.012,0.6383,0.5283,0.0763,0.7911,0.5771,0.5032,0.3737,0.1099,0.452,129.1873,110.5196,4.2266,1.3356
137.067,4112,,0.8248,1.1527,-0.0184,2.7108,1.1711,0.432,1.1407,1.0114,0.6382,0.528,0.0764,0.791,0.5775,0.5025,0.3732,0.1102,0.4516,129.2734,110.9136,4.506,1.3376
137.1,4113,,0.8236,1.152,-0.0184,2.7078,1.1704,0.4322,1.1393,1.01,0.6372,0.5276,0.0764,0.7897,0.5784,0.5021,0.3728,0.1096,0.4512,129.2842,111.0206,4.6315,1.3402
137.133,4114,,0.8225,1.1518,-0.0182,2.7063,1.17,0.4323,1.138,1.0088,0.6362,0.5275,0.0764,0.7876,0.5773,0.5017,0.3726,0.1087,0.4511,129.2187,111.0101,4.6888,1.344
137.167,4115,,0.8214,1.1515,-0.0176,2.704,1.1692,0.4324,1.1363,1.0077,0.6352,0.5265,0.0765,0.7853,0.576,0.5011,0.3725,0.1086,0.4501,129.2351,111.1667,4.8051,1.348
137.2,4116,,0.8194,1.15,-0.0171,2.698,1.1672,0.4326,1.1337,1.0061,0.6327,0.5254,0.0765,0.7818,0.5813,0.501,0.3734,0.1073,0.4489,129.2362,111.0553,4.8002,1.3511
137.233,4117,,0.8184,1.1492,-0.0168,2.6942,1.1659,0.4328,1.1322,1.0052,0.6316,0.5246,0.0765,0.7793,0.5823,0.5006,0.3736,0.107,0.4481,129.3456,110.9997,4.734,1.3553
137.267,4118,,0.8178,1.1493,-0.0166,2.6938,1.1658,0.4328,1.1314,1.0047,0.631,0.5246,0.0765,0.7793,0.581,0.5004,0.3737,0.1064,0.448,129.3318,110.8138,4.6143,1.3604
137.3,4119,,0.8165,1.1489,-0.0155,2.6909,1.1643,0.4327,1.1304,1.0033,0.6298,0.5239,0.0766,0.7771,0.5846,0.5006,0.3734,0.1059,0.4473,129.291,110.5971,4.4459,1.3637
137.333,4120,,0.8163,1.1486,-0.0154,2.6902,1.164,0.4327,1.1298,1.0029,0.6297,0.5238,0.0766,0.7765,0.5874,0.5002,0.3733,0.1059,0.4472,129.2879,110.3497,4.1921,1.3671
137.367,4121,,0.8161,1.149,-0.0153,2.6917,1.1643,0.4326,1.1293,1.0022,0.63,0.5239,0.0766,0.7764,0.5883,0.4993,0.3723,0.1061,0.4472,129.3193,109.8576,3.6848,1.3704
137.4,4122,,0.8159,1.1487,-0.0152,2.6903,1.164,0.4327,1.1284,1.0018,0.63,0.5238,0.0766,0.7767,0.5864,0.4983,0.3718,0.1062,0.4472,129.2769,109.472,3.288,1.3721
137.433,4123,,0.8158,1.1483,-0.015,2.688,1.1633,0.4328,1.1268,1.0014,0.6302,0.5233,0.0766,0.777,0.5872,0.4966,0.3712,0.107,0.4467,129.3624,109.0318,2.7773,1.3732
137.467,4124,,0.8162,1.1477,-0.0146,2.6842,1.1623,0.433,1.1257,1.0012,0.6311,0.5236,0.0767,0.7773,0.5888,0.4946,0.3701,0.1075,0.4469,129.4484,108.5445,2.22,1.373
137.5,4125,,0.8154,1.1476,-0.0137,2.6829,1.1613,0.4329,1.1249,1.0003,0.6305,0.5235,0.0767,0.7773,0.5928,0.4944,0.3698,0.107,0.4468,129.3958,107.9883,1.7538,1.3738
137.533,4126,,0.8145,1.1475,-0.0132,2.6813,1.1607,0.4329,1.1234,0.9994,0.6296,0.524,0.0767,0.7758,0.5985,0.4939,0.3698,0.1056,0.4472,129.1808,107.3714,1.3546,1.3747
137.567,4127,,0.8131,1.147,-0.0129,2.6791,1.1599,0.433,1.122,0.9985,0.6278,0.5234,0.0768,0.7759,0.6023,0.4942,0.3707,0.1044,0.4466,129.0268,106.6776,0.8536,1.3749
137.6,4128,,0.813,1.1471,-0.0132,2.68,1.1603,0.433,1.1214,0.9978,0.6283,0.5233,0.0767,0.7762,0.6085,0.4931,0.3695,0.105,0.4465,129.0911,105.9045,0.0409,1.3781
137.633,4129,,0.8134,1.1464,-0.0129,2.676,1.1593,0.4332,1.1208,0.9977,0.6291,0.5235,0.0768,0.7788,0.6151,0.4917,0.3685,0.1056,0.4467,129.1147,104.9884,0.9119,1.3791
137.667,4130,,0.8137,1.1457,-0.0125,2.6721,1.1583,0.4335,1.1203,0.9976,0.6297,0.524,0.0768,0.7831,0.6214,0.4906,0.3679,0.1057,0.4472,129.0399,103.6666,2.2086,1.3803
137.7,4131,,0.8136,1.1445,-0.0123,2.6659,1.1568,0.4339,1.1198,0.9974,0.6298,0.5243,0.0768,0.7885,0.6312,0.49,0.3676,0.1055,0.4475,128.9384,102.3582,3.4662,1.3803
137.733,4132,,0.8137,1.1433,-0.0122,2.6603,1.1555,0.4344,1.1186,0.9976,0.6298,0.5243,0.0768,0.799,0.6415,0.4888,0.3678,0.1055,0.4474,128.8823,101.1222,4.723,1.3802
137.767,4133,,0.8137,1.1418,-0.0123,2.6539,1.154,0.4349,1.1173,0.9981,0.6293,0.5242,0.0768,0.8146,0.6482,0.488,0.3688,0.1051,0.4474,128.7834,99.6887,6.0985,1.3804
137.8,4134,,0.8134,1.1395,-0.012,2.6436,1.1515,0.4356,1.1151,0.9975,0.6292,0.5236,0.0768,0.8263,0.6523,0.4859,0.3683,0.1057,0.4467,128.7905,98.3572,7.4422,1.3806
137.833,4135,,0.8127,1.139,-0.0125,2.642,1.1515,0.4359,1.113,0.9967,0.6288,0.5227,0.0768,0.8332,0.6521,0.4842,0.3679,0.106,0.4459,128.6957,96.6731,9.0786,1.3857
137.867,4136,,0.812,1.1376,-0.0132,2.6369,1.1508,0.4364,1.1112,0.9957,0.6283,0.5217,0.0768,0.8389,0.653,0.4829,0.3674,0.1066,0.4449,128.6114,95.0325,10.7273,1.3908
137.9,4137,,0.8105,1.1374,-0.0141,2.6368,1.1514,0.4367,1.1093,0.9933,0.6277,0.5211,0.0767,0.834,0.6469,0.4816,0.3656,0.1065,0.4444,128.3217,92.9362,12.631,1.4009
137.933,4138,,0.8078,1.1352,-0.0149,2.6289,1.15,0.4374,1.1062,0.9903,0.6253,0.5206,0.0767,0.829,0.6251,0.481,0.365,0.1047,0.4439,127.9443,91.5454,13.7513,1.4099
137.967,4139,,0.8045,1.1319,-0.0153,2.6174,1.1472,0.4383,1.1026,0.9866,0.6223,0.5197,0.0766,0.8168,0.5902,0.4803,0.3643,0.1026,0.4431,127.3576,90.2501,14.7731,1.4249
138.0,4140,on_ground,0.7992,1.1247,-0.018,2.5962,1.1427,0.4402,1.0964,0.9799,0.6184,0.5148,0.0764,0.8003,0.5508,0.478,0.3615,0.1036,0.4384,127.3079,88.8886,16.3835,1.4359
138.033,4141,on_ground,0.796,1.1192,-0.0195,2.5774,1.1387,0.4418,1.0915,0.9762,0.6159,0.5153,0.0763,0.7848,0.5335,0.4757,0.3604,0.1005,0.439,126.4657,87.2158,17.6444,1.4605
138.067,4142,on_ground,0.7927,1.1142,-0.0205,2.5585,1.1347,0.4435,1.0872,0.9713,0.614,0.5168,0.0762,0.7701,0.5177,0.4732,0.3573,0.0972,0.4406,125.6196,85.8481,18.6541,1.4632
138.1,4143,on_ground,0.7907,1.1086,-0.0225,2.538,1.1311,0.4457,1.0835,0.9672,0.6141,0.5196,0.0761,0.762,0.513,0.4694,0.3531,0.0945,0.4435,124.8031,84.767,19.6159,1.4572
138.133,4144,on_ground,0.7885,1.1014,-0.0243,2.5113,1.1257,0.4483,1.0778,0.9629,0.6142,0.5223,0.0759,0.7559,0.509,0.4636,0.3487,0.0919,0.4463,123.8496,83.4915,20.7162,1.4525
138.167,4145,on_ground,0.7882,1.0979,-0.0222,2.4918,1.12,0.4495,1.075,0.9616,0.6148,0.5278,0.0761,0.7529,0.5108,0.4602,0.3468,0.087,0.4517,121.9583,83.4358,20.3619,1.4401
138.2,4146,on_ground,0.7843,1.0916,-0.0229,2.4663,1.1145,0.4519,1.0701,0.9589,0.6096,0.5323,0.0761,0.7527,0.5128,0.4604,0.3493,0.0774,0.4562,118.5194,82.8331,19.7177,1.4264
138.233,4147,on_ground,0.7764,1.0854,-0.0233,2.4398,1.1087,0.4544,1.0665,0.954,0.5989,0.536,0.0761,0.7491,0.5133,0.4676,0.3551,0.0629,0.4599,114.3117,83.4234,17.3746,1.4052
138.267,4148,on_ground,0.7627,1.0779,-0.0236,2.4096,1.1016,0.4572,1.0645,0.9451,0.5803,0.5369,0.0761,0.7454,0.5117,0.4842,0.3648,0.0434,0.4607,109.7075,85.144,13.3381,1.3763
138.3,4149,on_ground,0.745,1.0708,-0.0225,2.378,1.0933,0.4598,1.0624,0.933,0.557,0.534,0.0763,0.7431,0.5123,0.5054,0.3759,0.023,0.4577,106.3713,85.9114,9.945,1.3357
138.333,4150,on_ground,0.7226,1.0724,-0.0249,2.3809,1.0972,0.4609,1.0624,0.921,0.5243,0.5289,0.076,0.7431,0.5156,0.5382,0.3967,-0.0046,0.4529,103.9768,86.163,5.9864,1.3
138.367,4151,on_ground,0.7111,1.0715,-0.0381,2.3891,1.1097,0.4645,1.061,0.9137,0.5085,0.5106,0.0748,0.751,0.5257,0.5525,0.4051,-0.002,0.4358,110.1732,88.529,3.9373,1.2632
138.4,4152,on_ground,0.703,1.0652,-0.0549,2.3798,1.1201,0.4706,1.0539,0.9084,0.4976,0.4823,0.0732,0.7609,0.5382,0.5563,0.4109,0.0153,0.409,119.7614,93.5263,1.6065,1.192
138.433,4153,on_ground,0.7095,1.0581,-0.0615,2.3422,1.1196,0.478,1.0476,0.9172,0.5018,0.4487,0.0726,0.7923,0.5661,0.5458,0.4154,0.0531,0.3761,133.5686,101.4891,0.8878,1.0947
138.467,4154,on_ground,0.7145,1.0419,-0.0607,2.2664,1.1026,0.4865,1.0318,0.9234,0.5055,0.4153,0.0728,0.8164,0.5889,0.5263,0.4179,0.0902,0.3425,144.545,107.2514,1.5939,1.0169
138.5,4155,on_ground,0.7115,1.0201,-0.0679,2.1939,1.0879,0.4959,1.0064,0.9219,0.501,0.382,0.0723,0.8361,0.6062,0.5054,0.4209,0.119,0.3096,154.1298,113.2625,3.3129,0.9546
138.533,4156,on_ground,0.7065,0.996,-0.0712,2.1075,1.0672,0.5064,0.9786,0.9171,0.496,0.3576,0.0722,0.8614,0.5974,0.4827,0.4211,0.1383,0.2855,160.9027,116.8865,4.184,0.9115
138.567,4157,on_ground,0.7063,0.9751,-0.0815,2.0421,1.0566,0.5174,0.9482,0.9178,0.4948,0.3318,0.0712,0.8996,0.6621,0.4534,0.423,0.163,0.2606,167.7273,120.931,4.9344,0.8881
138.6,4158,on_ground,0.7172,0.967,-0.0956,2.0094,1.0626,0.5288,0.9281,0.928,0.5063,0.3271,0.0697,0.9366,0.7291,0.4217,0.4217,0.1792,0.2574,168.5423,123.8678,5.6897,0.8842
138.633,4159,on_ground,0.7256,0.9794,-0.0998,2.0334,1.0792,0.5307,0.9073,0.9365,0.5147,0.3251,0.0694,0.9518,0.7371,0.3925,0.4218,0.1897,0.2557,170.0057,126.5507,6.3921,0.8955
138.667,4160,on_ground,0.7315,0.98,-0.1042,2.0274,1.0842,0.5347,0.8973,0.941,0.522,0.3269,0.069,0.959,0.7351,0.3752,0.419,0.1952,0.2579,169.9533,128.4419,7.3144,0.889
138.7,4161,on_ground,0.7369,0.9821,-0.108,2.0294,1.0901,0.5371,0.8949,0.9472,0.5266,0.3281,0.0686,0.9647,0.7365,0.3683,0.4206,0.1985,0.2595,169.8581,129.2776,7.7072,0.883
138.733,4162,on_ground,0.7393,0.9759,-0.1126,2.0114,1.0885,0.5412,0.911,0.9507,0.5279,0.3266,0.0681,0.9633,0.7363,0.3831,0.4228,0.2013,0.2585,170.2506,129.7545,7.9052,0.869
138.767,4163,on_ground,0.745,0.9966,-0.1147,2.068,1.1113,0.5374,0.9275,0.9588,0.5311,0.3293,0.068,0.9744,0.7588,0.3964,0.4276,0.2018,0.2614,171.098,130.0024,8.0881,0.88
138.8,4164,on_ground,0.7492,1.0127,-0.1159,2.1142,1.1286,0.5338,0.9392,0.9657,0.5326,0.3298,0.0679,0.9801,0.7737,0.4065,0.433,0.2029,0.2619,172.0585,130.5173,8.3862,0.8888
138.833,4165,on_ground,0.7514,1.0059,-0.119,2.0941,1.1249,0.5372,0.9599,0.97,0.5328,0.3285,0.0676,0.9708,0.7659,0.4271,0.4372,0.2043,0.261,173.7463,131.2743,8.7411,0.879
138.867,4166,on_ground,0.7564,1.0186,-0.1262,2.1353,1.1448,0.5361,0.9753,0.9764,0.5364,0.3289,0.0666,0.9607,0.7614,0.4389,0.44,0.2074,0.2623,175.6945,132.45,9.3948,0.8902
138.9,4167,on_ground,0.7583,1.0331,-0.1318,2.1846,1.1649,0.5332,0.9905,0.979,0.5377,0.3279,0.0659,0.9372,0.7407,0.4528,0.4412,0.2098,0.2621,177.3354,133.579,10.1309,0.9021
138.933,4168,on_ground,0.7591,1.0181,-0.1324,2.1432,1.1505,0.5368,0.9936,0.9791,0.539,0.3245,0.0659,0.9105,0.7123,0.4546,0.44,0.2146,0.2586,178.3965,134.857,10.786,0.8769
138.967,4169,on_ground,0.762,1.0597,-0.1312,2.2667,1.1909,0.5254,1.0169,0.9822,0.5417,0.322,0.0661,0.9037,0.7087,0.4752,0.4405,0.2197,0.256,179.1387,135.7037,11.2009,0.9157
139.0,4170,on_ground,0.7625,1.0295,-0.1325,2.1772,1.1621,0.5338,1.0127,0.9831,0.5418,0.3195,0.0659,0.8954,0.6996,0.4708,0.4413,0.2224,0.2536,178.6075,136.6583,11.8093,0.8837
139.033,4171,on_ground,0.7632,1.0328,-0.1349,2.1872,1.1676,0.5339,1.0173,0.9854,0.541,0.3175,0.0655,0.8927,0.6982,0.4763,0.4443,0.2235,0.252,178.2409,137.0939,12.1119,0.8885
139.067,4172,on_ground,0.7645,1.0385,-0.1363,2.2051,1.1748,0.5328,1.0216,0.988,0.5411,0.316,0.0653,0.8926,0.6993,0.4805,0.4469,0.2251,0.2507,177.7091,137.5085,12.3894,0.8914
139.1,4173,on_ground,0.7657,1.0439,-0.134,2.2191,1.1779,0.5308,1.0252,0.9892,0.5423,0.315,0.0657,0.8926,0.6991,0.4829,0.4469,0.2273,0.2493,177.4044,137.9268,12.5889,0.891
139.133,4174,on_ground,0.7659,1.0483,-0.1318,2.2298,1.1801,0.5292,1.028,0.9899,0.5418,0.3138,0.0661,0.8894,0.6954,0.4862,0.4482,0.228,0.2477,177.0409,138.241,12.8922,0.8898
139.167,4175,on_ground,0.7674,1.0525,-0.1298,2.2399,1.1823,0.5278,1.0309,0.9927,0.542,0.314,0.0664,0.8935,0.6998,0.489,0.4507,0.228,0.2476,176.9035,138.5433,13.1775,0.8893
139.2,4176,on_ground,0.7675,1.0537,-0.1293,2.2431,1.183,0.5274,1.0307,0.9927,0.5424,0.3139,0.0666,0.8943,0.7023,0.4883,0.4503,0.2285,0.2473,176.8861,138.9047,13.3264,0.8879
139.233,4177,on_ground,0.7685,1.058,-0.1291,2.2551,1.1871,0.5264,1.0334,0.9943,0.5428,0.314,0.0667,0.9016,0.7152,0.4906,0.4515,0.2288,0.2473,176.6254,139.187,13.5016,0.8874
139.267,4178,on_ground,0.7681,1.0618,-0.1289,2.267,1.1907,0.5252,1.0361,0.9941,0.542,0.3135,0.0668,0.9025,0.7171,0.494,0.4521,0.2286,0.2467,176.6292,139.4003,13.7259,0.8882
139.3,4179,on_ground,0.7679,1.0649,-0.1291,2.2758,1.1939,0.5246,1.0382,0.9944,0.5414,0.3125,0.0669,0.9242,0.7705,0.4968,0.4529,0.229,0.2456,176.5864,139.6231,13.886,0.8903
139.333,4180,on_ground,0.768,1.0681,-0.129,2.2849,1.1971,0.5239,1.0406,0.995,0.5411,0.3115,0.067,0.9401,0.798,0.4995,0.454,0.2295,0.2446,176.6121,139.7686,13.9889,0.8906
139.367,4181,on_ground,0.7681,1.0727,-0.1294,2.2991,1.2021,0.5228,1.0445,0.9961,0.54,0.3114,0.067,0.9521,0.8171,0.5045,0.456,0.2286,0.2444,176.6724,139.8094,14.1394,0.8923
139.4,4182,on_ground,0.7693,1.0763,-0.1292,2.3098,1.2055,0.5219,1.0476,0.9974,0.5412,0.312,0.0671,0.9646,0.846,0.5064,0.4561,0.2293,0.2449,176.6384,140.0425,14.2369,0.8931
139.433,4183,on_ground,0.7695,1.08,-0.1294,2.322,1.2094,0.5209,1.0511,0.9979,0.541,0.312,0.0671,0.9685,0.8524,0.5101,0.4569,0.229,0.2449,176.6122,139.9946,14.2386,0.8954
139.467,4184,on_ground,0.7689,1.0872,-0.1327,2.3502,1.2199,0.5191,1.0576,0.998,0.5397,0.3118,0.0666,0.9767,0.8732,0.5179,0.4583,0.228,0.2452,176.4727,140.1461,14.4212,0.9025
139.5,4185,on_ground,0.7689,1.1013,-0.1315,2.4003,1.2327,0.5136,1.0611,0.9984,0.5395,0.3118,0.0668,0.985,0.9004,0.5217,0.4589,0.2277,0.2449,176.5799,140.1504,14.3818,0.9214
139.533,4186,on_ground,0.7687,1.0945,-0.1344,2.3773,1.2289,0.5169,1.0638,0.998,0.5394,0.3112,0.0663,0.973,0.865,0.5245,0.4586,0.2281,0.2449,176.4237,140.2865,14.4558,0.91
139.567,4187,on_ground,0.7685,1.0968,-0.1348,2.386,1.2316,0.5162,1.0654,0.9977,0.5394,0.3106,0.0662,0.966,0.8368,0.5259,0.4582,0.2288,0.2444,176.4231,140.3107,14.3879,0.9137
139.6,4188,on_ground,0.7678,1.1,-0.1353,2.3975,1.2353,0.5152,1.0679,0.9976,0.5381,0.3102,0.0662,0.9727,0.8635,0.5299,0.4595,0.2279,0.244,176.3794,140.1854,14.3559,0.9162
139.633,4189,on_ground,0.7672,1.103,-0.134,2.4066,1.237,0.514,1.0699,0.9977,0.5367,0.3098,0.0664,0.9739,0.8633,0.5332,0.461,0.2269,0.2434,176.5114,140.1158,14.3838,0.9173
139.667,4190,on_ground,0.7661,1.1072,-0.1319,2.4193,1.2391,0.5122,1.0733,0.9974,0.5347,0.3094,0.0667,0.9727,0.8584,0.5386,0.4627,0.2253,0.2427,176.7343,139.9551,14.4056,0.9189
139.7,4191,on_ground,0.7654,1.1099,-0.1315,2.4287,1.2413,0.5111,1.0754,0.9975,0.5332,0.3093,0.0668,0.971,0.8539,0.5422,0.4643,0.224,0.2425,176.8746,139.7882,14.3811,0.9205
139.733,4192,on_ground,0.7655,1.1109,-0.1315,2.4323,1.2424,0.5108,1.0759,0.998,0.5329,0.3095,0.0668,0.9735,0.8612,0.543,0.4651,0.2234,0.2428,176.8706,139.6782,14.3651,0.9201
139.767,4193,on_ground,0.7647,1.1124,-0.1346,2.4413,1.247,0.5108,1.0771,0.9978,0.5317,0.3089,0.0663,0.9748,0.867,0.5454,0.4661,0.2227,0.2427,176.6744,139.7327,14.4608,0.9225
139.8,4194,on_ground,0.7656,1.1137,-0.1335,2.4437,1.2472,0.5104,1.0782,0.9988,0.5324,0.3096,0.0664,0.976,0.8676,0.5458,0.4664,0.2228,0.2432,176.7655,139.7709,14.4873,0.9232
139.833,4195,on_ground,0.7653,1.1159,-0.1354,2.4542,1.2513,0.5098,1.0798,0.9986,0.5321,0.3093,0.0661,0.9791,0.8768,0.5478,0.4665,0.2228,0.2432,176.6316,139.769,14.4939,0.9254
139.867,4196,on_ground,0.7652,1.1173,-0.1375,2.4621,1.2548,0.5097,1.081,0.9984,0.532,0.3097,0.0658,0.9823,0.8841,0.549,0.4664,0.2223,0.2439,176.4801,139.7215,14.4742,0.929
139.9,4197,on_ground,0.7649,1.1189,-0.139,2.4696,1.2579,0.5093,1.0824,0.9983,0.5315,0.3091,0.0655,0.98,0.8765,0.5509,0.4668,0.2223,0.2436,176.3736,139.7853,14.5634,0.9303
139.933,4198,on_ground,0.7658,1.1239,-0.1361,2.4835,1.2599,0.5073,1.0867,0.9994,0.5322,0.3099,0.066,0.9831,0.8878,0.5545,0.4672,0.2224,0.2439,176.5361,139.6372,14.4766,0.9336
139.967,4199,on_ground,0.7661,1.1274,-0.1344,2.4939,1.2618,0.5059,1.0897,0.9996,0.5325,0.3102,0.0662,0.9772,0.8576,0.5572,0.4671,0.2223,0.244,176.6795,139.5353,14.4448,0.935
140.0,4200,on_ground,0.7668,1.1305,-0.134,2.5045,1.2645,0.5049,1.0923,1.0003,0.5333,0.3092,0.0663,0.9748,0.8492,0.559,0.467,0.224,0.2429,176.6162,139.8363,14.5635,0.9366
140.033,4201,,0.7673,1.1332,-0.1337,2.5138,1.2669,0.504,1.0947,1.0008,0.5338,0.3091,0.0664,0.9837,0.8734,0.5609,0.467,0.2247,0.2427,176.6395,139.8449,14.5246,0.9386
140.067,4202,,0.7675,1.1362,-0.1331,2.5238,1.2693,0.5029,1.0974,1.001,0.5341,0.3089,0.0665,0.981,0.8641,0.5633,0.4668,0.2253,0.2424,176.608,139.9739,14.5471,0.9401
140.1,4203,,0.7681,1.1376,-0.1317,2.5265,1.2692,0.5024,1.0988,1.0019,0.5343,0.3088,0.0667,0.9848,0.8719,0.5645,0.4676,0.2255,0.2421,176.7164,139.9645,14.563,0.9397
140.133,4204,,0.7683,1.14,-0.1298,2.5321,1.2697,0.5014,1.1009,1.0024,0.5343,0.3087,0.067,0.984,0.8695,0.5666,0.4681,0.2256,0.2417,177.0057,139.978,14.5949,0.9406
140.167,4205,,0.7691,1.1405,-0.1289,2.5323,1.2694,0.5013,1.1013,1.0027,0.5354,0.3087,0.0672,0.9792,0.8572,0.5658,0.4672,0.2267,0.2416,177.1805,140.247,14.6691,0.94
140.2,4206,,0.7694,1.1406,-0.129,2.5327,1.2697,0.5013,1.1013,1.0027,0.536,0.3089,0.0672,0.9801,0.8629,0.5653,0.4667,0.2272,0.2417,177.3878,140.3553,14.6509,0.9397
140.233,4207,,0.7689,1.141,-0.1283,2.5329,1.2693,0.5011,1.1017,1.0025,0.5352,0.3082,0.0673,0.9818,0.8765,0.5665,0.4673,0.2269,0.241,177.5748,140.3061,14.62,0.9391
140.267,4208,,0.7687,1.1412,-0.129,2.5348,1.2703,0.5011,1.1019,1.0022,0.5352,0.3079,0.0672,0.982,0.8793,0.5667,0.467,0.2273,0.2407,177.7748,140.5147,14.637,0.9387
140.3,4209,,0.7678,1.1415,-0.1289,2.5364,1.2703,0.5009,1.1022,1.0017,0.5338,0.3076,0.0672,0.9855,0.8911,0.5683,0.4679,0.2263,0.2403,178.0506,140.5911,14.6836,0.9385
140.333,4210,,0.7673,1.1405,-0.1322,2.5368,1.2727,0.5017,1.1014,1.001,0.5335,0.3076,0.0668,0.9845,0.8863,0.5678,0.4675,0.226,0.2408,178.1369,140.8401,14.866,0.9384
140.367,4211,,0.7669,1.1402,-0.1321,2.5356,1.2723,0.5018,1.1011,1.0009,0.5329,0.3069,0.0668,0.987,0.8985,0.5682,0.468,0.2259,0.2401,178.1333,140.7545,14.8483,0.9372
140.4,4212,,0.7664,1.139,-0.134,2.5339,1.273,0.5024,1.1,1.0005,0.5324,0.3071,0.0665,0.9955,0.9179,0.5676,0.4682,0.2252,0.2406,178.0645,141.0635,15.0714,0.9438
140.433,4213,,0.7663,1.1587,-0.1333,2.6204,1.2919,0.493,1.1002,1.0006,0.5321,0.3074,0.0666,1.0024,0.9302,0.5682,0.4685,0.2247,0.2408,178.1257,140.9976,15.062,0.9643
140.467,4214,,0.7659,1.1478,-0.136,2.5818,1.2839,0.4973,1.0994,1.0,0.5317,0.3076,0.0662,1.0021,0.9244,0.5677,0.4683,0.2241,0.2414,177.9857,141.1916,15.2669,0.9553
140.5,4215,,0.7653,1.1465,-0.1361,2.5781,1.2827,0.4975,1.0988,0.9994,0.5312,0.3074,0.0662,1.0012,0.9231,0.5676,0.4683,0.2237,0.2412,178.2028,141.2823,15.3058,0.9536
140.533,4216,,0.7651,1.1373,-0.1378,2.5334,1.275,0.5033,1.0983,0.999,0.5312,0.307,0.066,0.9982,0.9141,0.5671,0.4678,0.2242,0.241,178.3458,141.6292,15.5349,0.9382
140.567,4217,,0.7645,1.1438,-0.1398,2.5726,1.2836,0.499,1.0977,0.9985,0.5306,0.3064,0.0657,1.0019,0.9214,0.5672,0.4679,0.2242,0.2407,178.503,141.673,15.6378,0.9516
140.6,4218,,0.7642,1.1546,-0.1399,2.6152,1.2945,0.495,1.0979,0.9984,0.5301,0.3059,0.0657,1.0062,0.9264,0.5679,0.4683,0.2241,0.2403,178.4513,141.7795,15.6889,0.96
140.633,4219,,0.7646,1.1796,-0.1384,2.7127,1.318,0.4859,1.0986,0.999,0.5301,0.3063,0.0659,1.0127,0.9392,0.5685,0.4689,0.2238,0.2405,178.6077,141.5594,15.5971,0.9807
140.667,4220,,0.7646,1.183,-0.1409,2.7307,1.3239,0.4848,1.0983,0.999,0.5302,0.3058,0.0655,1.015,0.9404,0.5681,0.4688,0.2244,0.2403,178.6057,141.7343,15.7471,0.987
140.7,4221,,0.7644,1.1872,-0.143,2.7517,1.3303,0.4834,1.098,0.9988,0.5299,0.3052,0.0651,1.0184,0.9424,0.5681,0.4689,0.2247,0.2401,178.6492,141.8239,15.8428,0.9942
140.733,4222,,0.7654,1.1953,-0.1409,2.7822,1.3362,0.4803,1.0991,1.0002,0.5306,0.3067,0.0654,1.0196,0.9467,0.5685,0.4695,0.2239,0.2413,178.6388,141.7779,15.8325,1.0
140.767,4223,,0.765,1.2014,-0.1419,2.8106,1.3433,0.4779,1.0996,1.0008,0.5293,0.3058,0.0651,1.02,0.9492,0.5704,0.4715,0.2235,0.2407,178.563,141.8948,15.9962,1.0091
140.8,4224,,0.7645,1.2077,-0.1429,2.8392,1.3506,0.4757,1.1,1.0004,0.5285,0.3055,0.0649,1.0199,0.9529,0.5714,0.4719,0.223,0.2406,178.4145,141.7785,16.0818,1.0154
140.833,4225,,0.7651,1.1976,-0.1438,2.7967,1.3414,0.4796,1.101,1.001,0.5291,0.3062,0.0647,1.0178,0.9481,0.5719,0.4719,0.2229,0.2415,178.2413,141.7782,16.1699,1.0057
140.867,4226,,0.7655,1.1884,-0.142,2.7564,1.3304,0.4826,1.1032,1.0017,0.5293,0.3066,0.065,1.0155,0.9434,0.574,0.4724,0.2227,0.2416,178.3127,141.7926,16.2023,0.9963
140.9,4227,,0.7654,1.1853,-0.1409,2.7432,1.3262,0.4834,1.1071,1.0018,0.529,0.3073,0.0652,1.0146,0.9417,0.5781,0.4728,0.2217,0.2422,178.3954,141.5915,16.1099,0.9929
140.933,4228,,0.7656,1.188,-0.1405,2.754,1.3285,0.4824,1.1111,1.0024,0.5287,0.3074,0.0652,1.0147,0.9427,0.5823,0.4737,0.2214,0.2421,178.2249,141.4153,16.0351,0.9943
140.967,4229,,0.7659,1.1924,-0.1396,2.7711,1.332,0.4807,1.1165,1.0032,0.5286,0.3079,0.0653,1.0155,0.945,0.5879,0.4746,0.2208,0.2425,178.2817,141.1585,15.9201,0.9982
141.0,4230,,0.7669,1.1941,-0.1382,2.7753,1.3324,0.4801,1.1217,1.0047,0.5291,0.3085,0.0656,1.0161,0.9461,0.5927,0.4756,0.2206,0.2429,178.2863,141.029,15.8898,0.9989
141.033,4231,,0.7674,1.1756,-0.1368,2.6969,1.3124,0.4866,1.1248,1.0054,0.5295,0.3097,0.0658,1.0128,0.9368,0.5953,0.4758,0.2198,0.2439,178.3826,141.0441,15.9332,0.9818
141.067,4232,,0.7679,1.1717,-0.1359,2.6805,1.3077,0.4878,1.1258,1.0059,0.5299,0.3103,0.0659,1.0115,0.9349,0.5959,0.476,0.2196,0.2444,178.3888,141.1579,15.9997,0.9789
141.1,4233,,0.7683,1.1698,-0.138,2.6747,1.3078,0.4889,1.1263,1.0063,0.5303,0.3101,0.0655,1.0109,0.9341,0.596,0.4759,0.2203,0.2446,178.2834,141.3674,16.1393,0.9784
141.133,4234,,0.769,1.1711,-0.1394,2.6808,1.3105,0.4888,1.1274,1.0072,0.5309,0.3104,0.0653,1.0108,0.9351,0.5965,0.4763,0.2205,0.2451,178.2786,141.397,16.2139,0.9809
141.167,4235,,0.7692,1.1754,-0.1398,2.6977,1.3152,0.4875,1.1271,1.0078,0.5306,0.3102,0.0652,1.0114,0.9375,0.5964,0.4772,0.2204,0.245,178.1998,141.4483,16.2921,0.9856
141.2,4236,,0.768,1.1771,-0.1405,2.7073,1.3177,0.4867,1.126,1.0072,0.5289,0.3086,0.0651,1.0129,0.938,0.5971,0.4782,0.2204,0.2434,178.1726,141.3831,16.3587,0.9909
141.233,4237,,0.7684,1.1683,-0.1391,2.6684,1.3074,0.4899,1.1267,1.008,0.5289,0.3088,0.0654,1.0118,0.9347,0.5978,0.4791,0.2201,0.2434,178.1636,141.3353,16.4276,0.9822
141.267,4238,,0.7692,1.1746,-0.1364,2.6893,1.311,0.4875,1.1282,1.0087,0.5297,0.3102,0.0658,1.014,0.9386,0.5984,0.479,0.2195,0.2444,178.3572,141.1331,16.3773,0.9868
141.3,4239,,0.7684,1.1794,-0.1376,2.7111,1.317,0.4858,1.127,1.0076,0.5291,0.3111,0.0656,1.0168,0.9406,0.5978,0.4785,0.218,0.2455,178.5974,140.7851,16.3297,0.995
141.333,4240,,0.7681,1.1927,-0.1379,2.7667,1.3306,0.4809,1.1275,1.0077,0.5284,0.3132,0.0656,1.0168,0.9475,0.5991,0.4793,0.2152,0.2477,178.5812,140.6785,16.421,1.0107
141.367,4241,,0.7684,1.2009,-0.137,2.8001,1.338,0.4778,1.1283,1.0085,0.5283,0.3203,0.0655,1.0168,0.952,0.6,0.4802,0.208,0.2548,176.9477,139.9433,16.4655,1.0256
141.4,4242,,0.7697,1.2062,-0.1346,2.8202,1.3408,0.4754,1.1282,1.0097,0.5296,0.3297,0.0656,1.0171,0.9544,0.5986,0.4801,0.1999,0.2641,174.7158,138.7936,16.4165,1.0394
141.433,4243,,0.7712,1.2125,-0.1343,2.846,1.3468,0.4732,1.128,1.0103,0.5322,0.3439,0.0654,1.0187,0.9577,0.5959,0.4781,0.1882,0.2785,170.984,136.8816,16.3849,1.057
141.467,4244,,0.7727,1.2101,-0.1324,2.8336,1.3424,0.4738,1.1268,1.0103,0.5351,0.3599,0.0654,1.0176,0.9561,0.5917,0.4752,0.1752,0.2945,166.7558,134.9655,16.4541,1.0728
141.5,4245,,0.7744,1.2109,-0.129,2.8327,1.3399,0.473,1.1257,1.0111,0.5378,0.3759,0.0655,1.0182,0.9559,0.5879,0.4733,0.1619,0.3104,161.9116,132.9339,16.4723,1.0985
141.533,4246,,0.7748,1.2124,-0.1268,2.8403,1.3392,0.4715,1.1237,1.0098,0.5397,0.391,0.0655,1.0192,0.9548,0.584,0.4702,0.1487,0.3255,156.7337,130.8391,16.3518,1.1326
141.567,4247,,0.776,1.2122,-0.1239,2.8389,1.3361,0.4706,1.1214,1.0089,0.5431,0.4008,0.0655,1.016,0.9531,0.5783,0.4658,0.1423,0.3353,152.9215,130.0792,16.4492,1.1728
141.6,4248,,0.7762,1.2196,-0.1223,2.8739,1.3419,0.4669,1.1186,1.0055,0.547,0.4134,0.0656,1.0114,0.9536,0.5716,0.4585,0.1336,0.3479,148.562,129.3712,16.6587,1.2324
141.633,4249,,0.7737,1.2029,-0.1238,2.8121,1.3267,0.4718,1.1135,0.9993,0.5482,0.424,0.0653,0.9984,0.9396,0.5653,0.4511,0.1242,0.3587,143.6483,128.8118,17.1327,1.2774
141.667,4250,,0.7671,1.1297,-0.1232,2.5388,1.2529,0.4935,1.1064,0.9879,0.5463,0.4379,0.0655,0.9562,0.8462,0.5601,0.4416,0.1084,0.3723,136.9532,127.6459,17.7448,1.2608
141.7,4251,,0.7559,1.1178,-0.1207,2.5145,1.2385,0.4925,1.0954,0.9744,0.5374,0.4455,0.0662,0.9235,0.6437,0.558,0.437,0.092,0.3792,129.7811,125.3681,17.8256,1.2513
141.733,4252,,0.7449,1.1067,-0.1153,2.4881,1.222,0.4911,1.0853,0.9621,0.5278,0.4386,0.0676,0.9169,0.819,0.5575,0.4343,0.0891,0.3711,124.0513,124.9399,17.4924,1.2501
141.767,4253,,0.715,1.0808,-0.1246,2.4463,1.2054,0.4927,1.0606,0.9335,0.4965,0.4193,0.068,0.8914,0.7994,0.5641,0.437,0.0772,0.3513,112.8062,123.3789,16.9931,1.2498
141.8,4254,,0.6946,1.0623,-0.1176,2.3993,1.1799,0.4918,1.0434,0.9124,0.4768,0.4135,0.0695,0.8671,0.7826,0.5666,0.4355,0.0633,0.344,108.6562,120.5955,16.2371,1.2312
141.833,4255,,0.6788,1.0479,-0.0986,2.3454,1.1465,0.4888,1.0299,0.8951,0.4626,0.4117,0.0724,0.8512,0.7733,0.5673,0.4325,0.0509,0.3393,105.1254,117.9832,15.2126,1.2104
141.867,4256,,0.669,1.0381,-0.0624,2.2797,1.1006,0.4828,1.0222,0.882,0.456,0.4181,0.0781,0.7987,0.5186,0.5662,0.4261,0.0378,0.34,100.896,115.3544,13.9694,1.1805
141.9,4257,,0.66,1.0264,-0.0414,2.2183,1.0678,0.4813,1.0139,0.8702,0.4497,0.4207,0.0801,0.7524,0.5074,0.5642,0.4205,0.029,0.3406,99.9642,113.061,12.6629,1.162
141.933,4258,,0.6496,1.0161,-0.0176,2.1602,1.0337,0.4786,1.0056,0.8588,0.4404,0.4217,0.0819,0.7214,0.5154,0.5652,0.4184,0.0187,0.3398,99.3526,110.4385,11.4446,1.1294
141.967,4259,,0.6336,1.0041,0.002,2.1095,1.0021,0.475,0.9943,0.8419,0.4252,0.4158,0.0827,0.6956,0.4844,0.5691,0.4167,0.0095,0.333,97.445,107.1631,9.8385,1.1119
142.0,4260,,0.6183,0.9911,0.0122,2.0643,0.979,0.4742,0.9804,0.8255,0.4112,0.4004,0.0822,0.676,0.4665,0.5692,0.4143,0.0108,0.3182,97.9702,105.337,7.7503,1.1114
142.033,4261,,0.6029,0.9791,0.0276,2.011,0.9515,0.4732,0.9682,0.8104,0.3953,0.3888,0.0823,0.6499,0.4502,0.5729,0.4151,0.0065,0.3065,97.7396,101.9758,5.2163,1.0961
142.067,4262,,0.5927,0.9705,0.0429,1.9697,0.9276,0.4709,0.9594,0.7996,0.3857,0.3814,0.0831,0.6311,0.4271,0.5737,0.4139,0.0043,0.2984,96.5205,98.5167,2.0955,1.0685
142.1,4263,,0.5817,0.963,0.0551,1.9294,0.9079,0.4705,0.9484,0.7885,0.3749,0.3764,0.0829,0.6167,0.4123,0.5735,0.4137,-0.0015,0.2935,95.2882,94.3372,0.7826,1.0473
142.133,4264,,0.5733,0.9578,0.0657,1.8984,0.8921,0.4699,0.9397,0.7812,0.3655,0.3801,0.0829,0.6066,0.4033,0.5743,0.4157,-0.0146,0.2972,91.4261,88.784,3.3337,1.0443
142.167,4265,,0.5672,0.9543,0.0703,1.8774,0.884,0.4709,0.9315,0.776,0.3584,0.3809,0.0823,0.5891,0.3925,0.5731,0.4176,-0.0225,0.2986,89.0883,85.0171,5.3714,1.0688
142.2,4266,,0.5622,0.9502,0.0722,1.8574,0.878,0.4727,0.9263,0.7718,0.3527,0.3852,0.0816,0.5697,0.382,0.5736,0.419,-0.0324,0.3035,86.0438,80.7297,7.4475,1.1144
142.233,4267,,0.556,0.9437,0.0763,1.8344,0.8674,0.4728,0.9195,0.7648,0.3471,0.3829,0.0815,0.5559,0.3834,0.5724,0.4177,-0.0358,0.3014,84.9486,79.3963,7.8821,1.1643
142.267,4268,,0.5521,0.9379,0.0719,1.8226,0.8661,0.4752,0.9136,0.76,0.3442,0.3732,0.0812,0.5454,0.4265,0.5694,0.4159,-0.029,0.2919,87.1343,80.2965,9.0073,1.1921
142.3,4269,,0.5432,0.9309,0.068,1.8074,0.8629,0.4774,0.9061,0.7534,0.333,0.3673,0.0809,0.5294,0.399,0.5731,0.4204,-0.0343,0.2863,86.6548,78.3495,10.3441,1.2258
142.333,4270,,0.5392,0.9237,0.0687,1.7858,0.8551,0.4788,0.8994,0.751,0.3274,0.364,0.0808,0.5258,0.4263,0.572,0.4236,-0.0366,0.2832,86.5835,76.1914,12.276,1.2594
142.367,4271,,0.5336,0.9125,0.0665,1.758,0.846,0.4812,0.8885,0.7494,0.3178,0.3633,0.0805,0.529,0.4816,0.5707,0.4316,-0.0455,0.2828,84.1514,73.3596,13.3121,1.2973
142.4,4272,,0.5316,0.9044,0.0675,1.7294,0.8369,0.4839,0.8816,0.7515,0.3117,0.3623,0.0801,0.5744,0.6598,0.5699,0.4398,-0.0506,0.2821,79.0527,72.1015,14.2202,1.3581
142.433,4273,,0.5325,0.8989,0.0641,1.7155,0.8348,0.4866,0.8776,0.7586,0.3065,0.3686,0.0799,0.6059,0.718,0.5712,0.4521,-0.0622,0.2887,64.1518,71.4371,14.9243,1.4607
142.467,4274,,0.5345,0.8968,0.0644,1.7095,0.8324,0.4869,0.8771,0.7669,0.3022,0.3733,0.0799,0.6425,0.7763,0.5749,0.4647,-0.0712,0.2934,62.9235,69.521,15.5215,1.4304
142.5,4275,,0.5363,0.9135,0.0627,1.7629,0.8508,0.4826,0.8778,0.7734,0.2991,0.3905,0.0799,0.678,0.8142,0.5787,0.4742,-0.0914,0.3106,60.5206,65.8434,15.8053,1.4198
142.533,4276,,0.5394,0.913,0.059,1.7675,0.8539,0.4831,0.8795,0.7818,0.2969,0.4108,0.0799,0.7007,0.8284,0.5826,0.4849,-0.1139,0.331,57.9593,62.1089,15.8668,1.3712
142.567,4277,,0.5384,0.9687,0.0523,1.966,0.9164,0.4661,0.8767,0.7867,0.2901,0.429,0.0797,0.7275,0.8643,0.5867,0.4967,-0.1389,0.3493,55.6022,57.9721,16.7843,1.3732
142.6,4278,,0.5344,1.0041,0.0466,2.1066,0.9575,0.4545,0.8726,0.7906,0.2782,0.4474,0.0796,0.7561,0.8877,0.5944,0.5124,-0.1692,0.3678,53.2402,53.4667,17.2995,1.3582
142.633,4279,,0.5241,0.9309,0.0376,1.8787,0.8933,0.4755,0.8669,0.7857,0.2626,0.4624,0.0793,0.7528,0.8539,0.6043,0.5231,-0.1998,0.3831,48.7994,50.5569,17.1707,1.1984
142.667,4280,,0.5147,0.889,0.0283,1.7673,0.8607,0.487,0.864,0.782,0.2474,0.4739,0.079,0.7388,0.8326,0.6166,0.5346,-0.2264,0.3949,45.3153,48.4862,16.5519,1.1342
142.7,4281,,0.5142,0.8856,0.0274,1.7624,0.8582,0.4869,0.8742,0.7856,0.2429,0.4879,0.079,0.7368,0.8121,0.6314,0.5427,-0.245,0.4088,42.7061,46.9237,16.5615,1.1377
142.733,4282,,0.5128,0.8976,0.0262,1.8038,0.8714,0.4831,0.8865,0.7886,0.237,0.5038,0.0791,0.7304,0.7681,0.6496,0.5516,-0.2668,0.4247,40.1629,44.9415,16.9237,1.112
142.767,4283,,0.5178,0.9121,0.0342,1.8398,0.878,0.4772,0.9007,0.7965,0.2391,0.5118,0.0796,0.7179,0.739,0.6616,0.5575,-0.2727,0.4322,39.2625,44.43,17.2356,1.1234
142.8,4284,,0.5281,0.9288,0.0403,1.8838,0.8885,0.4717,0.9168,0.8094,0.2469,0.509,0.0799,0.7083,0.7243,0.6699,0.5625,-0.2621,0.429,38.2434,47.2883,17.2576,1.1569
142.833,4285,,0.5418,0.944,0.0453,1.9243,0.8987,0.467,0.9318,0.8266,0.2569,0.5044,0.0802,0.7008,0.718,0.6749,0.5697,-0.2475,0.4243,37.726,50.0857,17.0516,1.181
142.867,4286,,0.5579,0.9556,0.0503,1.954,0.9053,0.4633,0.9438,0.8474,0.2684,0.5037,0.0804,0.6953,0.7058,0.6753,0.579,-0.2353,0.4233,37.1684,52.5984,16.6721,1.2052
142.9,4287,,0.5742,0.9666,0.0556,1.9845,0.911,0.459,0.9549,0.8643,0.2841,0.5008,0.0805,0.6887,0.6871,0.6708,0.5801,-0.2166,0.4203,38.0154,55.2003,16.3514,1.2351
142.933,4288,,0.5947,0.9774,0.0609,2.0107,0.9165,0.4558,0.9641,0.8829,0.3065,0.4953,0.0806,0.6932,0.6653,0.6577,0.5765,-0.1888,0.4147,39.6957,58.4702,15.9691,1.2656
142.967,4289,,0.6101,0.9844,0.0655,2.027,0.9189,0.4533,0.9709,0.8951,0.3251,0.4883,0.0806,0.6988,0.6477,0.6458,0.57,-0.1632,0.4077,41.1187,61.5198,15.8175,1.2881
143.0,4290,,0.624,0.9874,0.0712,2.0309,0.9162,0.4511,0.9728,0.9026,0.3455,0.4784,0.0807,0.701,0.5987,0.6273,0.5571,-0.1329,0.3977,43.5296,65.4265,15.196,1.3087
143.033,4291,,0.635,0.9859,0.0766,2.0229,0.9094,0.4495,0.9708,0.9065,0.3636,0.4679,0.0806,0.7039,0.5703,0.6072,0.5429,-0.1043,0.3872,46.4053,69.6343,14.3824,1.2853
143.067,4292,,0.6439,0.9828,0.0788,2.0114,0.9041,0.4495,0.9632,0.9067,0.3812,0.4596,0.0805,0.7017,0.5521,0.582,0.5254,-0.0784,0.3791,50.9469,73.0846,13.8434,1.2142
143.1,4293,,0.6493,0.9789,0.069,2.0155,0.9099,0.4514,0.9789,0.9053,0.3933,0.4531,0.0803,0.6962,0.5374,0.5856,0.512,-0.0598,0.3728,56.9939,76.0307,12.7312,1.1772
143.133,4294,,0.6507,0.9781,0.0588,2.0281,0.9193,0.4533,0.9781,0.9023,0.3991,0.4468,0.0802,0.6925,0.5333,0.579,0.5032,-0.0477,0.3666,60.8929,79.8356,10.3019,1.1617
143.167,4295,,0.6523,0.9758,0.0502,2.033,0.9256,0.4553,0.9758,0.8961,0.4085,0.4363,0.0801,0.6882,0.5306,0.5673,0.4876,-0.0277,0.3562,67.4593,85.7214,7.5582,1.1544
143.2,4296,,0.6672,0.985,0.0355,2.073,0.9496,0.4581,0.985,0.8984,0.4359,0.4202,0.0798,0.6932,0.5347,0.5492,0.4626,0.0156,0.3404,77.6342,95.6878,7.2072,1.1993
143.233,4297,,0.6928,1.0005,0.013,2.1374,0.9875,0.462,1.0005,0.9092,0.4765,0.4126,0.0789,0.7102,0.5481,0.524,0.4327,0.0639,0.3337,90.7388,108.6326,6.1158,1.2671
143.267,4298,,0.7197,0.974,-0.0065,2.0563,0.9805,0.4768,0.974,0.9195,0.5198,0.4199,0.0778,0.7278,0.5584,0.4542,0.3998,0.0999,0.342,99.6221,115.2883,8.3925,1.263
143.3,4299,,0.746,0.9844,-0.0293,2.103,1.0138,0.4821,0.9844,0.9357,0.5563,0.4323,0.0763,0.7406,0.5731,0.4281,0.3794,0.124,0.356,106.7177,123.4846,7.449,1.3041
143.333,4300,,0.7737,1.007,-0.0462,2.1874,1.0533,0.4815,1.007,0.9538,0.5936,0.4432,0.075,0.7535,0.5877,0.4134,0.3602,0.1504,0.3682,113.8166,132.2567,5.824,1.3634
143.367,4301,,0.8107,1.0165,-0.0583,2.2262,1.0748,0.4828,,0.9741,0.6474,0.4522,0.0739,0.763,0.597,,0.3267,0.1952,0.3783,122.3423,141.897,4.5157,1.4023
143.4,4302,,0.8447,1.0422,-0.068,2.3216,1.1102,0.4782,,0.994,0.6954,0.4587,0.0729,0.7712,0.605,,0.2987,0.2367,0.3858,128.4833,148.187,4.2357,1.4833
143.433,4303,,0.883,1.0704,-0.0748,2.4239,1.1452,0.4724,,1.0239,0.7422,0.4695,0.0721,0.7835,0.6193,,0.2817,0.2727,0.3973,132.0399,150.4511,5.1176,1.6412
143.467,4304,,0.9239,1.1019,-0.075,2.5388,1.1768,0.4635,,1.0606,0.7873,0.4788,0.0721,0.799,0.6301,,0.2733,0.3085,0.4066,136.3652,152.3459,6.3556,1.7622
143.5,4305,,0.9686,1.1399,-0.0644,2.673,1.2043,0.4505,,1.1072,0.8301,0.4852,0.0734,0.8293,0.6591,,0.2771,0.3449,0.4119,142.0802,155.7686,6.4943,1.8673
143.533,4306,,1.0029,1.1734,-0.0509,2.8028,1.2243,0.4368,,1.1509,0.8548,0.4863,0.0748,0.8703,0.7606,,0.2961,0.3685,0.4115,146.6529,158.2346,7.0668,1.9578
143.567,4307,,1.0391,1.203,-0.0376,2.9244,1.2406,0.4242,,1.1914,0.8869,0.4944,0.0761,0.9095,0.7668,,0.3044,0.3925,0.4183,152.5183,161.1753,7.779,2.0687
143.6,4308,,1.0625,1.2191,0.0024,2.9868,1.2167,0.4074,,1.2142,0.9108,0.4944,0.0794,0.936,0.7768,,0.3035,0.4164,0.415,158.193,164.5245,9.05,2.1205
143.633,4309,,1.0759,1.239,0.0468,3.0554,1.1922,0.3902,,1.2349,0.9169,0.4946,0.0819,0.9586,0.7813,,0.318,0.4223,0.4128,160.0638,166.2973,10.0728,2.1471
143.667,4310,,1.0981,1.2689,0.0738,3.2045,1.1951,0.3729,,1.258,0.9382,0.5029,0.083,0.9859,0.7876,,0.3198,0.4353,0.4199,162.1538,166.1624,11.0706,2.161
143.7,4311,,1.1058,1.2876,0.0678,3.3744,1.2198,0.3615,,1.2732,0.9385,0.5125,0.0837,1.0027,0.8579,,0.3347,0.4261,0.4287,163.978,166.2601,11.4471,2.1379
143.733,4312,,1.1187,1.3076,0.051,3.5354,1.2566,0.3554,,1.2926,0.9448,0.5187,0.0845,1.0193,0.8587,,0.3478,0.4261,0.4342,166.2019,166.544,11.6358,2.1152
143.767,4313,,1.131,1.3297,0.04,3.6999,1.2896,0.3486,,1.3113,0.9507,0.5232,0.0859,1.0354,0.8782,,0.3606,0.4275,0.4373,169.3581,166.5648,12.2869,2.0681
143.8,4314,,1.1373,1.4512,0.0313,4.5352,1.4199,0.3131,1.4512,1.3262,0.9485,0.5249,0.0878,1.047,0.8898,0.5027,0.3777,0.4236,0.4371,172.3928,166.0055,12.8435,2.1259
143.833,4315,,1.1442,1.4599,0.0202,4.635,1.4397,0.3106,1.4494,1.3402,0.9482,0.524,0.0893,1.0516,0.8867,0.5012,0.392,0.4242,0.4346,175.5228,165.4976,13.5422,2.0499
143.867,4316,,1.1341,1.4666,-0.0003,4.7626,1.4669,0.308,1.4666,1.3392,0.929,0.5138,0.0902,1.0501,0.8739,0.5375,0.4102,0.4153,0.4236,179.0419,164.9372,13.9782,1.9786
143.9,4317,,1.1221,1.4656,-0.0275,4.8459,1.4931,0.3081,1.4598,1.3402,0.9041,0.5013,0.0892,1.0449,0.8546,0.5557,0.4361,0.4028,0.4121,176.3819,164.122,13.6467,1.9626
143.933,4318,,1.1168,1.4697,-0.0427,4.931,1.5123,0.3067,1.4641,1.3423,0.8914,0.4973,0.0882,1.0451,0.8407,0.5727,0.4509,0.3941,0.4091,173.6214,164.0816,13.4777,1.9975
143.967,4319,,1.1118,1.4703,-0.0513,4.9696,1.5216,0.3062,1.4652,1.3446,0.8791,0.4924,0.0876,1.0475,0.8269,0.5861,0.4655,0.3867,0.4048,172.0206,163.7089,13.1622,2.0482
144.0,4320,,1.111,1.4628,-0.0505,4.8894,1.5133,0.3095,1.4628,1.3459,0.8762,0.4876,0.0876,1.0543,0.8224,0.5866,0.4697,0.3885,0.4001,171.106,163.9087,12.6216,2.0684
144.033,4321,,1.113,1.4659,-0.0499,4.9164,1.5158,0.3083,1.4659,1.3475,0.8786,0.4877,0.0874,1.0572,0.8169,0.5874,0.4689,0.3909,0.4003,169.8069,164.576,12.1649,2.1194
144.067,4322,,1.1139,1.4715,-0.0498,4.9873,1.5213,0.305,1.4677,1.3481,0.8796,0.487,0.0871,1.0647,0.8137,0.5881,0.4685,0.3926,0.3999,169.6169,165.2927,11.2372,2.0879
144.1,4323,,1.1194,1.4698,-0.0511,4.9781,1.5208,0.3055,1.4665,1.349,0.8899,0.4902,0.0862,1.0692,0.8043,0.5766,0.4591,0.3997,0.404,169.1694,166.6485,10.9935,2.0447
144.133,4324,,1.1213,1.464,-0.0508,4.9289,1.5148,0.3073,1.4621,1.3501,0.8925,0.4958,0.0851,1.0779,0.8065,0.5695,0.4576,0.3967,0.4107,170.055,166.6572,10.8509,2.0419
144.167,4325,,1.1237,1.4591,-0.0534,4.8894,1.5125,0.3093,1.4579,1.3501,0.8972,0.4997,0.0835,1.0844,0.8087,0.5607,0.453,0.3975,0.4162,172.1157,168.5838,10.0524,2.0758
144.2,4326,,1.1261,1.4551,-0.058,4.8617,1.5132,0.3112,1.4551,1.3506,0.9015,0.4993,0.0818,1.0894,0.812,0.5536,0.4491,0.4023,0.4175,173.938,169.6334,9.2592,2.1217
144.233,4327,,1.1275,1.4541,-0.0643,4.8477,1.5184,0.3132,1.4541,1.3539,0.9011,0.5007,0.0798,1.0965,0.8237,0.553,0.4528,0.4004,0.4209,174.9914,170.1917,8.1571,2.136
144.267,4328,,1.1292,1.4549,-0.0673,4.8344,1.5222,0.3149,1.454,1.3555,0.9029,0.5057,0.0784,1.1033,0.8365,0.5511,0.4526,0.3972,0.4273,175.4319,171.2104,7.5724,2.1582
144.3,4329,,1.1319,1.4565,-0.0696,4.8389,1.526,0.3154,1.4549,1.357,0.9068,0.5115,0.0774,1.1098,0.8448,0.5481,0.4503,0.3953,0.4342,175.0226,172.0749,7.243,2.1852
144.333,4330,,1.1351,1.4581,-0.071,4.8448,1.5291,0.3156,1.4559,1.3603,0.9098,0.5165,0.0768,1.1148,0.8507,0.5461,0.4505,0.3933,0.4397,174.2672,173.0929,6.9787,2.2238
144.367,4331,,1.1413,1.46,-0.071,4.8531,1.531,0.3155,1.4574,1.3647,0.9179,0.5231,0.0765,1.1187,0.8542,0.5395,0.4468,0.3948,0.4466,172.7714,171.6513,7.3856,2.2524
144.4,4332,,1.1469,1.4621,-0.0712,4.8623,1.5333,0.3154,1.4591,1.3695,0.9242,0.5292,0.0762,1.1214,0.8585,0.5349,0.4453,0.395,0.453,172.2487,171.4078,7.3423,2.2764
144.433,4333,,1.152,1.4662,-0.0679,4.8763,1.5341,0.3146,1.4662,1.3752,0.9288,0.5387,0.0764,1.1249,0.8644,0.5374,0.4464,0.3901,0.4623,171.2029,170.1589,7.5478,2.3138
144.467,4334,,1.1523,1.4703,-0.0681,4.9102,1.5384,0.3133,1.4703,1.3774,0.9271,0.5415,0.0764,1.1274,0.8653,0.5432,0.4503,0.3856,0.4651,169.0301,167.7582,7.815,2.3405
144.5,4335,,1.1549,1.4779,-0.0667,4.9614,1.5446,0.3113,1.4779,1.3825,0.9274,0.5484,0.0765,1.13,0.8685,0.5505,0.4551,0.379,0.4719,167.6852,166.3108,8.0357,2.3941
144.533,4336,,1.1556,1.4855,-0.0679,5.0256,1.5534,0.3091,1.4855,1.3863,0.9249,0.5494,0.0764,1.1324,0.8707,0.5606,0.4613,0.3755,0.473,166.191,164.9352,8.221,2.444
144.567,4337,,1.1581,1.4936,-0.0677,5.0962,1.5613,0.3064,1.4936,1.3913,0.9249,0.5498,0.0764,1.1365,0.8737,0.5688,0.4664,0.3751,0.4734,165.0754,163.5618,8.7162,2.5102
144.6,4338,,1.1592,1.5049,-0.0659,5.1943,1.5708,0.3024,1.5028,1.3962,0.9223,0.5471,0.0765,1.141,0.8778,0.5805,0.4739,0.3752,0.4706,164.6603,163.2815,8.7913,2.6068
144.633,4339,,1.1627,1.5173,-0.0612,5.3053,1.5785,0.2975,1.5167,1.4036,0.9217,0.5433,0.0769,1.1512,0.8866,0.595,0.4819,0.3785,0.4664,164.3173,162.5135,9.3197,2.7479
144.667,4340,,1.1693,1.5309,-0.0564,5.429,1.5873,0.2924,1.5205,1.413,0.9256,0.5388,0.0774,1.1621,0.8971,0.5949,0.4874,0.3868,0.4614,163.9982,161.2212,10.2092,2.9324
144.7,4341,,1.1766,1.5492,-0.0509,5.5998,1.6,0.2857,1.5361,1.4233,0.9299,0.5334,0.0779,1.1702,0.9043,0.6062,0.4934,0.3965,0.4556,163.9374,159.9077,11.3015,3.1637
144.733,4342,,1.1824,1.5657,-0.0447,5.7633,1.6104,0.2794,1.5514,1.4335,0.9313,0.5279,0.0783,1.1832,0.9252,0.6201,0.5022,0.4034,0.4496,164.051,158.2367,12.69,3.5393
144.767,4343,,1.189,1.5791,-0.0388,5.8991,1.6179,0.2743,1.5674,1.4422,0.9357,0.5233,0.0787,1.1924,0.9375,0.6317,0.5065,0.4124,0.4446,164.2046,156.5081,14.3219,3.3834
144.8,4344,,1.1981,1.5955,-0.0362,6.0573,1.6317,0.2694,1.5847,1.4526,0.9436,0.5218,0.0788,1.2,0.9467,0.6411,0.509,0.4218,0.443,164.7788,155.1635,15.8928,3.2721
144.833,4345,,1.2056,1.6105,-0.0378,6.2068,1.6483,0.2656,1.5994,1.4648,0.9464,0.5241,0.0785,1.2087,0.9203,0.653,0.5184,0.4223,0.4456,164.9568,153.9208,17.2205,3.1866
144.867,4346,,1.2111,1.6272,-0.0406,6.38,1.6679,0.2614,1.6152,1.4745,0.9477,0.5248,0.0781,1.2164,0.921,0.6674,0.5268,0.4229,0.4467,165.4049,153.3862,18.1488,3.0959
144.9,4347,,1.2155,1.6392,-0.0444,6.5084,1.6835,0.2587,1.6267,1.4822,0.9488,0.525,0.0776,1.2204,0.9187,0.6779,0.5334,0.4238,0.4474,165.7219,153.0632,18.8803,3.0074
144.933,4348,,1.22,1.6464,-0.0479,6.5809,1.6943,0.2575,1.6338,1.489,0.9511,0.527,0.0772,1.2248,0.9098,0.6827,0.5379,0.4241,0.4498,165.6611,152.668,19.6138,2.9091
144.967,4349,,1.2224,1.6521,-0.053,6.6407,1.7051,0.2568,1.6393,1.4941,0.9507,0.5283,0.0767,1.2286,0.902,0.6886,0.5434,0.4224,0.4516,165.6119,152.3009,20.2587,2.8257
145.0,4350,,1.2226,1.6544,-0.0553,6.6667,1.7097,0.2564,1.6411,1.4959,0.9492,0.528,0.0764,1.2308,0.8884,0.6919,0.5467,0.4212,0.4516,165.8396,152.34,20.7705,2.7452
145.033,4351,,1.2205,1.6581,-0.0603,6.7178,1.7184,0.2558,1.644,1.4954,0.9455,0.5251,0.0758,1.2291,0.8723,0.6984,0.5499,0.4205,0.4492,166.8206,153.4871,21.112,2.6944
145.067,4352,,1.2142,1.6544,-0.066,6.6972,1.7204,0.2569,1.6399,1.4895,0.939,0.5187,0.0752,1.2225,0.8473,0.7009,0.5505,0.4203,0.4435,168.2938,156.0744,20.7248,2.6619
145.1,4353,,1.2043,1.6501,-0.0707,6.6666,1.7208,0.2581,1.6351,1.4801,0.9285,0.5121,0.0746,1.2032,0.9595,0.7066,0.5516,0.4164,0.4375,169.3356,158.662,20.179,2.6517
145.133,4354,,1.1922,1.6446,-0.0767,6.6295,1.7213,0.2596,1.6289,1.4689,0.9155,0.5021,0.0738,1.1855,0.9394,0.7134,0.5534,0.4134,0.4283,170.1331,162.8654,18.6373,2.6631
145.167,4355,,1.1784,1.638,-0.0813,6.5841,1.7194,0.2611,1.6211,1.4567,0.9,0.4867,0.0731,1.1668,0.9162,0.7211,0.5567,0.4133,0.4136,170.026,167.4559,16.7153,2.6872
145.2,4356,,1.1593,1.6281,-0.0893,6.5136,1.7174,0.2637,1.6103,1.4357,0.8829,0.4705,0.0718,1.0597,0.7414,0.7273,0.5527,0.4124,0.3987,168.8399,170.5974,14.6251,2.7697
145.233,4357,,1.1394,1.6163,-0.1014,6.4307,1.7176,0.2671,1.5976,1.4154,0.8633,0.4526,0.0696,1.1243,0.8648,0.7343,0.5521,0.4108,0.383,167.2344,171.0783,12.5891,2.9811
145.267,4358,,1.119,1.6049,-0.1031,6.3229,1.708,0.2701,1.5852,1.3976,0.8404,0.4354,0.0688,1.1068,0.8422,0.7448,0.5572,0.405,0.3666,165.4794,172.4299,10.5398,3.2583
145.3,4359,,1.1024,1.6083,-0.0977,6.3442,1.706,0.2689,1.5803,1.3868,0.818,0.4251,0.0688,1.0916,0.8213,0.7622,0.5688,0.3929,0.3562,162.2061,175.47,8.946,3.5766
145.333,4360,,1.0989,1.6025,-0.0843,6.2362,1.6868,0.2705,1.5731,1.384,0.8138,0.4174,0.0702,1.0835,0.8069,0.7593,0.5702,0.3964,0.3473,157.864,173.9135,7.8099,3.5072
145.367,4361,,1.0927,1.5989,-0.0653,6.1401,1.6642,0.271,1.5665,1.3802,0.8053,0.4106,0.0723,1.0774,0.7931,0.7611,0.5748,0.3947,0.3383,157.0707,173.4745,6.8904,3.4335
145.4,4362,,1.0894,1.5971,-0.0379,6.0369,1.635,0.2708,1.562,1.3795,0.7994,0.3993,0.0752,1.0797,0.8069,0.7626,0.5801,0.4,0.3241,157.8854,172.0989,6.0477,3.3907
145.433,4363,,1.09,1.5965,-0.0089,5.9265,1.6054,0.2709,1.5607,1.383,0.797,0.3917,0.0779,1.0891,0.8204,0.7637,0.586,0.4054,0.3138,159.2242,170.0795,5.284,3.3695
145.467,4364,,1.0979,1.5988,0.0293,5.813,1.5696,0.27,1.562,1.3903,0.8054,0.4008,0.0808,1.1051,0.8358,0.7566,0.585,0.4046,0.32,165.0465,169.3285,5.0303,3.3436
145.5,4365,,1.1139,1.6076,0.078,5.7146,1.5297,0.2677,1.5701,1.4069,0.8209,0.4184,0.0832,1.128,0.8605,0.7491,0.586,0.4025,0.3352,171.098,168.9313,5.0678,3.0856
145.533,4366,,1.1227,1.6102,0.0495,5.6659,1.5607,0.2754,1.5658,1.4175,0.828,0.4258,0.0842,1.1469,0.8805,0.7378,0.5895,0.4021,0.3416,175.4301,168.9355,5.2572,2.9336
145.567,4367,,1.1288,1.6085,0.0096,5.6081,1.5988,0.2851,1.5721,1.424,0.8337,0.4297,0.0839,1.1618,0.8949,0.7384,0.5903,0.404,0.3458,177.1071,168.7387,5.4685,2.7697
145.6,4368,,1.1356,1.6048,-0.0293,5.5301,1.6341,0.2955,1.5647,1.4269,0.8444,0.4382,0.0821,1.1725,0.9034,0.7203,0.5825,0.4062,0.356,177.2593,168.3067,5.9172,2.6189
145.633,4369,,1.1383,1.5977,-0.066,5.4221,1.6637,0.3068,1.5629,1.4254,0.8511,0.4434,0.0794,1.1744,0.9077,0.7118,0.5742,0.4078,0.364,177.1528,167.8287,5.9944,2.4335
145.667,4370,,1.1296,1.5914,-0.0844,5.3307,1.6758,0.3144,1.555,1.4166,0.8426,0.4353,0.0772,1.1715,0.9014,0.7124,0.5741,0.4073,0.3581,175.654,167.4209,5.3789,2.2824
145.7,4371,,1.1107,1.5803,-0.0928,5.1952,1.6731,0.322,1.5454,1.4036,0.8178,0.4026,0.076,1.1637,0.8944,0.7276,0.5858,0.4152,0.3266,174.3718,166.6916,4.8798,2.1291
145.733,4372,,1.0901,1.5676,-0.0863,5.0468,1.6538,0.3277,1.5348,1.3932,0.7869,0.3717,0.0765,1.1541,0.8856,0.7479,0.6063,0.4152,0.2952,173.8643,166.3014,4.4962,1.9713
145.767,4373,,1.0764,1.5524,-0.0766,4.9034,1.6289,0.3322,1.5218,1.3821,0.7707,0.3454,0.0773,1.1377,0.8702,0.7511,0.6114,0.4253,0.2681,175.7772,166.565,3.8332,1.8294
145.8,4374,,1.0743,1.5427,-0.0668,4.7929,1.6095,0.3358,1.5148,1.3771,0.7715,0.3421,0.0781,1.1295,0.8644,0.7433,0.6056,0.4294,0.264,177.2058,167.3182,3.813,1.7343
145.833,4375,,1.0792,1.5426,-0.0503,4.7271,1.5928,0.337,1.5142,1.3803,0.7782,0.345,0.0796,1.1309,0.8689,0.736,0.6021,0.4332,0.2654,178.1045,167.7335,3.8542,1.6738
145.867,4376,,1.0812,1.5433,-0.0311,4.6724,1.5744,0.337,1.5145,1.3819,0.7804,0.3517,0.0809,1.1336,0.8702,0.7341,0.6015,0.4287,0.2708,178.6716,168.3028,4.1011,1.6237
145.9,4377,,1.0788,1.542,-0.0125,4.6112,1.5545,0.3371,1.5136,1.3806,0.7769,0.3499,0.0812,1.1326,0.8755,0.7366,0.6037,0.4271,0.2686,173.5299,168.3284,4.5793,1.5808
145.933,4378,,1.086,1.5469,0.0215,4.5394,1.5254,0.336,1.5197,1.3893,0.7828,0.356,0.0824,1.1428,0.8916,0.7369,0.6064,0.4268,0.2736,167.6923,168.0737,5.2209,1.5529
145.967,4379,,1.1003,1.555,0.0664,4.462,1.4886,0.3336,1.5265,1.4028,0.7979,0.3703,0.0831,1.1592,0.9072,0.7287,0.605,0.4275,0.2872,164.6127,167.81,5.685,1.5294
146.0,4380,,1.1139,1.5628,0.0516,4.4577,1.5112,0.339,1.5312,1.4119,0.8159,0.3944,0.0826,1.1716,0.9198,0.7152,0.5959,0.4216,0.3117,163.7533,167.1896,6.0304,1.5257
146.033,4381,,1.1274,1.5671,-0.0036,4.4557,1.5708,0.3525,1.536,1.4208,0.8341,0.4121,0.0802,1.1828,0.9343,0.702,0.5867,0.422,0.3319,164.3532,167.1661,6.0396,1.5883
146.067,4382,,1.1418,1.5739,-0.064,4.4654,1.6379,0.3668,1.5418,1.4297,0.854,0.425,0.0752,1.1981,0.9519,0.6878,0.5757,0.429,0.3498,165.557,167.4451,6.0063,1.6749
146.1,4383,,1.1517,1.5777,-0.1146,4.4509,1.6923,0.3802,1.5455,1.4355,0.8678,0.4348,0.0702,1.2092,0.9625,0.6777,0.5677,0.433,0.3646,168.41,167.8154,5.8528,1.7589
146.133,4384,,1.154,1.5749,-0.1532,4.3945,1.7282,0.3933,1.5445,1.4373,0.8708,0.4321,0.0668,1.2132,0.9688,0.6737,0.5665,0.4387,0.3653,171.0471,167.577,5.4881,1.8312
146.167,4385,,1.1495,1.5672,-0.1743,4.3132,1.7415,0.4038,1.5374,1.4337,0.8654,0.429,0.0656,1.2086,0.9666,0.672,0.5683,0.4364,0.3634,172.9317,167.0102,4.7087,1.8822
146.2,4386,,1.139,1.5593,-0.195,4.2421,1.7543,0.4135,1.5295,1.4245,0.8536,0.4158,0.0633,1.1998,0.9555,0.676,0.5709,0.4378,0.3525,172.193,166.3149,3.6959,1.9713
146.233,4387,,1.1248,1.5524,-0.2079,4.1754,1.7603,0.4216,1.5203,1.4101,0.8394,0.3951,0.0615,1.1852,0.9386,0.6809,0.5707,0.4443,0.3336,170.7213,165.5758,2.7796,2.0943
146.267,4388,,1.1066,1.5443,-0.2137,4.1054,1.7579,0.4282,1.5116,1.395,0.8182,0.3685,0.0608,1.1643,0.9172,0.6934,0.5768,0.4497,0.3077,169.5875,164.7146,2.3791,2.2221
146.3,4389,,1.0893,1.543,-0.2105,4.0661,1.7535,0.4312,1.5104,1.3836,0.7949,0.3513,0.0617,1.1457,0.9001,0.7155,0.5887,0.4436,0.2896,173.9158,164.3503,2.1929,2.3553
146.333,4390,,1.081,1.5466,-0.1952,4.0353,1.7418,0.4316,1.5145,1.3788,0.7832,0.3323,0.0646,1.1343,0.8823,0.7313,0.5956,0.4509,0.2677,167.6407,165.268,2.4461,2.4524
146.367,4391,,1.0958,1.5614,-0.1466,4.0019,1.708,0.4268,1.5318,1.3973,0.7943,0.3435,0.0723,1.1476,0.8789,0.7375,0.603,0.4507,0.2712,163.2336,167.3907,2.773,2.4394
146.4,4392,,1.0951,1.5618,-0.1347,3.9636,1.6965,0.428,1.5303,1.401,0.7892,0.3185,0.0731,1.1392,0.8545,0.7411,0.6118,0.4707,0.2453,151.8161,170.4133,2.7282,2.2947
146.433,4393,,1.0997,1.5618,-0.1171,3.9181,1.6789,0.4285,1.5297,1.4041,0.7954,0.3199,0.0739,1.1348,0.8383,0.7343,0.6086,0.4755,0.246,147.0103,173.3278,2.9487,2.2127
146.467,4394,,1.1022,1.5647,-0.0887,3.8657,1.6534,0.4277,1.5301,1.4094,0.7949,0.3229,0.0752,1.1389,0.8348,0.7352,0.6145,0.472,0.2477,145.4703,175.0263,3.7687,2.0934
146.5,4395,,1.1126,1.5716,-0.0496,3.8095,1.6212,0.4256,1.5367,1.4194,0.8059,0.3275,0.0783,1.149,0.8387,0.7307,0.6134,0.4784,0.2492,145.2022,175.9263,4.194,1.9731
146.533,4396,,1.1684,1.6118,0.08,3.7584,1.5318,0.4076,1.5727,1.4649,0.8719,0.4025,0.08,1.2077,0.9086,0.7009,0.5931,0.4693,0.3225,168.5378,177.4176,4.6345,1.8742
146.567,4397,,1.1486,1.5993,0.08,3.6843,1.5193,0.4124,1.5593,1.4492,0.8481,0.3722,0.08,1.1911,0.8863,0.7113,0.6012,0.4758,0.2922,165.7431,178.5268,4.9424,1.7831
146.6,4398,,1.0905,1.564,0.08,3.5567,1.484,0.4172,1.5216,1.4064,0.7747,0.2791,0.08,1.1385,0.824,0.7469,0.6317,0.4956,0.1991,156.6977,178.0815,5.204,1.6573
146.633,4399,,0.9755,1.494,0.0,3.4177,1.494,0.4371,1.4458,1.3216,0.6294,0.1117,,1.0413,0.7062,0.8164,0.6922,0.5177,,,178.6596,5.5989,1.5477
146.667,4400,,0.9692,1.495,0.0,3.3497,1.495,0.4463,1.4492,1.3208,0.6177,0.1135,,1.0498,0.7244,0.8316,0.7031,0.5041,,,177.3453,5.6997,1.5421
146.7,4401,,0.9529,1.49,0.0,3.271,1.49,0.4555,1.444,1.3142,0.5917,0.0884,,1.046,0.7308,0.8523,0.7225,0.5033,,,176.2403,5.809,1.5186
146.733,4402,,0.9295,1.4763,0.0,3.167,1.4763,0.4662,1.4297,1.2971,0.5619,0.0719,,1.0297,0.7175,0.8678,0.7352,0.49,,,173.0591,5.6013,1.4905
146.767,4403,,0.9076,1.4604,0.0,3.0577,1.4604,0.4776,1.4153,1.278,0.5373,0.061,,1.0088,0.6998,0.878,0.7407,0.4763,,,170.3624,5.5468,1.4541
146.8,4404,,0.8797,1.4414,0.0,2.9409,1.4414,0.4901,1.3972,1.2584,0.501,0.0586,,0.9802,0.6679,0.8961,0.7574,0.4424,,,167.2689,5.966,1.4169
146.833,4405,,0.846,1.422,0.0,2.8354,1.422,0.5015,1.3792,1.2334,0.4587,0.0483,,0.9447,0.6292,0.9205,0.7747,0.4104,,,164.4741,6.4257,1.3973
146.867,4406,,0.823,1.4021,0.0,2.7427,1.4021,0.5112,1.3601,1.2119,0.4341,0.0482,,0.91,0.5855,0.9259,0.7778,0.3859,,,167.0354,7.2004,1.3835
146.9,4407,,0.6041,1.2537,0.0,2.4422,1.2537,0.5134,1.2229,1.0374,0.1707,,,0.675,0.3128,1.0522,0.8668,,,,,8.0647,1.1837
146.933,4408,,0.6257,1.2588,-0.0,2.4084,1.2588,0.5227,1.2305,1.0495,0.2019,,,0.6844,0.317,1.0286,0.8476,,,,,8.6057,1.2181
146.967,4409,,0.6559,1.2762,0.0,2.406,1.2762,0.5304,1.2484,1.0719,0.24,,,0.7045,0.3311,1.0084,0.8318,,,,,8.8535,1.2694
147.0,4410,,0.6876,1.2963,-0.0,2.4139,1.2963,0.537,1.2718,1.0919,0.2834,,,0.7251,0.3477,0.9884,0.8085,,,,,9.5576,1.3271
147.033,4411,,0.7213,1.3087,0.0,2.4032,1.3087,0.5446,1.2792,1.1072,0.3354,,,0.74,0.3619,0.9438,0.7717,,,,,9.9381,1.3804
147.067,4412,,0.7586,1.3242,0.0,2.4021,1.3242,0.5513,1.2927,1.1288,0.3884,,,0.7577,0.3755,0.9043,0.7405,,,,,9.5111,1.4371
147.1,4413,,0.7779,1.3333,0.0,2.3914,1.3333,0.5575,1.3011,1.1382,0.4175,,,0.7649,0.3814,0.8835,0.7206,,,,,9.1527,1.4707
147.133,4414,,0.7834,1.3382,0.0,2.3783,1.3382,0.5627,1.3021,1.1367,0.4301,,,0.7635,0.3834,0.872,0.7066,,,,,8.8542,1.4923
147.167,4415,,0.7791,1.3366,-0.0,2.3495,1.3366,0.5689,1.3035,1.1303,0.4278,,,0.755,0.3819,0.8757,0.7025,,,,,8.0305,1.4686
147.2,4416,,0.7767,1.3333,-0.0,2.3144,1.3333,0.5761,1.3005,1.1296,0.4238,,,0.7439,0.386,0.8767,0.7058,,,,,6.6473,1.4157
147.233,4417,,0.7691,1.329,0.0,2.2792,1.329,0.5831,1.2977,1.1268,0.4114,,,0.7402,0.3897,0.8863,0.7154,,,,,4.0776,1.3422
147.267,4418,,0.7399,1.311,0.0,2.2207,1.311,0.5904,1.2823,1.1041,0.3757,,,0.7196,0.3843,0.9067,0.7285,,,,,2.7146,1.2438
147.3,4419,,0.7072,1.3002,0.0,2.1993,1.3002,0.5912,1.2643,1.0812,0.3333,,,0.6914,0.3796,0.931,0.7479,,,,,2.4511,1.1433
147.333,4420,,0.6854,1.2851,0.0,2.1563,1.2851,0.596,1.2496,1.059,0.3118,,,0.6716,0.3771,0.9378,0.7472,,,,,0.0898,1.057
147.367,4421,,0.6597,1.2677,0.0,2.1093,1.2677,0.601,1.2341,1.0338,0.2856,,,0.6518,0.3733,0.9486,0.7483,,,,,3.1143,0.9803
147.4,4422,,0.6393,1.2564,0.0,2.0841,1.2564,0.6029,1.2238,1.0098,0.2687,,,0.6365,0.3727,0.9551,0.7412,,,,,5.4948,0.9216
147.433,4423,,0.6173,1.2419,0.0,2.0448,1.2419,0.6073,1.2137,0.9852,0.2494,,,0.6238,0.3707,0.9643,0.7357,,,,,7.3364,0.8668
147.467,4424,,0.7594,1.2424,-0.0,2.055,1.2424,0.6046,1.2122,0.9751,0.3279,,,0.6179,0.3728,0.8843,0.6472,,,,,2.388,0.8114
147.5,4425,,0.9661,1.2343,0.0,2.0466,1.2343,0.6031,1.2101,0.9661,,,,0.6068,0.374,,,,,,,,0.7685
147.533,4426,,0.9752,1.2306,0.0,2.0477,1.2306,0.601,1.2051,0.9752,,,,0.6024,0.3674,,,,,,,,0.7686
147.567,4427,,0.7596,1.2333,0.0,2.0712,1.2333,0.5954,1.2073,0.9724,0.3339,,,0.5942,0.3556,0.8734,0.6385,,,,,11.486,0.7866
147.6,4428,,0.7653,1.2306,0.0,2.0731,1.2306,0.5936,1.2036,0.979,0.3378,,,0.5952,0.3486,0.8658,0.6413,,,,,21.0427,0.7657
147.633,4429,,0.9804,1.2276,0.0,2.0852,1.2276,0.5887,1.1882,0.9804,,,,0.5899,0.335,,,,,,,,0.7365
147.667,4430,,0.9801,1.2101,0.0,2.0456,1.2101,0.5916,1.1721,0.9801,,,,0.5869,0.3271,,,,,,,,0.7064
147.7,4431,,0.9838,1.2025,-0.0,2.0339,1.2025,0.5912,1.1606,0.9838,,,,0.5859,0.3207,,,,,,,,0.6608
147.733,4432,,0.9957,1.2036,-0.0,2.048,1.2036,0.5877,1.1547,0.9957,,,,0.5859,0.3148,,,,,,,,0.6676
147.767,4433,,0.6202,1.1942,0.0,2.0374,1.1942,0.5861,1.1432,0.9857,0.2547,,,0.579,0.3036,0.8885,0.731,,,,,49.1671,0.6499
147.8,4434,,0.7553,1.1864,-0.0,2.0254,1.1864,0.5858,1.1403,0.9833,0.2992,,,0.5774,0.2919,0.8411,0.6842,,,,,45.5584,0.588
147.833,4435,,0.6255,1.1758,0.0,2.0027,1.1758,0.5871,1.125,0.9876,0.2635,,,0.5751,0.2799,0.8616,0.7241,,,,,51.0056,0.6001
147.867,4436,,0.753,1.169,0.0,1.9979,1.169,0.5851,1.1204,0.9852,0.2885,,,0.5706,0.2635,0.8319,0.6967,,,,,50.2659,0.5586
147.9,4437,,0.9787,1.1695,0.0,2.0102,1.1695,0.5818,1.1178,0.9787,,,,0.5637,0.0,,,,,,,,0.5729
147.933,4438,,0.9717,1.1717,0.0,2.0291,1.1717,0.5774,1.1717,0.9717,,,,0.5477,0.0,,,,,,,,0.5815
