t,frame,posture,h_torso,h_max,h_min,floor_spread,vertical_extent,compactness,h_head,h_shoulder,h_hip,h_knee,h_ankle,h_elbow,h_wrist,head_above_hip,shoulder_above_hip,hip_above_knee,knee_above_ankle,knee_angle,hip_angle,torso_tilt,bbox_aspect
0.333,10,,0.5004,0.7569,-0.1415,1.8482,0.8985,0.4861,0.6716,0.6187,0.3822,0.2297,0.0649,0.6138,0.5932,0.2894,0.2365,0.1525,0.1647,128.2141,116.6783,21.1273,1.8484
0.8,24,,,,,,,,,,,,,,,,,,,,,,
1.0,30,,,,,,,,,,,,,,,,,,,,,,
1.033,31,,0.0,0.2554,0.0,0.3433,0.2554,0.7441,0.2554,0.0,,,,,,,,,,,,,0.5015
1.067,32,,0.0,0.2648,0.0,0.3607,0.2648,0.7342,0.2648,0.0,,,,,,,,,,,,,0.4591
1.1,33,,0.0,0.2988,0.0,0.4198,0.2988,0.7118,0.2988,0.0,,,,,,,,,,,,,0.3901
1.133,34,,0.0,0.3327,0.0,0.4782,0.3327,0.6956,0.3327,0.0,,,,,,,,,,,,,0.3777
1.167,35,,,,,,,,,,,,,,,,,,,,,,
1.2,36,,0.0,0.3521,0.0,0.5365,0.3521,0.6564,0.3521,0.0,,,,,,,,,,,,,0.4951
1.233,37,,0.0,0.3509,0.0,0.5368,0.3509,0.6537,0.3509,0.0,,,,,,,,,,,,,0.5121
1.267,38,,0.021,0.3959,0.0,0.6376,0.3959,0.621,0.3959,0.021,,,,,,,,,,,,,0.8483
1.3,39,,0.0,0.4222,0.0,0.8248,0.4222,0.5119,0.4036,0.0,,,,,,,,,,,,,0.2862
1.333,40,,0.0683,0.503,0.0,0.8471,0.503,0.5939,0.503,0.0683,,,,,,,,,,,,,0.9901
1.367,41,,0.0798,0.5515,-0.0,0.9591,0.5515,0.5751,0.5515,0.0798,,,,,,,,,,,,,1.005
1.4,42,,0.0935,0.5867,0.0,1.0497,0.5867,0.559,0.5867,0.0935,,,,,,,,,,,,,0.9991
1.433,43,,0.0862,0.5916,0.0,1.0877,0.5916,0.5439,0.5916,0.0862,,,,,,,,,,,,,0.9478
1.467,44,,0.0921,0.5882,-0.3919,1.6574,0.9801,0.5914,0.5827,0.0921,,,,-0.3919,,,,,,,,,0.6753
1.5,45,,0.0869,0.5893,-0.3919,1.7443,0.9812,0.5625,0.5873,0.0869,,,,-0.3919,,,,,,,,,0.6522
1.533,46,,0.4544,0.9028,-0.0604,1.8251,0.9632,0.5278,0.8779,0.4544,,,,-0.0604,0.0,,,,,,,,0.6518
1.567,47,,0.524,0.9615,-0.0004,1.8903,0.9619,0.5089,0.932,0.524,,,,-0.0004,0.0,,,,,,,,0.6703
1.6,48,,0.5766,1.0075,0.0,1.9496,1.0075,0.5167,0.9767,0.5766,,,,0.0409,0.0,,,,,,,,0.6859
1.633,49,,0.6037,1.0363,-0.0,2.0163,1.0363,0.5139,1.0061,0.6037,,,,0.0549,-0.0,,,,,,,,0.701
1.667,50,,0.6567,1.0788,-0.0,2.0659,1.0788,0.5222,1.0472,0.6567,,,,0.0855,-0.0,,,,,,,,0.7161
1.7,51,,0.489,0.9293,-0.2079,2.1186,1.1373,0.5368,0.9167,0.489,,,,-0.0089,-0.2079,,,,,,,,0.8308
1.733,52,,0.5055,0.9439,-0.2429,2.1679,1.1869,0.5475,0.9306,0.5055,,,,-0.0144,-0.2429,,,,,,,,0.8231
1.767,53,,0.5209,0.9555,-0.2781,2.2465,1.2336,0.5491,0.9414,0.5209,,,,-0.0204,-0.2781,,,,,,,,0.8077
1.8,54,,0.5344,0.9633,-0.2968,2.3324,1.2601,0.5403,0.9481,0.5344,,,,-0.0256,-0.2968,,,,,,,,0.7941
1.833,55,,0.5425,0.969,-0.3231,2.3984,1.2921,0.5387,0.9509,0.5425,,,,-0.0322,-0.3231,,,,,,,,0.7797
1.867,56,,0.5426,0.9679,-0.3684,2.4431,1.3363,0.547,0.9484,0.5426,,,,-0.0531,-0.3684,,,,,,,,0.7586
1.9,57,,0.5373,0.9634,-0.4156,2.476,1.379,0.557,0.9422,0.5373,,,,-0.0803,-0.4156,,,,,,,,0.7348
1.933,58,,0.9938,1.3175,0.0,2.4895,1.3175,0.5292,1.2734,0.9938,,,,0.5404,0.0,,,,,,,,0.7394
1.967,59,,0.4899,0.9206,-0.3202,2.2687,1.2408,0.5469,0.8959,0.4899,,,,-0.1601,,,,,,,,,0.7213
2.0,60,,0.6639,1.0553,-0.1329,2.2776,1.1883,0.5217,1.0278,0.6639,,,,0.0712,0.0,,,,,,,,0.8075
2.033,61,,0.6819,1.0708,-0.1261,2.2694,1.1969,0.5274,1.0423,0.6819,,,,0.1082,0.0,,,,,,,,0.8272
2.067,62,,0.6641,1.0631,-0.1642,2.267,1.2273,0.5414,1.0329,0.6641,,,,0.0976,-0.0,,,,,,,,0.8255
2.1,63,,0.6481,1.0581,-0.1929,2.2656,1.2511,0.5522,1.0267,0.6481,,,,0.0902,0.0,,,,,,,,0.826
2.133,64,,0.6288,1.0467,-0.2286,2.2664,1.2754,0.5627,1.0137,0.6288,,,,0.0707,0.0,,,,,,,,0.8197
2.167,65,,0.455,1.0848,-0.1833,2.2613,1.268,0.5608,1.0469,0.6825,0.0,,,0.1524,0.1608,1.0469,0.6825,,,,,22.7345,0.8237
2.2,66,,0.8701,1.2224,0.0,2.2588,1.2224,0.5412,1.1709,0.8701,,,,0.4239,0.5744,,,,,,,,0.8009
2.233,67,,0.4576,1.0867,-0.1995,2.2643,1.2862,0.5681,1.0471,0.6864,-0.0,,,0.1648,0.241,1.0471,0.6864,,,,,21.0867,0.8514
2.267,68,,0.459,1.0892,-0.1974,2.2635,1.2866,0.5684,1.0483,0.6884,0.0,,,0.1738,0.2712,1.0483,0.6884,,,,,20.8236,0.8672
2.3,69,,0.4644,1.091,-0.1873,2.2447,1.2783,0.5695,1.0494,0.6967,0.0,,,0.1926,0.2912,1.0494,0.6967,,,,,19.5534,0.8788
2.333,70,,0.6637,1.1978,0.0,2.043,1.1978,0.5863,1.1978,0.9808,0.3467,,,0.5877,0.3918,0.8511,0.6341,,,,,1.6843,0.774
2.367,71,,0.6659,1.1979,0.0,2.0454,1.1979,0.5857,1.1979,0.9826,0.3491,,,0.5965,0.4023,0.8488,0.6335,,,,,2.3679,0.7795
2.4,72,,0.4884,1.1104,-0.1083,2.0348,1.2187,0.5989,1.1104,0.8516,0.1251,,,0.4147,0.2468,0.9853,0.7265,,,,,2.7554,0.7711
2.433,73,,0.4902,1.1139,-0.028,1.9979,1.142,0.5716,1.1139,0.8552,0.1253,,,0.4127,0.2885,0.9887,0.7299,,,,,3.2882,0.7821
2.467,74,,0.4944,1.1225,-0.0,1.9621,1.1225,0.5721,1.1225,0.8658,0.1229,,,0.4191,0.3561,0.9996,0.743,,,,,2.7467,0.7937
2.5,75,,0.4977,1.1304,0.0,1.9772,1.1304,0.5717,1.1304,0.8743,0.1211,,,0.4257,0.4321,1.0093,0.7532,,,,,2.3258,0.8077
2.533,76,,0.5019,1.1394,0.0,2.0032,1.1394,0.5688,1.1394,0.8832,0.1207,,,0.4343,0.5065,1.0187,0.7624,,,,,2.0029,0.8311
2.567,77,,0.5067,1.1469,0.0,2.0222,1.1469,0.5672,1.1469,0.8931,0.1203,,,0.4466,0.5752,1.0266,0.7728,,,,,1.494,0.8561
2.6,78,,0.5117,1.2004,-0.0,2.1982,1.2004,0.5461,1.1751,0.9001,0.1232,,,0.4695,0.6353,1.0519,0.7769,,,,,0.5239,0.9288
2.633,79,,0.5174,1.2009,0.0,2.1955,1.2009,0.547,1.1769,0.9083,0.1266,,,0.5067,0.6842,1.0503,0.7817,,,,,0.5752,0.9569
2.667,80,,0.524,1.1556,0.0,2.0364,1.1556,0.5675,1.1556,0.922,0.1259,,,0.5599,0.7359,1.0297,0.7961,,,,,1.3524,0.9327
2.7,81,,0.5297,1.203,0.0,2.1897,1.203,0.5494,1.1827,0.9367,0.1228,,,0.618,0.7798,1.0599,0.8139,,,,,1.6215,1.0297
2.733,82,,0.5343,1.1699,0.0,2.0727,1.1699,0.5644,1.1699,0.9512,0.1174,,,0.6643,0.817,1.0525,0.8338,,,,,1.4512,1.0186
2.767,83,,0.5383,1.1788,0.0,2.1014,1.1788,0.561,1.1788,0.9607,0.1158,,,0.7047,0.8381,1.063,0.8449,,,,,1.1003,1.0211
2.8,84,,0.5457,1.1882,0.0,2.1359,1.1882,0.5563,1.1882,0.9761,0.1153,,,0.7355,0.8514,1.0729,0.8608,,,,,0.8667,1.0362
2.833,85,,0.5526,1.2007,-0.0,2.1842,1.2007,0.5497,1.2007,0.9898,0.1154,,,0.7579,0.8671,1.0853,0.8743,,,,,0.3199,1.0703
2.867,86,,0.5553,1.2169,0.0,2.2511,1.2169,0.5406,1.2169,1.0015,0.1091,,,0.7732,0.883,1.1078,0.8924,,,,,0.9164,1.1121
2.9,87,,0.559,1.2268,0.0,2.3046,1.2268,0.5323,1.2268,1.0115,0.1066,,,0.7716,0.896,1.1202,0.9049,,,,,1.281,1.1363
2.933,88,,0.5641,1.2408,0.0,2.3735,1.2408,0.5228,1.2408,1.0228,0.1053,,,0.7747,0.9073,1.1355,0.9175,,,,,1.4072,1.168
2.967,89,,0.565,1.2436,0.0,2.4146,1.2436,0.515,1.2436,1.0274,0.1027,,,0.7713,0.9061,1.1409,0.9247,,,,,1.4501,1.1843
3.0,90,,0.5623,1.2418,0.0,2.4449,1.2418,0.5079,1.2418,1.0223,0.1022,,,0.7673,0.8997,1.1396,0.9202,,,,,1.4325,1.193
3.033,91,,0.5529,1.2401,-0.0,2.4793,1.2401,0.5002,1.2401,1.0128,0.0931,,,0.758,0.8751,1.147,0.9196,,,,,2.1288,1.202
3.067,92,,0.7055,1.3478,-0.0,2.7366,1.3478,0.4925,1.3478,1.1328,0.2782,-0.0,,0.8929,1.0012,1.0696,0.8547,0.2782,,,154.804,2.9317,1.4076
3.1,93,,0.7409,1.3634,-0.0569,2.8264,1.4202,0.5025,1.3634,1.1522,0.3297,-0.0284,,0.9003,1.0078,1.0337,0.8225,0.3581,,,147.1496,2.9381,1.4513
3.133,94,,0.7599,1.3732,-0.0012,2.8516,1.3744,0.482,1.3732,1.1633,0.3565,-0.0006,,0.8982,1.0138,1.0166,0.8068,0.3571,,,143.2072,2.9396,1.4896
3.167,95,,0.7822,1.383,0.0,2.901,1.383,0.4767,1.383,1.1702,0.3942,0.0358,,0.8958,1.0131,0.9888,0.776,0.3584,,,141.6334,2.8448,1.5457
3.2,96,,0.8107,1.3937,0.0,2.9526,1.3937,0.472,1.3937,1.1865,0.4348,0.0684,,0.8968,1.0135,0.9589,0.7517,0.3664,,,140.6144,2.4818,1.6039
3.233,97,,0.9801,1.4988,0.08,3.1285,1.4188,0.4535,1.4988,1.3158,0.6444,0.3172,0.08,1.0373,1.139,0.8544,0.6714,0.3271,0.2372,68.4142,137.8244,2.2801,1.7283
3.267,98,,1.0002,1.5215,0.0732,3.2537,1.4483,0.4451,1.5215,1.3338,0.6667,0.3696,0.0828,1.0434,1.1327,0.8548,0.6671,0.2972,0.2868,113.0815,133.9432,1.8742,1.7442
3.3,99,,1.0004,1.5259,0.08,3.2734,1.4459,0.4417,1.5259,1.3357,0.665,0.3904,0.08,1.0327,1.097,0.8609,0.6707,0.2746,0.3104,64.4236,131.8268,2.0813,1.6827
3.333,100,,1.0114,1.5392,0.08,3.3354,1.4592,0.4375,1.5392,1.3469,0.6759,0.4216,0.08,1.0374,1.073,0.8633,0.671,0.2543,0.3416,65.9272,130.3395,2.1982,1.693
3.367,101,,1.0179,1.5501,0.08,3.3939,1.4701,0.4332,1.5501,1.3573,0.6785,0.4432,0.08,1.0408,1.0399,0.8716,0.6788,0.2354,0.3632,66.8773,128.8272,2.5548,1.6933
3.4,102,,1.0358,1.5742,0.0738,3.529,1.5004,0.4252,1.5742,1.3782,0.6934,0.4852,0.0949,1.0617,1.0301,0.8808,0.6848,0.2082,0.3903,117.7466,127.6513,2.8724,1.811
3.433,103,,1.0454,1.5846,0.0763,3.59,1.5083,0.4201,1.5846,1.3891,0.7017,0.4851,0.1007,1.0632,0.9971,0.8829,0.6874,0.2166,0.3844,124.2749,130.2563,2.4754,1.904
3.467,104,,1.0572,1.5937,0.077,3.6515,1.5167,0.4154,1.5937,1.3976,0.7168,0.4667,0.1058,1.0716,0.9683,0.8769,0.6809,0.2501,0.3609,136.6654,137.7168,1.9287,1.9946
3.5,105,,1.0709,1.5974,0.0749,3.6876,1.5225,0.4129,1.5974,1.4055,0.7363,0.4567,0.1094,1.0756,0.9486,0.861,0.6692,0.2796,0.3474,146.9595,144.014,0.5188,2.082
3.533,106,,1.0692,1.5963,0.0646,3.7318,1.5317,0.4105,1.5963,1.4009,0.7374,0.4346,0.1106,1.0672,0.9166,0.859,0.6635,0.3028,0.3241,156.9282,150.3215,1.1685,2.1944
3.567,107,,1.0657,1.5978,0.0554,3.7724,1.5424,0.4089,1.5978,1.3989,0.7325,0.4036,0.1095,1.0617,0.8903,0.8653,0.6664,0.3289,0.2941,163.828,154.5404,2.3654,2.3625
3.6,108,,1.0775,1.6052,0.0565,3.8243,1.5488,0.405,1.6052,1.4039,0.7511,0.4014,0.108,1.0675,0.8907,0.8542,0.6528,0.3497,0.2934,168.3855,158.8464,3.1595,2.5068
3.633,109,,1.0901,1.6131,0.0576,3.8843,1.5555,0.4005,1.6131,1.4114,0.7688,0.4096,0.1071,1.0803,0.901,0.8442,0.6426,0.3593,0.3024,171.0202,161.6615,4.2228,2.6336
3.667,110,,1.0983,1.6173,0.0567,3.9285,1.5606,0.3972,1.6173,1.4193,0.7773,0.4211,0.1053,1.0895,0.9027,0.8399,0.642,0.3562,0.3159,173.6391,163.6818,4.4581,2.705
3.7,111,,1.1166,1.6258,0.0621,3.9934,1.5637,0.3916,1.6258,1.4298,0.8034,0.4419,0.1031,1.1111,0.9089,0.8223,0.6264,0.3616,0.3387,174.138,166.1756,4.4195,2.7217
3.733,112,,1.1301,1.635,0.0635,4.0628,1.5715,0.3868,1.635,1.4402,0.82,0.4671,0.1002,1.1347,0.9186,0.815,0.6202,0.3529,0.3669,173.3355,168.9019,4.5094,2.6826
3.767,113,,1.1394,1.677,0.0738,4.3915,1.6031,0.3651,1.6588,1.445,0.8338,0.4818,0.0972,1.1534,0.9337,0.8251,0.6112,0.352,0.3846,172.9213,170.4679,4.5613,2.6942
3.8,114,,1.1439,1.6444,0.0913,4.1627,1.5531,0.3731,1.6444,1.4458,0.8419,0.4926,0.0937,1.156,0.9466,0.8025,0.6039,0.3493,0.399,171.2319,173.0385,4.4974,2.4931
3.833,115,,1.1448,1.6445,0.064,4.1852,1.5805,0.3776,1.6445,1.4486,0.8411,0.4957,0.0896,1.1557,0.9641,0.8035,0.6076,0.3454,0.4061,169.9875,173.7583,4.5463,2.3536
3.867,116,,1.1503,1.6479,0.0319,4.2807,1.6159,0.3775,1.6479,1.4501,0.8506,0.4984,0.0856,1.1602,0.9827,0.7973,0.5995,0.3522,0.4127,168.5625,173.1316,4.5413,2.2957
3.9,117,,1.15,1.6494,0.0009,4.3824,1.6485,0.3762,1.6494,1.4495,0.8505,0.5042,0.0816,1.1575,0.9953,0.799,0.599,0.3463,0.4225,167.3102,171.6521,5.187,2.2137
3.933,118,,1.1531,1.6529,-0.0286,4.4903,1.6816,0.3745,1.6529,1.4533,0.8528,0.5025,0.0774,1.1604,1.0095,0.8001,0.6005,0.3503,0.4251,166.9738,171.5436,5.0593,2.141
3.967,119,,1.1585,1.6578,-0.0526,4.5927,1.7104,0.3724,1.6578,1.4577,0.8593,0.5046,0.0742,1.1677,1.0276,0.7985,0.5984,0.3547,0.4304,166.9304,169.9705,5.7906,2.0946
4.0,120,,1.1755,1.6678,-0.0466,4.6637,1.7144,0.3676,1.6678,1.4733,0.8776,0.5114,0.074,1.1896,1.0637,0.7902,0.5956,0.3662,0.4374,165.2864,166.5756,6.5065,2.0588
4.033,121,,1.1848,1.6715,-0.0514,4.7125,1.7229,0.3656,1.6715,1.4797,0.8898,0.5097,0.0737,1.2022,1.0876,0.7817,0.5899,0.3802,0.436,160.4273,161.9053,7.2533,2.0159
4.067,122,,1.1886,1.6717,-0.0561,4.735,1.7278,0.3649,1.6717,1.4852,0.892,0.5117,0.0735,1.2107,1.1028,0.7797,0.5932,0.3803,0.4382,158.2848,161.4789,6.9726,1.9692
4.1,123,,1.1804,1.666,-0.0809,4.7644,1.7469,0.3667,1.666,1.4817,0.8792,0.5087,0.0712,1.2112,1.1028,0.7868,0.6025,0.3705,0.4375,157.2613,160.8147,7.0978,1.9399
4.133,124,,1.1845,1.6695,-0.0836,4.808,1.7531,0.3646,1.6695,1.4871,0.8818,0.511,0.071,1.2225,1.1123,0.7877,0.6053,0.3708,0.4399,157.0647,161.7534,7.0853,1.9262
4.167,125,,1.1666,1.6571,-0.1308,4.8435,1.7879,0.3691,1.6571,1.4736,0.8596,0.4891,0.0656,1.211,1.093,0.7975,0.6141,0.3705,0.4235,157.0494,161.5928,7.2722,1.9226
4.2,126,,1.1491,1.6433,-0.1799,4.8824,1.8232,0.3734,1.6433,1.4582,0.84,0.4647,0.0594,1.1948,1.0659,0.8033,0.6183,0.3753,0.4053,162.899,162.7713,7.2464,1.9327
4.233,127,,1.1426,1.6385,-0.2023,4.9289,1.8408,0.3735,1.6385,1.4508,0.8344,0.4536,0.0563,1.1886,1.0503,0.8041,0.6164,0.3807,0.3973,166.707,163.4006,7.6153,1.9573
4.267,128,,1.1366,1.637,-0.22,4.9818,1.857,0.3728,1.637,1.4471,0.8262,0.4453,0.0535,1.1879,1.0395,0.8108,0.6209,0.3809,0.3918,167.634,163.745,7.7313,1.997
4.3,129,,1.1389,1.6396,-0.2186,5.0422,1.8582,0.3685,1.6396,1.4494,0.8284,0.4495,0.0543,1.1935,1.0333,0.8112,0.621,0.3789,0.3952,171.5179,165.0511,7.6811,2.0453
4.333,130,,1.1437,1.6431,-0.2109,5.0987,1.854,0.3636,1.6431,1.455,0.8324,0.4491,0.0557,1.2053,1.0305,0.8107,0.6226,0.3833,0.3933,171.8632,165.8801,7.5751,2.115
4.367,131,,1.1582,1.6569,-0.1583,5.1601,1.8152,0.3518,1.6569,1.4713,0.8451,0.4607,0.0634,1.2268,1.0393,0.8118,0.6262,0.3843,0.3974,164.1967,165.5462,7.5024,2.165
4.4,132,,1.1678,1.6645,-0.1133,5.2042,1.7778,0.3416,1.6645,1.4824,0.8532,0.4659,0.0689,1.2389,1.0422,0.8113,0.6292,0.3873,0.397,161.3364,166.0451,7.3276,2.245
4.433,133,,1.1734,1.6657,-0.0501,5.1931,1.7159,0.3304,1.6657,1.4852,0.8616,0.492,0.075,1.2476,1.0388,0.8041,0.6236,0.3697,0.417,156.5242,164.4441,7.0422,2.2975
4.467,134,,1.174,1.6599,0.0117,5.1449,1.6482,0.3204,1.6599,1.4832,0.8649,0.5145,0.0788,1.247,1.0277,0.795,0.6183,0.3504,0.4357,152.1394,161.2248,7.4459,2.2987
4.5,135,,1.173,1.6538,0.0518,5.1218,1.602,0.3128,1.6538,1.479,0.867,0.5296,0.0798,1.2428,1.0183,0.7867,0.612,0.3374,0.4499,148.3782,157.3119,8.1881,2.3247
4.533,136,,1.1746,1.6475,0.0768,5.091,1.5707,0.3085,1.6315,1.4771,0.8721,0.5569,0.08,1.2426,1.0148,0.7594,0.605,0.3152,0.4769,144.1798,152.1173,8.9084,2.1371
4.567,137,,1.1759,1.6421,0.0681,5.1106,1.574,0.308,1.6263,1.4759,0.8759,0.5708,0.0803,1.2443,1.0126,0.7504,0.6001,0.305,0.4905,141.9436,148.8837,9.444,2.1135
4.6,138,,1.179,1.6394,0.0581,5.1391,1.5814,0.3077,1.6167,1.4761,0.8819,0.5759,0.0809,1.2491,1.0152,0.7347,0.5941,0.3061,0.495,142.6537,148.2255,10.1624,2.108
4.633,139,,1.1815,1.6338,0.0525,5.1361,1.5813,0.3079,1.614,1.4773,0.8856,0.5748,0.0818,1.2531,1.0154,0.7283,0.5917,0.3109,0.4929,144.5932,148.8564,10.4813,2.1181
4.667,140,,1.1831,1.6278,0.0423,5.1463,1.5855,0.3081,1.6075,1.4759,0.8902,0.565,0.0833,1.2534,1.0124,0.7174,0.5858,0.3251,0.4817,148.5027,150.6897,10.6491,2.1218
4.7,141,,1.1856,1.6234,0.0333,5.1584,1.5901,0.3083,1.6022,1.4763,0.8948,0.5565,0.085,1.2549,1.0095,0.7074,0.5816,0.3383,0.4715,153.5739,153.2316,10.7872,2.1441
4.733,142,,1.1868,1.6178,0.0227,5.1559,1.5951,0.3094,1.5978,1.4763,0.8974,0.54,0.086,1.2521,1.0073,0.7004,0.5789,0.3574,0.454,158.8283,156.9223,10.8194,2.1514
4.767,143,,1.1873,1.6133,0.0198,5.1478,1.5935,0.3095,1.5929,1.4765,0.8982,0.529,0.0863,1.2497,1.0045,0.6947,0.5784,0.3691,0.4427,161.3355,159.4042,11.0697,2.1449
4.8,144,,1.1879,1.6102,0.026,5.1376,1.5841,0.3083,1.5886,1.4765,0.8994,0.5242,0.0867,1.2505,1.0048,0.6892,0.5771,0.3752,0.4375,161.8414,161.7191,10.8142,2.1681
4.833,145,,1.185,1.6036,0.043,5.0921,1.5605,0.3065,1.5833,1.472,0.898,0.5235,0.087,1.2501,1.0025,0.6853,0.574,0.3745,0.4366,160.7225,162.4608,11.1854,2.1529
4.867,146,,1.1815,1.597,0.0652,5.0482,1.5318,0.3034,1.577,1.4653,0.8976,0.5269,0.0855,1.247,0.9995,0.6794,0.5677,0.3707,0.4414,157.1541,162.4129,11.1561,2.1358
4.9,147,,1.1803,1.5906,0.0822,5.023,1.5084,0.3003,1.5695,1.462,0.8986,0.525,0.0859,1.2434,0.9954,0.6709,0.5634,0.3736,0.4391,158.3802,164.8307,10.7327,2.1463
4.933,148,,1.1723,1.5801,0.0683,4.9638,1.5118,0.3046,1.5589,1.4541,0.8904,0.517,0.0856,1.239,0.9911,0.6685,0.5637,0.3734,0.4314,159.4136,168.0112,9.7995,2.1685
4.967,149,,1.1641,1.5714,0.0425,4.9734,1.5288,0.3074,1.5494,1.4482,0.88,0.5065,0.0844,1.2338,0.9847,0.6694,0.5681,0.3736,0.4221,160.0654,171.0102,8.8208,2.1742
5.0,150,,1.1576,1.5653,0.02,4.9913,1.5453,0.3096,1.5427,1.4451,0.8701,0.496,0.0828,1.2312,0.9807,0.6726,0.575,0.3741,0.4132,159.4508,172.9765,7.9078,2.192
5.033,151,,1.1509,1.5598,0.0022,5.0036,1.5576,0.3113,1.5371,1.4421,0.8597,0.4862,0.0812,1.2295,0.9806,0.6774,0.5824,0.3735,0.405,158.6496,173.1644,8.2377,2.209
5.067,152,,1.148,1.5551,-0.015,5.0231,1.5701,0.3126,1.5306,1.4403,0.8556,0.4791,0.0792,1.2309,0.9817,0.675,0.5848,0.3765,0.3999,158.1686,173.542,8.1603,2.2669
5.1,153,,1.147,1.551,-0.0389,5.0609,1.5899,0.3142,1.5233,1.4367,0.8573,0.4729,0.0768,1.2334,0.981,0.666,0.5794,0.3844,0.3962,156.1058,173.5228,7.817,2.3258
5.133,154,,1.1487,1.5518,-0.0523,5.1088,1.6041,0.314,1.52,1.4356,0.8617,0.4662,0.0749,1.2404,0.9913,0.6583,0.574,0.3955,0.3913,156.6513,173.9001,8.0671,2.4297
5.167,155,,1.1564,1.5571,-0.0522,5.1562,1.6093,0.3121,1.5216,1.4437,0.8691,0.4674,0.0743,1.2559,1.0108,0.6525,0.5746,0.4017,0.3931,159.6397,175.0342,7.9743,2.5621
5.2,156,,1.1756,1.5683,-0.0412,5.2204,1.6095,0.3083,1.5279,1.4585,0.8927,0.4865,0.0747,1.279,1.0436,0.6351,0.5658,0.4062,0.4118,161.8701,174.1582,8.1946,2.5856
5.233,157,,1.1876,1.5753,-0.0392,5.2806,1.6145,0.3058,1.5294,1.4641,0.9112,0.5045,0.0747,1.3012,1.0636,0.6182,0.5529,0.4067,0.4298,163.235,173.8686,8.0364,2.518
5.267,158,,1.1861,1.5798,-0.0435,5.3413,1.6233,0.3039,1.5281,1.464,0.9083,0.5094,0.0744,1.3129,1.0803,0.6198,0.5557,0.3989,0.4351,165.7028,175.5194,7.5354,2.4347
5.3,159,,1.1742,1.574,-0.0675,5.3825,1.6415,0.305,1.5176,1.4536,0.8947,0.5011,0.0723,1.1897,1.0763,0.6229,0.559,0.3936,0.4288,166.8075,175.2829,7.881,2.3769
5.333,160,,1.1646,1.5683,-0.0877,5.4107,1.656,0.3061,1.5091,1.4441,0.8852,0.4907,0.0705,1.2901,1.068,0.6239,0.5589,0.3945,0.4202,168.1661,175.2247,8.3841,2.3288
5.367,161,,1.1532,1.5618,-0.1114,5.4374,1.6732,0.3077,1.5006,1.4327,0.8737,0.4843,0.068,1.2671,1.0497,0.6268,0.5589,0.3894,0.4163,170.2269,175.5672,8.6051,2.2897
5.4,162,,1.1435,1.5597,-0.1271,5.4785,1.6868,0.3079,1.496,1.4233,0.8638,0.4744,0.0662,1.2504,1.0258,0.6322,0.5596,0.3893,0.4082,170.4162,176.3334,8.4381,2.2604
5.433,163,,1.1454,1.5668,-0.1295,5.5528,1.6963,0.3055,1.4997,1.424,0.8667,0.473,0.0659,1.2521,1.0291,0.633,0.5572,0.3938,0.407,169.6411,177.6562,8.055,2.2612
5.467,164,,1.1468,1.5729,-0.1315,5.6188,1.7044,0.3033,1.504,1.4263,0.8674,0.4688,0.0657,1.2701,1.0493,0.6366,0.5589,0.3985,0.4032,169.2642,178.724,7.5509,2.2802
5.5,165,,1.149,1.5773,-0.1332,5.6691,1.7105,0.3017,1.509,1.4276,0.8704,0.4664,0.0654,1.2838,1.0632,0.6386,0.5572,0.404,0.401,168.945,177.9072,7.24,2.3029
5.533,166,,1.1525,1.5823,-0.1326,5.7179,1.7149,0.2999,1.5148,1.4311,0.8739,0.4628,0.0654,1.2929,1.0709,0.6409,0.5573,0.4111,0.3974,169.1898,177.6059,7.0277,2.3331
5.567,167,,1.16,1.5911,-0.1275,5.7852,1.7187,0.2971,1.5286,1.4381,0.8818,0.466,0.066,1.2941,1.0737,0.6468,0.5563,0.4158,0.4,171.0126,176.017,7.169,2.2113
5.6,168,,1.1663,1.5985,-0.1243,5.8473,1.7227,0.2946,1.538,1.4433,0.8893,0.47,0.0664,1.2961,1.0777,0.6487,0.554,0.4193,0.4036,172.5946,175.0582,7.6171,2.2277
5.633,169,,1.1693,1.6014,-0.124,5.8862,1.7254,0.2931,1.5408,1.4456,0.8931,0.4706,0.0664,1.2989,1.0787,0.6477,0.5525,0.4225,0.4042,173.6069,174.6676,8.1972,2.4515
5.667,170,,1.1713,1.6017,-0.1193,5.898,1.721,0.2918,1.5481,1.4484,0.8943,0.4711,0.067,1.2997,1.0803,0.6538,0.5541,0.4232,0.4041,175.2011,174.4808,9.1994,2.2918
5.7,171,,1.1753,1.6026,-0.1049,5.9081,1.7075,0.289,1.554,1.4513,0.8994,0.4734,0.0689,1.3004,1.0836,0.6546,0.5519,0.426,0.4045,176.0701,175.1647,10.4097,2.3135
5.733,172,,1.18,1.605,-0.0959,5.948,1.7008,0.2859,1.5608,1.4567,0.9033,0.4722,0.0701,1.3211,1.1209,0.6575,0.5534,0.4311,0.4021,176.9829,175.4321,11.3978,2.3405
5.767,173,,1.1797,1.6087,-0.0796,6.0041,1.6883,0.2812,1.5665,1.459,0.9004,0.4669,0.072,1.3388,1.145,0.6661,0.5586,0.4334,0.3949,177.337,175.8432,12.2187,2.3591
5.8,174,,1.1785,1.6112,-0.0597,6.0468,1.6708,0.2763,1.5701,1.4606,0.8965,0.4628,0.0742,1.3507,1.1584,0.6736,0.5641,0.4337,0.3886,177.6879,176.0914,12.8788,2.3507
5.833,175,,1.1761,1.6125,-0.0381,6.0809,1.6507,0.2715,1.5719,1.4605,0.8918,0.4601,0.0763,1.3575,1.1618,0.6801,0.5687,0.4317,0.3838,177.8673,176.125,13.2995,2.2857
5.867,176,,1.1746,1.611,-0.0166,6.0832,1.6276,0.2676,1.5723,1.4592,0.89,0.4632,0.078,1.358,1.1583,0.6823,0.5693,0.4268,0.3851,178.087,176.2013,13.7432,2.2121
5.9,177,,1.1741,1.6096,0.002,6.0838,1.6076,0.2642,1.573,1.4576,0.8906,0.4692,0.0794,1.3579,1.1549,0.6824,0.567,0.4214,0.3898,178.1264,176.1201,14.0636,2.1527
5.933,178,,1.1694,1.5835,0.0218,5.8338,1.5617,0.2677,1.5617,1.4532,0.8856,0.4657,0.0805,1.3515,1.1444,0.6761,0.5676,0.4199,0.3852,177.6143,175.2294,14.1837,2.0365
5.967,179,,1.1639,1.5824,0.0396,5.8451,1.5428,0.264,1.5613,1.4484,0.8794,0.459,0.0812,1.3435,1.1313,0.6819,0.569,0.4205,0.3777,176.7419,174.4604,14.1899,1.9821
6.0,180,upright,1.1534,1.5811,0.0576,5.8528,1.5235,0.2603,1.561,1.4425,0.8642,0.4448,0.0817,1.3347,1.1194,0.6968,0.5783,0.4194,0.363,176.2605,173.8557,14.1756,1.9355
6.033,181,upright,1.1484,1.5814,0.0729,5.8742,1.5084,0.2568,1.5615,1.4386,0.8582,0.44,0.0819,1.3263,1.1095,0.7033,0.5804,0.4182,0.3581,176.3083,173.3513,14.1961,1.9077
6.067,182,upright,1.1452,1.5831,0.0783,5.9112,1.5048,0.2546,1.5628,1.4349,0.8556,0.4379,0.082,1.3157,1.096,0.7073,0.5793,0.4177,0.3559,176.4523,172.9408,14.1943,1.9125
6.1,183,upright,1.1408,1.5838,0.063,5.9647,1.5208,0.255,1.564,1.43,0.8516,0.4352,0.0818,1.303,1.0794,0.7124,0.5783,0.4164,0.3534,176.9934,172.4772,13.9984,1.9226
6.133,184,upright,1.1397,1.5873,0.0521,6.0525,1.5352,0.2537,1.5666,1.4264,0.8529,0.4395,0.0816,1.2903,1.0626,0.7137,0.5735,0.4134,0.358,177.8806,172.1605,13.9179,1.9329
6.167,185,upright,1.1355,1.5906,0.0414,6.1428,1.5492,0.2522,1.5681,1.4231,0.848,0.4381,0.0812,1.277,1.0468,0.7201,0.575,0.41,0.3569,177.8615,171.8873,13.7797,1.952
6.2,186,upright,1.1326,1.5986,0.0346,6.2914,1.564,0.2486,1.5754,1.4212,0.844,0.4396,0.0808,1.2653,1.0318,0.7314,0.5772,0.4044,0.3588,177.2645,171.9036,13.4981,1.9994
6.233,187,upright,1.1312,1.5959,0.0288,6.276,1.5671,0.2497,1.5716,1.4205,0.8419,0.4421,0.0805,1.2544,1.0184,0.7296,0.5786,0.3998,0.3616,176.5635,171.8426,13.1399,2.0004
6.267,188,upright,1.1343,1.6026,0.0268,6.3795,1.5758,0.247,1.5821,1.4227,0.846,0.4423,0.0803,1.2442,0.9994,0.7362,0.5767,0.4037,0.362,175.8116,171.9772,12.7333,2.0643
6.3,189,upright,1.1377,1.6055,0.0267,6.4172,1.5788,0.246,1.5873,1.425,0.8505,0.4449,0.0802,1.2345,0.9792,0.7368,0.5745,0.4056,0.3647,175.1572,172.0817,12.145,2.1108
6.333,190,upright,1.1416,1.6095,0.0263,6.4525,1.5832,0.2454,1.5877,1.4281,0.855,0.4491,0.0801,1.2267,0.9583,0.7327,0.5731,0.4059,0.3691,174.9726,172.1996,11.5108,2.1477
6.367,191,upright,1.1467,1.6185,0.0256,6.5771,1.5929,0.2422,1.5984,1.431,0.8624,0.4557,0.08,1.2223,0.9455,0.7359,0.5686,0.4067,0.3757,174.8291,172.2304,10.7933,2.2245
6.4,192,upright,1.1497,1.6201,0.0258,6.5931,1.5943,0.2418,1.5986,1.4339,0.8655,0.4564,0.0799,1.2193,0.9413,0.7331,0.5684,0.4091,0.3765,174.6646,172.4697,10.0663,2.2542
6.433,193,upright,1.1515,1.6279,0.027,6.6835,1.6009,0.2395,1.6053,1.4378,0.8651,0.4533,0.08,1.221,0.9451,0.7402,0.5727,0.4118,0.3733,174.8863,172.6899,9.3736,2.2994
6.467,194,upright,1.1513,1.6347,0.0279,6.7636,1.6067,0.2376,1.6124,1.4403,0.8624,0.4488,0.08,1.2228,0.9504,0.7501,0.5779,0.4136,0.3687,175.0147,172.8144,8.7349,2.3412
6.5,195,upright,1.1544,1.6397,0.0284,6.8253,1.6113,0.2361,1.6187,1.4433,0.8654,0.4504,0.08,1.2251,0.953,0.7533,0.5779,0.415,0.3704,175.0813,172.8688,8.075,2.3871
6.533,196,upright,1.1597,1.6433,0.0287,6.8727,1.6146,0.2349,1.6269,1.4469,0.8724,0.4552,0.08,1.2282,0.9563,0.7545,0.5745,0.4173,0.3751,175.1061,172.9553,7.3158,2.4374
6.567,197,upright,1.1612,1.6478,0.028,6.9339,1.6199,0.2336,1.63,1.4492,0.8733,0.4549,0.08,1.2317,0.9599,0.7567,0.5759,0.4184,0.3749,175.0056,172.927,6.8289,2.5004
6.6,198,upright,1.163,1.6514,0.0275,6.9824,1.6239,0.2326,1.6341,1.4503,0.8757,0.4572,0.08,1.2356,0.9661,0.7584,0.5746,0.4185,0.3772,174.9695,172.8378,6.3831,2.5506
6.633,199,upright,1.1661,1.6545,0.0272,7.0279,1.6274,0.2316,1.6373,1.4511,0.881,0.4636,0.08,1.2414,0.9769,0.7563,0.5701,0.4174,0.3836,174.6917,172.4678,5.7504,2.5775
6.667,200,upright,1.169,1.6578,0.0276,7.0724,1.6302,0.2305,1.6402,1.4518,0.8862,0.4707,0.0801,1.2481,0.992,0.754,0.5656,0.4156,0.3906,174.4668,171.9727,5.2551,2.5845
6.7,201,upright,1.1725,1.6614,0.0289,7.1171,1.6325,0.2294,1.6433,1.4541,0.8909,0.475,0.0802,1.2559,1.0064,0.7524,0.5632,0.4159,0.3948,174.3783,171.7182,4.9405,2.5901
6.733,202,upright,1.1748,1.664,0.031,7.1521,1.633,0.2283,1.6465,1.4564,0.8932,0.4785,0.0804,1.2617,1.0163,0.7533,0.5632,0.4147,0.3981,174.1526,171.2727,4.6751,2.5817
6.767,203,upright,1.1768,1.6656,0.0336,7.175,1.6321,0.2275,1.6499,1.4579,0.8958,0.4811,0.0806,1.2668,1.0233,0.7541,0.5621,0.4147,0.4005,174.2244,170.9117,4.3741,2.5686
6.8,204,upright,1.1814,1.6667,0.0368,7.1882,1.6299,0.2267,1.6533,1.4606,0.9022,0.4853,0.0808,1.2698,1.026,0.7511,0.5585,0.4169,0.4045,174.528,170.7207,4.1194,2.5517
6.833,205,upright,1.1855,1.6687,0.0392,7.2106,1.6294,0.226,1.6567,1.4635,0.9075,0.4854,0.081,1.2717,1.0291,0.7492,0.556,0.4221,0.4044,175.0151,170.6752,4.0077,2.5493
6.867,206,upright,1.1883,1.6698,0.0399,7.2233,1.6299,0.2256,1.6591,1.4665,0.9101,0.4846,0.0811,1.2717,1.0309,0.749,0.5563,0.4255,0.4035,175.7076,170.7455,4.0895,2.5564
6.9,207,upright,1.1913,1.6713,0.0393,7.2399,1.632,0.2254,1.6619,1.4706,0.912,0.483,0.0812,1.2709,1.032,0.7498,0.5585,0.429,0.4018,176.6605,171.0953,4.232,2.5752
6.933,208,upright,1.1936,1.6727,0.0389,7.2556,1.6337,0.2252,1.6645,1.4731,0.9141,0.4834,0.0813,1.2699,1.0321,0.7505,0.559,0.4307,0.4021,177.6039,171.3899,4.5284,2.5982
6.967,209,upright,1.1943,1.6753,0.0383,7.2902,1.637,0.2245,1.6673,1.4748,0.9139,0.4828,0.0814,1.269,1.0317,0.7534,0.5609,0.4311,0.4014,178.0694,171.6422,4.8319,2.619
7.0,210,upright,1.1946,1.6788,0.038,7.3332,1.6408,0.2238,1.6695,1.4758,0.9133,0.4823,0.0814,1.2682,1.0294,0.7562,0.5625,0.431,0.4009,177.4774,171.8828,5.2071,2.6367
7.033,211,upright,1.1955,1.6801,0.038,7.3512,1.6422,0.2234,1.6704,1.477,0.9139,0.4835,0.0815,1.2676,1.0278,0.7565,0.5631,0.4304,0.4021,176.9268,172.0069,5.3629,2.64
7.067,212,upright,1.1968,1.6807,0.0381,7.3591,1.6426,0.2232,1.6707,1.4789,0.9147,0.4836,0.0815,1.2678,1.0266,0.756,0.5642,0.431,0.4021,176.6291,172.1978,5.2327,2.6358
7.1,213,upright,1.1983,1.6805,0.0382,7.357,1.6423,0.2232,1.6703,1.48,0.9166,0.4859,0.0816,1.2673,1.0252,0.7537,0.5634,0.4307,0.4043,176.7079,172.1409,4.9987,2.6298
7.133,214,upright,1.1998,1.6799,0.0389,7.3512,1.641,0.2232,1.6693,1.4808,0.9189,0.4896,0.0817,1.2671,1.025,0.7504,0.5619,0.4293,0.4079,176.9375,172.0755,4.5084,2.6134
7.167,215,upright,1.2009,1.6785,0.0402,7.3353,1.6383,0.2233,1.6678,1.481,0.9209,0.4933,0.0818,1.2673,1.0249,0.7469,0.5601,0.4276,0.4115,177.0899,171.9524,3.9594,2.5895
7.2,216,upright,1.2009,1.6768,0.0417,7.3175,1.6351,0.2235,1.666,1.48,0.9218,0.494,0.0819,1.2668,1.0234,0.7441,0.5582,0.4279,0.4121,177.2237,171.6292,3.5882,2.573
7.233,217,upright,1.2002,1.6753,0.0432,7.2995,1.6321,0.2236,1.6645,1.4796,0.9207,0.4919,0.082,1.2668,1.0235,0.7438,0.5588,0.4289,0.4099,177.5176,171.3522,3.2131,2.5613
7.267,218,upright,1.1986,1.674,0.0458,7.2847,1.6282,0.2235,1.6632,1.4791,0.9182,0.4898,0.0821,1.2667,1.0238,0.745,0.5609,0.4283,0.4077,178.006,171.0532,2.8234,2.553
7.3,219,upright,1.1969,1.6732,0.0482,7.276,1.625,0.2233,1.6621,1.4786,0.9152,0.4877,0.0822,1.2667,1.0255,0.7469,0.5633,0.4276,0.4055,177.4495,170.6922,2.555,2.5418
7.333,220,upright,1.196,1.6729,0.0492,7.2713,1.6237,0.2233,1.6617,1.4789,0.9131,0.4855,0.0823,1.2677,1.0266,0.7487,0.5658,0.4275,0.4033,177.0345,170.5291,2.3669,2.5286
7.367,221,upright,1.196,1.673,0.0504,7.2704,1.6226,0.2232,1.6616,1.4795,0.9125,0.4843,0.0823,1.269,1.0277,0.7491,0.567,0.4282,0.402,176.798,170.4563,2.2871,2.5187
7.4,222,upright,1.196,1.6738,0.0515,7.2759,1.6223,0.223,1.6622,1.4802,0.9117,0.4821,0.0823,1.2705,1.0288,0.7505,0.5685,0.4296,0.3997,176.8222,170.4976,2.3635,2.5114
7.433,223,upright,1.1964,1.6748,0.0541,7.29,1.6207,0.2223,1.663,1.4808,0.912,0.4807,0.0824,1.2696,1.0275,0.751,0.5688,0.4313,0.3983,176.9331,170.6184,2.5764,2.4995
7.467,224,upright,1.1963,1.6752,0.0532,7.2995,1.622,0.2222,1.6635,1.4803,0.9123,0.4787,0.0824,1.2692,1.027,0.7512,0.568,0.4337,0.3963,177.1263,170.7466,2.812,2.4886
7.5,225,upright,1.1962,1.6767,0.052,7.3193,1.6247,0.222,1.6649,1.4802,0.9122,0.4761,0.0823,1.2692,1.0267,0.7527,0.568,0.4361,0.3938,177.3443,170.9319,3.07,2.4809
7.533,226,upright,1.1951,1.6784,0.0515,7.3422,1.6268,0.2216,1.6662,1.4798,0.9104,0.4736,0.0823,1.2687,1.0266,0.7558,0.5694,0.4368,0.3914,177.1323,170.9776,3.3581,2.4718
7.567,227,upright,1.1951,1.6801,0.0511,7.3636,1.629,0.2212,1.6678,1.4803,0.9098,0.4734,0.0822,1.2691,1.0279,0.758,0.5704,0.4364,0.3912,176.9585,171.0541,3.7596,2.462
7.6,228,upright,1.1952,1.6823,0.0515,7.392,1.6309,0.2206,1.6697,1.4806,0.9098,0.4741,0.0822,1.2697,1.0291,0.7599,0.5708,0.4357,0.3918,176.6606,171.1163,4.1355,2.4486
7.633,229,upright,1.1949,1.6839,0.0515,7.4115,1.6323,0.2202,1.6708,1.4808,0.909,0.4729,0.0822,1.2701,1.03,0.7618,0.5718,0.4361,0.3907,176.4269,171.2313,4.5132,2.4373
7.667,230,upright,1.1946,1.6841,0.053,7.415,1.6311,0.22,1.6706,1.4811,0.9082,0.4712,0.0822,1.2702,1.031,0.7624,0.5729,0.437,0.389,176.367,171.3993,4.9923,2.4286
7.7,231,upright,1.194,1.684,0.0548,7.4142,1.6292,0.2197,1.6699,1.4804,0.9077,0.4703,0.0823,1.2693,1.0305,0.7622,0.5726,0.4374,0.388,176.4513,171.6035,5.4914,2.4244
7.733,232,upright,1.193,1.6828,0.0567,7.3984,1.626,0.2198,1.6683,1.4795,0.9065,0.4703,0.0823,1.2681,1.0302,0.7618,0.573,0.4362,0.388,176.4374,171.6031,5.8981,2.4213
7.767,233,upright,1.1919,1.6817,0.0582,7.385,1.6235,0.2198,1.6666,1.4789,0.905,0.47,0.0823,1.2672,1.0308,0.7616,0.5739,0.435,0.3877,176.721,171.6152,6.3355,2.4235
7.8,234,upright,1.1919,1.6805,0.0598,7.3714,1.6207,0.2199,1.6649,1.478,0.9058,0.4727,0.0823,1.2655,1.0315,0.759,0.5722,0.4331,0.3904,177.1322,171.57,6.8291,2.4267
7.833,235,upright,1.1921,1.6794,0.0617,7.3545,1.6177,0.22,1.6634,1.4775,0.9067,0.4738,0.0823,1.2646,1.0325,0.7567,0.5708,0.4329,0.3915,177.3641,171.5548,7.2698,2.4276
7.867,236,upright,1.191,1.6784,0.0627,7.3391,1.6157,0.2202,1.6618,1.4762,0.9058,0.4736,0.0823,1.263,1.0332,0.756,0.5704,0.4322,0.3913,177.28,171.4674,7.6472,2.4248
7.9,237,upright,1.1902,1.6775,0.0629,7.323,1.6145,0.2205,1.6608,1.4752,0.9053,0.474,0.0823,1.2619,1.0335,0.7555,0.5699,0.4312,0.3917,177.1456,171.4865,8.0242,2.422
7.933,238,upright,1.1893,1.6755,0.0627,7.2966,1.6129,0.221,1.659,1.473,0.9056,0.4742,0.0823,1.2593,1.0322,0.7534,0.5674,0.4314,0.3919,176.8637,171.5419,8.1857,2.4182
7.967,239,upright,1.1893,1.6738,0.0623,7.2736,1.6116,0.2216,1.6573,1.4719,0.9067,0.4745,0.0823,1.2578,1.0299,0.7506,0.5652,0.4322,0.3922,176.7358,171.6912,8.3486,2.4197
8.0,240,upright,1.1878,1.6713,0.0625,7.2378,1.6088,0.2223,1.6551,1.4695,0.9061,0.4739,0.0823,1.2557,1.0286,0.749,0.5634,0.4322,0.3917,176.6585,171.4343,8.6109,2.4197
8.033,241,upright,1.186,1.6691,0.0611,7.2113,1.608,0.223,1.6493,1.4675,0.9045,0.4728,0.0822,1.2547,1.0278,0.7449,0.563,0.4317,0.3905,176.6276,170.8165,8.7603,2.418
8.067,242,upright,1.1852,1.6694,0.06,7.2192,1.6094,0.2229,1.6516,1.4659,0.9045,0.474,0.0822,1.2534,1.0259,0.7471,0.5614,0.4305,0.3918,176.7123,170.5653,8.8694,2.4202
8.1,243,upright,1.1844,1.6683,0.0587,7.2069,1.6096,0.2233,1.6499,1.4643,0.9045,0.4747,0.0822,1.2513,1.0242,0.7454,0.5598,0.4298,0.3924,177.0165,170.5185,9.0526,2.4134
8.133,244,upright,1.1823,1.6676,0.0578,7.2001,1.6098,0.2236,1.6483,1.4622,0.9025,0.4738,0.0822,1.2499,1.0211,0.7457,0.5596,0.4287,0.3916,177.2685,170.4253,9.3438,2.4068
8.167,245,upright,1.1803,1.6665,0.0571,7.1869,1.6094,0.2239,1.6463,1.4602,0.9004,0.4724,0.0822,1.248,1.0156,0.7459,0.5599,0.428,0.3902,177.2873,170.5657,9.6017,2.406
8.2,246,upright,1.1776,1.6666,0.0557,7.1917,1.6109,0.224,1.6446,1.4577,0.8974,0.4714,0.0821,1.2443,1.0077,0.7471,0.5603,0.4261,0.3892,177.4786,170.7697,9.888,2.4161
8.233,247,upright,1.1741,1.6663,0.0549,7.1901,1.6115,0.2241,1.6428,1.4556,0.8925,0.4692,0.0821,1.2392,0.9952,0.7503,0.5631,0.4233,0.3871,177.6496,170.9552,10.2664,2.4283
8.267,248,upright,1.1693,1.6664,0.0543,7.1895,1.6121,0.2242,1.6419,1.4536,0.885,0.4666,0.0821,1.2304,0.9795,0.7569,0.5686,0.4184,0.3845,177.7057,171.0685,10.482,2.4571
8.3,249,upright,1.1643,1.667,0.0538,7.1947,1.6132,0.2242,1.6412,1.4518,0.8769,0.4635,0.0821,1.2187,0.9631,0.7643,0.5749,0.4134,0.3814,177.9203,171.1636,10.7414,2.493
8.333,250,upright,1.1601,1.6664,0.0531,7.1853,1.6133,0.2245,1.6396,1.4503,0.87,0.4601,0.0821,1.209,0.948,0.7696,0.5803,0.4099,0.378,178.1855,171.246,10.9716,2.535
8.367,251,upright,1.156,1.6652,0.0527,7.1671,1.6125,0.225,1.638,1.4494,0.8627,0.4572,0.0821,1.1998,0.9337,0.7753,0.5866,0.4056,0.3751,178.5874,171.2968,11.1861,2.5545
8.4,252,upright,1.1526,1.6636,0.0521,7.1465,1.6115,0.2255,1.6373,1.4478,0.8575,0.4547,0.082,1.1939,0.9236,0.7799,0.5903,0.4027,0.3727,178.8488,171.3301,11.446,2.5255
8.433,253,upright,1.1505,1.6619,0.0517,7.1214,1.6102,0.2261,1.6369,1.4465,0.8545,0.4531,0.082,1.1908,0.9208,0.7824,0.592,0.4014,0.3711,178.8564,171.3722,11.7346,2.5025
8.467,254,upright,1.1469,1.6607,0.0517,7.105,1.609,0.2265,1.6369,1.4451,0.8487,0.4497,0.082,1.1912,0.9211,0.7882,0.5964,0.399,0.3677,178.77,171.4427,11.9682,2.4554
8.5,255,upright,1.146,1.6591,0.052,7.0797,1.6071,0.227,1.6361,1.4445,0.8475,0.4475,0.082,1.1941,0.923,0.7886,0.597,0.4,0.3655,178.6014,171.5238,12.1459,2.4064
8.533,256,upright,1.1458,1.6572,0.0521,7.0508,1.6051,0.2276,1.6351,1.4437,0.8479,0.4444,0.082,1.1978,0.9268,0.7872,0.5958,0.4035,0.3624,178.1363,171.6196,12.1705,2.3615
8.567,257,upright,1.1457,1.6544,0.052,7.0114,1.6024,0.2285,1.6339,1.4424,0.8489,0.4437,0.082,1.2002,0.9289,0.7849,0.5935,0.4052,0.3618,177.5436,171.7532,12.3037,2.3208
8.6,258,upright,1.1467,1.6533,0.0521,6.9939,1.6012,0.2289,1.6328,1.442,0.8513,0.4448,0.082,1.2023,0.9313,0.7815,0.5906,0.4066,0.3628,176.9097,171.7201,12.4049,2.2831
8.633,259,upright,1.1474,1.6519,0.052,6.9781,1.5999,0.2293,1.6312,1.4414,0.8534,0.4458,0.0819,1.2033,0.9325,0.7778,0.588,0.4076,0.3639,176.6083,171.6719,12.579,2.2517
8.667,260,upright,1.1482,1.6504,0.0519,6.961,1.5985,0.2296,1.6295,1.4407,0.8557,0.4482,0.0819,1.2024,0.9307,0.7739,0.585,0.4075,0.3663,176.4674,171.541,12.8034,2.2279
8.7,261,upright,1.1497,1.6498,0.0522,6.9527,1.5976,0.2298,1.6283,1.4405,0.8588,0.4508,0.082,1.1997,0.9259,0.7694,0.5816,0.408,0.3689,176.4689,171.3548,12.9806,2.2115
8.733,262,upright,1.1505,1.6482,0.0537,6.9307,1.5944,0.2301,1.6268,1.4402,0.8608,0.4528,0.082,1.1952,0.9202,0.7659,0.5794,0.408,0.3708,176.6038,171.2549,13.1712,2.1988
8.767,263,upright,1.1513,1.6465,0.0547,6.9063,1.5918,0.2305,1.6256,1.4407,0.862,0.4542,0.0821,1.1902,0.9137,0.7636,0.5787,0.4078,0.372,176.4336,171.0885,13.1739,2.1929
8.8,264,upright,1.1527,1.6451,0.0567,6.8807,1.5884,0.2309,1.6246,1.4416,0.8638,0.457,0.0823,1.1859,0.9076,0.7608,0.5778,0.4068,0.3747,176.3754,170.7892,13.1563,2.1841
8.833,265,upright,1.1545,1.6437,0.058,6.8538,1.5857,0.2314,1.6241,1.4432,0.8658,0.4585,0.0825,1.1824,0.9027,0.7583,0.5774,0.4073,0.376,176.6149,170.7135,13.1913,2.171
8.867,266,upright,1.1553,1.6429,0.0601,6.8316,1.5828,0.2317,1.6231,1.4448,0.8659,0.4578,0.0827,1.18,0.899,0.7572,0.5789,0.4081,0.3751,176.8157,170.5806,13.1822,2.1638
8.9,267,upright,1.1564,1.6421,0.0626,6.8049,1.5796,0.2321,1.6219,1.4469,0.866,0.4583,0.0829,1.1807,0.8973,0.7559,0.5809,0.4077,0.3754,176.8644,170.4341,13.1259,2.1716
8.933,268,upright,1.1556,1.6417,0.0658,6.7618,1.576,0.2331,1.6192,1.4482,0.8629,0.4556,0.083,1.1793,0.8956,0.7563,0.5854,0.4073,0.3725,176.7776,170.3589,13.0344,2.1903
8.967,269,upright,1.1552,1.6425,0.0684,6.7586,1.5741,0.2329,1.6165,1.4494,0.8609,0.4537,0.0831,1.1787,0.8972,0.7556,0.5885,0.4072,0.3707,176.6882,170.3218,12.8911,2.2172
9.0,270,upright,1.1553,1.6426,0.0716,6.7445,1.571,0.2329,1.614,1.4515,0.8591,0.4517,0.0832,1.1801,0.9001,0.7549,0.5924,0.4074,0.3686,176.7517,170.3304,12.7308,2.2385
9.033,271,upright,1.1585,1.642,0.0731,6.7275,1.5689,0.2332,1.6105,1.4534,0.8635,0.4542,0.0832,1.1829,0.9028,0.747,0.5899,0.4092,0.371,176.8889,170.3598,12.4955,2.2526
9.067,272,upright,1.1619,1.6398,0.0743,6.6946,1.5654,0.2338,1.6068,1.456,0.8677,0.4573,0.0833,1.1856,0.9047,0.7391,0.5883,0.4104,0.374,176.8914,170.4056,12.197,2.2654
9.1,273,upright,1.1647,1.6354,0.0758,6.6409,1.5596,0.2348,1.6027,1.4581,0.8713,0.4587,0.0833,1.1864,0.9048,0.7314,0.5867,0.4126,0.3754,176.9208,170.4001,11.7144,2.2841
9.133,274,upright,1.1665,1.6313,0.0774,6.6042,1.5538,0.2353,1.5984,1.4599,0.8732,0.459,0.0833,1.1862,0.9038,0.7252,0.5867,0.4143,0.3756,176.8694,170.3852,11.1493,2.304
9.167,275,upright,1.1678,1.631,0.079,6.5978,1.552,0.2352,1.5961,1.4614,0.8742,0.4581,0.0833,1.1862,0.9025,0.7219,0.5872,0.4161,0.3748,176.9525,170.3831,10.6685,2.3109
9.2,276,upright,1.1683,1.6212,0.0811,6.4883,1.54,0.2374,1.5844,1.4614,0.8752,0.4558,0.0833,1.1836,0.8974,0.7092,0.5862,0.4193,0.3725,176.6428,170.1255,10.2376,2.2796
9.233,277,upright,1.1666,1.6198,0.082,6.4791,1.5379,0.2374,1.585,1.4603,0.8729,0.454,0.0833,1.1814,0.894,0.7121,0.5874,0.4189,0.3707,176.8987,170.3586,9.9304,2.2933
9.267,278,upright,1.1653,1.6197,0.0825,6.4822,1.5372,0.2371,1.5863,1.4599,0.8708,0.4511,0.0832,1.1789,0.8903,0.7156,0.5891,0.4197,0.3678,177.1037,170.6612,9.6027,2.3121
9.3,279,upright,1.1637,1.6197,0.082,6.4868,1.5376,0.237,1.5875,1.4593,0.8681,0.4496,0.0833,1.1759,0.8887,0.7193,0.5912,0.4185,0.3664,177.5368,170.7112,9.3884,2.3377
9.333,280,upright,1.1627,1.6203,0.081,6.4966,1.5393,0.2369,1.5895,1.4584,0.8671,0.4494,0.0833,1.1744,0.8881,0.7224,0.5914,0.4176,0.3661,177.87,170.7087,9.0716,2.3738
9.367,281,upright,1.1621,1.6213,0.0799,6.5095,1.5414,0.2368,1.5935,1.4581,0.866,0.4492,0.0833,1.1733,0.8885,0.7275,0.5921,0.4168,0.3659,177.8745,170.7043,8.8153,2.4101
9.4,282,upright,1.1617,1.6225,0.0792,6.5243,1.5433,0.2365,1.5971,1.4577,0.8656,0.4505,0.0834,1.1729,0.8892,0.7315,0.5921,0.4151,0.3671,177.8541,170.621,8.6294,2.4401
9.433,283,upright,1.1614,1.6238,0.0787,6.5412,1.545,0.2362,1.6014,1.457,0.8659,0.4521,0.0834,1.1728,0.8905,0.7355,0.5911,0.4138,0.3687,177.6282,170.5175,8.4681,2.462
9.467,284,upright,1.1643,1.6509,0.0772,6.8585,1.5737,0.2295,1.6159,1.4603,0.8683,0.4545,0.0834,1.1755,0.8927,0.7476,0.592,0.4138,0.3711,177.5918,170.8152,8.4972,2.5327
9.5,285,upright,1.1658,1.6527,0.0767,6.8781,1.576,0.2291,1.6198,1.4623,0.8694,0.4553,0.0834,1.1771,0.8945,0.7504,0.5929,0.4141,0.3719,177.308,170.8548,8.1527,2.5311
9.533,286,upright,1.1658,1.6541,0.0767,6.8948,1.5774,0.2288,1.623,1.462,0.8696,0.4567,0.0834,1.1777,0.8951,0.7534,0.5924,0.4129,0.3733,177.1209,170.822,7.8929,2.5259
9.567,287,upright,1.1666,1.6342,0.0767,6.6514,1.5575,0.2342,1.619,1.463,0.8703,0.4573,0.0835,1.1779,0.897,0.7488,0.5927,0.413,0.3738,176.9936,170.7533,7.5117,2.4751
9.6,288,upright,1.1667,1.6377,0.077,6.6934,1.5608,0.2332,1.6224,1.4632,0.8702,0.4581,0.0835,1.1774,0.8968,0.7522,0.593,0.4121,0.3746,176.9983,170.7025,7.1752,2.4728
9.633,289,upright,1.1685,1.6576,0.0773,6.9351,1.5802,0.2279,1.6313,1.464,0.8729,0.4619,0.0835,1.1781,0.8966,0.7584,0.591,0.411,0.3785,177.0115,170.7589,6.7456,2.5136
9.667,290,upright,1.1688,1.6579,0.0775,6.9414,1.5805,0.2277,1.6327,1.4642,0.8735,0.4633,0.0835,1.1779,0.8949,0.7592,0.5907,0.4102,0.3798,177.0434,170.6382,6.1784,2.5093
9.7,291,upright,1.1701,1.6591,0.0767,6.9619,1.5824,0.2273,1.6344,1.4634,0.8767,0.4654,0.0834,1.1776,0.893,0.7576,0.5867,0.4113,0.382,177.106,170.7885,5.642,2.5038
9.733,292,upright,1.1718,1.66,0.0761,6.9778,1.5839,0.227,1.6352,1.4623,0.8814,0.4701,0.0835,1.1778,0.8922,0.7538,0.5809,0.4113,0.3866,176.8607,170.6575,5.1088,2.5094
9.767,293,upright,1.1729,1.6607,0.076,6.9902,1.5847,0.2267,1.6366,1.4613,0.8844,0.4728,0.0835,1.1772,0.8907,0.7522,0.5769,0.4116,0.3893,176.6675,170.4183,4.5852,2.5122
9.8,294,upright,1.1735,1.6611,0.076,6.9985,1.585,0.2265,1.6373,1.4605,0.8866,0.4752,0.0835,1.1762,0.889,0.7507,0.5739,0.4114,0.3917,176.6388,170.0844,4.1456,2.5161
9.833,295,upright,1.1749,1.661,0.0761,7.0026,1.585,0.2263,1.6374,1.4601,0.8897,0.4775,0.0835,1.1754,0.8872,0.7477,0.5704,0.4122,0.394,176.2414,169.782,3.6791,2.5117
9.867,296,upright,1.1753,1.6619,0.0778,7.0125,1.5841,0.2259,1.6379,1.4602,0.8904,0.4767,0.0835,1.1752,0.8866,0.7475,0.5699,0.4136,0.3932,175.6981,169.2781,3.2493,2.5046
9.9,297,upright,1.1763,1.6624,0.0781,7.016,1.5843,0.2258,1.6391,1.4616,0.891,0.4775,0.0836,1.1749,0.8861,0.748,0.5706,0.4135,0.394,175.5503,169.0873,2.9621,2.4844
9.933,298,upright,1.1768,1.6639,0.0791,7.032,1.5848,0.2254,1.6405,1.4624,0.8913,0.4779,0.0836,1.1747,0.8862,0.7493,0.5711,0.4133,0.3944,175.4444,168.9446,2.7896,2.4625
9.967,299,upright,1.1768,1.6647,0.0803,7.0405,1.5844,0.225,1.6412,1.4626,0.891,0.478,0.0836,1.1739,0.8852,0.7502,0.5716,0.413,0.3944,175.472,168.9351,2.6282,2.438
10.0,300,upright,1.1766,1.6647,0.0807,7.0384,1.584,0.2251,1.6415,1.4629,0.8903,0.4771,0.0835,1.1729,0.8845,0.7511,0.5725,0.4132,0.3936,175.5365,168.9207,2.5752,2.4172
10.033,301,upright,1.176,1.6655,0.0811,7.0445,1.5844,0.2249,1.6424,1.4634,0.8886,0.4749,0.0835,1.1719,0.8838,0.7537,0.5748,0.4138,0.3914,175.6694,169.0698,2.6027,2.4002
10.067,302,upright,1.1756,1.6656,0.0809,7.0414,1.5848,0.2251,1.6431,1.4634,0.8878,0.4722,0.0835,1.1713,0.8835,0.7553,0.5756,0.4156,0.3887,175.876,169.28,2.6289,2.3854
10.1,303,upright,1.1756,1.6665,0.0812,7.0479,1.5853,0.2249,1.6444,1.4643,0.887,0.4697,0.0835,1.1716,0.8825,0.7574,0.5773,0.4172,0.3862,175.5675,169.4836,2.6943,2.3861
10.133,304,upright,1.1766,1.6672,0.0817,7.0506,1.5854,0.2249,1.6461,1.465,0.8882,0.4705,0.0835,1.1729,0.8836,0.7579,0.5769,0.4176,0.387,175.4317,169.6816,2.7672,2.3917
10.167,305,upright,1.1775,1.6687,0.0821,7.0648,1.5866,0.2246,1.6482,1.4656,0.8893,0.4712,0.0835,1.1735,0.8843,0.7589,0.5763,0.4182,0.3876,175.5273,169.8187,2.8323,2.3988
10.2,306,upright,1.1781,1.6684,0.0821,7.0612,1.5863,0.2246,1.6489,1.4652,0.891,0.4722,0.0835,1.1734,0.8835,0.7579,0.5742,0.4188,0.3887,175.5989,170.0238,2.8432,2.4009
10.233,307,upright,1.1781,1.6677,0.0818,7.0521,1.5859,0.2249,1.6484,1.4646,0.8917,0.4724,0.0835,1.1737,0.8824,0.7567,0.5729,0.4192,0.3889,175.7035,170.3174,2.8252,2.4091
10.267,308,upright,1.1782,1.6671,0.0817,7.0407,1.5854,0.2252,1.6485,1.4647,0.8916,0.4726,0.0835,1.1735,0.8816,0.7568,0.5731,0.419,0.3891,175.7913,170.5068,2.7786,2.4271
10.3,309,upright,1.1772,1.6665,0.0817,7.0318,1.5848,0.2254,1.6485,1.464,0.8904,0.471,0.0835,1.1711,0.8801,0.7581,0.5737,0.4194,0.3875,175.863,170.5121,2.849,2.4488
10.333,310,upright,1.1768,1.6657,0.0812,7.0193,1.5845,0.2257,1.648,1.4635,0.89,0.4693,0.0835,1.1705,0.8809,0.758,0.5736,0.4207,0.3858,175.828,170.5629,2.9293,2.4744
10.367,311,upright,1.1769,1.6644,0.0812,7.0012,1.5833,0.2261,1.6474,1.4636,0.8902,0.4687,0.0835,1.1695,0.8812,0.7571,0.5733,0.4216,0.3852,175.9532,170.5478,3.2104,2.493
10.4,312,upright,1.1758,1.664,0.0806,6.9938,1.5834,0.2264,1.647,1.463,0.8886,0.4664,0.0835,1.1687,0.8803,0.7584,0.5744,0.4222,0.3829,175.9885,170.5973,3.533,2.5089
10.433,313,upright,1.1736,1.6638,0.0796,6.9908,1.5841,0.2266,1.6464,1.4624,0.8847,0.4623,0.0835,1.1674,0.8785,0.7616,0.5777,0.4224,0.3788,176.1052,170.7732,3.7345,2.5202
10.467,314,upright,1.1725,1.6643,0.0794,6.9973,1.5849,0.2265,1.6463,1.4621,0.883,0.4609,0.0834,1.1671,0.877,0.7633,0.5791,0.4221,0.3775,176.3365,170.9685,3.9967,2.5325
10.5,315,upright,1.1711,1.6644,0.0788,6.9986,1.5856,0.2266,1.6459,1.4615,0.8807,0.4589,0.0834,1.1667,0.876,0.7652,0.5808,0.4218,0.3755,176.4563,171.1038,4.2787,2.5409
10.533,316,upright,1.1679,1.6645,0.0786,7.0021,1.5859,0.2265,1.6454,1.4601,0.8757,0.4559,0.0834,1.1661,0.8746,0.7697,0.5843,0.4198,0.3725,176.7494,171.2615,4.6786,2.5475
10.567,317,upright,1.1652,1.6653,0.0781,7.0136,1.5871,0.2263,1.6451,1.4594,0.8711,0.4544,0.0834,1.1655,0.8726,0.774,0.5883,0.4167,0.371,176.8456,171.509,5.0624,2.5528
10.6,318,upright,1.1639,1.6659,0.078,7.0255,1.5879,0.226,1.6444,1.4583,0.8696,0.4517,0.0834,1.1646,0.8711,0.7748,0.5886,0.4179,0.3683,176.9456,171.3632,5.3442,2.5624
10.633,319,upright,1.1636,1.6664,0.0779,7.0352,1.5885,0.2258,1.6434,1.4582,0.8689,0.4499,0.0834,1.1637,0.868,0.7744,0.5893,0.419,0.3666,177.2105,171.3652,5.7666,2.5651
10.667,320,upright,1.1633,1.6666,0.0781,7.0377,1.5885,0.2257,1.6425,1.4584,0.8681,0.4496,0.0834,1.1632,0.8667,0.7744,0.5903,0.4186,0.3662,177.1234,171.202,6.0763,2.5636
10.7,321,upright,1.1624,1.6666,0.0785,7.0383,1.5881,0.2256,1.6415,1.4585,0.8664,0.4494,0.0834,1.1614,0.8649,0.7751,0.5921,0.417,0.366,177.0657,171.1392,6.3977,2.5512
10.733,322,upright,1.1607,1.6668,0.0787,7.0424,1.5881,0.2255,1.6404,1.4575,0.8639,0.4476,0.0834,1.1589,0.8634,0.7765,0.5936,0.4163,0.3642,177.0524,170.954,6.7594,2.5327
10.767,323,upright,1.1584,1.6672,0.079,7.0489,1.5882,0.2253,1.6393,1.4552,0.8615,0.4463,0.0834,1.1565,0.8627,0.7778,0.5937,0.4152,0.3629,176.9065,170.9005,7.1803,2.5084
10.8,324,upright,1.1559,1.6672,0.0803,7.045,1.5869,0.2253,1.6388,1.4532,0.8587,0.4442,0.0834,1.155,0.8622,0.7802,0.5946,0.4145,0.3608,176.9653,170.7275,7.4655,2.4877
10.833,325,upright,1.1546,1.6662,0.0819,7.0282,1.5843,0.2254,1.6372,1.4514,0.8578,0.4441,0.0834,1.1537,0.8603,0.7794,0.5936,0.4137,0.3607,176.8011,170.655,7.7877,2.4653
10.867,326,upright,1.1545,1.6662,0.0832,7.0227,1.583,0.2254,1.6357,1.4499,0.859,0.445,0.0834,1.1529,0.8585,0.7768,0.591,0.414,0.3616,176.595,170.6168,8.0662,2.4448
10.9,327,upright,1.1546,1.6643,0.082,6.9936,1.5823,0.2262,1.6327,1.4487,0.8606,0.4457,0.0833,1.1515,0.8559,0.7721,0.588,0.415,0.3623,176.3494,170.5692,8.3803,2.4261
10.933,328,upright,1.1542,1.6614,0.081,6.9533,1.5804,0.2273,1.6291,1.4464,0.8621,0.4462,0.0833,1.1491,0.8518,0.767,0.5843,0.4159,0.3628,176.0692,170.4735,8.8991,2.412
10.967,329,upright,1.1532,1.6582,0.0801,6.9104,1.5781,0.2284,1.6246,1.4436,0.8628,0.4452,0.0833,1.1466,0.8474,0.7618,0.5808,0.4176,0.3618,175.7479,170.3833,9.3856,2.4062
11.0,330,upright,1.1524,1.6555,0.079,6.8745,1.5764,0.2293,1.6207,1.4413,0.8635,0.4444,0.0833,1.1432,0.8417,0.7572,0.5778,0.4191,0.3611,175.4753,170.2712,9.6421,2.4057
11.033,331,upright,1.1517,1.654,0.0781,6.8546,1.5759,0.2299,1.6172,1.44,0.8634,0.444,0.0833,1.1407,0.8379,0.7538,0.5765,0.4194,0.3607,175.2817,170.3094,9.8363,2.4119
11.067,332,upright,1.1516,1.6521,0.0771,6.8294,1.575,0.2306,1.614,1.4392,0.864,0.4429,0.0833,1.1386,0.8347,0.75,0.5752,0.421,0.3596,174.951,170.4118,10.0277,2.4271
11.1,333,upright,1.1497,1.6505,0.0772,6.8063,1.5732,0.2311,1.6116,1.4373,0.8621,0.4414,0.0833,1.1352,0.8325,0.7494,0.5751,0.4207,0.3582,174.8015,170.3785,10.31,2.4049
11.133,334,upright,1.1499,1.6501,0.0767,6.801,1.5734,0.2314,1.6108,1.4365,0.8632,0.4425,0.0832,1.1343,0.8312,0.7475,0.5733,0.4208,0.3592,174.7759,170.5297,10.3311,2.3946
11.167,335,upright,1.1488,1.6493,0.0777,6.7892,1.5716,0.2315,1.6103,1.435,0.8627,0.4433,0.0832,1.1326,0.8317,0.7476,0.5723,0.4194,0.3601,174.6805,170.4619,10.6397,2.3741
11.2,336,upright,1.1481,1.6208,0.0779,6.4461,1.5429,0.2394,1.6003,1.4336,0.8626,0.4426,0.0831,1.1326,0.8313,0.7377,0.5709,0.4201,0.3595,174.6051,170.4576,11.0089,2.303
11.233,337,upright,1.1475,1.649,0.078,6.7833,1.571,0.2316,1.6101,1.4324,0.8626,0.4416,0.0831,1.1329,0.831,0.7475,0.5698,0.421,0.3585,174.6154,170.5005,11.4097,2.3373
11.267,338,upright,1.1476,1.6486,0.0782,6.7761,1.5704,0.2318,1.6098,1.4317,0.8634,0.44,0.0831,1.1328,0.8298,0.7464,0.5683,0.4234,0.3569,174.4026,170.5318,11.6544,2.3128
11.3,339,upright,1.148,1.6476,0.0791,6.7604,1.5685,0.232,1.6094,1.432,0.864,0.4397,0.0831,1.132,0.8296,0.7454,0.568,0.4243,0.3565,174.0922,170.4829,11.9654,2.2876
11.333,340,upright,1.1483,1.6464,0.0793,6.745,1.5671,0.2323,1.6083,1.4322,0.8643,0.4395,0.0832,1.1319,0.8299,0.744,0.5679,0.4248,0.3563,173.8208,170.3832,12.2278,2.2666
11.367,341,upright,1.1492,1.6458,0.0784,6.7386,1.5674,0.2326,1.6073,1.4326,0.8658,0.4395,0.0832,1.1332,0.8312,0.7414,0.5668,0.4264,0.3563,173.7731,170.4281,12.4684,2.253
11.4,342,upright,1.1506,1.6451,0.0773,6.7302,1.5677,0.2329,1.6065,1.4336,0.8676,0.4407,0.0832,1.1352,0.8343,0.7389,0.566,0.4269,0.3575,173.717,170.4056,12.6443,2.244
11.433,343,upright,1.1522,1.6442,0.0774,6.718,1.5668,0.2332,1.6055,1.4345,0.8699,0.4429,0.0832,1.1381,0.8396,0.7356,0.5646,0.4269,0.3597,173.7827,170.3354,12.8709,2.2348
11.467,344,upright,1.1539,1.6429,0.0775,6.7018,1.5654,0.2336,1.6044,1.4351,0.8727,0.4453,0.0832,1.142,0.8459,0.7316,0.5624,0.4275,0.362,173.9985,170.2605,12.9645,2.2263
11.5,345,upright,1.1568,1.6419,0.078,6.6863,1.5639,0.2339,1.6043,1.436,0.8776,0.4495,0.0833,1.1442,0.8534,0.7267,0.5584,0.4282,0.3662,174.334,170.2508,13.0554,2.2236
11.533,346,upright,1.1572,1.6137,0.0793,6.3509,1.5344,0.2416,1.5952,1.4366,0.8779,0.4514,0.0833,1.1454,0.8577,0.7173,0.5587,0.4265,0.3681,174.6561,170.1816,13.0904,2.1722
11.567,347,upright,1.1565,1.613,0.0805,6.34,1.5325,0.2417,1.5948,1.4364,0.8766,0.4514,0.0833,1.1466,0.8594,0.7182,0.5597,0.4253,0.3681,174.9107,170.0354,13.1115,2.1728
11.6,348,upright,1.1548,1.6131,0.0814,6.3411,1.5317,0.2415,1.5951,1.4354,0.8742,0.451,0.0833,1.1478,0.8618,0.721,0.5612,0.4232,0.3677,175.0223,169.8483,13.1512,2.1816
11.633,349,upright,1.154,1.6139,0.0827,6.3482,1.5312,0.2412,1.5959,1.4358,0.8722,0.4495,0.0834,1.151,0.8665,0.7237,0.5636,0.4227,0.3662,175.2716,169.7869,13.1488,2.1933
11.667,350,upright,1.1539,1.6144,0.0833,6.3502,1.531,0.2411,1.5966,1.4367,0.871,0.45,0.0834,1.1557,0.8726,0.7255,0.5657,0.421,0.3666,175.555,169.626,12.9987,2.2053
11.7,351,upright,1.154,1.6148,0.083,6.3573,1.5318,0.2409,1.5971,1.4363,0.8717,0.449,0.0835,1.1581,0.8781,0.7255,0.5646,0.4227,0.3655,175.5137,169.203,12.7955,2.2212
11.733,352,upright,1.1536,1.6161,0.0827,6.3719,1.5333,0.2406,1.5986,1.4366,0.8707,0.4465,0.0836,1.1621,0.888,0.7279,0.5659,0.4242,0.3629,175.6969,168.9918,12.7478,2.2393
11.767,353,upright,1.1536,1.6172,0.0833,6.3824,1.5339,0.2403,1.6004,1.4374,0.8699,0.4468,0.0836,1.1679,0.8959,0.7305,0.5676,0.423,0.3632,175.8459,168.8952,12.6209,2.2523
11.8,354,upright,1.1544,1.6186,0.0836,6.3984,1.535,0.2399,1.6024,1.4389,0.87,0.4497,0.0837,1.1735,0.9021,0.7324,0.5688,0.4204,0.366,176.1991,168.8666,12.3907,2.2529
11.833,355,upright,1.1549,1.6201,0.0833,6.4115,1.5368,0.2397,1.6048,1.4401,0.8696,0.4532,0.0837,1.1817,0.9095,0.7352,0.5705,0.4164,0.3694,176.8619,168.954,12.068,2.2313
11.867,356,upright,1.1557,1.6224,0.0833,6.4387,1.5391,0.239,1.6068,1.4411,0.8702,0.4575,0.0838,1.1902,0.9163,0.7365,0.5709,0.4128,0.3737,177.4026,168.9814,12.0226,2.1947
11.9,357,upright,1.1574,1.6249,0.0833,6.4675,1.5416,0.2384,1.6092,1.4423,0.8726,0.4621,0.0838,1.197,0.9228,0.7366,0.5697,0.4105,0.3784,177.4647,168.9892,11.8205,2.1691
11.933,358,upright,1.158,1.627,0.0831,6.4913,1.5439,0.2378,1.6116,1.4434,0.8726,0.4637,0.0838,1.2011,0.9265,0.739,0.5708,0.4089,0.38,177.3624,168.9076,11.7486,2.1509
11.967,359,upright,1.1577,1.6289,0.0833,6.5144,1.5456,0.2373,1.614,1.4443,0.8711,0.4636,0.0838,1.2044,0.9294,0.7429,0.5732,0.4075,0.3798,177.246,168.9308,11.4587,2.14
12.0,360,upright,1.156,1.6312,0.0836,6.5451,1.5476,0.2364,1.6163,1.4434,0.8685,0.4633,0.0838,1.2036,0.9288,0.7478,0.5749,0.4052,0.3795,177.3409,168.892,11.3135,2.1374
12.033,361,upright,1.155,1.6327,0.0834,6.5631,1.5492,0.2361,1.6185,1.443,0.8671,0.4639,0.0838,1.2018,0.9284,0.7514,0.576,0.4031,0.3801,177.4498,168.9709,11.092,2.1372
12.067,362,upright,1.1521,1.6337,0.082,6.5797,1.5517,0.2358,1.6202,1.4424,0.8618,0.4629,0.0838,1.1991,0.9271,0.7584,0.5806,0.3989,0.3791,177.0248,169.3737,10.8548,2.1452
12.1,363,upright,1.1497,1.6354,0.0808,6.6108,1.5546,0.2352,1.6219,1.4409,0.8584,0.4626,0.0838,1.1957,0.9245,0.7635,0.5825,0.3959,0.3788,176.6246,169.6245,10.6049,2.1607
12.133,364,upright,1.1488,1.64,0.0801,6.6657,1.5599,0.234,1.6246,1.4413,0.8564,0.4624,0.0838,1.1929,0.9224,0.7682,0.5849,0.394,0.3785,176.4305,169.7936,10.3553,2.185
12.167,365,upright,1.1495,1.6458,0.0784,6.7343,1.5673,0.2327,1.6271,1.4419,0.8571,0.4633,0.0839,1.1904,0.9205,0.77,0.5848,0.3939,0.3794,176.1462,169.3556,10.0537,2.214
12.2,366,upright,1.1509,1.6501,0.0769,6.7851,1.5732,0.2319,1.6294,1.4434,0.8584,0.4634,0.0839,1.189,0.9181,0.7711,0.5851,0.3949,0.3796,175.9954,169.2442,9.8875,2.2462
12.233,367,upright,1.1522,1.6536,0.0762,6.8251,1.5774,0.2311,1.6312,1.4447,0.8598,0.4645,0.0839,1.1869,0.9149,0.7714,0.5848,0.3953,0.3806,175.577,169.145,9.6168,2.2717
12.267,368,upright,1.1529,1.6571,0.076,6.8637,1.5811,0.2303,1.633,1.4455,0.8602,0.4646,0.0838,1.1849,0.9106,0.7728,0.5853,0.3956,0.3808,175.0426,168.9424,9.4203,2.3
12.3,369,upright,1.1527,1.6588,0.0756,6.8843,1.5831,0.23,1.6334,1.4456,0.8597,0.4653,0.0838,1.1824,0.9052,0.7737,0.5859,0.3944,0.3815,174.4405,168.6467,9.1658,2.3213
12.333,370,upright,1.1529,1.6606,0.075,6.9064,1.5856,0.2296,1.6343,1.4455,0.8602,0.4653,0.0838,1.1795,0.9,0.774,0.5852,0.395,0.3815,174.1356,168.5037,8.9334,2.3402
12.367,371,upright,1.1529,1.6615,0.0741,6.9189,1.5873,0.2294,1.6347,1.4449,0.8609,0.4624,0.0837,1.1756,0.8928,0.7738,0.584,0.3985,0.3786,174.1632,168.6009,8.672,2.3629
12.4,372,upright,1.1529,1.6615,0.0732,6.9219,1.5883,0.2295,1.6345,1.4445,0.8613,0.461,0.0837,1.1705,0.8846,0.7732,0.5832,0.4003,0.3773,174.3394,168.7335,8.4777,2.3769
12.433,373,upright,1.1523,1.6615,0.0721,6.9271,1.5894,0.2295,1.6345,1.4436,0.861,0.4597,0.0836,1.1657,0.8767,0.7734,0.5825,0.4013,0.3761,174.4554,168.803,8.2401,2.3879
12.467,374,upright,1.1524,1.6611,0.0717,6.9243,1.5894,0.2295,1.6344,1.4428,0.8619,0.4589,0.0836,1.1628,0.8709,0.7725,0.5809,0.403,0.3753,174.6007,168.9028,8.0119,2.3904
12.5,375,upright,1.1524,1.6604,0.0712,6.9185,1.5892,0.2297,1.6341,1.4417,0.8631,0.4583,0.0835,1.1606,0.867,0.771,0.5787,0.4047,0.3748,174.7868,168.9243,7.7912,2.3891
12.533,376,upright,1.1522,1.6594,0.0699,6.9087,1.5895,0.2301,1.6358,1.4416,0.8628,0.4577,0.0835,1.1604,0.8656,0.773,0.5789,0.4051,0.3742,175.0674,169.2207,7.6628,2.3803
12.567,377,upright,1.1526,1.6588,0.069,6.9013,1.5898,0.2304,1.6356,1.4424,0.8628,0.4574,0.0835,1.1615,0.8651,0.7728,0.5797,0.4054,0.3739,175.2653,169.5119,7.5184,2.3737
12.6,378,upright,1.1527,1.6586,0.069,6.8983,1.5897,0.2304,1.6337,1.4418,0.8636,0.4565,0.0835,1.1618,0.8647,0.7701,0.5782,0.4071,0.3731,175.3811,169.5127,7.4005,2.3698
12.633,379,upright,1.153,1.6585,0.0688,6.8953,1.5898,0.2306,1.6337,1.4412,0.8648,0.4557,0.0835,1.1619,0.8651,0.7689,0.5764,0.4091,0.3723,175.5253,169.4336,7.3194,2.366
12.667,380,upright,1.1526,1.6583,0.0686,6.8911,1.5896,0.2307,1.6334,1.4403,0.8649,0.4544,0.0834,1.1619,0.8656,0.7685,0.5754,0.4105,0.371,175.6327,169.3674,7.2584,2.3627
12.7,381,upright,1.1521,1.6578,0.0683,6.8864,1.5895,0.2308,1.633,1.44,0.8642,0.4529,0.0834,1.1618,0.8659,0.7689,0.5758,0.4113,0.3695,175.6974,169.3779,7.2461,2.3593
12.733,382,upright,1.1518,1.657,0.0673,6.878,1.5897,0.2311,1.6323,1.4394,0.8642,0.4522,0.0834,1.1615,0.8658,0.7681,0.5752,0.412,0.3688,175.8153,169.3936,7.2309,2.3542
12.767,383,upright,1.1518,1.6562,0.067,6.8678,1.5892,0.2314,1.6347,1.4394,0.8643,0.4521,0.0834,1.161,0.8667,0.7704,0.5751,0.4122,0.3687,175.8359,169.4392,7.2379,2.3507
12.8,384,upright,1.1523,1.6551,0.0671,6.8525,1.588,0.2317,1.6313,1.4395,0.865,0.4529,0.0834,1.1609,0.8673,0.7663,0.5745,0.4121,0.3695,175.8963,169.503,7.2669,2.3471
12.833,385,upright,1.1523,1.6542,0.067,6.8412,1.5872,0.232,1.6309,1.4393,0.8653,0.4533,0.0834,1.161,0.868,0.7656,0.5739,0.412,0.3699,175.9608,169.5133,7.2663,2.3405
12.867,386,upright,1.1511,1.6529,0.067,6.8261,1.5859,0.2323,1.63,1.4382,0.8641,0.4521,0.0834,1.1603,0.8678,0.7659,0.5741,0.4119,0.3687,176.0035,169.4618,7.3284,2.3342
12.9,387,upright,1.1508,1.6513,0.0671,6.8056,1.5843,0.2328,1.6331,1.4381,0.8635,0.4517,0.0834,1.1598,0.8678,0.7696,0.5746,0.4118,0.3683,175.9227,169.5163,7.3697,2.3372
12.933,388,upright,1.1501,1.6489,0.0669,6.7731,1.5821,0.2336,1.6322,1.4378,0.8624,0.4508,0.0834,1.1585,0.8667,0.7698,0.5754,0.4116,0.3674,176.0042,169.5747,7.4599,2.3396
12.967,389,upright,1.1489,1.6465,0.0665,6.749,1.58,0.2341,1.6265,1.4373,0.8606,0.45,0.0834,1.1577,0.866,0.7659,0.5767,0.4106,0.3666,176.0075,169.6566,7.5365,2.3279
13.0,390,upright,1.1478,1.6447,0.0668,6.7265,1.5779,0.2346,1.625,1.4369,0.8586,0.4484,0.0834,1.1569,0.8657,0.7664,0.5783,0.4103,0.365,176.0146,169.7722,7.6295,2.3293
13.033,391,,1.1469,1.6478,0.067,6.7562,1.5808,0.234,1.6282,1.4368,0.8571,0.4467,0.0834,1.1565,0.8643,0.7712,0.5797,0.4103,0.3634,176.0127,169.9395,7.7186,2.3504
13.067,392,,1.1462,1.6405,0.0668,6.6792,1.5737,0.2356,1.6221,1.4366,0.8558,0.4461,0.0833,1.1557,0.8625,0.7663,0.5808,0.4096,0.3628,175.9633,170.0566,7.7817,2.3256
13.1,393,,1.1448,1.6452,0.0663,6.7283,1.5788,0.2347,1.6257,1.4357,0.8539,0.445,0.0833,1.1542,0.8609,0.7718,0.5818,0.409,0.3616,175.9734,170.1456,7.8969,2.3491
13.133,394,,1.1428,1.6444,0.0657,6.721,1.5787,0.2349,1.6247,1.4342,0.8514,0.4422,0.0833,1.1524,0.8584,0.7734,0.5829,0.4091,0.3589,175.9229,170.1851,8.0109,2.3463
13.167,395,,1.1415,1.6436,0.065,6.7149,1.5786,0.2351,1.6232,1.433,0.8499,0.4403,0.0833,1.1496,0.8558,0.7733,0.5831,0.4096,0.357,175.7336,170.2243,8.0505,2.3429
13.2,396,,1.1397,1.6362,0.0646,6.6344,1.5716,0.2369,1.6166,1.432,0.8475,0.4386,0.0833,1.1479,0.8529,0.769,0.5845,0.4089,0.3553,175.7257,170.2056,8.2078,2.3183
13.233,397,,1.1397,1.641,0.0647,6.6827,1.5763,0.2359,1.6201,1.4317,0.8478,0.4386,0.0833,1.1471,0.8514,0.7723,0.5839,0.4092,0.3553,175.7263,170.307,8.3142,2.3456
13.267,398,,1.1398,1.6386,0.0659,6.6517,1.5727,0.2364,1.6182,1.4317,0.8478,0.438,0.0833,1.1451,0.8491,0.7703,0.5838,0.4099,0.3546,175.7932,170.5302,8.4167,2.3438
13.3,399,,1.1388,1.6357,0.0664,6.6171,1.5693,0.2372,1.6157,1.4313,0.8463,0.4367,0.0834,1.1429,0.8456,0.7694,0.585,0.4096,0.3534,175.8446,170.6536,8.4745,2.3411
13.333,400,,1.1375,1.6333,0.0673,6.588,1.5661,0.2377,1.6132,1.4301,0.845,0.4359,0.0834,1.1407,0.844,0.7683,0.5852,0.4091,0.3525,175.831,170.7744,8.5805,2.3405
13.367,401,,1.1365,1.632,0.0675,6.5721,1.5645,0.2381,1.6111,1.4288,0.8441,0.4352,0.0834,1.1385,0.8413,0.767,0.5847,0.4089,0.3519,175.8114,170.8332,8.6537,2.3383
13.4,402,,1.1328,1.6174,0.0674,6.4129,1.5499,0.2417,1.6027,1.4257,0.84,0.4347,0.0833,1.1358,0.838,0.7627,0.5858,0.4053,0.3513,175.8431,170.8453,8.846,2.3101
13.433,403,,1.1287,1.6136,0.0675,6.3746,1.546,0.2425,1.5996,1.4215,0.8359,0.4336,0.0833,1.132,0.8336,0.7637,0.5855,0.4024,0.3503,175.8332,170.8763,8.9867,2.3069
13.467,404,,1.1254,1.6094,0.0678,6.3312,1.5415,0.2435,1.5955,1.4178,0.833,0.4317,0.0832,1.1284,0.828,0.7625,0.5848,0.4013,0.3485,175.9011,170.8579,9.2016,2.2983
13.5,405,,1.1219,1.6051,0.068,6.2861,1.5371,0.2445,1.5902,1.4137,0.8301,0.4297,0.0832,1.1243,0.8234,0.7601,0.5836,0.4004,0.3465,176.02,170.812,9.3627,2.2894
13.533,406,,1.1191,1.5975,0.0682,6.2035,1.5293,0.2465,1.5835,1.4097,0.8285,0.4284,0.0832,1.1207,0.8193,0.755,0.5812,0.4,0.3453,176.0326,170.6857,9.5108,2.281
13.567,407,,1.1144,1.5908,0.0683,6.1281,1.5225,0.2485,1.5765,1.4046,0.8242,0.426,0.0831,1.1163,0.8143,0.7522,0.5803,0.3983,0.3429,175.6522,170.541,9.6409,2.2653
13.6,408,,1.1097,1.5846,0.0683,6.0626,1.5163,0.2501,1.5697,1.3977,0.8217,0.4239,0.0831,1.1093,0.8081,0.748,0.576,0.3978,0.3408,175.1641,170.1217,10.0366,2.2508
13.633,409,,1.1043,1.5756,0.0686,5.9671,1.5071,0.2526,1.5609,1.3915,0.8172,0.4223,0.0831,1.1021,0.8024,0.7437,0.5743,0.3949,0.3392,174.437,169.7686,10.2378,2.2301
13.667,410,,1.0998,1.5638,0.0693,5.8435,1.4944,0.2557,1.5488,1.3836,0.8161,0.4224,0.0831,1.094,0.7962,0.7327,0.5675,0.3937,0.3393,173.9285,169.1679,10.4092,2.2012
13.7,411,,1.0922,1.5495,0.0706,5.6943,1.4789,0.2597,1.531,1.3726,0.8118,0.4213,0.0831,1.0854,0.7864,0.7192,0.5608,0.3905,0.3382,173.3108,168.5775,10.6022,2.165
13.733,412,,1.0818,1.5305,0.072,5.5053,1.4585,0.2649,1.5085,1.3557,0.808,0.4185,0.0831,1.0703,0.7714,0.7006,0.5477,0.3894,0.3354,172.3598,167.7095,10.8985,2.1247
13.767,413,,1.0661,1.5013,0.0731,5.2334,1.4282,0.2729,1.4761,1.3316,0.8006,0.4124,0.0831,1.0507,0.7494,0.6755,0.531,0.3882,0.3293,171.4327,166.851,11.2869,2.0642
13.8,414,,1.0483,1.4613,0.0745,4.8906,1.3868,0.2836,1.4382,1.3009,0.7956,0.4041,0.0831,1.0205,0.7194,0.6426,0.5053,0.3916,0.321,169.3419,165.5125,11.6569,1.9962
13.833,415,,1.0176,1.4077,0.0756,4.4724,1.3321,0.2978,1.3873,1.2569,0.7782,0.3853,0.0831,0.9777,0.678,0.6091,0.4787,0.3929,0.3022,166.6091,163.8509,12.7312,1.8961
13.867,416,,0.9862,1.3563,0.0831,4.0836,1.2732,0.3118,1.3379,1.2145,0.7578,0.3606,0.0832,0.9443,0.6439,0.58,0.4567,0.3973,0.2773,162.1397,161.951,13.7613,1.8144
13.9,417,,0.9494,1.2951,0.0784,3.6664,1.2168,0.3319,1.2745,1.1664,0.7323,0.3293,0.0834,0.9059,0.6076,0.5421,0.434,0.403,0.2459,156.5852,159.9875,14.59,1.707
13.933,418,,0.909,1.2068,0.0815,3.1805,1.1253,0.3538,1.1957,1.1109,0.7071,0.3066,0.0836,0.8567,0.5503,0.4885,0.4038,0.4005,0.223,149.4518,157.0355,15.9879,1.5229
13.967,419,,0.8589,1.1507,0.0799,2.8907,1.0708,0.3704,1.1217,1.0354,0.6825,0.2955,0.0839,0.7758,0.469,0.4393,0.3529,0.387,0.2116,141.5615,152.1083,18.4517,1.4146
14.0,420,,0.8029,1.0521,0.0762,2.4582,0.9759,0.397,1.0192,0.9523,0.6535,0.2927,0.084,0.6939,0.3809,0.3657,0.2987,0.3608,0.2088,132.5978,145.5969,21.663,1.2632
14.033,421,,0.8312,1.0247,0.0839,2.3376,0.9409,0.4025,0.9834,0.9464,0.716,0.3541,0.0843,0.6891,0.3474,0.2673,0.2304,0.3619,0.2699,142.2861,145.6437,27.154,1.2612
14.067,422,,0.7177,0.8966,-0.0909,2.1702,0.9875,0.455,0.8038,0.8057,0.6296,0.2827,0.0845,0.5416,0.1714,0.1741,0.1761,0.3469,0.1982,131.5758,136.2255,36.6372,1.2785
14.1,423,,0.6981,0.8536,-0.1796,2.1169,1.0332,0.4881,0.7106,0.7523,0.6439,0.2977,0.0843,0.4554,0.0797,0.0668,0.1084,0.3462,0.2133,138.8244,132.1354,53.1603,1.3406
14.133,424,,0.6173,0.7141,-0.3514,1.9139,1.0654,0.5567,0.5813,0.6041,0.6305,0.2926,0.0825,0.3046,-0.0974,-0.0493,-0.0264,0.3379,0.2101,147.1253,106.1078,112.9443,1.3522
14.167,425,,0.4343,0.5322,-0.6859,1.9131,1.2181,0.6367,0.2997,0.3831,0.4855,0.1416,0.0829,0.0218,-0.4301,-0.1858,-0.1024,0.3439,0.0587,128.4259,39.8355,144.5047,1.4339
14.2,426,,0.0604,0.2318,-1.3358,2.0519,1.5676,0.764,-0.2163,-0.0652,0.1861,-0.1639,0.0829,-0.5327,-1.1022,-0.4024,-0.2514,0.35,-0.2468,23.1598,25.0521,168.0466,1.5924
14.233,427,,-0.068,0.1427,-1.569,2.104,1.7117,0.8135,-0.4404,-0.2496,0.1136,-0.2093,0.0841,-0.7863,-1.3945,-0.554,-0.3631,0.3229,-0.2934,27.5825,25.61,176.0345,1.7174
14.267,428,,0.0623,0.2898,-1.2418,2.003,1.5316,0.7646,-0.341,-0.1362,0.2608,-0.025,0.0838,-0.6466,-1.1759,-0.6018,-0.3971,0.2859,-0.1089,44.2129,35.4066,175.374,1.7252
14.3,429,,0.0236,0.2296,-1.1866,1.7843,1.4162,0.7937,,-0.1473,0.1944,-0.0444,0.0816,-0.6162,-1.1696,,-0.3417,0.2389,-0.126,55.039,55.6519,169.771,1.6956
14.333,430,,0.0114,0.2195,-1.1431,1.7012,1.3626,0.801,-0.421,-0.1667,0.1894,-0.0534,0.0819,-0.6102,-1.1223,-0.6105,-0.3561,0.2429,-0.1353,45.2574,58.4283,170.7266,1.6805
14.367,431,,0.0115,0.1863,-1.0842,1.544,1.2705,0.8229,,-0.1486,0.1715,-0.0139,0.0816,-0.573,-1.0536,,-0.3201,0.1854,-0.0956,54.2295,71.0482,167.3869,1.5228
14.4,432,,-0.0158,0.1345,-1.0732,1.5074,1.2077,0.8012,,-0.1427,0.111,-0.0185,0.0804,-0.5582,-1.0383,,-0.2536,0.1295,-0.0989,83.1758,89.0905,159.9851,1.4296
14.433,433,,0.205,0.3399,-0.7388,1.4161,1.0787,0.7618,,0.085,0.3251,0.1252,0.0785,-0.2782,-0.7093,,-0.2401,0.1999,0.0467,129.8295,73.6335,157.8075,1.3984
14.467,434,,0.1895,0.2892,-0.6737,1.2684,0.9629,0.7592,-0.1084,0.1107,0.2682,0.1174,0.0819,-0.2461,-0.647,-0.3766,-0.1575,0.1508,0.0355,114.2219,79.9167,148.9179,1.222
14.5,435,,0.1856,0.282,-0.6801,1.2508,0.9621,0.7691,-0.0844,0.1078,0.2634,0.1209,0.0814,-0.2535,-0.6498,-0.3477,-0.1555,0.1425,0.0395,120.3518,85.7591,148.763,1.2052
14.533,436,,0.1927,0.2858,-0.673,1.2414,0.9588,0.7723,-0.0982,0.1203,0.265,0.1229,0.0813,-0.245,-0.6435,-0.3632,-0.1446,0.1421,0.0416,122.1925,87.1208,149.3681,1.198
14.567,437,,0.2181,0.2973,-0.6198,1.1937,0.9172,0.7683,-0.0556,0.1682,0.268,0.1074,0.0811,-0.1977,-0.5929,-0.3237,-0.0998,0.1606,0.0264,136.6701,86.4801,144.1134,1.1819
14.6,438,,0.219,0.2769,-0.5786,1.1086,0.8555,0.7717,0.0193,0.1999,0.2381,0.0555,0.0815,-0.1609,-0.5552,-0.2188,-0.0381,0.1825,-0.026,106.9131,84.9214,126.8534,1.1155
14.633,439,,0.3497,0.3919,-0.3566,1.0469,0.7485,0.715,0.2107,0.3581,0.3414,0.1542,0.078,0.0431,-0.3384,-0.1307,0.0167,0.1872,0.0762,151.6292,123.6851,94.6943,1.0164
14.667,440,,0.3184,0.3634,-0.3917,1.0405,0.7551,0.7258,0.1917,0.325,0.3118,0.1337,0.0784,0.0153,-0.3736,-0.1201,0.0132,0.1781,0.0553,126.0601,126.2159,96.3634,0.9533
14.7,441,,0.148,0.2138,-0.6509,1.1772,0.8647,0.7346,-0.0101,0.1319,0.1641,-0.0405,0.0778,-0.2077,-0.6318,-0.1742,-0.0321,0.2046,-0.1183,71.3709,106.4201,119.7763,0.9752
14.733,442,,0.2271,0.2743,-0.4915,1.0011,0.7659,0.7651,0.1302,0.2367,0.2174,0.071,0.079,-0.0749,-0.4669,-0.0872,0.0193,0.1464,-0.0081,83.8451,139.97,93.5019,0.8527
14.767,443,,0.2113,0.262,-0.5003,1.0007,0.7623,0.7618,0.1216,0.2175,0.2051,0.0541,0.0782,-0.0855,-0.4795,-0.0835,0.0124,0.151,-0.0241,77.6346,138.5344,97.3016,0.8141
14.8,444,,0.3196,0.3684,-0.3441,1.0126,0.7124,0.7035,0.2306,0.3153,0.3238,0.162,0.0755,0.0425,-0.334,-0.0933,-0.0085,0.1618,0.0865,88.5598,128.3481,107.2773,0.7895
14.833,445,,0.1552,0.1832,-0.5715,1.0487,0.7547,0.7196,0.0637,0.1535,0.1568,-0.0023,0.0818,-0.1438,-0.5496,-0.0932,-0.0033,0.1591,-0.0841,51.3166,108.5301,106.2089,0.7959
14.867,446,,0.1316,0.1765,-0.6382,1.1281,0.8147,0.7222,0.0471,0.1161,0.1472,-0.0332,0.0831,-0.1828,-0.5927,-0.1001,-0.0311,0.1804,-0.1163,56.6325,100.0664,121.4977,0.8548
14.9,447,,0.1359,0.2008,-0.648,1.1872,0.8488,0.715,0.0451,0.1101,0.1618,-0.0508,0.083,-0.1911,-0.5874,-0.1166,-0.0517,0.2126,-0.1338,75.0829,91.0577,129.6306,0.9053
14.933,448,,0.1062,0.1947,-0.7054,1.2842,0.9002,0.701,-0.0255,0.0606,0.1518,-0.0855,0.0828,-0.2477,-0.6371,-0.1774,-0.0912,0.2373,-0.1683,80.4576,97.9088,132.0658,0.8933
14.967,449,,0.0561,0.1725,-0.7687,1.3609,0.9412,0.6916,-0.0905,0.0027,0.1094,-0.0882,0.0821,-0.3012,-0.693,-0.1999,-0.1067,0.1977,-0.1703,83.3153,112.5849,127.6619,0.8988
15.0,450,on_ground,0.054,0.1775,-0.7584,1.3663,0.936,0.6851,-0.1206,-0.0138,0.1218,-0.0655,0.0814,-0.3014,-0.6781,-0.2425,-0.1356,0.1873,-0.1469,90.6047,114.9676,128.9658,0.8751
15.033,451,on_ground,0.0475,0.1776,-0.7522,1.3715,0.9298,0.6779,-0.1922,-0.0275,0.1225,-0.0101,0.0786,-0.2981,-0.674,-0.3148,-0.15,0.1327,-0.0887,126.0683,130.9615,128.4449,0.8752
15.067,452,on_ground,-0.0331,0.1656,-0.8524,1.5538,1.018,0.6552,-0.2618,-0.122,0.0558,-0.0888,0.0778,-0.3972,-0.7759,-0.3176,-0.1778,0.1446,-0.1666,117.6286,133.868,128.4931,0.868
15.1,453,on_ground,-0.2418,0.145,-1.2265,1.8866,1.3715,0.727,-0.6152,-0.4146,-0.069,-0.1138,0.0797,-0.7256,-1.1389,-0.5461,-0.3455,0.0447,-0.1935,124.6801,131.7985,141.1556,1.0187
15.133,454,on_ground,-0.1848,0.1312,-1.14,1.7953,1.2712,0.7081,-0.5847,-0.3675,-0.0021,-0.0658,0.0806,-0.6628,-1.0539,-0.5826,-0.3654,0.0637,-0.1464,135.0877,126.0551,145.789,0.9643
15.167,455,on_ground,-0.1883,0.1274,-1.1213,1.7847,1.2487,0.6997,-0.5777,-0.359,-0.0177,-0.0777,0.08,-0.652,-1.0332,-0.5599,-0.3412,0.0599,-0.1577,129.675,131.1891,141.7688,0.953
15.2,456,on_ground,-0.1486,0.124,-1.0434,1.7268,1.1674,0.676,-0.5095,-0.3082,0.011,-0.0835,0.0794,-0.5885,-0.9628,-0.5205,-0.3192,0.0946,-0.1629,128.7482,132.0629,138.186,0.912
15.233,457,on_ground,-0.1031,0.1108,-0.9516,1.5992,1.0624,0.6644,-0.3856,-0.2502,0.0441,-0.0366,0.0798,-0.5131,-0.8822,-0.4297,-0.2943,0.0807,-0.1164,144.7079,135.1182,136.8941,0.8681
15.267,458,on_ground,-0.0987,0.1022,-0.8737,1.5384,0.9759,0.6343,-0.3149,-0.1998,0.0023,-0.0111,0.08,-0.4547,-0.82,-0.3172,-0.2021,0.0135,-0.0911,157.6847,151.3058,127.9987,0.7935
15.3,459,on_ground,-0.0654,0.168,-0.7727,1.5439,0.9408,0.6094,-0.2171,-0.1171,-0.0137,-0.0501,0.0773,-0.3756,-0.7261,-0.2034,-0.1035,0.0364,-0.1274,141.6435,157.8254,119.0109,0.7966
15.333,460,on_ground,-0.0192,0.2318,-0.6865,1.5568,0.9183,0.5899,-0.1398,-0.0402,0.0017,-0.0768,0.0705,-0.3027,-0.6452,-0.1416,-0.042,0.0786,-0.1473,131.3172,158.447,113.233,0.7913
15.367,461,on_ground,0.0148,0.2674,-0.6371,1.5721,0.9045,0.5753,-0.0888,0.0099,0.0197,-0.087,0.0649,-0.2622,-0.6019,-0.1085,-0.0098,0.1067,-0.1519,124.4148,157.5166,109.9998,0.7846
15.4,462,on_ground,0.0352,0.2909,-0.609,1.5852,0.8999,0.5677,-0.0683,0.0404,0.0301,-0.0958,0.0617,-0.2393,-0.5776,-0.0984,0.0103,0.1258,-0.1574,118.1641,155.916,108.0297,0.7838
15.433,463,on_ground,0.0519,0.2954,-0.5961,1.5998,0.8914,0.5572,-0.056,0.0644,0.0395,-0.0999,0.0611,-0.2245,-0.5647,-0.0955,0.0249,0.1394,-0.1611,117.9373,154.1282,106.8653,0.783
15.467,464,on_ground,0.067,0.3067,-0.5736,1.6012,0.8802,0.5497,-0.0179,0.0967,0.0374,-0.0939,0.0591,-0.1981,-0.5379,-0.0554,0.0592,0.1314,-0.153,119.3395,152.8967,104.1082,0.7965
15.5,465,on_ground,0.0738,0.3156,-0.5471,1.6014,0.8627,0.5387,0.0145,0.1106,0.0371,-0.0858,0.0578,-0.1776,-0.5113,-0.0226,0.0734,0.1229,-0.1436,120.5334,152.7101,103.1395,0.8125
15.533,466,on_ground,0.0626,0.2676,-0.5402,1.597,0.8078,0.5058,0.0504,0.1003,0.0248,-0.1152,0.064,-0.1829,-0.5046,0.0256,0.0755,0.14,-0.1791,122.5311,150.386,102.9381,0.8036
15.567,467,on_ground,0.0585,0.2432,-0.5309,1.587,0.7742,0.4878,0.058,0.1006,0.0164,-0.1439,0.0676,-0.1746,-0.4873,0.0416,0.0842,0.1603,-0.2115,127.6606,150.2849,102.3185,0.8025
15.6,468,on_ground,0.0563,0.2537,-0.517,1.6221,0.7707,0.4751,0.0658,0.0974,0.0152,-0.1349,0.0659,-0.1596,-0.4619,0.0506,0.0822,0.15,-0.2007,123.1571,148.587,102.63,0.813
15.633,469,on_ground,0.0504,0.2468,-0.5265,1.6361,0.7733,0.4726,0.0608,0.0913,0.0095,-0.1456,0.067,-0.156,-0.4466,0.0513,0.0818,0.1552,-0.2127,123.0198,147.4212,102.7359,0.8201
15.667,470,on_ground,0.044,0.2349,-0.5341,1.6409,0.769,0.4686,0.0535,0.0867,0.0013,-0.1575,0.0694,-0.1541,-0.439,0.0523,0.0855,0.1588,-0.2269,122.4613,146.6629,102.5254,0.8275
15.7,471,on_ground,0.036,0.2326,-0.5453,1.6489,0.778,0.4718,0.0435,0.0806,-0.0086,-0.1699,0.0711,-0.154,-0.4324,0.0521,0.0891,0.1613,-0.241,122.4764,146.5746,102.4168,0.8139
15.733,472,on_ground,0.0307,0.2304,-0.5449,1.6541,0.7753,0.4687,0.0392,0.0749,-0.0136,-0.1741,0.0721,-0.1533,-0.4258,0.0528,0.0885,0.1605,-0.2463,123.0694,147.044,102.6004,0.8063
15.767,473,on_ground,0.0141,0.2189,-0.5451,1.6772,0.764,0.4555,0.023,0.0531,-0.0249,-0.1825,0.0731,-0.1649,-0.4404,0.0479,0.0781,0.1576,-0.2556,125.2695,148.4367,103.615,0.8146
15.8,474,on_ground,-0.0007,0.2106,-0.5498,1.7082,0.7604,0.4452,0.0113,0.0353,-0.0367,-0.1915,0.0737,-0.1734,-0.4542,0.048,0.072,0.1548,-0.2651,127.7007,149.921,104.3098,0.8223
15.833,475,on_ground,-0.0092,0.2041,-0.5508,1.7315,0.7549,0.436,0.0075,0.0236,-0.042,-0.1972,0.074,-0.1788,-0.4618,0.0495,0.0656,0.1552,-0.2712,129.268,150.8619,104.945,0.8258
15.867,476,on_ground,0.0234,0.2345,-0.5126,1.7346,0.747,0.4307,0.0122,0.05,-0.0032,-0.1552,0.0736,-0.1427,-0.42,0.0155,0.0533,0.152,-0.2288,128.3548,151.8659,106.0524,0.8038
15.9,477,on_ground,0.0563,0.2634,-0.4674,1.7344,0.7308,0.4213,0.0467,0.0786,0.034,-0.1158,0.0719,-0.1061,-0.3737,0.0127,0.0446,0.1498,-0.1877,130.1978,153.891,106.8396,0.7833
15.933,478,on_ground,0.0794,0.2776,-0.437,1.7238,0.7146,0.4146,0.0958,0.0951,0.0636,-0.0895,0.0712,-0.0823,-0.342,0.0322,0.0315,0.1531,-0.1607,130.5091,154.2674,107.9714,0.7693
15.967,479,on_ground,0.0933,0.2878,-0.4163,1.7321,0.7042,0.4065,0.1123,0.1063,0.0804,-0.0711,0.0697,-0.0649,-0.3193,0.0319,0.0259,0.1515,-0.1408,131.4265,154.351,108.5043,0.7644
16.0,480,on_ground,0.1143,0.3024,-0.3904,1.7307,0.6928,0.4003,0.1366,0.1225,0.1061,-0.0507,0.0677,-0.0376,-0.2862,0.0306,0.0164,0.1567,-0.1183,131.7848,153.3261,109.3929,0.7634
16.033,481,on_ground,0.1293,0.317,-0.3712,1.7253,0.6882,0.3989,0.1331,0.1382,0.1205,-0.0366,0.0662,-0.0148,-0.2597,0.0126,0.0177,0.1571,-0.1028,131.286,153.6654,109.3322,0.7633
16.067,482,on_ground,0.1497,0.3398,-0.3452,1.7126,0.6849,0.3999,0.1632,0.1625,0.1368,-0.0187,0.0642,0.0144,-0.2242,0.0263,0.0257,0.1556,-0.0829,131.2528,154.4566,108.6479,0.7585
16.1,483,on_ground,0.1591,0.3554,-0.3369,1.7007,0.6923,0.407,0.1855,0.1776,0.1405,-0.0109,0.0634,0.0377,-0.1974,0.045,0.0371,0.1514,-0.0743,131.5256,155.8908,107.7012,0.7514
16.133,484,on_ground,0.1661,0.3695,-0.3236,1.6866,0.6931,0.4109,0.2087,0.1908,0.1414,-0.0006,0.0631,0.0612,-0.1713,0.0673,0.0494,0.142,-0.0637,131.8231,158.0994,106.6657,0.7472
16.167,485,on_ground,0.1394,0.3538,-0.3643,1.6813,0.7181,0.4271,0.2197,0.1757,0.1031,-0.0358,0.0657,0.0462,-0.1832,0.1166,0.0726,0.1389,-0.1015,131.4102,159.3325,104.7374,0.7411
16.2,486,on_ground,0.125,0.3451,-0.3895,1.6773,0.7346,0.438,0.2168,0.1681,0.082,-0.0576,0.0663,0.0419,-0.1836,0.1349,0.0862,0.1396,-0.1239,132.1928,159.0548,103.5854,0.7361
16.233,487,on_ground,0.1105,0.3346,-0.416,1.6783,0.7507,0.4473,0.2138,0.1585,0.0626,-0.0789,0.0671,0.0376,-0.1831,0.1512,0.0959,0.1414,-0.1459,132.6261,158.5682,102.7863,0.733
16.267,488,on_ground,0.0966,0.3229,-0.4384,1.6818,0.7612,0.4526,0.2083,0.1478,0.0454,-0.0999,0.0688,0.0312,-0.1865,0.1629,0.1023,0.1453,-0.1687,133.3748,158.4465,102.3016,0.734
16.3,489,on_ground,0.0865,0.3172,-0.4536,1.6848,0.7708,0.4575,0.2107,0.1434,0.0296,-0.116,0.0705,0.0293,-0.1855,0.1811,0.1138,0.1456,-0.1864,134.6023,158.706,101.4597,0.731
16.333,490,on_ground,0.0889,0.321,-0.4516,1.6804,0.7727,0.4598,0.2205,0.1511,0.0268,-0.1157,0.0712,0.0418,-0.1736,0.1937,0.1243,0.1425,-0.1869,135.0674,158.831,100.6356,0.7242
16.367,491,on_ground,0.0905,0.327,-0.4518,1.6807,0.7788,0.4634,0.228,0.1575,0.0236,-0.1171,0.0717,0.0491,-0.1663,0.2044,0.1339,0.1407,-0.1889,135.5272,158.7668,99.8788,0.7186
16.4,492,on_ground,0.0967,0.3462,-0.4404,1.6795,0.7866,0.4683,0.2407,0.1679,0.0254,-0.1091,0.0717,0.0622,-0.1525,0.2153,0.1425,0.1345,-0.1808,135.9709,158.5126,99.0989,0.7118
16.433,493,on_ground,0.1034,0.3673,-0.4258,1.6732,0.7931,0.474,0.2612,0.1781,0.0286,-0.0977,0.0718,0.078,-0.1345,0.2326,0.1495,0.1263,-0.1695,135.9477,158.7774,98.3925,0.705
16.467,494,on_ground,0.0989,0.3749,-0.4266,1.6752,0.8015,0.4784,0.2615,0.1754,0.0223,-0.0987,0.072,0.0799,-0.1285,0.2393,0.1532,0.1209,-0.1707,135.9369,158.6605,98.0315,0.7072
16.5,495,on_ground,0.0921,0.3849,-0.4233,1.6768,0.8081,0.4819,0.2677,0.1675,0.0167,-0.0974,0.0721,0.0816,-0.1169,0.251,0.1507,0.1141,-0.1695,136.095,158.73,98.2342,0.711
16.533,496,on_ground,0.0705,0.3768,-0.4313,1.6793,0.8081,0.4812,0.2575,0.1439,-0.0029,-0.1095,0.074,0.066,-0.1182,0.2604,0.1469,0.1065,-0.1834,136.4417,159.361,98.542,0.7162
16.567,497,on_ground,0.0594,0.3676,-0.4048,1.6947,0.7723,0.4557,0.2346,0.1308,-0.012,-0.0899,0.0737,0.0539,-0.1181,0.2466,0.1428,0.0779,-0.1636,136.5622,158.9528,98.8244,0.727
16.6,498,on_ground,0.0385,0.3512,-0.4213,1.6851,0.7725,0.4584,0.2401,0.1096,-0.0325,-0.1085,0.0753,0.0328,-0.1287,0.2726,0.1421,0.076,-0.1838,136.501,159.5098,98.7844,0.7365
16.633,499,on_ground,0.029,0.3424,-0.4359,1.6809,0.7783,0.463,0.2383,0.0998,-0.0418,-0.1172,0.076,0.0223,-0.13,0.2801,0.1415,0.0754,-0.1931,137.3614,160.2015,98.7504,0.7424
16.667,500,on_ground,0.0395,0.3482,-0.4291,1.6835,0.7774,0.4617,0.2393,0.1065,-0.0275,-0.0919,0.0751,0.0285,-0.1013,0.2668,0.134,0.0644,-0.167,138.9394,160.2713,99.3809,0.7445
16.7,501,on_ground,0.0521,0.3584,-0.4219,1.6852,0.7804,0.4631,0.2527,0.1148,-0.0107,-0.0815,0.0745,0.0368,-0.0811,0.2634,0.1254,0.0708,-0.156,138.5631,159.0289,100.2155,0.744
16.733,502,on_ground,0.05,0.3562,-0.4275,1.7031,0.7837,0.4601,0.2552,0.113,-0.0131,-0.0736,0.0736,0.0337,-0.0728,0.2683,0.1261,0.0605,-0.1472,140.5251,159.0165,100.2728,0.7508
16.767,503,on_ground,0.0421,0.3318,-0.4416,1.7263,0.7734,0.448,0.2494,0.1006,-0.0165,-0.0681,0.0727,0.0151,-0.0804,0.2659,0.117,0.0517,-0.1408,142.384,159.0727,101.1525,0.7622
16.8,504,on_ground,0.0376,0.3046,-0.4483,1.7362,0.7529,0.4336,0.252,0.0942,-0.019,-0.0673,0.0723,-0.0013,-0.0802,0.271,0.1132,0.0482,-0.1396,142.2608,158.6453,101.4895,0.7675
16.833,505,on_ground,0.0309,0.2954,-0.4578,1.76,0.7532,0.4279,0.2464,0.0861,-0.0244,-0.0765,0.0711,-0.0168,-0.0826,0.2708,0.1105,0.0521,-0.1476,142.071,157.9887,101.7784,0.7753
16.867,506,on_ground,0.0296,0.2964,-0.4608,1.7684,0.7572,0.4282,0.2469,0.0831,-0.024,-0.0736,0.0707,-0.023,-0.0822,0.2709,0.1072,0.0496,-0.1443,141.7497,157.7771,102.0693,0.778
16.9,507,on_ground,0.026,0.2962,-0.4665,1.781,0.7627,0.4283,0.2458,0.0788,-0.0267,-0.0747,0.0699,-0.0326,-0.0852,0.2725,0.1055,0.048,-0.1446,142.1565,157.5857,102.2294,0.7839
16.933,508,on_ground,0.0254,0.3008,-0.4688,1.7841,0.7696,0.4314,0.2457,0.0785,-0.0276,-0.0742,0.0693,-0.0364,-0.084,0.2733,0.1061,0.0466,-0.1435,142.323,157.7465,102.1547,0.7873
16.967,509,on_ground,0.0147,0.2964,-0.4849,1.7943,0.7813,0.4354,0.2397,0.0702,-0.0408,-0.0749,0.0689,-0.0486,-0.0942,0.2805,0.111,0.0341,-0.1438,143.9729,158.7151,101.7605,0.7974
17.0,510,on_ground,0.0086,0.294,-0.4996,1.7984,0.7936,0.4413,0.2369,0.0648,-0.0476,-0.0781,0.069,-0.055,-0.1028,0.2846,0.1124,0.0304,-0.147,144.158,158.953,101.6581,0.8048
17.033,511,on_ground,0.0049,0.2919,-0.5108,1.7955,0.8027,0.447,0.2342,0.0631,-0.0533,-0.0848,0.0691,-0.0537,-0.1094,0.2875,0.1164,0.0315,-0.1539,144.5409,159.3111,101.2682,0.8103
17.067,512,on_ground,-0.0118,0.275,-0.5366,1.7798,0.8116,0.456,0.2198,0.0464,-0.07,-0.0883,0.071,-0.0673,-0.1308,0.2899,0.1165,0.0183,-0.1592,146.5973,160.9176,101.3215,0.82
17.1,513,on_ground,-0.0194,0.2599,-0.552,1.7641,0.8119,0.4602,0.2113,0.0392,-0.0781,-0.0956,0.0712,-0.0708,-0.1463,0.2894,0.1173,0.0174,-0.1668,147.6128,161.38,101.2047,0.8302
17.133,514,on_ground,-0.0105,0.2677,-0.5331,1.7233,0.8008,0.4647,0.2192,0.0487,-0.0696,-0.0927,0.0707,-0.0566,-0.1357,0.2888,0.1183,0.023,-0.1633,147.7352,161.2345,101.0226,0.806
17.167,515,on_ground,-0.0012,0.2756,-0.5186,1.6895,0.7943,0.4701,0.2268,0.0579,-0.0603,-0.0891,0.0701,-0.0496,-0.1291,0.2871,0.1182,0.0289,-0.1592,147.6543,160.9162,100.992,0.777
17.2,516,on_ground,-0.015,0.2725,-0.5339,1.6929,0.8064,0.4764,0.2228,0.0495,-0.0795,-0.1272,0.0672,-0.0657,-0.1475,0.3023,0.129,0.0476,-0.1944,145.4976,158.1415,100.1421,0.7714
17.233,517,on_ground,-0.0275,0.2678,-0.5151,1.6796,0.7829,0.4661,0.2173,0.0427,-0.0976,-0.1544,0.0653,-0.0758,-0.1484,0.3149,0.1403,0.0568,-0.2198,144.2414,156.6824,99.3007,0.7514
17.267,518,on_ground,-0.0276,0.2734,-0.5055,1.6612,0.7789,0.4689,0.2226,0.0485,-0.1036,-0.168,0.0629,-0.0733,-0.142,0.3262,0.1522,0.0644,-0.2309,143.017,155.6495,98.2648,0.7277
17.3,519,on_ground,-0.0442,0.2806,-0.55,1.679,0.8307,0.4947,0.2087,0.0333,-0.1217,-0.1933,0.0604,-0.0902,-0.1519,0.3304,0.1551,0.0716,-0.2538,141.4472,154.3117,97.9944,0.7172
17.333,520,on_ground,-0.0419,0.2885,-0.5722,1.6949,0.8607,0.5078,0.2085,0.0357,-0.1194,-0.2026,0.0588,-0.088,-0.1486,0.328,0.1551,0.0832,-0.2614,139.7595,153.0269,97.8642,0.6916
17.367,521,on_ground,-0.0372,0.2899,-0.5762,1.6954,0.8661,0.5109,0.212,0.0392,-0.1137,-0.2014,0.0585,-0.0922,-0.1569,0.3256,0.1529,0.0877,-0.2599,138.5186,152.4803,97.9518,0.6754
17.4,522,on_ground,-0.0196,0.2965,-0.5608,1.6895,0.8573,0.5074,0.2271,0.0542,-0.0934,-0.1844,0.0571,-0.086,-0.1515,0.3205,0.1476,0.0911,-0.2415,137.8732,152.6003,98.3019,0.6699
17.433,523,on_ground,-0.0101,0.3005,-0.5509,1.6882,0.8514,0.5043,0.235,0.0621,-0.0822,-0.1746,0.0562,-0.0865,-0.1564,0.3172,0.1443,0.0923,-0.2308,137.6615,152.8661,98.5072,0.6689
17.467,524,on_ground,-0.0026,0.302,-0.5436,1.6809,0.8456,0.5031,0.2416,0.0691,-0.0743,-0.1664,0.056,-0.0888,-0.1765,0.3159,0.1434,0.0921,-0.2224,136.9331,152.9745,98.4677,0.6713
17.5,525,on_ground,-0.0017,0.298,-0.5406,1.6767,0.8385,0.5001,0.2408,0.0705,-0.0738,-0.1658,0.0571,-0.0947,-0.1954,0.3146,0.1443,0.0919,-0.2228,136.573,153.5105,98.2395,0.6781
17.533,526,on_ground,0.0077,0.2982,-0.533,1.6629,0.8311,0.4998,0.2493,0.0814,-0.066,-0.1574,0.0574,-0.0897,-0.2041,0.3153,0.1474,0.0914,-0.2148,136.5814,154.0474,97.6645,0.6852
17.567,527,on_ground,0.0076,0.2942,-0.5622,1.6465,0.8565,0.5202,0.2468,0.0828,-0.0676,-0.1519,0.0587,-0.0948,-0.2126,0.3144,0.1504,0.0843,-0.2106,137.651,154.9558,97.1244,0.7063
17.6,528,on_ground,0.0113,0.293,-0.5917,1.6286,0.8847,0.5432,0.2453,0.081,-0.0583,-0.127,0.0619,-0.098,-0.2253,0.3036,0.1393,0.0687,-0.1889,138.0213,156.1902,97.8941,0.7175
17.633,529,on_ground,0.0252,0.2995,-0.6065,1.6075,0.9061,0.5636,0.2526,0.0963,-0.0458,-0.0997,0.064,-0.0809,-0.2206,0.2984,0.1421,0.0539,-0.1637,139.013,157.3354,97.341,0.7266
17.667,530,on_ground,0.0392,0.3033,-0.6112,1.5909,0.9144,0.5748,0.257,0.1092,-0.0309,-0.0739,0.0655,-0.0714,-0.2127,0.2879,0.1401,0.043,-0.1394,139.0396,157.9552,97.2412,0.7321
17.7,531,on_ground,0.05,0.3054,-0.6178,1.5692,0.9232,0.5884,0.2591,0.12,-0.0201,-0.0362,0.067,-0.0637,-0.2074,0.2792,0.1401,0.0161,-0.1031,145.8545,160.9826,97.109,0.7412
17.733,532,on_ground,0.0531,0.2997,-0.6341,1.559,0.9338,0.599,0.2519,0.1207,-0.0144,-0.0215,0.0683,-0.0655,-0.218,0.2663,0.1351,0.0071,-0.0899,148.4397,162.1782,97.3915,0.7547
17.767,533,on_ground,0.0449,0.2839,-0.6624,1.5894,0.9463,0.5954,0.2347,0.1104,-0.0207,-0.0448,0.0666,-0.0745,-0.2396,0.2554,0.1311,0.0241,-0.1114,145.3931,160.8979,97.5467,0.7873
17.8,534,on_ground,0.0439,0.2777,-0.6786,1.6109,0.9563,0.5936,0.2292,0.1109,-0.0231,-0.0476,0.0652,-0.0753,-0.2466,0.2523,0.134,0.0245,-0.1128,146.3169,160.7703,97.0311,0.8041
17.833,535,on_ground,0.0411,0.2717,-0.6926,1.6205,0.9643,0.5951,0.2234,0.1096,-0.0273,-0.051,0.065,-0.0748,-0.247,0.2507,0.1369,0.0237,-0.116,145.5001,160.7683,96.4866,0.8128
17.867,536,on_ground,0.0629,0.2887,-0.6608,1.5851,0.9494,0.599,0.244,0.1326,-0.0068,-0.0223,0.0659,-0.0471,-0.208,0.2508,0.1394,0.0155,-0.0882,144.3189,160.4371,95.5805,0.7954
17.9,537,on_ground,0.0591,0.28,-0.6665,1.5844,0.9465,0.5974,0.2354,0.1278,-0.0096,-0.0073,0.0671,-0.0472,-0.1977,0.2451,0.1374,-0.0024,-0.0744,149.7444,162.6585,95.5348,0.7934
17.933,538,on_ground,0.0468,0.2897,-0.6829,1.5919,0.9726,0.611,0.2208,0.1131,-0.0196,-0.0061,0.0684,-0.0558,-0.1966,0.2404,0.1327,-0.0135,-0.0744,153.1464,164.1148,95.8943,0.7972
17.967,539,on_ground,0.0365,0.3065,-0.6963,1.5968,1.0028,0.628,0.2078,0.0995,-0.0264,-0.0024,0.0688,-0.0618,-0.1949,0.2342,0.1259,-0.024,-0.0712,156.73,165.465,96.5022,0.8044
18.0,540,on_ground,0.0158,0.3087,-0.7236,1.5962,1.0323,0.6468,0.1834,0.0788,-0.0472,-0.0072,0.071,-0.078,-0.2075,0.2306,0.126,-0.04,-0.0782,158.4748,166.3945,96.3049,0.8194
18.033,541,,0.0152,0.3204,-0.7259,1.5978,1.0463,0.6548,0.1764,0.076,-0.0456,0.0057,0.0705,-0.0765,-0.2028,0.222,0.1216,-0.0513,-0.0648,160.3492,166.7004,96.6026,0.8323
18.067,542,,0.0086,0.3278,-0.7342,1.6086,1.0619,0.6602,0.1645,0.0693,-0.0521,0.0047,0.0702,-0.0802,-0.2032,0.2166,0.1215,-0.0568,-0.0655,159.5217,165.8163,96.3991,0.8437
18.1,543,,0.0097,0.3351,-0.7382,1.6176,1.0733,0.6635,0.1612,0.0728,-0.0533,0.0085,0.0686,-0.0789,-0.2015,0.2145,0.1261,-0.0618,-0.0601,157.1435,164.2442,95.6339,0.8546
18.133,544,,-0.016,0.3237,-0.7695,1.6424,1.0932,0.6656,0.1357,0.0513,-0.0833,-0.0037,0.0685,-0.1006,-0.2229,0.219,0.1346,-0.0795,-0.0722,155.5204,161.9283,94.5338,0.8662
18.167,545,,-0.0359,0.3109,-0.7931,1.6576,1.104,0.666,0.1172,0.0337,-0.1056,-0.0056,0.0691,-0.118,-0.2411,0.2228,0.1393,-0.1,-0.0747,154.9653,158.9065,93.9834,0.8718
18.2,546,,-0.083,0.2737,-0.8493,1.6907,1.123,0.6642,0.0723,-0.0056,-0.1604,-0.042,0.0716,-0.162,-0.2878,0.2328,0.1548,-0.1184,-0.1136,154.0175,155.2826,92.7194,0.8786
18.233,547,,-0.1283,0.228,-0.9077,1.7118,1.1357,0.6635,0.0259,-0.0459,-0.2108,-0.0792,0.0746,-0.2078,-0.3398,0.2366,0.1649,-0.1316,-0.1538,155.073,152.7947,91.962,0.8902
18.267,548,,-0.1619,0.1891,-0.9516,1.7324,1.1407,0.6584,-0.0113,-0.0769,-0.2469,-0.1164,0.076,-0.2423,-0.3813,0.2356,0.17,-0.1305,-0.1924,153.7832,152.4317,91.5054,0.9057
18.3,549,,-0.1643,0.1864,-0.9508,1.7225,1.1372,0.6602,-0.0133,-0.0756,-0.2529,-0.1274,0.0761,-0.2377,-0.3822,0.2396,0.1773,-0.1255,-0.2035,152.9538,152.1252,90.5588,0.9135
18.333,550,,-0.1628,0.1796,-0.9533,1.705,1.133,0.6645,-0.0143,-0.0724,-0.2532,-0.1369,0.0764,-0.2383,-0.3869,0.2389,0.1808,-0.1162,-0.2134,152.1977,152.6022,89.7889,0.9276
18.367,551,,-0.146,0.1803,-0.9461,1.6907,1.1264,0.6663,-0.0056,-0.0578,-0.2342,-0.1292,0.0766,-0.2292,-0.3829,0.2285,0.1764,-0.1049,-0.2058,151.1223,153.7958,89.6638,0.9332
18.4,552,,-0.1351,0.1815,-0.9496,1.6611,1.1311,0.6809,-0.0254,-0.0465,-0.2237,-0.1291,0.0767,-0.2259,-0.384,0.1983,0.1772,-0.0946,-0.2058,150.8768,154.1844,88.602,0.9712
18.433,553,,-0.131,0.1804,-0.9496,1.6611,1.13,0.6803,-0.0057,-0.0403,-0.2217,-0.1259,0.0767,-0.2221,-0.3846,0.216,0.1813,-0.0957,-0.2026,151.1817,152.7398,87.3982,0.9822
18.467,554,,-0.1444,0.1723,-0.964,1.6605,1.1363,0.6843,-0.0131,-0.0498,-0.2391,-0.1351,0.0774,-0.2281,-0.3958,0.226,0.1893,-0.104,-0.2125,153.2295,150.065,85.7387,0.9983
18.5,555,,-0.1444,0.1768,-0.9594,1.6613,1.1362,0.6839,-0.0019,-0.0442,-0.2446,-0.1331,0.0772,-0.2184,-0.3913,0.2426,0.2004,-0.1115,-0.2102,153.458,147.2429,83.945,1.0121
18.533,556,,-0.1439,0.1785,-0.9584,1.6605,1.1369,0.6846,0.0064,-0.037,-0.2507,-0.1309,0.077,-0.2096,-0.3899,0.2571,0.2137,-0.1198,-0.2078,153.0348,143.9165,81.6674,1.0299
18.567,557,,-0.1377,0.1848,-0.9559,1.6572,1.1407,0.6883,0.0185,-0.0261,-0.2494,-0.1344,0.0767,-0.1959,-0.3856,0.2678,0.2232,-0.115,-0.211,153.6442,141.8418,79.4207,1.0457
18.6,558,,-0.1325,0.1878,-0.9559,1.6621,1.1437,0.6881,0.0288,-0.0155,-0.2496,-0.1443,0.0758,-0.1858,-0.384,0.2784,0.2341,-0.1053,-0.2201,150.1948,140.172,76.9241,1.0728
18.633,559,,-0.1207,0.2028,-0.9504,1.6728,1.1532,0.6894,0.0439,-0.0012,-0.2402,-0.1524,0.0732,-0.1715,-0.3772,0.2842,0.239,-0.0878,-0.2257,139.5621,140.4013,75.2585,1.1227
18.667,560,,-0.0989,0.2206,-0.9341,1.6842,1.1547,0.6856,0.0686,0.0278,-0.2255,-0.1454,0.071,-0.1498,-0.3643,0.2941,0.2533,-0.0802,-0.2164,137.0868,138.578,72.9221,1.1339
18.7,561,,-0.0922,0.2345,-0.9432,1.6977,1.1776,0.6936,0.0778,0.0403,-0.2247,-0.1535,0.069,-0.1504,-0.3724,0.3025,0.265,-0.0713,-0.2225,127.8086,136.84,70.3668,1.1878
18.733,562,,-0.0833,0.2399,-0.9375,1.6963,1.1773,0.694,0.0938,0.0548,-0.2213,-0.1593,0.068,-0.1447,-0.3713,0.3151,0.2761,-0.062,-0.2273,125.7489,135.376,67.9002,1.2018
18.767,563,,-0.0708,0.253,-0.9191,1.6897,1.1721,0.6936,0.119,0.0709,-0.2125,-0.1493,0.0658,-0.1293,-0.3622,0.3315,0.2834,-0.0632,-0.2151,123.8314,132.754,65.5483,1.1935
18.8,564,,-0.0633,0.2555,-0.8921,1.6585,1.1476,0.692,0.1391,0.0823,-0.209,-0.1484,0.0653,-0.1109,-0.3519,0.3481,0.2913,-0.0606,-0.2137,117.2472,130.0841,62.4328,1.165
18.833,565,,-0.0511,0.2578,-0.8479,1.6172,1.1057,0.6838,0.1608,0.0991,-0.2012,-0.1473,0.065,-0.0848,-0.3345,0.362,0.3003,-0.0539,-0.2123,112.7888,127.0101,58.7319,1.1191
18.867,566,,0.019,0.2769,-0.7199,1.4761,0.9968,0.6753,0.2361,0.172,-0.1339,-0.0895,0.0685,-0.0047,-0.2493,0.37,0.3059,-0.0444,-0.1579,116.5945,122.8234,53.4205,0.9972
18.9,567,,0.0075,0.264,-0.6662,1.4151,0.9302,0.6574,0.2356,0.1669,-0.152,-0.118,0.0696,0.0062,-0.2371,0.3875,0.3189,-0.034,-0.1876,112.1841,119.7077,49.1673,0.9301
18.933,568,,0.0296,0.2887,-0.5687,1.3304,0.8574,0.6445,0.2623,0.1916,-0.1324,-0.1136,0.0698,0.0459,-0.1889,0.3947,0.3239,-0.0188,-0.1834,114.0768,118.1591,45.7829,0.8465
18.967,569,,0.0636,0.3211,-0.4817,1.2567,0.8028,0.6388,0.296,0.2237,-0.0966,-0.0889,0.0693,0.0944,-0.1404,0.3926,0.3203,-0.0076,-0.1582,120.4696,117.2881,43.405,0.7993
19.0,570,,0.0889,0.3404,-0.4317,1.2245,0.7721,0.6306,0.3185,0.2471,-0.0692,-0.0655,0.0678,0.1243,-0.1171,0.3877,0.3163,-0.0037,-0.1332,130.2608,116.3575,41.9267,0.7797
19.033,571,,0.1016,0.3481,-0.4142,1.2278,0.7623,0.6209,0.3281,0.2572,-0.0541,-0.0524,0.0655,0.1314,-0.1215,0.3822,0.3113,-0.0017,-0.1179,138.8653,115.8347,41.3934,0.7819
19.067,572,,0.1003,0.3434,-0.4227,1.2387,0.7662,0.6185,0.3231,0.2514,-0.0508,-0.0578,0.0655,0.1111,-0.1528,0.3739,0.3022,0.0069,-0.1232,138.5424,117.318,42.0011,0.7886
19.1,573,,0.0905,0.3324,-0.4421,1.254,0.7744,0.6176,0.3109,0.2374,-0.0563,-0.0686,0.0653,0.077,-0.1964,0.3672,0.2936,0.0123,-0.1339,137.1909,118.1428,42.3341,0.8043
19.133,574,,0.1231,0.363,-0.4089,1.231,0.7719,0.627,0.3405,0.2677,-0.0215,-0.0201,0.0628,0.0864,-0.1992,0.362,0.2892,-0.0014,-0.0829,118.0707,115.5534,42.4418,0.8255
19.167,575,,0.1542,0.3918,-0.3653,1.2227,0.7571,0.6192,0.3671,0.2969,0.0115,0.0265,0.0578,0.0986,-0.1988,0.3556,0.2853,-0.0149,-0.0314,115.0346,113.4693,42.7505,0.8408
19.2,576,,0.2272,0.4577,-0.2731,1.2572,0.7308,0.5813,0.4316,0.3678,0.0866,0.1231,0.0551,0.158,-0.1416,0.3449,0.2812,-0.0364,0.068,135.0582,110.2656,43.4612,0.8758
19.233,577,,0.288,0.5059,-0.2018,1.2828,0.7076,0.5516,0.4804,0.4255,0.1504,0.211,0.0575,0.2032,-0.0998,0.33,0.2751,-0.0606,0.1535,103.912,105.7763,42.901,0.8991
19.267,578,,0.31,0.5294,-0.1785,1.3322,0.7078,0.5313,0.4909,0.4424,0.1776,0.2627,0.0604,0.2072,-0.102,0.3134,0.2648,-0.0851,0.2024,91.7378,103.2044,44.4903,0.9374
19.3,579,,0.3193,0.5566,-0.1735,1.3756,0.7301,0.5307,0.4897,0.4464,0.1923,0.2959,0.0609,0.1876,-0.1492,0.2974,0.2541,-0.1036,0.235,85.6953,100.8503,45.1989,0.9769
19.333,580,,0.3151,0.5616,-0.2307,1.398,0.7922,0.5667,0.4755,0.4367,0.1935,0.3169,0.064,0.1499,-0.207,0.282,0.2432,-0.1234,0.2529,84.2328,97.7359,45.5964,0.9997
19.367,581,,0.3063,0.555,-0.2887,1.3983,0.8437,0.6034,0.4602,0.4243,0.1883,0.3197,0.0666,0.1237,-0.2411,0.2719,0.236,-0.1314,0.2532,85.564,96.173,45.6309,1.0102
19.4,582,,0.3021,0.5482,-0.3259,1.392,0.8741,0.6279,0.4458,0.4144,0.1897,0.3161,0.069,0.1058,-0.2621,0.2562,0.2248,-0.1264,0.2471,89.2251,97.3617,45.9266,1.0144
19.433,583,,0.2878,0.5314,-0.3771,1.3872,0.9085,0.6549,0.4369,0.3895,0.186,0.3142,0.0729,0.0778,-0.298,0.2508,0.2035,-0.1282,0.2413,93.2656,98.4987,47.7012,1.0157
19.467,584,,0.2769,0.5204,-0.4058,1.3846,0.9262,0.6689,0.4146,0.3679,0.1859,0.313,0.0758,0.0585,-0.3191,0.2287,0.182,-0.1272,0.2372,95.6112,100.8762,50.2106,1.0142
19.5,585,,0.263,0.5061,-0.4316,1.3766,0.9377,0.6812,0.3917,0.3466,0.1794,0.3099,0.0777,0.0421,-0.3385,0.2123,0.1672,-0.1305,0.2322,95.7099,101.6561,52.6429,1.0094
19.533,586,,0.2475,0.4879,-0.4564,1.3692,0.9443,0.6896,0.3644,0.3225,0.1726,0.3016,0.0789,0.0223,-0.3602,0.1918,0.15,-0.129,0.2227,97.4165,103.6597,55.3302,1.0046
19.567,587,,0.2388,0.4677,-0.4813,1.3632,0.949,0.6961,0.3347,0.3008,0.1767,0.2905,0.0796,0.0006,-0.3836,0.158,0.1241,-0.1138,0.2109,101.9777,111.9919,60.9943,1.0028
19.6,588,,0.237,0.4569,-0.4835,1.3446,0.9404,0.6994,0.3237,0.2958,0.1781,0.2834,0.0797,-0.0004,-0.3839,0.1456,0.1177,-0.1053,0.2037,104.0361,115.7583,63.0313,0.9922
19.633,589,,0.2348,0.4403,-0.4869,1.3186,0.9273,0.7032,0.2961,0.2891,0.1805,0.2694,0.0796,-0.004,-0.3856,0.1155,0.1086,-0.0889,0.1898,109.1177,122.4856,65.4165,0.9768
19.667,590,,0.2343,0.4235,-0.4913,1.296,0.9148,0.7059,0.3002,0.284,0.1846,0.2598,0.0797,-0.0086,-0.3899,0.1156,0.0994,-0.0752,0.1801,112.4787,128.9797,68.0009,0.9615
19.7,591,,0.2314,0.4081,-0.4973,1.278,0.9054,0.7084,0.2686,0.2789,0.1839,0.2504,0.0798,-0.0147,-0.3953,0.0847,0.095,-0.0665,0.1707,114.6627,132.7323,69.3442,0.9495
19.733,592,,0.2352,0.4005,-0.4977,1.2669,0.8982,0.7089,0.2587,0.2784,0.192,0.2476,0.0797,-0.0153,-0.3956,0.0667,0.0864,-0.0555,0.1679,116.3417,139.233,71.8769,0.9422
19.767,593,,0.238,0.3835,-0.5172,1.2613,0.9007,0.7141,0.2312,0.2636,0.2123,0.2435,0.0793,-0.0327,-0.4146,0.0189,0.0513,-0.0312,0.1642,119.4197,168.3044,83.9939,0.9376
19.8,594,,0.2388,0.3693,-0.5055,1.2282,0.8748,0.7122,0.2259,0.2669,0.2106,0.2317,0.079,-0.0232,-0.4025,0.0152,0.0563,-0.0211,0.1527,121.8075,167.2219,82.8202,0.9109
19.833,595,,0.2366,0.3601,-0.5013,1.2117,0.8614,0.7109,0.2126,0.2635,0.2098,0.229,0.0792,-0.0219,-0.3986,0.0027,0.0537,-0.0192,0.1497,122.0181,169.2589,84.0029,0.8986
19.867,596,,0.2389,0.3616,-0.4915,1.2083,0.8531,0.7061,0.202,0.2686,0.2093,0.2311,0.0791,-0.015,-0.3891,-0.0073,0.0593,-0.0219,0.152,119.3243,164.8784,82.5866,0.8942
19.9,597,,0.2422,0.3654,-0.4842,1.2093,0.8496,0.7025,0.1852,0.2731,0.2113,0.2348,0.079,-0.0106,-0.3813,-0.0261,0.0618,-0.0235,0.1559,116.8158,162.77,81.9333,0.8966
19.933,598,,0.237,0.3644,-0.488,1.2153,0.8524,0.7014,0.1585,0.2654,0.2086,0.2484,0.0793,-0.0148,-0.3844,-0.0501,0.0569,-0.0398,0.169,107.82,161.4772,83.5983,0.8995
19.967,599,,0.2324,0.3602,-0.4941,1.2222,0.8543,0.699,0.14,0.2591,0.2058,0.248,0.0791,-0.0211,-0.389,-0.0658,0.0533,-0.0422,0.1689,105.314,164.4551,84.6747,0.9036
20.0,600,,0.2359,0.3536,-0.5132,1.2403,0.8669,0.6989,0.1111,0.2493,0.2224,0.2818,0.0793,-0.0381,-0.4064,-0.1114,0.0269,-0.0594,0.2025,91.4355,171.3878,93.842,0.9161
20.033,601,,0.2019,0.2956,-0.6029,1.2609,0.8985,0.7126,0.0512,0.187,0.2168,0.255,0.08,-0.1176,-0.4932,-0.1656,-0.0298,-0.0382,0.175,92.2514,160.804,112.9129,0.9095
20.067,602,,0.2274,0.3035,-0.5888,1.2724,0.8924,0.7013,0.0527,0.202,0.2529,0.2624,0.0797,-0.1099,-0.4794,-0.2002,-0.0509,-0.0095,0.1827,91.2246,150.4066,118.6695,0.8815
20.1,603,,0.2344,0.3037,-0.5769,1.2734,0.8805,0.6915,0.0492,0.2081,0.2607,0.2642,0.08,-0.1027,-0.4678,-0.2115,-0.0525,-0.0035,0.1842,90.1138,150.8744,118.1986,0.8488
20.133,604,,0.2547,0.302,-0.5666,1.2729,0.8686,0.6824,0.0159,0.2175,0.2918,0.2607,0.0803,-0.0959,-0.458,-0.2759,-0.0743,0.0311,0.1804,95.3389,140.9082,122.7061,0.8189
20.167,605,,0.2736,0.3307,-0.5671,1.2546,0.8978,0.7156,-0.0007,0.2191,0.328,0.2488,0.0811,-0.0978,-0.4589,-0.3287,-0.1089,0.0792,0.1676,104.0595,124.9791,129.3751,0.7987
20.2,606,,0.2895,0.3596,-0.565,1.2354,0.9246,0.7484,-0.0479,0.223,0.3561,0.2389,0.0819,-0.0949,-0.4564,-0.404,-0.1331,0.1172,0.1571,112.6193,114.1177,133.181,0.8154
20.233,607,,0.3154,0.3974,-0.5428,1.2152,0.9402,0.7737,-0.0107,0.2414,0.3894,0.2296,0.0821,-0.0768,-0.4343,-0.4,-0.148,0.1597,0.1475,122.2091,105.0496,134.9875,0.829
20.267,608,,0.3391,0.4333,-0.5204,1.2438,0.9537,0.7668,-0.0132,0.2583,0.4198,0.214,0.0823,-0.059,-0.4122,-0.433,-0.1615,0.2058,0.1317,114.3911,96.2989,136.9561,0.8451
20.3,609,,0.3532,0.4609,-0.5187,1.2942,0.9796,0.7569,-0.0388,0.2588,0.4477,0.2028,0.0828,-0.0583,-0.4103,-0.4865,-0.1889,0.2449,0.12,110.6647,87.0447,140.9196,0.8719
20.333,610,,0.4041,0.5343,-0.4903,1.4084,1.0246,0.7275,-0.0658,0.2765,0.5318,0.2168,0.0849,-0.0197,-0.3902,-0.5976,-0.2553,0.315,0.1319,114.8486,68.1134,148.1675,0.9402
20.367,611,,0.35,0.4923,-0.5775,1.4367,1.0698,0.7447,-0.1636,0.2104,0.4895,0.1707,0.087,-0.099,-0.4749,-0.6531,-0.2791,0.3188,0.0837,92.8053,57.5649,151.4623,0.9603
20.4,612,,0.5392,0.7363,-0.3833,1.6978,1.1196,0.6594,0.0151,0.3587,0.7197,0.2803,0.0796,0.0621,-0.2846,-0.7046,-0.361,0.4394,0.2007,131.9877,55.824,158.1937,1.0568
20.433,613,,0.2932,0.4588,-0.6794,1.4955,1.1382,0.7611,-0.226,0.1298,0.4567,0.106,0.0879,-0.1975,-0.5726,-0.6827,-0.3269,0.3507,0.0181,68.0684,46.5981,158.0415,1.0051
20.467,614,,0.2649,0.45,-0.7361,1.5532,1.1861,0.7636,-0.2598,0.084,0.4457,0.0748,0.091,-0.2515,-0.629,-0.7056,-0.3617,0.3709,-0.0162,49.5933,38.4924,161.8598,1.0436
20.5,615,,0.0463,0.2636,-1.0747,1.6068,1.3382,0.8329,-0.5913,-0.1667,0.2593,-0.1483,0.0952,-0.5431,-0.9575,-0.8506,-0.426,0.4076,-0.2435,15.135,31.9819,164.4456,1.0727
20.533,616,,-0.0877,0.1524,-1.2926,1.6517,1.4451,0.8749,-0.7871,-0.3221,0.1467,-0.2793,0.0963,-0.7303,-1.1679,-0.9338,-0.4688,0.4259,-0.3756,19.9814,29.064,165.4136,1.0964
20.567,617,,-0.0479,0.192,-1.2509,1.6774,1.4429,0.8602,-0.7495,-0.2824,0.1867,-0.2378,0.0963,-0.6938,-1.1277,-0.9362,-0.4692,0.4245,-0.3341,18.9811,27.817,165.1981,1.1111
20.6,618,,0.0129,0.2461,-1.179,1.6964,1.4251,0.8401,-0.68,-0.217,0.2428,-0.1932,0.0967,-0.629,-1.0579,-0.9228,-0.4598,0.436,-0.2899,16.8333,27.3696,164.9834,1.1277
20.633,619,,0.101,0.3377,-1.0783,1.7576,1.416,0.8057,-0.5541,-0.1354,0.3374,-0.1355,0.0952,-0.5388,-0.959,-0.8915,-0.4728,0.4729,-0.2307,16.5765,27.9873,165.441,1.1797
20.667,620,,0.1822,0.4195,-0.9798,1.8049,1.3993,0.7752,-0.4617,-0.0544,0.4188,-0.0733,0.0933,-0.4518,-0.8637,-0.8804,-0.4732,0.492,-0.1665,12.0776,27.3916,165.8184,1.2217
20.7,621,,0.294,0.5133,-0.8239,1.8054,1.3373,0.7407,-0.342,0.0767,0.5112,0.0354,0.0941,-0.3177,-0.7141,-0.8532,-0.4345,0.4758,-0.0587,29.8371,27.3041,165.5811,1.2304
20.733,622,,0.3531,0.5615,-0.7471,1.8104,1.3086,0.7229,-0.2318,0.147,0.5593,0.0879,0.0943,-0.2509,-0.6404,-0.7911,-0.4123,0.4713,-0.0064,59.6737,27.4037,165.2369,1.2437
20.767,623,,0.3977,0.6005,-0.6883,1.8196,1.2888,0.7083,-0.1689,0.1977,0.5977,0.1237,0.0946,-0.1991,-0.5839,-0.7666,-0.4,0.474,0.0291,76.3663,27.3674,165.2343,1.2605
20.8,624,,0.3519,0.5543,-0.7623,1.8144,1.3166,0.7257,-0.2373,0.1504,0.5534,0.0701,0.094,-0.256,-0.6544,-0.7908,-0.403,0.4833,-0.0239,57.2762,26.8811,164.9729,1.2754
20.833,625,,0.3981,0.5984,-0.7065,1.8392,1.3048,0.7095,-0.1718,0.1997,0.5965,0.108,0.0928,-0.2065,-0.5998,-0.7684,-0.3969,0.4885,0.0153,76.4523,26.9589,165.1427,1.2926
20.867,626,,0.4137,0.616,-0.6969,1.8675,1.3129,0.703,-0.1491,0.2143,0.6131,0.1175,0.0923,-0.1932,-0.5902,-0.7622,-0.3988,0.4957,0.0251,80.8432,26.8099,165.1451,1.3129
20.9,627,,0.4217,0.6287,-0.7036,1.9082,1.3322,0.6981,-0.1307,0.2187,0.6247,0.1165,0.0919,-0.1934,-0.5968,-0.7553,-0.4059,0.5082,0.0246,81.541,26.726,165.0741,1.3394
20.933,628,,0.4298,0.6424,-0.7121,1.9556,1.3545,0.6926,-0.1157,0.2216,0.638,0.1148,0.091,-0.1949,-0.6057,-0.7537,-0.4164,0.5232,0.0238,80.9231,26.5192,165.0813,1.3672
20.967,629,,0.4512,0.6679,-0.6917,1.9927,1.3597,0.6823,-0.0767,0.2419,0.6605,0.1297,0.0892,-0.1731,-0.587,-0.7372,-0.4186,0.5308,0.0405,83.7026,27.0401,164.704,1.3888
21.0,630,,0.5009,0.7162,-0.6206,2.0171,1.3368,0.6627,0.0112,0.2989,0.7029,0.1708,0.0901,-0.1086,-0.5188,-0.6917,-0.404,0.5321,0.0807,97.83,29.0196,163.4564,1.4002
21.033,631,,0.5386,0.7541,-0.5648,2.0426,1.3188,0.6457,0.0683,0.3412,0.7361,0.2031,0.092,-0.063,-0.4686,-0.6679,-0.395,0.5331,0.111,124.7286,29.6159,162.9506,1.4079
21.067,632,,0.5685,0.7824,-0.5064,2.0471,1.2888,0.6296,0.062,0.3765,0.7605,0.2296,0.0922,-0.0191,-0.4198,-0.6986,-0.384,0.5309,0.1374,141.5774,31.3284,162.3175,1.4093
21.1,633,,0.5794,0.7857,-0.4694,2.0264,1.2551,0.6194,0.0923,0.3979,0.7608,0.2388,0.0883,0.008,-0.3904,-0.6685,-0.3629,0.522,0.1505,132.5916,35.0641,160.8115,1.3991
21.133,634,,0.6043,0.8038,-0.4297,2.0431,1.2335,0.6037,0.1371,0.4369,0.7716,0.262,0.0861,0.0521,-0.3546,-0.6345,-0.3347,0.5096,0.1759,129.8557,36.691,159.2105,1.4068
21.167,635,,0.7136,0.8478,-0.1863,2.0261,1.0341,0.5104,,0.615,0.8122,0.3491,0.0865,0.2538,-0.0503,,-0.1972,0.4631,0.2626,137.6309,50.1899,144.0144,1.3936
21.2,636,,0.7797,0.8876,-0.095,1.9917,0.9826,0.4933,,0.6981,0.8613,0.4254,0.0863,0.2897,-0.0342,,-0.1632,0.4359,0.3391,144.0933,60.4471,134.1189,1.4028
21.233,637,,0.7934,0.9125,-0.0647,2.0359,0.9773,0.48,0.5308,0.7015,0.8852,0.4364,0.0867,0.3104,-0.0491,-0.3545,-0.1837,0.4488,0.3498,146.4022,52.7943,140.3219,1.3988
21.267,638,,0.8109,0.9405,-0.0432,2.0804,0.9837,0.4729,0.4953,0.7073,0.9145,0.439,0.0865,0.3348,-0.0334,-0.4192,-0.2072,0.4755,0.3526,149.5067,47.4507,144.4953,1.3872
21.3,639,,0.8725,0.9384,-0.0135,1.9697,0.9519,0.4833,0.8356,0.8095,0.9356,0.4661,0.0866,0.4008,0.0198,-0.1,-0.1262,0.4695,0.3795,151.9066,63.5842,127.3542,1.2796
21.333,640,,0.9211,0.9822,0.0457,2.0092,0.9366,0.4661,0.8948,0.8866,0.9556,0.4887,0.0799,0.4979,0.1505,-0.0608,-0.069,0.4669,0.4088,160.2888,73.0991,111.6172,1.4331
21.367,641,,0.9279,0.9722,0.057,1.9606,0.9152,0.4668,0.9516,0.9009,0.9548,0.4896,0.0808,0.5067,0.1467,-0.0033,-0.0539,0.4653,0.4088,168.086,77.7954,109.5864,1.2486
21.4,642,,0.9249,0.9719,0.0601,1.9589,0.9118,0.4655,0.7723,0.8807,0.9692,0.4853,0.0821,0.527,0.176,-0.1969,-0.0885,0.4838,0.4033,168.2388,69.0471,117.893,1.2511
21.433,643,,0.9406,0.998,0.0662,2.0464,0.9318,0.4553,0.7387,0.8948,0.9865,0.4921,0.0841,0.5662,0.2323,-0.2478,-0.0916,0.4944,0.4079,167.1492,63.5514,123.3232,1.3493
21.467,644,,0.9497,0.9989,0.0703,2.0481,0.9286,0.4534,0.757,0.9132,0.9862,0.4891,0.0858,0.6072,0.2958,-0.2292,-0.073,0.497,0.4034,166.2234,63.3867,123.4054,1.3334
21.5,645,,0.9638,0.984,0.0686,1.9997,0.9154,0.4578,0.7514,0.9534,0.9742,0.4855,0.0866,0.6602,0.3634,-0.2228,-0.0208,0.4887,0.3989,164.4346,78.8538,106.5985,1.2765
21.533,646,,0.9801,0.9972,0.0681,2.1137,0.9291,0.4396,0.8302,0.9958,0.9644,0.4831,0.0872,0.7186,0.4319,-0.1343,0.0313,0.4813,0.396,164.4642,113.7052,82.2502,1.2601
21.567,647,,0.9923,1.0324,0.0681,2.2393,0.9643,0.4306,0.8994,1.0302,0.9545,0.4867,0.0875,0.7753,0.5001,-0.0551,0.0758,0.4678,0.3992,165.8135,139.2864,61.6354,1.2878
21.6,648,,1.0022,1.0806,0.0679,2.3801,1.0127,0.4255,0.9593,1.0756,0.9288,0.4967,0.0875,0.8249,0.5537,0.0305,0.1467,0.4321,0.4092,165.9365,151.0621,41.4502,1.3494
21.633,649,,1.014,1.122,0.0675,2.5352,1.0545,0.4159,1.0313,1.1162,0.9118,0.501,0.0876,0.8795,0.606,0.1194,0.2043,0.4108,0.4134,166.6445,153.9374,32.314,1.4073
21.667,650,,1.0285,1.1726,0.0682,2.7653,1.1044,0.3994,1.113,1.1554,0.9016,0.5039,0.0877,0.9221,0.6532,0.2115,0.2539,0.3976,0.4162,167.7037,155.7501,26.6844,1.4749
21.7,651,,1.0438,1.2308,0.0698,3.0333,1.161,0.3828,1.1861,1.1924,0.8952,0.504,0.0877,0.9625,0.6955,0.2909,0.2972,0.3912,0.4162,168.9568,157.3894,23.1009,1.5579
21.733,652,,1.06,1.2927,0.0698,3.3598,1.2229,0.364,1.2541,1.2283,0.8917,0.5039,0.0877,1.0006,0.734,0.3625,0.3367,0.3877,0.4163,170.2765,158.861,20.684,1.6511
21.767,653,,1.0744,1.353,0.0708,3.6917,1.2822,0.3473,1.3143,1.2618,0.887,0.5019,0.0876,1.0331,0.7676,0.4273,0.3748,0.3851,0.4143,171.4902,160.1734,18.7578,1.7521
21.8,654,,1.0906,1.4065,0.0723,4.0254,1.3342,0.3314,1.3626,1.2949,0.8864,0.5006,0.0876,1.0589,0.7927,0.4762,0.4086,0.3858,0.413,172.3414,161.177,16.8614,1.8527
21.833,655,,1.1047,1.4533,0.0736,4.3488,1.3797,0.3173,1.4097,1.3195,0.89,0.5,0.0875,1.0779,0.811,0.5197,0.4295,0.3899,0.4126,173.1613,161.8712,15.3929,1.9504
21.867,656,,1.1165,1.4861,0.0758,4.593,1.4104,0.3071,1.4431,1.3409,0.8921,0.4986,0.0873,1.0964,0.8236,0.5509,0.4488,0.3935,0.4112,174.0542,162.6099,14.1517,2.0316
21.9,657,,1.1258,1.5132,0.0746,4.8095,1.4386,0.2991,1.4731,1.3597,0.8919,0.4968,0.0872,1.1066,0.8309,0.5812,0.4677,0.3951,0.4096,174.8546,163.0897,12.928,2.1035
21.933,658,,1.134,1.5196,0.0734,4.8726,1.4462,0.2968,1.4902,1.3755,0.8924,0.495,0.0871,1.1205,0.8421,0.5977,0.4831,0.3975,0.4078,175.6214,163.9004,11.7949,2.106
21.967,659,,1.1398,1.5401,0.0723,5.0439,1.4679,0.291,1.5123,1.3881,0.8914,0.4916,0.0871,1.1295,0.8516,0.6209,0.4966,0.3999,0.4045,176.5196,164.7284,10.6349,2.1511
22.0,660,upright,1.1415,1.563,0.0722,5.2441,1.4909,0.2843,1.5372,1.3981,0.8849,0.4852,0.0871,1.1371,0.8563,0.6523,0.5132,0.3997,0.3981,177.1236,165.2757,9.7012,2.1691
22.033,661,upright,1.1427,1.5824,0.0717,5.4228,1.5106,0.2786,1.5545,1.4086,0.8767,0.4757,0.0871,1.1431,0.8595,0.6778,0.5319,0.401,0.3886,177.3232,165.7188,8.9037,2.1724
22.067,662,upright,1.1429,1.5983,0.0717,5.5738,1.5266,0.2739,1.5707,1.4186,0.8672,0.4656,0.0871,1.1502,0.8632,0.7035,0.5515,0.4016,0.3785,176.9241,165.907,8.0162,2.1709
22.1,663,upright,1.1455,1.6096,0.0713,5.6833,1.5382,0.2707,1.5825,1.4271,0.864,0.461,0.087,1.1543,0.8665,0.7185,0.5631,0.403,0.3739,176.527,165.8865,7.0715,2.1658
22.133,664,upright,1.1468,1.6159,0.0716,5.7479,1.5443,0.2687,1.5926,1.4317,0.8618,0.458,0.087,1.1547,0.8648,0.7307,0.5699,0.4038,0.371,176.1565,165.8869,6.1562,2.1546
22.167,665,upright,1.1476,1.6228,0.0707,5.8161,1.5521,0.2669,1.6011,1.4363,0.859,0.4562,0.087,1.1577,0.866,0.7421,0.5773,0.4028,0.3693,175.5966,165.698,5.3553,2.1429
22.2,666,upright,1.1484,1.6281,0.0694,5.8721,1.5587,0.2655,1.6056,1.4399,0.8569,0.4555,0.0868,1.1613,0.8695,0.7487,0.583,0.4014,0.3686,175.1093,165.4774,4.724,2.098
22.233,667,upright,1.1496,1.6333,0.0682,5.9286,1.5651,0.264,1.61,1.4418,0.8574,0.4572,0.0867,1.1631,0.872,0.7526,0.5844,0.4001,0.3705,174.4085,165.2485,4.1436,2.0602
22.267,668,upright,1.1507,1.6378,0.0681,5.9753,1.5697,0.2627,1.6141,1.4434,0.8579,0.457,0.0866,1.1644,0.874,0.7562,0.5855,0.4009,0.3704,174.0662,165.2299,3.3634,2.0321
22.3,669,upright,1.1517,1.6425,0.0682,6.0257,1.5743,0.2613,1.6173,1.445,0.8584,0.457,0.0864,1.1653,0.8756,0.759,0.5866,0.4014,0.3707,173.7607,165.5727,2.921,2.0132
22.333,670,upright,1.1541,1.6455,0.0687,6.0529,1.5768,0.2605,1.6208,1.4471,0.8611,0.4584,0.0862,1.1659,0.8766,0.7597,0.586,0.4028,0.3721,173.8903,165.8404,2.1443,2.0092
22.367,671,upright,1.1563,1.6484,0.0705,6.0749,1.5779,0.2597,1.6235,1.4484,0.8642,0.46,0.0861,1.1683,0.8794,0.7592,0.5842,0.4042,0.3739,174.3182,166.3306,1.8598,2.018
22.4,672,upright,1.1594,1.6524,0.0738,6.1021,1.5786,0.2587,1.6266,1.4501,0.8688,0.4622,0.0859,1.1714,0.8833,0.7578,0.5813,0.4066,0.3763,174.8974,166.7879,1.6004,2.0287
22.433,673,upright,1.1631,1.6573,0.0791,6.1313,1.5782,0.2574,1.6303,1.453,0.8732,0.462,0.0856,1.1762,0.8881,0.7571,0.5798,0.4112,0.3764,175.325,167.4452,1.1565,2.0325
22.467,674,upright,1.169,1.6628,0.0852,6.1692,1.5776,0.2557,1.6343,1.4571,0.8808,0.4638,0.0852,1.182,0.895,0.7535,0.5763,0.417,0.3786,175.7335,168.2114,0.7798,2.0436
22.5,675,upright,1.1741,1.6674,0.0784,6.2058,1.589,0.256,1.6381,1.4603,0.8879,0.465,0.0848,1.1864,0.9011,0.7502,0.5724,0.4229,0.3802,175.7828,168.8526,0.5122,2.0586
22.533,676,upright,1.1767,1.6693,0.0751,6.2197,1.5942,0.2563,1.6397,1.4617,0.8917,0.4659,0.0843,1.1887,0.9043,0.748,0.5699,0.4258,0.3816,176.013,169.3745,0.3768,2.0662
22.567,677,upright,1.1777,1.6709,0.0716,6.23,1.5993,0.2567,1.6412,1.4626,0.8928,0.4651,0.084,1.1903,0.9066,0.7485,0.5698,0.4276,0.3811,176.2166,169.7131,0.3514,2.0758
22.6,678,upright,1.1775,1.6717,0.0697,6.2354,1.602,0.2569,1.6421,1.4626,0.8923,0.4635,0.0838,1.1897,0.907,0.7498,0.5702,0.4288,0.3797,176.4902,169.8662,0.516,2.0851
22.633,679,upright,1.1751,1.672,0.0689,6.2359,1.6031,0.2571,1.6436,1.4615,0.8888,0.46,0.0837,1.1889,0.9065,0.7549,0.5728,0.4288,0.3763,176.5852,170.0515,0.66,2.0938
22.667,680,upright,1.1725,1.6722,0.0694,6.2367,1.6028,0.257,1.6451,1.4605,0.8845,0.456,0.0836,1.1875,0.9051,0.7606,0.576,0.4285,0.3723,176.6427,170.2433,0.797,2.1017
22.7,681,upright,1.17,1.6722,0.0705,6.2346,1.6017,0.2569,1.6466,1.4602,0.8799,0.4522,0.0836,1.1862,0.9035,0.7667,0.5803,0.4277,0.3686,176.7101,170.453,0.8973,2.1195
22.733,682,upright,1.1684,1.6718,0.0684,6.2313,1.6034,0.2573,1.6476,1.4599,0.8768,0.4503,0.0835,1.1847,0.9007,0.7707,0.583,0.4266,0.3668,176.8936,170.6771,1.0627,2.1511
22.767,683,upright,1.1665,1.6708,0.0668,6.2196,1.6039,0.2579,1.6491,1.4588,0.8741,0.4488,0.0834,1.1828,0.8969,0.775,0.5847,0.4253,0.3653,177.1451,170.8706,1.2765,2.1906
22.8,684,upright,1.1677,1.6706,0.0678,6.2083,1.6028,0.2582,1.6516,1.4593,0.8762,0.4511,0.0834,1.1811,0.8941,0.7754,0.5831,0.4251,0.3677,176.9304,170.6869,1.6868,2.2307
22.833,685,upright,1.1683,1.6695,0.0685,6.1851,1.601,0.2588,1.6536,1.4598,0.8767,0.4529,0.0834,1.1782,0.8889,0.7769,0.5832,0.4238,0.3694,176.7869,170.6454,2.185,2.2646
22.867,686,upright,1.1684,1.6692,0.0687,6.1734,1.6006,0.2593,1.6538,1.4598,0.8771,0.4543,0.0834,1.1742,0.8841,0.7767,0.5827,0.4228,0.3709,176.7253,170.6381,2.6442,2.2936
22.9,687,upright,1.1668,1.6688,0.0687,6.1634,1.6001,0.2596,1.6564,1.459,0.8745,0.454,0.0834,1.1708,0.8827,0.7819,0.5845,0.4206,0.3706,176.6099,170.6037,3.1927,2.3155
22.933,688,upright,1.1649,1.6677,0.0695,6.1526,1.5982,0.2598,1.6563,1.4577,0.8721,0.4536,0.0834,1.168,0.8804,0.7842,0.5856,0.4185,0.3702,176.4954,170.5194,3.7422,2.3293
22.967,689,upright,1.1638,1.6681,0.0698,6.1534,1.5983,0.2597,1.6566,1.4561,0.8716,0.4537,0.0834,1.1657,0.8786,0.785,0.5846,0.4178,0.3703,176.4596,170.3988,4.2047,2.3345
23.0,690,upright,1.1635,1.6681,0.0696,6.1516,1.5984,0.2598,1.6563,1.4548,0.8723,0.455,0.0834,1.1635,0.8769,0.7841,0.5826,0.4172,0.3716,176.4212,170.2784,4.5748,2.3322
23.033,691,upright,1.1637,1.6676,0.0696,6.1439,1.5979,0.2601,1.6557,1.4538,0.8735,0.4559,0.0834,1.1622,0.8748,0.7823,0.5804,0.4176,0.3725,176.4491,170.1837,4.9117,2.3275
23.067,692,upright,1.1636,1.6665,0.0697,6.1322,1.5969,0.2604,1.6554,1.4536,0.8737,0.4556,0.0834,1.1626,0.8732,0.7817,0.5799,0.4181,0.3722,176.4632,170.2523,5.2043,2.3198
23.1,693,upright,1.1631,1.6662,0.0692,6.1292,1.597,0.2606,1.6548,1.4531,0.8731,0.4545,0.0834,1.1618,0.8709,0.7817,0.58,0.4186,0.3711,176.3833,170.3236,5.4823,2.3102
23.133,694,upright,1.1629,1.6648,0.0692,6.1139,1.5956,0.261,1.653,1.4528,0.873,0.4538,0.0834,1.1612,0.8685,0.78,0.5798,0.4192,0.3703,176.3525,170.3801,5.6645,2.2962
23.167,695,upright,1.1617,1.6625,0.0693,6.0874,1.5931,0.2617,1.6505,1.4521,0.8712,0.4518,0.0834,1.1602,0.8654,0.7793,0.5809,0.4194,0.3684,176.3134,170.3585,5.8694,2.2803
23.2,696,upright,1.1599,1.6603,0.0688,6.0643,1.5915,0.2624,1.648,1.4514,0.8685,0.4497,0.0834,1.1587,0.8625,0.7795,0.5829,0.4188,0.3662,176.3533,170.2926,6.1267,2.265
23.233,697,upright,1.1587,1.6606,0.0687,6.0671,1.592,0.2624,1.6452,1.4512,0.8662,0.4455,0.0834,1.1578,0.8599,0.779,0.585,0.4206,0.3621,176.4509,170.3445,6.3515,2.2522
23.267,698,upright,1.1564,1.6604,0.0684,6.0646,1.592,0.2625,1.6424,1.45,0.8629,0.4421,0.0834,1.1566,0.8576,0.7795,0.5871,0.4208,0.3587,176.5269,170.3452,6.5225,2.238
23.3,699,upright,1.1544,1.6607,0.0683,6.0675,1.5924,0.2625,1.6407,1.4491,0.8597,0.439,0.0834,1.1555,0.8554,0.781,0.5895,0.4207,0.3556,176.5975,170.318,6.6936,2.2286
23.333,700,upright,1.1538,1.6603,0.0677,6.0636,1.5926,0.2626,1.6394,1.4487,0.8588,0.4375,0.0833,1.1547,0.8539,0.7806,0.5899,0.4213,0.3541,176.6246,170.3437,6.8262,2.2211
23.367,701,upright,1.153,1.6594,0.068,6.0531,1.5914,0.2629,1.6384,1.4484,0.8576,0.436,0.0833,1.1536,0.8522,0.7808,0.5909,0.4215,0.3527,176.6708,170.3982,6.9532,2.2165
23.4,702,upright,1.1515,1.6577,0.0679,6.0366,1.5898,0.2634,1.6369,1.4473,0.8557,0.4351,0.0833,1.1518,0.8502,0.7812,0.5916,0.4206,0.3517,176.7286,170.3725,7.0468,2.2133
23.433,703,upright,1.1499,1.6553,0.0678,6.0125,1.5875,0.264,1.6351,1.4458,0.8541,0.4343,0.0833,1.1501,0.8488,0.7811,0.5917,0.4198,0.351,176.8099,170.3263,7.1526,2.2107
23.467,704,upright,1.1478,1.6542,0.0678,6.0016,1.5864,0.2643,1.6341,1.4442,0.8513,0.4325,0.0833,1.1485,0.8486,0.7828,0.5928,0.4188,0.3492,176.9012,170.3086,7.2304,2.2125
23.5,705,upright,1.1457,1.6531,0.0678,5.9921,1.5853,0.2646,1.633,1.4426,0.8488,0.4308,0.0833,1.1465,0.8485,0.7842,0.5938,0.418,0.3475,176.9714,170.3511,7.3293,2.2137
23.533,706,upright,1.1448,1.6517,0.068,5.9781,1.5836,0.2649,1.6317,1.4414,0.8482,0.4306,0.0833,1.1448,0.8489,0.7835,0.5932,0.4176,0.3473,177.0147,170.412,7.4323,2.2123
23.567,707,upright,1.1444,1.6509,0.0678,5.9709,1.5831,0.2651,1.6309,1.4408,0.848,0.4299,0.0832,1.1439,0.8501,0.7829,0.5928,0.4181,0.3466,177.0016,170.5003,7.5455,2.211
23.6,708,upright,1.1444,1.65,0.067,5.9626,1.583,0.2655,1.6298,1.4403,0.8484,0.4311,0.0832,1.1438,0.8541,0.7815,0.592,0.4173,0.3479,176.9359,170.5799,7.653,2.2114
23.633,709,upright,1.1437,1.6491,0.0665,5.9547,1.5826,0.2658,1.6286,1.44,0.8474,0.4298,0.0832,1.1458,0.8632,0.7813,0.5927,0.4175,0.3466,176.9248,170.6522,7.747,2.213
23.667,710,upright,1.1434,1.6482,0.0663,5.9453,1.5819,0.2661,1.6275,1.4394,0.8473,0.4298,0.0832,1.1481,0.8797,0.7802,0.5921,0.4176,0.3466,176.9337,170.6854,7.895,2.216
23.7,711,upright,1.1434,1.6473,0.0663,5.9355,1.581,0.2664,1.6264,1.4386,0.8482,0.431,0.0832,1.153,0.9048,0.7782,0.5905,0.4172,0.3478,176.8305,170.6416,8.0149,2.2309
23.733,712,upright,1.1423,1.6469,0.0662,5.9319,1.5806,0.2665,1.6254,1.4378,0.8468,0.4311,0.0832,1.1575,0.9289,0.7785,0.591,0.4157,0.348,176.7327,170.6114,8.0758,2.2562
23.767,713,upright,1.1414,1.6326,0.0657,5.7749,1.5668,0.2713,1.6189,1.4369,0.8459,0.4317,0.0832,1.162,0.9543,0.773,0.591,0.4143,0.3485,176.6634,170.5902,8.1959,2.2721
23.8,714,upright,1.1417,1.6327,0.0651,5.7738,1.5676,0.2715,1.6185,1.4367,0.8467,0.4325,0.0831,1.1642,0.9719,0.7718,0.59,0.4142,0.3493,176.5783,170.6179,8.3113,2.3148
23.833,715,upright,1.1415,1.6328,0.0653,5.7765,1.5675,0.2714,1.618,1.4347,0.8484,0.4335,0.0831,1.1597,0.9864,0.7696,0.5862,0.4149,0.3504,176.4649,170.7734,8.4217,2.3524
23.867,716,upright,1.1413,1.6333,0.0664,5.7824,1.567,0.271,1.6177,1.4332,0.8493,0.4335,0.0831,1.154,1.0084,0.7683,0.5838,0.4158,0.3504,176.3626,170.9589,8.5688,2.3808
23.9,717,upright,1.1417,1.6342,0.0673,5.7907,1.5669,0.2706,1.6175,1.4331,0.8504,0.4337,0.0831,1.1504,1.0262,0.7671,0.5827,0.4167,0.3506,176.3353,171.228,8.8056,2.4029
23.933,718,upright,1.1411,1.6351,0.0678,5.801,1.5673,0.2702,1.6172,1.4322,0.85,0.4325,0.0831,1.1483,1.0427,0.7672,0.5822,0.4175,0.3494,176.2752,171.4065,8.9385,2.4128
23.967,719,upright,1.1397,1.6352,0.065,5.8082,1.5702,0.2703,1.6164,1.4317,0.8477,0.4301,0.0831,1.1467,1.058,0.7686,0.5839,0.4176,0.347,176.1104,171.3362,8.9616,2.4537
24.0,720,upright,1.1391,1.6364,0.0655,5.818,1.5708,0.27,1.6164,1.4316,0.8467,0.4299,0.0831,1.1483,1.0736,0.7697,0.5849,0.4168,0.3468,176.2295,171.3814,9.0955,2.4167
24.033,721,upright,1.1383,1.6374,0.0658,5.8261,1.5716,0.2697,1.6165,1.4316,0.8449,0.4297,0.0831,1.1519,1.0883,0.7716,0.5867,0.4152,0.3466,176.3159,171.5523,9.225,2.3622
24.067,722,upright,1.1376,1.6388,0.0657,5.8383,1.5731,0.2694,1.6172,1.4313,0.8439,0.4299,0.0831,1.1565,1.0982,0.7733,0.5874,0.414,0.3468,176.3305,171.7567,9.363,2.327
24.1,723,upright,1.1372,1.6396,0.0658,5.8442,1.5738,0.2693,1.6165,1.4314,0.8431,0.4297,0.0831,1.1611,1.1043,0.7734,0.5883,0.4134,0.3466,176.3372,171.8726,9.4947,2.3033
24.133,724,upright,1.1376,1.6398,0.0655,5.8453,1.5743,0.2693,1.616,1.4317,0.8436,0.4314,0.0831,1.1663,1.11,0.7724,0.5881,0.4122,0.3483,176.2812,171.9604,9.6753,2.2891
24.167,725,upright,1.1373,1.6395,0.0654,5.8426,1.5742,0.2694,1.6149,1.4317,0.8428,0.4325,0.0831,1.1713,1.1143,0.7721,0.5888,0.4103,0.3494,176.2388,172.0364,9.8171,2.2782
24.2,726,upright,1.138,1.6408,0.065,5.854,1.5758,0.2692,1.6144,1.4327,0.8432,0.433,0.0831,1.1773,1.1198,0.7712,0.5895,0.4102,0.35,176.2372,172.1731,9.9015,2.2774
24.233,727,upright,1.1392,1.6416,0.0649,5.8599,1.5768,0.2691,1.6141,1.4337,0.8447,0.4351,0.0831,1.1826,1.1243,0.7694,0.5889,0.4096,0.352,176.2514,172.2459,9.9567,2.2757
24.267,728,upright,1.1403,1.6426,0.0648,5.8691,1.5778,0.2688,1.6131,1.4349,0.8458,0.4363,0.0831,1.1869,1.1267,0.7674,0.5892,0.4095,0.3532,176.2546,172.2734,10.0116,2.2739
24.3,729,upright,1.1421,1.6438,0.0648,5.8796,1.5791,0.2686,1.6126,1.4366,0.8476,0.437,0.0831,1.1901,1.1287,0.765,0.589,0.4106,0.3539,176.2907,172.3518,9.9998,2.2704
24.333,730,upright,1.1425,1.6444,0.0646,5.8856,1.5798,0.2684,1.611,1.4374,0.8475,0.4365,0.0831,1.192,1.1297,0.7635,0.5899,0.411,0.3534,176.3517,172.3475,10.0302,2.2672
24.367,731,upright,1.1434,1.6451,0.0649,5.8915,1.5802,0.2682,1.6094,1.4391,0.8476,0.4359,0.0831,1.1931,1.1304,0.7618,0.5915,0.4117,0.3528,176.5071,172.3257,10.0448,2.2656
24.4,732,upright,1.1437,1.645,0.0647,5.8894,1.5803,0.2683,1.6072,1.4398,0.8476,0.4354,0.0831,1.1943,1.1313,0.7595,0.5921,0.4123,0.3523,176.6108,172.2746,10.0294,2.2644
24.433,733,upright,1.1445,1.6444,0.0648,5.8819,1.5796,0.2686,1.6056,1.4407,0.8483,0.4345,0.0831,1.1944,1.1309,0.7573,0.5923,0.4138,0.3514,176.7259,172.343,9.9829,2.2613
24.467,734,upright,1.1455,1.6437,0.065,5.8703,1.5787,0.2689,1.6038,1.4422,0.8488,0.4329,0.0831,1.1942,1.1308,0.755,0.5934,0.416,0.3498,176.9641,172.3518,9.895,2.2579
24.5,735,upright,1.1459,1.6424,0.0653,5.8547,1.5771,0.2694,1.6017,1.443,0.8488,0.4322,0.0831,1.1931,1.1291,0.7529,0.5942,0.4166,0.3491,177.1129,172.386,9.8237,2.2528
24.533,736,upright,1.1469,1.6416,0.0658,5.8456,1.5758,0.2696,1.5996,1.4437,0.8502,0.4327,0.0831,1.1905,1.1212,0.7494,0.5935,0.4174,0.3497,177.192,172.3656,9.832,2.2496
24.567,737,upright,1.1474,1.6403,0.0656,5.8331,1.5746,0.2699,1.5973,1.444,0.8507,0.4323,0.0831,1.185,1.1012,0.7466,0.5933,0.4184,0.3492,177.1104,172.2802,9.9009,2.2522
24.6,738,upright,1.1482,1.6383,0.0655,5.8132,1.5728,0.2706,1.5951,1.4444,0.852,0.4326,0.0831,1.1789,1.0733,0.7431,0.5924,0.4194,0.3495,177.094,172.1682,9.9114,2.2626
24.633,739,upright,1.1489,1.6359,0.0653,5.79,1.5706,0.2713,1.5929,1.4439,0.8538,0.4337,0.0831,1.1742,1.0457,0.7391,0.5901,0.4202,0.3506,177.04,172.1977,9.7699,2.3106
24.667,740,upright,1.1492,1.6318,0.065,5.7481,1.5668,0.2726,1.5909,1.4434,0.855,0.4345,0.083,1.1723,1.0261,0.7359,0.5884,0.4206,0.3514,176.8787,172.1786,9.6502,2.369
24.7,741,upright,1.1498,1.6257,0.0651,5.6876,1.5606,0.2744,1.5876,1.4425,0.857,0.4343,0.083,1.1741,0.9787,0.7306,0.5855,0.4228,0.3512,176.7384,172.1895,9.5757,2.4312
24.733,742,upright,1.1492,1.62,0.0643,5.6311,1.5557,0.2763,1.5848,1.4423,0.856,0.4331,0.083,1.1767,0.9554,0.7287,0.5863,0.4229,0.3501,176.8355,171.9355,9.5806,2.3706
24.767,743,upright,1.149,1.6142,0.0637,5.5745,1.5505,0.2781,1.5826,1.4424,0.8556,0.4327,0.083,1.1778,0.9288,0.7271,0.5868,0.4229,0.3496,176.8452,171.7796,9.6247,2.3147
24.8,744,upright,1.146,1.6097,0.0627,5.5359,1.547,0.2794,1.5799,1.44,0.852,0.4297,0.083,1.1758,0.9034,0.7279,0.588,0.4224,0.3466,176.8081,171.4833,9.7121,2.2843
24.833,745,upright,1.1442,1.6044,0.0615,5.4896,1.543,0.2811,1.5771,1.4378,0.8506,0.4277,0.083,1.1743,0.887,0.7265,0.5872,0.4228,0.3447,176.6975,171.3227,9.792,2.2676
24.867,746,upright,1.1426,1.5999,0.0602,5.4499,1.5397,0.2825,1.5749,1.4365,0.8486,0.4252,0.083,1.1744,0.8826,0.7263,0.5879,0.4234,0.3422,176.7583,171.1731,9.8755,2.2758
24.9,747,upright,1.1408,1.5969,0.059,5.4239,1.5378,0.2835,1.573,1.4354,0.8462,0.4229,0.083,1.1759,0.8855,0.7267,0.5892,0.4233,0.3399,176.7415,170.9924,9.9578,2.3126
24.933,748,upright,1.1405,1.5951,0.0582,5.4074,1.5369,0.2842,1.5716,1.4353,0.8457,0.4228,0.0829,1.1793,0.8914,0.7259,0.5896,0.4229,0.3399,176.5523,170.8457,10.049,2.3442
24.967,749,upright,1.1403,1.5932,0.0579,5.39,1.5353,0.2848,1.5697,1.4351,0.8456,0.4236,0.0829,1.1807,0.8939,0.7241,0.5894,0.422,0.3407,176.3349,170.5709,10.115,2.3568
25.0,750,upright,1.1394,1.5899,0.0575,5.3607,1.5324,0.2859,1.5674,1.4344,0.8443,0.4241,0.0829,1.181,0.8942,0.723,0.59,0.4202,0.3412,176.2993,170.3779,10.2839,2.356
25.033,751,upright,1.1387,1.5856,0.0572,5.3213,1.5284,0.2872,1.5651,1.4338,0.8437,0.4261,0.0829,1.1799,0.8928,0.7214,0.5902,0.4176,0.3432,176.1788,170.1786,10.4343,2.3509
25.067,752,upright,1.138,1.5833,0.0562,5.2996,1.5271,0.2882,1.5632,1.4335,0.8425,0.4268,0.0829,1.1806,0.8947,0.7207,0.5911,0.4156,0.3439,176.1322,170.0594,10.5992,2.3367
25.1,753,upright,1.1365,1.5802,0.0538,5.2743,1.5265,0.2894,1.5606,1.433,0.8399,0.4287,0.083,1.1821,0.9005,0.7207,0.5931,0.4113,0.3457,176.5041,169.9075,10.8382,2.3112
25.133,754,upright,1.1379,1.5785,0.0502,5.2587,1.5283,0.2906,1.5578,1.4336,0.8422,0.4331,0.0831,1.1862,0.9104,0.7156,0.5914,0.409,0.35,176.2354,169.7472,11.0647,2.2801
25.167,755,upright,1.1395,1.5744,0.0471,5.2215,1.5273,0.2925,1.5536,1.434,0.8449,0.4381,0.0832,1.1921,0.9207,0.7087,0.5891,0.4069,0.3549,176.3003,169.6928,11.1676,2.2397
25.2,756,upright,1.1403,1.567,0.0451,5.1615,1.5218,0.2948,1.5471,1.4336,0.847,0.4438,0.0832,1.1979,0.929,0.7001,0.5866,0.4032,0.3606,176.3048,169.5008,11.2957,2.1856
25.233,757,upright,1.1416,1.5628,0.0436,5.1228,1.5192,0.2966,1.5404,1.4349,0.8483,0.4442,0.0833,1.2058,0.9414,0.6921,0.5866,0.404,0.361,176.3923,169.5227,11.6006,2.1324
25.267,758,upright,1.1427,1.5572,0.0417,5.0725,1.5155,0.2988,1.5309,1.4359,0.8495,0.4433,0.0832,1.2134,0.9519,0.6814,0.5864,0.4062,0.3601,176.2151,169.4507,11.9255,2.0859
25.3,759,upright,1.1446,1.5508,0.0393,5.0169,1.5115,0.3013,1.5216,1.4364,0.8528,0.4445,0.0831,1.2187,0.9585,0.6688,0.5836,0.4083,0.3613,176.0246,169.5661,12.211,2.0593
25.333,760,upright,1.1451,1.5427,0.0368,4.9514,1.5059,0.3041,1.513,1.4356,0.8547,0.4458,0.0831,1.22,0.9601,0.6583,0.5809,0.4088,0.3628,175.8354,169.5778,12.3899,2.0387
25.367,761,upright,1.1448,1.5337,0.0358,4.8772,1.498,0.3071,1.5041,1.4343,0.8553,0.4451,0.083,1.2193,0.9614,0.6488,0.579,0.4102,0.3621,175.7816,169.5071,12.5521,2.017
25.4,762,upright,1.145,1.5266,0.0352,4.8179,1.4914,0.3096,1.4965,1.4337,0.8564,0.4459,0.083,1.219,0.9627,0.6401,0.5773,0.4105,0.3629,175.7246,169.3915,12.7195,1.9957
25.433,763,upright,1.1447,1.5209,0.0342,4.7717,1.4868,0.3116,1.4887,1.4327,0.8566,0.447,0.083,1.2184,0.9633,0.6321,0.5761,0.4096,0.364,175.7623,169.2999,12.8461,1.9738
25.467,764,upright,1.1449,1.5138,0.034,4.7146,1.4797,0.3139,1.4824,1.4318,0.858,0.4492,0.083,1.218,0.9633,0.6243,0.5737,0.4089,0.3661,175.6197,169.3058,12.8403,1.9455
25.5,765,upright,1.1456,1.5079,0.0338,4.6661,1.4741,0.3159,1.4772,1.4315,0.8598,0.4503,0.0831,1.2183,0.9645,0.6174,0.5717,0.4095,0.3673,175.4733,169.3293,12.8916,1.9187
25.533,766,upright,1.146,1.5042,0.0329,4.6373,1.4712,0.3173,1.4714,1.4306,0.8614,0.4522,0.083,1.2181,0.9641,0.6099,0.5692,0.4092,0.3692,175.3401,169.2239,12.9925,1.8998
25.567,767,upright,1.146,1.5001,0.0325,4.6066,1.4676,0.3186,1.4681,1.4292,0.8627,0.456,0.083,1.2169,0.962,0.6053,0.5665,0.4067,0.373,174.969,168.9713,13.0623,1.885
25.6,768,upright,1.1474,1.4958,0.033,4.5742,1.4628,0.3198,1.4626,1.4282,0.8665,0.4635,0.0829,1.2146,0.958,0.596,0.5617,0.403,0.3806,174.4585,168.6389,13.4034,1.8837
25.633,769,upright,1.1476,1.4954,0.0336,4.571,1.4618,0.3198,1.4555,1.427,0.8682,0.4692,0.0826,1.2117,0.9508,0.5873,0.5588,0.399,0.3866,173.3535,168.3706,13.6805,1.9042
25.667,770,upright,1.1492,1.4945,0.036,4.5604,1.4585,0.3198,1.4538,1.4259,0.8725,0.4747,0.0824,1.2082,0.9409,0.5812,0.5534,0.3978,0.3923,171.9585,168.198,13.8358,1.9297
25.7,771,upright,1.152,1.4942,0.0377,4.5569,1.4564,0.3196,1.4551,1.4243,0.8798,0.4816,0.0822,1.2017,0.9249,0.5754,0.5445,0.3982,0.3994,170.6537,168.4627,13.8495,1.9495
25.733,772,upright,1.1542,1.4957,0.0417,4.5612,1.454,0.3188,1.4576,1.4233,0.8851,0.4819,0.082,1.1932,0.9066,0.5725,0.5382,0.4031,0.3999,170.2699,168.6302,13.9217,1.9483
25.767,773,upright,1.1565,1.4994,0.0471,4.5766,1.4524,0.3173,1.4616,1.4234,0.8896,0.4803,0.0819,1.1853,0.8915,0.572,0.5338,0.4093,0.3984,170.4769,168.7463,13.9536,1.9482
25.8,774,upright,1.1599,1.5057,0.0565,4.5959,1.4492,0.3153,1.4684,1.4251,0.8947,0.4835,0.0819,1.1791,0.8838,0.5738,0.5305,0.4112,0.4016,170.917,168.8441,13.6326,1.9549
25.833,775,upright,1.1618,1.5121,0.0631,4.6247,1.449,0.3133,1.4739,1.4267,0.897,0.4838,0.0817,1.1724,0.8794,0.5769,0.5297,0.4132,0.402,171.9448,169.2271,13.4955,1.9744
25.867,776,upright,1.1639,1.5187,0.0701,4.6534,1.4486,0.3113,1.4796,1.4279,0.8998,0.4838,0.0816,1.1692,0.8809,0.5798,0.5281,0.416,0.4023,172.4829,169.7849,13.3746,1.996
25.9,777,upright,1.1665,1.525,0.0745,4.6856,1.4505,0.3096,1.4866,1.4298,0.9032,0.4862,0.0814,1.1685,0.8869,0.5834,0.5266,0.417,0.4047,173.0947,170.3071,13.3087,2.013
25.933,778,upright,1.1695,1.534,0.0793,4.7445,1.4547,0.3066,1.4953,1.4323,0.9067,0.4899,0.0813,1.1713,0.8953,0.5886,0.5256,0.4168,0.4086,173.5963,170.6824,13.1641,2.0327
25.967,779,upright,1.1698,1.5419,0.0808,4.805,1.4612,0.3041,1.5037,1.4333,0.9063,0.4877,0.0812,1.1726,0.9012,0.5975,0.5271,0.4186,0.4064,173.7873,170.999,12.9009,1.9954
26.0,780,upright,1.1702,1.5508,0.0796,4.876,1.4712,0.3017,1.5133,1.4352,0.9051,0.4852,0.0812,1.1743,0.9069,0.6082,0.5302,0.4199,0.404,173.6933,171.1731,12.5528,1.9581
26.033,781,upright,1.1721,1.5625,0.0774,4.9698,1.4851,0.2988,1.5252,1.4376,0.9067,0.4875,0.0812,1.1779,0.9132,0.6185,0.5309,0.4192,0.4063,173.6761,171.1397,12.1092,1.9425
26.067,782,upright,1.1711,1.5727,0.0777,5.0574,1.495,0.2956,1.5362,1.4387,0.9036,0.4838,0.0811,1.1799,0.9182,0.6326,0.5351,0.4198,0.4026,173.4085,171.0549,11.6896,1.9484
26.1,783,upright,1.1692,1.5851,0.0777,5.1675,1.5074,0.2917,1.5471,1.4405,0.8978,0.48,0.0811,1.1807,0.9198,0.6493,0.5427,0.4179,0.3988,173.0149,170.9407,11.295,1.9625
26.133,784,upright,1.1679,1.5948,0.0783,5.2557,1.5165,0.2885,1.5587,1.4427,0.893,0.4762,0.0811,1.1816,0.9183,0.6657,0.5497,0.4168,0.3951,172.8272,170.9384,11.0141,1.9829
26.167,785,upright,1.1675,1.6054,0.0792,5.3538,1.5262,0.2851,1.5696,1.4448,0.8901,0.4744,0.0811,1.1806,0.9164,0.6795,0.5547,0.4158,0.3933,172.9849,171.1622,10.6425,2.0111
26.2,786,upright,1.1667,1.616,0.0803,5.4501,1.5357,0.2818,1.5789,1.447,0.8864,0.4709,0.0811,1.1794,0.9152,0.6925,0.5605,0.4155,0.3898,173.169,171.3688,10.2938,2.0554
26.233,787,upright,1.1668,1.6256,0.08,5.5354,1.5456,0.2792,1.5865,1.4501,0.8835,0.4664,0.0811,1.1796,0.9137,0.7029,0.5665,0.4172,0.3852,173.3002,171.5525,9.8535,2.1224
26.267,788,upright,1.1667,1.6346,0.0807,5.6211,1.5539,0.2764,1.5943,1.4519,0.8814,0.465,0.0811,1.1787,0.9084,0.7128,0.5704,0.4164,0.3839,173.0575,171.736,9.3236,2.2059
26.3,789,upright,1.1677,1.641,0.0791,5.6839,1.5619,0.2748,1.601,1.453,0.8823,0.4667,0.0812,1.1782,0.9014,0.7187,0.5707,0.4157,0.3855,172.7416,171.6487,8.7952,2.2441
26.333,790,upright,1.1679,1.6466,0.0777,5.74,1.569,0.2733,1.6061,1.4535,0.8823,0.4674,0.0812,1.1775,0.8967,0.7238,0.5712,0.4149,0.3862,172.5445,171.4149,8.5128,2.2828
26.367,791,upright,1.1689,1.6517,0.0762,5.7902,1.5754,0.2721,1.6112,1.4545,0.8832,0.467,0.0813,1.1765,0.8911,0.728,0.5713,0.4162,0.3857,172.3049,171.1896,8.1815,2.3187
26.4,792,upright,1.1698,1.6567,0.0761,5.8388,1.5805,0.2707,1.6142,1.4553,0.8843,0.4651,0.0814,1.1747,0.887,0.7299,0.571,0.4192,0.3838,171.9568,170.8702,7.9213,2.3571
26.433,793,upright,1.1701,1.6622,0.0775,5.8887,1.5847,0.2691,1.6189,1.4564,0.8838,0.4637,0.0814,1.1734,0.8853,0.7351,0.5726,0.4201,0.3822,171.7208,170.6194,7.7402,2.3974
26.467,794,upright,1.1728,1.6673,0.0801,5.9256,1.5872,0.2679,1.6234,1.4596,0.886,0.4643,0.0816,1.1752,0.8871,0.7374,0.5736,0.4216,0.3827,171.5176,170.305,7.6611,2.4392
26.5,795,upright,1.175,1.6713,0.0798,5.955,1.5915,0.2673,1.628,1.4623,0.8877,0.4649,0.0818,1.1772,0.8899,0.7403,0.5746,0.4228,0.383,171.4684,169.9301,7.5884,2.4769
26.533,796,upright,1.1786,1.676,0.0755,5.998,1.6005,0.2668,1.6328,1.4657,0.8916,0.4659,0.0821,1.1803,0.8934,0.7412,0.5741,0.4257,0.3838,172.0627,169.6864,7.5247,2.5135
26.567,797,upright,1.1821,1.6795,0.0695,6.0273,1.6099,0.2671,1.6374,1.4691,0.8952,0.4676,0.0826,1.1839,0.897,0.7422,0.5739,0.4276,0.385,173.0909,169.3319,7.5043,2.5497
26.6,798,upright,1.1848,1.6829,0.0642,6.0575,1.6187,0.2672,1.6413,1.4722,0.8974,0.4678,0.0831,1.1876,0.9017,0.7439,0.5748,0.4296,0.3847,172.4692,168.9518,7.5436,2.58
26.633,799,upright,1.187,1.6863,0.0594,6.0828,1.6269,0.2675,1.6453,1.4758,0.8982,0.4687,0.0836,1.1917,0.9066,0.7472,0.5776,0.4294,0.3851,171.8394,168.6879,7.6616,2.6041
26.667,800,upright,1.1891,1.6888,0.0503,6.1007,1.6385,0.2686,1.6494,1.4801,0.8982,0.4685,0.0841,1.1972,0.9121,0.7512,0.5819,0.4296,0.3844,171.4068,168.3791,7.8923,2.6263
26.7,801,upright,1.1882,1.6904,0.045,6.1121,1.6453,0.2692,1.6523,1.4821,0.8942,0.4662,0.0845,1.2002,0.9148,0.758,0.5879,0.428,0.3817,171.5792,167.9368,8.1618,2.6353
26.733,802,upright,1.1868,1.6912,0.0416,6.1169,1.6496,0.2697,1.6534,1.4836,0.89,0.4643,0.0849,1.2021,0.9169,0.7635,0.5937,0.4257,0.3794,171.9559,167.5245,8.4804,2.6324
26.767,803,upright,1.1872,1.6916,0.0396,6.1173,1.6521,0.2701,1.6544,1.4849,0.8895,0.4648,0.0852,1.2033,0.9178,0.7649,0.5955,0.4247,0.3796,172.1948,167.2772,8.8257,2.6129
26.8,804,upright,1.1854,1.6902,0.039,6.1015,1.6513,0.2706,1.6541,1.4846,0.8862,0.4647,0.0852,1.2031,0.9179,0.7679,0.5983,0.4215,0.3795,172.5776,167.0902,8.9792,2.5829
26.833,805,upright,1.1837,1.6876,0.0395,6.0723,1.6481,0.2714,1.6524,1.4831,0.8842,0.4651,0.0853,1.2022,0.9177,0.7681,0.5989,0.4191,0.3798,172.5142,166.9363,9.0238,2.5482
26.867,806,upright,1.1811,1.6843,0.0447,6.035,1.6396,0.2717,1.6496,1.4799,0.8823,0.4658,0.0855,1.1974,0.9139,0.7673,0.5976,0.4166,0.3803,171.8606,166.8041,8.8453,2.506
26.9,807,upright,1.1794,1.6797,0.0483,5.9841,1.6314,0.2726,1.6453,1.4765,0.8822,0.4677,0.0855,1.1929,0.9103,0.7631,0.5943,0.4145,0.3822,171.1052,166.648,8.6592,2.4698
26.933,808,upright,1.1809,1.674,0.0486,5.9211,1.6253,0.2745,1.6404,1.4758,0.8859,0.4709,0.0855,1.1929,0.9083,0.7545,0.5899,0.415,0.3855,170.6875,166.9292,8.6199,2.4442
26.967,809,upright,1.1818,1.6646,0.0496,5.8203,1.6149,0.2775,1.6315,1.4747,0.8889,0.474,0.0855,1.1925,0.9074,0.7426,0.5858,0.4149,0.3886,170.4267,167.2488,8.771,2.415
27.0,810,upright,1.1827,1.6552,0.0499,5.7224,1.6053,0.2805,1.6221,1.4733,0.892,0.4768,0.0855,1.192,0.9071,0.7301,0.5813,0.4152,0.3913,170.312,167.5795,8.8906,2.3945
27.033,811,upright,1.1829,1.6449,0.0523,5.6139,1.5927,0.2837,1.611,1.4712,0.8946,0.4798,0.0855,1.1906,0.9082,0.7164,0.5766,0.4147,0.3943,170.6993,167.72,9.0184,2.3654
27.067,812,upright,1.1816,1.6324,0.054,5.4869,1.5783,0.2877,1.5987,1.4687,0.8946,0.4806,0.0856,1.1896,0.9092,0.7042,0.5741,0.414,0.395,170.8389,167.863,9.2361,2.3364
27.1,813,upright,1.1808,1.6212,0.0559,5.3774,1.5653,0.2911,1.5881,1.4657,0.896,0.4815,0.0856,1.1882,0.9094,0.6921,0.5696,0.4145,0.3958,170.9913,167.8381,9.2065,2.3158
27.133,814,upright,1.1791,1.6125,0.0562,5.2987,1.5563,0.2937,1.5787,1.4621,0.896,0.4809,0.0856,1.1838,0.9072,0.6827,0.5661,0.4152,0.3953,171.0747,167.57,9.0012,2.3167
27.167,815,upright,1.1784,1.605,0.0569,5.2281,1.548,0.2961,1.5698,1.4587,0.898,0.4818,0.0856,1.1809,0.9062,0.6717,0.5607,0.4162,0.3962,171.6452,167.254,8.9237,2.3281
27.2,816,upright,1.1759,1.5978,0.0542,5.1677,1.5436,0.2987,1.5606,1.4539,0.8978,0.4803,0.0856,1.1774,0.9042,0.6628,0.556,0.4175,0.3948,172.4167,167.1849,9.3239,2.3472
27.233,817,upright,1.1739,1.5918,0.0547,5.1129,1.537,0.3006,1.5542,1.4498,0.8979,0.48,0.0856,1.1743,0.9021,0.6563,0.5519,0.418,0.3944,173.1546,167.0819,9.5496,2.3654
27.267,818,upright,1.1703,1.584,0.0538,5.0435,1.5302,0.3034,1.5466,1.445,0.8956,0.4768,0.0855,1.1712,0.8993,0.651,0.5494,0.4187,0.3913,173.4038,167.0471,9.8343,2.3774
27.3,819,upright,1.1685,1.5751,0.0529,4.9652,1.5222,0.3066,1.5403,1.4413,0.8958,0.4762,0.0855,1.1684,0.8954,0.6445,0.5455,0.4196,0.3906,173.6447,167.1522,10.1716,2.3668
27.333,820,upright,1.1678,1.5687,0.052,4.9121,1.5168,0.3088,1.5347,1.4382,0.8974,0.477,0.0855,1.1641,0.8906,0.6373,0.5407,0.4204,0.3915,173.4826,167.2077,10.3862,2.3486
27.367,821,upright,1.1658,1.5641,0.0513,4.8737,1.5128,0.3104,1.5281,1.4347,0.8969,0.4765,0.0855,1.1604,0.8871,0.6312,0.5378,0.4204,0.391,173.3526,167.2837,10.51,2.3366
27.4,822,upright,1.1638,1.559,0.0506,4.8322,1.5084,0.3122,1.5225,1.4317,0.8959,0.4767,0.0855,1.1581,0.8844,0.6266,0.5358,0.4192,0.3912,173.3313,167.3052,10.7751,2.3249
27.433,823,upright,1.1627,1.554,0.0502,4.7914,1.5038,0.3139,1.5142,1.4292,0.8961,0.4782,0.0856,1.1558,0.8798,0.6181,0.533,0.4179,0.3927,173.3708,167.1342,11.318,2.3163
27.467,824,upright,1.1629,1.5482,0.0498,4.7436,1.4984,0.3159,1.5052,1.428,0.8978,0.4806,0.0855,1.1543,0.8765,0.6074,0.5302,0.4172,0.395,173.3077,167.024,11.8324,2.3073
27.5,825,upright,1.1623,1.542,0.0463,4.6973,1.4957,0.3184,1.4984,1.4251,0.8994,0.4823,0.0855,1.1525,0.8722,0.599,0.5257,0.4171,0.3968,173.1788,167.1115,12.2336,2.2966
27.533,826,upright,1.1619,1.5371,0.0453,4.6576,1.4917,0.3203,1.495,1.4239,0.8998,0.4826,0.0854,1.1508,0.8692,0.5952,0.5241,0.4172,0.3972,173.1945,166.8659,12.6998,2.2917
27.567,827,upright,1.1602,1.5326,0.0442,4.6218,1.4884,0.322,1.4904,1.4218,0.8986,0.4811,0.0854,1.1489,0.8674,0.5918,0.5233,0.4175,0.3957,173.1926,166.5759,13.1394,2.2645
27.6,828,upright,1.157,1.5307,0.0396,4.611,1.4911,0.3234,1.4874,1.4191,0.8949,0.4756,0.0852,1.1464,0.8646,0.5925,0.5242,0.4193,0.3904,172.9931,166.632,13.476,2.2429
27.633,829,upright,1.156,1.5273,0.0388,4.5842,1.4885,0.3247,1.4848,1.4176,0.8944,0.4743,0.0852,1.1451,0.8624,0.5904,0.5232,0.4202,0.3891,172.892,166.3007,13.7054,2.2135
27.667,830,upright,1.1558,1.5245,0.0373,4.5621,1.4872,0.326,1.4835,1.4166,0.8951,0.4736,0.0852,1.144,0.8599,0.5884,0.5215,0.4214,0.3885,172.9492,165.9922,13.857,2.1876
27.7,831,upright,1.155,1.5233,0.0362,4.5517,1.4871,0.3267,1.4828,1.4163,0.8937,0.471,0.0851,1.1438,0.8585,0.5891,0.5226,0.4227,0.3859,173.0867,165.9304,14.0477,2.1682
27.733,832,upright,1.1543,1.5212,0.0358,4.5358,1.4855,0.3275,1.4812,1.4153,0.8933,0.4703,0.0851,1.1425,0.8564,0.5879,0.5221,0.423,0.3852,173.2609,165.8895,14.2354,2.1486
27.767,833,upright,1.1544,1.5198,0.0355,4.5229,1.4843,0.3282,1.4823,1.4154,0.8935,0.4701,0.0851,1.1421,0.8557,0.5889,0.522,0.4233,0.385,173.4902,165.7822,14.4644,2.1314
27.8,834,upright,1.1541,1.5166,0.0342,4.4971,1.4825,0.3296,1.4771,1.4154,0.8929,0.4701,0.0851,1.1423,0.8564,0.5842,0.5225,0.4228,0.3849,173.618,165.5707,14.7952,2.1083
27.833,835,upright,1.1532,1.5165,0.0329,4.4936,1.4837,0.3302,1.4776,1.4156,0.8908,0.4691,0.0851,1.1436,0.8589,0.5867,0.5248,0.4217,0.384,173.9747,165.4625,14.989,2.0919
27.867,836,upright,1.152,1.5152,0.0331,4.4818,1.4821,0.3307,1.4727,1.4158,0.8883,0.4676,0.0852,1.1446,0.864,0.5844,0.5274,0.4207,0.3824,174.4499,165.4915,15.2645,2.0721
27.9,837,upright,1.1524,1.5131,0.034,4.4641,1.4791,0.3313,1.4702,1.4155,0.8893,0.4695,0.0854,1.1458,0.8713,0.5809,0.5262,0.4198,0.3841,174.854,165.488,15.537,2.0491
27.933,838,upright,1.1526,1.511,0.034,4.4472,1.4771,0.3321,1.4679,1.415,0.8902,0.4698,0.0855,1.1476,0.8787,0.5777,0.5248,0.4204,0.3844,175.0942,165.4557,15.8689,2.0285
27.967,839,upright,1.152,1.5087,0.0339,4.4299,1.4748,0.3329,1.4667,1.4142,0.8898,0.4699,0.0855,1.1496,0.8841,0.577,0.5244,0.4198,0.3844,175.0875,165.3841,16.209,2.0116
28.0,840,upright,1.1525,1.5077,0.0348,4.4207,1.4729,0.3332,1.4661,1.4139,0.891,0.4701,0.0855,1.151,0.888,0.5751,0.5229,0.4209,0.3846,175.092,165.3543,16.4571,2.0026
28.033,841,upright,1.153,1.5073,0.0355,4.4175,1.4718,0.3332,1.4654,1.4137,0.8924,0.471,0.0854,1.1529,0.891,0.573,0.5213,0.4214,0.3856,174.9723,165.3823,16.6461,2.002
28.067,842,upright,1.1525,1.5067,0.0355,4.4152,1.4712,0.3332,1.4658,1.4127,0.8922,0.4721,0.0852,1.1535,0.8928,0.5736,0.5206,0.4201,0.3868,174.5677,165.4206,16.8073,2.0097
28.1,843,upright,1.152,1.506,0.0348,4.4155,1.4713,0.3332,1.4668,1.4123,0.8917,0.4732,0.0849,1.1531,0.8937,0.5751,0.5206,0.4185,0.3883,173.8998,165.5488,16.8547,2.0324
28.133,844,upright,1.1506,1.5056,0.0354,4.4183,1.4702,0.3328,1.4676,1.4113,0.8899,0.4739,0.0845,1.1517,0.8934,0.5777,0.5213,0.4161,0.3894,173.1694,165.6543,16.9342,2.0621
28.167,845,upright,1.1503,1.5069,0.0345,4.4333,1.4724,0.3321,1.4695,1.4111,0.8895,0.4749,0.0841,1.1515,0.8941,0.58,0.5216,0.4147,0.3908,172.4516,165.852,16.9184,2.1029
28.2,846,upright,1.1484,1.5086,0.0338,4.452,1.4748,0.3313,1.4759,1.4097,0.8872,0.4732,0.0836,1.1503,0.895,0.5888,0.5225,0.4139,0.3896,172.0069,166.2569,16.953,2.1484
28.233,847,upright,1.1475,1.5122,0.0334,4.4845,1.4787,0.3297,1.4834,1.4095,0.8855,0.4723,0.0833,1.1495,0.8952,0.5979,0.524,0.4131,0.389,171.8133,166.6577,16.8226,2.1966
28.267,848,upright,1.1473,1.5167,0.033,4.5218,1.4837,0.3281,1.4912,1.4096,0.8849,0.4728,0.0829,1.1501,0.8961,0.6063,0.5248,0.4121,0.3899,171.6614,166.973,16.6138,2.2479
28.3,849,upright,1.1478,1.5247,0.0334,4.5868,1.4914,0.3251,1.5026,1.4103,0.8853,0.4742,0.0827,1.1504,0.8961,0.6173,0.5251,0.4111,0.3915,171.6128,167.1479,16.1207,2.3115
28.333,850,upright,1.1481,1.5311,0.0342,4.636,1.4968,0.3229,1.5123,1.4115,0.8848,0.4739,0.0825,1.1521,0.8975,0.6275,0.5266,0.4109,0.3915,171.6537,167.432,15.4966,2.3824
28.367,851,upright,1.149,1.5462,0.0355,4.7671,1.5107,0.3169,1.5282,1.4132,0.8848,0.4731,0.0823,1.155,0.8997,0.6434,0.5284,0.4117,0.3907,172.0782,167.8247,14.6939,2.4971
28.4,852,upright,1.152,1.5479,0.0345,4.7735,1.5134,0.317,1.5315,1.4167,0.8873,0.4743,0.0821,1.1573,0.9015,0.6442,0.5293,0.413,0.3923,172.3712,168.0958,13.9364,2.5428
28.433,853,upright,1.1535,1.5564,0.0357,4.844,1.5207,0.3139,1.5419,1.42,0.8869,0.4744,0.082,1.1586,0.9024,0.655,0.5331,0.4126,0.3923,172.7256,168.5014,13.3596,2.6105
28.467,854,upright,1.1567,1.5651,0.0364,4.9159,1.5287,0.311,1.5517,1.4246,0.8887,0.4752,0.082,1.1613,0.9047,0.663,0.5359,0.4136,0.3931,173.1251,168.8632,12.8339,2.6548
28.5,855,upright,1.1584,1.576,0.0372,5.0079,1.5388,0.3073,1.5616,1.4285,0.8883,0.4744,0.082,1.1638,0.9071,0.6733,0.5402,0.4139,0.3923,173.581,169.1989,12.4986,2.6886
28.533,856,upright,1.1608,1.5855,0.0382,5.0909,1.5473,0.3039,1.572,1.4329,0.8887,0.4749,0.082,1.1657,0.9082,0.6833,0.5442,0.4138,0.3928,173.9565,169.4879,12.2767,2.7164
28.567,857,upright,1.1638,1.5972,0.0376,5.1966,1.5596,0.3001,1.5835,1.4378,0.8898,0.4756,0.082,1.1688,0.9083,0.6937,0.5481,0.4141,0.3936,174.07,169.7469,12.1861,2.7197
28.6,858,upright,1.1658,1.6117,0.0345,5.338,1.5772,0.2955,1.5979,1.4427,0.8888,0.4774,0.0819,1.1712,0.9081,0.7091,0.5538,0.4114,0.3955,174.0962,170.299,12.3414,2.7607
28.633,859,upright,1.1685,1.6179,0.0319,5.3959,1.5861,0.2939,1.6054,1.4488,0.8882,0.4776,0.0818,1.1751,0.9097,0.7172,0.5605,0.4107,0.3957,174.3093,170.7348,12.5101,2.7906
28.667,860,upright,1.1691,1.6258,0.0287,5.4675,1.5971,0.2921,1.6135,1.4535,0.8848,0.4749,0.0817,1.1793,0.9115,0.7287,0.5687,0.4099,0.3932,174.3192,171.0197,12.6277,2.8242
28.7,861,upright,1.1712,1.6337,0.0262,5.5451,1.6074,0.2899,1.6201,1.4582,0.8842,0.474,0.0816,1.1814,0.9131,0.7359,0.574,0.4102,0.3924,173.6988,171.2297,12.4897,2.846
28.733,862,upright,1.1731,1.6424,0.024,5.6318,1.6183,0.2874,1.6291,1.4614,0.8847,0.4734,0.0815,1.1827,0.9139,0.7444,0.5768,0.4112,0.3919,173.2767,171.5343,12.3111,2.8715
28.767,863,upright,1.1754,1.6499,0.0216,5.7077,1.6283,0.2853,1.6373,1.4642,0.8867,0.4739,0.0814,1.1845,0.9158,0.7506,0.5775,0.4128,0.3926,173.0292,171.538,12.0468,2.8926
28.8,864,upright,1.1764,1.6579,0.019,5.7971,1.6389,0.2827,1.6468,1.4654,0.8875,0.4742,0.0812,1.1826,0.9158,0.7592,0.5778,0.4133,0.393,172.6637,171.5455,11.5959,2.9135
28.833,865,upright,1.1756,1.6659,0.0181,5.8882,1.6479,0.2799,1.6538,1.4649,0.8863,0.4726,0.0812,1.1801,0.9149,0.7675,0.5786,0.4137,0.3915,172.5661,171.6732,11.2819,2.9255
28.867,866,upright,1.1759,1.6701,0.0168,5.9361,1.6532,0.2785,1.6579,1.4651,0.8866,0.4723,0.0811,1.1795,0.9162,0.7713,0.5785,0.4143,0.3912,172.5243,171.8313,11.1322,2.9383
28.9,867,upright,1.1768,1.6732,0.0168,5.9713,1.6564,0.2774,1.6611,1.466,0.8877,0.4729,0.0811,1.1783,0.9169,0.7734,0.5783,0.4148,0.3918,172.4218,171.9599,10.9508,2.9555
28.933,868,upright,1.1788,1.6774,0.0156,6.0176,1.6618,0.2762,1.6655,1.4675,0.8901,0.4745,0.0811,1.1785,0.9193,0.7754,0.5773,0.4157,0.3933,172.2203,172.0174,10.7919,2.9763
28.967,869,upright,1.1811,1.6774,0.012,6.0185,1.6654,0.2767,1.6652,1.4691,0.8931,0.4765,0.081,1.1794,0.923,0.7721,0.576,0.4166,0.3956,172.2775,171.8681,10.5448,2.9923
29.0,870,upright,1.1844,1.6814,0.011,6.0547,1.6705,0.2759,1.6692,1.4712,0.8975,0.4796,0.081,1.1817,0.928,0.7717,0.5737,0.4179,0.3986,172.3743,171.7989,10.2078,3.0306
29.033,871,upright,1.1869,1.6853,0.008,6.0904,1.6773,0.2754,1.6727,1.4735,0.9004,0.483,0.0808,1.1844,0.9325,0.7723,0.5731,0.4174,0.4022,172.4768,171.7248,10.0487,3.0573
29.067,872,upright,1.1893,1.6875,0.0047,6.108,1.6828,0.2755,1.6749,1.475,0.9035,0.4879,0.0807,1.1866,0.9354,0.7714,0.5715,0.4156,0.4072,172.5676,171.6222,9.8257,3.0916
29.1,873,upright,1.1903,1.688,0.0035,6.1082,1.6844,0.2758,1.6755,1.4756,0.9049,0.493,0.0807,1.1874,0.9366,0.7706,0.5707,0.4119,0.4123,172.6309,171.5244,9.6124,3.114
29.133,874,upright,1.1895,1.6868,0.0028,6.0894,1.684,0.2765,1.6748,1.4757,0.9033,0.4943,0.0806,1.1883,0.9379,0.7715,0.5724,0.4091,0.4136,172.9342,171.5129,9.5188,3.1258
29.167,875,upright,1.1894,1.686,-0.0004,6.0764,1.6864,0.2775,1.6744,1.4756,0.9033,0.4959,0.0805,1.19,0.9394,0.7711,0.5723,0.4074,0.4154,173.183,171.5846,9.3872,3.1601
29.2,876,upright,1.1902,1.6859,-0.0022,6.0675,1.688,0.2782,1.6743,1.4755,0.9049,0.4999,0.0803,1.1912,0.9406,0.7694,0.5705,0.405,0.4196,173.2335,171.601,9.3727,3.191
29.233,877,upright,1.1903,1.689,-0.0036,6.0989,1.6926,0.2775,1.6774,1.4757,0.905,0.5005,0.0803,1.1915,0.9403,0.7724,0.5707,0.4045,0.4202,173.4847,171.5047,9.3594,3.2239
29.267,878,upright,1.19,1.6885,-0.005,6.0932,1.6935,0.2779,1.6766,1.475,0.905,0.5006,0.0802,1.1911,0.9387,0.7716,0.57,0.4044,0.4204,173.6481,171.2998,9.3586,3.2474
29.3,879,upright,1.1886,1.6827,-0.0053,6.033,1.6879,0.2798,1.6709,1.4735,0.9037,0.4992,0.0802,1.1901,0.9356,0.7672,0.5699,0.4045,0.4191,173.754,171.0615,9.294,3.2538
29.333,880,upright,1.1866,1.6846,-0.0056,6.0551,1.6902,0.2791,1.6728,1.4717,0.9016,0.4951,0.0801,1.189,0.9317,0.7712,0.5701,0.4065,0.4149,173.7924,170.8836,9.215,3.2901
29.367,881,upright,1.184,1.677,-0.006,5.9766,1.683,0.2816,1.6655,1.4693,0.8988,0.4915,0.0801,1.1871,0.9267,0.7667,0.5705,0.4073,0.4113,173.8916,170.6651,9.1409,3.3
29.4,882,upright,1.1801,1.6735,-0.0067,5.9402,1.6802,0.2828,1.662,1.467,0.8932,0.486,0.0801,1.186,0.921,0.7687,0.5738,0.4072,0.4059,173.9885,170.5617,8.9471,3.3163
29.433,883,upright,1.1764,1.6703,-0.0072,5.9072,1.6775,0.284,1.6587,1.465,0.8877,0.482,0.0801,1.1843,0.9153,0.771,0.5774,0.4057,0.4019,174.2346,170.4766,8.7907,3.317
29.467,884,upright,1.1718,1.6658,-0.0076,5.86,1.6733,0.2856,1.6542,1.4629,0.8808,0.4774,0.0801,1.1821,0.9096,0.7734,0.5821,0.4034,0.3973,174.4202,170.4144,8.6749,3.2912
29.5,885,upright,1.167,1.6616,-0.0067,5.8164,1.6683,0.2868,1.6501,1.4596,0.8743,0.4722,0.0801,1.1786,0.9056,0.7757,0.5853,0.4022,0.3921,174.5086,170.2463,8.5518,3.2525
29.533,886,upright,1.1642,1.659,-0.0058,5.788,1.6648,0.2876,1.647,1.4566,0.8719,0.4696,0.0802,1.1737,0.901,0.7751,0.5847,0.4023,0.3894,174.4521,169.8487,8.4093,3.2126
29.567,887,upright,1.1611,1.6556,-0.0057,5.7529,1.6614,0.2888,1.6434,1.4532,0.8691,0.4684,0.0802,1.1694,0.8967,0.7744,0.5841,0.4007,0.3882,174.3605,169.5044,8.3116,3.17
29.6,888,upright,1.1605,1.6585,-0.0067,5.7826,1.6651,0.288,1.6427,1.4526,0.8685,0.4686,0.0802,1.1674,0.8932,0.7743,0.5841,0.3998,0.3885,174.1744,169.5224,8.2076,3.1484
29.633,889,upright,1.1612,1.6562,-0.0066,5.7566,1.6628,0.2888,1.6399,1.4518,0.8706,0.4676,0.0802,1.165,0.89,0.7693,0.5812,0.4031,0.3874,174.1042,169.3004,8.092,3.1165
29.667,890,upright,1.1604,1.6428,-0.0073,5.6219,1.6501,0.2935,1.6309,1.4497,0.871,0.4655,0.0802,1.1615,0.8879,0.7598,0.5787,0.4055,0.3854,173.9014,168.9951,8.0198,3.0594
29.7,891,upright,1.1594,1.6502,-0.0068,5.6922,1.657,0.2911,1.6332,1.4482,0.8705,0.4626,0.0802,1.1587,0.8855,0.7627,0.5776,0.4079,0.3824,173.5851,168.8265,8.0053,3.0535
29.733,892,upright,1.1579,1.6476,-0.0071,5.6644,1.6546,0.2921,1.6305,1.4463,0.8695,0.459,0.0802,1.1558,0.8829,0.761,0.5768,0.4105,0.3788,173.2165,168.5622,8.1648,3.0274
29.767,893,upright,1.1556,1.6339,-0.0076,5.53,1.6415,0.2968,1.6225,1.4439,0.8673,0.4549,0.0802,1.1527,0.8797,0.7552,0.5767,0.4124,0.3747,172.9019,168.2674,8.3197,2.9648
29.8,894,upright,1.1548,1.6315,-0.0082,5.5044,1.6396,0.2979,1.6199,1.4429,0.8667,0.4515,0.0802,1.152,0.8778,0.7532,0.5762,0.4152,0.3714,172.699,168.07,8.4631,2.9326
29.833,895,upright,1.1539,1.6406,-0.0084,5.5917,1.649,0.2949,1.6225,1.4418,0.8661,0.4493,0.0802,1.1511,0.8767,0.7564,0.5756,0.4168,0.3691,172.4415,167.8635,8.6813,2.9337
29.867,896,upright,1.155,1.6392,-0.0082,5.5731,1.6474,0.2956,1.6205,1.4428,0.8672,0.45,0.0802,1.1511,0.8758,0.7533,0.5756,0.4172,0.3698,172.4971,168.0686,9.0475,2.9028
29.9,897,upright,1.1554,1.6372,-0.0077,5.547,1.6449,0.2965,1.6185,1.4431,0.8676,0.4502,0.0803,1.1506,0.8751,0.7508,0.5755,0.4174,0.37,172.547,168.1683,9.354,2.8761
29.933,898,upright,1.1553,1.6357,-0.0077,5.5296,1.6434,0.2972,1.6167,1.4432,0.8674,0.4509,0.0803,1.1489,0.8731,0.7492,0.5757,0.4166,0.3706,172.6449,168.2832,9.6051,2.8542
29.967,899,upright,1.1538,1.6356,-0.0071,5.5272,1.6426,0.2972,1.6155,1.4413,0.8663,0.4479,0.0804,1.1468,0.8703,0.7491,0.575,0.4184,0.3676,172.494,167.9574,9.7081,2.8421
30.0,900,upright,1.1525,1.6358,-0.0073,5.5275,1.643,0.2972,1.6144,1.4402,0.8648,0.4477,0.0804,1.1449,0.8671,0.7496,0.5754,0.4171,0.3673,172.6307,168.0787,10.1198,2.831
30.033,901,,1.1521,1.6356,-0.0078,5.5232,1.6434,0.2975,1.6133,1.4399,0.8643,0.4476,0.0804,1.1442,0.8645,0.7489,0.5755,0.4167,0.3672,172.7407,168.1534,10.474,2.8316
30.067,902,,1.1525,1.6348,-0.0066,5.5116,1.6415,0.2978,1.6118,1.4393,0.8657,0.449,0.0805,1.144,0.8618,0.7462,0.5737,0.4166,0.3686,172.8246,168.2115,10.6823,2.8369
30.1,903,,1.1518,1.6329,-0.0062,5.4902,1.6391,0.2985,1.6092,1.4383,0.8653,0.4475,0.0805,1.1428,0.8581,0.7438,0.573,0.4178,0.367,172.7538,168.2812,10.796,2.8479
30.133,904,,1.1504,1.6294,-0.0055,5.4534,1.6349,0.2998,1.6055,1.4367,0.8641,0.4468,0.0806,1.1409,0.8544,0.7414,0.5727,0.4173,0.3662,172.5193,168.259,10.8853,2.8611
30.167,905,,1.1493,1.6247,-0.0053,5.4063,1.6299,0.3015,1.6007,1.4352,0.8635,0.4469,0.0807,1.1393,0.8509,0.7372,0.5717,0.4166,0.3662,172.1566,168.2116,10.9442,2.8749
30.2,906,,1.1469,1.616,-0.0052,5.3247,1.6212,0.3045,1.5933,1.4327,0.8611,0.4456,0.0807,1.1371,0.8466,0.7322,0.5716,0.4155,0.3649,171.672,168.1941,10.9489,2.8818
30.233,907,,1.1429,1.6047,-0.0045,5.2191,1.6092,0.3083,1.5838,1.4288,0.8569,0.4438,0.0808,1.1337,0.8425,0.7269,0.5718,0.4131,0.363,171.1463,168.1936,10.9892,2.8816
30.267,908,,1.1396,1.5929,-0.0035,5.11,1.5964,0.3124,1.5728,1.4239,0.8552,0.4436,0.081,1.1293,0.8382,0.7176,0.5687,0.4116,0.3626,170.3526,168.2011,11.0718,2.8875
30.3,909,,1.1382,1.5755,-0.0033,4.9557,1.5788,0.3186,1.5566,1.4183,0.8581,0.4466,0.081,1.1249,0.832,0.6985,0.5602,0.4116,0.3656,168.6021,168.0948,10.9031,2.8915
30.333,910,,1.1347,1.5549,-0.004,4.7832,1.5589,0.3259,1.5367,1.4098,0.8595,0.4483,0.081,1.1181,0.8238,0.6772,0.5503,0.4112,0.3673,166.3337,167.6599,10.5334,2.8933
30.367,911,,1.1312,1.5309,-0.0091,4.586,1.54,0.3358,1.5133,1.4009,0.8614,0.4473,0.0806,1.1109,0.8129,0.6519,0.5395,0.4141,0.3667,163.862,166.6995,10.1727,2.8705
30.4,912,,1.1248,1.5165,-0.0139,4.4743,1.5304,0.3421,1.4999,1.388,0.8615,0.445,0.0802,1.1021,0.8013,0.6384,0.5265,0.4165,0.3648,160.8126,165.9737,9.4699,2.8858
30.433,913,,1.1129,1.4952,-0.0188,4.3164,1.514,0.3507,1.4762,1.3692,0.8566,0.4387,0.0798,1.0892,0.7887,0.6195,0.5126,0.4179,0.3589,157.3596,165.0708,8.6048,2.8814
30.467,914,,1.1035,1.4766,-0.0222,4.1783,1.4988,0.3587,1.4511,1.3526,0.8544,0.432,0.0796,1.0776,0.7765,0.5967,0.4982,0.4224,0.3524,154.2434,164.2066,7.4619,2.875
30.5,915,,1.088,1.4501,-0.0229,3.9966,1.4731,0.3686,1.4207,1.3306,0.8454,0.4226,0.0795,1.0592,0.7608,0.5753,0.4852,0.4228,0.343,150.0961,163.2028,6.0162,2.8081
30.533,916,,1.0672,1.4249,-0.0247,3.8329,1.4495,0.3782,1.3871,1.3064,0.828,0.4145,0.0795,1.0363,0.7413,0.5591,0.4784,0.4135,0.335,145.2456,162.5642,4.0214,2.7413
30.567,917,,1.0354,1.3898,-0.0247,3.6234,1.4145,0.3904,1.3512,1.2669,0.8038,0.4026,0.0798,1.002,0.715,0.5474,0.4631,0.4013,0.3228,138.8037,157.504,1.4356,2.634
30.6,918,,0.9994,1.3497,-0.023,3.3977,1.3727,0.404,1.3123,1.2292,0.7696,0.3874,0.0803,0.9633,0.6865,0.5427,0.4596,0.3823,0.3071,132.5817,150.8512,1.1962,2.5585
30.633,919,,0.9681,1.3011,-0.0183,3.1487,1.3194,0.419,1.2653,1.1864,0.7497,0.3672,0.0812,0.9188,0.6491,0.5155,0.4366,0.3825,0.286,126.9708,143.7847,5.0592,2.5135
30.667,920,,0.9384,1.244,-0.0215,2.8902,1.2655,0.4379,1.2092,1.1411,0.7358,0.3451,0.0811,0.8735,0.6029,0.4735,0.4053,0.3906,0.264,122.0951,137.1947,9.6233,2.5144
30.7,921,,0.9147,1.1921,-0.0276,2.6743,1.2196,0.4561,1.15,1.105,0.7244,0.3371,0.0807,0.8305,0.5667,0.4255,0.3805,0.3873,0.2564,119.29,130.0719,14.9549,2.4053
30.733,922,,0.8669,1.1291,-0.0445,2.4618,1.1735,0.4767,1.0878,1.0392,0.6945,0.3094,0.0795,0.7655,0.5094,0.3932,0.3447,0.3851,0.2299,113.5277,121.5836,21.3966,2.2571
30.767,923,,0.8296,1.0731,-0.0483,2.2727,1.1214,0.4934,1.0318,0.991,0.6681,0.2934,0.079,0.7066,0.4659,0.3637,0.3229,0.3748,0.2143,108.2105,112.526,27.9467,2.0703
30.8,924,,0.8021,1.0149,-0.0372,2.0639,1.0521,0.5098,0.9726,0.9538,0.6504,0.2873,0.0799,0.6512,0.4232,0.3222,0.3033,0.3631,0.2074,102.2499,105.0637,32.6935,1.8261
30.833,925,,0.766,0.9645,-0.0294,1.9045,0.9939,0.5218,0.9214,0.9119,0.62,0.2779,0.0805,0.6104,0.4019,0.3014,0.2919,0.3421,0.1974,95.1646,98.1841,36.3765,1.6274
30.867,926,,0.7367,0.9381,-0.0225,1.8067,0.9607,0.5317,0.8742,0.8801,0.5933,0.2722,0.0811,0.5949,0.4015,0.2809,0.2868,0.3211,0.1911,89.1003,92.6863,39.294,1.5128
30.9,927,,0.7128,0.9318,-0.0188,1.7837,0.9506,0.5329,0.8313,0.8539,0.5717,0.2742,0.0815,0.586,0.381,0.2596,0.2823,0.2975,0.1927,85.042,87.317,41.7223,1.452
30.933,928,,0.6843,0.904,-0.0146,1.704,0.9187,0.5391,0.7906,0.8229,0.5458,0.2751,0.0819,0.5477,0.3313,0.2449,0.2771,0.2707,0.1932,79.0686,81.1346,44.195,1.3647
30.967,929,,0.6614,0.8807,-0.0147,1.6436,0.8954,0.5448,0.7532,0.7969,0.5259,0.2725,0.082,0.5281,0.3084,0.2273,0.2711,0.2534,0.1905,74.2231,75.9752,46.1763,1.2706
31.0,930,,0.6384,0.861,-0.0116,1.5846,0.8726,0.5507,0.7265,0.7684,0.5084,0.2551,0.0821,0.5052,0.2811,0.2182,0.26,0.2533,0.173,72.8751,72.8317,48.7088,1.1817
31.033,931,,0.6213,0.8467,-0.01,1.5432,0.8566,0.5551,0.7046,0.747,0.4956,0.2388,0.082,0.4988,0.2796,0.209,0.2514,0.2568,0.1568,72.5226,70.9686,50.8041,1.1393
31.067,932,,0.61,0.8405,-0.0077,1.5235,0.8482,0.5568,0.6755,0.7385,0.4814,0.2299,0.0822,0.494,0.1044,0.194,0.257,0.2515,0.1477,70.3549,69.8691,50.7572,1.1362
31.1,933,,0.6025,0.8364,-0.003,1.5066,0.8394,0.5571,0.6619,0.7336,0.4714,0.2231,0.0826,0.4922,0.1043,0.1906,0.2623,0.2482,0.1406,68.6304,69.1809,50.6871,1.1516
31.133,934,,0.596,0.8291,0.0118,1.4725,0.8173,0.555,0.6548,0.7287,0.4632,0.2129,0.0833,0.484,0.2829,0.1916,0.2655,0.2503,0.1296,66.4961,69.4889,50.5007,1.1597
31.167,935,,0.7483,0.952,0.0013,1.6522,0.9507,0.5754,0.8984,0.8766,0.62,0.3365,0.0799,0.6289,0.4506,0.2784,0.2567,0.2834,0.2567,92.9105,83.6599,48.4338,1.5668
31.2,936,,0.5993,0.8316,0.0376,1.4287,0.7939,0.5557,0.6738,0.7379,0.4607,0.184,0.083,0.4788,0.2841,0.2132,0.2772,0.2767,0.1009,61.949,74.9439,48.7724,1.1748
31.233,937,,0.7534,0.9675,0.0138,1.6711,0.9537,0.5707,0.9238,0.895,0.6118,0.3138,0.0801,0.6357,0.4464,0.312,0.2831,0.298,0.2337,87.6104,88.4337,44.248,1.5837
31.267,938,,0.6066,0.8484,0.043,1.4577,0.8054,0.5525,0.698,0.7578,0.4555,0.1867,0.0823,0.4928,0.1142,0.2426,0.3023,0.2688,0.1044,59.1872,77.0756,44.65,1.2173
31.3,939,,0.6138,0.8571,0.059,1.4673,0.7981,0.5439,0.7229,0.7678,0.4597,0.1976,0.082,0.505,0.1228,0.2632,0.3081,0.2622,0.1156,57.934,76.9693,43.406,1.2298
31.333,940,,0.6186,0.8675,0.0666,1.4879,0.8008,0.5383,0.7631,0.7772,0.46,0.2099,0.082,0.5197,0.3312,0.3031,0.3172,0.2501,0.128,56.5314,76.6192,41.7286,1.25
31.367,941,,0.6301,0.8817,0.0689,1.5164,0.8129,0.536,0.8101,0.7946,0.4655,0.2252,0.0818,0.5313,0.3485,0.3446,0.3291,0.2403,0.1434,55.5183,76.6279,40.0547,1.2826
31.4,942,,0.6344,0.8922,0.0609,1.5494,0.8313,0.5365,0.8516,0.803,0.4657,0.2436,0.0816,0.5319,0.3629,0.3859,0.3373,0.222,0.162,54.4292,74.6452,38.8789,1.3381
31.433,943,,0.6368,0.9007,0.0548,1.5917,0.8459,0.5314,0.875,0.807,0.4666,0.2766,0.0814,0.5341,0.3667,0.4084,0.3404,0.19,0.1951,52.2463,70.0394,38.3583,1.3818
31.467,944,,0.6337,0.9033,0.0437,1.6316,0.8596,0.5269,0.8836,0.8044,0.463,0.3032,0.0814,0.5319,0.3617,0.4206,0.3414,0.1598,0.2217,50.5026,66.1634,37.7342,1.4129
31.5,945,,0.6286,0.9002,0.0348,1.6536,0.8654,0.5233,0.886,0.7997,0.4574,0.3204,0.0816,0.5292,0.1165,0.4286,0.3424,0.1369,0.2389,49.6739,64.1016,36.8045,1.419
31.533,946,,0.6245,0.897,0.0303,1.6554,0.8667,0.5236,0.883,0.795,0.454,0.3306,0.0825,0.5237,0.1111,0.429,0.3409,0.1234,0.2481,50.7132,63.1475,35.8993,1.415
31.567,947,,0.6257,0.8974,0.034,1.6419,0.8633,0.5258,0.8815,0.7972,0.4543,0.3398,0.0839,0.523,0.1166,0.4272,0.3429,0.1145,0.2559,52.4074,63.5518,34.3312,1.4047
31.6,948,,0.623,0.8961,0.0335,1.6269,0.8627,0.5302,0.8769,0.7953,0.4508,0.3378,0.0838,0.5241,0.3531,0.4262,0.3446,0.113,0.254,52.6851,64.3587,33.1215,1.3668
31.633,949,,0.6255,0.8985,0.0371,1.6077,0.8614,0.5358,0.8756,0.7987,0.4523,0.3383,0.084,0.5266,0.129,0.4234,0.3464,0.114,0.2543,53.5068,66.4324,31.2295,1.3637
31.667,950,,0.6268,0.9029,0.0409,1.5949,0.862,0.5405,0.8705,0.8032,0.4503,0.3385,0.0847,0.5396,0.1398,0.4202,0.3529,0.1118,0.2538,54.0263,69.2771,28.0246,1.3672
31.7,951,,0.6276,0.9065,0.0478,1.591,0.8587,0.5397,0.8654,0.8082,0.4469,0.3381,0.0872,0.5508,0.1589,0.4185,0.3613,0.1088,0.2509,57.0128,73.1194,23.7633,1.3923
31.733,952,,0.6257,0.9043,0.0514,1.5751,0.8529,0.5415,0.8495,0.8116,0.4399,0.3339,0.0889,0.5569,0.1864,0.4096,0.3717,0.106,0.245,58.4591,78.2774,18.3982,1.3973
31.767,953,,0.6241,0.9029,0.053,1.5627,0.8498,0.5438,0.8311,0.8133,0.4349,0.3324,0.0909,0.5699,0.4153,0.3962,0.3785,0.1024,0.2416,60.9035,82.2743,13.9334,1.396
31.8,954,,0.6207,0.9014,0.0462,1.5627,0.8552,0.5473,0.8099,0.8127,0.4287,0.3293,0.0903,0.5821,0.4365,0.3812,0.384,0.0994,0.239,60.5607,85.5307,10.2578,1.4034
31.833,955,,0.6247,0.9094,0.0542,1.5652,0.8552,0.5464,0.7938,0.8186,0.4308,0.3321,0.0935,0.6027,0.4742,0.3631,0.3878,0.0987,0.2386,63.9441,89.01,6.3241,1.4067
31.867,956,,0.6244,0.917,0.058,1.5725,0.859,0.5463,0.7862,0.8207,0.4281,0.3404,0.0944,0.6195,0.5032,0.3581,0.3926,0.0877,0.246,64.2584,90.6606,2.9289,1.4033
31.9,957,,0.6209,0.9177,0.0606,1.5648,0.8571,0.5477,0.7852,0.8176,0.4243,0.3527,0.0951,0.634,0.5249,0.361,0.3933,0.0715,0.2576,64.9664,90.8041,0.3524,1.3599
31.933,958,,0.6196,0.9127,0.0667,1.5621,0.8459,0.5415,0.7926,0.8156,0.4236,0.3659,0.0968,0.6423,0.5415,0.369,0.392,0.0577,0.2691,66.8084,90.2931,0.9919,1.3063
31.967,959,,0.6149,0.9058,0.0713,1.5516,0.8344,0.5378,0.8098,0.8124,0.4175,0.3829,0.0984,0.6549,0.5694,0.3923,0.3949,0.0346,0.2845,68.2023,88.3429,1.9984,1.2664
32.0,960,on_ground,0.6047,0.8886,0.0681,1.502,0.8206,0.5463,0.8197,0.8024,0.407,0.3958,0.0963,0.6537,0.5766,0.4127,0.3954,0.0112,0.2994,67.6793,85.3343,1.8954,1.2264
32.033,961,on_ground,0.6019,0.8771,0.0648,1.4735,0.8123,0.5513,0.8048,0.7985,0.4053,0.4138,0.0968,0.6562,0.5832,0.3994,0.3931,-0.0085,0.317,69.5403,82.4564,1.7305,1.2162
32.067,962,on_ground,0.6221,1.1316,0.0323,2.2727,1.0993,0.4837,0.8166,0.8116,0.4327,0.4528,0.0926,0.767,0.813,0.3839,0.3789,-0.0201,0.3602,73.2692,75.2788,3.2753,1.7885
32.1,963,on_ground,0.617,1.1159,0.0268,2.2217,1.0891,0.4902,0.8084,0.809,0.425,0.4657,0.0928,0.7687,0.8194,0.3834,0.3839,-0.0406,0.3728,72.7685,75.3507,0.2974,1.7599
32.133,964,on_ground,0.6127,0.8608,0.0339,1.4151,0.8269,0.5843,0.8058,0.8084,0.417,0.4816,0.0938,0.7056,0.6616,0.3889,0.3914,-0.0646,0.3878,72.6117,75.4898,3.3544,1.2116
32.167,965,on_ground,0.6146,0.8518,0.0215,1.4017,0.8303,0.5923,0.8287,0.8106,0.4187,0.5046,0.0916,0.7127,0.6771,0.41,0.3919,-0.0859,0.413,73.2146,72.5333,4.1801,1.1835
32.2,966,on_ground,0.6187,0.8611,0.0067,1.4437,0.8544,0.5918,0.8155,0.8162,0.4212,0.5246,0.0882,0.7353,0.7477,0.3943,0.395,-0.1033,0.4364,74.929,70.5282,5.9648,1.1839
32.233,967,on_ground,0.6255,0.9602,-0.0062,1.7226,0.9664,0.561,0.818,0.8218,0.4291,0.5381,0.085,0.7608,0.8122,0.3889,0.3927,-0.109,0.4531,77.3455,70.4678,8.0807,1.3004
32.267,968,on_ground,0.6361,1.077,-0.0178,2.0981,1.0948,0.5218,0.8217,0.8334,0.4388,0.5457,0.0826,0.8057,0.8825,0.3828,0.3946,-0.1069,0.4631,80.178,72.575,10.6203,1.428
32.3,969,on_ground,0.6453,0.9863,-0.0275,1.8168,1.0138,0.558,0.8145,0.8415,0.4492,0.5519,0.0803,0.7817,0.8495,0.3653,0.3923,-0.1027,0.4716,83.3108,72.3494,9.6092,1.2807
32.333,970,on_ground,0.6524,0.867,-0.0336,1.4891,0.9005,0.6047,0.8253,0.8442,0.4606,0.5478,0.0785,0.7466,0.7611,0.3647,0.3836,-0.0872,0.4693,87.9788,73.6064,8.4799,1.0654
32.367,971,on_ground,0.6561,0.8795,-0.0383,1.525,0.9177,0.6018,0.8369,0.8449,0.4672,0.5421,0.0771,0.7251,0.7138,0.3697,0.3777,-0.0749,0.465,92.0679,75.2606,8.2951,1.0695
32.4,972,on_ground,0.6634,0.8948,-0.0401,1.5645,0.9349,0.5975,0.8508,0.8503,0.4765,0.5302,0.0763,0.723,0.7098,0.3744,0.3738,-0.0537,0.4538,97.5959,79.0484,8.6678,1.0702
32.433,973,on_ground,0.6717,0.9105,-0.0409,1.6069,0.9515,0.5921,0.8662,0.857,0.4864,0.5125,0.0758,0.7274,0.7075,0.3798,0.3705,-0.0261,0.4368,104.5664,84.6195,9.7249,1.0693
32.467,974,on_ground,0.6859,0.9276,-0.0455,1.6543,0.9732,0.5883,0.8835,0.872,0.4998,0.4923,0.0751,0.742,0.7181,0.3837,0.3722,0.0075,0.4171,111.9223,92.0194,11.3953,1.0761
32.5,975,on_ground,0.6983,0.945,-0.0532,1.7059,0.9982,0.5851,0.8965,0.886,0.5106,0.4705,0.0743,0.7562,0.7326,0.386,0.3754,0.0401,0.3962,119.2954,98.895,12.7994,1.0848
32.533,976,on_ground,0.7096,0.9624,-0.0568,1.7529,1.0192,0.5814,0.9141,0.8968,0.5225,0.4547,0.0737,0.7662,0.75,0.3916,0.3743,0.0678,0.381,125.8949,104.3649,14.1426,1.0832
32.567,977,on_ground,0.7227,0.9835,-0.0612,1.8061,1.0446,0.5784,0.9337,0.9102,0.5351,0.4538,0.0733,0.7767,0.7663,0.3986,0.3751,0.0813,0.3805,128.2471,107.3268,15.5176,1.0791
32.6,978,on_ground,0.7359,1.0027,-0.065,1.8552,1.0678,0.5755,0.9523,0.9238,0.5479,0.4517,0.0729,0.7874,0.7824,0.4043,0.3759,0.0963,0.3788,131.2664,110.326,16.8202,1.0685
32.633,979,on_ground,0.7436,1.015,-0.0683,1.8878,1.0833,0.5738,0.9662,0.9329,0.5543,0.4517,0.0726,0.7954,0.7958,0.4118,0.3785,0.1027,0.3791,132.598,111.6766,17.7116,1.0563
32.667,980,on_ground,0.7482,1.024,-0.0709,1.9112,1.0949,0.5729,0.9775,0.9393,0.5571,0.4519,0.0725,0.8018,0.8078,0.4204,0.3821,0.1053,0.3794,133.6448,112.4151,18.4073,1.0402
32.7,981,on_ground,0.7508,1.0321,-0.0745,1.9342,1.1066,0.5721,0.9881,0.944,0.5575,0.4483,0.0722,0.8075,0.8212,0.4306,0.3865,0.1093,0.376,134.988,113.2033,18.8387,1.0321
32.733,982,on_ground,0.7509,1.0378,-0.0772,1.9505,1.115,0.5716,0.9963,0.9459,0.556,0.4429,0.0721,0.8131,0.8319,0.4403,0.3899,0.1131,0.3708,136.4802,114.2686,19.4857,1.0227
32.767,983,on_ground,0.7507,1.0429,-0.0808,1.9651,1.1237,0.5719,1.0013,0.9465,0.5548,0.4366,0.0718,0.8207,0.8418,0.4465,0.3917,0.1182,0.3649,138.1866,115.8958,20.3844,1.0187
32.8,984,on_ground,0.753,1.0475,-0.0865,1.9808,1.1341,0.5725,1.0062,0.9493,0.5568,0.4301,0.0712,0.8303,0.853,0.4494,0.3925,0.1266,0.3589,140.296,117.324,20.7983,1.0175
32.833,985,on_ground,0.7582,1.0533,-0.0954,2.0001,1.1487,0.5743,1.0147,0.9556,0.5609,0.4173,0.0702,0.8411,0.8676,0.4538,0.3947,0.1435,0.3471,143.2333,120.0783,21.5979,1.0397
32.867,986,on_ground,0.762,1.057,-0.1009,2.0113,1.158,0.5757,1.02,0.9589,0.565,0.411,0.0697,0.8499,0.8794,0.455,0.3939,0.154,0.3413,145.3081,121.7826,21.9843,1.0593
32.9,987,on_ground,0.7639,1.0611,-0.1062,2.0244,1.1673,0.5766,1.0267,0.9608,0.567,0.4057,0.0691,0.857,0.8895,0.4597,0.3938,0.1613,0.3366,147.211,123.5555,22.735,1.071
32.933,988,on_ground,0.7649,1.0663,-0.1109,2.0386,1.1772,0.5774,1.0327,0.962,0.5679,0.4049,0.0686,0.8623,0.8984,0.4648,0.3942,0.163,0.3363,148.324,124.9397,23.4709,1.0834
32.967,989,on_ground,0.766,1.0789,-0.1122,2.0779,1.1911,0.5732,1.0427,0.9652,0.5668,0.4004,0.0684,0.8678,0.9061,0.4759,0.3984,0.1664,0.3319,149.9897,126.6743,24.4603,1.0905
33.0,990,on_ground,0.7681,1.0892,-0.1124,2.1108,1.2017,0.5693,1.0495,0.9705,0.5657,0.3972,0.0684,0.8716,0.9118,0.4838,0.4048,0.1685,0.3288,151.0721,128.1381,25.4444,1.0906
33.033,991,on_ground,0.7752,1.1005,-0.1154,2.1481,1.2159,0.566,1.1005,0.9838,0.5666,0.3951,0.068,0.8745,0.9174,0.534,0.4172,0.1715,0.3271,151.5103,130.8682,27.6406,1.0827
33.067,992,on_ground,0.7761,1.1043,-0.1171,2.1616,1.2214,0.5651,1.0797,0.9855,0.5667,0.3948,0.0679,0.8763,0.9204,0.513,0.4188,0.1719,0.3268,151.8449,131.1115,27.5968,1.0863
33.1,993,on_ground,0.7858,1.1186,-0.1214,2.207,1.24,0.5619,1.1054,0.9998,0.5717,0.3963,0.0674,0.879,0.9241,0.5337,0.4281,0.1754,0.3289,151.835,133.365,29.3931,1.0717
33.133,994,on_ground,0.7868,1.114,-0.1267,2.1976,1.2407,0.5646,1.0954,0.9991,0.5745,0.3988,0.0669,0.8806,0.9267,0.5209,0.4246,0.1757,0.3319,151.7705,133.5822,29.4705,1.0704
33.167,995,on_ground,0.7887,1.1128,-0.1359,2.1995,1.2486,0.5677,1.0947,1.0016,0.5758,0.3983,0.0657,0.8796,0.9251,0.5189,0.4258,0.1775,0.3326,151.8985,134.8138,30.4161,1.0584
33.2,996,on_ground,0.8049,1.1682,-0.1357,2.3795,1.304,0.548,1.1581,1.0309,0.5789,0.3998,0.0658,0.8827,0.9266,0.5792,0.4521,0.1791,0.334,151.8395,135.9435,31.2485,1.0547
33.233,997,on_ground,0.8075,1.1656,-0.1366,2.3693,1.3022,0.5496,1.1527,1.033,0.5821,0.4015,0.0658,0.8838,0.9274,0.5706,0.4508,0.1806,0.3357,151.8648,137.7111,32.6131,1.0347
33.267,998,on_ground,0.8113,1.1667,-0.1358,2.3714,1.3025,0.5493,1.1527,1.0373,0.5854,0.4041,0.0659,0.8836,0.9271,0.5673,0.4519,0.1813,0.3382,151.7372,138.9943,33.6486,1.025
33.3,999,on_ground,0.8136,1.1699,-0.1361,2.3807,1.3059,0.5485,1.1561,1.0401,0.587,0.4076,0.0659,0.8826,0.928,0.569,0.4531,0.1795,0.3417,151.1115,139.1751,34.0768,1.0227
33.333,1000,on_ground,0.8147,1.164,-0.1375,2.3604,1.3015,0.5514,1.164,1.0395,0.5899,0.41,0.0656,0.8819,0.9263,0.5741,0.4496,0.1799,0.3445,150.9021,139.4372,34.4854,0.9982
33.367,1001,on_ground,0.8092,1.145,-0.1367,2.2977,1.2818,0.5578,1.145,1.0287,0.5896,0.4087,0.0657,0.877,0.9186,0.5554,0.4391,0.1809,0.343,151.2611,139.8546,34.9709,0.9745
33.4,1002,on_ground,0.8017,1.1218,-0.1344,2.2222,1.2562,0.5653,1.1009,1.0134,0.59,0.4088,0.0659,0.8675,0.9078,0.5109,0.4234,0.1812,0.3429,151.5285,140.4561,35.8064,0.9493
33.433,1003,on_ground,0.7922,1.105,-0.1318,2.1698,1.2367,0.57,1.0814,0.9944,0.5899,0.4083,0.066,0.8575,0.8952,0.4915,0.4045,0.1816,0.3423,152.2175,142.0463,37.3913,0.9234
33.467,1004,on_ground,0.7872,1.0944,-0.1278,2.1366,1.2222,0.572,1.0689,0.9842,0.5902,0.4096,0.0664,0.8481,0.8839,0.4787,0.394,0.1805,0.3432,152.1251,142.7345,38.509,0.8988
33.5,1005,on_ground,0.7772,1.0817,-0.1226,2.0983,1.2043,0.5739,1.0546,0.9675,0.5869,0.4076,0.067,0.8387,0.8683,0.4677,0.3806,0.1793,0.3406,152.7692,144.2277,40.0983,0.8725
33.533,1006,on_ground,0.7677,1.0731,-0.1187,2.0749,1.1917,0.5744,1.0428,0.9559,0.5794,0.4053,0.0673,0.8285,0.8488,0.4635,0.3766,0.174,0.338,152.8487,145.0323,41.5556,0.8481
33.567,1007,on_ground,0.758,1.0657,-0.1159,2.0563,1.1816,0.5746,1.0342,0.9458,0.5703,0.4029,0.0675,0.8209,0.8318,0.4639,0.3755,0.1674,0.3354,152.8783,146.1088,43.4962,0.8219
33.6,1008,on_ground,0.7411,1.0568,-0.1119,2.0368,1.1687,0.5738,1.0262,0.9264,0.5558,0.3978,0.0679,0.8095,0.804,0.4704,0.3706,0.158,0.33,152.7577,147.1031,45.8737,0.7948
33.633,1009,on_ground,0.7308,1.0527,-0.1094,2.0284,1.1622,0.573,1.0199,0.9152,0.5464,0.3987,0.0681,0.7987,0.7663,0.4734,0.3688,0.1477,0.3307,151.6685,147.4515,48.0452,0.7697
33.667,1010,on_ground,0.7225,1.0501,-0.1055,2.0244,1.1556,0.5708,1.0146,0.9078,0.5371,0.3974,0.0684,0.7847,0.7391,0.4774,0.3707,0.1397,0.329,151.3737,147.1932,49.1749,0.7462
33.7,1011,on_ground,0.7216,1.0462,-0.1027,2.0156,1.149,0.57,1.0094,0.9019,0.5413,0.3995,0.0687,0.7674,0.7078,0.468,0.3606,0.1418,0.3308,152.4953,150.1699,51.633,0.7262
33.733,1012,on_ground,0.7215,1.042,-0.0997,2.0045,1.1416,0.5695,1.0061,0.8961,0.547,0.4069,0.0691,0.7543,0.6817,0.4591,0.3491,0.1401,0.3378,152.8798,152.4766,53.6966,0.7224
33.767,1013,on_ground,0.7245,1.0373,-0.098,1.9916,1.1353,0.57,1.0029,0.8966,0.5523,0.4107,0.0694,0.7416,0.6512,0.4506,0.3443,0.1416,0.3413,153.8724,154.7553,55.1499,0.709
33.8,1014,on_ground,0.722,1.0301,-0.0965,1.9743,1.1266,0.5706,0.9963,0.8935,0.5505,0.4118,0.0696,0.7308,0.6194,0.4458,0.343,0.1387,0.3422,154.4391,156.3952,56.6868,0.691
33.833,1015,on_ground,0.7183,1.0195,-0.0998,1.9544,1.1193,0.5727,0.9873,0.8868,0.5498,0.4103,0.0693,0.7204,0.5916,0.4375,0.337,0.1395,0.341,155.9126,158.9106,58.4528,0.6744
33.867,1016,on_ground,0.7154,1.0083,-0.1057,1.9354,1.114,0.5756,0.9776,0.8824,0.5483,0.4025,0.0686,0.7086,0.5692,0.4293,0.3341,0.1458,0.3339,157.7033,161.1882,59.7667,0.6468
33.9,1017,on_ground,0.7119,0.9974,-0.1147,1.9176,1.1121,0.58,0.9698,0.8761,0.5477,0.3973,0.0676,0.6921,0.5446,0.4221,0.3284,0.1504,0.3297,158.9934,163.1104,61.0048,0.6399
33.933,1018,on_ground,0.707,0.9856,-0.1213,1.8926,1.1069,0.5848,0.9662,0.8682,0.5458,0.3942,0.0669,0.6769,0.5248,0.4204,0.3224,0.1516,0.3273,159.5218,162.6441,61.9667,0.653
33.967,1019,on_ground,0.7036,0.9819,-0.1288,1.871,1.1107,0.5936,0.9604,0.8627,0.5445,0.3922,0.0662,0.6655,0.5113,0.4159,0.3181,0.1523,0.326,159.8136,161.9138,62.8586,0.648
34.0,1020,on_ground,0.6994,0.981,-0.1422,1.8746,1.1232,0.5991,0.9595,0.8574,0.5415,0.3911,0.0644,0.655,0.5013,0.4181,0.3159,0.1504,0.3267,159.5403,161.7346,63.6948,0.6493
34.033,1021,on_ground,0.7035,0.9727,-0.1426,1.8561,1.1153,0.6009,0.9609,0.8608,0.5463,0.4031,0.0646,0.6613,0.5078,0.4147,0.3145,0.1432,0.3385,157.6031,161.2955,63.8569,0.6303
34.067,1022,on_ground,0.7045,0.9806,-0.1459,1.8539,1.1264,0.6076,0.9669,0.8614,0.5476,0.4129,0.0644,0.6631,0.5152,0.4193,0.3139,0.1347,0.3484,155.9691,160.9461,64.097,0.6301
34.1,1023,on_ground,0.709,0.9966,-0.1483,1.8836,1.1449,0.6078,0.978,0.8648,0.5531,0.4223,0.0644,0.6668,0.5259,0.4249,0.3117,0.1308,0.3579,154.5016,160.7618,64.3145,0.642
34.133,1024,on_ground,0.7096,0.9987,-0.1498,1.8815,1.1484,0.6104,0.9809,0.8661,0.5531,0.4271,0.0645,0.6723,0.5324,0.4277,0.313,0.1261,0.3626,153.4449,160.8457,64.1418,0.6365
34.167,1025,on_ground,0.713,1.0045,-0.154,1.8912,1.1585,0.6126,0.9857,0.8682,0.5577,0.4306,0.0641,0.6779,0.5405,0.428,0.3106,0.1271,0.3665,153.6518,160.7586,64.5987,0.6342
34.2,1026,on_ground,0.7128,1.0051,-0.1562,1.8892,1.1613,0.6147,0.9872,0.867,0.5586,0.43,0.0641,0.6786,0.5429,0.4286,0.3084,0.1286,0.3659,154.5983,161.1273,64.9155,0.6277
34.233,1027,on_ground,0.715,1.0071,-0.1582,1.8915,1.1653,0.616,0.9894,0.8664,0.5636,0.4292,0.0641,0.6809,0.5448,0.4258,0.3029,0.1343,0.3651,156.5143,161.6447,65.5333,0.6229
34.267,1028,on_ground,0.7129,1.007,-0.1598,1.8915,1.1668,0.6169,0.9897,0.8635,0.5622,0.4232,0.0641,0.681,0.5449,0.4275,0.3013,0.139,0.3591,158.8453,162.4545,65.943,0.6175
34.3,1029,on_ground,0.7117,1.0057,-0.1607,1.8881,1.1665,0.6178,0.9891,0.8617,0.5618,0.4181,0.0643,0.6811,0.5446,0.4274,0.2999,0.1437,0.3538,161.2931,163.4303,66.203,0.6095
34.333,1030,on_ground,0.7107,1.0045,-0.1621,1.8865,1.1666,0.6184,0.9876,0.8591,0.5623,0.4077,0.0643,0.6803,0.5438,0.4252,0.2968,0.1546,0.3434,164.3161,164.4494,66.7105,0.6025
34.367,1031,on_ground,0.7105,1.0053,-0.1627,1.8882,1.168,0.6185,0.9874,0.8566,0.5644,0.3962,0.0646,0.6797,0.5444,0.423,0.2921,0.1682,0.3316,167.2494,165.3749,67.4488,0.5942
34.4,1032,on_ground,0.7085,1.0056,-0.1626,1.8881,1.1682,0.6187,0.9838,0.8528,0.5641,0.3872,0.0649,0.6787,0.5449,0.4197,0.2888,0.1769,0.3222,169.4703,166.4608,68.3874,0.5842
34.433,1033,on_ground,0.707,1.0051,-0.1633,1.8871,1.1684,0.6192,0.9857,0.8504,0.5636,0.3806,0.0651,0.6785,0.5447,0.4221,0.2868,0.183,0.3155,170.7166,166.9499,68.8515,0.5792
34.467,1034,on_ground,0.7056,1.0046,-0.1643,1.8876,1.1688,0.6192,0.9846,0.8477,0.5634,0.3762,0.0651,0.6775,0.5438,0.4212,0.2844,0.1872,0.3111,171.7745,167.2661,69.5434,0.575
34.5,1035,on_ground,0.7033,1.0042,-0.1646,1.8882,1.1688,0.619,0.9838,0.8455,0.5611,0.3742,0.065,0.6767,0.543,0.4227,0.2844,0.1869,0.3092,171.8378,167.357,69.6847,0.5731
34.533,1036,on_ground,0.702,1.0037,-0.1664,1.889,1.1701,0.6194,0.9829,0.8438,0.5602,0.3732,0.0647,0.6762,0.5429,0.4227,0.2836,0.1871,0.3085,171.7855,167.2946,69.7975,0.5731
34.567,1037,on_ground,0.7013,1.0032,-0.1677,1.8884,1.1709,0.62,0.9825,0.8433,0.5593,0.3712,0.0646,0.6759,0.5423,0.4232,0.2841,0.1881,0.3066,172.0248,167.224,69.8727,0.572
34.6,1038,on_ground,0.7006,1.0034,-0.1692,1.8901,1.1726,0.6204,0.9825,0.8434,0.5578,0.372,0.0643,0.6762,0.5423,0.4247,0.2856,0.1858,0.3077,171.6493,167.2039,69.8197,0.572
34.633,1039,on_ground,0.701,1.0045,-0.1696,1.892,1.174,0.6205,0.9833,0.844,0.558,0.3734,0.0643,0.6774,0.5433,0.4254,0.2861,0.1845,0.3092,171.2366,167.1426,69.7783,0.5726
34.667,1040,on_ground,0.7006,1.0044,-0.1704,1.8933,1.1748,0.6205,0.983,0.8437,0.5575,0.3738,0.0641,0.6771,0.5431,0.4255,0.2863,0.1836,0.3097,171.105,167.173,69.8033,0.5727
34.7,1041,on_ground,0.7023,1.0046,-0.1705,1.8936,1.1751,0.6206,0.9832,0.8443,0.5603,0.3732,0.0641,0.6775,0.5437,0.4229,0.284,0.1871,0.309,171.5627,167.1736,70.0428,0.5725
34.733,1042,on_ground,0.7032,1.0047,-0.1705,1.8928,1.1752,0.6209,0.9833,0.8446,0.5618,0.3735,0.0643,0.6777,0.5436,0.4215,0.2828,0.1884,0.3092,171.6319,167.1687,70.2147,0.5718
34.767,1043,on_ground,0.7038,1.0051,-0.1704,1.8928,1.1755,0.6211,0.9838,0.8451,0.5625,0.3734,0.0644,0.6777,0.544,0.4212,0.2826,0.1892,0.309,171.5847,167.1673,70.281,0.5721
34.8,1044,on_ground,0.703,1.0054,-0.1699,1.8933,1.1753,0.6208,0.982,0.8459,0.5601,0.373,0.0644,0.6782,0.5442,0.4219,0.2858,0.1871,0.3086,171.2233,167.0895,70.0836,0.5725
34.833,1045,on_ground,0.7044,1.0069,-0.1698,1.8958,1.1767,0.6207,0.9834,0.8472,0.5616,0.3731,0.0644,0.6793,0.5458,0.4218,0.2856,0.1885,0.3087,171.3183,166.8478,70.3049,0.5738
34.867,1046,on_ground,0.7044,1.0076,-0.1703,1.8975,1.1779,0.6207,0.984,0.8474,0.5615,0.3725,0.0644,0.6796,0.5462,0.4225,0.286,0.189,0.3081,171.6191,166.6608,70.4677,0.5743
34.9,1047,on_ground,0.7051,1.0084,-0.1701,1.8991,1.1785,0.6206,0.9848,0.8484,0.5619,0.3712,0.0644,0.6806,0.5467,0.423,0.2866,0.1906,0.3068,171.9702,166.4667,70.5471,0.5743
34.933,1048,on_ground,0.7054,1.009,-0.1694,1.8997,1.1784,0.6203,0.9854,0.8489,0.5619,0.3717,0.0646,0.681,0.5468,0.4235,0.2871,0.1902,0.3071,171.8665,166.4132,70.5729,0.5737
34.967,1049,on_ground,0.7053,1.0094,-0.1695,1.9008,1.1789,0.6202,0.9858,0.8491,0.5616,0.372,0.0645,0.6814,0.5467,0.4242,0.2874,0.1896,0.3075,171.8378,166.3668,70.5339,0.5741
35.0,1050,on_ground,0.7053,1.0096,-0.1703,1.9019,1.1799,0.6204,0.986,0.8491,0.5615,0.3712,0.0644,0.6816,0.5467,0.4245,0.2876,0.1903,0.3068,171.9295,166.3306,70.462,0.5748
35.033,1051,on_ground,0.7063,1.0103,-0.1697,1.9024,1.18,0.6202,0.9867,0.8501,0.5624,0.3718,0.0645,0.6826,0.5477,0.4243,0.2877,0.1906,0.3073,171.9376,166.1864,70.4591,0.5752
35.067,1052,on_ground,0.7061,1.0104,-0.1698,1.9024,1.1802,0.6204,0.9869,0.8504,0.5617,0.3714,0.0646,0.6825,0.5479,0.4252,0.2887,0.1903,0.3069,172.0226,166.1779,70.3853,0.5749
35.1,1053,on_ground,0.7063,1.0108,-0.1696,1.9026,1.1804,0.6204,0.9872,0.8508,0.5619,0.3711,0.0646,0.6831,0.5486,0.4253,0.2889,0.1907,0.3066,172.1442,166.0715,70.4072,0.5751
35.133,1054,on_ground,0.7061,1.0111,-0.1703,1.9034,1.1814,0.6207,0.9875,0.851,0.5613,0.3718,0.0645,0.6839,0.5492,0.4263,0.2897,0.1895,0.3073,171.9094,166.0708,70.3018,0.5757
35.167,1055,on_ground,0.7053,1.0106,-0.1712,1.9034,1.1818,0.6209,0.9873,0.8502,0.5604,0.3711,0.0643,0.6836,0.5488,0.4269,0.2898,0.1893,0.3068,171.8997,166.1269,70.2979,0.5758
35.2,1056,on_ground,0.7033,1.0101,-0.1739,1.9052,1.184,0.6215,0.9865,0.8499,0.5567,0.3697,0.0638,0.6832,0.5482,0.4299,0.2932,0.187,0.3059,171.7827,166.0307,69.9747,0.5766
35.233,1057,on_ground,0.7035,1.0102,-0.175,1.9063,1.1852,0.6217,0.9883,0.8501,0.5569,0.3701,0.0636,0.6831,0.548,0.4315,0.2932,0.1867,0.3066,171.6966,166.0613,69.9363,0.5773
35.267,1058,on_ground,0.7034,1.0105,-0.1755,1.9073,1.1859,0.6218,0.9866,0.8503,0.5565,0.3718,0.0635,0.6831,0.5477,0.4301,0.2938,0.1847,0.3083,171.3327,166.1262,69.7836,0.5776
35.3,1059,on_ground,0.7038,1.0108,-0.1748,1.908,1.1857,0.6214,0.9887,0.8504,0.5571,0.3718,0.0636,0.683,0.5472,0.4316,0.2933,0.1854,0.3082,171.4802,166.2219,69.8209,0.5773
35.333,1060,on_ground,0.7039,1.0103,-0.1745,1.9076,1.1848,0.6211,0.9882,0.8501,0.5577,0.3719,0.0636,0.6822,0.5465,0.4305,0.2924,0.1858,0.3083,171.5455,166.3118,69.8938,0.5766
35.367,1061,on_ground,0.7035,1.0106,-0.1744,1.9087,1.1851,0.6209,0.9883,0.85,0.5571,0.3712,0.0636,0.6819,0.5461,0.4312,0.2928,0.1859,0.3076,171.6395,166.2932,69.8399,0.5768
35.4,1062,on_ground,0.7027,1.0106,-0.1753,1.9092,1.1859,0.6212,0.9862,0.8493,0.5561,0.3716,0.0635,0.6814,0.5456,0.4301,0.2931,0.1845,0.3081,171.3816,166.3056,69.812,0.5774
35.433,1063,on_ground,0.7026,1.0111,-0.1758,1.9108,1.1869,0.6212,0.9886,0.8487,0.5564,0.3723,0.0633,0.6814,0.5455,0.4321,0.2923,0.1841,0.309,171.3788,166.3353,69.8099,0.5791
35.467,1064,on_ground,0.7022,1.0113,-0.176,1.9121,1.1873,0.6209,0.9888,0.8482,0.5563,0.3724,0.0633,0.6809,0.5449,0.4325,0.2919,0.1839,0.3091,171.4985,166.2889,69.7863,0.5803
35.5,1065,on_ground,0.7028,1.012,-0.1748,1.913,1.1868,0.6204,0.9893,0.8487,0.5568,0.3731,0.0634,0.6811,0.5447,0.4325,0.2919,0.1838,0.3096,171.464,166.275,69.6529,0.581
35.533,1066,on_ground,0.7027,1.0125,-0.1759,1.915,1.1883,0.6205,0.9898,0.8489,0.5565,0.373,0.0632,0.6813,0.5445,0.4333,0.2924,0.1835,0.3098,171.5238,166.2037,69.5842,0.5822
35.567,1067,on_ground,0.7033,1.0126,-0.176,1.9155,1.1887,0.6206,0.9883,0.849,0.5575,0.3723,0.0632,0.6818,0.5445,0.4308,0.2914,0.1853,0.3091,171.6952,166.0903,69.5844,0.5827
35.6,1068,on_ground,0.7042,1.0125,-0.1759,1.9148,1.1884,0.6206,0.9883,0.8494,0.5591,0.3724,0.0633,0.6823,0.5444,0.4292,0.2903,0.1866,0.3092,172.1604,166.0555,69.7568,0.5819
35.633,1069,on_ground,0.7056,1.0129,-0.1747,1.9135,1.1875,0.6206,0.9886,0.8504,0.5608,0.3741,0.0635,0.6835,0.5451,0.4278,0.2896,0.1866,0.3106,172.0967,166.0479,69.832,0.5817
35.667,1070,on_ground,0.7062,1.0122,-0.1743,1.9115,1.1865,0.6207,0.9897,0.8507,0.5618,0.3744,0.0636,0.6838,0.545,0.4279,0.2889,0.1874,0.3108,172.2834,165.9835,69.904,0.581
35.7,1071,on_ground,0.7069,1.0123,-0.1734,1.9111,1.1857,0.6204,0.9898,0.8516,0.5622,0.3746,0.0636,0.6849,0.5454,0.4276,0.2894,0.1876,0.311,172.2519,165.8634,69.8725,0.5809
35.733,1072,on_ground,0.707,1.0123,-0.1727,1.9106,1.185,0.6202,0.9897,0.8517,0.5624,0.375,0.0638,0.6852,0.5453,0.4273,0.2893,0.1874,0.3113,172.128,165.7958,69.7885,0.5804
35.767,1073,on_ground,0.708,1.0128,-0.1725,1.9115,1.1853,0.6201,0.9883,0.8524,0.5637,0.375,0.0638,0.6861,0.5456,0.4246,0.2887,0.1887,0.3112,172.2786,165.7064,69.8346,0.5806
35.8,1074,on_ground,0.7084,1.0132,-0.1719,1.9118,1.1852,0.6199,0.9907,0.8524,0.5643,0.3757,0.0638,0.6867,0.5457,0.4263,0.2881,0.1886,0.3119,172.2733,165.665,69.8618,0.5811
35.833,1075,on_ground,0.7088,1.0138,-0.1735,1.9139,1.1873,0.6203,0.9894,0.8525,0.5651,0.3758,0.0635,0.6872,0.5464,0.4243,0.2874,0.1893,0.3122,172.4143,165.5668,69.9386,0.5828
35.867,1076,on_ground,0.708,1.0136,-0.1752,1.9148,1.1887,0.6208,0.9894,0.8514,0.5645,0.3766,0.0632,0.6881,0.5479,0.4249,0.2869,0.1879,0.3134,172.3396,165.516,70.0018,0.5847
35.9,1077,on_ground,0.7082,1.0138,-0.1772,1.9155,1.191,0.6217,0.9898,0.851,0.5655,0.3777,0.0628,0.6901,0.5502,0.4243,0.2855,0.1877,0.3149,172.3767,165.4319,70.1556,0.587
35.933,1078,on_ground,0.7087,1.014,-0.1802,1.9175,1.1941,0.6228,0.9899,0.8514,0.566,0.3806,0.0623,0.692,0.553,0.4239,0.2854,0.1854,0.3183,172.1598,165.1601,70.1106,0.5903
35.967,1079,on_ground,0.7094,1.0135,-0.1844,1.9185,1.198,0.6244,0.9896,0.852,0.5667,0.3844,0.0616,0.694,0.5565,0.4229,0.2853,0.1822,0.3229,171.561,164.6605,69.9255,0.5937
36.0,1080,on_ground,0.7093,1.013,-0.1867,1.918,1.1997,0.6255,0.989,0.8517,0.5669,0.3862,0.0612,0.6966,0.5615,0.4221,0.2848,0.1807,0.325,171.2855,164.0507,69.7422,0.5953
36.033,1081,,0.7094,1.0114,-0.1891,1.9145,1.2005,0.627,0.9874,0.8508,0.568,0.3892,0.0609,0.6982,0.5669,0.4194,0.2828,0.1788,0.3283,170.7201,163.359,69.591,0.5964
36.067,1082,,0.7087,1.0084,-0.1923,1.9091,1.2007,0.6289,0.9845,0.8481,0.5693,0.3897,0.0605,0.6975,0.5704,0.4152,0.2788,0.1797,0.3292,171.0268,162.7906,69.7783,0.5971
36.1,1083,,0.7072,1.0049,-0.1936,1.9017,1.1985,0.6302,0.9809,0.8449,0.5695,0.3931,0.0604,0.6935,0.571,0.4114,0.2754,0.1764,0.3327,171.1756,162.1689,70.0539,0.5966
36.133,1084,,0.7062,1.0026,-0.1963,1.8988,1.199,0.6314,0.9799,0.8432,0.5692,0.3965,0.0598,0.6908,0.571,0.4107,0.274,0.1727,0.3367,170.9682,161.5005,70.1499,0.5986
36.167,1085,,0.7032,0.9991,-0.1957,1.89,1.1949,0.6322,0.9762,0.8402,0.5663,0.3975,0.06,0.6885,0.5674,0.4099,0.2739,0.1688,0.3376,170.9729,160.8505,70.2846,0.5966
36.2,1086,,0.7011,0.997,-0.1955,1.8847,1.1926,0.6328,0.974,0.8382,0.564,0.399,0.0601,0.6865,0.5619,0.41,0.2742,0.165,0.3389,170.8914,160.3148,70.3845,0.5948
36.233,1087,,0.7064,1.0006,-0.1909,1.884,1.1916,0.6325,0.9753,0.8428,0.5699,0.4146,0.0607,0.6901,0.5647,0.4054,0.2729,0.1553,0.3539,168.413,159.933,70.3196,0.6018
36.267,1088,,0.7037,0.9972,-0.19,1.8758,1.1872,0.6329,0.9742,0.8399,0.5675,0.4167,0.0611,0.6861,0.559,0.4068,0.2725,0.1508,0.3555,168.6699,159.656,70.3184,0.5989
36.3,1089,,0.702,0.9941,-0.1905,1.8698,1.1847,0.6336,0.9709,0.8382,0.5658,0.4175,0.0612,0.6833,0.5544,0.4052,0.2725,0.1483,0.3563,169.2242,159.2742,70.2559,0.5967
36.333,1090,,0.7011,0.9915,-0.1884,1.8615,1.1799,0.6338,0.9685,0.8374,0.5647,0.4201,0.0619,0.6802,0.5511,0.4038,0.2727,0.1446,0.3583,169.5024,159.105,70.171,0.5937
36.367,1091,,0.6994,0.9885,-0.1841,1.8506,1.1726,0.6337,0.966,0.836,0.5628,0.425,0.0629,0.6777,0.5488,0.4032,0.2732,0.1378,0.3621,169.1755,158.9741,70.0236,0.5901
36.4,1092,,0.6974,0.9866,-0.1811,1.8437,1.1677,0.6334,0.9612,0.8347,0.5602,0.4239,0.0637,0.6756,0.5476,0.4011,0.2745,0.1363,0.3602,169.5671,158.5456,69.813,0.5879
36.433,1093,,0.6966,0.9855,-0.1789,1.8394,1.1644,0.633,0.9602,0.8351,0.5581,0.4249,0.0643,0.6751,0.5489,0.4021,0.277,0.1332,0.3606,169.5396,158.2035,69.501,0.5854
36.467,1094,,0.7,0.9881,-0.1744,1.8385,1.1626,0.6324,0.9633,0.8402,0.5598,0.4347,0.0649,0.6781,0.5576,0.4035,0.2804,0.125,0.3698,166.8959,158.7836,68.7646,0.5903
36.5,1095,,0.7046,0.9919,-0.1685,1.8386,1.1604,0.6311,0.968,0.8457,0.5635,0.4445,0.0657,0.6831,0.5698,0.4045,0.2822,0.119,0.3788,164.2949,159.4852,68.1396,0.5955
36.533,1096,,0.6992,0.9864,-0.1733,1.8346,1.1597,0.6321,0.968,0.8419,0.5564,0.4367,0.0651,0.6788,0.5708,0.4116,0.2854,0.1197,0.3716,165.3935,159.3733,67.747,0.5936
36.567,1097,,0.6924,0.9793,-0.1794,1.8296,1.1587,0.6333,0.9588,0.8371,0.5476,0.4301,0.0641,0.6733,0.5715,0.4112,0.2895,0.1175,0.3659,165.7785,159.589,67.1066,0.5907
36.6,1098,,0.6855,0.9716,-0.1833,1.822,1.1549,0.6339,0.9536,0.8319,0.5391,0.421,0.0635,0.6677,0.5717,0.4145,0.2928,0.1181,0.3575,166.2277,160.0339,66.6458,0.5881
36.633,1099,,0.6814,0.9662,-0.1876,1.8186,1.1538,0.6344,0.9503,0.8286,0.5341,0.4133,0.0627,0.6644,0.5728,0.4162,0.2944,0.1208,0.3506,166.7946,160.3789,66.1409,0.5931
36.667,1100,,0.6775,0.9634,-0.1859,1.8165,1.1493,0.6327,0.9486,0.8265,0.5286,0.409,0.0629,0.662,0.5752,0.42,0.2979,0.1195,0.3461,166.614,160.7822,65.5415,0.6005
36.7,1101,,0.6755,0.9616,-0.1822,1.8148,1.1439,0.6303,0.9475,0.8254,0.5256,0.4049,0.0634,0.6599,0.5787,0.4219,0.2998,0.1207,0.3415,166.6653,161.2005,65.0336,0.6071
36.733,1102,,0.6765,0.9687,-0.1777,1.8325,1.1464,0.6256,0.9529,0.8274,0.5257,0.4077,0.064,0.6596,0.5836,0.4273,0.3017,0.1179,0.3437,165.6725,162.1385,64.487,0.6125
36.767,1103,,0.6766,0.9714,-0.175,1.8424,1.1464,0.6222,0.9537,0.8284,0.5247,0.4049,0.0642,0.6575,0.5853,0.4289,0.3036,0.1199,0.3406,165.8217,162.3378,63.8306,0.6152
36.8,1104,,0.6811,0.9695,-0.1652,1.8284,1.1347,0.6206,0.9554,0.8324,0.5297,0.4128,0.0658,0.6623,0.5943,0.4257,0.3027,0.1169,0.347,163.8905,162.3461,63.2138,0.6202
36.833,1105,,0.6878,0.9809,-0.1525,1.8427,1.1335,0.6151,0.9669,0.8383,0.5374,0.4215,0.0678,0.669,0.6033,0.4296,0.301,0.1159,0.3537,162.2118,161.3502,62.8985,0.6206
36.867,1106,,0.6975,0.9906,-0.1402,1.8511,1.1308,0.6109,0.9764,0.8472,0.5478,0.4309,0.0696,0.6788,0.6148,0.4286,0.2995,0.1169,0.3612,160.9445,160.7299,62.5525,0.6176
36.9,1107,,0.7045,0.9982,-0.1295,1.8591,1.1277,0.6066,0.9815,0.8538,0.5552,0.4373,0.0711,0.6859,0.62,0.4264,0.2986,0.1179,0.3661,160.566,160.4987,62.2269,0.6077
36.933,1108,,0.7104,1.0048,-0.1203,1.8662,1.1251,0.6029,0.9862,0.8596,0.5613,0.4398,0.0723,0.6909,0.6224,0.4249,0.2983,0.1215,0.3675,161.0791,161.1092,62.1125,0.5967
36.967,1109,,0.7145,1.0102,-0.1123,1.874,1.1226,0.599,0.9884,0.8655,0.5636,0.4437,0.0732,0.6948,0.6179,0.4248,0.3019,0.1199,0.3705,160.752,160.1921,61.552,0.5824
37.0,1110,,0.7166,1.0132,-0.105,1.876,1.1182,0.596,0.9892,0.8689,0.5643,0.4413,0.074,0.6958,0.5984,0.4248,0.3046,0.123,0.3673,161.3727,160.2943,61.2664,0.5783
37.033,1111,,0.7189,1.0175,-0.095,1.8784,1.1125,0.5923,0.9918,0.8732,0.5646,0.4351,0.0751,0.6967,0.5732,0.4272,0.3087,0.1294,0.36,162.2436,160.407,60.8378,0.5728
37.067,1112,,0.7166,1.015,-0.0863,1.8684,1.1013,0.5894,0.988,0.8723,0.561,0.4306,0.0762,0.6922,0.5478,0.427,0.3113,0.1304,0.3544,162.7248,160.2409,60.6967,0.5637
37.1,1113,,0.7134,1.0011,-0.0787,1.835,1.0798,0.5884,0.9764,0.8694,0.5574,0.4237,0.0768,0.6871,0.5375,0.4191,0.312,0.1336,0.3469,163.7362,160.8673,60.9636,0.5427
37.133,1114,,0.7123,1.0,-0.0689,1.8283,1.069,0.5847,0.9744,0.8687,0.5559,0.4228,0.0778,0.6823,0.529,0.4185,0.3128,0.1331,0.345,163.8833,160.6557,60.8751,0.5535
37.167,1115,,0.7087,0.9979,-0.0601,1.8241,1.0581,0.5801,0.9719,0.866,0.5513,0.4215,0.0785,0.6767,0.5172,0.4206,0.3147,0.1299,0.343,163.392,159.9282,60.7987,0.5664
37.2,1116,,0.7021,0.9929,-0.05,1.8209,1.0429,0.5727,0.967,0.8612,0.5431,0.4141,0.0792,0.668,0.5066,0.4239,0.318,0.1291,0.3349,163.7946,159.5321,60.6804,0.5782
37.233,1117,,0.6951,0.9862,-0.042,1.8127,1.0282,0.5672,0.9618,0.8563,0.534,0.4069,0.0797,0.6594,0.495,0.4278,0.3223,0.1271,0.3271,163.9714,158.702,60.3206,0.5877
37.267,1118,,0.6864,0.9794,-0.0304,1.8075,1.0098,0.5587,0.9576,0.8508,0.522,0.3998,0.0807,0.6495,0.4788,0.4356,0.3288,0.1222,0.3191,163.8148,157.1662,59.5771,0.598
37.3,1119,,0.6774,0.9734,-0.0194,1.8194,0.9927,0.5456,0.9542,0.8451,0.5096,0.3953,0.0818,0.64,0.464,0.4446,0.3355,0.1143,0.3135,163.0732,155.1834,58.7894,0.6044
37.333,1120,,0.6684,0.9677,-0.0117,1.8283,0.9794,0.5357,0.9512,0.8389,0.4979,0.3887,0.0825,0.6323,0.4564,0.4533,0.341,0.1093,0.3061,162.3324,153.5258,58.0884,0.6115
37.367,1121,,0.6605,0.9676,-0.0063,1.8354,0.9739,0.5306,0.9534,0.8344,0.4867,0.381,0.0828,0.6285,0.4519,0.4667,0.3477,0.1057,0.2982,160.8276,151.3027,57.2809,0.6237
37.4,1122,,0.6443,0.9597,-0.0045,1.8264,0.9642,0.5279,0.9443,0.8238,0.4648,0.3544,0.0823,0.6171,0.4371,0.4796,0.359,0.1104,0.2721,159.7697,148.6127,56.2453,0.6295
37.433,1123,,0.6295,0.9453,-0.0052,1.8206,0.9505,0.5221,0.9315,0.8152,0.4437,0.3293,0.0817,0.6073,0.4229,0.4878,0.3714,0.1144,0.2476,159.3263,146.2447,54.9821,0.6287
37.467,1124,,0.6109,0.933,-0.0032,1.8118,0.9362,0.5168,0.9197,0.8019,0.4199,0.3089,0.0814,0.5942,0.4033,0.4998,0.3821,0.1109,0.2275,160.0205,144.2449,54.0221,0.6354
37.5,1125,,0.596,0.9249,-0.0005,1.8023,0.9254,0.5134,0.9117,0.7911,0.4009,0.2988,0.0811,0.5841,0.3891,0.5108,0.3902,0.1021,0.2177,159.7954,142.4945,53.4905,0.645
37.533,1126,,0.5806,0.9165,-0.0013,1.7842,0.9178,0.5144,0.9029,0.7775,0.3837,0.2926,0.0806,0.5735,0.3736,0.5192,0.3937,0.0911,0.212,158.6053,140.818,53.3189,0.654
37.567,1127,,0.5669,0.91,-0.0014,1.7696,0.9114,0.515,0.897,0.7644,0.3694,0.2925,0.0806,0.5618,0.3578,0.5277,0.3951,0.0768,0.2119,156.7641,138.8544,52.8945,0.6648
37.6,1128,,0.553,0.901,0.0075,1.7534,0.8934,0.5095,0.8876,0.7504,0.3557,0.2908,0.0817,0.5481,0.3393,0.532,0.3947,0.0649,0.2091,155.6637,137.7323,52.5938,0.6771
37.633,1129,,0.538,0.8933,0.0089,1.7291,0.8844,0.5115,0.8791,0.7373,0.3387,0.2934,0.0818,0.5362,0.3229,0.5404,0.3986,0.0452,0.2116,152.0333,135.3271,52.4369,0.6921
37.667,1130,,0.5272,0.8867,0.0118,1.7027,0.8749,0.5139,0.871,0.7278,0.3267,0.2959,0.0825,0.5277,0.311,0.5442,0.4011,0.0308,0.2134,149.0942,133.6338,52.1669,0.7061
37.7,1131,,0.5134,0.8786,0.0071,1.6632,0.8715,0.524,0.8616,0.7167,0.31,0.2977,0.0812,0.5187,0.3025,0.5515,0.4067,0.0123,0.2165,145.1084,131.3434,52.3417,0.723
37.733,1132,,0.4988,0.8672,-0.0045,1.6138,0.8717,0.5402,0.8495,0.7057,0.292,0.3044,0.0795,0.5126,0.299,0.5576,0.4137,-0.0124,0.2248,138.339,128.1761,52.6071,0.7413
37.767,1133,,0.487,0.8595,-0.0095,1.5958,0.8689,0.5445,0.8406,0.6957,0.2782,0.3117,0.0785,0.5048,0.2949,0.5624,0.4175,-0.0335,0.2332,132.6326,125.6894,52.7266,0.7641
37.8,1134,,0.4773,0.8567,-0.0115,1.6039,0.8682,0.5413,0.8359,0.688,0.2666,0.3348,0.0776,0.499,0.2921,0.5693,0.4213,-0.0682,0.2572,121.508,121.0566,52.9957,0.7886
37.833,1135,,0.4498,0.8404,-0.0033,1.6043,0.8437,0.5259,0.8175,0.6646,0.2351,0.3578,0.0777,0.4759,0.2736,0.5824,0.4295,-0.1227,0.2801,108.9455,113.6154,53.0264,0.8093
37.867,1136,,0.4372,0.8357,-0.0036,1.6169,0.8392,0.519,0.8103,0.6534,0.2211,0.3742,0.0775,0.4631,0.2618,0.5892,0.4323,-0.1531,0.2967,101.6471,109.0458,52.5905,0.8294
37.9,1137,,0.4168,0.8256,-0.0037,1.6259,0.8293,0.5101,0.7981,0.6333,0.2002,0.3718,0.0774,0.4417,0.2425,0.598,0.4331,-0.1716,0.2944,98.4181,105.7753,52.3448,0.848
37.933,1138,,0.4056,0.8209,-0.0067,1.633,0.8276,0.5068,0.7914,0.6198,0.1914,0.3635,0.0773,0.428,0.2319,0.6,0.4284,-0.1721,0.2862,97.5278,105.063,52.0832,0.8669
37.967,1139,,0.3902,0.8078,-0.0225,1.6269,0.8302,0.5103,0.777,0.6009,0.1796,0.348,0.0769,0.4072,0.2163,0.5974,0.4213,-0.1684,0.2712,98.6405,104.7761,51.496,0.8768
38.0,1140,,0.3748,0.7917,-0.0361,1.6154,0.8279,0.5125,0.76,0.583,0.1666,0.3559,0.0769,0.3887,0.2024,0.5934,0.4164,-0.1893,0.279,94.6293,101.4582,51.2918,0.8786
38.033,1141,,0.3747,0.7885,-0.0302,1.6029,0.8187,0.5108,0.7551,0.5768,0.1726,0.3575,0.0768,0.389,0.2064,0.5824,0.4042,-0.1849,0.2806,94.9801,102.2012,51.5276,0.875
38.067,1142,,0.3741,0.782,-0.0249,1.5833,0.807,0.5097,0.7471,0.5708,0.1775,0.3567,0.0771,0.384,0.1947,0.5696,0.3933,-0.1792,0.2796,96.1905,102.9193,51.2916,0.8664
38.1,1143,,0.3779,0.7725,-0.0176,1.552,0.7901,0.5091,0.735,0.5698,0.1859,0.3565,0.0772,0.3883,0.1943,0.5491,0.3839,-0.1706,0.2793,97.4894,103.9712,50.9672,0.8521
38.133,1144,,0.383,0.7583,-0.0108,1.511,0.7691,0.509,0.7186,0.5717,0.1942,0.3589,0.0775,0.3959,0.2083,0.5243,0.3774,-0.1647,0.2814,97.8037,104.6771,50.6026,0.834
38.167,1145,,0.386,0.7431,-0.0077,1.4728,0.7509,0.5098,0.7016,0.5715,0.2004,0.3607,0.0778,0.407,0.2291,0.5011,0.3711,-0.1602,0.2829,97.694,105.2419,50.3701,0.8183
38.2,1146,,0.3885,0.7292,-0.008,1.4425,0.7372,0.511,0.6874,0.5685,0.2085,0.3603,0.0781,0.4198,0.2552,0.479,0.36,-0.1519,0.2823,97.3955,106.5378,50.5674,0.8068
38.233,1147,,0.3893,0.712,-0.0097,1.4288,0.7217,0.5051,0.6735,0.5643,0.2142,0.3557,0.0778,0.4285,0.2794,0.4593,0.3501,-0.1415,0.2779,97.7395,108.2665,50.8773,0.7958
38.267,1148,,0.3958,0.6994,-0.0106,1.4923,0.71,0.4758,0.6622,0.5654,0.2263,0.3489,0.0775,0.4416,0.299,0.4359,0.339,-0.1226,0.2714,99.2238,111.3272,51.2721,0.7896
38.3,1149,,0.3996,0.684,-0.0137,1.5793,0.6977,0.4418,0.65,0.5641,0.235,0.3424,0.0773,0.4499,0.3186,0.415,0.3291,-0.1074,0.2652,100.0089,113.5488,51.4477,0.8302
38.333,1150,,0.3999,0.6773,-0.0171,1.6472,0.6944,0.4216,0.6387,0.5606,0.2393,0.3352,0.077,0.4537,0.3303,0.3994,0.3212,-0.0959,0.2582,101.0095,114.4261,50.817,0.8674
38.367,1151,,0.3973,0.6925,-0.0226,1.6888,0.7151,0.4234,0.6246,0.5557,0.2388,0.3254,0.077,0.4546,0.3349,0.3858,0.317,-0.0866,0.2484,100.9344,114.1307,49.1677,0.8947
38.4,1152,,0.3935,0.6997,-0.025,1.7137,0.7246,0.4228,0.6168,0.5517,0.2354,0.3256,0.0768,0.4582,0.3373,0.3815,0.3163,-0.0902,0.2488,100.9511,110.9737,46.6104,0.9188
38.433,1153,,0.3882,0.6974,-0.028,1.7148,0.7255,0.4231,0.6094,0.5476,0.2288,0.3268,0.0768,0.46,0.3347,0.3806,0.3187,-0.098,0.2501,99.1114,107.4568,44.3604,0.9326
38.467,1154,,0.3838,0.6844,-0.0306,1.696,0.715,0.4216,0.6045,0.5424,0.2253,0.3104,0.0771,0.4606,0.3269,0.3792,0.3171,-0.0851,0.2333,102.9008,107.4909,42.2893,0.9298
38.5,1155,,0.3837,0.6775,-0.0291,1.6647,0.7066,0.4244,0.604,0.5405,0.2269,0.2861,0.077,0.4643,0.3189,0.3771,0.3136,-0.0592,0.2092,116.959,109.8534,40.5555,0.9183
38.533,1156,,0.3784,0.6721,-0.0549,1.6243,0.727,0.4476,0.5982,0.5326,0.2243,0.2484,0.0777,0.4616,0.3056,0.3738,0.3082,-0.0241,0.1707,80.6719,113.7703,39.6235,0.9003
38.567,1157,,0.3709,0.6569,-0.1216,1.522,0.7784,0.5115,0.5919,0.5255,0.2163,0.203,0.0779,0.456,0.2777,0.3756,0.3091,0.0133,0.1251,60.9468,116.6019,37.6683,0.8902
38.6,1158,,0.359,0.6372,-0.1701,1.432,0.8073,0.5637,0.5837,0.5156,0.2024,0.1538,0.0777,0.4486,0.2392,0.3812,0.3132,0.0486,0.0761,59.3633,118.7235,35.9849,0.8476
38.633,1159,,0.3405,0.6033,-0.2141,1.3334,0.8175,0.6131,0.5731,0.4996,0.1814,0.1132,0.0767,0.4264,0.1899,0.3917,0.3182,0.0682,0.0365,57.5092,118.5415,34.2838,0.7765
38.667,1160,,0.3114,0.5856,-0.2653,1.2251,0.8509,0.6945,0.5553,0.4749,0.148,0.0673,0.0742,0.3855,0.1319,0.4073,0.3269,0.0807,-0.007,57.0301,117.1711,32.7538,0.729
38.7,1161,,0.2913,0.571,-0.3086,1.2461,0.8796,0.7059,0.54,0.4547,0.128,0.0472,0.072,0.3359,0.0699,0.4121,0.3267,0.0807,-0.0248,59.2671,114.6179,31.9629,0.7302
38.733,1162,,0.2734,0.5555,-0.3393,1.2519,0.8948,0.7148,0.5242,0.4345,0.1123,0.033,0.0706,0.2852,0.0062,0.4119,0.3222,0.0793,-0.0375,59.8612,112.8895,31.3919,0.7407
38.767,1163,,0.224,0.5132,-0.3999,1.2462,0.9131,0.7327,0.4811,0.3827,0.0652,-0.0111,0.0648,0.1833,-0.1051,0.4158,0.3175,0.0764,-0.076,69.3726,111.279,31.2747,0.7455
38.8,1164,,0.2324,0.5121,-0.3787,1.2185,0.8908,0.7311,0.4802,0.3864,0.0784,0.0193,0.0665,0.1702,-0.1235,0.4017,0.308,0.0592,-0.0472,59.7121,107.3149,29.8076,0.7696
38.833,1165,,0.2672,0.5315,-0.3337,1.1978,0.8652,0.7223,0.4996,0.4173,0.1172,0.067,0.0659,0.1865,-0.1169,0.3824,0.3001,0.0502,0.0011,48.3631,105.4384,29.6476,0.788
38.867,1166,,0.2939,0.5455,-0.3009,1.1809,0.8464,0.7168,0.5137,0.4399,0.1479,0.0969,0.0647,0.185,-0.1393,0.3658,0.292,0.051,0.0322,42.4988,104.5533,29.1567,0.8096
38.9,1167,,0.3229,0.5662,-0.2541,1.1583,0.8203,0.7082,0.5348,0.4668,0.179,0.1325,0.0669,0.1977,-0.128,0.3558,0.2878,0.0466,0.0656,38.203,103.8347,28.8112,0.8299
38.933,1168,,0.3396,0.579,-0.225,1.1423,0.804,0.7039,0.5485,0.4826,0.1966,0.1521,0.0692,0.2087,-0.1134,0.3519,0.2859,0.0445,0.083,38.4615,103.0767,28.3345,0.8404
38.967,1169,,0.3523,0.5869,-0.1996,1.131,0.7864,0.6953,0.5567,0.4955,0.2092,0.1677,0.0711,0.2235,-0.095,0.3475,0.2863,0.0415,0.0966,39.5523,102.8358,28.5312,0.8362
39.0,1170,,0.3702,0.5965,-0.172,1.117,0.7685,0.688,0.5675,0.5108,0.2296,0.1826,0.0731,0.2451,-0.0685,0.3379,0.2812,0.047,0.1095,39.9046,104.0752,29.0683,0.8275
39.033,1171,,0.3749,0.5886,-0.1653,1.0961,0.7539,0.6878,0.5598,0.5122,0.2377,0.1834,0.0724,0.2504,-0.0591,0.3222,0.2745,0.0543,0.111,36.3758,106.4416,30.9898,0.8118
39.067,1172,,0.3828,0.5848,-0.1612,1.0834,0.746,0.6886,0.5535,0.5184,0.2473,0.1853,0.0724,0.2556,-0.0498,0.3063,0.2711,0.062,0.1129,32.9318,109.8443,33.0463,0.7997
39.1,1173,,0.3976,0.5789,-0.1519,1.0816,0.7308,0.6757,0.5458,0.5277,0.2676,0.1903,0.0716,0.2633,-0.0385,0.2782,0.2601,0.0772,0.1188,38.5983,115.1723,36.0166,0.7858
39.133,1174,,0.4138,0.5696,-0.1458,1.0879,0.7155,0.6577,0.5375,0.5352,0.2923,0.1944,0.0722,0.271,-0.0301,0.2452,0.2429,0.0979,0.1222,42.8568,122.4983,39.9934,0.7806
39.167,1175,,0.423,0.5545,-0.1536,1.0999,0.7081,0.6438,0.5222,0.5341,0.3118,0.188,0.0729,0.2679,-0.0345,0.2104,0.2223,0.1238,0.1151,44.359,131.9509,44.9514,0.7807
39.2,1176,,0.4361,0.559,-0.1549,1.1085,0.7139,0.644,0.5068,0.5359,0.3362,0.1854,0.0732,0.2669,-0.035,0.1706,0.1997,0.1508,0.1121,45.5241,138.0918,50.5069,0.7789
39.233,1177,,0.4469,0.5633,-0.1478,1.1126,0.7112,0.6392,0.4922,0.536,0.3578,0.1847,0.0734,0.2642,-0.0389,0.1344,0.1782,0.1731,0.1112,43.2447,141.2773,55.4761,0.7692
39.267,1178,,0.4533,0.5624,-0.1414,1.1176,0.7038,0.6297,0.4698,0.5295,0.377,0.1804,0.073,0.254,-0.0493,0.0927,0.1525,0.1966,0.1074,83.6085,146.3262,62.272,0.7687
39.3,1179,,0.4397,0.54,-0.1613,1.1072,0.7013,0.6334,0.4216,0.5027,0.3767,0.1492,0.0739,0.2234,-0.079,0.0449,0.126,0.2275,0.0753,94.368,150.2759,69.0934,0.7611
39.333,1180,,0.4254,0.5202,-0.1708,1.0633,0.691,0.6499,0.3772,0.48,0.3708,0.1155,0.0756,0.2005,-0.0989,0.0064,0.1092,0.2553,0.0399,101.1786,151.9447,73.3891,0.7483
39.367,1181,,0.439,0.5256,-0.1473,1.0797,0.6728,0.6232,0.3631,0.4837,0.3944,0.1117,0.0774,0.2043,-0.0888,-0.0313,0.0893,0.2827,0.0343,109.2751,155.9616,78.4234,0.7306
39.4,1182,,0.46,0.5337,-0.125,1.1033,0.6587,0.597,0.3504,0.4862,0.4338,0.121,0.0793,0.2133,-0.077,-0.0833,0.0524,0.3127,0.0417,108.1768,137.9602,88.6316,0.7308
39.433,1183,,0.4686,0.5549,-0.1292,1.2029,0.6841,0.5687,0.308,0.4707,0.4664,0.1071,0.0821,0.2046,-0.0847,-0.1585,0.0043,0.3594,0.025,99.566,116.355,102.4506,0.7677
39.467,1184,,0.4657,0.5627,-0.1595,1.2771,0.7222,0.5655,0.2656,0.4468,0.4847,0.0822,0.0839,0.1866,-0.0958,-0.2192,-0.0379,0.4025,-0.0017,93.4732,100.2047,113.1644,0.7819
39.5,1185,,0.4568,0.5623,-0.1983,1.334,0.7606,0.5702,0.2164,0.4254,0.4882,0.0624,0.0837,0.1712,-0.1057,-0.2718,-0.0628,0.4258,-0.0213,90.0357,91.4389,118.494,0.7933
39.533,1186,,0.4666,0.5828,-0.2116,1.3942,0.7943,0.5697,0.1936,0.4195,0.5136,0.0686,0.0835,0.1769,-0.0903,-0.32,-0.0941,0.445,-0.0149,85.7587,82.4085,125.0817,0.8131
39.567,1187,,0.49,0.6122,-0.2008,1.4409,0.813,0.5642,0.1924,0.4296,0.5505,0.0997,0.0832,0.2005,-0.0582,-0.3582,-0.1209,0.4508,0.0165,85.3464,75.7316,130.227,0.8215
39.6,1188,,0.4603,0.5957,-0.2518,1.4841,0.8475,0.5711,0.1453,0.3861,0.5345,0.0892,0.0808,0.1766,-0.0841,-0.3892,-0.1484,0.4452,0.0084,83.5591,70.6847,134.4477,0.8311
39.633,1189,,0.403,0.564,-0.3464,1.5646,0.9105,0.5819,0.0635,0.3026,0.5034,0.1167,0.0759,0.1115,-0.1545,-0.4399,-0.2008,0.3867,0.0408,90.3163,66.9836,140.5943,0.8517
39.667,1190,,0.4293,0.6282,-0.3655,1.7391,0.9937,0.5714,0.0478,0.2907,0.568,0.1571,0.0763,0.112,-0.152,-0.5202,-0.2773,0.4109,0.0808,97.777,56.945,148.7065,0.9089
39.7,1191,,0.4701,0.6812,-0.3485,1.8481,1.0298,0.5572,0.0612,0.3076,0.6327,0.1843,0.0768,0.1427,-0.1221,-0.5715,-0.3251,0.4483,0.1075,100.6528,50.992,152.7556,0.9353
39.733,1192,,0.4613,0.6637,-0.3398,1.8088,1.0035,0.5548,0.0684,0.31,0.6126,0.1934,0.0762,0.1565,-0.0958,-0.5442,-0.3025,0.4192,0.1171,99.8757,54.5382,149.0684,0.9087
39.767,1193,,0.4909,0.697,-0.3247,1.8729,1.0217,0.5455,0.088,0.3297,0.6521,0.2257,0.0755,0.1793,-0.0653,-0.5641,-0.3223,0.4264,0.1502,109.431,51.1163,151.1502,0.9234
39.8,1194,,0.5203,0.7291,-0.3084,1.9313,1.0376,0.5372,0.1203,0.3592,0.6814,0.2529,0.0751,0.2058,-0.0366,-0.5611,-0.3222,0.4286,0.1778,117.1234,49.387,150.7808,0.9452
39.833,1195,,0.5839,0.7781,-0.257,1.9682,1.035,0.5259,0.2025,0.4264,0.7413,0.2911,0.0762,0.2661,0.0249,-0.5388,-0.3149,0.4502,0.2149,137.6958,47.0531,151.8281,0.9702
39.867,1196,,0.6118,0.7987,-0.2447,2.0023,1.0435,0.5211,0.2446,0.4604,0.7633,0.3078,0.0746,0.2928,0.0397,-0.5187,-0.3029,0.4554,0.2332,139.5016,45.8594,149.5873,0.9994
39.9,1197,,0.6605,0.8104,-0.2045,1.9568,1.015,0.5187,0.2965,0.5313,0.7898,0.3436,0.0743,0.3437,0.083,-0.4933,-0.2585,0.4462,0.2693,144.5991,45.71,147.3628,1.0147
39.933,1198,,0.709,0.8281,-0.1664,1.924,0.9944,0.5169,0.3591,0.5987,0.8193,0.3681,0.0749,0.3944,0.1168,-0.4602,-0.2207,0.4513,0.2931,153.677,43.2184,146.8727,1.0368
39.967,1199,,0.7388,0.8124,-0.0599,1.6769,0.8723,0.5202,0.4491,0.6886,0.789,0.4305,0.0788,0.4854,0.1943,-0.34,-0.1004,0.3586,0.3517,159.2129,54.7238,133.9035,0.9777
40.0,1200,,0.7222,0.822,-0.1207,1.8232,0.9428,0.5171,0.3842,0.6513,0.7931,0.3493,0.0688,0.434,0.1305,-0.4089,-0.1418,0.4438,0.2806,140.3805,37.7021,146.1802,1.064
40.033,1201,,0.7488,0.8094,-0.1114,1.7194,0.9208,0.5355,0.4647,0.7092,0.7883,0.3354,0.0683,0.4708,0.173,-0.3236,-0.0791,0.4528,0.2671,132.1842,39.314,135.656,1.0352
40.067,1202,,0.7745,0.8168,-0.0878,1.6499,0.9046,0.5483,0.563,0.7699,0.7791,0.3431,0.0709,0.5202,0.2298,-0.2161,-0.0091,0.436,0.2722,136.2455,116.1963,103.8258,0.9987
40.1,1203,,0.7873,0.8529,-0.0842,1.7562,0.9372,0.5336,0.6162,0.8069,0.7677,0.3319,0.071,0.5598,0.2709,-0.1515,0.0392,0.4358,0.2609,133.3999,124.0381,71.0674,1.0706
40.133,1204,,0.8094,0.8969,-0.0692,1.8644,0.9661,0.5181,0.6868,0.8517,0.7671,0.3395,0.0725,0.6054,0.3282,-0.0803,0.0846,0.4276,0.267,138.6288,133.6666,46.3864,1.1492
40.167,1205,,0.8346,0.9412,-0.0615,1.9889,1.0026,0.5041,0.7496,0.9036,0.7657,0.3604,0.0733,0.6624,0.3827,-0.0161,0.1379,0.4052,0.2872,148.828,145.5849,30.8543,1.2391
40.2,1206,,0.8562,0.9797,-0.0668,2.1259,1.0465,0.4923,0.8099,0.9505,0.7618,0.373,0.0727,0.7091,0.4349,0.0481,0.1887,0.3888,0.3003,156.2367,154.6826,23.7376,1.318
40.233,1207,,0.8704,1.0141,-0.0766,2.2661,1.0907,0.4813,0.8735,0.9883,0.7524,0.3729,0.0717,0.7445,0.4753,0.1211,0.2359,0.3795,0.3012,159.2188,159.8338,19.407,1.3911
40.267,1208,,0.8858,1.0503,-0.0882,2.4247,1.1386,0.4696,0.9383,1.0309,0.7407,0.3643,0.0704,0.7798,0.5065,0.1976,0.2902,0.3765,0.2938,159.1701,162.6557,14.371,1.4763
40.3,1209,,0.9111,1.0901,-0.0887,2.58,1.1788,0.4569,1.0187,1.0766,0.7457,0.3648,0.0703,0.8164,0.5343,0.273,0.3309,0.3809,0.2945,158.5261,164.8456,11.2716,1.5471
40.333,1210,,0.94,1.1516,-0.0769,2.8167,1.2285,0.4361,1.1004,1.1208,0.7591,0.367,0.0714,0.8583,0.5756,0.3413,0.3618,0.392,0.2956,158.2594,166.4475,9.2367,1.619
40.367,1211,,0.9737,1.2261,-0.0638,3.1284,1.29,0.4123,1.1778,1.1666,0.7808,0.3781,0.0727,0.8996,0.6153,0.3971,0.3858,0.4027,0.3054,159.0911,167.7665,7.3033,1.7333
40.4,1212,,1.0056,1.295,-0.0474,3.4425,1.3425,0.39,1.2501,1.2044,0.8069,0.3959,0.0742,0.9354,0.6525,0.4432,0.3975,0.411,0.3217,160.8252,168.0673,5.3181,1.828
40.433,1213,,1.0422,1.3697,0.004,3.7146,1.3657,0.3677,1.3203,1.2502,0.8343,0.4568,0.0783,0.9842,0.7077,0.486,0.4159,0.3775,0.3784,164.3941,166.8249,1.6906,1.8162
40.467,1214,,1.0539,1.4063,-0.0068,3.9771,1.4131,0.3553,1.3612,1.2716,0.8362,0.4448,0.0777,0.9997,0.7173,0.525,0.4354,0.3914,0.3671,165.0341,167.4078,1.2259,1.8805
40.5,1215,,1.066,1.4407,-0.0122,4.2273,1.4529,0.3437,1.3998,1.2929,0.8391,0.4375,0.0775,1.0168,0.7246,0.5606,0.4538,0.4016,0.36,165.532,167.8562,0.6579,1.9303
40.533,1216,,1.0778,1.4701,-0.0136,4.4428,1.4837,0.334,1.4313,1.3107,0.8449,0.4366,0.0775,1.0322,0.7336,0.5864,0.4658,0.4083,0.3591,165.2847,167.9293,0.2848,1.9533
40.567,1217,,1.0885,1.5023,-0.0127,4.6846,1.515,0.3234,1.4668,1.3264,0.8507,0.437,0.0777,1.0445,0.7421,0.6161,0.4757,0.4137,0.3593,164.8743,167.6833,0.143,1.972
40.6,1218,,1.0962,1.5283,-0.0092,4.8852,1.5375,0.3147,1.4852,1.3416,0.8508,0.4361,0.0782,1.0552,0.7507,0.6344,0.4908,0.4148,0.3579,164.1551,167.4019,0.0419,1.9813
40.633,1219,,1.1021,1.5529,-0.0046,5.0795,1.5574,0.3066,1.5086,1.354,0.8502,0.4323,0.0787,1.067,0.7594,0.6583,0.5037,0.4179,0.3536,164.5869,167.5451,0.0784,1.988
40.667,1220,,1.1122,1.5729,0.0073,5.2145,1.5655,0.3002,1.535,1.3678,0.8566,0.4366,0.0798,1.0847,0.7774,0.6784,0.5112,0.4199,0.3568,166.8951,167.8847,0.1461,1.9758
40.7,1221,,1.125,1.5932,0.0254,5.3383,1.5678,0.2937,1.5554,1.3833,0.8666,0.4466,0.0812,1.1027,0.7982,0.6888,0.5167,0.42,0.3654,169.7344,168.2314,0.0043,1.9624
40.733,1222,,1.1378,1.6131,0.043,5.4655,1.5701,0.2873,1.5727,1.3993,0.8764,0.4564,0.0826,1.1177,0.8149,0.6964,0.5229,0.42,0.3738,172.9918,168.5631,0.4158,1.9485
40.767,1223,,1.1502,1.6298,0.0625,5.5613,1.5673,0.2818,1.592,1.4145,0.886,0.466,0.0838,1.1329,0.8333,0.706,0.5285,0.4201,0.3822,175.6307,168.7829,1.1085,1.928
40.8,1224,,1.1537,1.6454,0.0712,5.6842,1.5741,0.2769,1.6038,1.421,0.8864,0.4634,0.0845,1.1417,0.8471,0.7174,0.5346,0.423,0.3789,175.7011,168.3391,1.8805,1.9386
40.833,1225,,1.158,1.6563,0.0769,5.7734,1.5795,0.2736,1.6143,1.43,0.886,0.4611,0.0847,1.1502,0.8595,0.7283,0.5441,0.4249,0.3763,175.4364,168.5972,2.9183,1.933
40.867,1226,,1.1587,1.6617,0.079,5.8242,1.5827,0.2717,1.6206,1.4335,0.8839,0.4594,0.0849,1.1531,0.8656,0.7367,0.5497,0.4245,0.3745,174.718,168.2133,3.8948,1.9189
40.9,1227,,1.1596,1.6666,0.081,5.8717,1.5855,0.27,1.6269,1.4376,0.8817,0.4582,0.0851,1.1579,0.8717,0.7452,0.556,0.4235,0.3731,174.5241,168.0773,4.8938,1.8924
40.933,1228,,1.1602,1.6703,0.0821,5.9088,1.5882,0.2688,1.6335,1.4412,0.8793,0.4571,0.0851,1.1614,0.8773,0.7542,0.5619,0.4222,0.3719,174.3592,168.1136,5.6614,1.884
40.967,1229,,1.1578,1.6699,0.0816,5.9106,1.5882,0.2687,1.6363,1.4418,0.8738,0.452,0.0851,1.1632,0.8804,0.7625,0.568,0.4218,0.3669,174.71,168.1566,6.6405,1.8707
41.0,1230,upright,1.1558,1.6712,0.0814,5.929,1.5898,0.2681,1.6386,1.4427,0.8689,0.4471,0.0851,1.1647,0.8846,0.7698,0.5739,0.4218,0.362,175.0581,168.0586,7.5451,1.875
41.033,1231,upright,1.1555,1.6704,0.0811,5.9229,1.5893,0.2683,1.6404,1.444,0.867,0.4461,0.0851,1.1663,0.8866,0.7734,0.577,0.4209,0.361,175.197,168.0449,8.1269,1.8964
41.067,1232,upright,1.1564,1.6704,0.0808,5.9234,1.5897,0.2684,1.6416,1.4446,0.8683,0.4488,0.0851,1.1679,0.8893,0.7733,0.5764,0.4195,0.3637,175.2274,167.9611,8.6911,1.9321
41.1,1233,upright,1.1575,1.6694,0.08,5.9141,1.5894,0.2688,1.6416,1.4448,0.8702,0.4517,0.085,1.1688,0.8899,0.7714,0.5747,0.4185,0.3667,175.4971,167.9968,9.2027,1.9679
41.133,1234,upright,1.1591,1.6682,0.0791,5.9009,1.5891,0.2693,1.6415,1.4453,0.8728,0.4534,0.085,1.1701,0.8917,0.7687,0.5725,0.4194,0.3685,175.4879,168.2745,9.6354,2.0188
41.167,1235,upright,1.1603,1.6677,0.0786,5.896,1.5891,0.2695,1.6415,1.4455,0.875,0.4559,0.0849,1.1703,0.8929,0.7665,0.5705,0.4192,0.3709,175.4477,168.3849,10.2605,2.0657
41.2,1236,upright,1.1619,1.6663,0.0773,5.8854,1.5891,0.27,1.6405,1.4461,0.8777,0.4585,0.0848,1.1692,0.8908,0.7628,0.5683,0.4193,0.3736,175.6637,168.613,10.7233,2.1082
41.233,1237,upright,1.1628,1.6644,0.0769,5.8671,1.5876,0.2706,1.6398,1.4467,0.8789,0.4595,0.0847,1.1681,0.8895,0.7609,0.5678,0.4194,0.3748,175.576,168.6981,11.1795,2.1497
41.267,1238,upright,1.1638,1.6628,0.0779,5.8514,1.5849,0.2708,1.6389,1.4465,0.8812,0.4612,0.0847,1.1673,0.8913,0.7577,0.5653,0.42,0.3765,175.3666,168.6164,11.7037,2.2023
41.3,1239,upright,1.1641,1.6598,0.081,5.8239,1.5788,0.2711,1.6373,1.4457,0.8825,0.4633,0.0846,1.166,0.8911,0.7548,0.5632,0.4192,0.3787,175.0498,168.5814,12.2726,2.2241
41.333,1240,upright,1.1644,1.6562,0.0835,5.7928,1.5728,0.2715,1.6351,1.4442,0.8846,0.4663,0.0844,1.1636,0.8895,0.7506,0.5596,0.4182,0.3819,174.4812,168.4383,12.8101,2.2323
41.367,1241,upright,1.1621,1.6531,0.0755,5.7694,1.5776,0.2734,1.6322,1.4417,0.8825,0.4658,0.0843,1.1603,0.8863,0.7496,0.5592,0.4167,0.3815,173.9069,168.2068,13.2166,2.2359
41.4,1242,upright,1.1578,1.6493,0.0645,5.7718,1.5848,0.2746,1.6279,1.4377,0.878,0.4626,0.084,1.1541,0.8792,0.7499,0.5597,0.4154,0.3786,173.1433,167.8489,13.5431,2.2325
41.433,1243,upright,1.1515,1.6455,0.0509,5.7836,1.5945,0.2757,1.6229,1.4331,0.87,0.4574,0.0835,1.1466,0.8687,0.7529,0.5631,0.4126,0.3739,172.3831,167.5201,13.8497,2.2241
41.467,1244,upright,1.1446,1.6418,0.0385,5.7945,1.6034,0.2767,1.6185,1.429,0.8602,0.4508,0.0828,1.1397,0.86,0.7583,0.5687,0.4094,0.368,171.4119,167.2752,14.0418,2.2133
41.5,1245,upright,1.1393,1.6387,0.0269,5.8077,1.6119,0.2775,1.6145,1.4256,0.853,0.4482,0.0821,1.134,0.852,0.7616,0.5726,0.4048,0.366,170.3964,167.0087,14.1036,2.2002
41.533,1246,upright,1.1323,1.636,0.0136,5.8284,1.6224,0.2784,1.6105,1.4218,0.8427,0.4434,0.0813,1.1279,0.8428,0.7678,0.5791,0.3993,0.3621,169.5072,166.8383,14.09,2.1894
41.567,1247,upright,1.1266,1.634,0.0023,5.8497,1.6317,0.2789,1.6077,1.4194,0.8337,0.4382,0.0805,1.1229,0.8345,0.7739,0.5857,0.3955,0.3577,168.7614,166.8662,14.0613,2.1786
41.6,1248,upright,1.1224,1.6347,-0.0065,5.8894,1.6412,0.2787,1.6057,1.4185,0.8263,0.4325,0.0797,1.1202,0.8287,0.7795,0.5922,0.3937,0.3528,168.2019,167.1157,14.0199,2.173
41.633,1249,upright,1.1204,1.6348,-0.0146,5.9201,1.6495,0.2786,1.6043,1.419,0.8218,0.4307,0.079,1.1179,0.8239,0.7825,0.5972,0.3911,0.3518,167.8137,167.3593,13.8592,2.163
41.667,1250,upright,1.1206,1.6362,-0.0208,5.9537,1.6569,0.2783,1.6041,1.4206,0.8207,0.432,0.0783,1.1182,0.8227,0.7833,0.5999,0.3887,0.3537,167.4951,167.6562,13.6971,2.1578
41.7,1251,upright,1.1241,1.64,-0.0233,6.0015,1.6633,0.2771,1.6068,1.4234,0.8247,0.4363,0.0779,1.1193,0.8255,0.7821,0.5987,0.3884,0.3584,167.253,167.8544,13.5212,2.1671
41.733,1252,upright,1.1269,1.643,-0.0258,6.0431,1.6689,0.2762,1.6095,1.4265,0.8273,0.4407,0.0777,1.1206,0.8284,0.7823,0.5992,0.3865,0.363,167.7236,168.3381,13.2037,2.1786
41.767,1253,upright,1.1325,1.6483,-0.0242,6.095,1.6725,0.2744,1.6148,1.4316,0.8334,0.4483,0.0779,1.125,0.8341,0.7814,0.5982,0.3851,0.3704,168.2742,168.6726,12.8138,2.2099
41.8,1254,upright,1.139,1.6541,-0.0231,6.1541,1.6772,0.2725,1.6213,1.4372,0.8408,0.4547,0.078,1.1321,0.8411,0.7804,0.5964,0.3862,0.3767,168.6719,169.1368,12.4899,2.2565
41.833,1255,upright,1.1424,1.66,-0.0225,6.2195,1.6824,0.2705,1.6279,1.441,0.8438,0.4578,0.078,1.1379,0.8476,0.7841,0.5972,0.386,0.3798,169.389,169.4713,12.2559,2.301
41.867,1256,upright,1.1474,1.6646,-0.0221,6.2739,1.6868,0.2689,1.6337,1.4459,0.8489,0.4616,0.078,1.1455,0.8565,0.7848,0.597,0.3872,0.3836,170.2308,169.9829,12.0443,2.3442
41.9,1257,upright,1.1511,1.6683,-0.0214,6.3152,1.6898,0.2676,1.6395,1.4509,0.8513,0.461,0.078,1.153,0.8664,0.7883,0.5997,0.3903,0.383,171.0529,170.6161,11.8498,2.3913
41.933,1258,upright,1.1555,1.6715,-0.0223,6.3589,1.6938,0.2664,1.6428,1.454,0.857,0.4633,0.078,1.1596,0.8737,0.7858,0.5971,0.3937,0.3853,171.579,171.2696,11.3719,2.4422
41.967,1259,upright,1.1612,1.6744,-0.0199,6.3937,1.6943,0.265,1.6456,1.456,0.8664,0.4675,0.0781,1.1656,0.8802,0.7792,0.5897,0.3988,0.3895,171.6378,171.9068,10.7135,2.4839
42.0,1260,upright,1.1659,1.6764,-0.0182,6.4229,1.6946,0.2638,1.6477,1.4588,0.8729,0.4686,0.0782,1.1698,0.8851,0.7748,0.5859,0.4043,0.3905,171.8795,172.4089,10.245,2.5269
42.033,1261,upright,1.1682,1.6795,-0.018,6.4629,1.6975,0.2626,1.6504,1.4599,0.8765,0.4672,0.0781,1.1737,0.891,0.7739,0.5834,0.4093,0.3891,171.7042,172.7971,9.7037,2.5731
42.067,1262,upright,1.1696,1.6812,-0.0162,6.4922,1.6975,0.2615,1.6514,1.4604,0.8788,0.4652,0.0782,1.177,0.8952,0.7726,0.5815,0.4137,0.387,171.9165,173.054,9.1866,2.6151
42.1,1263,upright,1.1714,1.6824,-0.0182,6.5131,1.7006,0.2611,1.6523,1.4628,0.8801,0.464,0.0781,1.1823,0.9004,0.7722,0.5827,0.4161,0.3859,172.3153,173.3104,8.8228,2.6641
42.133,1264,upright,1.1716,1.6826,-0.0167,6.5223,1.6993,0.2605,1.6524,1.4642,0.879,0.4623,0.0781,1.1862,0.9066,0.7734,0.5852,0.4166,0.3842,172.4027,173.4719,8.4764,2.7049
42.167,1265,upright,1.1741,1.6825,-0.0144,6.5311,1.6968,0.2598,1.6524,1.4657,0.8825,0.4657,0.0782,1.1901,0.9128,0.7698,0.5832,0.4168,0.3875,172.5813,173.6781,8.1238,2.7375
42.2,1266,upright,1.1798,1.6827,-0.008,6.5383,1.6908,0.2586,1.6533,1.4677,0.892,0.4716,0.0785,1.1954,0.9266,0.7613,0.5757,0.4204,0.3931,173.1612,173.7465,8.1339,2.7674
42.233,1267,upright,1.1821,1.6828,-0.0036,6.5461,1.6865,0.2576,1.6543,1.4695,0.8947,0.475,0.0787,1.2011,0.9421,0.7596,0.5748,0.4197,0.3962,173.1312,174.0065,7.9279,2.7983
42.267,1268,upright,1.1844,1.6823,0.0025,6.5466,1.6798,0.2566,1.6539,1.4706,0.8982,0.4773,0.079,1.2059,0.9521,0.7557,0.5725,0.4208,0.3984,173.1247,174.1568,7.8055,2.8193
42.3,1269,upright,1.1869,1.6832,0.005,6.5572,1.6781,0.2559,1.6546,1.4735,0.9004,0.4793,0.079,1.2113,0.9629,0.7541,0.573,0.4212,0.4003,173.3252,174.3302,7.6659,2.8398
42.333,1270,upright,1.1881,1.6824,0.0094,6.5514,1.6731,0.2554,1.6545,1.4745,0.9018,0.4817,0.0791,1.2157,0.97,0.7527,0.5726,0.4201,0.4026,173.5161,174.4286,7.5164,2.8367
42.367,1271,upright,1.189,1.6823,0.0127,6.5509,1.6696,0.2549,1.6548,1.4754,0.9026,0.4828,0.0792,1.2183,0.9737,0.7522,0.5728,0.4198,0.4036,173.6317,174.5662,7.4136,2.8264
42.4,1272,upright,1.1907,1.6826,0.0154,6.5538,1.6673,0.2544,1.6559,1.4761,0.9054,0.483,0.0793,1.2205,0.9738,0.7505,0.5707,0.4224,0.4037,173.7917,174.7123,7.5204,2.812
42.433,1273,upright,1.1908,1.6829,0.0178,6.56,1.6651,0.2538,1.6565,1.4761,0.9055,0.4846,0.0794,1.2207,0.9711,0.7511,0.5707,0.4209,0.4052,173.9988,174.778,7.5364,2.8015
42.467,1274,upright,1.1919,1.684,0.0199,6.5748,1.6641,0.2531,1.6573,1.4768,0.907,0.4872,0.0794,1.2202,0.9674,0.7503,0.5698,0.4198,0.4077,174.1602,174.8604,7.4345,2.7926
42.5,1275,upright,1.1939,1.685,0.0212,6.5885,1.6638,0.2525,1.658,1.4777,0.9101,0.4916,0.0795,1.2191,0.9648,0.7479,0.5676,0.4185,0.4121,174.355,174.8125,7.2085,2.7837
42.533,1276,upright,1.1964,1.6852,0.0221,6.5928,1.6631,0.2523,1.6586,1.4784,0.9144,0.4972,0.0795,1.2174,0.9614,0.7442,0.564,0.4172,0.4177,174.3382,174.6837,6.8138,2.7632
42.567,1277,upright,1.1965,1.686,0.0223,6.6008,1.6636,0.252,1.6598,1.4787,0.9144,0.4972,0.0795,1.2162,0.9563,0.7454,0.5643,0.4172,0.4177,174.6428,174.6228,6.3768,2.7414
42.6,1278,upright,1.1962,1.6862,0.0226,6.6035,1.6635,0.2519,1.6602,1.4784,0.914,0.4973,0.0796,1.214,0.9495,0.7462,0.5644,0.4167,0.4177,175.0281,174.4775,5.9529,2.7137
42.633,1279,upright,1.1961,1.6864,0.0231,6.6056,1.6633,0.2518,1.6603,1.4785,0.9136,0.4979,0.0796,1.211,0.9433,0.7467,0.5648,0.4158,0.4183,175.3207,174.3537,5.5415,2.6813
42.667,1280,upright,1.1953,1.6862,0.0237,6.6043,1.6625,0.2517,1.6602,1.4784,0.9122,0.4979,0.0796,1.2081,0.9368,0.748,0.5661,0.4143,0.4184,175.3906,174.3224,5.1594,2.6477
42.7,1281,upright,1.1941,1.6863,0.0239,6.6072,1.6624,0.2516,1.6599,1.4782,0.9101,0.4968,0.0796,1.2053,0.9324,0.7498,0.5681,0.4133,0.4172,175.4002,174.2735,4.8513,2.6182
42.733,1282,upright,1.1942,1.6867,0.0242,6.6137,1.6626,0.2514,1.6598,1.4787,0.9096,0.4976,0.0796,1.204,0.9296,0.7502,0.5691,0.412,0.418,175.2862,174.2049,4.5259,2.595
42.767,1283,upright,1.1945,1.6869,0.0246,6.615,1.6623,0.2513,1.66,1.4794,0.9097,0.4986,0.0797,1.2033,0.9278,0.7503,0.5698,0.4111,0.4189,175.1799,174.1549,4.2592,2.5701
42.8,1284,upright,1.1945,1.6871,0.0251,6.6166,1.662,0.2512,1.6597,1.4796,0.9095,0.4979,0.0797,1.203,0.9265,0.7502,0.5701,0.4116,0.4182,175.0623,174.1061,4.0544,2.548
42.833,1285,upright,1.1953,1.6874,0.0253,6.6195,1.662,0.2511,1.6597,1.4798,0.9109,0.4988,0.0797,1.2032,0.9258,0.7488,0.569,0.4121,0.4191,174.9005,174.1001,3.8144,2.5258
42.867,1286,upright,1.1956,1.6874,0.025,6.6203,1.6623,0.2511,1.6598,1.4797,0.9114,0.4988,0.0796,1.2028,0.9253,0.7484,0.5683,0.4126,0.4191,174.7614,174.1266,3.5795,2.5032
42.9,1287,upright,1.1959,1.6871,0.025,6.6173,1.6621,0.2512,1.6596,1.4799,0.9119,0.499,0.0796,1.2037,0.9258,0.7477,0.568,0.4128,0.4194,174.7232,174.1555,3.3987,2.4809
42.933,1288,upright,1.1966,1.6872,0.0252,6.6192,1.662,0.2511,1.6595,1.4801,0.9132,0.5003,0.0796,1.2044,0.9255,0.7463,0.5668,0.413,0.4207,174.5827,174.1357,3.2685,2.4603
42.967,1289,upright,1.1974,1.6875,0.0252,6.6225,1.6623,0.251,1.6597,1.4804,0.9144,0.5013,0.0796,1.2054,0.9252,0.7453,0.566,0.4131,0.4217,174.6739,174.0734,3.2101,2.4453
43.0,1290,upright,1.1981,1.6878,0.0255,6.6241,1.6623,0.2509,1.66,1.4808,0.9155,0.5018,0.0796,1.2061,0.925,0.7445,0.5652,0.4137,0.4222,174.7396,174.016,3.1776,2.4322
43.033,1291,upright,1.1986,1.6878,0.0255,6.6242,1.6623,0.2509,1.66,1.4809,0.9164,0.5017,0.0796,1.2066,0.9251,0.7436,0.5645,0.4147,0.4221,174.8462,174.008,3.163,2.4207
43.067,1292,upright,1.1992,1.6877,0.0255,6.6224,1.6622,0.251,1.6602,1.481,0.9174,0.5024,0.0796,1.208,0.926,0.7427,0.5635,0.415,0.4228,174.8212,174.0087,3.0824,2.4112
43.1,1293,upright,1.1994,1.6875,0.0256,6.6181,1.6618,0.2511,1.6597,1.4806,0.9183,0.5029,0.0796,1.2087,0.9273,0.7415,0.5624,0.4153,0.4233,174.8543,173.9964,3.0602,2.4056
43.133,1294,upright,1.2,1.687,0.0257,6.6112,1.6613,0.2513,1.6598,1.4804,0.9197,0.503,0.0796,1.2094,0.9286,0.7401,0.5606,0.4167,0.4234,174.9378,173.9492,3.0437,2.4016
43.167,1295,upright,1.2004,1.6857,0.0256,6.5958,1.6601,0.2517,1.659,1.4797,0.9211,0.5025,0.0796,1.2095,0.9297,0.738,0.5587,0.4186,0.4228,174.9373,173.9456,3.0007,2.3965
43.2,1296,upright,1.2004,1.685,0.0259,6.5852,1.659,0.2519,1.6583,1.4793,0.9215,0.5012,0.0796,1.2104,0.9318,0.7369,0.5578,0.4203,0.4216,174.9287,173.917,2.9916,2.3934
43.233,1297,upright,1.2001,1.6825,0.0262,6.5563,1.6563,0.2526,1.6574,1.4786,0.9217,0.5006,0.0796,1.2105,0.933,0.7357,0.5568,0.4211,0.421,174.9406,173.9032,3.0004,2.3848
43.267,1298,upright,1.2002,1.6807,0.0266,6.5342,1.6541,0.2531,1.6557,1.4778,0.9225,0.5001,0.0797,1.2106,0.9339,0.7332,0.5554,0.4224,0.4205,175.0011,173.8715,3.056,2.3757
43.3,1299,upright,1.2003,1.6796,0.0268,6.5204,1.6528,0.2535,1.6544,1.4773,0.9234,0.4999,0.0797,1.2113,0.935,0.7311,0.5539,0.4235,0.4202,175.1183,173.7758,3.1019,2.3677
43.333,1300,upright,1.1994,1.6778,0.0272,6.5014,1.6506,0.2539,1.6523,1.476,0.9228,0.5006,0.0797,1.2106,0.9355,0.7296,0.5532,0.4221,0.421,175.0236,173.705,3.0521,2.3601
43.367,1301,upright,1.1986,1.6765,0.0274,6.487,1.6491,0.2542,1.6505,1.4753,0.9218,0.5003,0.0797,1.2104,0.9362,0.7287,0.5535,0.4215,0.4206,175.1085,173.7038,3.0532,2.3528
43.4,1302,upright,1.1985,1.6748,0.0278,6.4675,1.647,0.2547,1.6488,1.4746,0.9224,0.501,0.0797,1.2102,0.9367,0.7264,0.5522,0.4214,0.4213,175.1236,173.7007,3.035,2.3346
43.433,1303,upright,1.1981,1.6727,0.0278,6.4453,1.6449,0.2552,1.6468,1.4738,0.9223,0.5018,0.0797,1.2095,0.9365,0.7245,0.5515,0.4205,0.4221,175.0681,173.6966,3.0085,2.3138
43.467,1304,upright,1.1973,1.6715,0.0278,6.4316,1.6437,0.2556,1.6449,1.4733,0.9212,0.5015,0.0797,1.2089,0.9364,0.7237,0.5521,0.4197,0.4218,175.0112,173.6572,2.9845,2.2973
43.5,1305,upright,1.1961,1.6694,0.0281,6.4067,1.6413,0.2562,1.6423,1.4724,0.9198,0.501,0.0797,1.2086,0.9364,0.7225,0.5526,0.4188,0.4213,175.0186,173.6388,2.9756,2.2833
43.533,1306,upright,1.1949,1.6673,0.0278,6.3825,1.6395,0.2569,1.6396,1.472,0.9178,0.5007,0.0797,1.208,0.9357,0.7219,0.5542,0.4171,0.421,175.0588,173.6318,2.9576,2.2738
43.567,1307,upright,1.1943,1.6637,0.0282,6.3418,1.6356,0.2579,1.6359,1.4714,0.9171,0.501,0.0797,1.2076,0.935,0.7188,0.5543,0.4162,0.4212,175.1129,173.601,2.9564,2.2651
43.6,1308,upright,1.1954,1.6596,0.0279,6.2915,1.6317,0.2593,1.6281,1.4722,0.9185,0.501,0.0797,1.2077,0.9343,0.7096,0.5537,0.4175,0.4213,175.1987,173.5991,3.0558,2.2641
43.633,1309,upright,1.196,1.6554,0.0277,6.2403,1.6276,0.2608,1.6248,1.4727,0.9193,0.5003,0.0798,1.2075,0.9334,0.7055,0.5534,0.419,0.4206,175.3291,173.5984,3.1797,2.2624
43.667,1310,upright,1.1962,1.6508,0.0276,6.1877,1.6232,0.2623,1.6216,1.4726,0.9197,0.5006,0.0798,1.207,0.9319,0.7019,0.5529,0.4191,0.4208,175.3701,173.5899,3.2672,2.2622
43.7,1311,upright,1.1963,1.6467,0.027,6.1404,1.6197,0.2638,1.619,1.4726,0.92,0.5002,0.0797,1.2063,0.9299,0.699,0.5526,0.4197,0.4205,175.4139,173.6166,3.3458,2.2678
43.733,1312,upright,1.1954,1.6426,0.0256,6.0957,1.617,0.2653,1.6169,1.4724,0.9184,0.4989,0.0797,1.2047,0.9278,0.6985,0.554,0.4195,0.4192,175.521,173.6783,3.4528,2.28
43.767,1313,upright,1.1947,1.6385,0.0246,6.0509,1.6139,0.2667,1.6149,1.4721,0.9173,0.4978,0.0797,1.2034,0.9258,0.6975,0.5548,0.4196,0.4181,175.5219,173.7219,3.4899,2.2887
43.8,1314,upright,1.1933,1.6347,0.0239,6.0107,1.6108,0.268,1.6123,1.4714,0.9152,0.4966,0.0796,1.2019,0.9236,0.697,0.5562,0.4186,0.417,175.4627,173.7188,3.5678,2.2898
43.833,1315,upright,1.1926,1.6316,0.0234,5.9768,1.6082,0.2691,1.6101,1.4711,0.9141,0.4958,0.0796,1.2011,0.9218,0.696,0.557,0.4183,0.4162,175.4908,173.7482,3.7017,2.2891
43.867,1316,upright,1.1916,1.6285,0.0232,5.9458,1.6053,0.27,1.6085,1.4705,0.9127,0.4949,0.0796,1.1996,0.9194,0.6958,0.5577,0.4178,0.4153,175.511,173.8014,3.8308,2.2906
43.9,1317,upright,1.1915,1.6264,0.0233,5.9218,1.6031,0.2707,1.608,1.4706,0.9124,0.4942,0.0796,1.1989,0.9171,0.6956,0.5582,0.4182,0.4146,175.6167,173.8433,3.9671,2.2933
43.933,1318,upright,1.1918,1.6252,0.0229,5.9084,1.6023,0.2712,1.6076,1.4709,0.9128,0.4939,0.0796,1.1982,0.916,0.6948,0.5581,0.4189,0.4143,175.6093,173.8858,4.0986,2.299
43.967,1319,upright,1.1916,1.6234,0.0228,5.8895,1.6006,0.2718,1.6066,1.4708,0.9123,0.4934,0.0796,1.1977,0.915,0.6943,0.5584,0.4189,0.4138,175.7051,173.9033,4.2646,2.3025
44.0,1320,upright,1.1909,1.6215,0.0219,5.8698,1.5996,0.2725,1.6053,1.4705,0.9113,0.492,0.0796,1.1972,0.9136,0.694,0.5592,0.4193,0.4125,175.886,173.9193,4.4693,2.3068
44.033,1321,upright,1.1906,1.6203,0.0218,5.8545,1.5985,0.273,1.6044,1.4706,0.9106,0.4906,0.0796,1.1974,0.9133,0.6938,0.56,0.42,0.411,175.9841,173.9213,4.678,2.31
44.067,1322,upright,1.1899,1.6196,0.0213,5.8459,1.5982,0.2734,1.6043,1.4702,0.9096,0.4891,0.0795,1.1975,0.9131,0.6947,0.5606,0.4205,0.4096,176.0352,173.9137,4.8725,2.3142
44.1,1323,upright,1.1883,1.6189,0.0212,5.8401,1.5977,0.2736,1.6035,1.4689,0.9077,0.4875,0.0795,1.1965,0.9126,0.6958,0.5612,0.4202,0.408,176.1485,173.9056,5.0256,2.3151
44.133,1324,upright,1.1869,1.6181,0.0212,5.8322,1.5969,0.2738,1.6023,1.4681,0.9057,0.486,0.0795,1.1958,0.9121,0.6966,0.5624,0.4197,0.4065,176.1465,173.9486,5.1509,2.3164
44.167,1325,upright,1.1856,1.6166,0.021,5.8164,1.5956,0.2743,1.6007,1.4671,0.9042,0.485,0.0795,1.1948,0.9096,0.6965,0.5629,0.4192,0.4055,176.1712,173.9965,5.2986,2.3149
44.2,1326,upright,1.1844,1.6152,0.0202,5.8021,1.595,0.2749,1.5989,1.4661,0.9028,0.4853,0.0795,1.1936,0.9079,0.6961,0.5633,0.4175,0.4058,176.1165,173.9201,5.4369,2.3153
44.233,1327,upright,1.183,1.613,0.0199,5.7805,1.5931,0.2756,1.5967,1.4652,0.9007,0.4848,0.0794,1.1924,0.9068,0.6959,0.5645,0.4159,0.4054,176.1323,173.8792,5.5553,2.3147
44.267,1328,upright,1.1824,1.61,0.0197,5.7498,1.5903,0.2766,1.5936,1.4644,0.9004,0.4856,0.0794,1.1914,0.9058,0.6932,0.564,0.4148,0.4061,176.1264,173.7814,5.696,2.3123
44.3,1329,upright,1.1818,1.6069,0.0196,5.7173,1.5873,0.2776,1.5875,1.4637,0.8998,0.4857,0.0794,1.1903,0.9054,0.6877,0.5639,0.4141,0.4062,176.1065,173.7367,5.8282,2.3008
44.333,1330,upright,1.1811,1.6043,0.0196,5.6905,1.5848,0.2785,1.5801,1.4632,0.899,0.4857,0.0794,1.1896,0.9058,0.6811,0.5642,0.4133,0.4063,176.039,173.7025,5.868,2.2879
44.367,1331,upright,1.1808,1.5981,0.0198,5.6289,1.5783,0.2804,1.5692,1.4619,0.8996,0.4864,0.0795,1.1889,0.9051,0.6696,0.5623,0.4133,0.4069,175.9682,173.6756,5.9513,2.2723
44.4,1332,upright,1.1787,1.5897,0.0201,5.5486,1.5696,0.2829,1.5592,1.4593,0.898,0.4847,0.0795,1.1884,0.904,0.6612,0.5613,0.4133,0.4053,175.8026,173.9147,6.027,2.2472
44.433,1333,upright,1.1779,1.5819,0.0206,5.4751,1.5613,0.2852,1.5497,1.4577,0.8982,0.4839,0.0795,1.1882,0.9031,0.6514,0.5594,0.4144,0.4044,175.4503,174.1696,6.1171,2.2202
44.467,1334,upright,1.1767,1.5724,0.0211,5.3856,1.5513,0.288,1.5378,1.4558,0.8976,0.4824,0.0795,1.1875,0.9026,0.6402,0.5581,0.4153,0.4029,175.2066,174.3816,6.1914,2.1897
44.5,1335,upright,1.1742,1.5632,0.0212,5.3001,1.542,0.2909,1.5269,1.4537,0.8947,0.4794,0.0795,1.1862,0.902,0.6322,0.559,0.4154,0.3999,174.9948,174.5283,6.2504,2.1609
44.533,1336,upright,1.1732,1.5558,0.0216,5.2327,1.5342,0.2932,1.5185,1.4522,0.8941,0.4776,0.0795,1.1855,0.9012,0.6245,0.5581,0.4165,0.3982,174.7057,174.6269,6.3207,2.1356
44.567,1337,upright,1.1727,1.5496,0.0224,5.1762,1.5272,0.295,1.5134,1.4509,0.8945,0.4776,0.0795,1.1844,0.8999,0.6189,0.5564,0.4169,0.3981,174.3978,174.6023,6.4546,2.1132
44.6,1338,upright,1.1693,1.5426,0.0232,5.1174,1.5194,0.2969,1.5073,1.4464,0.8922,0.4756,0.0795,1.1806,0.8964,0.6152,0.5542,0.4166,0.3961,174.1044,174.3557,6.6405,2.0906
44.633,1339,upright,1.1665,1.5378,0.0229,5.0778,1.515,0.2984,1.5008,1.4436,0.8894,0.4744,0.0795,1.1766,0.8929,0.6114,0.5542,0.415,0.3949,174.1471,174.1633,6.8813,2.0781
44.667,1340,upright,1.164,1.5351,0.0224,5.0562,1.5127,0.2992,1.4946,1.4409,0.887,0.4739,0.0795,1.1741,0.8904,0.6076,0.5539,0.4131,0.3944,174.1672,173.9631,7.0398,2.0706
44.7,1341,upright,1.1626,1.5297,0.0225,5.0117,1.5071,0.3007,1.4903,1.4381,0.887,0.4739,0.0795,1.1706,0.8874,0.6033,0.5511,0.4131,0.3944,173.8363,173.6623,7.2029,2.0515
44.733,1342,upright,1.1606,1.5253,0.0231,4.976,1.5022,0.3019,1.4867,1.4361,0.8851,0.4729,0.0795,1.1677,0.8849,0.6016,0.551,0.4123,0.3934,173.5752,173.509,7.3191,2.0344
44.767,1343,upright,1.1589,1.5223,0.0233,4.9513,1.499,0.3027,1.4844,1.434,0.8837,0.472,0.0795,1.165,0.8817,0.6007,0.5503,0.4117,0.3925,173.3295,173.3946,7.438,2.0197
44.8,1344,upright,1.1556,1.5196,0.0217,4.9318,1.4978,0.3037,1.4849,1.4319,0.8793,0.4719,0.0794,1.1624,0.878,0.6057,0.5526,0.4074,0.3925,173.4124,173.296,7.8881,2.0103
44.833,1345,upright,1.1515,1.5144,0.0212,4.8915,1.4932,0.3053,1.4829,1.4297,0.8733,0.4699,0.0794,1.1594,0.875,0.6095,0.5564,0.4035,0.3905,173.2505,173.3345,8.3183,1.9906
44.867,1346,upright,1.1485,1.511,0.0203,4.8641,1.4907,0.3065,1.4825,1.4287,0.8684,0.4695,0.0794,1.158,0.8712,0.6141,0.5603,0.3988,0.3902,173.2306,173.3614,8.7244,1.9784
44.9,1347,upright,1.1444,1.5071,0.0195,4.8335,1.4876,0.3078,1.4787,1.4268,0.8621,0.4683,0.0793,1.155,0.8662,0.6167,0.5647,0.3938,0.3889,173.3538,173.2306,9.0309,1.963
44.933,1348,upright,1.1406,1.5041,0.0195,4.8073,1.4846,0.3088,1.4764,1.4247,0.8565,0.4671,0.0793,1.1511,0.8623,0.6199,0.5682,0.3894,0.3878,173.4938,173.061,9.4568,1.9506
44.967,1349,upright,1.139,1.501,0.0195,4.7787,1.4815,0.31,1.4748,1.4233,0.8547,0.4668,0.0793,1.148,0.8587,0.6202,0.5686,0.3878,0.3875,173.7531,173.0351,9.8987,1.94
45.0,1350,upright,1.1394,1.4995,0.0192,4.7641,1.4802,0.3107,1.4719,1.4231,0.8557,0.4678,0.0793,1.1452,0.8565,0.6162,0.5674,0.3879,0.3885,173.9478,172.9115,10.1842,1.929
45.033,1351,upright,1.1409,1.4971,0.0184,4.7425,1.4786,0.3118,1.4686,1.424,0.8578,0.4687,0.0793,1.143,0.8529,0.6108,0.5662,0.3891,0.3894,173.9074,173.0135,10.356,1.919
45.067,1352,upright,1.1416,1.4937,0.0177,4.7141,1.476,0.3131,1.4669,1.424,0.8592,0.4698,0.0793,1.1416,0.8504,0.6076,0.5648,0.3894,0.3905,173.7082,173.1337,10.5579,1.9132
45.1,1353,upright,1.1427,1.4909,0.0169,4.6894,1.4739,0.3143,1.4638,1.4233,0.8622,0.472,0.0792,1.1401,0.848,0.6016,0.5611,0.3902,0.3928,173.506,173.1483,10.8346,1.9034
45.133,1354,upright,1.1432,1.4873,0.016,4.6617,1.4714,0.3156,1.4615,1.4222,0.8643,0.4741,0.0792,1.1383,0.8456,0.5972,0.5579,0.3902,0.3949,173.2239,173.0469,11.1515,1.8991
45.167,1355,upright,1.1422,1.4821,0.0157,4.6227,1.4664,0.3172,1.4574,1.4208,0.8637,0.4731,0.0792,1.1353,0.841,0.5937,0.5571,0.3906,0.3939,172.8923,173.2219,11.5117,1.893
45.2,1356,upright,1.1413,1.4775,0.0153,4.5877,1.4622,0.3187,1.4557,1.4187,0.8638,0.4744,0.0791,1.133,0.8379,0.5918,0.5549,0.3894,0.3953,172.6066,172.9926,11.6106,1.8879
45.233,1357,upright,1.1389,1.4712,0.0153,4.5409,1.4559,0.3206,1.4459,1.415,0.8628,0.473,0.0791,1.1297,0.8329,0.583,0.5521,0.3898,0.3939,172.1373,172.9313,11.9418,1.8627
45.267,1358,upright,1.1356,1.4637,0.0153,4.4926,1.4484,0.3224,1.4449,1.4108,0.8605,0.4709,0.0791,1.1257,0.8281,0.5844,0.5503,0.3896,0.3918,172.1028,172.7963,12.4233,1.8669
45.3,1359,upright,1.1323,1.4572,0.0146,4.4454,1.4426,0.3245,1.4385,1.4065,0.8582,0.4709,0.0791,1.1212,0.8246,0.5803,0.5483,0.3872,0.3918,171.7976,172.6031,13.0146,1.8549
45.333,1360,upright,1.1317,1.4528,0.0139,4.4113,1.4389,0.3262,1.4333,1.4041,0.8594,0.4747,0.0791,1.1181,0.8221,0.5739,0.5447,0.3847,0.3956,171.0516,172.3487,13.2539,1.8429
45.367,1361,upright,1.1303,1.4481,0.0131,4.3765,1.435,0.3279,1.4285,1.4023,0.8583,0.4718,0.0791,1.116,0.82,0.5702,0.5441,0.3864,0.3928,170.4305,172.071,13.5174,1.8371
45.4,1362,upright,1.1281,1.4441,0.0118,4.3478,1.4323,0.3294,1.4248,1.3993,0.8568,0.4679,0.079,1.1137,0.8175,0.5679,0.5425,0.3889,0.3889,169.8717,171.6434,13.7827,1.8323
45.433,1363,upright,1.1241,1.441,0.0105,4.3223,1.4305,0.331,1.4209,1.3948,0.8535,0.4609,0.0789,1.1101,0.8142,0.5674,0.5413,0.3926,0.382,169.3431,171.1003,14.0638,1.8289
45.467,1364,upright,1.1224,1.438,0.0099,4.3084,1.4281,0.3315,1.418,1.3917,0.8531,0.4582,0.0789,1.109,0.8128,0.5649,0.5386,0.3949,0.3793,168.6389,170.4351,14.2666,1.8291
45.5,1365,upright,1.1197,1.4378,0.009,4.2938,1.4288,0.3328,1.4142,1.3893,0.85,0.4514,0.0789,1.1084,0.8115,0.5641,0.5392,0.3987,0.3725,168.3199,169.8364,14.5049,1.8318
45.533,1366,upright,1.1185,1.4355,0.01,4.2875,1.4255,0.3325,1.4092,1.3881,0.8488,0.4466,0.079,1.1082,0.8117,0.5604,0.5394,0.4022,0.3676,167.923,169.1451,14.7288,1.8391
45.567,1367,upright,1.1195,1.4348,0.0112,4.2792,1.4236,0.3327,1.4051,1.3874,0.8515,0.4459,0.0791,1.1083,0.8125,0.5536,0.5359,0.4056,0.3668,167.3057,168.6231,14.7895,1.8458
45.6,1368,upright,1.1191,1.4351,0.012,4.2802,1.4231,0.3325,1.4007,1.3875,0.8508,0.4401,0.0792,1.1076,0.8112,0.5499,0.5367,0.4107,0.3609,167.2681,168.275,15.0203,1.8583
45.633,1369,upright,1.1202,1.4351,0.0134,4.2756,1.4217,0.3325,1.4015,1.3889,0.8516,0.4377,0.0794,1.1088,0.8116,0.5499,0.5372,0.4139,0.3583,167.4149,168.0514,15.0562,1.8631
45.667,1370,upright,1.1196,1.4358,0.015,4.2731,1.4209,0.3325,1.4006,1.3886,0.8506,0.4334,0.0796,1.1086,0.811,0.55,0.538,0.4172,0.3539,167.1541,167.891,15.2693,1.8725
45.7,1371,upright,1.121,1.4394,0.0167,4.281,1.4227,0.3323,1.4018,1.3897,0.8524,0.4345,0.0798,1.1102,0.8121,0.5494,0.5373,0.4179,0.3546,167.7972,167.8332,15.3512,1.878
45.733,1372,upright,1.1233,1.4428,0.0199,4.2931,1.4229,0.3314,1.4023,1.3916,0.8549,0.4361,0.0802,1.1129,0.8142,0.5474,0.5367,0.4188,0.356,168.7258,167.9114,15.3807,1.8811
45.767,1373,upright,1.1261,1.4443,0.0258,4.2888,1.4185,0.3307,1.4005,1.3934,0.8587,0.4387,0.0807,1.115,0.8166,0.5417,0.5346,0.4201,0.358,169.4297,167.97,15.4194,1.8858
45.8,1374,upright,1.1327,1.4505,0.0347,4.3027,1.4158,0.329,1.405,1.3986,0.8669,0.4463,0.0813,1.1215,0.8234,0.5381,0.5317,0.4206,0.365,170.6863,168.1099,15.4165,1.8915
45.833,1375,upright,1.138,1.4559,0.0429,4.3153,1.413,0.3274,1.4089,1.403,0.873,0.4531,0.0818,1.1272,0.8296,0.5359,0.53,0.42,0.3713,171.6994,168.2449,15.3929,1.8954
45.867,1376,upright,1.1411,1.4575,0.0483,4.3118,1.4091,0.3268,1.4091,1.405,0.8772,0.4565,0.0821,1.1294,0.8323,0.5319,0.5279,0.4207,0.3744,172.123,168.2835,15.3717,1.8977
45.9,1377,upright,1.1443,1.4599,0.054,4.3131,1.406,0.326,1.4092,1.4072,0.8814,0.4579,0.0823,1.1319,0.836,0.5279,0.5259,0.4235,0.3756,172.3804,168.3286,15.2525,1.8973
45.933,1378,upright,1.1464,1.4608,0.0572,4.3118,1.4036,0.3255,1.4077,1.4083,0.8845,0.4589,0.0824,1.1328,0.8374,0.5232,0.5238,0.4256,0.3764,172.5458,168.3174,15.0467,1.896
45.967,1379,upright,1.1487,1.4628,0.0597,4.3185,1.403,0.3249,1.4074,1.4093,0.8881,0.4599,0.0825,1.1333,0.8386,0.5194,0.5212,0.4281,0.3774,172.6514,168.3386,14.8624,1.8936
46.0,1380,upright,1.2101,1.4827,0.0462,4.4578,1.4365,0.3222,1.3799,1.4408,0.9794,0.5117,0.0824,1.1524,0.8515,0.4005,0.4614,0.4677,0.4292,177.0617,168.2935,15.7956,1.9032
46.033,1381,upright,1.1562,1.4647,0.0653,4.3205,1.3994,0.3239,1.4099,1.4104,0.902,0.4696,0.0826,1.1335,0.8394,0.5079,0.5084,0.4324,0.387,173.0062,168.3613,14.5923,1.8812
46.067,1382,upright,1.156,1.466,0.0664,4.3274,1.3996,0.3234,1.4099,1.4102,0.9018,0.4674,0.0826,1.1329,0.8391,0.5081,0.5083,0.4344,0.3848,172.9101,168.3861,14.5116,1.8767
46.1,1383,upright,1.1549,1.4665,0.0661,4.3319,1.4004,0.3233,1.4098,1.4094,0.9003,0.4658,0.0826,1.1321,0.8385,0.5095,0.5091,0.4345,0.3832,172.8845,168.3894,14.4801,1.8732
46.133,1384,upright,1.1553,1.4707,0.0667,4.356,1.4039,0.3223,1.4123,1.4108,0.8999,0.4664,0.0827,1.1335,0.8402,0.5124,0.5108,0.4336,0.3837,173.1578,168.5221,14.4268,1.877
46.167,1385,upright,1.1566,1.474,0.0672,4.376,1.4067,0.3215,1.4143,1.4118,0.9013,0.4677,0.0827,1.135,0.8411,0.513,0.5105,0.4336,0.385,173.2953,168.5624,14.3457,1.8796
46.2,1386,upright,1.157,1.4769,0.0671,4.3953,1.4098,0.3208,1.4164,1.4132,0.9009,0.4681,0.0827,1.1364,0.8419,0.5155,0.5123,0.4328,0.3854,173.4408,168.6439,14.294,1.8834
46.233,1387,upright,1.156,1.4775,0.0676,4.4006,1.4099,0.3204,1.4163,1.4131,0.8989,0.4657,0.0827,1.1358,0.8413,0.5173,0.5142,0.4332,0.383,173.3293,168.6216,14.3004,1.8838
46.267,1388,upright,1.1552,1.4774,0.0682,4.4003,1.4092,0.3203,1.4158,1.4132,0.8972,0.4639,0.0827,1.1354,0.8408,0.5186,0.516,0.4333,0.3812,173.213,168.6511,14.379,1.8826
46.3,1389,upright,1.1541,1.4771,0.0684,4.3989,1.4086,0.3202,1.4156,1.413,0.8952,0.4614,0.0827,1.1349,0.8399,0.5204,0.5179,0.4337,0.3787,173.1046,168.6887,14.4174,1.8816
46.333,1390,upright,1.1542,1.4765,0.0684,4.3951,1.4081,0.3204,1.4156,1.4131,0.8953,0.461,0.0827,1.1349,0.8399,0.5203,0.5178,0.4344,0.3783,173.0083,168.6431,14.4124,1.881
46.367,1391,upright,1.1541,1.4762,0.0678,4.3939,1.4084,0.3205,1.4159,1.4134,0.8949,0.4606,0.0827,1.1347,0.8399,0.521,0.5184,0.4343,0.378,172.8971,168.6022,14.4448,1.8822
46.4,1392,upright,1.1547,1.4772,0.0672,4.3995,1.4099,0.3205,1.4185,1.4137,0.8956,0.4619,0.0827,1.1364,0.841,0.5229,0.5182,0.4337,0.3792,173.0407,168.5983,14.5489,1.8822
46.433,1393,upright,1.1533,1.4777,0.0666,4.4029,1.4111,0.3205,1.4203,1.4142,0.8923,0.4606,0.0827,1.1374,0.8414,0.528,0.5219,0.4317,0.3779,173.0871,168.6685,14.7217,1.8817
46.467,1394,upright,1.1522,1.4781,0.0659,4.4043,1.4122,0.3206,1.4223,1.4144,0.89,0.4597,0.0827,1.1387,0.8426,0.5323,0.5244,0.4304,0.377,173.1881,168.6606,14.959,1.8816
46.5,1395,upright,1.1509,1.4779,0.0657,4.4024,1.4122,0.3208,1.424,1.4142,0.8877,0.4592,0.0827,1.1392,0.8428,0.5363,0.5265,0.4285,0.3765,173.2954,168.6822,15.0901,1.8769
46.533,1396,upright,1.1502,1.4779,0.0654,4.4022,1.4126,0.3209,1.4252,1.414,0.8864,0.4595,0.0827,1.1404,0.8437,0.5388,0.5276,0.427,0.3767,173.3822,168.657,15.2172,1.8728
46.567,1397,upright,1.1493,1.4778,0.0649,4.4009,1.4129,0.321,1.4272,1.4136,0.885,0.4602,0.0827,1.1412,0.8442,0.5421,0.5286,0.4249,0.3775,173.4413,168.6447,15.3313,1.8647
46.6,1398,upright,1.1492,1.4771,0.0647,4.3948,1.4123,0.3214,1.429,1.4137,0.8846,0.4612,0.0827,1.1424,0.8455,0.5444,0.5291,0.4234,0.3785,173.5562,168.7011,15.4217,1.8555
46.633,1399,upright,1.1486,1.4766,0.0644,4.39,1.4122,0.3217,1.4311,1.4137,0.8835,0.4608,0.0828,1.1437,0.847,0.5476,0.5302,0.4227,0.3781,173.6312,168.7398,15.514,1.8481
46.667,1400,upright,1.1472,1.4765,0.0638,4.3887,1.4127,0.3219,1.4336,1.4139,0.8805,0.4589,0.0828,1.1445,0.8489,0.5531,0.5334,0.4216,0.3761,173.6339,168.7498,15.6409,1.8419
46.7,1401,upright,1.1456,1.4769,0.0635,4.3908,1.4135,0.3219,1.4371,1.414,0.8772,0.4572,0.0828,1.145,0.8516,0.5599,0.5368,0.42,0.3744,173.6244,168.7681,15.7865,1.8328
46.733,1402,upright,1.143,1.4783,0.0627,4.4005,1.4156,0.3217,1.4385,1.4141,0.8718,0.4542,0.0828,1.1457,0.8545,0.5667,0.5423,0.4176,0.3714,173.4977,168.7055,15.9528,1.8242
46.767,1403,upright,1.1421,1.4802,0.0622,4.413,1.418,0.3213,1.4398,1.4144,0.8699,0.4529,0.0828,1.1463,0.8577,0.57,0.5445,0.417,0.3701,173.4662,168.6642,16.0764,1.8148
46.8,1404,upright,1.1404,1.4832,0.0619,4.4346,1.4213,0.3205,1.4421,1.4145,0.8662,0.45,0.0828,1.1462,0.86,0.5759,0.5482,0.4163,0.3672,173.3182,168.5377,16.3119,1.8085
46.833,1405,upright,1.1407,1.4863,0.0612,4.4571,1.425,0.3197,1.4445,1.4146,0.8667,0.4494,0.0828,1.1466,0.862,0.5777,0.5478,0.4174,0.3666,173.3024,168.4682,16.531,1.8046
46.867,1406,upright,1.1411,1.4901,0.0606,4.4857,1.4295,0.3187,1.4476,1.4148,0.8674,0.4495,0.0828,1.1471,0.8648,0.5802,0.5475,0.4178,0.3667,173.2405,168.3367,16.6736,1.8065
46.9,1407,upright,1.1395,1.4926,0.06,4.5088,1.4326,0.3177,1.4542,1.4135,0.8654,0.4463,0.0828,1.1454,0.8653,0.5888,0.5481,0.4191,0.3635,172.8469,168.1697,16.9076,1.8093
46.933,1408,upright,1.1379,1.4951,0.0594,4.5316,1.4358,0.3168,1.4644,1.4122,0.8637,0.4447,0.0828,1.1435,0.866,0.6007,0.5485,0.419,0.3619,172.5228,168.0483,17.1378,1.8152
46.967,1409,upright,1.1359,1.4989,0.059,4.563,1.4399,0.3155,1.4723,1.4114,0.8605,0.442,0.0828,1.1418,0.8654,0.6119,0.551,0.4185,0.3591,172.2119,168.0025,17.3063,1.8282
47.0,1410,upright,1.1352,1.5047,0.0588,4.608,1.4459,0.3138,1.4857,1.4107,0.8598,0.4431,0.0828,1.1419,0.8644,0.626,0.5509,0.4167,0.3603,172.1635,167.9961,17.3183,1.8567
47.033,1411,upright,1.1351,1.5107,0.0592,4.6604,1.4515,0.3114,1.4923,1.4109,0.8593,0.4441,0.0829,1.1424,0.8638,0.6331,0.5516,0.4152,0.3613,172.1441,168.0104,17.2524,1.873
47.067,1412,upright,1.1357,1.5172,0.0596,4.7025,1.4576,0.31,1.4973,1.4111,0.8603,0.4458,0.0829,1.1426,0.8632,0.637,0.5508,0.4145,0.363,172.2509,168.0558,17.1758,1.8878
47.1,1413,upright,1.1364,1.5247,0.0598,4.7601,1.4649,0.3077,1.5025,1.4114,0.8613,0.4468,0.0829,1.1431,0.8634,0.6411,0.5501,0.4145,0.3639,172.3542,168.0742,17.0692,1.9056
47.133,1414,upright,1.1371,1.5301,0.0604,4.8028,1.4698,0.306,1.507,1.4119,0.8624,0.4483,0.0829,1.143,0.8625,0.6446,0.5495,0.4141,0.3654,172.4338,168.0968,16.9314,1.9199
47.167,1415,upright,1.1376,1.5341,0.0605,4.8345,1.4736,0.3048,1.5091,1.4122,0.8629,0.4495,0.0829,1.1427,0.8614,0.6462,0.5493,0.4135,0.3666,172.6443,168.1359,16.7635,1.9295
47.2,1416,upright,1.1381,1.5389,0.0606,4.874,1.4783,0.3033,1.5112,1.4131,0.8631,0.4503,0.0829,1.1423,0.8604,0.6481,0.55,0.4127,0.3675,172.824,168.0926,16.6108,1.9392
47.233,1417,upright,1.1397,1.5421,0.0604,4.9022,1.4817,0.3023,1.5135,1.4138,0.8657,0.452,0.0829,1.1413,0.8588,0.6479,0.5481,0.4137,0.3691,173.0341,168.1583,16.2729,1.9486
47.267,1418,upright,1.1391,1.5446,0.0601,4.9275,1.4845,0.3013,1.5152,1.4138,0.8643,0.4493,0.0828,1.1389,0.8562,0.6508,0.5495,0.415,0.3665,172.9811,168.2508,16.0553,1.9599
47.3,1419,upright,1.1378,1.5448,0.0603,4.9326,1.4845,0.301,1.5153,1.4133,0.8624,0.4471,0.0828,1.1362,0.8538,0.6529,0.551,0.4152,0.3643,172.9207,168.3213,15.8232,1.9673
47.333,1420,upright,1.1369,1.5469,0.0603,4.9531,1.4866,0.3001,1.516,1.4135,0.8602,0.4448,0.0828,1.134,0.8517,0.6558,0.5534,0.4154,0.362,172.7646,168.346,15.4837,1.9786
47.367,1421,upright,1.136,1.5488,0.0601,4.9721,1.4887,0.2994,1.5158,1.4142,0.8578,0.4431,0.0828,1.1327,0.85,0.658,0.5564,0.4148,0.3603,172.6119,168.3655,15.1559,1.9918
47.4,1422,upright,1.1345,1.5491,0.06,4.9777,1.4891,0.2992,1.5162,1.4144,0.8545,0.4405,0.0828,1.1301,0.8482,0.6617,0.56,0.4139,0.3577,172.3978,168.2338,14.7206,1.9997
47.433,1423,upright,1.1347,1.5508,0.06,4.9938,1.4907,0.2985,1.5167,1.4154,0.854,0.4408,0.0828,1.13,0.8475,0.6627,0.5614,0.4132,0.358,172.3651,168.1905,14.2394,2.011
47.467,1424,upright,1.1349,1.5524,0.0605,5.0092,1.4919,0.2978,1.5171,1.4162,0.8537,0.44,0.0828,1.1292,0.8471,0.6634,0.5625,0.4137,0.3572,172.1536,168.1252,13.7351,2.0199
47.5,1425,upright,1.134,1.5531,0.0606,5.0175,1.4925,0.2975,1.5168,1.4161,0.8519,0.4386,0.0828,1.1291,0.8476,0.6649,0.5642,0.4133,0.3558,171.9333,167.9686,13.2045,2.0312
47.533,1426,upright,1.1331,1.5554,0.0606,5.0391,1.4948,0.2966,1.5172,1.4157,0.8505,0.4373,0.0828,1.1286,0.8467,0.6667,0.5652,0.4133,0.3544,171.7346,167.8332,12.6781,2.0454
47.567,1427,upright,1.133,1.5562,0.0612,5.0481,1.495,0.2961,1.5172,1.4161,0.8498,0.4363,0.0828,1.1282,0.8466,0.6673,0.5663,0.4135,0.3535,171.634,167.8549,12.1062,2.055
47.6,1428,upright,1.133,1.5571,0.0618,5.0569,1.4953,0.2957,1.5183,1.4173,0.8486,0.4358,0.0829,1.129,0.846,0.6696,0.5687,0.4128,0.353,171.6178,167.9319,11.6328,2.067
47.633,1429,upright,1.1328,1.5589,0.0624,5.0725,1.4965,0.295,1.519,1.4182,0.8474,0.4356,0.0829,1.1297,0.8452,0.6716,0.5707,0.4119,0.3527,171.3724,167.8804,11.2264,2.0858
47.667,1430,upright,1.1323,1.5606,0.0629,5.0883,1.4977,0.2943,1.5192,1.4183,0.8463,0.435,0.0829,1.1299,0.8453,0.6729,0.572,0.4113,0.3521,171.1619,167.8278,10.7177,2.1077
47.7,1431,upright,1.1323,1.5623,0.0633,5.104,1.499,0.2937,1.5191,1.4182,0.8464,0.436,0.0829,1.1297,0.8454,0.6727,0.5718,0.4104,0.3531,171.0648,167.7162,10.1961,2.1289
47.733,1432,upright,1.1349,1.5679,0.0641,5.1521,1.5038,0.2919,1.5214,1.4185,0.8512,0.4407,0.083,1.1311,0.8471,0.6701,0.5672,0.4106,0.3577,170.9562,167.5945,9.5872,2.1619
47.767,1433,upright,1.1385,1.5731,0.0648,5.1979,1.5083,0.2902,1.523,1.4187,0.8583,0.4476,0.083,1.1328,0.8491,0.6646,0.5604,0.4108,0.3645,171.0076,167.525,8.7227,2.1968
47.8,1434,upright,1.1406,1.5758,0.0653,5.2218,1.5105,0.2893,1.5236,1.4193,0.862,0.4532,0.0831,1.135,0.8515,0.6616,0.5573,0.4088,0.3701,171.0029,167.4194,8.0023,2.2279
47.833,1435,upright,1.1473,1.5786,0.066,5.2494,1.5127,0.2882,1.5252,1.4213,0.8732,0.462,0.0831,1.1383,0.8542,0.652,0.5481,0.4112,0.3789,170.4341,167.5131,7.5446,2.2571
47.867,1436,upright,1.1511,1.5825,0.0675,5.2838,1.515,0.2867,1.5277,1.4227,0.8794,0.4683,0.0831,1.1391,0.8555,0.6483,0.5433,0.4112,0.3851,170.2571,167.7926,7.1306,2.2837
47.9,1437,upright,1.1533,1.585,0.0688,5.3071,1.5162,0.2857,1.5294,1.4231,0.8834,0.4715,0.0831,1.1419,0.8578,0.646,0.5397,0.4119,0.3884,170.2961,168.1591,6.7305,2.3029
47.933,1438,upright,1.1528,1.5871,0.0693,5.3274,1.5178,0.2849,1.5297,1.4233,0.8824,0.4709,0.0831,1.1439,0.8605,0.6473,0.5409,0.4115,0.3878,170.5486,168.5154,6.6082,2.3278
47.967,1439,upright,1.1545,1.589,0.069,5.3466,1.5199,0.2843,1.5301,1.4244,0.8845,0.4708,0.0831,1.1471,0.8661,0.6455,0.5399,0.4137,0.3877,170.6989,168.8275,6.1451,2.3573
48.0,1440,upright,1.1563,1.5908,0.0685,5.3646,1.5223,0.2838,1.5333,1.4266,0.8859,0.4731,0.0831,1.1509,0.873,0.6473,0.5407,0.4129,0.39,170.8282,168.8845,5.6745,2.3875
48.033,1441,upright,1.1579,1.5928,0.0674,5.387,1.5255,0.2832,1.5337,1.4295,0.8862,0.4734,0.0831,1.1528,0.8774,0.6475,0.5433,0.4128,0.3903,170.9596,169.0304,4.9848,2.4135
48.067,1442,upright,1.1571,1.5981,0.0659,5.4421,1.5323,0.2816,1.5416,1.4314,0.8827,0.4709,0.083,1.1538,0.8813,0.6589,0.5487,0.4118,0.3879,171.0875,169.1632,4.2528,2.4398
48.1,1443,upright,1.1593,1.6024,0.0654,5.4842,1.537,0.2803,1.5413,1.4332,0.8854,0.4716,0.083,1.1569,0.8854,0.6558,0.5477,0.4138,0.3886,171.2321,169.6848,3.9914,2.4587
48.133,1444,upright,1.1609,1.6066,0.0654,5.5238,1.5412,0.279,1.5438,1.435,0.8868,0.4722,0.083,1.1613,0.8897,0.657,0.5483,0.4146,0.3892,171.4546,169.9183,3.6017,2.4757
48.167,1445,upright,1.1627,1.611,0.0654,5.5652,1.5455,0.2777,1.5515,1.4378,0.8877,0.4732,0.083,1.1669,0.8956,0.6638,0.5501,0.4144,0.3902,171.6803,170.2517,3.0143,2.4892
48.2,1446,upright,1.1648,1.6147,0.0654,5.6018,1.5493,0.2766,1.5587,1.44,0.8896,0.4752,0.083,1.1721,0.9012,0.6691,0.5504,0.4143,0.3922,171.9635,170.5979,2.5078,2.5008
48.233,1447,upright,1.1672,1.6183,0.065,5.6381,1.5533,0.2755,1.5651,1.4435,0.8909,0.4755,0.083,1.1772,0.9061,0.6742,0.5526,0.4154,0.3925,172.4345,170.9574,1.9759,2.5034
48.267,1448,upright,1.1691,1.6225,0.0642,5.6804,1.5583,0.2743,1.5691,1.4467,0.8914,0.4761,0.083,1.1824,0.9108,0.6776,0.5553,0.4153,0.3931,172.7704,171.222,1.5476,2.5003
48.3,1449,upright,1.1701,1.6266,0.0625,5.728,1.5642,0.2731,1.5709,1.4487,0.8916,0.4765,0.083,1.1847,0.9154,0.6794,0.5572,0.4151,0.3935,173.2096,171.3475,1.3754,2.4863
48.333,1450,upright,1.1703,1.6289,0.0615,5.7561,1.5674,0.2723,1.5731,1.4509,0.8898,0.4762,0.0829,1.1881,0.9216,0.6834,0.5611,0.4136,0.3933,173.7947,171.5531,1.2493,2.4509
48.367,1451,upright,1.1687,1.6294,0.0601,5.7658,1.5694,0.2722,1.5735,1.4518,0.8857,0.4732,0.0829,1.1933,0.9311,0.6878,0.5661,0.4124,0.3904,174.3699,171.5671,1.0493,2.4127
48.4,1452,upright,1.1664,1.6284,0.0594,5.7581,1.569,0.2725,1.5732,1.4524,0.8804,0.4692,0.0828,1.1989,0.9439,0.6929,0.572,0.4111,0.3864,174.9978,171.4824,0.8763,2.3627
48.433,1453,upright,1.1661,1.6277,0.0583,5.753,1.5694,0.2728,1.5733,1.4539,0.8783,0.4667,0.0829,1.2054,0.9643,0.6949,0.5756,0.4116,0.3838,175.3326,171.696,0.6592,2.3186
48.467,1454,upright,1.1654,1.6273,0.0581,5.7519,1.5692,0.2728,1.5722,1.4554,0.8755,0.465,0.0829,1.2118,0.9857,0.6967,0.5799,0.4106,0.382,175.3096,171.9025,0.607,2.2803
48.5,1455,upright,1.166,1.627,0.058,5.7508,1.569,0.2728,1.5709,1.4575,0.8745,0.4641,0.083,1.2199,1.0132,0.6965,0.583,0.4104,0.3811,174.6555,172.1578,0.4381,2.2647
48.533,1456,upright,1.1673,1.627,0.0576,5.7534,1.5694,0.2728,1.57,1.4601,0.8746,0.4632,0.083,1.2264,1.0363,0.6954,0.5854,0.4114,0.3802,173.94,172.4413,0.3826,2.2542
48.567,1457,upright,1.1689,1.6261,0.0579,5.7457,1.5682,0.2729,1.569,1.4629,0.8749,0.4624,0.083,1.232,1.0601,0.6941,0.588,0.4125,0.3794,173.1925,172.7108,0.2892,2.2434
48.6,1458,upright,1.171,1.6257,0.0575,5.741,1.5682,0.2732,1.5692,1.4656,0.8763,0.4622,0.0831,1.2331,1.0796,0.6929,0.5893,0.4141,0.3791,172.3692,172.981,0.3062,2.2574
48.633,1459,upright,1.1718,1.6258,0.0563,5.7408,1.5695,0.2734,1.5693,1.4673,0.8763,0.4595,0.0831,1.2322,1.0924,0.693,0.591,0.4168,0.3764,171.9103,173.258,0.4381,2.2731
48.667,1460,upright,1.1723,1.6264,0.0538,5.7451,1.5726,0.2737,1.5706,1.4678,0.8768,0.4568,0.083,1.2309,1.1062,0.6937,0.5909,0.4201,0.3738,171.529,173.4254,0.5127,2.2923
48.7,1461,upright,1.1738,1.6265,0.0507,5.7416,1.5758,0.2745,1.5717,1.4686,0.879,0.4563,0.0829,1.2308,1.1226,0.6927,0.5896,0.4227,0.3734,170.9565,173.7093,0.6222,2.3202
48.733,1462,upright,1.1762,1.6268,0.0468,5.7397,1.58,0.2753,1.5729,1.4701,0.8823,0.4573,0.0828,1.2303,1.139,0.6906,0.5878,0.425,0.3745,170.8112,173.9775,0.6459,2.3573
48.767,1463,upright,1.1793,1.6267,0.0391,5.7346,1.5875,0.2768,1.5742,1.4727,0.8859,0.46,0.0825,1.2303,1.1487,0.6883,0.5869,0.4259,0.3775,170.7444,173.9903,0.5883,2.4106
48.8,1464,upright,1.1817,1.6274,0.0328,5.7352,1.5945,0.278,1.5761,1.4738,0.8896,0.4645,0.0821,1.2316,1.158,0.6864,0.5842,0.4251,0.3825,170.7504,174.2015,0.7168,2.4554
48.833,1465,upright,1.1853,1.6291,0.0259,5.7453,1.6032,0.279,1.5775,1.4752,0.8954,0.4705,0.0815,1.2336,1.1641,0.6821,0.5798,0.4249,0.389,170.9176,174.5043,0.7087,2.4421
48.867,1466,upright,1.1877,1.6308,0.0214,5.7562,1.6094,0.2796,1.579,1.4763,0.8992,0.4752,0.081,1.235,1.1693,0.6798,0.5771,0.424,0.3941,171.3622,174.7033,0.6877,2.4291
48.9,1467,upright,1.1896,1.6314,0.0172,5.7577,1.6142,0.2804,1.5792,1.4768,0.9025,0.478,0.0806,1.2361,1.1731,0.6767,0.5743,0.4245,0.3974,171.8936,174.8962,0.7169,2.4188
48.933,1468,upright,1.1925,1.6309,0.0131,5.7468,1.6178,0.2815,1.5792,1.4789,0.9061,0.481,0.0802,1.2368,1.1755,0.6731,0.5728,0.4251,0.4008,172.2128,174.8085,0.576,2.4142
48.967,1469,upright,1.1959,1.6318,0.0072,5.75,1.6245,0.2825,1.5794,1.4816,0.9102,0.4848,0.0798,1.2377,1.1773,0.6691,0.5713,0.4255,0.405,172.6492,174.7725,0.445,2.4216
49.0,1470,upright,1.1984,1.6321,0.0017,5.7492,1.6304,0.2836,1.5781,1.4838,0.9131,0.4874,0.0793,1.2382,1.1758,0.665,0.5707,0.4257,0.4081,173.0679,174.7821,0.4176,2.4303
49.033,1471,upright,1.1996,1.6313,-0.0014,5.7389,1.6328,0.2845,1.5761,1.4845,0.9146,0.4887,0.079,1.237,1.172,0.6615,0.5699,0.4259,0.4098,173.2985,174.8241,0.4731,2.4367
49.067,1472,upright,1.2004,1.6311,-0.0035,5.7331,1.6345,0.2851,1.5738,1.4842,0.9165,0.4894,0.0787,1.2356,1.1704,0.6574,0.5678,0.4271,0.4106,173.071,174.8818,0.454,2.4474
49.1,1473,upright,1.2007,1.6313,-0.0043,5.7333,1.6356,0.2853,1.5725,1.4843,0.9171,0.4882,0.0785,1.2339,1.1658,0.6554,0.5672,0.4289,0.4097,172.7139,175.136,0.5743,2.456
49.133,1474,upright,1.2002,1.6303,-0.0031,5.7229,1.6334,0.2854,1.5688,1.4839,0.9165,0.4871,0.0785,1.2328,1.1546,0.6523,0.5675,0.4294,0.4086,172.5824,175.2876,0.8143,2.461
49.167,1475,upright,1.2006,1.6293,-0.0011,5.7119,1.6305,0.2855,1.5646,1.484,0.9171,0.4858,0.0785,1.231,1.1323,0.6475,0.5669,0.4313,0.4073,172.45,175.1612,0.8255,2.4816
49.2,1476,upright,1.1985,1.6251,0.0004,5.6696,1.6247,0.2866,1.5595,1.4809,0.9162,0.4855,0.0785,1.2306,1.0984,0.6434,0.5647,0.4307,0.407,172.5225,174.976,0.962,2.5088
49.233,1477,upright,1.1981,1.6208,0.0015,5.626,1.6193,0.2878,1.5558,1.4795,0.9167,0.4847,0.0785,1.2306,1.062,0.6391,0.5629,0.432,0.4062,172.3641,174.8395,1.0723,2.4151
49.267,1478,upright,1.1973,1.6145,0.0033,5.5638,1.6112,0.2896,1.5511,1.4777,0.917,0.4834,0.0785,1.2281,1.0311,0.6342,0.5607,0.4335,0.4049,172.3426,174.5908,1.2812,2.328
49.3,1479,upright,1.1963,1.6097,0.0046,5.516,1.6051,0.291,1.5489,1.4753,0.9173,0.4829,0.0786,1.2251,0.9933,0.6316,0.5579,0.4344,0.4043,172.2528,174.2569,1.5727,2.2503
49.333,1480,upright,1.1941,1.6085,0.0078,5.4995,1.6007,0.2911,1.5485,1.4714,0.9169,0.4826,0.0788,1.2198,0.9571,0.6316,0.5545,0.4343,0.4038,172.2849,174.189,1.9199,2.2003
49.367,1481,upright,1.1914,1.6062,0.0106,5.4731,1.5956,0.2915,1.558,1.4677,0.9152,0.4822,0.0789,1.2121,0.9292,0.6428,0.5525,0.433,0.4032,172.184,174.2383,2.2227,2.1737
49.4,1482,upright,1.1876,1.6026,0.01,5.4453,1.5926,0.2925,1.5482,1.4648,0.9104,0.4785,0.0789,1.2031,0.916,0.6378,0.5544,0.4319,0.3996,171.6622,174.2286,2.6644,2.1667
49.433,1483,upright,1.1821,1.6025,0.0103,5.4452,1.5922,0.2924,1.5488,1.4612,0.9029,0.476,0.0789,1.1973,0.9185,0.6458,0.5582,0.4269,0.3971,171.531,174.093,3.213,2.1708
49.467,1484,upright,1.18,1.6018,0.0126,5.4356,1.5892,0.2924,1.5502,1.4588,0.9012,0.4748,0.079,1.1947,0.9233,0.6489,0.5575,0.4264,0.3958,171.8315,174.0365,3.6918,2.1941
49.5,1485,upright,1.1775,1.5998,0.0144,5.413,1.5854,0.2929,1.5521,1.4566,0.8985,0.4735,0.0791,1.1942,0.9319,0.6537,0.5581,0.425,0.3944,172.1723,173.9459,4.205,2.2425
49.533,1486,upright,1.1746,1.5962,0.0134,5.3811,1.5828,0.2941,1.5531,1.4537,0.8955,0.47,0.0791,1.1932,0.9381,0.6576,0.5583,0.4255,0.3909,172.0792,173.8374,4.6266,2.286
49.567,1487,upright,1.1713,1.5919,0.0123,5.3423,1.5796,0.2957,1.554,1.4508,0.8917,0.4654,0.079,1.1937,0.9425,0.6623,0.5591,0.4262,0.3864,172.2319,173.7331,5.1094,2.3144
49.6,1488,upright,1.1668,1.5864,0.0121,5.2902,1.5743,0.2976,1.5528,1.4474,0.8862,0.4605,0.079,1.1941,0.9449,0.6666,0.5612,0.4257,0.3814,172.5387,173.6537,5.5762,2.3143
49.633,1489,upright,1.1627,1.5804,0.0116,5.2362,1.5688,0.2996,1.5511,1.4435,0.8819,0.4573,0.079,1.1933,0.9468,0.6693,0.5616,0.4246,0.3783,172.7284,173.6329,6.1165,2.2973
49.667,1490,upright,1.1588,1.5739,0.0111,5.1775,1.5629,0.3019,1.5486,1.4404,0.8772,0.4534,0.079,1.1919,0.9462,0.6714,0.5632,0.4238,0.3744,172.7914,173.6128,6.5689,2.2629
49.7,1491,upright,1.1541,1.5682,0.0106,5.1266,1.5576,0.3038,1.5467,1.437,0.8712,0.4504,0.079,1.1884,0.9429,0.6755,0.5658,0.4208,0.3715,172.7702,173.5564,7.0511,2.2112
49.733,1492,upright,1.1515,1.5647,0.0101,5.0948,1.5546,0.3051,1.5444,1.4345,0.8684,0.4493,0.0789,1.184,0.9381,0.676,0.5661,0.4191,0.3703,172.6725,173.5178,7.4027,2.1643
49.767,1493,upright,1.1475,1.5632,0.0095,5.0787,1.5537,0.3059,1.5426,1.4314,0.8635,0.4493,0.0789,1.1794,0.931,0.679,0.5679,0.4143,0.3704,172.6459,173.7095,7.8128,2.121
49.8,1494,upright,1.1447,1.5612,0.0089,5.0587,1.5523,0.3069,1.5409,1.4301,0.8593,0.4489,0.0788,1.1751,0.9225,0.6816,0.5708,0.4104,0.3701,172.5003,174.0322,8.0656,2.0787
49.833,1495,upright,1.1425,1.5591,0.0081,5.0378,1.5511,0.3079,1.5393,1.4283,0.8566,0.4488,0.0788,1.1713,0.9131,0.6826,0.5717,0.4079,0.37,172.2222,174.2158,8.3338,2.0322
49.867,1496,upright,1.1384,1.5558,0.01,5.0094,1.5458,0.3086,1.5363,1.4237,0.8531,0.4467,0.0789,1.1631,0.9004,0.6832,0.5706,0.4064,0.3678,171.7296,174.3503,8.712,1.9767
49.9,1497,upright,1.1365,1.5536,0.009,4.9876,1.5446,0.3097,1.5352,1.4215,0.8514,0.4465,0.0788,1.1586,0.8901,0.6838,0.5701,0.405,0.3676,171.0904,174.3651,9.0175,1.932
49.933,1498,upright,1.1364,1.5513,0.0097,4.9753,1.5416,0.3098,1.5336,1.4198,0.8529,0.4469,0.0789,1.1524,0.8788,0.6807,0.567,0.4059,0.368,170.5111,174.0432,9.3484,1.9028
49.967,1499,upright,1.1349,1.551,0.0102,4.9721,1.5408,0.3099,1.5315,1.4181,0.8517,0.4454,0.0789,1.1466,0.8689,0.6798,0.5664,0.4063,0.3664,169.878,173.7495,9.6296,1.8845
50.0,1500,upright,1.1328,1.5508,0.01,4.969,1.5408,0.3101,1.5305,1.4162,0.8494,0.443,0.079,1.1413,0.8614,0.6811,0.5668,0.4063,0.364,169.2039,173.4417,10.0013,1.8793
50.033,1501,upright,1.1299,1.5484,0.0095,4.9497,1.5389,0.3109,1.5268,1.4134,0.8464,0.439,0.079,1.1371,0.8542,0.6804,0.567,0.4074,0.36,168.5661,173.0337,10.3933,1.8785
50.067,1502,upright,1.1255,1.5465,0.008,4.9355,1.5385,0.3117,1.5239,1.4098,0.8412,0.4314,0.0789,1.1329,0.8479,0.6827,0.5686,0.4098,0.3525,167.9398,172.5298,10.7189,1.8846
50.1,1503,upright,1.1232,1.5457,0.0072,4.9283,1.5385,0.3122,1.5217,1.4079,0.8384,0.4279,0.0789,1.1289,0.8437,0.6833,0.5695,0.4105,0.349,167.1267,171.9785,11.0251,1.8959
50.133,1504,upright,1.1223,1.5429,0.0056,4.9005,1.5373,0.3137,1.52,1.4072,0.8375,0.4243,0.0788,1.1275,0.8409,0.6825,0.5697,0.4132,0.3455,166.1359,171.6436,11.1922,1.9052
50.167,1505,upright,1.1219,1.5421,0.0063,4.8918,1.5358,0.314,1.5183,1.4058,0.8379,0.4227,0.0789,1.1249,0.839,0.6804,0.5679,0.4152,0.3438,165.409,170.9749,11.4285,1.9141
50.2,1506,upright,1.1217,1.5404,0.0073,4.872,1.5331,0.3147,1.5175,1.405,0.8383,0.4225,0.079,1.1238,0.8367,0.6792,0.5667,0.4158,0.3436,164.7334,170.6716,11.5541,1.9264
50.233,1507,upright,1.1214,1.5403,0.0099,4.8662,1.5304,0.3145,1.5167,1.4044,0.8385,0.4221,0.0792,1.1219,0.8343,0.6783,0.5659,0.4163,0.3429,165.1002,170.202,11.8499,1.9437
50.267,1508,upright,1.1226,1.5405,0.014,4.8574,1.5265,0.3143,1.5166,1.4046,0.8407,0.4223,0.0797,1.1207,0.8328,0.6759,0.5639,0.4184,0.3426,166.054,169.7936,12.0659,1.9601
50.3,1509,upright,1.125,1.54,0.0183,4.8393,1.5216,0.3144,1.5161,1.4059,0.8441,0.4234,0.0802,1.1212,0.8324,0.672,0.5617,0.4208,0.3432,167.5046,169.5733,12.2301,1.9723
50.333,1510,upright,1.1259,1.5397,0.024,4.819,1.5157,0.3145,1.5165,1.4066,0.8453,0.4237,0.0808,1.1215,0.8322,0.6712,0.5613,0.4215,0.343,168.8924,169.6921,12.3427,1.9756
50.367,1511,upright,1.1264,1.5408,0.0294,4.8093,1.5114,0.3143,1.5178,1.4081,0.8448,0.4236,0.0813,1.1223,0.8329,0.6731,0.5633,0.4211,0.3423,170.3266,169.8522,12.4462,1.9801
50.4,1512,upright,1.1274,1.5411,0.0349,4.7963,1.5062,0.314,1.5185,1.4088,0.846,0.4261,0.0819,1.1233,0.8342,0.6725,0.5628,0.4199,0.3442,171.7131,169.8467,12.498,1.9825
50.433,1513,upright,1.1282,1.544,0.0408,4.8022,1.5032,0.313,1.5208,1.4097,0.8468,0.4283,0.0825,1.1254,0.8389,0.6741,0.5629,0.4184,0.3458,173.082,169.8535,12.57,1.9896
50.467,1514,upright,1.1295,1.5464,0.0456,4.808,1.5008,0.3122,1.5233,1.4105,0.8485,0.4294,0.083,1.1274,0.8439,0.6748,0.562,0.4191,0.3464,174.0599,169.8885,12.6147,1.9947
50.5,1515,upright,1.1309,1.5484,0.0492,4.8148,1.4992,0.3114,1.5255,1.4111,0.8507,0.4308,0.0834,1.1289,0.8483,0.6748,0.5604,0.4198,0.3475,174.7365,169.9635,12.6105,1.998
50.533,1516,upright,1.1321,1.5505,0.0521,4.8242,1.4984,0.3106,1.5279,1.4114,0.8528,0.4328,0.0836,1.1309,0.8539,0.6751,0.5586,0.42,0.3492,174.9333,169.9583,12.552,2.0035
50.567,1517,upright,1.1327,1.5517,0.0537,4.8306,1.498,0.3101,1.5297,1.4118,0.8536,0.4337,0.0837,1.1325,0.8609,0.6761,0.5582,0.42,0.35,175.1074,169.987,12.467,2.01
50.6,1518,upright,1.1339,1.553,0.0548,4.8386,1.4981,0.3096,1.532,1.4124,0.8554,0.436,0.0837,1.1346,0.8693,0.6766,0.557,0.4194,0.3523,175.0977,170.0429,12.3351,2.0175
50.633,1519,upright,1.135,1.5539,0.0563,4.8426,1.4977,0.3093,1.5347,1.4132,0.8569,0.4374,0.0838,1.1381,0.8787,0.6778,0.5563,0.4195,0.3536,175.2283,170.0763,12.1567,2.0223
50.667,1520,upright,1.1358,1.5561,0.0563,4.8605,1.4998,0.3086,1.5378,1.4142,0.8573,0.4368,0.0839,1.141,0.8871,0.6805,0.5569,0.4205,0.3529,175.7053,169.8075,12.0711,2.0335
50.7,1521,upright,1.1376,1.5603,0.0564,4.8774,1.5039,0.3083,1.5426,1.4158,0.8594,0.4376,0.084,1.1466,0.8963,0.6832,0.5564,0.4218,0.3536,175.9395,169.477,11.7878,2.0446
50.733,1522,upright,1.1385,1.595,0.0545,5.193,1.5405,0.2967,1.5577,1.4176,0.8593,0.4375,0.0839,1.1516,0.9017,0.6983,0.5583,0.4218,0.3536,176.2265,169.46,11.5682,2.1089
50.767,1523,upright,1.1396,1.5979,0.0547,5.2159,1.5432,0.2959,1.5618,1.4189,0.8604,0.4386,0.084,1.1546,0.9065,0.7015,0.5585,0.4217,0.3547,176.3468,169.1939,11.3342,2.0888
50.8,1524,upright,1.1414,1.6013,0.0533,5.2457,1.548,0.2951,1.5664,1.4217,0.8611,0.4398,0.084,1.1597,0.9115,0.7053,0.5606,0.4212,0.3559,176.618,169.2604,11.1945,2.0715
50.833,1525,upright,1.1433,1.6052,0.0527,5.2792,1.5524,0.2941,1.5711,1.4243,0.8623,0.4415,0.084,1.1623,0.9137,0.7089,0.562,0.4207,0.3575,176.6591,169.3659,10.929,2.058
50.867,1526,upright,1.1447,1.6087,0.0528,5.3106,1.5559,0.293,1.576,1.4263,0.8631,0.4431,0.084,1.1643,0.9114,0.7129,0.5632,0.42,0.359,176.6552,169.3439,10.6274,2.0472
50.9,1527,upright,1.1464,1.6126,0.0526,5.3443,1.56,0.2919,1.5814,1.4288,0.864,0.4446,0.0841,1.1665,0.907,0.7174,0.5649,0.4194,0.3605,176.6928,169.3396,10.3279,2.0437
50.933,1528,upright,1.1483,1.6159,0.0534,5.3748,1.5625,0.2907,1.5863,1.4309,0.8658,0.4464,0.0841,1.1661,0.8998,0.7205,0.5652,0.4194,0.3623,176.6086,169.367,9.9712,2.0412
50.967,1529,upright,1.1506,1.6169,0.0522,5.3892,1.5647,0.2903,1.5891,1.4324,0.8688,0.4477,0.0841,1.1654,0.8929,0.7203,0.5636,0.4211,0.3636,176.7196,169.3822,9.6118,2.045
51.0,1530,upright,1.1518,1.6183,0.0511,5.4061,1.5672,0.2899,1.5923,1.4337,0.87,0.4482,0.0841,1.164,0.8871,0.7223,0.5637,0.4218,0.3641,176.7159,169.4153,9.316,2.0597
51.033,1531,upright,1.1524,1.62,0.0496,5.4258,1.5703,0.2894,1.5957,1.4347,0.8702,0.4469,0.0841,1.1621,0.8823,0.7255,0.5645,0.4233,0.3628,176.6544,169.3983,9.0363,2.0888
51.067,1532,upright,1.1526,1.6221,0.0485,5.4494,1.5737,0.2888,1.5992,1.4361,0.8692,0.4454,0.084,1.1601,0.8768,0.73,0.5668,0.4238,0.3614,176.5301,169.3463,8.8021,2.1273
51.1,1533,upright,1.1525,1.6251,0.0481,5.4694,1.5771,0.2883,1.6024,1.4373,0.8678,0.4443,0.084,1.1587,0.8718,0.7346,0.5695,0.4235,0.3603,176.5156,169.3609,8.6524,2.1692
51.133,1534,upright,1.152,1.6296,0.048,5.5095,1.5817,0.2871,1.6061,1.4381,0.8659,0.4425,0.084,1.1563,0.8671,0.7402,0.5722,0.4234,0.3584,176.6369,169.4233,8.5257,2.1941
51.167,1535,upright,1.1528,1.6338,0.0481,5.5525,1.5857,0.2856,1.6091,1.4397,0.8658,0.4415,0.084,1.1565,0.8647,0.7433,0.5739,0.4243,0.3575,176.6269,169.4342,8.3152,2.2075
51.2,1536,upright,1.1532,1.6387,0.048,5.6046,1.5907,0.2838,1.6087,1.4414,0.865,0.4408,0.084,1.1563,0.8625,0.7437,0.5764,0.4242,0.3568,176.7134,169.4742,8.0545,2.219
51.233,1537,upright,1.1532,1.6429,0.0484,5.6491,1.5945,0.2822,1.6134,1.443,0.8634,0.4394,0.0839,1.1562,0.8607,0.75,0.5795,0.4241,0.3554,176.794,169.625,7.8815,2.2345
51.267,1538,upright,1.1536,1.6462,0.0493,5.6825,1.5969,0.281,1.6211,1.444,0.8632,0.439,0.084,1.1572,0.8603,0.7579,0.5808,0.4242,0.355,177.0679,169.8579,7.683,2.2507
51.3,1539,upright,1.1542,1.6497,0.0501,5.7186,1.5996,0.2797,1.6251,1.4453,0.8632,0.4397,0.084,1.1585,0.8597,0.7619,0.5821,0.4235,0.3557,177.3859,170.0776,7.5494,2.2673
51.333,1540,upright,1.1546,1.6526,0.0506,5.7497,1.602,0.2786,1.6289,1.4463,0.863,0.4397,0.0841,1.1593,0.8597,0.7659,0.5833,0.4233,0.3557,177.6572,170.2063,7.4691,2.2818
51.367,1541,upright,1.1542,1.6546,0.0506,5.7728,1.604,0.2778,1.6296,1.4466,0.8618,0.4401,0.0841,1.159,0.8592,0.7678,0.5849,0.4216,0.3561,177.9495,170.1845,7.2619,2.2923
51.4,1542,upright,1.1541,1.6565,0.0503,5.7938,1.6061,0.2772,1.6322,1.4467,0.8616,0.4409,0.0841,1.1589,0.8602,0.7707,0.5851,0.4207,0.3568,178.2292,170.2733,7.0168,2.3067
51.433,1543,upright,1.1547,1.6574,0.0505,5.8055,1.6069,0.2768,1.6341,1.4468,0.8625,0.4412,0.0841,1.1592,0.8609,0.7716,0.5844,0.4213,0.3571,178.4124,170.3409,6.6213,2.3162
51.467,1544,upright,1.1554,1.6598,0.0509,5.8328,1.609,0.2759,1.636,1.4474,0.8635,0.4413,0.084,1.1592,0.8619,0.7725,0.5839,0.4222,0.3572,178.5248,170.402,6.1298,2.3245
51.5,1545,upright,1.1549,1.6612,0.051,5.8522,1.6102,0.2751,1.6372,1.447,0.8628,0.4403,0.084,1.158,0.8623,0.7744,0.5841,0.4226,0.3562,178.3034,170.344,5.7647,2.3313
51.533,1546,upright,1.1542,1.6618,0.0507,5.8633,1.6111,0.2748,1.6383,1.4469,0.8616,0.4386,0.084,1.1579,0.8637,0.7767,0.5853,0.423,0.3546,178.2284,170.2944,5.4122,2.3358
51.567,1547,upright,1.1541,1.6616,0.0497,5.8667,1.6119,0.2748,1.6387,1.447,0.8611,0.4388,0.084,1.1583,0.8677,0.7776,0.5858,0.4224,0.3548,178.1616,170.2023,4.9979,2.3394
51.6,1548,upright,1.1553,1.6615,0.0489,5.8703,1.6126,0.2747,1.6396,1.4478,0.8628,0.4427,0.084,1.1604,0.874,0.7768,0.585,0.4202,0.3587,178.1038,170.1121,4.48,2.3406
51.633,1549,upright,1.1556,1.6619,0.0479,5.877,1.614,0.2746,1.6404,1.448,0.8633,0.4446,0.084,1.1631,0.8813,0.7772,0.5847,0.4187,0.3606,178.0493,170.0583,3.897,2.3149
51.667,1550,upright,1.1575,1.6642,0.0478,5.8982,1.6165,0.2741,1.6428,1.4493,0.8657,0.4512,0.0841,1.1682,0.8902,0.7771,0.5836,0.4145,0.3671,177.8968,170.0632,2.9201,2.299
51.7,1551,upright,1.1578,1.6644,0.047,5.9023,1.6174,0.274,1.6431,1.4495,0.8662,0.4555,0.0842,1.1705,0.8958,0.777,0.5833,0.4107,0.3713,177.41,169.8249,1.966,2.2781
51.733,1552,upright,1.1582,1.6654,0.0451,5.914,1.6203,0.274,1.6439,1.4501,0.8663,0.458,0.0843,1.1721,0.8999,0.7777,0.5838,0.4082,0.3737,176.9203,169.4339,1.0852,2.2613
51.767,1553,upright,1.1602,1.6668,0.0436,5.9243,1.6233,0.274,1.6455,1.4525,0.8679,0.4603,0.0846,1.1754,0.9056,0.7776,0.5846,0.4076,0.3757,176.3758,169.1652,0.152,2.2504
51.8,1554,upright,1.1612,1.6666,0.0432,5.9214,1.6233,0.2741,1.6457,1.4535,0.8689,0.4619,0.0849,1.1762,0.9079,0.7768,0.5846,0.407,0.377,175.5791,168.6759,0.6264,2.2439
51.833,1555,upright,1.1635,1.6669,0.0437,5.9211,1.6232,0.2741,1.6466,1.4543,0.8728,0.4644,0.0852,1.1783,0.9097,0.7738,0.5815,0.4083,0.3792,174.8877,168.2249,1.4992,2.2558
51.867,1556,upright,1.1675,1.6681,0.0436,5.9279,1.6245,0.274,1.6483,1.4564,0.8786,0.4691,0.0854,1.182,0.9127,0.7697,0.5778,0.4094,0.3837,174.7619,168.2775,2.1818,2.2776
51.9,1557,upright,1.171,1.6701,0.0411,5.9414,1.629,0.2742,1.6506,1.4592,0.8828,0.4716,0.0855,1.1868,0.9169,0.7678,0.5763,0.4112,0.3861,174.8841,168.3523,2.7406,2.3152
51.933,1558,upright,1.1744,1.672,0.0387,5.954,1.6333,0.2743,1.6525,1.4616,0.8871,0.4746,0.0855,1.1907,0.9199,0.7654,0.5745,0.4125,0.3892,175.2545,168.3417,2.9614,2.3706
51.967,1559,upright,1.1777,1.6749,0.0324,5.9771,1.6425,0.2748,1.6552,1.465,0.8904,0.4779,0.0852,1.1953,0.924,0.7648,0.5746,0.4125,0.3927,175.6596,168.4279,3.0384,2.4439
52.0,1560,upright,1.1819,1.6786,0.0233,6.0062,1.6553,0.2756,1.6584,1.469,0.8948,0.481,0.0847,1.2002,0.9282,0.7636,0.5742,0.4138,0.3963,175.8745,168.1862,2.8966,2.4918
52.033,1561,upright,1.1841,1.681,0.0168,6.026,1.6642,0.2762,1.6604,1.4714,0.8967,0.4801,0.0841,1.2034,0.9298,0.7637,0.5747,0.4166,0.396,176.1878,168.1946,2.5406,2.5058
52.067,1562,upright,1.1831,1.6815,0.0134,6.0307,1.6682,0.2766,1.6608,1.4714,0.8948,0.4771,0.0837,1.2035,0.9281,0.766,0.5766,0.4177,0.3934,176.5742,168.2299,1.9447,2.5075
52.1,1563,upright,1.1819,1.6815,0.0114,6.0303,1.6701,0.277,1.6608,1.4707,0.893,0.4764,0.0832,1.2025,0.926,0.7677,0.5777,0.4166,0.3932,176.9859,168.448,1.2754,2.5065
52.133,1564,upright,1.1802,1.6806,0.0112,6.0225,1.6695,0.2772,1.6597,1.4692,0.8912,0.475,0.0829,1.1996,0.9224,0.7684,0.5779,0.4162,0.3921,176.7552,168.6848,0.7248,2.5011
52.167,1565,upright,1.1786,1.6788,0.0125,6.0029,1.6663,0.2776,1.6583,1.4673,0.8899,0.4747,0.0827,1.1963,0.9185,0.7684,0.5774,0.4152,0.3919,176.2125,168.8592,0.2677,2.5014
52.2,1566,upright,1.1771,1.6761,0.0129,5.9735,1.6632,0.2784,1.657,1.4655,0.8888,0.4746,0.0827,1.1928,0.9154,0.7682,0.5767,0.4142,0.392,175.4938,168.9297,0.0869,2.5038
52.233,1567,upright,1.1762,1.6719,0.0146,5.9304,1.6573,0.2795,1.6547,1.4636,0.8889,0.4784,0.0826,1.1888,0.9113,0.7658,0.5747,0.4105,0.3958,175.1315,169.1646,0.3616,2.5033
52.267,1568,upright,1.1749,1.668,0.015,5.8893,1.6529,0.2807,1.6525,1.4609,0.8889,0.48,0.0826,1.1836,0.9074,0.7636,0.5719,0.409,0.3974,174.5654,168.9235,0.6294,2.5098
52.3,1569,upright,1.1746,1.6635,0.0158,5.8416,1.6477,0.2821,1.6502,1.4601,0.889,0.4817,0.0826,1.1803,0.9027,0.7611,0.5711,0.4074,0.3991,174.6343,169.0428,0.9529,2.5216
52.333,1570,upright,1.1737,1.6585,0.0158,5.7893,1.6428,0.2838,1.6467,1.4581,0.8893,0.4801,0.0825,1.1764,0.8968,0.7574,0.5689,0.4092,0.3976,174.6247,168.7897,1.2822,2.546
52.367,1571,upright,1.1724,1.6561,0.0152,5.7657,1.6409,0.2846,1.6439,1.4569,0.888,0.478,0.0825,1.1737,0.8916,0.7558,0.5689,0.41,0.3955,174.853,168.5921,1.6577,2.5835
52.4,1572,upright,1.1715,1.6544,0.0146,5.7472,1.6399,0.2853,1.6408,1.4555,0.8874,0.4767,0.0825,1.1707,0.8855,0.7534,0.5681,0.4107,0.3942,175.0493,168.3912,2.0335,2.613
52.433,1573,upright,1.17,1.6528,0.0145,5.7278,1.6382,0.286,1.638,1.4542,0.8858,0.4752,0.0825,1.1684,0.8815,0.7522,0.5684,0.4106,0.3926,175.1738,168.2921,2.4158,2.6358
52.467,1574,upright,1.1686,1.6519,0.0138,5.7185,1.6381,0.2865,1.6363,1.4525,0.8846,0.474,0.0825,1.1662,0.8786,0.7517,0.5679,0.4106,0.3915,175.2195,168.2568,2.7396,2.6496
52.5,1575,upright,1.1672,1.6519,0.0129,5.7164,1.639,0.2867,1.6356,1.4511,0.8832,0.4722,0.0825,1.1648,0.8775,0.7524,0.5679,0.411,0.3897,175.1397,168.3144,3.0073,2.6526
52.533,1576,upright,1.1657,1.6521,0.012,5.7165,1.6401,0.2869,1.6354,1.4504,0.881,0.4698,0.0825,1.1637,0.8762,0.7544,0.5694,0.4112,0.3873,174.9164,168.4279,3.2272,2.65
52.567,1577,upright,1.1629,1.6514,0.0117,5.7092,1.6397,0.2872,1.6345,1.4488,0.877,0.4664,0.0825,1.1612,0.8747,0.7576,0.5718,0.4105,0.3839,174.7907,168.4803,3.4274,2.6351
52.6,1578,upright,1.1611,1.6505,0.0116,5.7005,1.6389,0.2875,1.6335,1.4474,0.8749,0.4634,0.0825,1.1593,0.8738,0.7587,0.5726,0.4115,0.3809,174.6017,168.5731,3.5209,2.6156
52.633,1579,upright,1.1601,1.6504,0.0122,5.6984,1.6382,0.2875,1.6333,1.4464,0.8737,0.4612,0.0825,1.1579,0.8732,0.7596,0.5727,0.4125,0.3787,174.3938,168.6586,3.6977,2.5899
52.667,1580,upright,1.1586,1.65,0.01,5.6974,1.64,0.2878,1.6326,1.4463,0.871,0.4573,0.0824,1.157,0.8724,0.7617,0.5753,0.4136,0.3749,174.3745,168.7166,3.9293,2.5409
52.7,1581,upright,1.1586,1.6489,0.0083,5.6897,1.6405,0.2883,1.6316,1.4461,0.8711,0.4563,0.0823,1.1563,0.8723,0.7605,0.575,0.4148,0.374,174.1276,168.8213,4.023,2.4636
52.733,1582,upright,1.1576,1.6483,0.0073,5.6858,1.641,0.2886,1.631,1.4456,0.8696,0.4531,0.0823,1.1554,0.8719,0.7613,0.5759,0.4165,0.3708,174.0637,168.8807,4.1709,2.4094
52.767,1583,upright,1.1564,1.648,0.0088,5.6807,1.6393,0.2886,1.6303,1.4449,0.868,0.4532,0.0823,1.1547,0.871,0.7623,0.5769,0.4148,0.3709,173.9711,169.0947,4.2777,2.3649
52.8,1584,upright,1.1524,1.6483,0.0105,5.6803,1.6379,0.2883,1.6302,1.4433,0.8615,0.451,0.0824,1.1537,0.8704,0.7687,0.5819,0.4105,0.3686,174.013,169.0812,4.4469,2.3357
52.833,1585,upright,1.1499,1.6484,0.0125,5.6773,1.6359,0.2881,1.6296,1.4422,0.8575,0.4491,0.0825,1.1535,0.8698,0.7721,0.5847,0.4084,0.3666,174.1733,169.0773,4.6837,2.3159
52.867,1586,upright,1.1478,1.6481,0.0137,5.6718,1.6343,0.2882,1.6286,1.4414,0.8543,0.4468,0.0826,1.1524,0.8692,0.7743,0.5871,0.4075,0.3642,174.3013,169.0946,4.879,2.3112
52.9,1587,upright,1.148,1.6476,0.0149,5.6643,1.6327,0.2882,1.6275,1.4411,0.8549,0.4453,0.0826,1.152,0.8672,0.7726,0.5862,0.4096,0.3626,174.319,169.1559,4.9992,2.314
52.933,1588,upright,1.1479,1.6473,0.0161,5.6578,1.6312,0.2883,1.6266,1.4408,0.8551,0.4439,0.0827,1.1513,0.8654,0.7715,0.5857,0.4112,0.3612,174.3703,169.1896,5.086,2.3256
52.967,1589,upright,1.1476,1.6468,0.0165,5.6498,1.6303,0.2886,1.6255,1.4403,0.8549,0.4402,0.0827,1.1507,0.8633,0.7706,0.5854,0.4147,0.3575,174.3337,169.1667,5.1066,2.3428
53.0,1590,upright,1.1477,1.6461,0.017,5.6401,1.6292,0.2889,1.6244,1.4402,0.8551,0.4373,0.0828,1.1499,0.8601,0.7693,0.585,0.4178,0.3545,174.4263,169.135,5.1546,2.366
53.033,1591,upright,1.1463,1.6449,0.0173,5.6263,1.6276,0.2893,1.6228,1.4388,0.8539,0.4341,0.0828,1.1484,0.8566,0.7689,0.5849,0.4198,0.3513,174.5201,169.026,5.2198,2.3876
53.067,1592,upright,1.1439,1.6436,0.0177,5.6122,1.6259,0.2897,1.6212,1.4372,0.8506,0.431,0.0829,1.1465,0.8534,0.7706,0.5866,0.4196,0.3481,174.6868,168.9435,5.354,2.4039
53.1,1593,upright,1.1432,1.6418,0.0175,5.5938,1.6244,0.2904,1.6191,1.4362,0.8501,0.4299,0.0829,1.1451,0.8495,0.769,0.5861,0.4202,0.347,174.8077,168.863,5.4958,2.4216
53.133,1594,upright,1.1424,1.6398,0.0175,5.5722,1.6223,0.2911,1.6168,1.435,0.8499,0.43,0.0829,1.1432,0.8464,0.7669,0.5851,0.4199,0.347,174.9161,168.8014,5.664,2.44
53.167,1595,upright,1.1416,1.6379,0.0178,5.5537,1.6202,0.2917,1.6146,1.4335,0.8498,0.4299,0.083,1.1409,0.8424,0.7648,0.5837,0.4198,0.347,174.9133,168.6924,5.7799,2.4594
53.2,1596,upright,1.1409,1.6359,0.0171,5.5338,1.6187,0.2925,1.6118,1.4319,0.8498,0.4298,0.083,1.1379,0.8368,0.762,0.5821,0.42,0.3469,174.8198,168.5464,5.8821,2.48
53.233,1597,upright,1.1394,1.6339,0.0163,5.5149,1.6176,0.2933,1.6093,1.4305,0.8482,0.4288,0.0829,1.1351,0.8324,0.761,0.5822,0.4194,0.3459,174.7731,168.4107,6.0503,2.5031
53.267,1598,upright,1.1375,1.6321,0.0162,5.4974,1.6159,0.2939,1.607,1.4287,0.8463,0.4287,0.0829,1.1327,0.8286,0.7608,0.5824,0.4176,0.3458,174.7445,168.2766,6.2066,2.5255
53.3,1599,upright,1.1356,1.6302,0.0157,5.48,1.6145,0.2946,1.6051,1.4274,0.8438,0.4276,0.0829,1.1304,0.8249,0.7613,0.5836,0.4162,0.3447,174.7294,168.2315,6.4092,2.5457
53.333,1600,upright,1.1342,1.6283,0.0153,5.4625,1.613,0.2953,1.6032,1.4259,0.8425,0.4282,0.0829,1.1285,0.8222,0.7608,0.5834,0.4142,0.3453,174.6563,168.1777,6.57,2.566
53.367,1601,upright,1.1331,1.6274,0.0148,5.4533,1.6126,0.2957,1.6023,1.4244,0.8418,0.4291,0.0829,1.1267,0.82,0.7606,0.5826,0.4126,0.3462,174.49,168.0804,6.758,2.5814
53.4,1602,upright,1.1326,1.6263,0.0146,5.443,1.6117,0.2961,1.6013,1.4235,0.8418,0.4298,0.0829,1.1257,0.8186,0.7595,0.5818,0.412,0.3469,174.305,168.0199,6.9145,2.5898
53.433,1603,upright,1.1317,1.6251,0.0151,5.4301,1.6101,0.2965,1.6001,1.4223,0.8411,0.4299,0.083,1.1247,0.8175,0.759,0.5812,0.4112,0.3469,174.107,167.8856,7.0752,2.5936
53.467,1604,upright,1.1315,1.6241,0.0156,5.4181,1.6085,0.2969,1.5992,1.4212,0.8417,0.4311,0.0831,1.124,0.8172,0.7575,0.5796,0.4106,0.3481,174.0158,167.8307,7.2482,2.592
53.5,1605,upright,1.1313,1.6232,0.0159,5.4084,1.6072,0.2972,1.5982,1.4204,0.8422,0.4333,0.0831,1.1232,0.8175,0.756,0.5782,0.4089,0.3502,173.813,167.7363,7.3963,2.5865
53.533,1606,upright,1.131,1.6227,0.0159,5.4036,1.6069,0.2974,1.5975,1.4193,0.8427,0.4349,0.0831,1.123,0.8185,0.7548,0.5766,0.4078,0.3518,173.6275,167.6952,7.4879,2.5811
53.567,1607,upright,1.1315,1.6224,0.0159,5.3986,1.6064,0.2976,1.5969,1.4189,0.844,0.4371,0.0831,1.1231,0.8202,0.7528,0.5748,0.4069,0.354,173.4062,167.7113,7.5904,2.5756
53.6,1608,upright,1.1305,1.6218,0.016,5.3933,1.6058,0.2977,1.5963,1.4181,0.8428,0.4368,0.0832,1.1219,0.8215,0.7535,0.5754,0.406,0.3536,173.3943,167.6567,7.7285,2.5672
53.633,1609,upright,1.1305,1.6215,0.0158,5.3901,1.6057,0.2979,1.5959,1.4181,0.8429,0.4373,0.0832,1.1221,0.8238,0.7531,0.5752,0.4056,0.3541,173.3742,167.6685,7.8307,2.56
53.667,1610,upright,1.13,1.6208,0.0158,5.3828,1.605,0.2982,1.5951,1.4179,0.842,0.437,0.0832,1.1223,0.8265,0.7531,0.5759,0.405,0.3538,173.4114,167.6924,7.9393,2.5525
53.7,1611,upright,1.1299,1.62,0.0157,5.3735,1.6043,0.2986,1.5942,1.4177,0.8422,0.4372,0.0832,1.1227,0.8294,0.752,0.5754,0.405,0.354,173.3573,167.7333,8.0041,2.5456
53.733,1612,upright,1.1303,1.6195,0.0158,5.3665,1.6037,0.2988,1.5938,1.4175,0.843,0.4378,0.0832,1.1233,0.8319,0.7507,0.5745,0.4053,0.3546,173.2982,167.7644,8.0895,2.5389
53.767,1613,upright,1.1304,1.6187,0.0152,5.3587,1.6035,0.2992,1.5934,1.4174,0.8434,0.4383,0.0832,1.1234,0.8333,0.75,0.5739,0.4051,0.3551,173.2341,167.7861,8.1369,2.5326
53.8,1614,upright,1.1306,1.6184,0.0149,5.355,1.6035,0.2994,1.5935,1.4171,0.844,0.4397,0.0832,1.1243,0.8349,0.7495,0.5731,0.4043,0.3565,173.1439,167.7723,8.1749,2.5281
53.833,1615,upright,1.1298,1.6174,0.0147,5.3466,1.6026,0.2998,1.5927,1.416,0.8435,0.4398,0.0831,1.124,0.8348,0.7491,0.5724,0.4038,0.3567,173.0666,167.7357,8.2287,2.5235
53.867,1616,upright,1.1303,1.6162,0.0149,5.3341,1.6012,0.3002,1.5918,1.4159,0.8448,0.4414,0.0831,1.1244,0.8351,0.747,0.5711,0.4034,0.3582,173.0237,167.7951,8.2641,2.519
53.9,1617,upright,1.1305,1.615,0.0152,5.3228,1.5998,0.3006,1.5907,1.4156,0.8455,0.4418,0.0832,1.1244,0.8349,0.7453,0.5701,0.4036,0.3587,172.9808,167.8335,8.3065,2.5156
53.933,1618,upright,1.131,1.6137,0.0157,5.3096,1.5979,0.301,1.5897,1.4156,0.8464,0.4432,0.0832,1.1246,0.8348,0.7433,0.5693,0.4032,0.36,172.9418,167.9301,8.3366,2.5132
53.967,1619,upright,1.1311,1.6119,0.0156,5.2949,1.5963,0.3015,1.5882,1.4153,0.8469,0.4429,0.0832,1.1243,0.8339,0.7413,0.5684,0.4041,0.3597,172.8727,167.9601,8.3473,2.5128
54.0,1620,upright,1.1306,1.6103,0.0148,5.2828,1.5955,0.302,1.587,1.4146,0.8465,0.4428,0.0831,1.1228,0.8326,0.7404,0.5681,0.4037,0.3597,172.7448,167.8877,8.4012,2.5145
54.033,1621,,1.13,1.6089,0.0145,5.2715,1.5944,0.3025,1.5858,1.414,0.8461,0.4418,0.0831,1.1217,0.8312,0.7397,0.568,0.4043,0.3587,172.681,167.8286,8.4228,2.5184
54.067,1622,,1.1294,1.6072,0.0144,5.257,1.5929,0.303,1.5846,1.4134,0.8453,0.4407,0.0831,1.1211,0.8299,0.7393,0.5681,0.4047,0.3576,172.6203,167.795,8.4726,2.5214
54.1,1623,,1.1289,1.6061,0.0141,5.2471,1.592,0.3034,1.5837,1.4131,0.8447,0.4388,0.083,1.1202,0.8276,0.739,0.5684,0.4059,0.3558,172.5969,167.8022,8.512,2.523
54.133,1624,,1.1281,1.6054,0.0139,5.2418,1.5915,0.3036,1.5829,1.4126,0.8435,0.4368,0.083,1.1188,0.824,0.7394,0.5691,0.4067,0.3538,172.571,167.8355,8.5783,2.5234
54.167,1625,,1.1271,1.6049,0.0135,5.2373,1.5914,0.3039,1.5823,1.4124,0.8419,0.4338,0.083,1.1176,0.8216,0.7403,0.5704,0.4081,0.3509,172.5871,167.8561,8.6474,2.5247
54.2,1626,,1.1266,1.6047,0.0129,5.2358,1.5918,0.304,1.582,1.4123,0.8409,0.4328,0.0829,1.1168,0.82,0.7411,0.5714,0.4081,0.3499,172.4374,167.8882,8.693,2.5263
54.233,1627,,1.1267,1.6039,0.0123,5.2298,1.5916,0.3043,1.5812,1.4123,0.841,0.4338,0.0829,1.1163,0.8179,0.7402,0.5713,0.4072,0.3509,172.168,167.9602,8.7447,2.5234
54.267,1628,,1.1265,1.6038,0.0114,5.2293,1.5924,0.3045,1.5809,1.4123,0.8408,0.4344,0.0828,1.1159,0.8163,0.7401,0.5715,0.4064,0.3516,171.9596,167.9939,8.824,2.522
54.3,1629,,1.1269,1.604,0.0109,5.2304,1.5931,0.3046,1.581,1.4128,0.841,0.4343,0.0827,1.1162,0.8149,0.74,0.5717,0.4068,0.3515,171.8135,168.0742,8.911,2.5189
54.333,1630,,1.1266,1.6037,0.0103,5.229,1.5934,0.3047,1.5804,1.4127,0.8405,0.4336,0.0827,1.1155,0.813,0.7399,0.5722,0.4069,0.3509,171.6595,168.1288,8.9808,2.5133
54.367,1631,,1.1264,1.6036,0.01,5.2288,1.5935,0.3048,1.5802,1.4126,0.8403,0.4335,0.0826,1.1149,0.8115,0.7399,0.5723,0.4067,0.3509,171.4552,168.1647,9.0598,2.5092
54.4,1632,,1.1274,1.6034,0.0092,5.2248,1.5942,0.3051,1.58,1.4133,0.8414,0.4335,0.0826,1.1155,0.8114,0.7385,0.5719,0.408,0.3509,171.2668,168.0904,9.1202,2.5079
54.433,1633,,1.1288,1.603,0.0084,5.2196,1.5946,0.3055,1.5797,1.4141,0.8435,0.4343,0.0825,1.1161,0.8113,0.7362,0.5705,0.4092,0.3518,171.1497,168.0326,9.1906,2.5063
54.467,1634,,1.1296,1.6029,0.0076,5.2166,1.5953,0.3058,1.5795,1.4149,0.8444,0.4347,0.0825,1.117,0.812,0.7351,0.5705,0.4097,0.3523,171.1112,168.0021,9.247,2.5066
54.5,1635,,1.1298,1.6018,0.0073,5.2058,1.5944,0.3063,1.5785,1.4151,0.8445,0.4346,0.0825,1.117,0.8124,0.7339,0.5706,0.4099,0.3521,170.9914,167.9219,9.292,2.5047
54.533,1636,,1.1299,1.6009,0.0071,5.1992,1.5938,0.3065,1.5777,1.4151,0.8448,0.435,0.0824,1.1172,0.8122,0.733,0.5704,0.4098,0.3525,170.9644,167.8659,9.3572,2.5038
54.567,1637,,1.1305,1.6,0.0073,5.1915,1.5927,0.3068,1.5767,1.4149,0.8461,0.4368,0.0824,1.1172,0.8121,0.7307,0.5689,0.4093,0.3543,171.0239,167.8457,9.4102,2.5041
54.6,1638,,1.1305,1.5987,0.0074,5.1799,1.5913,0.3072,1.5754,1.415,0.846,0.4372,0.0824,1.1174,0.8125,0.7294,0.569,0.4088,0.3547,171.0615,167.8299,9.4344,2.505
54.633,1639,,1.1309,1.5969,0.0078,5.1627,1.5891,0.3078,1.5735,1.4145,0.8473,0.4388,0.0824,1.1176,0.813,0.7262,0.5672,0.4085,0.3563,171.1661,167.8252,9.4062,2.5056
54.667,1640,,1.1314,1.594,0.0079,5.1358,1.586,0.3088,1.5707,1.4141,0.8488,0.4398,0.0824,1.1177,0.8135,0.7219,0.5652,0.4091,0.3573,171.2207,167.8467,9.3186,2.506
54.7,1641,,1.1314,1.5896,0.0072,5.0972,1.5824,0.3104,1.5666,1.4125,0.8503,0.4411,0.0824,1.1169,0.8134,0.7163,0.5622,0.4092,0.3587,171.1597,167.7596,9.2761,2.504
54.733,1642,,1.1308,1.5848,0.0059,5.0552,1.5789,0.3123,1.5618,1.4101,0.8515,0.4412,0.0823,1.1157,0.8128,0.7103,0.5586,0.4103,0.3589,171.0218,167.6598,9.2638,2.5049
54.767,1643,,1.1294,1.5791,0.0046,5.0058,1.5745,0.3145,1.5551,1.406,0.8529,0.4409,0.0822,1.1129,0.8108,0.7022,0.5531,0.412,0.3586,170.8132,167.4925,9.3236,2.5065
54.8,1644,,1.1265,1.5458,0.0028,4.7263,1.5429,0.3265,1.5377,1.3995,0.8536,0.4391,0.0821,1.109,0.8093,0.6841,0.546,0.4145,0.3569,170.4355,167.0776,9.3662,2.4496
54.833,1645,,1.1229,1.5587,0.0005,4.8345,1.5582,0.3223,1.5327,1.3925,0.8532,0.4363,0.082,1.1049,0.8085,0.6795,0.5393,0.417,0.3542,170.2123,166.5519,9.4323,2.4891
54.867,1646,,1.1189,1.5434,-0.0008,4.7075,1.5441,0.328,1.5158,1.3848,0.853,0.4336,0.082,1.1007,0.807,0.6628,0.5318,0.4194,0.3516,169.5523,165.7742,9.5586,2.459
54.9,1647,,1.1123,1.5241,-0.0023,4.556,1.5264,0.335,1.4952,1.3742,0.8504,0.4288,0.082,1.0937,0.8038,0.6449,0.5239,0.4216,0.3468,168.6023,164.9023,9.6526,2.411
54.933,1648,,1.105,1.5033,-0.0031,4.3964,1.5063,0.3426,1.4726,1.3615,0.8484,0.4265,0.082,1.0858,0.8009,0.6242,0.5131,0.4219,0.3445,167.4986,163.9599,9.855,2.3386
54.967,1649,,1.095,1.4851,-0.0056,4.261,1.4907,0.3499,1.452,1.3469,0.8431,0.4241,0.0819,1.0775,0.8005,0.6089,0.5038,0.419,0.3421,166.3505,162.9728,10.0726,2.2382
55.0,1650,,1.0805,1.4608,-0.0068,4.0873,1.4676,0.3591,1.4268,1.3304,0.8305,0.4159,0.082,1.0696,0.8011,0.5963,0.4999,0.4147,0.3339,165.3431,161.9584,10.0939,2.0952
55.033,1651,,1.0623,1.4376,-0.0054,3.927,1.4429,0.3674,1.4025,1.3084,0.8162,0.4097,0.0822,1.0593,0.8006,0.5863,0.4922,0.4065,0.3275,163.3587,160.6587,10.1798,1.9483
55.067,1652,,1.042,1.4067,-0.0007,3.7244,1.4075,0.3779,1.3716,1.2831,0.8008,0.4035,0.0826,1.0478,0.799,0.5708,0.4823,0.3974,0.3208,160.6977,159.1241,10.2464,1.8023
55.1,1653,,1.0204,1.3661,0.0055,3.4793,1.3606,0.3911,1.333,1.2562,0.7845,0.3986,0.0831,1.0302,0.7883,0.5485,0.4717,0.386,0.3155,157.7242,157.5116,10.1387,1.6514
55.133,1654,,0.9998,1.3125,0.0065,3.1905,1.3059,0.4093,1.2829,1.2284,0.7711,0.3923,0.0833,1.0109,0.7743,0.5118,0.4573,0.3788,0.309,155.6005,156.2272,10.1288,1.4997
55.167,1655,,0.9796,1.2852,0.0071,3.0583,1.2781,0.4179,1.2365,1.1995,0.7597,0.388,0.0834,0.9874,0.7556,0.4768,0.4398,0.3716,0.3046,153.8171,154.9096,10.3374,1.4059
55.2,1656,,0.9517,1.2514,0.0088,2.9001,1.2425,0.4284,1.1638,1.1567,0.7466,0.3788,0.0836,0.9605,0.7324,0.4172,0.4101,0.3678,0.2952,152.4799,153.5137,10.4696,1.316
55.233,1657,,0.9197,1.2093,0.0118,2.7126,1.1975,0.4415,1.1035,1.1083,0.7311,0.3656,0.0839,0.9331,0.711,0.3724,0.3772,0.3655,0.2817,151.8533,152.4056,10.2935,1.235
55.267,1658,,0.8798,1.1575,0.0133,2.4979,1.1442,0.4581,1.0456,1.0517,0.7078,0.352,0.0841,0.9057,0.6846,0.3378,0.3439,0.3558,0.2679,151.451,150.6722,10.5779,1.157
55.3,1659,,0.8451,1.1299,0.0133,2.4101,1.1166,0.4633,0.9935,1.0016,0.6887,0.3445,0.0841,0.878,0.6587,0.3048,0.3129,0.3442,0.2604,151.7856,148.4871,11.1709,1.1174
55.333,1660,,0.8157,1.115,0.0107,2.3556,1.1043,0.4688,0.9302,0.9594,0.672,0.3366,0.0841,0.8442,0.6302,0.2582,0.2873,0.3354,0.2525,151.9829,146.6898,11.9509,1.0731
55.367,1661,,0.7848,1.0917,0.01,2.2902,1.0817,0.4723,0.8662,0.9144,0.6552,0.328,0.0841,0.8064,0.6033,0.211,0.2592,0.3273,0.2439,150.2535,144.3688,13.4207,1.0198
55.4,1662,,0.7498,1.0623,0.011,2.2934,1.0513,0.4584,0.8005,0.86,0.6396,0.316,0.0842,0.7711,0.5779,0.1609,0.2203,0.3236,0.2318,148.6885,140.6782,16.0176,0.9682
55.433,1663,,0.7183,1.0237,0.011,2.2944,1.0127,0.4414,0.7534,0.8085,0.6281,0.3076,0.0843,0.7252,0.5516,0.1253,0.1804,0.3205,0.2233,147.7267,134.6598,20.9573,0.944
55.467,1664,,0.6892,1.0042,0.0109,2.2789,0.9933,0.4359,0.7007,0.7718,0.6066,0.3027,0.0843,0.6881,0.5279,0.0941,0.1652,0.304,0.2184,146.2573,130.8005,24.5788,0.9265
55.5,1665,,0.661,0.9804,0.0096,2.2469,0.9707,0.432,0.6509,0.7441,0.5778,0.2995,0.0842,0.65,0.5035,0.0731,0.1662,0.2784,0.2153,143.371,128.5366,25.1026,0.9152
55.533,1666,,0.6366,0.958,0.0026,2.2061,0.9554,0.4331,0.6034,0.7131,0.56,0.2976,0.0838,0.6189,0.4888,0.0434,0.1531,0.2624,0.2138,140.7159,124.2364,28.7196,0.8909
55.567,1667,,0.611,0.9387,-0.0052,2.1642,0.9439,0.4361,0.5601,0.6865,0.5355,0.2963,0.0834,0.5902,0.4816,0.0245,0.1509,0.2392,0.2129,136.6633,122.0816,31.577,0.8599
55.6,1668,,0.6018,0.9294,-0.011,2.1402,0.9404,0.4394,0.5251,0.6718,0.5317,0.3009,0.0829,0.57,0.4797,-0.0066,0.1401,0.2309,0.218,136.0576,124.2776,36.9821,0.8443
55.633,1669,,0.5909,0.9221,-0.0157,2.1275,0.9378,0.4408,0.4902,0.6468,0.5351,0.3013,0.0825,0.5473,0.4723,-0.0449,0.1117,0.2338,0.2187,135.6812,123.6539,48.0462,0.8453
55.667,1670,,0.5722,0.914,-0.0218,2.1121,0.9358,0.4431,0.4427,0.6107,0.5337,0.2943,0.0821,0.5283,0.4606,-0.091,0.077,0.2394,0.2122,136.1353,126.2043,67.6419,0.8603
55.7,1671,,0.5599,0.9047,-0.0273,2.0842,0.932,0.4472,0.4078,0.5921,0.5277,0.2845,0.0817,0.5139,0.4506,-0.1199,0.0644,0.2432,0.2028,136.5788,132.4208,77.8075,0.8786
55.733,1672,,0.543,0.8913,-0.0266,2.0407,0.9179,0.4498,0.3913,0.576,0.5099,0.2793,0.0817,0.504,0.4414,-0.1185,0.0662,0.2305,0.1976,135.6556,133.936,81.2513,0.8934
55.767,1673,,0.5315,0.8706,-0.0341,1.9634,0.9046,0.4607,0.4069,0.5811,0.482,0.2811,0.081,0.5057,0.4336,-0.0751,0.0991,0.2008,0.2001,132.4529,136.5503,76.3122,0.9059
55.8,1674,,0.5251,0.8323,-0.0386,1.8545,0.8709,0.4696,0.4292,0.5962,0.454,0.2813,0.0805,0.5039,0.4143,-0.0248,0.1422,0.1727,0.2009,127.7566,139.7194,69.4577,0.9141
55.833,1675,,0.5323,0.7848,-0.0439,1.7142,0.8287,0.4835,0.4768,0.6238,0.4408,0.2821,0.0796,0.5078,0.3923,0.0359,0.183,0.1588,0.2025,125.7973,144.1155,63.7358,0.932
55.867,1676,,0.533,0.7448,-0.0409,1.5548,0.7856,0.5053,0.503,0.6318,0.4343,0.3107,0.0784,0.4949,0.3577,0.0688,0.1975,0.1235,0.2323,130.6594,141.0488,61.1253,0.8884
55.9,1677,,0.5475,0.7679,-0.0447,1.3648,0.8127,0.5954,0.5825,0.6531,0.4418,0.3318,0.0764,0.5021,0.3349,0.1406,0.2113,0.11,0.2554,128.5093,144.0709,61.4512,0.9797
55.933,1678,,0.5534,0.7793,-0.0542,1.3762,0.8335,0.6057,0.6643,0.6609,0.4459,0.3493,0.0743,0.5251,0.3283,0.2184,0.215,0.0966,0.2751,127.9139,145.6115,62.0333,1.0158
55.967,1679,,0.5579,0.7893,-0.0641,1.4151,0.8533,0.603,0.7087,0.6722,0.4436,0.3584,0.0725,0.545,0.3673,0.2651,0.2286,0.0852,0.286,126.5927,147.2633,60.6242,1.0191
56.0,1680,,0.565,0.827,-0.0782,1.5531,0.9052,0.5828,0.7872,0.6947,0.4353,0.3636,0.0709,0.5689,0.4113,0.3518,0.2594,0.0717,0.2927,129.9281,151.404,58.2669,0.9534
56.033,1681,,0.5792,0.8612,-0.0907,1.6402,0.9518,0.5803,0.8183,0.7222,0.4361,0.3774,0.0699,0.6115,0.4575,0.3822,0.2861,0.0587,0.3075,127.3088,146.4195,54.501,0.932
56.067,1682,,0.5935,0.9236,-0.1091,1.8195,1.0327,0.5676,0.8494,0.7508,0.4363,0.3938,0.0684,0.6608,0.5251,0.4131,0.3145,0.0424,0.3255,124.4463,138.6656,51.2608,0.908
56.1,1683,,0.6014,1.0288,-0.125,2.129,1.1538,0.542,0.8796,0.7733,0.4294,0.3935,0.0672,0.7029,0.5957,0.4502,0.3439,0.0359,0.3263,123.4464,132.62,48.548,0.8813
56.133,1684,,0.6174,1.1171,-0.1502,2.4127,1.2673,0.5252,0.907,0.7955,0.4393,0.3845,0.0649,0.7441,0.6559,0.4677,0.3562,0.0548,0.3196,125.7119,132.5546,47.5983,0.9241
56.167,1685,,0.629,1.1659,-0.1645,2.5817,1.3304,0.5153,0.9147,0.8129,0.4452,0.3748,0.064,0.7803,0.6947,0.4696,0.3677,0.0704,0.3107,122.644,132.0375,46.828,0.9097
56.2,1686,,0.6406,1.1981,-0.1898,2.6923,1.3878,0.5155,0.9221,0.8268,0.4543,0.3731,0.06,0.8081,0.7223,0.4678,0.3725,0.0812,0.3132,123.2727,131.7965,46.6203,0.951
56.233,1687,,0.6575,1.2105,-0.2313,2.7371,1.4418,0.5267,0.9348,0.8431,0.4719,0.3852,0.053,0.8336,0.7453,0.4629,0.3713,0.0866,0.3323,125.7927,131.6714,47.0332,0.9919
56.267,1688,,0.6684,1.2158,-0.2688,2.7591,1.4846,0.5381,0.9428,0.8508,0.4859,0.3933,0.046,0.8492,0.7621,0.4569,0.3648,0.0927,0.3472,128.6665,132.8631,48.4971,0.9991
56.3,1689,,0.6667,1.1996,-0.2943,2.7177,1.4939,0.5497,0.9343,0.8463,0.4871,0.3948,0.0411,0.846,0.7587,0.4472,0.3591,0.0924,0.3537,129.3134,134.7593,50.8599,0.9867
56.333,1690,,0.6416,1.1657,-0.2909,2.6142,1.4566,0.5572,0.9017,0.8213,0.4619,0.3764,0.041,0.8132,0.7341,0.4398,0.3593,0.0856,0.3354,130.2371,136.1045,53.5057,0.964
56.367,1691,,0.6211,1.1216,-0.2852,2.4749,1.4068,0.5684,0.8728,0.799,0.4432,0.3644,0.0418,0.7597,0.7044,0.4296,0.3558,0.0789,0.3226,131.7667,138.3564,56.3872,0.9354
56.4,1692,,0.6201,1.064,-0.2778,2.2924,1.3418,0.5853,0.8574,0.7934,0.4468,0.3625,0.0434,0.7042,0.6742,0.4106,0.3466,0.0843,0.3191,134.507,141.2384,58.7785,0.8748
56.433,1693,,0.6168,0.9711,-0.2723,2.02,1.2434,0.6156,0.8545,0.7858,0.4477,0.3605,0.0443,0.6617,0.6259,0.4068,0.3381,0.0872,0.3161,136.9188,143.4175,61.0035,0.7924
56.467,1694,,0.6105,0.8899,-0.2659,1.8173,1.1559,0.6361,0.8327,0.7771,0.4438,0.3613,0.0453,0.6336,0.584,0.3889,0.3334,0.0824,0.3161,137.6302,144.6628,62.4783,0.7242
56.5,1695,,0.6026,0.8403,-0.2714,1.8019,1.1117,0.6169,0.8222,0.7682,0.4371,0.3651,0.0439,0.6081,0.5423,0.3851,0.3311,0.072,0.3212,137.3213,144.0053,63.2212,0.6694
56.533,1696,,0.5953,0.8792,-0.2804,1.8736,1.1596,0.6189,0.8311,0.759,0.4316,0.3688,0.0418,0.5834,0.4684,0.3995,0.3274,0.0628,0.327,136.9856,142.624,64.1196,0.6144
56.567,1697,,0.585,0.8672,-0.2968,1.862,1.164,0.6252,0.8231,0.7454,0.4247,0.3726,0.0379,0.5614,0.4289,0.3984,0.3207,0.0521,0.3347,135.3601,140.0558,65.3926,0.612
56.6,1698,,0.567,0.8463,-0.3314,1.8481,1.1778,0.6373,0.8066,0.7236,0.4104,0.3667,0.0301,0.5391,0.4158,0.3961,0.3132,0.0437,0.3366,133.9807,138.0281,67.0141,0.6179
56.633,1699,,0.5413,0.819,-0.377,1.8359,1.196,0.6515,0.7816,0.6934,0.3892,0.3544,0.0198,0.5038,0.3796,0.3924,0.3042,0.0349,0.3346,131.7114,135.2499,68.3187,0.6313
56.667,1700,,0.526,0.8001,-0.418,1.8295,1.2181,0.6658,0.7643,0.6715,0.3804,0.3546,0.0101,0.4804,0.3423,0.3838,0.291,0.0259,0.3444,127.6238,132.2513,69.398,0.6713
56.7,1701,,0.5036,0.7785,-0.4689,1.834,1.2473,0.6801,0.7418,0.6446,0.3627,0.3478,-0.0023,0.4499,0.3044,0.3791,0.2818,0.0149,0.35,122.9102,128.7467,70.1114,0.7155
56.733,1702,,0.4866,0.7645,-0.5081,1.8335,1.2726,0.6941,0.7294,0.6238,0.3494,0.3571,-0.0127,0.4264,0.289,0.38,0.2744,-0.0077,0.3698,117.9976,125.0878,70.2672,0.7577
56.767,1703,,0.4786,0.7639,-0.539,1.842,1.3029,0.7073,0.7266,0.6144,0.3429,0.3923,-0.022,0.4177,0.2891,0.3837,0.2716,-0.0494,0.4143,111.9607,122.8388,69.8014,0.8197
56.8,1704,,0.4577,0.7473,-0.5582,1.8292,1.3056,0.7137,0.712,0.5917,0.3236,0.3982,-0.0273,0.3926,0.2838,0.3884,0.268,-0.0746,0.4255,106.9949,122.7315,69.6473,0.8426
56.833,1705,,0.4475,0.7378,-0.5699,1.82,1.3078,0.7186,0.7031,0.5766,0.3184,0.402,-0.0309,0.3837,0.2913,0.3847,0.2582,-0.0836,0.4329,103.8212,122.4368,70.329,0.8634
56.867,1706,,0.4471,0.7409,-0.57,1.817,1.3108,0.7214,0.7022,0.5723,0.3219,0.4038,-0.0308,0.3849,0.3094,0.3803,0.2505,-0.0819,0.4346,102.4221,121.1062,70.7266,0.8764
56.9,1707,,0.4409,0.7398,-0.587,1.8179,1.3268,0.7299,0.6963,0.5619,0.3198,0.4001,-0.0361,0.3792,0.3205,0.3765,0.2421,-0.0803,0.4362,103.7773,119.3682,71.8711,0.8869
56.933,1708,,0.4267,0.7314,-0.6104,1.8203,1.3417,0.7371,0.6838,0.5454,0.3081,0.3798,-0.0433,0.3711,0.3281,0.3757,0.2373,-0.0717,0.4231,106.8593,117.311,73.0122,0.8932
56.967,1709,,0.4153,0.7205,-0.6369,1.8287,1.3575,0.7423,0.672,0.5299,0.3006,0.3674,-0.0514,0.3713,0.3429,0.3714,0.2293,-0.0668,0.4189,109.7517,115.5224,74.1434,0.8979
57.0,1710,on_ground,0.4058,0.7171,-0.655,1.8315,1.372,0.7491,0.6636,0.5201,0.2915,0.3585,-0.0572,0.3738,0.3564,0.3721,0.2286,-0.0671,0.4158,111.5536,114.3492,74.3472,0.9054
57.033,1711,on_ground,0.4014,0.7164,-0.6615,1.8334,1.378,0.7516,0.6579,0.5163,0.2864,0.3542,-0.0594,0.3817,0.3679,0.3715,0.2299,-0.0678,0.4136,112.6434,113.42,74.2266,0.9044
57.067,1712,on_ground,0.4057,0.7159,-0.6573,1.8309,1.3732,0.75,0.6577,0.5191,0.2922,0.356,-0.058,0.393,0.3949,0.3654,0.2269,-0.0637,0.414,112.2023,111.5233,74.704,0.9007
57.1,1713,on_ground,0.4057,0.7149,-0.6624,1.8369,1.3773,0.7498,0.6549,0.5172,0.2942,0.3566,-0.0595,0.3923,0.4061,0.3608,0.223,-0.0625,0.4161,111.9743,109.9015,75.5403,0.8981
57.133,1714,on_ground,0.4105,0.7191,-0.6617,1.8441,1.3808,0.7488,0.66,0.5213,0.2997,0.3588,-0.059,0.3942,0.4232,0.3603,0.2216,-0.0591,0.4178,111.8,109.676,75.7825,0.8913
57.167,1715,on_ground,0.4091,0.7202,-0.6783,1.8589,1.3985,0.7523,0.6603,0.5203,0.2978,0.3545,-0.0642,0.3978,0.433,0.3625,0.2225,-0.0567,0.4187,112.633,109.0337,75.5986,0.8806
57.2,1716,on_ground,0.4044,0.7174,-0.6841,1.8571,1.4015,0.7547,0.6614,0.5169,0.292,0.3493,-0.0662,0.3887,0.4277,0.3694,0.2249,-0.0573,0.4155,113.8314,109.9588,75.2816,0.8676
57.233,1717,on_ground,0.4001,0.7151,-0.7,1.8675,1.4151,0.7578,0.6606,0.5126,0.2875,0.3409,-0.0713,0.3842,0.4301,0.3731,0.2251,-0.0534,0.4122,115.4249,109.9606,75.3417,0.8595
57.267,1718,on_ground,0.3944,0.7123,-0.7193,1.8759,1.4316,0.7632,0.6563,0.5068,0.282,0.3331,-0.0775,0.3807,0.4323,0.3742,0.2248,-0.0511,0.4106,116.7535,110.3195,75.3932,0.8568
57.3,1719,on_ground,0.387,0.706,-0.7367,1.88,1.4426,0.7673,0.6501,0.4997,0.2742,0.3252,-0.083,0.3725,0.4288,0.3759,0.2255,-0.051,0.4083,117.7696,110.82,75.4361,0.8538
57.333,1720,on_ground,0.3857,0.7055,-0.7398,1.8808,1.4452,0.7684,0.6494,0.4979,0.2734,0.3253,-0.0841,0.3691,0.4303,0.376,0.2245,-0.0519,0.4094,117.9222,111.6162,75.5519,0.8478
57.367,1721,on_ground,0.3881,0.7087,-0.7426,1.8872,1.4513,0.769,0.6517,0.5008,0.2754,0.3297,-0.0851,0.3745,0.4416,0.3763,0.2254,-0.0543,0.4148,117.6263,112.6871,75.3773,0.8464
57.4,1722,on_ground,0.3901,0.713,-0.74,1.8917,1.453,0.7681,0.6552,0.5039,0.2762,0.3341,-0.0843,0.3783,0.451,0.3789,0.2276,-0.0579,0.4184,116.9917,113.5103,75.1274,0.8414
57.433,1723,on_ground,0.3889,0.7144,-0.7363,1.8911,1.4507,0.7671,0.6562,0.5042,0.2736,0.3325,-0.0831,0.3806,0.4534,0.3827,0.2306,-0.0589,0.4156,117.2394,113.7989,74.9755,0.8333
57.467,1724,on_ground,0.3897,0.7134,-0.7294,1.8824,1.4428,0.7665,0.6585,0.5057,0.2736,0.3342,-0.081,0.3825,0.4561,0.3849,0.2322,-0.0607,0.4152,117.2366,114.29,75.0016,0.8256
57.5,1725,on_ground,0.3931,0.7151,-0.7194,1.881,1.4345,0.7626,0.6641,0.5104,0.2757,0.3372,-0.078,0.39,0.4683,0.3884,0.2347,-0.0614,0.4151,117.425,114.9012,74.7263,0.8201
57.533,1726,on_ground,0.4133,0.7277,-0.6877,1.8795,1.4154,0.7531,0.6811,0.5291,0.2974,0.3586,-0.068,0.4094,0.4882,0.3837,0.2317,-0.0611,0.4265,115.7385,114.5841,75.1706,0.8134
57.567,1727,on_ground,0.4356,0.7429,-0.6508,1.8791,1.3937,0.7417,0.7011,0.5502,0.3211,0.3818,-0.0565,0.4271,0.5017,0.38,0.2292,-0.0608,0.4384,113.4868,114.8408,75.5221,0.8048
57.6,1728,on_ground,0.4684,0.7661,-0.5997,1.885,1.3658,0.7246,0.7326,0.5828,0.3541,0.4103,-0.041,0.4579,0.5267,0.3785,0.2287,-0.0563,0.4513,110.6485,114.4174,75.8504,0.7935
57.633,1729,on_ground,0.495,0.7953,-0.5631,1.9019,1.3584,0.7142,0.7619,0.6122,0.3777,0.4246,-0.0301,0.4767,0.5475,0.3842,0.2345,-0.0469,0.4546,109.0357,114.5902,75.2821,0.7821
57.667,1730,on_ground,0.5097,0.8107,-0.5381,1.9047,1.3488,0.7081,0.7774,0.6255,0.3939,0.4271,-0.0231,0.4897,0.5637,0.3834,0.2316,-0.0332,0.4502,111.1185,116.1555,75.9824,0.7658
57.7,1731,on_ground,0.5402,0.8388,-0.4909,1.9082,1.3297,0.6968,0.8057,0.655,0.4255,0.4439,-0.0102,0.5208,0.598,0.3802,0.2295,-0.0184,0.4541,112.9183,118.5125,76.3744,0.7453
57.733,1732,on_ground,0.5648,0.8644,-0.4554,1.9165,1.3198,0.6886,0.832,0.6832,0.4465,0.4577,-0.001,0.5478,0.629,0.3855,0.2367,-0.0112,0.4587,114.2003,122.7279,75.7312,0.7273
57.767,1733,on_ground,0.5906,0.8886,-0.4196,1.9226,1.3081,0.6804,0.8568,0.7102,0.471,0.4671,0.0078,0.5795,0.6595,0.3858,0.2392,0.0039,0.4593,117.3336,128.426,75.5594,0.704
57.8,1734,on_ground,0.6131,0.9081,-0.3871,1.9217,1.2952,0.674,0.877,0.7326,0.4936,0.4725,0.0155,0.6046,0.6816,0.3833,0.239,0.0211,0.4571,121.1145,134.3326,75.6941,0.6803
57.833,1735,on_ground,0.6263,0.9228,-0.3633,1.9201,1.2861,0.6698,0.8922,0.7489,0.5036,0.4803,0.0209,0.618,0.6969,0.3886,0.2452,0.0233,0.4595,122.7251,137.7761,75.1956,0.6632
57.867,1736,on_ground,0.6295,0.9297,-0.3501,1.919,1.2797,0.6669,0.8991,0.7557,0.5034,0.4835,0.0238,0.6262,0.7041,0.3957,0.2522,0.0199,0.4597,122.8801,138.8222,74.8277,0.6518
57.9,1737,on_ground,0.6285,0.9316,-0.3462,1.9191,1.2778,0.6658,0.9008,0.7569,0.5001,0.4859,0.0247,0.6301,0.7108,0.4007,0.2568,0.0142,0.4612,122.1724,138.8978,74.6045,0.6448
57.933,1738,on_ground,0.6273,0.9333,-0.3454,1.9229,1.2787,0.665,0.9021,0.7571,0.4975,0.4871,0.0249,0.6337,0.7156,0.4046,0.2595,0.0104,0.4623,121.4486,138.445,74.4874,0.6401
57.967,1739,on_ground,0.625,0.9334,-0.3451,1.9234,1.2785,0.6647,0.902,0.7567,0.4933,0.4846,0.025,0.6373,0.718,0.4087,0.2634,0.0087,0.4596,121.006,137.7522,74.1962,0.6366
58.0,1740,on_ground,0.6216,0.9327,-0.3457,1.9221,1.2784,0.6651,0.9013,0.7555,0.4878,0.4827,0.0249,0.6399,0.7211,0.4135,0.2676,0.0051,0.4578,120.5251,137.4072,74.0487,0.6345
58.033,1741,on_ground,0.6208,0.9344,-0.3448,1.9236,1.2792,0.665,0.9029,0.7566,0.485,0.4806,0.0251,0.6437,0.7237,0.418,0.2717,0.0044,0.4555,120.4598,137.1112,73.8325,0.6333
58.067,1742,on_ground,0.6194,0.9363,-0.3437,1.9249,1.28,0.665,0.9046,0.7571,0.4817,0.4785,0.0253,0.6459,0.7234,0.4229,0.2754,0.0032,0.4533,120.0612,137.1089,73.623,0.6335
58.1,1743,on_ground,0.6228,0.9407,-0.3368,1.9258,1.2776,0.6634,0.9091,0.7608,0.4848,0.4811,0.0268,0.6507,0.7252,0.4243,0.276,0.0037,0.4543,119.8639,137.4132,73.5692,0.6322
58.133,1744,on_ground,0.6271,0.945,-0.3292,1.9261,1.2741,0.6615,0.9135,0.7655,0.4887,0.4825,0.0285,0.6564,0.7286,0.4247,0.2768,0.0063,0.454,119.8661,137.6974,73.6101,0.6312
58.167,1745,on_ground,0.6301,0.9472,-0.3243,1.9258,1.2715,0.6603,0.9158,0.7684,0.4918,0.4841,0.0296,0.6595,0.7298,0.4241,0.2766,0.0077,0.4546,119.9425,137.9947,73.7581,0.6296
58.2,1746,on_ground,0.6314,0.9475,-0.3216,1.9238,1.2691,0.6597,0.9165,0.7697,0.4931,0.4841,0.0301,0.6634,0.7309,0.4234,0.2766,0.009,0.454,120.2051,138.2761,73.9657,0.6282
58.233,1747,on_ground,0.633,0.9476,-0.3184,1.9202,1.266,0.6593,0.9168,0.771,0.495,0.4862,0.0308,0.6681,0.7354,0.4218,0.276,0.0088,0.4554,120.2882,138.5426,74.1099,0.6259
58.267,1748,on_ground,0.6335,0.9475,-0.3166,1.9184,1.2641,0.6589,0.9167,0.7708,0.4961,0.4864,0.0312,0.6742,0.7491,0.4206,0.2748,0.0097,0.4552,120.3583,138.6194,74.3396,0.6238
58.3,1749,on_ground,0.6339,0.9468,-0.3155,1.9155,1.2622,0.659,0.9161,0.7707,0.4971,0.486,0.0315,0.6788,0.7588,0.419,0.2736,0.0111,0.4546,120.4398,138.6541,74.5533,0.622
58.333,1750,on_ground,0.6343,0.946,-0.3159,1.9142,1.2619,0.6592,0.9155,0.7706,0.498,0.485,0.0314,0.6845,0.7659,0.4175,0.2726,0.013,0.4536,120.6361,138.6307,74.6998,0.6207
58.367,1751,on_ground,0.6327,0.9452,-0.3178,1.914,1.263,0.6599,0.9146,0.7689,0.4964,0.4832,0.031,0.6811,0.7573,0.4182,0.2725,0.0132,0.4522,120.7006,138.6321,74.7517,0.6202
58.4,1752,on_ground,0.6303,0.9444,-0.3182,1.9132,1.2626,0.66,0.9138,0.7673,0.4932,0.4822,0.0309,0.677,0.7516,0.4206,0.2741,0.011,0.4514,120.4503,138.6768,74.6293,0.6198
58.433,1753,on_ground,0.6285,0.9436,-0.3208,1.914,1.2643,0.6606,0.9128,0.7659,0.4912,0.48,0.0303,0.6744,0.7487,0.4217,0.2748,0.0111,0.4497,120.574,138.8038,74.5078,0.62
58.467,1754,on_ground,0.6273,0.943,-0.3222,1.9144,1.2652,0.6609,0.9121,0.7651,0.4895,0.479,0.03,0.6726,0.7455,0.4226,0.2756,0.0105,0.449,120.6191,138.7486,74.4271,0.6203
58.5,1755,on_ground,0.6269,0.9434,-0.325,1.9176,1.2684,0.6614,0.9124,0.7653,0.4886,0.4776,0.0294,0.6745,0.7494,0.4238,0.2767,0.011,0.4482,120.6434,138.7212,74.3039,0.6214
58.533,1756,on_ground,0.6259,0.9435,-0.3255,1.9185,1.269,0.6614,0.9123,0.7647,0.4871,0.4758,0.0293,0.673,0.7473,0.4252,0.2776,0.0113,0.4465,120.6514,138.655,74.1867,0.6217
58.567,1757,on_ground,0.6267,0.9432,-0.3264,1.9183,1.2696,0.6618,0.9121,0.7655,0.488,0.4752,0.0291,0.6772,0.7547,0.4241,0.2775,0.0128,0.4461,120.8101,138.7909,74.1684,0.6215
58.6,1758,on_ground,0.6279,0.944,-0.3257,1.9195,1.2697,0.6615,0.9131,0.7666,0.4891,0.4766,0.0292,0.6786,0.7562,0.424,0.2775,0.0125,0.4474,120.7548,138.8906,74.1415,0.6209
58.633,1759,on_ground,0.629,0.9438,-0.3243,1.9181,1.2682,0.6612,0.9129,0.7675,0.4906,0.4775,0.0295,0.684,0.766,0.4224,0.2769,0.0131,0.448,120.8773,138.9685,74.1989,0.6201
58.667,1760,on_ground,0.6292,0.9432,-0.3246,1.9168,1.2678,0.6614,0.9124,0.7677,0.4907,0.4772,0.0295,0.6873,0.7746,0.4218,0.2771,0.0135,0.4477,120.9892,138.9745,74.181,0.6198
58.7,1761,on_ground,0.6286,0.9429,-0.3237,1.9158,1.2666,0.6611,0.9121,0.7667,0.4905,0.4761,0.0297,0.6872,0.775,0.4217,0.2762,0.0144,0.4464,121.2764,138.8746,74.2807,0.6192
58.733,1762,on_ground,0.6288,0.9427,-0.3229,1.9149,1.2656,0.6609,0.912,0.7667,0.4909,0.4755,0.0298,0.6886,0.776,0.4211,0.2758,0.0154,0.4457,121.589,138.7983,74.3501,0.6184
58.767,1763,on_ground,0.6284,0.9421,-0.3225,1.9134,1.2646,0.6609,0.9115,0.7669,0.49,0.4747,0.0299,0.6883,0.7751,0.4215,0.2768,0.0154,0.4447,121.7686,138.5915,74.2733,0.6175
58.8,1764,on_ground,0.628,0.9421,-0.3226,1.9131,1.2647,0.661,0.9114,0.7664,0.4896,0.4767,0.0299,0.6862,0.7708,0.4219,0.2768,0.0129,0.4468,121.6385,138.5968,74.3231,0.618
58.833,1765,on_ground,0.6279,0.942,-0.3214,1.9124,1.2634,0.6607,0.9113,0.7663,0.4896,0.4784,0.0302,0.6852,0.7687,0.4218,0.2767,0.0112,0.4482,121.5658,138.6342,74.3969,0.6171
58.867,1766,on_ground,0.6281,0.9424,-0.3202,1.9117,1.2626,0.6605,0.9117,0.7668,0.4895,0.4806,0.0304,0.6819,0.7563,0.4223,0.2773,0.0089,0.4502,121.3168,138.7548,74.2953,0.6171
58.9,1767,on_ground,0.6279,0.9431,-0.32,1.9129,1.263,0.6603,0.9123,0.7666,0.4891,0.4831,0.0305,0.6802,0.7559,0.4231,0.2775,0.0061,0.4526,121.0278,138.7694,74.2683,0.6175
58.933,1768,on_ground,0.6287,0.944,-0.3197,1.9142,1.2638,0.6602,0.9132,0.7673,0.49,0.4844,0.0305,0.6798,0.7566,0.4232,0.2773,0.0056,0.4538,120.9166,138.6574,74.2884,0.618
58.967,1769,on_ground,0.6287,0.9449,-0.3196,1.9164,1.2645,0.6598,0.914,0.7672,0.4901,0.486,0.0306,0.6806,0.7584,0.424,0.2772,0.004,0.4555,120.7172,138.6507,74.3176,0.6184
59.0,1770,on_ground,0.6288,0.9461,-0.3195,1.9191,1.2657,0.6595,0.915,0.7676,0.4901,0.4867,0.0306,0.6797,0.7569,0.425,0.2775,0.0034,0.4561,120.6738,138.6621,74.2105,0.6202
59.033,1771,,0.6293,0.9478,-0.3191,1.9225,1.2669,0.659,0.9168,0.7679,0.4908,0.4875,0.0307,0.6794,0.7561,0.426,0.2771,0.0033,0.4568,120.6002,138.643,74.2329,0.6248
59.067,1772,,0.6305,0.9512,-0.318,1.9285,1.2692,0.6582,0.9197,0.7693,0.4917,0.4891,0.0309,0.6785,0.7534,0.428,0.2776,0.0026,0.4582,120.4592,138.5684,74.0292,0.6323
59.1,1773,,0.6317,0.9544,-0.3159,1.933,1.2703,0.6571,0.9226,0.7707,0.4927,0.4915,0.0314,0.6769,0.7488,0.4299,0.278,0.0012,0.4601,120.2071,138.5595,73.807,0.6389
59.133,1774,,0.6331,0.9565,-0.3141,1.9357,1.2705,0.6564,0.9245,0.7724,0.4937,0.4913,0.0318,0.6757,0.7416,0.4308,0.2786,0.0024,0.4596,120.3963,138.5356,73.5911,0.6468
59.167,1775,,0.6338,0.9585,-0.3132,1.9399,1.2718,0.6556,0.9265,0.7735,0.4941,0.4907,0.032,0.6719,0.735,0.4324,0.2794,0.0034,0.4587,120.5986,138.5726,73.3371,0.6571
59.2,1776,,0.6341,0.9597,-0.312,1.9406,1.2717,0.6553,0.9276,0.7737,0.4945,0.4898,0.0322,0.6631,0.7258,0.4332,0.2792,0.0046,0.4576,120.9394,138.4228,73.117,0.6702
59.233,1777,,0.6334,0.9613,-0.3123,1.9433,1.2735,0.6553,0.9291,0.7732,0.4937,0.489,0.0322,0.654,0.721,0.4354,0.2795,0.0047,0.4569,121.1521,138.375,72.996,0.6837
59.267,1778,,0.6337,0.9635,-0.3111,1.9471,1.2745,0.6546,0.9312,0.7738,0.4936,0.4886,0.0324,0.6461,0.7165,0.4376,0.2802,0.005,0.4561,121.5369,138.2676,72.7433,0.6988
59.3,1779,,0.6348,0.9641,-0.3105,1.9473,1.2745,0.6545,0.9322,0.7747,0.4949,0.4866,0.0325,0.64,0.7125,0.4373,0.2798,0.0083,0.454,122.2818,138.1857,72.7019,0.7124
59.333,1780,,0.6356,0.9648,-0.31,1.9487,1.2748,0.6542,0.9332,0.7753,0.4959,0.4856,0.0326,0.6379,0.7101,0.4373,0.2794,0.0104,0.4529,122.8411,138.1498,72.682,0.7267
59.367,1781,,0.637,0.9633,-0.3092,1.9438,1.2725,0.6546,0.9322,0.7761,0.498,0.4854,0.0328,0.6348,0.7082,0.4343,0.2781,0.0126,0.4526,123.3148,138.1123,72.6449,0.74
59.4,1782,,0.636,0.9603,-0.309,1.936,1.2693,0.6556,0.9302,0.7749,0.4971,0.4823,0.0329,0.6314,0.7126,0.4331,0.2778,0.0148,0.4494,124.0688,138.0366,72.4744,0.7544
59.433,1783,,0.6341,0.9572,-0.3106,1.9299,1.2678,0.6569,0.9277,0.7744,0.4939,0.4767,0.0325,0.6277,0.713,0.4338,0.2806,0.0172,0.4442,124.9289,137.7252,72.0429,0.7559
59.467,1784,,0.6311,0.9544,-0.3118,1.9248,1.2662,0.6578,0.9255,0.7736,0.4887,0.4727,0.0322,0.6259,0.7166,0.4368,0.2849,0.016,0.4405,125.1982,137.3844,71.541,0.7536
59.5,1785,,0.6297,0.9526,-0.3124,1.9208,1.265,0.6586,0.9241,0.7741,0.4853,0.4689,0.0321,0.6265,0.7215,0.4388,0.2888,0.0163,0.4368,125.6984,137.1301,70.971,0.7512
59.533,1786,,0.6302,0.9502,-0.3145,1.917,1.2648,0.6598,0.9221,0.776,0.4844,0.4663,0.0316,0.6283,0.7259,0.4377,0.2916,0.0181,0.4346,126.1881,137.2011,70.4877,0.7638
59.567,1787,,0.6336,0.9523,-0.3049,1.9093,1.2572,0.6585,0.9243,0.7814,0.4857,0.4679,0.0337,0.6391,0.7285,0.4386,0.2957,0.0179,0.4342,126.8675,136.7297,69.94,0.7846
59.6,1788,,0.6332,0.949,-0.3053,1.9046,1.2542,0.6585,0.9211,0.7816,0.4848,0.465,0.0336,0.6433,0.7154,0.4363,0.2968,0.0198,0.4314,127.5602,137.1384,69.6652,0.797
59.633,1789,,0.6331,0.9451,-0.3056,1.8997,1.2507,0.6584,0.9174,0.7817,0.4845,0.4611,0.0335,0.6474,0.6999,0.4329,0.2972,0.0234,0.4276,128.4768,137.7739,69.4,0.8077
59.667,1790,,0.6402,0.9487,-0.2965,1.8961,1.2452,0.6567,0.921,0.7881,0.4922,0.4675,0.0354,0.6605,0.6888,0.4288,0.2959,0.0247,0.4321,129.1181,137.8111,69.2387,0.8192
59.7,1791,,0.6405,0.9451,-0.2983,1.8927,1.2435,0.657,0.9177,0.7882,0.4929,0.4689,0.035,0.6631,0.6703,0.4248,0.2953,0.0241,0.4338,129.7643,138.5726,68.947,0.8256
59.733,1792,,0.6475,0.9477,-0.2891,1.8861,1.2368,0.6558,0.9206,0.7949,0.5002,0.4837,0.0369,0.6734,0.6642,0.4205,0.2948,0.0165,0.4468,129.2934,138.8364,68.659,0.8351
59.767,1793,,0.6528,0.9506,-0.2799,1.8812,1.2305,0.6541,0.9237,0.8003,0.5053,0.4973,0.0388,0.6817,0.6604,0.4185,0.295,0.008,0.4585,128.6332,138.905,68.4695,0.8458
59.8,1794,,0.6547,0.9493,-0.271,1.8692,1.2202,0.6528,0.9228,0.8025,0.507,0.5077,0.0406,0.6857,0.654,0.4159,0.2955,-0.0007,0.4672,128.2322,138.8109,68.3211,0.8471
59.833,1795,,0.649,0.941,-0.2726,1.8591,1.2136,0.6528,0.9153,0.7973,0.5006,0.5005,0.0402,0.6807,0.6406,0.4147,0.2967,0.0001,0.4603,129.613,138.3148,68.2352,0.8364
59.867,1796,,0.6531,0.9433,-0.2701,1.8581,1.2134,0.653,0.9153,0.8023,0.5039,0.504,0.0407,0.6845,0.6328,0.4115,0.2984,-0.0001,0.4633,130.0843,136.9776,67.8432,0.8316
59.9,1797,,0.6551,0.9442,-0.2658,1.8572,1.2099,0.6515,0.9142,0.8055,0.5047,0.504,0.0416,0.6863,0.6282,0.4095,0.3009,0.0006,0.4624,130.5433,135.8851,67.3621,0.828
59.933,1798,,0.6554,0.9361,-0.2615,1.8387,1.1975,0.6513,0.9043,0.8067,0.5041,0.5018,0.0424,0.6867,0.6233,0.4002,0.3026,0.0024,0.4593,130.897,134.9205,67.146,0.8214
59.967,1799,,0.6553,0.9323,-0.2577,1.8296,1.19,0.6504,0.9007,0.807,0.5037,0.4969,0.0432,0.6858,0.6191,0.397,0.3033,0.0068,0.4537,128.6714,133.5308,67.1285,0.814
60.0,1800,,0.6534,0.9286,-0.2513,1.8205,1.1799,0.6481,0.8971,0.8053,0.5014,0.4903,0.0444,0.6831,0.6147,0.3956,0.3039,0.0112,0.4458,126.4019,132.292,67.1301,0.8041
60.033,1801,,0.6411,0.9267,-0.2515,1.8303,1.1783,0.6438,0.893,0.7938,0.4885,0.4743,0.0444,0.6705,0.5986,0.4045,0.3053,0.0142,0.4298,125.0506,132.4853,67.2219,0.7837
60.067,1802,,0.6287,0.9159,-0.251,1.8194,1.1669,0.6413,0.8822,0.7828,0.4746,0.4597,0.0446,0.6589,0.583,0.4076,0.3082,0.0149,0.4152,123.7304,132.4807,67.3308,0.7628
60.1,1803,,0.618,0.9074,-0.2456,1.8085,1.153,0.6375,0.8741,0.774,0.4621,0.4474,0.0456,0.6502,0.5685,0.412,0.3119,0.0147,0.4017,122.3594,132.3946,67.3042,0.7418
60.133,1804,,0.6075,0.8986,-0.2381,1.7968,1.1368,0.6327,0.865,0.7648,0.4502,0.4367,0.0471,0.641,0.5527,0.4148,0.3146,0.0135,0.3896,120.4963,131.8709,67.5356,0.7168
60.167,1805,,0.598,0.8918,-0.2277,1.7845,1.1195,0.6273,0.8571,0.7571,0.4389,0.4281,0.0491,0.6323,0.5383,0.4182,0.3182,0.0109,0.379,118.711,131.3695,67.5006,0.6931
60.2,1806,,0.5892,0.8844,-0.2174,1.771,1.1018,0.6221,0.8489,0.7496,0.4288,0.4189,0.051,0.6225,0.5208,0.4201,0.3208,0.0099,0.3679,117.3065,131.1422,67.4614,0.6686
60.233,1807,,0.5798,0.8765,-0.2111,1.756,1.0877,0.6194,0.841,0.7417,0.418,0.4125,0.0521,0.6132,0.5037,0.4231,0.3237,0.0054,0.3604,115.7362,130.4281,67.5236,0.6501
60.267,1808,,0.5636,0.8419,-0.1874,1.6735,1.0293,0.6151,0.8164,0.728,0.3992,0.3977,0.0561,0.5956,0.4789,0.4173,0.3288,0.0015,0.3416,112.8948,129.229,67.1852,0.6316
60.3,1809,,0.5444,0.8251,-0.1585,1.6288,0.9836,0.6039,0.7993,0.7106,0.3783,0.3799,0.0606,0.5752,0.4524,0.421,0.3322,-0.0016,0.3193,109.5874,128.0473,66.9968,0.6336
60.333,1810,,0.5238,0.8073,-0.1347,1.5768,0.942,0.5974,0.7815,0.6911,0.3565,0.363,0.0639,0.5528,0.4274,0.425,0.3346,-0.0065,0.2991,105.3332,125.5435,66.891,0.6456
60.367,1811,,0.5076,0.7907,-0.1147,1.5238,0.9054,0.5942,0.7653,0.6742,0.341,0.351,0.0665,0.5324,0.4058,0.4244,0.3333,-0.01,0.2845,101.7174,122.9887,66.8029,0.6619
60.4,1812,,0.4942,0.7741,-0.0956,1.4707,0.8697,0.5913,0.7495,0.6597,0.3287,0.3387,0.0689,0.5125,0.3841,0.4208,0.331,-0.01,0.2697,98.6143,120.7011,66.8155,0.6672
60.433,1813,,0.4859,0.7639,-0.0887,1.4375,0.8526,0.5931,0.7393,0.6495,0.3223,0.332,0.0699,0.497,0.3692,0.417,0.3273,-0.0097,0.2621,98.1752,119.7719,66.7037,0.6688
60.467,1814,,0.4774,0.7541,-0.1021,1.4201,0.8562,0.603,0.7284,0.6404,0.3144,0.3171,0.0688,0.4853,0.3555,0.414,0.326,-0.0027,0.2483,103.1259,121.0379,66.4098,0.6581
60.5,1815,,0.4569,0.7333,-0.1215,1.3916,0.8548,0.6143,0.7066,0.619,0.2948,0.2898,0.0669,0.4614,0.3284,0.4118,0.3242,0.005,0.2229,106.8815,121.4022,66.3007,0.6489
60.533,1816,,0.452,0.7259,-0.0987,1.3607,0.8246,0.606,0.6986,0.6144,0.2895,0.2889,0.0705,0.4535,0.3148,0.4091,0.325,0.0006,0.2183,105.8783,121.309,65.8345,0.6432
60.567,1817,,0.4422,0.7135,-0.0846,1.3626,0.7981,0.5857,0.6862,0.6041,0.2802,0.2759,0.0729,0.4414,0.2946,0.406,0.3239,0.0043,0.2031,106.1342,122.2129,65.6673,0.6404
60.6,1818,,0.4345,0.7023,-0.0747,1.3619,0.777,0.5705,0.6748,0.5963,0.2727,0.2638,0.0747,0.4316,0.2774,0.4021,0.3236,0.0089,0.1891,107.3489,124.0888,65.262,0.6406
60.633,1819,,0.4312,0.6924,-0.0633,1.3624,0.7557,0.5547,0.6656,0.5928,0.2696,0.2545,0.0764,0.4241,0.263,0.396,0.3231,0.0151,0.1781,107.9839,126.0168,64.6152,0.6447
60.667,1820,,0.4357,0.6906,-0.056,1.3632,0.7466,0.5477,0.6644,0.596,0.2753,0.2566,0.0774,0.4262,0.2589,0.3891,0.3207,0.0187,0.1792,108.9244,127.93,64.0631,0.6489
60.7,1821,,0.4428,0.6923,-0.0449,1.3638,0.7372,0.5406,0.6651,0.6028,0.2828,0.2593,0.0784,0.4308,0.2575,0.3823,0.32,0.0236,0.1808,108.8029,129.5863,63.2143,0.6568
60.733,1822,,0.4481,0.6987,-0.0345,1.3649,0.7332,0.5371,0.6678,0.6099,0.2862,0.2597,0.0792,0.4353,0.257,0.3816,0.3237,0.0266,0.1805,107.4746,130.8814,62.1385,0.664
60.767,1823,,0.4451,0.6957,-0.0499,1.3664,0.7456,0.5456,0.6618,0.6087,0.2814,0.2496,0.079,0.4317,0.2461,0.3804,0.3273,0.0318,0.1706,105.1556,131.5753,61.2747,0.6717
60.8,1824,,0.4349,0.6875,-0.0781,1.3491,0.7656,0.5675,0.6467,0.6021,0.2678,0.2254,0.0785,0.4207,0.2304,0.3789,0.3343,0.0424,0.147,104.4699,132.2988,60.1515,0.6722
60.833,1825,,0.421,0.6737,-0.1113,1.32,0.7849,0.5947,0.6245,0.5909,0.2512,0.192,0.0774,0.404,0.2072,0.3733,0.3396,0.0592,0.1146,104.1639,133.0604,59.2888,0.6773
60.867,1826,,0.3911,0.6443,-0.1637,1.2797,0.808,0.6314,0.5854,0.5639,0.2184,0.1372,0.075,0.3707,0.1645,0.367,0.3455,0.0812,0.0623,106.5798,134.6988,58.2716,0.6873
60.9,1827,,0.3783,0.6276,-0.1912,1.2677,0.8189,0.6459,0.563,0.5504,0.2062,0.1137,0.0735,0.3541,0.1412,0.3568,0.3441,0.0926,0.0402,106.5895,134.7748,57.4406,0.6955
60.933,1828,,0.3742,0.6193,-0.2029,1.27,0.8222,0.6474,0.5503,0.5432,0.2051,0.1093,0.0733,0.3459,0.1269,0.3452,0.3381,0.0958,0.036,103.6616,133.628,56.7115,0.7041
60.967,1829,,0.3689,0.6096,-0.2121,1.2634,0.8216,0.6503,0.5375,0.5354,0.2024,0.1023,0.0734,0.3377,0.1121,0.3352,0.333,0.1001,0.0288,101.0377,132.4085,55.7542,0.7126
61.0,1830,,0.3661,0.6013,-0.2221,1.2408,0.8235,0.6637,0.5254,0.5288,0.2035,0.0859,0.0735,0.3298,0.0964,0.322,0.3253,0.1176,0.0124,101.9142,132.5578,54.9323,0.7219
61.033,1831,,0.3679,0.5985,-0.2279,1.2432,0.8264,0.6647,0.5195,0.5271,0.2086,0.0869,0.0734,0.327,0.0858,0.3108,0.3185,0.1217,0.0135,99.3132,130.8011,53.9162,0.7249
61.067,1832,,0.3744,0.5995,-0.2268,1.2579,0.8263,0.6569,0.5141,0.5317,0.2171,0.0973,0.0736,0.3242,0.0725,0.297,0.3146,0.1198,0.0237,94.4497,128.4297,51.8461,0.7379
61.1,1833,,0.3803,0.5983,-0.2281,1.2669,0.8264,0.6523,0.5071,0.5361,0.2244,0.1016,0.0732,0.3169,0.0539,0.2827,0.3117,0.1228,0.0285,92.503,126.207,49.3948,0.7473
61.133,1834,,0.3896,0.5995,-0.2315,1.2737,0.831,0.6524,0.5028,0.5412,0.2381,0.1044,0.0729,0.3134,0.0383,0.2647,0.3031,0.1337,0.0315,90.6931,125.0746,47.7543,0.7578
61.167,1835,,0.3973,0.5933,-0.2403,1.2737,0.8336,0.6545,0.4948,0.5414,0.2532,0.1024,0.0726,0.31,0.015,0.2416,0.2882,0.1508,0.0298,90.3911,124.8811,46.724,0.7622
61.2,1836,,0.389,0.5769,-0.2661,1.2561,0.843,0.6712,0.4772,0.5288,0.2491,0.0846,0.0715,0.2996,-0.0153,0.2281,0.2797,0.1645,0.0131,91.7648,124.9391,45.6067,0.764
61.233,1837,,0.388,0.5636,-0.2895,1.227,0.8531,0.6953,0.4604,0.52,0.256,0.0653,0.0707,0.2906,-0.0418,0.2043,0.2639,0.1907,-0.0055,95.1094,127.5643,44.8252,0.7631
61.267,1838,,0.3896,0.5608,-0.2925,1.1876,0.8533,0.7185,0.4583,0.5219,0.2572,0.0656,0.0707,0.2936,-0.0575,0.2011,0.2647,0.1916,-0.0051,93.4516,126.5892,41.9979,0.7533
61.3,1839,,0.3989,0.565,-0.2752,1.1467,0.8402,0.7327,0.4613,0.5293,0.2684,0.0801,0.0716,0.3003,-0.06,0.1928,0.2609,0.1883,0.0085,89.6042,125.7368,39.8529,0.7241
61.333,1840,,0.4083,0.5712,-0.2597,1.1339,0.831,0.7328,0.4676,0.5388,0.2779,0.0946,0.0711,0.3023,-0.0638,0.1897,0.2609,0.1833,0.0235,86.5776,124.8031,38.2844,0.7258
61.367,1841,,0.4151,0.5691,-0.2462,1.1124,0.8154,0.733,0.4654,0.5415,0.2887,0.1047,0.071,0.2965,-0.0738,0.1767,0.2528,0.184,0.0337,83.786,125.0513,37.6911,0.7303
61.4,1842,,0.4222,0.5633,-0.2235,1.0884,0.7868,0.723,0.4577,0.5404,0.3039,0.1172,0.0722,0.2816,-0.0896,0.1538,0.2365,0.1867,0.045,85.4683,126.2496,38.6969,0.7298
61.433,1843,,0.4232,0.5551,-0.2192,1.1008,0.7743,0.7035,0.444,0.5371,0.3093,0.1214,0.0722,0.2674,-0.1034,0.1347,0.2279,0.1878,0.0493,84.3626,127.423,40.1754,0.7361
61.467,1844,,0.4277,0.5444,-0.2041,1.1057,0.7485,0.677,0.4356,0.5357,0.3197,0.1355,0.0739,0.2651,-0.1021,0.1159,0.216,0.1841,0.0616,81.3764,128.205,41.9072,0.7283
61.5,1845,,0.4252,0.523,-0.2274,1.1121,0.7504,0.6748,0.4102,0.523,0.3274,0.1487,0.076,0.2442,-0.1168,0.0828,0.1956,0.1787,0.0727,86.0639,130.1607,44.1244,0.702
61.533,1846,,0.4461,0.5472,-0.2069,1.1154,0.7541,0.6761,0.4206,0.5434,0.3487,0.1736,0.0782,0.2652,-0.0894,0.0719,0.1947,0.1751,0.0954,84.7968,130.4811,44.2535,0.7149
61.567,1847,,0.4437,0.5489,-0.2202,1.1225,0.7692,0.6852,0.3977,0.5423,0.3451,0.1789,0.0786,0.2566,-0.0952,0.0526,0.1972,0.1662,0.1004,87.4774,130.6831,44.6511,0.7335
61.6,1848,,0.4573,0.5628,-0.2034,1.1223,0.7662,0.6827,0.3971,0.5521,0.3625,0.1941,0.0804,0.2705,-0.0768,0.0346,0.1896,0.1684,0.1137,91.1243,134.6254,46.8992,0.7345
61.633,1849,,0.4652,0.5694,-0.1965,1.1227,0.7659,0.6822,0.3963,0.5553,0.3751,0.2264,0.0813,0.2769,-0.0683,0.0212,0.1802,0.1488,0.145,102.6469,138.2995,49.5167,0.7341
61.667,1850,,0.471,0.5659,-0.193,1.1112,0.7589,0.683,,0.5513,0.3907,0.3237,0.0816,0.2783,-0.0639,,0.1606,0.067,0.2421,132.5153,152.4787,58.0056,0.725
61.7,1851,,0.4691,0.556,-0.1982,1.1014,0.7542,0.6848,0.4598,0.54,0.3982,0.3387,0.0819,0.2707,-0.0674,0.0616,0.1418,0.0595,0.2568,129.2625,157.2723,64.248,0.7203
61.733,1852,,0.4622,0.5399,-0.2095,1.0896,0.7495,0.6879,0.4326,0.5206,0.4038,0.3167,0.0823,0.2583,-0.0764,0.0288,0.1168,0.0871,0.2345,138.8178,157.6751,70.2839,0.7065
61.767,1853,,0.4441,0.5252,-0.2327,1.0936,0.7579,0.693,0.359,0.5042,0.384,0.2756,0.0822,0.2348,-0.0987,-0.025,0.1202,0.1084,0.1933,130.29,155.8891,69.6096,0.7019
61.8,1854,,0.417,0.49,-0.2795,1.0935,0.7695,0.7036,0.3107,0.4638,0.3701,0.2419,0.0831,0.1909,-0.1444,-0.0593,0.0938,0.1282,0.1588,127.2409,160.3545,75.6519,0.697
61.833,1855,,0.4083,0.4737,-0.302,1.0948,0.7758,0.7086,0.2693,0.444,0.3726,0.2077,0.0828,0.1663,-0.1664,-0.1033,0.0715,0.1649,0.1249,124.7382,151.823,81.0139,0.7097
61.867,1856,,0.4114,0.4675,-0.3133,1.0998,0.7808,0.7099,0.2418,0.4332,0.3895,0.1811,0.0826,0.1511,-0.1784,-0.1477,0.0438,0.2084,0.0985,127.7479,132.4504,88.8089,0.744
61.9,1857,,0.4076,0.4518,-0.3431,1.1093,0.7948,0.7165,0.2148,0.4142,0.4011,0.1542,0.0829,0.1233,-0.2066,-0.1862,0.0131,0.2468,0.0713,128.6107,115.6516,98.6717,0.7826
61.933,1858,,0.4282,0.4652,-0.3346,1.1193,0.7998,0.7146,0.2267,0.427,0.4293,0.1648,0.0832,0.1311,-0.1976,-0.2026,-0.0023,0.2645,0.0817,130.0583,108.606,103.8575,0.8018
61.967,1859,,0.451,0.4835,-0.3218,1.1268,0.8053,0.7147,0.2316,0.4426,0.4594,0.1841,0.0832,0.1424,-0.1839,-0.2277,-0.0168,0.2753,0.1009,128.3187,104.4481,108.6626,0.8214
62.0,1860,,0.4826,0.5281,-0.3063,1.132,0.8344,0.7371,0.2371,0.4578,0.5074,0.2183,0.0843,0.1561,-0.1683,-0.2703,-0.0496,0.2891,0.1341,129.0869,95.6359,119.2937,0.8517
62.033,1861,,0.5144,0.574,-0.29,1.154,0.8641,0.7488,0.2499,0.4741,0.5547,0.243,0.0853,0.1722,-0.1512,-0.3048,-0.0806,0.3117,0.1577,128.0894,87.2015,128.7833,0.8835
62.067,1862,,0.541,0.6163,-0.2733,1.2127,0.8896,0.7335,0.2577,0.4866,0.5954,0.2615,0.0859,0.1867,-0.135,-0.3377,-0.1088,0.3339,0.1756,127.6214,80.1354,136.5861,0.9122
62.1,1863,,0.5599,0.649,-0.263,1.2638,0.912,0.7216,0.2271,0.4949,0.6248,0.2699,0.0861,0.1972,-0.1253,-0.3976,-0.1298,0.3548,0.1838,127.709,75.9821,141.1281,0.9382
62.133,1864,,0.5749,0.6815,-0.2565,1.3216,0.9379,0.7097,0.2219,0.4993,0.6505,0.2696,0.0864,0.2028,-0.1196,-0.4286,-0.1512,0.3809,0.1832,126.9242,71.9204,144.1554,0.9707
62.167,1865,,0.5887,0.7108,-0.2444,1.3678,0.9551,0.6983,0.2163,0.5036,0.6738,0.2715,0.0865,0.21,-0.1096,-0.4575,-0.1702,0.4023,0.185,127.199,68.679,145.8706,0.9911
62.2,1866,,0.5938,0.7269,-0.2392,1.3958,0.9661,0.6921,0.2097,0.5023,0.6853,0.2636,0.0865,0.2105,-0.1062,-0.4756,-0.183,0.4217,0.1771,124.604,66.9842,145.1929,1.0064
62.233,1867,,0.5937,0.7377,-0.24,1.4202,0.9777,0.6884,0.1978,0.4926,0.6948,0.2516,0.0863,0.2077,-0.1082,-0.497,-0.2023,0.4432,0.1653,121.6142,64.4051,144.2352,1.0218
62.267,1868,,0.5809,0.7341,-0.2608,1.4412,0.9948,0.6902,0.1703,0.4694,0.6924,0.2313,0.0856,0.1882,-0.1288,-0.5221,-0.223,0.4611,0.1457,115.8723,62.3478,143.4521,1.035
62.3,1869,,0.5581,0.7196,-0.2965,1.4603,1.0161,0.6958,0.1393,0.4345,0.6817,0.2015,0.0842,0.1577,-0.1632,-0.5424,-0.2472,0.4802,0.1173,110.0395,59.9566,143.9033,1.0428
62.333,1870,,0.497,0.6643,-0.3809,1.4595,1.0452,0.7161,0.0599,0.3599,0.6341,0.1485,0.0792,0.0858,-0.2463,-0.5741,-0.2741,0.4855,0.0694,101.0427,57.9,143.0332,1.0358
62.367,1871,,0.5037,0.6692,-0.3643,1.4623,1.0334,0.7067,0.0947,0.3594,0.6481,0.1645,0.0789,0.0969,-0.2368,-0.5534,-0.2887,0.4836,0.0856,102.746,54.3042,142.4752,1.026
62.4,1872,,0.5278,0.7146,-0.3397,1.6565,1.0543,0.6365,0.026,0.3547,0.7008,0.2559,0.0787,0.1269,-0.2361,-0.6748,-0.3461,0.4449,0.1772,139.9164,52.1626,141.0843,1.0655
62.433,1873,,0.5244,0.7126,-0.3444,1.6685,1.057,0.6335,0.0461,0.3525,0.6964,0.2398,0.0782,0.1217,-0.2421,-0.6503,-0.3439,0.4566,0.1616,137.6885,52.5917,140.8567,1.0714
62.467,1874,,0.5043,0.6997,-0.3536,1.69,1.0533,0.6232,0.0001,0.3276,0.681,0.207,0.0782,0.0995,-0.2605,-0.6809,-0.3534,0.474,0.1288,134.5548,52.4557,141.7501,1.0783
62.5,1875,,0.2497,0.4512,-0.6547,1.6242,1.1059,0.6809,-0.2693,0.0533,0.446,-0.1046,0.0715,-0.1959,-0.5714,-0.7153,-0.3927,0.5506,-0.1761,24.7074,48.7673,144.8644,1.0568
62.533,1876,,0.3628,0.574,-0.5275,1.7343,1.1016,0.6352,-0.1746,0.16,0.5656,0.0359,0.0701,-0.076,-0.454,-0.7402,-0.4056,0.5297,-0.0341,102.4737,46.7343,145.4093,1.0781
62.567,1877,,0.3467,0.5661,-0.5324,1.7916,1.0985,0.6131,-0.2083,0.1314,0.562,0.0046,0.0669,-0.1068,-0.4821,-0.7703,-0.4306,0.5574,-0.0623,101.2546,41.7297,147.6799,1.0619
62.6,1878,,0.3839,0.6005,-0.4185,1.8265,1.019,0.5579,-0.1712,0.1719,0.5958,0.0311,0.0665,-0.0611,-0.4096,-0.767,-0.4239,0.5648,-0.0354,103.054,39.7478,147.7549,1.037
62.633,1879,,0.6687,0.8485,-0.0099,1.8198,0.8583,0.4716,0.2162,0.492,0.8454,0.3486,0.0783,0.3164,0.0331,-0.6292,-0.3533,0.4968,0.2703,168.6903,43.5801,144.853,0.995
62.667,1880,,0.6951,0.8642,0.004,1.8236,0.8603,0.4717,0.2454,0.5275,0.8627,0.3711,0.0783,0.3586,0.0804,-0.6173,-0.3352,0.4916,0.2928,169.4498,43.7541,146.0324,0.9865
62.7,1881,,0.5121,0.699,-0.2666,1.8244,0.9655,0.5292,0.0368,0.3253,0.6988,0.1553,0.0535,0.1482,-0.1591,-0.662,-0.3735,0.5435,0.1018,98.8025,35.7146,149.1108,1.0033
62.733,1882,,0.5424,0.7325,-0.2514,1.8003,0.9839,0.5465,0.0611,0.3622,0.7226,0.1804,0.0488,0.2018,-0.1146,-0.6615,-0.3604,0.5422,0.1316,88.4505,31.756,149.6043,1.0175
62.767,1883,,0.5706,0.7376,-0.2371,1.7639,0.9748,0.5526,0.1324,0.4115,0.7297,0.208,0.0509,0.2529,-0.0745,-0.5973,-0.3182,0.5217,0.157,83.1683,31.7748,147.5828,1.0237
62.8,1884,,0.7511,0.8877,-0.073,1.8483,0.9607,0.5198,0.3365,0.6208,0.8814,0.4056,0.0747,0.444,0.1217,-0.5449,-0.2606,0.4758,0.3309,167.3392,37.9623,148.1263,1.0966
62.833,1885,,0.7331,0.8548,-0.1335,1.811,0.9883,0.5457,0.3375,0.6185,0.8477,0.3654,0.0671,0.428,0.0923,-0.5102,-0.2292,0.4823,0.2983,159.345,37.455,146.7548,1.1353
62.867,1886,,0.7915,0.8523,-0.0695,1.5641,0.9218,0.5894,,0.7391,0.8439,0.4478,0.0762,0.5663,0.2367,,-0.1048,0.396,0.3717,163.0079,53.6761,130.0274,1.1204
62.9,1887,,0.7454,0.8196,-0.2061,1.729,1.0257,0.5932,0.4264,0.6775,0.8133,0.3183,0.054,0.4712,0.1285,-0.3869,-0.1358,0.495,0.2643,130.0588,50.1678,132.492,1.2459
62.933,1888,,0.7729,0.8135,-0.2106,1.7151,1.0241,0.5971,0.4862,0.7369,0.8089,0.3202,0.0527,0.5246,0.1944,-0.3227,-0.0719,0.4887,0.2675,130.2497,66.4841,116.9968,1.2527
62.967,1889,,0.8026,0.8304,-0.202,1.751,1.0324,0.5896,0.5354,0.7995,0.8057,0.3273,0.0545,0.5747,0.2476,-0.2703,-0.0062,0.4784,0.2728,138.0248,92.1868,98.4164,1.2974
63.0,1890,,0.838,0.8834,-0.1789,1.8644,1.0623,0.5698,0.6223,0.8659,0.8101,0.3496,0.0585,0.638,0.3123,-0.1878,0.0558,0.4605,0.2911,149.9557,118.1699,75.1,1.3797
63.033,1891,,0.8671,0.9456,-0.1488,2.0012,1.0945,0.5469,0.7069,0.9339,0.8002,0.3725,0.0632,0.7025,0.3864,-0.0934,0.1337,0.4278,0.3093,157.8881,139.1791,49.9712,1.4842
63.067,1892,,0.8846,0.998,-0.1321,2.1407,1.1301,0.5279,0.817,0.9846,0.7846,0.3832,0.0655,0.7516,0.4439,0.0324,0.2,0.4014,0.3177,161.1661,150.0639,36.3467,1.5849
63.1,1893,,0.9083,1.0576,-0.1219,2.3283,1.1795,0.5066,0.8547,1.0411,0.7755,0.3867,0.0668,0.792,0.487,0.0793,0.2656,0.3888,0.3198,164.378,157.9987,28.0783,1.6935
63.133,1894,,0.931,1.0752,-0.1198,2.3546,1.1951,0.5076,,1.062,0.8,0.4175,0.0673,0.8542,0.5403,,0.262,0.3825,0.3501,166.045,160.6687,23.0063,1.6734
63.167,1895,,0.9333,1.1112,-0.1165,2.5388,1.2277,0.4836,0.9747,1.1107,0.756,0.3924,0.0674,0.8617,0.5603,0.2187,0.3547,0.3636,0.325,165.7983,166.5879,19.0984,1.7956
63.2,1896,,0.9548,1.1589,-0.1072,2.7165,1.2661,0.4661,1.0709,1.1491,0.7605,0.394,0.0687,0.8934,0.5926,0.3104,0.3886,0.3665,0.3253,164.1137,166.7764,15.8312,1.838
63.233,1897,,0.9714,1.2086,-0.1037,2.9213,1.3122,0.4492,1.1278,1.1811,0.7617,0.3902,0.0692,0.9172,0.6149,0.3661,0.4194,0.3715,0.321,160.8697,166.167,13.0517,1.9239
63.267,1898,,0.9863,1.2557,-0.0944,3.1263,1.3502,0.4319,1.1769,1.2043,0.7682,0.3919,0.0706,0.937,0.6324,0.4087,0.4361,0.3763,0.3213,158.9892,165.0742,10.8488,2.0113
63.3,1899,,1.0012,1.2974,-0.0826,3.3106,1.38,0.4168,1.2261,1.2268,0.7756,0.3934,0.0723,0.9549,0.6482,0.4505,0.4512,0.3822,0.3211,159.353,164.7822,9.0143,2.0889
63.333,1900,,1.0221,1.341,-0.0648,3.5003,1.4058,0.4016,1.2834,1.258,0.7863,0.399,0.0749,0.977,0.6679,0.4971,0.4717,0.3873,0.3241,162.525,165.1264,7.7522,2.1471
63.367,1901,,1.0445,1.3856,-0.0447,3.7029,1.4303,0.3863,1.3283,1.2881,0.8009,0.408,0.0776,1.0046,0.6937,0.5274,0.4871,0.393,0.3304,166.701,165.8084,6.9199,2.151
63.4,1902,,1.0719,1.4243,-0.0136,3.8555,1.4379,0.3729,1.372,1.3185,0.8252,0.4216,0.0811,1.0372,0.7257,0.5468,0.4934,0.4036,0.3405,170.3037,165.9677,6.317,2.1305
63.433,1903,,1.0943,1.4618,0.0168,4.0152,1.445,0.3599,1.4037,1.3444,0.8442,0.4359,0.0843,1.0674,0.7573,0.5595,0.5002,0.4083,0.3516,174.1929,166.0144,5.9337,2.1065
63.467,1904,,1.1161,1.4966,0.0444,4.173,1.4522,0.348,1.4505,1.3679,0.8643,0.4477,0.0868,1.0932,0.7827,0.5862,0.5035,0.4167,0.3609,176.9974,166.2054,5.6901,2.0748
63.5,1905,,1.1277,1.5238,0.0577,4.3304,1.4661,0.3386,1.4726,1.3839,0.8714,0.4485,0.0881,1.108,0.7981,0.6013,0.5126,0.4229,0.3604,177.736,166.2996,5.3539,1.9825
63.533,1906,,1.1342,1.5509,0.0656,4.5098,1.4853,0.3293,1.5093,1.3956,0.8729,0.4405,0.0888,1.1208,0.8111,0.6364,0.5227,0.4324,0.3516,176.5566,166.4937,5.0297,1.9204
63.567,1907,,1.1383,1.5681,0.0696,4.6325,1.4986,0.3235,1.5215,1.406,0.8706,0.4353,0.0892,1.1307,0.8219,0.6509,0.5354,0.4353,0.3462,175.811,166.4524,4.9098,1.8634
63.6,1908,,1.136,1.5821,0.071,4.7431,1.5111,0.3186,1.5384,1.4134,0.8586,0.4257,0.0892,1.1368,0.832,0.6797,0.5548,0.4329,0.3366,175.6811,166.0691,4.9938,1.8078
63.633,1909,,1.1354,1.5953,0.0715,4.8518,1.5238,0.3141,1.5533,1.4191,0.8518,0.4247,0.089,1.1429,0.843,0.7015,0.5673,0.427,0.3357,176.1141,165.9252,5.0937,1.76
63.667,1910,,1.1373,1.6048,0.0689,4.9396,1.5359,0.3109,1.5714,1.4247,0.8499,0.4221,0.0887,1.1471,0.8499,0.7214,0.5748,0.4278,0.3334,177.3381,166.287,5.1517,1.7152
63.7,1911,,1.1391,1.6136,0.0658,5.0251,1.5478,0.308,1.5804,1.4285,0.8496,0.4186,0.0884,1.1497,0.8547,0.7307,0.5789,0.431,0.3302,176.8923,166.5066,5.3651,1.678
63.733,1912,,1.1414,1.6211,0.0647,5.092,1.5564,0.3057,1.5893,1.432,0.8508,0.419,0.0882,1.1528,0.8606,0.7385,0.5812,0.4318,0.3309,176.6907,166.6615,5.6632,1.6552
63.767,1913,,1.1444,1.6267,0.0644,5.1406,1.5623,0.3039,1.5961,1.4356,0.8531,0.4207,0.088,1.1552,0.8659,0.743,0.5825,0.4324,0.3327,177.0473,166.9283,6.0154,1.6417
63.8,1914,,1.1476,1.6302,0.0645,5.1692,1.5657,0.3029,1.6018,1.4388,0.8563,0.4235,0.0879,1.1587,0.8716,0.7456,0.5826,0.4328,0.3356,177.3155,167.1565,6.4575,1.6352
63.833,1915,,1.1493,1.6324,0.0651,5.1869,1.5673,0.3022,1.6059,1.4414,0.8572,0.4253,0.0879,1.1606,0.8741,0.7487,0.5842,0.4319,0.3374,177.4378,167.1926,6.8193,1.6362
63.867,1916,,1.1502,1.6347,0.0654,5.2083,1.5693,0.3013,1.6104,1.4429,0.8576,0.4255,0.0879,1.1621,0.8764,0.7529,0.5854,0.4321,0.3376,177.4749,167.2199,7.0557,1.6496
63.9,1917,,1.1502,1.6373,0.0653,5.2335,1.572,0.3004,1.6082,1.4434,0.857,0.4264,0.0879,1.1611,0.8764,0.7512,0.5863,0.4306,0.3385,177.5711,167.1385,7.1351,1.656
63.933,1918,,1.1513,1.6391,0.0655,5.2496,1.5735,0.2997,1.6163,1.4439,0.8588,0.4291,0.0879,1.1603,0.8756,0.7575,0.5852,0.4297,0.3412,177.6522,167.1112,7.2036,1.6956
63.967,1919,,1.1514,1.641,0.0658,5.2675,1.5751,0.299,1.6139,1.4439,0.859,0.4298,0.0879,1.1583,0.8757,0.7549,0.5849,0.4292,0.3419,177.563,166.9976,7.2099,1.7196
64.0,1920,,1.1513,1.6422,0.0664,5.2772,1.5757,0.2986,1.6161,1.444,0.8586,0.4303,0.0879,1.1573,0.8745,0.7575,0.5854,0.4282,0.3425,177.3939,166.919,7.1926,1.7582
64.033,1921,,1.1527,1.6435,0.071,5.2746,1.5726,0.2981,1.6228,1.4451,0.8602,0.4339,0.088,1.1585,0.8755,0.7625,0.5849,0.4263,0.3459,177.7752,167.2809,7.2249,1.807
64.067,1922,,1.1514,1.6442,0.0706,5.2788,1.5736,0.2981,1.6197,1.4441,0.8587,0.4322,0.088,1.1561,0.8743,0.761,0.5855,0.4264,0.3442,177.7881,167.2999,7.1999,1.8385
64.1,1923,,1.1506,1.6446,0.0702,5.2836,1.5744,0.298,1.6199,1.4427,0.8586,0.4313,0.088,1.1543,0.8696,0.7613,0.584,0.4273,0.3433,177.713,167.2845,7.149,1.8885
64.133,1924,,1.1503,1.6455,0.0702,5.29,1.5754,0.2978,1.6202,1.4416,0.8591,0.4325,0.088,1.1534,0.8654,0.7611,0.5825,0.4266,0.3445,177.7091,167.3398,7.1249,1.9484
64.167,1925,,1.1492,1.6467,0.0712,5.2958,1.5755,0.2975,1.6206,1.4403,0.8581,0.4322,0.0881,1.1526,0.861,0.7625,0.5821,0.426,0.3441,177.6219,167.4079,7.0639,2.0164
64.2,1926,,1.1468,1.6461,0.0727,5.2839,1.5734,0.2978,1.6218,1.4385,0.855,0.4301,0.0882,1.1492,0.8555,0.7667,0.5835,0.4249,0.342,177.2911,167.3484,7.0971,2.0856
64.233,1927,,1.1437,1.6453,0.0727,5.2716,1.5726,0.2983,1.6229,1.4375,0.8499,0.4261,0.0882,1.1474,0.8536,0.773,0.5876,0.4238,0.3379,177.0301,167.2078,7.0016,2.1237
64.267,1928,,1.141,1.6453,0.0736,5.2653,1.5717,0.2985,1.6238,1.4371,0.8448,0.4231,0.0882,1.1456,0.8517,0.779,0.5923,0.4217,0.3348,176.7905,166.97,6.687,2.1432
64.3,1929,,1.1381,1.6454,0.0749,5.2608,1.5705,0.2985,1.6248,1.4361,0.8402,0.4199,0.0883,1.1439,0.8481,0.7847,0.596,0.4203,0.3316,176.6161,166.6946,6.2575,2.1401
64.333,1930,,1.1338,1.6452,0.078,5.2514,1.5672,0.2984,1.6267,1.4358,0.8318,0.417,0.0883,1.1434,0.8489,0.7949,0.6041,0.4148,0.3287,177.2454,166.895,6.1127,2.1274
64.367,1931,,1.1293,1.6441,0.0799,5.2368,1.5641,0.2987,1.6277,1.4344,0.8242,0.4144,0.0883,1.1428,0.8463,0.8035,0.6102,0.4098,0.3261,176.1745,166.9425,6.112,2.107
64.4,1932,,1.1264,1.6428,0.0823,5.2201,1.5605,0.2989,1.628,1.4333,0.8195,0.4105,0.0882,1.1412,0.8447,0.8085,0.6138,0.409,0.3223,174.2825,167.3989,6.0916,2.0842
64.433,1933,,1.1255,1.6422,0.0857,5.2031,1.5565,0.2991,1.6284,1.4326,0.8185,0.4062,0.0881,1.1409,0.8441,0.81,0.6141,0.4122,0.3181,171.4452,168.1785,5.6897,2.0673
64.467,1934,,1.1272,1.6427,0.0851,5.1969,1.5575,0.2997,1.6289,1.4328,0.8216,0.4052,0.088,1.1432,0.8448,0.8073,0.6112,0.4164,0.3172,167.7063,169.445,5.1731,2.0432
64.5,1935,,1.1282,1.6419,0.0781,5.1847,1.5638,0.3016,1.6288,1.4321,0.8242,0.4037,0.0875,1.1452,0.8462,0.8045,0.6079,0.4205,0.3162,164.656,170.6063,4.7738,2.028
64.533,1936,,1.1294,1.6406,0.0691,5.1672,1.5715,0.3041,1.626,1.4312,0.8277,0.4047,0.086,1.148,0.8486,0.7984,0.6035,0.423,0.3187,163.6049,171.7589,4.2002,2.011
64.567,1937,,1.1354,1.6421,0.0451,5.1639,1.5971,0.3093,1.6256,1.4343,0.8364,0.4142,0.0838,1.1573,0.8599,0.7892,0.598,0.4221,0.3304,163.7721,172.7584,3.6382,2.0126
64.6,1938,,1.1414,1.64,0.0243,5.1223,1.6157,0.3154,1.6216,1.4375,0.8452,0.4234,0.0817,1.1648,0.8701,0.7764,0.5923,0.4218,0.3417,163.0606,174.0697,2.7709,2.0172
64.633,1939,,1.1582,1.6436,-0.0202,5.115,1.6638,0.3253,1.6219,1.4482,0.8681,0.4466,0.0778,1.1825,0.8926,0.7537,0.5801,0.4215,0.3689,163.1742,174.5541,2.3791,2.0592
64.667,1940,,1.1723,1.6446,-0.0661,5.0874,1.7107,0.3363,1.6199,1.4564,0.8883,0.463,0.0728,1.1971,0.912,0.7316,0.5681,0.4253,0.3903,163.8295,175.0123,2.0962,2.0842
64.7,1941,,1.1805,1.6429,-0.1139,5.047,1.7568,0.3481,1.614,1.459,0.902,0.4756,0.0668,1.2062,0.9266,0.712,0.557,0.4264,0.4087,164.7274,174.8383,1.4955,2.1062
64.733,1942,,1.179,1.6357,-0.1609,4.989,1.7966,0.3601,1.6027,1.4536,0.9044,0.4743,0.06,1.2064,0.9302,0.6983,0.5492,0.4301,0.4143,165.5,174.4419,1.0798,2.1157
64.767,1943,,1.1684,1.6228,-0.1916,4.8888,1.8144,0.3711,1.5874,1.4418,0.895,0.4688,0.0551,1.1982,0.9247,0.6924,0.5468,0.4262,0.4136,166.5628,174.5642,0.8731,2.0909
64.8,1944,,1.1554,1.609,-0.2318,4.7808,1.8408,0.385,1.5738,1.4329,0.8779,0.4501,0.0482,1.1918,0.9217,0.6959,0.555,0.4279,0.4018,167.5592,175.8903,1.0707,2.0795
64.833,1945,,1.1376,1.5903,-0.2831,4.6596,1.8734,0.4021,1.5579,1.4221,0.8531,0.4228,0.0388,1.1785,0.9107,0.7048,0.569,0.4303,0.384,166.2437,177.2081,1.2081,2.0697
64.867,1946,,1.1134,1.5655,-0.3257,4.5284,1.8912,0.4176,1.535,1.4013,0.8254,0.4013,0.0301,1.1553,0.8869,0.7096,0.5759,0.4242,0.3711,161.5664,177.4924,1.2392,2.0377
64.9,1947,,1.0923,1.5501,-0.3405,4.4201,1.8905,0.4277,1.5217,1.388,0.7965,0.3858,0.0272,1.1411,0.8757,0.7252,0.5915,0.4108,0.3586,159.2881,177.1704,1.3211,2.0024
64.933,1948,,1.0679,1.5298,-0.3647,4.3222,1.8945,0.4383,1.504,1.3701,0.7657,0.3643,0.0218,1.1175,0.853,0.7384,0.6044,0.4014,0.3424,156.1692,176.2099,1.6878,1.9574
64.967,1949,,1.0286,1.5027,-0.4005,4.2388,1.9031,0.449,1.4772,1.3395,0.7177,0.32,0.0131,1.0744,0.8101,0.7594,0.6217,0.3977,0.3069,142.9169,177.8189,2.2559,1.8967
65.0,1950,,1.0153,1.4898,-0.3947,4.1515,1.8845,0.4539,1.4661,1.3283,0.7024,0.2923,0.0142,1.0572,0.7916,0.7638,0.6259,0.4101,0.2781,133.0908,175.102,2.9908,1.8482
65.033,1951,,1.0102,1.4872,-0.3777,4.0937,1.8649,0.4556,1.4631,1.3244,0.696,0.2587,0.018,1.0498,0.7822,0.7671,0.6283,0.4373,0.2407,126.8588,173.0,3.6871,1.8261
65.067,1952,,1.006,1.4806,-0.3662,4.019,1.8468,0.4595,1.4599,1.3184,0.6936,0.2274,0.0203,1.0377,0.7689,0.7663,0.6247,0.4662,0.2071,121.4872,171.7509,4.2563,1.8115
65.1,1953,,1.0134,1.4861,-0.3346,3.9679,1.8206,0.4588,1.4662,1.3226,0.7043,0.2274,0.0273,1.0378,0.7651,0.7619,0.6183,0.4769,0.2001,120.6913,170.6425,4.4976,1.8045
65.133,1954,,1.0486,1.5106,-0.2438,3.9151,1.7544,0.4481,1.4908,1.3496,0.7475,0.2796,0.0458,1.0644,0.7833,0.7432,0.6021,0.468,0.2337,126.1594,169.3846,4.4915,1.8171
65.167,1955,,1.0811,1.5358,-0.1635,3.867,1.6992,0.4394,1.5161,1.3755,0.7867,0.3156,0.0598,1.0918,0.8046,0.7294,0.5888,0.4711,0.2558,133.7876,167.1366,4.7721,1.8749
65.2,1956,,1.1094,1.5578,-0.0998,3.8318,1.6576,0.4326,1.534,1.4011,0.8178,0.357,0.069,1.108,0.8115,0.7162,0.5834,0.4608,0.2879,139.8314,164.995,5.632,1.9488
65.233,1957,,1.1276,1.5754,-0.0381,3.7896,1.6135,0.4258,1.5468,1.417,0.8382,0.3869,0.0767,1.1239,0.8176,0.7086,0.5788,0.4514,0.3102,144.1062,162.3984,6.7281,2.0528
65.267,1958,,1.1452,1.5884,0.0412,3.6976,1.5471,0.4184,1.5625,1.4348,0.8556,0.4043,0.0834,1.1425,0.8316,0.7069,0.5793,0.4512,0.321,148.1628,161.1267,7.3435,2.1645
65.3,1959,,1.1512,1.5935,0.0826,3.6411,1.5109,0.4149,1.565,1.4389,0.8634,0.395,0.088,1.1448,0.8292,0.7015,0.5755,0.4685,0.3069,151.4972,160.271,7.2671,2.2432
65.333,1960,,1.1504,1.5953,0.08,3.5907,1.5153,0.422,1.5602,1.4405,0.8602,0.3631,0.08,1.1425,0.8193,0.7,0.5803,0.4971,0.2831,139.6671,159.8617,7.17,2.3603
65.367,1961,,0.9647,1.4651,0.0,3.2984,1.4651,0.4442,1.4357,1.2913,0.6381,0.0706,,0.9471,0.5956,0.7975,0.6531,0.5675,,,160.186,6.4645,2.2269
65.4,1962,,0.9657,1.4692,-0.0,3.2809,1.4692,0.4478,1.4373,1.2946,0.6368,0.0486,,0.9495,0.6005,0.8005,0.6579,0.5882,,,160.202,5.3483,2.3177
65.433,1963,,0.9563,1.4684,0.0,3.2105,1.4684,0.4574,1.4392,1.2898,0.6229,0.0496,,0.9462,0.6117,0.8163,0.6669,0.5733,,,160.747,4.5526,2.4513
65.467,1964,,0.9348,1.4508,0.0,3.1185,1.4508,0.4652,1.4109,1.2718,0.5978,0.023,,0.9261,0.5804,0.8131,0.674,0.5747,,,161.2207,3.293,2.5987
65.5,1965,,0.996,1.4818,0.08,3.053,1.4018,0.4592,1.4577,1.3035,0.6885,0.186,0.08,0.9745,0.6748,0.7692,0.615,0.5025,0.106,130.1612,161.0511,2.0675,2.3782
65.533,1966,,0.986,1.4673,0.08,2.9727,1.3873,0.4667,1.4483,1.2849,0.6872,0.2018,0.08,0.9488,0.6702,0.7612,0.5978,0.4854,0.1218,127.894,161.6767,1.2434,2.1887
65.567,1967,,0.9658,1.4569,0.08,2.9221,1.3769,0.4712,1.4363,1.2655,0.666,0.2049,0.08,0.8958,0.6256,0.7703,0.5994,0.4611,0.1249,122.076,162.8064,2.0266,1.9751
65.6,1968,,0.9502,1.4512,0.08,2.8841,1.3712,0.4754,1.4316,1.2586,0.6419,0.1854,0.08,0.8937,0.2644,0.7897,0.6167,0.4565,0.1054,119.613,162.7107,3.3798,1.8393
65.633,1969,,0.9144,1.4551,0.08,2.886,1.3751,0.4765,1.4351,1.2515,0.5773,0.1186,0.08,0.8674,0.2378,0.8578,0.6742,0.4587,0.0386,105.0963,155.6402,4.0391,1.6759
65.667,1970,,0.8491,1.4224,0.0,2.8621,1.4224,0.497,1.3962,1.2106,0.4876,0.0,,0.8154,0.4366,0.9086,0.723,0.4876,,,159.8531,3.1112,2.1687
65.7,1971,,0.8612,1.4406,0.0,2.89,1.4406,0.4985,1.4127,1.2313,0.491,0.0,,0.841,0.452,0.9217,0.7403,0.491,,,168.8397,3.1054,2.114
65.733,1972,,0.7321,1.3656,-0.0,2.7406,1.3656,0.4983,1.3344,1.1329,0.3314,,,0.7319,0.3309,1.003,0.8015,,,,,4.185,1.843
65.767,1973,,0.7411,1.3729,0.0,2.7611,1.3729,0.4972,1.3385,1.1406,0.3416,,,0.7533,0.369,0.9969,0.7991,,,,,3.6315,1.7577
65.8,1974,,0.753,1.3791,0.0,2.7768,1.3791,0.4966,1.344,1.1465,0.3595,,,0.7672,0.3886,0.9845,0.787,,,,,3.4794,1.7073
65.833,1975,,0.7593,1.3799,0.0,2.7741,1.3799,0.4974,1.3442,1.15,0.3686,,,0.772,0.3998,0.9756,0.7814,,,,,2.464,1.6472
65.867,1976,,0.7658,1.3841,0.0,2.785,1.3841,0.497,1.3444,1.1469,0.3846,,,0.774,0.4086,0.9598,0.7623,,,,,1.9586,1.6687
65.9,1977,,0.7463,1.3628,-0.0,2.7799,1.3628,0.4902,1.3114,1.132,0.3607,-0.0,,0.7705,0.3957,0.9508,0.7714,0.3607,,,145.2229,1.5211,1.7021
65.933,1978,,0.7335,1.3539,0.0,2.7802,1.3539,0.487,1.3015,1.1193,0.3476,0.0,,0.7574,0.3828,0.9539,0.7717,0.3476,,,140.8412,0.3683,1.607
65.967,1979,,0.7676,1.3866,0.0,2.7734,1.3866,0.5,1.3479,1.1415,0.3937,,,0.7745,0.429,0.9542,0.7478,,,,,0.2008,1.4048
66.0,1980,,0.7673,1.3942,0.0,2.7843,1.3942,0.5007,1.3542,1.149,0.3856,,,0.779,0.4359,0.9686,0.7634,,,,,0.2313,1.3846
66.033,1981,,0.7709,1.3938,0.0,2.7624,1.3938,0.5046,1.3527,1.1536,0.3883,,,0.7825,0.4404,0.9644,0.7653,,,,,0.2866,1.3786
66.067,1982,,0.7569,1.3898,0.0,2.737,1.3898,0.5078,1.3487,1.1502,0.3636,,,0.7724,0.4379,0.9851,0.7866,,,,,1.2928,1.3698
66.1,1983,,0.7331,1.375,0.0,2.6768,1.375,0.5137,1.336,1.1389,0.3272,,,0.7502,0.4269,1.0088,0.8118,,,,,1.9096,1.3581
66.133,1984,,0.7141,1.3603,0.0,2.6188,1.3603,0.5195,1.3196,1.125,0.3032,,,0.7282,0.4145,1.0164,0.8218,,,,,1.8087,1.3623
66.167,1985,,0.707,1.357,0.0,2.5875,1.357,0.5245,1.3148,1.1177,0.2963,,,0.7147,0.4045,1.0185,0.8214,,,,,1.7973,1.3958
66.2,1986,,0.6987,1.3355,0.0,2.5007,1.3355,0.534,1.2959,1.1017,0.2958,,,0.6834,0.3895,1.0001,0.8058,,,,,1.4456,1.3986
66.233,1987,,0.811,1.2966,0.0,2.3897,1.2966,0.5426,1.2553,1.0591,0.3149,,,0.619,0.3612,0.9404,0.7442,,,,,2.9459,1.3692
66.267,1988,,0.5508,1.0861,-0.0,2.0086,1.0861,0.5407,1.0387,0.8262,-0.0,,,0.309,0.3954,1.0387,0.8262,,,,,2.476,1.1255
66.3,1989,,0.8337,1.1033,-0.0,1.9674,1.1033,0.5608,1.0746,0.8337,,,,0.3065,0.4695,,,,,,,,0.9965
66.333,1990,,0.8479,1.1071,-0.0,1.9283,1.1071,0.5741,1.0803,0.8479,,,,0.311,0.4867,,,,,,,,0.9932
66.367,1991,,0.8502,1.1042,0.0,1.8917,1.1042,0.5837,1.0803,0.8502,,,,0.3086,0.4813,,,,,,,,0.9829
66.4,1992,,0.8408,1.0832,0.0,1.8303,1.0832,0.5918,1.0554,0.8408,,,,0.2892,0.4505,,,,,,,,1.0184
66.433,1993,,0.7588,0.9867,0.0,1.6006,0.9867,0.6164,0.9867,0.7588,,,,0.2785,0.3779,,,,,,,,1.4899
66.467,1994,,,,,,,,,,,,,,,,,,,,,,
66.5,1995,,,,,,,,,,,,,,,,,,,,,,
66.533,1996,,0.1942,0.4914,-0.0,0.7893,0.4914,0.6226,0.4914,0.1942,,,,,,,,,,,,,0.7157
66.567,1997,,0.1984,0.4695,0.0,0.7423,0.4695,0.6325,0.4695,0.1984,,,,,,,,,,,,,0.7598
66.6,1998,,0.0,0.0,0.0,,0.0,,,0.0,,,,,,,,,,,,,
66.733,2002,,,,,,,,,,,,,,,,,,,,,,
66.8,2004,,,,,,,,,,,,,,,,,,,,,,
66.833,2005,,,,,,,,,,,,,,,,,,,,,,
66.867,2006,,,,,,,,,,,,,,,,,,,,,,
66.9,2007,,,,,,,,,,,,,,,,,,,,,,
