t,frame,posture,h_torso,h_max,h_min,floor_spread,vertical_extent,compactness,h_head,h_shoulder,h_hip,h_knee,h_ankle,h_elbow,h_wrist,head_above_hip,shoulder_above_hip,hip_above_knee,knee_above_ankle,knee_angle,hip_angle,torso_tilt,bbox_aspect
0.0,0,,,,,,,,,,,,,,,,,,,,,,
0.033,1,,,,,,,,,,,,,,,,,,,,,,
0.067,2,,,,,,,,,,,,,,,,,,,,,,
0.1,3,,,,,,,,,,,,,,,,,,,,,,
0.133,4,,,,,,,,,,,,,,,,,,,,,,
0.167,5,,,,,,,,,,,,,,,,,,,,,,
0.2,6,,,,,,,,,,,,,,,,,,,,,,
0.233,7,,,,,,,,,,,,,,,,,,,,,,
0.3,9,,,,,,,,,,,,,,,,,,,,,,
0.333,10,,,,,,,,,,,,,,,,,,,,,,
0.367,11,,,,,,,,,,,,,,,,,,,,,,
0.4,12,,,,,,,,,,,,,,,,,,,,,,
0.467,14,,,,,,,,,,,,,,,,,,,,,,
0.5,15,,,,,,,,,,,,,,,,,,,,,,
0.533,16,,,,,,,,,,,,,,,,,,,,,,
0.567,17,,,,,,,,,,,,,,,,,,,,,,
0.6,18,,,,,,,,,,,,,,,,,,,,,,
0.667,20,,,,,,,,,,,,,,,,,,,,,,
0.7,21,,,,,,,,,,,,,,,,,,,,,,
0.767,23,,,,,,,,,,,,,,,,,,,,,,
0.8,24,,,,,,,,,,,,,,,,,,,,,,
0.867,26,,,,,,,,,,,,,,,,,,,,,,
0.9,27,,,,,,,,,,,,,,,,,,,,,,
0.933,28,,,,,,,,,,,,,,,,,,,,,,
0.967,29,,,,,,,,,,,,,,,,,,,,,,
1.0,30,,,,,,,,,,,,,,,,,,,,,,
1.033,31,,,,,,,,,,,,,,,,,,,,,,
1.067,32,,,,,,,,,,,,,,,,,,,,,,
1.1,33,,,,,,,,,,,,,,,,,,,,,,
1.133,34,,,,,,,,,,,,,,,,,,,,,,
1.167,35,,,,,,,,,,,,,,,,,,,,,,
1.2,36,,,,,,,,,,,,,,,,,,,,,,
1.233,37,,,,,,,,,,,,,,,,,,,,,,
1.267,38,,,,,,,,,,,,,,,,,,,,,,
1.3,39,,,,,,,,,,,,,,,,,,,,,,
1.333,40,,,,,,,,,,,,,,,,,,,,,,
1.367,41,,,,,,,,,,,,,,,,,,,,,,
1.4,42,,,,,,,,,,,,,,,,,,,,,,
1.467,44,,,,,,,,,,,,,,,,,,,,,,
1.5,45,,,,,,,,,,,,,,,,,,,,,,
1.533,46,,,,,,,,,,,,,,,,,,,,,,
1.567,47,,,,,,,,,,,,,,,,,,,,,,
1.6,48,,,,,,,,,,,,,,,,,,,,,,
1.633,49,,,,,,,,,,,,,,,,,,,,,,
1.667,50,,,,,,,,,,,,,,,,,,,,,,
1.7,51,,,,,,,,,,,,,,,,,,,,,,
1.733,52,,,,,,,,,,,,,,,,,,,,,,
1.767,53,,,,,,,,,,,,,,,,,,,,,,
1.8,54,,,,,,,,,,,,,,,,,,,,,,
1.833,55,,,,,,,,,,,,,,,,,,,,,,
1.867,56,,,,,,,,,,,,,,,,,,,,,,
1.9,57,,,,,,,,,,,,,,,,,,,,,,
1.933,58,,,,,,,,,,,,,,,,,,,,,,
1.967,59,,,,,,,,,,,,,,,,,,,,,,
2.0,60,,,,,,,,,,,,,,,,,,,,,,
2.033,61,,,,,,,,,,,,,,,,,,,,,,
2.067,62,,,,,,,,,,,,,,,,,,,,,,
2.1,63,,,,,,,,,,,,,,,,,,,,,,
2.133,64,,,,,,,,,,,,,,,,,,,,,,
2.167,65,,,,,,,,,,,,,,,,,,,,,,
2.2,66,,,,,,,,,,,,,,,,,,,,,,
2.233,67,,,,,,,,,,,,,,,,,,,,,,
2.267,68,,,,,,,,,,,,,,,,,,,,,,
2.3,69,,,,,,,,,,,,,,,,,,,,,,
2.333,70,,,,,,,,,,,,,,,,,,,,,,
2.367,71,,,,,,,,,,,,,,,,,,,,,,
2.4,72,,,,,,,,,,,,,,,,,,,,,,
2.433,73,,,,,,,,,,,,,,,,,,,,,,
2.467,74,,,,,,,,,,,,,,,,,,,,,,
2.5,75,,,,,,,,,,,,,,,,,,,,,,
2.533,76,,,,,,,,,,,,,,,,,,,,,,
2.567,77,,,,,,,,,,,,,,,,,,,,,,
2.6,78,,,,,,,,,,,,,,,,,,,,,,
2.633,79,,,,,,,,,,,,,,,,,,,,,,
2.667,80,,,,,,,,,,,,,,,,,,,,,,
2.7,81,,,,,,,,,,,,,,,,,,,,,,
2.733,82,,,,,,,,,,,,,,,,,,,,,,
2.767,83,,,,,,,,,,,,,,,,,,,,,,
2.8,84,,,,,,,,,,,,,,,,,,,,,,
2.833,85,,,,,,,,,,,,,,,,,,,,,,
2.867,86,,,,,,,,,,,,,,,,,,,,,,
2.9,87,,,,,,,,,,,,,,,,,,,,,,
2.933,88,,,,,,,,,,,,,,,,,,,,,,
2.967,89,,,,,,,,,,,,,,,,,,,,,,
3.0,90,,,,,,,,,,,,,,,,,,,,,,
3.033,91,,,,,,,,,,,,,,,,,,,,,,
3.067,92,,,,,,,,,,,,,,,,,,,,,,
3.1,93,,,,,,,,,,,,,,,,,,,,,,
3.133,94,,,,,,,,,,,,,,,,,,,,,,
3.167,95,,,,,,,,,,,,,,,,,,,,,,
3.2,96,,,,,,,,,,,,,,,,,,,,,,
3.233,97,,,,,,,,,,,,,,,,,,,,,,
3.267,98,,,,,,,,,,,,,,,,,,,,,,
3.3,99,,,,,,,,,,,,,,,,,,,,,,
3.333,100,,,,,,,,,,,,,,,,,,,,,,
3.367,101,,,,,,,,,,,,,,,,,,,,,,
3.4,102,,,,,,,,,,,,,,,,,,,,,,
3.433,103,,,,,,,,,,,,,,,,,,,,,,
3.467,104,,,,,,,,,,,,,,,,,,,,,,
3.5,105,,,,,,,,,,,,,,,,,,,,,,
3.533,106,,,,,,,,,,,,,,,,,,,,,,
3.567,107,,,,,,,,,,,,,,,,,,,,,,
3.6,108,,,,,,,,,,,,,,,,,,,,,,
3.633,109,,,,,,,,,,,,,,,,,,,,,,
3.667,110,,,,,,,,,,,,,,,,,,,,,,
3.7,111,,,,,,,,,,,,,,,,,,,,,,
3.733,112,,,,,,,,,,,,,,,,,,,,,,
3.767,113,,,,,,,,,,,,,,,,,,,,,,
3.8,114,,,,,,,,,,,,,,,,,,,,,,
3.833,115,,,,,,,,,,,,,,,,,,,,,,
3.867,116,,,,,,,,,,,,,,,,,,,,,,
3.9,117,,,,,,,,,,,,,,,,,,,,,,
3.933,118,,,,,,,,,,,,,,,,,,,,,,
3.967,119,,,,,,,,,,,,,,,,,,,,,,
4.0,120,,,,,,,,,,,,,,,,,,,,,,
4.033,121,,,,,,,,,,,,,,,,,,,,,,
4.067,122,,,,,,,,,,,,,,,,,,,,,,
4.1,123,,,,,,,,,,,,,,,,,,,,,,
4.133,124,,,,,,,,,,,,,,,,,,,,,,
4.167,125,,,,,,,,,,,,,,,,,,,,,,
4.2,126,,,,,,,,,,,,,,,,,,,,,,
4.233,127,,,,,,,,,,,,,,,,,,,,,,
4.267,128,,,,,,,,,,,,,,,,,,,,,,
4.3,129,,,,,,,,,,,,,,,,,,,,,,
4.333,130,,,,,,,,,,,,,,,,,,,,,,
4.367,131,,,,,,,,,,,,,,,,,,,,,,
4.4,132,,,,,,,,,,,,,,,,,,,,,,
4.433,133,,,,,,,,,,,,,,,,,,,,,,
4.467,134,,,,,,,,,,,,,,,,,,,,,,
4.5,135,,,,,,,,,,,,,,,,,,,,,,
4.533,136,,,,,,,,,,,,,,,,,,,,,,
4.567,137,,,,,,,,,,,,,,,,,,,,,,
4.6,138,,,,,,,,,,,,,,,,,,,,,,
4.633,139,,,,,,,,,,,,,,,,,,,,,,
4.667,140,,,,,,,,,,,,,,,,,,,,,,
4.7,141,,,,,,,,,,,,,,,,,,,,,,
4.733,142,,,,,,,,,,,,,,,,,,,,,,
4.767,143,,,,,,,,,,,,,,,,,,,,,,
4.8,144,,,,,,,,,,,,,,,,,,,,,,
4.833,145,,,,,,,,,,,,,,,,,,,,,,
4.867,146,,,,,,,,,,,,,,,,,,,,,,
4.9,147,,,,,,,,,,,,,,,,,,,,,,
4.933,148,,,,,,,,,,,,,,,,,,,,,,
4.967,149,,,,,,,,,,,,,,,,,,,,,,
5.0,150,,,,,,,,,,,,,,,,,,,,,,
5.033,151,,,,,,,,,,,,,,,,,,,,,,
5.067,152,,,,,,,,,,,,,,,,,,,,,,
5.167,155,,,,,,,,,,,,,,,,,,,,,,
5.2,156,,,,,,,,,,,,,,,,,,,,,,
5.267,158,,,,,,,,,,,,,,,,,,,,,,
5.3,159,,,,,,,,,,,,,,,,,,,,,,
5.367,161,,,,,,,,,,,,,,,,,,,,,,
5.4,162,,,,,,,,,,,,,,,,,,,,,,
5.467,164,,,,,,,,,,,,,,,,,,,,,,
5.5,165,,,,,,,,,,,,,,,,,,,,,,
5.533,166,,,,,,,,,,,,,,,,,,,,,,
5.567,167,,,,,,,,,,,,,,,,,,,,,,
5.6,168,,,,,,,,,,,,,,,,,,,,,,
5.633,169,,,,,,,,,,,,,,,,,,,,,,
5.667,170,,,,,,,,,,,,,,,,,,,,,,
5.767,173,,,,,,,,,,,,,,,,,,,,,,
5.8,174,,,,,,,,,,,,,,,,,,,,,,
5.867,176,,,,,,,,,,,,,,,,,,,,,,
5.9,177,,,,,,,,,,,,,,,,,,,,,,
5.967,179,,,,,,,,,,,,,,,,,,,,,,
6.0,180,,,,,,,,,,,,,,,,,,,,,,
6.033,181,,,,,,,,,,,,,,,,,,,,,,
6.067,182,,,,,,,,,,,,,,,,,,,,,,
6.1,183,,,,,,,,,,,,,,,,,,,,,,
6.133,184,,,,,,,,,,,,,,,,,,,,,,
6.167,185,,,,,,,,,,,,,,,,,,,,,,
6.2,186,,,,,,,,,,,,,,,,,,,,,,
6.233,187,,,,,,,,,,,,,,,,,,,,,,
6.267,188,,,,,,,,,,,,,,,,,,,,,,
6.3,189,,,,,,,,,,,,,,,,,,,,,,
6.333,190,,,,,,,,,,,,,,,,,,,,,,
6.367,191,,,,,,,,,,,,,,,,,,,,,,
6.4,192,,,,,,,,,,,,,,,,,,,,,,
6.433,193,,,,,,,,,,,,,,,,,,,,,,
6.467,194,,,,,,,,,,,,,,,,,,,,,,
6.5,195,,,,,,,,,,,,,,,,,,,,,,
6.533,196,,,,,,,,,,,,,,,,,,,,,,
6.567,197,,,,,,,,,,,,,,,,,,,,,,
6.6,198,,,,,,,,,,,,,,,,,,,,,,
6.633,199,,,,,,,,,,,,,,,,,,,,,,
6.667,200,,,,,,,,,,,,,,,,,,,,,,
6.7,201,,,,,,,,,,,,,,,,,,,,,,
6.733,202,,,,,,,,,,,,,,,,,,,,,,
6.767,203,,,,,,,,,,,,,,,,,,,,,,
6.8,204,,,,,,,,,,,,,,,,,,,,,,
6.833,205,,,,,,,,,,,,,,,,,,,,,,
6.867,206,,,,,,,,,,,,,,,,,,,,,,
6.9,207,,,,,,,,,,,,,,,,,,,,,,
6.933,208,,,,,,,,,,,,,,,,,,,,,,
6.967,209,,,,,,,,,,,,,,,,,,,,,,
7.0,210,,,,,,,,,,,,,,,,,,,,,,
7.033,211,,,,,,,,,,,,,,,,,,,,,,
7.067,212,,,,,,,,,,,,,,,,,,,,,,
7.1,213,,,,,,,,,,,,,,,,,,,,,,
7.133,214,,,,,,,,,,,,,,,,,,,,,,
7.167,215,,,,,,,,,,,,,,,,,,,,,,
7.2,216,,,,,,,,,,,,,,,,,,,,,,
7.233,217,,,,,,,,,,,,,,,,,,,,,,
7.267,218,,,,,,,,,,,,,,,,,,,,,,
7.3,219,,,,,,,,,,,,,,,,,,,,,,
7.333,220,,,,,,,,,,,,,,,,,,,,,,
7.367,221,,,,,,,,,,,,,,,,,,,,,,
7.4,222,,,,,,,,,,,,,,,,,,,,,,
7.433,223,,,,,,,,,,,,,,,,,,,,,,
7.467,224,,,,,,,,,,,,,,,,,,,,,,
7.5,225,,,,,,,,,,,,,,,,,,,,,,
7.533,226,,,,,,,,,,,,,,,,,,,,,,
7.567,227,,,,,,,,,,,,,,,,,,,,,,
7.6,228,,,,,,,,,,,,,,,,,,,,,,
7.633,229,,,,,,,,,,,,,,,,,,,,,,
7.667,230,,,,,,,,,,,,,,,,,,,,,,
7.7,231,,,,,,,,,,,,,,,,,,,,,,
7.733,232,,,,,,,,,,,,,,,,,,,,,,
7.767,233,,,,,,,,,,,,,,,,,,,,,,
7.8,234,,,,,,,,,,,,,,,,,,,,,,
7.833,235,,,,,,,,,,,,,,,,,,,,,,
7.867,236,,,,,,,,,,,,,,,,,,,,,,
7.9,237,,,,,,,,,,,,,,,,,,,,,,
7.933,238,,,,,,,,,,,,,,,,,,,,,,
7.967,239,,,,,,,,,,,,,,,,,,,,,,
8.0,240,,,,,,,,,,,,,,,,,,,,,,
8.033,241,,,,,,,,,,,,,,,,,,,,,,
8.067,242,,,,,,,,,,,,,,,,,,,,,,
8.1,243,,,,,,,,,,,,,,,,,,,,,,
8.133,244,,,,,,,,,,,,,,,,,,,,,,
8.167,245,,,,,,,,,,,,,,,,,,,,,,
8.2,246,,,,,,,,,,,,,,,,,,,,,,
8.233,247,,0.6148,0.6148,0.0,0.8684,0.6148,0.708,,0.6148,,,,0.1972,0.0,,,,,,,,0.7329
8.267,248,,0.6432,0.6432,0.0,0.9206,0.6432,0.6987,,0.6432,,,,0.2065,0.0,,,,,,,,0.7481
8.3,249,,0.5618,0.8236,-0.0,1.4021,0.8236,0.5874,0.8236,0.5618,,,,0.1182,-0.0,,,,,,,,0.3465
8.333,250,,0.609,0.9078,0.0,1.5664,0.9078,0.5795,0.9078,0.609,,,,0.153,0.0,,,,,,,,0.3818
8.367,251,,0.6327,0.9641,0.0,1.6846,0.9641,0.5723,0.9641,0.6327,,,,0.1687,0.0,,,,,,,,0.3929
8.4,252,,0.643,0.998,0.0,1.7555,0.998,0.5685,0.998,0.643,,,,0.1726,0.0,,,,,,,,0.3844
8.433,253,,0.6518,1.0192,0.0,1.7938,1.0192,0.5681,1.0192,0.6518,,,,0.1798,0.0,,,,,,,,0.3778
8.467,254,,0.6559,1.0333,0.0,1.8162,1.0333,0.569,1.0333,0.6559,,,,0.1769,0.0,,,,,,,,0.3861
8.5,255,,0.6659,1.0514,0.0,1.8411,1.0514,0.571,1.0514,0.6659,,,,0.1663,0.0,,,,,,,,0.4096
8.533,256,,0.6712,1.0601,0.0,1.8399,1.0601,0.5762,1.0601,0.6712,,,,0.1655,0.0,,,,,,,,0.4391
8.567,257,,0.7017,1.0834,0.0,1.8647,1.0834,0.581,1.0834,0.7017,,,,0.1876,0.0,,,,,,,,0.469
8.6,258,,0.5647,0.9763,0.0,1.6407,0.9763,0.5951,0.9763,0.5647,,,,0.0,,,,,,,,,0.5739
8.633,259,,0.6698,1.0124,0.0,1.6963,1.0124,0.5968,1.0124,0.6698,,,,0.0,,,,,,,,,0.4462
8.667,260,,0.6797,1.0315,0.0,1.7211,1.0315,0.5993,1.0315,0.6797,,,,0.0,,,,,,,,,0.4736
8.7,261,,0.6941,1.0423,0.0,1.7271,1.0423,0.6035,1.0423,0.6941,,,,0.0,,,,,,,,,0.4877
8.733,262,,0.7056,1.0591,0.0,1.7513,1.0591,0.6047,1.0591,0.7056,,,,0.0,,,,,,,,,0.5098
8.767,263,,0.7083,1.0631,0.0,1.7452,1.0631,0.6091,1.0631,0.7083,,,,0.0,,,,,,,,,0.5286
8.8,264,,0.7107,1.0549,0.0,1.7162,1.0549,0.6146,1.0549,0.7107,,,,0.0,,,,,,,,,0.5492
8.833,265,,0.7128,1.0446,0.0,1.6809,1.0446,0.6214,1.0446,0.7128,,,,0.0,,,,,,,,,0.5653
8.867,266,,0.716,1.0382,0.0,1.6566,1.0382,0.6267,1.0382,0.716,,,,0.0,,,,,,,,,0.5876
8.9,267,,0.7252,1.1356,0.0,1.934,1.1356,0.5872,1.0872,0.7252,,,,0.0,,,,,,,,,0.6155
8.933,268,,0.7356,1.0431,-0.0,1.6451,1.0431,0.6341,1.0431,0.7356,,,,-0.0,,,,,,,,,0.6472
8.967,269,,0.7462,1.0454,0.0,1.6451,1.0454,0.6355,1.0454,0.7462,,,,0.0,,,,,,,,,0.6859
9.0,270,,0.7597,1.0475,0.0,1.6385,1.0475,0.6393,1.0475,0.7597,,,,0.0,,,,,,,,,0.7187
9.033,271,,0.7725,1.1547,0.0,1.9415,1.1547,0.5947,1.1047,0.7725,,,,0.0,,,,,,,,,0.7646
9.067,272,,0.7863,1.1659,0.0,1.9641,1.1659,0.5936,1.1155,0.7863,,,,0.3661,,,,,,,,,0.6926
9.1,273,,0.8036,1.0748,0.0,1.6773,1.0748,0.6408,1.0748,0.8036,,,,0.3636,,,,,,,,,0.7044
9.133,274,,0.8153,1.1912,0.0,2.0131,1.1912,0.5917,1.1343,0.8153,,,,0.3636,,,,,,,,,0.7377
9.167,275,,0.8132,1.184,-0.0,1.9882,1.184,0.5955,1.1297,0.8132,,,,0.3648,0.5803,,,,,,,,0.7542
9.2,276,,0.8193,1.1729,0.0,1.9533,1.1729,0.6004,1.123,0.8193,,,,0.3696,0.5054,,,,,,,,0.7599
9.233,277,,0.8267,1.1887,0.0,1.9993,1.1887,0.5946,1.1339,0.8267,,,,0.3687,0.5162,,,,,,,,0.7947
9.267,278,,0.8277,1.1935,0.0,2.0137,1.1935,0.5927,1.138,0.8277,,,,0.3756,0.508,,,,,,,,0.8102
9.3,279,,0.8365,1.2009,0.0,2.0348,1.2009,0.5902,1.1453,0.8365,,,,0.3868,0.5221,,,,,,,,0.8168
9.333,280,,0.8458,1.2064,0.0,2.052,1.2064,0.5879,1.1521,0.8458,,,,0.3872,0.5306,,,,,,,,0.8392
9.367,281,,0.6828,1.2124,0.0,2.1246,1.2124,0.5707,1.1568,0.8447,0.3592,,,0.3779,0.2605,0.7976,0.4855,,,,,24.2683,0.7786
9.4,282,,0.4596,1.1862,-0.0184,2.1454,1.2046,0.5615,1.1375,0.8047,0.1145,,,0.3102,0.2266,1.023,0.6902,,,,,3.7593,0.8215
9.433,283,,0.4652,1.2019,0.0,2.1302,1.2019,0.5642,1.1529,0.8188,0.1115,,,0.3287,0.2771,1.0414,0.7073,,,,,4.3008,0.8474
9.467,284,,0.471,1.2193,-0.0,2.152,1.2193,0.5666,1.17,0.8316,0.1104,,,0.3511,0.3372,1.0597,0.7212,,,,,5.2167,0.8824
9.5,285,,0.4755,1.2294,-0.0,2.156,1.2294,0.5702,1.1811,0.8427,0.1083,,,0.3695,0.3986,1.0728,0.7344,,,,,5.77,0.9069
9.533,286,,0.4798,1.2373,0.0,2.1816,1.2373,0.5671,1.1858,0.8518,0.1077,,,0.3854,0.4564,1.0781,0.7441,,,,,6.4995,0.9336
9.567,287,,0.4846,1.245,0.0,2.2126,1.245,0.5627,1.1912,0.8635,0.1058,,,0.4084,0.5048,1.0854,0.7577,,,,,6.3292,0.96
9.6,288,,0.4923,1.2511,0.0,2.2256,1.2511,0.5622,1.2001,0.8808,0.1039,,,0.4643,0.5811,1.0962,0.7769,,,,,4.8737,0.9744
9.633,289,,0.4976,1.1591,-0.0,1.9214,1.1591,0.6033,1.1591,0.8941,0.1011,,,0.5129,0.644,1.058,0.793,,,,,4.238,0.9228
9.667,290,,0.5009,1.1655,0.0,1.9414,1.1655,0.6003,1.1655,0.9019,0.0998,,,0.5583,0.6982,1.0657,0.8022,,,,,4.127,0.9567
9.7,291,,0.5075,1.2714,0.0,2.3001,1.2714,0.5528,1.2205,0.917,0.098,,,0.6001,0.7388,1.1224,0.8189,,,,,4.6114,1.0894
9.733,292,,0.5139,1.2819,0.0,2.3418,1.2819,0.5474,1.2285,0.9305,0.0974,,,0.6416,0.7704,1.1311,0.8331,,,,,4.4927,1.0909
9.767,293,,0.5221,1.1845,0.0,2.0065,1.1845,0.5903,1.1845,0.9448,0.0994,,,0.6796,0.7941,1.0851,0.8455,,,,,4.279,0.9801
9.8,294,,0.5298,1.1972,0.0,2.0481,1.1972,0.5845,1.1972,0.9575,0.102,,,0.7124,0.8179,1.0951,0.8555,,,,,3.4681,0.984
9.833,295,,0.5389,1.2049,0.0,2.083,1.2049,0.5785,1.2049,0.9697,0.1081,,,0.7365,0.8285,1.0969,0.8616,,,,,3.7879,0.9989
9.867,296,,0.5464,1.2116,0.0,2.1213,1.2116,0.5712,1.2116,0.9806,0.1122,,,0.7548,0.8396,1.0995,0.8685,,,,,3.5338,1.0148
9.9,297,,0.5491,1.2175,0.0,2.1552,1.2175,0.5649,1.2175,0.9869,0.1112,,,0.7753,0.8562,1.1063,0.8757,,,,,2.9802,1.0268
9.933,298,,0.544,1.2206,-0.0,2.1931,1.2206,0.5566,1.2206,0.9901,0.0979,,,0.7758,0.856,1.1227,0.8922,,,,,1.9629,1.0609
9.967,299,,0.548,1.2273,0.0,2.2503,1.2273,0.5454,1.2273,0.9991,0.0968,,,0.7708,0.8506,1.1305,0.9023,,,,,1.249,1.0986
10.0,300,,0.5464,1.2221,0.0,2.2864,1.2221,0.5345,1.2221,1.0028,0.09,,,0.76,0.8363,1.1321,0.9128,,,,,0.5145,1.1184
10.033,301,,0.6933,1.3189,0.0,2.519,1.3189,0.5236,1.3189,1.1108,0.2758,0.0,,0.8806,0.947,1.043,0.835,0.2758,,,154.8568,0.0955,1.2986
10.067,302,,0.7307,1.3446,0.0,2.6186,1.3446,0.5135,1.3446,1.1436,0.3178,0.0,,0.9081,0.9841,1.0268,0.8259,0.3178,,,156.1575,0.247,1.3626
10.1,303,,0.8439,1.4141,0.0,2.8026,1.4141,0.5046,1.4141,1.2312,0.4566,0.065,,1.0032,1.089,0.9574,0.7746,0.3917,,,153.77,0.7227,1.4994
10.133,304,,0.8664,1.4264,-0.0,2.8883,1.4264,0.4939,1.4264,1.2394,0.4935,0.0577,,1.0121,1.1082,0.933,0.746,0.4358,,,154.2949,1.3118,1.5345
10.167,305,,0.8511,1.4114,0.0,2.9027,1.4114,0.4862,1.4114,1.219,0.4832,0.0265,,0.9867,1.0964,0.9282,0.7358,0.4567,,,152.2254,1.3607,1.5226
10.2,306,,0.8467,1.4194,-0.0,2.9674,1.4194,0.4783,1.4194,1.2109,0.4826,0.0432,,0.9744,1.1087,0.9369,0.7284,0.4394,,,149.7124,0.7761,1.5405
10.233,307,,0.8684,1.4291,-0.0,3.022,1.4291,0.4729,1.4291,1.2262,0.5107,0.0832,,0.9874,1.137,0.9184,0.7155,0.4274,,,147.6603,0.636,1.587
10.267,308,,0.871,1.4363,0.0,3.0804,1.4363,0.4663,1.4363,1.2254,0.5165,0.1152,,0.9988,1.1336,0.9198,0.7089,0.4013,,,145.3432,0.4178,1.6317
10.3,309,,0.8771,1.4437,0.0,3.1389,1.4437,0.4599,1.4437,1.2322,0.522,0.1454,,1.008,1.1312,0.9217,0.7103,0.3765,,,143.9244,0.4739,1.6675
10.333,310,,0.8778,1.4472,-0.0,3.1839,1.4472,0.4545,1.4472,1.2362,0.5195,0.162,,1.0061,1.1402,0.9277,0.7167,0.3574,,,142.6552,0.1808,1.7018
10.367,311,,0.8796,1.4493,0.0,3.2171,1.4493,0.4505,1.4493,1.2399,0.5192,0.176,,1.0049,1.1381,0.93,0.7207,0.3433,,,141.8542,0.2013,1.7234
10.4,312,,1.0764,1.5708,0.08,3.4399,1.4908,0.4334,1.5708,1.3913,0.7615,0.4497,0.08,1.1791,1.29,0.8093,0.6298,0.3118,0.3697,92.9926,142.2488,0.5767,1.9831
10.433,313,,1.0847,1.5775,0.08,3.4831,1.4975,0.4299,1.5775,1.3969,0.7726,0.4598,0.08,1.1834,1.2915,0.8049,0.6243,0.3128,0.3798,102.6346,143.8791,0.7996,2.0353
10.467,314,,1.0868,1.5808,0.08,3.5208,1.5008,0.4263,1.5808,1.3982,0.7754,0.4584,0.08,1.1827,1.2896,0.8054,0.6227,0.317,0.3784,114.1001,146.3277,1.0489,2.0624
10.5,315,,1.1116,1.6051,0.0465,3.6697,1.5586,0.4247,1.6051,1.4212,0.802,0.4855,0.0948,1.204,1.3102,0.8031,0.6192,0.3165,0.3907,151.8165,150.2523,1.2759,2.2275
10.533,316,,1.1123,1.6038,0.0347,3.7016,1.5691,0.4239,1.6038,1.4213,0.8033,0.4703,0.0973,1.1962,1.3023,0.8005,0.618,0.333,0.3729,159.3212,153.9667,1.8845,2.3008
10.567,317,,1.1057,1.5962,0.0086,3.7293,1.5876,0.4257,1.5962,1.4136,0.7978,0.4431,0.0979,1.1774,1.2861,0.7984,0.6158,0.3547,0.3451,166.3214,156.986,2.7353,2.3782
10.6,318,,1.0932,1.5893,-0.0248,3.7714,1.6141,0.428,1.5893,1.4054,0.781,0.4104,0.096,1.1568,1.2703,0.8083,0.6244,0.3706,0.3144,171.8228,160.7164,2.9931,2.455
10.633,319,,1.0957,1.591,-0.0384,3.8183,1.6294,0.4267,1.591,1.406,0.7855,0.4016,0.0944,1.1482,1.2532,0.8055,0.6205,0.3838,0.3072,175.2216,162.6741,3.7093,2.5487
10.667,320,,1.0999,1.6486,-0.042,4.2187,1.6905,0.4007,1.6232,1.4079,0.7918,0.3995,0.0934,1.142,1.2332,0.8314,0.6161,0.3923,0.3061,177.3975,164.0495,4.0254,2.6456
10.7,321,,1.1075,1.6036,-0.0419,3.9375,1.6456,0.4179,1.6036,1.4128,0.8021,0.4085,0.0929,1.1316,1.1911,0.8015,0.6107,0.3936,0.3156,179.1259,166.3653,4.4091,2.4648
10.733,322,,1.1236,1.6639,-0.0324,4.3608,1.6963,0.389,1.6398,1.4259,0.8213,0.4212,0.0931,1.1346,1.1501,0.8185,0.6045,0.4002,0.3281,177.0113,168.5696,4.5179,2.5316
10.767,323,,1.1392,1.6773,-0.0242,4.4666,1.7015,0.3809,1.6538,1.438,0.8403,0.4386,0.0929,1.1462,1.1221,0.8134,0.5977,0.4017,0.3457,176.211,170.0487,4.7192,2.5345
10.8,324,,1.1535,1.6868,-0.0095,4.5488,1.6962,0.3729,1.6643,1.4486,0.8584,0.4635,0.0933,1.1548,1.0876,0.8059,0.5901,0.3949,0.3702,176.537,170.6115,5.5037,2.4958
10.833,325,,1.1592,1.6898,0.0116,4.5936,1.6782,0.3653,1.6686,1.4545,0.8639,0.4828,0.0935,1.1579,1.0484,0.8047,0.5906,0.3812,0.3893,176.4718,171.3218,6.3047,2.4828
10.867,326,,1.156,1.6904,0.0503,4.6275,1.6401,0.3544,1.6691,1.4542,0.8579,0.489,0.0933,1.157,1.0116,0.8112,0.5963,0.3689,0.3957,176.5742,171.1889,6.4693,2.4638
10.9,327,,1.154,1.69,0.0796,4.649,1.6104,0.3464,1.6706,1.4548,0.8533,0.4889,0.0918,1.1541,0.9829,0.8174,0.6015,0.3644,0.3971,176.2918,172.3945,6.7044,2.4513
10.933,328,,1.1505,1.6907,0.0692,4.7064,1.6215,0.3445,1.6729,1.4522,0.8489,0.4874,0.0891,1.1496,0.9523,0.824,0.6034,0.3614,0.3983,176.0838,173.5379,7.3706,2.4685
10.967,329,,1.1577,1.6933,0.0459,4.7956,1.6474,0.3435,1.6768,1.4546,0.8607,0.4961,0.0865,1.1509,0.9376,0.8161,0.5939,0.3646,0.4097,175.0396,173.8444,8.3714,2.447
11.0,330,,1.167,1.695,0.0282,4.8681,1.6668,0.3424,1.6792,1.4586,0.8755,0.5054,0.084,1.1531,0.9316,0.8037,0.5832,0.3701,0.4214,174.8975,172.1592,9.1243,2.4015
11.033,331,,1.1749,1.6934,0.0191,4.8903,1.6744,0.3424,1.6796,1.4631,0.8867,0.5089,0.0822,1.1579,0.931,0.7929,0.5765,0.3777,0.4268,175.536,171.2413,9.9256,2.342
11.067,332,,1.1789,1.6909,0.0057,4.9175,1.6851,0.3427,1.6781,1.4653,0.8924,0.5101,0.0805,1.159,0.9289,0.7857,0.5729,0.3823,0.4297,175.9476,170.8157,10.3694,2.2979
11.1,333,,1.1717,1.685,-0.0198,4.9548,1.7047,0.3441,1.673,1.4603,0.8831,0.5039,0.0781,1.15,0.9153,0.7899,0.5772,0.3792,0.4258,176.0114,170.5947,10.6254,2.2658
11.133,334,,1.1626,1.6784,-0.0509,5.0047,1.7293,0.3455,1.6662,1.4515,0.8736,0.493,0.0749,1.1378,0.8975,0.7925,0.5779,0.3806,0.4181,176.6402,171.5071,10.3391,2.2606
11.167,335,,1.1588,1.6767,-0.0758,5.0646,1.7525,0.346,1.6643,1.4484,0.8691,0.4862,0.072,1.1369,0.8904,0.7952,0.5793,0.3829,0.4143,177.6005,172.5753,9.8237,2.2781
11.2,336,,1.1597,1.6787,-0.0914,5.1244,1.7701,0.3454,1.6664,1.4515,0.868,0.4807,0.0697,1.143,0.8955,0.7983,0.5834,0.3873,0.411,178.9361,173.074,9.3621,2.3098
11.233,337,,1.1601,1.6782,-0.1096,5.1649,1.7878,0.3461,1.6671,1.4563,0.8638,0.4738,0.0673,1.1471,0.9069,0.8033,0.5925,0.39,0.4065,178.5061,173.354,8.8922,2.3517
11.267,338,,1.1561,1.6759,-0.1322,5.2107,1.8081,0.347,1.6656,1.4533,0.859,0.4739,0.0643,1.1467,0.9147,0.8065,0.5942,0.3851,0.4096,177.8011,174.1554,8.7351,2.3808
11.3,339,,1.1574,1.6783,-0.1433,5.2717,1.8216,0.3455,1.6685,1.4547,0.8601,0.479,0.0628,1.1513,0.9279,0.8084,0.5946,0.3811,0.4162,177.5769,174.9311,8.4689,2.4216
11.333,340,,1.1628,1.6815,-0.1457,5.3216,1.8273,0.3434,1.6722,1.4579,0.8676,0.4869,0.0625,1.1575,0.9468,0.8046,0.5902,0.3807,0.4245,177.434,175.5695,8.2666,2.469
11.367,341,,1.1651,1.6818,-0.1567,5.3687,1.8385,0.3424,1.673,1.4593,0.8709,0.4974,0.0609,1.1606,0.9618,0.8022,0.5884,0.3734,0.4365,177.5903,176.1562,8.0235,2.5216
11.4,342,,1.1712,1.6866,-0.1629,5.4508,1.8494,0.3393,1.6777,1.4641,0.8783,0.5018,0.06,1.1651,0.9774,0.7995,0.5858,0.3765,0.4418,178.1428,176.231,7.768,2.5977
11.433,343,,1.1813,1.6909,-0.1602,5.5232,1.8512,0.3352,1.6821,1.4705,0.8922,0.5115,0.0605,1.1781,1.0001,0.7899,0.5783,0.3806,0.4511,178.3929,176.0654,7.4856,2.6567
11.467,344,,1.185,1.6903,-0.1369,5.5602,1.8273,0.3286,1.6824,1.4725,0.8975,0.5296,0.064,1.1786,1.0141,0.7849,0.575,0.3678,0.4657,178.2592,175.6896,7.3327,2.6902
11.5,345,,1.186,1.6896,-0.0935,5.5723,1.7831,0.32,1.6822,1.4743,0.8976,0.5374,0.0698,1.1796,1.0261,0.7846,0.5767,0.3602,0.4677,177.3907,174.7316,7.2005,2.7034
11.533,346,,1.1832,1.6901,-0.0532,5.5899,1.7433,0.3119,1.6826,1.4764,0.89,0.5316,0.0742,1.1793,1.0353,0.7925,0.5864,0.3584,0.4574,174.676,173.4039,7.0336,2.7639
11.567,347,,1.1791,1.6889,-0.011,5.6057,1.6999,0.3033,1.6808,1.4753,0.883,0.5261,0.0779,1.1751,1.0445,0.7978,0.5923,0.3568,0.4482,171.9727,171.891,6.9596,2.7902
11.6,348,,1.1774,1.6704,0.0204,5.4303,1.6501,0.3039,1.6704,1.477,0.8777,0.5321,0.0799,1.1741,1.0457,0.7928,0.5993,0.3456,0.4523,169.5284,170.2263,6.9153,2.7234
11.633,349,,1.1751,1.6677,0.0491,5.4266,1.6186,0.2983,1.6677,1.4775,0.8727,0.532,0.0811,1.1729,1.0437,0.795,0.6048,0.3407,0.4509,167.4173,169.1571,6.7769,2.7069
11.667,350,,1.1759,1.6837,0.0733,5.6256,1.6105,0.2863,1.6747,1.4759,0.8758,0.5348,0.0816,1.1706,1.0388,0.7989,0.6002,0.341,0.4532,165.4405,168.128,6.7184,2.7466
11.7,351,,1.1759,1.6658,0.0725,5.4839,1.5933,0.2905,1.6658,1.478,0.8739,0.5319,0.0819,1.1733,1.0345,0.7919,0.6041,0.3419,0.45,165.1716,167.9566,6.6328,2.691
11.733,352,,1.1729,1.6645,0.0543,5.5334,1.6102,0.291,1.6645,1.4776,0.8682,0.5241,0.0818,1.1734,1.0473,0.7963,0.6094,0.344,0.4423,165.8492,168.6223,6.5292,2.7501
11.767,353,,1.1709,1.6843,0.0338,5.8067,1.6505,0.2842,1.6739,1.4758,0.8659,0.5103,0.0814,1.1709,1.0626,0.808,0.61,0.3555,0.429,167.3077,169.914,6.5117,2.8662
11.8,354,,1.1598,1.6813,0.0021,5.8894,1.6792,0.2851,1.6701,1.4671,0.8525,0.4944,0.08,1.1595,1.056,0.8176,0.6146,0.3581,0.4144,168.7542,170.8169,6.6724,2.9257
11.833,355,,1.1575,1.6802,-0.0104,5.9324,1.6906,0.285,1.6682,1.4636,0.8513,0.4937,0.0791,1.156,1.0638,0.8169,0.6123,0.3576,0.4146,169.9315,171.8135,6.9072,2.9796
11.867,356,,1.1592,1.6821,-0.0101,5.9696,1.6922,0.2835,1.6691,1.4633,0.8551,0.4985,0.079,1.1561,1.0654,0.814,0.6082,0.3567,0.4195,170.6242,172.3955,7.3539,3.0359
11.9,357,,1.161,1.6565,-0.0033,5.7039,1.6598,0.291,1.6565,1.4635,0.8585,0.504,0.0793,1.1596,1.0704,0.798,0.605,0.3545,0.4247,171.0905,172.6973,7.9753,2.9502
11.933,358,,1.1614,1.6844,0.0097,6.0195,1.6747,0.2782,1.6695,1.4621,0.8607,0.5078,0.0801,1.1595,1.0671,0.8087,0.6014,0.353,0.4277,171.2497,172.619,8.6802,2.9937
11.967,359,,1.1625,1.6505,0.029,5.6835,1.6214,0.2853,1.6505,1.4582,0.8668,0.5129,0.081,1.1589,1.0619,0.7837,0.5914,0.3539,0.4319,171.5283,172.5151,9.3636,2.8408
12.0,360,,1.1661,1.6437,0.0499,5.6465,1.5937,0.2823,1.6437,1.4532,0.879,0.5194,0.0816,1.1559,1.0488,0.7647,0.5742,0.3596,0.4378,171.7918,172.5461,9.8904,2.7949
12.033,361,,1.1609,1.6358,0.0717,5.6041,1.5641,0.2791,1.6358,1.4459,0.8759,0.5134,0.0819,1.1504,1.04,0.7598,0.5699,0.3626,0.4314,172.1048,173.2816,10.0113,2.7541
12.067,362,,1.1642,1.6298,0.0723,5.5773,1.5575,0.2793,1.6287,1.4402,0.8882,0.5172,0.0819,1.1469,1.0318,0.7405,0.5519,0.371,0.4354,171.9026,172.6696,10.6788,2.5589
12.1,363,,1.1644,1.624,0.0545,5.5899,1.5695,0.2808,1.6223,1.4359,0.8929,0.5199,0.0816,1.1461,1.0297,0.7294,0.5431,0.3729,0.4384,171.2199,171.9747,11.2226,2.5714
12.133,364,,1.1639,1.6192,0.0332,5.6189,1.586,0.2823,1.6174,1.4333,0.8945,0.5186,0.081,1.1449,1.0262,0.7229,0.5388,0.3759,0.4377,170.2318,170.8683,11.9102,2.5857
12.167,365,,1.1663,1.6154,0.0175,5.6407,1.598,0.2833,1.6135,1.4324,0.9002,0.5196,0.0803,1.1468,1.0294,0.7133,0.5322,0.3806,0.4393,168.7832,169.1939,12.7765,2.5927
12.2,366,,1.1696,1.6122,0.0003,5.6692,1.6119,0.2843,1.5995,1.4314,0.9078,0.5188,0.0793,1.1475,1.0285,0.6917,0.5235,0.389,0.4395,167.319,167.3111,13.7944,2.5681
12.233,367,,1.1704,1.6085,-0.015,5.6911,1.6235,0.2853,1.5969,1.4308,0.91,0.5164,0.0783,1.1505,1.025,0.6869,0.5208,0.3937,0.4381,165.9684,165.6949,14.6061,2.5417
12.267,368,,1.1695,1.6006,-0.0366,5.6995,1.6372,0.2872,1.5895,1.428,0.911,0.5153,0.0766,1.1505,1.0157,0.6785,0.517,0.3957,0.4387,164.0882,163.4407,15.6056,2.5191
12.3,369,,1.1642,1.5928,-0.0576,5.7076,1.6504,0.2892,1.5814,1.4254,0.903,0.511,0.0746,1.149,1.0139,0.6784,0.5224,0.392,0.4364,163.5707,162.804,15.8681,2.5131
12.333,370,,1.1581,1.588,-0.0741,5.7227,1.6621,0.2904,1.5746,1.4239,0.8922,0.509,0.0729,1.1511,1.0163,0.6824,0.5318,0.3832,0.4361,163.3473,162.238,15.8461,2.5288
12.367,371,,1.1569,1.5866,-0.0854,5.7456,1.672,0.291,1.571,1.4268,0.887,0.5093,0.0715,1.1567,1.0274,0.684,0.5398,0.3777,0.4378,163.492,161.8727,15.7379,2.5631
12.4,372,,1.1563,1.5865,-0.0925,5.7674,1.679,0.2911,1.5688,1.4313,0.8812,0.505,0.0706,1.166,1.0412,0.6875,0.5501,0.3762,0.4345,164.711,162.6535,15.2533,2.6038
12.433,373,,1.158,1.5869,-0.1001,5.8017,1.687,0.2908,1.5665,1.4357,0.8802,0.5034,0.0696,1.1712,1.0493,0.6863,0.5556,0.3768,0.4338,165.3478,163.1367,14.9198,2.6339
12.467,374,,1.1614,1.5862,-0.1089,5.8343,1.6951,0.2905,1.563,1.4367,0.8861,0.5066,0.0685,1.1744,1.0534,0.6768,0.5506,0.3795,0.4381,164.9781,162.3791,15.1901,2.6532
12.5,375,,1.1659,1.5839,-0.1186,5.8592,1.7025,0.2906,1.5577,1.4368,0.8951,0.5102,0.0672,1.1798,1.0554,0.6626,0.5417,0.3849,0.4429,164.2156,161.0869,15.8001,2.6637
12.533,376,,1.1795,1.5835,-0.1137,5.8583,1.6972,0.2897,1.556,1.4419,0.9171,0.5198,0.0678,1.1949,1.0685,0.6389,0.5248,0.3973,0.452,163.9533,159.4597,16.7155,2.6728
12.567,377,,1.1931,1.5857,-0.1043,5.8605,1.69,0.2884,1.5564,1.4492,0.9371,0.5285,0.069,1.21,1.0775,0.6193,0.5121,0.4086,0.4595,164.0503,157.6441,17.7669,2.6818
12.6,378,,1.201,1.5878,-0.0987,5.8658,1.6866,0.2875,1.5565,1.4557,0.9463,0.5326,0.0697,1.2158,1.0707,0.6102,0.5094,0.4138,0.4629,164.1304,155.2671,19.1287,2.7065
12.633,379,,1.2014,1.5855,-0.1019,5.8578,1.6874,0.2881,1.5528,1.4563,0.9464,0.529,0.0693,1.2177,1.0538,0.6064,0.5098,0.4174,0.4597,164.3009,153.5814,20.4032,2.7166
12.667,380,,1.2003,1.5804,-0.1037,5.8294,1.6842,0.2889,1.5458,1.4567,0.9439,0.5238,0.069,1.2191,1.0335,0.6019,0.5129,0.4201,0.4548,164.1118,151.995,21.6091,2.733
12.7,381,,1.1991,1.5759,-0.1003,5.7997,1.6762,0.289,1.5381,1.4551,0.9431,0.5215,0.0692,1.2155,1.014,0.5951,0.512,0.4216,0.4523,164.1577,151.3426,22.4947,2.7342
12.733,382,,1.1984,1.5705,-0.0878,5.7474,1.6583,0.2885,1.5295,1.453,0.9438,0.5229,0.0704,1.2187,1.0015,0.5857,0.5092,0.4209,0.4525,163.4212,150.7039,23.1868,2.6956
12.767,383,,1.1971,1.5624,-0.0707,5.6666,1.6331,0.2882,1.5193,1.4499,0.9443,0.523,0.072,1.219,0.9975,0.575,0.5056,0.4212,0.451,162.5518,150.3087,23.8545,2.6481
12.8,384,,1.1932,1.5503,-0.06,5.5706,1.6103,0.2891,1.5045,1.4419,0.9444,0.5153,0.0728,1.2061,0.9773,0.56,0.4975,0.4291,0.4425,160.8478,149.0423,25.0913,2.562
12.833,385,,1.1863,1.5368,-0.0416,5.4517,1.5784,0.2895,1.4885,1.4339,0.9387,0.5096,0.0745,1.2019,0.9658,0.5497,0.4951,0.4291,0.4352,158.2427,147.6983,26.0684,2.4515
12.867,386,,1.1773,1.5209,-0.0277,5.3149,1.5487,0.2914,1.4721,1.4242,0.9304,0.5055,0.0756,1.2008,0.9599,0.5417,0.4939,0.4249,0.4299,155.649,146.6347,26.6359,2.3383
12.9,387,,1.1683,1.5006,-0.0194,5.1469,1.5199,0.2953,1.4513,1.4122,0.9244,0.5043,0.0764,1.1973,0.9491,0.5269,0.4878,0.4201,0.4279,153.3492,145.4038,27.3856,2.1798
12.933,388,,1.1605,1.4798,-0.0186,4.9842,1.4984,0.3006,1.4297,1.4019,0.9191,0.5048,0.0766,1.1944,0.9418,0.5106,0.4828,0.4143,0.4282,152.6995,144.3927,28.281,2.0756
12.967,389,,1.1534,1.4606,-0.0209,4.8307,1.4815,0.3067,1.4062,1.3927,0.9141,0.5002,0.0766,1.1895,0.9383,0.4921,0.4786,0.4139,0.4237,153.9705,144.2849,29.1277,2.0153
13.0,390,,1.1437,1.4396,-0.0237,4.6667,1.4633,0.3136,1.3854,1.3778,0.9096,0.4999,0.0764,1.1855,0.935,0.4758,0.4682,0.4097,0.4235,155.6192,143.4438,30.3882,1.9575
13.033,391,,1.1317,1.4169,-0.0267,4.5038,1.4437,0.3205,1.3629,1.3591,0.9042,0.5014,0.0762,1.178,0.9288,0.4587,0.4549,0.4028,0.4252,156.4589,141.4363,32.1126,1.8778
13.067,392,,1.1188,1.3892,-0.0274,4.3073,1.4166,0.3289,1.3362,1.3365,0.9011,0.5018,0.0763,1.1644,0.9169,0.4351,0.4355,0.3993,0.4255,157.1788,139.6232,33.803,1.8054
13.1,393,,1.1029,1.3619,-0.0274,4.1225,1.3893,0.337,1.3105,1.3121,0.8938,0.5013,0.0763,1.1434,0.8974,0.4168,0.4183,0.3925,0.4249,157.4728,137.8344,35.207,1.7279
13.133,394,,1.0902,1.3378,-0.0276,3.9684,1.3654,0.3441,1.2849,1.2916,0.8888,0.5017,0.0764,1.1228,0.8819,0.396,0.4028,0.3871,0.4254,157.2403,135.8971,36.4777,1.6626
13.167,395,,1.0743,1.3129,-0.028,3.815,1.3409,0.3515,1.2625,1.2663,0.8824,0.4999,0.0763,1.0995,0.8627,0.3801,0.3839,0.3824,0.4236,156.6391,133.866,37.8116,1.5931
13.2,396,,1.0634,1.2983,-0.028,3.724,1.3263,0.3561,1.2439,1.2499,0.8769,0.4981,0.0764,1.0815,0.8417,0.367,0.373,0.3788,0.4217,155.9439,131.7671,38.7695,1.5496
13.233,397,,1.0482,1.2753,-0.0297,3.5948,1.305,0.363,1.2243,1.2285,0.8679,0.4899,0.0763,1.0603,0.8231,0.3565,0.3606,0.3779,0.4137,154.6907,129.9341,39.5135,1.4932
13.267,398,,1.0364,1.2604,-0.0308,3.5108,1.2912,0.3678,1.2066,1.2098,0.863,0.4836,0.0762,1.0349,0.7184,0.3436,0.3467,0.3794,0.4074,152.6273,126.697,40.9477,1.4643
13.3,399,,1.0235,1.2446,-0.0308,3.424,1.2753,0.3725,1.1854,1.1926,0.8544,0.4794,0.0762,1.0032,0.7647,0.331,0.3382,0.375,0.4031,149.6625,122.8687,42.5087,1.4412
13.333,400,,1.0116,1.2247,-0.0314,3.3165,1.2561,0.3787,1.1663,1.1742,0.8491,0.477,0.0762,0.9755,0.7353,0.3172,0.3251,0.372,0.4008,146.9039,119.0316,44.2998,1.4147
13.367,401,,1.0014,1.2069,-0.0312,3.2207,1.2381,0.3844,1.1458,1.1559,0.8469,0.4779,0.0763,0.9474,0.7003,0.299,0.3091,0.3689,0.4017,143.8532,114.0678,46.8257,1.4003
13.4,402,,0.9884,1.1864,-0.0311,3.1152,1.2175,0.3908,1.126,1.1375,0.8392,0.4777,0.0763,0.9274,0.6755,0.2868,0.2983,0.3615,0.4014,140.0196,109.8359,48.386,1.3801
13.433,403,,0.9755,1.1653,-0.0319,3.0133,1.1971,0.3973,1.1052,1.1206,0.8304,0.4748,0.0762,0.9065,0.6484,0.2747,0.2902,0.3556,0.3986,136.7327,107.0815,49.293,1.3636
13.467,404,,0.9626,1.1468,-0.0312,2.9215,1.178,0.4032,1.0877,1.0987,0.8266,0.477,0.0762,0.8903,0.6351,0.2611,0.2721,0.3496,0.4007,132.9716,102.8755,51.436,1.3476
13.5,405,,0.9498,1.126,-0.0308,2.8247,1.1568,0.4095,1.0716,1.078,0.8216,0.4795,0.0763,0.873,0.6213,0.25,0.2564,0.3421,0.4033,129.4811,98.2213,53.5608,1.3258
13.533,406,,0.9367,1.1075,-0.0289,2.7381,1.1363,0.415,1.0561,1.0598,0.8136,0.4805,0.0764,0.8547,0.6044,0.2425,0.2462,0.3331,0.4041,126.2265,94.6355,54.8892,1.3086
13.567,407,,0.9233,1.0911,-0.0268,2.6686,1.1179,0.4189,1.0354,1.0451,0.8015,0.4777,0.0766,0.8253,0.5735,0.2338,0.2436,0.3239,0.4011,122.9301,92.1538,55.156,1.296
13.6,408,,0.9087,1.0759,-0.026,2.6061,1.1019,0.4228,1.0188,1.0262,0.7912,0.4774,0.0766,0.8027,0.5575,0.2276,0.235,0.3138,0.4008,119.4729,88.4162,56.3445,1.2837
13.633,409,,0.8968,1.0611,-0.024,2.5429,1.0851,0.4267,1.0031,1.0147,0.7789,0.4766,0.0767,0.7973,0.5552,0.2243,0.2358,0.3023,0.3999,116.6652,87.0038,55.8611,1.2708
13.667,410,,0.8864,1.0478,-0.0231,2.476,1.0709,0.4325,0.9873,1.0025,0.7703,0.4769,0.0767,0.7972,0.565,0.217,0.2322,0.2934,0.4002,114.1996,85.1575,55.8376,1.2756
13.7,411,,0.8761,1.0513,-0.0237,2.4886,1.075,0.432,0.9742,0.9969,0.7553,0.4739,0.0767,0.7206,0.5639,0.2189,0.2415,0.2814,0.3973,112.2517,85.5809,53.8121,1.2913
13.733,412,,0.8608,1.0344,-0.0244,2.4227,1.0588,0.437,0.9615,0.9836,0.7379,0.4702,0.0766,0.7818,0.5589,0.2236,0.2456,0.2677,0.3936,110.5018,85.6873,52.1593,1.2811
13.767,413,,0.8473,1.0231,-0.0243,2.3774,1.0474,0.4406,0.9493,0.9729,0.7217,0.4659,0.0765,0.7734,0.5532,0.2276,0.2512,0.2558,0.3893,107.6036,85.2267,50.4924,1.2843
13.8,414,,0.834,1.0122,-0.0246,2.3361,1.0368,0.4438,0.9389,0.9607,0.7073,0.4617,0.0765,0.7645,0.5456,0.2316,0.2534,0.2455,0.3852,105.5686,84.8845,49.1205,1.2913
13.833,415,,0.8242,1.0035,-0.0258,2.305,1.0293,0.4465,0.9284,0.95,0.6984,0.4578,0.0764,0.7558,0.537,0.23,0.2516,0.2405,0.3814,104.2791,84.2606,48.614,1.3102
13.867,416,,0.8134,0.994,-0.0279,2.2738,1.0219,0.4494,0.9227,0.9403,0.6866,0.4542,0.0763,0.7484,0.5294,0.2361,0.2537,0.2324,0.3779,102.9562,83.7373,47.7062,1.3223
13.9,417,,0.8043,0.9896,-0.03,2.2603,1.0196,0.4511,0.9175,0.9342,0.6745,0.4512,0.0762,0.7504,0.528,0.2431,0.2598,0.2233,0.3749,102.1935,84.1304,46.0225,1.3309
13.933,418,,0.796,0.9842,-0.032,2.2423,1.0162,0.4532,0.9142,0.9289,0.663,0.4477,0.0761,0.7532,0.5284,0.2512,0.266,0.2153,0.3716,101.6132,84.7595,44.1916,1.331
13.967,419,,0.7925,0.9872,-0.0367,2.2583,1.0239,0.4534,0.909,0.9274,0.6576,0.4469,0.0758,0.7661,0.5627,0.2514,0.2698,0.2107,0.3712,102.4311,86.278,42.2892,1.3461
14.0,420,,0.7894,0.9842,-0.0393,2.2488,1.0236,0.4552,0.9092,0.924,0.6548,0.4479,0.0756,0.7749,0.5697,0.2544,0.2692,0.207,0.3723,103.4471,87.4556,40.7182,1.3662
14.033,421,,0.7859,0.978,-0.041,2.2265,1.019,0.4577,0.9095,0.9201,0.6517,0.4485,0.0755,0.7733,0.5616,0.2579,0.2684,0.2032,0.373,104.4137,88.105,39.4115,1.3893
14.067,422,,0.7818,0.9779,-0.0432,2.231,1.021,0.4577,0.905,0.9175,0.6461,0.4444,0.0754,0.7729,0.5612,0.2589,0.2715,0.2017,0.369,105.6562,90.7909,36.7328,1.4428
14.1,423,,0.7794,0.9795,-0.0422,2.2356,1.0217,0.457,0.9033,0.9174,0.6414,0.4449,0.0755,0.7725,0.5649,0.2618,0.2759,0.1966,0.3694,106.4229,92.8601,33.9174,1.4985
14.133,424,,0.7773,0.9837,-0.0387,2.2437,1.0224,0.4557,0.9014,0.9191,0.6354,0.4466,0.0758,0.7936,0.592,0.266,0.2837,0.1888,0.3708,106.712,94.8884,30.5465,1.4695
14.167,425,,0.7742,0.9824,-0.041,2.2413,1.0234,0.4566,0.9022,0.9192,0.6292,0.4465,0.0755,0.8041,0.6149,0.2729,0.2899,0.1827,0.371,106.8193,96.8091,27.3445,1.4857
14.2,426,,0.7667,0.9707,-0.0402,2.1959,1.0108,0.4603,0.9047,0.9127,0.6207,0.4501,0.0756,0.7991,0.6095,0.2839,0.292,0.1706,0.3745,106.6577,98.0257,24.1415,1.4619
14.233,427,,0.7603,0.9617,-0.0359,2.1571,0.9976,0.4625,0.9063,0.9073,0.6133,0.4541,0.0759,0.7902,0.5911,0.293,0.294,0.1593,0.3781,106.1945,98.7819,21.2789,1.3994
14.267,428,,0.7531,0.9612,-0.0317,2.1492,0.9928,0.462,0.9104,0.8998,0.6063,0.4575,0.0762,0.7778,0.5651,0.304,0.2935,0.1489,0.3813,105.6965,99.3206,19.0106,1.3549
14.3,429,,0.7508,0.9616,-0.0312,2.1506,0.9928,0.4616,0.9139,0.8948,0.6068,0.4622,0.0762,0.7654,0.4026,0.3071,0.288,0.1446,0.386,105.5308,101.3431,16.2407,1.3224
14.333,430,,0.7467,0.9661,-0.0263,2.1606,0.9924,0.4593,0.9195,0.8903,0.603,0.4667,0.0765,0.7478,0.5154,0.3165,0.2873,0.1364,0.3902,105.2037,101.9678,13.9041,1.2972
14.367,431,,0.7459,0.9719,-0.0229,2.1773,0.9948,0.4569,0.929,0.8889,0.6029,0.4716,0.0767,0.7343,0.5015,0.3261,0.286,0.1313,0.3949,105.2827,103.5047,11.4052,1.2763
14.4,432,,0.7465,0.9805,-0.0207,2.2062,1.0011,0.4538,0.9399,0.8903,0.6027,0.4756,0.0769,0.7276,0.4964,0.3373,0.2876,0.127,0.3988,105.188,105.6653,8.2065,1.2709
14.433,433,,0.7499,0.994,-0.0185,2.2527,1.0125,0.4495,0.9558,0.8942,0.6057,0.4829,0.077,0.7262,0.5048,0.3502,0.2885,0.1228,0.4059,105.2523,106.8505,6.1773,1.282
14.467,434,,0.7555,1.0112,-0.0164,2.3134,1.0276,0.4442,0.9752,0.9016,0.6094,0.4907,0.0771,0.7329,0.5218,0.3658,0.2922,0.1188,0.4135,104.7582,107.4964,4.492,1.303
14.5,435,,0.7621,1.028,-0.0166,2.3757,1.0446,0.4397,0.9955,0.9108,0.6133,0.4971,0.0771,0.7397,0.5421,0.3822,0.2975,0.1162,0.42,104.3258,108.5534,2.6692,1.3286
14.533,436,,0.7687,1.0428,-0.0172,2.4336,1.06,0.4356,1.0151,0.9217,0.6158,0.5001,0.077,0.7459,0.5633,0.3992,0.3059,0.1157,0.4231,104.2816,110.8236,0.1745,1.3531
14.567,437,,0.777,1.0578,-0.0174,2.4932,1.0752,0.4312,1.0348,0.9337,0.6204,0.5036,0.077,0.752,0.5748,0.4144,0.3133,0.1168,0.4266,104.2529,112.4254,1.5481,1.3773
14.6,438,,0.7849,1.0734,-0.0169,2.5552,1.0903,0.4267,1.0518,0.946,0.6237,0.5061,0.077,0.7593,0.5842,0.4281,0.3222,0.1176,0.4291,104.2095,115.1038,4.1673,1.4018
14.633,439,,0.7905,1.0876,-0.0159,2.6114,1.1035,0.4226,1.065,0.9547,0.6263,0.5093,0.0771,0.7595,0.5827,0.4387,0.3284,0.117,0.4322,103.8706,116.8056,6.1437,1.4233
14.667,440,,0.7937,1.0965,-0.0149,2.6466,1.1114,0.4199,1.0754,0.9595,0.6278,0.5122,0.0772,0.7587,0.5803,0.4476,0.3317,0.1156,0.435,103.5381,118.7173,8.3073,1.437
14.7,441,,0.7949,1.1029,-0.0107,2.6669,1.1136,0.4176,1.0829,0.9613,0.6285,0.5161,0.0775,0.7541,0.575,0.4545,0.3329,0.1124,0.4386,102.5673,119.6497,9.9216,1.4421
14.733,442,,0.7968,1.1082,-0.0066,2.682,1.1148,0.4156,1.0916,0.9642,0.6294,0.5193,0.0778,0.7494,0.5721,0.4621,0.3348,0.1102,0.4415,101.7514,119.9169,10.7446,1.4504
14.767,443,,0.7989,1.1136,-0.0025,2.6974,1.1161,0.4138,1.0988,0.9675,0.6302,0.5211,0.0781,0.7445,0.572,0.4686,0.3373,0.1091,0.443,100.9826,120.6969,11.8792,1.4612
14.8,444,,0.7994,1.1155,0.0007,2.7002,1.1148,0.4129,1.1028,0.9689,0.6299,0.5233,0.0783,0.7364,0.5703,0.4729,0.339,0.1066,0.445,99.9774,121.1291,12.862,1.4775
14.833,445,,0.7987,1.1167,0.0023,2.7053,1.1144,0.4119,1.1048,0.969,0.6285,0.5246,0.0785,0.7285,0.5639,0.4764,0.3405,0.1039,0.4462,98.9923,121.3308,13.5789,1.4951
14.867,446,,0.798,1.1193,0.0039,2.7146,1.1154,0.4109,1.1073,0.9685,0.6274,0.5248,0.0786,0.7225,0.5577,0.4799,0.3411,0.1027,0.4462,98.3149,121.9734,14.4455,1.5087
14.9,447,,0.7978,1.1233,0.004,2.7314,1.1193,0.4098,1.1106,0.9686,0.6271,0.526,0.0786,0.7208,0.5607,0.4835,0.3415,0.1011,0.4473,97.6038,122.0947,14.9048,1.525
14.933,448,,0.7987,1.1278,0.0044,2.7502,1.1234,0.4085,1.1144,0.9696,0.6278,0.527,0.0787,0.7203,0.5626,0.4866,0.3418,0.1009,0.4483,97.2515,122.5124,15.4035,1.5381
14.967,449,,0.7991,1.1323,0.0037,2.7717,1.1286,0.4072,1.1189,0.9705,0.6277,0.5271,0.0786,0.7197,0.5615,0.4912,0.3428,0.1006,0.4485,97.018,122.8226,15.7976,1.5515
15.0,450,sitting,0.7999,1.1362,0.0032,2.7908,1.133,0.406,1.123,0.9721,0.6277,0.5275,0.0786,0.72,0.5607,0.4952,0.3444,0.1003,0.4489,96.9001,123.1759,16.2221,1.5634
15.033,451,sitting,0.8008,1.1403,0.0029,2.8098,1.1374,0.4048,1.127,0.9733,0.6282,0.5288,0.0786,0.7209,0.5622,0.4988,0.3451,0.0994,0.4502,96.7475,123.4112,16.6107,1.5727
15.067,452,sitting,0.8016,1.1435,0.0026,2.8253,1.1409,0.4038,1.13,0.975,0.6282,0.5291,0.0786,0.7207,0.5592,0.5018,0.3468,0.0991,0.4505,96.5826,123.7143,16.9983,1.5819
15.1,453,sitting,0.8024,1.1467,0.0024,2.8405,1.1443,0.4029,1.1332,0.9764,0.6283,0.5286,0.0785,0.72,0.5581,0.5049,0.3482,0.0997,0.4501,96.6058,123.9013,17.1513,1.592
15.133,454,sitting,0.8035,1.149,0.002,2.8519,1.147,0.4022,1.1358,0.978,0.629,0.5282,0.0785,0.7197,0.5577,0.5068,0.349,0.1008,0.4496,96.7679,124.1095,17.2352,1.5999
15.167,455,sitting,0.8039,1.1501,0.0015,2.8583,1.1486,0.4019,1.137,0.9786,0.6291,0.5275,0.0785,0.7183,0.554,0.5079,0.3494,0.1017,0.449,96.8873,124.4449,17.4312,1.604
15.2,456,sitting,0.8031,1.1504,0.0011,2.8611,1.1492,0.4017,1.137,0.9779,0.6283,0.526,0.0785,0.7155,0.5484,0.5086,0.3495,0.1023,0.4475,96.9755,124.6337,17.5463,1.6058
15.233,457,sitting,0.8028,1.1504,0.0009,2.8615,1.1495,0.4017,1.1369,0.9773,0.6282,0.5253,0.0785,0.7133,0.5401,0.5087,0.3491,0.103,0.4468,97.0232,124.8944,17.6914,1.6051
15.267,458,sitting,0.8021,1.1499,0.0007,2.8602,1.1492,0.4018,1.1363,0.9763,0.6279,0.5249,0.0785,0.7117,0.5347,0.5085,0.3485,0.1029,0.4465,97.0703,125.0763,17.8357,1.6022
15.3,459,sitting,0.8015,1.1493,0.0008,2.8571,1.1485,0.402,1.1356,0.9755,0.6276,0.5246,0.0785,0.7114,0.5335,0.5081,0.348,0.103,0.4461,97.1074,125.2967,18.0029,1.5971
15.333,460,sitting,0.8005,1.1482,0.0009,2.8517,1.1472,0.4023,1.1344,0.9743,0.6268,0.5239,0.0785,0.7103,0.5289,0.5076,0.3476,0.1029,0.4454,97.1537,125.7597,18.3855,1.5928
15.367,461,sitting,0.7998,1.1471,0.0009,2.847,1.1462,0.4026,1.1332,0.9734,0.6262,0.5223,0.0785,0.7094,0.5245,0.507,0.3473,0.1039,0.4438,97.2654,126.1011,18.5346,1.5893
15.4,462,sitting,0.7991,1.1459,0.0009,2.8426,1.145,0.4028,1.1317,0.9726,0.6256,0.5208,0.0785,0.7084,0.522,0.5061,0.3469,0.1048,0.4424,97.3119,126.3909,18.6538,1.5851
15.433,463,sitting,0.7988,1.1451,0.0008,2.8397,1.1443,0.403,1.1307,0.9724,0.6253,0.5199,0.0785,0.708,0.5215,0.5055,0.3471,0.1054,0.4414,97.3325,126.5858,18.7325,1.5834
15.467,464,sitting,0.7986,1.1445,0.0006,2.8376,1.144,0.4032,1.1302,0.9723,0.6248,0.5192,0.0784,0.7083,0.5221,0.5054,0.3475,0.1056,0.4408,97.3215,126.7008,18.7999,1.5834
15.5,465,sitting,0.7988,1.1445,0.0005,2.8374,1.144,0.4032,1.1301,0.9728,0.6249,0.5193,0.0784,0.7091,0.5226,0.5052,0.3479,0.1056,0.4408,97.2748,126.6878,18.7919,1.5855
15.533,466,sitting,0.7991,1.1447,0.0004,2.8387,1.1443,0.4031,1.1305,0.9733,0.6248,0.5192,0.0784,0.71,0.5238,0.5057,0.3485,0.1056,0.4408,97.2778,126.6449,18.7567,1.588
15.567,467,sitting,0.7992,1.145,0.0002,2.8406,1.1448,0.403,1.1308,0.9737,0.6247,0.5186,0.0784,0.7108,0.5248,0.5061,0.349,0.1061,0.4402,97.3448,126.5965,18.6541,1.5905
15.6,468,sitting,0.7997,1.1455,0.0001,2.8432,1.1455,0.4029,1.1312,0.9747,0.6248,0.5191,0.0784,0.7115,0.5261,0.5064,0.3499,0.1057,0.4407,97.2366,126.3934,18.5293,1.5918
15.633,469,sitting,0.8003,1.1461,-0.0003,2.846,1.1464,0.4028,1.1317,0.9756,0.625,0.5196,0.0784,0.712,0.5275,0.5068,0.3506,0.1054,0.4412,97.111,126.1007,18.3215,1.5951
15.667,470,sitting,0.8007,1.1466,-0.0003,2.8476,1.1469,0.4028,1.132,0.9763,0.6251,0.52,0.0784,0.7121,0.5284,0.5069,0.3512,0.1051,0.4416,97.0533,125.9605,18.2405,1.5957
15.7,471,sitting,0.8006,1.1465,0.0001,2.8467,1.1464,0.4027,1.132,0.9762,0.6249,0.5198,0.0784,0.7114,0.5289,0.5071,0.3513,0.105,0.4414,96.9856,125.8881,18.197,1.5952
15.733,472,sitting,0.8004,1.1461,0.0,2.8451,1.146,0.4028,1.1317,0.9761,0.6247,0.5195,0.0784,0.7102,0.5284,0.5069,0.3514,0.1052,0.4411,96.9403,125.706,18.0375,1.5939
15.767,473,sitting,0.8004,1.1456,-0.0001,2.8432,1.1457,0.4029,1.1312,0.976,0.6248,0.5192,0.0784,0.7085,0.5266,0.5064,0.3512,0.1056,0.4408,96.9935,125.6364,17.9236,1.5923
15.8,474,sitting,0.7999,1.1449,-0.0,2.84,1.1449,0.4031,1.1307,0.9754,0.6243,0.5191,0.0784,0.7071,0.5243,0.5064,0.3511,0.1052,0.4407,96.9909,125.6008,17.928,1.5906
15.833,475,sitting,0.7992,1.1444,0.0001,2.8377,1.1443,0.4033,1.1302,0.9746,0.6238,0.5185,0.0784,0.7056,0.5245,0.5064,0.3508,0.1052,0.4401,96.9988,125.6242,17.9283,1.5902
15.867,476,sitting,0.7987,1.1439,0.0004,2.8353,1.1436,0.4033,1.1297,0.974,0.6234,0.5181,0.0784,0.7044,0.5245,0.5063,0.3506,0.1054,0.4396,97.0269,125.5806,17.8724,1.5895
15.9,477,sitting,0.7991,1.1436,0.0008,2.833,1.1428,0.4034,1.1296,0.974,0.6242,0.5184,0.0785,0.7041,0.525,0.5055,0.3498,0.1057,0.44,97.1519,125.5773,17.8249,1.5882
15.933,478,sitting,0.7998,1.1438,0.0014,2.8324,1.1424,0.4033,1.1301,0.9745,0.6251,0.5193,0.0785,0.7039,0.5249,0.505,0.3494,0.1058,0.4408,97.298,125.5056,17.7432,1.5893
15.967,479,sitting,0.8004,1.1443,0.0016,2.8338,1.1427,0.4032,1.1307,0.9749,0.6259,0.52,0.0785,0.704,0.5252,0.5048,0.349,0.1059,0.4415,97.3513,125.3,17.5633,1.5922
16.0,480,sitting,0.8006,1.1446,0.0016,2.8354,1.1429,0.4031,1.131,0.9753,0.626,0.5211,0.0785,0.7048,0.5255,0.505,0.3494,0.1048,0.4426,97.225,125.0781,17.5139,1.5948
16.033,481,,0.8009,1.1451,0.0018,2.8378,1.1433,0.4029,1.1316,0.9756,0.6261,0.5217,0.0785,0.7061,0.5287,0.5055,0.3495,0.1044,0.4432,97.1634,124.9642,17.4679,1.5962
16.067,482,,0.8014,1.1457,0.002,2.8403,1.1437,0.4027,1.1322,0.976,0.6268,0.5225,0.0785,0.7068,0.5297,0.5053,0.3492,0.1043,0.444,97.2527,124.957,17.4578,1.5982
16.1,483,,0.801,1.1461,0.0021,2.8422,1.144,0.4025,1.1325,0.9759,0.6261,0.5229,0.0785,0.7076,0.5302,0.5064,0.3499,0.1032,0.4444,97.0866,124.6961,17.3619,1.6007
16.133,484,,0.8006,1.1462,0.002,2.8434,1.1442,0.4024,1.1325,0.9756,0.6256,0.523,0.0785,0.7071,0.5287,0.507,0.35,0.1026,0.4444,97.0707,124.6345,17.3498,1.6014
16.167,485,,0.8009,1.1463,0.0024,2.8429,1.144,0.4024,1.1326,0.9759,0.626,0.5235,0.0785,0.7074,0.5277,0.5067,0.35,0.1025,0.4449,97.0363,124.4638,17.2032,1.6018
16.2,486,,0.8005,1.146,0.002,2.8419,1.144,0.4025,1.1324,0.9756,0.6255,0.5229,0.0785,0.7068,0.5258,0.5069,0.3501,0.1026,0.4444,97.0808,124.4699,17.1609,1.6027
16.233,487,,0.7999,1.1458,0.0021,2.8408,1.1437,0.4026,1.1321,0.9748,0.625,0.5223,0.0785,0.7061,0.5243,0.507,0.3498,0.1028,0.4437,97.0624,124.464,17.113,1.6029
16.267,488,,0.7995,1.1452,0.0019,2.8381,1.1432,0.4028,1.1314,0.9742,0.6247,0.5214,0.0785,0.706,0.5234,0.5067,0.3494,0.1033,0.4429,97.1676,124.5179,17.0601,1.6025
16.3,489,,0.7991,1.1444,0.0017,2.8347,1.1426,0.4031,1.1309,0.9738,0.6243,0.5206,0.0785,0.7064,0.5231,0.5066,0.3495,0.1037,0.4421,97.2168,124.4672,16.9467,1.6041
16.333,490,,0.7988,1.1434,0.002,2.8295,1.1414,0.4034,1.1301,0.9736,0.6239,0.5202,0.0785,0.7069,0.5229,0.5061,0.3497,0.1037,0.4417,97.1798,124.3001,16.7855,1.606
16.367,491,,0.7993,1.143,0.0024,2.8265,1.1405,0.4035,1.1296,0.9742,0.6245,0.5208,0.0785,0.7089,0.5242,0.5051,0.3497,0.1036,0.4423,97.2115,124.1666,16.6167,1.611
16.4,492,,0.7991,1.1418,0.0023,2.8218,1.1395,0.4038,1.1287,0.9746,0.6237,0.5213,0.0785,0.7105,0.5255,0.5051,0.3509,0.1023,0.4428,96.8298,123.6784,16.3314,1.6166
16.433,493,,0.7984,1.1402,0.0014,2.817,1.1388,0.4042,1.1269,0.9741,0.6227,0.5215,0.0785,0.7107,0.5253,0.5042,0.3513,0.1013,0.443,96.6499,123.4706,16.204,1.6265
16.467,494,,0.7958,1.1367,0.0011,2.8056,1.1356,0.4048,1.1235,0.9722,0.6195,0.5193,0.0785,0.7112,0.5251,0.504,0.3527,0.1001,0.4409,96.021,123.0312,15.8787,1.6301
16.5,495,,0.7921,1.1312,-0.0031,2.7918,1.1343,0.4063,1.1184,0.9691,0.6151,0.5146,0.0782,0.7091,0.5208,0.5033,0.3541,0.1005,0.4364,95.4959,122.8595,15.6372,1.6322
16.533,496,,0.7876,1.1256,-0.003,2.7722,1.1285,0.4071,1.1128,0.9651,0.6101,0.5099,0.0782,0.7046,0.5133,0.5027,0.355,0.1002,0.4317,94.4191,122.2451,15.0031,1.632
16.567,497,,0.7833,1.12,-0.0072,2.759,1.1272,0.4085,1.1072,0.9612,0.6054,0.5025,0.0779,0.7005,0.5053,0.5017,0.3558,0.1029,0.4246,93.6062,122.218,14.4691,1.6307
16.6,498,,0.7792,1.1142,-0.0068,2.7371,1.121,0.4096,1.1013,0.957,0.6014,0.4972,0.0779,0.6968,0.4968,0.4999,0.3556,0.1042,0.4192,92.5196,121.5435,13.5294,1.6277
16.633,499,,0.7726,1.1024,-0.0132,2.7028,1.1156,0.4128,1.09,0.9491,0.5961,0.4883,0.0774,0.6916,0.4865,0.4939,0.353,0.1078,0.4109,92.1443,121.2416,12.6456,1.6196
16.667,500,,0.7685,1.0934,-0.0174,2.6752,1.1108,0.4152,1.0815,0.944,0.5931,0.4821,0.0771,0.6872,0.4799,0.4884,0.3509,0.111,0.405,91.9731,120.0997,11.0106,1.6157
16.7,501,,0.7658,1.0839,-0.0214,2.6436,1.1053,0.4181,1.0728,0.9409,0.5907,0.4771,0.0768,0.6884,0.4787,0.4821,0.3502,0.1136,0.4003,91.7709,118.5591,9.0861,1.6121
16.733,502,,0.7633,1.0777,-0.0234,2.6208,1.1011,0.4201,1.0653,0.9377,0.589,0.4733,0.0766,0.687,0.4757,0.4763,0.3486,0.1158,0.3967,91.7088,116.8936,7.0919,1.6084
16.767,503,,0.7606,1.0688,-0.0239,2.586,1.0927,0.4225,1.0557,0.9342,0.587,0.471,0.0766,0.6848,0.4736,0.4687,0.3472,0.1161,0.3944,91.3832,115.0926,5.1797,1.6032
16.8,504,,0.7557,1.0562,-0.0263,2.5429,1.0825,0.4257,1.0399,0.9291,0.5824,0.464,0.0764,0.6829,0.4703,0.4575,0.3467,0.1184,0.3876,91.257,112.9986,2.7423,1.603
16.833,505,,0.7558,1.0508,-0.0217,2.5125,1.0724,0.4268,1.037,0.9301,0.5815,0.4648,0.0768,0.6842,0.4689,0.4555,0.3486,0.1167,0.388,90.6441,110.0827,0.0,1.6193
16.867,506,,0.7563,1.0449,-0.0187,2.4829,1.0635,0.4283,1.0295,0.9303,0.5823,0.4636,0.077,0.6876,0.4694,0.4472,0.348,0.1187,0.3866,90.631,108.0827,2.465,1.6393
16.9,507,,0.7552,1.0376,-0.0174,2.451,1.055,0.4304,1.0186,0.9277,0.5827,0.4625,0.0772,0.6881,0.4753,0.4359,0.345,0.1202,0.3853,90.7905,106.5894,4.4047,1.6547
16.933,508,,0.7527,1.0306,-0.0158,2.4205,1.0464,0.4323,1.0078,0.9234,0.5821,0.4593,0.0773,0.6854,0.4794,0.4257,0.3413,0.1228,0.382,90.8623,104.9314,6.5768,1.6713
16.967,509,,0.7497,1.0205,-0.0185,2.3869,1.039,0.4353,0.9957,0.9176,0.5818,0.4539,0.0771,0.6786,0.4733,0.4139,0.3358,0.1279,0.3767,91.2783,103.8157,8.7117,1.6706
17.0,510,,0.7442,1.0111,-0.0207,2.3555,1.0318,0.438,0.9843,0.9086,0.5798,0.4494,0.077,0.659,0.4461,0.4045,0.3288,0.1304,0.3724,91.1691,102.4617,10.6177,1.6729
17.033,511,,0.7383,0.9999,-0.0228,2.318,1.0228,0.4412,0.97,0.8989,0.5776,0.4455,0.0768,0.6428,0.4146,0.3924,0.3213,0.1321,0.3687,91.1807,101.5786,12.0681,1.6782
17.067,512,,0.7355,0.9929,-0.0207,2.2874,1.0136,0.4431,0.9598,0.8951,0.5759,0.4445,0.077,0.6449,0.4109,0.3839,0.3192,0.1314,0.3675,90.993,101.2995,12.7136,1.6912
17.1,513,,0.7335,0.9875,-0.0188,2.2639,1.0063,0.4445,0.9495,0.8925,0.5745,0.4435,0.0772,0.6482,0.4077,0.375,0.318,0.1311,0.3663,90.5402,99.9758,14.1526,1.6984
17.133,514,,0.7315,0.979,-0.0204,2.2341,0.9994,0.4473,0.9375,0.8886,0.5744,0.4425,0.0771,0.6493,0.4059,0.3631,0.3143,0.1319,0.3654,89.9746,98.3484,15.7637,1.7074
17.167,515,,0.7286,0.9719,-0.0224,2.2103,0.9943,0.4498,0.9257,0.8833,0.5739,0.4414,0.077,0.6512,0.2338,0.3518,0.3094,0.1325,0.3644,89.6091,97.0588,17.1666,1.7349
17.2,516,,0.7258,0.9653,-0.0197,2.1819,0.985,0.4514,0.9169,0.8817,0.57,0.4445,0.0773,0.653,0.414,0.347,0.3117,0.1254,0.3672,87.8355,92.8042,19.9801,1.7433
17.233,517,,0.7246,0.9596,-0.0211,2.163,0.9807,0.4534,0.9104,0.8801,0.569,0.446,0.0772,0.6674,0.4502,0.3414,0.3112,0.123,0.3687,87.0301,90.1551,22.0712,1.7605
17.267,518,,0.7254,0.9526,-0.0181,2.1316,0.9707,0.4554,0.9028,0.8823,0.5684,0.4485,0.0775,0.704,0.514,0.3345,0.314,0.1199,0.3709,85.781,87.0579,24.3734,1.7723
17.3,519,,0.7274,0.9455,-0.0205,2.111,0.966,0.4576,0.8945,0.883,0.5717,0.4471,0.0774,0.718,0.5451,0.3228,0.3113,0.1246,0.3697,85.954,85.1028,26.8295,1.7894
17.333,520,,0.7288,0.9502,-0.0219,2.129,0.9721,0.4566,0.8839,0.8843,0.5734,0.4468,0.0773,0.7235,0.5464,0.3105,0.3108,0.1266,0.3694,85.5965,83.6261,28.4648,1.805
17.367,521,,0.731,0.9564,-0.0216,2.1503,0.9781,0.4548,0.8757,0.8862,0.5758,0.4469,0.0774,0.7254,0.5406,0.2999,0.3104,0.1288,0.3696,85.1685,81.3259,30.9706,1.7887
17.4,522,,0.7319,0.9587,-0.0207,2.1571,0.9794,0.454,0.8675,0.8865,0.5772,0.446,0.0774,0.7184,0.5286,0.2903,0.3092,0.1312,0.3686,84.7294,79.3629,33.1241,1.7394
17.433,523,,0.733,0.9584,-0.0195,2.1541,0.978,0.454,0.8596,0.8862,0.5798,0.4457,0.0775,0.7124,0.5234,0.2797,0.3064,0.1342,0.3682,84.2012,77.1422,35.5091,1.6942
17.467,524,,0.7344,0.961,-0.0181,2.1607,0.9791,0.4531,0.8518,0.8852,0.5836,0.4453,0.0776,0.7119,0.5223,0.2682,0.3016,0.1383,0.3677,83.9313,75.5482,37.4794,1.6567
17.5,525,,0.7353,0.9622,-0.0163,2.1615,0.9785,0.4527,0.844,0.8839,0.5867,0.4451,0.0777,0.7092,0.509,0.2573,0.2972,0.1416,0.3675,83.2761,74.0524,39.224,1.6268
17.533,526,,0.7347,0.9604,-0.013,2.1501,0.9734,0.4527,0.842,0.8816,0.5878,0.4442,0.0779,0.7029,0.4914,0.2541,0.2938,0.1436,0.3663,82.5588,73.2441,40.3929,1.5848
17.567,527,,0.7316,0.9586,-0.0126,2.1463,0.9712,0.4525,0.8406,0.8792,0.584,0.438,0.0778,0.695,0.2445,0.2566,0.2952,0.1461,0.3602,81.7631,73.6649,40.6255,1.5481
17.6,528,,0.7301,0.9597,-0.0128,2.1525,0.9726,0.4518,0.8392,0.8779,0.5822,0.435,0.0777,0.6916,0.2436,0.257,0.2958,0.1471,0.3573,81.183,74.2812,40.52,1.5854
17.633,529,,0.7307,0.9629,-0.0124,2.1639,0.9753,0.4507,0.8354,0.8794,0.582,0.432,0.0777,0.6917,0.2433,0.2534,0.2974,0.15,0.3543,81.3135,75.5445,40.1693,1.5636
17.667,530,,0.731,0.9628,-0.0104,2.1598,0.9732,0.4506,0.8325,0.8796,0.5825,0.4319,0.0778,0.5344,0.2435,0.25,0.2971,0.1506,0.3541,80.676,75.5525,40.3677,1.5368
17.7,531,,0.7342,0.9598,-0.0062,2.1376,0.966,0.4519,0.8348,0.8797,0.5886,0.4361,0.078,0.5391,0.2483,0.2462,0.2911,0.1525,0.3581,79.8539,74.4741,41.5069,1.5022
17.733,532,,0.7339,0.9566,-0.005,2.1228,0.9615,0.453,0.8311,0.8793,0.5885,0.4365,0.078,0.6676,0.2493,0.2426,0.2908,0.152,0.3585,79.5313,74.8279,41.4175,1.4719
17.767,533,,0.734,0.9533,-0.0039,2.1084,0.9572,0.454,0.8266,0.879,0.5891,0.4369,0.078,0.6543,0.2508,0.2375,0.2899,0.1522,0.3589,78.8792,74.2077,42.0945,1.4415
17.8,534,,0.7359,0.953,-0.0039,2.1066,0.9568,0.4542,0.8192,0.8795,0.5923,0.4358,0.0779,0.6507,0.2515,0.2269,0.2872,0.1565,0.3579,78.5492,73.8086,43.0428,1.4132
17.833,535,,0.7399,0.9535,-0.0043,2.1082,0.9578,0.4543,0.8108,0.8809,0.5988,0.4353,0.0778,0.6543,0.2557,0.2121,0.2822,0.1635,0.3574,79.1199,73.6872,44.3324,1.3834
17.867,536,,0.7444,0.9567,-0.0025,2.116,0.9592,0.4533,0.7992,0.8824,0.6064,0.4366,0.0779,0.6624,0.2593,0.1928,0.276,0.1698,0.3587,78.8021,72.6736,46.0219,1.3569
17.9,537,,0.746,0.9587,-0.0014,2.1223,0.9601,0.4524,0.787,0.8804,0.6117,0.4355,0.0779,0.6702,0.2612,0.1753,0.2687,0.1762,0.3575,78.74,71.6138,47.8101,1.3337
17.933,538,,0.7491,0.9608,-0.0001,2.1282,0.9609,0.4515,0.7754,0.8773,0.621,0.4346,0.078,0.684,0.2631,0.1545,0.2564,0.1863,0.3566,79.8886,70.398,50.4123,1.3143
17.967,539,,0.7555,0.958,0.0037,2.1121,0.9543,0.4518,0.7697,0.8759,0.635,0.441,0.0782,0.6993,0.2698,0.1347,0.2409,0.194,0.3628,79.953,66.7295,54.5256,1.2839
18.0,540,,0.7637,0.9534,0.0067,2.0908,0.9467,0.4528,0.7626,0.8763,0.6511,0.4484,0.0783,0.7087,0.2792,0.1115,0.2252,0.2027,0.3701,80.165,63.2658,58.5097,1.2618
18.033,541,,0.7677,0.9431,0.0094,2.0519,0.9337,0.455,0.7537,0.8731,0.6624,0.4565,0.0784,0.7071,0.5022,0.0913,0.2107,0.2059,0.378,79.7408,59.8329,61.9138,1.2227
18.067,542,,0.7718,0.9315,0.0114,2.0099,0.92,0.4578,0.747,0.8693,0.6744,0.4636,0.0785,0.6995,0.4821,0.0726,0.1949,0.2108,0.3851,79.9046,56.7171,65.3394,1.0919
18.1,543,,0.7733,0.9168,0.0131,1.9582,0.9036,0.4615,0.7397,0.8626,0.6841,0.4688,0.0785,0.6837,0.4533,0.0556,0.1785,0.2152,0.3903,79.9651,54.1437,68.2194,1.1573
18.133,544,,0.7724,0.9038,0.0136,1.916,0.8901,0.4646,0.733,0.8572,0.6877,0.4664,0.0786,0.6659,0.4361,0.0454,0.1695,0.2213,0.3878,80.586,53.4597,69.9064,1.1294
18.167,545,,0.7697,0.8938,0.014,1.8861,0.8798,0.4664,0.726,0.853,0.6864,0.4606,0.0786,0.6498,0.435,0.0396,0.1666,0.2258,0.382,80.4326,53.1054,70.9766,1.1073
18.2,546,,0.7645,0.8821,0.0123,1.8531,0.8698,0.4694,0.7115,0.8446,0.6843,0.4562,0.0785,0.6354,0.4338,0.0272,0.1604,0.2281,0.3776,79.4971,52.0299,72.2017,1.0733
18.233,547,,0.7584,0.8723,0.0094,1.829,0.8628,0.4717,0.6958,0.8307,0.6861,0.4491,0.0783,0.5512,0.4258,0.0097,0.1446,0.237,0.3707,78.7573,50.1446,74.8022,1.0408
18.267,548,,0.7505,0.8612,0.0069,1.8006,0.8543,0.4745,0.6757,0.8136,0.6874,0.4367,0.0781,0.6193,0.4164,-0.0117,0.1262,0.2507,0.3585,78.1906,48.6489,77.5216,1.0112
18.3,549,,0.7428,0.8501,0.0049,1.7726,0.8452,0.4768,0.6497,0.7968,0.6889,0.4231,0.0779,0.5216,0.2892,-0.0392,0.108,0.2657,0.3452,77.8809,47.4497,80.4238,0.9851
18.333,550,,0.732,0.8401,0.0045,1.7492,0.8356,0.4777,0.6034,0.7732,0.6908,0.4114,0.0779,0.4934,0.2396,-0.0874,0.0823,0.2795,0.3334,77.1691,44.9951,84.2234,0.9266
18.367,551,,0.7194,0.8145,0.0047,1.6811,0.8098,0.4817,0.5633,0.7465,0.6923,0.3944,0.0779,0.4934,0.2293,-0.1289,0.0542,0.2979,0.3165,77.6445,43.7938,88.1784,0.8799
18.4,552,,0.7067,0.7707,0.0023,1.5658,0.7684,0.4907,0.5768,0.7155,0.6979,0.3902,0.0778,0.5508,0.3233,-0.1211,0.0176,0.3077,0.3124,83.0394,42.625,92.7664,0.864
18.433,553,,0.6029,0.6459,-0.0288,1.3124,0.6747,0.5141,0.4447,0.5885,0.6173,0.2357,0.0756,0.3629,0.1274,-0.1726,-0.0288,0.3815,0.1602,86.692,49.6674,97.9656,0.7723
18.467,554,,0.6245,0.6883,0.0125,1.3444,0.6758,0.5027,0.5194,0.6419,0.6071,0.3209,0.0782,0.4392,0.1573,-0.0877,0.0348,0.2862,0.2427,101.3027,56.2776,91.0876,0.804
18.5,555,,0.5449,0.5876,-0.1634,1.3223,0.751,0.5679,0.4152,0.5426,0.5472,0.2369,0.0772,0.2843,-0.0112,-0.132,-0.0046,0.3103,0.1597,95.1453,55.1392,96.1163,0.906
18.533,556,,0.5123,0.5604,-0.2938,1.4207,0.8541,0.6012,0.3622,0.4925,0.5322,0.1774,0.0774,0.1907,-0.11,-0.1699,-0.0396,0.3547,0.1,91.0292,57.6885,100.4122,1.0185
18.567,557,,0.4785,0.5413,-0.4132,1.5277,0.9546,0.6248,0.3175,0.4411,0.5158,0.1337,0.0786,0.1204,-0.2069,-0.1983,-0.0747,0.3822,0.0551,82.7074,56.8675,104.6169,1.0622
18.6,558,,0.4848,0.5587,-0.4668,1.6156,1.0256,0.6348,0.3166,0.4369,0.5327,0.1132,0.0798,0.0816,-0.2476,-0.2161,-0.0959,0.4196,0.0333,80.0793,55.4907,107.2743,1.0575
18.633,559,,0.495,0.5804,-0.5079,1.6962,1.0883,0.6416,0.3201,0.441,0.549,0.1011,0.0792,0.0632,-0.2823,-0.229,-0.108,0.4479,0.022,72.1187,52.1792,109.3165,1.0795
18.667,560,,0.4724,0.5642,-0.5538,1.7057,1.1181,0.6555,0.2896,0.4149,0.53,0.0487,0.08,0.0335,-0.3146,-0.2404,-0.1151,0.4812,-0.0313,62.583,54.4466,110.8346,1.1197
18.7,561,,0.4518,0.5448,-0.5641,1.6632,1.1089,0.6667,0.2624,0.3952,0.5083,0.0222,0.0812,0.0113,-0.3165,-0.2459,-0.1131,0.4861,-0.059,57.8133,55.0855,111.1126,1.1292
18.733,562,,0.4142,0.5137,-0.593,1.6134,1.1067,0.6859,0.2129,0.3556,0.4727,-0.0407,0.0808,-0.0099,-0.3396,-0.2599,-0.1171,0.5134,-0.1215,50.4952,57.3562,112.4609,1.1544
18.767,563,,0.3905,0.4798,-0.6101,1.5495,1.0898,0.7033,0.1986,0.3402,0.4408,-0.0878,0.0806,-0.0257,-0.3537,-0.2421,-0.1006,0.5286,-0.1684,46.2287,61.1447,110.964,1.0618
18.8,564,,0.3564,0.4334,-0.6239,1.465,1.0573,0.7217,0.1465,0.3148,0.3981,-0.1262,0.0801,-0.0444,-0.3666,-0.2515,-0.0833,0.5243,-0.2063,44.1256,65.167,109.3863,1.0486
18.833,565,,0.3311,0.3981,-0.6221,1.3865,1.0202,0.7358,0.122,0.2976,0.3646,-0.1309,0.0798,-0.0521,-0.3672,-0.2425,-0.067,0.4955,-0.2107,44.7197,68.0268,107.922,0.9702
18.867,566,,0.3061,0.3699,-0.6303,1.3344,1.0002,0.7496,0.1103,0.2702,0.342,-0.147,0.0797,-0.0655,-0.377,-0.2317,-0.0718,0.489,-0.2267,44.2801,68.6754,108.6931,0.9037
18.9,567,,0.2895,0.3568,-0.6268,1.2966,0.9835,0.7585,0.0626,0.2488,0.3301,-0.1665,0.0796,-0.076,-0.3749,-0.2676,-0.0813,0.4966,-0.2461,42.9375,67.2115,109.9062,0.8727
18.933,568,,0.2678,0.3474,-0.6285,1.2754,0.9759,0.7652,0.0172,0.2168,0.3188,-0.1633,0.0796,-0.0678,-0.3793,-0.3017,-0.102,0.4821,-0.2429,43.4211,64.6509,112.0605,0.8833
18.967,569,,0.2466,0.3361,-0.6276,1.248,0.9637,0.7722,-0.0257,0.1859,0.3073,-0.1562,0.0795,-0.0554,-0.3948,-0.333,-0.1213,0.4635,-0.2357,45.3185,64.1203,114.1277,0.8397
19.0,570,on_ground,0.2345,0.3309,-0.6273,1.2326,0.9583,0.7775,-0.0465,0.1674,0.3016,-0.1605,0.0796,-0.0476,-0.4077,-0.3481,-0.1342,0.4621,-0.2401,44.6267,62.3459,115.3775,0.8276
19.033,571,on_ground,0.2293,0.3328,-0.6196,1.2242,0.9524,0.778,-0.0374,0.1557,0.3028,-0.1528,0.0794,-0.0374,-0.4299,-0.3403,-0.1471,0.4557,-0.2322,45.8865,61.1949,116.6971,0.8143
19.067,572,on_ground,0.2083,0.3096,-0.6133,1.1746,0.9229,0.7857,-0.0687,0.1251,0.2916,-0.1544,0.0794,-0.0494,-0.4787,-0.3602,-0.1665,0.446,-0.2339,46.6451,60.2329,118.5281,0.7789
19.1,573,on_ground,0.1891,0.2975,-0.6155,1.1554,0.913,0.7901,-0.086,0.098,0.2803,-0.1602,0.0795,-0.0662,-0.5074,-0.3663,-0.1823,0.4405,-0.2397,46.6722,59.5997,119.8904,0.7662
19.133,574,on_ground,0.1753,0.2927,-0.6113,1.141,0.904,0.7923,-0.1439,0.0756,0.2751,-0.1691,0.0795,-0.0797,-0.5176,-0.4189,-0.1995,0.4441,-0.2486,47.1094,58.8759,121.5433,0.75
19.167,575,on_ground,0.1423,0.2732,-0.6258,1.1363,0.899,0.7911,-0.1764,0.0179,0.2666,-0.1907,0.0795,-0.1489,-0.5538,-0.443,-0.2487,0.4573,-0.2702,44.9753,55.292,125.2862,0.7533
19.2,576,on_ground,0.132,0.2688,-0.6293,1.1288,0.8981,0.7956,-0.1774,0.0029,0.2611,-0.1972,0.0792,-0.1656,-0.5624,-0.4385,-0.2582,0.4583,-0.2764,45.4614,55.1445,126.1623,0.7528
19.233,577,on_ground,0.1034,0.2509,-0.6524,1.1416,0.9033,0.7913,-0.2443,-0.041,0.2478,-0.2222,0.0787,-0.2072,-0.5917,-0.4921,-0.2888,0.4701,-0.301,43.4173,53.2271,128.2996,0.7655
19.267,578,on_ground,0.0789,0.2346,-0.6751,1.1501,0.9097,0.791,-0.2558,-0.0759,0.2336,-0.2421,0.0784,-0.2446,-0.6204,-0.4894,-0.3094,0.4757,-0.3205,42.5025,52.9471,129.8337,0.7768
19.3,579,on_ground,0.0597,0.2281,-0.6903,1.155,0.9184,0.7951,-0.2779,-0.1025,0.2219,-0.2601,0.0786,-0.2716,-0.639,-0.4998,-0.3244,0.4821,-0.3388,41.9606,53.1655,131.0905,0.7838
19.333,580,on_ground,0.0598,0.2294,-0.686,1.1493,0.9155,0.7966,-0.2869,-0.1029,0.2225,-0.2464,0.0786,-0.2662,-0.6356,-0.5094,-0.3254,0.4688,-0.325,44.9183,54.3235,131.6406,0.7769
19.367,581,on_ground,0.0592,0.2285,-0.6819,1.1412,0.9104,0.7978,-0.2966,-0.1035,0.2219,-0.2349,0.0786,-0.2545,-0.6292,-0.5185,-0.3255,0.4569,-0.3135,47.5809,55.2883,132.1038,0.7705
19.4,582,on_ground,0.0547,0.2264,-0.6794,1.1336,0.9058,0.799,-0.3053,-0.1105,0.2199,-0.2318,0.0786,-0.2528,-0.6258,-0.5251,-0.3304,0.4516,-0.3104,49.3263,55.7353,132.8018,0.7645
19.433,583,on_ground,0.0519,0.2257,-0.6782,1.1296,0.9039,0.8002,-0.3117,-0.1156,0.2193,-0.2278,0.0787,-0.2504,-0.6245,-0.531,-0.3349,0.4471,-0.3065,50.6973,56.0596,133.5198,0.7637
19.467,584,on_ground,0.049,0.2237,-0.6786,1.126,0.9023,0.8014,-0.3206,-0.1214,0.2193,-0.2256,0.0786,-0.2475,-0.624,-0.5399,-0.3407,0.4449,-0.3043,51.3024,55.7636,134.18,0.7645
19.5,585,on_ground,0.0451,0.2212,-0.6832,1.1264,0.9045,0.803,-0.3339,-0.1273,0.2176,-0.2273,0.0787,-0.2501,-0.6272,-0.5515,-0.3449,0.4449,-0.3061,51.7631,56.0104,134.7094,0.767
19.533,586,on_ground,0.0404,0.2185,-0.683,1.121,0.9015,0.8041,-0.339,-0.134,0.2147,-0.2276,0.0787,-0.2538,-0.628,-0.5537,-0.3487,0.4423,-0.3063,52.1598,56.0006,135.1903,0.7654
19.567,587,on_ground,0.0346,0.2178,-0.6822,1.1296,0.9,0.7967,-0.3451,-0.1434,0.2126,-0.2325,0.0787,-0.2616,-0.6301,-0.5577,-0.356,0.4451,-0.3112,52.7696,56.1643,135.8469,0.7617
19.6,588,on_ground,0.0311,0.2158,-0.6838,1.1404,0.8996,0.7888,-0.3528,-0.1483,0.2105,-0.2366,0.0785,-0.2682,-0.6346,-0.5633,-0.3587,0.4471,-0.3151,52.7488,56.1661,136.0334,0.7612
19.633,589,on_ground,0.0288,0.2146,-0.6837,1.1403,0.8982,0.7877,-0.3542,-0.1508,0.2084,-0.2359,0.0785,-0.2726,-0.635,-0.5626,-0.3592,0.4443,-0.3144,53.1196,56.6144,136.0588,0.7598
19.667,590,on_ground,0.0297,0.2147,-0.6849,1.1401,0.8995,0.789,-0.3575,-0.1494,0.2087,-0.2374,0.0786,-0.2726,-0.6364,-0.5662,-0.3581,0.4461,-0.3161,52.4032,56.354,135.9583,0.7614
19.7,591,on_ground,0.029,0.2122,-0.687,1.1387,0.8992,0.7896,-0.3628,-0.1493,0.2072,-0.2343,0.0787,-0.2726,-0.6375,-0.57,-0.3565,0.4415,-0.313,51.9281,56.2573,135.8169,0.7632
19.733,592,on_ground,0.0298,0.2105,-0.6899,1.1377,0.9005,0.7915,-0.3653,-0.1477,0.2072,-0.2274,0.0787,-0.271,-0.6377,-0.5726,-0.3549,0.4347,-0.3061,52.1322,56.3369,135.7492,0.7653
19.767,593,on_ground,0.0296,0.2058,-0.6924,1.1327,0.8982,0.793,-0.3634,-0.1459,0.2051,-0.222,0.0788,-0.2656,-0.635,-0.5686,-0.351,0.4272,-0.3008,52.0665,56.4219,135.4169,0.7644
19.8,594,on_ground,0.0327,0.2062,-0.6911,1.1341,0.8973,0.7912,-0.3578,-0.1398,0.2052,-0.2209,0.0787,-0.2602,-0.6312,-0.563,-0.345,0.4261,-0.2996,52.4703,57.3387,134.8976,0.7621
19.833,595,on_ground,0.0368,0.2066,-0.6898,1.1317,0.8964,0.7921,-0.3506,-0.1302,0.2038,-0.222,0.0787,-0.2532,-0.6281,-0.5544,-0.3339,0.4257,-0.3006,51.8218,57.9042,133.8739,0.7574
19.867,596,on_ground,0.042,0.2083,-0.6897,1.1034,0.8979,0.8138,-0.322,-0.1175,0.2015,-0.2221,0.0785,-0.2409,-0.622,-0.5235,-0.319,0.4236,-0.3006,51.3101,58.4786,132.5352,0.7477
19.9,597,on_ground,0.0473,0.2102,-0.6891,1.1032,0.8994,0.8152,-0.3133,-0.1067,0.2012,-0.2239,0.0786,-0.2347,-0.6192,-0.5145,-0.3079,0.4252,-0.3025,50.3855,58.1126,131.5145,0.7354
19.933,598,on_ground,0.0635,0.2182,-0.683,1.0919,0.9012,0.8254,-0.2986,-0.0792,0.2062,-0.2223,0.0789,-0.2078,-0.6029,-0.5047,-0.2853,0.4284,-0.3012,49.34,58.8074,129.6903,0.7234
19.967,599,on_ground,0.0808,0.2274,-0.6747,1.0934,0.9021,0.825,-0.2794,-0.0528,0.2143,-0.2158,0.0794,-0.1844,-0.5856,-0.4937,-0.2671,0.4302,-0.2952,49.0747,59.8183,128.1572,0.7166
20.0,600,on_ground,0.0808,0.2262,-0.6782,1.0957,0.9044,0.8254,-0.2545,-0.0521,0.2138,-0.2143,0.0795,-0.1898,-0.5866,-0.4683,-0.2659,0.4281,-0.2938,48.2409,59.2483,127.6498,0.7105
20.033,601,,0.0999,0.2494,-0.6696,1.1244,0.919,0.8173,-0.2934,-0.031,0.2308,-0.211,0.0798,-0.1839,-0.578,-0.5242,-0.2618,0.4418,-0.2908,47.9562,59.0245,127.297,0.7609
20.067,602,,0.1274,0.2652,-0.6562,1.1343,0.9213,0.8122,-0.2261,0.0094,0.2453,-0.204,0.0803,-0.1533,-0.5678,-0.4715,-0.2359,0.4494,-0.2844,47.2436,59.5841,125.2225,0.717
20.1,603,,0.1582,0.2825,-0.6367,1.1413,0.9191,0.8054,-0.1635,0.0544,0.262,-0.1959,0.0805,-0.1245,-0.5395,-0.4256,-0.2077,0.458,-0.2765,47.1314,61.3534,122.7906,0.7205
20.133,604,,0.1773,0.2928,-0.6308,1.1518,0.9237,0.8019,-0.1476,0.0855,0.269,-0.1948,0.0804,-0.0869,-0.5205,-0.4166,-0.1835,0.4638,-0.2753,46.5432,62.6629,120.6372,0.724
20.167,605,,0.2036,0.3114,-0.6123,1.161,0.9237,0.7956,-0.1375,0.1233,0.2839,-0.1866,0.0806,-0.0428,-0.4817,-0.4214,-0.1606,0.4705,-0.2672,46.1002,63.7881,118.7348,0.7431
20.2,606,,0.2208,0.3243,-0.602,1.1702,0.9263,0.7916,-0.094,0.1475,0.2942,-0.1805,0.0804,-0.0068,-0.4514,-0.3882,-0.1467,0.4747,-0.261,45.9237,64.3734,117.4261,0.732
20.233,607,,0.2311,0.3293,-0.5943,1.1683,0.9237,0.7906,-0.0758,0.1632,0.299,-0.1828,0.0802,0.0135,-0.4276,-0.3749,-0.1358,0.4819,-0.263,45.8908,65.1903,116.5524,0.7364
20.267,608,,0.2383,0.33,-0.588,1.1608,0.918,0.7908,-0.0531,0.1758,0.3008,-0.1911,0.08,0.027,-0.3988,-0.3539,-0.125,0.4919,-0.2711,44.8419,65.5228,115.5959,0.7357
20.3,609,,0.2424,0.3298,-0.5907,1.1641,0.9205,0.7908,-0.0411,0.1851,0.2997,-0.201,0.0797,0.0412,-0.3743,-0.3408,-0.1146,0.5007,-0.2807,43.2114,65.5849,114.5196,0.7412
20.333,610,,0.2476,0.3312,-0.5916,1.1692,0.9228,0.7893,-0.0115,0.195,0.3002,-0.2105,0.0796,0.034,-0.3624,-0.3117,-0.1053,0.5107,-0.2901,41.732,65.0368,113.6168,0.7425
20.367,611,,0.2498,0.3307,-0.5906,1.1685,0.9213,0.7885,0.0199,0.1994,0.3001,-0.216,0.0796,0.0252,-0.3524,-0.2802,-0.1007,0.5161,-0.2956,40.4568,64.3318,113.1373,0.7403
20.4,612,,0.2605,0.3363,-0.5811,1.1674,0.9174,0.7859,0.0458,0.2149,0.306,-0.2148,0.0796,0.0356,-0.3341,-0.2602,-0.0911,0.5208,-0.2944,39.6539,64.3844,112.1543,0.7401
20.433,613,,0.2755,0.3467,-0.5666,1.1688,0.9132,0.7814,0.0796,0.2361,0.3149,-0.205,0.0796,0.0473,-0.3184,-0.2353,-0.0788,0.5199,-0.2846,39.9151,64.6307,110.9425,0.7442
20.467,614,,0.2849,0.3582,-0.5631,1.1763,0.9213,0.7832,0.1052,0.2514,0.3184,-0.1994,0.0795,0.0452,-0.3135,-0.2132,-0.067,0.5178,-0.2789,39.6262,64.5922,109.7136,0.7497
20.5,615,,0.2894,0.3671,-0.5671,1.1837,0.9342,0.7892,0.1225,0.2623,0.3165,-0.1929,0.0794,0.0367,-0.3181,-0.194,-0.0542,0.5094,-0.2723,39.178,64.3597,108.3277,0.7532
20.533,616,,0.2963,0.3798,-0.5666,1.1936,0.9464,0.7929,0.137,0.2745,0.3181,-0.1857,0.0793,0.0357,-0.317,-0.181,-0.0436,0.5038,-0.265,39.4635,64.9837,107.1692,0.7599
20.567,617,,0.3011,0.3862,-0.5654,1.2029,0.9516,0.791,0.1353,0.2834,0.3187,-0.1791,0.0792,0.0323,-0.3137,-0.1834,-0.0353,0.4978,-0.2583,39.7085,65.2587,106.2642,0.7748
20.6,618,,0.3034,0.3916,-0.5654,1.2122,0.957,0.7895,0.1583,0.2895,0.3172,-0.1753,0.0791,0.0299,-0.3123,-0.1589,-0.0276,0.4925,-0.2544,39.9033,65.6499,105.4001,0.7652
20.633,619,,0.3102,0.4011,-0.5602,1.2229,0.9613,0.7861,0.16,0.3009,0.3195,-0.1687,0.0789,0.0299,-0.3074,-0.1595,-0.0186,0.4882,-0.2477,40.5307,66.4921,104.3565,0.774
20.667,620,,0.316,0.4083,-0.5551,1.2297,0.9634,0.7835,0.1714,0.3085,0.3235,-0.1598,0.0788,0.0314,-0.303,-0.1521,-0.015,0.4834,-0.2386,41.0173,66.4611,103.8733,0.7764
20.7,621,,0.3231,0.42,-0.5494,1.2442,0.9694,0.7791,0.1849,0.3183,0.328,-0.153,0.0787,0.035,-0.2979,-0.1431,-0.0098,0.4811,-0.2317,41.3628,66.7273,103.1792,0.777
20.733,622,,0.3276,0.4276,-0.5465,1.2544,0.9742,0.7766,0.1972,0.327,0.3283,-0.1548,0.0785,0.0341,-0.2948,-0.1312,-0.0013,0.4831,-0.2332,41.4534,67.6439,102.1807,0.7771
20.767,623,,0.3341,0.4318,-0.5407,1.2552,0.9726,0.7748,0.2129,0.3364,0.3318,-0.1508,0.0784,0.0326,-0.2892,-0.1188,0.0046,0.4826,-0.2292,41.5519,67.9587,101.4451,0.7801
20.8,624,,0.3398,0.4354,-0.5372,1.2572,0.9726,0.7736,0.2265,0.3424,0.3373,-0.1438,0.0781,0.0303,-0.2848,-0.1108,0.0051,0.481,-0.2218,41.96,67.5397,101.3141,0.7913
20.833,625,,0.3385,0.434,-0.5394,1.2578,0.9733,0.7739,0.2317,0.3411,0.3358,-0.1472,0.0782,0.024,-0.2862,-0.1041,0.0053,0.483,-0.2254,41.7463,67.6518,101.2164,0.7987
20.867,626,,0.3423,0.4376,-0.5379,1.2629,0.9755,0.7724,0.2379,0.3473,0.3374,-0.1473,0.0784,0.0219,-0.2843,-0.0994,0.0099,0.4847,-0.2257,41.923,68.5996,100.5862,0.8107
20.9,627,,0.3451,0.4405,-0.5408,1.2723,0.9813,0.7713,0.2374,0.3528,0.3374,-0.1466,0.0784,0.0167,-0.2864,-0.1,0.0155,0.484,-0.225,41.7288,69.2105,99.7808,0.8273
20.933,628,,0.3473,0.4462,-0.5469,1.2914,0.9931,0.769,0.232,0.3565,0.338,-0.1461,0.0787,0.0155,-0.2915,-0.1061,0.0184,0.4841,-0.2249,41.0586,69.4268,99.1722,0.8447
20.967,629,,0.3555,0.461,-0.5498,1.3251,1.0109,0.7629,0.2261,0.3671,0.344,-0.1449,0.0794,0.0163,-0.2933,-0.1178,0.0231,0.4889,-0.2243,40.5803,70.4699,98.307,0.8733
21.0,630,,0.3612,0.4696,-0.5562,1.3513,1.0258,0.7591,0.2131,0.3696,0.3527,-0.1361,0.0798,0.0148,-0.2982,-0.1396,0.0169,0.4888,-0.2159,40.4866,70.1499,98.6904,0.9136
21.033,631,,0.3727,0.4798,-0.5606,1.3797,1.0404,0.7541,0.22,0.377,0.3685,-0.1259,0.0808,0.0147,-0.3026,-0.1485,0.0086,0.4944,-0.2067,39.8663,69.8863,99.2478,0.9977
21.067,632,,0.3829,0.4816,-0.5603,1.3857,1.0419,0.7519,0.2255,0.3769,0.3889,-0.1003,0.0818,0.018,-0.3033,-0.1635,-0.012,0.4892,-0.1821,40.9628,67.314,101.4963,1.0464
21.1,633,,0.3865,0.4798,-0.5658,1.3931,1.0457,0.7506,0.2272,0.3689,0.4041,-0.0759,0.0835,0.0232,-0.3088,-0.1769,-0.0352,0.4801,-0.1594,41.2606,63.3393,104.0179,1.0893
21.133,634,,0.3998,0.4878,-0.5572,1.4109,1.045,0.7406,0.2318,0.3745,0.4252,-0.0495,0.0848,0.0391,-0.3019,-0.1934,-0.0507,0.4747,-0.1343,43.9361,61.2881,105.8259,1.1344
21.167,635,,0.4183,0.4929,-0.5497,1.4566,1.0425,0.7157,0.2433,0.3817,0.4549,-0.0192,0.0851,0.0465,-0.2956,-0.2116,-0.0732,0.4741,-0.1043,49.4065,58.6363,108.7882,1.1507
21.2,636,,0.4323,0.5125,-0.5463,1.5011,1.0588,0.7053,0.245,0.3867,0.4779,0.0075,0.0856,0.0512,-0.2933,-0.233,-0.0913,0.4704,-0.078,53.973,56.708,111.2179,1.1413
21.233,637,,0.5015,0.5857,-0.472,1.561,1.0577,0.6776,0.3048,0.4416,0.5614,0.0825,0.0865,0.1056,-0.2271,-0.2566,-0.1198,0.4789,-0.0041,75.8039,54.0278,114.9164,1.1523
21.267,638,,0.5193,0.6102,-0.4502,1.6014,1.0604,0.6622,0.309,0.4489,0.5897,0.0917,0.0862,0.1108,-0.2141,-0.2807,-0.1408,0.498,0.0055,82.183,52.9222,117.2134,1.154
21.3,639,,0.5323,0.6494,-0.4406,1.6985,1.09,0.6417,0.2764,0.4419,0.6227,0.1091,0.0858,0.1011,-0.2162,-0.3463,-0.1807,0.5135,0.0234,86.0228,48.809,121.4588,1.1842
21.333,640,,0.5344,0.6592,-0.4109,1.7083,1.0701,0.6264,0.2862,0.4368,0.632,0.1269,0.0848,0.0987,-0.2068,-0.3458,-0.1952,0.5051,0.0421,88.1895,45.2316,123.186,1.1558
21.367,641,,0.5238,0.6436,-0.3897,1.6678,1.0333,0.6196,0.3113,0.4256,0.622,0.1332,0.0835,0.0923,-0.2065,-0.3107,-0.1964,0.4888,0.0498,88.8588,43.7606,122.8393,1.1024
21.4,642,,0.512,0.6369,-0.3875,1.666,1.0244,0.6149,0.2967,0.4069,0.6172,0.1385,0.083,0.0743,-0.2212,-0.3205,-0.2103,0.4787,0.0555,91.3599,40.7987,123.9885,1.0702
21.433,643,,0.4953,0.6097,-0.3985,1.631,1.0082,0.6182,0.2471,0.3884,0.6022,0.1159,0.0824,0.0525,-0.2454,-0.3551,-0.2138,0.4862,0.0335,83.7505,41.2307,123.8209,1.0153
21.467,644,,0.4982,0.624,-0.3973,1.6704,1.0214,0.6115,0.2335,0.39,0.6065,0.1282,0.0821,0.0436,-0.2541,-0.373,-0.2165,0.4783,0.0461,84.8914,39.9632,123.4359,1.001
21.5,645,,0.4945,0.6339,-0.4121,1.7316,1.046,0.604,0.2437,0.3852,0.6037,0.1331,0.0804,0.0249,-0.2753,-0.36,-0.2185,0.4706,0.0527,85.1695,39.6339,123.099,1.0106
21.533,646,,0.4591,0.596,-0.4505,1.7185,1.0466,0.609,0.1936,0.3466,0.5715,0.0768,0.0767,-0.0115,-0.3206,-0.3779,-0.2249,0.4948,0.0,69.5354,40.8408,123.3614,0.9962
21.567,647,,0.4376,0.5703,-0.4833,1.7233,1.0535,0.6113,0.1506,0.3259,0.5492,0.0294,0.0739,-0.0352,-0.3586,-0.3986,-0.2233,0.5198,-0.0445,58.1784,42.2389,122.6913,0.9978
21.6,648,,0.4301,0.548,-0.4887,1.7209,1.0366,0.6024,0.1113,0.3224,0.5379,0.0191,0.0725,-0.0256,-0.3711,-0.4266,-0.2155,0.5187,-0.0533,56.5166,43.1541,121.5705,0.9907
21.633,649,,0.5121,0.6148,-0.3708,1.6877,0.9856,0.584,0.2176,0.4209,0.6033,0.1155,0.0772,0.0885,-0.2588,-0.3858,-0.1824,0.4878,0.0384,80.3331,45.0254,119.1193,1.0067
21.667,650,,0.5798,0.6833,-0.2845,1.7179,0.9679,0.5634,0.2981,0.4947,0.665,0.1967,0.075,0.1738,-0.1679,-0.3669,-0.1704,0.4683,0.1217,107.4778,46.6384,118.9875,1.095
21.7,651,,0.5608,0.6582,-0.3071,1.7291,0.9653,0.5583,0.2737,0.469,0.6526,0.1337,0.0742,0.1507,-0.209,-0.379,-0.1836,0.519,0.0594,87.6823,47.1651,119.5999,1.0976
21.733,652,,0.6574,0.7481,-0.157,1.7442,0.9051,0.5189,0.4042,0.5874,0.7275,0.2251,0.0788,0.2776,-0.0767,-0.3233,-0.1401,0.5024,0.1463,122.2787,52.5511,115.5501,1.1512
21.767,653,,0.7389,0.8017,-0.0685,1.7534,0.8703,0.4963,0.4986,0.692,0.7858,0.2911,0.0782,0.3602,0.0136,-0.2872,-0.0938,0.4947,0.2129,143.0863,60.2425,109.4635,1.189
21.8,654,,0.7747,0.8161,-0.0164,1.7477,0.8325,0.4763,0.5561,0.7463,0.803,0.3296,0.0793,0.4114,0.0704,-0.247,-0.0567,0.4734,0.2503,140.8668,64.3447,103.7958,1.2087
21.833,655,,0.7821,0.8213,-0.0205,1.7762,0.8418,0.4739,0.6139,0.757,0.8072,0.3595,0.0778,0.4268,0.0893,-0.1934,-0.0502,0.4477,0.2817,136.5616,62.2138,102.5407,1.2893
21.867,656,,0.8165,0.8515,-0.0085,1.8588,0.86,0.4627,0.616,0.7969,0.8361,0.3999,0.0785,0.4719,0.1494,-0.2201,-0.0392,0.4362,0.3215,134.8913,61.6196,100.5604,1.348
21.9,657,,0.8481,0.8787,0.0057,1.9265,0.8729,0.4531,0.6971,0.8308,0.8653,0.4336,0.0792,0.5309,0.2225,-0.1682,-0.0345,0.4317,0.3544,136.2591,62.0777,99.754,1.352
21.933,658,,0.8808,0.8961,0.0156,2.0046,0.8806,0.4393,0.7547,0.8751,0.8865,0.4478,0.0796,0.5956,0.2977,-0.1318,-0.0115,0.4388,0.3682,137.1324,66.289,95.9698,1.2722
21.967,659,,0.9155,0.9463,0.0202,2.1547,0.926,0.4298,0.8236,0.9275,0.9036,0.4604,0.0797,0.6741,0.3849,-0.08,0.0239,0.4432,0.3806,138.1526,72.5551,89.9647,1.3445
22.0,660,,0.9431,0.9861,0.0206,2.2851,0.9655,0.4225,0.8918,0.9737,0.9126,0.4687,0.0797,0.7411,0.4662,-0.0208,0.0611,0.4439,0.389,139.4278,79.5579,83.5149,1.3799
22.033,661,,0.9681,1.0287,0.0221,2.4359,1.0066,0.4132,0.9636,1.0211,0.9151,0.4784,0.0796,0.8023,0.5357,0.0484,0.1059,0.4368,0.3987,140.7783,88.042,75.9111,1.4666
22.067,662,,0.9966,1.0888,0.0199,2.6812,1.0689,0.3987,1.0316,1.0748,0.9183,0.4803,0.0794,0.8629,0.5951,0.1132,0.1565,0.4381,0.4008,142.0009,97.7545,67.508,1.5408
22.1,663,,1.0164,1.1595,0.0213,2.9915,1.1382,0.3805,1.0929,1.1177,0.9151,0.4833,0.0793,0.9105,0.6489,0.1778,0.2027,0.4318,0.404,142.3606,105.6286,60.5205,1.5361
22.133,664,,1.0309,1.2254,0.0249,3.31,1.2004,0.3627,1.1554,1.1519,0.9099,0.4857,0.0794,0.9462,0.692,0.2455,0.242,0.4242,0.4063,143.8338,113.2157,54.6677,1.6241
22.167,665,,1.0424,1.2755,0.026,3.5848,1.2495,0.3486,1.2059,1.1828,0.9019,0.4894,0.0793,0.9759,0.7272,0.304,0.281,0.4125,0.4101,145.4065,120.8884,48.6303,1.6992
22.2,666,,1.056,1.3151,0.0267,3.8153,1.2884,0.3377,1.254,1.2155,0.8965,0.4905,0.0793,1.0165,0.7692,0.3576,0.319,0.406,0.4111,148.1362,129.3711,42.6779,1.7741
22.233,667,,1.074,1.3613,0.0272,4.1004,1.3342,0.3254,1.307,1.2499,0.8982,0.493,0.0793,1.0508,0.7973,0.4089,0.3517,0.4052,0.4137,152.0412,137.4574,37.7227,1.8673
22.267,668,,1.0937,1.4033,0.0252,4.3749,1.3781,0.315,1.351,1.2832,0.9043,0.4962,0.0793,1.0785,0.8253,0.4468,0.3789,0.4081,0.417,156.0234,144.6473,33.4914,1.9763
22.3,669,,1.1203,1.4457,0.0229,4.663,1.4228,0.3051,1.4028,1.3239,0.9167,0.5051,0.0791,1.1112,0.8456,0.4861,0.4073,0.4115,0.426,160.06,151.1437,29.7753,1.9828
22.333,670,,1.137,1.4856,0.0167,4.9647,1.4689,0.2959,1.4358,1.3509,0.9232,0.5091,0.0788,1.136,0.8656,0.5126,0.4277,0.414,0.4303,163.805,156.4033,26.8613,2.2892
22.367,671,,1.1512,1.515,0.0108,5.1988,1.5042,0.2893,1.4658,1.3744,0.928,0.5111,0.0785,1.1553,0.8815,0.5378,0.4464,0.4169,0.4326,166.5672,161.1678,23.9847,2.4679
22.4,672,,1.1591,1.5357,0.0051,5.3772,1.5306,0.2846,1.4908,1.3875,0.9307,0.5102,0.0782,1.167,0.8923,0.5601,0.4569,0.4204,0.432,168.3165,165.1478,21.4073,2.5602
22.433,673,,1.1657,1.5543,0.001,5.5504,1.5533,0.2799,1.5172,1.3998,0.9317,0.5106,0.078,1.1736,0.8985,0.5855,0.4681,0.4211,0.4326,169.115,168.6025,18.8442,2.563
22.467,674,,1.1703,1.5711,-0.0031,5.7166,1.5741,0.2754,1.5334,1.4096,0.931,0.5106,0.0777,1.181,0.9032,0.6023,0.4785,0.4204,0.4329,169.6129,171.4422,16.5983,2.71
22.5,675,,1.1711,1.5685,-0.0066,5.6862,1.5751,0.277,1.5349,1.4162,0.926,0.5074,0.0775,1.1835,0.905,0.6089,0.4902,0.4186,0.4299,169.7456,173.7973,14.4826,2.7637
22.533,676,,1.1714,1.5801,-0.0092,5.8061,1.5893,0.2737,1.5451,1.4208,0.922,0.504,0.0773,1.1836,0.9047,0.6231,0.4988,0.418,0.4266,169.4983,173.5392,12.7084,2.7714
22.567,677,,1.1715,1.5905,-0.0102,5.9251,1.6007,0.2702,1.5608,1.4231,0.9199,0.5035,0.0773,1.1842,0.9042,0.6409,0.5032,0.4164,0.4262,168.892,173.3799,11.1944,2.7993
22.6,678,,1.1722,1.5961,-0.0113,5.9825,1.6074,0.2687,1.5673,1.4264,0.9179,0.5019,0.0772,1.1848,0.903,0.6494,0.5084,0.4161,0.4247,168.2545,173.2549,9.5184,2.8042
22.633,679,,1.1705,1.6022,-0.0125,6.0465,1.6148,0.2671,1.5733,1.4287,0.9124,0.4976,0.0771,1.1834,0.9013,0.6609,0.5163,0.4148,0.4205,167.8102,173.1088,8.145,2.8204
22.667,680,,1.1695,1.6056,-0.0135,6.0845,1.6192,0.2661,1.5768,1.4307,0.9083,0.4945,0.0771,1.1802,0.8975,0.6684,0.5224,0.4138,0.4174,167.566,172.7942,7.037,2.837
22.7,681,,1.166,1.6103,-0.0158,6.135,1.626,0.265,1.5805,1.4324,0.8996,0.4882,0.0769,1.1779,0.8947,0.6809,0.5329,0.4114,0.4112,167.4801,172.7361,6.2714,2.8588
22.733,682,,1.164,1.6124,-0.0174,6.1592,1.6297,0.2646,1.5815,1.4334,0.8947,0.4843,0.0768,1.176,0.8925,0.6869,0.5388,0.4104,0.4074,167.2953,172.518,5.6132,2.8694
22.767,683,,1.1616,1.6118,-0.0194,6.1488,1.6312,0.2653,1.5745,1.4343,0.8888,0.479,0.0767,1.1723,0.8894,0.6857,0.5455,0.4098,0.4023,166.8999,172.3362,5.1429,2.8825
22.8,684,,1.1604,1.6144,-0.0226,6.1932,1.637,0.2643,1.5822,1.4335,0.8872,0.4774,0.0765,1.1667,0.8829,0.695,0.5463,0.4098,0.4009,166.7888,172.0913,4.8004,2.9591
22.833,685,,1.1602,1.6138,-0.0246,6.1948,1.6384,0.2645,1.5809,1.4329,0.8875,0.4772,0.0764,1.1626,0.8773,0.6935,0.5454,0.4103,0.4009,166.5179,172.0051,4.5571,3.046
22.867,686,,1.1617,1.6125,-0.0255,6.1826,1.638,0.2649,1.5792,1.4332,0.8902,0.4792,0.0763,1.1605,0.8734,0.689,0.543,0.411,0.4029,166.202,172.0045,4.2859,3.1455
22.9,687,,1.1626,1.6109,-0.0251,6.1666,1.636,0.2653,1.5765,1.4326,0.8925,0.4818,0.0763,1.1583,0.8689,0.684,0.5402,0.4107,0.4055,165.7655,172.1091,4.0536,3.2448
22.933,688,,1.1622,1.6069,-0.0249,6.1245,1.6318,0.2664,1.5732,1.4319,0.8924,0.4834,0.0763,1.1549,0.8634,0.6808,0.5394,0.409,0.4071,165.823,172.1718,3.745,3.356
22.967,689,,1.1622,1.6032,-0.027,6.091,1.6302,0.2676,1.561,1.4309,0.8935,0.4848,0.0762,1.1505,0.8577,0.6675,0.5374,0.4087,0.4086,165.9759,172.1055,3.5336,3.4657
23.0,690,,1.1609,1.5972,-0.0304,6.0414,1.6276,0.2694,1.556,1.4288,0.893,0.4858,0.0759,1.145,0.8526,0.663,0.5358,0.4072,0.4099,166.0355,172.0925,3.3393,3.551
23.033,691,,1.1593,1.5923,-0.0325,5.9971,1.6248,0.2709,1.5524,1.4278,0.8908,0.4855,0.0757,1.1404,0.8514,0.6617,0.5371,0.4052,0.4098,166.2246,172.2314,3.2988,3.6848
23.067,692,,1.1561,1.5875,-0.0347,5.9574,1.6222,0.2723,1.5486,1.4265,0.8857,0.4836,0.0755,1.1352,0.8491,0.6629,0.5408,0.4021,0.4081,166.4515,172.5463,3.1703,3.7023
23.1,693,,1.1536,1.5829,-0.0364,5.9162,1.6194,0.2737,1.5458,1.4254,0.8818,0.4831,0.0753,1.1311,0.8503,0.664,0.5436,0.3987,0.4078,166.6243,172.939,3.141,3.7313
23.133,694,,1.1515,1.5789,-0.0363,5.8765,1.6152,0.2749,1.5422,1.4246,0.8784,0.4821,0.0752,1.1289,0.854,0.6638,0.5463,0.3963,0.4068,167.0354,173.5858,2.9795,3.7563
23.167,695,,1.1493,1.5768,-0.0351,5.8541,1.612,0.2754,1.5395,1.4235,0.875,0.4819,0.0753,1.1271,0.8554,0.6646,0.5486,0.393,0.4066,167.7397,174.3493,2.9485,3.6494
23.2,696,,1.1492,1.5747,-0.0331,5.8287,1.6078,0.2758,1.5366,1.422,0.8763,0.4843,0.0754,1.125,0.8559,0.6602,0.5457,0.392,0.4089,168.9343,174.8047,3.1881,3.7679
23.233,697,,1.1487,1.5734,-0.0322,5.813,1.6056,0.2762,1.5351,1.4206,0.8768,0.4863,0.0755,1.1227,0.8572,0.6583,0.5437,0.3906,0.4108,170.0688,175.5054,3.3615,3.6746
23.267,698,,1.1482,1.5729,-0.0321,5.8087,1.605,0.2763,1.5342,1.4193,0.8771,0.4904,0.0755,1.1236,0.8614,0.6571,0.5422,0.3867,0.415,170.5977,175.9039,3.9503,3.5914
23.3,699,,1.1476,1.5747,-0.0315,5.8199,1.6062,0.276,1.5338,1.4198,0.8755,0.4875,0.0755,1.128,0.8695,0.6584,0.5443,0.3879,0.412,171.2307,176.6095,4.6187,3.5179
23.333,700,,1.1473,1.5767,-0.0326,5.8376,1.6093,0.2757,1.5335,1.4201,0.8745,0.4845,0.0754,1.1347,0.8834,0.659,0.5457,0.39,0.4091,171.8141,177.1278,5.423,3.4618
23.367,701,,1.1486,1.5765,-0.0354,5.8402,1.6119,0.276,1.5326,1.4207,0.8765,0.4844,0.0752,1.1427,0.9082,0.6562,0.5442,0.3921,0.4092,171.9004,177.6725,6.453,3.4012
23.4,702,,1.152,1.575,-0.0417,5.8422,1.6166,0.2767,1.5319,1.4218,0.8822,0.4836,0.0746,1.1548,0.9364,0.6497,0.5396,0.3986,0.409,171.8439,176.2433,7.9953,3.3251
23.433,703,,1.1586,1.575,-0.0442,5.8535,1.6192,0.2766,1.5299,1.4243,0.8928,0.488,0.0743,1.1662,0.9581,0.6371,0.5316,0.4048,0.4136,171.4317,173.8426,9.503,3.2698
23.467,704,,1.165,1.5744,-0.0475,5.8613,1.6218,0.2767,1.5274,1.4264,0.9037,0.4925,0.074,1.1675,0.9538,0.6237,0.5227,0.4111,0.4185,170.2854,170.5081,11.5214,3.2071
23.5,705,,1.1697,1.572,-0.0492,5.8503,1.6213,0.2771,1.5238,1.4273,0.912,0.5002,0.0739,1.17,0.9521,0.6118,0.5153,0.4118,0.4264,169.2899,167.682,13.1974,3.1178
23.533,706,,1.1764,1.5702,-0.0478,5.8339,1.6179,0.2773,1.5205,1.4288,0.9241,0.5097,0.074,1.1735,0.9531,0.5964,0.5047,0.4144,0.4357,168.284,164.8942,14.8006,3.0155
23.567,707,,1.1781,1.5654,-0.0481,5.7984,1.6136,0.2783,1.5146,1.4282,0.928,0.5104,0.074,1.1737,0.9427,0.5865,0.5001,0.4176,0.4364,167.495,162.9419,15.9732,2.8917
23.6,708,,1.1765,1.5589,-0.0457,5.745,1.6046,0.2793,1.5064,1.4262,0.9267,0.5131,0.0742,1.1752,0.9291,0.5797,0.4994,0.4137,0.4389,166.8944,161.8824,16.654,2.7725
23.633,709,,1.1775,1.5516,-0.0423,5.6712,1.5939,0.281,1.497,1.4242,0.9309,0.5147,0.0745,1.1779,0.9238,0.5661,0.4933,0.4162,0.4402,166.586,161.366,17.1809,2.6406
23.667,710,,1.1799,1.5415,-0.0383,5.5736,1.5798,0.2834,1.4856,1.4226,0.9371,0.5136,0.0749,1.1828,0.928,0.5484,0.4854,0.4235,0.4387,165.8373,160.4791,18.0586,2.507
23.7,711,,1.1774,1.531,-0.0378,5.4824,1.5688,0.2861,1.4744,1.4187,0.9362,0.5116,0.075,1.1877,0.9336,0.5382,0.4825,0.4246,0.4367,164.6258,159.5963,18.8383,2.4049
23.733,712,,1.1768,1.5201,-0.0378,5.3918,1.5579,0.2889,1.4613,1.4146,0.939,0.5132,0.075,1.1917,0.94,0.5223,0.4756,0.4258,0.4381,163.0119,157.9202,19.9037,2.3143
23.767,713,,1.1777,1.5042,-0.0357,5.2585,1.54,0.2929,1.4444,1.4091,0.9463,0.5192,0.0752,1.1928,0.9437,0.4981,0.4628,0.427,0.444,161.0289,154.9783,21.5501,2.2346
23.8,714,,1.1756,1.4854,-0.034,5.1008,1.5194,0.2979,1.4266,1.4038,0.9475,0.5219,0.0754,1.1921,0.942,0.4791,0.4563,0.4256,0.4464,159.1023,152.3863,22.8155,2.1622
23.833,715,,1.1709,1.469,-0.0312,4.9621,1.5002,0.3023,1.4105,1.3974,0.9444,0.5237,0.0757,1.1875,0.9341,0.4661,0.453,0.4206,0.448,156.897,149.5084,24.1172,2.1082
23.867,716,,1.1661,1.4531,-0.029,4.8291,1.4821,0.3069,1.3954,1.3881,0.9441,0.5248,0.0759,1.1807,0.926,0.4513,0.444,0.4193,0.4489,155.4369,146.7795,25.548,2.0458
23.9,717,,1.1605,1.4357,-0.025,4.6838,1.4607,0.3119,1.3776,1.3772,0.9438,0.528,0.0763,1.1729,0.9179,0.4338,0.4334,0.4158,0.4517,153.9926,143.4819,27.2858,2.0018
23.933,718,,1.1519,1.419,-0.022,4.5512,1.441,0.3166,1.3597,1.3621,0.9417,0.5275,0.0765,1.1654,0.9092,0.418,0.4204,0.4142,0.4509,152.5463,140.2507,29.1853,1.9511
23.967,719,,1.1406,1.4027,-0.0198,4.4244,1.4225,0.3215,1.3426,1.3466,0.9346,0.5273,0.0767,1.1543,0.8963,0.408,0.412,0.4073,0.4506,151.1677,136.9346,30.9505,1.904
24.0,720,,1.1294,1.3865,-0.0186,4.3057,1.4051,0.3263,1.3255,1.3308,0.928,0.5265,0.0769,1.1339,0.8705,0.3975,0.4028,0.4016,0.4496,150.1831,133.4719,32.8987,1.8718
24.033,721,,1.1194,1.3684,-0.0172,4.1775,1.3856,0.3317,1.306,1.3155,0.9233,0.5243,0.077,1.1143,0.8495,0.3827,0.3922,0.399,0.4473,149.3867,130.4399,34.709,1.8278
24.067,722,,1.1102,1.3491,-0.0151,4.0426,1.3642,0.3375,1.287,1.2993,0.921,0.523,0.0772,1.0953,0.8273,0.3659,0.3783,0.3981,0.4458,147.784,125.8029,37.3186,1.7922
24.1,723,,1.1007,1.3303,-0.0134,3.9171,1.3437,0.343,1.2703,1.2825,0.9189,0.5203,0.0773,1.0724,0.8063,0.3514,0.3636,0.3986,0.443,146.6049,122.4221,39.4805,1.7544
24.133,724,,1.0895,1.3131,-0.0123,3.8048,1.3253,0.3483,1.2545,1.2651,0.914,0.514,0.0774,1.0486,0.7102,0.3406,0.3512,0.4,0.4366,144.7532,119.5982,41.0925,1.7214
24.167,725,,1.0774,1.2979,-0.0131,3.7103,1.311,0.3533,1.2376,1.247,0.9077,0.51,0.0773,1.0221,0.6702,0.3298,0.3392,0.3977,0.4327,142.7474,116.3863,42.8171,1.7036
24.2,726,,1.0685,1.2802,-0.0125,3.6003,1.2927,0.3591,1.2173,1.2325,0.9045,0.5126,0.0774,1.0034,0.635,0.3128,0.328,0.3918,0.4353,139.5075,111.6913,44.9611,1.6877
24.233,727,,1.0563,1.261,-0.0126,3.4876,1.2736,0.3652,1.1966,1.2197,0.893,0.5163,0.0774,0.9754,0.5998,0.3036,0.3267,0.3767,0.4389,135.5151,106.5296,46.4869,1.6663
24.267,728,,1.0385,1.2381,-0.0156,3.3678,1.2537,0.3723,1.1751,1.1969,0.88,0.5155,0.0772,0.941,0.5623,0.2951,0.3169,0.3645,0.4383,132.1779,102.3233,48.0635,1.6399
24.3,729,,1.0203,1.2128,-0.0157,3.2377,1.2284,0.3794,1.1483,1.1748,0.8658,0.5154,0.0772,0.9105,0.534,0.2825,0.309,0.3504,0.4382,127.7383,96.7921,50.0244,1.5898
24.333,730,,1.0023,1.1909,-0.016,3.1278,1.2069,0.3859,1.1233,1.1512,0.8533,0.5155,0.0772,0.8874,0.5061,0.27,0.2979,0.3378,0.4383,123.6911,91.8259,51.9488,1.5299
24.367,731,,0.987,1.1684,-0.0191,3.0199,1.1874,0.3932,1.0993,1.1324,0.8416,0.514,0.077,0.8734,0.562,0.2576,0.2907,0.3276,0.4371,120.8463,88.9137,52.9418,1.5001
24.4,732,,0.9733,1.1474,-0.0239,2.9207,1.1713,0.401,1.0679,1.1119,0.8347,0.5112,0.0766,0.8503,0.5256,0.2331,0.2771,0.3235,0.4346,119.5063,86.6218,54.291,1.4806
24.433,733,,0.9507,1.1195,-0.0272,2.8016,1.1468,0.4093,1.0405,1.0848,0.8165,0.5092,0.0764,0.8118,0.4922,0.224,0.2683,0.3073,0.4328,117.2407,83.8805,55.1064,1.443
24.467,734,,0.9274,1.0935,-0.0313,2.6958,1.1248,0.4172,1.0137,1.0586,0.7961,0.5041,0.0761,0.7791,0.4698,0.2177,0.2626,0.292,0.4279,114.7942,81.7371,55.3327,1.4187
24.5,735,,0.9073,1.0667,-0.0321,2.582,1.0989,0.4256,0.9872,1.033,0.7816,0.5028,0.0761,0.7631,0.4683,0.2056,0.2514,0.2788,0.4267,111.9794,78.2817,56.5629,1.3793
24.533,736,,0.8884,1.055,-0.0344,2.537,1.0894,0.4294,0.9613,1.0167,0.7601,0.4972,0.0759,0.7475,0.4691,0.2012,0.2565,0.2629,0.4213,109.4789,77.1452,55.6012,1.3656
24.567,737,,0.8677,1.0472,-0.0326,2.5005,1.0798,0.4318,0.9387,1.0008,0.7346,0.4951,0.0761,0.7389,0.463,0.2041,0.2662,0.2394,0.419,104.8312,74.2853,54.6666,1.3662
24.6,738,,0.8473,1.0373,-0.0308,2.4565,1.0681,0.4348,0.9188,0.9831,0.7114,0.4878,0.0763,0.7312,0.4592,0.2074,0.2718,0.2236,0.4115,101.3429,72.609,53.6947,1.367
24.633,739,,0.83,1.0184,-0.0298,2.3767,1.0482,0.441,0.9038,0.9653,0.6948,0.4874,0.0764,0.7236,0.4542,0.2091,0.2705,0.2074,0.4109,99.1164,71.81,52.4429,1.3452
24.667,740,,0.8161,1.0045,-0.0293,2.3196,1.0339,0.4457,0.8945,0.9535,0.6788,0.484,0.0765,0.7161,0.4466,0.2157,0.2747,0.1948,0.4076,97.094,72.0506,50.5034,1.3326
24.7,741,,0.8053,0.9933,-0.0297,2.2756,1.023,0.4496,0.8835,0.944,0.6666,0.4794,0.0764,0.7103,0.4405,0.2169,0.2773,0.1872,0.403,95.643,72.7353,48.6333,1.3356
24.733,742,,0.7912,0.9866,-0.0313,2.2519,1.0178,0.452,0.8717,0.929,0.6534,0.474,0.0763,0.7032,0.4292,0.2183,0.2756,0.1794,0.3977,94.6347,73.7257,46.6776,1.3548
24.767,743,,0.774,0.9773,-0.0349,2.226,1.0122,0.4547,0.8579,0.9179,0.6302,0.4629,0.076,0.68,0.41,0.2277,0.2877,0.1673,0.3869,93.0523,75.6001,43.1615,1.3744
24.8,744,,0.763,0.9677,-0.0391,2.1939,1.0067,0.4589,0.8518,0.9086,0.6174,0.4574,0.0756,0.6753,0.4097,0.2344,0.2913,0.1599,0.3818,92.584,77.4101,40.2689,1.413
24.833,745,,0.7555,0.9678,-0.0314,2.1613,0.9992,0.4623,0.8675,0.8986,0.6124,0.4488,0.0765,0.6757,0.4175,0.2551,0.2862,0.1635,0.3723,102.9537,83.1968,37.3915,1.495
24.867,746,,0.7417,0.9619,-0.0396,2.1619,1.0015,0.4633,0.8539,0.893,0.5905,0.4449,0.0757,0.6692,0.416,0.2634,0.3025,0.1456,0.3692,98.5852,82.4888,35.029,1.5092
24.9,747,,0.7329,0.9537,-0.0402,2.1372,0.9939,0.4651,0.8505,0.8887,0.5771,0.4462,0.0756,0.6702,0.4234,0.2734,0.3117,0.1309,0.3706,94.9527,81.4189,33.1807,1.5308
24.933,748,,0.7261,0.9473,-0.0407,2.1187,0.988,0.4663,0.8426,0.8831,0.569,0.4453,0.0755,0.6807,0.4614,0.2736,0.3141,0.1237,0.3697,92.7955,82.5493,30.5135,1.4812
24.967,749,,0.7222,0.9451,-0.0401,2.1108,0.9851,0.4667,0.8419,0.8806,0.5638,0.4452,0.0756,0.7144,0.5547,0.2781,0.3168,0.1186,0.3697,91.1542,84.3464,27.575,1.4873
25.0,750,sitting,0.7233,0.9467,-0.0393,2.1145,0.9859,0.4663,0.8476,0.8825,0.5641,0.4446,0.0756,0.7268,0.5537,0.2836,0.3184,0.1195,0.3689,90.905,87.4287,24.4269,1.5166
25.033,751,sitting,0.726,0.9457,-0.0384,2.1091,0.9841,0.4666,0.856,0.8854,0.5666,0.4452,0.0757,0.717,0.2651,0.2894,0.3188,0.1214,0.3695,90.6899,90.8295,20.8257,1.5385
25.067,752,sitting,0.7291,0.9431,-0.0385,2.0992,0.9816,0.4676,0.8724,0.8886,0.5695,0.4455,0.0757,0.7092,0.5037,0.3029,0.3191,0.124,0.3698,90.7507,94.2319,17.3816,1.4994
25.1,753,sitting,0.7291,0.9577,-0.0372,2.1525,0.9949,0.4622,0.8911,0.89,0.5682,0.4432,0.0758,0.698,0.4625,0.3229,0.3219,0.125,0.3674,91.0332,97.0738,14.5646,1.4916
25.133,754,sitting,0.7313,0.973,-0.0391,2.2127,1.0122,0.4574,0.9114,0.895,0.5676,0.4399,0.0756,0.6985,0.4638,0.3437,0.3274,0.1277,0.3643,91.3164,100.0084,11.941,1.497
25.167,755,sitting,0.7358,0.9933,-0.039,2.2887,1.0323,0.4511,0.9334,0.9012,0.5705,0.4391,0.0756,0.6976,0.4587,0.3629,0.3307,0.1314,0.3635,92.0236,103.779,8.5677,1.5046
25.2,756,sitting,0.7399,1.0108,-0.0364,2.3514,1.0472,0.4454,0.9517,0.9061,0.5737,0.4409,0.0758,0.696,0.4507,0.3779,0.3324,0.1328,0.3651,92.3885,106.6083,5.8225,1.5075
25.233,757,sitting,0.7417,1.0246,-0.035,2.404,1.0596,0.4408,0.9685,0.9083,0.5751,0.4442,0.076,0.697,0.459,0.3934,0.3332,0.1309,0.3682,92.555,108.8654,3.3095,1.5154
25.267,758,sitting,0.745,1.0352,-0.0335,2.4447,1.0687,0.4372,0.9806,0.9123,0.5777,0.4493,0.0761,0.6969,0.4635,0.4028,0.3346,0.1284,0.3732,92.569,109.9552,1.6785,1.5176
25.3,759,sitting,0.7475,1.0385,-0.0372,2.4657,1.0757,0.4363,0.9877,0.9139,0.5811,0.4556,0.0757,0.7023,0.4683,0.4066,0.3328,0.1255,0.3799,92.05,110.0629,0.8202,1.513
25.333,760,sitting,0.7472,1.0391,-0.0382,2.4748,1.0773,0.4353,0.9939,0.9134,0.5811,0.461,0.0756,0.71,0.4755,0.4128,0.3323,0.1201,0.3854,91.1404,109.9733,0.1408,1.5032
25.367,761,sitting,0.7468,1.0405,-0.0384,2.4835,1.0789,0.4344,0.9981,0.9127,0.5809,0.4651,0.0756,0.7086,0.478,0.4172,0.3318,0.1158,0.3895,90.415,110.2447,1.3032,1.4946
25.4,762,sitting,0.7444,1.0411,-0.038,2.4892,1.0792,0.4335,1.0015,0.9101,0.5788,0.4694,0.0756,0.703,0.4805,0.4227,0.3313,0.1093,0.3938,89.3844,110.3436,2.5059,1.4823
25.433,763,sitting,0.7421,1.0411,-0.035,2.4873,1.0761,0.4326,1.0046,0.9074,0.5768,0.4718,0.0759,0.6993,0.4771,0.4278,0.3306,0.105,0.3959,88.6079,111.3472,4.2511,1.4661
25.467,764,sitting,0.7418,1.0429,-0.033,2.4928,1.0759,0.4316,1.0083,0.9071,0.5765,0.4755,0.076,0.6953,0.4731,0.4318,0.3306,0.101,0.3995,87.7391,111.6341,5.3723,1.4561
25.5,765,sitting,0.7428,1.0464,-0.0319,2.5063,1.0783,0.4303,1.0135,0.9087,0.577,0.4795,0.0761,0.6917,0.4718,0.4365,0.3317,0.0975,0.4035,86.9317,111.5518,6.0313,1.4523
25.533,766,sitting,0.7442,1.0496,-0.03,2.5168,1.0796,0.429,1.0196,0.9102,0.5782,0.4838,0.0762,0.6893,0.4761,0.4414,0.332,0.0944,0.4075,86.2584,111.2144,6.3684,1.4502
25.567,767,sitting,0.7466,1.0532,-0.0292,2.5302,1.0824,0.4278,1.0258,0.9136,0.5796,0.4893,0.0763,0.6903,0.484,0.4462,0.3339,0.0903,0.413,85.7603,111.1427,6.9816,1.4489
25.6,768,sitting,0.7529,1.0675,-0.0204,2.5699,1.0879,0.4233,1.0437,0.9218,0.584,0.4996,0.077,0.6932,0.4904,0.4597,0.3377,0.0844,0.4227,84.9388,111.5239,8.1852,1.4634
25.633,769,sitting,0.7606,1.0836,-0.0128,2.6175,1.0964,0.4189,1.0557,0.9314,0.5899,0.5092,0.0775,0.6976,0.4972,0.4658,0.3416,0.0806,0.4317,84.7109,112.761,9.8433,1.4735
25.667,770,sitting,0.7667,1.0944,-0.0069,2.6499,1.1013,0.4156,1.0654,0.9399,0.5936,0.5152,0.0779,0.702,0.5041,0.4718,0.3463,0.0784,0.4373,84.2901,114.0947,11.4164,1.4821
25.7,771,sitting,0.7702,1.102,-0.002,2.6715,1.104,0.4133,1.0726,0.9455,0.5949,0.5203,0.0782,0.7053,0.5107,0.4777,0.3506,0.0746,0.4421,83.5955,114.7921,12.6588,1.4863
25.733,772,sitting,0.773,1.1071,0.0014,2.687,1.1058,0.4115,1.0774,0.9496,0.5965,0.5211,0.0784,0.7073,0.515,0.4809,0.3531,0.0754,0.4427,83.5258,115.6039,13.405,1.4907
25.767,773,sitting,0.7753,1.109,0.0028,2.6923,1.1062,0.4109,1.0804,0.9525,0.5981,0.5214,0.0785,0.7084,0.5179,0.4823,0.3543,0.0767,0.4429,83.4532,116.0092,13.7178,1.4931
25.8,774,sitting,0.7781,1.1104,0.0052,2.6933,1.1052,0.4103,1.0834,0.9561,0.6001,0.5216,0.0786,0.7118,0.5234,0.4833,0.356,0.0785,0.443,83.4255,116.4257,13.9235,1.4997
25.833,775,sitting,0.7801,1.1073,0.0037,2.6816,1.1037,0.4116,1.0828,0.9586,0.6016,0.5212,0.0785,0.7123,0.5276,0.4812,0.357,0.0804,0.4427,83.4466,117.2124,14.4945,1.505
25.867,776,sitting,0.7801,1.1078,0.006,2.6796,1.1018,0.4112,1.0824,0.9582,0.602,0.5217,0.0786,0.7108,0.5295,0.4804,0.3562,0.0804,0.4431,83.2072,117.3229,14.6553,1.5094
25.9,777,sitting,0.78,1.1026,0.0075,2.6532,1.0951,0.4128,1.0748,0.9582,0.6019,0.5226,0.0787,0.7113,0.5326,0.4729,0.3562,0.0793,0.4439,83.0242,117.4197,14.9079,1.4941
25.933,778,sitting,0.7797,1.0988,0.0079,2.635,1.0908,0.414,1.0735,0.9578,0.6016,0.5248,0.0787,0.712,0.5345,0.4718,0.3562,0.0769,0.4461,82.656,117.2141,15.0827,1.4903
25.967,779,sitting,0.7799,1.0931,0.0087,2.6088,1.0843,0.4157,1.0717,0.9573,0.6025,0.5258,0.0787,0.7113,0.5351,0.4692,0.3548,0.0767,0.4471,82.6093,117.4159,15.3028,1.4854
26.0,780,sitting,0.7807,1.0875,0.009,2.5845,1.0785,0.4173,1.0699,0.9578,0.6036,0.5271,0.0787,0.7116,0.5384,0.4663,0.3542,0.0765,0.4483,82.604,117.6709,15.5514,1.4819
26.033,781,sitting,0.7809,1.0837,0.0095,2.5677,1.0742,0.4183,1.0685,0.9579,0.6039,0.5271,0.0788,0.7107,0.5387,0.4646,0.354,0.0768,0.4484,82.8151,118.171,15.9698,1.4888
26.067,782,sitting,0.7805,1.0813,0.0099,2.5567,1.0714,0.4191,1.0666,0.9571,0.604,0.5266,0.0788,0.7086,0.5352,0.4626,0.3531,0.0774,0.4478,83.1465,118.6095,16.2707,1.496
26.1,783,sitting,0.7801,1.0809,0.01,2.5544,1.0708,0.4192,1.0656,0.9563,0.6039,0.5262,0.0788,0.707,0.5306,0.4616,0.3524,0.0777,0.4474,83.4409,119.0919,16.6485,1.5041
26.133,784,sitting,0.7798,1.0797,0.0072,2.5556,1.0726,0.4197,1.0638,0.9546,0.605,0.5254,0.0786,0.705,0.5252,0.4588,0.3496,0.0796,0.4468,84.0553,119.9906,17.2849,1.511
26.167,785,sitting,0.7787,1.0789,0.0069,2.553,1.0721,0.4199,1.0627,0.9535,0.6038,0.5238,0.0786,0.7043,0.5219,0.4589,0.3497,0.08,0.4452,84.2011,119.8528,17.0914,1.5183
26.2,786,sitting,0.7781,1.0785,0.0062,2.5525,1.0724,0.4201,1.0619,0.9527,0.6035,0.5225,0.0786,0.7031,0.5184,0.4583,0.3492,0.081,0.4439,84.5373,119.8897,16.9881,1.5269
26.233,787,sitting,0.7771,1.0788,0.0062,2.5541,1.0726,0.42,1.0615,0.9518,0.6025,0.5204,0.0786,0.7021,0.5145,0.459,0.3493,0.082,0.4419,85.0243,119.9504,16.8709,1.5368
26.267,788,sitting,0.776,1.0797,0.0055,2.5594,1.0742,0.4197,1.0618,0.9509,0.6011,0.5171,0.0786,0.7017,0.511,0.4606,0.3498,0.084,0.4386,85.4287,120.08,16.6957,1.5478
26.3,789,sitting,0.7742,1.0778,0.0001,2.5632,1.0777,0.4205,1.0598,0.9486,0.5998,0.5121,0.0782,0.6995,0.5023,0.4599,0.3488,0.0877,0.4339,86.1855,121.2018,17.2229,1.5571
26.333,790,sitting,0.7706,1.0734,-0.0062,2.56,1.0796,0.4217,1.0554,0.9444,0.5968,0.5042,0.0778,0.6966,0.4927,0.4586,0.3476,0.0926,0.4264,87.0566,122.1089,17.4047,1.5665
26.367,791,sitting,0.7675,1.0699,-0.0116,2.5583,1.0815,0.4227,1.0517,0.9404,0.5946,0.4971,0.0774,0.6929,0.4836,0.4571,0.3458,0.0975,0.4197,87.8542,122.7934,17.4019,1.5782
26.4,792,sitting,0.7684,1.0573,-0.0092,2.5013,1.0664,0.4264,1.0496,0.942,0.5947,0.4958,0.0776,0.6948,0.4858,0.4549,0.3473,0.0989,0.4182,88.474,122.9394,17.1832,1.5649
26.433,793,sitting,0.7685,1.059,-0.011,2.5105,1.07,0.4262,1.0512,0.9416,0.5954,0.4929,0.0774,0.695,0.4819,0.4558,0.3462,0.1025,0.4154,89.2717,123.6981,17.2866,1.5758
26.467,794,sitting,0.769,1.0594,-0.0118,2.5129,1.0712,0.4263,1.0513,0.9414,0.5967,0.4917,0.0773,0.6962,0.4806,0.4546,0.3447,0.1051,0.4143,89.7872,124.2104,17.3129,1.584
26.5,795,sitting,0.7692,1.0609,-0.0128,2.5191,1.0738,0.4262,1.0521,0.9402,0.5982,0.4909,0.0772,0.6965,0.4795,0.4539,0.342,0.1073,0.4137,90.4323,124.3516,17.004,1.5945
26.533,796,sitting,0.7692,1.0614,-0.0132,2.5207,1.0746,0.4263,1.0521,0.9393,0.5992,0.4889,0.0772,0.697,0.4774,0.4529,0.3402,0.1103,0.4117,91.0213,124.546,16.6685,1.6007
26.567,797,sitting,0.7694,1.0639,-0.0139,2.5298,1.0778,0.426,1.0538,0.9382,0.6007,0.4891,0.0771,0.6966,0.474,0.453,0.3374,0.1116,0.412,91.41,124.121,16.0305,1.6137
26.6,798,sitting,0.77,1.0637,-0.015,2.5275,1.0787,0.4268,1.053,0.9381,0.6019,0.489,0.077,0.694,0.4687,0.4511,0.3362,0.1128,0.4121,91.8759,123.4463,15.1546,1.6246
26.633,799,sitting,0.7717,1.0649,-0.0182,2.5329,1.0831,0.4276,1.0537,0.9391,0.6042,0.4888,0.0767,0.6905,0.4629,0.4496,0.335,0.1154,0.4121,92.5472,123.1527,14.4456,1.6461
26.667,800,sitting,0.7714,1.0824,-0.0195,2.6053,1.1019,0.423,1.0601,0.9404,0.6025,0.4868,0.0766,0.6884,0.4588,0.4576,0.338,0.1156,0.4102,92.8585,122.047,13.3347,1.7052
26.7,801,sitting,0.7726,1.0625,-0.0225,2.5252,1.0849,0.4296,1.051,0.9409,0.6043,0.4838,0.0764,0.6879,0.4565,0.4466,0.3366,0.1205,0.4074,93.5635,122.0401,12.6795,1.6829
26.733,802,sitting,0.7742,1.0641,-0.0252,2.533,1.0893,0.4301,1.0524,0.9422,0.6061,0.4837,0.0762,0.689,0.4556,0.4463,0.3361,0.1224,0.4075,93.8446,121.4249,11.8948,1.6938
26.767,803,sitting,0.776,1.0812,-0.0273,2.6055,1.1086,0.4255,1.058,0.9441,0.6079,0.4815,0.076,0.6908,0.4543,0.4502,0.3363,0.1264,0.4055,94.3941,121.5756,11.5003,1.7271
26.8,804,sitting,0.7765,1.0574,-0.0316,2.5139,1.089,0.4332,1.0473,0.9446,0.6083,0.4798,0.0757,0.6915,0.4511,0.439,0.3362,0.1286,0.4041,94.6895,121.6812,11.312,1.6883
26.833,805,sitting,0.7778,1.0774,-0.0338,2.5983,1.1112,0.4277,1.053,0.9458,0.6099,0.4805,0.0755,0.6931,0.4516,0.4431,0.3359,0.1294,0.405,94.8918,121.5054,11.0802,1.7239
26.867,806,sitting,0.7777,1.0734,-0.036,2.5858,1.1094,0.429,1.0487,0.9458,0.6096,0.4807,0.0754,0.6939,0.4492,0.4391,0.3363,0.1288,0.4054,94.9045,121.0569,10.8048,1.7173
26.9,807,sitting,0.779,1.0701,-0.0374,2.5746,1.1075,0.4302,1.0456,0.9474,0.6106,0.4832,0.0753,0.6947,0.4475,0.4349,0.3367,0.1274,0.4079,94.9764,120.1439,10.2244,1.7187
26.933,808,sitting,0.779,1.0681,-0.0377,2.5666,1.1058,0.4308,1.0434,0.9473,0.6106,0.4863,0.0753,0.695,0.4476,0.4328,0.3367,0.1243,0.411,95.1429,119.2484,9.832,1.7223
26.967,809,sitting,0.7789,1.0641,-0.0384,2.5513,1.1025,0.4321,1.0401,0.9476,0.6103,0.4894,0.0754,0.6954,0.4482,0.4298,0.3373,0.1209,0.414,95.1529,118.2779,9.4498,1.7219
27.0,810,sitting,0.7793,1.0589,-0.0378,2.5293,1.0968,0.4336,1.0355,0.9481,0.6105,0.4908,0.0755,0.6965,0.4496,0.425,0.3376,0.1197,0.4153,95.3445,117.5343,8.9967,1.7165
27.033,811,,0.78,1.0537,-0.0381,2.5068,1.0918,0.4355,1.031,0.9484,0.6117,0.4925,0.0755,0.6972,0.4504,0.4193,0.3367,0.1192,0.417,95.6214,116.5668,8.2359,1.7154
27.067,812,,0.7803,1.0476,-0.0376,2.4815,1.0852,0.4373,1.0258,0.9484,0.6122,0.4915,0.0756,0.699,0.4514,0.4136,0.3362,0.1208,0.4159,96.04,116.0133,7.5447,1.7115
27.1,813,,0.7805,1.042,-0.0374,2.458,1.0794,0.4391,1.0214,0.9478,0.6131,0.492,0.0756,0.7006,0.4526,0.4083,0.3347,0.1212,0.4164,96.4355,115.6674,7.1093,1.7116
27.133,814,,0.7804,1.0339,-0.0371,2.4252,1.071,0.4416,1.0153,0.9475,0.6133,0.4914,0.0756,0.7042,0.4573,0.402,0.3343,0.1218,0.4158,96.6688,115.4415,6.7122,1.7008
27.167,815,,0.7796,1.0272,-0.0366,2.3974,1.0638,0.4437,1.0109,0.9467,0.6126,0.4921,0.0756,0.7058,0.4591,0.3983,0.3341,0.1205,0.4165,96.8412,114.6864,6.0298,1.6858
27.2,816,,0.7763,1.0194,-0.0374,2.3698,1.0568,0.4459,1.0048,0.9442,0.6083,0.4897,0.0756,0.7044,0.4596,0.3964,0.3359,0.1186,0.4141,96.9311,113.1419,4.6686,1.6817
27.233,817,,0.7738,1.0151,-0.0384,2.3559,1.0535,0.4472,0.9991,0.9406,0.607,0.4886,0.0755,0.7008,0.4578,0.3921,0.3336,0.1184,0.4131,96.9419,111.9836,3.5402,1.6729
27.267,818,,0.772,1.012,-0.0386,2.3452,1.0507,0.448,0.9937,0.9364,0.6077,0.489,0.0754,0.6995,0.4583,0.386,0.3287,0.1187,0.4136,97.1618,110.7211,2.1216,1.6714
27.3,819,,0.7719,1.0092,-0.0391,2.3359,1.0483,0.4488,0.9877,0.9344,0.6093,0.4892,0.0754,0.6991,0.4579,0.3784,0.3251,0.1201,0.4138,97.5022,109.6854,0.7667,1.6726
27.333,820,,0.7728,1.0067,-0.0389,2.3261,1.0456,0.4495,0.9847,0.935,0.6106,0.4902,0.0754,0.7001,0.4571,0.3741,0.3244,0.1204,0.4148,97.3376,107.998,1.0248,1.675
27.367,821,,0.7707,1.0027,-0.0402,2.3148,1.0429,0.4505,0.9793,0.9316,0.6099,0.4891,0.0753,0.6993,0.4555,0.3694,0.3217,0.1208,0.4138,97.1119,105.8479,3.1683,1.6795
27.4,822,,0.7679,0.9992,-0.039,2.2997,1.0382,0.4515,0.9757,0.9284,0.6074,0.4913,0.0754,0.6989,0.4556,0.3683,0.3209,0.1161,0.4159,96.6059,102.9245,5.3942,1.6964
27.433,823,,0.7659,0.9966,-0.0389,2.29,1.0355,0.4522,0.9704,0.9254,0.6063,0.4911,0.0755,0.6979,0.4561,0.3641,0.3191,0.1152,0.4156,96.6185,100.3629,7.8499,1.7192
27.467,824,,0.7647,0.9946,-0.0411,2.286,1.0356,0.453,0.9608,0.9238,0.6055,0.4907,0.0753,0.6962,0.4527,0.3553,0.3183,0.1148,0.4154,96.1159,97.8606,10.168,1.748
27.5,825,,0.7632,0.9924,-0.0432,2.2814,1.0356,0.4539,0.9535,0.9222,0.6042,0.4905,0.0751,0.6919,0.4517,0.3493,0.3181,0.1136,0.4154,95.7925,95.6187,12.2563,1.7783
27.533,826,,0.7603,0.9874,-0.0443,2.2652,1.0316,0.4554,0.9445,0.9192,0.6015,0.489,0.075,0.6911,0.4491,0.343,0.3177,0.1125,0.4139,95.55,95.0807,12.9636,1.804
27.567,827,,0.7565,0.9794,-0.0436,2.2355,1.023,0.4576,0.9351,0.9155,0.5975,0.4869,0.0752,0.6951,0.471,0.3376,0.3179,0.1106,0.4117,95.7783,95.2567,13.0701,1.8322
27.6,828,,0.7538,0.978,-0.0411,2.2264,1.0191,0.4577,0.9242,0.9153,0.5924,0.4874,0.0755,0.6987,0.4772,0.3318,0.3229,0.105,0.4119,94.494,93.1736,14.477,1.8759
27.633,829,,0.7495,0.9796,-0.0392,2.2291,1.0188,0.4571,0.9145,0.912,0.587,0.4883,0.0757,0.6949,0.4735,0.3275,0.325,0.0987,0.4126,92.9722,89.5976,16.897,1.9246
27.667,830,,0.747,0.9779,-0.0419,2.2274,1.0198,0.4578,0.9032,0.9078,0.5861,0.4875,0.0756,0.6937,0.4807,0.317,0.3216,0.0986,0.4119,92.4383,87.2512,19.0053,1.9679
27.7,831,,0.7462,0.9795,-0.0426,2.235,1.0221,0.4573,0.8928,0.9057,0.5867,0.4876,0.0756,0.7012,0.5038,0.3062,0.319,0.099,0.412,91.7994,84.3703,21.7933,1.9682
27.733,832,,0.7455,0.9804,-0.0425,2.2382,1.0228,0.457,0.8807,0.9046,0.5864,0.4864,0.0757,0.7103,0.526,0.2943,0.3182,0.0999,0.4108,91.399,82.294,23.9013,1.9618
27.767,833,,0.7454,0.9834,-0.0422,2.2494,1.0256,0.4559,0.8705,0.9038,0.5871,0.4836,0.0757,0.7316,0.5721,0.2834,0.3166,0.1035,0.4079,91.4117,80.7005,26.1214,1.9591
27.8,834,,0.7455,0.9868,-0.0421,2.2625,1.029,0.4548,0.8586,0.903,0.5879,0.4807,0.0757,0.7329,0.5667,0.2707,0.3151,0.1072,0.405,91.2074,79.3398,28.2626,1.877
27.833,835,,0.7456,0.9851,-0.0427,2.2572,1.0278,0.4554,0.8544,0.9024,0.5888,0.4771,0.0757,0.7203,0.5457,0.2656,0.3135,0.1117,0.4014,91.0362,77.6253,30.8572,1.9685
27.867,836,,0.7442,0.984,-0.0423,2.2523,1.0262,0.4556,0.8506,0.8985,0.5899,0.4746,0.0757,0.7135,0.5328,0.2607,0.3086,0.1153,0.3989,90.7407,76.2931,32.7701,1.9419
27.9,837,,0.74,0.9806,-0.0429,2.2417,1.0235,0.4566,0.845,0.8948,0.5852,0.4694,0.0757,0.6963,0.5074,0.2598,0.3096,0.1158,0.3937,89.728,75.9517,33.2999,1.9115
27.933,838,,0.7365,0.9761,-0.044,2.2267,1.0201,0.4581,0.8364,0.8897,0.5833,0.4649,0.0756,0.687,0.4959,0.2531,0.3064,0.1184,0.3893,89.037,75.1105,34.5272,1.7615
27.967,839,,0.7352,0.9769,-0.045,2.231,1.0219,0.458,0.8307,0.8865,0.5839,0.4611,0.0755,0.6898,0.4982,0.2468,0.3026,0.1228,0.3856,88.75,74.213,35.9812,1.7826
28.0,840,,0.7334,0.9754,-0.0457,2.2276,1.0211,0.4584,0.8239,0.8838,0.5831,0.4555,0.0755,0.6914,0.4995,0.2408,0.3007,0.1275,0.3801,88.5786,73.8568,37.069,1.7609
28.033,841,,0.7327,0.978,-0.0463,2.2383,1.0243,0.4576,0.8153,0.882,0.5835,0.4522,0.0754,0.6982,0.51,0.2318,0.2985,0.1313,0.3768,88.2429,73.4362,38.1164,1.7254
28.067,842,,0.734,0.9804,-0.0447,2.243,1.0251,0.457,0.8102,0.8827,0.5852,0.4481,0.0756,0.7068,0.5208,0.225,0.2975,0.1371,0.3726,88.0438,74.1378,38.4591,1.6995
28.1,843,,0.7357,0.9816,-0.0428,2.2425,1.0244,0.4568,0.8064,0.8845,0.5869,0.4457,0.0757,0.7119,0.5265,0.2195,0.2976,0.1412,0.37,87.5481,75.0639,38.4449,1.6884
28.133,844,,0.7379,0.9811,-0.0397,2.2331,1.0208,0.4571,0.8033,0.8862,0.5896,0.4431,0.076,0.7128,0.2583,0.2137,0.2966,0.1465,0.3671,86.8226,75.7114,38.6907,1.6859
28.167,845,,0.7383,0.9795,-0.0362,2.2195,1.0157,0.4576,0.7964,0.8852,0.5914,0.4418,0.0762,0.714,0.2625,0.205,0.2938,0.1496,0.3656,85.4538,75.4822,39.3303,1.6335
28.2,846,,0.7367,0.975,-0.0339,2.1997,1.0089,0.4586,0.7838,0.8807,0.5927,0.4349,0.0764,0.7106,0.2632,0.1911,0.288,0.1577,0.3585,84.9707,75.6591,40.37,1.602
28.233,847,,0.7357,0.9706,-0.0309,2.1788,1.0014,0.4596,0.7697,0.8775,0.5938,0.4311,0.0767,0.7098,0.2662,0.1759,0.2837,0.1627,0.3545,83.8393,74.8933,41.7137,1.5676
28.267,848,,0.738,0.9629,-0.0213,2.1335,0.9841,0.4613,0.7617,0.8744,0.6017,0.4341,0.0774,0.714,0.2739,0.16,0.2727,0.1676,0.3568,82.3625,72.5627,44.4475,1.5239
28.3,849,,0.7389,0.9602,-0.0172,2.1169,0.9774,0.4617,0.7524,0.8739,0.6038,0.4327,0.0776,0.7144,0.2811,0.1486,0.2701,0.1712,0.3551,81.3907,71.1061,46.1308,1.4764
28.333,850,,0.7418,0.9563,-0.0122,2.0943,0.9686,0.4625,0.7412,0.8749,0.6088,0.4347,0.0779,0.5539,0.2862,0.1324,0.2661,0.1742,0.3567,79.5597,68.9031,48.0488,1.4429
28.367,851,,0.7432,0.9566,-0.0089,2.0902,0.9655,0.4619,0.7283,0.8738,0.6125,0.4342,0.078,0.5527,0.2894,0.1157,0.2613,0.1783,0.3562,77.9024,67.1985,49.8272,1.4116
28.4,852,,0.7423,0.9467,-0.0055,2.0544,0.9522,0.4635,0.7191,0.869,0.6155,0.4297,0.0782,0.7002,0.4835,0.1036,0.2534,0.1859,0.3515,77.6305,65.0818,53.0187,1.3283
28.433,853,,0.7397,0.9326,-0.0021,2.0049,0.9347,0.4662,0.708,0.8609,0.6184,0.4274,0.0784,0.6928,0.4737,0.0896,0.2425,0.1911,0.3489,76.5134,63.0795,55.6931,1.1083
28.467,854,,0.7345,0.9206,-0.0025,1.9662,0.9231,0.4695,0.6988,0.8484,0.6206,0.4212,0.0784,0.6847,0.4709,0.0783,0.2279,0.1993,0.3429,76.3139,62.2589,57.5954,1.1275
28.5,855,,0.7247,0.8955,-0.0024,1.8888,0.8979,0.4753,0.6872,0.8294,0.62,0.4217,0.0783,0.6711,0.4613,0.0672,0.2094,0.1983,0.3434,74.5873,59.0335,60.7143,1.0026
28.533,856,,0.7155,0.871,-0.0037,1.8187,0.8747,0.4809,0.6756,0.8115,0.6195,0.4197,0.0782,0.6606,0.4582,0.0561,0.1921,0.1998,0.3415,73.2351,55.7878,64.1918,0.9383
28.567,857,,0.7087,0.8522,-0.0015,1.7612,0.8537,0.4847,0.6682,0.7976,0.6197,0.4168,0.0783,0.6541,0.4556,0.0485,0.1779,0.203,0.3384,72.6509,54.2187,66.5255,0.8989
28.6,858,,0.707,0.8463,-0.0005,1.7432,0.8468,0.4858,0.6635,0.7923,0.6217,0.4096,0.0783,0.6469,0.3061,0.0418,0.1706,0.2121,0.3313,72.2062,53.7503,68.133,1.0778
28.633,859,,0.7067,0.846,0.0016,1.741,0.8444,0.485,0.6577,0.7896,0.6238,0.4061,0.0784,0.6414,0.3056,0.0339,0.1658,0.2177,0.3277,71.5759,53.1078,69.5699,1.0641
28.667,860,,0.7022,0.8441,0.0001,1.7414,0.844,0.4847,0.6353,0.7799,0.6244,0.4017,0.0781,0.528,0.2975,0.0109,0.1555,0.2227,0.3236,70.9831,51.3109,72.0468,1.0167
28.7,861,,0.6921,0.8312,-0.0029,1.7141,0.8341,0.4866,0.5989,0.7537,0.6306,0.3899,0.0779,0.5032,0.2781,-0.0317,0.1231,0.2407,0.312,71.8484,48.6696,77.0214,0.9327
28.733,862,,0.6846,0.8144,-0.0013,1.6685,0.8157,0.4889,0.5743,0.7293,0.6399,0.3799,0.0781,0.4803,0.25,-0.0656,0.0894,0.26,0.3019,73.4131,46.7411,81.8883,0.8809
28.767,863,,0.6736,0.7913,-0.0006,1.6088,0.7919,0.4922,0.5519,0.7054,0.6417,0.358,0.0781,0.5832,0.4019,-0.0899,0.0637,0.2837,0.2799,74.7517,46.3926,85.6623,0.8023
28.8,864,,0.6683,0.7773,0.0091,1.5695,0.7682,0.4895,0.5261,0.6954,0.6413,0.3433,0.0787,0.5601,0.3731,-0.1151,0.0541,0.2979,0.2646,76.0932,47.4978,87.3714,0.8194
28.833,865,,0.6535,0.7333,0.0203,1.4541,0.713,0.4903,0.5207,0.6765,0.6305,0.3146,0.0794,0.4918,0.2751,-0.1098,0.046,0.3159,0.2352,77.3644,49.5518,88.9505,0.8198
28.867,866,,0.6019,0.6643,0.009,1.3292,0.6552,0.493,0.4687,0.6171,0.5867,0.2736,0.0787,0.3965,0.1588,-0.118,0.0304,0.3131,0.1949,81.2468,51.4004,91.2993,0.7956
28.9,867,,0.6586,0.7383,-0.064,1.5087,0.8023,0.5318,,0.6634,0.6537,0.2966,0.078,0.3993,0.0955,,0.0097,0.3571,0.2186,133.0568,73.2674,93.8162,0.9802
28.933,868,,0.5178,0.5674,-0.2242,1.3189,0.7916,0.6002,0.3628,0.4996,0.536,0.2042,0.0717,0.2407,-0.0786,-0.1732,-0.0364,0.3318,0.1324,93.9644,54.2481,100.5689,1.0208
28.967,869,,0.5042,0.5684,-0.3236,1.4234,0.8919,0.6266,0.3409,0.469,0.5393,0.1912,0.0707,0.198,-0.1442,-0.1984,-0.0704,0.3481,0.1206,96.9707,53.532,105.7639,1.0498
29.0,870,,0.5046,0.5871,-0.4094,1.538,0.9965,0.6479,0.322,0.4515,0.5576,0.176,0.0689,0.133,-0.2124,-0.2356,-0.1061,0.3816,0.1071,102.6383,53.6225,110.8763,1.1035
29.033,871,,0.5223,0.6281,-0.4871,1.6893,1.1151,0.6601,0.277,0.4547,0.5898,0.1732,0.0573,0.11,-0.2676,-0.3128,-0.1351,0.4166,0.1159,110.0178,52.8206,114.6587,1.1676
29.067,872,,0.5074,0.6194,-0.5805,1.7472,1.1998,0.6867,0.2456,0.4299,0.585,0.1088,0.0692,0.0554,-0.342,-0.3393,-0.1551,0.4762,0.0396,94.4699,52.0595,117.0913,1.1733
29.1,873,,0.4904,0.6159,-0.6717,1.8213,1.2876,0.7069,0.1876,0.3997,0.5812,0.0773,0.0754,-0.0093,-0.4215,-0.3935,-0.1815,0.5039,0.0019,77.5401,49.8203,120.0874,1.1675
29.133,874,,0.53,0.6299,-0.5881,1.7062,1.218,0.7139,0.1857,0.4495,0.6105,0.1249,0.0816,0.0529,-0.3381,-0.4248,-0.1609,0.4856,0.0432,87.983,49.3423,118.5633,1.1029
29.167,875,,0.4749,0.5807,-0.684,1.6996,1.2648,0.7442,0.1491,0.3883,0.5615,0.0461,0.0802,-0.0232,-0.4171,-0.4123,-0.1732,0.5154,-0.0341,62.9008,50.003,119.5726,1.1301
29.2,876,,0.4275,0.5504,-0.7378,1.6844,1.2881,0.7647,0.077,0.3271,0.5279,-0.0113,0.0787,-0.0766,-0.4614,-0.4508,-0.2008,0.5392,-0.09,50.7019,49.9139,122.4826,1.1445
29.233,877,,0.3718,0.5068,-0.7617,1.6069,1.2685,0.7894,-0.0155,0.2571,0.4864,-0.0609,0.079,-0.1165,-0.486,-0.502,-0.2294,0.5473,-0.1399,42.116,50.1219,126.0276,1.1202
29.267,878,,0.1581,0.3092,-1.052,1.5573,1.3612,0.8741,-0.2189,0.0292,0.287,-0.2955,0.0772,-0.3589,-0.7546,-0.5059,-0.2578,0.5825,-0.3727,19.3588,51.0067,127.2132,1.1162
29.3,879,,0.1911,0.3338,-0.968,1.4977,1.3018,0.8692,-0.2101,0.0777,0.3045,-0.268,0.0803,-0.2881,-0.6723,-0.5146,-0.2269,0.5725,-0.3483,22.5711,55.8887,126.0764,1.0971
29.333,880,,0.1716,0.3084,-0.9353,1.4081,1.2437,0.8832,-0.2276,0.0666,0.2766,-0.2843,0.0815,-0.2698,-0.6411,-0.5042,-0.21,0.5609,-0.3658,22.9399,60.4805,125.5547,1.0638
29.367,881,,0.1287,0.2625,-0.9455,1.3356,1.208,0.9045,-0.3181,0.0247,0.2327,-0.307,0.0816,-0.2799,-0.6499,-0.5509,-0.2081,0.5397,-0.3886,24.3862,64.35,125.3967,1.0267
29.4,882,,0.0904,0.2169,-0.9589,1.2707,1.1757,0.9253,-0.3517,-0.0083,0.189,-0.3398,0.0818,-0.3001,-0.664,-0.5407,-0.1973,0.5289,-0.4216,25.2714,69.7876,124.0162,0.9795
29.433,883,,0.0342,0.1676,-1.0213,1.2547,1.1889,0.9475,-0.426,-0.0715,0.1399,-0.4059,0.0827,-0.3802,-0.7264,-0.5659,-0.2114,0.5458,-0.4886,25.6249,72.1777,124.9891,0.9187
29.467,884,,0.0204,0.155,-1.0138,1.2232,1.1688,0.9555,-0.4576,-0.0863,0.1272,-0.4175,0.0833,-0.3829,-0.7178,-0.5847,-0.2135,0.5446,-0.5008,29.3209,74.2581,127.0436,0.8539
29.5,885,,-0.0219,0.1369,-1.0347,1.2151,1.1717,0.9643,-0.5277,-0.1521,0.1082,-0.4332,0.0844,-0.4169,-0.7382,-0.636,-0.2603,0.5414,-0.5176,31.2121,71.0927,132.8844,0.8147
29.533,886,,-0.0902,0.136,-1.0652,1.3215,1.2013,0.909,-0.6218,-0.2508,0.0704,-0.4445,0.0862,-0.4736,-0.7948,-0.6922,-0.3212,0.5148,-0.5307,33.1286,69.2638,138.3536,0.7712
29.567,887,,-0.1203,0.1309,-1.0566,1.3953,1.1875,0.8511,-0.6643,-0.2811,0.0405,-0.4748,0.0868,-0.4796,-0.8251,-0.7048,-0.3217,0.5154,-0.5616,33.3944,71.7323,137.7229,0.7333
29.6,888,,-0.1789,0.1457,-1.0654,1.4264,1.2111,0.8491,-0.7507,-0.3486,-0.0091,-0.4806,0.0883,-0.499,-0.8585,-0.7416,-0.3395,0.4715,-0.5689,33.1762,73.0174,138.1865,0.7611
29.633,889,,-0.2286,0.162,-1.017,1.3833,1.179,0.8523,-0.7481,-0.3735,-0.0837,-0.4162,0.086,-0.466,-0.8191,-0.6644,-0.2898,0.3325,-0.5022,47.7587,88.8299,134.3984,0.7643
29.667,890,,-0.3425,0.1478,-1.0499,1.3668,1.1977,0.8763,-0.7036,-0.4805,-0.2045,-0.3053,0.0826,-0.5043,-0.8573,-0.4991,-0.276,0.1008,-0.3879,94.1097,129.9709,133.608,0.8609
29.7,891,,-0.418,0.1423,-1.0532,1.395,1.1955,0.857,-0.7447,-0.5464,-0.2896,-0.3174,0.0822,-0.5174,-0.8648,-0.4551,-0.2569,0.0278,-0.3996,109.8373,147.4671,132.443,0.8675
29.733,892,,-0.4276,0.1472,-1.011,1.3975,1.1583,0.8288,-0.7804,-0.5452,-0.31,-0.3235,0.0803,-0.4924,-0.8185,-0.4704,-0.2352,0.0135,-0.4039,110.9827,151.5255,130.2069,0.8373
29.767,893,,-0.4436,0.1411,-0.9887,1.4075,1.1298,0.8027,-0.7999,-0.5575,-0.3297,-0.3346,0.0797,-0.5165,-0.8068,-0.4702,-0.2278,0.0049,-0.4143,110.7861,153.1506,129.0846,0.8739
29.8,894,,-0.4422,0.1416,-0.953,1.4159,1.0947,0.7731,-0.7794,-0.5427,-0.3417,-0.3426,0.0787,-0.5817,-0.9314,-0.4377,-0.201,0.0009,-0.4213,109.9005,154.7178,127.6581,1.0139
29.833,895,,-0.4353,0.1344,-0.9892,1.4036,1.1236,0.8005,-0.6152,-0.5273,-0.3432,-0.3113,0.0787,-0.5854,-0.8253,-0.272,-0.1841,-0.032,-0.39,122.9525,159.6486,127.4302,0.9355
29.867,896,,-0.4162,0.1383,-0.9663,1.3849,1.1046,0.7976,-0.5363,-0.5019,-0.3304,-0.2716,0.0788,-0.5429,-0.7476,-0.2059,-0.1715,-0.0588,-0.3504,127.7948,162.3047,127.8133,0.8658
29.9,897,,-0.3884,0.1434,-0.907,1.271,1.0503,0.8264,,-0.4701,-0.3068,-0.2373,0.0792,-0.4568,-0.6852,,-0.1633,-0.0694,-0.3165,130.0038,162.9389,128.175,0.8104
29.933,898,,-0.3797,0.1393,-0.8675,1.3179,1.0068,0.764,-0.6856,-0.4718,-0.2876,-0.22,0.0801,-0.3915,-0.6437,-0.3981,-0.1843,-0.0675,-0.3002,134.1788,159.4888,131.3692,0.8794
29.967,899,,-0.3747,0.1401,-0.8572,1.3844,0.9974,0.7204,-0.5616,-0.4661,-0.2833,-0.2149,0.0804,-0.3716,-0.6352,-0.2784,-0.1828,-0.0684,-0.2953,137.5489,159.9116,131.3782,0.8723
30.0,900,on_ground,-0.3924,0.1404,-0.856,1.4008,0.9964,0.7113,-0.5892,-0.4924,-0.2923,-0.211,0.0815,-0.3926,-0.6565,-0.2969,-0.2001,-0.0813,-0.2925,142.1587,160.229,133.4022,0.8854
30.033,901,on_ground,-0.4002,0.1389,-0.8432,1.4091,0.9821,0.697,-0.5858,-0.4922,-0.3082,-0.2156,0.0813,-0.3914,-0.6645,-0.2775,-0.184,-0.0926,-0.2969,143.8537,162.7334,132.2707,0.8801
30.067,902,on_ground,-0.4284,0.1397,-0.8473,1.4299,0.987,0.6903,-0.6745,-0.5253,-0.3314,-0.224,0.081,-0.4195,-0.6934,-0.3431,-0.1939,-0.1074,-0.3049,145.326,162.7273,133.9201,0.9101
30.1,903,on_ground,-0.4409,0.1425,-0.8191,1.4352,0.9615,0.67,-0.645,-0.5494,-0.3324,-0.2199,0.0813,-0.4456,-0.7506,-0.3126,-0.217,-0.1125,-0.3012,150.3129,160.9583,137.4432,0.9365
30.133,904,on_ground,-0.4501,0.1446,-0.8212,1.4492,0.9658,0.6664,-0.7233,-0.5575,-0.3428,-0.228,0.0809,-0.4465,-0.7545,-0.3805,-0.2148,-0.1148,-0.3088,148.8368,160.8857,137.1441,0.9488
30.167,905,on_ground,-0.4467,0.1501,-0.8195,1.4536,0.9696,0.667,-0.7111,-0.5501,-0.3434,-0.235,0.0804,-0.4551,-0.7603,-0.3677,-0.2067,-0.1083,-0.3155,147.9303,160.8995,136.4145,0.9462
30.2,906,on_ground,-0.4503,0.1528,-0.8238,1.4633,0.9765,0.6673,-0.7014,-0.5474,-0.3532,-0.2414,0.0802,-0.475,-0.7913,-0.3483,-0.1942,-0.1118,-0.3215,147.6379,163.031,134.65,0.9404
30.233,907,on_ground,-0.4437,0.1576,-0.8178,1.4718,0.9754,0.6627,-0.7052,-0.5431,-0.3443,-0.2456,0.0798,-0.4677,-0.7901,-0.3609,-0.1988,-0.0987,-0.3254,146.1684,161.2209,134.9899,0.9471
30.267,908,on_ground,-0.4368,0.1581,-0.8177,1.472,0.9758,0.6629,-0.6944,-0.5368,-0.3367,-0.2463,0.0796,-0.4598,-0.7896,-0.3577,-0.2002,-0.0904,-0.3259,144.8909,160.4953,134.6905,0.9383
30.3,909,on_ground,-0.4291,0.1604,-0.7961,1.3969,0.9565,0.6847,-0.7531,-0.5368,-0.3215,-0.244,0.0795,-0.4762,-0.7849,-0.4316,-0.2153,-0.0776,-0.3235,145.0138,157.4349,136.6997,0.9803
30.333,910,on_ground,-0.4342,0.1575,-0.7979,1.4599,0.9554,0.6544,-0.6905,-0.544,-0.3243,-0.2453,0.0796,-0.4824,-0.7889,-0.3662,-0.2197,-0.079,-0.3249,147.5659,157.5358,137.3568,0.9385
30.367,911,on_ground,-0.435,0.155,-0.786,1.3711,0.941,0.6863,-0.7628,-0.5507,-0.3192,-0.2414,0.0798,-0.4947,-0.7774,-0.4435,-0.2315,-0.0778,-0.3212,151.1528,156.4231,139.2943,1.0061
30.4,912,on_ground,-0.4297,0.1569,-0.7836,1.449,0.9405,0.6491,-0.6892,-0.5426,-0.3167,-0.2432,0.0797,-0.4794,-0.7696,-0.3724,-0.2259,-0.0735,-0.3229,148.8958,156.173,138.607,0.9343
30.433,913,on_ground,-0.4172,0.1645,-0.7776,1.3918,0.942,0.6768,-0.7526,-0.5269,-0.3075,-0.2393,0.0795,-0.4687,-0.7607,-0.4451,-0.2194,-0.0682,-0.3188,147.954,156.3517,137.5861,0.9895
30.467,914,on_ground,-0.413,0.162,-0.7783,1.4009,0.9404,0.6712,-0.7584,-0.5237,-0.3024,-0.2441,0.0798,-0.4674,-0.7605,-0.456,-0.2213,-0.0582,-0.3239,145.4657,155.2744,137.2256,0.9848
30.5,915,on_ground,-0.4122,0.1581,-0.7827,1.4025,0.9408,0.6708,-0.7587,-0.525,-0.2994,-0.2494,0.08,-0.4721,-0.763,-0.4594,-0.2256,-0.0499,-0.3294,143.4122,154.2208,137.1906,0.9871
30.533,916,on_ground,-0.3973,0.1172,-0.7716,1.3973,0.8888,0.6361,-0.6416,-0.5067,-0.2879,-0.207,0.0821,-0.4549,-0.7376,-0.3537,-0.2188,-0.0809,-0.2891,148.8749,159.5752,135.4673,0.8648
30.567,917,on_ground,-0.4057,0.1276,-0.7782,1.3525,0.9058,0.6698,-0.7204,-0.5171,-0.2943,-0.2171,0.0818,-0.4673,-0.7468,-0.4261,-0.2228,-0.0772,-0.2989,148.432,158.7636,135.9542,0.9342
30.6,918,on_ground,-0.4101,0.1332,-0.7893,1.2627,0.9225,0.7306,,-0.5236,-0.2966,-0.225,0.0816,-0.4752,-0.7585,,-0.227,-0.0716,-0.3065,147.5513,158.0459,136.0449,0.7959
30.633,919,on_ground,-0.4146,0.1378,-0.7926,1.2527,0.9304,0.7427,,-0.5364,-0.2929,-0.2265,0.0815,-0.4869,-0.7639,,-0.2434,-0.0665,-0.3079,147.7513,155.9081,137.8613,0.8258
30.667,920,on_ground,-0.4183,0.1409,-0.7937,1.2437,0.9346,0.7515,,-0.5492,-0.2875,-0.232,0.0815,-0.5031,-0.7683,,-0.2617,-0.0555,-0.3134,146.4858,153.1884,139.4348,0.857
30.7,921,on_ground,-0.411,0.1449,-0.7863,1.2476,0.9312,0.7464,,-0.5423,-0.2797,-0.231,0.0814,-0.4998,-0.7628,,-0.2626,-0.0487,-0.3124,146.0045,152.0006,139.7311,0.8487
30.733,922,on_ground,-0.4111,0.1461,-0.7872,1.2451,0.9334,0.7497,,-0.5415,-0.2806,-0.2327,0.0812,-0.504,-0.7653,,-0.261,-0.0479,-0.314,146.133,151.8502,139.8175,0.8528
30.767,923,on_ground,-0.4079,0.1481,-0.7806,1.2361,0.9287,0.7513,,-0.5424,-0.2735,-0.2348,0.0812,-0.5065,-0.762,,-0.2689,-0.0387,-0.3159,144.9402,149.1581,141.3322,0.8646
30.8,924,on_ground,-0.4018,0.147,-0.779,1.2325,0.926,0.7513,,-0.5336,-0.27,-0.2401,0.0809,-0.4984,-0.7596,,-0.2636,-0.0299,-0.3211,143.5523,148.7125,140.6225,0.8552
30.833,925,on_ground,-0.3997,0.1454,-0.7749,1.2197,0.9203,0.7545,,-0.5335,-0.2658,-0.2444,0.081,-0.4998,-0.7561,,-0.2677,-0.0214,-0.3254,142.718,146.747,141.5687,0.8647
30.867,926,on_ground,-0.3945,0.1437,-0.7718,1.2133,0.9154,0.7545,,-0.5267,-0.2622,-0.246,0.081,-0.4947,-0.7524,,-0.2644,-0.0162,-0.327,142.0825,146.0266,141.6029,0.8576
30.9,927,on_ground,-0.3899,0.1422,-0.7717,1.2151,0.9139,0.7521,,-0.5167,-0.2631,-0.2473,0.0808,-0.49,-0.7517,,-0.2536,-0.0158,-0.3281,141.0899,146.9952,140.4507,0.8394
30.933,928,on_ground,-0.3833,0.1425,-0.7662,1.332,0.9087,0.6822,-0.6931,-0.5028,-0.2638,-0.2503,0.0806,-0.4672,-0.7416,-0.4292,-0.239,-0.0135,-0.3309,139.5257,148.317,138.6542,0.9709
30.967,929,on_ground,-0.3832,0.1408,-0.7643,1.3313,0.9051,0.6798,-0.6897,-0.5008,-0.2657,-0.2518,0.0806,-0.4697,-0.7409,-0.424,-0.2351,-0.0139,-0.3324,139.0586,148.8768,138.1366,0.9643
31.0,930,on_ground,-0.3772,0.1369,-0.7494,1.2039,0.8863,0.7362,,-0.4989,-0.2556,-0.249,0.081,-0.4713,-0.7295,,-0.2433,-0.0066,-0.3299,138.7654,146.5358,139.6788,0.8123
31.033,931,,-0.3786,0.1358,-0.7492,1.193,0.8851,0.7419,,-0.5031,-0.2541,-0.2493,0.0811,-0.477,-0.7315,,-0.2491,-0.0047,-0.3304,138.5267,145.3442,140.6501,0.8246
31.067,932,,-0.3553,0.1111,-0.725,1.3394,0.8361,0.6242,-0.5731,-0.4827,-0.228,-0.215,0.0829,-0.4449,-0.7122,-0.3451,-0.2547,-0.013,-0.2979,137.7518,146.6004,139.83,0.814
31.1,933,,-0.3482,0.1227,-0.7128,1.1668,0.8355,0.7161,,-0.476,-0.2204,-0.2133,0.0826,-0.4392,-0.7042,,-0.2556,-0.0071,-0.2959,138.7063,145.1616,140.6519,0.7779
31.133,934,,-0.3337,0.0977,-0.6921,1.3039,0.7898,0.6058,-0.5586,-0.4706,-0.1968,-0.1817,0.0851,-0.4196,-0.6885,-0.3618,-0.2738,-0.0151,-0.2668,138.4152,144.5406,141.5321,0.7985
31.167,935,,-0.3433,0.1123,-0.707,1.1518,0.8193,0.7114,,-0.4745,-0.2122,-0.1957,0.0839,-0.4314,-0.7002,,-0.2623,-0.0165,-0.2796,139.6461,145.6576,141.0678,0.7624
31.2,936,,-0.3512,0.1201,-0.7118,1.2373,0.8319,0.6723,-0.6139,-0.472,-0.2303,-0.2009,0.0833,-0.4343,-0.703,-0.3835,-0.2417,-0.0294,-0.2842,142.2735,148.4933,140.3797,0.8914
31.233,937,,-0.3506,0.1311,-0.7171,1.1866,0.8482,0.7149,,-0.47,-0.2312,-0.2056,0.0827,-0.4334,-0.7061,,-0.2388,-0.0257,-0.2883,142.5779,147.8578,140.6501,0.7632
31.267,938,,-0.3477,0.1376,-0.7161,1.1898,0.8537,0.7175,,-0.4706,-0.2248,-0.2098,0.0824,-0.4359,-0.7055,,-0.2459,-0.015,-0.2922,141.9841,145.4991,141.7415,0.7725
31.3,939,,-0.3593,0.1412,-0.7248,1.1893,0.8661,0.7282,,-0.4869,-0.2317,-0.2182,0.0819,-0.4551,-0.7159,,-0.2552,-0.0135,-0.3001,141.622,143.7779,143.3662,0.8058
31.333,940,,-0.3609,0.1427,-0.7256,1.1874,0.8683,0.7312,,-0.4888,-0.233,-0.2196,0.0816,-0.4598,-0.7157,,-0.2558,-0.0134,-0.3012,142.3101,143.3701,143.8608,0.8119
31.367,941,,-0.3584,0.1436,-0.7208,1.1822,0.8644,0.7311,,-0.4893,-0.2275,-0.2183,0.082,-0.4589,-0.7089,,-0.2617,-0.0092,-0.3003,141.9374,141.8902,144.8057,0.8097
31.4,942,,-0.3649,0.1443,-0.7262,1.1871,0.8705,0.7333,,-0.4972,-0.2326,-0.2188,0.0829,-0.4714,-0.6977,,-0.2645,-0.0138,-0.3017,141.9226,141.9338,145.2475,0.8012
31.433,943,,-0.3772,0.143,-0.7424,1.1991,0.8854,0.7384,,-0.5082,-0.2463,-0.2196,0.0833,-0.448,-0.6683,,-0.2619,-0.0267,-0.3029,142.6536,144.7185,144.0157,0.7931
31.467,944,,-0.4092,0.0913,-0.7691,1.315,0.8604,0.6543,-0.6644,-0.551,-0.2674,-0.1867,0.085,-0.4382,-0.6476,-0.397,-0.2836,-0.0807,-0.2717,148.61,151.7865,144.0097,0.879
31.5,945,,-0.403,0.1011,-0.7708,1.3293,0.8719,0.6559,-0.6151,-0.5357,-0.2702,-0.1831,0.0844,-0.3853,-0.5943,-0.3449,-0.2655,-0.0872,-0.2675,148.6764,155.3725,140.9162,0.8769
31.533,946,,-0.3945,0.1066,-0.772,1.3352,0.8786,0.658,-0.6161,-0.5197,-0.2693,-0.1879,0.0838,-0.3581,-0.5812,-0.3468,-0.2504,-0.0814,-0.2717,140.3153,155.5902,138.2856,0.8449
31.567,947,,-0.38,0.1122,-0.7686,1.3331,0.8808,0.6607,-0.6028,-0.4986,-0.2613,-0.1896,0.0831,-0.3386,-0.5796,-0.3416,-0.2373,-0.0717,-0.2727,134.3793,155.8088,136.0855,0.8311
31.6,948,,-0.3657,0.1153,-0.7692,1.2227,0.8845,0.7234,,-0.4786,-0.2527,-0.1798,0.0821,-0.3256,-0.5807,,-0.2258,-0.0729,-0.2619,131.7025,157.3274,134.1981,0.689
31.633,949,,-0.312,0.084,-0.7007,1.2031,0.7847,0.6522,-0.5977,-0.4333,-0.1907,-0.1088,0.0835,-0.2653,-0.5068,-0.407,-0.2426,-0.0819,-0.1923,131.4907,157.9926,134.971,0.7691
31.667,950,,-0.2846,0.1096,-0.6781,1.1399,0.7877,0.691,-0.5983,-0.4124,-0.1569,-0.0707,0.0837,-0.2622,-0.5955,-0.4415,-0.2555,-0.0862,-0.1544,134.7665,158.3206,135.5527,0.7778
31.7,951,,-0.3597,0.1168,-0.7527,1.1458,0.8696,0.7589,-0.6988,-0.5047,-0.2146,-0.1473,0.0797,-0.3378,-0.6371,-0.4842,-0.29,-0.0674,-0.227,102.3949,153.9103,135.9352,1.1357
31.733,952,,-0.4022,0.128,-0.8316,1.2302,0.9597,0.7801,-0.7349,-0.5451,-0.2594,-0.1926,0.0791,-0.3948,-0.6884,-0.4755,-0.2857,-0.0668,-0.2716,96.4862,155.6109,133.9112,1.0776
31.767,953,,-0.4187,0.0807,-0.889,1.244,0.9696,0.7794,-0.7809,-0.5551,-0.2823,-0.2506,0.0803,-0.3968,-0.7028,-0.4986,-0.2728,-0.0316,-0.3309,105.557,154.1404,132.0413,0.8577
31.8,954,,-0.4192,0.1049,-0.877,1.2861,0.9819,0.7635,-0.6876,-0.5568,-0.2815,-0.2466,0.0799,-0.4321,-0.6944,-0.4061,-0.2754,-0.0349,-0.3265,104.4825,154.3953,131.6551,0.7959
31.833,955,,-0.4051,0.0898,-0.8976,1.2649,0.9874,0.7806,-0.6823,-0.5311,-0.2791,-0.2798,0.0802,-0.4084,-0.7098,-0.4032,-0.252,0.0006,-0.36,97.7224,151.6976,130.2201,0.7486
31.867,956,,-0.3689,0.1165,-0.8976,1.2529,1.0141,0.8094,-0.6401,-0.4799,-0.258,-0.2991,0.08,-0.3631,-0.7056,-0.3821,-0.2219,0.0411,-0.3791,93.5533,148.9545,128.3206,0.6897
31.9,957,,-0.347,0.1346,-0.8965,1.2474,1.0311,0.8266,-0.5893,-0.4412,-0.2529,-0.3152,0.08,-0.3355,-0.704,-0.3364,-0.1883,0.0623,-0.3952,92.3942,149.7518,125.7123,0.675
31.933,958,,-0.3164,0.1481,-0.8788,1.2311,1.0269,0.8342,-0.53,-0.4022,-0.2306,-0.299,0.0797,-0.306,-0.6904,-0.2993,-0.1715,0.0683,-0.3787,93.2036,150.4607,124.7278,0.6696
31.967,959,,-0.3016,0.1496,-0.8873,1.2465,1.0369,0.8318,-0.5071,-0.3825,-0.2206,-0.2995,0.0793,-0.3034,-0.6988,-0.2865,-0.162,0.079,-0.3788,89.1765,146.7408,124.0825,0.6847
32.0,960,,-0.2863,0.1537,-0.894,1.2401,1.0477,0.8449,-0.4894,-0.3572,-0.2154,-0.2912,0.0796,-0.3083,-0.707,-0.2739,-0.1418,0.0758,-0.3708,90.4168,149.5522,122.3248,0.6928
32.033,961,,-0.2439,0.1484,-0.8746,1.2251,1.023,0.835,-0.423,-0.2986,-0.1893,-0.2854,0.0798,-0.2899,-0.6865,-0.2337,-0.1092,0.0961,-0.3652,84.9929,148.1513,118.7835,0.6772
32.067,962,,-0.2187,0.1487,-0.8621,1.2129,1.0108,0.8334,-0.3936,-0.2574,-0.1799,-0.2972,0.0801,-0.2767,-0.6725,-0.2137,-0.0774,0.1173,-0.3773,81.1268,147.9839,115.294,0.6628
32.1,963,,-0.1768,0.1334,-0.8393,1.2122,0.9726,0.8023,-0.3458,-0.214,-0.1396,-0.304,0.081,-0.2538,-0.6487,-0.2062,-0.0743,0.1643,-0.385,71.852,137.4845,114.7146,0.6413
32.133,964,,-0.0922,0.1049,-0.7564,1.1858,0.8614,0.7264,-0.2582,-0.1215,-0.063,-0.2666,0.0818,-0.1859,-0.5702,-0.1953,-0.0585,0.2036,-0.3484,65.0502,129.2694,113.4085,0.589
32.167,965,,-0.0603,0.0925,-0.7624,1.2001,0.8548,0.7123,-0.2438,-0.088,-0.0325,-0.2912,0.0821,-0.1953,-0.5763,-0.2113,-0.0554,0.2586,-0.3732,55.8004,120.0453,113.1292,0.5953
32.2,966,,-0.0608,0.0875,-0.8028,1.24,0.8904,0.718,-0.2572,-0.0941,-0.0275,-0.3415,0.0822,-0.2336,-0.6152,-0.2297,-0.0666,0.3139,-0.4236,49.6971,112.5255,114.3782,0.6324
32.233,967,,-0.0408,0.1007,-0.8096,1.256,0.9103,0.7247,-0.2445,-0.0667,-0.0149,-0.3923,0.0821,-0.2441,-0.622,-0.2296,-0.0519,0.3774,-0.4743,43.1369,108.015,112.5555,0.6523
32.267,968,,-0.0085,0.1082,-0.7809,1.2408,0.8891,0.7165,-0.1978,-0.0247,0.0077,-0.4004,0.0819,-0.2274,-0.5951,-0.2055,-0.0324,0.4081,-0.4823,39.903,107.3062,110.0308,0.6522
32.3,969,,0.015,0.108,-0.7823,1.2371,0.8903,0.7197,-0.1812,-0.0045,0.0344,-0.4002,0.0818,-0.2363,-0.5969,-0.2156,-0.0389,0.4347,-0.482,36.959,103.7661,110.5736,0.6554
32.333,970,,0.0345,0.1182,-0.833,1.2841,0.9512,0.7407,-0.2018,-0.0155,0.0845,-0.4295,0.0817,-0.2893,-0.646,-0.2863,-0.1,0.514,-0.5112,32.4833,90.0682,118.3011,0.6904
32.367,971,,0.0378,0.1495,-0.8997,1.3452,1.0492,0.78,-0.2166,-0.0411,0.1168,-0.4753,0.0816,-0.3571,-0.7108,-0.3334,-0.1579,0.5921,-0.5569,27.839,77.408,125.7872,0.735
32.4,972,,0.0614,0.1514,-0.8654,1.2842,1.0168,0.7917,-0.199,-0.0063,0.1291,-0.4541,0.0824,-0.3329,-0.686,-0.3281,-0.1354,0.5832,-0.5366,24.499,78.3014,123.7691,0.7152
32.433,973,,0.0976,0.1702,-0.8165,1.1832,0.9867,0.8339,-0.1215,0.0431,0.152,-0.4207,0.0828,-0.2883,-0.6505,-0.2735,-0.1089,0.5727,-0.5035,22.8492,79.7952,121.0519,0.7114
32.467,974,,0.1087,0.1792,-0.7937,1.0612,0.9729,0.9168,-0.1025,0.0571,0.1603,-0.3952,0.083,-0.2672,-0.637,-0.2628,-0.1032,0.5555,-0.4782,21.3193,79.092,120.4176,0.733
32.5,975,,0.0949,0.1872,-0.8217,1.0701,1.0088,0.9428,-0.1325,0.0314,0.1585,-0.3974,0.0843,-0.2988,-0.6688,-0.2909,-0.127,0.5559,-0.4817,19.2823,73.0109,123.9408,0.8118
32.533,976,,0.153,0.2405,-0.7339,1.0593,0.9744,0.9199,-0.0681,0.0926,0.2133,-0.3137,0.0853,-0.2349,-0.5836,-0.2814,-0.1207,0.527,-0.399,15.8996,70.151,123.5842,0.8401
32.567,977,,0.1896,0.2844,-0.6959,1.0869,0.9803,0.9019,-0.0422,0.1245,0.2548,-0.2814,0.085,-0.1949,-0.5405,-0.297,-0.1304,0.5362,-0.3663,17.073,69.2463,125.1602,0.8737
32.6,978,,0.2274,0.3102,-0.646,1.073,0.9563,0.8912,-0.0069,0.1689,0.2858,-0.2426,0.0847,-0.1481,-0.4916,-0.2927,-0.1169,0.5284,-0.3272,17.5219,71.7868,122.9109,0.8744
32.633,979,,0.2525,0.328,-0.625,1.0787,0.953,0.8835,0.0068,0.1974,0.3076,-0.2252,0.0845,-0.1265,-0.4725,-0.3007,-0.1101,0.5327,-0.3096,16.9181,72.9034,121.8197,0.8821
32.667,980,,0.2996,0.372,-0.5624,1.0799,0.9344,0.8653,0.0509,0.2471,0.3521,-0.1652,0.0846,-0.0746,-0.4126,-0.3012,-0.105,0.5173,-0.2499,18.2419,72.9204,121.2667,0.8973
32.7,981,,0.3348,0.4067,-0.5186,1.0874,0.9253,0.8509,0.0819,0.2821,0.3875,-0.1186,0.0848,-0.039,-0.3704,-0.3056,-0.1055,0.5061,-0.2034,18.1962,72.3235,121.3446,0.9172
32.733,982,,0.3479,0.4212,-0.5111,1.1033,0.9322,0.845,0.0856,0.2918,0.404,-0.1007,0.0847,-0.0316,-0.3623,-0.3184,-0.1122,0.5047,-0.1854,18.6855,71.2349,122.3874,0.9435
32.767,983,,0.3596,0.4306,-0.5056,1.1132,0.9362,0.841,0.0925,0.3013,0.4179,-0.0865,0.0843,-0.0271,-0.356,-0.3254,-0.1166,0.5044,-0.1708,20.1038,71.3782,122.8554,0.9723
32.8,984,,0.3888,0.4559,-0.4795,1.1268,0.9354,0.8302,0.1224,0.3296,0.4481,-0.0509,0.0843,-0.0011,-0.3297,-0.3257,-0.1185,0.499,-0.1352,23.6912,72.147,122.9302,1.0057
32.833,985,,0.4303,0.4972,-0.436,1.165,0.9331,0.801,0.1608,0.364,0.4965,0.0039,0.0842,0.0359,-0.2884,-0.3356,-0.1324,0.4926,-0.0803,38.2796,70.4298,125.4766,1.0531
32.867,986,,0.4492,0.5309,-0.4266,1.2177,0.9575,0.7863,0.1438,0.3721,0.5262,0.0296,0.0836,0.0433,-0.2806,-0.3824,-0.154,0.4966,-0.054,61.2718,66.8519,129.0829,1.0985
32.9,987,,0.461,0.5549,-0.4257,1.2618,0.9806,0.7772,0.1576,0.3754,0.5467,0.054,0.0831,0.0448,-0.2802,-0.389,-0.1713,0.4927,-0.0291,75.0571,64.0656,131.9485,1.1333
32.933,988,,0.4539,0.5644,-0.461,1.3247,1.0255,0.7741,0.1249,0.3528,0.5549,0.0526,0.0832,0.0149,-0.3145,-0.43,-0.2021,0.5023,-0.0305,75.6433,59.3414,136.3632,1.1792
32.967,989,,0.4274,0.556,-0.5209,1.3841,1.0768,0.778,0.0476,0.3087,0.5461,0.0416,0.0829,-0.0346,-0.3721,-0.4985,-0.2374,0.5045,-0.0413,71.4858,54.1861,140.6122,1.2235
33.0,990,,0.3556,0.5055,-0.6517,1.449,1.1572,0.7986,-0.0635,0.2143,0.4968,-0.0361,0.0843,-0.1414,-0.4968,-0.5604,-0.2825,0.5329,-0.1204,23.6504,49.3931,144.4294,1.2716
33.033,991,,0.2054,0.3961,-0.9266,1.5653,1.3228,0.8451,-0.32,0.0156,0.3953,-0.1925,0.0884,-0.3661,-0.7581,-0.7153,-0.3796,0.5878,-0.281,4.3434,39.5847,151.3895,1.3641
33.067,992,,0.0681,0.3039,-1.1701,1.6555,1.474,0.8904,-0.5213,-0.1629,0.2991,-0.3191,0.0896,-0.5658,-0.9909,-0.8204,-0.462,0.6182,-0.4087,6.8902,32.4449,156.7637,1.4405
33.1,993,,0.0202,0.2888,-1.2847,1.7594,1.5735,0.8943,-0.6205,-0.238,0.2784,-0.2718,0.0893,-0.6501,-1.1042,-0.899,-0.5164,0.5502,-0.3611,10.2484,26.6171,160.6602,1.5471
33.133,994,,0.1488,0.4006,-1.114,1.8025,1.5146,0.8403,-0.4839,-0.1013,0.3989,-0.1392,0.0899,-0.5039,-0.9522,-0.8828,-0.5003,0.5381,-0.2291,17.5026,25.6198,162.0751,1.6041
33.167,995,,0.2093,0.4553,-1.0503,1.8562,1.5056,0.8111,-0.4272,-0.0347,0.4532,-0.0657,0.0895,-0.4547,-0.9083,-0.8804,-0.488,0.5189,-0.1552,26.996,25.3371,162.9597,1.6184
33.2,996,,0.1122,0.4049,-1.1721,1.9332,1.577,0.8158,-0.569,-0.1663,0.3908,-0.1801,0.0851,-0.5639,-1.0589,-0.9598,-0.5571,0.5709,-0.2652,25.7777,27.4539,163.6743,1.7131
33.233,997,,0.1312,0.3894,-1.1308,1.8712,1.5203,0.8125,-0.5262,-0.1226,0.385,-0.1033,0.0862,-0.5521,-1.0362,-0.9112,-0.5076,0.4883,-0.1895,30.5447,25.1132,164.8363,1.5932
33.267,998,,-0.0295,0.2641,-1.3535,1.9124,1.6176,0.8458,-0.7727,-0.3096,0.2505,-0.2534,0.0866,-0.7625,-1.2821,-1.0232,-0.5601,0.5039,-0.34,19.6037,22.2025,166.2735,1.6491
33.3,999,,-0.1808,0.1441,-1.5306,1.9357,1.6747,0.8652,-0.9804,-0.4871,0.1256,-0.3541,0.0874,-0.9484,-1.4961,-1.106,-0.6127,0.4797,-0.4415,14.7534,19.7169,167.9245,1.6592
33.333,1000,,-0.3754,0.101,-1.7842,2.2785,1.8852,0.8274,-1.2367,-0.7159,-0.0349,-0.3544,0.0889,-1.2018,-1.776,-1.2018,-0.681,0.3195,-0.4433,23.6572,20.7233,170.2541,1.8635
33.367,1001,,-0.361,0.1038,-1.7806,2.3155,1.8844,0.8138,-1.2226,-0.6985,-0.0235,-0.3069,0.0883,-1.1672,-1.7303,-1.1992,-0.675,0.2834,-0.3952,24.4148,21.8803,171.2594,1.827
33.4,1002,,-0.3974,0.1278,-1.8502,2.4242,1.978,0.816,-1.2695,-0.7399,-0.0549,-0.2866,0.0863,-1.1828,-1.7461,-1.2146,-0.685,0.2317,-0.3729,25.7901,22.9286,172.779,1.7876
33.433,1003,,-0.3591,0.1346,-1.7845,2.3601,1.9191,0.8132,-1.1986,-0.6954,-0.0228,-0.3145,0.0851,-1.0948,-1.6352,-1.1758,-0.6726,0.2917,-0.3996,17.053,12.547,174.063,1.697
33.467,1004,,-0.2729,0.1239,-1.6413,2.181,1.7652,0.8094,-1.0406,-0.5911,0.0453,-0.2932,0.085,-0.9505,-1.4601,-1.0859,-0.6364,0.3385,-0.3783,11.7851,6.5603,175.5866,1.5601
33.5,1005,,-0.2058,0.1212,-1.5082,2.0207,1.6294,0.8064,-0.9209,-0.5101,0.0985,-0.3128,0.0841,-0.8116,-1.3242,-1.0194,-0.6087,0.4114,-0.3969,14.4631,14.587,172.624,1.4879
33.533,1006,,-0.2107,0.1193,-1.5234,2.0406,1.6427,0.805,-0.9274,-0.5114,0.09,-0.3331,0.0841,-0.7986,-1.303,-1.0174,-0.6014,0.4231,-0.4172,15.8244,13.0475,173.8934,1.4338
33.567,1007,,-0.1601,0.1644,-1.439,2.0458,1.6033,0.7837,-0.8515,-0.4506,0.1304,-0.3127,0.0835,-0.7075,-1.1883,-0.9819,-0.5811,0.4431,-0.3962,18.2216,11.63,175.4517,1.385
33.6,1008,,-0.1074,0.2096,-1.3473,2.0567,1.5569,0.757,-0.8007,-0.3972,0.1823,-0.2238,0.0806,-0.6312,-1.0924,-0.983,-0.5795,0.4061,-0.3044,26.5994,16.347,176.0091,1.3437
33.633,1009,,0.4485,0.5501,-0.2794,1.3584,0.8295,0.6107,,0.3675,0.5295,0.2289,0.0761,0.1101,-0.2788,,-0.1621,0.3006,0.1528,157.3932,23.8518,175.0194,2.0465
33.667,1010,,0.5407,0.6229,-0.2172,1.5098,0.8402,0.5565,,0.4861,0.5953,0.3043,0.081,0.2735,-0.0898,,-0.1091,0.291,0.2233,148.0997,14.7581,172.3957,1.1486
33.7,1011,,0.5725,0.6648,-0.1828,1.5192,0.8476,0.5579,,0.5031,0.6419,0.3518,0.0836,0.2375,-0.1134,,-0.1388,0.2901,0.2682,152.4277,19.4177,169.3403,1.2689
33.733,1012,,0.6128,0.7207,-0.2379,1.8018,0.9586,0.532,0.3047,0.5293,0.6964,0.3012,0.0836,0.3267,-0.0108,-0.3917,-0.1671,0.3952,0.2176,150.4149,19.3524,155.0778,1.1455
33.767,1013,,0.6344,0.7336,-0.1584,1.7402,0.8919,0.5126,0.3465,0.5613,0.7075,0.3196,0.0836,0.3863,0.0595,-0.361,-0.1462,0.3879,0.2361,149.317,24.4349,149.7466,1.1018
33.8,1014,,0.6828,0.7775,-0.0638,1.7338,0.8414,0.4853,0.3739,0.6142,0.7515,0.3368,0.0835,0.4542,0.1596,-0.3776,-0.1373,0.4147,0.2532,149.6964,30.0853,146.1865,1.0747
33.833,1015,,0.7725,0.8026,0.0657,1.6147,0.7369,0.4564,0.7652,0.7539,0.7911,0.361,0.0834,0.5396,0.2688,-0.0259,-0.0373,0.4301,0.2777,150.8964,77.4703,108.2218,0.9661
33.867,1016,,0.8079,0.8905,0.0568,1.7436,0.8337,0.4782,0.8905,0.8249,0.7909,0.3632,0.0832,0.5955,0.3382,0.0996,0.034,0.4277,0.2799,151.0815,99.1835,86.9854,0.9166
33.9,1017,,0.7611,0.8721,0.0141,1.6985,0.8581,0.5052,,0.8294,0.6928,0.3951,0.0784,0.6533,0.396,,0.1366,0.2977,0.3167,172.4334,167.6876,23.1579,2.4551
33.933,1018,,0.8319,0.9487,0.0453,1.9393,0.9034,0.4658,0.7112,0.8938,0.7701,0.3708,0.083,0.7176,0.4805,-0.0589,0.1236,0.3993,0.2878,154.6383,130.0729,57.1823,1.1695
33.967,1019,,0.855,0.9916,0.0461,2.0878,0.9455,0.4529,0.7396,0.9487,0.7612,0.3771,0.0829,0.7868,0.5436,-0.0216,0.1876,0.3841,0.2941,156.4646,145.0409,41.8594,1.2478
34.0,1020,,0.8748,1.0435,0.0263,2.2701,1.0172,0.4481,0.806,0.9979,0.7518,0.4138,0.0803,0.8511,0.5956,0.0542,0.2461,0.338,0.3335,176.3535,162.8893,24.4503,1.6847
34.033,1021,,0.8931,1.071,0.0559,2.3737,1.0151,0.4277,0.9057,1.0289,0.7572,0.3875,0.0832,0.8974,0.6456,0.1484,0.2717,0.3698,0.3043,162.5812,156.2128,27.6418,1.392
34.067,1022,,0.9274,1.1164,0.0735,2.5096,1.0429,0.4156,0.9942,1.0808,0.7739,0.4047,0.0833,0.9453,0.6982,0.2203,0.3069,0.3692,0.3214,165.6571,158.8982,23.9949,1.466
34.1,1023,,0.9634,1.17,0.0589,2.7111,1.111,0.4098,1.0872,1.1334,0.7934,0.4271,0.0829,0.9899,0.7444,0.2938,0.34,0.3663,0.3442,167.9303,160.9069,21.1294,1.5483
34.133,1024,,1.003,1.2287,0.0108,3.0045,1.2179,0.4053,1.1755,1.1895,0.8165,0.4484,0.0809,1.0352,0.7921,0.359,0.3729,0.3682,0.3675,169.9631,163.2307,18.6219,1.7002
34.167,1025,,1.0301,1.2897,-0.0328,3.3005,1.3226,0.4007,1.2418,1.2344,0.8257,0.4589,0.0776,1.0687,0.8251,0.416,0.4087,0.3668,0.3813,169.2287,165.2233,16.3995,1.8308
34.2,1026,,1.048,1.3404,-0.069,3.5564,1.4094,0.3963,1.2963,1.271,0.8249,0.4622,0.074,1.0902,0.8448,0.4714,0.4461,0.3627,0.3882,168.9664,166.8988,14.28,1.972
34.233,1027,,1.0595,1.3777,-0.0885,3.7506,1.4661,0.3909,1.3368,1.2931,0.8259,0.4637,0.0716,1.1007,0.8533,0.5108,0.4671,0.3622,0.3922,169.0429,167.8919,12.8043,2.0748
34.267,1028,,1.0647,1.4064,-0.0968,3.9052,1.5032,0.3849,1.3667,1.3062,0.8232,0.4551,0.0704,1.1097,0.8552,0.5435,0.483,0.3681,0.3847,168.9541,168.2036,11.4476,2.1254
34.3,1029,,1.0606,1.4276,-0.1001,4.0335,1.5277,0.3787,1.3882,1.3117,0.8094,0.4351,0.0699,1.1074,0.8409,0.5788,0.5023,0.3743,0.3652,168.3321,167.9424,9.9189,2.146
34.333,1030,,1.0635,1.4529,-0.1045,4.2035,1.5574,0.3705,1.4095,1.3194,0.8076,0.4284,0.0692,1.0967,0.8204,0.602,0.5118,0.3791,0.3592,167.8098,167.4318,8.2771,2.1817
34.367,1031,,1.0643,1.4709,-0.1055,4.3336,1.5764,0.3638,1.4305,1.326,0.8027,0.4209,0.069,1.0841,0.7985,0.6278,0.5233,0.3818,0.3519,167.1809,167.2803,6.6818,2.1942
34.4,1032,,1.0669,1.4957,-0.1043,4.5129,1.6,0.3545,1.4512,1.3374,0.7963,0.413,0.0691,1.0749,0.7827,0.6549,0.541,0.3834,0.3439,164.9573,166.9075,4.9917,2.2079
34.433,1033,,1.0682,1.5144,-0.1057,4.6565,1.6201,0.3479,1.4717,1.3458,0.7905,0.4049,0.0689,1.0686,0.7716,0.6812,0.5553,0.3857,0.336,163.1547,166.7428,3.5593,2.2106
34.467,1034,,1.0728,1.535,-0.1099,4.8183,1.6449,0.3414,1.491,1.3561,0.7896,0.4008,0.0683,1.0702,0.7646,0.7015,0.5666,0.3888,0.3325,161.7155,166.9688,2.2391,2.2221
34.5,1035,,1.0767,1.5526,-0.1113,4.9588,1.664,0.3356,1.5081,1.366,0.7873,0.398,0.0681,1.0748,0.7625,0.7207,0.5786,0.3894,0.3298,160.9059,167.225,1.2784,2.2258
34.533,1036,,1.0809,1.5677,-0.11,5.0803,1.6777,0.3302,1.5232,1.3739,0.788,0.3985,0.0683,1.0804,0.7642,0.7352,0.5859,0.3894,0.3302,160.5227,167.2129,0.5734,2.2297
34.567,1037,,1.0873,1.5837,-0.1065,5.2058,1.6902,0.3247,1.5389,1.3819,0.7928,0.4009,0.0689,1.0866,0.7699,0.7461,0.5891,0.3919,0.332,160.717,167.2553,0.0501,2.2423
34.6,1038,,1.0944,1.6009,-0.0991,5.3317,1.7,0.3189,1.5598,1.3906,0.7982,0.4013,0.0699,1.0954,0.779,0.7615,0.5923,0.3969,0.3314,161.6283,167.4527,0.3567,2.2647
34.633,1039,,1.1019,1.6148,-0.092,5.4291,1.7069,0.3144,1.5727,1.3992,0.8046,0.4027,0.0709,1.1034,0.788,0.7681,0.5947,0.4019,0.3318,162.4522,167.687,0.7313,2.2888
34.667,1040,,1.107,1.6232,-0.0871,5.4823,1.7103,0.312,1.583,1.4045,0.8095,0.4027,0.0717,1.1099,0.796,0.7735,0.595,0.4068,0.331,163.2684,167.9746,0.9955,2.313
34.7,1041,,1.1102,1.6304,-0.082,5.5281,1.7124,0.3098,1.5931,1.409,0.8115,0.4003,0.0723,1.1149,0.8026,0.7816,0.5975,0.4112,0.328,163.6092,168.2658,1.1072,2.328
34.733,1042,,1.1128,1.6336,-0.0784,5.5406,1.712,0.309,1.5997,1.4133,0.8123,0.3977,0.0728,1.1182,0.8075,0.7873,0.6009,0.4146,0.3249,163.9267,168.5883,1.1104,2.3286
34.767,1043,,1.1141,1.6413,-0.0724,5.6022,1.7136,0.3059,1.6062,1.416,0.8121,0.3939,0.0735,1.1195,0.8108,0.7941,0.6039,0.4182,0.3204,164.3474,168.5984,1.0452,2.333
34.8,1044,,1.1146,1.6226,-0.0696,5.4191,1.6922,0.3123,1.6017,1.4174,0.8119,0.3948,0.0739,1.1197,0.8132,0.7898,0.6054,0.4171,0.3209,164.755,168.4788,1.0116,2.2957
34.833,1045,,1.1135,1.6268,-0.0713,5.4709,1.6981,0.3104,1.6056,1.4169,0.81,0.3922,0.0738,1.1181,0.8125,0.7956,0.6069,0.4179,0.3184,165.0806,168.411,0.9903,2.3029
34.867,1046,,1.1129,1.629,-0.073,5.5053,1.7021,0.3092,1.6079,1.4172,0.8087,0.3906,0.0736,1.1167,0.8119,0.7992,0.6086,0.418,0.317,164.966,168.362,0.8939,2.3072
34.9,1047,,1.112,1.6309,-0.0757,5.5395,1.7066,0.3081,1.6102,1.4172,0.8068,0.3894,0.0733,1.1157,0.8126,0.8034,0.6104,0.4174,0.3161,164.5562,168.295,0.7466,2.313
34.933,1048,,1.1101,1.6469,-0.0831,5.7276,1.73,0.302,1.6177,1.4168,0.8035,0.3853,0.0723,1.1143,0.8121,0.8142,0.6132,0.4183,0.3129,163.6708,168.3001,0.6765,2.3409
34.967,1049,,1.1059,1.6435,-0.0984,5.7473,1.742,0.3031,1.6159,1.4138,0.7979,0.3799,0.0704,1.1097,0.8085,0.818,0.6159,0.418,0.3095,162.2697,168.1522,0.5891,2.3327
35.0,1050,,1.101,1.6224,-0.1169,5.6057,1.7393,0.3103,1.6063,1.4097,0.7922,0.3742,0.0679,1.1048,0.8043,0.8141,0.6175,0.4179,0.3063,160.7498,168.0238,0.4494,2.2945
35.033,1051,,1.0999,1.6352,-0.1314,5.7821,1.7666,0.3055,1.6105,1.4086,0.7912,0.3732,0.0658,1.1033,0.8039,0.8192,0.6173,0.4181,0.3074,159.7526,168.2127,0.1976,2.2981
35.067,1052,,1.0981,1.6173,-0.1428,5.6393,1.7601,0.3121,1.6019,1.4081,0.7881,0.3713,0.064,1.104,0.8063,0.8139,0.62,0.4167,0.3073,158.6079,168.4979,0.0144,2.2598
35.1,1053,,1.0996,1.6171,-0.1509,5.6604,1.768,0.3123,1.6,1.411,0.7882,0.3721,0.0627,1.108,0.8123,0.8118,0.6229,0.416,0.3095,158.2707,169.0532,0.205,2.2336
35.133,1054,,1.1002,1.617,-0.1573,5.6779,1.7744,0.3125,1.5973,1.4136,0.7869,0.371,0.0616,1.112,0.82,0.8104,0.6267,0.4158,0.3095,158.3771,169.8572,0.4174,2.2036
35.167,1055,,1.1048,1.6187,-0.1591,5.6963,1.7778,0.3121,1.5954,1.4178,0.7917,0.3747,0.0611,1.1196,0.8336,0.8037,0.6262,0.4169,0.3136,158.7654,170.9353,0.7229,2.177
35.2,1056,,1.1112,1.6187,-0.1581,5.692,1.7769,0.3122,1.5969,1.4223,0.8001,0.3824,0.0612,1.1305,0.8496,0.7967,0.6222,0.4177,0.3212,160.7177,171.8845,0.9732,2.1507
35.233,1057,,1.115,1.6176,-0.1597,5.6851,1.7774,0.3126,1.5892,1.4256,0.8044,0.3859,0.0609,1.1398,0.8631,0.7848,0.6212,0.4185,0.3251,163.0762,173.1707,1.4026,2.1324
35.267,1058,,1.1201,1.6151,-0.1626,5.6668,1.7777,0.3137,1.5719,1.4286,0.8116,0.3936,0.0603,1.1488,0.8793,0.7603,0.6171,0.418,0.3333,165.5949,173.7839,1.9803,2.1223
35.3,1059,,1.1288,1.6117,-0.1619,5.6329,1.7736,0.3149,1.5591,1.432,0.8255,0.4054,0.0603,1.1593,0.8936,0.7336,0.6065,0.4201,0.3451,167.7428,173.0571,2.6514,2.1148
35.333,1060,,1.1425,1.6063,-0.1559,5.5715,1.7622,0.3163,1.5459,1.4369,0.848,0.4215,0.0611,1.1694,0.9068,0.6979,0.5889,0.4266,0.3603,169.979,172.6232,3.4758,2.1081
35.367,1061,,1.1528,1.6002,-0.1557,5.5149,1.7558,0.3184,1.5337,1.4405,0.8651,0.4356,0.0611,1.1787,0.9178,0.6687,0.5754,0.4294,0.3745,172.8838,172.0624,4.1918,2.1109
35.4,1062,,1.1641,1.5943,-0.1534,5.4803,1.7477,0.3189,1.5316,1.4414,0.8868,0.4533,0.0615,1.1826,0.9243,0.6448,0.5546,0.4335,0.3918,173.5561,172.9065,5.3098,2.1176
35.433,1063,,1.1691,1.5839,-0.1413,5.4124,1.7252,0.3187,1.5123,1.4406,0.8976,0.458,0.0633,1.1834,0.9244,0.6147,0.543,0.4396,0.3947,173.4688,174.0849,6.3438,2.1177
35.467,1064,,1.1777,1.5754,-0.1285,5.3557,1.7039,0.3182,1.5109,1.4434,0.9121,0.4665,0.0651,1.1877,0.926,0.5988,0.5314,0.4456,0.4014,173.276,175.295,7.2115,2.1381
35.5,1065,,1.1823,1.5697,-0.1165,5.3262,1.6862,0.3166,1.4968,1.4427,0.922,0.4755,0.0667,1.1888,0.9246,0.5748,0.5208,0.4465,0.4088,173.0093,174.6371,7.7314,2.1781
35.533,1066,,1.1838,1.5651,-0.0994,5.3052,1.6646,0.3138,1.4979,1.4413,0.9263,0.4817,0.069,1.1883,0.9227,0.5717,0.5151,0.4445,0.4128,172.8086,174.0195,8.2796,2.2236
35.567,1067,,1.1847,1.561,-0.0811,5.2815,1.6421,0.3109,1.4935,1.4414,0.9281,0.487,0.0712,1.1911,0.9237,0.5654,0.5133,0.441,0.4158,172.3932,173.5977,8.6541,2.2694
35.6,1068,,1.1867,1.5548,-0.0614,5.246,1.6162,0.3081,1.4801,1.4396,0.9339,0.4916,0.0734,1.1947,0.9243,0.5462,0.5057,0.4424,0.4181,171.6876,172.9227,9.154,2.3038
35.633,1069,,1.185,1.5487,-0.0381,5.2037,1.5868,0.3049,1.4741,1.4378,0.9322,0.4886,0.0758,1.1953,0.9253,0.5419,0.5056,0.4436,0.4128,170.297,172.6609,9.5278,2.3035
35.667,1070,,1.1795,1.5445,-0.0154,5.1765,1.5599,0.3014,1.4692,1.4349,0.9241,0.4838,0.0779,1.1961,0.9261,0.5451,0.5109,0.4403,0.4059,169.0055,172.6125,9.704,2.3014
35.7,1071,,1.1724,1.5398,0.0023,5.1524,1.5375,0.2984,1.4644,1.4313,0.9134,0.477,0.0795,1.1947,0.9248,0.551,0.518,0.4364,0.3975,167.1391,172.5459,9.9279,2.2949
35.733,1072,,1.1641,1.535,0.0192,5.1285,1.5158,0.2956,1.459,1.4264,0.9018,0.4702,0.081,1.1935,0.9242,0.5571,0.5245,0.4316,0.3893,165.1158,172.3559,10.1557,2.2494
35.767,1073,,1.1606,1.5304,0.0297,5.1079,1.5007,0.2938,1.4543,1.4245,0.8967,0.4675,0.0821,1.1933,0.9246,0.5576,0.5278,0.4292,0.3854,163.8843,172.1669,10.4568,2.151
35.8,1074,,1.1615,1.5304,0.0324,5.1215,1.4981,0.2925,1.4538,1.4276,0.8954,0.4716,0.0827,1.1963,0.926,0.5585,0.5322,0.4238,0.3889,163.7429,171.8539,10.6988,2.0884
35.833,1075,,1.1621,1.531,0.0373,5.1335,1.4937,0.291,1.4544,1.4298,0.8944,0.477,0.0836,1.197,0.9226,0.56,0.5354,0.4174,0.3934,164.229,171.2787,10.9451,2.0353
35.867,1076,,1.1628,1.5303,0.0408,5.1323,1.4895,0.2902,1.4543,1.4306,0.8949,0.4838,0.0845,1.1973,0.919,0.5594,0.5357,0.4112,0.3992,164.5445,171.2701,10.9191,2.0024
35.9,1077,,1.1614,1.5314,0.0416,5.1437,1.4899,0.2897,1.4566,1.4302,0.8926,0.4834,0.0852,1.1972,0.9154,0.564,0.5376,0.4092,0.3982,165.0186,171.1349,10.9858,1.9881
35.933,1078,,1.1599,1.5321,0.0406,5.1508,1.4915,0.2896,1.4582,1.4294,0.8905,0.4797,0.0857,1.1963,0.911,0.5678,0.5389,0.4108,0.3939,165.5952,170.9849,10.8275,1.9867
35.967,1079,,1.1576,1.5324,0.0394,5.1533,1.4931,0.2897,1.4599,1.4283,0.8869,0.4767,0.0862,1.1943,0.9084,0.5729,0.5414,0.4102,0.3906,166.4897,170.9125,10.4365,1.9672
36.0,1080,,1.1542,1.5321,0.0386,5.1488,1.4934,0.2901,1.4644,1.4257,0.8827,0.475,0.0863,1.1932,0.9102,0.5817,0.5431,0.4076,0.3887,166.8854,171.1307,9.8353,2.0817
36.033,1081,,1.1513,1.5302,0.0371,5.1355,1.4931,0.2907,1.4574,1.4214,0.8812,0.4744,0.0864,1.1951,0.9175,0.5763,0.5403,0.4068,0.388,167.7733,171.7015,8.6107,2.0028
36.067,1082,,1.151,1.5265,0.0347,5.1094,1.4918,0.292,1.4584,1.4169,0.8852,0.4774,0.0862,1.1938,0.9226,0.5732,0.5317,0.4078,0.3911,168.2605,172.0606,7.711,2.1688
36.1,1083,,1.1518,1.5237,0.0343,5.0831,1.4894,0.293,1.4513,1.4156,0.8881,0.4807,0.0861,1.1947,0.9331,0.5631,0.5274,0.4074,0.3946,169.3029,171.938,7.4209,2.1049
36.133,1084,,1.1517,1.52,0.0358,5.0494,1.4842,0.2939,1.4536,1.4117,0.8917,0.4857,0.0861,1.1905,0.9393,0.562,0.52,0.406,0.3996,169.6365,171.551,7.2809,2.2668
36.167,1085,,1.148,1.5156,0.0363,5.0145,1.4793,0.295,1.4506,1.406,0.8901,0.4869,0.086,1.1836,0.9461,0.5605,0.5159,0.4032,0.4008,170.1036,171.2565,7.1984,2.3211
36.2,1086,,1.1433,1.5104,0.0359,4.9721,1.4744,0.2965,1.447,1.4009,0.8856,0.485,0.086,1.1764,0.9499,0.5614,0.5153,0.4006,0.399,171.2395,170.4834,6.9744,2.3556
36.233,1087,,1.1384,1.5069,0.0351,4.9473,1.4717,0.2975,1.4435,1.3953,0.8815,0.485,0.086,1.1678,0.9371,0.5619,0.5138,0.3965,0.399,172.0317,170.0675,7.0435,2.4076
36.267,1088,,1.1346,1.5038,0.0314,4.9315,1.4724,0.2986,1.4416,1.3912,0.878,0.4835,0.0858,1.1644,0.9285,0.5636,0.5132,0.3945,0.3978,172.0036,170.0127,7.3164,2.4308
36.3,1089,,1.1327,1.5005,0.0252,4.9218,1.4753,0.2998,1.4401,1.389,0.8765,0.4834,0.0852,1.162,0.9236,0.5636,0.5125,0.3931,0.3982,171.3019,169.9561,7.7172,2.4455
36.333,1090,,1.1343,1.4972,0.0182,4.9124,1.4789,0.3011,1.4396,1.3892,0.8793,0.4868,0.0844,1.1619,0.928,0.5603,0.5099,0.3925,0.4024,170.5614,170.2412,7.8251,2.4533
36.367,1091,,1.1371,1.494,0.0128,4.9034,1.4812,0.3021,1.4401,1.3912,0.883,0.493,0.0837,1.1654,0.938,0.5571,0.5082,0.3901,0.4093,169.8597,170.5901,7.6421,2.4592
36.4,1092,,1.1341,1.4913,0.0055,4.9075,1.4858,0.3028,1.4402,1.3886,0.8796,0.4963,0.0826,1.1598,0.9299,0.5607,0.509,0.3833,0.4137,168.9695,171.0132,6.9149,2.4222
36.433,1093,,1.1302,1.4889,-0.0006,4.9134,1.4895,0.3032,1.4417,1.3874,0.8731,0.4938,0.0816,1.1549,0.9213,0.5686,0.5142,0.3793,0.4122,167.3081,171.5351,6.5995,2.3969
36.467,1094,,1.1306,1.4897,-0.005,4.9348,1.4947,0.3029,1.4471,1.39,0.8711,0.4968,0.0807,1.1548,0.9176,0.576,0.5189,0.3743,0.416,165.625,172.2308,6.4848,2.3812
36.5,1095,,1.1284,1.4918,-0.0112,4.97,1.503,0.3024,1.4514,1.3912,0.8655,0.4926,0.0797,1.1562,0.9175,0.5859,0.5257,0.3729,0.4129,164.5236,173.054,6.1038,2.3945
36.533,1096,,1.1265,1.4958,-0.0157,5.0137,1.5115,0.3015,1.4577,1.3901,0.8629,0.4919,0.0789,1.1539,0.915,0.5948,0.5272,0.3711,0.413,163.1374,173.6758,5.9901,2.4075
36.567,1097,,1.1263,1.4992,-0.0194,5.0485,1.5185,0.3008,1.4621,1.3908,0.8617,0.4909,0.0782,1.1546,0.9157,0.6004,0.5292,0.3708,0.4127,162.539,174.4061,6.1622,2.4189
36.6,1098,,1.1271,1.5033,-0.0197,5.0815,1.5231,0.2997,1.4664,1.3922,0.862,0.492,0.0779,1.1558,0.9154,0.6044,0.5301,0.37,0.4141,163.002,174.0558,6.7015,2.4299
36.633,1099,,1.1273,1.5068,-0.0209,5.1092,1.5277,0.299,1.4688,1.393,0.8616,0.4898,0.0776,1.1574,0.916,0.6071,0.5314,0.3718,0.4122,163.9247,173.5535,7.5068,2.4426
36.667,1100,,1.1278,1.5076,-0.0226,5.1153,1.5302,0.2991,1.4697,1.3934,0.8621,0.4893,0.0774,1.158,0.9135,0.6076,0.5313,0.3729,0.4119,165.22,172.5608,8.6449,2.4361
36.7,1101,,1.1287,1.5059,-0.0233,5.1001,1.5292,0.2998,1.4683,1.3939,0.8634,0.4902,0.0772,1.1603,0.914,0.6049,0.5305,0.3732,0.413,165.3457,170.6103,10.008,2.416
36.733,1102,,1.1299,1.5037,-0.0259,5.085,1.5297,0.3008,1.4647,1.3931,0.8666,0.4918,0.0769,1.158,0.9095,0.598,0.5265,0.3748,0.4149,164.3436,167.4248,11.9186,2.4038
36.767,1103,,1.1293,1.4998,-0.0293,5.0579,1.5291,0.3023,1.4597,1.3892,0.8695,0.492,0.0766,1.1504,0.8985,0.5902,0.5196,0.3776,0.4154,164.0325,164.5704,13.8486,2.3796
36.8,1104,,1.1278,1.4914,-0.0312,4.9931,1.5227,0.305,1.4514,1.3821,0.8735,0.4924,0.0763,1.1436,0.8897,0.5779,0.5086,0.3811,0.4161,162.8118,161.2043,15.8934,2.318
36.833,1105,,1.1221,1.4772,-0.0339,4.8852,1.5111,0.3093,1.4355,1.371,0.8733,0.4906,0.076,1.132,0.8762,0.5622,0.4976,0.3827,0.4146,161.3202,158.0492,17.8393,2.2502
36.867,1106,,1.1163,1.4589,-0.0355,4.7449,1.4944,0.315,1.413,1.358,0.8747,0.4892,0.0759,1.1241,0.8665,0.5383,0.4833,0.3855,0.4133,160.2673,154.9669,20.0111,2.1849
36.9,1107,,1.1104,1.433,-0.0357,4.5495,1.4687,0.3228,1.3844,1.3437,0.8772,0.49,0.0759,1.1139,0.8537,0.5072,0.4665,0.3872,0.4141,159.0385,150.6513,23.0137,2.1059
36.933,1108,,1.1042,1.4012,-0.0337,4.3191,1.4349,0.3322,1.3555,1.3243,0.8841,0.4932,0.076,1.1049,0.8474,0.4714,0.4402,0.3909,0.4171,157.1649,144.5003,27.2577,1.9996
36.967,1109,,1.0989,1.3687,-0.0313,4.0963,1.4001,0.3418,1.3197,1.3092,0.8887,0.4941,0.0762,1.0978,0.8478,0.4311,0.4206,0.3945,0.4179,155.7151,139.5647,30.7112,1.9163
37.0,1110,,1.0894,1.3405,-0.0292,3.9112,1.3697,0.3502,1.2912,1.2873,0.8914,0.4959,0.0764,1.0808,0.83,0.3997,0.3958,0.3955,0.4195,155.0893,135.4597,33.9116,1.8306
37.033,1111,,1.0825,1.3147,-0.0273,3.7493,1.342,0.3579,1.262,1.2705,0.8945,0.4979,0.0766,1.0669,0.8133,0.3675,0.376,0.3966,0.4213,154.683,132.2243,36.387,1.7712
37.067,1112,,1.0736,1.2898,-0.026,3.5991,1.3159,0.3656,1.2333,1.2539,0.8933,0.4965,0.0766,1.0502,0.796,0.34,0.3606,0.3968,0.4199,154.3943,130.2087,38.1931,1.7077
37.1,1113,,1.0673,1.2665,-0.0282,3.465,1.2948,0.3737,1.2064,1.2361,0.8984,0.5037,0.0764,1.018,0.7563,0.308,0.3377,0.3947,0.4273,153.0875,126.0198,41.1285,1.6522
37.133,1114,,1.0571,1.2433,-0.024,3.333,1.2673,0.3802,1.18,1.2142,0.8999,0.5103,0.0766,0.9908,0.7152,0.2801,0.3144,0.3896,0.4337,150.7355,120.7665,44.7035,1.5816
37.167,1115,,1.0451,1.2195,-0.0251,3.2084,1.2446,0.3879,1.1577,1.1898,0.9005,0.5151,0.0765,0.9571,0.6785,0.2572,0.2893,0.3853,0.4386,149.2897,115.9038,48.1659,1.5337
37.2,1116,,1.0361,1.1964,-0.0275,3.0924,1.2239,0.3958,1.1373,1.1698,0.9025,0.5223,0.0763,0.9427,0.6531,0.2348,0.2672,0.3802,0.446,146.7071,109.8496,51.7765,1.4952
37.233,1117,,1.0279,1.1786,-0.0265,2.9988,1.2051,0.4019,1.119,1.1515,0.9043,0.5335,0.0764,0.9138,0.6232,0.2147,0.2471,0.3708,0.4571,142.6678,102.3766,55.815,1.4642
37.267,1118,,1.0224,1.1634,-0.0234,2.917,1.1869,0.4069,1.1031,1.1394,0.9054,0.5444,0.0766,0.8992,0.6013,0.1977,0.234,0.3611,0.4678,139.045,97.2357,58.1589,1.4396
37.3,1119,,1.0156,1.146,-0.0236,2.8353,1.1696,0.4125,1.0869,1.1265,0.9047,0.5506,0.0765,0.8891,0.5898,0.1822,0.2218,0.3541,0.4741,135.2364,92.4086,60.2878,1.4002
37.333,1120,,1.0099,1.1314,-0.0254,2.7703,1.1568,0.4176,1.0737,1.1163,0.9034,0.5571,0.0764,0.8736,0.5778,0.1703,0.2129,0.3463,0.4807,131.0264,87.539,62.0839,1.3725
37.367,1121,,1.0007,1.116,-0.0281,2.707,1.1441,0.4226,1.0593,1.1017,0.8997,0.5583,0.0761,0.8548,0.5687,0.1596,0.2019,0.3414,0.4822,127.5356,83.5072,63.8327,1.3549
37.4,1122,,0.9915,1.1023,-0.031,2.6531,1.1333,0.4272,1.0452,1.0873,0.8957,0.56,0.0759,0.8394,0.5623,0.1496,0.1916,0.3357,0.4841,124.0783,79.8009,65.4327,1.3388
37.433,1123,,0.9823,1.094,-0.0304,2.6064,1.1244,0.4314,1.0326,1.0734,0.8911,0.5632,0.0759,0.8319,0.5571,0.1415,0.1823,0.3279,0.4873,121.2581,76.1792,66.9085,1.3244
37.467,1124,,0.9726,1.0874,-0.0315,2.5794,1.1189,0.4338,1.0193,1.0605,0.8848,0.5649,0.0758,0.8239,0.5528,0.1344,0.1756,0.3199,0.4891,118.5871,72.93,68.0166,1.3155
37.5,1125,,0.9639,1.0811,-0.0326,2.5537,1.1137,0.4361,1.0054,1.0516,0.8762,0.5649,0.0757,0.8152,0.544,0.1293,0.1754,0.3113,0.4891,116.7222,71.3823,68.0249,1.3162
37.533,1126,,0.9533,1.0739,-0.0341,2.526,1.108,0.4386,0.9914,1.0423,0.8643,0.5625,0.0756,0.8063,0.5355,0.1271,0.178,0.3019,0.4868,115.0373,70.3568,67.5508,1.3209
37.567,1127,,0.9395,1.0615,-0.0347,2.4774,1.0962,0.4425,0.9793,1.0301,0.8488,0.5603,0.0756,0.7898,0.4095,0.1305,0.1813,0.2885,0.4847,113.7078,69.6648,66.7761,1.319
37.6,1128,,0.927,1.0487,-0.0364,2.4301,1.0852,0.4466,0.969,1.0175,0.8366,0.5579,0.0754,0.7756,0.5065,0.1324,0.1809,0.2787,0.4825,112.3607,68.3357,66.5928,1.3082
37.633,1129,,0.9112,1.0383,-0.038,2.3939,1.0764,0.4496,0.9593,1.0059,0.8164,0.5521,0.0753,0.7626,0.4977,0.1429,0.1895,0.2643,0.4767,110.4981,67.4677,65.3801,1.3027
37.667,1130,,0.8956,1.0305,-0.0381,2.3648,1.0686,0.4519,0.9493,0.9941,0.797,0.5491,0.0753,0.7563,0.4928,0.1522,0.197,0.248,0.4737,108.2659,66.0664,64.3712,1.2973
37.7,1131,,0.8781,1.0236,-0.04,2.3428,1.0636,0.454,0.9376,0.9809,0.7754,0.5428,0.0752,0.7462,0.4899,0.1622,0.2055,0.2326,0.4676,106.2191,65.3395,62.8746,1.2964
37.733,1132,,0.8629,1.019,-0.0408,2.3265,1.0599,0.4556,0.9266,0.9733,0.7525,0.5411,0.0751,0.742,0.4906,0.174,0.2208,0.2115,0.4659,103.1529,64.5972,60.6129,1.2947
37.767,1133,,0.85,1.013,-0.0421,2.3059,1.0551,0.4576,0.9148,0.965,0.7351,0.5366,0.075,0.7362,0.3418,0.1797,0.2298,0.1985,0.4616,101.0776,64.2699,59.0029,1.2978
37.8,1134,,0.8386,1.0063,-0.0462,2.2884,1.0525,0.46,0.905,0.9563,0.7209,0.5315,0.0747,0.7294,0.482,0.1841,0.2354,0.1893,0.4568,99.3352,63.7939,57.8665,1.3068
37.833,1135,,0.8257,0.9972,-0.0487,2.2587,1.0459,0.4631,0.8983,0.9472,0.7043,0.5252,0.0745,0.6461,0.3333,0.1941,0.2429,0.179,0.4507,97.4805,63.5417,56.3851,1.3136
37.867,1136,,0.8169,0.989,-0.0534,2.2376,1.0425,0.4659,0.8906,0.9386,0.6951,0.5154,0.0741,0.7124,0.3276,0.1955,0.2436,0.1796,0.4414,96.9191,63.7712,55.7481,1.3262
37.9,1137,,0.8085,0.9838,-0.0566,2.2239,1.0404,0.4678,0.8817,0.9329,0.6841,0.5086,0.0738,0.7033,0.321,0.1976,0.2488,0.1755,0.4348,96.0151,64.054,54.6033,1.352
37.933,1138,,0.8034,0.9795,-0.0581,2.2106,1.0376,0.4694,0.8758,0.9279,0.6788,0.5035,0.0737,0.695,0.3169,0.197,0.2491,0.1754,0.4298,95.8425,64.3481,53.977,1.3753
37.967,1139,,0.7983,0.976,-0.0604,2.2013,1.0364,0.4708,0.8706,0.9244,0.6721,0.4981,0.0735,0.6858,0.3126,0.1985,0.2523,0.174,0.4246,95.7512,65.1006,52.8457,1.3989
38.0,1140,,0.7884,0.9712,-0.0605,2.1834,1.0317,0.4725,0.8692,0.9185,0.6582,0.4948,0.0735,0.6774,0.3072,0.211,0.2603,0.1634,0.4213,94.7238,66.0526,50.5015,1.418
38.033,1141,,0.7789,0.9648,-0.0607,2.1608,1.0255,0.4746,0.8677,0.9096,0.6481,0.4914,0.0735,0.6667,0.3005,0.2195,0.2615,0.1567,0.418,94.1393,66.4662,49.0802,1.4302
38.067,1142,,0.7758,0.9628,-0.0601,2.1524,1.0229,0.4753,0.868,0.9065,0.6451,0.4887,0.0735,0.6594,0.2963,0.2229,0.2614,0.1564,0.4152,94.6557,67.2684,48.0857,1.4512
38.1,1143,,0.7745,0.9633,-0.0604,2.1542,1.0237,0.4752,0.8675,0.9039,0.6451,0.4861,0.0736,0.5895,0.2919,0.2224,0.2588,0.159,0.4126,96.2056,68.603,47.1135,1.4787
38.133,1144,,0.7715,0.963,-0.0603,2.1551,1.0234,0.4749,0.866,0.9003,0.6428,0.4817,0.0736,0.6584,0.4221,0.2232,0.2575,0.1611,0.408,98.0617,70.3216,45.8646,1.5165
38.167,1145,,0.77,0.963,-0.0599,2.1561,1.0229,0.4744,0.8631,0.8981,0.6419,0.4788,0.0737,0.6585,0.44,0.2212,0.2562,0.1631,0.4051,99.7741,71.3694,44.9672,1.5738
38.2,1146,,0.769,0.96,-0.0574,2.1415,1.0174,0.4751,0.8648,0.8955,0.6424,0.4796,0.074,0.6657,0.4484,0.2224,0.2531,0.1628,0.4056,100.534,70.81,44.738,1.6122
38.233,1147,,0.7655,0.9572,-0.0556,2.1284,1.0127,0.4758,0.8681,0.8924,0.6387,0.4811,0.0742,0.6846,0.4957,0.2294,0.2537,0.1576,0.4069,101.2424,71.8136,43.0078,1.5577
38.267,1148,,0.7621,0.9572,-0.0539,2.1256,1.0111,0.4757,0.8771,0.8909,0.6333,0.4823,0.0744,0.7173,0.558,0.2437,0.2576,0.1511,0.4079,101.7505,73.8479,40.1457,1.65
38.3,1149,,0.7604,0.9551,-0.0525,2.1157,1.0075,0.4762,0.8855,0.8906,0.6302,0.4831,0.0746,0.7247,0.2814,0.2553,0.2605,0.147,0.4086,101.9512,76.7163,36.7478,1.6876
38.333,1150,,0.7881,0.9792,-0.058,2.1808,1.0372,0.4756,0.9103,0.9206,0.6555,0.4859,0.0743,0.7041,0.453,0.2548,0.2651,0.1696,0.4116,104.9426,78.8838,36.6557,1.7765
38.367,1151,,0.7846,0.9782,-0.0542,2.1765,1.0324,0.4743,0.9192,0.9196,0.6497,0.4885,0.0745,0.7008,0.4493,0.2695,0.2699,0.1612,0.414,104.3115,81.9915,32.7639,1.7039
38.4,1152,,0.7501,0.9592,-0.045,2.1255,1.0043,0.4725,0.9157,0.8884,0.6117,0.4848,0.0751,0.6938,0.4692,0.304,0.2767,0.127,0.4096,101.1808,86.8705,24.6249,1.6005
38.433,1153,,0.7467,0.9645,-0.043,2.1431,1.0075,0.4701,0.9223,0.8866,0.6068,0.4841,0.0752,0.6845,0.4547,0.3156,0.2799,0.1227,0.4088,101.6173,92.5797,18.9836,1.5576
38.467,1154,,0.7439,0.971,-0.0422,2.1678,1.0132,0.4674,0.9327,0.8855,0.6023,0.4831,0.0752,0.6732,0.4384,0.3303,0.2831,0.1192,0.4079,101.752,97.4921,13.8665,1.5293
38.5,1155,,0.7434,0.9781,-0.0416,2.1955,1.0197,0.4645,0.9429,0.8863,0.6006,0.4838,0.0752,0.6632,0.4247,0.3423,0.2856,0.1168,0.4086,101.8106,100.7116,10.292,1.5177
38.533,1156,,0.7479,0.9896,-0.0436,2.241,1.0332,0.461,0.9528,0.8919,0.6039,0.4855,0.075,0.6658,0.4239,0.3489,0.288,0.1184,0.4105,101.706,104.3152,6.7352,1.5236
38.567,1157,,0.7525,1.0028,-0.0457,2.2932,1.0485,0.4572,0.9723,0.8974,0.6075,0.4885,0.0747,0.6694,0.4319,0.3648,0.29,0.1189,0.4138,101.5259,105.6704,5.1553,1.5336
38.6,1158,,0.7587,1.0124,-0.0463,2.3295,1.0587,0.4545,0.9808,0.9045,0.6128,0.4943,0.0746,0.6733,0.4409,0.368,0.2917,0.1186,0.4197,101.4431,107.4259,3.1189,1.5421
38.633,1159,,0.7631,1.0191,-0.0466,2.3558,1.0657,0.4524,0.9902,0.9093,0.6169,0.4985,0.0746,0.6748,0.4486,0.3734,0.2925,0.1183,0.424,101.5491,109.2277,1.1628,1.5449
38.667,1160,,0.7669,1.0252,-0.0463,2.3787,1.0715,0.4504,0.9996,0.9131,0.6207,0.5029,0.0746,0.6765,0.4604,0.3789,0.2925,0.1178,0.4283,101.2289,110.1637,0.1544,1.5475
38.7,1161,,0.7721,1.0309,-0.0458,2.4,1.0767,0.4486,1.0091,0.918,0.6262,0.5058,0.0746,0.6856,0.4872,0.3829,0.2918,0.1204,0.4313,101.1908,111.4084,1.3434,1.5523
38.733,1162,,0.7785,1.0382,-0.0446,2.4262,1.0828,0.4463,1.0207,0.9254,0.6316,0.5094,0.0747,0.6968,0.5116,0.3891,0.2937,0.1222,0.4347,101.193,113.1797,3.0318,1.5615
38.767,1163,,0.7816,1.0415,-0.0432,2.437,1.0847,0.4451,1.0243,0.9288,0.6343,0.5131,0.0748,0.7003,0.5182,0.39,0.2945,0.1213,0.4382,100.7659,115.0938,5.2329,1.5614
38.8,1164,,0.7844,1.0467,-0.0426,2.4571,1.0892,0.4433,1.0316,0.9335,0.6353,0.5155,0.0749,0.706,0.5269,0.3964,0.2982,0.1197,0.4407,100.379,116.5917,7.0764,1.5652
38.833,1165,,0.7875,1.0535,-0.0414,2.4813,1.0948,0.4412,1.0407,0.9388,0.6363,0.5176,0.075,0.7105,0.5326,0.4045,0.3025,0.1187,0.4426,99.9207,117.4669,8.1944,1.5694
38.867,1166,,0.7897,1.0679,-0.0388,2.5346,1.1067,0.4366,1.0547,0.9437,0.6356,0.5188,0.0753,0.7142,0.5403,0.4191,0.3081,0.1168,0.4435,99.8886,118.3656,9.3952,1.5961
38.9,1167,,0.7925,1.0775,-0.0384,2.5719,1.1159,0.4339,1.0639,0.949,0.636,0.5216,0.0753,0.7186,0.5464,0.4279,0.313,0.1144,0.4463,99.2085,118.2732,9.8368,1.6082
38.933,1168,,0.7947,1.0863,-0.038,2.6064,1.1243,0.4314,1.0717,0.9531,0.6364,0.5246,0.0754,0.72,0.5488,0.4353,0.3167,0.1118,0.4492,98.6153,118.323,10.365,1.6195
38.967,1169,,0.7959,1.093,-0.0372,2.6317,1.1302,0.4294,1.0785,0.9553,0.6365,0.525,0.0755,0.7221,0.5495,0.442,0.3188,0.1115,0.4495,98.8546,118.5932,10.7435,1.6254
39.0,1170,sitting,0.7971,1.103,-0.0368,2.6723,1.1398,0.4265,1.0878,0.9578,0.6363,0.5258,0.0756,0.7236,0.5495,0.4515,0.3215,0.1104,0.4503,98.886,118.7135,11.084,1.6398
39.033,1171,sitting,0.7988,1.1094,-0.0363,2.6977,1.1456,0.4247,1.0944,0.9611,0.6366,0.526,0.0757,0.7263,0.551,0.4578,0.3245,0.1106,0.4503,99.2185,119.129,11.4737,1.6472
39.067,1172,sitting,0.8003,1.1161,-0.0359,2.7253,1.152,0.4227,1.101,0.964,0.6367,0.526,0.0758,0.7283,0.5547,0.4643,0.3273,0.1106,0.4503,99.4295,119.48,11.83,1.6535
39.1,1173,sitting,0.8014,1.1195,-0.0353,2.7384,1.1548,0.4217,1.1049,0.9659,0.6368,0.5259,0.0758,0.729,0.558,0.4681,0.3292,0.1109,0.4501,99.6123,119.5309,11.8912,1.6538
39.133,1174,sitting,0.8025,1.1221,-0.0349,2.7484,1.157,0.421,1.1083,0.9682,0.6369,0.5262,0.0759,0.7293,0.5614,0.4715,0.3314,0.1107,0.4503,99.6343,119.3878,11.8294,1.6537
39.167,1175,sitting,0.8032,1.1248,-0.0349,2.7599,1.1597,0.4202,1.1113,0.9701,0.6364,0.5263,0.0759,0.7303,0.5649,0.475,0.3338,0.11,0.4504,99.7376,119.3789,11.933,1.6517
39.2,1176,sitting,0.8024,1.1262,-0.0352,2.7671,1.1614,0.4197,1.113,0.9708,0.6341,0.5257,0.0759,0.7315,0.5673,0.479,0.3367,0.1084,0.4498,99.3834,119.3608,12.1573,1.6473
39.233,1177,sitting,0.8022,1.128,-0.0349,2.7743,1.1629,0.4192,1.115,0.9709,0.6334,0.5256,0.0759,0.7317,0.5673,0.4815,0.3375,0.1079,0.4497,99.2616,119.5388,12.4096,1.6405
39.267,1178,sitting,0.802,1.1287,-0.0348,2.7772,1.1635,0.4189,1.1155,0.971,0.633,0.5252,0.0759,0.7336,0.5703,0.4825,0.338,0.1078,0.4492,99.2858,119.8217,12.6876,1.6307
39.3,1179,sitting,0.8014,1.1289,-0.0353,2.7794,1.1642,0.4189,1.1154,0.9707,0.6321,0.5246,0.0759,0.7368,0.572,0.4833,0.3385,0.1075,0.4487,99.2957,119.9124,12.8177,1.6176
39.333,1180,sitting,0.8006,1.1289,-0.0351,2.779,1.1641,0.4189,1.115,0.9707,0.6305,0.5241,0.0759,0.7396,0.5739,0.4844,0.3402,0.1064,0.4482,99.0802,119.8387,12.8932,1.6043
39.367,1181,sitting,0.8004,1.1286,-0.0357,2.7779,1.1643,0.4191,1.1144,0.9711,0.6298,0.5232,0.0759,0.7433,0.5762,0.4846,0.3413,0.1066,0.4473,99.113,119.9563,12.9972,1.591
39.4,1182,sitting,0.7995,1.1282,-0.0361,2.777,1.1643,0.4193,1.1138,0.9702,0.6288,0.5225,0.0759,0.7448,0.5774,0.485,0.3414,0.1064,0.4466,99.1435,120.0269,13.131,1.5811
39.433,1183,sitting,0.7986,1.1282,-0.034,2.7734,1.1622,0.4191,1.1137,0.9695,0.6277,0.5228,0.0761,0.7433,0.5746,0.486,0.3418,0.105,0.4467,98.987,120.0672,13.3752,1.581
39.467,1184,sitting,0.7993,1.1275,-0.0337,2.7692,1.1612,0.4193,1.1129,0.9699,0.6287,0.5228,0.0761,0.7432,0.5735,0.4842,0.3412,0.1059,0.4466,99.0595,120.4239,13.6015,1.5778
39.5,1185,sitting,0.7996,1.1268,-0.0334,2.7655,1.1602,0.4195,1.112,0.97,0.6292,0.5224,0.0762,0.7421,0.5722,0.4828,0.3408,0.1069,0.4462,99.0622,120.9234,13.9714,1.5758
39.533,1186,sitting,0.8006,1.1264,-0.0328,2.7626,1.1591,0.4196,1.1115,0.9709,0.6303,0.5214,0.0763,0.7415,0.5724,0.4812,0.3406,0.1089,0.4451,99.2084,121.2804,14.065,1.5784
39.567,1187,sitting,0.8015,1.1263,-0.0296,2.7565,1.1559,0.4193,1.1116,0.9714,0.6317,0.5224,0.0765,0.7385,0.5631,0.4799,0.3397,0.1093,0.4458,99.0997,121.3075,14.0699,1.5836
39.6,1188,sitting,0.8028,1.1269,-0.0225,2.7481,1.1494,0.4182,1.1123,0.9721,0.6334,0.523,0.0771,0.7379,0.5608,0.4788,0.3386,0.1104,0.4459,99.006,121.4528,14.0295,1.5821
39.633,1189,sitting,0.8031,1.1261,-0.0209,2.7419,1.147,0.4183,1.1116,0.972,0.6342,0.5228,0.0772,0.7363,0.5574,0.4775,0.3379,0.1114,0.4456,99.0205,121.7335,14.1876,1.586
39.667,1190,sitting,0.8025,1.1144,-0.0207,2.6901,1.1351,0.422,1.1049,0.971,0.634,0.5213,0.0772,0.7343,0.5531,0.4709,0.337,0.1127,0.444,99.3505,122.2485,14.4695,1.5729
39.7,1191,sitting,0.8027,1.1215,-0.0217,2.7231,1.1432,0.4198,1.1069,0.9702,0.6352,0.5195,0.0772,0.7321,0.5505,0.4717,0.3349,0.1157,0.4424,99.936,122.9251,14.6949,1.5885
39.733,1192,sitting,0.8029,1.1196,-0.0209,2.7131,1.1406,0.4204,1.1051,0.9701,0.6357,0.5191,0.0772,0.7301,0.5463,0.4695,0.3344,0.1166,0.4419,100.3429,123.4905,15.0425,1.592
39.767,1193,sitting,0.8033,1.1184,-0.0219,2.7086,1.1403,0.421,1.1034,0.9702,0.6363,0.5186,0.0771,0.729,0.5449,0.4671,0.334,0.1177,0.4415,100.7247,123.9286,15.2724,1.5892
39.8,1194,sitting,0.8038,1.1172,-0.0231,2.7046,1.1403,0.4216,1.1019,0.9707,0.6369,0.5179,0.077,0.7289,0.5438,0.4649,0.3338,0.1191,0.4409,101.272,124.3766,15.4407,1.5879
39.833,1195,sitting,0.8041,1.1161,-0.0245,2.7009,1.1406,0.4223,1.1003,0.9709,0.6372,0.5171,0.0769,0.7286,0.5421,0.463,0.3337,0.1201,0.4402,101.6911,124.7038,15.5696,1.5869
39.867,1196,sitting,0.805,1.1157,-0.0254,2.6992,1.1411,0.4228,1.0993,0.9717,0.6382,0.5172,0.0768,0.7289,0.5421,0.4611,0.3336,0.121,0.4403,102.0298,125.0111,15.7119,1.5876
39.9,1197,sitting,0.8053,1.1162,-0.0259,2.7013,1.1421,0.4228,1.0991,0.972,0.6385,0.517,0.0768,0.7287,0.5421,0.4605,0.3334,0.1216,0.4402,102.3325,125.1663,15.7666,1.5894
39.933,1198,sitting,0.8068,1.1174,-0.026,2.706,1.1434,0.4225,1.0996,0.9738,0.6398,0.5165,0.0768,0.7298,0.5434,0.4598,0.334,0.1233,0.4397,102.775,125.5813,15.915,1.5934
39.967,1199,sitting,0.8081,1.1167,-0.0262,2.7032,1.1429,0.4228,1.0991,0.9755,0.6406,0.5159,0.0768,0.7299,0.5424,0.4585,0.3349,0.1247,0.4392,103.1897,126.0662,16.1614,1.5952
40.0,1200,sitting,0.8086,1.1151,-0.0268,2.697,1.1419,0.4234,1.0983,0.9767,0.6406,0.5157,0.0767,0.7287,0.5412,0.4577,0.336,0.1249,0.439,103.5474,126.5238,16.479,1.5981
40.033,1201,sitting,0.8088,1.1137,-0.0276,2.6922,1.1414,0.4239,1.0976,0.9773,0.6403,0.5158,0.0766,0.7284,0.5397,0.4573,0.337,0.1245,0.4392,103.7201,127.0592,16.9639,1.599
40.067,1202,sitting,0.8093,1.1124,-0.0271,2.6855,1.1395,0.4243,1.097,0.9783,0.6403,0.5165,0.0766,0.7281,0.5388,0.4566,0.338,0.1238,0.4399,103.6794,127.4339,17.3812,1.598
40.1,1203,sitting,0.8093,1.1116,-0.0267,2.6811,1.1383,0.4246,1.0965,0.9788,0.6398,0.5163,0.0767,0.7273,0.5375,0.4567,0.339,0.1234,0.4397,103.4614,127.84,17.7805,1.5972
40.133,1204,sitting,0.8082,1.1107,-0.0262,2.6775,1.1369,0.4246,1.0958,0.9783,0.6382,0.5154,0.0767,0.7249,0.5346,0.4576,0.3401,0.1228,0.4387,103.026,128.1429,18.1091,1.5956
40.167,1205,sitting,0.8059,1.1096,-0.0266,2.6751,1.1362,0.4247,1.0948,0.9766,0.6353,0.5131,0.0767,0.7226,0.5305,0.4595,0.3413,0.1222,0.4363,102.649,128.4603,18.4349,1.5952
40.2,1206,sitting,0.8024,1.1071,-0.0266,2.6687,1.1338,0.4248,1.0923,0.9736,0.6313,0.5093,0.0768,0.7196,0.5254,0.461,0.3422,0.122,0.4325,101.966,128.8444,18.7733,1.5881
40.233,1207,sitting,0.7987,1.1043,-0.0261,2.66,1.1304,0.425,1.0897,0.97,0.6273,0.5043,0.0769,0.7152,0.5178,0.4624,0.3427,0.123,0.4274,101.3681,129.3454,19.0938,1.5826
40.267,1208,sitting,0.7951,1.1018,-0.0256,2.6525,1.1274,0.425,1.0872,0.9667,0.6235,0.4983,0.0771,0.7122,0.514,0.4637,0.3432,0.1252,0.4212,100.8624,129.8252,19.2996,1.5779
40.3,1209,sitting,0.7917,1.1,-0.0249,2.6466,1.125,0.4251,1.085,0.9636,0.6198,0.492,0.0773,0.7091,0.511,0.4652,0.3438,0.1278,0.4147,100.7032,130.4571,19.5504,1.5748
40.333,1210,sitting,0.7897,1.0984,-0.0245,2.6406,1.1229,0.4252,1.0832,0.9617,0.6177,0.4872,0.0774,0.7076,0.5091,0.4655,0.3441,0.1305,0.4098,100.7121,131.3517,20.0172,1.5705
40.367,1211,sitting,0.7885,1.0963,-0.0244,2.6332,1.1208,0.4256,1.0807,0.9606,0.6163,0.4849,0.0774,0.7067,0.5087,0.4644,0.3443,0.1315,0.4075,100.6917,131.7193,20.2577,1.5687
40.4,1212,sitting,0.7874,1.0943,-0.0247,2.6268,1.119,0.426,1.0782,0.9597,0.6151,0.4814,0.0774,0.7074,0.5081,0.4631,0.3446,0.1337,0.404,100.8323,132.0591,20.3301,1.5664
40.433,1213,sitting,0.7864,1.0929,-0.0252,2.623,1.1181,0.4263,1.0761,0.9585,0.6143,0.4784,0.0774,0.7077,0.5074,0.4619,0.3442,0.1359,0.401,100.6505,132.269,20.3194,1.5663
40.467,1214,sitting,0.7852,1.0914,-0.0248,2.6169,1.1163,0.4266,1.0739,0.9569,0.6134,0.4764,0.0773,0.7072,0.5073,0.4605,0.3435,0.137,0.3991,100.1082,132.3124,20.2783,1.5643
40.5,1215,sitting,0.7834,1.0901,-0.0241,2.6114,1.1142,0.4267,1.0718,0.9552,0.6116,0.474,0.0773,0.7074,0.5059,0.4601,0.3436,0.1376,0.3968,99.4073,132.1757,20.1087,1.5649
40.533,1216,sitting,0.7811,1.0891,-0.0236,2.6074,1.1127,0.4267,1.0698,0.9527,0.6095,0.4717,0.0772,0.7066,0.5041,0.4604,0.3433,0.1378,0.3945,98.595,132.0828,19.9894,1.5689
40.567,1217,sitting,0.7792,1.0865,-0.0227,2.5959,1.1092,0.4273,1.0668,0.9501,0.6082,0.47,0.0771,0.7067,0.5018,0.4586,0.342,0.1382,0.3928,98.0995,132.1637,19.9702,1.5682
40.6,1218,sitting,0.778,1.0839,-0.0223,2.5853,1.1062,0.4279,1.064,0.9487,0.6074,0.4685,0.0771,0.7062,0.4989,0.4566,0.3413,0.1389,0.3914,97.758,132.0499,19.7357,1.5685
40.633,1219,sitting,0.7764,1.0814,-0.0224,2.5751,1.1038,0.4286,1.0618,0.9466,0.6063,0.468,0.0771,0.7048,0.4957,0.4555,0.3403,0.1382,0.391,97.411,131.0343,18.9042,1.5719
40.667,1220,sitting,0.7745,1.0774,-0.0222,2.5587,1.0996,0.4297,1.0587,0.9442,0.6049,0.4682,0.0771,0.7036,0.4914,0.4539,0.3394,0.1366,0.3912,97.0858,129.7267,17.8727,1.5715
40.7,1221,sitting,0.7724,1.0736,-0.0231,2.5449,1.0967,0.4309,1.0555,0.942,0.6027,0.4676,0.077,0.7021,0.486,0.4528,0.3393,0.1352,0.3906,96.7554,127.7064,16.2021,1.5746
40.733,1222,sitting,0.7716,1.0708,-0.0231,2.5333,1.0939,0.4318,1.0528,0.9405,0.6028,0.4685,0.077,0.7002,0.4781,0.45,0.3377,0.1343,0.3916,96.4066,125.7683,14.5134,1.5801
40.767,1223,sitting,0.7695,1.0687,-0.0231,2.5255,1.0917,0.4323,1.0513,0.9373,0.6017,0.4682,0.077,0.6974,0.4714,0.4496,0.3357,0.1335,0.3912,96.164,124.44,13.2801,1.5843
40.8,1224,sitting,0.7663,1.054,-0.0216,2.4641,1.0756,0.4365,1.045,0.9338,0.5989,0.4686,0.077,0.6912,0.4622,0.4461,0.3349,0.1304,0.3915,95.7549,122.4052,11.7353,1.5701
40.833,1225,sitting,0.7659,1.0525,-0.0219,2.4585,1.0744,0.437,1.0435,0.9314,0.6004,0.4705,0.0769,0.6881,0.4547,0.4431,0.331,0.1298,0.3936,95.3174,120.6614,10.1527,1.5767
40.867,1226,sitting,0.7633,1.051,-0.0206,2.4499,1.0716,0.4374,1.0408,0.9279,0.5988,0.4701,0.077,0.6849,0.4473,0.442,0.3291,0.1287,0.3931,95.1717,118.7013,8.3959,1.5812
40.9,1227,sitting,0.7624,1.0545,-0.0213,2.468,1.0758,0.4359,1.0421,0.9254,0.5993,0.4707,0.0769,0.6791,0.4413,0.4427,0.3261,0.1286,0.3938,94.8306,116.3371,6.1206,1.6059
40.933,1228,sitting,0.7616,1.0497,-0.0223,2.4478,1.072,0.4379,1.0352,0.9235,0.5997,0.4714,0.0768,0.6763,0.4373,0.4355,0.3238,0.1283,0.3946,94.512,114.0181,3.8865,1.6115
40.967,1229,sitting,0.7602,1.0494,-0.0236,2.4489,1.073,0.4382,1.0298,0.9218,0.5986,0.4717,0.0767,0.6771,0.4362,0.4311,0.3232,0.1269,0.395,93.9866,111.5958,1.6818,1.6286
41.0,1230,sitting,0.7596,1.0484,-0.0245,2.4457,1.0729,0.4387,1.0268,0.9215,0.5977,0.4729,0.0766,0.6785,0.4354,0.4291,0.3238,0.1248,0.3963,93.2783,108.3512,1.1876,1.6455
41.033,1231,,0.7579,1.0461,-0.0254,2.4388,1.0715,0.4393,1.0187,0.9193,0.5966,0.4721,0.0766,0.6768,0.4317,0.4221,0.3227,0.1245,0.3956,92.8035,105.4487,4.0197,1.6606
41.067,1232,,0.754,1.042,-0.0238,2.4218,1.0657,0.4401,1.0101,0.9152,0.5928,0.4715,0.0767,0.6758,0.4301,0.4173,0.3223,0.1214,0.3948,92.4884,102.8676,6.2637,1.6691
41.1,1233,,0.7511,1.0379,-0.0226,2.4058,1.0606,0.4408,1.0014,0.9123,0.59,0.4705,0.0768,0.6727,0.424,0.4114,0.3223,0.1194,0.3937,92.2631,100.2301,8.8047,1.6789
41.133,1234,,0.7479,1.0325,-0.0218,2.3849,1.0543,0.4421,0.9924,0.9074,0.5883,0.4696,0.0769,0.6688,0.4213,0.404,0.319,0.1188,0.3927,91.9676,97.2294,11.8354,1.6878
41.167,1235,,0.7435,1.0264,-0.0215,2.362,1.0479,0.4436,0.9836,0.9,0.587,0.4691,0.077,0.6538,0.4054,0.3966,0.313,0.1179,0.3921,91.5395,93.6921,15.1418,1.6984
41.2,1236,,0.7432,1.0199,-0.0205,2.3367,1.0404,0.4452,0.9744,0.8989,0.5874,0.4678,0.077,0.6556,0.4097,0.387,0.3116,0.1195,0.3908,91.4538,91.235,17.8772,1.7058
41.233,1237,,0.7396,1.0103,-0.0207,2.3018,1.0311,0.4479,0.9609,0.8943,0.585,0.4672,0.077,0.643,0.4,0.3759,0.3093,0.1177,0.3902,90.7712,88.1067,20.7755,1.7057
41.267,1238,,0.7726,1.0163,-0.0243,2.301,1.0406,0.4523,0.9603,0.9259,0.6193,0.4824,0.0767,0.6696,0.4127,0.341,0.3066,0.1369,0.4057,92.2417,86.0694,24.5803,1.7289
41.3,1239,,0.7488,0.9981,-0.0245,2.2536,1.0226,0.4538,0.9327,0.9037,0.594,0.4738,0.0767,0.6444,0.4012,0.3387,0.3097,0.1202,0.397,89.8062,83.6106,25.4472,1.7274
41.333,1240,,0.7551,0.9883,-0.0204,2.203,1.0087,0.4579,0.9297,0.9115,0.5988,0.4758,0.077,0.6589,0.4094,0.3309,0.3127,0.123,0.3987,89.5,82.7551,26.4345,1.7212
41.367,1241,,0.7494,0.974,-0.0224,2.1588,0.9963,0.4615,0.9138,0.9036,0.5952,0.4709,0.0769,0.6695,0.4778,0.3187,0.3084,0.1243,0.394,89.2141,81.2356,28.2409,1.7371
41.4,1242,,0.7454,0.9604,-0.0234,2.1158,0.9838,0.465,0.8971,0.8978,0.593,0.4689,0.0769,0.6894,0.5091,0.3041,0.3048,0.1241,0.3921,88.6994,78.4208,31.0392,1.7333
41.433,1243,,0.743,0.9516,-0.0225,2.0856,0.9741,0.4671,0.8797,0.8945,0.5915,0.4693,0.0769,0.6957,0.5114,0.2882,0.3029,0.1222,0.3924,88.0254,75.7475,33.5347,1.645
41.467,1244,,0.7398,0.9455,-0.0221,2.0618,0.9676,0.4693,0.8704,0.8902,0.5893,0.4694,0.077,0.6952,0.5088,0.2811,0.301,0.1198,0.3924,86.8711,72.329,36.5703,1.5619
41.5,1245,,0.7367,0.9427,-0.0204,2.0508,0.9631,0.4696,0.8662,0.8869,0.5865,0.471,0.0771,0.6893,0.5004,0.2797,0.3004,0.1156,0.3938,85.3032,69.5137,38.7891,1.5894
41.533,1246,,0.7364,0.9432,-0.0196,2.0531,0.9628,0.469,0.8558,0.8849,0.588,0.4715,0.0772,0.6867,0.4931,0.2678,0.2969,0.1165,0.3943,84.1295,67.2598,41.0219,1.5373
41.567,1247,,0.7354,0.9452,-0.02,2.0621,0.9653,0.4681,0.8439,0.8826,0.5882,0.4714,0.0772,0.6873,0.4865,0.2557,0.2944,0.1168,0.3942,82.7902,65.2758,42.7523,1.5058
41.6,1248,,0.7351,0.9501,-0.0197,2.0813,0.9699,0.466,0.832,0.8807,0.5896,0.4716,0.0772,0.7102,0.5245,0.2424,0.2911,0.118,0.3943,81.8882,63.6382,44.4409,1.4985
41.633,1249,,0.737,0.9536,-0.0186,2.0931,0.9722,0.4645,0.8244,0.8803,0.5936,0.472,0.0773,0.7117,0.5238,0.2308,0.2867,0.1216,0.3947,81.8907,62.4656,46.1702,1.4713
41.667,1250,,0.7384,0.9531,-0.0171,2.0892,0.9702,0.4644,0.82,0.8792,0.5977,0.4735,0.0775,0.7035,0.5113,0.2224,0.2815,0.1242,0.396,81.5816,61.3338,47.6956,1.4301
41.7,1251,,0.741,0.9513,-0.0158,2.0811,0.9671,0.4647,0.8158,0.8761,0.6059,0.4744,0.0776,0.6968,0.4856,0.2099,0.2702,0.1315,0.3969,81.8648,60.4098,49.6779,1.4034
41.733,1252,,0.7413,0.9511,-0.0164,2.0829,0.9675,0.4645,0.8089,0.8739,0.6086,0.4742,0.0775,0.6863,0.254,0.2003,0.2653,0.1344,0.3967,81.4112,60.3898,50.3567,1.3902
41.767,1253,,0.7436,0.95,-0.0166,2.0798,0.9665,0.4647,0.8032,0.8754,0.6117,0.474,0.0775,0.6783,0.2552,0.1915,0.2637,0.1377,0.3966,81.0995,60.6273,50.8929,1.3828
41.8,1254,,0.7476,0.9501,-0.0152,2.0774,0.9653,0.4647,0.8003,0.8775,0.6176,0.4765,0.0775,0.6778,0.2597,0.1827,0.2599,0.1411,0.399,81.0329,60.287,51.9268,1.3627
41.833,1255,,0.7538,0.9528,-0.0119,2.0808,0.9647,0.4636,0.7981,0.8806,0.627,0.4797,0.0777,0.6814,0.2644,0.1711,0.2536,0.1473,0.402,81.0624,59.7166,53.3922,1.3304
41.867,1256,,0.7586,0.9542,-0.0088,2.08,0.963,0.463,0.7962,0.8817,0.6355,0.4824,0.0778,0.6831,0.2681,0.1607,0.2462,0.1531,0.4046,81.095,58.8576,55.0204,1.2999
41.9,1257,,0.7657,0.9555,-0.0046,2.0775,0.96,0.4621,0.7931,0.8833,0.6481,0.4856,0.078,0.6797,0.2712,0.145,0.2352,0.1625,0.4076,81.8357,58.2114,56.9626,1.2761
41.933,1258,,0.7744,0.9565,-0.001,2.0756,0.9575,0.4613,0.7899,0.8854,0.6634,0.4889,0.0782,0.6816,0.2743,0.1265,0.222,0.1745,0.4107,83.4017,57.713,59.1491,1.2586
41.967,1259,,0.7852,0.9604,0.0015,2.0844,0.9589,0.4601,0.7873,0.8891,0.6813,0.4931,0.0783,0.5618,0.2764,0.1059,0.2078,0.1883,0.4147,85.1529,57.3279,61.4629,1.2497
42.0,1260,,0.793,0.9596,0.0034,2.0802,0.9561,0.4596,0.7816,0.8896,0.6965,0.4995,0.0784,0.686,0.4423,0.0851,0.1931,0.197,0.421,86.3395,55.5203,64.2333,1.2277
42.033,1261,,0.7987,0.9576,0.0042,2.0766,0.9533,0.4591,0.7747,0.8876,0.7097,0.5081,0.0784,0.689,0.4484,0.065,0.1779,0.2016,0.4297,86.6506,52.5515,67.521,1.1912
42.067,1262,,0.8041,0.9507,0.0028,2.0613,0.9479,0.4599,0.7652,0.8836,0.7246,0.5112,0.0783,0.6886,0.4508,0.0406,0.1589,0.2134,0.4329,88.2632,50.2113,71.2406,1.0113
42.1,1263,,0.8069,0.9365,0.0032,2.0142,0.9333,0.4634,0.7527,0.8762,0.7376,0.5142,0.0783,0.6732,0.4372,0.015,0.1385,0.2234,0.4359,89.5016,48.5279,74.2119,1.0469
42.133,1264,,0.8095,0.9235,0.0043,1.969,0.9193,0.4669,0.7427,0.8693,0.7497,0.5149,0.0783,0.5532,0.4171,-0.007,0.1196,0.2348,0.4366,90.4838,47.4286,76.7231,1.1067
42.167,1265,,0.8104,0.9143,0.0082,1.9336,0.9061,0.4686,0.7384,0.8655,0.7554,0.514,0.0786,0.6571,0.4117,-0.017,0.1101,0.2414,0.4355,91.0176,46.9815,78.2155,1.0933
42.2,1266,,0.8079,0.9036,0.0107,1.8977,0.8929,0.4705,0.7292,0.8608,0.755,0.5106,0.0787,0.654,0.4179,-0.0258,0.1058,0.2444,0.4319,91.2026,46.953,79.1298,1.037
42.233,1267,,0.8068,0.897,0.0146,1.8708,0.8823,0.4716,0.7271,0.8557,0.758,0.5146,0.0788,0.6526,0.4186,-0.0308,0.0977,0.2434,0.4357,90.6374,45.6593,80.4163,1.057
42.267,1268,,0.8057,0.8856,0.0187,1.8312,0.8669,0.4734,0.7175,0.8488,0.7627,0.4992,0.079,0.6408,0.4053,-0.0452,0.0861,0.2634,0.4202,92.919,47.175,82.1621,1.0303
42.3,1269,,0.8068,0.8759,0.0238,1.7957,0.8521,0.4745,0.6948,0.839,0.7745,0.4757,0.0791,0.5488,0.3987,-0.0797,0.0645,0.2988,0.3965,96.7003,49.3405,85.0625,0.98
42.333,1270,,0.8033,0.8544,0.0371,1.7148,0.8173,0.4766,0.686,0.8254,0.7812,0.4555,0.0796,0.6026,0.3783,-0.0952,0.0442,0.3257,0.3759,100.7343,51.2846,87.9359,0.9503
42.367,1271,,0.7937,0.8453,0.0337,1.7039,0.8116,0.4763,0.6549,0.8083,0.7791,0.4403,0.0795,0.5764,0.3419,-0.1242,0.0292,0.3388,0.3608,106.1924,53.6087,90.1377,0.9705
42.4,1272,,0.7805,0.8202,0.0256,1.6558,0.7946,0.4799,0.6045,0.7769,0.7841,0.4278,0.0792,0.5425,0.2888,-0.1795,-0.0072,0.3563,0.3486,109.1971,51.7649,94.9397,0.9502
42.433,1273,,0.778,0.8264,0.0173,1.6808,0.8091,0.4814,0.5903,0.7639,0.7921,0.3677,0.0787,0.527,0.2343,-0.2018,-0.0282,0.4243,0.2891,121.9359,60.8392,98.1512,1.0473
42.467,1274,,0.752,0.8031,-0.001,1.585,0.8041,0.5073,0.5671,0.7261,0.7779,0.3622,0.0776,0.4923,0.192,-0.2108,-0.0518,0.4157,0.2845,121.6685,57.4386,101.3546,1.0569
42.5,1275,,0.7263,0.783,-0.0103,1.5458,0.7933,0.5132,0.5575,0.6895,0.7631,0.3593,0.0772,0.4384,0.1286,-0.2056,-0.0735,0.4038,0.2821,120.1958,54.2209,104.4752,1.0689
42.533,1276,,0.7007,0.7671,-0.0975,1.6153,0.8647,0.5353,0.4842,0.6536,0.7478,0.3479,0.0741,0.3685,0.0509,-0.2636,-0.0942,0.3999,0.2739,121.7416,54.039,107.3647,1.0899
42.567,1277,,0.6937,0.7633,-0.1754,1.687,0.9387,0.5564,0.489,0.6389,0.7486,0.3186,0.0777,0.3324,-0.0093,-0.2596,-0.1097,0.43,0.241,127.5262,58.694,109.2938,1.0114
42.6,1278,,0.6528,0.7474,-0.276,1.7736,1.0235,0.5771,0.4201,0.577,0.7287,0.2772,0.0761,0.2661,-0.0963,-0.3086,-0.1517,0.4515,0.2012,122.5624,54.4029,114.1495,1.0509
42.633,1279,,0.6233,0.7438,-0.3785,1.874,1.1223,0.5989,0.3403,0.5308,0.7158,0.2351,0.0745,0.199,-0.1781,-0.3755,-0.185,0.4807,0.1607,120.8351,52.0888,117.8707,1.1469
42.667,1280,,0.5965,0.7443,-0.4676,1.9638,1.2118,0.6171,0.2801,0.4879,0.7052,0.2198,0.0739,0.147,-0.2466,-0.4251,-0.2173,0.4854,0.1459,117.7208,48.411,121.511,1.1687
42.7,1281,,0.534,0.6824,-0.5991,1.9609,1.2815,0.6535,0.2189,0.4329,0.6351,0.1442,0.0714,0.0424,-0.3609,-0.4163,-0.2022,0.4909,0.0728,94.9462,49.0608,119.5361,1.1433
42.733,1282,,0.4793,0.6246,-0.696,1.9224,1.3206,0.6869,0.1693,0.3749,0.5837,0.0805,0.0749,-0.0339,-0.4495,-0.4144,-0.2088,0.5032,0.0056,74.7568,47.7176,119.9391,1.154
42.767,1283,,0.4214,0.5617,-0.7612,1.8335,1.3229,0.7215,0.1222,0.3199,0.5229,0.0482,0.0752,-0.0976,-0.4947,-0.4006,-0.203,0.4747,-0.027,66.6398,47.3641,120.5944,1.1669
42.8,1284,,0.4002,0.5483,-0.8239,1.8556,1.3722,0.7395,0.0634,0.2888,0.5115,0.0164,0.0756,-0.1266,-0.5244,-0.4482,-0.2227,0.4952,-0.0592,62.2919,47.4686,123.2312,1.2352
42.833,1285,,0.3679,0.5098,-0.8906,1.826,1.4004,0.7669,0.0553,0.2581,0.4776,-0.0282,0.076,-0.1643,-0.5539,-0.4223,-0.2195,0.5058,-0.1042,54.7613,48.958,122.8323,1.266
42.867,1286,,0.3332,0.4807,-0.9215,1.7849,1.4022,0.7856,0.0586,0.2197,0.4468,-0.0477,0.0761,-0.1811,-0.5613,-0.3882,-0.2271,0.4945,-0.1239,52.3881,49.2958,122.911,1.2856
42.9,1287,,0.3223,0.4632,-0.9067,1.7198,1.3699,0.7965,0.0658,0.2197,0.4248,-0.0632,0.0763,-0.1688,-0.5403,-0.359,-0.2051,0.4881,-0.1395,48.0604,49.0977,120.428,1.292
42.933,1288,,0.3081,0.4471,-0.8944,1.6576,1.3415,0.8093,0.0393,0.2113,0.4049,-0.0918,0.0794,-0.1654,-0.5271,-0.3656,-0.1935,0.4966,-0.1711,40.3157,49.799,119.3188,1.2844
42.967,1289,,0.3004,0.4284,-0.8782,1.5921,1.3065,0.8206,-0.0207,0.2177,0.383,-0.1441,0.0813,-0.1528,-0.513,-0.4038,-0.1653,0.5271,-0.2253,33.1848,53.7517,117.2921,1.2634
43.0,1290,,0.2999,0.4091,-0.8487,1.5121,1.2578,0.8318,-0.0227,0.2347,0.365,-0.1793,0.0835,-0.1306,-0.4861,-0.3877,-0.1303,0.5443,-0.2628,28.1426,59.3008,114.5029,1.2432
43.033,1291,,0.29,0.4073,-0.8144,1.4605,1.2217,0.8365,-0.0324,0.2209,0.359,-0.212,0.085,-0.1174,-0.4609,-0.3914,-0.138,0.5709,-0.297,24.167,60.903,115.6148,1.1741
43.067,1292,,0.2901,0.4014,-0.7839,1.4078,1.1853,0.842,-0.0409,0.2319,0.3484,-0.2026,0.0858,-0.0896,-0.4373,-0.3893,-0.1165,0.551,-0.2884,27.8179,65.3723,114.3996,1.1259
43.1,1293,,0.2664,0.37,-0.7767,1.3417,1.1468,0.8547,-0.0572,0.2074,0.3255,-0.2299,0.0868,-0.1149,-0.4249,-0.3827,-0.1181,0.5553,-0.3167,26.0069,67.3432,115.1562,1.0322
43.133,1294,,0.266,0.361,-0.7409,1.2807,1.1019,0.8604,-0.0611,0.2081,0.3238,-0.222,0.0878,-0.0878,-0.3871,-0.3849,-0.1157,0.5458,-0.3099,27.812,70.9858,115.2268,0.9019
43.167,1295,,0.2398,0.3335,-0.7555,1.2475,1.0889,0.8729,-0.0574,0.1788,0.3007,-0.236,0.089,-0.1089,-0.4144,-0.3581,-0.1218,0.5367,-0.3251,25.1147,72.6753,115.6259,0.8488
43.2,1296,,0.2066,0.3008,-0.7822,1.2211,1.083,0.8869,-0.107,0.1431,0.2701,-0.2523,0.0888,-0.1625,-0.4706,-0.3771,-0.127,0.5224,-0.3411,25.9077,74.7864,116.1558,0.8262
43.233,1297,,0.1647,0.2844,-0.8134,1.2226,1.0978,0.8979,-0.247,0.0782,0.2511,-0.2776,0.0888,-0.2065,-0.5142,-0.4981,-0.1729,0.5287,-0.3664,29.0355,74.4635,120.8689,0.8029
43.267,1298,,0.0641,0.2116,-0.9198,1.2187,1.1314,0.9284,-0.3667,-0.043,0.1711,-0.3499,0.0874,-0.3159,-0.6224,-0.5378,-0.2141,0.521,-0.4373,31.2338,75.2893,123.9874,0.7811
43.3,1299,,-0.0085,0.16,-0.9767,1.2914,1.1367,0.8802,-0.5049,-0.137,0.12,-0.3977,0.0863,-0.3702,-0.6965,-0.6249,-0.257,0.5178,-0.4841,35.1607,78.6632,127.1288,0.7655
43.333,1300,,-0.0925,0.1301,-1.037,1.361,1.1671,0.8576,-0.6239,-0.2346,0.0495,-0.4511,0.087,-0.4577,-0.8145,-0.6734,-0.2841,0.5006,-0.5381,39.3268,82.545,129.6653,0.8261
43.367,1301,,-0.1937,0.1517,-1.0544,1.2988,1.206,0.9285,-0.6615,-0.3377,-0.0497,-0.4655,0.0857,-0.5228,-0.9079,-0.6118,-0.2879,0.4157,-0.5512,49.1634,91.7853,131.4462,0.8774
43.4,1302,,-0.2552,0.1553,-1.054,1.316,1.2093,0.9189,-0.6363,-0.3939,-0.1166,-0.4731,0.0848,-0.5656,-0.9394,-0.5197,-0.2773,0.3565,-0.5579,55.2691,99.5342,130.8467,0.8529
43.433,1303,,-0.3068,0.1504,-1.0581,1.3287,1.2084,0.9095,-0.6416,-0.4373,-0.1762,-0.4789,0.0833,-0.6252,-0.9829,-0.4654,-0.261,0.3026,-0.5622,62.5028,109.5102,129.5411,0.8632
43.467,1304,,-0.3586,0.1362,-1.0677,1.3189,1.2039,0.9128,-0.5595,-0.4806,-0.2366,-0.472,0.0811,-0.6735,-1.0081,-0.3229,-0.244,0.2354,-0.5532,73.3179,122.4059,127.8156,0.874
43.5,1305,,-0.3911,0.1282,-1.0689,1.3791,1.197,0.868,-0.6459,-0.5058,-0.2764,-0.4527,0.0802,-0.6764,-0.9881,-0.3695,-0.2294,0.1763,-0.5329,81.683,131.6158,126.9478,0.8831
43.533,1306,,-0.4293,0.1309,-1.0711,1.4041,1.2019,0.856,-0.7089,-0.5404,-0.3182,-0.443,0.0799,-0.7264,-1.0113,-0.3908,-0.2222,0.1248,-0.5228,87.0961,138.9433,126.3098,0.8948
43.567,1307,,-0.4587,0.1265,-1.0757,1.4129,1.2022,0.8509,-0.6861,-0.5626,-0.3548,-0.4382,0.0797,-0.7534,-1.0312,-0.3313,-0.2077,0.0834,-0.5179,92.6663,145.7846,125.2666,0.8891
43.6,1308,,-0.4793,0.1215,-1.0768,1.3232,1.1983,0.9056,,-0.6069,-0.3517,-0.4183,0.0797,-0.7673,-1.0429,,-0.2552,0.0665,-0.4979,96.7537,145.02,128.4406,1.0193
43.633,1309,,-0.4734,0.1266,-1.0647,1.4199,1.1913,0.839,-0.6763,-0.5834,-0.3633,-0.407,0.0794,-0.7446,-1.0397,-0.313,-0.2201,0.0437,-0.4864,101.9757,149.8485,126.661,0.9133
43.667,1310,,-0.4735,0.1345,-1.0465,1.4237,1.181,0.8295,-0.6894,-0.5739,-0.3731,-0.4061,0.0791,-0.7256,-1.0271,-0.3163,-0.2008,0.033,-0.4851,103.2753,152.56,125.7752,0.9217
43.7,1311,,-0.4804,0.1399,-1.0421,1.4341,1.1821,0.8243,-0.7179,-0.5757,-0.385,-0.4122,0.0788,-0.7193,-1.022,-0.3329,-0.1907,0.0272,-0.491,102.8019,153.5397,125.4997,0.9446
43.733,1312,,-0.4946,0.1397,-1.0466,1.4753,1.1863,0.8041,-0.7851,-0.6059,-0.3832,-0.4149,0.0789,-0.7288,-1.0263,-0.4019,-0.2226,0.0316,-0.4938,103.1065,150.4061,128.2127,0.9863
43.767,1313,,-0.5073,0.139,-1.0539,1.4868,1.1929,0.8023,-0.8128,-0.6264,-0.3882,-0.4222,0.0791,-0.7278,-1.0291,-0.4247,-0.2383,0.034,-0.5013,103.6812,148.8207,129.7153,0.9949
43.8,1314,,-0.5204,0.1381,-1.0496,1.4914,1.1877,0.7964,-0.8592,-0.6469,-0.3939,-0.4177,0.0791,-0.7271,-1.0289,-0.4654,-0.253,0.0239,-0.4968,105.7946,148.8828,131.0143,1.0819
43.833,1315,,-0.5248,0.1349,-1.0389,1.4706,1.1738,0.7982,-0.8415,-0.6451,-0.4045,-0.4025,0.0792,-0.7174,-1.0202,-0.437,-0.2406,-0.002,-0.4817,111.0033,152.521,130.6892,1.0831
43.867,1316,,-0.53,0.1336,-1.0366,1.4855,1.1703,0.7878,-0.8613,-0.6534,-0.4067,-0.3929,0.0792,-0.7147,-1.0219,-0.4546,-0.2467,-0.0138,-0.4721,113.9812,153.6121,131.0224,1.1061
43.9,1317,,-0.5344,0.1335,-1.0342,1.4992,1.1677,0.7789,-0.8259,-0.6629,-0.4059,-0.3898,0.0792,-0.7179,-1.0234,-0.42,-0.257,-0.0161,-0.469,114.4233,153.1241,131.8886,1.0365
43.933,1318,,-0.5304,0.1344,-1.0287,1.4961,1.1631,0.7774,-0.845,-0.6563,-0.4045,-0.386,0.0791,-0.7095,-1.0186,-0.4405,-0.2518,-0.0185,-0.4651,114.9217,153.7094,131.6392,1.0801
43.967,1319,,-0.5185,0.1387,-1.0151,1.4926,1.1537,0.773,-0.8186,-0.6466,-0.3905,-0.3837,0.079,-0.7025,-1.0088,-0.4281,-0.2562,-0.0067,-0.4627,112.9242,151.7723,132.2387,1.0384
44.0,1320,,-0.5085,0.1413,-0.9994,1.4879,1.1407,0.7666,-0.839,-0.6296,-0.3875,-0.378,0.0788,-0.6823,-0.996,-0.4516,-0.2421,-0.0095,-0.4568,113.6677,153.2278,131.2087,1.105
44.033,1321,,-0.5135,0.1401,-1.0064,1.5008,1.1465,0.7639,-0.8152,-0.6367,-0.3903,-0.3813,0.0787,-0.6869,-1.0055,-0.4249,-0.2465,-0.0089,-0.4601,113.5538,152.8628,131.4143,1.0342
44.067,1322,,-0.5147,0.1372,-1.0107,1.5111,1.1479,0.7596,-0.8481,-0.6342,-0.3953,-0.3785,0.0787,-0.6866,-1.0074,-0.4528,-0.239,-0.0168,-0.4572,113.9087,154.3924,130.4688,1.126
44.1,1323,,-0.5157,0.1372,-1.0164,1.5136,1.1536,0.7622,-0.8483,-0.636,-0.3954,-0.3816,0.0787,-0.6947,-1.01,-0.4529,-0.2406,-0.0138,-0.4603,112.4569,153.8874,130.5683,1.1179
44.133,1324,,-0.5078,0.1398,-1.0064,1.5111,1.1462,0.7585,-0.8375,-0.6263,-0.3893,-0.377,0.0786,-0.6896,-1.0016,-0.4482,-0.237,-0.0123,-0.4556,112.066,153.9859,130.4077,1.0972
44.167,1325,,-0.4955,0.1416,-0.9914,1.503,1.1329,0.7538,-0.7825,-0.6148,-0.3762,-0.3775,0.0786,-0.6797,-0.9873,-0.4062,-0.2386,0.0013,-0.4561,109.8024,152.3815,130.5346,0.9967
44.2,1326,,-0.4953,0.1422,-0.9888,1.5066,1.131,0.7507,-0.7822,-0.6153,-0.3753,-0.3822,0.0785,-0.6786,-0.9863,-0.4069,-0.24,0.0069,-0.4607,108.3973,151.7474,130.5401,0.9958
44.233,1327,,-0.4985,0.1425,-0.9924,1.51,1.1349,0.7516,-0.7883,-0.6197,-0.3774,-0.3918,0.0786,-0.6832,-0.9922,-0.4109,-0.2423,0.0145,-0.4704,106.2393,150.8221,130.5755,0.9971
44.267,1328,,-0.4971,0.1433,-1.0016,1.5196,1.1449,0.7534,-0.8004,-0.6192,-0.3751,-0.4097,0.0786,-0.6843,-0.9977,-0.4253,-0.244,0.0346,-0.4883,102.3882,148.5419,130.4345,0.9998
44.3,1329,,-0.49,0.1447,-1.004,1.5203,1.1487,0.7555,-0.8392,-0.6099,-0.37,-0.4163,0.0785,-0.6775,-0.9955,-0.4692,-0.2399,0.0463,-0.4948,100.32,147.5133,130.0376,1.0386
44.333,1330,,-0.4794,0.1458,-1.0081,1.5129,1.1538,0.7626,-0.8344,-0.5983,-0.3606,-0.4195,0.0785,-0.6722,-0.9944,-0.4739,-0.2378,0.0589,-0.498,98.1317,146.4577,129.6682,1.027
44.367,1331,,-0.4806,0.1418,-1.0212,1.5129,1.163,0.7687,-0.8372,-0.6014,-0.3597,-0.4282,0.0788,-0.6769,-0.9972,-0.4775,-0.2418,0.0685,-0.507,96.4843,145.3515,129.7591,1.0193
44.4,1332,,-0.475,0.1397,-1.0274,1.5088,1.1671,0.7735,-0.8266,-0.5952,-0.3548,-0.434,0.0789,-0.6703,-0.9994,-0.4719,-0.2404,0.0792,-0.5128,94.787,144.2346,129.589,1.0139
44.433,1333,,-0.4741,0.1367,-1.0366,1.5106,1.1734,0.7767,-0.8283,-0.5945,-0.3537,-0.4408,0.0789,-0.6762,-1.0057,-0.4745,-0.2408,0.087,-0.5197,92.8427,143.4784,129.374,1.0079
44.467,1334,,-0.4732,0.1353,-1.0482,1.5081,1.1835,0.7847,-0.8117,-0.5906,-0.3559,-0.4407,0.079,-0.6712,-1.0048,-0.4558,-0.2347,0.0848,-0.5197,92.6392,144.1769,128.7516,1.0018
44.5,1335,,-0.4873,0.1272,-1.0748,1.4857,1.202,0.809,-0.772,-0.6011,-0.3735,-0.4371,0.0793,-0.6801,-1.0249,-0.3985,-0.2276,0.0636,-0.5164,95.3559,146.989,128.0963,0.969
44.533,1336,,-0.5163,0.115,-1.1146,1.4805,1.2296,0.8305,-0.7203,-0.6274,-0.4053,-0.4488,0.0797,-0.7166,-1.0695,-0.315,-0.2221,0.0435,-0.5284,97.8861,149.6203,127.4353,0.9177
44.567,1337,,-0.5346,0.1013,-1.1477,1.4631,1.249,0.8537,-0.7227,-0.6425,-0.4268,-0.4369,0.08,-0.7464,-1.1071,-0.2959,-0.2157,0.0101,-0.5169,102.5783,153.7021,126.7169,0.929
44.6,1338,,-0.5446,0.0958,-1.1764,1.4483,1.2722,0.8785,-0.756,-0.6438,-0.4454,-0.4469,0.0801,-0.7481,-1.1179,-0.3106,-0.1984,0.0015,-0.5269,104.0249,155.8735,125.4759,0.9747
44.633,1339,,-0.5482,0.0849,-1.2005,1.4416,1.2855,0.8917,-0.7514,-0.6338,-0.4626,-0.4482,0.0802,-0.7577,-1.1303,-0.2888,-0.1712,-0.0144,-0.5284,106.8498,159.6704,123.4209,1.0026
44.667,1340,,-0.5497,0.0844,-1.2058,1.4166,1.2902,0.9107,-0.6864,-0.6222,-0.4773,-0.429,0.0801,-0.7749,-1.1544,-0.2091,-0.145,-0.0482,-0.5091,113.859,165.785,121.3653,1.0247
44.7,1341,,-0.5454,0.0949,-1.2263,1.4418,1.3212,0.9164,-0.6407,-0.6071,-0.4838,-0.4093,0.08,-0.7844,-1.1803,-0.157,-0.1233,-0.0745,-0.4893,117.692,170.8484,119.561,1.0319
44.733,1342,,-0.5335,0.1013,-1.2337,1.4595,1.3349,0.9146,-0.6295,-0.5839,-0.4832,-0.4109,0.0799,-0.7538,-1.119,-0.1464,-0.1007,-0.0722,-0.4909,118.5468,172.8764,117.6444,1.0549
44.767,1343,,-0.5237,0.0996,-1.2542,1.4759,1.3538,0.9172,-0.6679,-0.5649,-0.4826,-0.4028,0.08,-0.7258,-1.0476,-0.1853,-0.0823,-0.0798,-0.4828,121.0023,172.7479,115.8771,1.0686
44.8,1344,,-0.5158,0.0852,-1.2711,1.4674,1.3562,0.9242,-0.6037,-0.5564,-0.4752,-0.3577,0.0801,-0.72,-1.0147,-0.1286,-0.0813,-0.1175,-0.4378,128.9999,175.3295,115.4106,1.1324
44.833,1345,,-0.5466,0.0818,-1.3487,1.5293,1.4305,0.9354,-0.6026,-0.6023,-0.4909,-0.3315,0.08,-0.7712,-1.0636,-0.1117,-0.1114,-0.1594,-0.4115,134.6375,174.2089,117.4188,1.1255
44.867,1346,,-0.5641,0.081,-1.4074,1.587,1.4884,0.9379,-0.6422,-0.6346,-0.4935,-0.3258,0.08,-0.8142,-1.1004,-0.1487,-0.1411,-0.1678,-0.4058,134.5806,174.6341,119.2204,1.1936
44.9,1347,,-0.5834,0.0801,-1.5083,1.6853,1.5885,0.9426,-0.7163,-0.6811,-0.4858,-0.3075,0.08,-0.8893,-1.1816,-0.2305,-0.1953,-0.1783,-0.3875,136.6514,174.8911,122.1858,1.255
44.933,1348,,-0.5647,0.093,-1.5123,1.703,1.6053,0.9426,-0.7007,-0.663,-0.4665,-0.3222,0.0799,-0.88,-1.1801,-0.2342,-0.1965,-0.1443,-0.4021,131.6039,178.2621,122.3108,1.2682
44.967,1349,,-0.5185,0.1007,-1.4786,1.6821,1.5793,0.9389,-0.65,-0.5965,-0.4405,-0.3606,0.0798,-0.8251,-1.1473,-0.2094,-0.156,-0.0799,-0.4404,120.7467,173.1464,119.7067,1.2611
45.0,1350,,-0.4867,0.0965,-1.4455,1.6451,1.5421,0.9374,-0.5996,-0.5401,-0.4332,-0.3825,0.0799,-0.7583,-1.1154,-0.1664,-0.1069,-0.0508,-0.4624,114.9164,169.5473,116.0152,1.2007
45.033,1351,,-0.4567,0.0986,-1.4219,1.6271,1.5205,0.9345,-0.5802,-0.4934,-0.42,-0.4019,0.0799,-0.7054,-1.0908,-0.1602,-0.0733,-0.0181,-0.4818,107.7841,166.0164,113.1373,1.1171
45.067,1352,,-0.4414,0.1006,-1.4114,1.6215,1.512,0.9324,-0.5315,-0.4687,-0.4141,-0.4177,0.0799,-0.6682,-1.0789,-0.1174,-0.0546,0.0036,-0.4976,103.9198,163.5565,111.5472,1.0637
45.1,1353,,-0.4166,0.1107,-1.3858,1.6134,1.4965,0.9275,-0.4804,-0.4319,-0.4013,-0.4371,0.0798,-0.6358,-1.0525,-0.0791,-0.0307,0.0358,-0.5169,98.9384,162.2761,109.4233,1.0305
45.133,1354,,-0.4026,0.1159,-1.3829,1.6199,1.4988,0.9253,-0.453,-0.4147,-0.3904,-0.4138,0.0797,-0.6299,-1.0513,-0.0626,-0.0243,0.0234,-0.4935,101.5031,161.4885,108.8861,1.0267
45.167,1355,,-0.3775,0.13,-1.347,1.6088,1.477,0.9181,-0.3995,-0.381,-0.3741,-0.4054,0.0792,-0.6015,-1.0188,-0.0254,-0.0069,0.0313,-0.4846,100.5492,161.9627,107.2975,1.0103
45.2,1356,,-0.372,0.1234,-1.3701,1.6212,1.4934,0.9212,-0.398,-0.3791,-0.365,-0.3983,0.0795,-0.6189,-1.0409,-0.0329,-0.014,0.0333,-0.4778,101.6939,160.1287,108.0029,1.0209
45.233,1357,,-0.3528,0.127,-1.3496,1.6072,1.4765,0.9187,-0.3689,-0.3526,-0.3531,-0.3854,0.0794,-0.6012,-1.0239,-0.0159,0.0005,0.0323,-0.4648,102.3999,160.389,106.6064,1.0107
45.267,1358,,-0.3355,0.1242,-1.3481,1.6002,1.4722,0.92,-0.3617,-0.3392,-0.3318,-0.3853,0.0795,-0.5985,-1.0239,-0.0299,-0.0075,0.0536,-0.4649,99.0403,159.3016,107.1943,1.007
45.3,1359,,-0.3104,0.1372,-1.3221,1.5943,1.4593,0.9153,-0.3083,-0.311,-0.3099,-0.368,0.079,-0.5765,-1.002,0.0016,-0.0011,0.0581,-0.447,97.8702,159.1077,106.3806,1.0048
45.333,1360,,-0.2981,0.1318,-1.3389,1.601,1.4708,0.9187,-0.3106,-0.3162,-0.28,-0.3604,0.0793,-0.5886,-1.0193,-0.0306,-0.0363,0.0804,-0.4396,93.9578,157.4345,109.7456,1.0053
45.367,1361,,-0.2893,0.1274,-1.3448,1.6003,1.4722,0.92,-0.3313,-0.3184,-0.2602,-0.3663,0.0795,-0.5958,-1.0265,-0.0711,-0.0582,0.1061,-0.4458,91.0446,151.725,111.9557,1.0057
45.4,1362,,-0.2793,0.1254,-1.3503,1.5983,1.4757,0.9233,-0.3294,-0.3225,-0.2362,-0.3427,0.0797,-0.6005,-1.0327,-0.0932,-0.0863,0.1065,-0.4223,91.1239,149.0783,114.7023,1.009
45.433,1363,,-0.2745,0.1189,-1.3695,1.6074,1.4883,0.9259,-0.3423,-0.3281,-0.2209,-0.3695,0.0799,-0.6164,-1.0518,-0.1214,-0.1072,0.1486,-0.4495,84.0627,140.8033,116.5487,1.0146
45.467,1364,,-0.3101,0.1086,-1.4816,1.7014,1.5902,0.9347,-0.4277,-0.396,-0.2241,-0.4258,0.0802,-0.7061,-1.1553,-0.2035,-0.1718,0.2017,-0.506,74.7611,127.895,121.7811,1.0637
45.5,1365,,-0.2701,0.1085,-1.4432,1.663,1.5516,0.933,-0.4017,-0.3482,-0.1919,-0.4213,0.0802,-0.675,-1.1199,-0.2098,-0.1563,0.2294,-0.5015,71.6864,124.9938,120.7563,1.0483
45.533,1366,,-0.249,0.0986,-1.422,1.6263,1.5206,0.935,-0.3889,-0.3239,-0.1742,-0.4078,0.0803,-0.6598,-1.0995,-0.2147,-0.1497,0.2336,-0.4881,72.2648,125.0994,120.6109,1.036
45.567,1367,,-0.2229,0.082,-1.3756,1.5499,1.4577,0.9405,-0.3577,-0.2885,-0.1573,-0.4323,0.0805,-0.6253,-1.056,-0.2004,-0.1312,0.275,-0.5128,69.5728,123.3685,119.2499,0.9994
45.6,1368,,-0.1838,0.1023,-1.3418,1.5301,1.4441,0.9438,-0.3397,-0.2543,-0.1133,-0.4597,0.0804,-0.5971,-1.0234,-0.2264,-0.141,0.3464,-0.5401,62.6087,114.6748,120.2279,0.9912
45.633,1369,,-0.1585,0.1096,-1.3208,1.5231,1.4304,0.9392,-0.3087,-0.2339,-0.0831,-0.4808,0.0803,-0.5777,-1.0028,-0.2256,-0.1508,0.3977,-0.561,57.1074,108.0646,121.1014,0.987
45.667,1370,,-0.163,0.1093,-1.3213,1.5231,1.4306,0.9393,-0.3206,-0.2374,-0.0886,-0.4902,0.0804,-0.5779,-1.0024,-0.232,-0.1489,0.4017,-0.5706,56.9669,108.0757,120.9861,0.9871
45.7,1371,,-0.1909,0.1251,-1.3959,1.6077,1.521,0.9461,-0.3965,-0.2942,-0.0876,-0.5038,0.0806,-0.6407,-1.0711,-0.3089,-0.2065,0.4162,-0.5844,52.7398,100.0706,126.0214,1.0301
45.733,1372,,-0.1994,0.1291,-1.4052,1.6139,1.5343,0.9507,-0.4241,-0.3111,-0.0878,-0.5076,0.0811,-0.6559,-1.0798,-0.3363,-0.2233,0.4198,-0.5887,50.8083,97.5438,127.68,1.0385
45.767,1373,,-0.1946,0.1298,-1.3859,1.5936,1.5157,0.9511,-0.4258,-0.3031,-0.0862,-0.5128,0.0811,-0.646,-1.0614,-0.3396,-0.2169,0.4266,-0.5939,50.0968,97.797,127.3914,1.0378
45.8,1374,,-0.203,0.1456,-1.4247,1.6493,1.5703,0.9521,-0.4659,-0.3263,-0.0797,-0.5267,0.0812,-0.6821,-1.0974,-0.3862,-0.2465,0.447,-0.6079,45.9546,91.702,130.0623,1.0701
45.833,1375,,-0.2038,0.1578,-1.4546,1.6925,1.6125,0.9527,-0.5037,-0.3407,-0.0669,-0.5372,0.0811,-0.7067,-1.1249,-0.4368,-0.2738,0.4703,-0.6183,42.1234,85.8173,132.3119,1.099
45.867,1376,,-0.1992,0.1666,-1.4628,1.7123,1.6294,0.9516,-0.5194,-0.3414,-0.0571,-0.5424,0.0809,-0.7104,-1.1338,-0.4623,-0.2844,0.4853,-0.6232,39.9971,82.4524,132.9917,1.1223
45.9,1377,,-0.1659,0.1689,-1.4122,1.6655,1.5812,0.9494,-0.4783,-0.3002,-0.0316,-0.5244,0.0804,-0.6706,-1.0885,-0.4467,-0.2687,0.4928,-0.6048,40.9003,82.9761,132.0559,1.1206
45.933,1378,,-0.1195,0.1517,-1.3402,1.565,1.4919,0.9533,-0.4228,-0.2462,0.0072,-0.5095,0.0813,-0.6173,-1.0235,-0.43,-0.2534,0.5167,-0.5908,39.8396,81.9956,131.0368,1.096
45.967,1379,,-0.0516,0.1593,-1.2431,1.4401,1.4025,0.9739,-0.3745,-0.1729,0.0697,-0.4753,0.0821,-0.5413,-0.9354,-0.4443,-0.2427,0.545,-0.5574,38.9152,79.9378,130.461,1.052
46.0,1380,,-0.0233,0.177,-1.2087,1.4316,1.3857,0.968,-0.3859,-0.1447,0.0982,-0.46,0.0823,-0.5131,-0.9041,-0.484,-0.2429,0.5582,-0.5423,40.5283,79.1939,130.7082,1.0554
46.033,1381,,-0.0014,0.1788,-1.18,1.4046,1.3588,0.9674,-0.3241,-0.119,0.1161,-0.4395,0.082,-0.4893,-0.8803,-0.4401,-0.2351,0.5556,-0.5214,43.4101,79.2541,130.2604,1.0136
46.067,1382,,0.0448,0.2098,-1.1166,1.39,1.3264,0.9543,-0.2817,-0.0692,0.1588,-0.3901,0.0816,-0.4353,-0.8242,-0.4405,-0.2281,0.5489,-0.4717,45.6996,78.1514,129.7926,0.9622
46.1,1383,,0.0652,0.2271,-1.0954,1.3967,1.3226,0.9469,-0.2775,-0.0545,0.1848,-0.3427,0.0818,-0.418,-0.8068,-0.4623,-0.2393,0.5275,-0.4245,47.4855,74.9051,130.6289,0.9494
46.133,1384,,0.1013,0.2606,-1.0568,1.4127,1.3174,0.9325,-0.2537,-0.0247,0.2274,-0.2836,0.0819,-0.3847,-0.7728,-0.4811,-0.2521,0.511,-0.3655,48.6561,70.6732,131.3391,0.9457
46.167,1385,,0.1279,0.2907,-1.0321,1.4379,1.3228,0.92,-0.2328,-0.0063,0.2621,-0.2379,0.0827,-0.3652,-0.7516,-0.4949,-0.2684,0.5,-0.3206,49.8955,66.5948,132.5679,0.946
46.2,1386,,0.1377,0.3088,-1.0358,1.4742,1.3447,0.9121,-0.2268,-0.0114,0.2867,-0.2147,0.0835,-0.3716,-0.756,-0.5135,-0.2981,0.5014,-0.2982,49.9902,63.2263,135.0105,0.9768
46.233,1387,,0.1423,0.323,-1.0502,1.5158,1.3732,0.9059,-0.2315,-0.0207,0.3053,-0.2066,0.0844,-0.3856,-0.7702,-0.5368,-0.326,0.5119,-0.291,48.3005,59.5928,136.9095,1.0044
46.267,1388,,0.1187,0.3166,-1.114,1.575,1.4306,0.9083,-0.2747,-0.0643,0.3018,-0.2369,0.0856,-0.4385,-0.8297,-0.5766,-0.3661,0.5388,-0.3225,43.3347,55.5712,139.0815,1.0432
46.3,1389,,-0.0238,0.2375,-1.3733,1.7104,1.6107,0.9417,-0.4803,-0.2457,0.1981,-0.3096,0.0827,-0.6444,-1.0686,-0.6784,-0.4438,0.5077,-0.3922,36.0385,49.3411,141.9815,1.1014
46.333,1390,,0.0158,0.28,-1.3334,1.7446,1.6134,0.9248,-0.4516,-0.2106,0.2422,-0.2931,0.0855,-0.6081,-1.0312,-0.6938,-0.4529,0.5354,-0.3786,34.906,47.5498,142.8725,1.1305
46.367,1391,,0.0501,0.3,-1.2827,1.7251,1.5827,0.9175,-0.4157,-0.1694,0.2696,-0.267,0.0866,-0.5646,-0.9838,-0.6853,-0.439,0.5366,-0.3536,35.0366,47.17,142.7957,1.1393
46.4,1392,,-0.0048,0.2719,-1.3897,1.7869,1.6617,0.9299,-0.5736,-0.2426,0.2331,-0.3003,0.0868,-0.6387,-1.0804,-0.8067,-0.4757,0.5334,-0.3871,31.811,44.5163,144.7103,1.1777
46.433,1393,,0.0375,0.2967,-1.3295,1.7659,1.6261,0.9209,-0.4846,-0.1909,0.2658,-0.2796,0.0883,-0.5797,-1.0217,-0.7504,-0.4567,0.5454,-0.368,31.4557,44.098,144.8647,1.1839
46.467,1394,,0.0912,0.3351,-1.2482,1.7472,1.5833,0.9062,-0.4289,-0.1285,0.3108,-0.2566,0.0905,-0.5039,-0.9433,-0.7397,-0.4393,0.5674,-0.3471,32.6809,44.1464,145.311,1.1855
46.5,1395,,0.1098,0.3515,-1.2276,1.7532,1.5791,0.9007,-0.4226,-0.1101,0.3298,-0.2479,0.0911,-0.4789,-0.9215,-0.7525,-0.4399,0.5777,-0.3389,32.4783,42.6455,146.3161,1.1957
46.533,1396,,0.164,0.3962,-1.1487,1.75,1.5449,0.8828,-0.3645,-0.0501,0.378,-0.2063,0.0913,-0.4126,-0.8475,-0.7425,-0.4282,0.5843,-0.2976,35.6926,42.2255,147.2157,1.2071
46.567,1397,,0.1743,0.4043,-1.1366,1.7516,1.5409,0.8797,-0.3589,-0.0404,0.389,-0.1961,0.092,-0.3953,-0.8369,-0.7479,-0.4294,0.5851,-0.288,36.3233,40.4697,148.2553,1.2087
46.6,1398,,0.2003,0.4246,-1.1055,1.7565,1.5301,0.8711,-0.3329,-0.0129,0.4134,-0.1717,0.0921,-0.3621,-0.8098,-0.7463,-0.4263,0.5851,-0.2639,39.8862,39.3431,149.4063,1.2144
46.633,1399,,0.194,0.425,-1.1325,1.7906,1.5575,0.8698,-0.3538,-0.0226,0.4106,-0.1892,0.0916,-0.3857,-0.8372,-0.7644,-0.4332,0.5998,-0.2808,39.4104,38.3574,150.51,1.2223
46.667,1400,,0.2268,0.4463,-1.0922,1.7893,1.5385,0.8598,-0.3174,0.0195,0.4342,-0.1629,0.093,-0.3551,-0.8018,-0.7516,-0.4147,0.5972,-0.2559,42.4012,39.2438,150.0271,1.2231
46.7,1401,,0.2416,0.452,-1.084,1.7953,1.536,0.8556,-0.2597,0.039,0.4441,-0.1615,0.0937,-0.3548,-0.7973,-0.7039,-0.4051,0.6056,-0.2552,43.1336,39.7038,149.6867,1.2327
46.733,1402,,0.26,0.466,-1.0674,1.8233,1.5334,0.841,-0.2785,0.0598,0.4602,-0.1476,0.0933,-0.3521,-0.7898,-0.7387,-0.4004,0.6078,-0.2409,45.1197,39.3696,150.1645,1.2428
46.767,1403,,0.2901,0.4869,-1.0202,1.845,1.5072,0.8169,-0.2374,0.0967,0.4836,-0.1195,0.0921,-0.3283,-0.7601,-0.721,-0.3869,0.6031,-0.2116,49.8304,39.86,149.8221,1.2462
46.8,1404,,0.3182,0.5052,-0.965,1.8623,1.4702,0.7895,-0.1974,0.1323,0.5041,-0.0958,0.0896,-0.3082,-0.7273,-0.7014,-0.3718,0.5999,-0.1854,56.404,41.8148,148.9181,1.232
46.833,1405,,0.3416,0.5246,-0.9027,1.8809,1.4273,0.7588,-0.1136,0.1624,0.5208,-0.0762,0.0873,-0.2842,-0.6971,-0.6344,-0.3584,0.597,-0.1636,62.4401,44.2773,147.9355,1.2009
46.867,1406,,0.3463,0.5254,-0.8466,1.8662,1.372,0.7352,-0.0646,0.1757,0.517,-0.0718,0.0856,-0.2659,-0.6801,-0.5815,-0.3412,0.5888,-0.1574,65.1441,46.1791,146.5419,1.1439
46.9,1407,,0.3447,0.5098,-0.7977,1.8115,1.3075,0.7218,-0.0292,0.1916,0.4979,-0.0702,0.0865,-0.2383,-0.6608,-0.527,-0.3062,0.568,-0.1566,65.9906,49.1107,144.2118,1.0745
46.933,1408,,0.362,0.5073,-0.7133,1.7504,1.2206,0.6974,0.0018,0.229,0.495,-0.0458,0.0884,-0.2026,-0.6071,-0.4932,-0.266,0.5408,-0.1342,68.702,52.8633,141.1246,1.0135
46.967,1409,,0.4869,0.6311,-0.4796,1.8044,1.1108,0.6156,0.133,0.3573,0.6164,0.0806,0.091,-0.03,-0.4092,-0.4834,-0.2591,0.5358,-0.0103,92.7321,51.006,141.6163,1.0162
47.0,1410,,0.546,0.6859,-0.3395,1.7986,1.0254,0.5701,0.2541,0.4286,0.6634,0.1473,0.0897,0.0738,-0.2891,-0.4093,-0.2348,0.5161,0.0576,108.0002,52.2036,139.367,0.9941
47.033,1411,,0.6128,0.7357,-0.2068,1.7747,0.9425,0.5311,0.3615,0.52,0.7056,0.2158,0.0867,0.1804,-0.1718,-0.3441,-0.1856,0.4898,0.1291,122.9624,57.8614,133.8768,0.9659
47.067,1412,,0.6911,0.8,-0.0948,1.8029,0.8948,0.4963,0.4538,0.6154,0.7668,0.2818,0.0837,0.2853,-0.0689,-0.3129,-0.1514,0.485,0.1981,132.9096,61.6306,129.3344,0.9572
47.1,1413,,0.727,0.8147,-0.081,1.7567,0.8957,0.5099,0.5377,0.6752,0.7787,0.3073,0.0833,0.3623,0.0146,-0.241,-0.1035,0.4714,0.224,135.2988,68.8295,121.5027,0.9226
47.133,1414,,0.7742,0.8361,-0.0825,1.7157,0.9187,0.5354,0.6187,0.7498,0.7985,0.3343,0.0834,0.4319,0.0929,-0.1798,-0.0487,0.4643,0.2509,138.2377,78.7383,111.1849,0.8532
47.167,1415,,0.8052,0.8553,-0.0883,1.7667,0.9436,0.5341,0.6806,0.7944,0.816,0.3544,0.0831,0.4958,0.1737,-0.1354,-0.0216,0.4616,0.2713,140.5311,84.4752,105.647,0.8494
47.2,1416,,0.8298,0.865,-0.0898,1.8004,0.9548,0.5303,0.7357,0.83,0.8295,0.3616,0.0834,0.5513,0.2308,-0.0939,0.0005,0.468,0.2782,141.047,88.9611,101.0068,0.8849
47.233,1417,,0.8638,0.9043,-0.095,1.8937,0.9993,0.5277,0.7992,0.887,0.8406,0.3739,0.0827,0.6141,0.2881,-0.0414,0.0464,0.4667,0.2911,142.7025,98.9147,91.5412,0.8522
47.267,1418,,0.8952,0.9623,-0.0975,2.0782,1.0599,0.51,0.8627,0.9421,0.8483,0.3869,0.0825,0.6683,0.3542,0.0144,0.0937,0.4614,0.3045,145.7068,109.4801,81.7757,0.896
47.3,1419,,0.9131,1.019,-0.0954,2.2554,1.1144,0.4941,0.9201,0.9708,0.8554,0.404,0.0827,0.7145,0.4155,0.0648,0.1154,0.4514,0.3213,148.7059,114.4074,77.1809,0.9799
47.333,1420,,0.9362,1.0823,-0.0953,2.4902,1.1777,0.4729,0.9879,1.0163,0.856,0.4208,0.0825,0.7656,0.4684,0.1318,0.1603,0.4352,0.3384,152.3671,123.4035,68.8086,0.9844
47.367,1421,,0.9528,1.1419,-0.0903,2.7212,1.2322,0.4528,1.0516,1.0565,0.8491,0.4391,0.083,0.8043,0.518,0.2025,0.2074,0.41,0.3562,155.7428,130.9507,61.3706,1.0536
47.4,1422,,0.9691,1.1997,-0.0871,2.9719,1.2869,0.433,1.1201,1.093,0.8452,0.4477,0.0832,0.8459,0.5561,0.2749,0.2478,0.3976,0.3645,157.4922,135.2794,56.2345,1.13
47.433,1423,,0.99,1.2514,-0.0834,3.2172,1.3348,0.4149,1.1826,1.1354,0.8447,0.4522,0.0835,0.883,0.5932,0.3379,0.2907,0.3925,0.3687,158.6033,139.4846,50.9811,1.2061
47.467,1424,,1.0097,1.2983,-0.0772,3.4517,1.3755,0.3985,1.2329,1.1748,0.8447,0.452,0.0841,0.9179,0.6296,0.3882,0.3301,0.3927,0.3679,160.3048,144.548,45.4364,1.2955
47.5,1425,,1.0292,1.3426,-0.0718,3.6895,1.4144,0.3834,1.2831,1.2131,0.8453,0.4556,0.0846,0.9525,0.6665,0.4378,0.3679,0.3897,0.371,163.5895,151.1103,39.5364,1.4107
47.533,1426,,1.0425,1.3853,-0.0645,3.9358,1.4498,0.3683,1.3266,1.2378,0.8473,0.4581,0.0853,0.983,0.7003,0.4793,0.3905,0.3892,0.3728,167.4949,158.5236,33.4187,1.5425
47.567,1427,,1.0596,1.3719,-0.0601,3.8128,1.432,0.3756,1.3515,1.2677,0.8514,0.4586,0.0856,1.0117,0.7285,0.5,0.4163,0.3928,0.373,169.2554,159.4265,28.7948,1.6119
47.6,1428,,1.0768,1.4101,-0.0535,4.0452,1.4636,0.3618,1.3889,1.2956,0.8579,0.4595,0.0862,1.0405,0.7546,0.531,0.4377,0.3984,0.3733,172.448,159.2073,23.8847,1.7789
47.633,1429,,1.0869,1.4393,-0.0524,4.2684,1.4917,0.3495,1.4212,1.3159,0.8578,0.4555,0.0863,1.0593,0.7761,0.5634,0.4581,0.4024,0.3692,174.3283,159.3706,20.0925,1.9339
47.667,1430,,1.0976,1.4653,-0.0529,4.4451,1.5182,0.3415,1.4435,1.3362,0.8589,0.4552,0.0863,1.0746,0.7937,0.5846,0.4773,0.4037,0.3689,173.7481,158.848,16.6292,2.0908
47.7,1431,,1.109,1.4862,-0.051,4.6105,1.5373,0.3334,1.4636,1.3574,0.8607,0.4561,0.0865,1.0981,0.8126,0.6029,0.4967,0.4045,0.3696,173.7479,158.8812,14.7447,2.2427
47.733,1432,,1.1179,1.5401,-0.045,5.078,1.5851,0.3121,1.4941,1.3782,0.8575,0.4544,0.0874,1.1177,0.8349,0.6366,0.5208,0.4031,0.367,174.5509,159.2442,12.9298,2.4244
47.767,1433,,1.1257,1.5547,-0.0374,5.2168,1.5921,0.3052,1.5088,1.393,0.8584,0.4545,0.0882,1.1303,0.8474,0.6504,0.5345,0.404,0.3663,175.9137,159.8132,11.9482,2.537
47.8,1434,,1.1293,1.5646,-0.0252,5.317,1.5898,0.299,1.5226,1.401,0.8575,0.4537,0.089,1.1383,0.8569,0.6651,0.5435,0.4038,0.3647,176.7847,160.7027,11.2393,2.6413
47.833,1435,,1.1356,1.5802,-0.0107,5.476,1.5908,0.2905,1.5362,1.4099,0.8613,0.4523,0.0895,1.1463,0.8644,0.6749,0.5487,0.409,0.3627,176.947,161.6683,10.1143,2.6943
47.867,1436,,1.1401,1.5569,0.0005,5.2567,1.5564,0.2961,1.535,1.4173,0.8628,0.4498,0.0891,1.1553,0.871,0.6722,0.5545,0.413,0.3607,176.3922,162.7735,9.1613,2.5963
47.9,1437,,1.1442,1.5676,0.0112,5.3704,1.5565,0.2898,1.5423,1.4238,0.8646,0.4498,0.0884,1.1609,0.8739,0.6777,0.5592,0.4148,0.3614,175.0131,163.5558,8.1901,2.5975
47.933,1438,,1.1401,1.5767,0.0249,5.4896,1.5518,0.2827,1.5478,1.4207,0.8594,0.4436,0.0874,1.156,0.8711,0.6884,0.5613,0.4158,0.3562,172.2579,163.2906,7.0434,2.5725
47.967,1439,,1.1335,1.5789,0.0393,5.5411,1.5396,0.2778,1.5494,1.4166,0.8505,0.4394,0.0861,1.1525,0.8649,0.6989,0.5661,0.4111,0.3533,168.8326,163.1898,6.0635,2.5349
48.0,1440,,1.1252,1.5823,0.0523,5.6071,1.53,0.2729,1.5504,1.4148,0.8356,0.4303,0.085,1.1457,0.8631,0.7149,0.5793,0.4052,0.3453,167.0841,163.9531,4.7267,2.459
48.033,1441,,1.1201,1.5839,0.0658,5.647,1.5181,0.2688,1.5517,1.4138,0.8264,0.4236,0.084,1.1404,0.8585,0.7253,0.5874,0.4029,0.3396,165.9334,164.9056,3.7851,2.38
48.067,1442,,1.1175,1.5846,0.0792,5.6751,1.5054,0.2653,1.5516,1.4138,0.8211,0.4204,0.0832,1.1364,0.8554,0.7305,0.5927,0.4008,0.3372,165.3094,165.9074,2.9642,2.3105
48.1,1443,,1.1171,1.5825,0.0706,5.7179,1.5119,0.2644,1.5494,1.4109,0.8232,0.422,0.0823,1.1288,0.8488,0.7262,0.5877,0.4012,0.3396,165.6238,167.3486,2.5501,2.2415
48.133,1444,,1.1159,1.5804,0.0577,5.751,1.5227,0.2648,1.5464,1.4075,0.8243,0.4272,0.0815,1.1221,0.8413,0.7222,0.5832,0.3971,0.3457,165.1362,168.6846,2.2618,2.2087
48.167,1445,,1.1188,1.5908,0.0461,5.8903,1.5446,0.2622,1.5551,1.4071,0.8305,0.4311,0.0806,1.119,0.8372,0.7246,0.5766,0.3993,0.3505,163.6181,170.0917,2.0253,2.2152
48.2,1446,,1.1189,1.5831,0.0379,5.844,1.5452,0.2644,1.5456,1.4088,0.829,0.4275,0.08,1.1179,0.8374,0.7165,0.5798,0.4015,0.3475,163.2812,171.5084,1.8049,2.1801
48.233,1447,,1.1175,1.5467,0.0309,5.5094,1.5158,0.2751,1.5302,1.4099,0.825,0.4225,0.0795,1.1161,0.838,0.7052,0.5849,0.4025,0.343,164.0321,173.0285,1.6426,2.1259
48.267,1448,,1.1157,1.5415,0.0219,5.4964,1.5195,0.2765,1.5252,1.4089,0.8226,0.4178,0.079,1.112,0.8345,0.7027,0.5863,0.4047,0.3388,164.4121,174.0827,1.458,2.1192
48.3,1449,,1.1162,1.5859,0.0131,5.9663,1.5728,0.2636,1.537,1.4075,0.825,0.4126,0.0785,1.1092,0.8306,0.712,0.5825,0.4124,0.3342,163.2651,174.596,1.6176,2.211
48.333,1450,,1.1159,1.5806,0.0036,5.948,1.577,0.2651,1.5322,1.4061,0.8258,0.409,0.0779,1.1073,0.8255,0.7064,0.5803,0.4168,0.3312,162.7794,175.1791,1.8074,2.2217
48.367,1451,,1.1146,1.5743,-0.0042,5.9149,1.5784,0.2669,1.5268,1.4022,0.827,0.4103,0.0773,1.1046,0.82,0.6998,0.5751,0.4167,0.333,162.2128,175.7022,1.9447,2.2344
48.4,1452,,1.1091,1.5682,-0.012,5.8853,1.5802,0.2685,1.5219,1.3989,0.8194,0.406,0.0768,1.1006,0.8144,0.7025,0.5795,0.4134,0.3292,162.9598,176.6341,1.6934,2.2522
48.433,1453,,1.1048,1.5632,-0.0205,5.867,1.5838,0.2699,1.517,1.3963,0.8132,0.4029,0.0762,1.0973,0.8079,0.7038,0.5831,0.4103,0.3268,163.2421,176.6109,1.5127,2.2949
48.467,1454,,1.1014,1.559,-0.0257,5.8472,1.5847,0.271,1.5135,1.3943,0.8086,0.406,0.0758,1.0976,0.8042,0.7049,0.5857,0.4026,0.3303,163.6107,176.3629,1.5057,2.3702
48.5,1455,,1.097,1.5547,-0.0343,5.8352,1.589,0.2723,1.5094,1.3909,0.8031,0.4046,0.0751,1.0956,0.7998,0.7063,0.5878,0.3985,0.3295,164.1581,176.0028,1.5558,2.486
48.533,1456,,1.0964,1.5539,-0.0396,5.8408,1.5935,0.2728,1.5081,1.3906,0.8022,0.4034,0.0746,1.0991,0.8031,0.7058,0.5884,0.3988,0.3288,165.0514,175.5245,1.5938,2.6236
48.567,1457,,1.0973,1.5546,-0.0434,5.8555,1.598,0.2729,1.5078,1.391,0.8037,0.4042,0.0743,1.1005,0.8042,0.7041,0.5873,0.3995,0.3299,165.6496,175.0961,1.6039,2.7077
48.6,1458,,1.1029,1.5578,-0.0409,5.8701,1.5987,0.2723,1.5105,1.3945,0.8112,0.4102,0.0745,1.1067,0.8112,0.6993,0.5833,0.4011,0.3357,166.5731,174.9754,1.7544,2.8231
48.633,1459,,1.1088,1.5612,-0.0373,5.8842,1.5984,0.2716,1.5141,1.398,0.8195,0.4168,0.0748,1.1139,0.8201,0.6946,0.5785,0.4028,0.3419,167.8362,175.3339,2.2452,2.9482
48.667,1460,,1.1139,1.5645,-0.0338,5.8998,1.5983,0.2709,1.5173,1.4009,0.8269,0.4226,0.0751,1.1196,0.8274,0.6904,0.574,0.4042,0.3475,168.3201,176.3101,2.9852,3.078
48.7,1461,,1.1168,1.5677,-0.0304,5.9164,1.5981,0.2701,1.5196,1.403,0.8306,0.4251,0.0754,1.1253,0.8346,0.689,0.5725,0.4055,0.3497,169.2024,177.2888,3.7974,3.2157
48.733,1462,,1.1207,1.5712,-0.0254,5.9346,1.5967,0.269,1.5228,1.4057,0.8357,0.4294,0.0758,1.1291,0.8412,0.6871,0.57,0.4063,0.3535,169.9956,178.6056,4.6367,3.2208
48.767,1463,,1.1234,1.573,-0.0216,5.9432,1.5945,0.2683,1.5239,1.4059,0.841,0.4338,0.0761,1.1314,0.8463,0.6829,0.5649,0.4072,0.3576,170.0601,178.8839,5.4496,3.2157
48.8,1464,,1.1316,1.5769,-0.013,5.9491,1.59,0.2673,1.5272,1.4101,0.853,0.4435,0.0768,1.1375,0.8576,0.6741,0.557,0.4095,0.3668,171.044,178.0366,6.2537,3.2175
48.833,1465,,1.1397,1.5819,-0.0003,5.9503,1.5822,0.2659,1.5328,1.4152,0.8641,0.4537,0.0776,1.1445,0.8702,0.6687,0.5511,0.4105,0.3761,172.5176,177.5545,6.8194,3.4151
48.867,1466,,1.147,1.5865,0.0084,5.957,1.5781,0.2649,1.5369,1.4206,0.8734,0.4622,0.0781,1.152,0.8813,0.6635,0.5472,0.4112,0.3841,173.5793,176.8789,7.4581,3.3783
48.9,1467,,1.1524,1.5883,0.0146,5.9544,1.5738,0.2643,1.5382,1.4237,0.8812,0.4689,0.0784,1.1558,0.8881,0.657,0.5425,0.4123,0.3905,173.7707,176.5322,8.0744,3.3338
48.933,1468,,1.1558,1.5904,0.0173,5.9617,1.5732,0.2639,1.5389,1.4267,0.8849,0.4722,0.0785,1.1585,0.8934,0.654,0.5417,0.4127,0.3937,172.7797,176.0324,8.6501,3.3013
48.967,1469,,1.1605,1.5941,0.0227,5.9756,1.5714,0.263,1.5415,1.4311,0.8899,0.4752,0.0788,1.1618,0.898,0.6516,0.5412,0.4147,0.3964,171.9599,176.0095,8.9677,3.2672
49.0,1470,,1.1655,1.5991,0.0316,5.992,1.5675,0.2616,1.5461,1.4362,0.8948,0.4799,0.0791,1.1654,0.9036,0.6513,0.5413,0.4149,0.4009,171.0533,175.8189,9.2836,3.2281
49.033,1471,,1.1674,1.6012,0.0314,6.0084,1.5698,0.2613,1.5475,1.4391,0.8957,0.4815,0.0791,1.1664,0.9048,0.6518,0.5434,0.4143,0.4024,169.9553,175.4184,9.5736,3.2057
49.067,1472,,1.1693,1.6023,0.0289,6.0267,1.5734,0.2611,1.5477,1.4424,0.8961,0.484,0.079,1.1697,0.9098,0.6516,0.5464,0.4121,0.405,169.1913,175.1556,9.8115,3.1258
49.1,1473,,1.1687,1.6016,0.0225,6.0398,1.5791,0.2614,1.5467,1.4424,0.895,0.4872,0.0789,1.17,0.9119,0.6517,0.5474,0.4078,0.4083,167.9248,175.0479,9.8893,3.0024
49.133,1474,,1.1689,1.6012,0.0187,6.0481,1.5824,0.2616,1.5457,1.4437,0.894,0.4921,0.0789,1.1704,0.9127,0.6517,0.5497,0.4019,0.4133,166.6433,175.0969,9.9022,2.8771
49.167,1475,,1.1681,1.6008,0.0154,6.0573,1.5854,0.2617,1.5451,1.4443,0.8918,0.4955,0.0788,1.1734,0.9156,0.6533,0.5525,0.3963,0.4167,165.9036,175.5198,9.7505,2.7937
49.2,1476,,1.1671,1.6008,0.0127,6.0714,1.5882,0.2616,1.5446,1.4443,0.8899,0.4975,0.0788,1.1797,0.9241,0.6547,0.5544,0.3924,0.4187,165.546,176.0848,9.411,2.746
49.233,1477,,1.1657,1.5999,0.0092,6.0752,1.5907,0.2618,1.5434,1.4447,0.8867,0.498,0.0787,1.1835,0.9275,0.6567,0.558,0.3887,0.4193,165.4188,176.5503,9.2442,2.722
49.267,1478,,1.1648,1.5999,0.0074,6.0794,1.5925,0.262,1.5431,1.4456,0.8841,0.4976,0.0787,1.186,0.9286,0.6589,0.5614,0.3865,0.4189,165.4393,176.7821,9.1809,2.7161
49.3,1479,,1.1619,1.5986,0.0061,6.068,1.5925,0.2624,1.5418,1.4447,0.8792,0.496,0.0786,1.1856,0.9271,0.6626,0.5655,0.3832,0.4174,165.2301,176.7611,9.1649,2.7073
49.333,1480,,1.1585,1.5966,0.0035,6.0537,1.5932,0.2632,1.5396,1.443,0.8739,0.4937,0.0785,1.1842,0.9247,0.6657,0.5691,0.3803,0.4152,165.7361,177.0785,9.0868,2.7104
49.367,1481,,1.1567,1.5944,0.003,6.0314,1.5914,0.2638,1.5375,1.4416,0.8718,0.4916,0.0785,1.1844,0.9244,0.6657,0.5698,0.3802,0.4131,166.131,177.3851,8.9797,2.7105
49.4,1482,,1.1559,1.5914,0.0041,5.9941,1.5872,0.2648,1.5348,1.4408,0.871,0.4903,0.0786,1.1858,0.9284,0.6638,0.5698,0.3807,0.4117,166.4761,177.6659,8.7912,2.7109
49.433,1483,,1.1558,1.5865,0.0046,5.9397,1.5819,0.2663,1.5308,1.439,0.8726,0.4888,0.0787,1.1875,0.9357,0.6581,0.5664,0.3838,0.4101,166.8088,177.8752,8.6194,2.7106
49.467,1484,,1.1565,1.5838,0.0038,5.9082,1.58,0.2674,1.5265,1.4377,0.8754,0.4884,0.0786,1.189,0.945,0.6511,0.5622,0.387,0.4097,167.8915,178.0582,8.1409,2.7468
49.5,1485,,1.1584,1.5809,0.0029,5.8771,1.578,0.2685,1.5195,1.4369,0.8799,0.4882,0.0786,1.1905,0.9521,0.6396,0.557,0.3917,0.4096,169.3046,177.8991,7.7642,2.6295
49.533,1486,,1.158,1.5779,0.0003,5.8465,1.5776,0.2698,1.5208,1.4355,0.8804,0.4863,0.0785,1.191,0.956,0.6404,0.555,0.3941,0.4079,170.6095,177.9488,7.5068,2.7771
49.567,1487,,1.1566,1.5737,-0.0016,5.8028,1.5753,0.2715,1.5165,1.4333,0.8799,0.4853,0.0783,1.1906,0.9587,0.6367,0.5534,0.3946,0.407,171.9693,178.0825,7.2869,2.7876
49.6,1488,,1.1516,1.5686,-0.0044,5.753,1.5729,0.2734,1.5115,1.4287,0.8745,0.4818,0.0781,1.188,0.9619,0.637,0.5541,0.3927,0.4037,173.0395,178.1696,6.7951,2.7976
49.633,1489,,1.1471,1.5627,-0.0066,5.6983,1.5694,0.2754,1.5049,1.4247,0.8695,0.4802,0.078,1.186,0.9655,0.6354,0.5551,0.3894,0.4022,174.0929,177.8962,6.2629,2.8173
49.667,1490,,1.1431,1.5567,-0.0088,5.6418,1.5655,0.2775,1.5008,1.4207,0.8655,0.4792,0.0778,1.1827,0.9663,0.6352,0.5551,0.3864,0.4013,174.6043,177.3067,5.8118,2.829
49.7,1491,,1.1386,1.551,-0.0098,5.5884,1.5608,0.2793,1.4973,1.4166,0.8605,0.4772,0.0778,1.1769,0.9606,0.6368,0.5561,0.3833,0.3995,174.8749,177.1684,5.6529,2.8468
49.733,1492,,1.1335,1.5452,-0.0111,5.5383,1.5563,0.281,1.4941,1.4116,0.8555,0.4741,0.0777,1.1718,0.9557,0.6387,0.5561,0.3814,0.3964,174.3259,177.5223,5.5856,2.8608
49.767,1493,,1.1284,1.5376,-0.0124,5.4733,1.55,0.2832,1.4889,1.4063,0.8505,0.4713,0.0776,1.1651,0.9484,0.6384,0.5558,0.3792,0.3936,173.8312,177.3498,5.5325,2.8559
49.8,1494,,1.1262,1.531,-0.0141,5.4177,1.5451,0.2852,1.4834,1.4017,0.8507,0.4725,0.0775,1.1596,0.9421,0.6326,0.551,0.3783,0.3949,173.1888,176.8969,5.6085,2.88
49.833,1495,,1.1251,1.5279,-0.016,5.3943,1.5439,0.2862,1.481,1.3988,0.8513,0.4737,0.0774,1.1559,0.9365,0.6296,0.5475,0.3777,0.3963,172.542,176.6453,5.9788,2.9007
49.867,1496,,1.1231,1.5246,-0.018,5.3726,1.5427,0.2871,1.478,1.3953,0.8509,0.4754,0.0773,1.1511,0.9318,0.6271,0.5444,0.3755,0.3981,171.6392,176.3482,6.1262,2.9177
49.9,1497,,1.1215,1.522,-0.0208,5.3597,1.5428,0.2879,1.4758,1.3925,0.8505,0.4747,0.0771,1.1481,0.9289,0.6253,0.542,0.3758,0.3976,170.5087,176.2235,6.4446,2.9316
49.933,1498,,1.1207,1.5207,-0.0226,5.3551,1.5433,0.2882,1.4749,1.3904,0.851,0.4723,0.0769,1.1454,0.9285,0.6239,0.5395,0.3787,0.3954,169.4596,176.2208,6.7029,2.9363
49.967,1499,,1.1191,1.5182,-0.0263,5.3473,1.5445,0.2888,1.4725,1.3875,0.8507,0.4715,0.0765,1.1431,0.9283,0.6218,0.5368,0.3791,0.3951,168.6342,176.2619,6.9726,2.9421
50.0,1500,,1.1185,1.516,-0.0306,5.3415,1.5466,0.2895,1.4697,1.3854,0.8516,0.4707,0.076,1.1415,0.9294,0.6182,0.5338,0.3808,0.3947,167.468,175.932,7.3982,2.9504
50.033,1501,,1.1174,1.5138,-0.0361,5.3398,1.5499,0.2903,1.4673,1.3826,0.8522,0.4687,0.0755,1.1376,0.9269,0.6151,0.5304,0.3835,0.3932,166.6646,175.3389,7.8514,2.942
50.067,1502,,1.1169,1.5145,-0.0394,5.3549,1.5539,0.2902,1.4662,1.3812,0.8526,0.4665,0.0751,1.1337,0.9244,0.6135,0.5286,0.3861,0.3914,166.7225,175.3952,8.1141,2.936
50.1,1503,,1.1197,1.5185,-0.0399,5.3878,1.5584,0.2893,1.4644,1.3836,0.8558,0.4652,0.075,1.1317,0.9133,0.6086,0.5277,0.3906,0.3902,167.7138,175.1583,8.8299,2.7848
50.133,1504,,1.1235,1.5253,-0.0381,5.4451,1.5635,0.2871,1.4663,1.3864,0.8607,0.4663,0.0751,1.1337,0.905,0.6056,0.5257,0.3944,0.3912,168.5343,174.438,9.8208,2.7601
50.167,1505,,1.1266,1.5347,-0.0347,5.5264,1.5694,0.284,1.4692,1.389,0.8643,0.4689,0.0754,1.1362,0.8993,0.6049,0.5247,0.3954,0.3935,168.9385,173.11,11.0244,2.7297
50.2,1506,,1.1316,1.5433,-0.0317,5.605,1.575,0.281,1.472,1.3911,0.8721,0.4744,0.0756,1.1414,0.9025,0.6,0.519,0.3976,0.3988,168.96,171.4965,12.2984,2.6985
50.233,1507,,1.1351,1.5497,-0.0297,5.6648,1.5794,0.2788,1.4743,1.3923,0.8779,0.4788,0.0757,1.1448,0.902,0.5964,0.5144,0.399,0.4031,168.6154,169.3575,13.8421,2.6687
50.267,1508,,1.1383,1.5527,-0.0273,5.6934,1.58,0.2775,1.4751,1.3925,0.8842,0.4835,0.0759,1.1476,0.9015,0.5909,0.5083,0.4006,0.4076,168.085,167.2768,15.291,2.6406
50.3,1509,,1.1404,1.5553,-0.0261,5.7179,1.5814,0.2766,1.4761,1.3923,0.8885,0.487,0.076,1.1508,0.9022,0.5876,0.5038,0.4015,0.411,168.2942,165.5823,16.6289,2.627
50.333,1510,,1.1427,1.556,-0.0249,5.7227,1.5808,0.2762,1.476,1.3927,0.8927,0.4904,0.0761,1.156,0.9043,0.5833,0.5,0.4023,0.4143,168.9245,164.1077,17.9373,2.606
50.367,1511,,1.1445,1.5556,-0.0219,5.721,1.5776,0.2758,1.4755,1.3917,0.8974,0.4963,0.0763,1.1583,0.9032,0.5781,0.4943,0.4011,0.42,169.414,162.9702,19.0066,2.5825
50.4,1512,,1.1467,1.5552,-0.0203,5.7169,1.5755,0.2756,1.4754,1.3916,0.9019,0.4995,0.0764,1.1587,0.899,0.5735,0.4897,0.4025,0.423,169.9474,161.7581,20.1131,2.5636
50.433,1513,,1.1459,1.555,-0.0193,5.7163,1.5743,0.2754,1.4753,1.3909,0.9009,0.502,0.0765,1.1595,0.8981,0.5745,0.49,0.3989,0.4255,170.4919,161.3996,20.5533,2.549
50.467,1514,,1.145,1.5556,-0.0184,5.7199,1.5739,0.2752,1.476,1.3899,0.9001,0.5009,0.0766,1.1601,0.8958,0.5759,0.4898,0.3992,0.4243,171.0722,161.6693,20.6666,2.5389
50.5,1515,,1.1449,1.5558,-0.0177,5.72,1.5735,0.2751,1.4765,1.3892,0.9005,0.5012,0.0766,1.1615,0.8959,0.576,0.4887,0.3993,0.4246,171.6044,161.8623,20.8391,2.5272
50.533,1516,,1.1447,1.5559,-0.0181,5.7216,1.574,0.2751,1.4768,1.3887,0.9008,0.5011,0.0766,1.1654,0.9037,0.576,0.4879,0.3997,0.4245,171.9675,162.2416,20.8131,2.5155
50.567,1517,,1.1449,1.5544,-0.0203,5.714,1.5747,0.2756,1.4782,1.3876,0.9021,0.5022,0.0764,1.1685,0.9134,0.5761,0.4855,0.3999,0.4257,171.8923,162.1593,21.0392,2.2777
50.6,1518,,1.1455,1.5514,-0.0224,5.6968,1.5738,0.2763,1.473,1.3852,0.9057,0.5047,0.0762,1.1702,0.9214,0.5673,0.4796,0.4009,0.4285,171.478,161.7859,21.3952,2.4794
50.633,1519,,1.1459,1.549,-0.0242,5.6836,1.5732,0.2768,1.4735,1.3836,0.9083,0.5073,0.0761,1.1731,0.9316,0.5653,0.4753,0.401,0.4312,171.0646,161.1667,21.8896,2.2456
50.667,1520,,1.1464,1.5465,-0.0263,5.6647,1.5728,0.2777,1.4693,1.3823,0.9106,0.5103,0.0759,1.1761,0.9397,0.5587,0.4717,0.4002,0.4344,170.6703,160.6583,22.2473,2.4515
50.7,1521,,1.1475,1.5417,-0.03,5.6291,1.5717,0.2792,1.4653,1.3803,0.9147,0.5127,0.0757,1.1782,0.9454,0.5507,0.4656,0.402,0.4371,169.9591,159.9619,22.7307,2.431
50.733,1522,,1.1491,1.535,-0.0322,5.5739,1.5672,0.2812,1.4614,1.3781,0.9202,0.5136,0.0755,1.1803,0.9505,0.5412,0.4579,0.4066,0.4381,168.7814,158.7664,23.4576,2.1874
50.767,1523,,1.1497,1.5262,-0.0344,5.4984,1.5606,0.2838,1.4539,1.3742,0.9253,0.5162,0.0754,1.1796,0.9502,0.5285,0.4489,0.4091,0.4408,167.3533,157.0261,24.3532,2.1458
50.8,1524,,1.149,1.511,-0.0362,5.3572,1.5472,0.2888,1.4385,1.3692,0.9288,0.5176,0.0753,1.1792,0.9487,0.5098,0.4404,0.4112,0.4424,165.2032,154.7756,25.4955,2.282
50.833,1525,,1.144,1.4913,-0.0367,5.1765,1.528,0.2952,1.4203,1.36,0.9281,0.5174,0.0753,1.1768,0.9448,0.4922,0.4319,0.4107,0.4421,162.6558,151.9479,26.8425,2.1876
50.867,1526,,1.1368,1.4672,-0.0367,4.9664,1.5039,0.3028,1.3939,1.3478,0.9257,0.5138,0.0753,1.1683,0.9401,0.4682,0.4221,0.4118,0.4385,159.9301,148.9586,28.252,2.0907
50.9,1527,,1.1266,1.4343,-0.033,4.6935,1.4673,0.3126,1.3625,1.3303,0.9229,0.5127,0.0757,1.1552,0.932,0.4396,0.4074,0.4102,0.437,156.655,144.1756,30.9348,1.9914
50.933,1528,,1.1158,1.4007,-0.0271,4.4277,1.4278,0.3225,1.3305,1.3091,0.9225,0.5149,0.0762,1.1343,0.9083,0.408,0.3866,0.4076,0.4387,153.7708,138.1998,34.6509,1.8844
50.967,1529,,1.0985,1.3669,-0.0215,4.1781,1.3883,0.3323,1.2954,1.2823,0.9147,0.5156,0.0767,1.1058,0.8839,0.3807,0.3676,0.3991,0.4389,151.9927,133.3198,37.526,1.7868
51.0,1530,,1.0881,1.3361,-0.0188,3.9626,1.3549,0.3419,1.2593,1.2585,0.9178,0.5193,0.077,1.0727,0.8352,0.3415,0.3407,0.3985,0.4423,150.4412,126.9145,41.4834,1.7145
51.033,1531,,1.0719,1.2987,-0.0164,3.7284,1.3151,0.3527,1.2301,1.2289,0.9149,0.5144,0.0774,1.0312,0.7893,0.3152,0.314,0.4004,0.4371,148.7502,121.2319,45.015,1.7255
51.067,1532,,1.0567,1.2706,-0.0128,3.5548,1.2834,0.361,1.1988,1.2049,0.9085,0.5101,0.0778,0.9787,0.718,0.2903,0.2964,0.3984,0.4323,145.9453,115.0845,48.1928,1.6643
51.1,1533,,1.0397,1.2368,-0.0079,3.3543,1.2447,0.3711,1.1559,1.1758,0.9035,0.509,0.0781,0.9336,0.6588,0.2524,0.2724,0.3944,0.4309,142.5355,107.7824,52.3103,1.511
51.133,1534,,1.022,1.2029,-0.0087,3.1736,1.2117,0.3818,1.1229,1.1483,0.8956,0.5089,0.0781,0.8633,0.5619,0.2273,0.2528,0.3867,0.4308,139.3315,101.479,55.6149,1.4523
51.167,1535,,1.0073,1.1679,-0.0083,2.998,1.1762,0.3923,1.0872,1.1251,0.8894,0.5091,0.0781,0.8816,0.5779,0.1978,0.2357,0.3804,0.431,135.1804,94.5841,58.9666,1.4032
51.2,1536,,0.986,1.1358,-0.0083,2.8429,1.1441,0.4024,1.0636,1.0909,0.881,0.5189,0.0781,0.8426,0.5364,0.1826,0.2099,0.3621,0.4408,131.3908,87.2674,62.9143,1.4363
51.233,1537,,0.9675,1.103,-0.0101,2.6992,1.1131,0.4124,1.0269,1.0617,0.8733,0.5245,0.078,0.8121,0.5241,0.1536,0.1884,0.3488,0.4465,128.2135,81.0366,66.2454,1.3288
51.267,1538,,0.9525,1.0763,-0.0138,2.5952,1.09,0.42,1.0056,1.041,0.8641,0.5229,0.0777,0.7934,0.5118,0.1415,0.1769,0.3412,0.4452,126.7964,78.1886,67.7519,1.3693
51.3,1539,,0.9433,1.0585,-0.0122,2.5164,1.0707,0.4255,0.9736,1.03,0.8567,0.5202,0.0779,0.7865,0.5069,0.1169,0.1733,0.3365,0.4423,124.7696,76.0597,68.2694,1.2782
51.333,1540,,0.9294,1.0455,-0.0139,2.4634,1.0594,0.43,0.9543,1.011,0.8479,0.5195,0.0778,0.7763,0.5094,0.1064,0.1632,0.3283,0.4417,122.7341,72.8145,69.7116,1.2663
51.367,1541,,0.9173,1.0328,-0.0147,2.4111,1.0475,0.4344,0.9375,0.9956,0.8389,0.5194,0.0777,0.7695,0.5071,0.0986,0.1567,0.3195,0.4416,120.3683,70.0804,70.5692,1.2593
51.4,1542,,0.9064,1.0312,-0.0141,2.406,1.0453,0.4344,0.9239,0.9847,0.828,0.5152,0.0778,0.7554,0.488,0.0959,0.1568,0.3128,0.4374,118.2667,68.7853,70.3407,1.3159
51.433,1543,,0.8903,1.0112,-0.0142,2.3275,1.0255,0.4406,0.9037,0.9661,0.8145,0.5169,0.0778,0.7463,0.4802,0.0892,0.1516,0.2976,0.4391,115.8064,65.7363,71.0166,1.2429
51.467,1544,,0.8747,1.0107,-0.0155,2.3274,1.0262,0.4409,0.8927,0.9566,0.7927,0.5166,0.0777,0.7352,0.4663,0.0999,0.1639,0.2761,0.439,112.7553,64.6988,69.1715,1.3048
51.5,1545,,0.858,0.9975,-0.0178,2.2815,1.0153,0.445,0.8782,0.9428,0.7732,0.5129,0.0775,0.6437,0.3146,0.1049,0.1696,0.2603,0.4354,110.6545,63.6792,68.0672,1.2992
51.533,1546,,0.8451,0.9851,-0.0194,2.2356,1.0046,0.4494,0.866,0.9283,0.7618,0.5105,0.0774,0.725,0.3045,0.1042,0.1665,0.2513,0.433,108.8268,61.5452,68.2539,1.2942
51.567,1547,,0.8332,0.9739,-0.0211,2.194,0.995,0.4535,0.857,0.9147,0.7516,0.5086,0.0773,0.7189,0.2949,0.1054,0.1632,0.243,0.4313,107.5619,60.136,68.18,1.3011
51.6,1548,,0.8215,0.9682,-0.0256,2.1792,0.9939,0.4561,0.8459,0.9033,0.7397,0.5019,0.077,0.7148,0.2936,0.1062,0.1636,0.2378,0.4249,106.7603,60.551,67.1754,1.3219
51.633,1549,,0.8098,0.9673,-0.0295,2.1812,0.9967,0.457,0.8357,0.8978,0.7218,0.4966,0.0766,0.7157,0.2881,0.1138,0.176,0.2252,0.42,105.3665,61.7789,64.5577,1.3589
51.667,1550,,0.7957,0.964,-0.0317,2.1724,0.9956,0.4583,0.8259,0.8908,0.7007,0.4921,0.0764,0.7087,0.2808,0.1252,0.1901,0.2085,0.4157,103.7795,63.0799,61.3851,1.3776
51.7,1551,,0.787,0.9618,-0.0327,2.1662,0.9944,0.4591,0.82,0.8882,0.6857,0.4895,0.0764,0.7029,0.2762,0.1343,0.2025,0.1963,0.4131,102.4344,63.8415,58.8186,1.4016
51.733,1552,,0.7843,0.9635,-0.0151,2.1333,0.9786,0.4587,0.8406,0.8863,0.6822,0.4992,0.078,0.7054,0.4732,0.1584,0.2041,0.183,0.4212,104.2161,61.316,58.6934,1.4417
51.767,1553,,0.7806,0.9645,-0.0182,2.143,0.9827,0.4586,0.8367,0.8847,0.6765,0.4981,0.0777,0.7098,0.4834,0.1602,0.2082,0.1784,0.4204,103.0762,61.1878,57.9562,1.451
51.8,1554,,0.7759,0.9649,-0.0206,2.1489,0.9855,0.4586,0.8351,0.8823,0.6695,0.4963,0.0775,0.7224,0.5165,0.1656,0.2128,0.1732,0.4188,102.221,61.586,56.7618,1.4495
51.833,1555,,0.7707,0.9642,-0.0237,2.1517,0.988,0.4592,0.834,0.8796,0.6618,0.4945,0.0772,0.7253,0.5207,0.1722,0.2178,0.1673,0.4173,101.2205,61.7475,55.4875,1.4537
51.867,1556,,0.7655,0.959,-0.025,2.1344,0.984,0.461,0.833,0.8774,0.6536,0.492,0.0771,0.7178,0.5069,0.1795,0.2238,0.1615,0.4149,100.5817,62.9108,53.4493,1.4704
51.9,1557,,0.7617,0.9531,-0.0265,2.1158,0.9797,0.463,0.8315,0.8748,0.6486,0.4909,0.077,0.7137,0.4979,0.1829,0.2263,0.1576,0.4139,100.5507,64.3713,51.4986,1.4878
51.933,1558,,0.7567,0.9493,-0.0273,2.1035,0.9766,0.4643,0.8289,0.8737,0.6396,0.4883,0.0769,0.7128,0.4999,0.1893,0.2342,0.1513,0.4114,100.3926,67.3978,47.9027,1.5087
51.967,1559,,0.7525,0.9476,-0.0283,2.0988,0.9759,0.465,0.8279,0.8735,0.6314,0.4856,0.0768,0.7207,0.5241,0.1965,0.2421,0.1458,0.4089,100.3065,70.9201,43.9205,1.5351
52.0,1560,sitting,0.7495,0.9459,-0.0307,2.0967,0.9767,0.4658,0.8306,0.873,0.6259,0.4833,0.0765,0.7229,0.5318,0.2047,0.2471,0.1426,0.4069,100.6136,74.6136,40.1343,1.5601
52.033,1561,sitting,0.7463,0.9447,-0.0323,2.094,0.977,0.4666,0.8355,0.8733,0.6194,0.48,0.0762,0.7194,0.5219,0.2161,0.254,0.1393,0.4038,100.806,79.4735,35.2413,1.5783
52.067,1562,sitting,0.7424,0.9462,-0.0344,2.104,0.9806,0.466,0.843,0.8748,0.6101,0.4762,0.076,0.7132,0.5121,0.2329,0.2647,0.1339,0.4002,99.963,82.7142,31.26,1.5836
52.1,1563,sitting,0.7412,0.9462,-0.035,2.1068,0.9812,0.4657,0.8552,0.8764,0.6061,0.4728,0.0759,0.7063,0.4937,0.249,0.2702,0.1333,0.397,100.1005,86.3971,27.741,1.5348
52.133,1564,sitting,0.7403,0.9473,-0.0337,2.1095,0.981,0.465,0.8689,0.8781,0.6026,0.4703,0.0759,0.699,0.4781,0.2663,0.2754,0.1323,0.3944,100.5972,90.9011,23.4156,1.4957
52.167,1565,sitting,0.7417,0.9513,-0.0325,2.1216,0.9837,0.4637,0.8822,0.8818,0.6016,0.4692,0.076,0.6983,0.4777,0.2806,0.2802,0.1324,0.3932,101.2241,94.9277,19.6036,1.4749
52.2,1566,sitting,0.7415,0.9494,-0.0317,2.1153,0.9811,0.4638,0.8966,0.8828,0.6001,0.4673,0.076,0.6883,0.4611,0.2965,0.2827,0.1329,0.3912,102.0642,98.9286,15.7533,1.4538
52.233,1567,sitting,0.7403,0.9561,-0.0294,2.1389,0.9855,0.4607,0.9141,0.8827,0.5979,0.4683,0.0762,0.6694,0.4349,0.3162,0.2849,0.1295,0.3921,102.1891,100.4812,13.355,1.4469
52.267,1568,sitting,0.742,0.9696,-0.0319,2.1919,1.0014,0.4569,0.9278,0.8848,0.5992,0.4685,0.076,0.6648,0.4206,0.3286,0.2856,0.1307,0.3925,101.9479,102.8318,10.632,1.462
52.3,1569,sitting,0.745,0.9829,-0.0311,2.2385,1.014,0.453,0.9398,0.8895,0.6006,0.4713,0.0761,0.6636,0.4188,0.3393,0.289,0.1292,0.3953,101.9905,104.5258,8.2868,1.4858
52.333,1570,sitting,0.7489,0.9976,-0.0306,2.2914,1.0282,0.4487,0.955,0.8954,0.6025,0.475,0.0761,0.6655,0.4275,0.3525,0.2929,0.1275,0.399,101.7431,105.4117,6.6557,1.5072
52.367,1571,sitting,0.7522,1.009,-0.0337,2.3396,1.0426,0.4456,0.9652,0.9004,0.604,0.4777,0.0758,0.6694,0.4327,0.3612,0.2964,0.1264,0.4019,101.0302,106.5023,5.0694,1.5165
52.4,1572,sitting,0.7553,1.0227,-0.0347,2.3934,1.0574,0.4418,0.9786,0.9049,0.6058,0.4809,0.0757,0.6719,0.4367,0.3728,0.2991,0.1249,0.4052,100.5457,107.5466,3.6848,1.5363
52.433,1573,sitting,0.7566,1.0342,-0.0332,2.4346,1.0674,0.4384,0.99,0.9081,0.6052,0.4824,0.0758,0.6715,0.4432,0.3849,0.303,0.1228,0.4066,100.4432,109.1536,1.7052,1.5539
52.467,1574,sitting,0.7577,1.0426,-0.0317,2.4653,1.0744,0.4358,0.9992,0.9111,0.6043,0.4835,0.0759,0.6712,0.4472,0.395,0.3068,0.1208,0.4076,100.153,110.4082,0.0991,1.563
52.5,1575,sitting,0.7604,1.0502,-0.0333,2.4977,1.0835,0.4338,1.0065,0.9155,0.6053,0.485,0.0758,0.6738,0.4482,0.4012,0.3102,0.1203,0.4092,99.7907,111.2385,0.8764,1.5672
52.533,1576,sitting,0.7622,1.0579,-0.0315,2.5251,1.0894,0.4314,1.0162,0.9187,0.6057,0.4885,0.076,0.6741,0.4546,0.4105,0.313,0.1172,0.4125,99.4788,112.2056,2.3568,1.5784
52.567,1577,sitting,0.7642,1.0644,-0.0299,2.5481,1.0943,0.4295,1.0242,0.922,0.6064,0.4917,0.0761,0.6743,0.459,0.4178,0.3156,0.1147,0.4156,99.1394,113.0511,3.6624,1.5881
52.6,1578,sitting,0.7669,1.0714,-0.029,2.5742,1.1004,0.4275,1.0316,0.9262,0.6075,0.4944,0.0762,0.6774,0.4697,0.4241,0.3187,0.1131,0.4183,98.9026,114.0301,4.8899,1.5991
52.633,1579,sitting,0.7696,1.0767,-0.0279,2.5931,1.1046,0.426,1.0364,0.9304,0.6088,0.4964,0.0763,0.6817,0.4838,0.4276,0.3215,0.1125,0.4201,98.6944,115.0797,6.0608,1.6067
52.667,1580,sitting,0.773,1.0798,-0.0287,2.6071,1.1084,0.4252,1.0417,0.9358,0.6103,0.4958,0.0762,0.6881,0.4981,0.4314,0.3255,0.1145,0.4196,98.936,115.8648,6.648,1.6124
52.7,1581,sitting,0.7759,1.0845,-0.0291,2.627,1.1135,0.4239,1.0474,0.9399,0.6118,0.4965,0.0762,0.695,0.5087,0.4355,0.3281,0.1154,0.4203,99.065,116.3988,7.1766,1.621
52.733,1582,sitting,0.7772,1.0876,-0.0289,2.6404,1.1165,0.4229,1.0514,0.9417,0.6126,0.4957,0.0762,0.6971,0.5129,0.4388,0.3291,0.1169,0.4195,99.2654,117.1156,7.759,1.6267
52.767,1583,sitting,0.7794,1.0907,-0.029,2.6537,1.1197,0.4219,1.0554,0.9444,0.6144,0.4952,0.0762,0.702,0.5192,0.441,0.33,0.1192,0.4189,99.6086,117.6436,8.0482,1.633
52.8,1584,sitting,0.7807,1.092,-0.03,2.6612,1.122,0.4216,1.0581,0.9456,0.6159,0.4948,0.0762,0.7065,0.524,0.4422,0.3297,0.121,0.4187,99.8343,118.3527,8.5654,1.6367
52.833,1585,sitting,0.7824,1.0942,-0.0296,2.67,1.1238,0.4209,1.06,0.9474,0.6175,0.4954,0.0762,0.71,0.5277,0.4425,0.3298,0.1222,0.4192,100.0009,118.9491,9.0461,1.6409
52.867,1586,sitting,0.784,1.0958,-0.0292,2.6756,1.1249,0.4204,1.0617,0.9485,0.6194,0.4968,0.0763,0.7115,0.5322,0.4422,0.3291,0.1226,0.4205,99.9164,119.317,9.4315,1.64
52.9,1587,sitting,0.7851,1.0963,-0.029,2.6775,1.1253,0.4203,1.0617,0.9487,0.6215,0.4981,0.0763,0.7145,0.5394,0.4403,0.3272,0.1234,0.4218,99.954,119.7551,9.8189,1.6392
52.933,1588,sitting,0.7857,1.097,-0.0281,2.6781,1.1251,0.4201,1.0625,0.9488,0.6226,0.4996,0.0764,0.7157,0.5436,0.4399,0.3263,0.123,0.4232,99.4852,119.9405,10.1652,1.6358
52.967,1589,sitting,0.7862,1.0971,-0.0271,2.6763,1.1243,0.4201,1.0626,0.949,0.6235,0.501,0.0765,0.7158,0.5479,0.4392,0.3255,0.1224,0.4245,99.2191,120.148,10.5081,1.6287
53.0,1590,sitting,0.7871,1.0972,-0.0259,2.674,1.1231,0.42,1.0626,0.9497,0.6244,0.5018,0.0766,0.7171,0.5517,0.4381,0.3252,0.1226,0.4252,98.936,120.3692,10.768,1.6202
53.033,1591,sitting,0.7873,1.0962,-0.0247,2.6676,1.1209,0.4202,1.0618,0.9497,0.6249,0.5021,0.0767,0.7186,0.555,0.4369,0.3248,0.1228,0.4254,98.7433,120.4456,10.8666,1.608
53.067,1592,sitting,0.7877,1.0957,-0.0233,2.6633,1.119,0.4202,1.0617,0.9499,0.6255,0.5027,0.0768,0.7192,0.5567,0.4362,0.3244,0.1228,0.4259,98.3862,120.3035,10.8311,1.5946
53.1,1593,sitting,0.7886,1.0951,-0.0221,2.6582,1.1172,0.4203,1.0622,0.9501,0.6271,0.5044,0.0769,0.7209,0.5584,0.4351,0.3231,0.1227,0.4274,98.2814,120.1253,10.7215,1.5831
53.133,1594,sitting,0.7892,1.0944,-0.0212,2.6534,1.1156,0.4204,1.0627,0.9504,0.6279,0.5049,0.077,0.7218,0.5588,0.4348,0.3225,0.123,0.4279,98.1191,120.0314,10.6613,1.574
53.167,1595,sitting,0.7893,1.0925,-0.0207,2.6444,1.1132,0.421,1.0624,0.9505,0.6282,0.5047,0.077,0.7205,0.5579,0.4342,0.3223,0.1234,0.4277,98.1816,119.8613,10.5096,1.5675
53.2,1596,sitting,0.7883,1.0899,-0.0209,2.6338,1.1108,0.4217,1.0613,0.9491,0.6276,0.5046,0.077,0.7179,0.5564,0.4338,0.3215,0.123,0.4276,98.3348,119.8941,10.6237,1.5673
53.233,1597,sitting,0.7868,1.0877,-0.0212,2.6258,1.1089,0.4223,1.0609,0.9473,0.6263,0.5042,0.077,0.7135,0.5517,0.4346,0.321,0.1221,0.4272,98.5544,119.8067,10.6511,1.5709
53.267,1598,sitting,0.786,1.0845,-0.0215,2.6134,1.1059,0.4232,1.0593,0.9464,0.6256,0.5048,0.077,0.7114,0.5479,0.4337,0.3207,0.1208,0.4279,98.5956,119.6506,10.6287,1.5703
53.3,1599,sitting,0.7844,1.0805,-0.0213,2.5975,1.1017,0.4242,1.0584,0.9448,0.624,0.5046,0.077,0.7072,0.5406,0.4345,0.3208,0.1194,0.4277,98.5116,119.2295,10.4189,1.5693
53.333,1600,sitting,0.7826,1.0758,-0.0216,2.5802,1.0974,0.4253,1.0542,0.9432,0.6219,0.5042,0.0769,0.7036,0.5337,0.4322,0.3213,0.1177,0.4273,98.2419,118.5313,9.9538,1.5729
53.367,1601,sitting,0.7793,1.071,-0.0224,2.5635,1.0933,0.4265,1.0503,0.9407,0.6179,0.502,0.0769,0.701,0.525,0.4325,0.3229,0.1158,0.4252,97.6777,117.5149,9.2648,1.5827
53.4,1602,sitting,0.7765,1.0656,-0.0226,2.5421,1.0881,0.428,1.0451,0.9386,0.6144,0.5007,0.0769,0.6989,0.5169,0.4307,0.3242,0.1137,0.4238,96.815,116.6282,8.7422,1.5979
53.433,1603,sitting,0.7742,1.0598,-0.0226,2.5185,1.0824,0.4298,1.0417,0.9368,0.6117,0.5004,0.0768,0.6956,0.5058,0.43,0.3251,0.1113,0.4236,96.0409,115.7409,8.2246,1.6089
53.467,1604,sitting,0.7715,1.0521,-0.022,2.4878,1.0741,0.4318,1.0328,0.9343,0.6087,0.4982,0.0769,0.6912,0.4946,0.4241,0.3255,0.1105,0.4213,95.5139,115.4506,7.9889,1.6035
53.5,1605,sitting,0.7696,1.0459,-0.0213,2.4621,1.0671,0.4334,1.0258,0.9326,0.6066,0.4965,0.077,0.6874,0.4872,0.4192,0.3259,0.1101,0.4195,95.0305,115.0534,7.613,1.5987
53.533,1606,sitting,0.7688,1.0421,-0.0202,2.4472,1.0623,0.4341,1.0209,0.931,0.6067,0.4959,0.0769,0.6838,0.4777,0.4143,0.3243,0.1108,0.419,94.0643,114.2318,6.7185,1.5928
53.567,1607,sitting,0.7664,1.0395,-0.0185,2.4363,1.058,0.4343,1.0167,0.9281,0.6046,0.4942,0.0769,0.6792,0.4684,0.4121,0.3235,0.1105,0.4173,93.0327,113.2586,5.7347,1.5918
53.6,1608,sitting,0.7636,1.0361,-0.0169,2.4216,1.0531,0.4349,1.013,0.9254,0.6019,0.492,0.077,0.6765,0.4619,0.4111,0.3236,0.1099,0.415,92.7064,111.9249,4.4275,1.5967
53.633,1609,sitting,0.7608,1.0309,-0.016,2.4022,1.0469,0.4358,1.0091,0.9207,0.6008,0.4894,0.077,0.6724,0.4521,0.4083,0.3199,0.1114,0.4124,92.2903,110.4075,2.7398,1.5911
53.667,1610,sitting,0.7589,1.027,-0.0156,2.3894,1.0426,0.4364,1.0036,0.9178,0.6,0.4862,0.077,0.6704,0.4472,0.4036,0.3178,0.1138,0.4092,92.0616,109.0234,1.0468,1.5856
53.7,1611,sitting,0.7582,1.0234,-0.016,2.378,1.0394,0.4371,0.9996,0.9165,0.5998,0.4837,0.077,0.6712,0.4454,0.3998,0.3167,0.1161,0.4067,91.8923,107.4641,0.7896,1.5829
53.733,1612,sitting,0.7575,1.0205,-0.0168,2.3692,1.0373,0.4378,0.9945,0.9157,0.5993,0.4806,0.0769,0.6702,0.4428,0.3952,0.3164,0.1187,0.4037,91.8892,106.4398,2.2134,1.5838
53.767,1613,sitting,0.7574,1.0184,-0.0171,2.3631,1.0356,0.4382,0.9901,0.9152,0.5996,0.4793,0.0769,0.6688,0.4392,0.3905,0.3156,0.1203,0.4024,91.8614,105.0435,3.8532,1.5908
53.8,1614,sitting,0.7563,1.0166,-0.0152,2.354,1.0319,0.4383,0.9907,0.9148,0.5978,0.4763,0.0771,0.6691,0.4407,0.3929,0.317,0.1215,0.3992,92.0494,103.9359,5.2476,1.6081
53.833,1615,sitting,0.7553,1.0132,-0.0134,2.3383,1.0267,0.4391,0.986,0.9138,0.5969,0.4752,0.0772,0.6718,0.4433,0.3891,0.317,0.1217,0.3979,92.2775,102.7937,6.6073,1.6243
53.867,1616,sitting,0.7541,1.0089,-0.0121,2.3198,1.0211,0.4402,0.9807,0.9129,0.5953,0.4738,0.0774,0.6755,0.445,0.3853,0.3175,0.1216,0.3964,92.4256,101.3665,8.1955,1.6414
53.9,1617,sitting,0.7521,1.0008,-0.0154,2.2957,1.0162,0.4427,0.9676,0.9087,0.5955,0.4699,0.0771,0.6739,0.4404,0.3721,0.3132,0.1256,0.3928,92.4774,99.9607,10.1047,1.6397
53.933,1618,sitting,0.7497,0.992,-0.0184,2.2691,1.0104,0.4453,0.9569,0.904,0.5954,0.4663,0.0769,0.6709,0.434,0.3615,0.3086,0.1291,0.3894,92.3912,97.672,12.7303,1.6354
53.967,1619,sitting,0.7483,0.9842,-0.0171,2.2378,1.0014,0.4475,0.9483,0.9011,0.5956,0.4648,0.077,0.6699,0.4322,0.3527,0.3055,0.1308,0.3878,92.5451,95.2637,15.3472,1.6443
54.0,1620,sitting,0.7477,0.9759,-0.0176,2.2065,0.9935,0.4503,0.937,0.8993,0.5961,0.4636,0.0769,0.668,0.4264,0.3409,0.3032,0.1326,0.3866,92.6219,92.6288,18.1747,1.6586
54.033,1621,sitting,0.793,0.9979,-0.0219,2.2454,1.0198,0.4542,0.9498,0.9379,0.648,0.4838,0.0765,0.6999,0.438,0.3018,0.2899,0.1642,0.4073,97.4119,89.2573,24.7653,1.7722
54.067,1622,sitting,0.7779,0.9882,-0.0221,2.2243,1.0103,0.4542,0.9376,0.9254,0.6304,0.4774,0.0765,0.6887,0.429,0.3071,0.295,0.153,0.401,95.806,88.6755,24.0369,1.7632
54.1,1623,sitting,0.7681,0.9866,-0.0224,2.2293,1.009,0.4526,0.9257,0.9181,0.6181,0.4731,0.0765,0.6941,0.4477,0.3076,0.3,0.145,0.3966,94.7112,88.2178,23.5612,1.7776
54.133,1624,sitting,0.7624,0.9835,-0.0238,2.2253,1.0073,0.4526,0.9173,0.9133,0.6115,0.47,0.0764,0.693,0.4518,0.3058,0.3018,0.1415,0.3936,94.0657,87.446,24.0206,1.7958
54.167,1625,sitting,0.7909,1.0007,-0.0316,2.27,1.0324,0.4548,0.9315,0.9382,0.6435,0.4853,0.0758,0.7158,0.4559,0.288,0.2947,0.1583,0.4095,97.5534,87.0402,26.8679,1.8701
54.2,1626,sitting,0.7515,0.9761,-0.0232,2.2049,0.9993,0.4532,0.9034,0.9043,0.5988,0.4662,0.0765,0.6863,0.4461,0.3045,0.3054,0.1327,0.3897,92.8693,85.2319,25.3823,1.8172
54.233,1627,sitting,0.7946,1.0042,-0.0317,2.277,1.0359,0.4549,0.9223,0.9413,0.6479,0.4834,0.0759,0.7216,0.4623,0.2744,0.2933,0.1645,0.4076,98.2631,84.7948,29.8232,1.8903
54.267,1628,sitting,0.7464,0.9708,-0.025,2.1903,0.9958,0.4546,0.8884,0.8984,0.5944,0.4651,0.0764,0.698,0.236,0.2939,0.304,0.1293,0.3887,91.8151,82.0157,28.1289,1.8146
54.3,1629,sitting,0.7436,0.9717,-0.0244,2.1932,0.9962,0.4542,0.8791,0.896,0.5913,0.4655,0.0765,0.7029,0.4876,0.2878,0.3046,0.1258,0.389,91.0943,80.0006,29.5665,1.8107
54.333,1630,sitting,0.7423,0.9671,-0.0257,2.1779,0.9929,0.4559,0.8735,0.8934,0.5912,0.4661,0.0764,0.7055,0.2352,0.2823,0.3022,0.1251,0.3897,90.9213,78.7452,30.7132,1.8012
54.367,1631,sitting,0.7411,0.964,-0.0269,2.1676,0.9908,0.4571,0.8662,0.8915,0.5907,0.4658,0.0764,0.7111,0.519,0.2754,0.3008,0.125,0.3894,90.8738,78.0165,31.4844,1.7715
54.4,1632,sitting,0.7394,0.9603,-0.0272,2.1548,0.9875,0.4583,0.8617,0.8887,0.5901,0.4657,0.0764,0.717,0.5418,0.2716,0.2986,0.1244,0.3893,90.6573,77.1994,32.2809,1.6622
54.433,1633,sitting,0.7366,0.9556,-0.027,2.1377,0.9827,0.4597,0.8586,0.8854,0.5878,0.4668,0.0764,0.7244,0.5663,0.2709,0.2977,0.121,0.3904,90.1812,75.5681,33.5067,1.5232
54.467,1634,sitting,0.7346,0.9527,-0.0272,2.1283,0.9799,0.4604,0.8532,0.8832,0.586,0.4669,0.0765,0.7334,0.587,0.2673,0.2972,0.1191,0.3904,89.9066,74.3939,34.547,1.43
54.5,1635,sitting,0.7338,0.9537,-0.0271,2.1322,0.9808,0.46,0.847,0.8827,0.585,0.4675,0.0765,0.7399,0.5872,0.2621,0.2977,0.1175,0.391,89.3491,72.937,35.7828,1.4302
54.533,1636,sitting,0.7309,0.949,-0.0259,2.113,0.9749,0.4614,0.8411,0.8799,0.5819,0.4686,0.0766,0.7332,0.5669,0.2593,0.298,0.1133,0.3919,88.2017,71.7616,36.3673,1.4863
54.567,1637,sitting,0.7286,0.9474,-0.0248,2.1059,0.9722,0.4617,0.8353,0.8783,0.5789,0.4696,0.0767,0.7277,0.5494,0.2564,0.2994,0.1093,0.3929,87.0987,70.2861,37.2348,1.5365
54.6,1638,sitting,0.7269,0.9482,-0.0241,2.1071,0.9723,0.4615,0.8333,0.8769,0.577,0.4705,0.0768,0.727,0.5446,0.2564,0.2999,0.1065,0.3937,86.3926,69.179,37.8615,1.5306
54.633,1639,sitting,0.7232,0.9443,-0.0231,2.0909,0.9675,0.4627,0.8298,0.8736,0.5728,0.4707,0.0769,0.7211,0.5317,0.257,0.3008,0.1021,0.3938,85.3612,68.046,38.2893,1.5356
54.667,1640,sitting,0.7194,0.9387,-0.0229,2.0708,0.9616,0.4643,0.8272,0.8694,0.5695,0.4708,0.0769,0.7099,0.5136,0.2577,0.2999,0.0987,0.3939,84.4524,66.5431,39.2124,1.5501
54.7,1641,sitting,0.7156,0.9317,-0.0225,2.0465,0.9542,0.4663,0.8231,0.8641,0.5671,0.4699,0.077,0.6931,0.4905,0.2561,0.2971,0.0972,0.3929,83.6478,65.0863,40.3235,1.5635
54.733,1642,sitting,0.7127,0.926,-0.0215,2.0256,0.9475,0.4678,0.8223,0.8604,0.565,0.469,0.0771,0.6793,0.4741,0.2573,0.2954,0.096,0.3919,82.9467,63.858,41.2965,1.5365
54.767,1643,sitting,0.7076,0.9216,-0.0207,2.0093,0.9422,0.4689,0.8225,0.857,0.5582,0.4699,0.0771,0.67,0.462,0.2643,0.2988,0.0883,0.3928,81.3046,62.2289,41.7762,1.4956
54.8,1644,sitting,0.7043,0.9196,-0.0205,2.0031,0.9401,0.4693,0.8196,0.8544,0.5542,0.4696,0.0771,0.6658,0.4538,0.2653,0.3002,0.0847,0.3924,80.117,60.6603,42.7626,1.4724
54.833,1645,sitting,0.7042,0.921,-0.02,2.0076,0.941,0.4687,0.8153,0.8541,0.5544,0.4697,0.0772,0.6699,0.4618,0.2608,0.2997,0.0847,0.3926,79.506,59.6808,43.684,1.4634
54.867,1646,sitting,0.7039,0.9231,-0.0198,2.0149,0.9429,0.468,0.8107,0.8529,0.5548,0.4705,0.0772,0.6704,0.4653,0.2559,0.2982,0.0843,0.3933,78.9602,58.7989,44.4467,1.4668
54.9,1647,sitting,0.7036,0.9257,-0.0204,2.0244,0.9461,0.4673,0.8051,0.8519,0.5552,0.4722,0.0771,0.67,0.467,0.2499,0.2966,0.083,0.3951,78.2112,57.9254,45.0675,1.4701
54.933,1648,sitting,0.7043,0.9286,-0.0203,2.0349,0.9489,0.4663,0.8007,0.8507,0.5578,0.472,0.0771,0.6709,0.4721,0.2429,0.2929,0.0858,0.3949,77.84,57.4078,45.8946,1.4669
54.967,1649,sitting,0.7038,0.9313,-0.0202,2.0448,0.9515,0.4653,0.7989,0.8488,0.5589,0.4737,0.0771,0.6729,0.4775,0.24,0.2899,0.0852,0.3965,77.1174,56.2916,46.7793,1.4562
55.0,1650,sitting,0.703,0.9312,-0.0194,2.0445,0.9506,0.465,0.7986,0.8464,0.5597,0.4766,0.0772,0.6713,0.477,0.2389,0.2867,0.0831,0.3995,75.8708,54.7958,47.8002,1.4258
55.033,1651,,0.7039,0.9324,-0.0177,2.0461,0.9501,0.4643,0.7971,0.8462,0.5617,0.4794,0.0773,0.669,0.4713,0.2354,0.2845,0.0823,0.4021,75.0566,53.7708,48.7004,1.4096
55.067,1652,,0.7059,0.9334,-0.0152,2.045,0.9486,0.4639,0.7951,0.8473,0.5645,0.4815,0.0774,0.6689,0.4645,0.2306,0.2828,0.083,0.4041,74.3682,53.4866,49.1993,1.4012
55.1,1653,,0.7074,0.9333,-0.0134,2.0405,0.9468,0.464,0.7933,0.8475,0.5672,0.4827,0.0775,0.6703,0.4569,0.2261,0.2804,0.0845,0.4052,73.8304,53.3588,49.6653,1.3883
55.133,1654,,0.7097,0.9325,-0.0115,2.0323,0.944,0.4645,0.792,0.8487,0.5707,0.483,0.0776,0.668,0.4403,0.2213,0.278,0.0877,0.4054,73.7782,53.5186,50.135,1.3745
55.167,1655,,0.712,0.9319,-0.0093,2.0247,0.9413,0.4649,0.7922,0.8503,0.5737,0.4827,0.0777,0.669,0.2482,0.2185,0.2766,0.091,0.405,73.7091,53.6664,50.5796,1.3588
55.2,1656,,0.7121,0.9257,-0.005,1.9953,0.9307,0.4665,0.7926,0.8485,0.5757,0.4869,0.078,0.6766,0.2532,0.2169,0.2728,0.0888,0.4089,72.362,52.7332,51.2533,1.3385
55.233,1657,,0.7109,0.9195,-0.0015,1.9692,0.921,0.4677,0.7896,0.8461,0.5756,0.4891,0.0782,0.6805,0.2557,0.214,0.2705,0.0865,0.4109,70.9962,51.7644,51.901,1.3177
55.267,1658,,0.7096,0.9132,0.0027,1.9411,0.9105,0.4691,0.7872,0.8438,0.5753,0.4926,0.0784,0.6778,0.259,0.2119,0.2685,0.0827,0.4141,69.7961,50.7644,52.4407,1.2976
55.3,1659,,0.7098,0.9132,0.0066,1.9341,0.9066,0.4687,0.7824,0.8444,0.5753,0.4911,0.0786,0.6744,0.263,0.2072,0.2691,0.0842,0.4124,69.2812,50.9067,52.5647,1.2828
55.333,1660,,0.7096,0.9116,0.0122,1.9189,0.8994,0.4687,0.7797,0.8438,0.5754,0.4943,0.0789,0.5505,0.2664,0.2043,0.2685,0.081,0.4155,67.8126,50.0057,53.0146,1.2659
55.367,1661,,0.7083,0.9124,0.0171,1.9123,0.8953,0.4682,0.7755,0.8438,0.5728,0.4937,0.0791,0.6821,0.27,0.2027,0.2711,0.0791,0.4146,67.1277,49.7833,53.03,1.2457
55.4,1662,,0.7069,0.9087,0.0222,1.8906,0.8865,0.4689,0.7719,0.8444,0.5694,0.4958,0.0793,0.554,0.2735,0.2025,0.275,0.0736,0.4165,65.3484,49.4299,52.7256,1.2182
55.433,1663,,0.7044,0.9024,0.0271,1.8625,0.8753,0.4699,0.7692,0.843,0.5658,0.4903,0.0795,0.5539,0.2764,0.2034,0.2773,0.0755,0.4108,64.4566,49.7445,52.8318,1.1843
55.467,1664,,0.7038,0.8983,0.0312,1.8436,0.8671,0.4704,0.7658,0.8432,0.5644,0.4755,0.0797,0.5557,0.2806,0.2014,0.2788,0.089,0.3958,64.6879,51.4077,53.1058,1.1582
55.5,1665,,0.7012,0.8974,0.0313,1.8413,0.8661,0.4704,0.7581,0.8425,0.5598,0.4551,0.0796,0.5553,0.283,0.1982,0.2826,0.1047,0.3755,65.3833,54.8797,52.1345,1.1343
55.533,1666,,0.6921,0.8874,0.0296,1.8167,0.8578,0.4722,0.7435,0.8309,0.5533,0.4299,0.0795,0.6807,0.2794,0.1901,0.2776,0.1234,0.3504,65.9103,57.0892,52.7132,1.0941
55.567,1667,,0.6793,0.8766,0.0267,1.7918,0.8499,0.4743,0.7234,0.8142,0.5443,0.4062,0.0794,0.6765,0.4511,0.1791,0.2698,0.1382,0.3268,65.7833,58.5557,53.5363,1.0465
55.6,1668,,0.6642,0.858,0.023,1.7456,0.835,0.4783,0.7032,0.7939,0.5345,0.3844,0.0792,0.6641,0.4409,0.1687,0.2594,0.1501,0.3052,65.1401,59.01,54.9976,1.021
55.633,1669,,0.6462,0.8326,0.0206,1.6771,0.812,0.4842,0.6812,0.7682,0.5242,0.3668,0.0791,0.6487,0.432,0.157,0.244,0.1574,0.2877,64.4038,58.9811,56.6782,0.9753
55.667,1670,,0.6247,0.7942,0.0193,1.5735,0.7749,0.4925,0.659,0.7378,0.5115,0.3435,0.079,0.622,0.2683,0.1475,0.2263,0.168,0.2645,63.0746,58.8509,58.8856,0.908
55.7,1671,,0.6013,0.7242,0.0189,1.3875,0.7053,0.5083,0.6397,0.6983,0.5044,0.3195,0.0788,0.5875,0.2698,0.1353,0.1939,0.1849,0.2407,63.1856,55.9295,64.5793,0.8074
55.733,1672,,0.5764,0.6681,0.0216,1.2807,0.6466,0.5049,0.6099,0.6578,0.495,0.2768,0.0789,0.5397,0.3361,0.1149,0.1629,0.2182,0.1979,64.1977,56.5523,69.8165,0.7326
55.767,1673,,0.5484,0.6206,0.0171,1.1992,0.6035,0.5033,0.5625,0.6205,0.4762,0.2464,0.0786,0.4952,0.2873,0.0863,0.1444,0.2298,0.1678,62.0526,54.1279,73.7809,0.7112
55.8,1674,,0.5034,0.5757,-0.0001,1.1316,0.5758,0.5089,0.5033,0.5707,0.4362,0.1949,0.0776,0.4263,0.1971,0.0672,0.1345,0.2413,0.1173,56.0901,52.8193,76.6461,0.6921
55.833,1675,,0.4266,0.4883,-0.0451,1.0614,0.5334,0.5026,0.4111,0.4875,0.3657,0.1233,0.0782,0.3195,0.0532,0.0454,0.1218,0.2425,0.045,44.8847,50.8807,79.7798,0.5994
55.867,1676,,0.508,0.577,-0.0325,1.1362,0.6095,0.5364,0.4834,0.5702,0.4459,0.1856,0.0789,0.3668,0.0847,0.0375,0.1243,0.2602,0.1068,72.6414,60.7211,79.712,0.6361
55.9,1677,,0.473,0.5432,-0.162,1.1957,0.7052,0.5898,0.4401,0.5223,0.4237,0.1611,0.0774,0.2897,-0.0256,0.0164,0.0986,0.2626,0.0837,76.136,63.1768,83.796,0.6686
55.933,1678,,0.4503,0.5013,-0.2781,1.2095,0.7794,0.6444,0.4001,0.4823,0.4183,0.1559,0.0787,0.2178,-0.1239,-0.0182,0.064,0.2624,0.0772,80.3691,63.5041,88.5618,0.6995
55.967,1679,,0.459,0.5123,-0.3506,1.2832,0.8628,0.6724,0.3761,0.4746,0.4434,0.1638,0.0793,0.1693,-0.1741,-0.0673,0.0312,0.2797,0.0845,89.7703,64.5331,92.2536,0.7867
56.0,1680,,0.439,0.4798,-0.4417,1.3047,0.9215,0.7063,0.3461,0.439,0.4389,0.1338,0.0807,0.1108,-0.2366,-0.0929,0.0001,0.3051,0.0532,85.3838,62.6498,96.0291,0.857
56.033,1681,,0.4069,0.435,-0.5425,1.4008,0.9774,0.6978,0.2982,0.3904,0.4233,0.097,0.0817,0.0633,-0.3009,-0.1251,-0.0329,0.3264,0.0153,68.0002,56.998,100.2611,0.906
56.067,1682,,0.4406,0.4839,-0.5381,1.4359,1.0219,0.7117,0.295,0.4213,0.4599,0.0906,0.0834,0.084,-0.2689,-0.1648,-0.0386,0.3693,0.0072,73.0228,59.3329,101.2986,1.0205
56.1,1683,,0.4036,0.4531,-0.6087,1.4622,1.0618,0.7261,0.2388,0.3738,0.4334,0.0487,0.0836,0.0279,-0.3125,-0.1946,-0.0596,0.3848,-0.0349,57.0184,55.4567,104.2612,1.0967
56.133,1684,,0.3737,0.4367,-0.6449,1.4574,1.0816,0.7421,0.1824,0.3324,0.4151,0.0178,0.0832,-0.0147,-0.3381,-0.2327,-0.0827,0.3973,-0.0655,48.1543,53.4304,107.5499,1.1507
56.167,1685,,0.3507,0.4185,-0.6619,1.4314,1.0804,0.7548,0.1357,0.3053,0.396,-0.0038,0.0832,-0.0401,-0.3555,-0.2602,-0.0906,0.3998,-0.087,43.9146,53.7506,108.9374,1.1608
56.2,1686,,0.3268,0.4057,-0.6795,1.4229,1.0851,0.7626,0.0989,0.2748,0.3789,-0.0219,0.0827,-0.0626,-0.3701,-0.28,-0.1041,0.4008,-0.1046,40.1594,52.0708,110.838,1.1785
56.233,1687,,0.3079,0.3964,-0.6918,1.4172,1.0881,0.7678,0.0614,0.2481,0.3678,-0.0435,0.0822,-0.095,-0.3808,-0.3064,-0.1198,0.4113,-0.1256,36.5416,51.5985,112.7399,1.1907
56.267,1688,,0.2995,0.3926,-0.6923,1.4074,1.0849,0.7709,0.0361,0.2347,0.3643,-0.0656,0.0819,-0.104,-0.3793,-0.3282,-0.1296,0.4299,-0.1475,35.1973,53.1435,114.1369,1.1871
56.3,1689,,0.2852,0.3801,-0.7008,1.3915,1.0809,0.7768,0.0308,0.2171,0.3533,-0.0823,0.0815,-0.1118,-0.3867,-0.3225,-0.1362,0.4355,-0.1638,34.2014,54.4271,114.8317,1.1729
56.333,1690,,0.4334,0.5049,-0.4525,1.3174,0.9573,0.7267,0.2085,0.3728,0.494,0.0697,0.0812,0.1063,-0.1705,-0.2855,-0.1212,0.4243,-0.0115,72.6267,58.8293,113.9457,1.1604
56.367,1691,,0.2645,0.3685,-0.7002,1.3614,1.0687,0.785,-0.0253,0.184,0.345,-0.0951,0.0813,-0.1154,-0.3999,-0.3703,-0.161,0.4401,-0.1764,36.1916,55.753,117.4282,1.1101
56.4,1692,,0.2467,0.3634,-0.7122,1.3627,1.0756,0.7893,-0.0482,0.1523,0.3412,-0.1169,0.0808,-0.1283,-0.4154,-0.3894,-0.1889,0.4581,-0.1977,36.9946,55.6345,120.6208,1.0807
56.433,1693,,0.2514,0.362,-0.707,1.3517,1.069,0.7908,-0.0333,0.161,0.3419,-0.1068,0.0809,-0.1117,-0.4173,-0.3752,-0.1809,0.4487,-0.1877,40.1712,57.1619,119.8778,1.0037
56.467,1694,,0.254,0.3581,-0.7015,1.3347,1.0596,0.7939,-0.0376,0.1664,0.3416,-0.1031,0.0812,-0.0938,-0.4121,-0.3793,-0.1753,0.4447,-0.1843,42.3059,59.1931,119.3945,0.9765
56.5,1695,,0.2559,0.3511,-0.6898,1.3058,1.0409,0.7971,-0.0362,0.1745,0.3374,-0.1124,0.0811,-0.0896,-0.3992,-0.3736,-0.1629,0.4497,-0.1935,43.2044,61.7322,118.5467,0.9635
56.533,1696,,0.2462,0.3384,-0.6908,1.2825,1.0292,0.8025,-0.0453,0.1679,0.3246,-0.1335,0.0809,-0.1025,-0.404,-0.3699,-0.1567,0.4581,-0.2144,43.2979,64.2043,118.2793,0.9767
56.567,1697,,0.2387,0.3253,-0.6862,1.253,1.0115,0.8073,-0.0413,0.1625,0.3149,-0.1583,0.0805,-0.1143,-0.4127,-0.3561,-0.1524,0.4731,-0.2388,42.3515,65.8729,117.8595,0.9031
56.6,1698,,0.2215,0.3081,-0.6941,1.2327,1.0022,0.813,-0.0355,0.1423,0.3007,-0.1942,0.0803,-0.1449,-0.4449,-0.3362,-0.1584,0.4949,-0.2745,41.0591,66.4378,118.6497,0.8497
56.633,1699,,0.1744,0.2669,-0.7381,1.2242,1.005,0.821,-0.0828,0.0861,0.2628,-0.2546,0.081,-0.2155,-0.5136,-0.3456,-0.1767,0.5174,-0.3356,37.9892,65.7471,120.4861,0.804
56.667,1700,,0.1203,0.224,-0.785,1.221,1.009,0.8264,-0.1292,0.0184,0.2222,-0.2943,0.0816,-0.2807,-0.5786,-0.3514,-0.2039,0.5165,-0.3759,37.5262,65.3031,122.7486,0.7734
56.7,1701,,0.0733,0.1896,-0.8262,1.2713,1.0158,0.799,-0.1844,-0.0397,0.1864,-0.3231,0.0821,-0.3342,-0.6318,-0.3708,-0.2261,0.5094,-0.4051,38.0469,65.2469,124.4898,0.7495
56.733,1702,,0.0391,0.1632,-0.8577,1.3107,1.0209,0.7789,-0.2346,-0.0831,0.1612,-0.3472,0.0819,-0.376,-0.6678,-0.3958,-0.2443,0.5084,-0.4291,37.8975,65.4919,125.5044,0.7288
56.767,1703,,0.0393,0.1847,-0.851,1.2895,1.0357,0.8032,-0.2726,-0.0923,0.1709,-0.3457,0.081,-0.3641,-0.657,-0.4435,-0.2632,0.5166,-0.4266,42.1367,67.9395,127.4124,0.7128
56.8,1704,,-0.0118,0.152,-0.8953,1.3213,1.0472,0.7926,-0.3999,-0.1555,0.132,-0.3785,0.0812,-0.3881,-0.6971,-0.5319,-0.2875,0.5105,-0.4597,41.0311,67.5491,128.7696,0.7269
56.833,1705,,-0.0466,0.1575,-0.9262,1.3467,1.0837,0.8047,-0.4616,-0.1972,0.104,-0.3967,0.0821,-0.4037,-0.726,-0.5656,-0.3011,0.5007,-0.4788,39.3301,67.412,129.4094,0.7328
56.867,1706,,-0.063,0.1442,-0.918,1.3593,1.0621,0.7813,-0.4527,-0.2135,0.0875,-0.3966,0.0833,-0.3989,-0.7179,-0.5403,-0.301,0.4842,-0.48,39.5215,69.8319,129.062,0.7136
56.9,1707,,-0.0793,0.1275,-0.9196,1.3898,1.0471,0.7535,-0.4695,-0.235,0.0763,-0.4025,0.0836,-0.4033,-0.72,-0.5458,-0.3112,0.4788,-0.4862,41.8287,72.9982,129.5728,0.6977
56.933,1708,,-0.0971,0.1166,-0.9266,1.4138,1.0432,0.7379,-0.5446,-0.2563,0.0621,-0.4075,0.0835,-0.4107,-0.728,-0.6068,-0.3185,0.4697,-0.491,44.4469,77.1375,129.7495,0.6922
56.967,1709,,-0.1164,0.1024,-0.9384,1.4446,1.0408,0.7204,-0.5478,-0.2762,0.0434,-0.4315,0.084,-0.422,-0.7468,-0.5912,-0.3197,0.475,-0.5155,44.5804,79.9837,129.7416,0.6898
57.0,1710,,-0.1412,0.0935,-0.954,1.4717,1.0474,0.7117,-0.5537,-0.3034,0.0211,-0.4399,0.0836,-0.4433,-0.7677,-0.5748,-0.3245,0.461,-0.5236,47.6303,83.9331,130.2311,0.7028
57.033,1711,,-0.1519,0.1063,-0.9546,1.402,1.061,0.7567,-0.5602,-0.3129,0.0091,-0.4403,0.0826,-0.4522,-0.7942,-0.5694,-0.322,0.4495,-0.5229,51.1031,89.6166,130.7055,0.7629
57.067,1712,,-0.1695,0.1199,-0.9681,1.3935,1.088,0.7808,-0.5975,-0.3244,-0.0147,-0.4481,0.0811,-0.528,-0.9681,-0.5828,-0.3097,0.4334,-0.5291,55.1007,95.7107,130.0578,0.8098
57.1,1713,,-0.1835,0.1248,-0.9655,1.4159,1.0903,0.77,-0.6132,-0.333,-0.034,-0.4383,0.0805,-0.5226,-0.8787,-0.5792,-0.2991,0.4043,-0.5188,58.723,99.7638,129.6996,0.8253
57.133,1714,,-0.1965,0.1214,-0.9629,1.4239,1.0843,0.7615,-0.642,-0.3475,-0.0455,-0.4319,0.0806,-0.5169,-0.8862,-0.5965,-0.302,0.3864,-0.5125,60.5798,101.3841,130.3892,0.8436
57.167,1715,,-0.2202,0.1153,-0.957,1.4349,1.0723,0.7473,-0.6778,-0.3744,-0.0661,-0.4349,0.081,-0.4981,-0.8851,-0.6117,-0.3083,0.3688,-0.5158,62.2736,102.9234,131.4017,0.8687
57.2,1716,,-0.2503,0.1189,-0.9704,1.4447,1.0893,0.754,-0.7638,-0.4184,-0.0822,-0.4299,0.0812,-0.5234,-0.8971,-0.6816,-0.3361,0.3476,-0.511,63.5351,103.6998,133.6785,0.8979
57.233,1717,,-0.29,0.1187,-0.9808,1.4629,1.0995,0.7516,-0.7849,-0.4603,-0.1197,-0.4108,0.0809,-0.5612,-0.9245,-0.6652,-0.3406,0.2911,-0.4917,70.1247,110.0303,134.3187,0.9092
57.267,1718,,-0.3063,0.1183,-0.9739,1.4497,1.0922,0.7534,-0.7479,-0.4671,-0.1454,-0.4058,0.081,-0.5717,-0.9096,-0.6025,-0.3217,0.2604,-0.4868,73.5169,114.8627,133.7761,0.9062
57.3,1719,,-0.3197,0.1183,-0.9696,1.4642,1.088,0.743,-0.7732,-0.4756,-0.1637,-0.414,0.0811,-0.576,-0.9111,-0.6095,-0.3119,0.2503,-0.4951,72.9386,116.9513,132.6189,0.9123
57.333,1720,,-0.3472,0.109,-0.9799,1.4975,1.0889,0.7271,-0.8216,-0.5244,-0.17,-0.3999,0.0816,-0.6043,-0.9111,-0.6515,-0.3543,0.2298,-0.4814,75.9392,117.2275,134.4895,0.9034
57.367,1721,,-0.3829,0.1094,-0.9891,1.5159,1.0985,0.7247,-0.8302,-0.5706,-0.1953,-0.3704,0.0815,-0.6204,-0.9297,-0.6349,-0.3753,0.1751,-0.4519,85.2222,124.4442,134.9189,0.9061
57.4,1722,,-0.4136,0.1099,-0.9921,1.53,1.102,0.7203,-0.8254,-0.6021,-0.2251,-0.3627,0.0815,-0.6391,-0.9395,-0.6003,-0.377,0.1376,-0.4443,91.4103,130.6397,134.2985,0.9185
57.433,1723,,-0.4211,0.1098,-0.976,1.5242,1.0858,0.7123,-0.8161,-0.6031,-0.239,-0.366,0.0814,-0.6353,-0.9208,-0.5771,-0.3641,0.127,-0.4475,94.0178,133.1656,133.4122,0.9204
57.467,1724,,-0.4528,0.1125,-1.0012,1.5626,1.1137,0.7127,-0.8647,-0.6476,-0.2579,-0.3605,0.0813,-0.6686,-0.9499,-0.6067,-0.3897,0.1026,-0.4418,98.9257,135.4557,134.5904,0.9672
57.5,1725,,-0.4744,0.1132,-1.0252,1.5876,1.1384,0.7171,-0.8522,-0.6796,-0.2692,-0.3802,0.0811,-0.6984,-0.9956,-0.583,-0.4103,0.111,-0.4613,97.2626,132.8801,135.9691,0.9463
57.533,1726,,-0.4757,0.1072,-1.0121,1.5629,1.1194,0.7162,-0.8446,-0.6816,-0.2697,-0.3704,0.0812,-0.7036,-0.9971,-0.5749,-0.4119,0.1007,-0.4516,97.1892,133.6999,136.4422,0.9366
57.567,1727,,-0.4712,0.0977,-1.0012,1.5454,1.0988,0.711,-0.8386,-0.676,-0.2663,-0.3599,0.0813,-0.6955,-0.9834,-0.5723,-0.4098,0.0936,-0.4412,96.5146,134.3411,136.5004,0.9333
57.6,1728,,-0.4982,0.0851,-1.0337,1.5635,1.1187,0.7155,-0.8633,-0.7099,-0.2866,-0.3497,0.0808,-0.7349,-1.0313,-0.5767,-0.4233,0.0631,-0.4305,99.6042,135.7614,137.7473,0.9827
57.633,1729,,-0.5165,0.1022,-1.0713,1.5765,1.1735,0.7444,-0.88,-0.7302,-0.3028,-0.3307,0.0801,-0.753,-1.0616,-0.5772,-0.4273,0.0279,-0.4109,104.2278,138.9217,138.276,1.0413
57.667,1730,,-0.5087,0.1138,-1.0747,1.5288,1.1885,0.7774,-0.8602,-0.7237,-0.2937,-0.3015,0.0795,-0.7044,-1.0577,-0.5664,-0.4299,0.0078,-0.381,108.435,139.1002,138.5384,1.1005
57.7,1731,,-0.4737,0.1262,-1.0373,1.4437,1.1635,0.8059,-0.7962,-0.6799,-0.2675,-0.2644,0.0794,-0.6162,-1.0093,-0.5287,-0.4124,-0.0031,-0.3438,112.6521,139.2959,137.781,1.0419
57.733,1732,,-0.4477,0.1313,-0.9995,1.3936,1.1308,0.8114,-0.7928,-0.6472,-0.2482,-0.23,0.0797,-0.5572,-0.9674,-0.5446,-0.399,-0.0182,-0.3097,117.389,142.4487,137.2878,1.0149
57.767,1733,,-0.4345,0.1202,-0.9689,1.3374,1.0891,0.8144,-0.7613,-0.6355,-0.2334,-0.1962,0.0807,-0.4846,-0.823,-0.5279,-0.4022,-0.0372,-0.2769,126.5377,146.786,138.7099,0.9682
57.8,1734,,-0.4079,0.1142,-0.9323,1.3026,1.0466,0.8034,-0.7373,-0.6016,-0.2142,-0.1754,0.0807,-0.4345,-0.7288,-0.5232,-0.3874,-0.0387,-0.2561,127.7423,147.6032,138.5724,0.8567
57.833,1735,,-0.3854,0.1029,-0.8982,1.2895,1.0012,0.7764,-0.7056,-0.572,-0.1989,-0.1522,0.0809,-0.3984,-0.685,-0.5067,-0.3731,-0.0467,-0.2331,132.1178,150.1959,138.1702,0.7893
57.867,1736,,-0.3769,0.1083,-0.891,1.2746,0.9993,0.784,-0.6925,-0.5564,-0.1973,-0.1529,0.0805,-0.4111,-0.741,-0.4952,-0.3591,-0.0444,-0.2335,129.7159,150.3249,137.1149,0.897
57.9,1737,,-0.3608,0.1086,-0.8799,1.2614,0.9885,0.7837,-0.6758,-0.5352,-0.1865,-0.1571,0.0805,-0.4032,-0.7501,-0.4894,-0.3487,-0.0293,-0.2376,125.7217,147.942,136.628,0.8839
57.933,1738,,-0.3696,0.1151,-0.895,1.2872,1.0102,0.7848,-0.6923,-0.5455,-0.1936,-0.1667,0.0802,-0.4353,-0.8385,-0.4987,-0.3519,-0.0269,-0.2469,123.8819,147.3555,136.5568,0.8961
57.967,1739,,-0.3744,0.114,-0.9266,1.3177,1.0405,0.7896,-0.6952,-0.5495,-0.1994,-0.1838,0.0798,-0.5461,-0.8943,-0.4958,-0.3501,-0.0156,-0.2636,116.3308,145.9665,136.1019,0.9185
58.0,1740,,-0.3918,0.1121,-0.963,1.3474,1.0751,0.7979,-0.7089,-0.57,-0.2136,-0.1885,0.0797,-0.6209,-0.9421,-0.4953,-0.3564,-0.0251,-0.2682,112.0863,147.4932,135.9339,0.944
58.033,1741,,-0.4163,0.1168,-0.9944,1.3793,1.1112,0.8057,-0.7294,-0.5994,-0.2332,-0.2001,0.0795,-0.6882,-0.9878,-0.4962,-0.3661,-0.0331,-0.2796,110.9413,147.9025,136.3912,0.9719
58.067,1742,,-0.4385,0.1263,-1.0375,1.4032,1.1638,0.8294,-0.7517,-0.6232,-0.2537,-0.1975,0.0792,-0.7239,-1.0306,-0.498,-0.3694,-0.0562,-0.2767,118.3229,150.5919,136.7942,1.0008
58.1,1743,,-0.4551,0.1277,-1.0568,1.4218,1.1845,0.8331,-0.7761,-0.6416,-0.2687,-0.2021,0.0791,-0.7552,-1.0525,-0.5075,-0.3729,-0.0666,-0.2812,120.5061,151.2402,137.5668,1.0334
58.133,1744,,-0.4678,0.1282,-1.0701,1.4294,1.1983,0.8383,-0.7994,-0.659,-0.2765,-0.1959,0.0791,-0.773,-1.0682,-0.5229,-0.3825,-0.0805,-0.275,123.7177,151.8329,138.7529,1.0502
58.167,1745,,-0.4897,0.1301,-1.0905,1.4487,1.2206,0.8426,-0.8216,-0.6854,-0.2939,-0.1941,0.079,-0.7952,-1.0898,-0.5277,-0.3916,-0.0998,-0.2731,124.7816,153.1705,139.6177,1.0872
58.2,1746,,-0.497,0.1321,-1.1013,1.4533,1.2334,0.8487,-0.8364,-0.6915,-0.3024,-0.1928,0.0789,-0.7912,-1.097,-0.534,-0.3891,-0.1097,-0.2716,125.4331,154.729,139.2776,1.1059
58.233,1747,,-0.509,0.1374,-1.1215,1.4841,1.2589,0.8483,-0.8598,-0.7068,-0.3112,-0.2029,0.0786,-0.8,-1.1115,-0.5486,-0.3956,-0.1084,-0.2815,122.7532,154.1543,139.3985,1.1443
58.267,1748,,-0.5242,0.1427,-1.1421,1.5074,1.2848,0.8523,-0.8825,-0.7264,-0.322,-0.2079,0.0784,-0.817,-1.1299,-0.5605,-0.4044,-0.1141,-0.2863,121.6487,154.5886,139.5235,1.1677
58.3,1749,,-0.5265,0.1397,-1.139,1.5007,1.2787,0.8521,-0.88,-0.728,-0.325,-0.2057,0.0785,-0.8189,-1.1289,-0.555,-0.4029,-0.1193,-0.2842,121.2987,154.9936,139.4816,1.1687
58.333,1750,,-0.5413,0.1343,-1.1502,1.5147,1.2845,0.848,-0.9044,-0.7473,-0.3353,-0.2117,0.0787,-0.8453,-1.1469,-0.5691,-0.412,-0.1236,-0.2904,118.1065,155.0772,139.8619,1.2169
58.367,1751,,-0.56,0.1313,-1.1679,1.5333,1.2992,0.8473,-0.9265,-0.7688,-0.3512,-0.2263,0.0789,-0.8665,-1.1612,-0.5752,-0.4176,-0.125,-0.3051,115.8578,155.2357,139.8863,1.2654
58.4,1752,,-0.5603,0.1342,-1.1654,1.5442,1.2995,0.8416,-0.9284,-0.7685,-0.352,-0.2179,0.0787,-0.8626,-1.1648,-0.5764,-0.4165,-0.1341,-0.2967,116.912,156.4127,139.4894,1.2554
58.433,1753,,-0.5575,0.1328,-1.164,1.5466,1.2968,0.8384,-0.9306,-0.7667,-0.3482,-0.2178,0.0788,-0.8584,-1.1639,-0.5825,-0.4186,-0.1304,-0.2966,115.5362,155.7598,139.4581,1.24
58.467,1754,,-0.5625,0.1346,-1.1676,1.5571,1.3022,0.8363,-0.9362,-0.7722,-0.3528,-0.2257,0.0787,-0.8636,-1.1672,-0.5833,-0.4194,-0.1272,-0.3044,114.7919,155.5175,139.2432,1.2401
58.5,1755,,-0.5618,0.1349,-1.1717,1.5633,1.3066,0.8358,-0.9391,-0.7688,-0.3549,-0.2326,0.0787,-0.8636,-1.1688,-0.5841,-0.4138,-0.1224,-0.3113,112.6536,155.476,138.5,1.2203
58.533,1756,,-0.5631,0.1348,-1.1779,1.5705,1.3126,0.8358,-0.9462,-0.7706,-0.3557,-0.2415,0.0787,-0.8672,-1.1728,-0.5905,-0.4149,-0.1142,-0.3203,109.899,154.5852,138.2768,1.2093
58.567,1757,,-0.5653,0.132,-1.1796,1.5743,1.3116,0.8331,-0.954,-0.7732,-0.3573,-0.2505,0.0788,-0.8697,-1.176,-0.5967,-0.4159,-0.1068,-0.3293,108.3596,153.8831,138.0761,1.2041
58.6,1758,,-0.5555,0.1311,-1.1691,1.562,1.3002,0.8324,-0.9398,-0.7604,-0.3506,-0.2498,0.0789,-0.8577,-1.1648,-0.5892,-0.4098,-0.1008,-0.3286,108.2154,153.3953,137.8805,1.1913
58.633,1759,,-0.5504,0.1295,-1.1635,1.5519,1.2931,0.8332,-0.9288,-0.7538,-0.347,-0.2542,0.0789,-0.8511,-1.1591,-0.5819,-0.4068,-0.0928,-0.3331,107.027,152.5999,137.7278,1.1712
58.667,1760,,-0.5436,0.1298,-1.1615,1.5429,1.2912,0.8369,-0.9221,-0.7439,-0.3434,-0.2527,0.0789,-0.8406,-1.1524,-0.5788,-0.4006,-0.0907,-0.3316,107.1156,152.9069,137.1659,1.1757
58.7,1761,,-0.5376,0.1265,-1.1559,1.5322,1.2824,0.837,-0.918,-0.7397,-0.3355,-0.2583,0.0791,-0.8377,-1.1484,-0.5825,-0.4043,-0.0772,-0.3373,104.4862,150.9999,137.5471,1.1623
58.733,1762,,-0.5329,0.1293,-1.1565,1.531,1.2859,0.8399,-0.9153,-0.735,-0.3309,-0.2511,0.079,-0.8329,-1.1457,-0.5844,-0.4041,-0.0797,-0.3301,104.2415,150.9337,137.66,1.1757
58.767,1763,,-0.5191,0.1334,-1.148,1.5214,1.2814,0.8422,-0.9039,-0.7181,-0.3201,-0.2484,0.0788,-0.8116,-1.1335,-0.5838,-0.398,-0.0717,-0.3272,103.4469,150.4347,137.1315,1.175
58.8,1764,,-0.5228,0.1348,-1.1563,1.509,1.2911,0.8556,-0.8882,-0.7246,-0.3209,-0.2431,0.0787,-0.8174,-1.1402,-0.5673,-0.4036,-0.0778,-0.3218,105.8463,150.6944,137.6721,1.164
58.833,1765,,-0.5226,0.1319,-1.1539,1.5211,1.2858,0.8453,-0.901,-0.7247,-0.3205,-0.2498,0.0789,-0.821,-1.1401,-0.5805,-0.4043,-0.0707,-0.3286,104.5194,149.8083,137.7964,1.1826
58.867,1766,,-0.5208,0.1258,-1.1403,1.507,1.2662,0.8402,-0.8933,-0.7233,-0.3184,-0.2527,0.0791,-0.8144,-1.1334,-0.575,-0.4049,-0.0656,-0.3318,104.2528,149.0174,138.2449,1.1593
58.9,1767,,-0.5202,0.1212,-1.1363,1.4984,1.2575,0.8392,-0.8981,-0.7257,-0.3147,-0.2591,0.0793,-0.8117,-1.1308,-0.5833,-0.4109,-0.0556,-0.3384,102.5904,147.0443,139.0653,1.1582
58.933,1768,,-0.5298,0.1214,-1.1377,1.5116,1.2591,0.833,-0.9186,-0.7397,-0.3198,-0.2781,0.0793,-0.8191,-1.1371,-0.5988,-0.4198,-0.0417,-0.3574,100.487,144.4799,139.8879,1.1791
58.967,1769,,-0.5332,0.1189,-1.146,1.5169,1.2648,0.8338,-0.9309,-0.7418,-0.3245,-0.2877,0.0794,-0.8085,-1.1296,-0.6063,-0.4172,-0.0368,-0.3671,102.1776,143.992,140.0478,1.1918
59.0,1770,,-0.5385,0.1193,-1.1507,1.5263,1.27,0.8321,-0.9457,-0.7444,-0.3325,-0.2884,0.0794,-0.8115,-1.1295,-0.6132,-0.4119,-0.0442,-0.3677,104.1313,145.2476,139.6893,1.2163
59.033,1771,,-0.5431,0.1209,-1.1519,1.5296,1.2728,0.8321,-0.9532,-0.7499,-0.3363,-0.2764,0.0793,-0.8216,-1.1339,-0.6168,-0.4135,-0.0599,-0.3557,106.6587,146.7957,139.8744,1.2308
59.067,1772,,-0.5495,0.1224,-1.1565,1.5415,1.2789,0.8296,-0.9583,-0.7586,-0.3404,-0.2698,0.0793,-0.8184,-1.1328,-0.6179,-0.4182,-0.0707,-0.349,109.6036,147.5671,140.3805,1.2436
59.1,1773,,-0.5632,0.1221,-1.1701,1.5488,1.2922,0.8343,-0.9637,-0.771,-0.3554,-0.2713,0.0793,-0.8171,-1.1231,-0.6083,-0.4156,-0.0841,-0.3506,111.0579,148.8191,140.1413,1.2396
59.133,1774,,-0.5631,0.1171,-1.1734,1.5432,1.2905,0.8363,-0.9671,-0.7701,-0.356,-0.2656,0.0795,-0.806,-1.1072,-0.6111,-0.4141,-0.0904,-0.345,111.76,149.6253,140.1335,1.2081
59.167,1775,,-0.566,0.0888,-1.1856,1.5229,1.2744,0.8368,-0.9544,-0.7661,-0.3659,-0.292,0.08,-0.7732,-1.1473,-0.5885,-0.4002,-0.0739,-0.372,110.4687,147.7071,140.6006,1.1935
59.2,1776,,-0.5392,0.0842,-1.1136,1.4706,1.1978,0.8145,-0.9329,-0.7309,-0.3475,-0.2584,0.08,-0.6535,-1.113,-0.5854,-0.3835,-0.0891,-0.3384,119.8668,148.4831,142.2197,1.1769
59.233,1777,,-0.5094,0.0947,-1.0825,1.4572,1.1773,0.8079,-0.9016,-0.6908,-0.328,-0.2348,0.0799,-0.5418,-1.0449,-0.5736,-0.3629,-0.0932,-0.3147,124.4375,149.5648,142.1828,1.1602
59.267,1778,,-0.482,0.1029,-1.0549,1.4461,1.1578,0.8006,-0.8784,-0.6567,-0.3073,-0.2179,0.0798,-0.5008,-1.0036,-0.5711,-0.3495,-0.0893,-0.2977,126.4316,149.4191,142.2509,1.1238
59.3,1779,,-0.4711,0.1062,-1.0395,1.4236,1.1457,0.8048,-0.8596,-0.64,-0.3021,-0.1895,0.0798,-0.4891,-0.9821,-0.5575,-0.3379,-0.1126,-0.2693,134.3746,152.5724,142.9014,1.1276
59.333,1780,,-0.4685,0.1108,-1.0395,1.414,1.1504,0.8135,-0.8626,-0.6342,-0.3027,-0.1857,0.0797,-0.453,-0.9124,-0.5599,-0.3315,-0.117,-0.2654,134.7484,152.4075,144.1464,1.1496
59.367,1781,,-0.4695,0.1154,-1.0533,1.4115,1.1687,0.828,-0.8732,-0.6371,-0.302,-0.1847,0.0796,-0.455,-0.9141,-0.5712,-0.3351,-0.1173,-0.2643,134.3948,152.0057,145.1592,1.1803
59.4,1782,,-0.4832,0.1137,-1.0678,1.3854,1.1815,0.8528,-0.8718,-0.6497,-0.3167,-0.1648,0.0802,-0.4371,-0.8629,-0.5552,-0.3331,-0.1519,-0.245,143.7972,159.7,145.8317,1.1875
59.433,1783,,-0.4831,0.1105,-1.075,1.3638,1.1855,0.8692,-0.8712,-0.6491,-0.3171,-0.1651,0.081,-0.4301,-0.8601,-0.554,-0.332,-0.152,-0.2461,145.4457,163.1005,145.8348,1.1316
59.467,1784,,-0.479,0.1144,-1.0717,1.346,1.1862,0.8812,-0.8616,-0.6402,-0.3179,-0.1808,0.0798,-0.4706,-0.9006,-0.5438,-0.3224,-0.137,-0.2607,136.1289,159.3567,144.2521,1.2083
59.5,1785,,-0.5017,0.1305,-1.0304,1.3536,1.1609,0.8576,-0.8592,-0.6678,-0.3355,-0.1903,0.0789,-0.5836,-0.9952,-0.5237,-0.3322,-0.1453,-0.2692,131.7302,158.0784,148.1898,1.5077
59.533,1786,,-0.4831,0.1443,-1.0299,1.348,1.1742,0.871,-0.8186,-0.6311,-0.3352,-0.1964,0.0786,-0.5777,-0.9591,-0.4834,-0.2958,-0.1388,-0.275,123.3903,158.8333,144.3074,1.4178
59.567,1787,,-0.457,0.1528,-1.0757,1.3978,1.2285,0.8789,-0.8119,-0.5949,-0.3191,-0.1643,0.0785,-0.525,-0.9184,-0.4927,-0.2758,-0.1548,-0.2429,132.4025,153.7709,142.4082,1.1711
59.6,1788,,-0.4367,0.164,-1.1136,1.4525,1.2776,0.8796,-0.8118,-0.5721,-0.3014,-0.1635,0.0784,-0.5119,-0.921,-0.5104,-0.2707,-0.1378,-0.2419,130.8374,149.141,140.644,1.0303
59.633,1789,,-0.4063,0.1702,-1.1334,1.4813,1.3035,0.88,-0.742,-0.5372,-0.2753,-0.1784,0.0786,-0.5003,-0.9184,-0.4667,-0.2619,-0.0969,-0.257,121.5954,148.4927,138.2678,0.9434
59.667,1790,,-0.4286,0.1569,-1.2346,1.5674,1.3914,0.8877,-0.7773,-0.5723,-0.2848,-0.2304,0.0798,-0.5655,-0.9986,-0.4925,-0.2875,-0.0544,-0.3102,115.0653,149.256,140.5138,0.9649
59.7,1791,,-0.395,0.1418,-1.2536,1.5591,1.3954,0.895,-0.7431,-0.5314,-0.2586,-0.2614,0.0808,-0.5732,-1.0059,-0.4845,-0.2728,0.0028,-0.3422,99.8507,144.2443,137.7448,0.9429
59.733,1792,,-0.36,0.1368,-1.2705,1.5678,1.4074,0.8977,-0.7147,-0.5014,-0.2185,-0.2769,0.081,-0.5878,-1.0181,-0.4962,-0.2829,0.0584,-0.3579,83.4319,127.6464,137.835,0.951
59.767,1793,,-0.319,0.143,-1.2536,1.5594,1.3966,0.8956,-0.6595,-0.4507,-0.1872,-0.2966,0.0809,-0.5756,-1.0005,-0.4724,-0.2636,0.1094,-0.3774,70.1164,115.408,136.7493,0.9375
59.8,1794,,-0.3429,0.1136,-1.3384,1.6029,1.452,0.9059,-0.708,-0.4883,-0.1975,-0.3078,0.0818,-0.6485,-1.0793,-0.5105,-0.2908,0.1103,-0.3896,77.7926,115.1025,138.7088,1.0057
59.833,1795,,-0.3226,0.0979,-1.3504,1.5885,1.4482,0.9117,-0.7306,-0.4783,-0.1669,-0.3131,0.0824,-0.6586,-1.0908,-0.5637,-0.3115,0.1462,-0.3955,63.9985,98.8194,140.132,1.0171
59.867,1796,,-0.3101,0.0844,-1.3667,1.5898,1.4512,0.9128,-0.702,-0.4659,-0.1544,-0.3203,0.0826,-0.6699,-1.1055,-0.5477,-0.3115,0.1659,-0.4029,61.3607,94.0989,139.9304,1.0459
59.9,1797,,-0.319,0.0858,-1.4254,1.6639,1.5112,0.9082,-0.7392,-0.4905,-0.1476,-0.3249,0.0829,-0.7183,-1.1598,-0.5916,-0.3428,0.1772,-0.4078,63.1374,91.1927,142.2002,1.0829
59.933,1798,,-0.2791,0.0863,-1.3826,1.6111,1.4689,0.9117,-0.6913,-0.439,-0.1192,-0.3554,0.0833,-0.6855,-1.1173,-0.572,-0.3197,0.2361,-0.4387,56.0482,84.3094,140.8804,1.0493
59.967,1799,,-0.136,0.0939,-1.1824,1.4218,1.2762,0.8976,-0.5075,-0.2705,-0.0014,-0.3691,0.0831,-0.5261,-0.9296,-0.5061,-0.2691,0.3676,-0.4521,43.4749,73.0061,138.0495,0.943
60.0,1800,,-0.0765,0.1042,-1.1172,1.3398,1.2214,0.9116,-0.4617,-0.2106,0.0576,-0.3657,0.0831,-0.4746,-0.869,-0.5193,-0.2682,0.4233,-0.4488,40.5881,69.3161,138.479,0.8855
60.033,1801,,0.0021,0.1643,-1.02,1.3317,1.1843,0.8893,-0.3508,-0.1226,0.1268,-0.3428,0.0833,-0.3962,-0.7789,-0.4775,-0.2494,0.4695,-0.4261,38.3034,67.5642,137.626,0.8449
60.067,1802,,0.0187,0.1748,-1.0117,1.3403,1.1865,0.8852,-0.3702,-0.1097,0.1471,-0.3266,0.0837,-0.3921,-0.7717,-0.5172,-0.2568,0.4737,-0.4103,39.4975,65.9323,138.3166,0.8631
60.1,1803,,0.037,0.1915,-1.0032,1.3595,1.1947,0.8788,-0.3659,-0.0977,0.1717,-0.3114,0.0841,-0.3886,-0.7652,-0.5376,-0.2694,0.483,-0.3955,39.8981,63.0959,139.4059,0.8797
60.133,1804,,0.0164,0.1862,-1.0565,1.4107,1.2427,0.8809,-0.415,-0.1366,0.1695,-0.3167,0.0848,-0.4344,-0.8161,-0.5845,-0.3062,0.4862,-0.4015,39.744,58.3037,142.5319,0.912
60.167,1805,,0.0132,0.1955,-1.0812,1.4566,1.2767,0.8765,-0.4853,-0.1535,0.1799,-0.3105,0.0865,-0.459,-0.8421,-0.6653,-0.3335,0.4904,-0.397,36.7991,52.3765,145.246,0.9414
60.2,1806,,0.0136,0.2066,-1.0942,1.4922,1.3007,0.8717,-0.5048,-0.1657,0.1929,-0.2905,0.0882,-0.4744,-0.8576,-0.6977,-0.3585,0.4834,-0.3787,33.4762,47.2432,147.0833,0.9711
60.233,1807,,0.025,0.2259,-1.094,1.5266,1.3199,0.8646,-0.46,-0.162,0.212,-0.272,0.0892,-0.4784,-0.8585,-0.672,-0.374,0.484,-0.3612,30.0378,42.8114,148.2077,0.9983
60.267,1808,,0.051,0.2664,-1.0784,1.5834,1.3448,0.8493,-0.4271,-0.1502,0.2522,-0.2339,0.0892,-0.4683,-0.845,-0.6793,-0.4024,0.4861,-0.3231,29.2774,39.7326,149.5098,1.0334
60.3,1809,,0.0512,0.2678,-1.0889,1.5993,1.3567,0.8483,-0.5115,-0.1555,0.2579,-0.2257,0.0906,-0.4821,-0.8571,-0.7694,-0.4134,0.4836,-0.3163,27.1254,38.5208,149.9354,1.0555
60.333,1810,,0.0411,0.2624,-1.1241,1.6316,1.3865,0.8498,-0.5492,-0.1743,0.2564,-0.2222,0.0918,-0.5128,-0.8923,-0.8056,-0.4307,0.4786,-0.314,25.2125,36.452,150.6246,1.0829
60.367,1811,,0.0258,0.2545,-1.1678,1.6673,1.4223,0.853,-0.59,-0.1995,0.2511,-0.2207,0.0922,-0.5486,-0.9341,-0.8412,-0.4506,0.4718,-0.3129,24.1573,35.6229,151.2058,1.1085
60.4,1812,,-0.0122,0.2254,-1.2457,1.7019,1.4711,0.8644,-0.6561,-0.2465,0.2222,-0.2419,0.0921,-0.6105,-1.0072,-0.8782,-0.4687,0.464,-0.3339,22.3957,35.2436,151.8257,1.1336
60.433,1813,,-0.017,0.2166,-1.2693,1.7118,1.4859,0.868,-0.6737,-0.2489,0.2149,-0.2446,0.091,-0.626,-1.0288,-0.8886,-0.4638,0.4595,-0.3356,22.5768,36.6995,151.6564,1.1555
60.467,1814,,-0.0187,0.2115,-1.2854,1.7201,1.4969,0.8702,-0.6801,-0.2485,0.211,-0.2455,0.0905,-0.6358,-1.043,-0.8911,-0.4596,0.4566,-0.336,22.9193,37.3329,151.1353,1.1642
60.5,1815,,-0.0299,0.1989,-1.3144,1.7285,1.5132,0.8754,-0.6358,-0.2584,0.1986,-0.2604,0.0902,-0.6565,-1.0697,-0.8344,-0.4569,0.459,-0.3506,21.7428,37.5308,151.2674,1.1775
60.533,1816,,-0.019,0.2018,-1.3093,1.728,1.5111,0.8745,-0.6327,-0.2381,0.2001,-0.271,0.0893,-0.6451,-1.0647,-0.8328,-0.4382,0.4711,-0.3603,20.7301,38.4065,150.8226,1.1873
60.567,1817,,-0.0141,0.206,-1.3121,1.7389,1.5181,0.873,-0.6357,-0.2294,0.2012,-0.2785,0.0886,-0.6455,-1.0677,-0.8369,-0.4306,0.4797,-0.3671,19.5595,37.8255,151.2204,1.1838
60.6,1818,,0.0024,0.2194,-1.2969,1.7464,1.5163,0.8682,-0.6186,-0.2076,0.2123,-0.2753,0.088,-0.6281,-1.0534,-0.8309,-0.4199,0.4876,-0.3633,20.22,37.3869,151.705,1.1878
60.633,1819,,-0.0066,0.2178,-1.3186,1.7676,1.5364,0.8692,-0.6311,-0.2198,0.2066,-0.2907,0.0876,-0.642,-1.0729,-0.8377,-0.4264,0.4974,-0.3783,20.302,35.9676,152.7635,1.1993
60.667,1820,,-0.0521,0.1842,-1.3982,1.7935,1.5823,0.8823,-0.6951,-0.2734,0.1692,-0.3395,0.0873,-0.7064,-1.1472,-0.8643,-0.4426,0.5087,-0.4268,19.3876,33.7376,154.0058,1.2209
60.7,1821,,-0.0606,0.1784,-1.421,1.8067,1.5994,0.8852,-0.7012,-0.2833,0.162,-0.3592,0.0859,-0.724,-1.1667,-0.8633,-0.4453,0.5212,-0.4451,20.978,33.7384,154.8699,1.2277
60.733,1822,,-0.0834,0.1625,-1.474,1.8343,1.6364,0.8921,-0.7168,-0.3109,0.1441,-0.3944,0.0841,-0.7654,-1.2133,-0.8609,-0.4551,0.5385,-0.4785,24.0081,34.4765,156.0358,1.2352
60.767,1823,,-0.1642,0.1003,-1.6216,1.8809,1.7219,0.9155,-0.7967,-0.4061,0.0777,-0.464,0.0842,-0.8885,-1.3505,-0.8744,-0.4838,0.5418,-0.5482,21.6678,31.3734,156.9937,1.2923
60.8,1824,,-0.1214,0.1464,-1.577,1.9181,1.7234,0.8985,-0.781,-0.3645,0.1217,-0.4244,0.0837,-0.849,-1.3047,-0.9027,-0.4862,0.5462,-0.5081,23.0716,30.3359,156.7399,1.2542
60.833,1825,,-0.0789,0.1862,-1.5484,1.9644,1.7346,0.883,-0.6951,-0.3214,0.1636,-0.3978,0.0839,-0.8183,-1.2734,-0.8588,-0.485,0.5614,-0.4817,24.0736,29.2657,156.8999,1.2537
60.867,1826,,0.0345,0.3148,-1.4193,2.0808,1.7341,0.8334,-0.5489,-0.2188,0.2877,-0.3071,0.0836,-0.696,-1.1488,-0.8366,-0.5065,0.5949,-0.3908,28.059,26.5218,158.3458,1.2776
60.9,1827,,0.1704,0.4514,-1.2311,2.1599,1.6824,0.779,-0.3722,-0.081,0.4219,-0.1841,0.0825,-0.5308,-0.9676,-0.794,-0.5029,0.6059,-0.2666,35.4005,24.2716,159.4841,1.302
60.933,1828,,0.2978,0.5628,-1.0307,2.1799,1.5935,0.731,-0.221,0.0601,0.5355,-0.0633,0.079,-0.358,-0.7772,-0.7565,-0.4755,0.5989,-0.1423,54.2965,24.4242,159.4128,1.2973
60.967,1829,,0.2927,0.5513,-1.008,2.1567,1.5594,0.723,-0.1986,0.0625,0.5229,-0.0811,0.0801,-0.3425,-0.7649,-0.7215,-0.4604,0.604,-0.1612,49.3426,24.4355,159.0335,1.2684
61.0,1830,,0.3493,0.5935,-0.9282,2.2019,1.5217,0.6911,-0.1223,0.1372,0.5615,-0.0762,0.0796,-0.2854,-0.7018,-0.6837,-0.4242,0.6377,-0.1558,50.106,25.5431,157.1701,1.2739
61.033,1831,,0.3968,0.6186,-0.835,2.1823,1.4536,0.6661,-0.0538,0.2048,0.5889,-0.0576,0.08,-0.2133,-0.6255,-0.6428,-0.3842,0.6465,-0.1376,52.5904,26.5601,155.0049,1.2778
61.067,1832,,0.4373,0.6317,-0.7305,2.1161,1.3622,0.6437,0.009,0.2657,0.6089,-0.0267,0.0816,-0.1335,-0.5429,-0.5999,-0.3432,0.6356,-0.1083,56.3398,28.3254,152.2187,1.2813
61.1,1833,,0.5535,0.727,-0.5145,2.0995,1.2414,0.5913,0.1225,0.3998,0.7073,0.1054,0.0827,0.0338,-0.3614,-0.5848,-0.3075,0.6019,0.0227,92.1728,30.3752,149.6652,1.3046
61.133,1834,,0.623,0.782,-0.35,2.0524,1.1319,0.5515,0.1973,0.4795,0.7664,0.1909,0.0831,0.1407,-0.2301,-0.5691,-0.2869,0.5756,0.1078,121.8943,33.0741,147.363,1.297
61.167,1835,,0.6861,0.8263,-0.2119,1.9986,1.0383,0.5195,0.2817,0.5549,0.8173,0.259,0.0835,0.2288,-0.117,-0.5356,-0.2624,0.5583,0.1755,139.6325,36.1069,144.8893,1.2888
61.2,1836,,0.7602,0.8685,-0.0641,1.8973,0.9326,0.4915,0.3871,0.6523,0.8682,0.3372,0.0833,0.3408,0.019,-0.481,-0.2159,0.531,0.2539,150.1996,40.3213,140.6378,1.2283
61.233,1837,,0.8187,0.9401,0.0308,1.9707,0.9094,0.4614,0.4691,0.7099,0.9275,0.4019,0.0811,0.4142,0.106,-0.4584,-0.2176,0.5256,0.3208,156.11,42.1146,136.8288,1.3263
61.267,1838,,0.8401,0.9418,0.0277,1.987,0.9141,0.46,0.516,0.7476,0.9327,0.4128,0.081,0.4432,0.1454,-0.4167,-0.1851,0.5199,0.3318,156.1615,46.3179,131.9116,1.3479
61.3,1839,,0.8512,0.9353,0.0085,2.0259,0.9268,0.4575,0.5375,0.7676,0.9349,0.4187,0.0804,0.4631,0.1776,-0.3974,-0.1672,0.5161,0.3383,155.4146,48.3337,128.9228,1.391
61.333,1840,,0.8667,0.9446,-0.0088,2.0994,0.9534,0.4541,0.5739,0.796,0.9375,0.4228,0.0801,0.498,0.2214,-0.3636,-0.1415,0.5148,0.3427,155.3073,52.6834,124.6613,1.3949
61.367,1841,,0.8878,0.9631,-0.0229,2.1981,0.986,0.4486,0.5985,0.8281,0.9474,0.4386,0.0798,0.5507,0.2753,-0.3489,-0.1194,0.5088,0.3589,155.5773,57.2254,119.7075,1.3918
61.4,1842,,0.9238,0.9814,-0.0078,2.2296,0.9892,0.4437,0.6431,0.883,0.9645,0.4527,0.0822,0.6254,0.3474,-0.3214,-0.0815,0.5118,0.3705,156.3511,65.3932,112.7212,1.3067
61.433,1843,,0.9519,0.9887,0.0018,2.2332,0.987,0.442,0.7016,0.9283,0.9755,0.4603,0.084,0.6855,0.4176,-0.2739,-0.0473,0.5152,0.3763,156.8384,72.5715,105.892,1.2608
61.467,1844,,0.9706,0.9928,0.0136,2.2216,0.9792,0.4408,0.7446,0.9572,0.984,0.466,0.0856,0.7216,0.4638,-0.2394,-0.0268,0.5179,0.3804,157.7898,76.8875,101.6889,1.2436
61.5,1845,,0.9815,1.0015,0.0221,2.193,0.9794,0.4466,0.7779,0.9802,0.9827,0.4714,0.0865,0.7456,0.4974,-0.2048,-0.0025,0.5113,0.3849,160.2136,82.8875,96.2927,1.2517
61.533,1846,,0.9689,1.0417,0.0574,2.2139,0.9843,0.4446,,1.0185,0.9193,0.5248,0.087,0.772,0.5851,,0.0992,0.3945,0.4378,159.8501,103.5538,71.3459,1.4947
61.567,1847,,0.987,1.0145,0.0282,2.2219,0.9862,0.4439,0.8408,1.0027,0.9712,0.4859,0.0874,0.7901,0.5472,-0.1304,0.0315,0.4853,0.3986,156.2357,86.3933,87.7336,1.3764
61.6,1848,,0.9949,1.0546,0.05,2.3073,1.0046,0.4354,0.8977,1.0416,0.9483,0.5157,0.0875,0.837,0.6075,-0.0506,0.0933,0.4326,0.4281,154.8664,96.0291,73.7866,1.5322
61.633,1849,,1.0055,1.0863,0.0415,2.4668,1.0448,0.4235,0.9308,1.0624,0.9487,0.511,0.0875,0.8583,0.626,-0.0179,0.1137,0.4377,0.4235,153.8053,98.7653,69.1092,1.5859
61.667,1850,,1.0101,1.0963,0.0417,2.5278,1.0546,0.4172,0.9722,1.0743,0.9458,0.5004,0.0874,0.8492,0.6105,0.0264,0.1285,0.4454,0.413,154.196,101.4763,65.823,1.5868
61.7,1851,,0.9993,1.1012,0.0398,2.5384,1.0614,0.4181,,1.087,0.9116,0.5133,0.0861,0.8662,0.6365,,0.1753,0.3984,0.4271,160.8567,114.0496,55.5652,1.8109
61.733,1852,,1.0139,1.1116,0.0639,2.6099,1.0477,0.4014,0.9951,1.0934,0.9343,0.4826,0.0866,0.8567,0.6149,0.0607,0.1591,0.4517,0.396,155.8508,106.613,60.6421,1.5333
61.767,1853,,1.0117,1.1105,0.0824,2.6459,1.0281,0.3886,1.0005,1.0947,0.9288,0.4786,0.0853,0.8542,0.5999,0.0717,0.1659,0.4502,0.3933,155.8096,108.314,59.6201,1.4699
61.8,1854,,1.0093,1.1149,0.0651,2.713,1.0498,0.387,1.0015,1.0981,0.9206,0.4773,0.0835,0.859,0.5923,0.0809,0.1774,0.4434,0.3937,153.7922,109.9601,58.0835,1.438
61.833,1855,,1.0068,1.1189,0.0457,2.7766,1.0732,0.3865,1.0002,1.0996,0.9141,0.4751,0.0818,0.8598,0.5855,0.0861,0.1854,0.4391,0.3933,149.7991,109.2164,57.6517,1.4615
61.867,1856,,1.0011,1.1191,0.0211,2.829,1.098,0.3881,0.9965,1.0949,0.9072,0.4654,0.0799,0.8553,0.5832,0.0893,0.1876,0.4419,0.3855,146.0818,108.4172,58.0498,1.4905
61.9,1857,,0.9936,1.119,0.0064,2.8608,1.1127,0.3889,0.9922,1.0904,0.8969,0.4583,0.0784,0.8478,0.571,0.0953,0.1935,0.4385,0.3799,141.6395,107.716,57.9717,1.5064
61.933,1858,,0.9895,1.1156,0.0004,2.8565,1.1152,0.3904,0.9915,1.0879,0.8911,0.4586,0.0778,0.8485,0.5616,0.1004,0.1968,0.4324,0.3808,140.1601,107.2836,58.0693,1.5174
61.967,1859,,0.9863,1.1121,-0.0021,2.8467,1.1142,0.3914,0.9867,1.0835,0.889,0.4591,0.0776,0.849,0.557,0.0977,0.1946,0.4299,0.3814,139.9215,105.8422,59.0596,1.5195
62.0,1860,,0.9828,1.1088,-0.0066,2.8419,1.1154,0.3925,0.9796,1.078,0.8876,0.4572,0.0773,0.8338,0.5433,0.0919,0.1904,0.4304,0.3799,138.0864,102.8676,60.4815,1.5019
62.033,1861,,0.9524,1.0736,0.0024,2.6875,1.0712,0.3986,0.9048,1.0531,0.8517,0.466,0.0779,0.7797,0.5066,0.0531,0.2014,0.3857,0.3881,133.3282,95.4089,62.1293,1.4294
62.067,1862,,0.962,1.0492,0.0039,2.5499,1.0453,0.4099,0.9674,1.0436,0.8804,0.4769,0.078,0.7837,0.5072,0.0869,0.1632,0.4036,0.3988,134.92,89.2287,68.5109,1.3791
62.1,1863,,0.9625,1.062,0.004,2.6032,1.058,0.4064,0.9623,1.0472,0.8778,0.4784,0.078,0.8004,0.4997,0.0844,0.1694,0.3995,0.4003,133.3843,87.6438,67.9579,1.3646
62.133,1864,,0.962,1.0632,0.0057,2.6028,1.0576,0.4063,0.9601,1.0459,0.8781,0.4809,0.0781,0.8014,0.4973,0.082,0.1678,0.3972,0.4028,131.0818,84.4774,68.7034,1.3357
62.167,1865,,0.9591,1.0551,0.0061,2.5635,1.0489,0.4092,0.9604,1.0387,0.8794,0.4872,0.0781,0.7874,0.4903,0.081,0.1594,0.3922,0.4091,128.4197,80.786,70.3737,1.305
62.2,1866,,0.9577,1.0503,0.0087,2.5351,1.0416,0.4109,0.9588,1.0332,0.8822,0.4927,0.0782,0.7811,0.4918,0.0766,0.151,0.3895,0.4145,124.6697,77.6662,71.8937,1.291
62.233,1867,,0.9549,1.0476,0.0101,2.5184,1.0375,0.412,0.9554,1.027,0.8829,0.4989,0.0783,0.7743,0.4783,0.0725,0.144,0.3841,0.4206,121.5038,74.5401,72.9471,1.2782
62.267,1868,,0.9522,1.0441,0.0097,2.497,1.0344,0.4142,0.954,1.0208,0.8836,0.5069,0.0783,0.7711,0.4702,0.0705,0.1372,0.3767,0.4286,118.9973,71.3192,74.0505,1.2613
62.3,1869,,0.9431,1.0377,0.0054,2.4759,1.0323,0.4169,0.9466,1.0093,0.877,0.5109,0.0782,0.7572,0.4617,0.0696,0.1323,0.3661,0.4327,118.2469,69.3198,74.4546,1.2554
62.333,1870,,0.9317,1.0312,-0.0004,2.4553,1.0316,0.4201,0.938,0.9973,0.8661,0.5127,0.0778,0.7407,0.4559,0.0718,0.1312,0.3534,0.4349,116.7823,67.4914,74.4573,1.2511
62.367,1871,,0.9199,1.0261,-0.0058,2.4374,1.0319,0.4234,0.9314,0.9874,0.8523,0.5157,0.0775,0.7327,0.4571,0.0791,0.1352,0.3366,0.4382,114.1858,64.788,74.1357,1.251
62.4,1872,,0.9065,1.0212,-0.0126,2.4268,1.0338,0.426,0.9225,0.9762,0.8368,0.5114,0.0771,0.7213,0.4461,0.0857,0.1394,0.3254,0.4343,112.233,63.2237,73.448,1.244
62.433,1873,,0.8924,1.0195,-0.0193,2.4272,1.0387,0.428,0.9132,0.9674,0.8174,0.5048,0.0766,0.7138,0.4445,0.0959,0.1501,0.3125,0.4282,109.9667,62.4096,71.9376,1.2551
62.467,1874,,0.8767,1.0201,-0.0225,2.4316,1.0426,0.4288,0.9028,0.9582,0.7951,0.4943,0.0764,0.7087,0.4478,0.1077,0.1632,0.3008,0.4179,107.7134,62.2482,70.1254,1.2714
62.5,1875,,0.8629,1.0159,-0.0205,2.4078,1.0364,0.4304,0.894,0.949,0.7769,0.4886,0.0766,0.7043,0.445,0.1171,0.1721,0.2883,0.412,105.0906,60.9191,68.957,1.2915
62.533,1876,,0.8482,1.0106,-0.017,2.3762,1.0275,0.4324,0.8863,0.9417,0.7547,0.4849,0.0769,0.7012,0.4406,0.1316,0.187,0.2699,0.408,101.9271,59.8004,67.1566,1.3087
62.567,1877,,0.8294,1.002,-0.0158,2.3389,1.0178,0.4351,0.8783,0.9308,0.7281,0.4798,0.077,0.6957,0.4321,0.1502,0.2027,0.2483,0.4028,98.8629,58.5472,65.1623,1.314
62.6,1878,,0.8074,0.9919,-0.0134,2.2954,1.0052,0.4379,0.8751,0.919,0.6958,0.4779,0.0773,0.6898,0.4298,0.1793,0.2232,0.2179,0.4006,95.5086,57.7864,62.2082,1.3223
62.633,1879,,0.7873,0.985,-0.0151,2.27,1.0001,0.4406,0.8698,0.9062,0.6684,0.4699,0.0772,0.6881,0.4381,0.2014,0.2378,0.1985,0.3927,94.2282,58.6882,59.2874,1.3382
62.667,1880,,0.7662,0.9771,-0.0186,2.2455,0.9957,0.4434,0.8618,0.8915,0.641,0.4588,0.0771,0.6832,0.4398,0.2209,0.2505,0.1821,0.3817,93.1505,59.5496,56.4573,1.3513
62.7,1881,,0.7515,0.9643,-0.0311,2.2153,0.9954,0.4493,0.8564,0.8744,0.6286,0.4456,0.0762,0.672,0.4334,0.2278,0.2458,0.183,0.3694,94.494,61.7263,54.3433,1.3865
62.733,1882,,0.7421,0.958,-0.0381,2.1975,0.9961,0.4533,0.8512,0.8626,0.6217,0.4352,0.0756,0.6627,0.4256,0.2296,0.2409,0.1864,0.3597,95.1402,63.6433,52.4833,1.4232
62.767,1883,,0.7343,0.9515,-0.0454,2.179,0.9969,0.4575,0.8479,0.8596,0.609,0.4304,0.0749,0.6627,0.4297,0.2389,0.2506,0.1786,0.3554,96.3807,66.4414,48.9095,1.4932
62.8,1884,,0.724,0.9443,-0.0477,2.1551,0.992,0.4603,0.8442,0.8537,0.5943,0.4264,0.0747,0.6686,0.4626,0.2499,0.2593,0.168,0.3517,97.5026,69.2701,44.9493,1.5573
62.833,1885,,0.7154,0.9497,-0.0457,2.1685,0.9954,0.459,0.8432,0.8546,0.5761,0.4248,0.0748,0.6799,0.4971,0.2671,0.2785,0.1513,0.35,97.3455,71.692,40.1532,1.6215
62.867,1886,,0.7635,0.9943,-0.0411,2.2576,1.0353,0.4586,0.893,0.9074,0.6195,0.4533,0.0752,0.7257,0.4934,0.2734,0.2879,0.1662,0.3782,104.6979,78.9334,36.3734,1.7941
62.9,1887,,0.6972,0.9355,-0.0397,2.1066,0.9752,0.4629,0.8455,0.8451,0.5492,0.4198,0.0752,0.6711,0.47,0.2962,0.2959,0.1294,0.3446,98.9554,78.8194,30.683,1.6744
62.933,1888,,0.6906,0.9234,-0.038,2.0622,0.9614,0.4662,0.8521,0.8399,0.5412,0.4172,0.0753,0.6576,0.4614,0.3109,0.2987,0.124,0.3419,100.0597,83.9958,25.2346,1.6035
62.967,1889,,0.6887,0.9163,-0.0348,2.0328,0.9511,0.4679,0.8608,0.8368,0.5406,0.4163,0.0755,0.6453,0.4467,0.3202,0.2962,0.1243,0.3408,101.9457,90.6294,19.1271,1.5437
63.0,1890,sitting,0.6933,0.9169,-0.0364,2.0391,0.9534,0.4675,0.8735,0.8408,0.5458,0.4176,0.0753,0.6477,0.435,0.3277,0.295,0.1282,0.3423,103.9204,98.8469,12.0042,1.4848
63.033,1891,sitting,0.6967,0.9296,-0.0373,2.0863,0.967,0.4635,0.897,0.8446,0.5488,0.4202,0.0752,0.648,0.424,0.3482,0.2958,0.1286,0.3451,105.2674,104.2609,6.903,1.4639
63.067,1892,sitting,0.7034,0.9502,-0.038,2.161,0.9882,0.4573,0.9206,0.8528,0.5541,0.4238,0.0751,0.6486,0.4149,0.3665,0.2987,0.1303,0.3487,106.3644,108.5884,2.7926,1.4629
63.1,1893,sitting,0.7092,0.9688,-0.0346,2.2232,1.0034,0.4513,0.9457,0.8619,0.5564,0.4309,0.0754,0.6502,0.4305,0.3892,0.3055,0.1256,0.3555,106.867,111.4512,0.9387,1.4639
63.133,1894,sitting,0.7166,0.985,-0.0302,2.277,1.0152,0.4458,0.9644,0.8722,0.561,0.4364,0.0758,0.6549,0.4491,0.4033,0.3112,0.1246,0.3606,107.4429,114.932,4.8001,1.4678
63.167,1895,sitting,0.7232,1.0009,-0.03,2.3377,1.0309,0.441,0.9834,0.8822,0.5642,0.4418,0.0758,0.6598,0.4649,0.4192,0.318,0.1224,0.366,107.527,117.7776,8.224,1.4739
63.2,1896,sitting,0.7267,1.0141,-0.0296,2.3898,1.0437,0.4367,1.0002,0.8888,0.5646,0.4491,0.0759,0.6618,0.4699,0.4356,0.3243,0.1155,0.3732,106.6117,119.9657,11.6243,1.4831
63.233,1897,sitting,0.7313,1.0277,-0.0258,2.4377,1.0535,0.4322,1.0139,0.897,0.5657,0.4588,0.0762,0.6616,0.4695,0.4483,0.3314,0.1069,0.3826,105.4972,120.4971,13.5883,1.5016
63.267,1898,sitting,0.7335,1.0391,-0.0244,2.482,1.0635,0.4285,1.0288,0.9013,0.5657,0.4655,0.0763,0.6604,0.4729,0.4631,0.3356,0.1002,0.3892,104.5127,120.4764,14.8483,1.5119
63.3,1899,sitting,0.7365,1.055,-0.0232,2.5438,1.0782,0.4239,1.0418,0.9068,0.5663,0.4691,0.0764,0.6619,0.484,0.4755,0.3404,0.0973,0.3927,103.7034,121.4517,16.5259,1.5266
63.333,1900,sitting,0.7376,1.0575,-0.0217,2.5508,1.0793,0.4231,1.0451,0.9088,0.5664,0.4735,0.0766,0.6583,0.482,0.4786,0.3424,0.093,0.3969,102.653,122.4221,18.3702,1.5189
63.367,1901,sitting,0.7375,1.0588,-0.0207,2.5542,1.0795,0.4226,1.0467,0.9085,0.5664,0.4766,0.0767,0.6558,0.4861,0.4803,0.3421,0.0898,0.4,101.7127,123.6887,20.2264,1.5032
63.4,1902,sitting,0.7363,1.064,-0.0199,2.574,1.0838,0.4211,1.0508,0.907,0.5656,0.4808,0.0768,0.6533,0.4914,0.4852,0.3413,0.0848,0.404,100.803,124.0746,21.4372,1.5019
63.433,1903,sitting,0.7351,1.0707,-0.0198,2.6012,1.0905,0.4192,1.0558,0.9053,0.5649,0.4855,0.0768,0.6504,0.4965,0.4908,0.3403,0.0795,0.4086,99.8644,124.257,22.4756,1.5041
63.467,1904,sitting,0.7339,1.0728,-0.0207,2.6111,1.0935,0.4188,1.0571,0.9039,0.5639,0.4881,0.0768,0.6478,0.4995,0.4932,0.34,0.0758,0.4114,99.692,124.8371,23.6058,1.5027
63.5,1905,sitting,0.733,1.0763,-0.0216,2.6273,1.0979,0.4179,1.0591,0.9024,0.5636,0.4896,0.0767,0.6453,0.4991,0.4955,0.3388,0.074,0.4129,100.5252,125.6696,24.6509,1.5078
63.533,1906,sitting,0.7319,1.0799,-0.0236,2.6451,1.1034,0.4172,1.0617,0.901,0.5628,0.4894,0.0766,0.6424,0.4973,0.4988,0.3382,0.0734,0.4129,101.8256,126.3086,25.3855,1.517
63.567,1907,sitting,0.7335,1.0839,-0.0274,2.6667,1.1114,0.4168,1.0652,0.9021,0.565,0.4898,0.0762,0.6429,0.4985,0.5003,0.3372,0.0751,0.4136,103.5368,126.852,25.8181,1.5305
63.6,1908,sitting,0.7358,1.0862,-0.0322,2.6829,1.1184,0.4169,1.0676,0.9043,0.5673,0.4879,0.0757,0.645,0.5026,0.5003,0.337,0.0795,0.4122,105.5297,127.8257,26.2986,1.5356
63.633,1909,sitting,0.7414,1.0913,-0.0364,2.7066,1.1277,0.4166,1.073,0.9106,0.5721,0.4886,0.0752,0.6513,0.5169,0.5009,0.3385,0.0835,0.4134,107.461,128.5496,26.5275,1.5448
63.667,1910,sitting,0.7479,1.0977,-0.0414,2.7357,1.1391,0.4164,1.0798,0.9177,0.578,0.4886,0.0747,0.6607,0.5391,0.5019,0.3398,0.0894,0.4139,109.3308,129.4776,26.6902,1.559
63.7,1911,sitting,0.754,1.1045,-0.0483,2.7674,1.1528,0.4165,1.0877,0.9255,0.5824,0.4883,0.074,0.6727,0.5665,0.5052,0.3431,0.0941,0.4143,110.7114,130.1253,26.6691,1.5768
63.733,1912,sitting,0.7615,1.1122,-0.0554,2.8,1.1675,0.417,1.0963,0.9343,0.5887,0.4885,0.0733,0.6886,0.5915,0.5076,0.3457,0.1001,0.4153,111.9215,130.9171,26.6754,1.5999
63.767,1913,sitting,0.7676,1.1176,-0.0629,2.8244,1.1805,0.418,1.1033,0.9416,0.5937,0.4895,0.0725,0.7028,0.6144,0.5096,0.3479,0.1042,0.417,112.7319,131.412,26.6287,1.6215
63.8,1914,sitting,0.772,1.1226,-0.0673,2.8449,1.1899,0.4183,1.1088,0.9466,0.5974,0.4906,0.072,0.7132,0.632,0.5113,0.3492,0.1068,0.4186,112.8574,131.5789,26.5176,1.6377
63.833,1915,sitting,0.7744,1.1263,-0.0685,2.8589,1.1948,0.4179,1.1129,0.9498,0.5989,0.4922,0.0719,0.7185,0.6402,0.514,0.3509,0.1067,0.4203,112.1229,131.4457,26.4958,1.6418
63.867,1916,sitting,0.7753,1.1265,-0.067,2.8564,1.1935,0.4178,1.1136,0.9508,0.5998,0.4935,0.0721,0.7223,0.6455,0.5139,0.351,0.1063,0.4214,111.209,131.2451,26.4843,1.6362
63.9,1917,sitting,0.7755,1.1249,-0.0673,2.8493,1.1922,0.4184,1.1128,0.9511,0.5999,0.4954,0.072,0.7232,0.6519,0.513,0.3512,0.1045,0.4233,110.2453,130.8323,26.4498,1.6281
63.933,1918,sitting,0.7755,1.1245,-0.0684,2.8483,1.1929,0.4188,1.1129,0.9515,0.5996,0.4962,0.0719,0.7243,0.6593,0.5133,0.3519,0.1034,0.4243,109.0622,130.41,26.4207,1.6231
63.967,1919,sitting,0.7747,1.1235,-0.0699,2.8464,1.1934,0.4193,1.1124,0.9515,0.5978,0.4984,0.0718,0.7253,0.6619,0.5146,0.3537,0.0994,0.4267,107.7753,129.5048,26.2075,1.6177
64.0,1920,sitting,0.7739,1.1202,-0.0717,2.8361,1.192,0.4203,1.1102,0.9514,0.5964,0.5005,0.0716,0.7259,0.6652,0.5138,0.355,0.096,0.4289,106.5191,129.0265,26.2701,1.6062
64.033,1921,sitting,0.7718,1.1183,-0.0752,2.8352,1.1935,0.421,1.1088,0.9501,0.5935,0.5017,0.0712,0.7251,0.6693,0.5153,0.3566,0.0918,0.4305,105.2867,128.5086,26.3602,1.5969
64.067,1922,sitting,0.772,1.1183,-0.0769,2.8421,1.1952,0.4205,1.1083,0.9508,0.5933,0.5038,0.071,0.7256,0.6733,0.5151,0.3575,0.0895,0.4328,104.7522,127.8471,26.0884,1.5926
64.1,1923,sitting,0.7733,1.1194,-0.0779,2.8485,1.1973,0.4203,1.108,0.9527,0.5938,0.5065,0.0709,0.7267,0.677,0.5141,0.3589,0.0873,0.4356,104.6393,127.0902,25.6581,1.5944
64.133,1924,sitting,0.7737,1.1207,-0.08,2.8572,1.2007,0.4202,1.1073,0.954,0.5935,0.5076,0.0707,0.7273,0.6798,0.5138,0.3605,0.0858,0.437,104.3867,126.5721,25.3595,1.5954
64.167,1925,sitting,0.7739,1.1212,-0.0814,2.8621,1.2027,0.4202,1.1059,0.9546,0.5932,0.5077,0.0705,0.7273,0.6802,0.5127,0.3613,0.0855,0.4372,104.3366,126.2514,25.1026,1.5982
64.2,1926,sitting,0.7747,1.1215,-0.0814,2.8634,1.2029,0.4201,1.1055,0.9555,0.5939,0.5073,0.0705,0.727,0.6788,0.5115,0.3616,0.0866,0.4368,104.6891,126.0342,24.7611,1.6019
64.233,1927,sitting,0.776,1.1228,-0.0804,2.8669,1.2032,0.4197,1.1061,0.9564,0.5956,0.508,0.0706,0.7271,0.6788,0.5105,0.3607,0.0877,0.4373,105.1575,125.8545,24.4326,1.6096
64.267,1928,sitting,0.777,1.1237,-0.0788,2.8679,1.2025,0.4193,1.1063,0.957,0.597,0.5081,0.0708,0.7266,0.6774,0.5093,0.36,0.0889,0.4373,105.7304,125.709,24.1184,1.6178
64.3,1929,sitting,0.777,1.1239,-0.0784,2.8686,1.2024,0.4191,1.106,0.9565,0.5976,0.5078,0.0709,0.7232,0.6652,0.5085,0.3589,0.0897,0.437,106.2223,125.6117,23.8885,1.6269
64.333,1930,sitting,0.7766,1.1241,-0.0777,2.8685,1.2018,0.419,1.1055,0.9558,0.5974,0.5069,0.0709,0.7189,0.6442,0.5081,0.3584,0.0905,0.436,106.5906,125.6559,23.768,1.6369
64.367,1931,sitting,0.7764,1.1238,-0.0768,2.8658,1.2006,0.4189,1.1045,0.9556,0.5972,0.5067,0.071,0.7198,0.6236,0.5073,0.3584,0.0905,0.4356,106.7783,125.9046,23.8737,1.6462
64.4,1932,sitting,0.7764,1.1235,-0.0756,2.8615,1.199,0.419,1.1038,0.9556,0.5973,0.5076,0.0712,0.7202,0.6001,0.5065,0.3584,0.0896,0.4365,106.8695,126.1625,24.1543,1.6507
64.433,1933,sitting,0.7756,1.1228,-0.0755,2.858,1.1983,0.4193,1.1028,0.9551,0.5961,0.5085,0.0712,0.7198,0.5726,0.5067,0.359,0.0876,0.4373,106.6031,126.6117,24.6997,1.6492
64.467,1934,sitting,0.7755,1.1226,-0.0767,2.8583,1.1993,0.4196,1.102,0.955,0.596,0.5087,0.071,0.7192,0.5485,0.506,0.359,0.0873,0.4377,106.5296,126.9414,25.0339,1.649
64.5,1935,sitting,0.7733,1.1224,-0.0776,2.8594,1.2,0.4197,1.1012,0.9533,0.5933,0.5084,0.0709,0.7154,0.5259,0.5079,0.36,0.0848,0.4375,106.2228,127.1202,25.5024,1.6449
64.533,1936,sitting,0.7702,1.1225,-0.0779,2.8605,1.2004,0.4196,1.1009,0.9519,0.5884,0.5092,0.0709,0.7107,0.5099,0.5125,0.3635,0.0792,0.4383,105.6549,127.2391,26.2401,1.6378
64.567,1937,sitting,0.7677,1.1223,-0.0793,2.8627,1.2016,0.4197,1.1009,0.9507,0.5846,0.5086,0.0708,0.7074,0.5022,0.5163,0.366,0.076,0.4379,105.2478,127.6274,26.9687,1.6312
64.6,1938,sitting,0.7658,1.1226,-0.0804,2.8667,1.203,0.4197,1.1009,0.9498,0.5817,0.5091,0.0706,0.7041,0.4982,0.5192,0.3681,0.0726,0.4385,104.6715,127.5619,27.374,1.6239
64.633,1939,sitting,0.7645,1.1233,-0.0819,2.8732,1.2051,0.4194,1.1011,0.9495,0.5796,0.5091,0.0705,0.7026,0.4969,0.5215,0.3699,0.0704,0.4387,104.1648,127.4558,27.6079,1.6173
64.667,1940,sitting,0.7652,1.1251,-0.0814,2.8814,1.2066,0.4187,1.1026,0.9509,0.5795,0.5106,0.0705,0.703,0.4969,0.5231,0.3714,0.0688,0.4401,103.936,127.5588,27.9472,1.6122
64.7,1941,sitting,0.7657,1.1261,-0.0806,2.8852,1.2067,0.4183,1.104,0.9526,0.5788,0.5113,0.0706,0.7036,0.4972,0.5252,0.3738,0.0675,0.4407,103.7685,127.6555,28.2445,1.6043
64.733,1942,sitting,0.7667,1.1278,-0.0809,2.8938,1.2086,0.4177,1.1056,0.9544,0.579,0.5123,0.0706,0.7046,0.4972,0.5266,0.3755,0.0667,0.4417,103.5732,127.7706,28.4806,1.5953
64.767,1943,sitting,0.7686,1.1291,-0.0803,2.899,1.2094,0.4172,1.1079,0.9563,0.5809,0.5128,0.0706,0.7061,0.4993,0.5271,0.3754,0.0681,0.4422,103.6488,128.1931,28.7566,1.5856
64.8,1944,sitting,0.7686,1.1285,-0.0833,2.9034,1.2118,0.4174,1.1078,0.9559,0.5814,0.5125,0.0703,0.7053,0.4994,0.5264,0.3745,0.0689,0.4421,103.5834,128.4831,29.0029,1.5748
64.833,1945,sitting,0.7682,1.1287,-0.0855,2.909,1.2142,0.4174,1.1078,0.9548,0.5817,0.5128,0.0701,0.7043,0.501,0.5261,0.3731,0.0689,0.4427,103.4532,128.8192,29.4012,1.5664
64.867,1946,sitting,0.7681,1.1294,-0.0861,2.9132,1.2156,0.4173,1.1085,0.9543,0.582,0.5131,0.07,0.705,0.5044,0.5264,0.3722,0.069,0.4431,103.4475,129.1355,29.7661,1.56
64.9,1947,sitting,0.7681,1.1299,-0.0861,2.9151,1.2161,0.4172,1.1093,0.9542,0.582,0.5134,0.07,0.7052,0.5076,0.5274,0.3722,0.0685,0.4434,103.6175,129.3764,30.124,1.5549
64.933,1948,sitting,0.7684,1.1299,-0.085,2.9132,1.2149,0.417,1.1096,0.9542,0.5827,0.5144,0.0701,0.7057,0.5126,0.5269,0.3716,0.0683,0.4442,104.0444,129.9035,30.6858,1.5507
64.967,1949,sitting,0.7695,1.1299,-0.0846,2.9123,1.2146,0.417,1.1095,0.9545,0.5845,0.5151,0.0702,0.7064,0.5221,0.525,0.37,0.0694,0.4449,104.7108,130.4507,31.0921,1.5498
65.0,1950,sitting,0.7707,1.1299,-0.084,2.9111,1.2139,0.417,1.1092,0.9544,0.587,0.5151,0.0703,0.706,0.531,0.5222,0.3674,0.0719,0.4448,105.7821,131.2013,31.5033,1.546
65.033,1951,sitting,0.7738,1.1305,-0.0828,2.9111,1.2133,0.4168,1.1096,0.9556,0.5921,0.5157,0.0704,0.706,0.5419,0.5176,0.3635,0.0763,0.4453,106.8142,131.8511,31.6326,1.5374
65.067,1952,sitting,0.7766,1.1309,-0.0825,2.9105,1.2135,0.4169,1.1102,0.9573,0.5958,0.5152,0.0704,0.7072,0.5594,0.5144,0.3615,0.0806,0.4448,107.6988,131.9582,31.4194,1.5257
65.1,1953,sitting,0.78,1.1321,-0.0818,2.9109,1.2139,0.417,1.1116,0.9597,0.6002,0.5156,0.0705,0.7084,0.5815,0.5114,0.3595,0.0846,0.4451,108.8486,131.7291,30.9451,1.507
65.133,1954,sitting,0.7821,1.1341,-0.0788,2.913,1.2129,0.4164,1.1132,0.9615,0.6027,0.5154,0.0709,0.7082,0.6011,0.5105,0.3588,0.0873,0.4445,110.5681,131.8007,30.7013,1.4817
65.167,1955,sitting,0.7847,1.1363,-0.075,2.9131,1.2113,0.4158,1.1153,0.9639,0.6056,0.5162,0.0714,0.709,0.6153,0.5097,0.3583,0.0894,0.4448,112.4353,131.9989,30.6746,1.4447
65.2,1956,sitting,0.7887,1.1396,-0.0703,2.9149,1.2099,0.4151,1.1185,0.9674,0.6099,0.5176,0.072,0.7118,0.6279,0.5087,0.3576,0.0923,0.4456,114.2161,132.4119,30.7085,1.411
65.233,1957,sitting,0.7926,1.1431,-0.066,2.9182,1.2091,0.4143,1.1222,0.9717,0.6136,0.5179,0.0726,0.7162,0.6372,0.5087,0.3582,0.0957,0.4453,115.9641,133.1856,30.9192,1.382
65.267,1958,sitting,0.7951,1.1471,-0.0619,2.925,1.209,0.4133,1.1257,0.9754,0.6149,0.5164,0.0732,0.7191,0.643,0.5108,0.3604,0.0985,0.4432,117.4976,134.0369,31.2054,1.3611
65.3,1959,sitting,0.7975,1.151,-0.0576,2.9317,1.2086,0.4122,1.1301,0.9789,0.6162,0.5161,0.0737,0.7219,0.6467,0.5139,0.3628,0.1001,0.4424,118.3566,134.4293,31.2517,1.3505
65.333,1960,sitting,0.8023,1.1556,-0.0542,2.941,1.2099,0.4114,1.1358,0.9844,0.6202,0.518,0.0741,0.727,0.6514,0.5156,0.3642,0.1022,0.444,119.1154,134.6147,31.1155,1.3414
65.367,1961,sitting,0.8059,1.1594,-0.0519,2.9503,1.2113,0.4106,1.1406,0.9891,0.6228,0.5178,0.0742,0.7337,0.6554,0.5179,0.3663,0.1049,0.4436,119.8565,134.5338,30.7308,1.3406
65.4,1962,sitting,0.8082,1.1623,-0.0505,2.9611,1.2128,0.4096,1.1434,0.9934,0.6229,0.5159,0.0743,0.7412,0.6599,0.5204,0.3705,0.1071,0.4416,120.4916,133.8829,30.0018,1.3418
65.433,1963,sitting,0.8106,1.1642,-0.0488,2.9682,1.2131,0.4087,1.1453,0.997,0.6242,0.5151,0.0743,0.75,0.6656,0.5211,0.3728,0.1091,0.4407,121.1384,133.3541,29.39,1.3397
65.467,1964,sitting,0.8118,1.1646,-0.0493,2.9718,1.2139,0.4085,1.1458,0.9983,0.6253,0.5135,0.0743,0.7565,0.6672,0.5205,0.373,0.1117,0.4393,121.8224,133.4604,29.1881,1.3186
65.5,1965,sitting,0.8132,1.1647,-0.0471,2.9709,1.2117,0.4079,1.1465,1.0,0.6265,0.5125,0.0744,0.7634,0.6689,0.52,0.3735,0.1141,0.4381,122.9836,133.2773,28.7298,1.2987
65.533,1966,sitting,0.8147,1.1637,-0.0475,2.9682,1.2112,0.4081,1.1461,1.0005,0.629,0.5095,0.0743,0.7674,0.6678,0.5171,0.3716,0.1195,0.4351,123.9385,134.088,28.7503,1.2798
65.567,1967,sitting,0.8181,1.1642,-0.0461,2.9665,1.2103,0.408,1.1472,1.0022,0.634,0.51,0.0744,0.7725,0.669,0.5131,0.3682,0.1241,0.4356,125.1376,134.3201,28.412,1.2638
65.6,1968,sitting,0.8202,1.1629,-0.0439,2.9576,1.2068,0.408,1.1467,1.0038,0.6365,0.5102,0.0746,0.777,0.6705,0.5102,0.3673,0.1263,0.4357,125.85,133.8761,27.7194,1.2508
65.633,1969,sitting,0.8218,1.1607,-0.042,2.9443,1.2027,0.4085,1.1459,1.005,0.6387,0.511,0.0747,0.7804,0.6723,0.5072,0.3664,0.1277,0.4363,126.2513,133.4152,27.0974,1.2401
65.667,1970,sitting,0.8206,1.1572,-0.0421,2.93,1.1993,0.4093,1.1436,1.0028,0.6384,0.5094,0.0748,0.779,0.6711,0.5052,0.3643,0.129,0.4346,126.4777,133.9874,27.2993,1.2311
65.7,1971,sitting,0.8209,1.1545,-0.0419,2.9156,1.1964,0.4103,1.1434,1.0029,0.6389,0.51,0.0748,0.7805,0.6738,0.5045,0.3641,0.1288,0.4352,126.5683,133.3297,26.7434,1.227
65.733,1972,sitting,0.8205,1.1528,-0.0425,2.9085,1.1953,0.411,1.141,1.0019,0.639,0.5098,0.0747,0.7791,0.6734,0.502,0.3628,0.1292,0.4351,126.6767,133.4524,26.734,1.2227
65.767,1973,sitting,0.8213,1.1531,-0.0442,2.9108,1.1974,0.4114,1.1401,1.0024,0.6401,0.5094,0.0745,0.78,0.6751,0.5,0.3623,0.1307,0.4349,127.0581,133.1633,26.3433,1.2226
65.8,1974,sitting,0.8227,1.1538,-0.0454,2.9136,1.1992,0.4116,1.1397,1.0033,0.6421,0.5092,0.0744,0.78,0.675,0.4976,0.3612,0.1329,0.4349,127.5916,132.8871,25.8649,1.224
65.833,1975,sitting,0.8216,1.1522,-0.0448,2.908,1.197,0.4116,1.1376,1.0015,0.6417,0.5068,0.0745,0.7758,0.6694,0.4959,0.3598,0.1349,0.4323,127.9171,133.1522,25.7762,1.2233
65.867,1976,sitting,0.8207,1.1517,-0.0423,2.9033,1.194,0.4113,1.1361,1.0009,0.6405,0.5054,0.0747,0.7725,0.6634,0.4956,0.3604,0.1352,0.4307,128.0762,132.5915,25.194,1.2244
65.9,1977,sitting,0.8179,1.1493,-0.0393,2.8927,1.1886,0.4109,1.1331,0.9978,0.638,0.5034,0.075,0.7666,0.6515,0.4951,0.3599,0.1346,0.4285,127.9338,132.3777,25.0344,1.2214
65.933,1978,sitting,0.8156,1.1465,-0.0363,2.8797,1.1828,0.4107,1.13,0.9951,0.6362,0.5023,0.0753,0.7615,0.6372,0.4939,0.3589,0.1339,0.427,127.7529,132.3821,25.0493,1.2194
65.967,1979,sitting,0.8115,1.1419,-0.029,2.8562,1.1709,0.4099,1.1252,0.9903,0.6328,0.5001,0.0759,0.7544,0.6199,0.4924,0.3575,0.1327,0.4242,127.0928,132.3551,25.1114,1.2132
66.0,1980,sitting,0.8049,1.1355,-0.0206,2.8254,1.1561,0.4092,1.1186,0.9832,0.6266,0.4985,0.0768,0.7448,0.6012,0.492,0.3567,0.1281,0.4217,125.6607,132.0054,25.262,1.2079
66.033,1981,sitting,0.7973,1.1289,-0.0112,2.7924,1.1401,0.4083,1.1116,0.9753,0.6193,0.4979,0.0778,0.7334,0.582,0.4923,0.356,0.1214,0.4201,123.4504,131.3598,25.3468,1.2011
66.067,1982,sitting,0.7936,1.1261,-0.0071,2.7761,1.1332,0.4082,1.108,0.9708,0.6164,0.5007,0.0784,0.7264,0.5693,0.4916,0.3544,0.1157,0.4224,121.3282,130.4105,25.0952,1.2057
66.1,1983,sitting,0.7894,1.123,-0.0026,2.7579,1.1256,0.4081,1.1043,0.9658,0.6129,0.5024,0.0791,0.7191,0.5593,0.4914,0.3529,0.1105,0.4233,119.0098,129.992,25.2018,1.2124
66.133,1984,sitting,0.7861,1.1209,0.0005,2.7446,1.1204,0.4082,1.1017,0.962,0.6103,0.5042,0.0798,0.7129,0.5539,0.4914,0.3517,0.1061,0.4243,116.957,129.8155,25.3814,1.2232
66.167,1985,sitting,0.7826,1.1186,0.0043,2.7296,1.1143,0.4082,1.0989,0.9583,0.607,0.5067,0.0807,0.7062,0.5491,0.492,0.3513,0.1003,0.426,114.4096,129.5184,25.6475,1.235
66.2,1986,sitting,0.7789,1.1156,0.0095,2.7113,1.1061,0.4079,1.0954,0.9541,0.6038,0.5057,0.0817,0.6992,0.5402,0.4916,0.3503,0.0981,0.424,112.2144,129.6691,25.9009,1.2445
66.233,1987,sitting,0.7779,1.1138,0.0117,2.6999,1.1021,0.4082,1.0929,0.9523,0.6036,0.5059,0.0824,0.6943,0.5326,0.4894,0.3487,0.0977,0.4235,110.5623,129.8023,25.9726,1.2588
66.267,1988,sitting,0.7774,1.1122,0.0125,2.6912,1.0997,0.4086,1.0909,0.9509,0.6038,0.5064,0.083,0.691,0.5253,0.487,0.3471,0.0974,0.4234,109.2867,129.6451,25.7768,1.2702
66.3,1989,sitting,0.7777,1.1116,0.0118,2.6867,1.0998,0.4093,1.0898,0.9507,0.6047,0.5054,0.0834,0.6898,0.5194,0.4851,0.3459,0.0993,0.422,108.2351,130.046,25.7868,1.276
66.333,1990,sitting,0.7774,1.0918,0.0101,2.6,1.0817,0.4161,1.0811,0.9496,0.6053,0.5061,0.0835,0.6893,0.5146,0.4758,0.3443,0.0992,0.4226,107.1987,130.1884,25.8562,1.257
66.367,1991,sitting,0.7771,1.111,0.0086,2.6844,1.1024,0.4107,1.0882,0.9487,0.6054,0.5058,0.0835,0.6894,0.5113,0.4828,0.3433,0.0996,0.4223,106.2784,130.0066,25.5866,1.301
66.4,1992,sitting,0.7761,1.0869,0.0073,2.5809,1.0796,0.4183,1.0757,0.9462,0.606,0.5047,0.0832,0.6895,0.5086,0.4697,0.3402,0.1013,0.4215,105.9703,130.1728,25.4229,1.2846
66.433,1993,sitting,0.7746,1.0858,0.0058,2.5782,1.08,0.4189,1.0735,0.9434,0.6058,0.5039,0.0827,0.6901,0.508,0.4677,0.3376,0.102,0.4211,105.2594,129.7341,24.8568,1.3149
66.467,1994,sitting,0.774,1.1027,0.0053,2.6519,1.0974,0.4138,1.0769,0.9413,0.6068,0.5031,0.0821,0.6912,0.5085,0.4701,0.3346,0.1036,0.4211,103.7907,129.209,24.061,1.3958
66.5,1995,sitting,0.7707,1.0943,0.0039,2.6209,1.0905,0.4161,1.0688,0.9363,0.6052,0.5025,0.0812,0.6886,0.5048,0.4636,0.3311,0.1026,0.4213,101.1119,128.1718,23.1712,1.4603
66.533,1996,sitting,0.7661,1.0853,0.0005,2.5925,1.0847,0.4184,1.0601,0.9303,0.602,0.4998,0.0804,0.6846,0.4999,0.4581,0.3283,0.1022,0.4195,98.7763,127.1839,22.2155,1.5255
66.567,1997,sitting,0.7624,1.0534,-0.0042,2.4725,1.0576,0.4277,1.042,0.9254,0.5994,0.4976,0.0793,0.6817,0.4943,0.4426,0.326,0.1018,0.4183,96.5339,126.1131,21.0922,1.5256
66.6,1998,sitting,0.7582,1.0428,-0.0072,2.4406,1.05,0.4302,1.0323,0.921,0.5954,0.4933,0.0785,0.6794,0.4879,0.4369,0.3256,0.1022,0.4148,94.2703,124.6763,19.5778,1.5357
66.633,1999,sitting,0.7532,1.0372,-0.0099,2.4282,1.0471,0.4312,1.0265,0.916,0.5905,0.4891,0.0779,0.6761,0.4809,0.436,0.3255,0.1014,0.4111,92.1832,122.6465,17.6641,1.545
66.667,2000,sitting,0.7487,1.0255,-0.0131,2.3933,1.0387,0.434,1.0161,0.912,0.5855,0.483,0.0774,0.6725,0.4726,0.4306,0.3264,0.1025,0.4056,90.9794,120.9968,15.8363,1.5415
66.7,2001,sitting,0.7443,1.0284,-0.0158,2.413,1.0441,0.4327,1.0098,0.9074,0.5811,0.4773,0.077,0.6693,0.4661,0.4287,0.3263,0.1038,0.4003,90.0036,119.1146,13.6885,1.5653
66.733,2002,sitting,0.7425,1.018,-0.0147,2.3716,1.0327,0.4354,1.0009,0.9059,0.5791,0.4747,0.077,0.6695,0.4622,0.4218,0.3268,0.1044,0.3976,89.4958,116.998,11.4054,1.5593
66.767,2003,sitting,0.7404,1.0128,-0.0134,2.3507,1.0262,0.4366,0.9969,0.9045,0.5762,0.4721,0.0771,0.6679,0.4564,0.4207,0.3283,0.1041,0.395,88.9892,114.5021,8.9226,1.5655
66.8,2004,sitting,0.7374,0.9983,-0.0132,2.2975,1.0116,0.4403,0.9847,0.9021,0.5728,0.4701,0.077,0.6659,0.4529,0.4119,0.3293,0.1027,0.3931,88.3572,111.7436,6.3675,1.5573
66.833,2005,sitting,0.7353,0.9941,-0.0129,2.2815,1.0071,0.4414,0.977,0.9002,0.5704,0.4687,0.0771,0.6624,0.4483,0.4066,0.3298,0.1017,0.3916,88.351,109.3367,4.0858,1.5745
66.867,2006,sitting,0.7335,0.9903,-0.0141,2.2692,1.0044,0.4426,0.9726,0.8986,0.5685,0.4668,0.077,0.6603,0.4441,0.4041,0.3301,0.1016,0.3898,88.3722,106.5258,1.27,1.5899
66.9,2007,sitting,0.731,0.9844,-0.014,2.2475,0.9984,0.4442,0.9625,0.8956,0.5664,0.465,0.077,0.6563,0.4363,0.3961,0.3292,0.1014,0.388,88.0425,103.4765,1.7261,1.6008
66.933,2008,sitting,0.729,0.9753,-0.0141,2.2148,0.9894,0.4467,0.9485,0.893,0.5651,0.4634,0.077,0.654,0.4316,0.3833,0.3278,0.1018,0.3864,87.6509,100.3348,4.8962,1.6074
66.967,2009,sitting,0.7298,0.9524,-0.0025,2.1189,0.9549,0.4507,0.9101,0.8929,0.5667,0.459,0.0776,0.6473,0.416,0.3434,0.3262,0.1077,0.3814,86.8547,95.277,11.2215,1.6113
67.0,2010,sitting,0.729,0.9511,-0.0029,2.1147,0.954,0.4511,0.9096,0.8913,0.5667,0.4578,0.0776,0.6486,0.4152,0.3429,0.3246,0.1089,0.3802,87.0586,95.0981,11.6343,1.6134
67.033,2011,,0.7272,0.9501,-0.0037,2.1128,0.9538,0.4514,0.9074,0.8877,0.5668,0.4546,0.0776,0.6486,0.4113,0.3406,0.3209,0.1121,0.3771,87.1928,94.0884,13.053,1.6172
67.067,2012,,0.7259,0.9496,-0.0044,2.1132,0.954,0.4514,0.9036,0.8836,0.5682,0.4521,0.0775,0.6473,0.4072,0.3354,0.3154,0.1161,0.3746,87.6923,92.3248,15.3108,1.6293
67.1,2013,,0.7255,0.9497,-0.0036,2.113,0.9533,0.4511,0.8968,0.8803,0.5707,0.4487,0.0776,0.6483,0.4058,0.3261,0.3096,0.122,0.3712,88.3511,90.4256,18.0522,1.6469
67.133,2014,,0.7254,0.9511,-0.0039,2.1178,0.955,0.451,0.886,0.8781,0.5727,0.4463,0.0775,0.6501,0.4057,0.3133,0.3054,0.1264,0.3688,88.6644,88.0624,21.0349,1.6762
67.167,2015,,0.7223,0.9503,-0.0047,2.1165,0.955,0.4512,0.8756,0.8735,0.5712,0.443,0.0775,0.6504,0.4083,0.3044,0.3023,0.1281,0.3655,88.8775,86.6878,22.8666,1.7109
67.2,2016,,0.7191,0.95,-0.0058,2.1175,0.9558,0.4514,0.8678,0.8695,0.5687,0.44,0.0774,0.6493,0.4125,0.2991,0.3008,0.1288,0.3625,88.6634,85.8507,24.036,1.7404
67.233,2017,,0.7153,0.9493,-0.0066,2.1175,0.9559,0.4514,0.8562,0.8641,0.5664,0.4391,0.0774,0.6498,0.4136,0.2898,0.2977,0.1273,0.3617,87.8926,84.0443,25.7956,1.7685
67.267,2018,,0.7121,0.9486,-0.0081,2.118,0.9567,0.4517,0.8481,0.8594,0.5648,0.4381,0.0773,0.65,0.4165,0.2833,0.2945,0.1267,0.3609,86.9137,81.7091,28.0594,1.7872
67.3,2019,,0.7113,0.9464,-0.0131,2.1169,0.9595,0.4532,0.8391,0.8577,0.5648,0.4386,0.0769,0.652,0.1819,0.2743,0.2929,0.1262,0.3617,85.9644,79.1982,30.4038,1.79
67.333,2020,,0.7095,0.9416,-0.0169,2.1044,0.9586,0.4555,0.8316,0.8537,0.5652,0.4384,0.0767,0.6513,0.4267,0.2664,0.2885,0.1268,0.3617,85.1471,77.3761,32.2083,1.781
67.367,2021,,0.7064,0.9384,-0.0196,2.0971,0.958,0.4568,0.82,0.8492,0.5636,0.437,0.0765,0.6512,0.4381,0.2564,0.2856,0.1266,0.3605,84.1641,76.1523,33.319,1.7871
67.4,2022,,0.7064,0.9411,-0.0235,2.1103,0.9646,0.4571,0.8125,0.8497,0.563,0.4388,0.0762,0.6626,0.4607,0.2495,0.2867,0.1242,0.3626,83.0824,74.9046,34.1762,1.6815
67.433,2023,,0.7076,0.9453,-0.0255,2.1271,0.9708,0.4564,0.8059,0.8519,0.5633,0.4401,0.0761,0.6684,0.4598,0.2427,0.2886,0.1232,0.364,82.2126,73.8547,35.27,1.6879
67.467,2024,,0.7081,0.9476,-0.0251,2.133,0.9727,0.456,0.8015,0.8536,0.5626,0.443,0.0762,0.6715,0.4596,0.2389,0.291,0.1196,0.3668,80.9829,72.2879,36.3852,1.6752
67.5,2025,,0.7114,0.9523,-0.0225,2.1435,0.9748,0.4548,0.7974,0.8579,0.5649,0.4475,0.0764,0.6745,0.4661,0.2325,0.2929,0.1175,0.371,79.9476,70.0835,38.1888,1.6663
67.533,2026,,0.7133,0.9546,-0.0197,2.1466,0.9743,0.4539,0.7927,0.8608,0.5658,0.4513,0.0767,0.6757,0.4661,0.2269,0.295,0.1145,0.3746,78.7323,68.0434,39.776,1.6587
67.567,2027,,0.7151,0.9567,-0.0186,2.1509,0.9753,0.4535,0.7916,0.8629,0.5673,0.4542,0.0768,0.6759,0.467,0.2242,0.2955,0.1132,0.3774,78.0718,66.8693,40.7034,1.682
67.6,2028,,0.7154,0.958,-0.0157,2.1498,0.9737,0.4529,0.7904,0.8638,0.5671,0.4603,0.077,0.6773,0.4693,0.2233,0.2967,0.1068,0.3833,76.3619,65.3924,41.1297,1.686
67.633,2029,,0.7163,0.9597,-0.0115,2.1491,0.9712,0.4519,0.7866,0.8646,0.568,0.4686,0.0773,0.6798,0.473,0.2186,0.2966,0.0994,0.3912,74.8333,63.7805,41.6769,1.6814
67.667,2030,,0.7181,0.9621,-0.0066,2.1504,0.9688,0.4505,0.7845,0.8662,0.5701,0.4737,0.0777,0.6827,0.4769,0.2144,0.2961,0.0964,0.396,74.5612,63.1224,42.2067,1.6659
67.7,2031,,0.7216,0.9641,-0.0022,2.1494,0.9663,0.4496,0.7842,0.8692,0.574,0.4782,0.078,0.6911,0.4923,0.2103,0.2952,0.0957,0.4002,74.0234,63.0055,42.6229,1.6726
67.733,2032,,0.724,0.9636,0.0016,2.1409,0.962,0.4493,0.785,0.8701,0.5779,0.4797,0.0782,0.6932,0.212,0.2071,0.2922,0.0982,0.4015,73.4899,62.9901,43.1885,1.6347
67.767,2033,,0.7257,0.9645,0.0024,2.1435,0.9621,0.4488,0.7833,0.8695,0.5818,0.4776,0.0783,0.6967,0.5017,0.2015,0.2877,0.1042,0.3993,73.2776,63.1769,43.9619,1.6024
67.8,2034,,0.7283,0.9637,0.0041,2.1384,0.9596,0.4487,0.7811,0.8692,0.5874,0.4747,0.0784,0.6964,0.5,0.1937,0.2818,0.1127,0.3963,73.3308,63.3721,44.9984,1.5644
67.833,2035,,0.7256,0.9604,0.0039,2.131,0.9565,0.4488,0.7707,0.8653,0.586,0.4692,0.0784,0.6881,0.2188,0.1847,0.2793,0.1168,0.3908,73.4308,64.3632,44.9041,1.513
67.867,2036,,0.7223,0.9569,0.0064,2.1186,0.9505,0.4486,0.7632,0.8622,0.5823,0.4618,0.0786,0.676,0.2178,0.1809,0.2799,0.1205,0.3833,73.3155,65.7619,44.3736,1.469
67.9,2037,,0.7215,0.9472,0.0098,2.0782,0.9374,0.4511,0.7628,0.8578,0.5851,0.4571,0.0788,0.6729,0.2232,0.1776,0.2727,0.1281,0.3782,72.9199,64.7932,46.31,1.4082
67.933,2038,,0.7179,0.9324,0.0166,2.0161,0.9159,0.4543,0.7615,0.8498,0.5859,0.4568,0.0792,0.6647,0.2286,0.1755,0.2639,0.1291,0.3776,71.7183,63.0869,48.0789,1.3336
67.967,2039,,0.7124,0.9193,0.0214,1.9643,0.8979,0.4571,0.7599,0.8414,0.5835,0.4555,0.0795,0.6605,0.2334,0.1765,0.2579,0.128,0.376,70.3347,61.5002,49.4607,1.2698
68.0,2040,,0.707,0.9189,0.0203,1.9649,0.8986,0.4573,0.755,0.8405,0.5734,0.4433,0.0794,0.6565,0.2347,0.1816,0.2671,0.1301,0.3639,69.1557,62.7543,48.5993,1.2362
68.033,2041,,0.7035,0.911,0.0235,1.9311,0.8875,0.4596,0.7529,0.8369,0.5701,0.4352,0.0796,0.6631,0.2411,0.1827,0.2667,0.1349,0.3557,67.3347,62.1913,49.4975,1.186
68.067,2042,,0.6991,0.9163,0.0224,1.9499,0.8939,0.4584,0.7475,0.8346,0.5636,0.419,0.0795,0.6735,0.2411,0.1839,0.271,0.1446,0.3395,66.7209,63.9932,49.0588,1.1704
68.1,2043,,0.6941,0.9095,0.0239,1.9237,0.8856,0.4604,0.7413,0.8297,0.5585,0.4054,0.0795,0.5406,0.2424,0.1828,0.2712,0.1531,0.3259,65.3605,64.7563,49.4194,1.1439
68.133,2044,,0.683,0.8974,0.0226,1.8866,0.8748,0.4637,0.7336,0.8201,0.546,0.3845,0.0795,0.5424,0.2408,0.1876,0.2741,0.1615,0.305,64.0049,65.9735,49.4564,1.1147
68.167,2045,,0.6688,0.8788,0.0184,1.8358,0.8603,0.4686,0.7249,0.7999,0.5377,0.3598,0.0793,0.6898,0.4765,0.1872,0.2622,0.1779,0.2805,62.878,65.6149,51.8086,1.0739
68.2,2046,,0.6512,0.8528,0.0177,1.7593,0.8352,0.4747,0.7124,0.7789,0.5236,0.3348,0.0792,0.6759,0.2288,0.1888,0.2554,0.1887,0.2556,61.2422,66.2268,53.0509,1.0411
68.233,2047,,0.5886,0.7945,0.0176,1.6221,0.7769,0.4789,0.6275,0.7092,0.4679,0.2503,0.0788,0.6123,0.3203,0.1596,0.2413,0.2176,0.1715,56.2805,72.7815,53.7775,0.8395
68.267,2048,,0.5991,0.777,0.0078,1.5752,0.7692,0.4883,0.6396,0.7105,0.4877,0.2837,0.0786,0.5663,0.2931,0.1518,0.2228,0.204,0.2051,60.2029,65.5484,57.4475,0.9642
68.3,2049,,0.5565,0.7121,0.0043,1.4234,0.7078,0.4973,0.5851,0.6556,0.4574,0.2575,0.0784,0.4625,0.1901,0.1277,0.1982,0.1999,0.1791,56.038,59.6013,62.4297,0.8848
68.333,2050,,0.5671,0.7029,-0.0026,1.3701,0.7055,0.5149,0.5906,0.6645,0.4697,0.2547,0.0799,0.4339,0.1599,0.1209,0.1948,0.215,0.1748,65.645,66.0609,63.402,0.8778
68.367,2051,,0.5284,0.6243,-0.0965,1.2862,0.7208,0.5604,0.5519,0.6044,0.4524,0.2357,0.0786,0.342,0.0624,0.0995,0.152,0.2167,0.157,75.5485,62.0953,72.1837,0.8372
68.4,2052,,0.5409,0.6349,-0.1094,1.3009,0.7443,0.5721,0.5556,0.6148,0.4669,0.2486,0.0791,0.3006,0.0434,0.0887,0.1479,0.2183,0.1695,93.3129,72.4442,72.9207,0.8577
68.433,2053,,0.5244,0.6235,-0.1863,1.3606,0.8098,0.5951,0.517,0.5852,0.4635,0.2309,0.0783,0.2637,-0.0178,0.0535,0.1217,0.2326,0.1526,93.0857,71.2445,78.4707,0.834
68.467,2054,,0.5015,0.5969,-0.2504,1.3781,0.8472,0.6148,0.4807,0.5534,0.4495,0.1927,0.0784,0.2159,-0.0756,0.0312,0.1039,0.2569,0.1143,89.032,72.1129,81.7034,0.8157
68.5,2055,,0.5043,0.5904,-0.2734,1.3794,0.8638,0.6262,0.4748,0.5532,0.4554,0.1954,0.0796,0.2012,-0.0951,0.0194,0.0978,0.26,0.1159,85.1151,68.1928,83.1909,0.8187
68.533,2056,,0.4808,0.5501,-0.3504,1.3803,0.9004,0.6524,0.4164,0.5098,0.4519,0.1606,0.0802,0.1434,-0.159,-0.0355,0.0578,0.2914,0.0804,82.6315,64.4203,88.4387,0.8288
68.567,2057,,0.4677,0.5271,-0.393,1.3879,0.92,0.6629,0.3872,0.4821,0.4534,0.1121,0.0804,0.1133,-0.1905,-0.0662,0.0287,0.3412,0.0317,69.097,61.7984,92.2554,0.8619
68.6,2058,,0.4645,0.5218,-0.3924,1.4281,0.9142,0.6402,0.3766,0.4643,0.4647,0.102,0.0797,0.102,-0.1826,-0.0881,-0.0004,0.3627,0.0223,66.5531,58.8084,96.2091,0.9154
68.633,2059,,0.4657,0.5325,-0.4035,1.4659,0.936,0.6385,0.3517,0.4564,0.475,0.0903,0.08,0.0881,-0.1892,-0.1233,-0.0186,0.3847,0.0103,63.4737,56.3831,98.6451,0.978
68.667,2060,,0.5577,0.6254,-0.2834,1.4026,0.9088,0.648,0.4421,0.5535,0.5619,0.1544,0.082,0.2034,-0.0692,-0.1198,-0.0084,0.4075,0.0724,89.9724,63.5718,97.7608,1.0155
68.7,2061,,0.5245,0.5849,-0.3214,1.3855,0.9062,0.6541,0.4173,0.5146,0.5343,0.1118,0.0834,0.1732,-0.1049,-0.117,-0.0197,0.4225,0.0284,85.1552,65.668,99.7026,1.0189
68.733,2062,,0.4953,0.5508,-0.3448,1.3558,0.8957,0.6606,0.362,0.4809,0.5097,0.0805,0.0849,0.1475,-0.1279,-0.1477,-0.0288,0.4292,-0.0044,82.3657,67.1415,101.2833,1.0056
68.767,2063,,0.4737,0.5296,-0.3638,1.3279,0.8934,0.6728,0.347,0.4595,0.4879,0.054,0.0852,0.1276,-0.1458,-0.1409,-0.0284,0.4339,-0.0313,74.1749,69.6668,101.6271,0.994
68.8,2064,,0.4531,0.5115,-0.3876,1.3091,0.8991,0.6868,0.3097,0.4359,0.4704,0.0303,0.0843,0.1041,-0.1693,-0.1607,-0.0345,0.44,-0.054,58.6465,69.3961,102.8756,1.0087
68.833,2065,,0.4395,0.5065,-0.3975,1.283,0.904,0.7046,0.2944,0.427,0.452,0.0059,0.0852,0.0962,-0.1787,-0.1576,-0.025,0.4461,-0.0794,49.7018,72.4438,101.7314,0.9949
68.867,2066,,0.4241,0.4975,-0.4103,1.2802,0.9078,0.7091,0.2758,0.4138,0.4344,-0.0125,0.0861,0.086,-0.1919,-0.1586,-0.0206,0.4469,-0.0986,44.2719,74.6135,101.3494,0.9628
68.9,2067,,0.4201,0.4923,-0.4032,1.2566,0.8955,0.7126,0.2957,0.4113,0.4289,-0.0148,0.0859,0.0879,-0.1865,-0.1333,-0.0177,0.4437,-0.1007,49.8648,76.606,101.3191,0.9082
68.933,2068,,0.4146,0.489,-0.4019,1.2455,0.8908,0.7152,0.299,0.4094,0.4199,-0.0191,0.0859,0.088,-0.186,-0.1209,-0.0105,0.439,-0.105,52.7312,79.4973,100.5849,0.8758
68.967,2069,,0.4012,0.4856,-0.4064,1.2444,0.892,0.7168,0.2719,0.4066,0.3957,-0.0244,0.0869,0.0837,-0.1911,-0.1238,0.011,0.4201,-0.1113,51.7741,84.7258,97.4279,0.83
69.0,2070,,0.3901,0.4805,-0.4094,1.2384,0.8899,0.7186,0.265,0.4037,0.3766,-0.0258,0.0878,0.0812,-0.1947,-0.1116,0.0271,0.4024,-0.1137,51.5927,88.6047,94.9896,0.8087
69.033,2071,,0.3794,0.4725,-0.4091,1.222,0.8816,0.7214,0.2622,0.3996,0.3592,-0.0318,0.0881,0.0786,-0.195,-0.097,0.0404,0.391,-0.1199,50.7035,92.7114,92.9271,0.7937
69.067,2072,,0.3709,0.4718,-0.4018,1.2105,0.8737,0.7217,0.2816,0.4014,0.3405,-0.0347,0.0881,0.0834,-0.1884,-0.0588,0.061,0.3751,-0.1228,51.3858,98.5392,89.4368,0.7839
69.1,2073,,0.3602,0.4697,-0.3915,1.1921,0.8612,0.7224,0.2871,0.4017,0.3186,-0.0426,0.0877,0.0895,-0.1792,-0.0315,0.0831,0.3612,-0.1303,51.715,105.4475,85.2315,0.7769
69.133,2074,,0.3455,0.4668,-0.3864,1.1796,0.8532,0.7233,0.2871,0.4009,0.2901,-0.0488,0.0868,0.0925,-0.174,-0.003,0.1108,0.3388,-0.1356,53.3203,113.6986,79.8385,0.7788
69.167,2075,,0.3336,0.4661,-0.3842,1.1746,0.8503,0.7239,0.2751,0.4006,0.2667,-0.0623,0.0862,0.0954,-0.1713,0.0084,0.1339,0.329,-0.1485,53.2379,120.421,75.2871,0.7847
69.2,2076,,0.3301,0.4695,-0.3785,1.1717,0.8481,0.7238,0.2882,0.4038,0.2564,-0.086,0.0844,0.1033,-0.1644,0.0319,0.1474,0.3424,-0.1705,53.8095,122.5541,73.1028,0.8264
69.233,2077,,0.3116,0.4558,-0.3846,1.1524,0.8404,0.7292,0.2808,0.3937,0.2296,-0.1145,0.0833,0.0992,-0.1693,0.0513,0.1641,0.3441,-0.1979,51.4902,125.6101,70.2865,0.832
69.267,2078,,0.292,0.4381,-0.3874,1.1216,0.8256,0.7361,0.2709,0.3785,0.2055,-0.1257,0.0824,0.0952,-0.1712,0.0654,0.173,0.3312,-0.2081,53.9665,129.363,68.3913,0.8285
69.3,2079,,0.5255,0.655,-0.0644,1.0957,0.7194,0.6566,,0.5999,0.4512,0.1839,0.0807,0.3758,0.1294,,0.1487,0.2673,0.1032,153.9043,119.679,68.3161,1.0845
69.333,2080,,0.5095,0.6336,-0.0559,1.0375,0.6895,0.6646,,0.5895,0.4295,0.1855,0.0807,0.3773,0.1374,,0.16,0.244,0.1048,152.0673,124.0818,66.0183,1.031
69.367,2081,,0.5016,0.6103,-0.0451,0.9744,0.6555,0.6727,,0.5772,0.4261,0.1893,0.081,0.3807,0.1469,,0.151,0.2368,0.1083,153.1972,123.5529,67.4376,0.9537
69.4,2082,,0.2459,0.355,-0.3736,0.9501,0.7286,0.7669,0.2009,0.3286,0.1631,-0.1134,0.0818,0.0926,-0.1552,0.0378,0.1655,0.2765,-0.1951,63.3449,136.0231,68.7673,0.737
69.433,2083,,0.2447,0.3433,-0.3697,0.9241,0.713,0.7716,0.2123,0.3221,0.1672,-0.1056,0.0819,0.0979,-0.1539,0.0451,0.1549,0.2728,-0.1875,64.2622,133.88,71.9155,0.699
69.467,2084,,0.2564,0.3521,-0.3544,0.9189,0.7065,0.7688,0.2134,0.3313,0.1816,-0.0854,0.0822,0.1104,-0.1498,0.0318,0.1497,0.267,-0.1676,68.0121,132.6692,74.6875,0.6566
69.5,2085,,0.2552,0.3403,-0.3547,0.8988,0.6951,0.7733,0.2047,0.3243,0.186,-0.0783,0.0821,0.1057,-0.17,0.0186,0.1383,0.2643,-0.1604,72.3049,131.7443,78.4967,0.6222
69.533,2086,,0.2515,0.3126,-0.3533,0.9289,0.6659,0.7169,0.1957,0.3101,0.1929,-0.0709,0.082,0.0871,-0.1927,0.0028,0.1172,0.2638,-0.153,77.4282,129.9258,83.4093,0.5971
69.567,2087,,0.2496,0.3101,-0.3512,0.9687,0.6613,0.6827,0.189,0.2989,0.2002,-0.071,0.082,0.0646,-0.2201,-0.0112,0.0988,0.2712,-0.1529,80.0597,127.2686,87.7811,0.5811
69.6,2088,,0.255,0.3033,-0.3704,1.0177,0.6737,0.6619,0.1405,0.2853,0.2248,-0.0858,0.0821,0.03,-0.2653,-0.0843,0.0606,0.3105,-0.1679,77.7275,116.2564,94.5459,0.5922
69.633,2089,,0.2663,0.3195,-0.3806,1.0563,0.7001,0.6628,0.1256,0.2802,0.2524,-0.0942,0.0826,0.0152,-0.2845,-0.1267,0.0279,0.3466,-0.1769,78.2616,109.3514,100.0323,0.6147
69.667,2090,,0.283,0.3421,-0.378,1.0861,0.7201,0.663,0.1169,0.2912,0.2749,-0.106,0.0826,0.0163,-0.2835,-0.1579,0.0163,0.3808,-0.1886,78.6825,106.6085,102.2133,0.6183
69.7,2091,,0.2837,0.3506,-0.3955,1.1052,0.7461,0.6751,0.0954,0.281,0.2864,-0.1191,0.0827,0.0078,-0.2996,-0.1911,-0.0055,0.4056,-0.2019,81.1381,105.5367,105.6388,0.62
69.733,2092,,0.2908,0.3578,-0.3966,1.1099,0.7545,0.6798,0.0896,0.2827,0.2989,-0.1141,0.0829,0.0099,-0.3008,-0.2093,-0.0162,0.4129,-0.197,89.0496,108.831,108.0517,0.6112
69.767,2093,,0.2967,0.3705,-0.3817,1.104,0.7522,0.6814,0.1056,0.2856,0.3078,-0.0956,0.0826,0.0214,-0.2852,-0.2022,-0.0222,0.4034,-0.1783,95.1354,110.772,109.3919,0.6011
69.8,2094,,0.3006,0.3743,-0.3506,1.0849,0.7249,0.6682,0.1262,0.2944,0.3068,-0.0828,0.0815,0.0454,-0.2567,-0.1806,-0.0124,0.3897,-0.1644,98.1105,113.2727,108.113,0.5881
69.833,2095,,0.2995,0.3853,-0.3318,1.0586,0.7171,0.6774,0.1283,0.2903,0.3087,-0.0692,0.0806,0.0487,-0.2441,-0.1804,-0.0184,0.3779,-0.1498,103.2029,115.2159,109.2495,0.5919
69.867,2096,,0.2974,0.3906,-0.3148,1.0215,0.7055,0.6906,0.1217,0.2856,0.3092,-0.0455,0.0798,0.0452,-0.2346,-0.1876,-0.0237,0.3547,-0.1253,110.4638,117.7898,110.2502,0.6039
69.9,2097,,0.2879,0.3974,-0.3089,1.0108,0.7063,0.6988,0.1106,0.2645,0.3112,-0.032,0.0796,0.026,-0.2382,-0.2006,-0.0467,0.3433,-0.1116,115.3421,116.8048,113.7588,0.6208
69.933,2098,,0.2579,0.3903,-0.3672,1.0684,0.7575,0.709,0.0726,0.2073,0.3085,-0.0249,0.0798,-0.038,-0.3024,-0.2359,-0.1012,0.3334,-0.1047,119.3633,111.3772,121.7472,0.6654
69.967,2099,,0.2572,0.3913,-0.3482,1.0478,0.7395,0.7057,0.0839,0.205,0.3093,-0.024,0.0795,-0.033,-0.2893,-0.2254,-0.1043,0.3333,-0.1035,120.8922,112.2597,122.5969,0.6626
70.0,2100,,0.1349,0.2948,-0.5246,1.1056,0.8194,0.7412,-0.071,0.0443,0.2254,-0.045,0.0801,-0.2007,-0.4678,-0.2964,-0.1811,0.2704,-0.1251,127.9676,110.1561,133.6842,0.6879
70.033,2101,,0.1472,0.3067,-0.4632,1.0414,0.77,0.7393,-0.0505,0.056,0.2384,-0.0447,0.0801,-0.1633,-0.4121,-0.2889,-0.1824,0.2831,-0.1247,125.9413,109.1715,133.246,0.6552
70.067,2102,,0.1339,0.2945,-0.4725,1.0418,0.767,0.7362,-0.0769,0.0375,0.2303,-0.0309,0.0801,-0.175,-0.4269,-0.3072,-0.1928,0.2612,-0.1111,130.2455,110.0457,134.6489,0.6441
70.1,2103,,0.1362,0.2673,-0.418,1.0183,0.6853,0.6729,-0.0501,0.0636,0.2088,-0.0134,0.0801,-0.1299,-0.374,-0.2589,-0.1452,0.2223,-0.0935,136.3474,120.4762,128.4762,0.5861
70.133,2104,,0.1366,0.2487,-0.3836,1.0169,0.6323,0.6218,-0.0478,0.0795,0.1936,-0.0086,0.0801,-0.0989,-0.3407,-0.2414,-0.1141,0.2022,-0.0887,139.3223,127.101,124.4705,0.5412
70.167,2105,,0.1446,0.2417,-0.3561,1.0234,0.5977,0.584,-0.0329,0.096,0.1933,-0.0107,0.0801,-0.0728,-0.3129,-0.2261,-0.0973,0.2039,-0.0907,138.6949,129.5835,122.0356,0.5056
70.2,2106,,0.1308,0.2178,-0.3518,1.0399,0.5696,0.5478,-0.0275,0.0902,0.1713,-0.0393,0.0801,-0.0659,-0.2976,-0.1988,-0.0811,0.2106,-0.1194,134.619,132.0173,119.7795,0.4724
70.233,2107,,0.1068,0.1983,-0.345,1.0526,0.5433,0.5161,-0.0109,0.0706,0.143,-0.0674,0.08,-0.0681,-0.2898,-0.1539,-0.0724,0.2104,-0.1474,131.4758,134.7035,118.6626,0.4518
70.267,2108,,0.0954,0.1789,-0.3463,1.075,0.5252,0.4886,-0.0141,0.0646,0.1262,-0.0856,0.08,-0.0661,-0.2872,-0.1403,-0.0616,0.2118,-0.1656,129.8686,137.064,117.2556,0.4435
70.3,2109,,0.0693,0.1479,-0.3464,1.0479,0.4943,0.4717,-0.0361,0.0503,0.0883,-0.112,0.0799,-0.0639,-0.286,-0.1243,-0.038,0.2003,-0.1919,127.1846,142.3345,114.2148,0.4652
70.333,2110,,0.0591,0.1414,-0.3508,1.0579,0.4922,0.4653,,0.0387,0.0794,-0.1346,0.0799,-0.0638,-0.289,,-0.0407,0.214,-0.2145,121.6984,140.6578,114.3092,0.4694
70.367,2111,,0.0478,0.1329,-0.3513,1.0664,0.4842,0.454,-0.0539,0.0248,0.0707,-0.1422,0.0799,-0.0639,-0.2922,-0.1246,-0.0459,0.2129,-0.2221,120.4544,139.8459,114.7155,0.4711
70.4,2112,,0.038,0.1081,-0.3491,1.0673,0.4572,0.4284,-0.0473,0.0199,0.0562,-0.1417,0.0799,-0.0608,-0.2896,-0.1035,-0.0363,0.1979,-0.2217,123.1972,142.6028,113.7299,0.4672
70.433,2113,,0.0395,0.1023,-0.3479,1.0632,0.4502,0.4235,-0.0495,0.0194,0.0595,-0.1362,0.08,-0.058,-0.2879,-0.109,-0.0401,0.1957,-0.2162,124.6358,141.7667,114.1871,0.4628
70.467,2114,,0.035,0.1006,-0.3459,1.1232,0.4466,0.3976,-0.0297,0.0133,0.0567,-0.1367,0.08,-0.0566,-0.287,-0.0864,-0.0434,0.1934,-0.2168,125.1498,141.553,114.6131,0.4318
70.5,2115,,0.0278,0.1029,-0.3475,1.1321,0.4504,0.3978,-0.0349,0.0006,0.0551,-0.1347,0.08,-0.0605,-0.2898,-0.09,-0.0545,0.1898,-0.2148,125.9256,140.5213,115.8052,0.4315
70.533,2116,,0.0288,0.1046,-0.3474,1.1353,0.4521,0.3982,-0.0391,0.0032,0.0543,-0.1367,0.08,-0.0636,-0.2954,-0.0934,-0.0511,0.191,-0.2167,125.843,140.9231,115.4766,0.4318
70.567,2117,,0.0345,0.1103,-0.3494,1.1333,0.4597,0.4056,-0.0539,0.0078,0.0612,-0.1428,0.08,-0.0613,-0.3,-0.1151,-0.0534,0.204,-0.2229,123.2051,139.2323,115.6689,0.4331
70.6,2118,,0.0424,0.1188,-0.3498,1.1335,0.4686,0.4134,-0.0565,0.015,0.0698,-0.1427,0.0801,-0.0535,-0.2962,-0.1263,-0.0548,0.2125,-0.2228,122.1035,138.0192,115.7601,0.4325
70.633,2119,,0.0526,0.1256,-0.349,1.0752,0.4746,0.4414,-0.0704,0.0268,0.0783,-0.1422,0.0801,-0.0451,-0.2912,-0.1487,-0.0515,0.2205,-0.2222,121.2989,137.5099,115.3947,0.4602
70.667,2120,,0.0547,0.1288,-0.3523,1.1277,0.4811,0.4266,-0.0465,0.0272,0.0823,-0.1417,0.0801,-0.0535,-0.3004,-0.1288,-0.0551,0.2239,-0.2217,120.9144,136.7499,115.7729,0.4328
70.7,2121,,0.0644,0.144,-0.3514,1.1228,0.4954,0.4412,-0.0433,0.0339,0.095,-0.139,0.0801,-0.0546,-0.3039,-0.1383,-0.0611,0.2339,-0.219,119.5522,134.76,116.3206,0.4342
70.733,2122,,0.0781,0.1603,-0.3444,1.1143,0.5047,0.4529,-0.0324,0.0477,0.1084,-0.1304,0.08,-0.0494,-0.2964,-0.1408,-0.0607,0.2388,-0.2104,119.6786,134.1398,116.2779,0.4337
70.767,2123,,0.0921,0.1808,-0.343,1.1036,0.5238,0.4747,-0.0132,0.0566,0.1275,-0.1231,0.08,-0.0515,-0.3017,-0.1407,-0.0709,0.2506,-0.203,118.9953,131.6322,117.4712,0.438
70.8,2124,,0.1046,0.2,-0.3417,1.1018,0.5417,0.4917,-0.0287,0.0629,0.1463,-0.1012,0.08,-0.0513,-0.3036,-0.175,-0.0834,0.2475,-0.1812,123.1849,130.6671,119.1787,0.4356
70.833,2125,,0.1119,0.2013,-0.3322,1.0976,0.5336,0.4861,-0.0051,0.0798,0.1439,-0.0811,0.08,-0.0455,-0.2954,-0.149,-0.0642,0.2251,-0.1611,129.2755,135.8346,117.1911,0.4307
70.867,2126,,0.1181,0.2022,-0.3243,1.0899,0.5265,0.483,0.0144,0.0961,0.1402,-0.0736,0.0799,-0.0416,-0.287,-0.1257,-0.0441,0.2137,-0.1534,131.9818,139.8218,114.8763,0.4304
70.9,2127,,0.1281,0.2096,-0.3125,1.0817,0.5221,0.4827,0.0484,0.1176,0.1385,-0.0621,0.0797,-0.0308,-0.2731,-0.09,-0.0208,0.2006,-0.1418,135.2442,144.2673,112.0233,0.4297
70.933,2128,,0.1404,0.2253,-0.3056,1.0705,0.5309,0.4959,0.1008,0.1368,0.144,-0.0569,0.0796,-0.0246,-0.264,-0.0431,-0.0072,0.2009,-0.1365,135.7757,145.8841,110.198,0.4293
70.967,2129,,0.1575,0.2437,-0.3031,1.0594,0.5468,0.5161,0.1199,0.1603,0.1547,-0.0337,0.0797,-0.0112,-0.2541,-0.0348,0.0056,0.1884,-0.1134,141.1898,148.7636,108.4799,0.4289
71.0,2130,,0.1749,0.2651,-0.292,1.0452,0.5571,0.533,0.1396,0.1854,0.1644,-0.0097,0.0796,0.0041,-0.237,-0.0248,0.021,0.1741,-0.0893,146.2037,152.0678,106.2199,0.4341
71.033,2131,,0.1869,0.279,-0.2901,1.0348,0.5691,0.5499,0.1505,0.2049,0.1688,0.0019,0.0795,0.0143,-0.2293,-0.0184,0.0361,0.1669,-0.0776,148.6512,154.8837,103.8509,0.4429
71.067,2132,,0.1929,0.2887,-0.2924,1.028,0.5811,0.5653,0.1405,0.2183,0.1674,0.0069,0.0794,0.0184,-0.2274,-0.0269,0.0509,0.1605,-0.0725,150.7757,158.3501,101.4867,0.4501
71.1,2133,,0.2052,0.3146,-0.2831,1.0365,0.5977,0.5767,0.1693,0.2389,0.1716,0.0015,0.0788,0.0333,-0.2138,-0.0023,0.0672,0.1702,-0.0773,149.0602,160.151,99.0942,0.456
71.133,2134,,0.2273,0.3452,-0.2761,1.0423,0.6213,0.5961,0.1967,0.2687,0.1858,0.001,0.078,0.0544,-0.2018,0.0109,0.0829,0.1848,-0.077,147.5591,161.0878,96.558,0.4703
71.167,2135,,0.2372,0.3746,-0.269,1.0488,0.6436,0.6136,0.2318,0.2878,0.1865,-0.0011,0.0766,0.0608,-0.1936,0.0453,0.1012,0.1876,-0.0777,147.329,164.139,93.7543,0.4775
71.2,2136,,0.2487,0.3931,-0.2653,1.0487,0.6584,0.6278,0.2556,0.3005,0.197,0.0115,0.0757,0.0616,-0.1897,0.0585,0.1034,0.1856,-0.0642,150.1384,164.9038,93.2375,0.4934
71.233,2137,,0.2488,0.4034,-0.2716,1.0566,0.675,0.6389,0.2765,0.3081,0.1895,0.0184,0.0735,0.059,-0.1957,0.087,0.1186,0.1711,-0.0551,153.5456,169.2512,90.8898,0.5057
71.267,2138,,0.2603,0.4222,-0.2615,1.0637,0.6837,0.6428,0.3036,0.325,0.1956,0.0448,0.0703,0.0678,-0.1869,0.108,0.1294,0.1508,-0.0255,154.567,169.5494,89.4696,0.5187
71.3,2139,,0.2748,0.4445,-0.2511,1.0647,0.6956,0.6533,0.3206,0.3448,0.2049,0.0674,0.0683,0.0786,-0.1767,0.1158,0.1399,0.1375,-0.0009,148.664,166.9147,88.3908,0.5394
71.333,2140,,0.2813,0.4581,-0.2418,1.0624,0.6999,0.6587,0.3538,0.3575,0.2052,0.0859,0.0667,0.0888,-0.1689,0.1487,0.1523,0.1192,0.0192,144.1382,164.2297,86.7486,0.5631
71.367,2141,,0.2912,0.4864,-0.2311,1.1073,0.7174,0.6479,0.3992,0.3705,0.2118,0.104,0.0655,0.1026,-0.16,0.1874,0.1587,0.1078,0.0385,141.8937,162.905,85.5774,0.5815
71.4,2142,,0.2945,0.4704,-0.2286,1.0949,0.699,0.6384,0.3925,0.3785,0.2105,0.1088,0.0643,0.1086,-0.161,0.1821,0.168,0.1017,0.0445,141.3095,162.1927,83.6623,0.5902
71.433,2143,,0.298,0.466,-0.2212,1.1231,0.6872,0.6119,0.411,0.3824,0.2137,0.1168,0.0641,0.1154,-0.1578,0.1973,0.1687,0.0968,0.0527,139.5394,162.2891,82.7936,0.6032
71.467,2144,,0.3041,0.5283,-0.2041,1.1734,0.7324,0.6242,0.4582,0.3906,0.2176,0.1293,0.0625,0.126,-0.145,0.2406,0.173,0.0883,0.0667,140.9379,161.6973,81.3362,0.6196
71.5,2145,,0.3097,0.5376,-0.1842,1.1792,0.7218,0.6122,0.4729,0.3978,0.2216,0.1543,0.0632,0.1343,-0.133,0.2513,0.1762,0.0673,0.0911,146.6798,163.0837,79.6254,0.6337
71.533,2146,,0.3078,0.4946,-0.1828,1.1838,0.6774,0.5722,0.457,0.398,0.2176,0.1878,0.065,0.132,-0.1392,0.2395,0.1804,0.0297,0.1229,149.7977,161.9685,78.5349,0.6506
71.567,2147,,0.3061,0.4925,-0.1815,1.2006,0.674,0.5614,0.4582,0.4008,0.2114,0.1732,0.0649,0.1304,-0.1463,0.2468,0.1894,0.0383,0.1083,150.9613,162.0436,77.1247,0.6693
71.6,2148,,0.3104,0.502,-0.1683,1.2172,0.6703,0.5507,0.4704,0.4075,0.2134,0.1727,0.0645,0.1389,-0.1429,0.257,0.1941,0.0407,0.1082,148.3351,158.8304,75.7912,0.6832
71.633,2149,,0.3137,0.5145,-0.1455,1.2419,0.66,0.5315,0.4842,0.4175,0.2099,0.1732,0.0635,0.1479,-0.1324,0.2742,0.2076,0.0367,0.1098,144.1465,154.8784,73.8237,0.7055
71.667,2150,,0.3227,0.535,-0.1561,1.2702,0.6911,0.5441,0.5043,0.4335,0.2119,0.1855,0.0622,0.1682,-0.1157,0.2924,0.2216,0.0264,0.1234,142.071,150.9472,72.7829,0.7245
71.7,2151,,0.3312,0.5481,-0.1564,1.295,0.7044,0.544,0.517,0.4438,0.2187,0.2015,0.0623,0.1852,-0.1014,0.2983,0.2251,0.0172,0.1393,142.0061,149.2281,71.9062,0.7397
71.733,2152,,0.3321,0.5587,-0.1537,1.3167,0.7125,0.5411,0.5266,0.4491,0.2152,0.2092,0.0627,0.1945,-0.0892,0.3114,0.2339,0.006,0.1465,141.5537,148.4914,70.8304,0.7542
71.767,2153,,0.3246,0.5686,-0.1545,1.3257,0.723,0.5454,0.5363,0.4467,0.2025,0.2117,0.0624,0.1994,-0.0791,0.3339,0.2442,-0.0093,0.1493,137.8849,148.9916,69.7314,0.7633
71.8,2154,,0.3252,0.5773,-0.1639,1.3391,0.7411,0.5534,0.5463,0.4497,0.2007,0.207,0.0609,0.2071,-0.0651,0.3456,0.249,-0.0062,0.1461,136.7147,147.6918,68.4758,0.7752
71.833,2155,,0.3307,0.5887,-0.1582,1.3487,0.7469,0.5538,0.5574,0.4551,0.2063,0.2079,0.0617,0.2152,-0.0501,0.351,0.2487,-0.0015,0.1462,137.6298,146.1881,67.2427,0.7802
71.867,2156,,0.3349,0.5952,-0.1503,1.3582,0.7454,0.5489,0.5644,0.4604,0.2094,0.2047,0.0628,0.2188,-0.0383,0.355,0.251,0.0047,0.1419,130.809,143.0528,65.6554,0.7868
71.9,2157,,0.3381,0.5969,-0.1497,1.365,0.7466,0.5469,0.5675,0.4643,0.2119,0.1989,0.0629,0.2242,-0.0268,0.3556,0.2524,0.013,0.136,127.7507,141.2772,64.3815,0.7871
71.933,2158,,0.337,0.5933,-0.153,1.3702,0.7463,0.5447,0.5658,0.4648,0.2091,0.1903,0.0625,0.2236,-0.0239,0.3566,0.2557,0.0188,0.1278,126.5545,140.1596,63.1923,0.7864
71.967,2159,,0.3405,0.5918,-0.1636,1.3716,0.7554,0.5508,0.5664,0.4698,0.2111,0.1849,0.0609,0.2282,-0.0185,0.3553,0.2587,0.0263,0.124,127.5924,139.4829,61.7697,0.7834
72.0,2160,,0.3451,0.5906,-0.1646,1.3772,0.7552,0.5484,0.5672,0.4783,0.2118,0.1857,0.0608,0.2333,-0.0179,0.3555,0.2665,0.0261,0.1249,126.9061,138.7397,59.6804,0.786
72.033,2161,,0.3415,0.5831,-0.168,1.3861,0.7511,0.5419,0.5613,0.4794,0.2037,0.1803,0.0603,0.2307,-0.0256,0.3576,0.2756,0.0234,0.12,125.5736,137.5699,57.4946,0.7934
72.067,2162,,0.3414,0.5822,-0.1645,1.3986,0.7468,0.5339,0.5634,0.4846,0.1981,0.1833,0.061,0.2318,-0.0289,0.3653,0.2866,0.0148,0.1223,123.039,136.3345,55.2578,0.8065
72.1,2163,,0.3392,0.5887,-0.1505,1.4181,0.7393,0.5213,0.5679,0.4857,0.1928,0.1879,0.063,0.2314,-0.0328,0.3751,0.2928,0.0049,0.125,118.0955,134.4142,53.3411,0.8244
72.133,2164,,0.3251,0.5816,-0.1715,1.4355,0.753,0.5246,0.5589,0.472,0.1782,0.1752,0.0655,0.213,-0.0563,0.3807,0.2939,0.0029,0.1098,110.4546,132.07,52.0015,0.8446
72.167,2165,,0.3169,0.577,-0.1888,1.4468,0.7658,0.5293,0.5513,0.4622,0.1715,0.1645,0.0668,0.1992,-0.0764,0.3798,0.2907,0.007,0.0977,104.038,131.0153,50.8977,0.8659
72.2,2166,,0.3034,0.5714,-0.2094,1.4602,0.7807,0.5347,0.5439,0.4479,0.159,0.1518,0.0674,0.1822,-0.0979,0.3849,0.2889,0.0072,0.0844,98.4549,129.8481,50.2735,0.8873
72.233,2167,,0.2892,0.5769,-0.2268,1.4697,0.8036,0.5468,0.5451,0.4343,0.1442,0.1396,0.066,0.1661,-0.1168,0.4009,0.2902,0.0046,0.0735,96.2726,128.3792,49.6502,0.9247
72.267,2168,,0.2802,0.5636,-0.2399,1.4713,0.8035,0.5461,0.5332,0.4257,0.1346,0.13,0.0649,0.1549,-0.1328,0.3986,0.2911,0.0046,0.0651,94.984,127.4929,49.1339,0.9069
72.3,2169,,0.277,0.5652,-0.2436,1.4672,0.8087,0.5512,0.535,0.4235,0.1305,0.1258,0.0638,0.1526,-0.14,0.4045,0.293,0.0047,0.0619,92.5317,125.8265,48.0404,0.9134
72.333,2170,,0.2767,0.5645,-0.2419,1.4485,0.8065,0.5568,0.5324,0.4237,0.1298,0.1169,0.0643,0.1557,-0.145,0.4027,0.2939,0.0129,0.0526,87.7146,124.6777,46.4912,0.9143
72.367,2171,,0.2776,0.5652,-0.245,1.4185,0.8102,0.5712,0.5312,0.4242,0.1311,0.1118,0.0656,0.1661,-0.1402,0.4001,0.2931,0.0192,0.0463,81.0937,123.9429,45.6315,0.8933
72.4,2172,,0.278,0.5654,-0.2446,1.3626,0.81,0.5944,0.5297,0.4283,0.1277,0.1103,0.0659,0.1834,-0.1183,0.4021,0.3006,0.0174,0.0444,84.0918,122.4428,44.5242,0.8346
72.433,2173,,0.2776,0.5613,-0.2478,1.3047,0.8091,0.6201,0.5239,0.4309,0.1243,0.1061,0.0665,0.2011,-0.0969,0.3996,0.3066,0.0181,0.0396,86.3154,120.8982,42.7159,0.7737
72.467,2174,,0.2816,0.5593,-0.2468,1.2817,0.8061,0.6289,0.5228,0.4389,0.1243,0.1068,0.0667,0.2232,-0.071,0.3985,0.3146,0.0175,0.0402,86.8517,118.6689,40.7322,0.7248
72.5,2175,,0.2788,0.5505,-0.2551,1.2721,0.8056,0.6333,0.5154,0.4394,0.1181,0.1,0.0676,0.2336,-0.0585,0.3972,0.3213,0.0181,0.0324,85.4994,115.9509,38.1279,0.6963
72.533,2176,,0.2812,0.5443,-0.2561,1.2572,0.8004,0.6366,0.5105,0.4438,0.1186,0.0988,0.0683,0.2443,-0.0449,0.3919,0.3252,0.0198,0.0305,85.2523,114.0978,36.0928,0.6902
72.567,2177,,0.2752,0.5334,-0.2662,1.2475,0.7997,0.641,0.5012,0.4404,0.1099,0.0898,0.0685,0.2443,-0.0451,0.3913,0.3304,0.0201,0.0213,84.5393,111.9716,34.2203,0.6909
72.6,2178,,0.2708,0.5229,-0.2745,1.236,0.7974,0.6452,0.4912,0.4353,0.1062,0.0824,0.0686,0.2407,-0.0521,0.385,0.3291,0.0237,0.0138,84.2644,110.5463,32.6569,0.6904
72.633,2179,,0.2672,0.516,-0.2748,1.2213,0.7909,0.6476,0.4847,0.4312,0.1032,0.0808,0.0683,0.236,-0.0598,0.3815,0.328,0.0224,0.0125,85.3309,110.1256,32.2225,0.6907
72.667,2180,,0.2604,0.5057,-0.2815,1.2098,0.7872,0.6507,0.4728,0.4246,0.0963,0.0736,0.0681,0.2243,-0.0765,0.3765,0.3283,0.0227,0.0055,85.057,110.6116,32.7092,0.6933
72.7,2181,,0.262,0.4989,-0.2726,1.1847,0.7716,0.6513,0.4648,0.4254,0.0985,0.0773,0.0671,0.216,-0.0861,0.3662,0.3269,0.0212,0.0102,86.947,111.8495,33.884,0.6942
72.733,2182,,0.267,0.4883,-0.2574,1.1431,0.7458,0.6524,0.4547,0.4284,0.1056,0.0799,0.0673,0.2104,-0.0939,0.3491,0.3228,0.0257,0.0126,90.5997,113.3954,34.3441,0.6886
72.767,2183,,0.2677,0.4732,-0.2354,1.0875,0.7087,0.6516,0.4305,0.4281,0.1073,0.0871,0.0684,0.2013,-0.1058,0.3232,0.3208,0.0201,0.0188,93.3025,114.0035,35.3047,0.6606
72.8,2184,,0.2709,0.4599,-0.2125,1.0699,0.6724,0.6285,0.4111,0.4288,0.113,0.0941,0.0723,0.1891,-0.1241,0.298,0.3157,0.0189,0.0218,89.9617,115.4562,36.6568,0.6549
72.833,2185,,0.298,0.4732,-0.1684,1.0678,0.6416,0.6008,0.4219,0.4537,0.1422,0.1314,0.0766,0.2073,-0.1083,0.2797,0.3116,0.0108,0.0548,86.5258,117.1066,37.745,0.6643
72.867,2186,,0.3118,0.4828,-0.1833,1.0762,0.6661,0.6189,0.4333,0.4684,0.1552,0.1626,0.0788,0.2116,-0.1068,0.2781,0.3132,-0.0073,0.0837,85.658,116.4409,38.7289,0.6722
72.9,2187,,0.317,0.485,-0.2017,1.0795,0.6867,0.6362,0.4374,0.4759,0.158,0.1689,0.0795,0.2078,-0.1125,0.2794,0.318,-0.0109,0.0894,83.5766,118.2918,38.9954,0.7115
72.933,2188,,0.3322,0.4963,-0.2152,1.0941,0.7114,0.6503,0.451,0.49,0.1744,0.1927,0.081,0.2147,-0.1106,0.2765,0.3156,-0.0183,0.1117,80.1401,121.0116,40.0331,0.7604
72.967,2189,,0.3392,0.4975,-0.2387,1.1075,0.7363,0.6648,0.4552,0.4927,0.1858,0.2148,0.0812,0.2087,-0.1213,0.2694,0.3069,-0.029,0.1336,86.6746,123.8723,41.1232,0.8057
73.0,2190,,0.3471,0.5631,-0.2509,1.2423,0.814,0.6552,0.4794,0.4954,0.1988,0.244,0.0809,0.202,-0.1259,0.2806,0.2966,-0.0452,0.1631,100.3728,123.3327,42.8008,0.8996
73.033,2191,,0.3555,0.5663,-0.2641,1.2595,0.8304,0.6593,0.4799,0.4995,0.2116,0.2596,0.0797,0.1954,-0.1304,0.2683,0.288,-0.048,0.1799,113.6261,121.5074,44.0223,0.9331
73.067,2192,,0.361,0.557,-0.2821,1.2597,0.8391,0.6661,0.4676,0.4981,0.2239,0.2719,0.0793,0.1829,-0.1419,0.2437,0.2742,-0.048,0.1926,114.4027,119.2882,45.3922,0.9521
73.1,2193,,0.3624,0.5444,-0.2999,1.2542,0.8443,0.6732,0.4531,0.4927,0.232,0.2904,0.079,0.1697,-0.1546,0.2211,0.2607,-0.0584,0.2114,101.745,114.165,47.0047,0.9566
73.133,2194,,0.3663,0.5354,-0.3107,1.2469,0.8462,0.6786,0.4442,0.4908,0.2417,0.3018,0.0788,0.1618,-0.1613,0.2025,0.2491,-0.0601,0.223,98.1118,113.7795,48.4645,0.9573
73.167,2195,,0.3706,0.5293,-0.3206,1.2445,0.8499,0.683,0.4377,0.4877,0.2535,0.3119,0.0789,0.155,-0.1666,0.1842,0.2342,-0.0584,0.233,96.3082,115.9271,50.7239,0.9645
73.2,2196,,0.37,0.5211,-0.3387,1.2491,0.8598,0.6883,0.4281,0.4825,0.2575,0.3226,0.0791,0.146,-0.1792,0.1706,0.225,-0.0651,0.2435,90.9374,115.645,52.7592,0.9789
73.233,2197,,0.368,0.5147,-0.3482,1.2471,0.8628,0.6919,0.4192,0.4781,0.2579,0.3156,0.0788,0.141,-0.1859,0.1613,0.2202,-0.0577,0.2368,91.6376,119.4504,54.5903,0.9881
73.267,2198,,0.3751,0.5102,-0.3468,1.2332,0.8569,0.6949,0.4121,0.4836,0.2667,0.3176,0.0786,0.1436,-0.1828,0.1455,0.217,-0.0509,0.239,90.2991,123.1509,56.0191,0.9929
73.3,2199,,0.3797,0.507,-0.3476,1.2251,0.8546,0.6976,0.4054,0.4858,0.2736,0.3113,0.0785,0.1463,-0.1816,0.1318,0.2122,-0.0378,0.2329,90.5908,129.265,58.3613,0.9943
73.333,2200,,0.387,0.5113,-0.3455,1.218,0.8568,0.7034,0.3929,0.4908,0.2832,0.3069,0.0787,0.1522,-0.178,0.1097,0.2076,-0.0237,0.2282,91.5442,135.0563,59.9432,0.9935
73.367,2201,,0.3978,0.521,-0.3348,1.2224,0.8558,0.7001,0.3971,0.4976,0.2981,0.3141,0.0791,0.1653,-0.1659,0.099,0.1995,-0.016,0.2349,91.7236,140.0626,62.2188,0.9682
73.4,2202,,0.3889,0.5125,-0.3492,1.2274,0.8616,0.702,0.3934,0.4879,0.2899,0.2952,0.0796,0.1568,-0.1807,0.1035,0.198,-0.0053,0.2156,96.3347,144.7665,63.1401,0.9571
73.433,2203,,0.3854,0.5055,-0.3626,1.2326,0.8681,0.7043,0.381,0.4814,0.2894,0.2784,0.0798,0.1503,-0.1925,0.0916,0.1919,0.011,0.1986,103.0401,152.9217,65.4712,0.9492
73.467,2204,,0.3826,0.4943,-0.3809,1.2364,0.8752,0.7078,0.363,0.4716,0.2936,0.2523,0.08,0.1432,-0.2077,0.0694,0.178,0.0412,0.1723,116.8409,166.675,68.4541,0.9488
73.5,2205,,0.3955,0.4945,-0.3846,1.2452,0.8791,0.706,0.3234,0.4733,0.3177,0.2288,0.0802,0.1469,-0.2086,0.0057,0.1556,0.0889,0.1486,132.4603,167.6952,72.2919,0.9502
73.533,2206,,0.4602,0.5281,-0.3478,1.2716,0.8759,0.6888,0.374,0.5067,0.4138,0.2349,0.0807,0.1794,-0.1743,-0.0398,0.0929,0.1789,0.1543,129.0259,138.6596,82.2,0.9452
73.567,2207,,0.5217,0.5508,-0.3158,1.2909,0.8666,0.6713,0.3517,0.5335,0.5098,0.2393,0.0813,0.2106,-0.1466,-0.1581,0.0237,0.2705,0.158,128.6578,112.0896,94.9286,1.0232
73.6,2208,,0.564,0.6147,-0.2945,1.3881,0.9092,0.655,0.3156,0.5511,0.5768,0.2534,0.0817,0.241,-0.1301,-0.2612,-0.0257,0.3235,0.1717,134.2904,96.1401,104.3011,1.0825
73.633,2209,,0.5648,0.6229,-0.2907,1.4128,0.9136,0.6467,0.2964,0.5289,0.6008,0.2147,0.0809,0.2269,-0.14,-0.3045,-0.0719,0.3861,0.1338,128.5357,79.4666,112.5406,1.1601
73.667,2210,,0.5968,0.7026,-0.2641,1.5833,0.9667,0.6106,0.2852,0.5238,0.6697,0.2503,0.0815,0.2417,-0.1329,-0.3844,-0.1458,0.4194,0.1688,145.7074,70.3819,122.4056,1.1965
73.7,2211,,0.4439,0.5747,-0.4483,1.5956,1.023,0.6411,0.1102,0.3375,0.5503,0.0852,0.0782,0.0415,-0.3338,-0.4402,-0.2129,0.4651,0.007,114.7858,58.2575,129.9639,1.202
73.733,2212,,0.3293,0.4919,-0.5669,1.63,1.0588,0.6496,-0.0474,0.1916,0.4669,-0.0134,0.0786,-0.0973,-0.4787,-0.5144,-0.2753,0.4804,-0.092,44.5668,51.8086,134.5866,1.1058
73.767,2213,,0.3319,0.5037,-0.5155,1.6679,1.0192,0.611,-0.0474,0.188,0.4757,-0.0186,0.0794,-0.0797,-0.4517,-0.5231,-0.2877,0.4944,-0.098,45.7686,50.0596,134.4522,1.0528
73.8,2214,,0.3575,0.5296,-0.4275,1.6977,0.9571,0.5638,-0.0211,0.2123,0.5028,0.0175,0.0807,-0.0403,-0.3929,-0.524,-0.2906,0.4853,-0.0631,57.3252,48.7211,134.2217,0.9947
73.833,2215,,0.3431,0.5193,-0.3941,1.7351,0.9135,0.5264,-0.0644,0.194,0.4921,0.0141,0.0805,-0.0458,-0.3894,-0.5565,-0.2981,0.478,-0.0665,53.5831,48.791,133.1686,0.9629
73.867,2216,,0.4013,0.5665,-0.318,1.7545,0.8845,0.5041,0.0134,0.2583,0.5442,0.067,0.08,0.0296,-0.2874,-0.5309,-0.286,0.4772,-0.013,98.393,49.6796,131.6764,0.9368
73.9,2217,,0.4205,0.5828,-0.2985,1.7722,0.8813,0.4973,0.0421,0.2775,0.5635,0.1108,0.0799,0.0646,-0.2387,-0.5213,-0.2859,0.4527,0.0309,130.0184,49.7842,131.5357,0.9149
73.933,2218,,0.4461,0.6075,-0.27,1.8023,0.8774,0.4869,0.0794,0.3024,0.5899,0.1398,0.0797,0.1041,-0.1826,-0.5105,-0.2875,0.45,0.0602,131.6678,48.8776,131.1504,0.9057
73.967,2219,,0.4691,0.6368,-0.2443,1.8374,0.881,0.4795,0.113,0.3241,0.6141,0.1664,0.0795,0.146,-0.1277,-0.5011,-0.29,0.4477,0.0869,135.3415,49.6737,132.0845,0.9045
74.0,2220,,0.4821,0.6419,-0.2098,1.8062,0.8517,0.4715,0.1519,0.3472,0.6171,0.1957,0.078,0.1912,-0.075,-0.4652,-0.2698,0.4214,0.1177,136.3217,50.3663,129.8076,0.8766
74.033,2221,,0.5024,0.6505,-0.1677,1.7651,0.8182,0.4636,0.1975,0.382,0.6229,0.2112,0.077,0.237,-0.027,-0.4253,-0.2409,0.4117,0.1342,136.9598,53.3726,126.952,0.8543
74.067,2222,,0.5393,0.6687,-0.1248,1.7276,0.7935,0.4593,0.2436,0.4357,0.6429,0.2351,0.0751,0.2915,0.0223,-0.3993,-0.2072,0.4078,0.1601,143.0207,56.2849,123.8418,0.8513
74.1,2223,,0.568,0.6898,-0.1054,1.7285,0.7952,0.4601,0.2807,0.4731,0.6629,0.2501,0.0738,0.3235,0.0499,-0.3822,-0.1898,0.4127,0.1764,144.2762,57.2089,123.4351,0.8771
74.133,2224,,0.6127,0.7309,-0.0872,1.7808,0.818,0.4594,0.3929,0.5226,0.7028,0.2872,0.0721,0.3553,0.0747,-0.3099,-0.1802,0.4156,0.2151,147.8978,55.4151,123.5288,0.9383
74.167,2225,,0.6999,0.7542,-0.0336,1.5693,0.7878,0.502,,0.6663,0.7336,0.4007,0.0753,0.4769,0.1921,,-0.0673,0.3329,0.3254,160.2284,67.327,107.4763,0.9316
74.2,2226,,0.7172,0.7471,-0.042,1.509,0.7891,0.5229,0.5109,0.7029,0.7315,0.4064,0.0745,0.497,0.2099,-0.2206,-0.0286,0.3251,0.3318,159.6433,71.0594,100.1057,0.9576
74.233,2227,,0.7422,0.794,-0.094,1.7605,0.888,0.5044,0.5493,0.6925,0.792,0.3578,0.0691,0.4555,0.1466,-0.2427,-0.0995,0.4342,0.2888,149.1046,59.1137,111.3004,1.0853
74.267,2228,,0.7667,0.8032,-0.0994,1.7853,0.9026,0.5056,0.5992,0.7376,0.7958,0.3793,0.0684,0.4824,0.1706,-0.1965,-0.0582,0.4164,0.3109,150.2845,62.8941,103.8957,1.0964
74.3,2229,,0.7934,0.8077,-0.1125,1.7897,0.9203,0.5142,0.677,0.7952,0.7915,0.4051,0.067,0.5697,0.2689,-0.1145,0.0037,0.3865,0.3381,158.9857,72.4767,93.2556,1.1718
74.333,2230,,0.7997,0.8159,-0.1596,1.9095,0.9755,0.5109,0.6929,0.8042,0.7951,0.3906,0.0603,0.5747,0.2738,-0.1022,0.0091,0.4045,0.3302,156.8119,73.7508,92.1104,1.1487
74.367,2231,,0.842,0.8845,-0.1306,2.0725,1.0151,0.4898,0.785,0.8654,0.8186,0.4078,0.0644,0.6315,0.3359,-0.0336,0.0467,0.4108,0.3434,160.3833,83.2495,85.1315,1.2286
74.4,2232,,0.873,0.9316,-0.1188,2.2104,1.0504,0.4752,0.8328,0.9119,0.8341,0.4156,0.066,0.6772,0.3802,-0.0012,0.0778,0.4185,0.3496,164.6895,92.6332,78.8235,1.375
74.433,2233,,0.8897,1.0076,-0.1234,2.5045,1.131,0.4516,0.9359,0.9471,0.8324,0.4142,0.0654,0.7104,0.4204,0.1035,0.1147,0.4182,0.3488,163.7704,102.7573,71.3699,1.4675
74.467,2234,,0.9096,1.0643,-0.1229,2.7262,1.1872,0.4355,0.9965,0.9934,0.8258,0.4217,0.0657,0.7659,0.4698,0.1706,0.1675,0.4041,0.356,163.024,114.6206,60.9899,1.4754
74.5,2235,,0.9412,1.1349,-0.1076,3.0028,1.2425,0.4138,1.0646,1.0532,0.8291,0.422,0.068,0.8329,0.5278,0.2355,0.2242,0.4071,0.354,168.3065,127.5336,51.7406,1.5843
74.533,2236,,0.9701,1.1921,-0.09,3.2388,1.2821,0.3959,1.1294,1.1027,0.8376,0.4261,0.0703,0.8839,0.5884,0.2918,0.265,0.4115,0.3559,172.9102,136.1601,45.6536,1.6789
74.567,2237,,1.0008,1.2506,-0.0774,3.5165,1.328,0.3776,1.1967,1.1472,0.8545,0.4393,0.0719,0.9201,0.6345,0.3422,0.2926,0.4153,0.3674,173.2643,141.5474,41.3533,1.778
74.6,2238,,1.0262,1.2983,-0.0692,3.7673,1.3675,0.363,1.2515,1.1823,0.8701,0.4512,0.0729,0.9547,0.6747,0.3815,0.3123,0.4189,0.3783,172.8352,146.08,37.4868,1.8724
74.633,2239,,1.051,1.3459,-0.0656,4.0459,1.4116,0.3489,1.303,1.2207,0.8813,0.4621,0.0731,0.9906,0.7138,0.4216,0.3394,0.4192,0.389,171.936,149.9462,33.7764,1.9825
74.667,2240,,1.0634,1.3863,-0.0601,4.3108,1.4464,0.3355,1.3457,1.2472,0.8796,0.4709,0.0734,1.0191,0.7462,0.4661,0.3676,0.4087,0.3975,172.8198,154.2238,30.3772,2.0835
74.7,2241,,1.0744,1.4243,-0.0407,4.5472,1.465,0.3222,1.3867,1.2724,0.8764,0.4758,0.0749,1.0459,0.7775,0.5103,0.396,0.4006,0.4009,172.7456,157.9333,27.1223,2.1726
74.733,2242,,1.0959,1.4633,-0.0218,4.7961,1.4851,0.3096,1.4269,1.3073,0.8844,0.4874,0.0761,1.0739,0.8088,0.5424,0.4229,0.397,0.4113,171.4359,160.2158,24.7558,2.2773
74.767,2243,,1.1059,1.4879,-0.0155,4.9832,1.5034,0.3017,1.455,1.3274,0.8844,0.4894,0.0765,1.0916,0.8256,0.5706,0.443,0.395,0.4129,169.5532,162.6881,22.6812,2.3702
74.8,2244,,1.1153,1.5087,-0.0086,5.147,1.5173,0.2948,1.4786,1.3463,0.8844,0.4901,0.077,1.107,0.8429,0.5943,0.462,0.3943,0.4131,168.0593,164.8105,20.8798,2.4676
74.833,2245,,1.1224,1.526,-0.0069,5.2952,1.5329,0.2895,1.4985,1.362,0.8828,0.4905,0.0771,1.1175,0.8574,0.6157,0.4791,0.3923,0.4134,166.138,166.0132,19.5548,2.5676
74.867,2246,,1.1298,1.5381,-0.0114,5.4127,1.5495,0.2863,1.5134,1.3754,0.8842,0.4929,0.0769,1.1278,0.8694,0.6292,0.4912,0.3913,0.416,165.0184,167.3746,18.3674,2.6831
74.9,2247,,1.1388,1.5483,-0.0126,5.5049,1.5609,0.2836,1.5254,1.3888,0.8888,0.4972,0.0769,1.1395,0.8848,0.6366,0.5001,0.3916,0.4203,164.7079,168.6046,17.287,2.709
74.933,2248,,1.1477,1.5579,-0.0092,5.579,1.5671,0.2809,1.5357,1.4008,0.8947,0.5023,0.0772,1.153,0.9005,0.6411,0.5061,0.3924,0.4252,165.0844,169.7334,16.3261,2.7515
74.967,2249,,1.1545,1.5635,-0.0069,5.6168,1.5704,0.2796,1.5425,1.4082,0.9009,0.5059,0.0773,1.155,0.9018,0.6417,0.5073,0.395,0.4285,165.2752,170.5417,15.4428,2.7785
75.0,2250,,1.1601,1.5684,-0.0034,5.6467,1.5719,0.2784,1.5473,1.414,0.9061,0.5088,0.0776,1.1573,0.9038,0.6411,0.5079,0.3974,0.4312,165.0154,171.2744,14.4703,2.792
75.033,2251,,1.1636,1.5706,-0.0043,5.6641,1.5748,0.278,1.5479,1.418,0.9093,0.5082,0.0775,1.1589,0.766,0.6386,0.5086,0.4011,0.4306,164.8149,171.9668,13.6418,2.8065
75.067,2252,,1.1644,1.5695,-0.0075,5.6556,1.577,0.2788,1.547,1.4192,0.9096,0.5058,0.0773,1.1567,0.9019,0.6374,0.5096,0.4038,0.4285,164.4081,172.0856,13.0342,2.8119
75.1,2253,,1.1635,1.5682,-0.0102,5.6447,1.5784,0.2796,1.5459,1.4195,0.9075,0.5004,0.0772,1.1558,0.8996,0.6384,0.5121,0.407,0.4233,164.6154,171.9955,12.6958,2.8295
75.133,2254,,1.1638,1.5657,-0.0116,5.6187,1.5774,0.2807,1.5418,1.4197,0.9079,0.4974,0.0771,1.1542,0.8995,0.6339,0.5118,0.4105,0.4203,165.4156,172.1557,12.3138,2.9517
75.167,2255,,1.1643,1.5642,-0.0123,5.5973,1.5766,0.2817,1.5418,1.4195,0.9092,0.4951,0.077,1.1521,0.9028,0.6326,0.5103,0.4141,0.4181,165.8785,172.2213,12.0633,2.9387
75.2,2256,,1.164,1.5628,-0.0137,5.5816,1.5765,0.2824,1.5409,1.418,0.9101,0.4937,0.0769,1.1508,0.9099,0.6308,0.5078,0.4165,0.4168,165.9691,171.6698,12.2012,2.9336
75.233,2257,,1.1627,1.5612,-0.015,5.5658,1.5762,0.2832,1.54,1.4161,0.9094,0.4901,0.0768,1.1492,0.9161,0.6306,0.5067,0.4193,0.4133,165.6539,171.0399,12.3627,2.9209
75.267,2258,,1.1634,1.5596,-0.0141,5.543,1.5737,0.2839,1.5388,1.416,0.9108,0.488,0.0768,1.1488,0.9234,0.628,0.5053,0.4228,0.4111,165.6914,170.1501,12.6042,2.9109
75.3,2259,,1.1643,1.5581,-0.0141,5.5246,1.5723,0.2846,1.5364,1.4156,0.9129,0.489,0.0769,1.1498,0.9278,0.6235,0.5027,0.4239,0.4122,165.8912,169.4446,12.7249,2.9033
75.333,2260,,1.1639,1.5554,-0.0164,5.4967,1.5718,0.286,1.5329,1.4148,0.913,0.4848,0.0767,1.1496,0.9261,0.62,0.5018,0.4281,0.4082,165.5195,168.1207,13.1996,2.8944
75.367,2261,,1.163,1.5515,-0.0199,5.4636,1.5714,0.2876,1.5274,1.4137,0.9122,0.4801,0.0764,1.1481,0.9256,0.6152,0.5015,0.4321,0.4037,165.2442,166.6709,13.8196,2.8932
75.4,2262,,1.1624,1.546,-0.0216,5.4193,1.5676,0.2893,1.519,1.4121,0.9127,0.4826,0.0762,1.1466,0.9244,0.6063,0.4994,0.4301,0.4064,163.2492,163.7611,14.9861,2.8679
75.433,2263,,1.1624,1.5398,-0.0217,5.3621,1.5614,0.2912,1.5095,1.4109,0.914,0.4842,0.0761,1.1466,0.9249,0.5955,0.4969,0.4298,0.4081,159.2,160.7224,16.3826,2.8186
75.467,2264,,1.1624,1.5321,-0.0217,5.296,1.5538,0.2934,1.4983,1.409,0.9158,0.4887,0.0761,1.1464,0.9211,0.5825,0.4932,0.4272,0.4126,156.9026,157.5188,17.9354,2.6915
75.5,2265,,1.1624,1.5209,-0.0218,5.1985,1.5426,0.2967,1.4842,1.4033,0.9214,0.4938,0.0761,1.1501,0.922,0.5628,0.4819,0.4276,0.4178,156.3617,154.7015,19.4354,2.5567
75.533,2266,,1.1609,1.5051,-0.0221,5.0648,1.5271,0.3015,1.4678,1.3955,0.9262,0.5018,0.076,1.1518,0.9191,0.5415,0.4693,0.4244,0.4257,153.9372,149.4126,22.1971,2.454
75.567,2267,,1.1587,1.4886,-0.0209,4.9268,1.5095,0.3064,1.4519,1.3862,0.9313,0.5106,0.0761,1.1533,0.9202,0.5207,0.4549,0.4207,0.4345,150.9757,143.0961,25.593,2.3659
75.6,2268,,1.1516,1.4682,-0.0192,4.7612,1.4874,0.3124,1.4325,1.3705,0.9328,0.5139,0.0763,1.1487,0.9101,0.4997,0.4377,0.4189,0.4376,147.4324,136.3088,29.4914,2.2854
75.633,2269,,1.1371,1.4406,-0.0197,4.5568,1.4603,0.3205,1.4034,1.3449,0.9293,0.5159,0.0762,1.1306,0.8821,0.4741,0.4156,0.4133,0.4397,144.2226,128.7378,33.7135,2.2074
75.667,2270,,1.1217,1.4126,-0.0202,4.3584,1.4328,0.3288,1.3704,1.3214,0.922,0.5173,0.0762,1.104,0.8393,0.4484,0.3995,0.4047,0.4411,140.8275,121.3028,37.4974,2.1495
75.7,2271,,1.1035,1.3825,-0.0181,4.1512,1.4006,0.3374,1.3341,1.2935,0.9136,0.5216,0.0763,1.0743,0.8124,0.4205,0.3799,0.392,0.4452,138.6921,115.6633,40.355,2.0472
75.733,2272,,1.0841,1.3505,-0.017,3.9417,1.3675,0.3469,1.2927,1.2602,0.908,0.5285,0.0764,1.0384,0.7785,0.3847,0.3522,0.3795,0.4521,135.6457,108.2866,44.3185,1.858
75.767,2273,,1.0628,1.3152,-0.0198,3.7318,1.335,0.3577,1.2546,1.2225,0.9032,0.528,0.0762,1.0045,0.652,0.3514,0.3192,0.3753,0.4517,134.5375,103.8345,47.7993,1.7775
75.8,2274,,1.0361,1.2715,-0.0341,3.5165,1.3056,0.3713,1.2144,1.1831,0.8891,0.5178,0.0751,0.9561,0.6929,0.3253,0.294,0.3713,0.4427,131.4839,98.6937,50.9217,1.7735
75.833,2275,,1.0073,1.2289,-0.0495,3.322,1.2784,0.3848,1.1697,1.1408,0.8739,0.5067,0.0738,0.9103,0.6344,0.2959,0.2669,0.3671,0.433,127.2909,92.3051,54.5669,1.7008
75.867,2276,,0.9803,1.1935,-0.0485,3.1362,1.242,0.396,1.1324,1.1025,0.8582,0.5038,0.0738,0.8706,0.599,0.2742,0.2443,0.3544,0.43,124.0466,87.4346,57.4862,1.564
75.9,2277,,0.9586,1.1668,-0.0442,2.9961,1.2111,0.4042,1.1055,1.0791,0.8382,0.5037,0.0742,0.7659,0.4411,0.2673,0.2409,0.3344,0.4295,121.0918,84.6151,58.0069,1.5213
75.933,2278,,0.9369,1.1446,-0.0365,2.8753,1.1812,0.4108,1.0821,1.0549,0.8188,0.5054,0.0749,0.8248,0.5825,0.2632,0.2361,0.3134,0.4305,118.6327,81.8232,58.378,1.4958
75.967,2279,,0.9194,1.1265,-0.0293,2.7737,1.1559,0.4167,1.0644,1.034,0.8047,0.501,0.0755,0.8117,0.5916,0.2596,0.2293,0.3037,0.4255,117.3611,80.4935,58.5685,1.4889
76.0,2280,,0.8977,1.1073,-0.0257,2.6796,1.133,0.4228,1.0449,1.0101,0.7854,0.4999,0.0758,0.7947,0.5772,0.2595,0.2247,0.2855,0.4241,114.6181,78.1859,58.4705,1.4773
76.033,2281,,0.8823,1.092,-0.0185,2.5983,1.1105,0.4274,1.0311,0.9963,0.7683,0.5005,0.0763,0.7964,0.5554,0.2628,0.228,0.2678,0.4242,110.1967,75.5007,57.8002,1.4681
76.067,2282,,0.8621,1.0744,-0.019,2.5236,1.0934,0.4333,1.0147,0.9778,0.7465,0.4982,0.0763,0.79,0.5447,0.2682,0.2314,0.2482,0.4219,105.2286,72.4381,56.8929,1.4755
76.1,2283,,0.8433,1.0619,-0.0228,2.4761,1.0847,0.4381,1.0014,0.9604,0.7263,0.4923,0.0761,0.7774,0.5425,0.2751,0.2341,0.234,0.4162,101.0088,70.5819,55.6153,1.4948
76.133,2284,,0.8265,1.0536,-0.0252,2.4432,1.0788,0.4416,0.9912,0.9437,0.7093,0.4863,0.0759,0.7566,0.5345,0.2819,0.2344,0.223,0.4104,97.5215,69.2759,54.3632,1.531
76.167,2285,,0.817,1.0426,-0.0294,2.4047,1.072,0.4458,0.9793,0.9352,0.6987,0.4802,0.0757,0.7501,0.5339,0.2806,0.2364,0.2186,0.4045,96.3515,70.5617,52.1911,1.604
76.2,2286,,0.8076,1.0361,-0.0326,2.383,1.0687,0.4485,0.9697,0.9287,0.6866,0.4729,0.0755,0.7504,0.5355,0.2831,0.2421,0.2136,0.3974,95.3344,72.9938,48.858,1.6803
76.233,2287,,0.7934,1.0253,-0.0374,2.3484,1.0627,0.4525,0.9593,0.9192,0.6676,0.4656,0.0752,0.7471,0.5486,0.2918,0.2516,0.202,0.3904,94.1315,75.4337,45.0682,1.7853
76.267,2288,,0.776,1.017,-0.0386,2.3197,1.0556,0.4551,0.9494,0.9039,0.6481,0.4574,0.0752,0.7376,0.5737,0.3013,0.2558,0.1907,0.3822,92.6606,76.8782,42.1039,1.7672
76.3,2289,,0.765,1.0058,-0.0377,2.2751,1.0434,0.4586,0.9456,0.8953,0.6347,0.4497,0.0754,0.7402,0.5644,0.3109,0.2606,0.185,0.3744,92.1642,78.4686,40.0196,1.6448
76.333,2290,,0.7698,1.0257,-0.0459,2.322,1.0716,0.4615,0.9444,0.9042,0.6353,0.471,0.0751,0.7216,0.5115,0.3091,0.2688,0.1644,0.3959,93.9371,88.6049,27.7526,1.6531
76.367,2291,,0.7432,0.9937,-0.0389,2.2322,1.0326,0.4626,0.9249,0.8788,0.6076,0.4395,0.0753,0.7126,0.5336,0.3173,0.2713,0.1681,0.3642,90.5713,87.0634,29.8126,1.6254
76.4,2292,,0.7653,1.02,-0.042,2.2953,1.062,0.4627,0.9407,0.9007,0.6299,0.4704,0.0753,0.718,0.502,0.3108,0.2707,0.1596,0.3951,94.1005,90.7879,25.1696,1.6249
76.433,2293,,0.766,1.0212,-0.0386,2.2921,1.0598,0.4624,0.9422,0.9033,0.6287,0.4738,0.0755,0.7172,0.4944,0.3135,0.2747,0.1548,0.3983,94.2614,92.5808,23.0427,1.6041
76.467,2294,,0.765,1.0236,-0.0345,2.293,1.0581,0.4614,0.9455,0.9051,0.6249,0.4784,0.0758,0.7137,0.4869,0.3206,0.2802,0.1464,0.4027,93.9227,94.4012,20.339,1.5833
76.5,2295,,0.7652,0.9586,-0.0311,2.0581,0.9897,0.4809,0.9259,0.9071,0.6233,0.481,0.0759,0.7074,0.4812,0.3026,0.2838,0.1423,0.405,93.9704,96.7568,17.4429,1.4452
76.533,2296,,0.7276,0.9955,-0.0233,2.2116,1.0188,0.4607,0.9334,0.8707,0.5845,0.4472,0.0764,0.6701,0.462,0.3489,0.2862,0.1373,0.3708,92.1159,102.6443,11.4667,1.4771
76.567,2297,,0.7348,0.9999,-0.0169,2.2163,1.0167,0.4587,0.9406,0.8787,0.5908,0.4509,0.0768,0.6766,0.4681,0.3498,0.2879,0.1399,0.3741,93.4284,104.237,10.3511,1.478
76.6,2298,,0.7414,1.0067,-0.0119,2.2332,1.0187,0.4562,0.9501,0.8864,0.5965,0.4553,0.0771,0.6824,0.4745,0.3537,0.2899,0.1412,0.3782,94.12,105.2324,9.3,1.4848
76.633,2299,,0.7464,1.0193,-0.0135,2.2845,1.0328,0.4521,0.9608,0.8919,0.6008,0.4591,0.077,0.6839,0.4744,0.36,0.2912,0.1416,0.3822,94.1667,106.6269,7.37,1.5004
76.667,2300,,0.7526,1.0335,-0.0144,2.3415,1.0479,0.4475,0.9722,0.8992,0.6059,0.4639,0.0769,0.6849,0.4746,0.3663,0.2933,0.142,0.387,94.3945,107.7068,5.9195,1.5158
76.7,2301,,0.7593,0.9939,-0.0135,2.194,1.0074,0.4592,0.969,0.907,0.6115,0.4672,0.0769,0.6851,0.4712,0.3575,0.2955,0.1443,0.3903,94.8277,108.9037,4.6739,1.4443
76.733,2302,,0.7636,1.0558,-0.0124,2.4277,1.0682,0.44,0.9949,0.9123,0.615,0.4722,0.077,0.6852,0.4703,0.38,0.2974,0.1427,0.3952,94.8157,109.7846,3.3258,1.541
76.767,2303,,0.7658,1.0633,-0.0122,2.4577,1.0754,0.4376,1.0039,0.9158,0.6158,0.4756,0.077,0.6854,0.4702,0.388,0.3,0.1402,0.3986,94.5095,110.548,1.9917,1.5459
76.8,2304,,0.769,1.0686,-0.0115,2.4783,1.0801,0.4358,1.0142,0.9218,0.6162,0.4784,0.077,0.6887,0.4728,0.398,0.3056,0.1379,0.4014,94.3411,112.1234,0.1702,1.5493
76.833,2305,,0.7714,1.0724,-0.0104,2.4918,1.0828,0.4346,1.0228,0.9265,0.6163,0.482,0.0771,0.692,0.4745,0.4065,0.3102,0.1343,0.4049,93.9356,113.064,1.2353,1.5474
76.867,2306,,0.7739,1.0727,-0.0092,2.4902,1.0819,0.4345,1.0282,0.9311,0.6168,0.487,0.0772,0.699,0.4821,0.4114,0.3142,0.1298,0.4098,93.1591,113.2808,2.1332,1.5423
76.9,2307,,0.7752,1.0724,-0.0091,2.4885,1.0815,0.4346,1.0268,0.934,0.6163,0.4896,0.0772,0.7025,0.4889,0.4106,0.3178,0.1267,0.4125,92.7221,114.2166,3.4687,1.5364
76.933,2308,,0.7745,1.0695,-0.0092,2.4776,1.0787,0.4354,1.0287,0.9347,0.6144,0.4909,0.0771,0.7045,0.4947,0.4143,0.3203,0.1235,0.4138,92.1027,115.0647,4.7675,1.5262
76.967,2309,,0.775,1.0667,-0.0087,2.4658,1.0754,0.4361,1.0304,0.9358,0.6142,0.493,0.0772,0.7053,0.5008,0.4163,0.3216,0.1211,0.4159,91.4996,115.6045,5.7624,1.5183
77.0,2310,sitting,0.7751,1.0647,-0.0083,2.4577,1.073,0.4366,1.0323,0.9361,0.6141,0.4955,0.0772,0.7045,0.5026,0.4182,0.322,0.1186,0.4183,90.8997,116.1014,6.7663,1.513
77.033,2311,sitting,0.7764,1.0629,-0.0083,2.4516,1.0713,0.437,1.0348,0.9379,0.6149,0.498,0.0772,0.7059,0.5067,0.4199,0.323,0.1169,0.4208,90.5874,116.3461,7.3828,1.5077
77.067,2312,sitting,0.7774,1.0622,-0.0087,2.45,1.0709,0.4371,1.0393,0.9395,0.6153,0.5006,0.0771,0.7031,0.5044,0.424,0.3242,0.1147,0.4235,90.2183,116.4756,7.9584,1.5055
77.1,2313,sitting,0.7799,1.0637,-0.0092,2.4565,1.0729,0.4368,1.0465,0.9433,0.6165,0.5034,0.0771,0.7048,0.506,0.43,0.3268,0.1131,0.4263,89.6269,116.4882,8.4662,1.5147
77.133,2314,sitting,0.7821,1.0715,-0.0094,2.4866,1.0809,0.4347,1.0531,0.948,0.6162,0.5003,0.0771,0.7054,0.5111,0.4369,0.3318,0.1159,0.4232,89.612,117.7162,9.3645,1.5247
77.167,2315,sitting,0.7822,1.0794,-0.0099,2.5204,1.0893,0.4322,1.0594,0.9496,0.6148,0.4974,0.0771,0.7068,0.5171,0.4446,0.3348,0.1174,0.4203,89.5059,118.5858,10.0682,1.5353
77.2,2316,sitting,0.7804,1.0876,-0.0116,2.5582,1.0992,0.4297,1.0662,0.9488,0.612,0.4951,0.077,0.7042,0.5195,0.4542,0.3368,0.1169,0.4181,89.2434,119.3449,10.9969,1.5483
77.233,2317,sitting,0.7804,1.0945,-0.0116,2.5872,1.1061,0.4275,1.0725,0.9495,0.6113,0.4943,0.077,0.7038,0.5228,0.4611,0.3382,0.117,0.4173,89.1442,120.0341,11.7191,1.5551
77.267,2318,sitting,0.7808,1.1008,-0.011,2.6116,1.1118,0.4257,1.0784,0.9506,0.6111,0.4943,0.0771,0.7032,0.525,0.4673,0.3394,0.1168,0.4173,88.9479,120.4774,12.2817,1.5614
77.3,2319,sitting,0.7811,1.1058,-0.008,2.627,1.1138,0.424,1.0841,0.9506,0.6115,0.4958,0.0773,0.7018,0.5258,0.4726,0.3392,0.1157,0.4185,88.7601,120.1619,12.2846,1.5699
77.333,2320,sitting,0.7814,1.109,-0.0049,2.6337,1.1138,0.4229,1.0881,0.9509,0.612,0.4975,0.0775,0.7001,0.5274,0.4761,0.339,0.1145,0.42,88.5226,119.8866,12.2967,1.5743
77.367,2321,sitting,0.7811,1.1099,-0.0031,2.6342,1.1131,0.4226,1.0903,0.9507,0.6115,0.4994,0.0776,0.6987,0.5291,0.4788,0.3392,0.1121,0.4218,88.2312,119.8208,12.6052,1.5737
77.4,2322,sitting,0.781,1.1111,-0.0013,2.6358,1.1125,0.4221,1.0929,0.9502,0.6118,0.5004,0.0777,0.6985,0.53,0.4811,0.3384,0.1114,0.4227,88.2591,120.2218,13.111,1.5722
77.433,2323,sitting,0.7802,1.1122,-0.0011,2.6401,1.1133,0.4217,1.0948,0.9493,0.611,0.5008,0.0777,0.698,0.5301,0.4838,0.3383,0.1102,0.4231,88.2591,120.458,13.5051,1.5703
77.467,2324,sitting,0.7795,1.113,-0.001,2.6437,1.114,0.4214,1.0962,0.949,0.6099,0.4997,0.0777,0.6976,0.5307,0.4862,0.3391,0.1102,0.422,88.3777,121.1617,14.1683,1.5697
77.5,2325,sitting,0.7793,1.1147,-0.0003,2.6501,1.115,0.4208,1.0984,0.9492,0.6094,0.4991,0.0777,0.6976,0.5318,0.489,0.3398,0.1103,0.4214,88.5319,121.7596,14.754,1.5718
77.533,2326,sitting,0.7796,1.1171,0.0003,2.6593,1.1168,0.4199,1.1008,0.9499,0.6094,0.4982,0.0778,0.6983,0.5323,0.4914,0.3405,0.1112,0.4204,88.8223,122.3384,15.1963,1.5745
77.567,2327,sitting,0.7817,1.1189,0.0012,2.6662,1.1177,0.4192,1.103,0.9525,0.6109,0.4981,0.0778,0.6993,0.5311,0.4921,0.3416,0.1128,0.4203,89.1505,122.8673,15.4795,1.5762
77.6,2328,sitting,0.7817,1.1088,0.0008,2.6249,1.1081,0.4221,1.0983,0.9545,0.609,0.4971,0.0778,0.6998,0.5293,0.4893,0.3455,0.1119,0.4193,89.1482,123.3265,16.0288,1.56
77.633,2329,sitting,0.783,1.1092,0.0014,2.6261,1.1078,0.4218,1.0992,0.9573,0.6088,0.4962,0.0778,0.6994,0.525,0.4904,0.3485,0.1125,0.4184,89.2567,123.9066,16.4808,1.5605
77.667,2330,sitting,0.7845,1.1098,0.0015,2.6294,1.1083,0.4215,1.1002,0.9595,0.6094,0.4943,0.0778,0.7007,0.5235,0.4908,0.3502,0.1151,0.4165,89.7162,124.7601,16.9192,1.5622
77.7,2331,sitting,0.7856,1.109,0.0015,2.627,1.1076,0.4216,1.0999,0.9615,0.6097,0.4922,0.0778,0.7035,0.5253,0.4902,0.3518,0.1175,0.4144,90.3055,125.6229,17.37,1.5616
77.733,2332,sitting,0.7864,1.108,0.0009,2.6268,1.1072,0.4215,1.0989,0.9628,0.6099,0.4889,0.0778,0.706,0.5269,0.489,0.3529,0.121,0.4111,90.518,126.7428,17.9691,1.5523
77.767,2333,sitting,0.7858,1.1079,0.0029,2.6252,1.105,0.4209,1.0975,0.9627,0.6088,0.4863,0.0779,0.7069,0.5296,0.4887,0.354,0.1225,0.4084,90.6965,127.7297,18.6255,1.5442
77.8,2334,sitting,0.784,1.1122,0.003,2.645,1.1093,0.4194,1.0993,0.9614,0.6065,0.4823,0.0779,0.7054,0.5306,0.4927,0.3548,0.1242,0.4044,90.4577,128.5904,19.202,1.5454
77.833,2335,sitting,0.7821,1.1047,0.0042,2.6147,1.1005,0.4209,1.0929,0.9596,0.6047,0.4786,0.078,0.7029,0.5311,0.4882,0.3549,0.1262,0.4005,90.567,129.2575,19.5434,1.5215
77.867,2336,sitting,0.7804,1.1063,0.0038,2.6232,1.1025,0.4203,1.0941,0.9576,0.6033,0.4741,0.078,0.7002,0.5331,0.4908,0.3543,0.1292,0.3961,90.6896,130.2323,20.0867,1.5188
77.9,2337,sitting,0.7787,1.1028,0.0034,2.6113,1.0994,0.421,1.0909,0.9554,0.602,0.4706,0.078,0.6973,0.5339,0.4889,0.3534,0.1314,0.3925,90.5662,130.8773,20.449,1.4991
77.933,2338,sitting,0.7769,1.0988,0.004,2.5954,1.0948,0.4218,1.0841,0.9535,0.6003,0.4691,0.078,0.6949,0.5328,0.4838,0.3533,0.1311,0.3911,90.5656,131.016,20.6329,1.4783
77.967,2339,sitting,0.7741,1.0964,0.0027,2.5902,1.0937,0.4223,1.0801,0.9508,0.5975,0.4675,0.078,0.6921,0.5319,0.4825,0.3532,0.13,0.3895,90.4306,130.8687,20.6822,1.4695
78.0,2340,sitting,0.7705,1.0919,-0.0008,2.5809,1.0927,0.4234,1.0782,0.947,0.5939,0.465,0.0778,0.6884,0.5298,0.4843,0.3531,0.1289,0.3872,89.9107,130.6948,20.7596,1.4564
78.033,2341,sitting,0.768,1.088,-0.0024,2.57,1.0904,0.4243,1.0701,0.9442,0.5919,0.4653,0.0777,0.6865,0.5263,0.4783,0.3523,0.1266,0.3876,89.7008,130.0577,20.5849,1.4526
78.067,2342,sitting,0.7654,1.0846,-0.0026,2.5585,1.0872,0.4249,1.0664,0.9415,0.5894,0.4665,0.0777,0.6846,0.5216,0.477,0.3521,0.1229,0.3888,89.4245,129.3491,20.5039,1.4521
78.1,2343,sitting,0.7636,1.0817,-0.0022,2.5475,1.0839,0.4255,1.0638,0.9393,0.5878,0.4677,0.0777,0.6825,0.5131,0.4759,0.3515,0.1201,0.3899,89.0678,128.592,20.2655,1.4526
78.133,2344,sitting,0.763,1.08,-0.0009,2.5388,1.0809,0.4258,1.0618,0.9383,0.5876,0.4696,0.0778,0.6818,0.5043,0.4742,0.3507,0.118,0.3918,88.762,127.8471,19.946,1.4553
78.167,2345,sitting,0.7617,1.0774,-0.0008,2.5289,1.0782,0.4264,1.0581,0.937,0.5865,0.469,0.0778,0.6804,0.4958,0.4717,0.3506,0.1175,0.3912,88.6764,127.7121,19.8883,1.4554
78.2,2346,sitting,0.7606,1.076,-0.0008,2.5229,1.0767,0.4268,1.0562,0.9358,0.5853,0.4689,0.0778,0.6805,0.4893,0.4709,0.3505,0.1164,0.391,88.6382,127.5597,19.857,1.4558
78.233,2347,sitting,0.7595,1.075,-0.0,2.5166,1.075,0.4272,1.0524,0.9345,0.5845,0.4684,0.0779,0.6814,0.4861,0.468,0.35,0.116,0.3906,88.7789,127.5653,19.8353,1.4549
78.267,2348,sitting,0.7577,1.0741,-0.0003,2.5118,1.0744,0.4277,1.0498,0.9325,0.5829,0.4686,0.0778,0.6813,0.482,0.4669,0.3495,0.1143,0.3908,88.6991,127.1751,19.6298,1.4549
78.3,2349,sitting,0.7559,1.0719,-0.0005,2.5023,1.0724,0.4286,1.0459,0.9305,0.5812,0.4685,0.0778,0.68,0.4773,0.4647,0.3493,0.1127,0.3907,88.5012,126.5615,19.2332,1.4552
78.333,2350,sitting,0.7551,1.0695,-0.0009,2.493,1.0704,0.4294,1.0426,0.929,0.5811,0.4683,0.0778,0.6775,0.4715,0.4614,0.3479,0.1128,0.3905,88.54,125.8616,18.5204,1.456
78.367,2351,sitting,0.7528,1.066,-0.0033,2.4827,1.0693,0.4307,1.0377,0.9257,0.58,0.4672,0.0776,0.6756,0.4708,0.4577,0.3457,0.1128,0.3896,88.6881,125.6438,18.2157,1.4537
78.4,2352,sitting,0.7524,1.0624,-0.0034,2.4682,1.0658,0.4318,1.0343,0.9246,0.5802,0.4661,0.0776,0.6755,0.4688,0.4541,0.3444,0.1141,0.3885,88.8706,124.9622,17.3293,1.456
78.433,2353,sitting,0.7508,1.0584,-0.0005,2.4479,1.0589,0.4326,1.0317,0.9213,0.5803,0.4642,0.0778,0.675,0.4676,0.4514,0.341,0.1161,0.3864,89.0826,124.6676,16.621,1.4549
78.467,2354,sitting,0.7497,1.0558,0.0018,2.4332,1.054,0.4332,1.0276,0.9183,0.5812,0.4633,0.0779,0.6733,0.4657,0.4465,0.3372,0.1179,0.3853,89.3721,124.1333,15.6601,1.4608
78.5,2355,sitting,0.7492,1.0544,0.0039,2.424,1.0505,0.4334,1.0251,0.9161,0.5822,0.4622,0.0781,0.6706,0.4619,0.4429,0.334,0.1199,0.3842,89.7231,123.3243,14.3564,1.4667
78.533,2356,sitting,0.7492,1.0537,0.0056,2.4173,1.0481,0.4336,1.025,0.9154,0.583,0.463,0.0782,0.6665,0.4568,0.442,0.3324,0.12,0.3848,89.7639,121.7257,12.5867,1.475
78.567,2357,sitting,0.7486,1.0538,0.0074,2.4132,1.0464,0.4336,1.0255,0.9142,0.5831,0.4627,0.0782,0.6659,0.4552,0.4425,0.3312,0.1204,0.3844,89.8211,120.3613,10.9237,1.4828
78.6,2358,sitting,0.7481,1.0532,0.0039,2.4165,1.0494,0.4342,1.0236,0.9142,0.5821,0.4624,0.078,0.6658,0.4556,0.4415,0.3321,0.1197,0.3844,89.2822,118.7496,9.3798,1.4909
78.633,2359,sitting,0.7478,1.0529,0.0005,2.4198,1.0524,0.4349,1.0223,0.9142,0.5815,0.4625,0.0778,0.665,0.4556,0.4408,0.3326,0.119,0.3846,88.8478,117.6322,8.2706,1.4949
78.667,2360,sitting,0.7476,1.054,-0.0029,2.4283,1.0568,0.4352,1.0214,0.9142,0.581,0.4627,0.0776,0.6653,0.4579,0.4404,0.3332,0.1183,0.3851,88.47,116.5139,7.184,1.5032
78.7,2361,sitting,0.7486,1.0552,-0.0056,2.4368,1.0608,0.4353,1.0215,0.9162,0.581,0.4628,0.0774,0.6666,0.4627,0.4405,0.3351,0.1182,0.3854,88.0572,114.915,5.581,1.5082
78.733,2362,sitting,0.7487,1.0552,-0.0079,2.441,1.0631,0.4355,1.0211,0.9168,0.5806,0.4623,0.0773,0.6652,0.4641,0.4405,0.3362,0.1183,0.385,87.5684,113.4529,4.108,1.5155
78.767,2363,sitting,0.7497,1.0557,-0.0088,2.4438,1.0645,0.4356,1.0206,0.9178,0.5816,0.463,0.0772,0.6645,0.4626,0.439,0.3362,0.1186,0.3857,87.1757,111.6741,2.3415,1.5218
78.8,2364,sitting,0.7491,1.0538,-0.0089,2.437,1.0627,0.4361,1.0185,0.9172,0.581,0.4639,0.0772,0.6625,0.4636,0.4375,0.3362,0.1171,0.3867,86.3505,109.5525,0.5284,1.5222
78.833,2365,sitting,0.7466,1.0515,-0.0097,2.4299,1.0612,0.4367,1.0153,0.9146,0.5787,0.4637,0.0772,0.6608,0.4613,0.4366,0.3359,0.1149,0.3866,85.6224,107.9956,0.7567,1.5238
78.867,2366,sitting,0.7446,1.049,-0.0114,2.4237,1.0604,0.4375,1.0113,0.9124,0.5768,0.4632,0.0771,0.6582,0.4578,0.4345,0.3356,0.1136,0.3861,85.1224,106.8697,1.8223,1.5262
78.9,2367,sitting,0.7432,1.0444,-0.0129,2.4094,1.0573,0.4388,1.007,0.9106,0.5758,0.4621,0.077,0.6552,0.4521,0.4312,0.3348,0.1137,0.3852,84.8617,105.5296,3.2989,1.5236
78.933,2368,sitting,0.7417,1.0395,-0.0146,2.3944,1.0541,0.4402,1.0015,0.9089,0.5746,0.4607,0.0769,0.6581,0.4515,0.4269,0.3343,0.1139,0.3838,84.3508,104.4143,4.5159,1.5224
78.967,2369,sitting,0.7389,1.0354,-0.0107,2.372,1.0461,0.441,0.9996,0.9054,0.5724,0.4617,0.0772,0.6473,0.439,0.4272,0.333,0.1107,0.3845,83.1378,101.4772,6.9592,1.5191
79.0,2370,sitting,0.7363,1.0298,-0.0084,2.3471,1.0381,0.4423,0.996,0.902,0.5706,0.4607,0.0773,0.6445,0.4319,0.4254,0.3313,0.1099,0.3834,82.2673,99.707,8.6408,1.517
79.033,2371,,0.7341,1.0212,-0.0106,2.3202,1.0318,0.4447,0.9859,0.8988,0.5694,0.4594,0.0772,0.6507,0.4321,0.4164,0.3294,0.1101,0.3822,81.6698,97.7903,10.4758,1.5198
79.067,2372,,0.7297,1.0138,-0.0127,2.2983,1.0265,0.4466,0.9776,0.8945,0.565,0.4594,0.077,0.6511,0.4283,0.4126,0.3295,0.1055,0.3824,80.1895,95.4914,12.0457,1.5279
79.1,2373,,0.7249,1.006,-0.0158,2.2766,1.0217,0.4488,0.9696,0.8899,0.56,0.4602,0.0768,0.6499,0.4226,0.4096,0.3299,0.0998,0.3834,78.4589,92.0918,14.4149,1.5406
79.133,2374,,0.7196,0.9969,-0.0199,2.252,1.0167,0.4515,0.9603,0.8843,0.5548,0.4608,0.0765,0.6468,0.4167,0.4055,0.3294,0.094,0.3843,76.6774,88.9309,16.4343,1.5534
79.167,2375,,0.7142,0.988,-0.0258,2.2319,1.0138,0.4542,0.9492,0.8782,0.5501,0.4581,0.0761,0.6431,0.4103,0.3991,0.3281,0.092,0.382,75.6752,86.1579,18.6357,1.5711
79.2,2376,,0.7135,0.9871,-0.021,2.2183,1.0081,0.4545,0.9488,0.8771,0.5498,0.4615,0.0765,0.6464,0.4124,0.3989,0.3273,0.0883,0.385,74.3793,82.6341,21.4027,1.5939
79.233,2377,,0.7126,0.9845,-0.0217,2.2079,1.0062,0.4557,0.9472,0.8757,0.5495,0.462,0.0765,0.6537,0.248,0.3977,0.3263,0.0875,0.3855,73.9984,80.0461,23.6885,1.6217
79.267,2378,,0.7125,0.9806,-0.0233,2.1952,1.004,0.4573,0.9444,0.8741,0.551,0.4602,0.0765,0.6729,0.2469,0.3934,0.3231,0.0908,0.3837,74.2013,78.6233,25.5368,1.6453
79.3,2379,,0.7129,0.9764,-0.0254,2.1826,1.0018,0.459,0.9417,0.8737,0.5521,0.4576,0.0764,0.6873,0.506,0.3895,0.3216,0.0945,0.3812,74.5872,77.3263,27.3409,1.6661
79.333,2380,,0.7141,0.9744,-0.0288,2.1801,1.0032,0.4601,0.9377,0.8747,0.5535,0.4551,0.0762,0.6906,0.5034,0.3841,0.3212,0.0984,0.3789,74.7088,75.1688,29.8847,1.6823
79.367,2381,,0.715,0.9709,-0.0305,2.1697,1.0014,0.4615,0.9352,0.8754,0.5546,0.4535,0.0761,0.6883,0.5002,0.3806,0.3208,0.1011,0.3774,74.9987,72.8147,32.4878,1.6742
79.4,2382,,0.7159,0.9697,-0.0306,2.1659,1.0003,0.4618,0.9329,0.8747,0.5572,0.4519,0.0762,0.687,0.4963,0.3757,0.3175,0.1053,0.3757,75.3279,71.3077,34.5653,1.6527
79.433,2383,,0.7159,0.9685,-0.0305,2.1622,0.9989,0.462,0.9294,0.8729,0.5589,0.4501,0.0763,0.6858,0.4927,0.3705,0.314,0.1088,0.3738,75.5896,70.1928,36.1807,1.6091
79.467,2384,,0.7177,0.9679,-0.0274,2.1549,0.9953,0.4619,0.9273,0.8734,0.5621,0.4513,0.0765,0.6837,0.4924,0.3652,0.3113,0.1108,0.3748,75.6547,68.8079,37.9084,1.5649
79.5,2385,,0.7198,0.9646,-0.0249,2.1379,0.9894,0.4628,0.9237,0.8739,0.5656,0.4536,0.0767,0.682,0.4928,0.3581,0.3084,0.112,0.3768,75.671,66.7525,40.1853,1.5116
79.533,2386,,0.7201,0.962,-0.0212,2.123,0.9832,0.4631,0.919,0.871,0.5693,0.4545,0.077,0.6774,0.4917,0.3498,0.3017,0.1148,0.3774,75.8349,65.2043,42.2016,1.4715
79.567,2387,,0.723,0.9592,-0.0187,2.1085,0.9779,0.4638,0.9164,0.8703,0.5756,0.456,0.0772,0.6736,0.4928,0.3407,0.2947,0.1196,0.3788,76.3792,64.0861,44.0782,1.4399
79.6,2388,,0.7269,0.9547,-0.0151,2.0877,0.9699,0.4646,0.9103,0.8698,0.584,0.4543,0.0774,0.672,0.4941,0.3263,0.2858,0.1297,0.3768,77.8383,64.3568,45.471,1.4527
79.633,2389,,0.731,0.9507,-0.0143,2.0726,0.965,0.4656,0.9052,0.87,0.5921,0.4543,0.0774,0.6715,0.4956,0.3131,0.2778,0.1378,0.3769,78.8572,64.1476,46.8862,1.4078
79.667,2390,,0.7366,0.9493,-0.012,2.0638,0.9613,0.4658,0.903,0.8719,0.6014,0.4547,0.0776,0.6745,0.4988,0.3016,0.2705,0.1467,0.3771,80.1331,64.7054,47.895,1.3202
79.7,2391,,0.7443,0.9506,-0.0094,2.0636,0.96,0.4652,0.9042,0.8756,0.613,0.4548,0.0777,0.676,0.5032,0.2912,0.2626,0.1582,0.3771,81.4055,65.085,49.216,1.3408
79.733,2392,,0.7514,0.9507,-0.0094,2.065,0.9601,0.4649,0.9056,0.8793,0.6236,0.4548,0.0776,0.6792,0.5056,0.2819,0.2556,0.1688,0.3772,82.1776,64.7842,50.8821,1.3142
79.767,2393,,0.7599,0.9533,-0.0079,2.0717,0.9612,0.4639,0.9078,0.8854,0.6343,0.4565,0.0777,0.6844,0.5007,0.2735,0.2511,0.1778,0.3788,82.8736,64.3366,52.4564,1.3044
79.8,2394,,0.7682,0.9567,-0.0069,2.0822,0.9637,0.4628,0.9111,0.8941,0.6423,0.457,0.0777,0.6834,0.5009,0.2688,0.2519,0.1853,0.3793,83.4821,65.083,52.8135,1.2984
79.833,2395,,0.7786,0.9621,-0.0047,2.0957,0.9668,0.4613,0.9166,0.9048,0.6523,0.4602,0.0778,0.6829,0.2962,0.2642,0.2524,0.1921,0.3825,84.4699,65.8475,53.2172,1.2886
79.867,2396,,0.7932,0.9714,-0.0009,2.1199,0.9723,0.4587,0.9253,0.9168,0.6696,0.4647,0.078,0.69,0.4929,0.2557,0.2472,0.2049,0.3868,85.7102,65.9214,54.5691,1.2953
79.9,2397,,0.8103,0.9817,0.001,2.1514,0.9808,0.4559,0.9336,0.9272,0.6933,0.4674,0.0781,0.693,0.4793,0.2403,0.2339,0.2259,0.3894,88.559,66.8186,56.485,1.3058
79.933,2398,,0.825,0.9938,0.003,2.1896,0.9908,0.4525,0.9422,0.9386,0.7114,0.4696,0.0782,0.7005,0.475,0.2308,0.2273,0.2418,0.3914,90.541,67.6991,57.6596,1.2621
79.967,2399,,0.834,1.0038,0.0019,2.2279,1.0019,0.4497,0.9535,0.9479,0.72,0.4725,0.078,0.6137,0.2978,0.2335,0.2279,0.2475,0.3945,92.0315,68.6348,57.879,1.3082
80.0,2400,,0.8454,1.015,0.0026,2.2697,1.0124,0.446,0.9629,0.9552,0.7355,0.4749,0.0781,0.7143,0.4788,0.2274,0.2198,0.2605,0.3968,94.3209,69.1741,59.139,1.3067
80.033,2401,,0.8544,1.0231,0.0003,2.3051,1.0228,0.4437,0.9712,0.9611,0.7478,0.4758,0.0779,0.7173,0.4804,0.2234,0.2133,0.2719,0.3979,96.3951,70.0918,59.9158,1.3078
80.067,2402,,0.8632,1.0309,-0.0009,2.3384,1.0318,0.4413,0.9795,0.9663,0.76,0.4763,0.0778,0.717,0.2862,0.2195,0.2063,0.2837,0.3985,98.1446,71.0236,60.6936,1.3059
80.1,2403,,0.87,1.0372,-0.0025,2.3649,1.0396,0.4396,0.9858,0.9707,0.7693,0.4786,0.0777,0.721,0.4766,0.2165,0.2014,0.2907,0.4009,98.887,71.0387,61.5598,1.3076
80.133,2404,,0.8751,1.0403,-0.0049,2.3806,1.0453,0.4391,0.9902,0.9737,0.7766,0.4822,0.0775,0.7253,0.4808,0.2136,0.1971,0.2944,0.4046,99.3716,70.5392,62.507,1.3049
80.167,2405,,0.8808,1.0417,-0.0055,2.3897,1.0472,0.4382,0.9903,0.9783,0.7833,0.4804,0.0775,0.7277,0.4787,0.2069,0.195,0.3029,0.403,100.5436,71.0127,63.2078,1.293
80.2,2406,,0.8855,1.041,-0.0066,2.3889,1.0476,0.4386,0.99,0.9809,0.7902,0.4815,0.0774,0.7337,0.4863,0.1998,0.1907,0.3087,0.404,101.4486,70.8644,64.1432,1.2891
80.233,2407,,0.8888,1.0388,-0.0073,2.3817,1.0461,0.4392,0.9879,0.9834,0.7942,0.482,0.0774,0.7382,0.4902,0.1937,0.1891,0.3122,0.4046,102.226,70.9092,64.6722,1.2852
80.267,2408,,0.893,1.0363,-0.0085,2.3741,1.0449,0.4401,0.9853,0.9856,0.8004,0.4826,0.0773,0.7409,0.3137,0.1849,0.1852,0.3178,0.4053,103.2941,70.8562,65.5206,1.2897
80.3,2409,,0.8968,1.0342,-0.0092,2.3671,1.0434,0.4408,0.9829,0.9876,0.8059,0.4855,0.0773,0.7418,0.3165,0.1769,0.1817,0.3204,0.4082,104.0474,70.503,66.2858,1.2853
80.333,2410,,0.8996,1.036,-0.0095,2.3626,1.0454,0.4425,0.9788,0.9886,0.8105,0.487,0.0773,0.7453,0.3159,0.1683,0.1781,0.3236,0.4096,104.7174,70.1936,67.0119,1.2766
80.367,2411,,0.9012,1.0345,-0.0103,2.3584,1.0448,0.443,0.975,0.9885,0.8138,0.4886,0.0773,0.7475,0.3173,0.1612,0.1747,0.3252,0.4113,105.0442,69.569,67.7977,1.2629
80.4,2412,,0.903,1.0329,-0.009,2.3503,1.0419,0.4433,0.9685,0.9887,0.8172,0.4923,0.0774,0.7496,0.4676,0.1513,0.1715,0.3249,0.415,105.0664,68.8106,68.52,1.2517
80.433,2413,,0.9036,1.0303,-0.0091,2.3414,1.0394,0.4439,0.9604,0.9873,0.8199,0.4947,0.0774,0.7511,0.4647,0.1404,0.1674,0.3252,0.4173,105.0617,68.2079,69.2482,1.245
80.467,2414,,0.9025,1.025,-0.01,2.3248,1.035,0.4452,0.9523,0.9838,0.8211,0.4973,0.0773,0.7502,0.4593,0.1311,0.1626,0.3239,0.42,104.5436,67.1375,70.1474,1.2299
80.5,2415,,0.9019,1.0161,-0.0107,2.2921,1.0268,0.448,0.9427,0.9795,0.8244,0.4968,0.0772,0.7489,0.4613,0.1183,0.1551,0.3276,0.4196,104.4706,66.2153,71.4575,1.2196
80.533,2416,,0.8975,1.0002,-0.0105,2.2348,1.0107,0.4523,0.931,0.97,0.825,0.4946,0.0772,0.7413,0.4539,0.106,0.145,0.3304,0.4174,104.0707,64.8552,73.0156,1.1932
80.567,2417,,0.8925,0.9821,-0.0092,2.1826,0.9913,0.4542,0.9194,0.9587,0.8263,0.489,0.0772,0.7315,0.4455,0.0931,0.1324,0.3373,0.4118,102.8355,63.3981,74.8545,1.1644
80.6,2418,,0.8792,0.9606,-0.0157,2.1222,0.9763,0.46,0.8991,0.9395,0.8188,0.466,0.0765,0.7052,0.4108,0.0803,0.1207,0.3529,0.3894,102.8074,64.208,76.8382,1.1289
80.633,2419,,0.8621,0.9389,-0.0151,2.0504,0.954,0.4653,0.8773,0.9148,0.8094,0.4457,0.0765,0.6706,0.3724,0.0679,0.1054,0.3637,0.3692,101.6745,63.6306,79.1611,1.0812
80.667,2420,,0.8374,0.9115,0.0065,1.9515,0.905,0.4637,0.8465,0.8864,0.7885,0.4271,0.0779,0.6252,0.3259,0.0581,0.098,0.3614,0.3492,98.7739,61.6606,80.3559,1.0192
80.7,2421,,0.8149,0.8831,0.0221,1.86,0.861,0.4629,0.8133,0.8601,0.7696,0.4138,0.0787,0.585,0.2767,0.0437,0.0905,0.3558,0.335,98.004,60.6655,81.5584,0.9576
80.733,2422,,0.7887,0.8481,0.0212,1.7719,0.8269,0.4667,0.7768,0.8247,0.7528,0.4074,0.0788,0.5395,0.2238,0.024,0.0718,0.3454,0.3286,98.3953,58.0507,84.3926,0.9117
80.767,2423,,0.7688,0.8209,0.0128,1.7066,0.8081,0.4735,0.7497,0.7925,0.7451,0.4108,0.0785,0.4884,0.1533,0.0046,0.0474,0.3343,0.3322,100.3084,54.4994,87.7537,0.8744
80.8,2424,,0.7583,0.7894,0.0049,1.62,0.7845,0.4842,0.7191,0.7705,0.746,0.4188,0.078,0.4497,0.1144,-0.0269,0.0245,0.3273,0.3407,101.4796,51.0828,90.9628,0.8706
80.833,2425,,0.754,0.7662,-0.0063,1.5495,0.7724,0.4985,0.6969,0.7506,0.7573,0.4221,0.0771,0.4197,0.0938,-0.0604,-0.0067,0.3352,0.3449,103.7771,48.7527,95.287,0.9092
80.867,2426,,0.7158,0.746,-0.1091,1.5747,0.8551,0.543,0.6257,0.6973,0.7343,0.3845,0.0756,0.3428,0.0191,-0.1086,-0.037,0.3498,0.3089,104.506,48.9248,99.481,0.9449
80.9,2427,,0.6895,0.7129,-0.159,1.554,0.8719,0.5611,0.599,0.6774,0.7017,0.3072,0.078,0.3301,-0.0099,-0.1026,-0.0242,0.3944,0.2292,109.8908,59.7078,98.2351,0.9257
80.933,2428,,0.6326,0.6689,-0.2564,1.59,0.9254,0.582,0.5247,0.6119,0.6533,0.2368,0.0748,0.2574,-0.0907,-0.1285,-0.0413,0.4164,0.162,102.0374,59.732,100.472,0.9386
80.967,2429,,0.6299,0.684,-0.2838,1.6443,0.9678,0.5886,0.5112,0.5931,0.6667,0.2211,0.0766,0.2419,-0.0992,-0.1555,-0.0735,0.4456,0.1445,100.7036,57.5158,104.679,0.9602
81.0,2430,,0.5887,0.65,-0.3547,1.6426,1.0047,0.6116,0.464,0.5488,0.6285,0.2019,0.0764,0.1882,-0.153,-0.1645,-0.0797,0.4266,0.1255,99.6114,56.3651,105.4279,0.975
81.033,2431,,0.5503,0.6208,-0.393,1.6172,1.0137,0.6269,0.4202,0.5058,0.5949,0.177,0.0773,0.1497,-0.1841,-0.1746,-0.0891,0.4179,0.0997,94.9351,54.3985,106.9646,0.9906
81.067,2432,,0.5433,0.6208,-0.3966,1.6149,1.0174,0.63,0.4025,0.4939,0.5926,0.1722,0.0807,0.1416,-0.1825,-0.1901,-0.0986,0.4204,0.0915,96.4225,52.1595,108.4726,1.027
81.1,2433,,0.5489,0.6216,-0.393,1.6031,1.0146,0.6329,0.3941,0.5046,0.5932,0.1561,0.0825,0.1483,-0.1708,-0.1991,-0.0886,0.4371,0.0737,88.6758,53.6636,108.0016,1.0544
81.133,2434,,0.5278,0.6033,-0.4108,1.5934,1.0141,0.6364,0.3842,0.4835,0.5721,0.1201,0.0824,0.1212,-0.1858,-0.1879,-0.0886,0.452,0.0376,79.731,55.8326,108.5782,1.0896
81.167,2435,,0.5132,0.5821,-0.4212,1.5726,1.0033,0.638,0.354,0.4748,0.5516,0.0922,0.0835,0.1037,-0.2005,-0.1976,-0.0767,0.4594,0.0087,74.7575,59.0868,107.1945,1.1153
81.2,2436,,0.4619,0.5298,-0.4573,1.5135,0.9871,0.6522,0.3224,0.422,0.5017,0.0532,0.0836,0.0667,-0.2328,-0.1793,-0.0797,0.4485,-0.0304,63.2423,59.9831,107.9588,1.1192
81.233,2437,,0.4506,0.5091,-0.4482,1.4379,0.9573,0.6657,0.2986,0.4199,0.4814,0.0407,0.0856,0.0718,-0.2253,-0.1828,-0.0616,0.4407,-0.0449,60.2778,63.4674,105.7303,1.0806
81.267,2438,,0.4339,0.4979,-0.4488,1.3809,0.9467,0.6855,0.2895,0.41,0.4579,0.0283,0.0851,0.0628,-0.2255,-0.1684,-0.0479,0.4296,-0.0568,58.1632,66.8648,104.226,1.0313
81.3,2439,,0.4226,0.4977,-0.4403,1.3207,0.9379,0.7102,0.2921,0.4119,0.4333,0.0095,0.0846,0.063,-0.2175,-0.1412,-0.0214,0.4238,-0.0752,54.5483,72.3669,101.1488,0.9743
81.333,2440,,0.4166,0.498,-0.4341,1.3007,0.9321,0.7166,0.2918,0.4152,0.418,-0.0056,0.0845,0.0646,-0.2122,-0.1261,-0.0028,0.4236,-0.0901,52.8838,77.0748,99.0299,0.9373
81.367,2441,,0.4017,0.4931,-0.4281,1.2804,0.9213,0.7195,0.2908,0.4134,0.3899,-0.0253,0.084,0.0677,-0.2075,-0.0991,0.0235,0.4152,-0.1094,50.3517,83.0503,95.667,0.8915
81.4,2442,,0.3806,0.4783,-0.4274,1.2473,0.9057,0.7262,0.2764,0.4043,0.357,-0.0434,0.0838,0.0634,-0.2081,-0.0807,0.0473,0.4005,-0.1273,48.6784,88.2196,92.4175,0.8753
81.433,2443,,0.3604,0.4614,-0.4297,1.2155,0.8911,0.7331,0.2504,0.3904,0.3304,-0.0499,0.084,0.0537,-0.2116,-0.0799,0.06,0.3803,-0.1339,49.6344,92.6153,90.3148,0.8593
81.467,2444,,0.3438,0.4462,-0.4241,1.1792,0.8703,0.7381,0.2568,0.38,0.3077,-0.0494,0.0846,0.0465,-0.2089,-0.0508,0.0723,0.3571,-0.134,49.3995,96.8339,87.7348,0.873
81.5,2445,,0.3322,0.4377,-0.4089,1.1429,0.8466,0.7408,0.2579,0.3759,0.2884,-0.0479,0.0849,0.0552,-0.1952,-0.0305,0.0875,0.3363,-0.1328,48.0543,100.6042,84.5479,0.8341
81.533,2446,,0.3187,0.4388,-0.398,1.1298,0.8367,0.7406,0.2501,0.3773,0.2601,-0.0508,0.0847,0.066,-0.1839,-0.01,0.1172,0.3108,-0.1354,49.0094,107.8731,78.5249,0.8446
81.567,2447,,0.3041,0.4403,-0.3879,1.119,0.8282,0.7401,0.2634,0.3755,0.2326,-0.0546,0.084,0.075,-0.1734,0.0308,0.1428,0.2872,-0.1385,52.456,114.8409,72.8417,0.8867
81.6,2448,,0.2974,0.4342,-0.3871,1.1042,0.8212,0.7438,0.1949,0.3646,0.2302,-0.078,0.0831,0.0784,-0.1708,-0.0353,0.1344,0.3082,-0.1612,49.7682,111.8177,73.9902,0.9051
81.633,2449,,0.2904,0.4261,-0.3808,1.0787,0.8069,0.7481,0.2171,0.3599,0.2208,-0.095,0.0827,0.0832,-0.165,-0.0036,0.1392,0.3157,-0.1776,50.2259,114.1733,72.4648,0.9099
81.667,2450,,0.469,0.5866,-0.1181,1.0176,0.7047,0.6925,,0.5288,0.4092,0.1416,0.0813,0.3103,0.0802,,0.1195,0.2677,0.0602,112.4326,107.932,75.4153,1.0047
81.7,2451,,0.2728,0.3878,-0.3678,0.9865,0.7555,0.7658,0.228,0.3404,0.2051,-0.0841,0.083,0.0899,-0.1492,0.0228,0.1352,0.2892,-0.1671,56.9414,117.6976,74.0868,0.7873
81.733,2452,,0.3591,0.4643,-0.2496,0.9652,0.7139,0.7396,0.3192,0.4173,0.3008,0.0326,0.0826,0.1993,-0.041,0.0184,0.1165,0.2683,-0.05,76.4626,111.2311,78.4946,0.7753
81.767,2453,,0.3149,0.4082,-0.3097,0.9425,0.7179,0.7617,0.255,0.3641,0.2656,-0.0171,0.0835,0.1501,-0.1069,-0.0106,0.0985,0.2827,-0.1005,68.8291,109.793,83.01,0.6695
81.8,2454,,0.3008,0.3738,-0.3353,0.9181,0.7091,0.7724,0.2216,0.3352,0.2663,-0.0326,0.0846,0.1219,-0.1519,-0.0447,0.0689,0.2989,-0.1172,69.2692,106.0645,88.8282,0.6196
81.833,2455,,0.2865,0.3397,-0.3608,0.9746,0.7006,0.7188,0.1863,0.3057,0.2673,-0.0471,0.0851,0.0862,-0.201,-0.081,0.0384,0.3144,-0.1322,74.0134,104.1245,95.0547,0.5954
81.867,2456,,0.2754,0.3047,-0.3778,1.0427,0.6824,0.6545,0.1593,0.2824,0.2684,-0.0585,0.0851,0.0492,-0.2456,-0.1091,0.014,0.3269,-0.1436,78.1174,103.033,100.5368,0.5818
81.9,2457,,0.2854,0.3257,-0.3743,1.0905,0.7,0.6419,0.1406,0.2795,0.2912,-0.0487,0.0856,0.0375,-0.2587,-0.1506,-0.0117,0.3399,-0.1343,81.8303,99.151,105.9374,0.5725
81.933,2458,,0.2933,0.3614,-0.3754,1.131,0.7368,0.6514,0.1164,0.2726,0.314,-0.0432,0.0859,0.027,-0.2684,-0.1977,-0.0414,0.3572,-0.129,85.5502,95.3612,111.5281,0.5929
81.967,2459,,0.282,0.3601,-0.3928,1.1618,0.7529,0.6481,0.0772,0.2488,0.3151,-0.0475,0.0865,0.0067,-0.2866,-0.2379,-0.0663,0.3626,-0.1339,88.2173,94.1154,115.4948,0.591
82.0,2460,,0.2564,0.3525,-0.4321,1.1831,0.7846,0.6632,0.0221,0.2034,0.3094,-0.0577,0.0859,-0.0258,-0.3241,-0.2873,-0.106,0.3671,-0.1436,90.3909,91.4414,120.6973,0.5914
82.033,2461,,0.2421,0.3539,-0.4384,1.214,0.7923,0.6526,0.0108,0.182,0.3022,-0.0616,0.0848,-0.0241,-0.3295,-0.2914,-0.1202,0.3638,-0.1464,92.3286,91.9185,121.6365,0.5866
82.067,2462,,0.2247,0.335,-0.4427,1.2364,0.7777,0.629,0.0025,0.1648,0.2845,-0.0677,0.0827,-0.0233,-0.3303,-0.282,-0.1198,0.3522,-0.1504,99.0739,97.372,121.4591,0.5639
82.1,2463,,0.2171,0.3271,-0.439,1.2493,0.7661,0.6132,0.004,0.1609,0.2733,-0.0654,0.0814,-0.0131,-0.3239,-0.2693,-0.1124,0.3387,-0.1469,104.8762,102.9109,120.58,0.5508
82.133,2464,,0.21,0.3222,-0.4418,1.2591,0.764,0.6067,-0.0124,0.1561,0.2639,-0.0658,0.0808,-0.01,-0.3259,-0.2762,-0.1078,0.3297,-0.1466,109.6931,107.546,120.2935,0.5448
82.167,2465,,0.1994,0.3124,-0.4428,1.2585,0.7552,0.6001,-0.0195,0.1473,0.2515,-0.0626,0.0804,-0.0075,-0.3265,-0.271,-0.1042,0.3141,-0.1431,114.6843,112.3114,120.3327,0.5356
82.2,2466,,0.1872,0.3038,-0.4338,1.2409,0.7376,0.5944,-0.0177,0.1382,0.2362,-0.0564,0.0802,-0.0035,-0.3159,-0.2539,-0.098,0.2926,-0.1366,119.0417,116.9228,119.9288,0.5261
82.233,2467,,0.1774,0.2916,-0.4379,1.2367,0.7295,0.5899,-0.0318,0.1297,0.2251,-0.0604,0.0801,-0.0056,-0.3176,-0.2569,-0.0955,0.2856,-0.1406,118.7867,118.6017,119.4479,0.5197
82.267,2468,,0.1784,0.2968,-0.4454,1.2507,0.7422,0.5935,-0.0495,0.1227,0.234,-0.0696,0.08,-0.0079,-0.3221,-0.2835,-0.1112,0.3036,-0.1496,116.7833,115.4623,121.2728,0.5228
82.3,2469,,0.1703,0.293,-0.4571,1.2681,0.7501,0.5916,-0.071,0.1086,0.2321,-0.0851,0.0799,-0.0146,-0.3298,-0.3031,-0.1235,0.3172,-0.165,114.5251,113.3421,122.5354,0.5242
82.333,2470,,0.1575,0.2834,-0.4565,1.2618,0.74,0.5864,-0.0863,0.0945,0.2205,-0.0945,0.0798,-0.0168,-0.3248,-0.3067,-0.126,0.3149,-0.1743,113.5246,113.6367,122.691,0.5231
82.367,2471,,0.1528,0.2794,-0.4452,1.261,0.7246,0.5746,-0.0869,0.0885,0.2171,-0.0968,0.08,-0.007,-0.3084,-0.3041,-0.1287,0.3139,-0.1767,114.2464,113.5678,123.1036,0.51
82.4,2472,,0.143,0.2653,-0.4325,1.2427,0.6978,0.5615,-0.1014,0.0723,0.2137,-0.0926,0.0802,-0.006,-0.2946,-0.3151,-0.1414,0.3063,-0.1728,117.2063,113.5651,125.1216,0.4921
82.433,2473,,0.1202,0.2263,-0.4338,1.2515,0.6601,0.5274,-0.0893,0.0516,0.1888,-0.1049,0.0802,-0.0086,-0.2987,-0.2781,-0.1372,0.2937,-0.1851,117.542,115.2723,124.7427,0.4679
82.467,2474,,0.1122,0.212,-0.4354,1.2421,0.6474,0.5212,-0.117,0.0406,0.1837,-0.1139,0.0803,-0.017,-0.3045,-0.3007,-0.143,0.2976,-0.1942,115.7528,113.6041,125.47,0.4652
82.5,2475,,0.1223,0.227,-0.4191,1.211,0.6462,0.5336,-0.144,0.0455,0.1991,-0.1067,0.0803,-0.0094,-0.2914,-0.3431,-0.1536,0.3058,-0.187,113.454,110.6139,126.2582,0.474
82.533,2476,,0.113,0.2116,-0.4121,1.1859,0.6237,0.5259,-0.1544,0.0386,0.1873,-0.1128,0.0801,-0.0134,-0.2881,-0.3418,-0.1487,0.3001,-0.1929,114.1402,112.6614,126.015,0.4654
82.567,2477,,0.0735,0.1592,-0.4264,1.106,0.5856,0.5294,-0.1873,0.0087,0.1383,-0.1267,0.0801,-0.0764,-0.3563,-0.3255,-0.1295,0.265,-0.2068,119.2741,120.0129,124.8554,0.5209
82.6,2478,,0.0499,0.1302,-0.4335,1.1309,0.5637,0.4984,-0.2101,-0.0088,0.1086,-0.1431,0.08,-0.1083,-0.388,-0.3187,-0.1173,0.2516,-0.2231,121.9541,124.6226,124.1685,0.5226
82.633,2479,,0.0292,0.1079,-0.4368,1.1455,0.5447,0.4756,-0.2299,-0.0266,0.085,-0.1532,0.08,-0.1381,-0.4075,-0.315,-0.1117,0.2382,-0.2332,123.7457,127.6364,123.9928,0.5241
82.667,2480,,0.0095,0.1001,-0.4391,1.1582,0.5392,0.4655,-0.2488,-0.041,0.0601,-0.1641,0.08,-0.1497,-0.4117,-0.3089,-0.1012,0.2242,-0.2441,124.8843,131.2093,122.988,0.5262
82.7,2481,,-0.002,0.0988,-0.4489,1.1622,0.5477,0.4712,-0.2358,-0.0568,0.0529,-0.18,0.08,-0.171,-0.4286,-0.2888,-0.1098,0.2329,-0.26,121.5119,129.5648,123.7366,0.5405
82.733,2482,,-0.0077,0.0983,-0.4532,1.1667,0.5515,0.4727,-0.2517,-0.0647,0.0493,-0.1899,0.08,-0.1799,-0.4329,-0.301,-0.114,0.2392,-0.2698,119.8497,128.7597,124.1495,0.5532
82.767,2483,,-0.0103,0.1003,-0.4601,1.1765,0.5603,0.4763,-0.2917,-0.0669,0.0463,-0.1913,0.0799,-0.1756,-0.4264,-0.338,-0.1133,0.2376,-0.2712,120.3099,129.5783,123.8943,0.5648
82.8,2484,,-0.0215,0.1042,-0.4673,1.203,0.5714,0.475,-0.2908,-0.079,0.0361,-0.2,0.0798,-0.1937,-0.4421,-0.3269,-0.1152,0.2361,-0.2798,120.0925,130.3258,123.8382,0.5564
82.833,2485,,-0.0298,0.1068,-0.4756,1.2174,0.5824,0.4784,-0.2675,-0.0912,0.0317,-0.2121,0.0798,-0.2076,-0.4587,-0.2992,-0.1229,0.2437,-0.2918,117.7296,128.8116,124.3618,0.5531
82.867,2486,,-0.0372,0.1045,-0.4737,1.2215,0.5782,0.4734,-0.2908,-0.0952,0.0207,-0.2111,0.0798,-0.2124,-0.4581,-0.3115,-0.1159,0.2318,-0.2909,119.6173,131.1537,123.6811,0.5745
82.9,2487,,-0.041,0.1034,-0.4725,1.2271,0.5759,0.4693,-0.2902,-0.0968,0.0147,-0.2143,0.0798,-0.214,-0.4531,-0.305,-0.1116,0.229,-0.2941,119.9117,132.0916,123.151,0.5739
82.933,2488,,-0.0505,0.1042,-0.4719,1.2141,0.5761,0.4745,-0.3083,-0.1099,0.0089,-0.2075,0.0798,-0.2198,-0.4545,-0.3172,-0.1188,0.2165,-0.2873,122.1038,132.8029,124.2122,0.5816
82.967,2489,,-0.0592,0.1043,-0.4725,1.201,0.5768,0.4803,-0.3113,-0.1199,0.0015,-0.2056,0.0798,-0.2135,-0.4615,-0.3129,-0.1214,0.2072,-0.2854,123.6311,134.2178,124.3471,0.5951
83.0,2490,,-0.065,0.1039,-0.4713,1.1889,0.5752,0.4838,-0.318,-0.1256,-0.0044,-0.2022,0.0798,-0.2123,-0.4654,-0.3136,-0.1213,0.1978,-0.282,124.9929,135.3025,124.3569,0.6025
83.033,2491,,-0.0636,0.1007,-0.4698,1.1951,0.5704,0.4773,-0.3229,-0.1186,-0.0086,-0.201,0.0799,-0.2145,-0.4634,-0.3143,-0.1101,0.1924,-0.2809,126.179,137.1906,123.333,0.5959
83.067,2492,,-0.0564,0.0985,-0.4672,1.1985,0.5657,0.472,-0.2933,-0.1097,-0.0031,-0.2049,0.0799,-0.214,-0.4577,-0.2902,-0.1066,0.2018,-0.2848,124.4635,136.414,122.8971,0.5765
83.1,2493,,-0.0498,0.0966,-0.4648,1.1989,0.5613,0.4682,-0.3034,-0.1014,0.0019,-0.2062,0.0799,-0.2122,-0.4528,-0.3053,-0.1033,0.2081,-0.2861,123.7814,136.0613,122.6572,0.5792
83.133,2494,,-0.0456,0.0957,-0.4631,1.1957,0.5588,0.4673,-0.2798,-0.0936,0.0025,-0.2045,0.0799,-0.206,-0.4535,-0.2822,-0.0961,0.2069,-0.2844,124.2581,136.9273,122.056,0.5626
83.167,2495,,-0.0409,0.0951,-0.4591,1.1932,0.5542,0.4645,-0.2685,-0.0826,0.0008,-0.2034,0.08,-0.1951,-0.4508,-0.2693,-0.0834,0.2042,-0.2833,124.9267,138.6105,120.7218,0.5522
83.2,2496,,-0.0329,0.0982,-0.4607,1.202,0.5589,0.465,-0.257,-0.0731,0.0073,-0.2068,0.0799,-0.1791,-0.4551,-0.2643,-0.0804,0.2141,-0.2867,123.7847,137.7448,120.241,0.5432
83.233,2497,,-0.0295,0.1004,-0.4622,1.203,0.5626,0.4677,-0.2535,-0.0688,0.0099,-0.2105,0.0799,-0.1692,-0.458,-0.2633,-0.0787,0.2204,-0.2904,122.907,137.2899,120.0399,0.5413
83.267,2498,,-0.0266,0.1012,-0.46,1.21,0.5612,0.4638,-0.2569,-0.0667,0.0136,-0.2107,0.0799,-0.1724,-0.4531,-0.2705,-0.0803,0.2243,-0.2905,122.6911,136.3771,120.1253,0.5337
83.3,2499,,-0.0261,0.1004,-0.4589,1.2086,0.5594,0.4628,-0.2627,-0.0626,0.0104,-0.2112,0.0799,-0.1715,-0.4481,-0.2732,-0.0731,0.2216,-0.291,123.1155,137.2581,119.228,0.541
83.333,2500,,-0.0182,0.0992,-0.456,1.202,0.5552,0.4619,-0.2178,-0.0571,0.0207,-0.2119,0.0799,-0.1693,-0.442,-0.2386,-0.0778,0.2326,-0.2917,120.5418,134.6012,119.3331,0.5116
83.367,2501,,-0.0143,0.0973,-0.4568,1.2001,0.5541,0.4617,-0.2073,-0.0596,0.031,-0.2153,0.0799,-0.1667,-0.4398,-0.2384,-0.0907,0.2464,-0.2952,117.2218,130.9933,120.2913,0.5082
83.4,2502,,-0.0045,0.098,-0.4594,1.1923,0.5574,0.4675,-0.2089,-0.0585,0.0495,-0.215,0.0799,-0.1619,-0.4391,-0.2583,-0.1079,0.2645,-0.2949,114.1733,126.4497,121.9325,0.5132
83.433,2503,,-0.0,0.1009,-0.4671,1.1836,0.568,0.4799,-0.2122,-0.0573,0.0572,-0.2207,0.0799,-0.1559,-0.4445,-0.2694,-0.1145,0.278,-0.3006,111.0876,123.6499,122.4387,0.5192
83.467,2504,,0.0119,0.1013,-0.472,1.1667,0.5733,0.4914,-0.2095,-0.0536,0.0774,-0.2191,0.0799,-0.1564,-0.4482,-0.2869,-0.131,0.2965,-0.299,108.1906,118.8684,124.1151,0.5183
83.5,2505,,0.0176,0.1024,-0.4765,1.1618,0.5789,0.4983,-0.1983,-0.05,0.0853,-0.2135,0.08,-0.1526,-0.4508,-0.2836,-0.1353,0.2987,-0.2934,107.1281,116.6699,124.3264,0.5201
83.533,2506,,0.0235,0.1038,-0.473,1.1557,0.5768,0.4991,-0.1771,-0.0402,0.0871,-0.2002,0.08,-0.1373,-0.436,-0.2642,-0.1273,0.2873,-0.2802,109.5235,117.9672,123.5372,0.5185
83.567,2507,,0.0395,0.1198,-0.4626,1.1501,0.5824,0.5064,-0.148,-0.0212,0.1003,-0.1896,0.0801,-0.0899,-0.3758,-0.2483,-0.1215,0.2899,-0.2697,108.9626,117.3701,122.4059,0.5151
83.6,2508,,0.0522,0.1361,-0.4505,1.2258,0.5865,0.4785,-0.129,-0.0037,0.1081,-0.1725,0.0802,-0.0516,-0.3261,-0.2372,-0.1119,0.2807,-0.2527,110.8821,118.7683,121.0813,0.478
83.633,2509,,0.0691,0.1599,-0.441,1.2478,0.601,0.4816,-0.0754,0.0143,0.124,-0.1641,0.0802,-0.0486,-0.3128,-0.1994,-0.1097,0.288,-0.2443,110.556,117.4241,120.6461,0.4681
83.667,2510,,0.092,0.1912,-0.4216,1.2514,0.6128,0.4897,-0.0409,0.0392,0.1448,-0.1501,0.0803,-0.0441,-0.294,-0.1857,-0.1056,0.2949,-0.2304,109.8686,115.8917,120.0608,0.4684
83.7,2511,,0.12,0.2257,-0.4213,1.2853,0.647,0.5033,-0.0527,0.0655,0.1745,-0.1481,0.0803,-0.0264,-0.2846,-0.2273,-0.109,0.3226,-0.2284,106.1024,111.6594,120.1587,0.4794
83.733,2512,,0.1501,0.2563,-0.4129,1.3041,0.6692,0.5132,-0.0251,0.0983,0.2018,-0.1358,0.0803,0.0,-0.2697,-0.2269,-0.1035,0.3377,-0.2162,104.4063,109.2398,119.394,0.48
83.767,2513,,0.1666,0.2659,-0.4082,1.3061,0.6741,0.5161,0.0041,0.1192,0.2139,-0.1282,0.0803,0.0176,-0.2613,-0.2099,-0.0947,0.3422,-0.2086,103.9833,108.99,118.3687,0.4731
83.8,2514,,0.1904,0.2843,-0.399,1.3039,0.6834,0.5241,0.0323,0.1465,0.2343,-0.1136,0.0804,0.0361,-0.2503,-0.202,-0.0878,0.3479,-0.194,104.2985,108.4969,117.578,0.4758
83.833,2515,,0.2012,0.2906,-0.3947,1.3008,0.6852,0.5268,0.0613,0.1632,0.2392,-0.1039,0.0805,0.0498,-0.2451,-0.1779,-0.076,0.343,-0.1843,105.5826,109.9612,116.3891,0.4737
83.867,2516,,0.2158,0.2999,-0.3824,1.2953,0.6823,0.5267,0.0889,0.1852,0.2464,-0.0882,0.0805,0.0672,-0.2332,-0.1575,-0.0612,0.3346,-0.1688,107.4912,111.9107,114.8885,0.4724
83.9,2517,,0.2233,0.3001,-0.3758,1.2917,0.6758,0.5232,0.1069,0.202,0.2446,-0.0794,0.0805,0.0775,-0.2265,-0.1377,-0.0425,0.324,-0.1599,109.8109,115.4095,112.9883,0.4676
83.933,2518,,0.2288,0.3037,-0.3726,1.2895,0.6764,0.5245,0.1233,0.2109,0.2467,-0.0683,0.0806,0.0828,-0.2232,-0.1233,-0.0358,0.315,-0.1489,112.1016,117.0343,112.3436,0.4666
83.967,2519,,0.2337,0.3115,-0.3713,1.2891,0.6828,0.5297,0.1395,0.215,0.2523,-0.0603,0.0808,0.0854,-0.2212,-0.1128,-0.0373,0.3126,-0.141,113.6457,117.2721,112.5653,0.4681
84.0,2520,,0.2403,0.3195,-0.3745,1.2896,0.694,0.5382,0.1461,0.2213,0.2593,-0.0515,0.0808,0.0857,-0.2231,-0.1132,-0.038,0.3108,-0.1323,115.9447,118.0695,112.7401,0.4736
84.033,2521,,0.2501,0.3315,-0.3706,1.2895,0.7021,0.5444,0.152,0.2322,0.2681,-0.0418,0.0808,0.0893,-0.2184,-0.116,-0.0358,0.3098,-0.1226,117.3757,118.4607,112.5474,0.4813
84.067,2522,,0.264,0.3458,-0.3623,1.2943,0.7081,0.5471,0.1669,0.2477,0.2804,-0.0278,0.0809,0.097,-0.2075,-0.1135,-0.0327,0.3082,-0.1087,119.094,118.8683,112.1852,0.4871
84.1,2523,,0.2693,0.3492,-0.3638,1.3007,0.713,0.5482,0.1721,0.2548,0.2837,-0.02,0.081,0.0973,-0.205,-0.1117,-0.0289,0.3038,-0.1011,121.3041,120.3183,111.8263,0.4894
84.133,2524,,0.2769,0.3514,-0.3621,1.2988,0.7136,0.5494,0.1764,0.2675,0.2864,-0.0111,0.081,0.0993,-0.2004,-0.1099,-0.0188,0.2974,-0.0921,123.6089,122.7028,110.6346,0.4919
84.167,2525,,0.2841,0.3593,-0.3613,1.2931,0.7206,0.5572,0.1876,0.2763,0.2918,-0.0024,0.0809,0.1,-0.1991,-0.1042,-0.0155,0.2942,-0.0832,125.8741,124.1827,110.2457,0.5004
84.2,2526,,0.2989,0.3727,-0.3465,1.276,0.7192,0.5636,0.2171,0.2972,0.3005,0.0284,0.0807,0.1122,-0.1866,-0.0834,-0.0033,0.2722,-0.0524,132.9753,128.7511,108.7426,0.5068
84.233,2527,,0.3125,0.3871,-0.3266,1.2689,0.7137,0.5625,0.2579,0.3203,0.3047,0.0521,0.0803,0.1272,-0.1687,-0.0468,0.0156,0.2526,-0.0282,139.3185,134.0576,106.2658,0.5104
84.267,2528,,0.3192,0.4077,-0.3104,1.2708,0.7181,0.5651,0.3175,0.3347,0.3037,0.0531,0.0795,0.14,-0.153,0.0138,0.0311,0.2506,-0.0264,140.1674,136.4757,104.2645,0.5124
84.3,2529,,0.3255,0.4346,-0.2983,1.2767,0.733,0.5741,0.3473,0.3462,0.3048,0.0559,0.0786,0.1495,-0.1417,0.0425,0.0414,0.2488,-0.0227,142.1798,139.0951,102.8755,0.5155
84.333,2530,,0.3248,0.4503,-0.2979,1.2921,0.7482,0.5791,0.3653,0.3502,0.2995,0.0571,0.0775,0.1499,-0.1418,0.0658,0.0507,0.2424,-0.0204,143.7117,141.4397,101.6995,0.5186
84.367,2531,,0.3265,0.4657,-0.2945,1.3061,0.7602,0.582,0.3805,0.3563,0.2966,0.0652,0.0759,0.1524,-0.1396,0.0839,0.0597,0.2314,-0.0107,147.6128,144.7002,100.5291,0.5228
84.4,2532,,0.3051,0.4597,-0.3228,1.3173,0.7825,0.594,0.3726,0.3379,0.2723,0.0496,0.0751,0.1286,-0.1679,0.1003,0.0657,0.2227,-0.0255,147.1677,147.1843,99.8778,0.5343
84.433,2533,,0.2863,0.4566,-0.3474,1.3339,0.804,0.6027,0.3678,0.3248,0.2478,0.0421,0.0739,0.1063,-0.1928,0.12,0.077,0.2057,-0.0318,149.6113,151.7224,98.5524,0.5421
84.467,2534,,0.2699,0.4581,-0.3653,1.3539,0.8235,0.6082,0.3713,0.3145,0.2253,0.0556,0.0724,0.0901,-0.2111,0.146,0.0892,0.1697,-0.0167,148.7311,159.8159,97.0609,0.5445
84.5,2535,,0.2512,0.4556,-0.3859,1.3852,0.8415,0.6075,0.3702,0.3011,0.2013,0.0652,0.0706,0.0713,-0.2322,0.169,0.0998,0.1361,-0.0054,142.066,166.8458,95.888,0.5737
84.533,2536,,0.2501,0.4637,-0.384,1.414,0.8477,0.5995,0.3811,0.304,0.1962,0.0917,0.0692,0.0706,-0.2326,0.1848,0.1078,0.1045,0.0226,136.9364,163.9593,94.8712,0.6069
84.567,2537,,0.2556,0.4731,-0.3745,1.4564,0.8477,0.582,0.3959,0.3113,0.1998,0.1185,0.0682,0.0769,-0.2265,0.1961,0.1115,0.0813,0.0504,135.8726,162.6321,94.2862,0.628
84.6,2538,,0.2648,0.4829,-0.357,1.4822,0.8399,0.5667,0.4106,0.3219,0.2077,0.144,0.0665,0.0882,-0.2143,0.2028,0.1142,0.0637,0.0775,138.579,162.3446,93.8372,0.6398
84.633,2539,,0.2658,0.4847,-0.3488,1.5049,0.8335,0.5538,0.4126,0.326,0.2056,0.1538,0.0652,0.0905,-0.2115,0.207,0.1204,0.0517,0.0887,139.462,161.8508,92.9904,0.6509
84.667,2540,,0.2676,0.4863,-0.3337,1.5261,0.82,0.5373,0.4141,0.33,0.2052,0.1582,0.0636,0.0935,-0.2064,0.2088,0.1247,0.047,0.0946,140.0175,161.2109,92.4766,0.6613
84.7,2541,,0.2757,0.4942,-0.3143,1.5395,0.8085,0.5251,0.4208,0.3398,0.2117,0.1664,0.0613,0.1024,-0.1946,0.2091,0.1281,0.0452,0.1051,141.6514,160.5693,92.0134,0.6679
84.733,2542,,0.2747,0.4967,-0.2882,1.5535,0.7849,0.5052,0.4221,0.343,0.2064,0.1698,0.0598,0.1081,-0.1815,0.2157,0.1367,0.0366,0.11,141.1975,159.815,90.96,0.676
84.767,2543,,0.2839,0.4889,-0.2278,1.5571,0.7166,0.4602,0.4157,0.3567,0.211,0.1877,0.0589,0.1305,-0.1444,0.2047,0.1457,0.0233,0.1288,143.4634,159.8687,89.4883,0.6785
84.8,2544,,0.2417,0.4678,-0.2237,1.5626,0.6915,0.4425,0.3878,0.3274,0.1561,0.2652,0.0663,0.1088,-0.1584,0.2317,0.1713,-0.1091,0.1989,118.9447,149.1108,86.2768,0.6797
84.833,2545,,0.198,0.4432,-0.2247,1.5776,0.668,0.4234,0.3505,0.2907,0.1053,0.2875,0.0725,0.0768,-0.1805,0.2452,0.1855,-0.1823,0.215,108.8526,138.7753,84.6614,0.6827
84.867,2546,,0.1905,0.4391,-0.1662,1.5798,0.6054,0.3832,0.3431,0.2854,0.0955,0.2725,0.0742,0.0814,-0.1552,0.2476,0.1898,-0.177,0.1983,113.4496,138.4004,83.6553,0.6809
84.9,2547,,0.1799,0.4345,-0.1515,1.5815,0.586,0.3705,0.3397,0.2809,0.0788,0.2617,0.075,0.0853,-0.1379,0.2609,0.2021,-0.1829,0.1867,115.3656,136.0285,81.9913,0.6805
84.933,2548,,0.1854,0.4376,-0.1486,1.5815,0.5862,0.3706,0.3474,0.2859,0.0849,0.2468,0.0744,0.1006,-0.1163,0.2626,0.2011,-0.1619,0.1724,120.2097,137.9919,81.6389,0.6815
84.967,2549,,0.2007,0.4479,-0.1385,1.5892,0.5864,0.369,0.3574,0.2985,0.1029,0.217,0.0716,0.1195,-0.0856,0.2545,0.1956,-0.1141,0.1454,131.4394,144.24,81.6212,0.6817
85.0,2550,,0.2185,0.4582,-0.1193,1.5895,0.5774,0.3633,0.369,0.3173,0.1196,0.1945,0.0685,0.1486,-0.044,0.2494,0.1978,-0.0749,0.126,141.2691,149.1218,81.1229,0.6709
85.033,2551,,0.2245,0.4655,-0.1352,1.601,0.6007,0.3752,0.3752,0.3293,0.1197,0.166,0.0648,0.1674,-0.0115,0.2555,0.2096,-0.0463,0.1012,136.2685,151.3759,79.5292,0.6713
85.067,2552,,0.2292,0.4717,-0.1748,1.618,0.6465,0.3996,0.38,0.3363,0.1221,0.1484,0.0618,0.1803,0.0159,0.2579,0.2142,-0.0263,0.0866,130.801,147.0321,78.1699,0.6806
85.1,2553,,0.2033,0.4269,-0.2443,1.6025,0.6712,0.4188,0.3464,0.3128,0.0937,0.0913,0.0598,0.155,-0.0004,0.2527,0.2191,0.0024,0.0314,126.2856,144.4497,77.2102,0.6825
85.133,2554,,0.1543,0.3743,-0.302,1.5952,0.6763,0.4239,0.2994,0.2688,0.0398,0.0361,0.062,0.113,-0.04,0.2596,0.229,0.0037,-0.0259,121.6635,144.2347,75.913,0.7063
85.167,2555,,0.1081,0.3326,-0.3686,1.642,0.7012,0.427,0.2594,0.2258,-0.0095,-0.0223,0.0595,0.0711,-0.077,0.2689,0.2353,0.0128,-0.0818,124.5198,142.7497,75.0999,0.7234
85.2,2556,,0.1185,0.3331,-0.3751,1.6417,0.7081,0.4313,0.2729,0.2231,0.014,-0.0242,0.0582,0.0779,-0.064,0.2589,0.2091,0.0382,-0.0825,122.3238,142.3801,77.6355,0.7438
85.233,2557,,0.1393,0.3498,-0.3537,1.6127,0.7036,0.4363,0.3071,0.241,0.0376,-0.0121,0.0616,0.1075,-0.0261,0.2695,0.2034,0.0497,-0.0737,119.5299,141.371,77.7051,0.7261
85.267,2558,,0.1636,0.3802,-0.3287,1.596,0.7089,0.4442,0.3439,0.2658,0.0614,0.0084,0.0621,0.1376,0.0075,0.2825,0.2045,0.0529,-0.0537,118.2628,140.8859,76.5256,0.7187
85.3,2559,,0.1719,0.4071,-0.3259,1.6173,0.733,0.4532,0.3704,0.2752,0.0687,0.007,0.0612,0.1455,0.019,0.3017,0.2065,0.0616,-0.0541,121.0304,141.273,75.215,0.7118
85.333,2560,,0.1912,0.4394,-0.3148,1.6581,0.7542,0.4548,0.4015,0.2944,0.088,0.0118,0.0605,0.16,0.0384,0.3136,0.2065,0.0762,-0.0487,124.3559,141.632,74.268,0.713
85.367,2561,,0.2114,0.4763,-0.2819,1.6911,0.7582,0.4484,0.4385,0.3252,0.0976,0.0359,0.0596,0.1882,0.065,0.3409,0.2276,0.0617,-0.0237,127.251,142.9233,69.8423,0.7245
85.4,2562,,0.2535,0.5239,-0.2236,1.7267,0.7475,0.4329,0.4924,0.3758,0.1313,0.0816,0.0579,0.2413,0.1144,0.3611,0.2445,0.0497,0.0237,132.03,144.4752,64.6387,0.7432
85.433,2563,,0.2865,0.5617,-0.1871,1.7633,0.7487,0.4246,0.5336,0.4178,0.1551,0.1114,0.0594,0.2777,0.1491,0.3785,0.2627,0.0438,0.052,131.533,142.9875,59.6554,0.77
85.467,2564,,0.3139,0.5978,-0.1623,1.792,0.7601,0.4242,0.575,0.4545,0.1733,0.1424,0.0612,0.3124,0.1826,0.4016,0.2812,0.0309,0.0812,130.8094,137.8667,55.7646,0.7972
85.5,2565,,0.3296,0.6272,-0.15,1.8158,0.7772,0.4281,0.6065,0.4765,0.1828,0.1638,0.062,0.3364,0.2063,0.4237,0.2937,0.019,0.1018,130.4349,133.6647,52.892,0.8279
85.533,2566,,0.3438,0.6509,-0.1445,1.8387,0.7954,0.4326,0.6317,0.4944,0.1932,0.1806,0.0628,0.3564,0.2245,0.4385,0.3012,0.0126,0.1178,130.4323,129.7102,49.8825,0.8573
85.567,2567,,0.3526,0.6658,-0.1471,1.8593,0.8128,0.4372,0.6482,0.5067,0.1985,0.1901,0.0636,0.3727,0.2354,0.4497,0.3082,0.0084,0.1265,129.3486,126.6715,47.3901,0.8859
85.6,2568,,0.3761,0.69,-0.1381,1.8574,0.8282,0.4459,0.6748,0.5346,0.2176,0.2194,0.0685,0.4067,0.2541,0.4572,0.317,-0.0018,0.1509,122.0285,122.1112,44.0203,0.9206
85.633,2569,,0.3899,0.7037,-0.1247,1.8472,0.8284,0.4484,0.6903,0.5542,0.2256,0.2415,0.0708,0.4341,0.2711,0.4646,0.3286,-0.0159,0.1707,117.5581,118.0496,41.4198,0.9445
85.667,2570,,0.3948,0.7068,-0.107,1.8216,0.8138,0.4467,0.6944,0.5649,0.2246,0.2513,0.0719,0.453,0.2848,0.4698,0.3403,-0.0267,0.1794,113.5616,115.6718,40.105,0.9511
85.7,2571,,0.3954,0.7094,-0.082,1.7823,0.7914,0.444,0.6975,0.5726,0.2182,0.2619,0.0726,0.4747,0.3011,0.4792,0.3544,-0.0437,0.1893,112.037,112.682,38.9878,0.9443
85.733,2572,,0.3901,0.7054,-0.0657,1.7258,0.7711,0.4468,0.6932,0.5719,0.2084,0.2564,0.0726,0.4886,0.3147,0.4849,0.3635,-0.0481,0.1838,108.747,111.7365,38.608,0.8915
85.767,2573,,0.3853,0.6978,-0.0647,1.6541,0.7625,0.461,0.6847,0.5682,0.2024,0.2484,0.0728,0.4995,0.3294,0.4823,0.3658,-0.046,0.1756,105.1567,110.6571,37.5079,0.8277
85.8,2574,,0.3825,0.6911,-0.0702,1.5878,0.7612,0.4794,0.6771,0.5669,0.1982,0.2435,0.0731,0.5097,0.3435,0.479,0.3688,-0.0454,0.1704,102.1868,109.3346,36.4889,0.7697
85.833,2575,,0.3725,0.6789,-0.0876,1.5369,0.7664,0.4987,0.6643,0.5574,0.1875,0.2295,0.0732,0.5096,0.3446,0.4768,0.3699,-0.042,0.1563,96.2628,108.1019,35.2543,0.7254
85.867,2576,,0.3684,0.6715,-0.1002,1.4826,0.7716,0.5205,0.6563,0.5518,0.1849,0.2187,0.0735,0.5085,0.3468,0.4714,0.3669,-0.0338,0.1453,91.8805,107.2469,33.7605,0.6895
85.9,2577,,0.3608,0.6578,-0.1143,1.4135,0.7721,0.5462,0.6426,0.5426,0.1789,0.2038,0.0741,0.4992,0.3349,0.4637,0.3636,-0.0249,0.1297,87.7063,106.7988,32.3768,0.6605
85.933,2578,,0.3549,0.6476,-0.1247,1.3326,0.7723,0.5795,0.632,0.5347,0.1752,0.1917,0.0743,0.4907,0.31,0.4568,0.3595,-0.0166,0.1174,86.2334,105.5944,30.5004,0.6512
85.967,2579,,0.3508,0.6392,-0.128,1.2848,0.7672,0.5971,0.6232,0.5284,0.1732,0.1811,0.0749,0.4795,0.2775,0.4499,0.3551,-0.0078,0.1062,87.7551,104.7879,28.5744,0.6398
86.0,2580,,0.3437,0.6266,-0.1348,1.2681,0.7614,0.6004,0.6098,0.52,0.1674,0.1677,0.076,0.4579,0.2343,0.4424,0.3526,-0.0004,0.0918,86.5412,102.7606,25.9621,0.6418
86.033,2581,,0.3421,0.6159,-0.1325,1.2401,0.7484,0.6035,0.5997,0.5169,0.1672,0.1607,0.0759,0.4352,0.1877,0.4325,0.3497,0.0066,0.0847,89.6785,102.3136,24.6002,0.6447
86.067,2582,,0.3408,0.598,-0.1318,1.1998,0.7297,0.6082,0.5812,0.5118,0.1698,0.1385,0.0762,0.4088,0.1433,0.4114,0.342,0.0314,0.0622,95.0807,107.1421,24.1189,0.6541
86.1,2583,,0.3372,0.5825,-0.1261,1.1581,0.7086,0.6119,0.5642,0.5104,0.164,0.0721,0.0772,0.3896,0.1044,0.4003,0.3464,0.0919,-0.0051,118.0458,120.6557,23.505,0.6625
86.133,2584,,0.3394,0.569,-0.1182,1.1159,0.6872,0.6158,0.55,0.5143,0.1646,0.0514,0.0778,0.374,0.0768,0.3854,0.3497,0.1132,-0.0264,129.08,127.5882,23.3837,0.6641
86.167,2585,,0.3435,0.5561,-0.1126,1.0808,0.6686,0.6187,0.5298,0.5166,0.1704,-0.0247,0.0794,0.3566,0.0497,0.3593,0.3462,0.1951,-0.1041,96.3562,150.0932,24.4234,0.6826
86.2,2586,,0.3525,0.5576,-0.1054,1.0751,0.663,0.6167,0.52,0.5258,0.1792,-0.0873,0.0801,0.3474,0.0393,0.3408,0.3466,0.2665,-0.1675,68.8207,161.9441,26.6781,0.7227
86.233,2587,,0.3668,0.574,-0.1339,1.1491,0.7078,0.616,0.5164,0.5443,0.1894,-0.1145,0.0803,0.3423,0.0274,0.327,0.3549,0.3039,-0.1947,63.0503,164.4521,27.5254,0.8044
86.267,2588,,0.3696,0.5745,-0.097,1.0874,0.6716,0.6176,0.5092,0.5446,0.1946,-0.0567,0.0803,0.3206,-0.0038,0.3145,0.3499,0.2513,-0.137,72.4208,161.9976,28.7945,0.8522
86.3,2589,,0.3796,0.5768,-0.0911,1.0925,0.6679,0.6113,0.5027,0.5454,0.2138,0.0179,0.0803,0.2981,-0.0293,0.2889,0.3316,0.1959,-0.0625,126.5068,155.4967,31.7212,0.8296
86.333,2590,,0.3881,0.5675,-0.1422,1.1345,0.7097,0.6255,0.489,0.534,0.2422,0.1228,0.0809,0.2696,-0.0618,0.2468,0.2918,0.1195,0.0419,103.4996,144.8878,37.5417,0.8275
86.367,2591,,0.391,0.5583,-0.1802,1.1596,0.7385,0.6368,0.4759,0.5231,0.259,0.175,0.0812,0.2483,-0.085,0.2169,0.2641,0.084,0.0938,103.9704,141.2405,42.4035,0.8519
86.4,2592,,0.3967,0.5455,-0.2073,1.1682,0.7528,0.6444,0.4585,0.5093,0.284,0.2009,0.0811,0.2258,-0.1046,0.1745,0.2253,0.0831,0.1198,113.5569,145.8327,49.0563,0.8698
86.433,2593,,0.4079,0.5415,-0.2236,1.1777,0.7651,0.6496,0.4511,0.5056,0.3102,0.2141,0.0809,0.2172,-0.1116,0.1408,0.1954,0.0962,0.1332,121.8281,150.3938,55.3805,0.8901
86.467,2594,,0.4225,0.538,-0.2284,1.1751,0.7664,0.6522,0.4439,0.5045,0.3404,0.2238,0.0807,0.211,-0.1127,0.1035,0.164,0.1166,0.1431,127.0277,154.3086,62.1904,0.8968
86.5,2595,,0.4469,0.5436,-0.2248,1.1786,0.7683,0.6519,0.441,0.5122,0.3815,0.2353,0.0806,0.2158,-0.1063,0.0595,0.1307,0.1462,0.1547,131.7419,158.1725,70.0682,0.8925
86.533,2596,,0.4725,0.5439,-0.2207,1.1722,0.7646,0.6522,0.4232,0.5188,0.4261,0.2303,0.0807,0.2178,-0.1027,-0.0029,0.0927,0.1958,0.1496,131.4365,150.6512,78.8747,0.8816
86.567,2597,,0.4958,0.5402,-0.2156,1.1555,0.7557,0.6541,0.4096,0.5225,0.4691,0.2361,0.0812,0.2193,-0.0982,-0.0595,0.0534,0.233,0.1549,135.5789,133.0643,88.054,0.8689
86.6,2598,,0.5122,0.5437,-0.2217,1.1948,0.7654,0.6407,0.3847,0.5185,0.5059,0.2245,0.0818,0.2141,-0.1061,-0.1212,0.0125,0.2815,0.1427,134.1076,114.2859,96.7459,0.9165
86.633,2599,,0.5267,0.563,-0.2359,1.2619,0.7989,0.6331,0.3395,0.5094,0.544,0.2177,0.0825,0.1963,-0.1234,-0.2045,-0.0346,0.3263,0.1353,135.0885,98.4914,105.1627,0.9627
86.667,2600,,0.5431,0.5944,-0.2404,1.3385,0.8348,0.6237,0.3439,0.5058,0.5804,0.2147,0.0823,0.1884,-0.1301,-0.2365,-0.0746,0.3657,0.1324,138.6235,86.8586,111.3273,1.0052
86.7,2601,,0.5467,0.6046,-0.2398,1.3601,0.8443,0.6208,0.3316,0.5001,0.5933,0.2078,0.0821,0.1803,-0.1339,-0.2617,-0.0932,0.3855,0.1257,138.4313,80.9316,113.4646,1.0116
86.733,2602,,0.5353,0.6082,-0.2484,1.3959,0.8566,0.6136,0.2649,0.4737,0.597,0.1835,0.0814,0.1562,-0.1539,-0.332,-0.1233,0.4134,0.1021,131.5039,73.6024,116.6836,1.022
86.767,2603,,0.5283,0.6114,-0.226,1.4392,0.8374,0.5819,0.2915,0.4603,0.5963,0.1762,0.081,0.1533,-0.1493,-0.3048,-0.1361,0.4202,0.0952,131.3128,69.5294,116.8482,1.0016
86.8,2604,,0.5052,0.5953,-0.2336,1.4766,0.8289,0.5614,0.2229,0.43,0.5803,0.1437,0.0799,0.133,-0.1709,-0.3575,-0.1503,0.4366,0.0639,118.4762,65.4664,117.34,1.0135
86.833,2605,,0.5089,0.6071,-0.2212,1.5222,0.8283,0.5441,0.2505,0.4287,0.5891,0.1374,0.0801,0.1401,-0.1651,-0.3386,-0.1604,0.4517,0.0573,122.0282,62.4241,117.6139,1.0351
86.867,2606,,0.5004,0.6031,-0.234,1.5513,0.8372,0.5397,0.2326,0.4151,0.5857,0.1218,0.0805,0.1289,-0.1787,-0.3531,-0.1706,0.4639,0.0413,122.1566,59.3537,118.4444,1.045
86.9,2607,,0.5161,0.6139,-0.2176,1.5637,0.8315,0.5317,0.242,0.4242,0.6081,0.1318,0.0804,0.1416,-0.1627,-0.3661,-0.184,0.4763,0.0515,129.4803,56.6789,120.4727,1.0267
86.933,2608,,0.5304,0.6283,-0.2059,1.5823,0.8342,0.5272,0.2311,0.4343,0.6265,0.1434,0.0801,0.1522,-0.1509,-0.3954,-0.1922,0.4831,0.0633,134.8245,54.4098,121.1723,1.001
86.967,2609,,0.5497,0.6531,-0.1829,1.5979,0.8361,0.5232,0.2786,0.4521,0.6473,0.1658,0.0797,0.1723,-0.1287,-0.3687,-0.1951,0.4815,0.0862,140.0006,52.5876,121.4257,0.9801
87.0,2610,,0.5688,0.6807,-0.1691,1.6239,0.8498,0.5233,0.2582,0.4675,0.6702,0.1871,0.0789,0.1863,-0.1134,-0.412,-0.2027,0.4831,0.1081,142.6835,50.3303,122.1965,0.9789
87.033,2611,,0.5807,0.7015,-0.1637,1.6483,0.8653,0.525,0.2953,0.4747,0.6867,0.2021,0.078,0.1908,-0.1073,-0.3914,-0.212,0.4846,0.1241,144.108,47.6829,123.3272,0.9812
87.067,2612,,0.5907,0.7063,-0.1488,1.6455,0.8551,0.5196,0.3134,0.4883,0.693,0.2241,0.0772,0.2036,-0.0917,-0.3796,-0.2047,0.4689,0.147,149.519,45.969,121.8426,0.9609
87.1,2613,,0.6349,0.7322,-0.082,1.5909,0.8141,0.5117,0.4035,0.5522,0.7175,0.2716,0.0764,0.2731,-0.0306,-0.314,-0.1653,0.4459,0.1952,167.1942,49.1572,117.9506,0.9552
87.133,2614,,0.6342,0.7364,-0.0946,1.612,0.831,0.5155,0.3979,0.548,0.7205,0.27,0.0764,0.2629,-0.0384,-0.3226,-0.1725,0.4505,0.1936,166.0737,46.7909,118.0082,0.9417
87.167,2615,,0.6353,0.736,-0.1048,1.6254,0.8408,0.5173,0.3953,0.5494,0.7213,0.2648,0.0766,0.2576,-0.0434,-0.3261,-0.1719,0.4565,0.1882,164.2386,46.1147,117.0652,0.9255
87.2,2616,,0.5554,0.6547,-0.222,1.6266,0.8768,0.539,0.2801,0.4692,0.6417,0.1776,0.0681,0.1652,-0.1523,-0.3616,-0.1725,0.4641,0.1095,115.0859,46.264,116.038,0.9126
87.233,2617,,0.659,0.7298,-0.1069,1.6327,0.8367,0.5125,0.4409,0.5956,0.7224,0.2785,0.0774,0.2917,-0.0333,-0.2815,-0.1268,0.4439,0.2011,159.809,50.3576,110.834,0.89
87.267,2618,,0.6094,0.6831,-0.1819,1.6188,0.865,0.5344,0.3588,0.5443,0.6744,0.2197,0.0708,0.2301,-0.1049,-0.3156,-0.1301,0.4548,0.1489,136.2528,50.1449,111.2826,0.9209
87.3,2619,,0.6275,0.6934,-0.1598,1.5728,0.8532,0.5425,0.3975,0.5701,0.6849,0.2365,0.0737,0.2641,-0.0763,-0.2874,-0.1148,0.4484,0.1628,144.9311,51.6585,109.6039,0.9497
87.333,2620,,0.6318,0.7008,-0.148,1.5267,0.8488,0.556,0.4116,0.5798,0.6839,0.2449,0.0711,0.2714,-0.0471,-0.2723,-0.1041,0.439,0.1738,131.2954,52.387,107.9683,0.9609
87.367,2621,,0.6265,0.6915,-0.1549,1.5217,0.8464,0.5562,0.4181,0.5788,0.6741,0.2302,0.0691,0.2706,-0.0448,-0.256,-0.0952,0.4438,0.1612,125.867,53.9586,106.9129,0.9781
87.4,2622,,0.629,0.687,-0.154,1.5126,0.8411,0.556,0.4345,0.5887,0.6693,0.2274,0.0681,0.2819,-0.0323,-0.2349,-0.0807,0.4419,0.1594,121.6288,54.2525,104.9504,0.9806
87.433,2623,,0.6633,0.7022,-0.1139,1.4773,0.8161,0.5524,0.5506,0.6401,0.6865,0.2826,0.073,0.3322,0.0167,-0.1359,-0.0464,0.4039,0.2096,131.4683,54.1722,99.8067,0.9376
87.467,2624,,0.6603,0.7165,-0.1196,1.4953,0.836,0.5591,0.5599,0.6473,0.6732,0.2897,0.072,0.3324,0.0167,-0.1133,-0.0259,0.3835,0.2177,128.7365,53.6834,96.5965,0.9332
87.5,2625,,0.6532,0.7247,-0.1289,1.5402,0.8536,0.5542,0.5663,0.6508,0.6555,0.2949,0.0705,0.3289,0.013,-0.0892,-0.0047,0.3606,0.2244,125.3375,53.3192,93.1274,0.9483
87.533,2626,,0.6913,0.7801,-0.0768,1.6028,0.8569,0.5346,0.6227,0.7089,0.6737,0.327,0.0738,0.3909,0.0747,-0.051,0.0352,0.3468,0.2532,134.2039,61.5532,86.2619,0.9957
87.567,2627,,0.6783,0.7766,-0.0919,1.6331,0.8685,0.5318,0.5616,0.7044,0.6522,0.316,0.0716,0.3794,0.0671,-0.0906,0.0522,0.3363,0.2443,128.524,61.4945,82.938,0.9955
87.6,2628,,0.6775,0.7797,-0.0785,1.6305,0.8583,0.5264,0.5846,0.7136,0.6415,0.3146,0.0728,0.3947,0.0878,-0.0569,0.0721,0.3269,0.2418,126.9084,63.1806,79.057,0.9766
87.633,2629,,0.6577,0.7812,-0.0726,1.6468,0.8538,0.5184,0.6497,0.7143,0.6011,0.3225,0.073,0.4052,0.0926,0.0486,0.1132,0.2786,0.2495,122.2659,65.336,70.9458,0.9711
87.667,2630,,0.6697,0.8023,-0.0387,1.6681,0.841,0.5042,0.6858,0.742,0.5975,0.3476,0.0753,0.4419,0.1343,0.0884,0.1445,0.2499,0.2722,123.4229,68.8423,63.5591,0.9635
87.7,2631,,0.6641,0.8135,-0.034,1.697,0.8475,0.4994,0.7,0.7554,0.5728,0.3762,0.076,0.4637,0.1648,0.1272,0.1826,0.1966,0.3002,117.2409,67.9135,55.5562,0.9576
87.733,2632,,0.6593,0.8266,-0.0371,1.7402,0.8636,0.4963,0.7206,0.7648,0.5539,0.3939,0.0759,0.4826,0.2015,0.1667,0.2108,0.16,0.3181,112.2777,68.6798,48.4824,0.9919
87.767,2633,,0.6566,0.8335,-0.0455,1.7736,0.879,0.4956,0.7386,0.7721,0.5411,0.407,0.0751,0.503,0.2375,0.1975,0.2311,0.1341,0.3319,108.3978,69.3899,43.4873,1.0241
87.8,2634,,0.6495,0.83,-0.0626,1.7902,0.8925,0.4986,0.7535,0.7745,0.5245,0.4189,0.0734,0.5105,0.2682,0.229,0.25,0.1057,0.3455,104.6696,69.2712,39.009,1.0582
87.833,2635,,0.6427,0.8289,-0.0785,1.8142,0.9074,0.5002,0.7727,0.779,0.5064,0.4191,0.0715,0.5147,0.2938,0.2663,0.2726,0.0873,0.3476,101.0763,71.0957,34.1696,1.101
87.867,2636,,0.6383,0.8331,-0.0967,1.8579,0.9298,0.5005,0.7886,0.7837,0.493,0.4204,0.0691,0.5261,0.3175,0.2957,0.2908,0.0726,0.3513,96.0285,72.6935,30.0513,1.1757
87.9,2637,,0.6469,0.8538,-0.0932,1.919,0.947,0.4935,0.8157,0.8013,0.4925,0.4373,0.0694,0.5431,0.3496,0.3232,0.3088,0.0553,0.3679,93.4819,73.2149,26.6594,1.2549
87.933,2638,,0.6545,0.881,-0.0903,2.0069,0.9714,0.484,0.8484,0.8158,0.4931,0.4458,0.0696,0.557,0.3736,0.3553,0.3227,0.0473,0.3761,91.7352,74.415,23.9778,1.36
87.967,2639,,0.6543,0.8979,-0.1121,2.1041,1.0099,0.48,0.8682,0.8209,0.4877,0.4285,0.0669,0.5591,0.3826,0.3805,0.3332,0.0592,0.3616,91.2182,79.0198,20.9299,1.4754
88.0,2640,,0.6975,0.9382,-0.0586,2.147,0.9968,0.4643,0.9176,0.8469,0.5481,0.4193,0.0729,0.5722,0.3948,0.3695,0.2988,0.1288,0.3464,98.5578,90.907,19.4206,1.5376
88.033,2641,,0.7069,0.9641,-0.0471,2.2231,1.0111,0.4548,0.9469,0.8639,0.5499,0.4354,0.074,0.6009,0.4325,0.397,0.314,0.1145,0.3614,95.6693,92.3829,15.5436,1.7414
88.067,2642,,0.697,0.9719,-0.0921,2.3306,1.0641,0.4566,0.9523,0.8708,0.5232,0.4388,0.0693,0.6191,0.4461,0.4291,0.3477,0.0844,0.3695,91.3553,94.2622,9.3774,1.8214
88.1,2643,,0.7031,0.9898,-0.0913,2.3953,1.0812,0.4514,0.9806,0.8791,0.5271,0.4453,0.0694,0.6294,0.4503,0.4535,0.352,0.0818,0.3759,89.059,98.9407,4.4528,1.8101
88.133,2644,,0.7113,1.0218,-0.0893,2.5078,1.1112,0.4431,1.0019,0.8886,0.5341,0.4504,0.0696,0.6402,0.4581,0.4678,0.3545,0.0837,0.3807,88.2791,103.0881,0.7062,1.7601
88.167,2645,,0.7137,1.0289,-0.0913,2.5386,1.1203,0.4413,1.0097,0.8908,0.5366,0.4494,0.0694,0.6408,0.4563,0.4731,0.3542,0.0872,0.38,88.3559,106.9695,2.4954,1.6977
88.2,2646,,0.7176,1.026,-0.0867,2.5191,1.1127,0.4417,1.0156,0.8941,0.5411,0.4508,0.0699,0.642,0.4561,0.4745,0.353,0.0903,0.3809,88.7836,110.0414,5.0054,1.6336
88.233,2647,,0.7239,1.0527,-0.0792,2.6108,1.1319,0.4336,1.0326,0.8984,0.5494,0.4561,0.0708,0.6467,0.4586,0.4832,0.3489,0.0933,0.3853,89.8924,112.345,6.7964,1.6261
88.267,2648,,0.7297,1.0469,-0.0719,2.5721,1.1188,0.435,1.0344,0.9023,0.5572,0.4614,0.0715,0.6518,0.4661,0.4772,0.345,0.0958,0.3899,90.9053,114.6091,8.5877,1.5819
88.3,2649,,0.7339,1.0526,-0.0659,2.5831,1.1185,0.433,1.0396,0.9046,0.5633,0.4659,0.0722,0.6556,0.4758,0.4763,0.3413,0.0973,0.3938,91.437,116.293,10.0258,1.5733
88.333,2650,,0.736,1.0606,-0.0626,2.6091,1.1233,0.4305,1.0464,0.9058,0.5661,0.4692,0.0725,0.6581,0.4807,0.4802,0.3397,0.0969,0.3967,91.384,117.7123,11.4773,1.5787
88.367,2651,,0.7386,1.0666,-0.0602,2.6288,1.1268,0.4286,1.0523,0.9083,0.5688,0.4724,0.0727,0.6587,0.4812,0.4835,0.3395,0.0964,0.3996,91.3186,118.5114,12.3965,1.5909
88.4,2652,,0.7425,1.0734,-0.0567,2.65,1.1301,0.4265,1.0594,0.9125,0.5725,0.476,0.0731,0.6612,0.4862,0.487,0.34,0.0965,0.4029,91.5436,119.2181,13.125,1.6045
88.433,2653,,0.7464,1.0817,-0.0536,2.6801,1.1354,0.4236,1.0678,0.9166,0.5763,0.4781,0.0734,0.6626,0.4884,0.4915,0.3403,0.0981,0.4048,92.0533,120.1748,13.8797,1.6212
88.467,2654,,0.7505,1.0912,-0.0491,2.7135,1.1403,0.4202,1.0769,0.9212,0.5798,0.48,0.0738,0.6641,0.4902,0.4971,0.3414,0.0998,0.4062,92.4434,120.861,14.3205,1.6354
88.5,2655,,0.7632,1.1097,-0.0316,2.755,1.1414,0.4143,1.0958,0.9341,0.5923,0.4897,0.0753,0.6749,0.5029,0.5035,0.3418,0.1026,0.4144,93.0714,121.8542,14.7595,1.6511
88.533,2656,,0.7659,1.1164,-0.029,2.7814,1.1454,0.4118,1.1022,0.9381,0.5937,0.4913,0.0755,0.6765,0.5015,0.5085,0.3444,0.1024,0.4158,92.7569,122.2498,15.1096,1.6622
88.567,2657,,0.7674,1.1209,-0.0265,2.7996,1.1473,0.4098,1.1064,0.9405,0.5943,0.4919,0.0757,0.6777,0.4992,0.5121,0.3462,0.1024,0.4162,91.9695,122.8253,15.5411,1.666
88.6,2658,,0.771,1.1287,-0.0181,2.8181,1.1468,0.4069,1.1148,0.9458,0.5962,0.4914,0.0764,0.6827,0.5033,0.5185,0.3495,0.1048,0.415,90.9478,123.8518,16.0346,1.6621
88.633,2659,,0.7687,1.1306,-0.0211,2.835,1.1517,0.4062,1.116,0.9454,0.592,0.4871,0.0763,0.6814,0.5001,0.5241,0.3534,0.1049,0.4109,89.297,123.9843,16.093,1.6598
88.667,2660,,0.7678,1.1329,-0.0229,2.8487,1.1558,0.4057,1.118,0.9456,0.5901,0.484,0.0762,0.6814,0.4997,0.5279,0.3555,0.1061,0.4077,88.2748,124.4469,16.2538,1.6585
88.7,2661,,0.7668,1.1342,-0.0248,2.8572,1.1591,0.4057,1.119,0.9454,0.5881,0.48,0.0762,0.6827,0.5007,0.5309,0.3573,0.1081,0.4038,87.4814,124.9047,16.3444,1.6529
88.733,2662,,0.7663,1.1341,-0.0267,2.8585,1.1607,0.4061,1.1189,0.946,0.5865,0.474,0.0761,0.6849,0.5019,0.5324,0.3595,0.1125,0.3979,87.0377,125.5029,16.3445,1.6416
88.767,2663,,0.7656,1.1343,-0.0267,2.8582,1.1609,0.4062,1.1191,0.9463,0.5849,0.4703,0.0761,0.6873,0.5047,0.5342,0.3614,0.1146,0.3942,86.8165,125.8064,16.3579,1.6281
88.8,2664,,0.7655,1.1341,-0.026,2.8551,1.1601,0.4063,1.119,0.9465,0.5845,0.4653,0.0762,0.6887,0.5059,0.5344,0.362,0.1192,0.3892,87.2279,126.5581,16.3698,1.6135
88.833,2665,,0.765,1.1338,-0.0266,2.8539,1.1604,0.4066,1.1186,0.9461,0.5838,0.4603,0.0761,0.6897,0.5044,0.5348,0.3623,0.1235,0.3842,87.5825,127.4005,16.5044,1.5982
88.867,2666,,0.7641,1.1312,-0.0271,2.8436,1.1582,0.4073,1.1164,0.9454,0.5828,0.4563,0.076,0.6902,0.5021,0.5336,0.3626,0.1265,0.3803,87.3965,127.7359,16.4337,1.5827
88.9,2667,,0.7632,1.1295,-0.0271,2.8356,1.1566,0.4079,1.1151,0.9451,0.5813,0.452,0.076,0.6915,0.5002,0.5338,0.3639,0.1293,0.376,87.3145,128.1604,16.4399,1.5669
88.933,2668,,0.7637,1.1376,-0.0261,2.8697,1.1637,0.4055,1.1204,0.9458,0.5816,0.4494,0.0761,0.6929,0.4977,0.5388,0.3642,0.1322,0.3733,87.5002,128.5446,16.391,1.5683
88.967,2669,,0.7639,1.1368,-0.0244,2.8623,1.1612,0.4057,1.1198,0.9465,0.5814,0.4474,0.0762,0.6944,0.4958,0.5384,0.3651,0.134,0.3712,87.4814,128.6759,16.2659,1.5573
89.0,2670,,0.7668,1.1372,-0.0224,2.8564,1.1596,0.4059,1.1205,0.9492,0.5845,0.4479,0.0763,0.6976,0.4977,0.536,0.3646,0.1366,0.3716,88.2275,129.1809,16.2872,1.5542
89.033,2671,,0.7708,1.1383,-0.0125,2.8392,1.1508,0.4053,1.1231,0.953,0.5887,0.4466,0.077,0.7027,0.5032,0.5344,0.3644,0.1421,0.3696,89.1234,130.0628,16.2349,1.5472
89.067,2672,,0.7735,1.1317,-0.0057,2.7938,1.1374,0.4071,1.1196,0.9555,0.5915,0.4447,0.0775,0.7061,0.5059,0.5282,0.3641,0.1467,0.3672,90.0226,130.7611,16.1269,1.535
89.1,2673,,0.7742,1.1374,-0.0,2.8079,1.1374,0.4051,1.1247,0.9565,0.592,0.4429,0.0778,0.7068,0.5054,0.5327,0.3645,0.1491,0.3651,90.4206,131.0051,15.9353,1.5423
89.133,2674,,0.7743,1.1306,0.0033,2.7696,1.1273,0.407,1.1199,0.9569,0.5917,0.4409,0.078,0.7075,0.5056,0.5281,0.3651,0.1508,0.3629,90.8098,131.2127,15.7916,1.5365
89.167,2675,,0.7741,1.1291,0.0054,2.7572,1.1237,0.4076,1.1179,0.9566,0.5916,0.4393,0.0781,0.7076,0.5072,0.5263,0.3651,0.1522,0.3612,91.2354,131.3104,15.615,1.538
89.2,2676,,0.7726,1.1273,0.0062,2.7474,1.1211,0.408,1.116,0.9556,0.5896,0.4374,0.0782,0.7069,0.5066,0.5264,0.366,0.1521,0.3593,91.5669,131.1016,15.3559,1.5426
89.233,2677,,0.7709,1.1233,0.0065,2.7286,1.1168,0.4093,1.1121,0.9545,0.5873,0.4352,0.0782,0.7054,0.5034,0.5248,0.3672,0.1521,0.357,91.8348,130.8277,15.0158,1.5433
89.267,2678,,0.7688,1.1178,0.0066,2.7043,1.1112,0.4109,1.1079,0.9533,0.5843,0.4332,0.0782,0.7042,0.4997,0.5236,0.369,0.1511,0.355,92.15,130.2888,14.503,1.5452
89.3,2679,,0.7654,1.1128,0.0058,2.6857,1.107,0.4122,1.1023,0.9504,0.5805,0.4306,0.0782,0.7004,0.4944,0.5218,0.3698,0.1499,0.3524,92.1073,129.6157,13.9679,1.5445
89.333,2680,,0.7637,1.1072,0.0055,2.6627,1.1017,0.4137,1.0963,0.9489,0.5785,0.4287,0.0781,0.6995,0.4913,0.5178,0.3704,0.1498,0.3506,92.0708,128.8335,13.221,1.542
89.367,2681,,0.7633,1.1022,0.0016,2.6479,1.1006,0.4156,1.0911,0.9476,0.579,0.4285,0.0779,0.697,0.4855,0.5121,0.3686,0.1504,0.3506,92.3581,128.3753,12.6186,1.547
89.4,2682,,0.7629,1.0951,-0.0012,2.6222,1.0963,0.4181,1.0843,0.9463,0.5795,0.4287,0.0777,0.6945,0.4792,0.5048,0.3669,0.1507,0.351,92.4545,127.7189,11.9698,1.5479
89.433,2683,,0.7621,1.0886,-0.0043,2.6004,1.0929,0.4203,1.0782,0.9448,0.5793,0.428,0.0775,0.6901,0.4726,0.4989,0.3655,0.1513,0.3505,92.3684,126.9887,11.2256,1.5473
89.467,2684,,0.7608,1.0831,-0.0063,2.581,1.0894,0.4221,1.0729,0.9426,0.579,0.4283,0.0774,0.6854,0.4686,0.4939,0.3636,0.1507,0.3509,92.1798,126.1148,10.5278,1.5474
89.5,2685,,0.759,1.0784,-0.0084,2.5653,1.0868,0.4237,1.0681,0.9401,0.5779,0.4265,0.0773,0.6829,0.4669,0.4902,0.3622,0.1514,0.3492,92.1839,125.9969,10.2746,1.5504
89.533,2686,,0.7579,1.073,-0.0105,2.5465,1.0835,0.4255,1.0628,0.9381,0.5776,0.4254,0.0771,0.6816,0.4664,0.4852,0.3604,0.1522,0.3483,92.2377,125.7962,9.8531,1.5503
89.567,2687,,0.7555,1.0684,-0.0115,2.5302,1.0799,0.4268,1.0582,0.9344,0.5767,0.425,0.0771,0.6771,0.4621,0.4815,0.3577,0.1517,0.3479,92.0562,125.1819,9.2568,1.5493
89.6,2688,,0.7529,1.0629,-0.0108,2.5087,1.0737,0.428,1.0527,0.9325,0.5732,0.4225,0.0771,0.6741,0.462,0.4795,0.3593,0.1508,0.3453,91.1872,124.1343,8.3079,1.5438
89.633,2689,,0.7504,1.0567,-0.0125,2.4881,1.0692,0.4297,1.0463,0.9284,0.5724,0.4216,0.077,0.6697,0.4599,0.4739,0.356,0.1508,0.3446,90.8754,123.2488,7.3676,1.536
89.667,2690,,0.7487,1.0505,-0.0111,2.461,1.0616,0.4314,1.0403,0.9275,0.5699,0.4212,0.0771,0.6675,0.4607,0.4704,0.3576,0.1487,0.3441,89.9761,121.493,5.9174,1.5327
89.7,2691,,0.7462,1.0448,-0.0109,2.438,1.0557,0.433,1.0349,0.9255,0.5669,0.4204,0.0771,0.665,0.4608,0.468,0.3586,0.1465,0.3433,89.2177,120.0511,4.7266,1.5352
89.733,2692,,0.7429,1.0345,-0.0133,2.4047,1.0478,0.4357,1.025,0.921,0.5647,0.4183,0.0769,0.6637,0.4608,0.4603,0.3563,0.1464,0.3414,88.8498,118.4727,3.1116,1.5282
89.767,2693,,0.7427,1.0438,-0.0129,2.4413,1.0567,0.4329,1.0249,0.9215,0.5639,0.4181,0.077,0.6679,0.4711,0.461,0.3576,0.1459,0.3411,88.4329,117.3463,1.9437,1.5536
89.8,2694,,0.7428,1.022,-0.0121,2.3528,1.0341,0.4395,1.0134,0.9214,0.5643,0.4186,0.077,0.6717,0.4761,0.4491,0.3571,0.1457,0.3416,88.0191,116.0473,0.63,1.5295
89.833,2695,,0.7421,1.0183,-0.0124,2.3368,1.0307,0.4411,1.0095,0.9204,0.5638,0.4184,0.077,0.6732,0.4775,0.4458,0.3566,0.1453,0.3414,87.6819,114.8245,0.5979,1.533
89.867,2696,,0.7409,1.0254,-0.0123,2.3664,1.0377,0.4385,1.0091,0.9191,0.5627,0.4183,0.077,0.6711,0.4719,0.4464,0.3564,0.1444,0.3413,87.2913,113.7384,1.6563,1.5477
89.9,2697,,0.7397,1.0167,-0.0123,2.333,1.029,0.441,1.0017,0.9182,0.5613,0.4179,0.077,0.6707,0.4674,0.4405,0.3569,0.1434,0.3409,87.0974,112.6632,2.7746,1.5422
89.933,2698,,0.7386,1.0097,-0.0129,2.3076,1.0226,0.4431,0.9959,0.9163,0.5608,0.4177,0.077,0.6653,0.4531,0.4351,0.3556,0.1431,0.3407,86.8527,111.2091,4.2192,1.5427
89.967,2699,,0.7361,1.006,-0.0131,2.2907,1.0191,0.4449,0.9886,0.9129,0.5593,0.4169,0.0769,0.6601,0.4418,0.4293,0.3536,0.1424,0.3399,86.7305,109.7134,5.7046,1.5511
90.0,2700,,0.7737,1.0302,-0.0282,2.3694,1.0585,0.4467,1.0011,0.9452,0.6022,0.4508,0.0758,0.6808,0.4349,0.3989,0.343,0.1514,0.3749,91.8723,107.2968,8.7396,1.6145
90.033,2701,,0.7628,1.0207,-0.0277,2.3419,1.0484,0.4477,0.994,0.9358,0.5897,0.4411,0.0758,0.6781,0.429,0.4043,0.3461,0.1486,0.3653,89.9262,106.9689,8.7548,1.6181
90.067,2702,,0.7553,1.0114,-0.032,2.3203,1.0434,0.4497,0.9799,0.9284,0.5822,0.4335,0.0755,0.6784,0.4252,0.3978,0.3462,0.1487,0.358,88.5183,106.6323,9.0979,1.6332
90.1,2703,,0.7495,1.0032,-0.0338,2.2968,1.037,0.4515,0.9698,0.9225,0.5765,0.4284,0.0753,0.6808,0.4258,0.3933,0.346,0.1481,0.3532,87.3778,105.7873,9.8459,1.6514
90.133,2704,,0.7462,0.9961,-0.0276,2.26,1.0237,0.453,0.9612,0.9192,0.5733,0.4277,0.0758,0.6811,0.4272,0.3879,0.3459,0.1456,0.3519,86.5271,103.7592,11.446,1.6583
90.167,2705,,0.7446,0.9875,-0.0245,2.2224,1.0119,0.4553,0.9471,0.9186,0.5707,0.4254,0.0761,0.6865,0.4309,0.3764,0.3479,0.1452,0.3494,86.1013,102.4918,12.6937,1.6646
90.2,2706,,0.7414,0.9775,-0.0254,2.1878,1.0029,0.4584,0.9303,0.9148,0.5681,0.4234,0.076,0.7003,0.4572,0.3622,0.3467,0.1446,0.3474,85.4358,101.4655,13.7189,1.6687
90.233,2707,,0.738,0.9732,-0.0277,2.1751,1.0009,0.4601,0.9153,0.9102,0.5659,0.4221,0.0759,0.721,0.4994,0.3494,0.3444,0.1438,0.3462,84.8,99.4076,15.4878,1.6892
90.267,2708,,0.7383,0.9813,-0.0274,2.2036,1.0088,0.4578,0.906,0.9116,0.5649,0.4218,0.0759,0.7381,0.5349,0.3411,0.3467,0.1432,0.3459,84.2189,96.9889,17.5885,1.724
90.3,2709,,0.7407,0.9898,-0.0278,2.2343,1.0176,0.4555,0.8976,0.9135,0.5679,0.4192,0.0759,0.7509,0.5536,0.3297,0.3456,0.1486,0.3434,84.8249,95.5895,19.8348,1.7576
90.333,2710,,0.7402,0.9964,-0.0292,2.2648,1.0256,0.4529,0.8814,0.912,0.5685,0.4154,0.0758,0.7481,0.5523,0.3129,0.3434,0.1531,0.3396,85.2842,93.4685,23.0433,1.7709
90.367,2711,,0.7394,0.9942,-0.029,2.2563,1.0231,0.4535,0.8692,0.9083,0.5705,0.4138,0.0758,0.741,0.5336,0.2988,0.3378,0.1566,0.338,85.3504,91.3212,25.8966,1.769
90.4,2712,,0.7362,0.99,-0.029,2.2435,1.0189,0.4541,0.854,0.904,0.5685,0.4124,0.0758,0.7273,0.5215,0.2855,0.3355,0.1561,0.3366,84.4728,88.9175,28.4475,1.7656
90.433,2713,,0.734,0.9851,-0.0294,2.2276,1.0145,0.4554,0.8458,0.8999,0.5681,0.4103,0.0758,0.7139,0.5143,0.2777,0.3317,0.1578,0.3345,84.2125,87.4861,30.1288,1.7381
90.467,2714,,0.7304,0.975,-0.0281,2.1885,1.0031,0.4584,0.8389,0.894,0.5669,0.4124,0.0759,0.6905,0.5065,0.272,0.3271,0.1545,0.3366,82.6512,84.4504,32.17,1.6802
90.5,2715,,0.729,0.974,-0.0254,2.1795,0.9993,0.4585,0.8298,0.8917,0.5664,0.4139,0.0761,0.6886,0.5017,0.2634,0.3253,0.1525,0.3378,81.8975,82.497,33.6002,1.7516
90.533,2716,,0.7294,0.9742,-0.0206,2.1712,0.9948,0.4582,0.8224,0.89,0.5688,0.4161,0.0765,0.6912,0.5036,0.2536,0.3212,0.1527,0.3397,81.5902,81.0622,34.8801,1.6895
90.567,2717,,0.7313,0.9773,-0.0169,2.1751,0.9941,0.4571,0.8148,0.889,0.5736,0.4176,0.0767,0.7008,0.5147,0.2412,0.3154,0.156,0.3408,81.8543,80.2463,36.1149,1.6534
90.6,2718,,0.7323,0.977,-0.0111,2.1633,0.9881,0.4568,0.8076,0.8866,0.578,0.4201,0.0772,0.7031,0.2672,0.2297,0.3086,0.1579,0.3429,82.1006,79.5218,37.1816,1.6053
90.633,2719,,0.7331,0.9762,-0.0061,2.1511,0.9823,0.4567,0.7983,0.883,0.5833,0.4209,0.0775,0.7055,0.2711,0.2151,0.2997,0.1624,0.3434,82.1392,78.4065,38.6745,1.5624
90.667,2720,,0.7353,0.9722,-0.0003,2.126,0.9725,0.4574,0.7919,0.8809,0.5897,0.4236,0.0779,0.7087,0.2762,0.2023,0.2913,0.166,0.3458,81.894,76.8076,40.6126,1.4986
90.7,2721,,0.7365,0.9642,0.0053,2.0866,0.9589,0.4595,0.7873,0.8781,0.5949,0.4271,0.0782,0.7066,0.2807,0.1923,0.2831,0.1678,0.3489,80.954,74.9663,42.4776,1.4374
90.733,2722,,0.7356,0.9588,0.0087,2.0622,0.9501,0.4607,0.78,0.8731,0.5981,0.427,0.0784,0.7032,0.2822,0.1819,0.275,0.1711,0.3486,80.3617,73.1452,44.5261,1.3893
90.767,2723,,0.7328,0.9496,0.0131,2.0234,0.9366,0.4629,0.7751,0.8672,0.5983,0.428,0.0786,0.6978,0.2851,0.1768,0.2689,0.1703,0.3494,79.2256,70.9039,46.4999,1.3233
90.8,2724,,0.731,0.941,0.017,1.9874,0.924,0.4649,0.7688,0.8638,0.5982,0.4286,0.0788,0.691,0.2881,0.1705,0.2655,0.1696,0.3498,77.97,68.7262,48.3004,1.2742
90.833,2725,,0.7293,0.9341,0.0214,1.9571,0.9127,0.4663,0.7589,0.8612,0.5974,0.4265,0.079,0.5627,0.2912,0.1615,0.2638,0.1709,0.3475,76.3594,66.8285,49.9653,1.2337
90.867,2726,,0.7277,0.9256,0.0254,1.9228,0.9002,0.4681,0.7506,0.8584,0.5971,0.4213,0.0792,0.5653,0.2946,0.1535,0.2613,0.1758,0.3421,75.4532,65.4059,51.8312,1.1936
90.9,2727,,0.7226,0.9142,0.0268,1.8845,0.8874,0.4709,0.7401,0.8506,0.5946,0.4153,0.0792,0.5649,0.2962,0.1455,0.256,0.1793,0.3361,74.2116,63.688,53.8042,1.1424
90.933,2728,,0.7125,0.9055,0.0251,1.8614,0.8803,0.4729,0.7285,0.837,0.588,0.4034,0.0792,0.6971,0.4807,0.1405,0.249,0.1845,0.3243,73.0829,62.3742,55.6235,1.1013
90.967,2729,,0.6983,0.8937,0.0225,1.8309,0.8712,0.4758,0.7176,0.8206,0.5759,0.3922,0.079,0.6961,0.4829,0.1417,0.2447,0.1837,0.3132,70.8929,60.9035,56.9191,1.0659
91.0,2730,,0.684,0.8822,0.0199,1.8024,0.8623,0.4784,0.6957,0.8021,0.5659,0.3793,0.0789,0.6925,0.2895,0.1298,0.2362,0.1866,0.3004,68.9244,59.7265,58.5016,1.038
91.033,2731,,0.6626,0.8525,0.0163,1.7222,0.8362,0.4855,0.6712,0.7746,0.5506,0.3644,0.0787,0.6722,0.465,0.1207,0.224,0.1862,0.2857,66.2479,57.408,60.6506,0.9918
91.067,2732,,0.634,0.8137,0.0126,1.6228,0.8011,0.4936,0.6451,0.7401,0.5279,0.3413,0.0785,0.6385,0.4321,0.1172,0.2123,0.1865,0.2628,63.1525,55.6505,62.5326,0.9296
91.1,2733,,0.6051,0.7456,0.0042,1.4533,0.7413,0.5101,0.6247,0.6997,0.5104,0.3219,0.078,0.5815,0.3806,0.1142,0.1893,0.1886,0.2439,61.1218,51.9598,66.6742,0.845
91.133,2734,,0.5877,0.6952,0.0061,1.3265,0.6891,0.5195,0.6081,0.6681,0.5073,0.3057,0.0781,0.5335,0.3209,0.1007,0.1608,0.2017,0.2276,61.3137,49.9667,70.8547,0.789
91.167,2735,,0.5573,0.6582,0.0071,1.2564,0.6511,0.5182,0.5653,0.6287,0.4859,0.2749,0.078,0.4759,0.2443,0.0794,0.1428,0.2111,0.1969,59.452,48.1833,74.8147,0.7563
91.2,2736,,0.5136,0.6914,-0.0742,1.4679,0.7656,0.5215,0.4728,0.5902,0.437,0.2053,0.072,0.405,0.1471,0.0358,0.1532,0.2317,0.1333,66.1666,57.1801,76.5962,0.8057
91.233,2737,,0.5398,0.668,-0.0258,1.3097,0.6938,0.5297,0.5129,0.6116,0.468,0.2393,0.0787,0.4082,0.1384,0.045,0.1436,0.2287,0.1605,86.5846,66.787,76.7113,0.7627
91.267,2738,,0.4975,0.6299,-0.1418,1.3521,0.7718,0.5708,0.4712,0.5659,0.4291,0.1943,0.0792,0.3166,0.0446,0.0421,0.1368,0.2348,0.1151,82.7255,68.0272,77.7204,0.8249
91.3,2739,,0.4823,0.6161,-0.2193,1.3909,0.8354,0.6006,0.4637,0.5462,0.4185,0.185,0.0789,0.2614,-0.0114,0.0452,0.1277,0.2335,0.1061,86.8953,69.9027,79.29,0.8814
91.333,2740,,0.4829,0.6265,-0.2435,1.4254,0.87,0.6103,0.4755,0.5512,0.4147,0.1862,0.0782,0.2484,-0.0232,0.0608,0.1364,0.2285,0.108,95.9471,77.6621,78.4375,0.9696
91.367,2741,,0.5148,0.6262,-0.2592,1.409,0.8855,0.6284,0.5205,0.566,0.4636,0.1851,0.08,0.2361,-0.0406,0.0569,0.1024,0.2785,0.1052,103.9157,77.1558,82.3263,1.0257
91.4,2742,,0.4829,0.5862,-0.3224,1.3987,0.9086,0.6496,0.4565,0.5248,0.4409,0.1607,0.0801,0.1866,-0.1038,0.0156,0.0839,0.2802,0.0806,97.4911,73.0311,85.1746,0.9685
91.433,2743,,0.4648,0.5711,-0.3573,1.4098,0.9284,0.6585,0.4297,0.4962,0.4334,0.1212,0.0811,0.1347,-0.1351,-0.0036,0.0628,0.3121,0.0402,74.9712,63.9964,87.945,0.9693
91.467,2744,,0.4299,0.5412,-0.3792,1.3763,0.9204,0.6687,0.3946,0.4613,0.3986,0.0851,0.0809,0.1082,-0.1521,-0.004,0.0627,0.3135,0.0042,57.254,59.2207,88.7396,0.9629
91.5,2745,,0.3949,0.5212,-0.4021,1.3731,0.9232,0.6724,0.3564,0.4381,0.3516,0.0588,0.081,0.0854,-0.1684,0.0048,0.0866,0.2928,-0.0222,46.8668,57.2648,86.6148,0.9947
91.533,2746,,0.3836,0.5203,-0.4266,1.396,0.9468,0.6783,0.3331,0.4293,0.338,0.0318,0.081,0.0678,-0.1834,-0.0049,0.0913,0.3062,-0.0492,40.5303,57.7227,86.5032,1.0693
91.567,2747,,0.3756,0.5142,-0.4491,1.3982,0.9633,0.6889,0.3019,0.4107,0.3406,0.0029,0.0805,0.0522,-0.1985,-0.0387,0.0701,0.3377,-0.0777,37.3199,57.3863,89.6437,1.1092
91.6,2748,,0.3573,0.4858,-0.4778,1.3663,0.9635,0.7052,0.262,0.3785,0.3362,-0.0488,0.0801,0.0293,-0.2221,-0.0741,0.0423,0.3849,-0.1289,33.1634,58.486,93.2526,1.0876
91.633,2749,,0.3454,0.4746,-0.4913,1.3491,0.9659,0.716,0.2266,0.3572,0.3336,-0.08,0.0801,0.021,-0.2326,-0.107,0.0236,0.4136,-0.1601,30.5266,57.0895,95.7792,1.0483
91.667,2750,,0.3287,0.4537,-0.5033,1.3088,0.957,0.7312,0.1964,0.3389,0.3185,-0.1193,0.0797,-0.0013,-0.2454,-0.1222,0.0203,0.4378,-0.199,27.6934,57.272,96.8969,0.9741
91.7,2751,,0.319,0.4414,-0.5055,1.2771,0.9468,0.7414,0.1805,0.3267,0.3113,-0.1389,0.079,-0.0199,-0.2502,-0.1308,0.0154,0.4503,-0.218,28.3897,56.7496,98.1862,0.9197
91.733,2752,,0.3031,0.4129,-0.4978,1.2434,0.9106,0.7324,0.1649,0.2995,0.3066,-0.1552,0.0786,-0.0287,-0.2451,-0.1417,-0.007,0.4618,-0.2338,29.9532,56.1753,101.1678,0.8874
91.767,2753,,0.2856,0.369,-0.5041,1.2353,0.8731,0.7068,0.1602,0.2653,0.3059,-0.1722,0.0782,-0.0287,-0.2531,-0.1457,-0.0406,0.4781,-0.2504,31.6926,55.5435,104.9511,0.8625
91.8,2754,,0.2726,0.3473,-0.5179,1.2367,0.8653,0.6997,0.1267,0.2408,0.3045,-0.1937,0.0779,-0.028,-0.5179,-0.1778,-0.0637,0.4982,-0.2716,33.4123,56.36,107.595,0.8598
91.833,2755,,0.2573,0.3422,-0.5226,1.2246,0.8647,0.7061,0.1056,0.2153,0.2993,-0.1865,0.0774,-0.032,-0.5226,-0.1937,-0.084,0.4858,-0.2639,34.7148,54.8913,109.7721,0.8438
91.867,2756,,0.2447,0.3443,-0.5239,1.223,0.8682,0.7098,0.0806,0.1925,0.297,-0.1795,0.077,-0.0334,-0.5239,-0.2164,-0.1045,0.4765,-0.2564,36.1592,53.3016,111.9326,0.828
91.9,2757,,0.2383,0.3437,-0.5143,1.2083,0.858,0.71,0.0691,0.1809,0.2957,-0.1738,0.0765,-0.0262,-0.5143,-0.2266,-0.1148,0.4695,-0.2502,37.8158,53.6818,113.0643,0.8083
91.933,2758,,0.227,0.3393,-0.5179,1.2047,0.8572,0.7115,0.0456,0.1641,0.2899,-0.1851,0.0761,-0.0314,-0.5179,-0.2443,-0.1258,0.475,-0.2612,38.8896,55.0955,114.2395,0.7932
91.967,2759,,0.217,0.3329,-0.5211,1.1916,0.854,0.7167,0.0155,0.1535,0.2806,-0.2005,0.0761,-0.0336,-0.5211,-0.2651,-0.1271,0.4812,-0.2766,41.2729,58.4759,114.7626,0.7761
92.0,2760,,0.199,0.3159,-0.5325,1.1751,0.8484,0.722,-0.0163,0.1342,0.2639,-0.2242,0.0759,-0.0516,-0.3959,-0.2802,-0.1297,0.4881,-0.3001,42.1256,61.9423,115.1263,0.7581
92.033,2761,,0.1764,0.2931,-0.5507,1.1561,0.8439,0.7299,-0.0511,0.1105,0.2423,-0.2496,0.0766,-0.0839,-0.4338,-0.2934,-0.1318,0.4919,-0.3262,42.579,65.6482,115.381,0.7393
92.067,2762,,0.112,0.2266,-0.6058,1.1355,0.8323,0.733,-0.0935,0.0412,0.1828,-0.3129,0.0773,-0.1846,-0.5189,-0.2763,-0.1416,0.4957,-0.3902,43.7932,74.3695,116.2723,0.7083
92.1,2763,,0.0791,0.215,-0.6465,1.2094,0.8616,0.7124,-0.1536,-0.0022,0.1604,-0.3548,0.0757,-0.2509,-0.572,-0.314,-0.1626,0.5152,-0.4305,44.1594,78.0496,118.0651,0.7261
92.133,2764,,0.0377,0.1866,-0.6916,1.2649,0.8782,0.6943,-0.2003,-0.0524,0.1277,-0.3899,0.0757,-0.3197,-0.6325,-0.3281,-0.1801,0.5177,-0.4656,45.7258,82.7295,119.3851,0.7464
92.167,2765,,0.0215,0.1776,-0.7079,1.2423,0.8855,0.7128,-0.2333,-0.0753,0.1183,-0.4024,0.0775,-0.3283,-0.6402,-0.3516,-0.1936,0.5207,-0.4799,44.6059,81.4084,120.4942,0.735
92.2,2766,,0.0185,0.1759,-0.7077,1.2126,0.8836,0.7286,-0.2491,-0.0798,0.1168,-0.4017,0.0786,-0.2995,-0.5919,-0.3659,-0.1966,0.5185,-0.4803,43.2443,81.535,120.6704,0.7229
92.233,2767,,-0.0034,0.1503,-0.7089,1.2003,0.8592,0.7159,-0.2666,-0.0993,0.0925,-0.4004,0.0792,-0.2934,-0.5916,-0.3592,-0.1918,0.493,-0.4796,43.5456,83.3853,120.2905,0.7187
92.267,2768,,0.0141,0.1544,-0.6882,1.1606,0.8426,0.726,-0.2612,-0.0798,0.108,-0.3861,0.0801,-0.2594,-0.4669,-0.3692,-0.1878,0.4941,-0.4662,41.6069,81.5522,119.9439,0.6977
92.3,2769,,0.0063,0.1476,-0.6787,1.16,0.8263,0.7123,-0.2506,-0.0845,0.0972,-0.3787,0.0802,-0.2423,-0.4203,-0.3478,-0.1817,0.4759,-0.4589,42.4489,82.3992,119.5007,0.6879
92.333,2770,,0.0717,0.1909,-0.589,1.0972,0.78,0.7108,-0.172,-0.0186,0.162,-0.2924,0.0799,-0.1651,-0.3627,-0.334,-0.1806,0.4543,-0.3723,45.8634,81.312,119.6409,0.6401
92.367,2771,,0.1186,0.2366,-0.5249,1.0552,0.7616,0.7217,-0.1184,0.0252,0.2119,-0.2291,0.0796,-0.1163,-0.3243,-0.3304,-0.1867,0.441,-0.3087,46.7996,78.7161,120.1891,0.6337
92.4,2772,,0.0896,0.2015,-0.5514,1.0702,0.7528,0.7035,-0.1321,-0.0018,0.181,-0.2546,0.0801,-0.1434,-0.3434,-0.3131,-0.1828,0.4355,-0.3346,45.4314,79.2138,119.7741,0.6221
92.433,2773,,0.1274,0.2422,-0.5031,1.0426,0.7453,0.7149,-0.1055,0.0327,0.2221,-0.2051,0.0798,-0.1003,-0.2733,-0.3276,-0.1894,0.4272,-0.2849,45.1912,75.4524,120.2435,0.6251
92.467,2774,,0.1579,0.2718,-0.4634,1.0262,0.7353,0.7165,-0.0721,0.0634,0.2524,-0.1679,0.0792,-0.0622,-0.1868,-0.3245,-0.189,0.4202,-0.2471,48.7304,74.7955,120.3055,0.6276
92.5,2775,,0.1833,0.2968,-0.4306,1.0177,0.7275,0.7148,-0.0441,0.0886,0.2781,-0.1368,0.0799,-0.0226,-0.11,-0.3223,-0.1896,0.4149,-0.2166,50.4437,73.114,120.4123,0.628
92.533,2776,,0.1976,0.3124,-0.4131,1.0172,0.7255,0.7132,-0.0307,0.102,0.2932,-0.1225,0.0803,0.0025,-0.0755,-0.3239,-0.1912,0.4157,-0.2028,50.733,71.1653,120.5948,0.6306
92.567,2777,,0.2062,0.3225,-0.4027,1.0218,0.7252,0.7097,-0.0228,0.1097,0.3027,-0.1144,0.081,0.0213,-0.0555,-0.3255,-0.193,0.4171,-0.1954,50.563,69.6,120.7941,0.6326
92.6,2778,,0.1814,0.2981,-0.4415,1.0291,0.7396,0.7186,-0.0484,0.0829,0.2798,-0.1538,0.0817,-0.0096,-0.1124,-0.3282,-0.1969,0.4336,-0.2354,45.3358,68.9429,121.0405,0.6406
92.633,2779,,0.1671,0.2797,-0.4645,1.0315,0.7442,0.7215,-0.0703,0.0697,0.2645,-0.1879,0.0829,-0.0443,-0.2242,-0.3348,-0.1947,0.4523,-0.2708,41.2884,68.8978,120.7922,0.6434
92.667,2780,,0.1738,0.2893,-0.4691,1.0476,0.7584,0.7239,-0.0789,0.0756,0.272,-0.1906,0.0836,-0.0544,-0.2925,-0.3509,-0.1963,0.4626,-0.2742,38.6554,66.3794,120.8711,0.6575
92.7,2781,,0.1829,0.301,-0.4752,1.073,0.7762,0.7234,-0.0844,0.0855,0.2804,-0.1912,0.0844,-0.0581,-0.3147,-0.3648,-0.1949,0.4716,-0.2756,35.7175,63.9472,120.6615,0.6741
92.733,2782,,0.1898,0.3111,-0.4811,1.0986,0.7922,0.7211,-0.0856,0.0933,0.2862,-0.1947,0.0843,-0.0691,-0.3512,-0.3719,-0.1929,0.4809,-0.279,35.2836,62.7602,120.3748,0.6869
92.767,2783,,0.1745,0.2875,-0.5058,1.0912,0.7932,0.7269,-0.0977,0.0842,0.2648,-0.2218,0.0849,-0.1224,-0.4191,-0.3625,-0.1806,0.4866,-0.3067,32.9852,63.8103,119.2147,0.6854
92.8,2784,,0.1773,0.2958,-0.5187,1.1222,0.8144,0.7258,-0.0972,0.0872,0.2675,-0.2253,0.0834,-0.134,-0.431,-0.3647,-0.1804,0.4928,-0.3087,32.8018,62.6561,119.0347,0.7018
92.833,2785,,0.1806,0.2919,-0.5322,1.1326,0.8241,0.7276,-0.0856,0.1012,0.2599,-0.2375,0.0835,-0.142,-0.445,-0.3455,-0.1587,0.4973,-0.3209,31.7984,64.3804,117.106,0.7103
92.867,2786,,0.1994,0.3079,-0.5172,1.1396,0.8252,0.7241,-0.0414,0.1258,0.2729,-0.2172,0.0842,-0.119,-0.5172,-0.3143,-0.1471,0.4901,-0.3014,31.4313,63.5393,115.9811,0.7222
92.9,2787,,0.2095,0.3194,-0.5133,1.1546,0.8328,0.7213,-0.0188,0.1394,0.2796,-0.2014,0.0843,-0.0912,-0.5133,-0.2983,-0.1401,0.4809,-0.2857,31.6219,62.109,115.237,0.7314
92.933,2788,,0.2244,0.3347,-0.5039,1.1722,0.8386,0.7153,0.0085,0.1574,0.2914,-0.1846,0.0835,-0.0471,-0.5039,-0.283,-0.1341,0.4761,-0.2681,32.7065,61.3478,114.5367,0.7456
92.967,2789,,0.2427,0.3459,-0.4948,1.1843,0.8407,0.7098,0.0322,0.1827,0.3028,-0.1786,0.083,-0.0261,-0.4948,-0.2706,-0.1202,0.4814,-0.2615,32.5898,62.2567,113.0904,0.7599
93.0,2790,,0.261,0.3554,-0.4841,1.1959,0.8395,0.702,0.062,0.2094,0.3126,-0.1758,0.0812,-0.0096,-0.4841,-0.2506,-0.1031,0.4883,-0.257,35.77,63.8851,111.5616,0.7681
93.033,2791,,0.2622,0.338,-0.4943,1.1872,0.8323,0.7011,0.0768,0.224,0.3003,-0.1966,0.0808,-0.0267,-0.4943,-0.2235,-0.0763,0.4969,-0.2773,34.0525,66.9653,108.8373,0.7652
93.067,2792,,0.2639,0.339,-0.4991,1.18,0.838,0.7102,0.0863,0.2371,0.2907,-0.2155,0.0809,-0.0408,-0.2924,-0.2044,-0.0535,0.5061,-0.2964,30.3752,68.8074,106.3806,0.7692
93.1,2793,,0.2623,0.3424,-0.5036,1.1823,0.846,0.7156,0.097,0.2416,0.2831,-0.2276,0.0804,-0.0546,-0.2903,-0.1861,-0.0415,0.5107,-0.308,27.149,68.8448,104.941,0.7743
93.133,2794,,0.2724,0.3649,-0.4997,1.1929,0.8645,0.7247,0.1135,0.2598,0.2851,-0.2312,0.08,-0.0565,-0.275,-0.1715,-0.0253,0.5162,-0.3112,24.9914,69.7357,103.0931,0.7889
93.167,2795,,0.2782,0.3748,-0.4994,1.2001,0.8742,0.7284,0.1352,0.2731,0.2833,-0.2335,0.0792,-0.0651,-0.2672,-0.1481,-0.0102,0.5167,-0.3127,24.635,71.0168,101.4728,0.808
93.2,2796,,0.2926,0.3914,-0.4897,1.2128,0.8811,0.7265,0.1682,0.2949,0.2903,-0.2367,0.0784,-0.0543,-0.2486,-0.1221,0.0046,0.527,-0.3151,26.2139,73.873,99.8043,0.8291
93.233,2797,,0.3026,0.4187,-0.4859,1.2246,0.9046,0.7387,0.1936,0.3146,0.2906,-0.2363,0.0783,-0.0421,-0.2382,-0.097,0.024,0.5269,-0.3145,24.988,75.0839,97.4061,0.8477
93.267,2798,,0.3178,0.4472,-0.4763,1.262,0.9235,0.7318,0.2291,0.34,0.2956,-0.2272,0.079,-0.0167,-0.2241,-0.0665,0.0444,0.5228,-0.3062,23.3019,76.6261,94.6485,0.8805
93.3,2799,,0.3459,0.4867,-0.4487,1.3116,0.9355,0.7132,0.2789,0.3813,0.3106,-0.2053,0.0802,0.0228,-0.1941,-0.0317,0.0707,0.5159,-0.2855,23.529,79.2942,91.0211,0.9298
93.333,2800,,0.3628,0.5181,-0.4325,1.3598,0.9506,0.699,0.3232,0.409,0.3165,-0.1976,0.0801,0.0508,-0.1751,0.0067,0.0925,0.514,-0.2777,25.4471,82.6359,87.9339,0.9744
93.367,2801,,0.3684,0.5401,-0.4257,1.4044,0.9659,0.6877,0.3536,0.4247,0.312,-0.1993,0.0795,0.0696,-0.1685,0.0416,0.1127,0.5113,-0.2788,27.6664,86.0504,85.1581,1.0114
93.4,2802,,0.3746,0.5611,-0.4165,1.4436,0.9776,0.6772,0.3918,0.4405,0.3088,-0.1951,0.0794,0.0903,-0.16,0.083,0.1318,0.5038,-0.2745,28.5898,88.1705,82.3096,1.0422
93.433,2803,,0.3807,0.5734,-0.3966,1.4488,0.97,0.6695,0.4235,0.453,0.3085,-0.1858,0.0797,0.1129,-0.1445,0.115,0.1446,0.4943,-0.2655,28.5269,89.8319,79.9963,1.051
93.467,2804,,0.537,0.7572,-0.1146,1.4374,0.8718,0.6065,0.6281,0.6501,0.4239,0.048,0.0801,0.3483,0.1064,0.2043,0.2263,0.3759,-0.0321,69.9606,111.7398,65.3242,1.1418
93.5,2805,,0.3836,0.583,-0.3673,1.4372,0.9503,0.6612,0.4672,0.4699,0.2973,-0.1871,0.0797,0.1377,-0.1284,0.1699,0.1726,0.4844,-0.2668,27.3338,94.1955,75.221,1.03
93.533,2806,,0.3877,0.5837,-0.3532,1.4106,0.937,0.6642,0.4847,0.4793,0.2961,-0.1931,0.0793,0.1467,-0.1121,0.1886,0.1832,0.4893,-0.2724,26.9798,97.6378,73.4051,1.0269
93.567,2807,,0.3939,0.5871,-0.3418,1.4029,0.9289,0.6621,0.504,0.4887,0.2991,-0.1882,0.0788,0.1562,-0.0954,0.2048,0.1896,0.4873,-0.267,26.8512,98.9134,72.1807,0.9769
93.6,2808,,0.3949,0.5869,-0.3396,1.3999,0.9266,0.6619,0.5142,0.4951,0.2948,-0.1885,0.0785,0.1641,-0.0868,0.2195,0.2003,0.4833,-0.2671,26.7325,100.5234,70.5566,0.9797
93.633,2809,,0.4002,0.5913,-0.3316,1.3997,0.9229,0.6594,0.5251,0.5044,0.2959,-0.1776,0.0781,0.1754,-0.0785,0.2291,0.2085,0.4736,-0.2558,27.2825,101.2141,69.2917,0.9366
93.667,2810,,0.4006,0.5911,-0.3296,1.398,0.9208,0.6586,0.5281,0.5077,0.2935,-0.1741,0.0782,0.18,-0.0762,0.2346,0.2142,0.4676,-0.2523,27.5613,102.0028,68.3071,0.9216
93.7,2811,,0.4025,0.5909,-0.3294,1.3975,0.9203,0.6585,0.529,0.5127,0.2923,-0.1797,0.0783,0.1876,-0.0745,0.2367,0.2204,0.472,-0.258,27.5547,103.4491,67.5513,0.9106
93.733,2812,,0.4015,0.5898,-0.3306,1.3982,0.9205,0.6583,0.5244,0.5111,0.292,-0.1808,0.0784,0.1878,-0.0757,0.2324,0.2191,0.4728,-0.2591,27.5143,103.4712,67.7426,0.9282
93.767,2813,,0.3968,0.5866,-0.3404,1.4046,0.9269,0.6599,0.5146,0.5052,0.2885,-0.1786,0.0786,0.1843,-0.0814,0.2261,0.2166,0.4671,-0.2571,27.6678,102.3133,68.2296,0.9268
93.8,2814,,0.3985,0.5865,-0.3363,1.4003,0.9228,0.659,0.5122,0.5053,0.2918,-0.1788,0.0786,0.1857,-0.0793,0.2204,0.2134,0.4706,-0.2574,28.3166,102.8698,68.4739,0.9191
93.833,2815,,0.3996,0.5884,-0.3383,1.408,0.9268,0.6582,0.5052,0.5057,0.2935,-0.175,0.0787,0.1897,-0.0786,0.2118,0.2123,0.4684,-0.2537,29.1541,102.2634,68.7672,0.9196
93.867,2816,,0.4076,0.5947,-0.3302,1.4128,0.9249,0.6547,0.5036,0.5114,0.3038,-0.1596,0.0789,0.1944,-0.0749,0.1998,0.2077,0.4634,-0.2385,30.6573,101.1085,69.3653,0.9183
93.9,2817,,0.4146,0.5993,-0.3176,1.4109,0.917,0.6499,0.4977,0.5132,0.3159,-0.137,0.0789,0.1971,-0.0744,0.1819,0.1974,0.4529,-0.2159,33.503,99.6227,70.7222,0.9137
93.933,2818,,0.4269,0.6018,-0.2993,1.3987,0.9011,0.6442,0.4943,0.5158,0.338,-0.117,0.0799,0.1997,-0.072,0.1563,0.1779,0.455,-0.1969,35.1453,97.5036,72.7801,0.8951
93.967,2819,,0.4289,0.6013,-0.3017,1.4066,0.903,0.642,0.4789,0.5127,0.345,-0.1212,0.0812,0.1974,-0.0816,0.1339,0.1677,0.4662,-0.2024,35.0336,96.3788,73.9864,0.8768
94.0,2820,,0.4367,0.6171,-0.2893,1.4281,0.9064,0.6347,0.4695,0.5183,0.3551,-0.1016,0.0825,0.2094,-0.074,0.1144,0.1631,0.4567,-0.1841,37.0937,93.5887,75.2323,0.8736
94.033,2821,,0.4363,0.6155,-0.2873,1.4285,0.9027,0.6319,0.4537,0.516,0.3566,-0.1095,0.0842,0.2111,-0.0814,0.0971,0.1594,0.466,-0.1937,33.1219,92.4895,76.6031,0.8608
94.067,2822,,0.4317,0.6072,-0.2833,1.4112,0.8905,0.6311,0.4364,0.5087,0.3547,-0.1165,0.0842,0.2007,-0.095,0.0817,0.1541,0.4712,-0.2007,33.0026,91.4555,78.3967,0.8442
94.1,2823,,0.4289,0.5981,-0.2961,1.3886,0.8942,0.644,0.4186,0.5037,0.3541,-0.1232,0.0834,0.1915,-0.1085,0.0645,0.1496,0.4773,-0.2065,34.535,90.8976,80.0232,0.8323
94.133,2824,,0.4201,0.5872,-0.3184,1.3773,0.9056,0.6575,0.4004,0.4935,0.3466,-0.1379,0.0828,0.1753,-0.1302,0.0538,0.1469,0.4845,-0.2208,34.6838,90.2801,81.4537,0.8139
94.167,2825,,0.4105,0.5649,-0.3426,1.3491,0.9075,0.6727,0.3911,0.4763,0.3447,-0.1476,0.082,0.1534,-0.1545,0.0464,0.1317,0.4922,-0.2296,36.4045,88.0983,83.9552,0.7868
94.2,2826,,0.4014,0.5461,-0.3641,1.336,0.9101,0.6812,0.3751,0.4615,0.3414,-0.149,0.0808,0.1349,-0.1792,0.0338,0.1202,0.4903,-0.2298,40.2394,85.8145,86.1764,0.7687
94.233,2827,,0.413,0.541,-0.3607,1.3205,0.9017,0.6828,0.3681,0.4643,0.3617,-0.1251,0.0808,0.1343,-0.1842,0.0064,0.1026,0.4868,-0.2059,43.328,82.8577,88.405,0.7518
94.267,2828,,0.3876,0.5026,-0.4105,1.3113,0.913,0.6962,0.3232,0.4283,0.347,-0.1411,0.0791,0.0909,-0.2343,-0.0237,0.0813,0.4881,-0.2202,40.3451,78.1891,91.2605,0.7385
94.3,2829,,0.3845,0.4906,-0.43,1.3149,0.9207,0.7002,0.3037,0.4163,0.3526,-0.1387,0.0786,0.0813,-0.254,-0.0489,0.0636,0.4913,-0.2172,38.9391,73.3496,93.3019,0.7366
94.333,2830,,0.4067,0.5017,-0.4135,1.3151,0.9152,0.6959,0.3127,0.4295,0.3839,-0.106,0.0789,0.0997,-0.2404,-0.0712,0.0455,0.4899,-0.1849,41.5022,68.9356,95.1502,0.7512
94.367,2831,,0.4106,0.5045,-0.4066,1.3123,0.9111,0.6943,0.3167,0.4319,0.3894,-0.0934,0.079,0.0977,-0.2336,-0.0727,0.0425,0.4828,-0.1724,41.1614,66.5389,95.3369,0.76
94.4,2832,,0.4143,0.5094,-0.4045,1.3204,0.914,0.6922,0.3163,0.4345,0.3941,-0.0873,0.0789,0.097,-0.2313,-0.0777,0.0404,0.4813,-0.1662,40.6501,65.1647,95.38,0.7706
94.433,2833,,0.4181,0.5165,-0.3977,1.3261,0.9142,0.6894,0.3239,0.44,0.3962,-0.0801,0.079,0.0966,-0.2238,-0.0723,0.0437,0.4763,-0.159,40.4082,64.4517,94.9021,0.7773
94.467,2834,,0.421,0.5248,-0.39,1.3334,0.9148,0.6861,0.3341,0.4467,0.3953,-0.0756,0.079,0.1012,-0.2164,-0.0612,0.0514,0.471,-0.1546,40.1885,64.9868,93.9347,0.7777
94.5,2835,,0.4283,0.5417,-0.3767,1.3513,0.9184,0.6796,0.3511,0.4586,0.3979,-0.0713,0.0792,0.111,-0.2033,-0.0468,0.0607,0.4692,-0.1505,40.0508,65.9742,92.7359,0.7865
94.533,2836,,0.4234,0.5442,-0.38,1.3613,0.9242,0.6789,0.3539,0.4582,0.3887,-0.0855,0.0798,0.1152,-0.2038,-0.0348,0.0695,0.4741,-0.1652,37.8859,67.2406,91.6459,0.7995
94.567,2837,,0.4178,0.546,-0.3819,1.3682,0.9279,0.6781,0.3614,0.4585,0.377,-0.1004,0.0803,0.122,-0.2039,-0.0156,0.0815,0.4774,-0.1807,35.772,68.7786,90.1848,0.8065
94.6,2838,,0.4132,0.5481,-0.3791,1.3702,0.9272,0.6767,0.3693,0.4598,0.3667,-0.1045,0.0806,0.131,-0.1991,0.0026,0.093,0.4712,-0.1851,34.6241,69.8294,88.7063,0.8216
94.633,2839,,0.4083,0.5503,-0.3775,1.3743,0.9278,0.6751,0.3705,0.4589,0.3578,-0.1082,0.0804,0.1337,-0.1958,0.0127,0.1011,0.466,-0.1886,34.1191,70.744,87.651,0.8453
94.667,2840,,0.4085,0.5553,-0.371,1.3768,0.9263,0.6728,0.3728,0.4624,0.3545,-0.1043,0.0801,0.1394,-0.188,0.0182,0.1078,0.4589,-0.1844,35.4268,72.5254,86.5646,0.8803
94.7,2841,,0.4093,0.5569,-0.363,1.3719,0.9199,0.6705,0.3754,0.463,0.3556,-0.0945,0.0801,0.1427,-0.1798,0.0198,0.1074,0.4501,-0.1746,35.9104,72.7394,85.9673,0.9145
94.733,2842,,0.4215,0.5648,-0.3424,1.3636,0.9072,0.6653,0.3834,0.4729,0.37,-0.0669,0.0798,0.1516,-0.1603,0.0133,0.1029,0.437,-0.1467,38.7468,72.836,85.7083,0.9238
94.767,2843,,0.4222,0.5599,-0.3395,1.3513,0.8994,0.6656,0.3827,0.4728,0.3715,-0.0447,0.08,0.1511,-0.1578,0.0112,0.1014,0.4162,-0.1247,40.8358,72.3428,85.5027,0.9261
94.8,2844,,0.4315,0.5664,-0.326,1.3502,0.8925,0.661,0.3977,0.4785,0.3846,-0.0146,0.08,0.1522,-0.1461,0.0132,0.0939,0.3992,-0.0947,43.7901,70.4507,85.966,0.9667
94.833,2845,,0.4446,0.5716,-0.3153,1.3495,0.8868,0.6571,0.3953,0.4839,0.4053,0.0191,0.0801,0.1532,-0.1373,-0.01,0.0786,0.3862,-0.061,48.0667,67.4185,87.423,0.9651
94.867,2846,,0.4627,0.58,-0.3007,1.3493,0.8807,0.6527,0.4039,0.4954,0.4301,0.0642,0.0801,0.1614,-0.1242,-0.0262,0.0653,0.3659,-0.0159,53.7376,63.0136,88.7448,1.0215
94.9,2847,,0.4731,0.5766,-0.2976,1.3386,0.8742,0.6531,0.3954,0.4933,0.4529,0.0914,0.0794,0.1595,-0.1202,-0.0575,0.0404,0.3615,0.012,58.9772,59.5188,91.8059,1.018
94.933,2848,,0.4673,0.5506,-0.3286,1.3532,0.8792,0.6497,0.3706,0.4704,0.4642,0.0937,0.0766,0.1305,-0.1478,-0.0936,0.0062,0.3705,0.0171,60.1942,55.6653,96.1546,1.0732
94.967,2849,,0.4712,0.538,-0.3494,1.4363,0.8873,0.6178,0.3528,0.4587,0.4837,0.0959,0.0745,0.1113,-0.1665,-0.1309,-0.025,0.3879,0.0214,61.5402,52.5876,99.8406,1.1685
95.0,2850,,0.4682,0.5395,-0.3681,1.5015,0.9076,0.6045,0.3316,0.4417,0.4948,0.0972,0.0732,0.0934,-0.1829,-0.1633,-0.0532,0.3976,0.024,63.4162,50.6657,103.0797,1.1636
95.033,2851,,0.4762,0.5526,-0.3722,1.5458,0.9248,0.5982,0.3277,0.4385,0.514,0.1305,0.0739,0.0878,-0.1863,-0.1863,-0.0755,0.3835,0.0565,68.8066,46.6885,105.2009,1.1699
95.067,2852,,0.5108,0.5945,-0.3368,1.5904,0.9313,0.5856,0.3478,0.4673,0.5543,0.1851,0.075,0.1196,-0.1582,-0.2065,-0.0869,0.3692,0.1101,81.5909,44.6233,106.3003,1.2073
95.1,2853,,0.5051,0.6003,-0.3574,1.6501,0.9576,0.5803,0.3271,0.4475,0.5627,0.1848,0.0748,0.0994,-0.1789,-0.2355,-0.1151,0.3779,0.11,81.9048,41.453,108.8366,1.203
95.133,2854,,0.497,0.6042,-0.3768,1.7162,0.981,0.5716,0.3011,0.4274,0.5666,0.1783,0.0729,0.0801,-0.1989,-0.2655,-0.1392,0.3884,0.1054,79.8024,39.3223,110.5813,1.1949
95.167,2855,,0.5093,0.6226,-0.3643,1.7685,0.9869,0.558,0.2989,0.4309,0.5878,0.1885,0.0726,0.0865,-0.189,-0.2888,-0.1568,0.3993,0.1159,82.8913,39.25,111.9378,1.164
95.2,2856,,0.5142,0.6384,-0.3605,1.8239,0.9989,0.5477,0.2876,0.426,0.6023,0.1847,0.0716,0.086,-0.1857,-0.3147,-0.1763,0.4176,0.1131,83.5666,38.8449,113.5826,1.1381
95.233,2857,,0.5166,0.6515,-0.3583,1.8629,1.0098,0.5421,0.2747,0.4194,0.6137,0.186,0.0709,0.0836,-0.1821,-0.339,-0.1943,0.4277,0.1151,84.4998,37.3691,115.2835,1.1122
95.267,2858,,0.525,0.6645,-0.3494,1.8876,1.0139,0.5371,0.2712,0.4238,0.6262,0.1951,0.0711,0.0919,-0.1681,-0.3551,-0.2025,0.4311,0.124,86.4435,36.7919,115.9018,1.086
95.3,2859,,0.537,0.6802,-0.3465,1.9219,1.0266,0.5342,0.2708,0.4331,0.6409,0.1984,0.0713,0.1025,-0.156,-0.3701,-0.2078,0.4425,0.1271,88.4073,37.4384,116.093,1.076
95.333,2860,,0.5432,0.6839,-0.3397,1.9148,1.0236,0.5346,0.2672,0.4419,0.6444,0.1994,0.0715,0.1173,-0.1441,-0.3771,-0.2025,0.445,0.1279,88.0801,37.8094,115.4856,1.0562
95.367,2861,,0.5466,0.6756,-0.3387,1.8859,1.0143,0.5378,0.2746,0.4544,0.6387,0.1956,0.0732,0.1341,-0.1373,-0.3642,-0.1843,0.4431,0.1224,87.2982,39.0624,113.7785,1.0348
95.4,2862,,0.551,0.6697,-0.329,1.8442,0.9987,0.5416,0.2885,0.4685,0.6335,0.1944,0.0736,0.1505,-0.1266,-0.345,-0.165,0.4391,0.1207,87.529,40.5289,111.9045,1.0223
95.433,2863,,0.5569,0.6664,-0.321,1.8084,0.9873,0.546,0.311,0.4825,0.6313,0.196,0.0744,0.1672,-0.116,-0.3203,-0.1489,0.4353,0.1217,87.6958,41.1852,110.2125,1.0186
95.467,2864,,0.5642,0.6643,-0.3083,1.7708,0.9726,0.5492,0.3368,0.4979,0.6305,0.198,0.0752,0.1886,-0.1028,-0.2937,-0.1326,0.4325,0.1228,88.5742,42.2482,108.6498,1.0254
95.5,2865,,0.5704,0.6622,-0.2893,1.7274,0.9514,0.5508,0.3606,0.512,0.6288,0.2072,0.0758,0.2134,-0.089,-0.2682,-0.1168,0.4216,0.1314,90.3066,43.0181,106.9703,1.033
95.533,2866,,0.5813,0.6609,-0.2604,1.6653,0.9213,0.5532,0.3866,0.5326,0.63,0.226,0.0755,0.2385,-0.0649,-0.2434,-0.0974,0.404,0.1505,94.8057,44.5531,104.9848,1.0362
95.567,2867,,0.6199,0.6728,-0.1895,1.5217,0.8622,0.5666,0.453,0.599,0.6409,0.2817,0.079,0.3215,0.0086,-0.1878,-0.0419,0.3592,0.2027,105.9729,47.5931,98.1617,0.9657
95.6,2868,,0.6095,0.6528,-0.1982,1.5127,0.851,0.5626,0.3975,0.586,0.6329,0.2711,0.0778,0.3105,-0.0014,-0.2354,-0.0469,0.3619,0.1933,103.1652,47.2918,98.6858,0.97
95.633,2869,,0.6621,0.7204,-0.0957,1.4971,0.816,0.5451,0.5348,0.6449,0.6794,0.3206,0.0791,0.3904,0.0963,-0.1446,-0.0345,0.3588,0.2414,112.0708,49.4904,97.2154,0.9955
95.667,2870,,0.6581,0.7176,-0.0786,1.4856,0.7963,0.536,0.5208,0.6475,0.6688,0.3169,0.0784,0.3944,0.1037,-0.148,-0.0213,0.3519,0.2385,115.1244,52.0229,95.4041,0.9799
95.7,2871,,0.6299,0.7082,-0.0897,1.5044,0.7978,0.5303,0.4952,0.6268,0.6329,0.3142,0.0766,0.3771,0.0871,-0.1377,-0.0061,0.3187,0.2376,116.8351,52.1647,93.2016,1.0089
95.733,2872,,0.6128,0.6901,-0.0876,1.4719,0.7777,0.5283,0.4899,0.6166,0.6091,0.3216,0.0757,0.3688,0.0914,-0.1192,0.0075,0.2875,0.2458,114.2975,49.6674,91.039,0.9933
95.767,2873,,0.6119,0.6978,-0.0584,1.4602,0.7562,0.5179,0.5107,0.6314,0.5925,0.3415,0.0761,0.3834,0.1172,-0.0819,0.0388,0.251,0.2654,107.7806,47.4189,86.07,0.9891
95.8,2874,,0.6062,0.7032,-0.0336,1.4471,0.7368,0.5092,0.5352,0.6391,0.5733,0.3546,0.0767,0.4012,0.146,-0.0381,0.0657,0.2187,0.2779,103.2355,46.8533,81.1768,0.9897
95.833,2875,,0.6014,0.715,-0.0134,1.4575,0.7284,0.4997,0.5551,0.6516,0.5512,0.3724,0.0776,0.4161,0.1713,0.0039,0.1004,0.1788,0.2948,100.1478,46.8297,74.3619,0.9868
95.867,2876,,0.6426,0.7826,0.0448,1.5327,0.7378,0.4814,0.6289,0.7148,0.5704,0.4222,0.0804,0.4891,0.2529,0.0585,0.1444,0.1482,0.3418,102.8125,49.9147,65.4013,1.0143
95.9,2877,,0.6198,0.7797,0.0459,1.5361,0.7338,0.4777,0.6285,0.7109,0.5287,0.4158,0.0802,0.4849,0.2614,0.0998,0.1822,0.1128,0.3356,96.4162,54.2219,55.6485,1.0409
95.933,2878,,0.624,0.8071,0.0332,1.6381,0.7739,0.4725,0.6436,0.7329,0.5151,0.4185,0.0798,0.5059,0.2886,0.1284,0.2178,0.0966,0.3387,91.9338,60.7013,46.0761,1.132
95.967,2879,,0.6352,0.8354,0.0255,1.733,0.8099,0.4673,0.6828,0.7577,0.5128,0.421,0.0794,0.5237,0.318,0.17,0.2449,0.0918,0.3415,90.0743,68.5509,36.9782,1.2376
96.0,2880,,0.6454,0.8408,0.0191,1.75,0.8218,0.4696,0.7349,0.7661,0.5248,0.4205,0.0788,0.5282,0.338,0.2102,0.2413,0.1043,0.3416,89.3793,72.5066,34.0075,1.2591
96.033,2881,,0.6581,0.8659,0.0178,1.8279,0.8481,0.464,0.7747,0.7858,0.5304,0.4239,0.0787,0.5502,0.3691,0.2443,0.2553,0.1066,0.3452,88.6194,79.356,27.1997,1.3435
96.067,2882,,0.682,0.9006,0.0246,1.925,0.8761,0.4551,0.8262,0.8204,0.5436,0.4344,0.079,0.5813,0.4102,0.2826,0.2768,0.1092,0.3554,89.5349,85.7539,20.7827,1.4171
96.1,2883,,0.6891,0.9033,0.0152,1.9476,0.8882,0.456,0.8527,0.8328,0.5454,0.4376,0.0785,0.5833,0.4243,0.3073,0.2874,0.1077,0.3592,88.4428,91.5972,14.8213,1.4731
96.133,2884,,0.6969,0.92,0.016,2.0033,0.904,0.4512,0.8776,0.845,0.5488,0.4455,0.0785,0.5902,0.4431,0.3288,0.2962,0.1033,0.367,87.6436,94.8796,10.8742,1.5567
96.167,2885,,0.7028,0.9464,0.0168,2.0941,0.9296,0.4439,0.9141,0.8546,0.5511,0.4567,0.0785,0.5955,0.4579,0.3629,0.3034,0.0945,0.3781,85.9828,96.5694,7.7382,1.6
96.2,2886,,0.7109,0.9692,0.0157,2.1741,0.9535,0.4386,0.9423,0.867,0.5548,0.4712,0.0785,0.6029,0.4709,0.3875,0.3122,0.0836,0.3927,84.3569,97.171,5.4358,1.6503
96.233,2887,,0.7141,0.9827,0.0153,2.2219,0.9674,0.4354,0.9628,0.8742,0.554,0.4812,0.0785,0.6075,0.4763,0.4088,0.3202,0.0728,0.4027,82.8572,96.9039,3.928,1.6896
96.267,2888,,0.7166,1.0014,0.0129,2.2928,0.9885,0.4311,0.988,0.8806,0.5526,0.4898,0.0783,0.6109,0.481,0.4355,0.3281,0.0627,0.4115,81.7684,95.9119,3.2352,1.7154
96.3,2889,,0.7189,1.0162,0.0098,2.3496,1.0064,0.4283,1.0013,0.8861,0.5517,0.4985,0.0782,0.6148,0.4883,0.4496,0.3344,0.0532,0.4204,80.9097,95.5849,2.0833,1.7128
96.333,2890,,0.7214,1.041,0.0066,2.4464,1.0344,0.4228,1.023,0.8912,0.5516,0.5065,0.078,0.6184,0.4953,0.4714,0.3396,0.0451,0.4285,80.2372,95.1891,1.2051,1.7448
96.367,2891,,0.7222,1.0363,0.0,2.4323,1.0363,0.4261,1.024,0.8945,0.5499,0.509,0.0776,0.6213,0.4994,0.4741,0.3445,0.0409,0.4314,80.292,95.3892,0.2691,1.7191
96.4,2892,,0.7248,1.043,-0.0052,2.4594,1.0482,0.4262,1.0311,0.8991,0.5505,0.5147,0.0773,0.6256,0.5055,0.4806,0.3486,0.0358,0.4374,80.8941,96.0854,1.2347,1.7208
96.433,2893,,0.7269,1.0598,-0.0124,2.5348,1.0722,0.423,1.0415,0.9014,0.5523,0.5167,0.0768,0.6268,0.5089,0.4891,0.3491,0.0356,0.4399,81.9569,96.0417,1.4318,1.7516
96.467,2894,,0.7305,1.0684,-0.0191,2.5753,1.0875,0.4223,1.0499,0.9048,0.5562,0.518,0.0763,0.6306,0.5154,0.4938,0.3486,0.0382,0.4417,82.7974,96.7068,1.9094,1.7511
96.5,2895,,0.7318,1.0771,-0.0254,2.6193,1.1025,0.4209,1.0581,0.9067,0.5569,0.5183,0.0758,0.6322,0.519,0.5012,0.3498,0.0386,0.4425,83.5856,97.7379,2.9563,1.754
96.533,2896,,0.7359,1.0858,-0.0305,2.6615,1.1164,0.4194,1.0667,0.912,0.5598,0.5216,0.0754,0.6359,0.5224,0.5069,0.3522,0.0382,0.4462,84.2918,98.6815,4.0121,1.7589
96.567,2897,,0.7393,1.0916,-0.0343,2.6919,1.1259,0.4183,1.073,0.9167,0.562,0.5246,0.0751,0.6391,0.5245,0.5111,0.3547,0.0374,0.4495,84.6678,99.2458,4.7406,1.7586
96.6,2898,,0.743,1.0958,-0.0359,2.7118,1.1317,0.4173,1.0785,0.9216,0.5645,0.5268,0.0749,0.6438,0.5278,0.5141,0.3571,0.0376,0.4519,85.156,100.2462,5.6978,1.7543
96.633,2899,,0.7473,1.1004,-0.0385,2.7359,1.1389,0.4163,1.0843,0.9273,0.5672,0.5291,0.0747,0.6487,0.5302,0.5171,0.3601,0.0381,0.4544,85.5503,100.9411,6.344,1.7528
96.667,2900,,0.7522,1.105,-0.0382,2.7549,1.1431,0.4149,1.0898,0.9337,0.5708,0.5312,0.0748,0.6548,0.5327,0.519,0.363,0.0395,0.4565,86.0674,101.6498,6.8815,1.749
96.7,2901,,0.7556,1.1076,-0.0394,2.7694,1.147,0.4142,1.0934,0.9385,0.5728,0.5321,0.0747,0.6597,0.534,0.5206,0.3657,0.0407,0.4574,86.3265,102.1874,7.2973,1.7416
96.733,2902,,0.7578,1.1106,-0.0428,2.788,1.1533,0.4137,1.0969,0.9413,0.5743,0.5318,0.0744,0.6628,0.5346,0.5227,0.367,0.0425,0.4574,86.7752,102.6889,7.6026,1.7473
96.767,2903,,0.7585,1.1122,-0.0461,2.8008,1.1583,0.4136,1.0987,0.942,0.575,0.5306,0.0741,0.6648,0.5345,0.5237,0.367,0.0444,0.4566,87.0275,103.5308,8.2151,1.7466
96.8,2904,,0.7559,1.1062,-0.0505,2.7833,1.1568,0.4156,1.0946,0.9402,0.5716,0.53,0.0737,0.6625,0.5339,0.523,0.3686,0.0416,0.4563,86.5022,103.7779,8.8198,1.7374
96.833,2905,,0.753,1.1059,-0.0557,2.7923,1.1616,0.416,1.0938,0.9377,0.5683,0.5273,0.0732,0.6587,0.5321,0.5255,0.3694,0.041,0.4541,86.3214,104.0303,9.168,1.7501
96.867,2906,,0.7505,1.1046,-0.0583,2.7921,1.1629,0.4165,1.0923,0.9352,0.5658,0.5259,0.0729,0.6561,0.5304,0.5265,0.3694,0.0398,0.453,86.0249,104.412,9.7131,1.7507
96.9,2907,,0.7485,1.104,-0.0564,2.7858,1.1603,0.4165,1.0916,0.9338,0.5632,0.5272,0.0731,0.6557,0.5299,0.5284,0.3706,0.036,0.4541,85.9046,103.9177,9.7776,1.7517
96.933,2908,,0.7473,1.1035,-0.057,2.7849,1.1605,0.4167,1.0911,0.9323,0.5623,0.5267,0.073,0.6544,0.5295,0.5288,0.3701,0.0355,0.4537,85.4773,104.3911,10.2923,1.7437
96.967,2909,,0.7473,1.103,-0.056,2.7809,1.159,0.4168,1.0908,0.9319,0.5627,0.5262,0.0731,0.654,0.5299,0.5281,0.3692,0.0365,0.4531,85.2564,104.746,10.5144,1.7344
97.0,2910,,0.7472,1.1022,-0.0562,2.7778,1.1584,0.417,1.09,0.931,0.5634,0.5257,0.0731,0.6536,0.5293,0.5266,0.3676,0.0377,0.4526,85.1843,105.287,10.8608,1.7275
97.033,2911,,0.7474,1.1013,-0.0572,2.7762,1.1585,0.4173,1.0892,0.9304,0.5645,0.5239,0.073,0.653,0.5289,0.5248,0.366,0.0406,0.4508,85.273,106.0885,11.2308,1.7208
97.067,2912,,0.7483,1.1017,-0.0568,2.7775,1.1585,0.4171,1.0896,0.9309,0.5658,0.5233,0.0731,0.654,0.5293,0.5238,0.3651,0.0425,0.4502,85.4597,106.4871,11.3623,1.7181
97.1,2913,,0.7495,1.1026,-0.0556,2.7792,1.1582,0.4167,1.0904,0.9321,0.5668,0.5235,0.0732,0.6561,0.53,0.5235,0.3653,0.0433,0.4503,85.5539,106.7741,11.5278,1.7124
97.133,2914,,0.7513,1.1033,-0.0546,2.7808,1.1578,0.4164,1.0912,0.9335,0.5691,0.5238,0.0733,0.6586,0.5308,0.522,0.3643,0.0453,0.4506,85.7497,107.1329,11.5999,1.7093
97.167,2915,,0.7533,1.104,-0.0527,2.7808,1.1567,0.416,1.092,0.9354,0.5713,0.5239,0.0735,0.662,0.5316,0.5207,0.3641,0.0473,0.4505,85.9765,107.4505,11.6229,1.7042
97.2,2916,,0.7545,1.1031,-0.0525,2.7772,1.1557,0.4161,1.0915,0.9363,0.5726,0.5234,0.0735,0.6634,0.5312,0.5189,0.3636,0.0492,0.4499,86.4145,107.7416,11.6381,1.7062
97.233,2917,,0.7549,1.1031,-0.053,2.7782,1.1562,0.4162,1.0916,0.9367,0.5732,0.5235,0.0734,0.6649,0.5308,0.5184,0.3635,0.0497,0.4501,86.5404,107.6189,11.4549,1.7108
97.267,2918,,0.7554,1.1026,-0.053,2.7756,1.1556,0.4163,1.0913,0.9371,0.5737,0.5237,0.0734,0.6657,0.5305,0.5175,0.3633,0.05,0.4503,86.4856,107.3975,11.2058,1.7101
97.3,2919,,0.7561,1.103,-0.0518,2.7741,1.1548,0.4163,1.0915,0.9375,0.5747,0.5254,0.0735,0.6657,0.5306,0.5168,0.3628,0.0493,0.4518,86.2215,107.2599,11.1671,1.7051
97.333,2920,,0.7551,1.0987,-0.0525,2.7576,1.1512,0.4175,1.0878,0.9362,0.5741,0.5256,0.0735,0.6644,0.5285,0.5137,0.3621,0.0485,0.4521,86.0559,107.3056,11.3114,1.6959
97.367,2921,,0.7546,1.0943,-0.052,2.7379,1.1464,0.4187,1.0842,0.9354,0.5737,0.5257,0.0735,0.6633,0.5273,0.5105,0.3617,0.048,0.4522,85.9056,107.5635,11.6094,1.6846
97.4,2922,,0.7539,1.0948,-0.0519,2.739,1.1467,0.4186,1.0835,0.9346,0.5733,0.5257,0.0735,0.6624,0.526,0.5102,0.3613,0.0476,0.4522,85.878,107.8135,11.9039,1.683
97.433,2923,,0.7538,1.092,-0.0517,2.7311,1.1437,0.4188,1.0797,0.9342,0.5733,0.5256,0.0736,0.6618,0.5256,0.5064,0.3609,0.0477,0.452,85.7997,108.1533,12.1898,1.6698
97.467,2924,,0.7524,1.0908,-0.0538,2.7305,1.1446,0.4192,1.0753,0.9326,0.5722,0.5243,0.0734,0.6603,0.5235,0.5031,0.3604,0.0479,0.4509,85.7231,108.3479,12.3576,1.6645
97.5,2925,,0.7528,1.091,-0.0535,2.7309,1.1446,0.4191,1.0723,0.9329,0.5728,0.5243,0.0734,0.6607,0.5233,0.4995,0.3601,0.0485,0.4509,85.6714,108.5084,12.4314,1.6626
97.533,2926,,0.7528,1.0905,-0.0539,2.7303,1.1445,0.4192,1.0686,0.9327,0.573,0.5245,0.0734,0.6606,0.5226,0.4957,0.3597,0.0484,0.4511,85.5789,108.4983,12.4313,1.6614
97.567,2927,,0.7533,1.0899,-0.0535,2.7275,1.1434,0.4192,1.0666,0.9331,0.5736,0.5255,0.0734,0.6615,0.5222,0.493,0.3595,0.0481,0.4521,85.5777,108.5539,12.5191,1.6593
97.6,2928,,0.7545,1.0906,-0.0513,2.7264,1.142,0.4188,1.0653,0.9343,0.5746,0.5271,0.0736,0.6631,0.5236,0.4907,0.3597,0.0475,0.4535,85.6799,108.5079,12.5455,1.6585
97.633,2929,,0.7563,1.092,-0.0492,2.7277,1.1412,0.4184,1.0648,0.9361,0.5766,0.5288,0.0738,0.6653,0.5253,0.4882,0.3594,0.0479,0.455,85.7869,108.5595,12.5398,1.6583
97.667,2930,,0.7574,1.0927,-0.0476,2.7274,1.1403,0.4181,1.0635,0.937,0.5779,0.5298,0.0739,0.6665,0.5265,0.4856,0.3591,0.048,0.4559,85.844,108.6101,12.5578,1.6559
97.7,2931,,0.7576,1.0926,-0.0477,2.7273,1.1403,0.4181,1.0624,0.9374,0.5778,0.5309,0.0739,0.6666,0.5264,0.4846,0.3596,0.0469,0.457,85.775,108.4757,12.5707,1.6583
97.733,2932,,0.7586,1.0928,-0.0467,2.726,1.1395,0.418,1.0614,0.9381,0.579,0.5316,0.074,0.6671,0.527,0.4824,0.3591,0.0474,0.4576,85.9995,108.4723,12.5046,1.6584
97.767,2933,,0.7585,1.0927,-0.0465,2.7251,1.1392,0.418,1.0598,0.938,0.579,0.5318,0.074,0.6666,0.5274,0.4809,0.3591,0.0471,0.4578,85.9861,108.3728,12.4582,1.6599
97.8,2934,,0.7579,1.0929,-0.0462,2.7257,1.1391,0.4179,1.0582,0.9377,0.578,0.5319,0.0741,0.6653,0.5276,0.4801,0.3597,0.0461,0.4579,85.8834,108.3654,12.5912,1.6606
97.833,2935,,0.7581,1.0936,-0.0442,2.7245,1.1379,0.4176,1.0564,0.9374,0.5788,0.5327,0.0742,0.6648,0.5285,0.4776,0.3586,0.0461,0.4585,85.9171,108.5257,12.7321,1.6597
97.867,2936,,0.7586,1.0947,-0.043,2.726,1.1378,0.4174,1.055,0.9373,0.5798,0.5323,0.0744,0.6639,0.5293,0.4752,0.3575,0.0475,0.458,86.1469,108.7651,12.7881,1.66
97.9,2937,,0.7599,1.0958,-0.0413,2.7254,1.1371,0.4172,1.054,0.9379,0.5818,0.5313,0.0745,0.6647,0.5313,0.4722,0.3562,0.0505,0.4568,86.6368,109.2514,12.856,1.6576
97.933,2938,,0.7605,1.0964,-0.0401,2.7245,1.1364,0.4171,1.0529,0.938,0.583,0.5304,0.0746,0.6647,0.533,0.4699,0.355,0.0526,0.4558,87.148,109.5645,12.8929,1.6593
97.967,2939,,0.7614,1.0971,-0.0371,2.7212,1.1341,0.4168,1.0523,0.9384,0.5843,0.5317,0.0749,0.6656,0.5351,0.4679,0.354,0.0526,0.4569,87.4161,109.3534,12.715,1.6631
98.0,2940,,0.7606,1.0971,-0.0342,2.7168,1.1313,0.4164,1.0512,0.9384,0.5827,0.5328,0.0751,0.6651,0.5358,0.4685,0.3557,0.0499,0.4577,87.1823,108.9197,12.6382,1.6745
98.033,2941,,0.7605,1.0997,-0.0282,2.7176,1.1279,0.4151,1.0526,0.9395,0.5816,0.534,0.0756,0.6677,0.5382,0.471,0.3579,0.0476,0.4584,87.0094,107.7976,11.8695,1.6985
98.067,2942,,0.7598,1.1016,-0.0224,2.7159,1.124,0.4138,1.0536,0.9396,0.5801,0.5332,0.0761,0.6691,0.5385,0.4735,0.3595,0.0469,0.4571,87.4379,107.0508,11.3274,1.707
98.1,2943,,0.7618,1.1056,-0.0153,2.72,1.1209,0.4121,1.0555,0.942,0.5815,0.5326,0.0766,0.6712,0.5406,0.474,0.3605,0.0489,0.4561,88.1349,106.9561,11.0139,1.7204
98.133,2944,,0.7664,1.1089,-0.007,2.7178,1.1159,0.4106,1.0573,0.946,0.5867,0.5357,0.0771,0.673,0.5438,0.4706,0.3592,0.0511,0.4585,88.3485,107.1753,10.9245,1.7198
98.167,2945,,0.7708,1.1116,-0.0002,2.7156,1.1118,0.4094,1.0588,0.9497,0.592,0.5399,0.0775,0.6748,0.5463,0.4668,0.3577,0.0521,0.4624,88.7629,107.2565,10.8614,1.7204
98.2,2946,,0.7738,1.1127,0.0024,2.714,1.1103,0.4091,1.0591,0.9521,0.5955,0.5417,0.0777,0.6753,0.5475,0.4636,0.3566,0.0538,0.464,89.0158,107.4237,10.7867,1.7233
98.233,2947,,0.7731,1.1133,0.0027,2.7158,1.1105,0.4089,1.0596,0.9518,0.5945,0.5423,0.0777,0.6754,0.547,0.4652,0.3573,0.0522,0.4645,88.9137,106.832,10.4467,1.7293
98.267,2948,,0.7753,1.1128,0.0052,2.709,1.1076,0.4089,1.0594,0.9531,0.5975,0.5442,0.0778,0.6753,0.5468,0.4619,0.3556,0.0533,0.4664,88.6656,107.4755,10.9036,1.7149
98.3,2949,,0.7781,1.1124,0.0101,2.698,1.1023,0.4086,1.06,0.955,0.6012,0.5473,0.0781,0.6758,0.5459,0.4588,0.3537,0.0539,0.4692,88.0792,108.3168,11.5456,1.6982
98.333,2950,,0.7777,1.1125,0.0136,2.6942,1.0989,0.4079,1.0607,0.9546,0.6008,0.548,0.0783,0.677,0.5419,0.4599,0.3538,0.0528,0.4697,87.3891,109.0671,12.2846,1.6902
98.367,2951,,0.7765,1.1099,0.0157,2.6833,1.0942,0.4078,1.0596,0.9526,0.6004,0.545,0.0785,0.6766,0.5368,0.4592,0.3522,0.0554,0.4665,87.1531,111.0373,13.6294,1.6767
98.4,2952,,0.7724,1.1046,0.0113,2.6736,1.0933,0.4089,1.0557,0.948,0.5968,0.5398,0.0782,0.6724,0.5233,0.4589,0.3512,0.057,0.4616,87.9503,112.525,14.7657,1.6605
98.433,2953,,0.7748,1.1006,0.0085,2.663,1.0922,0.4101,1.0532,0.9476,0.602,0.5355,0.078,0.6726,0.5151,0.4512,0.3456,0.0665,0.4575,89.6099,115.4318,16.1511,1.6378
98.467,2954,,0.7787,1.0969,0.0069,2.6493,1.0899,0.4114,1.0517,0.9486,0.6087,0.5321,0.0779,0.6758,0.5166,0.443,0.3399,0.0766,0.4542,91.3339,118.2667,17.369,1.6162
98.5,2955,,0.7812,1.0912,0.0052,2.6273,1.0859,0.4133,1.049,0.9487,0.6138,0.5296,0.0778,0.6792,0.52,0.4352,0.3349,0.0842,0.4517,93.0374,120.1528,18.0876,1.6009
98.533,2956,,0.7821,1.0837,0.0038,2.5987,1.08,0.4156,1.0463,0.9478,0.6164,0.5267,0.0777,0.6804,0.5216,0.4299,0.3314,0.0897,0.4489,94.1524,121.4386,18.5588,1.582
98.567,2957,,0.7811,1.0749,-0.0002,2.5704,1.0751,0.4183,1.0423,0.9454,0.6168,0.5225,0.0775,0.6794,0.5199,0.4255,0.3286,0.0943,0.445,94.8801,122.393,18.8871,1.5669
98.6,2958,,0.7795,1.0669,-0.0034,2.5443,1.0703,0.4207,1.0396,0.9428,0.6161,0.5179,0.0773,0.6778,0.5191,0.4235,0.3267,0.0982,0.4406,95.9067,123.174,19.1333,1.5617
98.633,2959,,0.7775,1.0611,-0.0077,2.5292,1.0688,0.4226,1.0377,0.9399,0.6152,0.5142,0.077,0.6761,0.5181,0.4226,0.3247,0.1009,0.4372,96.838,124.1002,19.6254,1.5623
98.667,2960,,0.7743,1.0548,-0.0138,2.5164,1.0686,0.4246,1.0344,0.9358,0.6129,0.5101,0.0766,0.673,0.516,0.4215,0.3229,0.1028,0.4335,97.6566,124.54,19.822,1.5646
98.7,2961,,0.7696,1.0482,-0.0211,2.5058,1.0694,0.4268,1.0314,0.9306,0.6085,0.5044,0.0761,0.6691,0.5122,0.4229,0.3221,0.1041,0.4283,98.2147,125.0541,20.1462,1.5658
98.733,2962,,0.7669,1.0426,-0.0238,2.4897,1.0664,0.4283,1.0284,0.9275,0.6062,0.5002,0.0759,0.6683,0.5095,0.4221,0.3213,0.106,0.4243,99.0058,125.6899,20.4956,1.566
98.767,2963,,0.7667,1.0414,-0.0228,2.4824,1.0641,0.4287,1.0298,0.9269,0.6065,0.4999,0.076,0.6695,0.5095,0.4232,0.3204,0.1066,0.4239,99.4106,125.7697,20.5378,1.5702
98.8,2964,,0.768,1.0429,-0.0212,2.4785,1.0641,0.4293,1.0309,0.928,0.6081,0.5,0.0761,0.673,0.5103,0.4228,0.3199,0.1081,0.4238,100.1627,126.1943,20.7682,1.5693
98.833,2965,,0.7692,1.0412,-0.0188,2.4667,1.06,0.4297,1.0291,0.9286,0.6098,0.4992,0.0763,0.6763,0.5105,0.4193,0.3189,0.1106,0.4229,100.5595,126.5297,20.8065,1.5558
98.867,2966,,0.7697,1.0373,-0.0168,2.4534,1.0541,0.4296,1.0248,0.9293,0.61,0.4994,0.0765,0.6784,0.5111,0.4148,0.3192,0.1106,0.4229,100.4398,126.5976,20.8591,1.5371
98.9,2967,,0.7695,1.0352,-0.0153,2.442,1.0506,0.4302,1.0177,0.9292,0.6097,0.4988,0.0766,0.6808,0.5115,0.408,0.3195,0.1109,0.4222,100.5713,126.911,21.0765,1.5111
98.933,2968,,0.7689,1.0328,-0.0143,2.4306,1.0471,0.4308,1.0142,0.9284,0.6093,0.4964,0.0767,0.6824,0.5115,0.4049,0.3192,0.1129,0.4197,100.8954,127.4815,21.3227,1.4961
98.967,2969,,0.7691,1.0314,-0.0133,2.4225,1.0447,0.4312,1.013,0.9286,0.6095,0.4948,0.0767,0.685,0.5124,0.4035,0.3191,0.1147,0.4181,101.2687,127.7299,21.2635,1.4882
99.0,2970,,0.7685,1.0297,-0.012,2.4135,1.0417,0.4316,1.015,0.9284,0.6086,0.493,0.0768,0.6865,0.5117,0.4064,0.3198,0.1156,0.4162,101.4627,127.972,21.2329,1.4842
99.033,2971,,0.7684,1.0292,-0.0121,2.4114,1.0413,0.4318,1.0144,0.9285,0.6083,0.4918,0.0768,0.6871,0.5095,0.4061,0.3201,0.1166,0.4149,101.4634,127.9961,20.9619,1.4833
99.067,2972,,0.7691,1.0296,-0.0123,2.4123,1.0419,0.4319,1.015,0.9295,0.6086,0.4906,0.0768,0.6886,0.5082,0.4063,0.3209,0.118,0.4138,101.6862,127.6407,20.3364,1.4899
99.1,2973,,0.7695,1.0305,-0.0126,2.4152,1.0431,0.4319,1.0169,0.9305,0.6085,0.49,0.0768,0.6901,0.5073,0.4084,0.322,0.1185,0.4132,101.7751,126.9851,19.5087,1.5009
99.133,2974,,0.7692,1.0306,-0.0128,2.4149,1.0434,0.4321,1.018,0.9309,0.6076,0.4902,0.0768,0.691,0.5057,0.4103,0.3232,0.1175,0.4134,101.6619,125.9951,18.5593,1.5158
99.167,2975,,0.7694,1.0316,-0.0135,2.4158,1.0451,0.4326,1.0193,0.9315,0.6073,0.4901,0.0767,0.6915,0.5035,0.4121,0.3242,0.1171,0.4134,101.6424,124.867,17.4053,1.5341
99.2,2976,,0.7672,1.0294,-0.0155,2.4145,1.0449,0.4328,1.0165,0.9297,0.6046,0.489,0.0766,0.6892,0.4985,0.4119,0.325,0.1156,0.4125,101.3981,123.2426,16.013,1.5438
99.233,2977,,0.7671,1.0289,-0.0171,2.4144,1.046,0.4332,1.0168,0.9299,0.6043,0.49,0.0765,0.6901,0.4945,0.4124,0.3256,0.1143,0.4136,101.1876,121.8323,14.7194,1.566
99.267,2978,,0.7683,1.029,-0.018,2.4143,1.047,0.4337,1.0146,0.9317,0.6048,0.4923,0.0764,0.6933,0.4915,0.4098,0.3269,0.1125,0.4159,100.7939,120.1337,13.2929,1.5871
99.3,2979,,0.7683,1.0285,-0.018,2.4112,1.0464,0.434,1.011,0.9325,0.604,0.4939,0.0764,0.6939,0.4855,0.407,0.3285,0.1101,0.4175,100.2977,118.3228,11.8163,1.6051
99.333,2980,,0.7686,1.0292,-0.0184,2.4136,1.0476,0.4341,1.0106,0.9335,0.6037,0.4959,0.0764,0.6943,0.4781,0.4068,0.3297,0.1079,0.4195,99.8666,116.1839,10.0049,1.6303
99.367,2981,,0.7685,1.0299,-0.0192,2.4153,1.0491,0.4343,1.0088,0.9343,0.6027,0.4977,0.0763,0.6953,0.4715,0.4061,0.3317,0.105,0.4214,98.8218,112.8784,7.2212,1.6551
99.4,2982,,0.7677,1.0294,-0.0202,2.4136,1.0496,0.4349,1.0059,0.9343,0.6012,0.4992,0.0763,0.6952,0.4645,0.4047,0.3331,0.102,0.4229,97.7535,109.9861,4.7911,1.6787
99.433,2983,,0.7667,1.0269,-0.0202,2.4031,1.0471,0.4357,1.0025,0.9338,0.5995,0.4995,0.0763,0.6937,0.4558,0.403,0.3343,0.1,0.4232,96.6603,107.3255,2.4556,1.6958
99.467,2984,,0.7649,1.022,-0.0215,2.3868,1.0435,0.4372,0.9967,0.9319,0.5979,0.4976,0.0762,0.6909,0.4488,0.3988,0.334,0.1003,0.4214,95.6733,104.7414,0.0241,1.7094
99.5,2985,,0.7636,1.017,-0.0218,2.368,1.0388,0.4387,0.9907,0.9309,0.5964,0.4942,0.0762,0.6879,0.4396,0.3942,0.3345,0.1022,0.418,95.1064,103.0063,2.0355,1.7204
99.533,2986,,0.7633,1.0141,-0.0217,2.3562,1.0358,0.4396,0.9847,0.9309,0.5957,0.4934,0.0762,0.6863,0.4342,0.389,0.3352,0.1023,0.4172,94.5917,100.6932,4.3606,1.7319
99.567,2987,,0.7628,1.0102,-0.0234,2.3436,1.0336,0.441,0.9762,0.9305,0.5952,0.49,0.0761,0.6842,0.4316,0.381,0.3353,0.1052,0.4139,94.4617,99.0663,6.4258,1.7398
99.6,2988,,0.7613,1.0028,-0.0254,2.319,1.0283,0.4434,0.9671,0.9279,0.5948,0.4848,0.0759,0.682,0.4302,0.3723,0.3331,0.11,0.4089,94.3718,97.4535,8.6892,1.7411
99.633,2989,,0.7625,0.9982,-0.0254,2.301,1.0236,0.4449,0.9566,0.9288,0.5961,0.4821,0.0759,0.6825,0.4291,0.3605,0.3327,0.114,0.4062,94.3309,95.6493,11.0787,1.751
99.667,2990,,0.7631,0.9906,-0.0233,2.268,1.0139,0.447,0.9493,0.929,0.5972,0.4805,0.0761,0.6845,0.4306,0.3521,0.3318,0.1167,0.4045,94.348,93.9159,13.2623,1.752
99.7,2991,,0.7629,0.9838,-0.0233,2.2417,1.0071,0.4493,0.9436,0.9283,0.5976,0.4776,0.0761,0.6843,0.4284,0.3459,0.3306,0.12,0.4015,94.4305,92.2771,15.4619,1.755
99.733,2992,,0.7619,0.9781,-0.0214,2.217,0.9995,0.4508,0.9358,0.9263,0.5974,0.4746,0.0762,0.6831,0.4263,0.3384,0.3289,0.1228,0.3984,94.4812,90.445,17.7232,1.7606
99.767,2993,,0.7614,0.9719,-0.0206,2.1926,0.9925,0.4526,0.925,0.9233,0.5995,0.47,0.0763,0.6815,0.4249,0.3255,0.3238,0.1294,0.3937,95.1919,89.0463,20.1711,1.7495
99.8,2994,,0.7616,0.9747,-0.0192,2.2,0.9939,0.4518,0.9147,0.9209,0.6023,0.4656,0.0764,0.6819,0.4314,0.3124,0.3186,0.1366,0.3892,96.1187,88.2698,22.171,1.756
99.833,2995,,0.7619,0.9778,-0.0175,2.2077,0.9953,0.4508,0.9045,0.9198,0.604,0.4626,0.0765,0.6839,0.4381,0.3005,0.3159,0.1414,0.3861,96.9605,88.0453,23.5346,1.7564
99.867,2996,,0.7587,0.9776,-0.0161,2.204,0.9937,0.4509,0.8988,0.9136,0.6037,0.46,0.0766,0.6833,0.4418,0.2951,0.3099,0.1437,0.3834,96.9111,86.3222,25.6766,1.7521
99.9,2997,,0.7563,0.9783,-0.0177,2.2075,0.9959,0.4512,0.8845,0.907,0.6055,0.4589,0.0765,0.6906,0.4588,0.2789,0.3015,0.1466,0.3824,97.1528,84.676,27.7456,1.7637
99.933,2998,,0.7816,0.9919,-0.0227,2.2372,1.0147,0.4535,0.8937,0.9231,0.6402,0.4731,0.0762,0.7151,0.4816,0.2535,0.283,0.1671,0.3969,99.7501,83.4589,31.1271,1.7877
99.967,2999,,0.7697,0.9817,-0.0226,2.2063,1.0043,0.4552,0.8702,0.9094,0.6301,0.4669,0.0762,0.7084,0.4837,0.2401,0.2793,0.1632,0.3907,99.1761,81.9123,32.4962,1.7845
100.0,3000,,0.7574,0.9722,-0.0216,2.177,0.9938,0.4565,0.8473,0.8958,0.6189,0.4629,0.0763,0.7021,0.4844,0.2284,0.2769,0.156,0.3866,97.7471,78.7711,34.6503,1.7861
100.033,3001,,0.7471,0.9659,-0.0225,2.1603,0.9884,0.4575,0.8268,0.8846,0.6096,0.4594,0.0762,0.702,0.4891,0.2172,0.275,0.1502,0.3832,96.4866,76.0853,36.4995,1.7242
100.067,3002,,0.7405,0.9623,-0.0225,2.1514,0.9848,0.4578,0.8059,0.8765,0.6044,0.4572,0.0762,0.707,0.5002,0.2015,0.2721,0.1472,0.381,95.4731,72.9607,39.0761,1.6437
100.1,3003,,0.7333,0.9574,-0.0215,2.1362,0.9789,0.4582,0.7897,0.869,0.5975,0.4558,0.0763,0.7168,0.5275,0.1922,0.2715,0.1417,0.3795,94.5421,70.1531,41.1469,1.5513
100.133,3004,,0.7252,0.9551,-0.0203,2.1323,0.9755,0.4575,0.7731,0.8635,0.5869,0.4531,0.0765,0.7254,0.5567,0.1862,0.2766,0.1338,0.3766,92.2405,67.9213,42.1388,1.3968
100.167,3005,,0.7227,0.9522,-0.0207,2.123,0.973,0.4583,0.7633,0.8592,0.5863,0.4547,0.0765,0.734,0.5817,0.177,0.2729,0.1316,0.3782,91.3765,65.777,43.9702,1.3356
100.2,3006,,0.7189,0.9453,-0.0216,2.1,0.9669,0.4604,0.7567,0.8545,0.5832,0.4541,0.0765,0.7243,0.5515,0.1735,0.2713,0.1291,0.3776,90.1038,64.4447,44.8886,1.4291
100.233,3007,,0.7138,0.94,-0.0227,2.0838,0.9627,0.462,0.7495,0.8503,0.5773,0.4547,0.0764,0.7185,0.5391,0.1721,0.2729,0.1226,0.3783,88.2352,63.3046,45.0809,1.4653
100.267,3008,,0.7093,0.9366,-0.0226,2.072,0.9592,0.4629,0.7435,0.8448,0.5738,0.4537,0.0765,0.7161,0.534,0.1698,0.271,0.1201,0.3772,87.521,62.8439,45.4326,1.4988
100.3,3009,,0.7059,0.9349,-0.022,2.0664,0.9569,0.4631,0.7346,0.8405,0.5713,0.4525,0.0767,0.7174,0.5335,0.1633,0.2692,0.1187,0.3759,86.213,61.4888,46.6868,1.4863
100.333,3010,,0.7009,0.9284,-0.0222,2.0441,0.9506,0.465,0.7271,0.8348,0.567,0.4508,0.0767,0.7119,0.5183,0.1601,0.2678,0.1162,0.3741,84.2589,60.18,47.4855,1.5196
100.367,3011,,0.6971,0.9255,-0.0232,2.0359,0.9487,0.466,0.7226,0.8297,0.5646,0.4475,0.0767,0.7074,0.5094,0.158,0.2651,0.1171,0.3708,83.5927,60.2773,47.6592,1.5533
100.4,3012,,0.6917,0.9213,-0.0231,2.0223,0.9443,0.467,0.7192,0.8247,0.5586,0.4501,0.0767,0.7005,0.4964,0.1605,0.2661,0.1085,0.3734,81.4412,58.9458,47.7366,1.5782
100.433,3013,,0.6856,0.9187,-0.0229,2.0149,0.9416,0.4673,0.7165,0.8237,0.5474,0.4482,0.0768,0.6935,0.2232,0.1691,0.2763,0.0992,0.3715,79.3692,59.9792,45.8836,1.6485
100.467,3014,,0.6844,0.9155,-0.0193,1.997,0.9348,0.4681,0.7126,0.822,0.5467,0.4494,0.0771,0.6927,0.49,0.1659,0.2753,0.0973,0.3723,78.4087,59.7319,45.9701,1.5528
100.5,3015,,0.6844,0.9132,-0.0151,1.9807,0.9283,0.4687,0.7163,0.822,0.5467,0.4501,0.0774,0.6934,0.4897,0.1696,0.2753,0.0967,0.3726,77.4746,60.0866,45.7435,1.5934
100.533,3016,,0.6836,0.9129,-0.0111,1.9733,0.9241,0.4683,0.7122,0.8252,0.542,0.4499,0.0777,0.6859,0.2331,0.1702,0.2832,0.0921,0.3722,75.9021,60.8292,44.6853,1.5623
100.567,3017,,0.6824,0.9137,-0.0081,1.971,0.9218,0.4677,0.7106,0.8268,0.5379,0.4475,0.0779,0.6841,0.2346,0.1727,0.2888,0.0904,0.3696,75.0256,61.8551,43.7459,1.5396
100.6,3018,,0.6832,0.9141,-0.0033,1.9636,0.9174,0.4672,0.7098,0.8298,0.5366,0.4479,0.0782,0.6816,0.2396,0.1731,0.2932,0.0887,0.3697,73.8429,61.8849,43.6153,1.4927
100.633,3019,,0.6852,0.916,-0.0005,1.9638,0.9164,0.4667,0.7059,0.8323,0.5382,0.4516,0.0783,0.6859,0.2438,0.1677,0.294,0.0866,0.3733,72.5014,61.124,44.0572,1.4531
100.667,3020,,0.6869,0.9136,0.0023,1.9509,0.9114,0.4672,0.7032,0.8329,0.541,0.4533,0.0784,0.6862,0.2484,0.1622,0.2919,0.0876,0.3749,71.9143,61.0015,44.5128,1.4106
100.7,3021,,0.688,0.9073,0.006,1.9234,0.9013,0.4686,0.7009,0.8336,0.5424,0.4573,0.0786,0.6815,0.2535,0.1585,0.2912,0.0851,0.3787,70.6762,59.7198,45.4579,1.3609
100.733,3022,,0.6881,0.9004,0.0099,1.8947,0.8905,0.47,0.6977,0.8335,0.5428,0.4598,0.0788,0.6774,0.2568,0.1549,0.2907,0.083,0.381,69.4569,58.4831,46.2962,1.3179
100.767,3023,,0.6886,0.8878,0.0161,1.8426,0.8717,0.4731,0.6968,0.8292,0.548,0.4637,0.0791,0.6833,0.2634,0.1487,0.2812,0.0843,0.3846,68.7789,56.4451,48.4433,1.2692
100.8,3024,,0.6877,0.8871,0.0165,1.8406,0.8706,0.473,0.6887,0.8269,0.5485,0.461,0.0791,0.6884,0.2636,0.1402,0.2784,0.0875,0.3819,68.3762,56.7711,48.6273,1.242
100.833,3025,,0.6834,0.8704,0.022,1.7791,0.8484,0.4768,0.6797,0.8161,0.5508,0.4645,0.0794,0.6951,0.2696,0.1289,0.2653,0.0863,0.3851,67.4345,54.7792,50.5264,1.1436
100.867,3026,,0.6792,0.8576,0.0239,1.7367,0.8336,0.48,0.6767,0.8042,0.5541,0.4612,0.0795,0.6976,0.2728,0.1225,0.2501,0.0929,0.3818,67.6417,52.2223,53.7498,1.1444
100.9,3027,,0.6716,0.8376,0.026,1.6744,0.8116,0.4847,0.6639,0.7887,0.5544,0.4569,0.0796,0.6888,0.2771,0.1095,0.2344,0.0974,0.3774,67.3756,49.5251,56.9561,1.0991
100.933,3028,,0.664,0.8155,0.028,1.6086,0.7876,0.4896,0.6506,0.7758,0.5522,0.4432,0.0796,0.684,0.2845,0.0983,0.2235,0.109,0.3636,67.8438,49.0368,59.3493,1.0181
100.967,3029,,0.6495,0.7739,0.0338,1.4856,0.7401,0.4982,0.6453,0.7557,0.5434,0.4022,0.0798,0.5705,0.2944,0.1019,0.2124,0.1412,0.3224,70.5462,52.7877,61.4167,0.9264
101.0,3030,,0.6423,0.7669,0.0347,1.4679,0.7322,0.4988,0.6366,0.7503,0.5343,0.3669,0.0797,0.5724,0.2975,0.1023,0.216,0.1674,0.2872,73.7798,60.0603,60.2927,0.8918
101.033,3031,,0.6359,0.7635,0.0361,1.4584,0.7274,0.4988,0.6297,0.7458,0.5261,0.3396,0.0797,0.5757,0.3014,0.1036,0.2197,0.1865,0.2599,77.1575,66.699,59.3176,0.8654
101.067,3032,,0.6233,0.744,0.031,1.4216,0.7129,0.5015,0.6147,0.7274,0.5192,0.3148,0.0794,0.6466,0.4278,0.0955,0.2082,0.2044,0.2354,79.4685,69.4915,61.4398,0.7994
101.1,3033,,0.6121,0.7213,0.0286,1.3712,0.6927,0.5052,0.6035,0.7103,0.5139,0.2942,0.0793,0.6423,0.4369,0.0896,0.1964,0.2197,0.2149,80.6227,70.9338,63.6351,0.6737
101.133,3034,,0.5987,0.6914,0.0234,1.3059,0.6679,0.5115,0.5916,0.687,0.5104,0.2751,0.079,0.6246,0.4325,0.0812,0.1767,0.2353,0.1961,80.1485,70.0411,66.9432,0.6381
101.167,3035,,0.587,0.6738,0.0212,1.2548,0.6525,0.52,0.5859,0.6712,0.5028,0.2651,0.0788,0.6091,0.426,0.083,0.1684,0.2377,0.1863,77.8316,67.8943,68.9264,0.6257
101.2,3036,,0.5777,0.6656,0.0284,1.2088,0.6372,0.5271,0.5766,0.6571,0.4984,0.2503,0.0791,0.5885,0.4077,0.0783,0.1588,0.248,0.1712,75.3364,66.4048,71.0518,0.6698
101.233,3037,,0.5705,0.6547,0.0416,1.178,0.6131,0.5205,0.565,0.6488,0.4921,0.2402,0.0795,0.577,0.3913,0.0728,0.1567,0.252,0.1606,73.8282,65.5989,72.1507,0.6721
101.267,3038,,0.5696,0.6525,0.0452,1.1731,0.6073,0.5177,0.5587,0.6455,0.4938,0.2394,0.0796,0.5421,0.3266,0.0649,0.1517,0.2544,0.1599,73.3399,63.4126,73.8854,0.7534
101.3,3039,,0.5313,0.6047,0.0189,1.1437,0.5857,0.5122,0.5164,0.6028,0.4597,0.2002,0.0786,0.4551,0.2323,0.0566,0.1431,0.2595,0.1217,74.8898,66.9063,76.6898,0.7291
101.333,3040,,0.525,0.6078,0.0111,1.1481,0.5967,0.5198,0.5057,0.5936,0.4564,0.1957,0.0791,0.4162,0.1799,0.0493,0.1372,0.2607,0.1166,89.546,75.7938,78.5147,0.6196
101.367,3041,,0.5295,0.6222,-0.0623,1.2193,0.6844,0.5613,0.5048,0.5956,0.4635,0.2105,0.0809,0.3813,0.1383,0.0413,0.1321,0.253,0.1296,98.7475,75.8741,79.6799,0.6809
101.4,3042,,0.5303,0.6355,-0.1325,1.3142,0.768,0.5844,0.5044,0.5926,0.4679,0.2149,0.0813,0.3538,0.0956,0.0365,0.1247,0.253,0.1336,104.1978,77.4348,80.839,0.7585
101.433,3043,,0.5229,0.6382,-0.176,1.3676,0.8142,0.5953,0.4929,0.5852,0.4606,0.2027,0.0804,0.3138,0.0614,0.0323,0.1245,0.258,0.1223,100.1329,77.3948,81.1901,0.8217
101.467,3044,,0.5371,0.678,-0.1771,1.4607,0.8551,0.5854,0.5016,0.6091,0.465,0.2173,0.0812,0.3111,0.0627,0.0365,0.1441,0.2477,0.1361,97.7854,76.425,78.9589,0.8181
101.5,3045,,0.5035,0.6339,-0.2374,1.4453,0.8713,0.6029,0.4615,0.5604,0.4466,0.1886,0.0793,0.2489,-0.0026,0.0149,0.1138,0.258,0.1094,77.9593,61.4348,82.0191,0.9151
101.533,3046,,0.4842,0.5978,-0.2661,1.4071,0.864,0.614,0.4451,0.5284,0.44,0.1749,0.0792,0.2076,-0.0428,0.005,0.0884,0.2651,0.0957,66.4731,53.9216,85.0145,0.8937
101.567,3047,,0.4726,0.5737,-0.2509,1.3586,0.8246,0.6069,0.4411,0.5065,0.4388,0.1679,0.0786,0.1867,-0.0534,0.0023,0.0677,0.2708,0.0893,61.5604,51.1411,87.8299,0.8684
101.6,3048,,0.4694,0.5739,-0.2326,1.3688,0.8065,0.5892,0.4211,0.4982,0.4406,0.1672,0.0808,0.1683,-0.0634,-0.0196,0.0575,0.2734,0.0865,59.2332,45.0716,88.7838,0.8638
101.633,3049,,0.4834,0.5832,-0.2061,1.3839,0.7893,0.5703,0.433,0.5032,0.4636,0.18,0.0806,0.1718,-0.0483,-0.0306,0.0396,0.2836,0.0993,60.8083,44.9693,91.2305,0.8808
101.667,3050,,0.461,0.5578,-0.2285,1.3909,0.7863,0.5653,0.4168,0.4754,0.4465,0.134,0.0809,0.1566,-0.0661,-0.0297,0.0289,0.3125,0.0531,55.0935,46.4079,93.1278,0.8923
101.7,3051,,0.4441,0.5468,-0.2639,1.3919,0.8107,0.5825,0.3988,0.4583,0.4298,0.0846,0.0819,0.1351,-0.0906,-0.031,0.0286,0.3452,0.0027,47.5708,48.3463,93.531,0.9231
101.733,3052,,0.4261,0.5324,-0.3146,1.3978,0.847,0.606,0.3711,0.4377,0.4145,0.0371,0.0822,0.1122,-0.125,-0.0434,0.0232,0.3774,-0.0451,40.1879,48.6142,94.6989,0.9574
101.767,3053,,0.4203,0.5278,-0.3349,1.3951,0.8628,0.6184,0.3504,0.4275,0.4131,0.0024,0.0823,0.1051,-0.1379,-0.0627,0.0144,0.4107,-0.0799,37.8697,49.7099,96.1513,0.9738
101.8,3054,,0.418,0.5288,-0.3381,1.3789,0.867,0.6287,0.33,0.4262,0.4098,-0.0199,0.0818,0.107,-0.138,-0.0797,0.0164,0.4296,-0.1016,36.9233,51.1137,96.4545,0.9479
101.833,3055,,0.4187,0.5393,-0.3412,1.3583,0.8806,0.6483,0.3183,0.4328,0.4046,-0.0503,0.0811,0.1097,-0.1375,-0.0863,0.0282,0.455,-0.1314,36.4402,54.6417,95.6539,0.936
101.867,3056,,0.4141,0.532,-0.344,1.3342,0.876,0.6566,0.3244,0.4321,0.3961,-0.0729,0.0808,0.1074,-0.1383,-0.0716,0.0361,0.469,-0.1537,36.2166,57.6889,95.1202,0.914
101.9,3057,,0.4109,0.5304,-0.3417,1.3176,0.8721,0.6619,0.3249,0.4357,0.3861,-0.0927,0.0807,0.1085,-0.1343,-0.0612,0.0496,0.4788,-0.1733,35.8983,61.0503,93.9772,0.8992
101.933,3058,,0.4054,0.5179,-0.342,1.2852,0.86,0.6691,0.3215,0.4314,0.3794,-0.1071,0.0805,0.1024,-0.1355,-0.0579,0.052,0.4865,-0.1875,35.6109,62.2284,94.0788,0.8764
101.967,3059,,0.403,0.5031,-0.337,1.2421,0.8402,0.6764,0.3471,0.4285,0.3776,-0.1172,0.0801,0.0954,-0.1315,-0.0305,0.0509,0.4948,-0.1973,35.8867,63.0781,94.5801,0.8258
102.0,3060,,0.4006,0.4931,-0.3311,1.2194,0.8242,0.6759,0.3089,0.4262,0.3751,-0.1227,0.0797,0.0847,-0.1255,-0.0661,0.0512,0.4978,-0.2025,36.2298,63.6925,94.8921,0.8264
102.033,3061,,0.3973,0.4808,-0.33,1.2008,0.8108,0.6752,0.2968,0.4217,0.373,-0.1313,0.0795,0.0642,-0.124,-0.0762,0.0487,0.5043,-0.2109,36.8469,64.4191,95.579,0.7974
102.067,3062,,0.4264,0.5054,-0.2878,1.1864,0.7931,0.6685,0.3344,0.4512,0.4017,-0.093,0.079,0.0879,-0.0852,-0.0673,0.0495,0.4947,-0.172,41.2082,64.726,95.7416,0.7752
102.1,3063,,0.4446,0.5157,-0.2571,1.1693,0.7728,0.6609,0.3623,0.4676,0.4216,-0.0661,0.079,0.101,-0.0584,-0.0593,0.046,0.4877,-0.1451,44.7353,65.1141,96.2509,0.7593
102.133,3064,,0.4559,0.5282,-0.2411,1.1692,0.7693,0.658,0.3706,0.4774,0.4344,-0.0498,0.0785,0.1201,-0.0553,-0.0638,0.043,0.4842,-0.1283,47.275,65.4543,96.7393,0.7516
102.167,3065,,0.4336,0.5104,-0.2624,1.1453,0.7728,0.6748,0.3423,0.4559,0.4112,-0.0656,0.079,0.1169,-0.0906,-0.069,0.0447,0.4768,-0.1446,46.1747,66.0896,96.9006,0.7272
102.2,3066,,0.418,0.4984,-0.2798,1.1287,0.7782,0.6895,0.3306,0.4417,0.3943,-0.0782,0.0794,0.1096,-0.1162,-0.0637,0.0475,0.4725,-0.1576,45.6918,66.9236,97.03,0.7089
102.233,3067,,0.4137,0.5039,-0.2901,1.1356,0.794,0.6992,0.3094,0.4411,0.3863,-0.0875,0.0796,0.1273,-0.1185,-0.0769,0.0548,0.4738,-0.1671,45.4308,68.1844,96.655,0.6935
102.267,3068,,0.4028,0.4988,-0.3101,1.151,0.8089,0.7028,0.2931,0.4286,0.3769,-0.1016,0.0798,0.1383,-0.1286,-0.0838,0.0518,0.4785,-0.1813,44.8512,68.559,97.2037,0.69
102.3,3069,,0.3872,0.487,-0.3312,1.1565,0.8182,0.7075,0.2733,0.4132,0.3613,-0.1162,0.0799,0.133,-0.1368,-0.088,0.0519,0.4775,-0.1961,44.3825,69.0505,97.3958,0.6845
102.333,3070,,0.3762,0.4775,-0.3439,1.1549,0.8214,0.7112,0.2583,0.4034,0.349,-0.1273,0.08,0.1215,-0.3439,-0.0907,0.0544,0.4764,-0.2073,43.4721,69.4443,97.3547,0.6937
102.367,3071,,0.3621,0.4658,-0.3649,1.1619,0.8307,0.7149,0.2563,0.3883,0.3359,-0.1273,0.0797,0.1131,-0.161,-0.0796,0.0524,0.4633,-0.207,43.0157,68.4278,97.6355,0.6821
102.4,3072,,0.3599,0.4624,-0.3676,1.158,0.8299,0.7167,0.2444,0.3874,0.3324,-0.1331,0.0799,0.111,-0.1592,-0.088,0.055,0.4655,-0.213,42.9318,69.1868,97.5166,0.6746
102.433,3073,,0.3559,0.457,-0.3728,1.154,0.8299,0.7191,0.2504,0.3826,0.3293,-0.1382,0.0799,0.103,-0.1648,-0.0789,0.0532,0.4675,-0.2181,42.7408,69.2473,97.8031,0.6711
102.467,3074,,0.357,0.4564,-0.371,1.1497,0.8274,0.7197,0.2512,0.3822,0.3318,-0.1356,0.0799,0.1052,-0.371,-0.0806,0.0503,0.4675,-0.2155,42.9969,69.0641,98.1312,0.6693
102.5,3075,,0.3568,0.4497,-0.3708,1.1357,0.8204,0.7224,0.2517,0.3796,0.334,-0.1351,0.0797,0.1006,-0.3708,-0.0823,0.0456,0.4692,-0.2148,43.5286,68.8082,98.7151,0.6664
102.533,3076,,0.3546,0.4412,-0.3712,1.122,0.8124,0.7241,0.2549,0.3765,0.3326,-0.136,0.0796,0.0908,-0.3712,-0.0777,0.044,0.4686,-0.2156,43.928,68.8955,99.0094,0.6628
102.567,3077,,0.35,0.4319,-0.3758,1.1175,0.8077,0.7228,0.2544,0.3702,0.3299,-0.1423,0.0796,0.0799,-0.3758,-0.0755,0.0403,0.4721,-0.2219,43.3626,68.8177,99.4029,0.6566
102.6,3078,,0.3468,0.4269,-0.3799,1.1136,0.8067,0.7244,0.2542,0.3668,0.3269,-0.1455,0.0795,0.077,-0.2367,-0.0727,0.0399,0.4724,-0.2251,42.5409,68.679,99.4311,0.6516
102.633,3079,,0.3461,0.4182,-0.3794,1.109,0.7976,0.7192,0.2574,0.3647,0.3275,-0.1468,0.0798,0.0599,-0.3794,-0.0701,0.0372,0.4743,-0.2267,42.1331,68.3647,99.6925,0.6463
102.667,3080,,0.345,0.4116,-0.3794,1.1067,0.791,0.7147,0.2604,0.3628,0.3272,-0.1499,0.0799,0.0507,-0.3794,-0.0668,0.0355,0.4772,-0.2298,42.3449,68.5179,99.9186,0.6413
102.7,3081,,0.3432,0.4076,-0.3795,1.1097,0.7871,0.7092,0.2616,0.3605,0.3258,-0.1527,0.08,0.0469,-0.3795,-0.0642,0.0347,0.4785,-0.2327,42.3372,68.6743,100.013,0.6365
102.733,3082,,0.3375,0.3973,-0.3862,1.1122,0.7835,0.7044,0.257,0.3536,0.3213,-0.1588,0.0799,0.0333,-0.2846,-0.0643,0.0324,0.48,-0.2387,42.1394,68.8101,100.2601,0.6334
102.767,3083,,0.3331,0.3916,-0.3915,1.1159,0.7831,0.7018,0.2535,0.3498,0.3165,-0.1643,0.0799,0.0246,-0.2921,-0.063,0.0332,0.4808,-0.2442,42.115,69.109,100.2262,0.6294
102.8,3084,,0.3299,0.3903,-0.3937,1.1159,0.784,0.7026,0.2492,0.3464,0.3133,-0.1673,0.0799,0.0285,-0.2827,-0.0641,0.0332,0.4806,-0.2472,41.9249,69.2016,100.2159,0.6265
102.833,3085,,0.3278,0.3908,-0.3995,1.1158,0.7903,0.7083,0.2437,0.3436,0.312,-0.1691,0.0799,0.0305,-0.2709,-0.0683,0.0316,0.4811,-0.2489,41.8085,69.3263,100.3222,0.6287
102.867,3086,,0.326,0.3926,-0.4036,1.1136,0.7962,0.715,0.2399,0.3415,0.3105,-0.1717,0.0798,0.0352,-0.2656,-0.0706,0.031,0.4822,-0.2515,42.2569,69.9567,100.3859,0.6309
102.9,3087,,0.3274,0.3983,-0.4046,1.1157,0.8028,0.7196,0.2386,0.344,0.3107,-0.1695,0.0797,0.0453,-0.2531,-0.0721,0.0333,0.4802,-0.2491,42.7403,70.2756,100.1715,0.6314
102.933,3088,,0.3307,0.4031,-0.4007,1.1209,0.8038,0.7171,0.2433,0.3494,0.3119,-0.1664,0.0798,0.0488,-0.2444,-0.0686,0.0375,0.4783,-0.2462,42.9833,70.7092,99.7516,0.6267
102.967,3089,,0.3329,0.4059,-0.3964,1.1249,0.8023,0.7132,0.2508,0.3538,0.3119,-0.1656,0.08,0.0527,-0.2374,-0.0611,0.0419,0.4775,-0.2455,43.5616,71.5469,99.3573,0.6218
103.0,3090,,0.3315,0.4059,-0.3967,1.1246,0.8026,0.7137,0.2446,0.3538,0.3092,-0.1663,0.0799,0.0554,-0.2347,-0.0646,0.0446,0.4755,-0.2463,43.9833,72.1123,99.126,0.618
103.033,3091,,0.3339,0.4084,-0.393,1.1278,0.8014,0.7106,0.2493,0.3569,0.3109,-0.1653,0.08,0.059,-0.2354,-0.0616,0.0461,0.4762,-0.2453,44.0639,72.139,98.9891,0.6149
103.067,3092,,0.3345,0.4114,-0.3951,1.1283,0.8065,0.7148,0.2579,0.3573,0.3116,-0.1651,0.0799,0.0622,-0.2357,-0.0537,0.0458,0.4767,-0.2449,44.1969,72.0816,99.0079,0.6216
103.1,3093,,0.3364,0.415,-0.3941,1.1285,0.8091,0.717,0.2596,0.3598,0.313,-0.1613,0.0798,0.0657,-0.2382,-0.0534,0.0468,0.4743,-0.2411,44.4888,72.2481,98.8895,0.6231
103.133,3094,,0.3382,0.4179,-0.3913,1.1295,0.8092,0.7164,0.2626,0.3628,0.3137,-0.1594,0.0799,0.068,-0.2375,-0.0511,0.0491,0.4731,-0.2393,44.33,72.427,98.6449,0.6211
103.167,3095,,0.3389,0.4219,-0.3913,1.1288,0.8132,0.7204,0.2627,0.3656,0.3122,-0.1556,0.0797,0.0708,-0.2386,-0.0495,0.0534,0.4678,-0.2353,44.7067,72.8019,98.2419,0.6227
103.2,3096,,0.3391,0.4244,-0.3872,1.1283,0.8116,0.7194,0.2666,0.3672,0.3109,-0.1561,0.0796,0.0762,-0.2334,-0.0443,0.0562,0.4671,-0.2357,45.1089,73.1263,98.0333,0.6206
103.233,3097,,0.3398,0.4262,-0.3842,1.1299,0.8105,0.7173,0.269,0.3687,0.3108,-0.1546,0.0796,0.0781,-0.2334,-0.0419,0.0578,0.4654,-0.2342,45.1236,72.9704,97.8786,0.6177
103.267,3098,,0.3423,0.4294,-0.3813,1.1297,0.8107,0.7176,0.2697,0.3714,0.3132,-0.1528,0.0796,0.0803,-0.2332,-0.0435,0.0582,0.466,-0.2324,44.8585,72.6736,97.8165,0.6177
103.3,3099,,0.3436,0.4319,-0.3803,1.1281,0.8122,0.72,0.2688,0.3728,0.3144,-0.1529,0.0795,0.0838,-0.2291,-0.0456,0.0583,0.4674,-0.2325,44.8308,72.6475,97.7965,0.6192
103.333,3100,,0.346,0.4346,-0.3785,1.1288,0.8132,0.7204,0.2689,0.3759,0.3161,-0.1505,0.0797,0.0844,-0.2274,-0.0472,0.0598,0.4666,-0.2302,44.5976,72.4245,97.6283,0.619
103.367,3101,,0.3464,0.4359,-0.3812,1.1283,0.8171,0.7242,0.2653,0.3759,0.3169,-0.1504,0.0798,0.0842,-0.228,-0.0516,0.059,0.4673,-0.2302,43.8099,71.8434,97.6214,0.6214
103.4,3102,,0.3448,0.435,-0.3837,1.1267,0.8187,0.7266,0.2627,0.3744,0.3152,-0.15,0.0798,0.0813,-0.2288,-0.0525,0.0592,0.4652,-0.2298,43.379,71.4615,97.5732,0.6232
103.433,3103,,0.3455,0.4357,-0.3827,1.1258,0.8184,0.727,0.2638,0.3746,0.3164,-0.1491,0.0798,0.0851,-0.2224,-0.0526,0.0582,0.4654,-0.2289,42.8678,71.0237,97.5993,0.625
103.467,3104,,0.3463,0.4362,-0.3822,1.1254,0.8183,0.7271,0.2647,0.3745,0.3181,-0.1479,0.0799,0.0861,-0.217,-0.0534,0.0564,0.466,-0.2278,42.5669,70.6676,97.695,0.6265
103.5,3105,,0.3464,0.4353,-0.3835,1.1247,0.8189,0.7281,0.2652,0.3732,0.3195,-0.1483,0.0799,0.086,-0.2175,-0.0543,0.0537,0.4678,-0.2282,42.3313,70.3173,97.8986,0.6302
103.533,3106,,0.3449,0.4319,-0.3872,1.1222,0.8191,0.7299,0.265,0.3701,0.3197,-0.1504,0.0798,0.0821,-0.2225,-0.0547,0.0503,0.4702,-0.2303,42.037,69.9802,98.1884,0.6355
103.567,3107,,0.3446,0.4296,-0.3886,1.1211,0.8181,0.7298,0.2678,0.3677,0.3215,-0.1537,0.0798,0.0822,-0.2247,-0.0537,0.0462,0.4752,-0.2336,41.796,69.6039,98.5459,0.6396
103.6,3108,,0.3436,0.4268,-0.3891,1.1209,0.8159,0.7279,0.2696,0.366,0.3213,-0.1542,0.0797,0.0811,-0.2297,-0.0516,0.0447,0.4755,-0.2339,42.0238,69.5397,98.6962,0.6408
103.633,3109,,0.3449,0.4259,-0.3877,1.1205,0.8136,0.7262,0.273,0.3671,0.3226,-0.1559,0.0797,0.0787,-0.2325,-0.0496,0.0445,0.4785,-0.2356,42.2068,69.7746,98.6904,0.6414
103.667,3110,,0.3444,0.4267,-0.3882,1.1169,0.8149,0.7296,0.2769,0.366,0.3229,-0.1595,0.0797,0.0867,-0.2238,-0.046,0.0431,0.4824,-0.2392,42.4302,70.1252,98.7878,0.6446
103.7,3111,,0.3452,0.4306,-0.3896,1.1249,0.8202,0.7291,0.2791,0.3674,0.323,-0.1605,0.0795,0.0901,-0.2249,-0.0439,0.0444,0.4835,-0.24,43.1334,70.8896,98.6128,0.6513
103.733,3112,,0.3447,0.4323,-0.3919,1.1324,0.8242,0.7278,0.2915,0.3678,0.3215,-0.1623,0.0796,0.0961,-0.3919,-0.03,0.0464,0.4837,-0.2418,42.8533,71.1786,98.3086,0.6564
103.767,3113,,0.3456,0.4386,-0.3942,1.1489,0.8328,0.7249,0.293,0.3706,0.3207,-0.1649,0.0797,0.1015,-0.2108,-0.0277,0.0498,0.4856,-0.2446,42.0395,71.2298,97.8073,0.6615
103.8,3114,,0.3467,0.448,-0.3963,1.1721,0.8443,0.7203,0.3019,0.3735,0.3199,-0.1603,0.0793,0.1203,-0.1809,-0.0181,0.0536,0.4802,-0.2396,42.5945,71.5132,97.3328,0.6727
103.833,3115,,0.3474,0.4571,-0.4021,1.1999,0.8592,0.7161,0.3076,0.3768,0.318,-0.1544,0.0791,0.1395,-0.1598,-0.0104,0.0588,0.4724,-0.2335,42.2691,71.0103,96.6792,0.6806
103.867,3116,,0.3539,0.478,-0.4036,1.2476,0.8816,0.7066,0.3182,0.3878,0.32,-0.1479,0.0789,0.1862,-0.1124,-0.0018,0.0678,0.4679,-0.2268,42.6595,71.7121,95.5526,0.7149
103.9,3117,,0.3615,0.4815,-0.3989,1.2477,0.8804,0.7056,0.3257,0.3981,0.325,-0.1516,0.0791,0.1532,-0.1463,0.0007,0.0731,0.4766,-0.2306,42.6404,72.8684,94.8938,0.6942
103.933,3118,,0.3684,0.4774,-0.3913,1.2301,0.8687,0.7062,0.3317,0.4062,0.3306,-0.1508,0.0794,0.1146,-0.2047,0.0011,0.0756,0.4814,-0.2302,42.5429,73.3824,94.382,0.6997
103.967,3119,,0.3783,0.474,-0.3829,1.2131,0.8569,0.7064,0.3539,0.4162,0.3405,-0.152,0.0799,0.0598,-0.2495,0.0134,0.0757,0.4925,-0.2318,42.6175,73.8302,94.1419,0.7009
104.0,3120,,0.3918,0.5161,-0.3824,1.3046,0.8985,0.6887,0.3664,0.4358,0.3477,-0.149,0.08,0.1693,-0.0182,0.0187,0.0881,0.4967,-0.2291,42.5281,75.1657,92.2299,0.738
104.033,3121,,0.398,0.5276,-0.3819,1.3313,0.9095,0.6832,0.3758,0.4431,0.3528,-0.1493,0.0803,0.1867,-0.0602,0.0229,0.0903,0.5021,-0.2296,42.1634,74.9352,91.7185,0.7571
104.067,3122,,0.4056,0.5335,-0.3814,1.3484,0.915,0.6785,0.3831,0.4459,0.3653,-0.1371,0.0803,0.1848,-0.0777,0.0178,0.0806,0.5024,-0.2174,42.6123,73.5086,92.3792,0.7783
104.1,3123,,0.4064,0.5196,-0.3845,1.3273,0.9041,0.6811,0.3804,0.4382,0.3745,-0.1169,0.0803,0.1551,-0.1309,0.0059,0.0636,0.4914,-0.1972,42.1472,69.6579,93.9706,0.7866
104.133,3124,,0.406,0.5179,-0.3871,1.3334,0.905,0.6787,0.3752,0.4296,0.3824,-0.0792,0.0802,0.1346,-0.1529,-0.0072,0.0473,0.4616,-0.1594,42.9143,65.0116,95.391,0.8128
104.167,3125,,0.4108,0.5178,-0.3908,1.3436,0.9086,0.6762,0.3328,0.4254,0.3962,-0.0455,0.0799,0.1212,-0.162,-0.0634,0.0292,0.4417,-0.1254,44.3877,61.0378,97.1389,0.8506
104.2,3126,,0.4206,0.5185,-0.3928,1.3928,0.9113,0.6543,0.3252,0.425,0.4162,-0.0197,0.0798,0.1067,-0.168,-0.0909,0.0088,0.4359,-0.0995,46.2835,57.9823,99.1407,0.8972
104.233,3127,,0.4346,0.5234,-0.3989,1.4765,0.9224,0.6247,0.3068,0.4274,0.4417,0.0053,0.0783,0.0926,-0.1773,-0.1349,-0.0143,0.4364,-0.0731,49.2409,55.6122,101.2631,0.9666
104.267,3128,,0.4415,0.527,-0.4119,1.5558,0.9389,0.6035,0.2848,0.4216,0.4615,0.0256,0.0763,0.0779,-0.1931,-0.1767,-0.0399,0.4359,-0.0506,52.8101,53.7218,103.6639,1.0295
104.3,3129,,0.4418,0.5288,-0.4283,1.6236,0.9571,0.5895,0.2682,0.4096,0.474,0.0368,0.0733,0.0624,-0.212,-0.2058,-0.0644,0.4372,-0.0365,56.2745,52.602,105.8911,1.0963
104.333,3130,,0.4596,0.559,-0.4214,1.6951,0.9804,0.5784,0.2746,0.4142,0.5049,0.0814,0.0713,0.0674,-0.2066,-0.2303,-0.0907,0.4235,0.0101,62.4919,49.2093,107.9774,1.1597
104.367,3131,,0.4737,0.5805,-0.3985,1.7221,0.979,0.5685,0.283,0.4188,0.5286,0.1131,0.0718,0.0788,-0.1885,-0.2456,-0.1098,0.4155,0.0413,67.7673,47.1279,109.5328,1.1875
104.4,3132,,0.4805,0.5924,-0.3687,1.7204,0.9611,0.5587,0.2377,0.4184,0.5427,0.1402,0.0729,0.088,-0.1677,-0.305,-0.1244,0.4025,0.0673,73.5665,45.7961,110.8251,1.1698
104.433,3133,,0.4737,0.5855,-0.3391,1.6862,0.9245,0.5483,0.2257,0.4069,0.5405,0.1452,0.0732,0.0894,-0.1538,-0.3148,-0.1335,0.3953,0.0719,74.8822,44.2575,111.4664,1.1224
104.467,3134,,0.469,0.5847,-0.3229,1.6734,0.9076,0.5424,0.2623,0.3923,0.5457,0.1396,0.0734,0.0807,-0.1523,-0.2834,-0.1534,0.4061,0.0662,76.0996,43.2884,113.349,1.0839
104.5,3135,,0.4841,0.6154,-0.2931,1.6845,0.9085,0.5393,0.2724,0.3928,0.5753,0.1634,0.0743,0.0851,-0.134,-0.303,-0.1825,0.4119,0.089,82.1554,39.8045,116.7668,1.0711
104.533,3136,,0.4841,0.613,-0.2961,1.6628,0.9091,0.5468,0.2827,0.3925,0.5757,0.1844,0.0731,0.0765,-0.1384,-0.293,-0.1832,0.3913,0.1113,87.2081,38.4663,116.6837,1.0397
104.567,3137,,0.4881,0.6191,-0.3089,1.6774,0.928,0.5532,0.278,0.3935,0.5827,0.1927,0.071,0.0722,-0.1504,-0.3047,-0.1892,0.39,0.1217,90.0929,37.9681,117.4006,1.0335
104.6,3138,,0.5094,0.6348,-0.303,1.6878,0.9378,0.5556,0.2913,0.4144,0.6045,0.203,0.0713,0.0922,-0.145,-0.3131,-0.1901,0.4014,0.1317,91.8311,38.0441,117.2611,1.026
104.633,3139,,0.528,0.6547,-0.2992,1.7269,0.9538,0.5523,0.2854,0.4315,0.6246,0.2079,0.0708,0.1121,-0.1455,-0.3392,-0.1931,0.4168,0.1371,92.2207,37.4534,117.3036,1.0365
104.667,3140,,0.546,0.6731,-0.2954,1.7576,0.9685,0.551,0.2911,0.4495,0.6424,0.2017,0.0711,0.1246,-0.147,-0.3513,-0.1929,0.4407,0.1306,92.063,38.236,117.2887,1.0462
104.7,3141,,0.5859,0.6934,-0.2409,1.7113,0.9343,0.5459,0.3706,0.502,0.6698,0.2267,0.0743,0.1903,-0.1016,-0.2992,-0.1679,0.4431,0.1525,98.0071,40.9918,114.9458,1.0301
104.733,3142,,0.6416,0.7301,-0.1755,1.7008,0.9056,0.5325,,0.5687,0.7144,0.2256,0.0752,0.2489,-0.0424,,-0.1457,0.4888,0.1505,103.6419,49.566,113.7131,1.0371
104.767,3143,,0.6438,0.7282,-0.1637,1.6933,0.8919,0.5267,0.4149,0.5734,0.7142,0.2212,0.0733,0.2617,-0.0545,-0.2993,-0.1408,0.493,0.1479,105.6348,52.0578,112.5403,1.0696
104.8,3144,,0.6964,0.7778,-0.0723,1.6966,0.8501,0.5011,0.4408,0.6416,0.7512,0.2728,0.0737,0.348,0.0305,-0.3104,-0.1096,0.4784,0.1991,114.4801,54.7899,108.964,1.0932
104.833,3145,,0.7435,0.8074,-0.0534,1.7609,0.8607,0.4888,0.5457,0.7056,0.7813,0.3167,0.0738,0.4094,0.0899,-0.2357,-0.0758,0.4646,0.2429,117.7204,57.9833,104.6981,1.1038
104.867,3146,,0.7899,0.8413,-0.0528,1.8739,0.8941,0.4771,0.5528,0.7645,0.8153,0.3464,0.0737,0.4816,0.1666,-0.2625,-0.0508,0.469,0.2726,117.06,60.223,101.5748,1.1365
104.9,3147,,0.8321,0.8655,-0.0396,1.9374,0.9051,0.4672,0.6551,0.8149,0.8493,0.3808,0.0748,0.55,0.2616,-0.1942,-0.0344,0.4684,0.306,119.8646,63.0123,99.5906,1.138
104.933,3148,,0.8827,0.8971,-0.0219,2.0571,0.919,0.4468,0.7257,0.8795,0.886,0.4116,0.0763,0.636,0.3584,-0.1603,-0.0065,0.4744,0.3352,126.5663,69.1203,96.061,1.1267
104.967,3149,,0.912,0.9442,-0.012,2.2007,0.9563,0.4345,0.8064,0.9364,0.8876,0.4239,0.0772,0.7027,0.4477,-0.0812,0.0488,0.4638,0.3467,128.4607,78.3456,88.537,1.0987
105.0,3150,,0.9538,1.0096,0.0183,2.3425,0.9912,0.4232,0.917,1.0076,0.9,0.4563,0.0793,0.7991,0.548,0.017,0.1076,0.4437,0.377,137.0265,91.8003,78.9581,1.1527
105.033,3151,,0.9804,1.1205,0.0193,2.8181,1.1013,0.3908,1.048,1.0651,0.8957,0.456,0.0797,0.8707,0.6209,0.1523,0.1694,0.4397,0.3763,138.2793,103.4152,68.9101,1.1981
105.067,3152,,1.0058,1.2053,0.0211,3.2171,1.1842,0.3681,1.1256,1.1236,0.8879,0.452,0.0803,0.9394,0.7193,0.2377,0.2357,0.4359,0.3717,140.0959,115.9648,58.416,1.2274
105.1,3153,,1.0288,1.2697,0.0245,3.5564,1.2452,0.3501,1.1959,1.1748,0.8828,0.4484,0.0815,0.9825,0.78,0.3131,0.292,0.4344,0.3669,144.2741,127.0218,50.2534,1.2717
105.133,3154,,1.0419,1.3147,0.0351,3.7973,1.2796,0.337,1.243,1.2049,0.8789,0.451,0.0834,1.0163,0.8036,0.3641,0.326,0.4279,0.3676,150.7971,136.7908,43.8351,1.3198
105.167,3155,,1.0576,1.364,0.0555,4.0563,1.3085,0.3226,1.2984,1.2416,0.8736,0.4609,0.0862,1.0506,0.8283,0.4248,0.368,0.4127,0.3748,158.7254,145.1367,38.497,1.3138
105.2,3156,,1.0756,1.4068,0.0799,4.2833,1.3269,0.3098,1.3489,1.2765,0.8747,0.4703,0.089,1.0808,0.8484,0.4743,0.4019,0.4044,0.3813,166.2144,151.6754,34.7992,1.3696
105.233,3157,,1.0892,1.4445,0.0775,4.484,1.367,0.3049,1.3902,1.3055,0.8729,0.4771,0.0914,1.1025,0.864,0.5174,0.4326,0.3958,0.3857,171.7501,157.2601,31.6462,1.446
105.267,3158,,1.0983,1.4812,0.0619,4.7184,1.4194,0.3008,1.4247,1.3274,0.8692,0.4736,0.0921,1.1159,0.869,0.5555,0.4581,0.3956,0.3815,174.4591,163.2555,28.4115,1.5212
105.3,3159,,1.1063,1.5044,0.049,4.9013,1.4554,0.2969,1.4504,1.3454,0.8672,0.468,0.0914,1.1279,0.8754,0.5832,0.4782,0.3991,0.3766,173.6474,167.0222,25.779,1.5819
105.333,3160,,1.108,1.5149,0.0402,4.9854,1.4748,0.2958,1.4667,1.3569,0.8591,0.4572,0.0904,1.1314,0.8765,0.6077,0.4978,0.4019,0.3668,170.2731,168.8026,22.9772,1.6152
105.367,3161,,1.1025,1.5237,0.0356,5.062,1.4881,0.294,1.4809,1.3624,0.8426,0.4361,0.0889,1.1316,0.8714,0.6382,0.5197,0.4066,0.3472,166.4615,171.2902,20.4759,1.6559
105.4,3162,,1.1019,1.5321,0.0354,5.1361,1.4967,0.2914,1.4905,1.3645,0.8392,0.4222,0.0876,1.1325,0.8641,0.6513,0.5254,0.417,0.3346,164.0946,172.0098,18.9429,1.7113
105.433,3163,,1.1042,1.5382,0.0373,5.176,1.5009,0.29,1.5014,1.3687,0.8398,0.4125,0.086,1.1356,0.8581,0.6616,0.5288,0.4273,0.3265,162.0267,173.3178,17.7945,1.7903
105.467,3164,,1.1081,1.5464,0.0414,5.228,1.505,0.2879,1.5127,1.3748,0.8413,0.409,0.0846,1.1396,0.8559,0.6715,0.5335,0.4323,0.3244,160.8204,174.9335,16.495,1.8903
105.5,3165,,1.1166,1.5579,0.0541,5.2807,1.5038,0.2848,1.5267,1.3844,0.8488,0.4141,0.0836,1.1486,0.8592,0.6778,0.5355,0.4347,0.3304,163.2,176.1225,15.0947,1.9939
105.533,3166,,1.1271,1.5699,0.0761,5.3094,1.4938,0.2813,1.5413,1.3969,0.8574,0.4266,0.0827,1.1618,0.8697,0.684,0.5396,0.4308,0.3439,167.3555,177.0752,14.3284,2.0869
105.567,3167,,1.1314,1.5771,0.068,5.3624,1.5091,0.2814,1.5507,1.4054,0.8574,0.4413,0.0813,1.1697,0.8752,0.6933,0.548,0.4161,0.36,172.2274,178.2304,13.7033,2.1512
105.6,3168,,1.1403,1.5744,0.0422,5.3192,1.5322,0.2881,1.553,1.4131,0.8674,0.4548,0.0802,1.177,0.8796,0.6856,0.5457,0.4126,0.3747,173.2328,177.8009,13.9836,2.0954
105.633,3169,,1.1509,1.5907,0.0134,5.4607,1.5773,0.2888,1.568,1.4228,0.879,0.4716,0.0786,1.1857,0.8949,0.689,0.5438,0.4073,0.393,174.1666,177.6306,14.0601,2.105
105.667,3170,,1.1637,1.5975,-0.0199,5.51,1.6175,0.2936,1.5753,1.4319,0.8955,0.4895,0.0764,1.1936,0.9074,0.6797,0.5364,0.406,0.4131,174.6007,177.5258,13.9555,2.0764
105.7,3171,,1.167,1.5994,-0.0533,5.4993,1.6527,0.3005,1.5769,1.4403,0.8937,0.4863,0.0736,1.2003,0.9204,0.6832,0.5466,0.4074,0.4127,175.5195,177.9778,13.0561,2.0261
105.733,3172,,1.1667,1.605,-0.0859,5.5451,1.6908,0.3049,1.5809,1.4447,0.8886,0.4789,0.0703,1.2022,0.9257,0.6923,0.5561,0.4097,0.4086,174.4024,177.2139,12.143,2.0289
105.767,3173,,1.1613,1.6075,-0.1156,5.5693,1.723,0.3094,1.583,1.4447,0.878,0.4684,0.0667,1.2012,0.9278,0.705,0.5667,0.4096,0.4016,174.3005,176.9763,11.3196,2.0241
105.8,3174,,1.1541,1.6127,-0.1427,5.6174,1.7554,0.3125,1.5902,1.4428,0.8654,0.4624,0.0631,1.1989,0.9309,0.7248,0.5774,0.403,0.3993,174.1003,177.2638,10.7131,2.0432
105.833,3175,,1.1423,1.607,-0.1661,5.5817,1.7731,0.3177,1.58,1.4353,0.8493,0.4533,0.0597,1.1892,0.9256,0.7307,0.586,0.396,0.3936,173.993,177.2787,10.1265,2.0023
105.867,3176,,1.1278,1.6042,-0.1829,5.5632,1.7871,0.3212,1.5753,1.4277,0.828,0.444,0.057,1.1804,0.9198,0.7473,0.5997,0.384,0.3871,174.4777,177.8494,9.5333,1.9859
105.9,3177,,1.1101,1.599,-0.1932,5.5285,1.7922,0.3242,1.5686,1.4172,0.8029,0.4296,0.0552,1.1655,0.9084,0.7657,0.6143,0.3733,0.3744,174.0138,177.5495,8.9198,1.9566
105.933,3178,,1.0987,1.5941,-0.2029,5.5009,1.7971,0.3267,1.563,1.4078,0.7897,0.42,0.0536,1.1513,0.897,0.7732,0.618,0.3697,0.3664,172.3006,177.7914,8.4813,1.932
105.967,3179,,1.0903,1.5923,-0.2065,5.4934,1.7988,0.3274,1.559,1.3997,0.7809,0.4017,0.0529,1.1403,0.8871,0.7781,0.6188,0.3792,0.3488,168.0854,176.8022,7.9097,1.9071
106.0,3180,,1.0917,1.5961,-0.1981,5.4996,1.7942,0.3262,1.5607,1.3993,0.784,0.3861,0.0543,1.1368,0.8845,0.7767,0.6154,0.3979,0.3317,165.1417,175.5625,7.457,1.8924
106.033,3181,,1.0929,1.6004,-0.1871,5.5032,1.7874,0.3248,1.5632,1.3996,0.7861,0.3818,0.0562,1.135,0.8815,0.7771,0.6135,0.4043,0.3256,162.2446,173.9273,7.0073,1.8767
106.067,3182,,1.0959,1.6085,-0.1614,5.5038,1.7699,0.3216,1.5698,1.4034,0.7884,0.3728,0.0604,1.1375,0.8805,0.7814,0.615,0.4156,0.3124,158.1517,171.9686,6.5859,1.853
106.1,3183,,1.0996,1.6162,-0.135,5.4978,1.7512,0.3185,1.5808,1.4084,0.7909,0.3581,0.0643,1.142,0.8789,0.79,0.6175,0.4328,0.2938,153.8476,170.678,6.281,1.8332
106.133,3184,,1.0989,1.6235,-0.1165,5.4993,1.74,0.3164,1.5825,1.4123,0.7854,0.3395,0.0668,1.1447,0.875,0.7971,0.6269,0.4459,0.2727,149.7239,169.9473,5.9323,1.8224
106.167,3185,,1.1017,1.6321,-0.0886,5.4869,1.7207,0.3136,1.5909,1.4182,0.7851,0.3328,0.0704,1.1494,0.8746,0.8058,0.6331,0.4523,0.2625,149.6875,169.5338,5.7317,1.8098
106.2,3186,,1.1075,1.6413,-0.057,5.4684,1.6982,0.3106,1.6001,1.4267,0.7884,0.3383,0.074,1.1569,0.879,0.8118,0.6383,0.4501,0.2643,154.0221,169.6216,5.5626,1.8017
106.233,3187,,1.124,1.6533,-0.0167,5.4468,1.67,0.3066,1.6124,1.4398,0.8082,0.3563,0.0779,1.1712,0.8934,0.8042,0.6316,0.4519,0.2784,160.7995,169.9487,5.476,1.7991
106.267,3188,,1.1417,1.666,0.0257,5.4201,1.6403,0.3026,1.6269,1.4555,0.828,0.3831,0.0809,1.1868,0.9097,0.7989,0.6276,0.4449,0.3022,166.9156,170.383,5.4384,1.7964
106.3,3189,,1.1597,1.6787,0.0728,5.3766,1.6059,0.2987,1.6375,1.4728,0.8466,0.4086,0.0825,1.2051,0.9259,0.7909,0.6263,0.438,0.3261,170.4906,170.7912,5.4559,1.8175
106.333,3190,,1.1748,1.6876,0.0501,5.3917,1.6375,0.3037,1.6471,1.4856,0.8639,0.4313,0.0826,1.2193,0.9415,0.7831,0.6217,0.4326,0.3488,173.2288,171.28,5.4882,1.8889
106.367,3191,,1.1928,1.6955,0.0019,5.4141,1.6937,0.3128,1.6562,1.4982,0.8873,0.4561,0.0808,1.2334,0.9597,0.7689,0.611,0.4311,0.3754,175.7329,171.8867,5.7913,1.9637
106.4,3192,,1.1983,1.6964,-0.0324,5.3905,1.7288,0.3207,1.6575,1.5023,0.8944,0.4621,0.0784,1.2383,0.9655,0.7631,0.6079,0.4323,0.3837,175.2873,172.4768,6.0819,2.0063
106.433,3193,,1.1908,1.6888,-0.041,5.3191,1.7298,0.3252,1.6493,1.4941,0.8876,0.452,0.0775,1.2287,0.9516,0.7616,0.6064,0.4356,0.3745,173.5587,172.914,6.3258,1.9978
106.467,3194,,1.1855,1.6821,-0.0542,5.2497,1.7362,0.3307,1.642,1.4875,0.8835,0.4461,0.076,1.2213,0.9395,0.7585,0.604,0.4373,0.3702,172.2488,173.3818,6.5496,1.995
106.5,3195,,1.1811,1.6774,-0.0702,5.1897,1.7476,0.3367,1.6374,1.4837,0.8786,0.4413,0.0738,1.2167,0.9334,0.7588,0.6051,0.4373,0.3675,171.3993,173.9379,6.7274,1.9978
106.533,3196,,1.1721,1.6683,-0.0769,5.0917,1.7452,0.3428,1.6296,1.4767,0.8675,0.4284,0.0724,1.2075,0.9227,0.7621,0.6092,0.4391,0.356,170.8599,174.3085,6.7969,1.9812
106.567,3197,,1.1597,1.6598,-0.0769,5.0095,1.7367,0.3467,1.6196,1.468,0.8514,0.4078,0.0719,1.197,0.9085,0.7682,0.6166,0.4436,0.3359,169.1529,174.8719,6.86,1.9544
106.6,3198,,1.1502,1.6493,-0.08,4.9097,1.7293,0.3522,1.6094,1.4587,0.8417,0.3933,0.0713,1.1852,0.8936,0.7677,0.617,0.4484,0.322,168.0424,175.2171,7.0038,1.9262
106.633,3199,,1.1455,1.6457,-0.0797,4.8569,1.7254,0.3552,1.6117,1.453,0.8379,0.3887,0.0712,1.1769,0.8868,0.7738,0.6151,0.4492,0.3175,167.7547,175.3459,7.185,1.9271
106.667,3200,,1.1396,1.6314,-0.0801,4.7241,1.7115,0.3623,1.5942,1.4455,0.8338,0.3875,0.0712,1.1688,0.8816,0.7604,0.6117,0.4463,0.3163,168.3222,174.9756,7.4913,1.8716
106.7,3201,,1.1345,1.6237,-0.0776,4.6457,1.7013,0.3662,1.5866,1.4396,0.8293,0.3888,0.0716,1.1615,0.8764,0.7573,0.6103,0.4405,0.3172,169.6108,174.3952,7.8963,1.8407
106.733,3202,,1.1317,1.6171,-0.0713,4.5732,1.6884,0.3692,1.5783,1.4355,0.8279,0.389,0.0724,1.1557,0.8718,0.7504,0.6077,0.4389,0.3166,169.8965,173.5227,8.2816,1.8057
106.767,3203,,1.1298,1.6115,-0.0689,4.5057,1.6805,0.373,1.5723,1.4322,0.8274,0.3899,0.0728,1.1543,0.8723,0.7449,0.6048,0.4375,0.3171,168.6587,172.6305,8.6227,1.7773
106.8,3204,,1.1201,1.6004,-0.0689,4.4045,1.6693,0.379,1.5636,1.4251,0.8151,0.3932,0.0729,1.1498,0.867,0.7485,0.61,0.4219,0.3204,166.612,172.0301,9.2109,1.7423
106.833,3205,,1.108,1.5888,-0.0619,4.3113,1.6507,0.3829,1.5515,1.4156,0.8004,0.3841,0.0737,1.1385,0.8567,0.7511,0.6151,0.4163,0.3104,164.9664,171.0628,9.6254,1.702
106.867,3206,,1.1017,1.5824,-0.0542,4.2304,1.6366,0.3869,1.5437,1.4128,0.7906,0.3744,0.0744,1.1342,0.8561,0.7532,0.6223,0.4162,0.3,161.3185,170.0236,9.9194,1.6753
106.9,3207,,1.1001,1.5774,-0.0351,4.1555,1.6125,0.388,1.5389,1.4138,0.7864,0.3613,0.0762,1.1315,0.8519,0.7525,0.6274,0.4251,0.2851,157.9605,168.5972,10.1101,1.6479
106.933,3208,,1.1051,1.5792,-0.0185,4.1045,1.5977,0.3893,1.5404,1.4161,0.7941,0.3703,0.0778,1.1354,0.8582,0.7462,0.622,0.4238,0.2925,156.5628,167.1651,10.4669,1.6416
106.967,3209,,1.118,1.5844,0.0055,4.0576,1.5789,0.3891,1.5458,1.4245,0.8115,0.3916,0.0798,1.1438,0.8678,0.7343,0.613,0.4198,0.3119,156.8958,166.0411,10.7494,1.6516
107.0,3210,,1.1338,1.5955,0.0453,4.0262,1.5501,0.385,1.5553,1.4329,0.8346,0.4161,0.0818,1.1535,0.8798,0.7206,0.5982,0.4185,0.3343,157.5686,165.446,10.9922,1.6752
107.033,3211,,1.1497,1.6032,0.079,3.991,1.5242,0.3819,1.5617,1.4438,0.8555,0.433,0.0831,1.1637,0.8861,0.7061,0.5883,0.4226,0.3499,158.9002,165.3226,11.2367,1.7194
107.067,3212,,1.156,1.6085,0.0524,4.0035,1.5561,0.3887,1.5655,1.4467,0.8652,0.4473,0.0839,1.1664,0.8863,0.7003,0.5814,0.4179,0.3635,161.2522,165.5444,11.5148,1.8095
107.1,3213,,1.1603,1.6132,0.0271,4.0079,1.5861,0.3958,1.5708,1.4511,0.8695,0.4519,0.0845,1.1725,0.8873,0.7013,0.5816,0.4176,0.3674,164.4792,166.3657,11.659,1.9217
107.133,3214,,1.1598,1.6158,0.0029,4.0034,1.6129,0.4029,1.5736,1.4528,0.8668,0.4156,0.0848,1.1758,0.8866,0.7068,0.586,0.4512,0.3308,167.5284,167.9876,11.5575,2.0248
107.167,3215,,1.2081,1.6517,0.08,3.9765,1.5717,0.3952,1.6086,1.4939,0.9223,0.4535,0.08,1.2265,0.9415,0.6863,0.5716,0.4688,0.3735,170.0112,168.9235,11.2585,2.1239
107.2,3216,,0.9386,1.4769,0.0,3.5851,1.4769,0.4119,1.4326,1.2866,0.5905,0.0129,,0.9571,0.6132,0.8421,0.6961,0.5777,,,169.2799,11.3721,1.9117
107.233,3217,,0.9424,1.4791,0.0,3.5345,1.4791,0.4185,1.4381,1.288,0.5967,0.0192,,0.9557,0.6109,0.8414,0.6914,0.5774,,,168.9575,11.1832,2.01
107.267,3218,,0.9359,1.4723,-0.0,3.4766,1.4723,0.4235,1.4343,1.2783,0.5935,0.0181,,0.9453,0.5981,0.8408,0.6849,0.5754,,,168.3777,10.9906,2.0983
107.3,3219,,0.9301,1.4669,0.0,3.4263,1.4669,0.4281,1.4308,1.2719,0.5884,0.0172,,0.9368,0.5907,0.8425,0.6835,0.5712,,,168.2096,9.8221,2.2401
107.333,3220,,0.9247,1.4589,-0.0,3.3813,1.4589,0.4314,1.4229,1.2647,0.5846,0.0142,,0.9225,0.5714,0.8383,0.6801,0.5705,,,168.5813,8.4845,2.3723
107.367,3221,,0.9185,1.4488,0.0,3.3375,1.4488,0.4341,1.4124,1.2565,0.5806,0.0181,,0.9073,0.5467,0.8318,0.6759,0.5625,,,168.4595,7.3791,2.4955
107.4,3222,,1.0738,1.5533,-0.0114,3.5789,1.5647,0.4372,1.5188,1.379,0.7687,0.2773,0.0887,1.0672,0.7408,0.7501,0.6103,0.4914,0.1886,173.5349,167.6611,6.6675,2.7696
107.433,3223,,1.1208,1.5877,0.08,3.5567,1.5077,0.4239,1.5513,1.4161,0.8254,0.3647,0.08,1.1187,0.8001,0.7258,0.5907,0.4607,0.2847,176.2565,166.6307,6.1179,2.8875
107.467,3224,,0.8769,1.4362,-0.0093,3.2842,1.4455,0.4401,1.4049,1.2277,0.5262,-0.0046,,0.8753,0.5194,0.8788,0.7016,0.5308,,,166.911,5.3405,2.821
107.5,3225,,0.8782,1.447,-0.0283,3.3083,1.4753,0.4459,1.4128,1.2382,0.5182,-0.0141,,0.8875,0.5368,0.8947,0.72,0.5323,,,168.4579,5.1863,2.9122
107.533,3226,,0.8917,1.4731,-0.011,3.3438,1.4841,0.4438,1.4368,1.2621,0.5214,-0.0055,,0.9235,0.5711,0.9154,0.7407,0.5269,,,170.0302,5.8395,2.9396
107.567,3227,,0.9181,1.5036,0.0,3.3886,1.5036,0.4437,1.4662,1.2934,0.5428,0.0034,,0.9612,0.6124,0.9233,0.7506,0.5394,,,172.7579,5.5797,2.9121
107.6,3228,,0.9393,1.5175,0.0,3.4027,1.5175,0.446,1.478,1.3093,0.5693,0.0162,,0.9796,0.6388,0.9087,0.74,0.5532,,,175.0079,5.9846,2.7775
107.633,3229,,0.9521,1.5233,0.0,3.3786,1.5233,0.4509,1.4816,1.3278,0.5764,0.0233,,0.995,0.649,0.9051,0.7514,0.5531,,,177.3109,6.5861,2.576
107.667,3230,,0.9442,1.5217,0.0,3.3695,1.5217,0.4516,1.4791,1.3211,0.5673,0.0246,,0.9887,0.6401,0.9119,0.7539,0.5427,,,176.9281,6.2707,2.4941
107.7,3231,,0.9311,1.5179,0.0,3.3454,1.5179,0.4537,1.4731,1.3141,0.5481,0.0255,,0.9844,0.6343,0.925,0.766,0.5226,,,177.9901,5.7039,2.3802
107.733,3232,,0.8827,1.4852,-0.0,3.2506,1.4852,0.4569,1.4337,1.2746,0.4908,-0.0,,0.942,0.5766,0.9429,0.7838,0.4908,,,178.2436,5.1797,2.164
107.767,3233,,0.8661,1.4776,0.0,3.2111,1.4776,0.4602,1.4248,1.2644,0.4678,0.0,,0.933,0.5593,0.9571,0.7966,0.4678,,,177.7728,4.5776,2.0383
107.8,3234,,0.9005,1.495,0.0,3.2147,1.495,0.4651,1.4447,1.2871,0.5138,0.0326,,0.9656,0.6016,0.9309,0.7734,0.4811,,,174.5975,3.7547,2.0096
107.833,3235,,0.9008,1.49,0.0,3.1712,1.49,0.4699,1.4375,1.2848,0.5168,0.036,,0.9641,0.5986,0.9207,0.768,0.4808,,,173.4625,3.212,1.9149
107.867,3236,,0.9013,1.4794,0.0,3.1061,1.4794,0.4763,1.4248,1.2794,0.5231,0.0384,,0.9593,0.5902,0.9017,0.7563,0.4847,,,171.6541,2.8289,1.8275
107.9,3237,,0.8995,1.4688,-0.0,3.0486,1.4688,0.4818,1.4138,1.27,0.5289,0.0392,,0.9502,0.5768,0.8849,0.7411,0.4897,,,170.3679,2.8196,1.7641
107.933,3238,,0.8944,1.4557,0.0,2.9748,1.4557,0.4893,1.4029,1.2598,0.5289,0.043,,0.9408,0.5676,0.874,0.7309,0.4859,,,170.0426,2.7992,1.711
107.967,3239,,0.8881,1.4413,-0.0,2.8967,1.4413,0.4976,1.3887,1.2506,0.5257,0.0474,,0.9308,0.5583,0.8631,0.7249,0.4783,,,168.804,2.3079,1.6739
108.0,3240,,0.8794,1.4222,0.0,2.8065,1.4222,0.5067,1.369,1.2396,0.5192,0.0484,,0.9173,0.5391,0.8499,0.7204,0.4707,,,166.5987,1.8464,1.6377
108.033,3241,,0.8893,1.4079,0.0,2.7308,1.4079,0.5155,1.3562,1.2376,0.541,0.0651,,0.9129,0.5317,0.8152,0.6965,0.4759,,,167.5165,1.9706,1.629
108.067,3242,,0.8638,1.3915,0.0,2.6597,1.3915,0.5232,1.3339,1.2189,0.5087,0.0613,,0.8913,0.513,0.8252,0.7103,0.4474,,,166.2892,1.8723,1.5884
108.1,3243,,0.6967,1.2994,0.0,2.4868,1.2994,0.5225,1.2488,1.0995,0.2938,,,0.7366,0.3334,0.9549,0.8057,,,,,1.8734,1.4009
108.133,3244,,0.6843,1.2852,0.0,2.4033,1.2852,0.5347,1.2358,1.0976,0.2711,,,0.7342,0.3351,0.9647,0.8264,,,,,1.5484,1.3765
108.167,3245,,0.6973,1.2815,0.0,2.3605,1.2815,0.5429,1.2161,1.1046,0.29,0.0,,0.7565,0.362,0.9261,0.8147,0.29,,,158.6382,1.2875,1.3822
108.2,3246,,0.6892,1.2696,-0.0025,2.2981,1.2721,0.5535,1.2177,1.0837,0.2947,-0.0025,,0.7339,0.3417,0.9231,0.789,0.2972,,,159.4295,1.476,1.3504
108.233,3247,,0.7508,1.29,0.0,2.2614,1.29,0.5705,1.2256,1.1243,0.3772,0.0,,0.7978,0.4342,0.8484,0.7471,0.3772,,,164.9515,2.8866,1.4249
108.267,3248,,0.7134,1.2654,-0.0,2.2299,1.2654,0.5675,1.2172,1.0774,0.3494,,,0.7282,0.3588,0.8678,0.7281,,,,,4.02,1.3588
108.3,3249,,0.7188,1.2625,0.0,2.188,1.2625,0.577,1.2198,1.08,0.3576,,,0.7327,0.3716,0.8622,0.7224,,,,,4.3702,1.3653
108.333,3250,,0.7255,1.27,0.0,2.1749,1.27,0.5839,1.2289,1.088,0.363,,,0.7406,0.386,0.8659,0.725,,,,,4.9516,1.3757
108.367,3251,,0.7222,1.2665,0.0,2.1359,1.2665,0.5929,1.2314,1.0903,0.3541,,,0.7364,0.3968,0.8774,0.7362,,,,,5.3478,1.3775
108.4,3252,,0.7164,1.2571,-0.0,2.095,1.2571,0.6001,1.221,1.0835,0.3492,,,0.7115,0.3993,0.8717,0.7343,,,,,5.7336,1.3892
108.433,3253,,0.6944,1.2313,0.0,2.0255,1.2313,0.6079,1.1896,1.0509,0.3379,,,0.673,0.3907,0.8518,0.7131,,,,,4.6305,1.4532
108.467,3254,,0.7047,1.2346,0.0,2.0163,1.2346,0.6123,1.193,1.0463,0.3632,0.3633,,0.6672,0.3976,0.8298,0.6831,-0.0001,,,132.6257,5.5764,1.5001
108.5,3255,,0.7043,1.2244,0.0,1.9774,1.2244,0.6192,1.1875,1.0375,0.3712,0.3792,,0.6475,0.3999,0.8163,0.6663,-0.008,,,130.6111,6.3977,1.4792
108.533,3256,,0.684,1.2063,0.0,1.9341,1.2063,0.6237,1.1692,1.015,0.3531,0.3599,,0.6184,0.3918,0.8162,0.6619,-0.0069,,,130.3417,7.0058,1.4698
108.567,3257,,0.6619,1.1799,0.0,1.8724,1.1799,0.6302,1.1455,0.9918,0.3321,0.3378,,0.5896,0.3799,0.8134,0.6598,-0.0058,,,130.7096,7.3491,1.4417
108.6,3258,,0.4913,1.0438,0.0,1.6639,1.0438,0.6273,1.0047,0.8508,0.1318,,,0.4087,0.5854,0.8729,0.719,,,,,7.9911,1.3832
108.633,3259,,0.4812,1.0366,-0.0169,1.6855,1.0535,0.625,0.9953,0.8336,0.1289,,,0.3762,0.5764,0.8664,0.7047,,,,,10.1282,1.3963
108.667,3260,,0.5334,1.0765,0.0,1.6892,1.0765,0.6373,1.0503,0.8634,0.2035,,,0.4079,0.6416,0.8469,0.66,,,,,11.2625,1.4348
108.7,3261,,0.5471,1.0769,0.0,1.6741,1.0769,0.6432,1.0543,0.871,0.2233,,,0.4072,0.6536,0.831,0.6477,,,,,12.8456,1.5046
108.733,3262,,0.6974,1.087,0.0,1.682,1.087,0.6463,1.0597,0.8744,0.3433,,,0.416,0.6554,0.7164,0.5311,,,,,18.2703,1.5705
108.767,3263,,0.6676,1.0648,0.0,1.6365,1.0648,0.6507,1.0363,0.8505,0.3018,,,0.4075,0.6172,0.7344,0.5487,,,,,14.0171,1.5703
108.8,3264,,0.6539,1.067,-0.0,1.6476,1.067,0.6476,1.0375,0.8349,0.292,,,0.3896,0.5862,0.7456,0.5429,,,,,9.9477,1.5594
108.833,3265,,0.6365,1.0599,0.0,1.6289,1.0599,0.6507,1.0396,0.8177,0.2742,,,0.3794,0.5647,0.7654,0.5434,,,,,8.3956,1.5119
108.867,3266,,0.8028,1.0576,0.0,1.6295,1.0576,0.649,1.0384,0.8028,,,,0.3703,0.5384,,,,,,,,1.4234
108.9,3267,,0.7778,1.0478,0.0,1.6312,1.0478,0.6423,1.034,0.7778,,,,0.3459,0.5033,,,,,,,,1.3173
108.933,3268,,0.7603,1.0443,-0.0,1.6463,1.0443,0.6343,1.0291,0.7603,,,,0.317,0.4534,,,,,,,,1.2025
108.967,3269,,0.7632,1.0514,-0.0,1.6713,1.0514,0.6291,1.036,0.7632,,,,0.3106,0.4378,,,,,,,,1.1618
109.0,3270,,0.5792,1.0445,0.0,1.6721,1.0445,0.6247,1.0283,0.7624,0.2129,,,0.2957,0.4072,0.8154,0.5496,,,,,7.8067,1.1171
109.033,3271,,0.5807,1.0505,0.0,1.7032,1.0505,0.6167,1.0468,0.7639,0.2144,,,0.2887,0.4036,0.8324,0.5494,,,,,10.2487,1.0644
109.067,3272,,0.7629,1.0473,0.0,1.7128,1.0473,0.6114,1.0446,0.7629,,,,0.2852,0.383,,,,,,,,1.03
109.1,3273,,0.7717,1.0557,0.0,1.7449,1.0557,0.605,1.0548,0.7717,,,,0.2826,0.3794,,,,,,,,0.9858
109.133,3274,,0.5758,1.0634,0.0,1.777,1.0634,0.5984,1.0589,0.7724,0.1827,,,0.2731,0.3695,0.8762,0.5896,,,,,28.6651,0.947
109.167,3275,,0.7725,1.0735,0.0,1.8174,1.0735,0.5907,1.0735,0.7725,,,,0.2622,0.3568,,,,,,,,1.0353
109.2,3276,,0.7725,1.0714,0.0,1.8256,1.0714,0.5869,1.0714,0.7725,,,,0.2362,0.3346,,,,,,,,0.9874
109.233,3277,,0.7704,1.0588,0.0,1.8055,1.0588,0.5864,1.0588,0.7704,,,,0.2103,0.3146,,,,,,,,0.9513
109.267,3278,,0.7639,1.0391,0.0,1.7647,1.0391,0.5888,1.0391,0.7639,,,,0.2194,0.3087,,,,,,,,0.9467
109.3,3279,,0.7562,1.027,-0.0,1.7441,1.027,0.5888,1.027,0.7562,,,,0.218,0.2976,,,,,,,,0.9259
109.333,3280,,0.7425,1.0075,0.0,1.7011,1.0075,0.5923,1.0075,0.7425,,,,0.0,,,,,,,,,0.9489
109.367,3281,,0.2097,0.532,0.0,0.8954,0.532,0.5942,0.532,0.2097,,,,,,,,,,,,,0.8033
109.4,3282,,0.2129,0.495,-0.0,0.8087,0.495,0.6121,0.495,0.2129,,,,,,,,,,,,,0.8396
109.433,3283,,,,,,,,,,,,,,,,,,,,,,
109.7,3291,,,,,,,,,,,,,,,,,,,,,,
109.733,3292,,,,,,,,,,,,,,,,,,,,,,
109.767,3293,,,,,,,,,,,,,,,,,,,,,,
