t,frame,posture,h_torso,h_max,h_min,floor_spread,vertical_extent,compactness,h_head,h_shoulder,h_hip,h_knee,h_ankle,h_elbow,h_wrist,head_above_hip,shoulder_above_hip,hip_above_knee,knee_above_ankle,knee_angle,hip_angle,torso_tilt,bbox_aspect
1.3,39,,-0.141,0.0559,-0.387,0.9426,0.4429,0.4698,0.0559,-0.141,,,,,-0.387,,,,,,,,0.2098
1.333,40,,-0.1314,0.0719,-0.4185,1.1266,0.4904,0.4353,0.0719,-0.1314,,,,-0.4185,,,,,,,,,0.1852
1.367,41,,-0.1136,0.1047,-0.407,1.1032,0.5117,0.4638,0.1047,-0.1136,,,,-0.407,,,,,,,,,0.2104
1.4,42,,-0.0873,0.1583,-0.3904,1.0729,0.5487,0.5114,0.1583,-0.0873,,,,-0.3904,,,,,,,,,0.2508
1.433,43,,-0.0663,0.203,-0.387,1.0635,0.59,0.5547,0.203,-0.0663,,,,-0.387,,,,,,,,,0.2865
1.467,44,,-0.0506,0.2411,-0.3843,1.0598,0.6255,0.5902,0.2411,-0.0506,,,,-0.3843,,,,,,,,,0.3158
1.5,45,,-0.0391,0.272,-0.3911,1.0664,0.6631,0.6218,0.272,-0.0391,,,,-0.3911,,,,,,,,,0.3409
1.533,46,,-0.0323,0.3068,-0.4091,1.102,0.7159,0.6496,0.3068,-0.0323,,,,-0.4091,,,,,,,,,0.3671
1.567,47,,-0.0275,0.3299,-0.4464,1.1597,0.7763,0.6694,0.3299,-0.0275,,,,-0.4464,,,,,,,,,0.384
1.6,48,,-0.0406,0.3406,-0.0811,0.6934,0.4217,0.6082,0.3406,-0.0406,,,,,,,,,,,,,0.6133
1.633,49,,-0.0441,0.3547,-0.0881,0.723,0.4428,0.6124,0.3547,-0.0441,,,,,,,,,,,,,0.6111
1.667,50,,0.6264,0.9058,0.0,1.3544,0.9058,0.6688,0.9058,0.6264,,,,0.0,,,,,,,,,0.4825
1.7,51,,0.6502,0.94,0.0,1.4314,0.94,0.6567,0.94,0.6502,,,,0.0,,,,,,,,,0.5275
1.733,52,,0.6778,0.9722,0.0,1.5094,0.9722,0.6441,0.9722,0.6778,,,,0.0,,,,,,,,,0.5638
1.767,53,,0.7096,0.999,0.0,1.5831,0.999,0.631,0.999,0.7096,,,,0.0,,,,,,,,,0.5981
1.8,54,,0.7269,1.0217,0.0,1.6613,1.0217,0.615,1.0217,0.7269,,,,0.0,,,,,,,,,0.6217
1.833,55,,0.7352,1.0337,0.0,1.7215,1.0337,0.6005,1.0337,0.7352,,,,0.0,,,,,,,,,0.6326
1.867,56,,0.7439,1.0484,-0.0,1.7786,1.0484,0.5894,1.0484,0.7439,,,,-0.0,,,,,,,,,0.6506
1.9,57,,0.7425,1.0515,-0.0,1.8151,1.0515,0.5793,1.0515,0.7425,,,,-0.0,,,,,,,,,0.6547
1.933,58,,0.8855,1.1711,0.0,2.0445,1.1711,0.5728,1.1711,0.8855,,,,0.1988,0.0,,,,,,,,0.7298
1.967,59,,0.4274,0.8479,-0.484,2.3074,1.3319,0.5772,0.8393,0.4274,,,,-0.1127,-0.484,,,,,,,,0.7133
2.0,60,,0.9239,1.2066,0.0,2.1346,1.2066,0.5653,1.2066,0.9239,,,,0.4926,0.0,,,,,,,,0.7499
2.033,61,,0.9299,1.2758,0.0,2.3727,1.2758,0.5377,1.2438,0.9299,,,,0.4885,0.0,,,,,,,,0.7787
2.067,62,,0.9406,1.222,-0.0,2.1771,1.222,0.5613,1.222,0.9406,,,,0.4841,-0.0,,,,,,,,0.808
2.1,63,,0.9517,1.2856,0.0,2.3999,1.2856,0.5357,1.255,0.9517,,,,0.4859,0.0,,,,,,,,0.8248
2.133,64,,0.9576,1.2934,0.0,2.4269,1.2934,0.5329,1.2605,0.9576,,,,0.4844,0.0,,,,,,,,0.8419
2.167,65,,0.9577,1.3026,0.0,2.459,1.3026,0.5297,1.2663,0.9577,,,,0.4887,0.0,,,,,,,,0.8643
2.2,66,,0.6129,1.3001,0.0,2.4464,1.3001,0.5314,1.2635,0.9602,0.2657,,,0.4989,0.0,0.9978,0.6945,,,,,6.8759,0.8722
2.233,67,,0.1926,1.0318,-0.3535,2.4347,1.3853,0.569,1.0129,0.6396,-0.2543,,,0.0597,-0.1767,1.2672,0.8939,,,,,4.5713,0.8797
2.267,68,,0.2106,1.0398,-0.3337,2.4177,1.3735,0.5681,1.019,0.6593,-0.2381,,,0.0964,-0.1669,1.2571,0.8973,,,,,2.6818,0.8875
2.3,69,,0.5047,1.2183,-0.0904,2.3973,1.3086,0.5459,1.1824,0.8837,0.1257,,,0.4169,0.1577,1.0568,0.758,,,,,0.6526,0.8991
2.333,70,,0.5059,1.2263,-0.0847,2.4157,1.3109,0.5427,1.1853,0.8865,0.1252,,,0.4307,0.1533,1.06,0.7613,,,,,1.0139,0.9205
2.367,71,,0.5072,1.2239,-0.0865,2.4022,1.3104,0.5455,1.1809,0.8889,0.1255,,,0.436,0.1391,1.0555,0.7634,,,,,2.3148,0.9373
2.4,72,,0.5073,1.1321,-0.0843,2.035,1.2164,0.5978,1.1321,0.8895,0.1251,,,0.4393,0.1401,1.007,0.7643,,,,,3.3718,0.9094
2.433,73,,0.5112,1.2239,-0.0716,2.3683,1.2955,0.547,1.1807,0.8982,0.1241,,,0.4517,0.1618,1.0566,0.7741,,,,,3.4129,0.9917
2.467,74,,0.5096,1.1329,-0.0717,2.0104,1.2046,0.5992,1.1329,0.8965,0.1228,,,0.4559,0.1735,1.0101,0.7737,,,,,4.4254,0.9663
2.5,75,,0.5084,1.1301,-0.0719,1.9981,1.2019,0.6016,1.1301,0.8964,0.1204,,,0.4575,0.1922,1.0097,0.7759,,,,,4.6783,0.9981
2.533,76,,0.5069,1.1271,-0.0754,1.99,1.2025,0.6043,1.1271,0.8956,0.1181,,,0.458,0.2013,1.009,0.7775,,,,,5.1245,1.0295
2.567,77,,0.5051,1.1229,-0.0811,1.9824,1.204,0.6074,1.1229,0.8938,0.1163,,,0.4568,0.2117,1.0066,0.7775,,,,,5.8785,1.055
2.6,78,,0.5036,1.1196,-0.0853,1.9756,1.2049,0.6099,1.1196,0.8913,0.1158,,,0.4563,0.2192,1.0038,0.7756,,,,,6.427,1.079
2.633,79,,0.6052,1.1639,-0.0,1.9722,1.1639,0.5901,1.1639,0.9619,0.2484,,,0.5554,0.3184,0.9154,0.7135,,,,,6.8801,1.1038
2.667,80,,0.6096,1.1682,0.0,1.9903,1.1682,0.5869,1.1659,0.9661,0.253,,,0.5607,0.3348,0.9129,0.7131,,,,,7.4787,1.1413
2.7,81,,0.6096,1.1747,0.0,2.0104,1.1747,0.5843,1.1658,0.9666,0.2526,,,0.5551,0.3429,0.9132,0.714,,,,,7.642,1.1732
2.733,82,,0.6049,1.1796,0.0,2.0312,1.1796,0.5807,1.1627,0.9643,0.2455,,,0.5427,0.3427,0.9172,0.7188,,,,,7.6894,1.2001
2.767,83,,0.5192,1.128,0.0,1.9611,1.128,0.5752,1.124,0.908,0.1304,,,0.4501,0.6139,0.9936,0.7777,,,,,6.6808,1.2424
2.8,84,,0.5267,1.1439,-0.0116,2.0671,1.1555,0.559,1.1292,0.9186,0.1348,,,0.4577,0.297,0.9944,0.7838,,,,,5.616,1.2055
2.833,85,,0.5311,1.1526,0.0,2.0621,1.1526,0.559,1.1343,0.925,0.1372,,,0.4642,0.3154,0.9971,0.7878,,,,,5.0285,1.1854
2.867,86,,0.5331,1.1568,0.0,2.0371,1.1568,0.5679,1.1429,0.9319,0.1342,,,0.4771,0.3377,1.0087,0.7977,,,,,3.8663,1.1813
2.9,87,,0.5353,1.1586,0.0,2.01,1.1586,0.5764,1.153,0.9391,0.1314,,,0.4867,0.3631,1.0216,0.8077,,,,,2.9919,1.1974
2.933,88,,0.5368,1.1744,0.0,2.055,1.1744,0.5715,1.1744,0.949,0.1245,,,0.5024,0.3887,1.0499,0.8246,,,,,3.1521,1.2431
2.967,89,,0.5391,1.1971,0.0,2.1225,1.1971,0.564,1.1971,0.9607,0.1176,,,0.5184,0.3919,1.0795,0.8431,,,,,3.1885,1.2913
3.0,90,,0.5404,1.2188,-0.0,2.1965,1.2188,0.5549,1.2188,0.9686,0.1121,,,0.5227,0.3901,1.1067,0.8565,,,,,3.6101,1.3488
3.033,91,,0.5457,1.2358,-0.0,2.2637,1.2358,0.5459,1.2358,0.9792,0.1122,,,0.5357,0.3764,1.1237,0.867,,,,,3.5883,1.3798
3.067,92,,0.5468,1.2472,0.0,2.3295,1.2472,0.5354,1.2472,0.9811,0.1124,,,0.5411,0.351,1.1348,0.8687,,,,,3.4611,1.4105
3.1,93,,0.5398,1.2577,0.0,2.406,1.2577,0.5227,1.2577,0.9816,0.098,,,0.5444,0.3253,1.1598,0.8836,,,,,2.7873,1.4338
3.133,94,,0.532,1.2698,-0.0,2.4926,1.2698,0.5094,1.2698,0.9792,0.0849,,,0.5374,0.292,1.1849,0.8943,,,,,2.4124,1.4587
3.167,95,,0.5267,1.2749,0.0,2.5507,1.2749,0.4998,1.2749,0.9768,0.0765,,,0.528,0.2785,1.1984,0.9003,,,,,1.7612,1.4644
3.2,96,,0.5287,1.2873,-0.0,2.6158,1.2873,0.4921,1.2873,0.9857,0.0718,,,0.531,0.281,1.2155,0.9139,,,,,0.8423,1.4587
3.233,97,,0.54,1.3106,0.0,2.7007,1.3106,0.4853,1.3106,1.008,0.072,,,0.557,0.3177,1.2386,0.936,,,,,0.1752,1.4797
3.267,98,,0.5447,1.3138,0.0,2.7269,1.3138,0.4818,1.3138,1.0164,0.0729,,,0.5686,0.3323,1.2409,0.9436,,,,,0.9024,1.5017
3.3,99,,0.7383,1.4314,0.0,2.9991,1.4314,0.4773,1.4314,1.1648,0.3118,0.0,,0.7567,0.5509,1.1196,0.853,0.3118,,,162.9803,1.3602,1.7833
3.333,100,,0.8202,1.4569,0.0,3.0536,1.4569,0.4771,1.4569,1.2109,0.4295,0.0506,,0.8256,0.6205,1.0274,0.7815,0.3788,,,151.6526,1.4446,1.8663
3.367,101,,0.7749,1.4415,0.0,3.0571,1.4415,0.4715,1.4415,1.1751,0.3746,0.0088,,0.7801,0.4127,1.0669,0.8005,0.3659,,,147.7856,1.3946,1.9728
3.4,102,,0.7966,1.4465,0.0,3.0804,1.4465,0.4696,1.4465,1.1845,0.4087,0.0367,,0.7808,0.6245,1.0378,0.7758,0.372,,,146.865,1.2785,1.9823
3.433,103,,0.8077,1.4462,0.0,3.0859,1.4462,0.4687,1.4462,1.1865,0.4288,0.0626,,0.7814,0.4064,1.0174,0.7576,0.3663,,,143.6969,0.4451,1.9486
3.467,104,,0.8061,1.4407,-0.0,3.0792,1.4407,0.4679,1.4407,1.1847,0.4274,0.0816,,0.769,0.611,1.0133,0.7573,0.3458,,,141.3169,0.0724,1.9177
3.5,105,,0.803,1.4387,0.0,3.0852,1.4387,0.4663,1.4387,1.1855,0.4205,0.0928,,0.7763,0.3783,1.0181,0.765,0.3278,,,140.7772,0.7528,2.1196
3.533,106,,0.805,1.434,0.0,3.0822,1.434,0.4653,1.434,1.1832,0.4268,0.0981,,0.7763,0.6069,1.0072,0.7563,0.3287,,,139.9413,2.0784,2.1788
3.567,107,,0.8162,1.4381,0.0,3.1013,1.4381,0.4637,1.4381,1.1926,0.4399,0.1077,,0.8115,0.3513,0.9982,0.7527,0.3322,,,140.9497,3.1627,2.3485
3.6,108,,0.8382,1.4504,0.0,3.1476,1.4504,0.4608,1.4504,1.2077,0.4686,0.1004,,0.842,0.3583,0.9817,0.739,0.3683,,,146.97,3.4877,2.5459
3.633,109,,0.8526,1.4616,-0.0,3.1863,1.4616,0.4587,1.4616,1.2227,0.4824,0.057,,0.8545,0.3636,0.9792,0.7403,0.4254,,,154.5041,3.5049,2.6381
3.667,110,,0.8634,1.4675,0.0,3.2076,1.4675,0.4575,1.4675,1.2312,0.4955,0.0265,,0.8652,0.3623,0.972,0.7356,0.4691,,,159.3546,3.9326,2.7707
3.7,111,,0.8999,1.4706,0.0,3.2639,1.4706,0.4506,1.4575,1.2502,0.5496,0.04,,0.8959,0.3454,0.9078,0.7006,0.5096,,,161.3176,4.8094,2.7626
3.733,112,,0.9126,1.4742,-0.0,3.2568,1.4742,0.4527,1.4616,1.2551,0.5701,0.0504,,0.9057,0.7042,0.8915,0.685,0.5197,,,162.3366,5.6948,2.7129
3.767,113,,0.9251,1.4785,-0.0,3.249,1.4785,0.4551,1.4618,1.2583,0.5919,0.0639,,0.9125,0.7051,0.8699,0.6664,0.528,,,162.894,6.4624,2.6833
3.8,114,,0.9335,1.4801,0.0,3.2657,1.4801,0.4532,1.4801,1.2613,0.6056,0.0661,,0.9234,0.7014,0.8745,0.6557,0.5395,,,164.1648,7.004,2.8306
3.833,115,,0.9388,1.4846,0.0,3.2974,1.4846,0.4502,1.4846,1.2726,0.6051,0.0716,,0.9352,0.7023,0.8796,0.6675,0.5335,,,167.099,6.1038,2.6748
3.867,116,,0.9483,1.4922,0.0,3.3429,1.4922,0.4464,1.4922,1.284,0.6126,0.085,,0.9481,0.7158,0.8796,0.6714,0.5276,,,169.8579,5.4812,2.5741
3.9,117,,1.0893,1.6017,0.08,3.5823,1.5217,0.4248,1.6017,1.3995,0.7791,0.3118,0.08,1.0912,0.9025,0.8227,0.6205,0.4672,0.2318,148.5917,172.1704,5.9514,2.3631
3.933,118,,1.0961,1.6064,0.08,3.6256,1.5264,0.421,1.6064,1.4051,0.7872,0.3345,0.08,1.1,0.9181,0.8192,0.6179,0.4527,0.2545,146.9432,171.1286,6.5643,2.3972
3.967,119,,1.0957,1.6609,0.08,4.0647,1.5809,0.3889,1.6353,1.4062,0.7852,0.3407,0.08,1.1034,0.9229,0.8501,0.621,0.4445,0.2607,147.9719,170.692,7.0694,2.5793
4.0,120,,1.129,1.6285,0.0248,3.795,1.6038,0.4226,1.6285,1.4311,0.8269,0.3966,0.0855,1.1326,0.9554,0.8017,0.6042,0.4303,0.3111,156.5265,170.1166,7.3058,2.5868
4.033,121,,1.1272,1.6813,-0.0066,4.2923,1.6879,0.3932,1.6554,1.4288,0.8256,0.4101,0.0806,1.1278,0.95,0.8298,0.6032,0.4155,0.3295,156.1253,167.6176,7.9089,2.6737
4.067,122,,1.1342,1.6794,-0.0183,4.3292,1.6976,0.3921,1.6559,1.4324,0.8361,0.4359,0.0781,1.1292,0.9488,0.8198,0.5962,0.4003,0.3577,157.0401,165.9357,8.3709,2.5632
4.1,123,,1.1382,1.6798,-0.0272,4.3858,1.707,0.3892,1.658,1.4343,0.8421,0.4601,0.0765,1.1304,0.9499,0.8159,0.5923,0.3819,0.3836,161.1801,165.8201,8.7157,2.4385
4.133,124,,1.1398,1.6797,-0.0435,4.4463,1.7232,0.3876,1.6594,1.4392,0.8403,0.4595,0.0745,1.1319,0.9498,0.8191,0.5989,0.3808,0.3849,164.8579,166.1023,8.7672,2.3453
4.167,125,,1.1392,1.6828,-0.058,4.5096,1.7408,0.386,1.6647,1.4456,0.8328,0.4477,0.073,1.1385,0.9556,0.8319,0.6128,0.3852,0.3747,165.514,164.9879,8.4319,2.2925
4.2,126,,1.1418,1.6871,-0.0644,4.5622,1.7516,0.3839,1.6718,1.4525,0.8311,0.4454,0.0725,1.1478,0.9672,0.8408,0.6215,0.3856,0.3729,166.2076,165.7574,7.734,2.2554
4.233,127,,1.1472,1.6909,-0.0722,4.6249,1.7631,0.3812,1.6777,1.4582,0.8361,0.4539,0.0721,1.1505,0.9759,0.8416,0.6221,0.3822,0.3818,167.8454,166.5007,7.3716,2.2411
4.267,128,,1.1475,1.6899,-0.084,4.6564,1.7739,0.381,1.6781,1.4579,0.8371,0.4592,0.0711,1.1542,0.978,0.8411,0.6209,0.3778,0.3881,169.5805,167.5406,7.3308,2.2343
4.3,129,,1.1543,1.6895,-0.0881,4.6767,1.7777,0.3801,1.6796,1.4608,0.8478,0.4699,0.0711,1.1611,0.9825,0.8318,0.6131,0.3779,0.3988,172.3752,169.0223,7.2557,2.2104
4.333,130,,1.1609,1.6908,-0.0917,4.6998,1.7825,0.3793,1.6819,1.4638,0.8579,0.4735,0.0714,1.1706,0.9908,0.824,0.6059,0.3845,0.402,174.2399,169.2871,7.4114,2.2027
4.367,131,,1.1691,1.6952,-0.0857,4.735,1.7809,0.3761,1.6882,1.468,0.8702,0.4828,0.0725,1.1779,1.001,0.8179,0.5978,0.3874,0.4103,175.0218,170.2079,7.4911,2.1927
4.4,132,,1.1771,1.6994,-0.0711,4.7583,1.7705,0.3721,1.6944,1.4751,0.8791,0.4885,0.0746,1.1851,1.0091,0.8153,0.596,0.3906,0.4139,174.8293,171.1886,7.1492,2.193
4.433,133,,1.1847,1.7003,-0.0598,4.7633,1.7601,0.3695,1.6971,1.4808,0.8886,0.4938,0.0759,1.1937,1.0171,0.8085,0.5921,0.3949,0.4179,175.2824,171.7576,6.7267,2.2101
4.467,134,,1.1938,1.7052,-0.0568,4.8068,1.762,0.3666,1.7042,1.4891,0.8984,0.4985,0.0759,1.2054,1.0242,0.8058,0.5907,0.3999,0.4226,173.7375,172.5277,6.1134,2.2568
4.5,135,,1.2029,1.7116,-0.0525,4.8847,1.7642,0.3612,1.7113,1.4955,0.9102,0.5019,0.0762,1.2114,1.0308,0.801,0.5853,0.4084,0.4257,173.2376,173.8303,5.6139,2.3011
4.533,136,,1.2148,1.7219,-0.0399,4.9826,1.7618,0.3536,1.7197,1.5044,0.9251,0.507,0.0768,1.2218,1.0421,0.7946,0.5793,0.4181,0.4302,171.7346,175.9903,5.1907,2.3448
4.567,137,,1.2227,1.7252,-0.0044,5.0367,1.7296,0.3434,1.7222,1.5089,0.9365,0.5198,0.0796,1.2239,1.0456,0.7857,0.5724,0.4167,0.4402,169.6804,175.9079,4.9561,2.3558
4.6,138,,1.2056,1.7132,0.0552,5.0171,1.658,0.3305,1.71,1.4942,0.917,0.528,0.0808,1.2022,1.023,0.7931,0.5772,0.389,0.4471,165.4988,174.9935,4.6014,2.2979
4.633,139,,1.183,1.7003,0.0694,5.0345,1.6309,0.3239,1.6969,1.4751,0.891,0.5229,0.0801,1.1779,0.9984,0.8059,0.584,0.3682,0.4428,164.1122,174.3494,4.3107,2.285
4.667,140,,1.1687,1.6906,0.0569,5.0748,1.6338,0.3219,1.6873,1.4633,0.874,0.52,0.0798,1.1665,0.9873,0.8133,0.5893,0.354,0.4403,163.6809,173.7177,4.0123,2.2929
4.7,141,,1.1585,1.6829,0.0613,5.1098,1.6217,0.3174,1.6796,1.4538,0.8632,0.519,0.08,1.1552,0.9769,0.8164,0.5906,0.3442,0.4389,162.6535,171.4231,4.241,2.2777
4.733,142,,1.1487,1.6759,0.0475,5.1553,1.6284,0.3159,1.6732,1.4455,0.8518,0.5281,0.0801,1.1456,0.9689,0.8214,0.5937,0.3237,0.448,160.5037,168.2277,4.6226,2.2876
4.767,143,,1.1494,1.6744,0.0219,5.2189,1.6525,0.3166,1.6726,1.4461,0.8527,0.5266,0.0799,1.15,0.9762,0.82,0.5934,0.326,0.4468,162.2699,167.6439,4.5293,2.3505
4.8,144,,1.1507,1.6704,0.0023,5.2579,1.6681,0.3173,1.6694,1.4457,0.8556,0.5198,0.0797,1.1512,0.9826,0.8138,0.5902,0.3358,0.4401,164.8476,167.8392,4.5412,2.3951
4.833,145,,1.1547,1.671,-0.0163,5.3169,1.6874,0.3174,1.6706,1.4503,0.859,0.5134,0.0794,1.1564,0.9923,0.8115,0.5913,0.3456,0.434,167.5863,168.1727,4.6167,2.451
4.867,146,,1.152,1.6688,-0.0397,5.3722,1.7085,0.318,1.6687,1.4508,0.8531,0.4995,0.0785,1.1525,0.9935,0.8156,0.5977,0.3536,0.421,170.0333,168.5209,4.7977,2.5133
4.9,147,,1.1478,1.6665,-0.0626,5.4215,1.7291,0.3189,1.6661,1.4486,0.847,0.4881,0.0772,1.1472,0.9947,0.8191,0.6016,0.3589,0.4108,172.8847,168.657,5.2408,2.5536
4.933,148,,1.1435,1.6598,-0.089,5.4469,1.7488,0.3211,1.6593,1.4431,0.844,0.482,0.0752,1.1415,0.9896,0.8153,0.599,0.362,0.4068,176.0792,168.9462,5.8084,2.5778
4.967,149,,1.1427,1.6561,-0.1095,5.4724,1.7656,0.3226,1.6551,1.4414,0.844,0.4838,0.0732,1.1379,0.9831,0.8112,0.5975,0.3602,0.4106,176.5104,169.1147,6.0318,2.6049
5.0,150,,1.1404,1.6543,-0.13,5.5163,1.7843,0.3235,1.6526,1.4398,0.841,0.4797,0.0706,1.1344,0.9744,0.8116,0.5988,0.3613,0.4091,175.8394,168.9107,6.5208,2.6395
5.033,151,,1.1443,1.6523,-0.1361,5.5322,1.7885,0.3233,1.6508,1.4408,0.8478,0.4857,0.0698,1.1374,0.9735,0.803,0.5931,0.362,0.4159,175.1128,168.6687,7.1907,2.673
5.067,152,,1.1465,1.6524,-0.1406,5.5668,1.793,0.3221,1.6503,1.4423,0.8507,0.4867,0.0691,1.1355,0.974,0.7996,0.5916,0.364,0.4176,174.7935,168.9484,7.9706,2.6677
5.1,153,,1.1531,1.6514,-0.1407,5.5705,1.7922,0.3217,1.6488,1.4464,0.8598,0.4934,0.069,1.1389,0.9882,0.789,0.5866,0.3664,0.4244,174.1916,169.4116,8.2581,2.6433
5.133,154,,1.1618,1.6519,-0.1345,5.5794,1.7864,0.3202,1.6489,1.4524,0.8713,0.5019,0.0697,1.1463,0.9977,0.7776,0.5811,0.3694,0.4322,173.8849,169.8848,8.749,2.637
5.167,155,,1.169,1.6504,-0.1198,5.5747,1.7701,0.3175,1.6469,1.4562,0.8818,0.5088,0.0715,1.1532,1.0006,0.7651,0.5744,0.3729,0.4373,173.2503,170.2512,9.043,2.6235
5.2,156,,1.1724,1.6434,-0.1106,5.5481,1.754,0.3161,1.6397,1.4567,0.888,0.504,0.0723,1.1575,1.0139,0.7517,0.5686,0.384,0.4317,172.3385,170.8904,9.0126,2.6084
5.233,157,,1.177,1.6385,-0.0991,5.5242,1.7376,0.3145,1.635,1.4599,0.8942,0.5054,0.0733,1.1607,1.0227,0.7408,0.5657,0.3888,0.4321,172.1226,171.3212,8.7438,2.597
5.267,158,,1.1792,1.6308,-0.08,5.4785,1.7109,0.3123,1.6275,1.4597,0.8987,0.5077,0.075,1.1622,1.0047,0.7288,0.561,0.391,0.4327,171.7538,170.3712,8.23,2.5806
5.3,159,,1.1852,1.6251,-0.0567,5.4354,1.6818,0.3094,1.6213,1.4611,0.9092,0.5166,0.0769,1.1645,0.9873,0.7121,0.5519,0.3926,0.4397,171.3032,169.0683,7.8092,2.5883
5.333,160,,1.1869,1.6195,-0.0382,5.393,1.6578,0.3074,1.6154,1.4618,0.912,0.5178,0.0781,1.1661,0.9263,0.7034,0.5498,0.3942,0.4398,170.5523,168.2044,7.5883,2.5982
5.367,161,,1.1862,1.6124,-0.0202,5.3423,1.6327,0.3056,1.608,1.4602,0.9122,0.5183,0.079,1.1673,0.9644,0.6958,0.548,0.3939,0.4393,169.3461,167.014,7.2351,2.6002
5.4,162,,1.1854,1.6076,-0.0077,5.3078,1.6153,0.3043,1.6023,1.4576,0.9132,0.5206,0.0795,1.1733,0.9187,0.6891,0.5444,0.3927,0.4411,169.0651,166.725,7.108,2.6116
5.433,163,,1.186,1.6023,0.0044,5.2659,1.5979,0.3034,1.5967,1.4563,0.9158,0.5262,0.08,1.177,0.9166,0.6809,0.5405,0.3896,0.4462,169.4499,166.5722,6.8838,2.6308
5.467,164,,1.1822,1.5961,0.0173,5.2217,1.5788,0.3024,1.5894,1.4509,0.9134,0.5307,0.0805,1.1703,0.9148,0.6759,0.5375,0.3827,0.4502,169.928,166.4315,6.5723,2.6519
5.5,165,,1.1779,1.5874,0.0338,5.1559,1.5536,0.3013,1.5802,1.4438,0.912,0.5273,0.0811,1.1674,0.9114,0.6682,0.5318,0.3847,0.4462,171.6854,166.788,6.1116,2.6525
5.533,166,,1.1708,1.5764,0.0511,5.072,1.5252,0.3007,1.569,1.4349,0.9066,0.5219,0.0816,1.1604,0.9053,0.6624,0.5283,0.3847,0.4403,172.7654,166.4406,5.4984,2.6416
5.567,167,,1.1635,1.5646,0.0631,4.9829,1.5015,0.3013,1.5569,1.4269,0.9001,0.518,0.0817,1.1527,0.8976,0.6568,0.5268,0.3821,0.4363,174.1157,166.3423,4.8585,2.6368
5.6,168,,1.1584,1.5544,0.0721,4.9074,1.4822,0.302,1.5471,1.4199,0.8969,0.5148,0.0818,1.146,0.9023,0.6501,0.523,0.3821,0.4331,176.3232,166.9767,4.3957,2.6604
5.633,169,,1.154,1.5457,0.0795,4.8435,1.4662,0.3027,1.5389,1.4134,0.8946,0.5123,0.0816,1.1407,0.8964,0.6443,0.5187,0.3824,0.4306,176.4846,166.8568,3.4491,2.6931
5.667,170,,1.1483,1.5369,0.0795,4.7899,1.4574,0.3043,1.5369,1.4076,0.889,0.5101,0.0815,1.1357,0.8845,0.6479,0.5186,0.3789,0.4286,176.0771,166.8277,2.6045,2.7291
5.7,171,,1.146,1.5277,0.0774,4.7277,1.4503,0.3068,1.5277,1.4036,0.8884,0.5092,0.0815,1.1325,0.8805,0.6393,0.5152,0.3792,0.4277,175.7191,166.1597,1.5206,2.7662
5.733,172,,1.1443,1.5179,0.0781,4.6522,1.4398,0.3095,1.5179,1.3999,0.8886,0.5079,0.0814,1.1322,0.8818,0.6293,0.5113,0.3807,0.4265,175.5553,165.6912,0.5702,2.7787
5.767,173,,1.1438,1.5071,0.0776,4.5708,1.4295,0.3127,1.5071,1.3975,0.8901,0.5095,0.0814,1.1315,0.8748,0.617,0.5074,0.3806,0.4281,175.1086,164.6636,0.561,2.7631
5.8,174,,1.1429,1.4969,0.0789,4.4962,1.4179,0.3154,1.4962,1.3941,0.8917,0.5113,0.0814,1.1304,0.8704,0.6046,0.5024,0.3804,0.4299,174.5928,163.3975,1.9128,2.7375
5.833,175,,1.1437,1.488,0.0797,4.4334,1.4082,0.3176,1.488,1.3914,0.8961,0.5134,0.0814,1.1296,0.865,0.5919,0.4953,0.3826,0.432,174.5946,161.912,3.3601,2.7149
5.867,176,,1.1457,1.4817,0.079,4.3907,1.4028,0.3195,1.4817,1.3898,0.9017,0.5146,0.0814,1.1293,0.8587,0.58,0.4881,0.3871,0.4332,174.9128,160.4704,4.7918,2.7172
5.9,177,,1.1505,1.477,0.0787,4.3575,1.3983,0.3209,1.477,1.3895,0.9116,0.5183,0.0815,1.1294,0.8543,0.5654,0.4779,0.3933,0.4368,175.2185,159.3241,6.1358,2.7086
5.933,178,,1.1551,1.4722,0.0785,4.3233,1.3937,0.3224,1.4573,1.3891,0.9212,0.5218,0.0815,1.1307,0.8493,0.536,0.4678,0.3995,0.4402,175.4023,157.9592,7.5583,2.7004
5.967,179,,1.1587,1.4688,0.0789,4.2978,1.3898,0.3234,1.4688,1.3889,0.9286,0.5249,0.0815,1.1318,0.8435,0.5402,0.4603,0.4037,0.4433,175.608,156.6877,8.8247,2.6895
6.0,180,,1.164,1.4669,0.0784,4.2815,1.3885,0.3243,1.4493,1.3915,0.9365,0.5266,0.0815,1.1357,0.842,0.5128,0.4551,0.4099,0.445,175.6437,155.4938,10.0874,2.7266
6.033,181,,1.167,1.4639,0.0789,4.2601,1.385,0.3251,1.4639,1.3915,0.9425,0.5267,0.0815,1.1362,0.8391,0.5215,0.449,0.4157,0.4452,175.9532,154.0513,11.4828,2.747
6.067,182,,1.1709,1.459,0.0774,4.2283,1.3816,0.3268,1.459,1.3918,0.95,0.5276,0.0816,1.1362,0.8376,0.509,0.4418,0.4224,0.446,176.4217,152.1586,13.1136,2.7934
6.1,183,,1.1714,1.4537,0.0742,4.1993,1.3795,0.3285,1.4537,1.3908,0.9519,0.5274,0.0816,1.137,0.836,0.5018,0.4389,0.4245,0.4458,176.7905,150.3781,14.562,2.7996
6.133,184,,1.175,1.4481,0.0702,4.1732,1.3779,0.3302,1.4481,1.3885,0.9616,0.5296,0.0816,1.1566,0.833,0.4865,0.4269,0.432,0.448,177.0557,147.4813,16.8313,2.7666
6.167,185,,1.1758,1.4427,0.0635,4.1562,1.3792,0.3318,1.4427,1.3847,0.9669,0.5321,0.0815,1.1531,0.828,0.4758,0.4178,0.4348,0.4506,177.2888,145.0805,18.6957,2.7514
6.2,186,,1.1778,1.4387,0.0583,4.1471,1.3804,0.3329,1.4387,1.381,0.9745,0.5358,0.0815,1.1501,0.8238,0.4642,0.4065,0.4387,0.4543,177.134,142.2642,20.8724,2.7362
6.233,187,,1.1775,1.4348,0.0534,4.1347,1.3814,0.3341,1.4348,1.3786,0.9764,0.5351,0.0814,1.147,0.8199,0.4584,0.4022,0.4413,0.4537,176.1338,139.9705,22.5315,2.7332
6.267,188,,1.1785,1.432,0.0514,4.1235,1.3806,0.3348,1.432,1.3766,0.9804,0.5368,0.0814,1.1441,0.8164,0.4516,0.3962,0.4436,0.4554,175.1809,137.4651,24.3932,2.7231
6.3,189,,1.1806,1.4295,0.0514,4.1087,1.3781,0.3354,1.4295,1.3757,0.9855,0.5395,0.0814,1.1427,0.8137,0.444,0.3902,0.446,0.4581,174.1317,134.8859,26.2974,2.7061
6.333,190,,1.1844,1.4269,0.0524,4.0904,1.3745,0.336,1.4269,1.3752,0.9936,0.5417,0.0814,1.1415,0.8116,0.4333,0.3815,0.452,0.4602,173.5295,132.723,28.2059,2.6422
6.367,191,,1.1866,1.425,0.0549,4.074,1.3701,0.3363,1.425,1.3741,0.9992,0.5419,0.0815,1.1405,0.8088,0.4258,0.375,0.4573,0.4604,173.1854,131.0171,29.8159,2.5835
6.4,192,,1.1903,1.4229,0.0559,4.0581,1.367,0.3369,1.4229,1.3724,1.0082,0.5417,0.0815,1.1386,0.8062,0.4147,0.3642,0.4664,0.4602,173.1297,129.5733,31.441,2.5413
6.433,193,,1.1931,1.4169,0.0578,4.0177,1.3591,0.3383,1.4003,1.3709,1.0152,0.5425,0.0816,1.135,0.8003,0.3851,0.3557,0.4727,0.461,172.815,127.5697,33.3347,2.4739
6.467,194,,1.1936,1.4111,0.0589,3.978,1.3522,0.3399,1.3922,1.3693,1.0179,0.5417,0.0816,1.131,0.7953,0.3743,0.3513,0.4762,0.4601,172.4026,126.2363,34.5272,2.4004
6.5,195,,1.1893,1.403,0.0614,3.9244,1.3416,0.3419,1.403,1.3669,1.0117,0.5398,0.0816,1.1264,0.7904,0.3913,0.3552,0.4719,0.4582,172.0168,125.4583,34.9367,2.3777
6.533,196,,1.1858,1.398,0.0619,3.891,1.336,0.3434,1.398,1.3656,1.0059,0.5377,0.0816,1.1224,0.7861,0.3921,0.3597,0.4682,0.4561,171.7395,125.4932,34.7599,2.3452
6.567,197,,1.1839,1.3974,0.062,3.8865,1.3354,0.3436,1.3731,1.3652,1.0026,0.5358,0.0816,1.1177,0.7826,0.3706,0.3626,0.4667,0.4542,172.0638,125.9572,34.6045,2.2822
6.6,198,,1.1827,1.3975,0.0628,3.8876,1.3347,0.3433,1.372,1.366,0.9995,0.535,0.0816,1.1129,0.7792,0.3725,0.3666,0.4645,0.4533,172.3546,126.7797,34.1523,2.2909
6.633,199,,1.1814,1.4002,0.0649,3.9058,1.3353,0.3419,1.3735,1.3674,0.9953,0.5342,0.0816,1.1094,0.7746,0.3782,0.3721,0.4611,0.4526,172.2492,127.4767,33.64,2.2882
6.667,200,,1.1819,1.4038,0.0667,3.9285,1.3371,0.3404,1.3777,1.3717,0.9921,0.5325,0.0817,1.1066,0.8146,0.3857,0.3796,0.4596,0.4508,171.7687,128.3775,32.8407,2.2889
6.7,201,,1.1809,1.4152,0.0696,4.0056,1.3456,0.3359,1.3867,1.3783,0.9836,0.5291,0.0816,1.1056,0.77,0.4031,0.3947,0.4545,0.4475,171.2411,129.7001,31.6206,2.3219
6.733,202,,1.1822,1.4351,0.0718,4.1407,1.3633,0.3292,1.4081,1.3866,0.9777,0.5279,0.0816,1.1195,0.7716,0.4304,0.4088,0.4499,0.4462,170.8164,131.7198,30.0674,2.3047
6.767,203,,1.1832,1.4615,0.0766,4.3326,1.3849,0.3197,1.4344,1.3973,0.969,0.5236,0.0816,1.1046,0.7691,0.4654,0.4283,0.4454,0.442,170.2787,134.3854,27.8584,2.4115
6.8,204,,1.1854,1.4885,0.0798,4.5443,1.4087,0.31,1.4605,1.4084,0.9623,0.5221,0.0815,1.1332,0.7706,0.4982,0.4462,0.4402,0.4406,169.3517,136.6427,25.774,2.5245
6.833,205,,1.186,1.5163,0.0768,4.7729,1.4395,0.3016,1.4886,1.4196,0.9525,0.5221,0.0814,1.1014,0.7743,0.5362,0.4671,0.4304,0.4407,166.5681,137.8194,23.6684,2.6283
6.867,206,,1.1828,1.5371,0.0613,4.9944,1.4759,0.2955,1.5109,1.4254,0.9401,0.5277,0.0809,1.0942,0.7745,0.5708,0.4853,0.4124,0.4468,162.4651,137.179,22.11,2.7032
6.9,207,,1.1807,1.5562,0.0454,5.2226,1.5107,0.2893,1.5334,1.4305,0.9309,0.5321,0.0803,1.0902,0.778,0.6025,0.4996,0.3988,0.4518,159.808,137.4514,20.3962,2.834
6.933,208,,1.1739,1.5633,0.012,5.4136,1.5513,0.2866,1.5424,1.428,0.9197,0.5287,0.0788,1.0756,0.7708,0.6227,0.5083,0.391,0.4499,155.5347,135.8476,19.6583,2.9188
6.967,209,,1.1608,1.5664,-0.0224,5.5747,1.5889,0.285,1.5467,1.421,0.9006,0.5251,0.0765,1.0597,0.7596,0.6461,0.5205,0.3755,0.4486,150.3974,134.4593,18.2931,3.0176
7.0,210,upright,1.1434,1.5641,-0.0706,5.7189,1.6347,0.2858,1.5442,1.4102,0.8766,0.5056,0.0722,1.0371,0.7393,0.6676,0.5336,0.371,0.4335,146.3467,134.3355,16.985,3.1186
7.033,211,upright,1.1453,1.5727,-0.0833,5.8449,1.656,0.2833,1.5497,1.4135,0.877,0.5049,0.0708,1.0331,0.7399,0.6726,0.5365,0.3722,0.4341,146.4082,136.0405,15.6786,3.2189
7.067,212,upright,1.1394,1.574,-0.1062,5.9373,1.6802,0.283,1.5495,1.4109,0.868,0.4953,0.068,1.0221,0.7281,0.6815,0.5429,0.3726,0.4273,147.2595,138.0118,14.3933,3.3239
7.1,213,upright,1.1464,1.5824,-0.1053,6.0119,1.6877,0.2807,1.5572,1.4191,0.8737,0.4943,0.0681,1.0271,0.7373,0.6835,0.5454,0.3794,0.4262,149.5009,140.7954,12.9932,3.4329
7.133,214,upright,1.1519,1.588,-0.1059,6.0687,1.6939,0.2791,1.567,1.4263,0.8775,0.4949,0.0679,1.0315,0.7438,0.6896,0.5488,0.3825,0.4271,151.3288,142.7255,11.7492,3.5476
7.167,215,upright,1.1584,1.5956,-0.1007,6.1301,1.6963,0.2767,1.5778,1.4334,0.8835,0.4975,0.0683,1.0391,0.756,0.6943,0.5499,0.386,0.4292,153.4579,144.4492,10.1362,3.7567
7.2,216,upright,1.1605,1.6019,-0.0987,6.1886,1.7006,0.2748,1.5871,1.4385,0.8825,0.494,0.0685,1.0435,0.7647,0.7046,0.556,0.3885,0.4255,153.25,146.4854,8.0981,4.0383
7.233,217,upright,1.1634,1.6077,-0.0987,6.2567,1.7064,0.2727,1.5947,1.4434,0.8835,0.4921,0.0686,1.0477,0.7713,0.7112,0.5599,0.3914,0.4235,154.015,148.1038,6.2574,4.3518
7.267,218,upright,1.1636,1.6146,-0.0996,6.3357,1.7141,0.2706,1.6001,1.4459,0.8814,0.4857,0.0685,1.1295,0.777,0.7187,0.5645,0.3958,0.4171,155.4191,153.1704,3.2901,4.7835
7.3,219,upright,1.1646,1.6217,-0.1004,6.4169,1.7221,0.2684,1.6048,1.4487,0.8805,0.4801,0.0684,1.1345,0.7846,0.7243,0.5682,0.4004,0.4117,154.7731,158.8599,0.5238,5.3138
7.333,220,upright,1.1653,1.6302,-0.0976,6.502,1.7277,0.2657,1.6105,1.4515,0.879,0.4762,0.0687,1.1404,0.9128,0.7314,0.5725,0.4028,0.4076,154.2891,163.6253,1.6404,6.0438
7.367,221,upright,1.1678,1.6392,-0.094,6.5939,1.7331,0.2628,1.6172,1.4552,0.8803,0.477,0.0691,1.1462,0.9149,0.737,0.575,0.4033,0.4079,154.2488,166.7791,3.0439,6.019
7.4,222,upright,1.1708,1.6475,-0.0894,6.6804,1.7369,0.26,1.6238,1.4594,0.8822,0.4766,0.0697,1.1557,0.9188,0.7416,0.5772,0.4056,0.4069,155.2164,170.6157,4.4287,5.6887
7.433,223,upright,1.1746,1.6561,-0.0866,6.7743,1.7428,0.2573,1.6322,1.4665,0.8828,0.4747,0.07,1.1675,0.9234,0.7494,0.5837,0.408,0.4048,155.7639,173.2182,5.277,5.3995
7.467,224,upright,1.1798,1.6655,-0.0796,6.8695,1.7451,0.254,1.6405,1.4732,0.8865,0.4753,0.0708,1.1769,0.9293,0.7541,0.5867,0.4112,0.4045,156.8552,174.7781,5.8656,5.2285
7.5,225,upright,1.186,1.6729,-0.0693,6.9418,1.7422,0.251,1.6467,1.4799,0.8921,0.4766,0.072,1.1889,0.9367,0.7546,0.5878,0.4155,0.4046,159.6259,175.9264,6.0798,5.0469
7.533,226,upright,1.1919,1.6791,-0.058,7.0029,1.7372,0.2481,1.6555,1.4853,0.8985,0.4807,0.0732,1.1977,0.9418,0.7569,0.5868,0.4178,0.4075,161.8817,176.1191,5.7253,4.7402
7.567,227,upright,1.1944,1.6831,-0.048,7.0518,1.7312,0.2455,1.6598,1.4874,0.9015,0.4834,0.0742,1.2026,0.9471,0.7583,0.5859,0.418,0.4092,162.8612,175.6119,5.1462,4.5983
7.6,228,upright,1.192,1.6853,-0.037,7.0955,1.7224,0.2427,1.6601,1.4851,0.899,0.4821,0.0752,1.2009,0.9454,0.7611,0.5861,0.4168,0.4069,163.727,175.0384,4.5107,4.6326
7.633,229,upright,1.1923,1.6858,-0.0305,7.1177,1.7164,0.2411,1.6615,1.4841,0.9004,0.4836,0.0759,1.2044,0.949,0.761,0.5837,0.4168,0.4078,165.1843,174.8252,4.0103,4.3496
7.667,230,upright,1.1933,1.6864,-0.0236,7.1481,1.71,0.2392,1.6615,1.4837,0.9029,0.4841,0.0766,1.2077,0.9514,0.7587,0.5808,0.4187,0.4076,165.6829,174.4913,3.5753,4.0396
7.7,231,upright,1.1932,1.6889,-0.0174,7.2077,1.7064,0.2367,1.6632,1.4811,0.9053,0.4832,0.0772,1.2104,0.9561,0.7579,0.5757,0.4221,0.406,166.1684,174.3877,3.2422,3.735
7.733,232,upright,1.1921,1.6886,-0.0141,7.2401,1.7027,0.2352,1.6638,1.4781,0.9061,0.4792,0.0776,1.2101,0.9552,0.7577,0.572,0.4269,0.4015,166.8411,174.6473,2.8868,3.4957
7.767,233,upright,1.1932,1.6894,-0.01,7.2705,1.6994,0.2337,1.6654,1.4777,0.9086,0.4809,0.0782,1.2117,0.9563,0.7568,0.5692,0.4277,0.4027,167.7016,174.6674,2.8473,3.3059
7.8,234,upright,1.1937,1.6901,-0.0061,7.3017,1.6962,0.2323,1.6659,1.477,0.9103,0.485,0.0787,1.2134,0.9556,0.7556,0.5667,0.4253,0.4063,168.9139,174.1939,3.0371,3.1484
7.833,235,upright,1.1928,1.6899,-0.0005,7.3218,1.6904,0.2309,1.6655,1.4761,0.9094,0.4877,0.0794,1.2139,0.9524,0.7561,0.5667,0.4217,0.4084,169.8194,173.7394,3.2375,3.0062
7.867,236,upright,1.1928,1.6895,0.0035,7.3311,1.6861,0.23,1.6664,1.4762,0.9094,0.4891,0.0799,1.2137,0.9513,0.757,0.5668,0.4203,0.4092,170.5728,173.3283,3.3794,2.8774
7.9,237,upright,1.1927,1.6894,0.0034,7.346,1.686,0.2295,1.6672,1.4762,0.9093,0.491,0.0802,1.2141,0.9501,0.758,0.5669,0.4183,0.4108,171.3134,173.1698,3.5171,2.7843
7.933,238,upright,1.1917,1.6873,0.0049,7.3359,1.6824,0.2293,1.667,1.4747,0.9087,0.4899,0.0806,1.2123,0.9471,0.7583,0.5661,0.4187,0.4093,171.4226,172.704,3.6147,2.6973
7.967,239,upright,1.1903,1.6848,0.007,7.3149,1.6778,0.2294,1.6657,1.4739,0.9068,0.4892,0.0812,1.2126,0.9451,0.7589,0.5671,0.4175,0.4081,171.379,172.1643,3.7569,2.6104
8.0,240,upright,1.19,1.6823,0.0125,7.2873,1.6697,0.2291,1.6646,1.4729,0.9071,0.4902,0.0818,1.2119,0.9431,0.7576,0.5658,0.4169,0.4084,171.8731,172.0064,3.7097,2.533
8.033,241,upright,1.1882,1.6787,0.0178,7.2538,1.6609,0.229,1.6616,1.4716,0.9048,0.4899,0.0824,1.2103,0.94,0.7568,0.5668,0.4149,0.4075,172.1163,171.6221,3.7651,2.4661
8.067,242,upright,1.1847,1.6762,0.0248,7.2242,1.6514,0.2286,1.6599,1.4695,0.8999,0.4886,0.0831,1.2092,0.9384,0.76,0.5696,0.4114,0.4055,172.5278,171.4204,3.6983,2.3953
8.1,243,upright,1.1821,1.673,0.0291,7.1908,1.6439,0.2286,1.6577,1.4682,0.8959,0.4886,0.0836,1.2076,0.9362,0.7618,0.5723,0.4073,0.4051,173.1835,170.9282,3.83,2.3464
8.133,244,upright,1.1795,1.6706,0.0348,7.1647,1.6357,0.2283,1.6562,1.4658,0.8932,0.4886,0.084,1.2046,0.9317,0.763,0.5726,0.4046,0.4046,173.8728,170.4211,4.2337,2.3025
8.167,245,upright,1.1794,1.6681,0.0378,7.1292,1.6303,0.2287,1.6556,1.4658,0.893,0.4896,0.0843,1.2045,0.9293,0.7626,0.5727,0.4034,0.4054,174.0784,170.0449,4.6319,2.273
8.2,246,upright,1.1801,1.6666,0.0379,7.1044,1.6287,0.2292,1.6555,1.4663,0.8939,0.4908,0.0844,1.2036,0.9266,0.7615,0.5724,0.4031,0.4064,174.7411,169.7145,5.1151,2.2592
8.233,247,upright,1.1796,1.6658,0.0381,7.0943,1.6276,0.2294,1.6575,1.4661,0.8932,0.4895,0.0845,1.2022,0.9223,0.7644,0.5729,0.4036,0.405,175.3189,169.7002,5.7193,2.2542
8.267,248,upright,1.1778,1.6661,0.0382,7.0931,1.6279,0.2295,1.6554,1.4649,0.8906,0.4879,0.0846,1.1992,0.9176,0.7648,0.5743,0.4027,0.4033,175.7941,169.8112,6.331,2.2679
8.3,249,upright,1.1776,1.6662,0.0381,7.091,1.6281,0.2296,1.6545,1.4638,0.8914,0.4868,0.0847,1.1968,0.9145,0.7631,0.5725,0.4046,0.4021,175.9104,170.1284,7.074,2.2993
8.333,250,upright,1.1763,1.6652,0.038,7.0832,1.6272,0.2297,1.6546,1.4632,0.8894,0.4842,0.0847,1.1915,0.9038,0.7652,0.5738,0.4052,0.3995,175.5752,170.2706,7.7889,2.3301
8.367,251,upright,1.1737,1.663,0.0385,7.059,1.6245,0.2301,1.6517,1.4611,0.8864,0.4814,0.0848,1.1837,0.8925,0.7653,0.5746,0.405,0.3966,175.3918,170.193,8.6807,2.3571
8.4,252,upright,1.1704,1.6599,0.0378,7.0247,1.6222,0.2309,1.6458,1.4573,0.8835,0.48,0.0848,1.1715,0.8798,0.7623,0.5738,0.4035,0.3952,175.1938,170.1762,9.3757,2.3836
8.433,253,upright,1.1654,1.6578,0.036,7.002,1.6218,0.2316,1.643,1.4522,0.8787,0.4762,0.0847,1.1598,0.8689,0.7642,0.5735,0.4025,0.3915,175.1285,169.9534,10.299,2.409
8.467,254,upright,1.1626,1.6597,0.0334,7.0242,1.6263,0.2315,1.6451,1.4484,0.8768,0.4733,0.0846,1.1526,0.8591,0.7683,0.5716,0.4035,0.3887,174.7051,169.8727,11.0085,2.4439
8.5,255,upright,1.1594,1.654,0.0326,6.9445,1.6213,0.2335,1.6384,1.4459,0.8728,0.4723,0.0845,1.1505,0.8526,0.7656,0.5731,0.4005,0.3878,173.918,169.4933,11.4137,2.4629
8.533,256,upright,1.1559,1.6519,0.0318,6.9186,1.6201,0.2342,1.6351,1.4427,0.8691,0.4725,0.0843,1.1458,0.8436,0.766,0.5736,0.3966,0.3881,172.8782,168.9031,11.6538,2.4692
8.567,257,upright,1.1555,1.6504,0.0308,6.8951,1.6196,0.2349,1.633,1.4423,0.8687,0.4688,0.0843,1.1453,0.8388,0.7643,0.5736,0.3999,0.3845,172.68,168.5354,12.4197,2.4042
8.6,258,upright,1.1542,1.6493,0.0299,6.8788,1.6194,0.2354,1.6314,1.4411,0.8674,0.4653,0.0842,1.1449,0.8378,0.764,0.5737,0.402,0.3812,172.9214,168.2843,13.101,2.3431
8.633,259,upright,1.1516,1.6561,0.028,6.9635,1.6281,0.2338,1.6348,1.4403,0.8629,0.463,0.0841,1.1432,0.8367,0.7719,0.5774,0.4,0.3789,172.7333,168.4539,13.4973,2.3037
8.667,260,upright,1.1491,1.6552,0.0267,6.9521,1.6285,0.2342,1.6334,1.4394,0.8588,0.4602,0.084,1.1426,0.8366,0.7746,0.5806,0.3986,0.3762,172.6363,168.51,13.9417,2.2577
8.7,261,upright,1.1467,1.6541,0.0256,6.9402,1.6285,0.2347,1.6321,1.4384,0.8549,0.4586,0.0839,1.1413,0.8379,0.7772,0.5835,0.3963,0.3748,172.4256,168.398,14.2996,2.2255
8.733,262,upright,1.1432,1.6422,0.0244,6.7953,1.6178,0.2381,1.6253,1.4363,0.8501,0.458,0.0837,1.1402,0.8393,0.7752,0.5862,0.3922,0.3742,172.2637,168.1339,14.5276,2.1835
8.767,263,upright,1.1412,1.64,0.0244,6.7707,1.6156,0.2386,1.6236,1.435,0.8474,0.4571,0.0836,1.14,0.8419,0.7762,0.5876,0.3903,0.3735,172.1785,168.0131,14.7225,2.1661
8.8,264,upright,1.1402,1.6377,0.0231,6.7449,1.6146,0.2394,1.6221,1.4339,0.8466,0.4564,0.0834,1.1401,0.8438,0.7755,0.5873,0.3902,0.373,172.0673,167.9517,14.6125,2.1563
8.833,265,upright,1.14,1.6365,0.0228,6.7299,1.6137,0.2398,1.6214,1.4339,0.8461,0.4565,0.0833,1.1404,0.8449,0.7753,0.5878,0.3896,0.3732,171.9659,168.0808,14.5287,2.1494
8.867,266,upright,1.1407,1.646,0.0225,6.8493,1.6236,0.237,1.6253,1.4337,0.8476,0.4576,0.0832,1.1416,0.8465,0.7776,0.5861,0.3901,0.3744,172.0546,168.208,14.3244,2.1707
8.9,267,upright,1.1416,1.6444,0.0231,6.8283,1.6213,0.2374,1.6239,1.4339,0.8492,0.4589,0.0831,1.1432,0.8498,0.7746,0.5847,0.3903,0.3758,172.3132,168.4018,14.2207,2.1759
8.933,268,upright,1.1431,1.6325,0.024,6.6783,1.6085,0.2408,1.6186,1.4342,0.8519,0.4609,0.083,1.1454,0.8532,0.7667,0.5823,0.3911,0.3778,172.7752,168.5861,13.9787,2.1657
8.967,269,upright,1.1436,1.6444,0.0246,6.8191,1.6198,0.2375,1.6237,1.4342,0.853,0.4611,0.0829,1.1459,0.8545,0.7707,0.5812,0.3919,0.3782,173.2633,168.8119,13.8612,2.2053
9.0,270,upright,1.1446,1.6456,0.0244,6.83,1.6212,0.2374,1.6244,1.4347,0.8544,0.4614,0.0828,1.1467,0.8562,0.7699,0.5803,0.3931,0.3785,173.8587,169.0898,13.6768,2.2255
9.033,271,,1.1446,1.6326,0.0249,6.6717,1.6077,0.241,1.6187,1.4347,0.8544,0.4618,0.0828,1.1458,0.8555,0.7644,0.5804,0.3926,0.379,174.4823,169.2529,13.5687,2.215
9.067,272,,1.145,1.6455,0.0251,6.829,1.6203,0.2373,1.6244,1.435,0.8551,0.4624,0.0828,1.1454,0.8543,0.7693,0.5799,0.3926,0.3797,174.756,169.3861,13.489,2.2583
9.1,273,,1.146,1.6459,0.0262,6.8357,1.6198,0.237,1.6249,1.4352,0.8567,0.4626,0.0828,1.1461,0.8537,0.7682,0.5785,0.3941,0.3798,175.1099,169.5297,13.4104,2.2839
9.133,274,,1.1475,1.6348,0.0279,6.6986,1.6069,0.2399,1.6202,1.4355,0.8594,0.462,0.0828,1.1469,0.854,0.7608,0.5761,0.3974,0.3792,175.3366,169.4366,13.4114,2.2969
9.167,275,,1.1482,1.636,0.0295,6.7129,1.6065,0.2393,1.6211,1.4359,0.8606,0.4624,0.0829,1.1485,0.8545,0.7605,0.5753,0.3981,0.3796,175.1921,169.2984,13.2165,2.3385
9.2,276,,1.1519,1.6365,0.0307,6.719,1.6058,0.239,1.6216,1.4366,0.8672,0.4648,0.0829,1.1493,0.8543,0.7545,0.5695,0.4024,0.3819,175.2328,169.2746,13.0605,2.3764
9.233,277,,1.1542,1.6494,0.0307,6.8784,1.6187,0.2353,1.6284,1.4384,0.87,0.4662,0.0829,1.15,0.8548,0.7584,0.5685,0.4038,0.3833,175.2252,169.3941,12.8056,2.428
9.267,278,,1.1566,1.6397,0.0309,6.7582,1.6087,0.238,1.6247,1.4401,0.8732,0.4676,0.0829,1.1511,0.8557,0.7515,0.5669,0.4056,0.3847,175.2542,169.3787,12.6284,2.4028
9.3,279,,1.1556,1.6409,0.031,6.7746,1.6099,0.2376,1.6262,1.4408,0.8705,0.4662,0.0829,1.1525,0.8567,0.7558,0.5704,0.4042,0.3833,175.1563,169.2695,12.5209,2.4015
9.333,280,,1.1551,1.642,0.0308,6.7896,1.6111,0.2373,1.628,1.442,0.8683,0.4658,0.0829,1.1534,0.8576,0.7597,0.5737,0.4025,0.3829,175.1026,169.1647,12.3239,2.4022
9.367,281,,1.1557,1.6428,0.0305,6.7996,1.6123,0.2371,1.6296,1.4424,0.869,0.466,0.0829,1.1536,0.8597,0.7605,0.5734,0.403,0.3831,175.1505,169.2224,12.0906,2.4097
9.4,282,,1.1557,1.6438,0.0301,6.8119,1.6137,0.2369,1.631,1.4424,0.869,0.4654,0.0829,1.1541,0.8612,0.762,0.5734,0.4036,0.3825,175.1721,169.096,11.8669,2.4123
9.433,283,,1.1557,1.6452,0.0298,6.8288,1.6154,0.2365,1.6326,1.443,0.8684,0.4644,0.0829,1.1554,0.8634,0.7642,0.5746,0.404,0.3815,175.1306,169.1581,11.647,2.4178
9.467,284,,1.1565,1.647,0.0298,6.8492,1.6172,0.2361,1.6342,1.4443,0.8687,0.4637,0.0829,1.157,0.8658,0.7655,0.5756,0.405,0.3808,175.0637,169.2523,11.464,2.4168
9.5,285,,1.1561,1.6487,0.0303,6.8673,1.6184,0.2357,1.6359,1.4446,0.8676,0.4638,0.0829,1.1583,0.8678,0.7683,0.5771,0.4037,0.3809,175.0797,169.1656,11.4634,2.4068
9.533,286,,1.1577,1.6558,0.0303,6.9562,1.6254,0.2337,1.6405,1.4456,0.8699,0.4646,0.0829,1.1591,0.8686,0.7706,0.5756,0.4053,0.3817,175.0735,169.2066,11.2865,2.4179
9.567,287,,1.1575,1.651,0.0308,6.8959,1.6203,0.235,1.6379,1.4462,0.8689,0.4655,0.0829,1.1597,0.8695,0.769,0.5773,0.4034,0.3826,174.9866,169.175,11.2705,2.3975
9.6,288,,1.1584,1.6512,0.0307,6.8989,1.6205,0.2349,1.6382,1.4468,0.8701,0.4661,0.083,1.1603,0.871,0.7681,0.5767,0.404,0.3831,174.9971,169.1428,11.1668,2.4
9.633,289,,1.1581,1.6523,0.0317,6.9129,1.6206,0.2344,1.639,1.4474,0.8688,0.4661,0.083,1.161,0.8723,0.7703,0.5786,0.4027,0.3831,174.828,169.1497,11.1536,2.4014
9.667,290,,1.1587,1.6577,0.0314,6.9835,1.6264,0.2329,1.643,1.4479,0.8696,0.4667,0.083,1.1617,0.8735,0.7734,0.5782,0.403,0.3837,174.8432,169.1922,11.0977,2.4193
9.7,291,,1.159,1.6545,0.0312,6.9404,1.6233,0.2339,1.641,1.4486,0.8694,0.4671,0.083,1.1635,0.8749,0.7716,0.5792,0.4023,0.3841,174.7029,169.1228,11.1741,2.4148
9.733,292,,1.1591,1.6551,0.0308,6.9489,1.6244,0.2338,1.6417,1.4493,0.8689,0.4679,0.0829,1.1643,0.8754,0.7728,0.5805,0.401,0.385,174.5856,169.0385,11.1992,2.4242
9.767,293,,1.1587,1.6555,0.0305,6.9549,1.625,0.2336,1.642,1.4494,0.868,0.4677,0.0829,1.1643,0.876,0.774,0.5814,0.4003,0.3848,174.557,168.9765,11.2263,2.4317
9.8,294,,1.1583,1.6557,0.0313,6.96,1.6244,0.2334,1.6424,1.449,0.8676,0.4677,0.0829,1.1646,0.8773,0.7748,0.5814,0.3999,0.3848,174.5745,168.8992,11.3075,2.4424
9.833,295,,1.16,1.6591,0.0311,7.0037,1.628,0.2325,1.6463,1.4496,0.8704,0.469,0.0829,1.165,0.8788,0.7759,0.5792,0.4015,0.386,174.6141,168.9308,11.2944,2.468
9.867,296,,1.1598,1.6568,0.0314,6.9724,1.6254,0.2331,1.6439,1.449,0.8705,0.4698,0.083,1.1647,0.8787,0.7734,0.5785,0.4007,0.3868,174.4845,168.7542,11.401,2.4737
9.9,297,,1.1586,1.6569,0.0315,6.9747,1.6253,0.233,1.6443,1.4481,0.8691,0.4689,0.083,1.164,0.878,0.7752,0.579,0.4002,0.3859,174.5131,168.6567,11.5264,2.4863
9.933,298,,1.1577,1.6572,0.0314,6.9795,1.6258,0.2329,1.6446,1.4475,0.868,0.4686,0.0829,1.1628,0.8755,0.7766,0.5795,0.3994,0.3857,174.4467,168.6486,11.603,2.4972
9.967,299,,1.1573,1.6576,0.0309,6.9839,1.6267,0.2329,1.6448,1.4468,0.8677,0.4689,0.0829,1.163,0.8741,0.7771,0.5791,0.3988,0.3859,174.3686,168.6712,11.6637,2.5043
10.0,300,sitting,1.1585,1.6571,0.0307,6.9757,1.6263,0.2331,1.644,1.4468,0.8703,0.4692,0.083,1.1646,0.8738,0.7737,0.5765,0.401,0.3862,174.3738,168.6758,11.7011,2.5007
10.033,301,sitting,1.1604,1.6584,0.0299,6.9914,1.6285,0.2329,1.6464,1.4476,0.8732,0.47,0.083,1.168,0.8757,0.7732,0.5744,0.4032,0.387,174.104,168.7119,11.6429,2.4949
10.067,302,sitting,1.1619,1.6551,0.0316,6.9435,1.6234,0.2338,1.6418,1.4469,0.877,0.4732,0.0831,1.1714,0.8779,0.7648,0.5699,0.4038,0.39,173.4182,168.604,11.6278,2.4589
10.1,303,sitting,1.1608,1.6553,0.0325,6.9494,1.6229,0.2335,1.6414,1.4445,0.8772,0.4739,0.0833,1.1718,0.8794,0.7641,0.5672,0.4033,0.3907,172.6396,168.5298,11.3613,2.4362
10.133,304,sitting,1.1594,1.6446,0.0349,6.8103,1.6097,0.2364,1.6318,1.4397,0.879,0.4766,0.0834,1.1711,0.8797,0.7527,0.5607,0.4024,0.3933,171.7826,168.2595,11.0949,2.3762
10.167,305,sitting,1.1549,1.6326,0.0389,6.6588,1.5937,0.2393,1.6203,1.4312,0.8786,0.4759,0.0835,1.1664,0.8751,0.7417,0.5526,0.4027,0.3924,170.9752,167.6276,10.7027,2.3136
10.2,306,sitting,1.145,1.61,0.0429,6.3795,1.567,0.2456,1.5971,1.4154,0.8746,0.4704,0.0837,1.1585,0.8673,0.7225,0.5408,0.4042,0.3867,170.0395,166.9086,9.812,2.2346
10.233,307,sitting,1.1296,1.5781,0.0459,6.0191,1.5323,0.2546,1.5619,1.3919,0.8674,0.4599,0.0839,1.1482,0.8555,0.6946,0.5245,0.4075,0.376,168.2341,166.0978,8.704,2.1334
10.267,308,sitting,1.1083,1.5532,0.0469,5.7679,1.5062,0.2611,1.526,1.3585,0.8581,0.4517,0.0841,1.1264,0.8329,0.6679,0.5004,0.4064,0.3676,166.2504,165.0609,7.3895,2.0605
10.3,309,sitting,1.0778,1.4938,0.0443,5.2203,1.4495,0.2777,1.4709,1.3131,0.8424,0.4353,0.0841,1.0866,0.789,0.6285,0.4707,0.4071,0.3512,164.3983,163.6784,6.3857,1.914
10.333,310,sitting,1.0427,1.4378,0.0474,4.7451,1.3904,0.293,1.4163,1.2602,0.8252,0.4363,0.0845,1.0378,0.7421,0.591,0.4349,0.389,0.3518,162.1704,161.9598,5.0914,1.775
10.367,311,sitting,1.0032,1.3786,0.0499,4.2915,1.3287,0.3096,1.3575,1.205,0.8015,0.4317,0.0847,0.9844,0.6919,0.556,0.4035,0.3697,0.347,159.8647,160.2789,4.0894,1.6402
10.4,312,sitting,0.9662,1.3131,0.0526,3.8278,1.2605,0.3293,1.2987,1.1582,0.7743,0.4299,0.0848,0.9366,0.6502,0.5244,0.384,0.3444,0.345,157.1124,157.2858,2.5069,1.5139
10.433,313,sitting,0.9267,1.2614,0.0498,3.5174,1.2115,0.3444,1.2463,1.1101,0.7433,0.4125,0.0849,0.8884,0.5965,0.503,0.3668,0.3309,0.3276,155.2964,154.8879,1.5769,1.4339
10.467,314,sitting,0.8881,1.221,0.0515,3.2893,1.1695,0.3556,1.2056,1.063,0.7131,0.3958,0.085,0.8415,0.5432,0.4924,0.3499,0.3174,0.3108,153.4789,153.5649,1.4159,1.3764
10.5,315,sitting,0.8558,1.1904,0.0538,3.1251,1.1365,0.3637,1.1735,1.0261,0.6856,0.3826,0.085,0.7997,0.4982,0.4879,0.3404,0.303,0.2976,151.9827,152.2734,1.6476,1.3401
10.533,316,,0.8331,1.1731,0.0545,3.0567,1.1187,0.366,1.1529,1.0008,0.6653,0.3754,0.0851,0.7633,0.4583,0.4876,0.3355,0.2899,0.2903,151.1781,150.625,2.1806,1.3464
10.567,317,,0.817,1.1438,0.054,2.897,1.0898,0.3762,1.1286,0.9841,0.6499,0.3668,0.0851,0.7363,0.4312,0.4787,0.3342,0.2831,0.2817,150.4835,149.7066,2.6267,1.3228
10.6,318,,0.8105,1.1443,0.0513,2.9215,1.093,0.3741,1.1253,0.9778,0.6432,0.3624,0.0851,0.7215,0.4133,0.4821,0.3346,0.2808,0.2772,150.2729,149.547,2.7474,1.3693
10.633,319,,0.8103,1.1428,0.0498,2.9146,1.093,0.375,1.1253,0.9771,0.6434,0.3654,0.0851,0.7176,0.4146,0.4818,0.3337,0.278,0.2803,149.9397,149.6254,2.8242,1.418
10.667,320,,0.8151,1.1479,0.0491,2.9391,1.0988,0.3738,1.1301,0.981,0.6492,0.3692,0.0852,0.7228,0.4291,0.4809,0.3318,0.28,0.284,150.0186,149.7451,3.1139,1.4803
10.7,321,,0.8199,1.1561,0.0487,2.9775,1.1074,0.3719,1.1382,0.9862,0.6536,0.3713,0.0853,0.7285,0.4468,0.4846,0.3326,0.2824,0.286,149.8697,149.7697,3.5572,1.5573
10.733,322,,0.8242,1.1545,0.0486,2.9601,1.1058,0.3736,1.1415,0.9907,0.6577,0.3719,0.0853,0.7346,0.4612,0.4838,0.333,0.2857,0.2867,150.002,149.9917,3.9899,1.6108
10.767,323,,0.8309,1.1691,0.0488,3.0393,1.1203,0.3686,1.154,0.9982,0.6637,0.3758,0.0853,0.7409,0.4715,0.4902,0.3344,0.2879,0.2905,150.1176,150.5101,4.6903,1.6844
10.8,324,,0.8324,1.1691,0.0488,3.0334,1.1203,0.3693,1.1569,1.0012,0.6637,0.3772,0.0853,0.7448,0.4798,0.4932,0.3375,0.2865,0.2919,149.8328,150.8691,5.5312,1.6842
10.833,325,,0.8303,1.1776,0.0484,3.0818,1.1293,0.3664,1.1637,0.9998,0.6607,0.3744,0.0853,0.7425,0.4797,0.503,0.339,0.2863,0.2891,149.8239,150.8691,6.3543,1.6931
10.867,326,,0.8292,1.1807,0.0492,3.0936,1.1316,0.3658,1.1676,0.9991,0.6593,0.3734,0.0853,0.7413,0.4791,0.5082,0.3398,0.2859,0.2881,149.9383,150.865,6.9973,1.6787
10.9,327,,0.8276,1.1826,0.0477,3.1022,1.1348,0.3658,1.1703,0.9997,0.6555,0.3738,0.0852,0.7397,0.475,0.5148,0.3442,0.2817,0.2886,149.8159,150.7401,7.3725,1.6708
10.933,328,,0.8254,1.1834,0.0472,3.1057,1.1362,0.3658,1.1722,0.9996,0.6511,0.3748,0.0852,0.7368,0.4668,0.5211,0.3485,0.2763,0.2895,149.475,150.577,7.4569,1.6614
10.967,329,,0.8241,1.1849,0.0464,3.1124,1.1385,0.3658,1.1742,1.001,0.6472,0.3753,0.0852,0.7348,0.4603,0.527,0.3538,0.272,0.2901,148.7388,150.7207,7.3595,1.6525
11.0,330,,0.8258,1.1885,0.0472,3.1267,1.1413,0.365,1.178,1.0042,0.6474,0.3704,0.0852,0.7375,0.4589,0.5306,0.3568,0.2771,0.2852,148.1083,151.5695,7.0017,1.632
11.033,331,,0.8307,1.1969,0.0482,3.1666,1.1487,0.3628,1.1833,1.0099,0.6516,0.3666,0.0851,0.7432,0.4621,0.5317,0.3583,0.285,0.2815,147.3793,152.496,6.5903,1.606
11.067,332,,0.8429,1.2128,0.0473,3.2518,1.1656,0.3584,1.2019,1.0272,0.6586,0.3646,0.085,0.7581,0.4726,0.5433,0.3687,0.294,0.2796,146.0113,153.9717,6.0207,1.5972
11.1,333,,0.8603,1.2366,0.0476,3.3767,1.1889,0.3521,1.2247,1.0519,0.6688,0.3632,0.085,0.7827,0.4887,0.5559,0.3831,0.3056,0.2782,144.8414,153.3957,5.3389,1.5976
11.133,334,,0.8832,1.2685,0.0509,3.5469,1.2176,0.3433,1.2574,1.0832,0.6831,0.3685,0.0849,0.8157,0.5161,0.5743,0.4001,0.3146,0.2836,143.5812,152.5779,4.8917,1.6035
11.167,335,,0.9104,1.31,0.0542,3.7847,1.2558,0.3318,1.297,1.1207,0.7,0.3734,0.0849,0.8526,0.5572,0.597,0.4207,0.3266,0.2885,142.7066,152.253,4.6413,1.6322
11.2,336,,0.9405,1.3513,0.0554,4.0439,1.296,0.3205,1.3408,1.1602,0.7208,0.3782,0.0849,0.8924,0.6009,0.6201,0.4395,0.3426,0.2933,143.6757,153.3539,4.7367,1.6731
11.233,337,,0.9749,1.4011,0.0574,4.379,1.3437,0.3069,1.3896,1.2055,0.7444,0.3844,0.0849,0.9369,0.6443,0.6452,0.4612,0.3599,0.2995,145.3504,154.6376,4.8826,1.734
11.267,338,,1.0068,1.448,0.0584,4.7333,1.3895,0.2936,1.4362,1.2471,0.7665,0.3896,0.0849,0.979,0.6835,0.6697,0.4806,0.3769,0.3047,147.3094,156.5966,5.6006,1.8085
11.3,339,,1.036,1.4931,0.057,5.1121,1.4361,0.2809,1.4816,1.2849,0.787,0.396,0.0849,1.0183,0.7263,0.6946,0.4979,0.391,0.3112,149.8056,158.5174,6.2572,1.9016
11.333,340,,1.0665,1.5323,0.0571,5.4712,1.4752,0.2696,1.5212,1.3236,0.8095,0.4044,0.0848,1.0551,0.7679,0.7117,0.5141,0.4051,0.3196,153.2547,160.6266,6.8439,1.9992
11.367,341,,1.0911,1.5698,0.0564,5.8485,1.5134,0.2588,1.5548,1.3571,0.825,0.4152,0.0847,1.0815,0.7979,0.7297,0.532,0.4099,0.3305,157.2085,162.5302,7.3223,2.1014
11.4,342,,1.1135,1.5988,0.0566,6.1675,1.5422,0.25,1.584,1.3862,0.8409,0.4271,0.0847,1.1038,0.8203,0.7431,0.5452,0.4138,0.3425,161.3753,164.7787,7.9888,2.191
11.433,343,,1.1342,1.6222,0.0559,6.4425,1.5663,0.2431,1.6093,1.4086,0.8599,0.44,0.0846,1.1227,0.8358,0.7495,0.5487,0.4199,0.3554,165.446,166.989,8.5285,2.2697
11.467,344,,1.1517,1.637,0.0571,6.628,1.5799,0.2384,1.6239,1.4248,0.8787,0.4526,0.0844,1.1388,0.8506,0.7453,0.5462,0.426,0.3682,169.1503,167.5295,9.3183,2.3361
11.5,345,,1.1582,1.6485,0.0563,6.7856,1.5922,0.2346,1.6361,1.4357,0.8807,0.4598,0.0842,1.1503,0.8602,0.7554,0.555,0.4209,0.3756,170.9789,167.947,9.745,2.4003
11.533,346,,1.1614,1.6511,0.0572,6.8378,1.5939,0.2331,1.641,1.4401,0.8826,0.4655,0.0841,1.1536,0.8614,0.7584,0.5575,0.4171,0.3814,172.9653,168.5236,10.1849,2.4119
11.567,347,,1.1625,1.654,0.0574,6.8863,1.5967,0.2319,1.6435,1.4429,0.8821,0.4659,0.084,1.152,0.8572,0.7613,0.5608,0.4162,0.3819,174.0319,168.9954,10.3997,2.4249
11.6,348,,1.1629,1.6549,0.0571,6.9022,1.5977,0.2315,1.6428,1.4431,0.8826,0.4701,0.0838,1.1481,0.8549,0.7602,0.5604,0.4125,0.3863,174.1104,168.8461,10.5934,2.4386
11.633,349,,1.165,1.6559,0.0568,6.9152,1.5992,0.2313,1.644,1.4449,0.8851,0.4714,0.0837,1.149,0.855,0.7589,0.5599,0.4137,0.3876,174.0606,168.7351,10.8336,2.4499
11.667,350,,1.1662,1.6544,0.0572,6.8971,1.5973,0.2316,1.6428,1.4462,0.8861,0.4712,0.0836,1.15,0.8545,0.7566,0.5601,0.4149,0.3875,174.0998,168.6952,11.0782,2.4525
11.7,351,,1.1672,1.6539,0.0574,6.8915,1.5966,0.2317,1.6421,1.4471,0.8872,0.4707,0.0836,1.1506,0.8558,0.7549,0.5599,0.4165,0.3871,174.1598,168.6664,11.2761,2.4574
11.733,352,,1.1678,1.6517,0.0578,6.8663,1.5939,0.2321,1.6404,1.4475,0.8881,0.4716,0.0836,1.1504,0.8568,0.7522,0.5593,0.4166,0.3879,174.5181,168.7495,11.5084,2.4514
11.767,353,,1.1674,1.6511,0.0574,6.8614,1.5937,0.2323,1.6399,1.4472,0.8875,0.4702,0.0836,1.1512,0.8579,0.7524,0.5598,0.4173,0.3866,175.0139,168.7749,11.6463,2.4486
11.8,354,,1.1661,1.6507,0.0567,6.8622,1.594,0.2323,1.6393,1.447,0.8852,0.4677,0.0835,1.1514,0.8574,0.7541,0.5618,0.4174,0.3842,175.3937,168.9041,11.7982,2.4477
11.833,355,,1.1649,1.651,0.0563,6.8716,1.5947,0.2321,1.6398,1.4469,0.8828,0.4656,0.0835,1.1516,0.8562,0.757,0.5642,0.4171,0.3821,175.8038,169.1007,11.8143,2.4485
11.867,356,,1.1642,1.6522,0.0546,6.89,1.5976,0.2319,1.6406,1.4469,0.8815,0.4651,0.0835,1.151,0.8552,0.7591,0.5654,0.4164,0.3816,176.0686,169.2608,11.7511,2.4564
11.9,357,,1.1653,1.6541,0.0533,6.9146,1.6008,0.2315,1.6421,1.4481,0.8825,0.4657,0.0835,1.151,0.8544,0.7597,0.5656,0.4167,0.3823,175.9414,169.1587,11.7112,2.4672
11.933,358,,1.1647,1.6542,0.0535,6.9178,1.6008,0.2314,1.642,1.4477,0.8816,0.4651,0.0834,1.1503,0.8537,0.7604,0.566,0.4165,0.3817,176.2157,169.2048,11.7629,2.4698
11.967,359,,1.1642,1.6545,0.053,6.9255,1.6015,0.2313,1.6422,1.4476,0.8809,0.4654,0.0834,1.1504,0.8526,0.7613,0.5667,0.4156,0.3819,176.3845,169.3325,11.7522,2.4736
12.0,360,,1.1644,1.6554,0.0537,6.9341,1.6017,0.231,1.6429,1.4475,0.8812,0.4667,0.0834,1.1497,0.8524,0.7616,0.5663,0.4145,0.3833,176.3529,169.1617,11.7362,2.4842
12.033,361,,1.1652,1.6547,0.0538,6.9234,1.6009,0.2312,1.6422,1.4472,0.8831,0.4678,0.0834,1.1501,0.8523,0.7591,0.5641,0.4153,0.3845,176.2187,169.0092,11.698,2.4872
12.067,362,,1.1637,1.6538,0.0529,6.9152,1.601,0.2315,1.6429,1.4453,0.8821,0.4676,0.0834,1.1494,0.8514,0.7608,0.5631,0.4145,0.3842,175.966,169.0214,11.4711,2.4903
12.1,363,,1.1615,1.6502,0.0524,6.8656,1.5978,0.2327,1.6384,1.4417,0.8814,0.4686,0.0834,1.1471,0.8496,0.757,0.5603,0.4128,0.3852,175.3045,168.7676,11.0547,2.4806
12.133,364,,1.1555,1.6362,0.0524,6.6901,1.5838,0.2367,1.6231,1.4325,0.8785,0.4658,0.0835,1.1433,0.8452,0.7447,0.5541,0.4127,0.3823,174.2688,168.0469,10.6606,2.4434
12.167,365,,1.1417,1.6137,0.0503,6.4279,1.5634,0.2432,1.6002,1.4122,0.8713,0.4602,0.0834,1.1314,0.8337,0.7289,0.5409,0.4111,0.3768,172.4048,166.716,10.1296,2.3964
12.2,366,,1.1179,1.5784,0.0498,6.0374,1.5286,0.2532,1.5649,1.3818,0.854,0.45,0.0836,1.1128,0.816,0.7109,0.5278,0.404,0.3664,169.9121,165.1396,9.3499,2.3043
12.233,367,,1.0904,1.532,0.0489,5.5583,1.4831,0.2668,1.5173,1.3402,0.8405,0.4389,0.0837,1.0867,0.7882,0.6768,0.4997,0.4016,0.3552,166.7505,162.9733,8.4662,2.1568
12.267,368,,1.0589,1.4789,0.0467,5.0866,1.4322,0.2816,1.4652,1.2961,0.8217,0.4264,0.0839,1.0559,0.7544,0.6435,0.4743,0.3953,0.3425,163.7248,161.073,7.3014,1.9981
12.3,369,,1.0213,1.4409,0.0456,4.7591,1.3953,0.2932,1.4183,1.251,0.7917,0.4119,0.0841,1.0213,0.7231,0.6266,0.4593,0.3799,0.3277,160.4555,159.1353,6.1217,1.8742
12.333,370,,0.9824,1.3895,0.0439,4.3627,1.3457,0.3084,1.3659,1.201,0.7639,0.3993,0.0843,0.984,0.6948,0.6021,0.4371,0.3646,0.315,158.0508,157.5068,5.0057,1.737
12.367,371,,0.9465,1.335,0.0442,3.9849,1.2908,0.3239,1.3135,1.154,0.739,0.395,0.0844,0.9508,0.6647,0.5745,0.415,0.344,0.3105,155.4039,155.6446,4.17,1.6175
12.4,372,,0.9171,1.2829,0.0462,3.6564,1.2367,0.3382,1.2626,1.114,0.7202,0.3937,0.0847,0.9136,0.6329,0.5424,0.3938,0.3266,0.309,153.6919,153.7349,3.4332,1.5174
12.433,373,,0.8857,1.2394,0.0486,3.4069,1.1908,0.3495,1.2209,1.0755,0.696,0.3872,0.0849,0.8755,0.597,0.5249,0.3795,0.3088,0.3023,151.7235,151.2705,3.5115,1.4424
12.467,374,,0.8586,1.1931,0.0496,3.1583,1.1435,0.3621,1.1812,1.0418,0.6754,0.3805,0.0851,0.8418,0.5655,0.5058,0.3664,0.2949,0.2954,150.6486,149.1811,4.1004,1.3695
12.5,375,,0.8327,1.1745,0.0474,3.0721,1.1271,0.3669,1.1559,1.0135,0.6519,0.3749,0.0852,0.8066,0.5401,0.504,0.3616,0.277,0.2897,149.8567,147.2713,5.2109,1.3567
12.533,376,,0.8169,1.156,0.0457,2.9824,1.1102,0.3723,1.1351,0.9969,0.6369,0.3713,0.0853,0.782,0.5265,0.4982,0.36,0.2656,0.2861,149.3533,146.1164,6.1117,1.3504
12.567,377,,0.8093,1.1409,0.0447,2.912,1.0962,0.3764,1.1203,0.9881,0.6306,0.3706,0.0852,0.7697,0.5178,0.4898,0.3575,0.26,0.2853,149.2385,145.5778,6.6731,1.356
12.6,378,,0.8094,1.1386,0.0449,2.9017,1.0937,0.3769,1.1169,0.9863,0.6325,0.3726,0.0852,0.7655,0.518,0.4844,0.3538,0.2599,0.2874,149.4909,145.6426,6.8267,1.3832
12.633,379,,0.8119,1.14,0.0449,2.9107,1.0951,0.3762,1.1189,0.9889,0.6349,0.3716,0.0851,0.7651,0.5189,0.484,0.354,0.2632,0.2866,149.8818,146.1115,6.894,1.4098
12.667,380,,0.813,1.1435,0.0437,2.9321,1.0998,0.3751,1.1228,0.9905,0.6355,0.3675,0.085,0.7661,0.5194,0.4874,0.355,0.268,0.2825,150.1714,146.3334,7.0212,1.4312
12.7,381,,0.8117,1.1465,0.0417,2.9538,1.1048,0.374,1.1269,0.9915,0.6319,0.362,0.0849,0.7672,0.5173,0.495,0.3596,0.2699,0.2771,149.9562,146.3951,7.1097,1.4406
12.733,382,,0.8102,1.1479,0.0393,2.9705,1.1086,0.3732,1.1289,0.9913,0.629,0.3572,0.0848,0.7646,0.51,0.4998,0.3623,0.2718,0.2724,150.0108,146.5504,7.1757,1.4423
12.767,383,,0.8057,1.1483,0.0393,2.9782,1.109,0.3724,1.1293,0.988,0.6234,0.3518,0.0848,0.7609,0.5026,0.506,0.3647,0.2715,0.2671,149.8266,146.5904,7.3068,1.4404
12.8,384,,0.8002,1.1361,0.04,2.9201,1.096,0.3753,1.1234,0.983,0.6174,0.3452,0.0847,0.7546,0.4945,0.5059,0.3656,0.2723,0.2605,149.3334,146.7148,7.4245,1.4144
12.833,385,,0.7953,1.1448,0.0418,2.9694,1.103,0.3714,1.1267,0.9788,0.6118,0.338,0.0847,0.7478,0.4855,0.5149,0.367,0.2737,0.2534,148.8843,146.8131,7.4798,1.4281
12.867,386,,0.7914,1.1353,0.0449,2.9203,1.0904,0.3734,1.1223,0.9751,0.6077,0.3314,0.0846,0.7422,0.4762,0.5147,0.3675,0.2763,0.2467,148.1139,147.0231,7.6748,1.406
12.9,387,,0.7929,1.1412,0.0478,2.9461,1.0935,0.3712,1.128,0.9769,0.609,0.3269,0.0846,0.7441,0.4745,0.5191,0.3679,0.2821,0.2423,148.1478,147.6173,7.7174,1.4134
12.933,388,,0.7989,1.1559,0.0466,3.018,1.1093,0.3676,1.142,0.9839,0.6138,0.3246,0.0844,0.7515,0.479,0.5281,0.37,0.2892,0.2402,148.4922,148.4873,7.4001,1.4409
12.967,389,,0.8146,1.1794,0.046,3.1337,1.1334,0.3617,1.166,1.0014,0.6278,0.3267,0.0843,0.7639,0.4867,0.5382,0.3736,0.3011,0.2424,149.3661,149.9619,6.5808,1.4806
13.0,390,,0.8332,1.2135,0.0458,3.3126,1.1677,0.3525,1.1988,1.0297,0.6367,0.3266,0.0842,0.7886,0.4973,0.562,0.3929,0.3102,0.2424,149.0196,151.23,5.9789,1.5331
13.033,391,,0.8585,1.2585,0.0454,3.5667,1.2132,0.3401,1.2459,1.0671,0.6499,0.3285,0.0841,0.8211,0.5218,0.596,0.4172,0.3214,0.2444,149.4327,152.6915,5.8881,1.6143
13.067,392,,0.8897,1.3095,0.0475,3.8645,1.2619,0.3265,1.2975,1.1122,0.6671,0.334,0.0841,0.8597,0.5571,0.6304,0.4451,0.3332,0.2498,150.4241,154.5219,5.9376,1.6942
13.1,393,,0.9282,1.3636,0.0507,4.2141,1.3129,0.3116,1.3507,1.1652,0.6911,0.3425,0.0842,0.9076,0.6028,0.6596,0.4741,0.3486,0.2583,152.0707,156.5286,6.1022,1.7986
13.133,394,,0.9663,1.4165,0.0516,4.5944,1.3649,0.2971,1.4029,1.2153,0.7172,0.349,0.0842,0.9514,0.6514,0.6857,0.4981,0.3682,0.2648,154.6888,158.4481,6.4918,1.9232
13.167,395,,1.0058,1.469,0.0503,5.015,1.4187,0.2829,1.4534,1.2614,0.7502,0.3665,0.0842,0.9961,0.6983,0.7032,0.5113,0.3837,0.2823,157.6752,160.2302,6.8775,2.0582
13.2,396,,1.0405,1.5058,0.05,5.3366,1.4558,0.2728,1.4916,1.301,0.7801,0.3863,0.084,1.0356,0.7449,0.7115,0.5208,0.3938,0.3022,160.5903,161.6491,7.6199,2.1626
13.233,397,,1.0726,1.5469,0.0468,5.7327,1.5,0.2617,1.531,1.3389,0.8064,0.4051,0.0839,1.0711,0.7876,0.7246,0.5326,0.4013,0.3211,163.2895,163.1989,8.1234,2.2912
13.267,398,,1.1023,1.5729,0.0451,6.0065,1.5277,0.2543,1.558,1.3707,0.8338,0.4251,0.0838,1.0996,0.8192,0.7242,0.5369,0.4088,0.3412,166.3607,164.6097,8.8979,2.3396
13.3,399,,1.1241,1.5917,0.0447,6.2147,1.547,0.2489,1.578,1.3929,0.8552,0.4395,0.0837,1.1168,0.8429,0.7228,0.5377,0.4157,0.3558,168.715,165.4656,9.4892,2.36
13.333,400,,1.1354,1.6079,0.0444,6.4061,1.5635,0.2441,1.5944,1.4086,0.8621,0.4439,0.0836,1.1303,0.858,0.7323,0.5465,0.4182,0.3602,170.6417,166.2931,10.1867,2.3651
13.367,401,,1.1427,1.6177,0.0453,6.5294,1.5724,0.2408,1.605,1.4183,0.867,0.4478,0.0835,1.1358,0.8635,0.738,0.5513,0.4192,0.3642,171.7981,166.6678,10.524,2.3659
13.4,402,,1.1457,1.6233,0.0457,6.6035,1.5777,0.2389,1.6107,1.4236,0.8679,0.4489,0.0834,1.1404,0.8667,0.7429,0.5557,0.419,0.3654,172.303,166.988,10.7189,2.3666
13.433,403,,1.147,1.6235,0.0461,6.6092,1.5774,0.2387,1.6114,1.4262,0.8679,0.4471,0.0834,1.1423,0.8668,0.7435,0.5582,0.4208,0.3638,172.8254,167.5098,10.7696,2.3659
13.467,404,,1.1477,1.6233,0.0464,6.6049,1.5769,0.2387,1.611,1.4275,0.8679,0.4469,0.0833,1.1423,0.8659,0.7431,0.5596,0.421,0.3636,173.3155,168.0149,10.696,2.3723
13.5,405,,1.1478,1.6219,0.046,6.5923,1.5759,0.2391,1.6097,1.4262,0.8695,0.4509,0.0832,1.1409,0.8637,0.7403,0.5567,0.4185,0.3677,173.7822,168.3206,10.615,2.3847
13.533,406,,1.148,1.6281,0.046,6.6662,1.5821,0.2373,1.6121,1.425,0.8709,0.453,0.0831,1.1387,0.8599,0.7412,0.5541,0.4179,0.3699,174.1376,168.4827,10.4398,2.4159
13.567,407,,1.1472,1.6266,0.0459,6.6503,1.5807,0.2377,1.6109,1.4238,0.8705,0.4556,0.0831,1.1375,0.8579,0.7404,0.5533,0.4149,0.3725,174.4381,168.5795,10.2276,2.4302
13.6,408,,1.1472,1.6196,0.0473,6.567,1.5723,0.2394,1.6068,1.4228,0.8716,0.4593,0.083,1.1344,0.8564,0.7352,0.5512,0.4123,0.3763,174.2976,168.1371,10.0157,2.4353
13.633,409,,1.1487,1.6193,0.0479,6.563,1.5715,0.2394,1.6069,1.4238,0.8735,0.4604,0.083,1.1353,0.8566,0.7333,0.5502,0.4131,0.3774,174.5053,168.1561,10.0807,2.4487
13.667,410,,1.1498,1.6196,0.0481,6.5661,1.5715,0.2393,1.6077,1.4262,0.8734,0.4594,0.083,1.1367,0.8568,0.7343,0.5528,0.414,0.3764,174.9691,168.39,10.0531,2.453
13.7,411,,1.1501,1.6202,0.0491,6.5732,1.5711,0.239,1.6086,1.4281,0.8721,0.4576,0.083,1.1373,0.8568,0.7365,0.556,0.4145,0.3746,175.4667,168.5961,10.0485,2.4577
13.733,412,,1.1519,1.6222,0.0503,6.5948,1.5718,0.2383,1.6105,1.4302,0.8736,0.4584,0.083,1.1381,0.8568,0.7369,0.5566,0.4152,0.3753,175.408,168.4645,10.056,2.4685
13.767,413,,1.1528,1.623,0.0511,6.6069,1.5719,0.2379,1.6115,1.4318,0.8738,0.4579,0.083,1.139,0.857,0.7377,0.558,0.4159,0.3749,175.6176,168.5308,10.0903,2.4788
13.8,414,,1.1538,1.6249,0.0511,6.6288,1.5738,0.2374,1.613,1.4342,0.8733,0.4566,0.083,1.1413,0.858,0.7397,0.5608,0.4167,0.3736,175.7248,168.5711,10.137,2.4908
13.833,415,,1.1536,1.6261,0.0511,6.6441,1.575,0.237,1.6142,1.435,0.8722,0.4557,0.083,1.1423,0.858,0.742,0.5628,0.4165,0.3727,175.7905,168.6827,10.0372,2.4983
13.867,416,,1.1529,1.6367,0.0507,6.7734,1.5861,0.2342,1.6189,1.4353,0.8705,0.4545,0.083,1.1425,0.8577,0.7484,0.5648,0.4159,0.3715,175.8465,168.8155,9.9331,2.5272
13.9,417,,1.1521,1.6352,0.0504,6.7545,1.5847,0.2346,1.6175,1.4336,0.8706,0.4548,0.083,1.1415,0.8559,0.7469,0.563,0.4159,0.3717,175.785,168.8076,9.7345,2.5309
13.933,418,,1.151,1.6328,0.0507,6.7262,1.5821,0.2352,1.6152,1.4305,0.8715,0.4556,0.0831,1.1397,0.8527,0.7438,0.5591,0.4159,0.3725,175.7447,168.7365,9.5789,2.5315
13.967,419,,1.1482,1.6177,0.0522,6.5484,1.5655,0.2391,1.6056,1.4242,0.8723,0.4566,0.0831,1.1351,0.8459,0.7333,0.5519,0.4157,0.3735,175.1689,168.4745,9.4209,2.4959
14.0,420,,1.149,1.6027,0.052,6.3628,1.5506,0.2437,1.5846,1.4174,0.8807,0.4596,0.0831,1.1332,0.8416,0.7039,0.5367,0.4211,0.3765,174.6081,167.6688,9.4628,2.4493
14.033,421,,1.1361,1.5901,0.0527,6.2274,1.5374,0.2469,1.5776,1.3976,0.8747,0.4577,0.0832,1.119,0.8289,0.7029,0.5229,0.417,0.3745,173.196,166.5671,9.324,2.4299
14.067,422,,1.1142,1.574,0.0525,6.056,1.5214,0.2512,1.5545,1.3696,0.8588,0.4508,0.0833,1.0967,0.8054,0.6957,0.5107,0.408,0.3675,171.2783,165.187,9.2157,2.3931
14.1,423,,1.0849,1.5272,0.052,5.5863,1.4752,0.2641,1.5144,1.3347,0.8351,0.4424,0.0834,1.0657,0.7735,0.6793,0.4996,0.3927,0.359,168.8999,163.4032,9.0363,2.2865
14.133,424,,1.0518,1.5009,0.0495,5.3405,1.4514,0.2718,1.4796,1.2981,0.8055,0.4256,0.0835,1.0315,0.734,0.6741,0.4926,0.3799,0.3421,165.9119,161.7841,8.4678,2.2344
14.167,425,,1.017,1.4568,0.0482,4.9562,1.4086,0.2842,1.4361,1.2606,0.7734,0.406,0.0836,0.9919,0.696,0.6627,0.4872,0.3674,0.3224,162.5961,160.1216,7.8394,2.1458
14.2,426,,0.9828,1.4122,0.0504,4.5946,1.3619,0.2964,1.3939,1.2212,0.7443,0.3862,0.0837,0.9478,0.655,0.6496,0.4769,0.3581,0.3025,158.9274,158.5136,7.5002,2.0481
14.233,427,,0.9531,1.373,0.0537,4.2978,1.3194,0.307,1.354,1.1826,0.7236,0.3715,0.0838,0.9114,0.6198,0.6305,0.459,0.3521,0.2877,156.1293,157.4196,7.2612,1.9677
14.267,428,,0.9266,1.3266,0.0561,3.9713,1.2705,0.3199,1.314,1.1497,0.7034,0.3572,0.0839,0.8801,0.5908,0.6105,0.4463,0.3462,0.2734,153.3696,156.4857,6.7938,1.8825
14.3,429,,0.9013,1.3073,0.0581,3.8508,1.2491,0.3244,1.286,1.1177,0.6849,0.3456,0.0839,0.8519,0.5643,0.6011,0.4328,0.3392,0.2617,150.5194,155.4312,6.5343,1.853
14.333,430,,0.8801,1.2771,0.0583,3.6658,1.2189,0.3325,1.2592,1.0888,0.6715,0.3382,0.0839,0.8182,0.5359,0.5877,0.4172,0.3334,0.2543,148.0765,154.0895,6.4839,1.8089
14.367,431,,0.8612,1.2549,0.0603,3.5301,1.1946,0.3384,1.2371,1.0659,0.6564,0.3302,0.084,0.7973,0.5173,0.5807,0.4096,0.3261,0.2463,145.5968,152.5032,6.5441,1.7629
14.4,432,,0.8443,1.2107,0.055,3.2639,1.1558,0.3541,1.1892,1.04,0.6486,0.3198,0.0842,0.77,0.4895,0.5405,0.3914,0.3288,0.2356,140.8423,149.0229,7.1165,1.6624
14.433,433,,0.8423,1.2128,0.0436,3.2978,1.1692,0.3545,1.1951,1.0375,0.6471,0.3214,0.084,0.7665,0.4862,0.548,0.3905,0.3257,0.2374,141.6765,149.1491,7.0907,1.6942
14.467,434,,0.8183,1.1948,0.0574,3.2029,1.1374,0.3551,1.1831,1.0154,0.6212,0.3199,0.0839,0.7391,0.4636,0.5619,0.3943,0.3013,0.236,141.5151,149.2697,7.889,1.6722
14.5,435,,0.8124,1.1957,0.0563,3.213,1.1394,0.3546,1.1821,1.0093,0.6155,0.322,0.0839,0.7311,0.4504,0.5666,0.3939,0.2935,0.2381,141.8791,148.8288,8.3175,1.6922
14.533,436,,0.8129,1.189,0.0564,3.1718,1.1326,0.3571,1.1775,1.0083,0.6175,0.3239,0.084,0.7322,0.4558,0.56,0.3908,0.2936,0.2399,142.7415,148.7895,8.5738,1.6833
14.567,437,,0.8155,1.1942,0.0575,3.203,1.1366,0.3549,1.1817,1.0117,0.6192,0.3258,0.084,0.7375,0.4683,0.5624,0.3925,0.2934,0.2418,143.5609,149.0194,8.8319,1.7063
14.6,438,,0.8194,1.1978,0.0581,3.2212,1.1397,0.3538,1.185,1.0159,0.6228,0.3271,0.0841,0.7404,0.4721,0.5622,0.3932,0.2956,0.2431,144.6377,149.2984,9.1058,1.7192
14.633,439,,0.8204,1.1957,0.057,3.208,1.1387,0.3549,1.184,1.0175,0.6234,0.3277,0.0841,0.7421,0.4745,0.5606,0.3942,0.2956,0.2436,145.5131,149.4163,9.2955,1.7154
14.667,440,,0.8215,1.2048,0.0557,3.2615,1.1491,0.3523,1.1895,1.0198,0.6233,0.3285,0.0842,0.7437,0.4756,0.5662,0.3964,0.2949,0.2443,146.3795,149.4322,9.7599,1.7385
14.7,441,,0.8206,1.1984,0.0561,3.2236,1.1422,0.3543,1.1856,1.0185,0.6227,0.3278,0.0842,0.7423,0.4726,0.5629,0.3957,0.295,0.2436,146.6027,149.608,9.9753,1.7198
14.733,442,,0.8201,1.2058,0.0567,3.2631,1.1491,0.3521,1.1904,1.0173,0.6229,0.3292,0.0841,0.7416,0.4718,0.5676,0.3945,0.2936,0.2451,147.0543,149.8138,9.9166,1.7361
14.767,443,,0.818,1.1992,0.0551,3.2257,1.1441,0.3547,1.1859,1.0147,0.6214,0.3285,0.0841,0.7405,0.4689,0.5645,0.3932,0.2929,0.2445,147.6246,150.0428,9.9582,1.7229
14.8,444,,0.8372,1.2037,0.009,3.2925,1.1947,0.3629,1.1882,1.0272,0.6473,0.3335,0.0829,0.7514,0.4778,0.5409,0.3799,0.3138,0.2506,151.0013,151.7605,8.1815,1.7603
14.833,445,,0.8187,1.203,0.0557,3.2448,1.1472,0.3536,1.1905,1.0156,0.6217,0.3278,0.084,0.74,0.4673,0.5688,0.3938,0.2939,0.2438,148.7909,150.8074,9.7457,1.7314
14.867,446,,0.8207,1.2033,0.0544,3.2438,1.1489,0.3542,1.1909,1.019,0.6224,0.3262,0.084,0.744,0.4704,0.5685,0.3966,0.2963,0.2422,149.8072,151.5374,9.6703,1.722
14.9,447,,0.8255,1.2116,0.0535,3.2889,1.1581,0.3521,1.1994,1.0261,0.6249,0.3243,0.0839,0.7508,0.4747,0.5745,0.4012,0.3006,0.2404,149.2835,152.8845,9.457,1.7255
14.933,448,,0.8372,1.2285,0.0535,3.3793,1.175,0.3477,1.2164,1.0414,0.633,0.3241,0.0839,0.7657,0.4852,0.5834,0.4084,0.3089,0.2402,147.0971,154.7105,9.1025,1.7356
14.967,449,,0.8555,1.255,0.0543,3.5272,1.2007,0.3404,1.2433,1.0671,0.6438,0.3235,0.0839,0.7926,0.5113,0.5995,0.4233,0.3203,0.2396,145.159,156.914,8.8609,1.7462
15.0,450,,0.8809,1.2919,0.0543,3.741,1.2376,0.3308,1.2792,1.1031,0.6588,0.326,0.0839,0.8286,0.5464,0.6204,0.4443,0.3327,0.2422,144.6566,157.3863,8.7929,1.7673
15.033,451,,0.9127,1.3366,0.0571,4.0144,1.2795,0.3187,1.3236,1.1463,0.6792,0.3344,0.0839,0.8706,0.589,0.6444,0.4671,0.3448,0.2505,144.0673,157.1605,8.603,1.8079
15.067,452,,0.9434,1.395,0.0578,4.4211,1.3371,0.3024,1.3759,1.1875,0.6994,0.3413,0.0839,0.9144,0.6301,0.6766,0.4881,0.3581,0.2574,145.7263,158.3832,8.8167,1.8895
15.1,453,,0.9791,1.43,0.0583,4.6805,1.3717,0.2931,1.4178,1.2332,0.7249,0.3529,0.084,0.9603,0.6742,0.6928,0.5083,0.3721,0.2689,148.5527,160.1556,9.2562,1.9332
15.133,454,,1.0183,1.4922,0.0574,5.1994,1.4348,0.276,1.4736,1.279,0.7576,0.3725,0.084,1.0105,0.7183,0.716,0.5214,0.3851,0.2885,152.7648,162.4669,9.8742,2.033
15.167,455,,1.0532,1.5325,0.0551,5.5736,1.4774,0.2651,1.5175,1.3197,0.7866,0.3905,0.084,1.0489,0.7622,0.7309,0.5331,0.3961,0.3066,156.8879,164.5994,10.4914,2.1056
15.2,456,,1.09,1.5656,0.0533,5.9091,1.5123,0.2559,1.5507,1.3588,0.8213,0.4122,0.0839,1.0838,0.7992,0.7294,0.5375,0.4091,0.3283,161.6382,165.2825,10.9905,2.1787
15.233,457,,1.1194,1.5993,0.053,6.2783,1.5463,0.2463,1.5842,1.3887,0.8501,0.4333,0.0838,1.1087,0.8301,0.7342,0.5386,0.4168,0.3495,165.2174,165.7248,11.1476,2.256
15.267,458,,1.1397,1.6244,0.0531,6.5749,1.5713,0.239,1.6093,1.4124,0.8671,0.4514,0.0837,1.1295,0.851,0.7422,0.5453,0.4157,0.3677,168.178,166.2428,11.2523,2.3161
15.3,459,,1.1535,1.6425,0.0519,6.8071,1.5906,0.2337,1.6282,1.4305,0.8765,0.4624,0.0835,1.147,0.8651,0.7517,0.554,0.4141,0.3789,170.4415,166.8516,11.5236,2.3704
15.333,460,,1.1566,1.6533,0.0502,6.958,1.6031,0.2304,1.6421,1.442,0.8712,0.4629,0.0833,1.156,0.8733,0.771,0.5709,0.4083,0.3796,172.2613,168.1225,11.8165,2.4039
15.367,461,,1.157,1.6572,0.0514,7.0225,1.6058,0.2287,1.6471,1.4452,0.8688,0.4624,0.0832,1.1579,0.874,0.7783,0.5763,0.4064,0.3792,174.118,168.7654,12.1778,2.4101
15.4,462,,1.1562,1.6595,0.0524,7.0626,1.6071,0.2275,1.6497,1.4449,0.8675,0.4606,0.0831,1.1566,0.8719,0.7822,0.5774,0.4069,0.3775,175.2798,169.3178,12.469,2.4147
15.433,463,,1.154,1.6596,0.0531,7.0733,1.6065,0.2271,1.6479,1.4433,0.8647,0.4575,0.0831,1.1528,0.8677,0.7832,0.5786,0.4072,0.3744,175.8856,169.5842,12.6907,2.4101
15.467,464,,1.1514,1.6593,0.0533,7.0757,1.606,0.227,1.6473,1.4415,0.8614,0.4554,0.083,1.1498,0.8635,0.7859,0.5801,0.4059,0.3724,176.3082,169.5934,13.0558,2.4093
15.5,465,,1.1495,1.6578,0.0528,7.0586,1.605,0.2274,1.646,1.4395,0.8594,0.4547,0.083,1.1467,0.8605,0.7866,0.5801,0.4048,0.3717,176.3285,169.673,13.368,2.4054
15.533,466,,1.1488,1.6579,0.0521,7.063,1.6058,0.2274,1.6452,1.4385,0.8591,0.4554,0.083,1.1445,0.8573,0.7861,0.5794,0.4037,0.3724,176.2405,169.703,13.634,2.4022
15.567,467,,1.1504,1.6583,0.0517,7.0682,1.6066,0.2273,1.6451,1.4385,0.8622,0.4563,0.0829,1.1443,0.8557,0.7829,0.5762,0.406,0.3733,175.8788,169.3109,13.8322,2.4023
15.6,468,,1.1499,1.6582,0.0533,7.0712,1.6049,0.227,1.6447,1.4376,0.8622,0.4549,0.0829,1.1416,0.8528,0.7826,0.5754,0.4073,0.372,175.8494,169.003,13.6993,2.3986
15.633,469,,1.1503,1.6592,0.0536,7.0812,1.6056,0.2267,1.6455,1.438,0.8626,0.4563,0.0829,1.1413,0.8514,0.7829,0.5754,0.4063,0.3735,176.0418,168.8419,13.6395,2.4004
15.667,470,,1.1513,1.6603,0.0532,7.0936,1.6071,0.2266,1.646,1.4388,0.8639,0.4555,0.0829,1.1427,0.8509,0.7821,0.5749,0.4084,0.3726,175.9585,168.723,13.743,2.3992
15.7,471,,1.1498,1.6606,0.052,7.0996,1.6086,0.2266,1.6463,1.4389,0.8606,0.453,0.0828,1.1429,0.8507,0.7857,0.5783,0.4076,0.3702,176.0674,169.0372,13.8285,2.3989
15.733,472,,1.1489,1.6609,0.0511,7.1055,1.6099,0.2266,1.6487,1.4392,0.8585,0.4511,0.0829,1.1428,0.8496,0.7902,0.5807,0.4074,0.3683,176.1735,169.3287,13.8856,2.3975
15.767,473,,1.1485,1.6606,0.0502,7.1031,1.6104,0.2267,1.6484,1.4391,0.8578,0.4499,0.0828,1.1424,0.8486,0.7906,0.5813,0.4079,0.3671,176.2891,169.5649,13.9394,2.3948
15.8,474,,1.1478,1.6608,0.0497,7.1065,1.6111,0.2267,1.6481,1.4388,0.8569,0.4487,0.0828,1.1418,0.8476,0.7912,0.5819,0.4082,0.3658,176.337,169.7261,13.9427,2.3928
15.833,475,,1.146,1.6607,0.0492,7.1049,1.6116,0.2268,1.6481,1.4383,0.8537,0.4466,0.0828,1.1406,0.8471,0.7943,0.5846,0.4072,0.3637,176.4327,169.8359,13.9602,2.3911
15.867,476,,1.1441,1.66,0.0483,7.0963,1.6117,0.2271,1.6477,1.4378,0.8504,0.4442,0.0828,1.1401,0.847,0.7973,0.5875,0.4062,0.3614,176.4941,169.9363,14.0215,2.3919
15.9,477,,1.1438,1.6589,0.0483,7.0829,1.6106,0.2274,1.6468,1.4376,0.8501,0.444,0.0828,1.1395,0.8464,0.7968,0.5875,0.406,0.3612,176.5385,169.9735,14.0621,2.3918
15.933,478,,1.1438,1.6585,0.0475,7.0774,1.611,0.2276,1.6465,1.4377,0.8499,0.4433,0.0828,1.1393,0.8462,0.7966,0.5878,0.4066,0.3605,176.4442,169.9659,14.0379,2.3935
15.967,479,,1.1428,1.6567,0.0471,7.0588,1.6097,0.228,1.6427,1.4366,0.849,0.4423,0.0828,1.1376,0.8443,0.7936,0.5875,0.4068,0.3595,176.3633,169.8271,13.9215,2.3939
16.0,480,,1.1433,1.6538,0.0482,7.0168,1.6056,0.2288,1.6397,1.4345,0.8521,0.4449,0.0828,1.1356,0.8424,0.7876,0.5824,0.4071,0.3622,175.9491,169.3142,13.6697,2.3901
16.033,481,,1.1407,1.6484,0.0482,6.9428,1.6002,0.2305,1.6334,1.4288,0.8526,0.4454,0.0828,1.131,0.8383,0.7807,0.5762,0.4073,0.3626,175.3564,168.6891,13.3775,2.3908
16.067,482,,1.1317,1.6359,0.0466,6.7864,1.5892,0.2342,1.6229,1.4185,0.845,0.4433,0.0828,1.1239,0.8294,0.7779,0.5734,0.4018,0.3604,174.4476,167.934,12.9136,2.3864
16.1,483,,1.1182,1.6163,0.0468,6.5464,1.5695,0.2397,1.5995,1.3995,0.837,0.4383,0.0829,1.1099,0.8139,0.7625,0.5625,0.3987,0.3554,172.3711,166.5196,12.3692,2.3491
16.133,484,,1.0935,1.5912,0.0469,6.2575,1.5443,0.2468,1.5757,1.3727,0.8144,0.4262,0.083,1.0911,0.7886,0.7614,0.5583,0.3881,0.3432,170.0011,165.1879,11.6756,2.3017
16.167,485,,1.067,1.5586,0.0466,5.9021,1.512,0.2562,1.5416,1.3409,0.7931,0.4114,0.0832,1.0621,0.7573,0.7485,0.5479,0.3816,0.3282,167.8316,163.8231,10.9921,2.2419
16.2,486,,1.034,1.5077,0.0455,5.3975,1.4622,0.2709,1.4946,1.3014,0.7665,0.3906,0.0834,1.0219,0.7188,0.728,0.5349,0.3759,0.3072,165.0621,162.0976,10.233,2.1553
16.233,487,,0.999,1.478,0.0467,5.1243,1.4313,0.2793,1.4563,1.2604,0.7377,0.3704,0.0836,0.9784,0.6734,0.7187,0.5227,0.3673,0.2868,162.1113,160.4223,9.4363,2.1059
16.267,488,,0.9703,1.4174,0.0493,4.6173,1.3681,0.2963,1.4034,1.2193,0.7213,0.3556,0.0838,0.934,0.6325,0.6821,0.498,0.3657,0.2718,159.4577,159.0543,9.031,1.9906
16.3,489,,0.9402,1.3781,0.0551,4.3123,1.3231,0.3068,1.3635,1.1787,0.7016,0.3458,0.084,0.8975,0.5973,0.6618,0.4771,0.3559,0.2617,155.7034,157.1764,8.3305,1.9164
16.333,490,,0.9089,1.3361,0.0566,4.0177,1.2795,0.3185,1.3193,1.1407,0.6772,0.3394,0.0842,0.8611,0.5612,0.6421,0.4635,0.3378,0.2552,152.0747,155.1163,7.965,1.8417
16.367,491,,0.8782,1.2943,0.0569,3.7503,1.2374,0.3299,1.2784,1.1012,0.6552,0.3342,0.0843,0.8205,0.5211,0.6232,0.446,0.321,0.2499,149.4086,153.2367,7.8085,1.7662
16.4,492,,0.8611,1.1802,0.0286,3.1064,1.1517,0.3707,1.1802,1.0622,0.6601,0.3355,0.0838,0.7791,0.4814,0.5201,0.402,0.3247,0.2516,146.6331,150.9827,6.8793,1.5668
16.433,493,,0.8526,1.2154,0.0281,3.2987,1.1873,0.3599,1.2001,1.0506,0.6546,0.3308,0.0838,0.7684,0.4692,0.5455,0.3961,0.3238,0.247,146.2836,150.8621,7.0313,1.6226
16.467,494,,0.8095,1.1826,0.0621,3.1059,1.1204,0.3607,1.1693,1.0046,0.6145,0.3202,0.0841,0.7207,0.4222,0.5549,0.3901,0.2943,0.2361,143.747,149.5696,8.3498,1.5462
16.5,495,,0.7998,1.1672,0.0612,3.0478,1.106,0.3629,1.1556,0.9922,0.6075,0.3183,0.0841,0.7056,0.4044,0.5481,0.3847,0.2892,0.2342,143.7342,149.1412,8.8468,1.5448
16.533,496,,0.7989,1.1624,0.0593,3.0266,1.1031,0.3645,1.1478,0.9886,0.6092,0.3191,0.0841,0.7029,0.4005,0.5385,0.3794,0.2902,0.235,144.8641,149.2264,8.9191,1.5649
16.567,497,,0.8016,1.1605,0.0581,3.0199,1.1025,0.3651,1.1457,0.9897,0.6136,0.3236,0.0841,0.7056,0.4074,0.5321,0.3761,0.29,0.2395,145.7392,149.2657,8.8122,1.592
16.6,498,,0.8053,1.1609,0.056,3.0223,1.1048,0.3655,1.1465,0.9933,0.6172,0.3273,0.0842,0.7118,0.4175,0.5293,0.3761,0.29,0.2431,146.6269,149.1955,8.6011,1.6287
16.633,499,,0.8066,1.1607,0.0546,3.0206,1.1061,0.3662,1.1466,0.9945,0.6187,0.3284,0.0842,0.717,0.4306,0.5279,0.3759,0.2903,0.2441,147.2791,149.1095,8.471,1.6672
16.667,500,,0.8062,1.1594,0.0529,3.0198,1.1065,0.3664,1.1458,0.9933,0.6191,0.3284,0.0843,0.7179,0.433,0.5266,0.3742,0.2908,0.2441,148.2187,149.1764,8.3195,1.6827
16.7,501,,0.8035,1.1559,0.0512,3.0068,1.1047,0.3674,1.1425,0.9897,0.6174,0.3267,0.0843,0.7135,0.4276,0.5251,0.3722,0.2907,0.2425,148.9691,149.4226,8.1792,1.6665
16.733,502,,0.7986,1.1522,0.0514,2.9919,1.1008,0.3679,1.1383,0.9835,0.6137,0.3239,0.0843,0.7064,0.4172,0.5246,0.3698,0.2898,0.2396,149.3707,149.6834,7.8528,1.6195
16.767,503,,0.7954,1.1507,0.0506,2.9849,1.1001,0.3686,1.1369,0.9806,0.6102,0.3227,0.0842,0.7041,0.4133,0.5267,0.3704,0.2875,0.2384,149.4096,149.7225,7.6845,1.5814
16.8,504,,0.7911,1.1445,0.0496,2.9542,1.0949,0.3706,1.1329,0.9764,0.6059,0.3193,0.0841,0.7022,0.4116,0.5271,0.3706,0.2865,0.2353,148.5786,149.6887,7.1994,1.5212
16.833,505,,0.7928,1.1483,0.0528,2.9674,1.0955,0.3692,1.1366,0.9778,0.6079,0.3191,0.084,0.7046,0.414,0.5287,0.3699,0.2888,0.2351,148.5525,150.1567,6.4167,1.4558
16.867,506,,0.7969,1.1538,0.0544,2.9914,1.0994,0.3675,1.1422,0.9822,0.6115,0.318,0.0838,0.7119,0.4205,0.5307,0.3707,0.2936,0.2341,149.127,151.0731,5.8405,1.3796
16.9,507,,0.8026,1.165,0.056,3.0433,1.109,0.3644,1.1523,0.9892,0.616,0.317,0.0837,0.7277,0.4354,0.5363,0.3732,0.299,0.2333,148.5984,151.9777,5.171,1.3245
16.933,508,,0.8151,1.1853,0.0549,3.1436,1.1304,0.3596,1.1724,1.0075,0.6226,0.3201,0.0837,0.7576,0.4634,0.5498,0.3849,0.3025,0.2364,147.6102,151.5111,4.8525,1.294
16.967,509,,0.8324,1.2182,0.0511,3.3206,1.167,0.3515,1.2053,1.0339,0.6309,0.3228,0.0836,0.7939,0.5024,0.5744,0.403,0.3081,0.2392,147.0195,151.3069,4.6194,1.3145
17.0,510,upright,0.8567,1.2564,0.0488,3.5334,1.2076,0.3418,1.244,1.0709,0.6426,0.3244,0.0836,0.8328,0.5402,0.6014,0.4283,0.3182,0.2408,147.4476,152.0974,4.6586,1.3493
17.033,511,upright,0.8892,1.3028,0.0454,3.8101,1.2574,0.33,1.2888,1.1152,0.6632,0.3276,0.0835,0.8749,0.5817,0.6256,0.452,0.3356,0.2441,148.6917,153.6546,4.8939,1.4067
17.067,512,upright,0.9264,1.3496,0.045,4.1036,1.3046,0.3179,1.3342,1.1624,0.6903,0.3341,0.0835,0.9174,0.6255,0.6439,0.4721,0.3562,0.2506,150.2204,155.4596,5.3892,1.4753
17.1,513,upright,0.9599,1.4006,0.0444,4.4589,1.3562,0.3042,1.3837,1.2092,0.7105,0.3407,0.0835,0.9599,0.6654,0.6732,0.4987,0.3698,0.2572,152.5189,158.1732,6.5509,1.5543
17.133,514,upright,0.9917,1.4472,0.0446,4.8177,1.4026,0.2911,1.4316,1.2519,0.7316,0.3505,0.0835,1.0003,0.7062,0.7,0.5203,0.3811,0.267,155.2475,160.737,7.6451,1.6591
17.167,515,upright,1.0263,1.4912,0.0445,5.1888,1.4467,0.2788,1.4759,1.2949,0.7577,0.3666,0.0835,1.0342,0.7396,0.7181,0.5372,0.3911,0.2831,158.5571,163.2183,8.635,1.7891
17.2,516,upright,1.0615,1.5295,0.0456,5.5452,1.4839,0.2676,1.5152,1.3324,0.7906,0.3857,0.0835,1.0648,0.7767,0.7247,0.5418,0.4048,0.3023,161.6344,164.2603,9.2938,1.9484
17.233,517,upright,1.0885,1.5625,0.0461,5.8616,1.5165,0.2587,1.5484,1.3659,0.8111,0.4039,0.0834,1.093,0.8032,0.7373,0.5548,0.4072,0.3205,164.7519,165.7664,10.1323,2.0988
17.267,518,upright,1.1113,1.5904,0.0471,6.1584,1.5433,0.2506,1.577,1.3931,0.8296,0.4204,0.0834,1.1191,0.8253,0.7474,0.5635,0.4092,0.337,167.8985,167.1724,10.6362,2.2232
17.3,519,upright,1.1301,1.6129,0.0501,6.4185,1.5628,0.2435,1.6005,1.4148,0.8453,0.4354,0.0833,1.1361,0.8392,0.7552,0.5694,0.4099,0.3522,170.2546,167.8833,10.9743,2.2643
17.333,520,upright,1.1403,1.6305,0.0521,6.642,1.5784,0.2376,1.6178,1.4288,0.8519,0.4436,0.0832,1.1463,0.8498,0.766,0.5769,0.4083,0.3604,171.7847,168.0646,11.077,2.2995
17.367,521,upright,1.1448,1.6418,0.0532,6.7775,1.5886,0.2344,1.6294,1.4388,0.8509,0.444,0.0831,1.1566,0.8586,0.7786,0.5879,0.4069,0.3609,172.6284,168.5851,11.1417,2.3065
17.4,522,upright,1.1491,1.6493,0.0578,6.8638,1.5914,0.2319,1.637,1.445,0.8532,0.4483,0.0831,1.1614,0.8622,0.7838,0.5918,0.4049,0.3652,173.0365,169.0653,11.1772,2.3076
17.433,523,upright,1.1514,1.6527,0.06,6.9199,1.5927,0.2302,1.641,1.447,0.8558,0.4474,0.0831,1.1629,0.8645,0.7851,0.5912,0.4084,0.3643,173.6137,169.1407,11.1532,2.3144
17.467,524,upright,1.1514,1.6554,0.0616,6.9474,1.5938,0.2294,1.6433,1.4486,0.8542,0.4453,0.0831,1.1652,0.8663,0.7891,0.5944,0.4089,0.3622,173.6402,169.5307,11.1457,2.312
17.5,525,upright,1.1505,1.6558,0.063,6.9482,1.5928,0.2292,1.6436,1.4481,0.853,0.4454,0.0831,1.1652,0.867,0.7906,0.5951,0.4076,0.3622,173.8217,169.8151,11.141,2.3132
17.533,526,upright,1.15,1.6546,0.0644,6.9311,1.5901,0.2294,1.6424,1.4464,0.8536,0.4447,0.083,1.1622,0.8652,0.7888,0.5928,0.4089,0.3617,174.2876,169.9128,11.2399,2.333
17.567,527,upright,1.1487,1.6537,0.067,6.9156,1.5868,0.2294,1.6419,1.4445,0.8528,0.4448,0.083,1.1584,0.8613,0.7891,0.5918,0.408,0.3618,174.7338,170.3044,11.2512,2.3511
17.6,528,upright,1.1482,1.6534,0.0692,6.9132,1.5842,0.2292,1.6417,1.4427,0.8537,0.4419,0.083,1.1556,0.8575,0.7881,0.5891,0.4118,0.3589,175.5991,170.3261,11.4675,2.3776
17.633,529,upright,1.1487,1.6599,0.069,6.9986,1.5909,0.2273,1.6454,1.4442,0.8532,0.4416,0.0829,1.155,0.8562,0.7922,0.591,0.4116,0.3587,176.1456,170.9386,11.4027,2.4287
17.667,530,upright,1.1506,1.6527,0.0682,6.9049,1.5844,0.2295,1.6417,1.4446,0.8566,0.4428,0.0829,1.1554,0.8564,0.7851,0.588,0.4137,0.36,176.8487,170.9649,11.3369,2.4585
17.7,531,upright,1.1511,1.6544,0.0666,6.9219,1.5879,0.2294,1.6422,1.4462,0.856,0.4431,0.0828,1.1556,0.8559,0.7861,0.5902,0.4129,0.3603,177.0695,171.2326,10.9678,2.3961
17.733,532,upright,1.1521,1.6557,0.0667,6.9406,1.5891,0.229,1.6428,1.4481,0.856,0.4434,0.0828,1.1567,0.8561,0.7867,0.5921,0.4126,0.3606,177.4482,171.446,10.4936,2.3207
17.767,533,upright,1.1527,1.6603,0.0666,7.0091,1.5938,0.2274,1.6475,1.4507,0.8547,0.4431,0.0829,1.1602,0.8599,0.7928,0.596,0.4115,0.3603,177.8606,171.6678,10.0968,2.2775
17.8,534,upright,1.1541,1.6607,0.066,7.0141,1.5946,0.2273,1.649,1.4522,0.8561,0.4431,0.0829,1.1624,0.8621,0.7929,0.5961,0.413,0.3602,178.3562,171.768,9.761,2.2255
17.833,535,upright,1.1548,1.6601,0.0662,7.008,1.5939,0.2274,1.6494,1.4515,0.858,0.4435,0.0829,1.1629,0.8631,0.7913,0.5935,0.4145,0.3606,178.4134,171.7297,9.3075,2.1717
17.867,536,upright,1.1549,1.6597,0.0653,7.0039,1.5944,0.2276,1.6494,1.451,0.8587,0.4442,0.0829,1.1638,0.8658,0.7907,0.5923,0.4146,0.3613,178.3316,171.7748,8.809,2.1398
17.9,537,upright,1.1553,1.6581,0.0654,6.9731,1.5927,0.2284,1.6461,1.4502,0.8604,0.445,0.0829,1.1646,0.8688,0.7856,0.5898,0.4154,0.3622,178.3801,171.5976,8.5255,2.1086
17.933,538,upright,1.1542,1.6582,0.0632,6.9824,1.595,0.2284,1.6481,1.4495,0.859,0.4456,0.0829,1.165,0.8693,0.7891,0.5905,0.4134,0.3626,178.427,171.5605,8.3064,2.0965
17.967,539,upright,1.1531,1.6568,0.0613,6.9534,1.5955,0.2294,1.6453,1.4491,0.8571,0.4453,0.083,1.1649,0.8705,0.7882,0.592,0.4118,0.3623,178.3484,171.4715,8.2273,2.0793
18.0,540,upright,1.1553,1.657,0.061,6.9428,1.596,0.2299,1.6459,1.4497,0.8608,0.4485,0.0831,1.1667,0.8743,0.785,0.5889,0.4123,0.3654,177.8182,171.097,8.3628,2.0789
18.033,541,sitting,1.1559,1.6559,0.0607,6.9205,1.5952,0.2305,1.6451,1.4496,0.8622,0.4491,0.0832,1.1674,0.8768,0.7829,0.5875,0.4131,0.3659,177.4409,170.786,8.6896,2.0827
18.067,542,sitting,1.1577,1.6564,0.0596,6.9199,1.5968,0.2308,1.645,1.4497,0.8658,0.4505,0.0832,1.1691,0.8796,0.7792,0.5839,0.4153,0.3673,176.5917,170.4332,8.8773,2.0854
18.1,543,sitting,1.1571,1.6592,0.0571,6.9616,1.6021,0.2301,1.6471,1.4492,0.865,0.4505,0.0833,1.1702,0.8824,0.7821,0.5842,0.4145,0.3673,176.3066,170.3385,9.0593,2.1124
18.133,544,sitting,1.1575,1.6549,0.0569,6.8943,1.598,0.2318,1.6429,1.4484,0.8665,0.4523,0.0833,1.1705,0.8818,0.7763,0.5818,0.4143,0.369,176.1864,170.2248,9.227,2.1107
18.167,545,sitting,1.1569,1.6538,0.0553,6.8807,1.5985,0.2323,1.6419,1.4489,0.865,0.4516,0.0833,1.1706,0.8812,0.7769,0.5839,0.4133,0.3683,176.0738,170.2204,9.2961,2.1225
18.2,546,sitting,1.1559,1.653,0.0539,6.8706,1.5991,0.2327,1.6407,1.4487,0.8631,0.4507,0.0833,1.1708,0.8817,0.7776,0.5856,0.4124,0.3674,176.0911,170.209,9.3793,2.1465
18.233,547,sitting,1.1551,1.6519,0.0532,6.8575,1.5987,0.2331,1.6395,1.4483,0.8619,0.4506,0.0833,1.1698,0.8801,0.7776,0.5864,0.4113,0.3673,175.8614,170.1785,9.4182,2.1809
18.267,548,sitting,1.1559,1.6518,0.0514,6.8661,1.6004,0.2331,1.6405,1.4488,0.8631,0.4509,0.0833,1.1699,0.88,0.7775,0.5858,0.4121,0.3676,175.5959,170.2376,9.5242,2.2271
18.3,549,sitting,1.1571,1.6489,0.0506,6.8263,1.5982,0.2341,1.6378,1.4485,0.8657,0.453,0.0833,1.1697,0.88,0.7721,0.5829,0.4127,0.3697,175.4241,170.3019,9.587,2.2595
18.333,550,sitting,1.1568,1.6461,0.05,6.7879,1.5962,0.2352,1.6344,1.4471,0.8665,0.4541,0.0833,1.1688,0.8801,0.7679,0.5805,0.4124,0.3708,175.2187,170.3018,9.5526,2.2804
18.367,551,sitting,1.1567,1.6424,0.0499,6.7406,1.5924,0.2362,1.6293,1.4456,0.8679,0.4549,0.0833,1.1676,0.8798,0.7615,0.5777,0.4129,0.3716,175.088,170.2695,9.5633,2.2891
18.4,552,sitting,1.1578,1.637,0.0522,6.6736,1.5848,0.2375,1.6201,1.443,0.8726,0.458,0.0833,1.1661,0.8792,0.7475,0.5703,0.4146,0.3747,174.8408,169.8756,9.4093,2.2644
18.433,553,sitting,1.1572,1.6298,0.0529,6.588,1.5768,0.2394,1.6119,1.4391,0.8753,0.46,0.0833,1.1656,0.8791,0.7366,0.5638,0.4153,0.3767,174.509,169.4922,9.2978,2.2504
18.467,554,sitting,1.1548,1.6212,0.0529,6.4859,1.5682,0.2418,1.6005,1.4343,0.8752,0.4598,0.0833,1.1657,0.879,0.7253,0.5591,0.4154,0.3765,174.1132,169.4027,9.2049,2.231
18.5,555,sitting,1.152,1.6129,0.053,6.399,1.5598,0.2438,1.5896,1.4271,0.877,0.46,0.0834,1.1641,0.8776,0.7127,0.5501,0.417,0.3766,173.6914,169.2222,8.9998,2.234
18.533,556,sitting,1.1445,1.5818,0.0535,6.0428,1.5283,0.2529,1.5581,1.4124,0.8766,0.4598,0.0834,1.1569,0.8722,0.6815,0.5358,0.4168,0.3765,173.1538,168.7591,8.7789,2.1525
18.567,557,sitting,1.1314,1.5608,0.0554,5.8335,1.5055,0.2581,1.5316,1.3902,0.8726,0.4592,0.0834,1.142,0.8609,0.659,0.5176,0.4134,0.3757,172.3243,167.9422,8.6154,2.1291
18.6,558,sitting,1.1084,1.5143,0.0566,5.3823,1.4577,0.2708,1.4833,1.3515,0.8652,0.455,0.0835,1.1218,0.8421,0.618,0.4863,0.4102,0.3715,170.5592,166.5953,8.5069,2.0447
18.633,559,sitting,1.0741,1.4574,0.059,4.8851,1.3984,0.2863,1.4261,1.3009,0.8473,0.4482,0.0836,1.0853,0.8104,0.5788,0.4536,0.3991,0.3646,168.3168,164.8558,8.3865,1.9415
18.667,560,sitting,1.029,1.3951,0.0602,4.4024,1.3348,0.3032,1.3651,1.2442,0.8139,0.4336,0.0837,1.0415,0.7691,0.5513,0.4304,0.3803,0.3499,165.2551,162.4552,7.988,1.8352
18.7,561,sitting,0.9836,1.336,0.0618,3.9893,1.2743,0.3194,1.3051,1.1906,0.7766,0.4111,0.0838,0.9916,0.7253,0.5285,0.414,0.3654,0.3273,163.437,160.0113,7.0866,1.7362
18.733,562,sitting,0.9349,1.2775,0.0612,3.6222,1.2162,0.3358,1.2484,1.1346,0.7351,0.382,0.0837,0.9458,0.6829,0.5132,0.3995,0.3532,0.2982,158.3669,157.7429,6.2189,1.6396
18.767,563,sitting,0.8912,1.2048,0.063,3.1928,1.1418,0.3576,1.1885,1.0853,0.6971,0.365,0.0838,0.9004,0.6435,0.4914,0.3882,0.332,0.2812,151.4162,154.2496,5.9689,1.5065
18.8,564,sitting,0.8541,1.1564,0.0655,2.9565,1.0909,0.369,1.1421,1.0404,0.6678,0.3486,0.0839,0.8525,0.5926,0.4743,0.3726,0.3192,0.2646,145.5305,151.3971,5.5917,1.4196
18.833,565,sitting,0.8265,1.1166,0.0682,2.7503,1.0484,0.3812,1.1001,1.0056,0.6474,0.3415,0.084,0.8117,0.5535,0.4527,0.3582,0.3059,0.2575,141.6266,148.708,6.1097,1.3359
18.867,566,sitting,0.8092,1.0921,0.0703,2.6349,1.0218,0.3878,1.0717,0.9842,0.6341,0.3393,0.0842,0.7833,0.5197,0.4377,0.3501,0.2948,0.2551,139.8849,147.0223,6.6824,1.282
18.9,567,sitting,0.8057,1.0786,0.0716,2.574,1.0069,0.3912,1.0529,0.9753,0.636,0.3427,0.0843,0.7692,0.5083,0.4168,0.3393,0.2933,0.2584,140.5299,146.5794,7.1165,1.2686
18.933,568,sitting,0.8099,1.0722,0.0723,2.5456,0.9998,0.3928,1.0414,0.9762,0.6436,0.3472,0.0844,0.7646,0.5092,0.3978,0.3326,0.2963,0.2628,142.4491,146.8475,7.437,1.2858
18.967,569,sitting,0.8171,1.0752,0.0712,2.558,1.0039,0.3925,1.0419,0.9827,0.6514,0.3535,0.0845,0.775,0.5303,0.3904,0.3312,0.298,0.269,144.5217,147.0986,7.9234,1.3293
19.0,570,sitting,0.8246,1.0852,0.0694,2.6026,1.0158,0.3903,1.0498,0.9914,0.6578,0.3581,0.0846,0.787,0.5468,0.3919,0.3336,0.2997,0.2736,145.9296,147.3784,8.2071,1.3518
19.033,571,sitting,0.8295,1.0977,0.0684,2.6588,1.0292,0.3871,1.062,0.9992,0.6598,0.3605,0.0845,0.792,0.5532,0.4021,0.3393,0.2993,0.276,146.6699,147.682,8.1029,1.3734
19.067,572,sitting,0.8338,1.1095,0.067,2.7125,1.0425,0.3843,1.0742,1.0056,0.662,0.3628,0.0845,0.7978,0.5554,0.4122,0.3436,0.2992,0.2784,147.0345,147.6266,8.5971,1.3873
19.1,573,sitting,0.8367,1.1177,0.0667,2.7494,1.0509,0.3822,1.0843,1.0111,0.6622,0.3646,0.0844,0.8025,0.5584,0.4221,0.3489,0.2976,0.2802,146.7546,147.5248,8.9595,1.3923
19.133,574,sitting,0.8391,1.1251,0.0672,2.784,1.0579,0.38,1.0931,1.0161,0.6622,0.3643,0.0844,0.8063,0.5601,0.431,0.3539,0.2979,0.2799,145.8551,147.6486,8.7625,1.3974
19.167,575,sitting,0.8435,1.1384,0.066,2.8456,1.0725,0.3769,1.1091,1.024,0.6629,0.3666,0.0845,0.8136,0.5677,0.4462,0.3611,0.2963,0.2821,145.8278,147.861,9.0896,1.4097
19.2,576,sitting,0.8476,1.1554,0.0671,2.9252,1.0883,0.372,1.1272,1.0322,0.663,0.3676,0.0847,0.8189,0.5731,0.4642,0.3692,0.2954,0.2829,145.5907,147.9242,9.5265,1.4316
19.233,577,sitting,0.8499,1.1706,0.0681,3.0004,1.1025,0.3675,1.1435,1.0386,0.6612,0.3678,0.0847,0.8243,0.5799,0.4823,0.3774,0.2934,0.283,145.4051,147.9631,10.2396,1.4524
19.267,578,sitting,0.853,1.1848,0.0703,3.0691,1.1145,0.3631,1.1589,1.0457,0.6604,0.3676,0.0848,0.8293,0.5821,0.4985,0.3853,0.2928,0.2828,144.8444,147.9739,10.9695,1.4709
19.3,579,sitting,0.8574,1.1948,0.0699,3.1194,1.1249,0.3606,1.1727,1.0534,0.6614,0.3702,0.0849,0.8368,0.5872,0.5113,0.3919,0.2912,0.2853,144.97,148.021,11.6658,1.491
19.333,580,sitting,0.8612,1.2224,0.0691,3.2804,1.1534,0.3516,1.1923,1.06,0.6623,0.3723,0.0849,0.8435,0.5912,0.53,0.3976,0.2901,0.2874,145.5594,148.3631,12.2027,1.5511
19.367,581,sitting,0.8642,1.23,0.0685,3.3207,1.1616,0.3498,1.201,1.0649,0.6636,0.3736,0.0849,0.849,0.5947,0.5375,0.4014,0.2899,0.2887,145.4588,148.4862,12.6085,1.5605
19.4,582,sitting,0.8672,1.2371,0.0673,3.3583,1.1698,0.3483,1.2083,1.0691,0.6653,0.3746,0.0849,0.8533,0.5985,0.543,0.4038,0.2907,0.2897,145.7562,148.7877,13.0578,1.5704
19.433,583,sitting,0.8691,1.2413,0.0661,3.3813,1.1752,0.3476,1.2131,1.0719,0.6663,0.3752,0.0849,0.8566,0.6036,0.5468,0.4055,0.2912,0.2903,146.2914,149.1057,13.3561,1.5786
19.467,584,sitting,0.8707,1.2454,0.065,3.4048,1.1804,0.3467,1.2173,1.0739,0.6674,0.3758,0.0849,0.8565,0.6033,0.5499,0.4065,0.2916,0.2909,146.8447,149.3947,13.6791,1.5882
19.5,585,sitting,0.8712,1.2274,0.0651,3.2991,1.1623,0.3523,1.2131,1.0753,0.6671,0.3759,0.0849,0.8569,0.6048,0.546,0.4082,0.2912,0.291,147.1656,149.5183,13.865,1.5587
19.533,586,sitting,0.8722,1.2516,0.0647,3.4399,1.1868,0.345,1.2234,1.077,0.6675,0.3761,0.0849,0.8569,0.6048,0.5559,0.4095,0.2914,0.2912,147.5794,149.7289,14.0889,1.6022
19.567,587,sitting,0.8734,1.2532,0.0648,3.4489,1.1884,0.3446,1.2263,1.0787,0.6681,0.3766,0.0849,0.857,0.6043,0.5582,0.4106,0.2914,0.2917,147.6355,149.807,14.3934,1.6045
19.6,588,sitting,0.874,1.2367,0.0654,3.3555,1.1713,0.3491,1.2218,1.0802,0.6677,0.3761,0.0849,0.8549,0.601,0.554,0.4125,0.2917,0.2912,147.6601,149.8006,14.2942,1.576
19.633,589,sitting,0.8745,1.2385,0.0654,3.366,1.1732,0.3485,1.2237,1.0811,0.668,0.3768,0.0849,0.8547,0.6003,0.5557,0.4131,0.2912,0.2919,147.879,149.9276,14.5152,1.5783
19.667,590,sitting,0.8748,1.2411,0.065,3.3802,1.1761,0.3479,1.2261,1.0818,0.6678,0.3772,0.0849,0.8562,0.6022,0.5582,0.4139,0.2906,0.2923,148.0063,150.0453,14.7494,1.5807
19.7,591,sitting,0.875,1.2433,0.0653,3.3935,1.178,0.3471,1.2282,1.0832,0.6668,0.3762,0.0849,0.856,0.6034,0.5613,0.4164,0.2906,0.2913,147.8046,150.1218,14.6615,1.5832
19.733,592,sitting,0.8758,1.2452,0.0645,3.4043,1.1807,0.3468,1.23,1.0837,0.6679,0.3772,0.0849,0.857,0.6046,0.5621,0.4158,0.2907,0.2923,148.0026,150.1892,14.9025,1.586
19.767,593,sitting,0.8761,1.2464,0.064,3.4115,1.1824,0.3466,1.2314,1.0841,0.6682,0.3775,0.0849,0.858,0.6056,0.5632,0.4159,0.2907,0.2926,148.0272,150.1865,15.0698,1.5874
19.8,594,sitting,0.8758,1.2476,0.0637,3.4198,1.1839,0.3462,1.2324,1.084,0.6677,0.3771,0.0849,0.8576,0.6046,0.5647,0.4163,0.2906,0.2922,147.9577,150.1392,15.2403,1.5896
19.833,595,sitting,0.8753,1.2616,0.0639,3.5016,1.1977,0.342,1.2397,1.0841,0.6665,0.3767,0.0849,0.8572,0.6031,0.5732,0.4176,0.2898,0.2918,147.8635,150.1726,15.2488,1.6161
19.867,596,sitting,0.8757,1.263,0.064,3.5089,1.199,0.3417,1.2414,1.0847,0.6667,0.377,0.0848,0.8573,0.6009,0.5747,0.418,0.2897,0.2921,147.866,150.1996,15.2351,1.6182
19.9,597,sitting,0.8757,1.2638,0.0641,3.5132,1.1996,0.3415,1.2427,1.0851,0.6664,0.3775,0.0848,0.8575,0.6006,0.5763,0.4187,0.2889,0.2927,147.7886,150.143,15.2574,1.6184
19.933,598,sitting,0.876,1.2648,0.064,3.5194,1.2008,0.3412,1.2438,1.0854,0.6666,0.3782,0.0848,0.8576,0.5995,0.5772,0.4188,0.2884,0.2934,148.0251,150.2334,15.2013,1.6205
19.967,599,sitting,0.8764,1.2653,0.0638,3.5225,1.2015,0.3411,1.2444,1.0855,0.6673,0.3793,0.0848,0.8575,0.5991,0.5771,0.4182,0.288,0.2945,148.1652,150.2486,15.1167,1.6225
20.0,600,sitting,0.8771,1.2548,0.0631,3.4613,1.1917,0.3443,1.2395,1.0858,0.6684,0.3799,0.0847,0.8575,0.5985,0.5711,0.4174,0.2885,0.2952,148.6854,150.4735,15.1212,1.6046
20.033,601,,0.8773,1.2654,0.0631,3.5241,1.2023,0.3412,1.2452,1.0858,0.6689,0.3811,0.0847,0.8589,0.5991,0.5763,0.417,0.2877,0.2964,148.5968,150.4266,15.1198,1.6265
20.067,602,,0.8775,1.2659,0.0625,3.5267,1.2033,0.3412,1.2456,1.0858,0.6692,0.3822,0.0846,0.8588,0.5983,0.5763,0.4166,0.287,0.2976,148.8657,150.5298,15.147,1.6301
20.1,603,,0.878,1.265,0.0619,3.5217,1.203,0.3416,1.2447,1.0852,0.6708,0.3834,0.0846,0.8582,0.5981,0.5739,0.4143,0.2874,0.2988,149.2149,150.6558,15.0737,1.6331
20.133,604,,0.8777,1.2644,0.0608,3.5184,1.2036,0.3421,1.244,1.0842,0.6712,0.3838,0.0846,0.8573,0.5995,0.5728,0.4131,0.2873,0.2993,149.9509,150.9049,15.1081,1.6379
20.167,605,,0.8765,1.2627,0.0609,3.5085,1.2018,0.3425,1.2419,1.0825,0.6704,0.383,0.0846,0.8559,0.5986,0.5715,0.4121,0.2874,0.2985,150.1409,150.928,15.144,1.6385
20.2,606,,0.8755,1.2598,0.0614,3.4921,1.1984,0.3432,1.2382,1.0804,0.6705,0.3825,0.0846,0.8541,0.5962,0.5677,0.4099,0.288,0.2979,150.5277,151.0398,15.0839,1.6387
20.233,607,,0.8739,1.2551,0.0616,3.4662,1.1935,0.3443,1.2334,1.0779,0.6699,0.3814,0.0846,0.8507,0.5922,0.5635,0.4079,0.2885,0.2969,151.3927,151.4347,14.9618,1.6382
20.267,608,,0.8712,1.2504,0.061,3.4414,1.1894,0.3456,1.2287,1.0745,0.668,0.3792,0.0845,0.8462,0.5857,0.5607,0.4065,0.2887,0.2947,151.8622,151.691,14.7856,1.6385
20.3,609,,0.8682,1.2438,0.0607,3.4054,1.1831,0.3474,1.2233,1.0702,0.6661,0.3791,0.0845,0.8418,0.5805,0.5572,0.4041,0.287,0.2946,152.1683,151.6795,14.3168,1.637
20.333,610,,0.866,1.2371,0.0598,3.369,1.1772,0.3494,1.2174,1.0665,0.6655,0.3789,0.0845,0.8366,0.572,0.5519,0.4011,0.2866,0.2944,152.9337,151.9449,13.9441,1.6347
20.367,611,,0.8616,1.2294,0.059,3.3291,1.1704,0.3516,1.2102,1.061,0.6622,0.3752,0.0845,0.8303,0.562,0.5481,0.3988,0.287,0.2906,153.888,152.2497,13.4543,1.6301
20.4,612,,0.8579,1.2117,0.0597,3.2236,1.152,0.3574,1.1983,1.0555,0.6603,0.3701,0.0846,0.8221,0.5542,0.538,0.3952,0.2902,0.2856,154.6235,152.6402,12.6825,1.6033
20.433,613,,0.8546,1.2054,0.0591,3.1897,1.1462,0.3594,1.192,1.0516,0.6576,0.3634,0.0846,0.8194,0.5502,0.5345,0.3941,0.2941,0.2788,155.0287,152.7977,11.7844,1.5953
20.467,614,,0.8523,1.2009,0.0592,3.1649,1.1416,0.3607,1.1869,1.0488,0.6557,0.3586,0.0846,0.8181,0.5449,0.5312,0.3931,0.2971,0.274,154.7212,152.6992,10.6527,1.5809
20.5,615,,0.8493,1.1975,0.0601,3.1474,1.1375,0.3614,1.1836,1.0468,0.6519,0.3521,0.0847,0.8184,0.5419,0.5317,0.3949,0.2998,0.2675,153.5615,152.2072,9.6328,1.5635
20.533,616,,0.8488,1.2046,0.0606,3.1991,1.144,0.3576,1.1878,1.0471,0.6506,0.347,0.0847,0.82,0.5404,0.5372,0.3965,0.3036,0.2623,152.4916,151.8957,8.7757,1.5675
20.567,617,,0.8493,1.1993,0.0598,3.1548,1.1395,0.3612,1.1855,1.0489,0.6497,0.3426,0.0847,0.8246,0.5423,0.5358,0.3991,0.3071,0.2579,152.1857,151.8322,7.9912,1.537
20.6,618,,0.8528,1.2102,0.0589,3.2278,1.1513,0.3567,1.1938,1.053,0.6526,0.3413,0.0848,0.8307,0.5473,0.5412,0.4004,0.3112,0.2565,152.4249,151.9193,7.3061,1.5546
20.633,619,,0.8587,1.2167,0.0587,3.2614,1.158,0.3551,1.1998,1.0601,0.6574,0.3434,0.0848,0.839,0.552,0.5425,0.4028,0.314,0.2585,152.886,152.2459,6.5388,1.5539
20.667,620,,0.8697,1.2241,0.058,3.2843,1.1661,0.355,1.2088,1.0738,0.6656,0.3468,0.0849,0.8517,0.5603,0.5431,0.4081,0.3189,0.2619,154.0076,153.0069,5.8458,1.5464
20.7,621,,0.887,1.2469,0.0565,3.4147,1.1904,0.3486,1.2311,1.0941,0.6799,0.35,0.0849,0.8697,0.574,0.5513,0.4143,0.3299,0.2651,155.3833,154.1392,5.25,1.5827
20.733,622,,0.9092,1.2782,0.0562,3.6004,1.222,0.3394,1.2617,1.1224,0.696,0.3578,0.0849,0.8917,0.5972,0.5658,0.4264,0.3382,0.2729,155.3502,155.5081,4.7387,1.6338
20.767,623,,0.935,1.315,0.0558,3.8296,1.2592,0.3288,1.2985,1.1565,0.7135,0.3659,0.0849,0.9195,0.6314,0.585,0.443,0.3476,0.281,155.7267,156.8166,4.3003,1.6971
20.8,624,,0.9659,1.3561,0.0554,4.1055,1.3007,0.3168,1.3421,1.1932,0.7386,0.3837,0.0849,0.9489,0.6661,0.6035,0.4547,0.3548,0.2989,156.3476,157.6394,3.8889,1.7714
20.833,625,,0.9991,1.4006,0.057,4.4313,1.3437,0.3032,1.3887,1.2345,0.7638,0.3987,0.0849,0.992,0.7022,0.6249,0.4707,0.3651,0.3138,158.2479,158.8541,3.8857,1.86
20.867,626,,1.0352,1.4479,0.0584,4.7802,1.3895,0.2907,1.4327,1.2725,0.7978,0.4189,0.085,1.0379,0.7464,0.6349,0.4747,0.379,0.3339,160.7357,160.2108,3.8622,1.9544
20.9,627,,1.0645,1.491,0.0588,5.1401,1.4321,0.2786,1.4774,1.3098,0.8191,0.4377,0.085,1.0763,0.787,0.6583,0.4907,0.3814,0.3528,163.048,161.0554,3.915,2.0498
20.933,628,,1.0888,1.5347,0.0594,5.5549,1.4753,0.2656,1.5211,1.3419,0.8356,0.4469,0.0849,1.104,0.8161,0.6855,0.5064,0.3887,0.3619,166.2284,162.9897,4.3545,2.1314
20.967,629,,1.1088,1.5588,0.0632,5.7899,1.4957,0.2583,1.5481,1.3686,0.8489,0.4518,0.0848,1.1244,0.8364,0.6992,0.5197,0.3971,0.367,169.3594,164.8506,5.1464,2.1553
21.0,630,,1.1291,1.5866,0.0652,6.0806,1.5214,0.2502,1.5753,1.3942,0.864,0.4573,0.0848,1.141,0.8532,0.7114,0.5303,0.4066,0.3726,171.8619,165.9664,5.4024,2.194
21.033,631,,1.1453,1.6067,0.0648,6.3002,1.5419,0.2447,1.5959,1.4131,0.8774,0.463,0.0847,1.1545,0.8708,0.7185,0.5357,0.4144,0.3783,174.2256,167.0796,5.9459,2.222
21.067,632,,1.154,1.6234,0.0636,6.493,1.5598,0.2402,1.6137,1.4248,0.8831,0.4667,0.0846,1.1625,0.8808,0.7307,0.5418,0.4164,0.3821,175.6464,167.8628,6.3922,2.2511
21.1,633,,1.1569,1.6332,0.0605,6.6159,1.5727,0.2377,1.6242,1.4326,0.8812,0.4661,0.0845,1.1689,0.8862,0.743,0.5514,0.4151,0.3815,176.3939,168.6181,6.8182,2.2654
21.133,634,,1.1586,1.6402,0.0586,6.707,1.5815,0.2358,1.6315,1.4377,0.8795,0.464,0.0845,1.1728,0.8882,0.752,0.5582,0.4155,0.3795,177.1605,169.136,7.2556,2.2776
21.167,635,,1.1603,1.6444,0.0569,6.7661,1.5875,0.2346,1.6362,1.442,0.8786,0.4634,0.0844,1.1751,0.8888,0.7576,0.5634,0.4152,0.379,177.6722,169.6085,7.6989,2.2885
21.2,636,,1.1619,1.6482,0.0565,6.8134,1.5917,0.2336,1.6386,1.4452,0.8786,0.4657,0.0843,1.1739,0.8873,0.7601,0.5666,0.4128,0.3814,177.8991,169.8698,8.0877,2.3052
21.233,637,,1.1631,1.6528,0.0567,6.867,1.5961,0.2324,1.6431,1.4464,0.8798,0.4691,0.0843,1.173,0.8873,0.7633,0.5666,0.4107,0.3849,177.8468,169.9702,8.5735,2.3264
21.267,638,,1.1639,1.6553,0.0568,6.9008,1.5985,0.2316,1.6475,1.4483,0.8794,0.47,0.0842,1.1725,0.8863,0.7681,0.5689,0.4094,0.3858,177.9795,170.0275,8.9698,2.3446
21.3,639,,1.1654,1.6572,0.0572,6.9201,1.6,0.2312,1.6475,1.4496,0.8812,0.4719,0.0842,1.1724,0.886,0.7664,0.5684,0.4093,0.3877,178.0819,170.0337,9.3076,2.358
21.333,640,,1.1653,1.6584,0.0571,6.9344,1.6013,0.2309,1.6488,1.4501,0.8804,0.4714,0.0842,1.1719,0.8864,0.7684,0.5697,0.409,0.3872,177.7883,169.9966,9.6266,2.375
21.367,641,,1.1645,1.659,0.0565,6.9436,1.6025,0.2308,1.6509,1.4505,0.8785,0.4702,0.0842,1.1715,0.8868,0.7724,0.572,0.4083,0.3861,177.6936,169.9587,9.8973,2.3916
21.4,642,,1.1651,1.6599,0.0568,6.9518,1.6031,0.2306,1.6517,1.4519,0.8784,0.4697,0.0842,1.1716,0.8868,0.7734,0.5735,0.4087,0.3855,177.6777,169.9297,10.0299,2.4077
21.433,643,,1.1658,1.6602,0.0569,6.957,1.6033,0.2305,1.6508,1.4527,0.8789,0.4702,0.0842,1.172,0.886,0.7719,0.5738,0.4087,0.3861,177.5244,169.8651,10.2685,2.4071
21.467,644,,1.1651,1.6603,0.0573,6.9593,1.603,0.2303,1.651,1.4532,0.8769,0.4691,0.0841,1.1718,0.885,0.7741,0.5763,0.4078,0.3849,177.4927,169.92,10.3607,2.4027
21.5,645,,1.1645,1.6606,0.0571,6.9634,1.6035,0.2303,1.6512,1.4531,0.8759,0.4689,0.0841,1.1715,0.8851,0.7753,0.5772,0.407,0.3847,177.3779,170.015,10.4681,2.3993
21.533,646,,1.1637,1.6603,0.0572,6.9615,1.6032,0.2303,1.6508,1.4525,0.8748,0.4679,0.0841,1.1709,0.8851,0.776,0.5777,0.4069,0.3838,177.3413,170.0876,10.5892,2.3939
21.567,647,,1.1629,1.6598,0.0571,6.9555,1.6026,0.2304,1.6504,1.452,0.8739,0.4674,0.0841,1.1703,0.8852,0.7765,0.5781,0.4065,0.3833,177.3036,170.1455,10.7263,2.3869
21.6,648,,1.1626,1.6586,0.0574,6.9456,1.6012,0.2305,1.649,1.4511,0.8742,0.4679,0.0841,1.1687,0.8841,0.7748,0.5769,0.4062,0.3839,177.0038,169.8824,10.6455,2.3857
21.633,649,,1.1622,1.6576,0.0578,6.9318,1.5998,0.2308,1.6477,1.4505,0.8738,0.4686,0.0841,1.1689,0.8846,0.774,0.5768,0.4052,0.3845,176.7795,169.9146,10.7214,2.3798
21.667,650,,1.163,1.6564,0.0585,6.9147,1.5979,0.2311,1.6463,1.4501,0.876,0.4715,0.0841,1.169,0.8847,0.7702,0.574,0.4046,0.3874,176.4137,169.9048,10.7354,2.3741
21.7,651,,1.163,1.6558,0.0581,6.9105,1.5978,0.2312,1.6466,1.4491,0.8768,0.4732,0.0841,1.169,0.8849,0.7698,0.5723,0.4037,0.3891,176.0502,169.8564,10.6803,2.3751
21.733,652,,1.163,1.6534,0.0573,6.8822,1.5962,0.2319,1.6436,1.4482,0.8777,0.4728,0.0841,1.1692,0.8858,0.7658,0.5704,0.405,0.3886,175.8458,169.8559,10.6265,2.3659
21.767,653,,1.162,1.651,0.0561,6.8526,1.5949,0.2327,1.6394,1.4464,0.8776,0.4708,0.0841,1.17,0.8872,0.7618,0.5688,0.4068,0.3867,175.7293,169.7032,10.449,2.3571
21.8,654,,1.1597,1.6457,0.0554,6.7867,1.5903,0.2343,1.6322,1.4418,0.8775,0.4685,0.0842,1.1682,0.8873,0.7547,0.5643,0.409,0.3844,175.4935,169.1864,10.216,2.3409
21.833,655,,1.1557,1.6349,0.055,6.6541,1.5799,0.2374,1.6198,1.4352,0.8761,0.4647,0.0842,1.1666,0.8861,0.7437,0.5591,0.4114,0.3805,175.5257,168.9958,9.8741,2.313
21.867,656,,1.1465,1.6204,0.0548,6.4827,1.5656,0.2415,1.6025,1.4222,0.8708,0.4601,0.0843,1.1626,0.8822,0.7317,0.5514,0.4107,0.3758,175.2987,168.6008,9.7184,2.2853
21.9,657,,1.1294,1.5986,0.0536,6.2368,1.545,0.2477,1.578,1.4016,0.8572,0.4501,0.0843,1.1521,0.8713,0.7208,0.5444,0.4071,0.3657,174.4328,167.8147,9.3815,2.249
21.933,658,,1.1052,1.5684,0.0518,5.9148,1.5166,0.2564,1.5454,1.3693,0.841,0.4413,0.0844,1.135,0.857,0.7044,0.5284,0.3997,0.357,172.9561,166.4988,8.897,2.2105
21.967,659,,1.0717,1.5297,0.0532,5.5343,1.4765,0.2668,1.5051,1.3316,0.8119,0.4261,0.0844,1.1068,0.8334,0.6933,0.5197,0.3858,0.3417,170.4255,164.779,8.2389,2.1577
22.0,660,,1.0322,1.4665,0.0536,4.9593,1.4129,0.2849,1.452,1.2879,0.7765,0.4081,0.0845,1.0718,0.8064,0.6755,0.5114,0.3684,0.3237,168.5515,162.9142,7.5597,2.0529
22.033,661,,0.994,1.4228,0.0536,4.627,1.3692,0.2959,1.4052,1.2383,0.7498,0.391,0.0846,1.0301,0.7755,0.6554,0.4884,0.3588,0.3064,165.6781,160.8519,6.937,1.9971
22.067,662,,0.9588,1.3687,0.0545,4.2315,1.3141,0.3106,1.3504,1.1881,0.7296,0.3747,0.0846,0.9895,0.7507,0.6208,0.4585,0.3549,0.2901,162.8703,159.3297,6.2609,1.92
22.1,663,,0.9211,1.3179,0.0543,3.8927,1.2636,0.3246,1.2989,1.1407,0.7016,0.3587,0.0846,0.9554,0.7271,0.5973,0.4391,0.3429,0.2741,159.213,157.5099,5.6581,1.8295
22.133,664,,0.8894,1.2737,0.0563,3.6173,1.2174,0.3365,1.2506,1.1008,0.6779,0.3469,0.0847,0.9206,0.703,0.5727,0.4228,0.3311,0.2621,155.7065,155.734,5.2406,1.7381
22.167,665,,0.8671,1.2356,0.0628,3.383,1.1728,0.3467,1.2106,1.0706,0.6636,0.3399,0.0848,0.8955,0.6841,0.547,0.4069,0.3237,0.2551,152.4651,153.9146,5.0836,1.653
22.2,666,,0.8476,1.185,0.0653,3.0915,1.1197,0.3622,1.1655,1.048,0.6473,0.333,0.0849,0.8742,0.67,0.5182,0.4006,0.3143,0.2481,149.4741,152.2645,5.1291,1.5399
22.233,667,,0.8329,1.1553,0.0658,2.9429,1.0896,0.3702,1.1348,1.0298,0.6361,0.3287,0.085,0.8588,0.6533,0.4988,0.3938,0.3074,0.2437,147.4565,150.9838,5.2104,1.4893
22.267,668,,0.825,1.1345,0.0655,2.8427,1.0691,0.3761,1.1131,1.0181,0.6319,0.3287,0.085,0.849,0.6485,0.4812,0.3862,0.3032,0.2437,146.492,150.0098,5.3733,1.4469
22.3,669,,0.8234,1.1264,0.0654,2.8055,1.061,0.3782,1.1017,1.0167,0.6301,0.3307,0.0851,0.8546,0.6538,0.4716,0.3866,0.2994,0.2457,145.2607,149.0796,5.4603,1.4225
22.333,670,,0.8274,1.1292,0.0628,2.8194,1.0664,0.3783,1.1024,1.021,0.6337,0.3357,0.0851,0.8628,0.6619,0.4687,0.3873,0.298,0.2506,145.3891,148.6231,5.8013,1.4234
22.367,671,,0.834,1.1476,0.0607,2.9253,1.0869,0.3715,1.1196,1.0295,0.6384,0.341,0.0851,0.8769,0.6724,0.4812,0.3911,0.2975,0.2558,145.8376,148.611,6.1056,1.4726
22.4,672,,0.8403,1.1546,0.0565,2.9434,1.098,0.3731,1.1267,1.0383,0.6422,0.3455,0.0851,0.8869,0.6806,0.4845,0.396,0.2967,0.2604,146.3819,148.4927,6.8783,1.4471
22.433,673,,0.8452,1.176,0.056,3.0675,1.12,0.3651,1.1462,1.046,0.6445,0.3473,0.0851,0.8904,0.6825,0.5017,0.4015,0.2972,0.2622,145.9861,148.3756,7.7815,1.4958
22.467,674,,0.8475,1.1842,0.0554,3.1077,1.1288,0.3632,1.1557,1.0505,0.6446,0.349,0.0851,0.8917,0.6834,0.5111,0.4059,0.2956,0.2639,145.2936,148.1342,8.7525,1.4971
22.5,675,,0.8497,1.1901,0.0561,3.1354,1.134,0.3617,1.1635,1.054,0.6455,0.3497,0.0851,0.8928,0.6853,0.518,0.4084,0.2959,0.2645,144.5259,148.0353,9.5945,1.4968
22.533,676,,0.8529,1.1976,0.0546,3.172,1.143,0.3603,1.1741,1.0573,0.6485,0.3532,0.0851,0.8976,0.6903,0.5256,0.4088,0.2953,0.2681,144.856,148.2114,10.4252,1.5013
22.567,677,,0.855,1.2053,0.0527,3.2116,1.1526,0.3589,1.1844,1.0603,0.6497,0.3564,0.0851,0.9009,0.6917,0.5347,0.4106,0.2933,0.2713,145.1011,148.2661,11.2274,1.5095
22.6,678,,0.8569,1.2143,0.052,3.2584,1.1623,0.3567,1.1951,1.0631,0.6506,0.3581,0.0851,0.9044,0.6924,0.5445,0.4125,0.2925,0.273,145.6525,148.6328,11.8018,1.5186
22.633,679,,0.8591,1.222,0.051,3.2982,1.1709,0.355,1.2042,1.0665,0.6518,0.3598,0.0851,0.9078,0.6943,0.5524,0.4147,0.292,0.2747,146.544,149.0539,12.2713,1.5297
22.667,680,,0.86,1.2305,0.0499,3.3447,1.1807,0.353,1.2123,1.0698,0.6501,0.36,0.0851,0.91,0.6972,0.5622,0.4198,0.2901,0.2749,147.318,149.4238,12.6542,1.5445
22.7,681,,0.8613,1.2357,0.0495,3.3721,1.1862,0.3518,1.2184,1.0728,0.6497,0.3607,0.0851,0.9116,0.6975,0.5687,0.4232,0.289,0.2756,147.8312,149.7463,13.0135,1.554
22.733,682,,0.8622,1.2399,0.0496,3.3946,1.1903,0.3507,1.222,1.075,0.6493,0.3603,0.0851,0.9131,0.6971,0.5727,0.4257,0.2891,0.2752,148.5208,150.1417,13.2437,1.5602
22.767,683,,0.8625,1.2429,0.0488,3.4112,1.194,0.35,1.2246,1.0764,0.6486,0.3602,0.0851,0.9143,0.698,0.576,0.4278,0.2884,0.2752,149.1392,150.4895,13.4091,1.5658
22.8,684,,0.8613,1.2335,0.0475,3.3476,1.186,0.3543,1.2207,1.076,0.6466,0.3594,0.085,0.9139,0.7001,0.5742,0.4294,0.2872,0.2744,149.5139,150.5283,13.531,1.5424
22.833,685,,0.8611,1.2449,0.0465,3.4256,1.1985,0.3499,1.2261,1.0758,0.6465,0.3597,0.085,0.9156,0.7042,0.5797,0.4293,0.2867,0.2748,149.8188,150.6535,13.6479,1.5672
22.867,686,,0.861,1.2443,0.0463,3.4222,1.198,0.3501,1.2251,1.0751,0.6468,0.3592,0.085,0.9159,0.7058,0.5783,0.4283,0.2876,0.2743,150.0355,150.7826,13.6807,1.564
22.9,687,,0.8599,1.2424,0.0464,3.4112,1.196,0.3506,1.2229,1.074,0.6458,0.3582,0.0849,0.9158,0.7056,0.5771,0.4281,0.2877,0.2732,150.4266,151.0199,13.7748,1.561
22.933,688,,0.8589,1.2392,0.0466,3.3939,1.1926,0.3514,1.2198,1.0719,0.646,0.3565,0.085,0.9142,0.7046,0.5738,0.4259,0.2895,0.2715,151.2708,151.3612,13.6468,1.5574
22.967,689,,0.8581,1.2356,0.0471,3.3731,1.1884,0.3523,1.2161,1.07,0.6463,0.3557,0.085,0.9136,0.704,0.5698,0.4237,0.2906,0.2707,152.5018,151.9532,13.4746,1.5527
23.0,690,,0.8583,1.231,0.0473,3.3472,1.1838,0.3537,1.2108,1.0683,0.6484,0.3554,0.085,0.9132,0.7038,0.5624,0.4199,0.2929,0.2704,153.6473,152.4088,13.2627,1.5477
23.033,691,,0.8567,1.225,0.0484,3.3139,1.1766,0.355,1.2026,1.0648,0.6486,0.3539,0.085,0.9104,0.6958,0.554,0.4162,0.2947,0.2689,154.9056,152.85,12.9659,1.5387
23.067,692,,0.8551,1.2189,0.0492,3.2806,1.1697,0.3566,1.1934,1.0615,0.6487,0.3521,0.085,0.9073,0.6867,0.5447,0.4128,0.2965,0.2671,155.5251,153.4623,12.4172,1.5319
23.1,693,,0.8525,1.2121,0.049,3.2441,1.163,0.3585,1.1844,1.0568,0.6482,0.3505,0.085,0.9032,0.6798,0.5362,0.4086,0.2977,0.2654,154.9682,154.0534,11.687,1.525
23.133,694,,0.849,1.2006,0.0501,3.1834,1.1505,0.3614,1.1725,1.0505,0.6475,0.3482,0.085,0.8988,0.6756,0.525,0.4029,0.2993,0.2631,155.3198,154.5417,10.8322,1.513
23.167,695,,0.8443,1.1877,0.0508,3.1164,1.1369,0.3648,1.1602,1.0431,0.6454,0.3448,0.085,0.8937,0.6709,0.5148,0.3977,0.3006,0.2598,155.07,155.0249,9.908,1.4999
23.2,696,,0.8388,1.1552,0.0514,2.9537,1.1039,0.3737,1.1424,1.0354,0.6423,0.3393,0.085,0.887,0.666,0.5001,0.3932,0.303,0.2543,154.9124,155.2304,9.3163,1.456
23.233,697,,0.835,1.1507,0.0501,2.9342,1.1005,0.3751,1.1372,1.0311,0.639,0.3356,0.0848,0.8837,0.6664,0.4982,0.3921,0.3034,0.2508,154.5935,155.6638,8.72,1.4634
23.267,698,,0.8345,1.1506,0.0491,2.935,1.1015,0.3753,1.137,1.0305,0.6385,0.3329,0.0847,0.8797,0.6631,0.4985,0.392,0.3056,0.2482,153.9065,156.3573,8.1532,1.4842
23.3,699,,0.8373,1.1558,0.0479,2.9619,1.1079,0.3741,1.1414,1.0328,0.6418,0.3313,0.0846,0.8725,0.655,0.4996,0.391,0.3105,0.2467,153.2354,156.8857,7.6199,1.523
23.333,700,,0.8422,1.1628,0.048,2.9958,1.1148,0.3721,1.1484,1.038,0.6464,0.3318,0.0845,0.8692,0.6506,0.502,0.3916,0.3146,0.2473,152.7617,157.2669,7.9092,1.5685
23.367,701,,0.8513,1.1781,0.048,3.0722,1.13,0.3678,1.1626,1.048,0.6547,0.3345,0.0845,0.8694,0.6509,0.5079,0.3933,0.3202,0.25,152.4372,157.5124,8.2228,1.6282
23.4,702,,0.867,1.204,0.0487,3.207,1.1552,0.3602,1.1879,1.068,0.666,0.3393,0.0845,0.8726,0.6524,0.5218,0.402,0.3268,0.2548,152.819,158.2336,8.5444,1.7036
23.433,703,,0.8934,1.2649,0.0481,3.546,1.2168,0.3432,1.2356,1.1005,0.6862,0.3464,0.0845,0.8869,0.6589,0.5493,0.4143,0.3398,0.2619,153.5684,159.3059,8.3724,1.8426
23.467,704,,0.9199,1.3085,0.0473,3.8118,1.2612,0.3309,1.2848,1.1336,0.7062,0.3549,0.0845,0.9052,0.6704,0.5786,0.4274,0.3513,0.2704,154.4367,160.1538,8.2676,1.9328
23.5,705,,0.9471,1.348,0.0464,4.0705,1.3017,0.3198,1.3289,1.1721,0.7221,0.3587,0.0844,0.9331,0.6866,0.6068,0.45,0.3635,0.2742,156.0092,160.6817,8.311,2.0013
23.533,706,,0.9816,1.3979,0.0475,4.4158,1.3504,0.3058,1.3795,1.2183,0.7449,0.3694,0.0845,0.9772,0.7205,0.6346,0.4734,0.3755,0.2849,157.9304,161.5471,8.5548,2.0848
23.567,707,,1.0188,1.4465,0.0517,4.7832,1.3948,0.2916,1.4275,1.2617,0.7759,0.3871,0.0846,1.0196,0.7546,0.6515,0.4858,0.3888,0.3025,160.4981,162.3769,8.7165,2.1601
23.6,708,,1.0542,1.4891,0.0532,5.1374,1.4359,0.2795,1.4716,1.3032,0.8053,0.4084,0.0846,1.0573,0.7883,0.6663,0.4979,0.3968,0.3238,162.9617,163.4498,8.8376,2.2304
23.633,709,,1.0839,1.5327,0.0543,5.5323,1.4785,0.2672,1.5172,1.3398,0.828,0.4224,0.0847,1.0934,0.8196,0.6892,0.5118,0.4057,0.3377,165.4127,164.6224,9.0031,2.2796
23.667,710,,1.1151,1.5703,0.0561,5.9032,1.5142,0.2565,1.5543,1.3768,0.8534,0.4348,0.0847,1.1232,0.8433,0.7009,0.5233,0.4187,0.3501,167.6715,165.2082,9.0541,2.3126
23.7,711,,1.1379,1.5975,0.0576,6.1929,1.5399,0.2487,1.5827,1.4054,0.8704,0.4444,0.0846,1.1446,0.8622,0.7123,0.535,0.426,0.3598,169.7959,166.389,8.9756,2.319
23.733,712,,1.1514,1.6217,0.0572,6.4711,1.5645,0.2418,1.6083,1.4266,0.8761,0.4536,0.0846,1.1618,0.8794,0.7322,0.5504,0.4225,0.369,171.6314,167.6303,9.0716,2.3134
23.767,713,,1.1577,1.635,0.056,6.634,1.579,0.238,1.6218,1.4391,0.8764,0.4585,0.0845,1.1737,0.8912,0.7453,0.5626,0.4179,0.374,173.0157,168.5567,9.1544,2.2767
23.8,714,,1.1622,1.6368,0.055,6.6618,1.5817,0.2374,1.625,1.4465,0.878,0.4622,0.0844,1.1798,0.8947,0.747,0.5685,0.4157,0.3778,174.2397,169.2125,9.3681,2.227
23.833,715,,1.1609,1.6387,0.0528,6.6953,1.5859,0.2369,1.6274,1.4488,0.873,0.4615,0.0843,1.1802,0.8933,0.7544,0.5758,0.4115,0.3772,175.1895,169.6873,9.4489,2.1929
23.867,716,,1.1579,1.6396,0.0509,6.7019,1.5887,0.2371,1.6269,1.4487,0.8671,0.4603,0.0842,1.1791,0.8916,0.7598,0.5815,0.4068,0.3761,175.8923,170.0343,9.4821,2.1682
23.9,717,,1.1563,1.6411,0.0504,6.724,1.5907,0.2366,1.6263,1.4492,0.8633,0.4592,0.0842,1.1769,0.8878,0.7629,0.5859,0.4041,0.375,176.3073,170.2819,9.5327,2.1563
23.933,718,,1.1541,1.6423,0.0498,6.7417,1.5925,0.2362,1.6244,1.4488,0.8594,0.458,0.0841,1.1743,0.8848,0.7649,0.5894,0.4014,0.3738,176.4225,170.332,9.7515,2.1529
23.967,719,,1.1538,1.6432,0.0493,6.7549,1.5939,0.236,1.6229,1.4498,0.8579,0.4573,0.0841,1.1738,0.8833,0.7651,0.5919,0.4006,0.3732,176.295,170.2249,10.0027,2.1685
24.0,720,upright,1.1542,1.6436,0.0491,6.7601,1.5944,0.2359,1.6212,1.4507,0.8577,0.4585,0.0841,1.1726,0.8817,0.7636,0.5931,0.3992,0.3744,176.1139,170.0296,10.2512,2.1955
24.033,721,upright,1.1541,1.6428,0.049,6.7511,1.5938,0.2361,1.6187,1.4512,0.8571,0.46,0.084,1.1721,0.8791,0.7616,0.5941,0.397,0.376,176.2211,169.9707,10.4582,2.2299
24.067,722,upright,1.1547,1.641,0.049,6.7302,1.592,0.2365,1.616,1.4523,0.8571,0.4619,0.084,1.1719,0.8769,0.759,0.5952,0.3952,0.3778,176.4446,170.0329,10.4749,2.2645
24.1,723,upright,1.1562,1.6388,0.0483,6.7062,1.5905,0.2372,1.6139,1.4534,0.859,0.4639,0.084,1.1715,0.8757,0.7549,0.5944,0.3951,0.3799,176.4119,170.1436,10.3463,2.302
24.133,724,upright,1.1584,1.6374,0.0484,6.6908,1.5891,0.2375,1.6118,1.4551,0.8618,0.4657,0.084,1.171,0.8751,0.75,0.5933,0.396,0.3817,176.3985,170.134,10.1113,2.3431
24.167,725,upright,1.1589,1.6348,0.0486,6.6611,1.5862,0.2381,1.6089,1.4538,0.8639,0.4675,0.084,1.1711,0.876,0.745,0.5899,0.3964,0.3835,176.571,170.274,9.9399,2.3843
24.2,726,upright,1.1591,1.6332,0.0489,6.6429,1.5842,0.2385,1.6059,1.453,0.8652,0.4692,0.0839,1.1718,0.8763,0.7407,0.5878,0.396,0.3852,176.6251,170.3584,9.7411,2.4222
24.233,727,upright,1.1592,1.632,0.0487,6.6314,1.5834,0.2388,1.6008,1.4525,0.866,0.4696,0.0839,1.1737,0.8778,0.7348,0.5866,0.3964,0.3856,176.5291,170.4137,9.4745,2.4513
24.267,728,upright,1.159,1.6305,0.0479,6.6156,1.5826,0.2392,1.5978,1.4526,0.8653,0.4674,0.0839,1.1761,0.8797,0.7325,0.5873,0.3979,0.3835,176.3517,170.5958,9.1533,2.4726
24.3,729,upright,1.1576,1.6288,0.0474,6.5971,1.5814,0.2397,1.5947,1.4512,0.8641,0.4669,0.0839,1.1767,0.8818,0.7306,0.5871,0.3972,0.383,176.2548,170.5678,8.6596,2.4775
24.333,730,upright,1.1579,1.6271,0.046,6.5789,1.581,0.2403,1.5921,1.4514,0.8643,0.4661,0.0839,1.1775,0.8839,0.7277,0.5871,0.3982,0.3822,176.103,170.0097,8.0101,2.4758
24.367,731,upright,1.1586,1.6253,0.0461,6.5594,1.5792,0.2408,1.5875,1.4515,0.8658,0.4668,0.0839,1.1783,0.8871,0.7217,0.5857,0.399,0.3829,175.6074,169.8087,7.3146,2.4569
24.4,732,upright,1.1601,1.6227,0.0469,6.5302,1.5757,0.2413,1.582,1.4505,0.8696,0.4692,0.084,1.1802,0.8904,0.7123,0.5809,0.4004,0.3853,174.989,169.4941,6.847,2.4197
24.433,733,upright,1.1602,1.6219,0.0487,6.5203,1.5731,0.2413,1.5776,1.4494,0.871,0.4699,0.0841,1.1818,0.8927,0.7066,0.5784,0.401,0.3858,174.3429,169.3054,6.3185,2.3833
24.467,734,upright,1.1609,1.6199,0.0511,6.4983,1.5688,0.2414,1.5734,1.4481,0.8736,0.4715,0.0842,1.1817,0.8956,0.6997,0.5745,0.4022,0.3873,173.5822,169.2425,6.1931,2.3462
24.5,735,upright,1.1608,1.6189,0.0526,6.486,1.5663,0.2415,1.5686,1.4479,0.8738,0.4703,0.0843,1.1823,0.8998,0.6948,0.574,0.4036,0.386,172.8713,169.157,6.0917,2.3186
24.533,736,upright,1.1602,1.617,0.0529,6.4626,1.5641,0.242,1.5644,1.4475,0.8729,0.4687,0.0843,1.1841,0.9038,0.6914,0.5746,0.4043,0.3844,171.8452,169.3056,5.9501,2.2874
24.567,737,upright,1.1601,1.6129,0.0509,6.4176,1.5621,0.2434,1.5584,1.4478,0.8725,0.4675,0.0842,1.1856,0.9066,0.6859,0.5753,0.405,0.3833,170.8266,169.6539,5.8683,2.253
24.6,738,upright,1.1619,1.6097,0.0454,6.3781,1.5643,0.2453,1.5542,1.4496,0.8742,0.4678,0.0839,1.188,0.9115,0.68,0.5755,0.4064,0.3839,170.5488,169.947,5.9081,2.2368
24.633,739,upright,1.1668,1.609,0.0337,6.3619,1.5753,0.2476,1.5509,1.4535,0.88,0.473,0.0832,1.1934,0.9185,0.6709,0.5734,0.407,0.3898,171.0293,170.1453,5.7982,2.2354
24.667,740,upright,1.1707,1.6086,0.0222,6.3475,1.5864,0.2499,1.548,1.4564,0.8849,0.4781,0.0821,1.1982,0.9241,0.6631,0.5715,0.4068,0.3959,171.7434,170.6236,5.7,2.2372
24.7,741,upright,1.1754,1.6065,0.0101,6.3119,1.5964,0.2529,1.5452,1.4592,0.8916,0.483,0.0807,1.2032,0.928,0.6536,0.5676,0.4085,0.4023,172.7158,171.5933,5.4447,2.2341
24.733,742,upright,1.1773,1.6028,0.0012,6.2632,1.6016,0.2557,1.5421,1.4599,0.8947,0.4837,0.0794,1.2052,0.9293,0.6474,0.5652,0.411,0.4043,173.5221,172.6801,5.2465,2.2287
24.767,743,upright,1.1776,1.5947,-0.0056,6.1705,1.6003,0.2593,1.5376,1.4593,0.8959,0.4842,0.0783,1.2047,0.9276,0.6417,0.5634,0.4117,0.4059,173.6411,173.9951,5.1072,2.2142
24.8,744,upright,1.1774,1.5864,-0.009,6.0767,1.5953,0.2625,1.5319,1.4585,0.8962,0.4832,0.0775,1.2026,0.9226,0.6357,0.5623,0.4131,0.4056,173.8087,174.9387,5.1499,2.197
24.833,745,upright,1.1776,1.5776,-0.0052,5.966,1.5828,0.2653,1.5265,1.458,0.8972,0.4794,0.0773,1.2003,0.9172,0.6294,0.5608,0.4178,0.4021,174.9143,174.7857,5.183,2.1729
24.867,746,upright,1.1758,1.5925,0.0104,6.0856,1.582,0.26,1.5358,1.457,0.8947,0.4793,0.0781,1.1979,0.9131,0.6412,0.5623,0.4154,0.4012,176.6358,174.6917,5.2979,2.201
24.9,747,upright,1.1698,1.5853,0.0228,5.9963,1.5625,0.2606,1.5299,1.453,0.8866,0.4721,0.0787,1.1927,0.9058,0.6432,0.5663,0.4145,0.3934,177.6949,174.4367,5.8026,2.1843
24.933,748,upright,1.1658,1.5814,0.0371,5.933,1.5443,0.2603,1.5262,1.4503,0.8813,0.4678,0.0794,1.1887,0.9026,0.6448,0.569,0.4135,0.3885,177.8272,175.4302,6.445,2.1762
24.967,749,upright,1.1621,1.5784,0.0444,5.8911,1.534,0.2604,1.5239,1.4469,0.8773,0.4643,0.0796,1.1851,0.8984,0.6466,0.5696,0.413,0.3848,178.2693,176.3518,7.2065,2.1826
25.0,750,upright,1.1561,1.5758,0.0452,5.8663,1.5305,0.2609,1.5216,1.4429,0.8693,0.4575,0.0795,1.1795,0.8908,0.6522,0.5736,0.4118,0.378,177.6938,177.0474,8.0627,2.2025
25.033,751,upright,1.151,1.5776,0.0472,5.8765,1.5304,0.2604,1.522,1.44,0.8621,0.4518,0.0796,1.1757,0.8861,0.6599,0.5779,0.4103,0.3723,176.2373,178.0573,8.9889,2.2359
25.067,752,upright,1.147,1.5784,0.0504,5.8741,1.5281,0.2601,1.5216,1.4373,0.8568,0.4463,0.0796,1.1735,0.8836,0.6648,0.5805,0.4105,0.3667,173.9356,178.5375,9.992,2.2793
25.1,753,upright,1.1458,1.581,0.0488,5.8956,1.5322,0.2599,1.5222,1.435,0.8566,0.4417,0.0796,1.1715,0.8826,0.6655,0.5784,0.4149,0.3621,169.9168,176.4383,10.7722,2.3453
25.133,754,upright,1.1423,1.5812,0.0451,5.9084,1.5361,0.26,1.5205,1.4316,0.8531,0.4363,0.0796,1.1652,0.877,0.6675,0.5786,0.4168,0.3567,166.0933,174.3221,11.492,2.4385
25.167,755,upright,1.1397,1.5814,0.0394,5.9245,1.5421,0.2603,1.5194,1.429,0.8503,0.4329,0.0795,1.1627,0.8717,0.669,0.5787,0.4174,0.3535,162.2912,172.1322,12.3614,2.5223
25.2,756,upright,1.1394,1.5132,0.0377,5.2659,1.4755,0.2802,1.4923,1.4283,0.8504,0.4344,0.0797,1.1627,0.8701,0.6419,0.5778,0.4161,0.3547,163.4118,170.2868,13.0317,2.4101
25.233,757,upright,1.1414,1.585,0.0403,5.9369,1.5446,0.2602,1.5222,1.4314,0.8513,0.4332,0.0804,1.1642,0.8712,0.6708,0.5801,0.4181,0.3528,164.1281,168.832,13.5559,2.4787
25.267,758,upright,1.141,1.5877,0.0423,5.9443,1.5454,0.26,1.5197,1.4345,0.8475,0.4348,0.0812,1.1656,0.8726,0.6721,0.5869,0.4127,0.3537,167.0615,168.5556,13.7622,2.4603
25.3,759,upright,1.1459,1.5912,0.0504,5.9429,1.5408,0.2593,1.5223,1.4386,0.8532,0.4413,0.0823,1.1686,0.8764,0.669,0.5853,0.4119,0.359,171.1332,168.6253,13.6045,2.3374
25.333,760,upright,1.1508,1.5963,0.0624,5.9414,1.5339,0.2582,1.5269,1.443,0.8585,0.4477,0.0838,1.173,0.8831,0.6683,0.5845,0.4108,0.3639,174.2601,168.2566,13.237,2.2232
25.367,761,upright,1.1575,1.6022,0.0793,5.9403,1.5229,0.2564,1.5329,1.4485,0.8665,0.4552,0.0852,1.1786,0.8925,0.6664,0.5821,0.4113,0.37,175.8958,167.6845,12.7424,2.1407
25.4,762,upright,1.1641,1.6082,0.0774,5.985,1.5307,0.2558,1.539,1.4533,0.875,0.46,0.0865,1.186,0.9022,0.664,0.5782,0.415,0.3734,177.6545,167.3434,11.9781,2.0811
25.433,763,upright,1.1687,1.6122,0.067,6.0137,1.5452,0.2569,1.5433,1.4563,0.8811,0.4644,0.0875,1.1918,0.9092,0.6623,0.5752,0.4167,0.3769,176.252,167.242,11.0195,2.0656
25.467,764,upright,1.17,1.6129,0.062,6.011,1.5509,0.258,1.5449,1.4569,0.8832,0.4678,0.0883,1.1954,0.9136,0.6617,0.5737,0.4154,0.3794,175.4417,167.1469,9.8611,2.0789
25.5,765,upright,1.1684,1.6119,0.0602,5.9984,1.5517,0.2587,1.5438,1.4536,0.8832,0.47,0.089,1.1957,0.9165,0.6606,0.5704,0.4132,0.381,173.9767,166.7861,8.5047,2.1085
25.533,766,upright,1.1668,1.6075,0.062,5.9469,1.5456,0.2599,1.5406,1.4504,0.8832,0.47,0.0898,1.1962,0.9177,0.6575,0.5673,0.4132,0.3802,173.049,166.6545,6.9389,2.0988
25.567,767,upright,1.166,1.6005,0.0621,5.8727,1.5384,0.262,1.5358,1.448,0.884,0.4712,0.0903,1.1948,0.921,0.6519,0.564,0.4128,0.3809,172.2722,166.9231,5.514,2.1096
25.6,768,upright,1.1615,1.5922,0.0599,5.7954,1.5323,0.2644,1.5298,1.4412,0.8818,0.4718,0.0904,1.1862,0.9228,0.648,0.5593,0.41,0.3814,171.4235,167.0824,4.7183,2.1467
25.633,769,upright,1.1591,1.583,0.055,5.7117,1.528,0.2675,1.5269,1.4368,0.8813,0.474,0.0902,1.1797,0.9199,0.6455,0.5554,0.4074,0.3837,171.6668,167.3446,4.1001,2.3103
25.667,770,upright,1.1514,1.5737,0.0511,5.6282,1.5225,0.2705,1.5191,1.4306,0.8721,0.4734,0.0902,1.1701,0.915,0.647,0.5585,0.3987,0.3832,172.2334,167.0687,4.1967,2.3692
25.7,771,upright,1.1456,1.567,0.0467,5.5719,1.5203,0.2728,1.5146,1.4259,0.8654,0.4734,0.0897,1.1637,0.9115,0.6492,0.5605,0.3919,0.3837,172.9472,167.185,4.6461,2.4203
25.733,772,upright,1.1407,1.5613,0.041,5.5315,1.5203,0.2748,1.5096,1.4206,0.8609,0.4744,0.0889,1.1522,0.9045,0.6487,0.5597,0.3865,0.3854,172.4407,167.5525,5.0695,2.4784
25.767,773,upright,1.137,1.56,0.0353,5.5359,1.5248,0.2754,1.5082,1.4176,0.8565,0.4744,0.0878,1.1441,0.8992,0.6517,0.5611,0.3821,0.3866,171.4772,168.1795,5.1289,2.5336
25.8,774,upright,1.1368,1.5615,0.0314,5.5571,1.5301,0.2753,1.5101,1.4172,0.8564,0.4744,0.0865,1.1381,0.8933,0.6536,0.5608,0.382,0.3879,170.4719,169.4088,5.1913,2.5783
25.833,775,upright,1.1371,1.5633,0.0289,5.5768,1.5344,0.2751,1.5129,1.4176,0.8566,0.4737,0.0852,1.1343,0.8922,0.6563,0.561,0.3829,0.3885,168.991,170.5002,5.3028,2.6144
25.867,776,upright,1.1349,1.5624,0.0262,5.5739,1.5362,0.2756,1.514,1.4159,0.8539,0.4705,0.0838,1.1285,0.8912,0.66,0.5619,0.3835,0.3867,166.6034,171.9733,5.3607,2.6486
25.9,777,upright,1.1331,1.5614,0.0223,5.5747,1.5392,0.2761,1.5167,1.4131,0.8531,0.47,0.0824,1.1237,0.8906,0.6636,0.56,0.3831,0.3877,163.5386,172.7146,5.5059,2.6632
25.933,778,upright,1.1323,1.5604,0.0182,5.5763,1.5422,0.2766,1.5199,1.4112,0.8534,0.471,0.0812,1.1196,0.8875,0.6665,0.5578,0.3824,0.3898,160.9843,173.3641,5.797,2.6728
25.967,779,upright,1.1337,1.5609,0.0168,5.5817,1.5441,0.2766,1.5238,1.4101,0.8573,0.4728,0.0804,1.1161,0.8865,0.6664,0.5528,0.3845,0.3924,160.085,174.3001,5.9777,2.6931
26.0,780,upright,1.1363,1.5609,0.0124,5.5937,1.5485,0.2768,1.5253,1.4093,0.8633,0.4729,0.0798,1.1125,0.8835,0.662,0.546,0.3904,0.3931,161.3857,175.7971,5.9503,2.7066
26.033,781,upright,1.1388,1.562,0.0109,5.6073,1.5511,0.2766,1.5287,1.4102,0.8674,0.4736,0.0795,1.1098,0.8798,0.6613,0.5428,0.3938,0.3941,163.5949,176.777,6.3744,2.7073
26.067,782,upright,1.1403,1.5638,0.0096,5.6261,1.5542,0.2762,1.5325,1.4108,0.8699,0.4739,0.0794,1.1072,0.878,0.6627,0.5409,0.396,0.3945,166.1807,177.4179,6.9598,2.7044
26.1,783,upright,1.1425,1.5644,0.0046,5.6419,1.5598,0.2765,1.5352,1.4137,0.8712,0.472,0.079,1.1073,0.8782,0.664,0.5425,0.3992,0.393,168.2515,178.285,6.9883,2.6983
26.133,784,upright,1.1447,1.5666,0.0022,5.665,1.5643,0.2761,1.5381,1.4173,0.8721,0.4706,0.0789,1.1093,0.729,0.6661,0.5452,0.4014,0.3918,170.3546,178.3568,7.2835,2.6997
26.167,785,upright,1.1487,1.5681,-0.0012,5.6821,1.5693,0.2762,1.5413,1.4228,0.8745,0.4702,0.0787,1.1158,0.7285,0.6668,0.5482,0.4044,0.3915,172.0487,177.9253,7.7452,2.6951
26.2,786,upright,1.1509,1.5699,-0.0039,5.7022,1.5738,0.276,1.5428,1.4265,0.8753,0.4691,0.0786,1.1206,0.8876,0.6676,0.5513,0.4062,0.3905,172.8967,176.9794,8.385,2.6954
26.233,787,upright,1.1518,1.5716,-0.0065,5.7246,1.5781,0.2757,1.5437,1.4284,0.8752,0.4672,0.0783,1.1241,0.7238,0.6685,0.5532,0.4079,0.3889,172.8263,175.8473,9.0465,2.6948
26.267,788,upright,1.1529,1.5737,-0.0089,5.7501,1.5827,0.2752,1.5443,1.43,0.8758,0.4669,0.0782,1.1268,0.7196,0.6684,0.5541,0.4089,0.3888,172.8483,175.4398,9.3809,2.6985
26.3,789,upright,1.1538,1.576,-0.0108,5.7757,1.5868,0.2747,1.547,1.4317,0.876,0.4659,0.078,1.1293,0.7159,0.6711,0.5558,0.4101,0.3878,172.7455,175.2102,9.5985,2.6915
26.333,790,upright,1.1559,1.58,-0.0108,5.8113,1.5907,0.2737,1.5518,1.4342,0.8775,0.4668,0.078,1.1312,0.7138,0.6743,0.5567,0.4107,0.3888,172.866,175.1165,9.8184,2.6769
26.367,791,upright,1.1564,1.5832,-0.0115,5.8448,1.5947,0.2728,1.556,1.4353,0.8774,0.4676,0.078,1.1298,0.7129,0.6786,0.5579,0.4098,0.3897,172.2895,174.4629,10.204,2.6592
26.4,792,upright,1.1563,1.5853,-0.0131,5.8698,1.5983,0.2723,1.5583,1.4366,0.876,0.466,0.0779,1.13,0.7136,0.6823,0.5606,0.4099,0.3881,171.9859,174.1613,10.4161,2.6412
26.433,793,upright,1.1565,1.5878,-0.0144,5.899,1.6023,0.2716,1.562,1.4379,0.8752,0.467,0.0778,1.1293,0.7148,0.6868,0.5628,0.4082,0.3892,171.6273,174.0778,10.5331,2.6258
26.467,794,upright,1.1562,1.5928,-0.0146,5.9499,1.6073,0.2701,1.5681,1.4391,0.8732,0.4681,0.0777,1.1287,0.7167,0.6948,0.5658,0.4051,0.3904,171.2781,173.9486,10.7217,2.6035
26.5,795,upright,1.1564,1.598,-0.0151,6.0044,1.6131,0.2687,1.5748,1.4397,0.8731,0.4693,0.0777,1.129,0.7193,0.7017,0.5665,0.4039,0.3916,171.2286,173.9356,10.9635,2.578
26.533,796,upright,1.1601,1.6032,-0.0147,6.0578,1.6179,0.2671,1.5827,1.4428,0.8774,0.4745,0.0777,1.0206,0.7237,0.7053,0.5654,0.4029,0.3969,170.7046,173.0658,11.668,2.5353
26.567,797,upright,1.1606,1.6058,-0.0145,6.0888,1.6203,0.2661,1.5839,1.4436,0.8775,0.4755,0.0777,1.1343,0.7269,0.7064,0.5661,0.402,0.3979,170.2743,173.2874,11.7493,2.5198
26.6,798,upright,1.1632,1.6088,-0.0132,6.1176,1.622,0.2651,1.5845,1.4469,0.8796,0.4766,0.0778,1.133,0.9009,0.7049,0.5673,0.403,0.3988,169.514,173.0639,11.9798,2.5037
26.633,799,upright,1.1661,1.6111,-0.0126,6.1378,1.6237,0.2645,1.5854,1.45,0.8822,0.4766,0.0778,1.1326,0.8993,0.7032,0.5678,0.4056,0.3988,168.4582,172.3798,12.436,2.4774
26.667,800,upright,1.1678,1.6143,-0.0104,6.1684,1.6247,0.2634,1.5873,1.4531,0.8825,0.475,0.0779,1.132,0.8996,0.7047,0.5706,0.4075,0.3971,166.1757,171.3596,12.8193,2.4489
26.7,801,upright,1.1686,1.6174,-0.0065,6.192,1.6239,0.2623,1.5893,1.4542,0.8829,0.4741,0.0781,1.1354,0.9069,0.7064,0.5713,0.4088,0.396,162.6985,170.031,12.8439,2.4336
26.733,802,upright,1.1699,1.6209,-0.001,6.2188,1.6219,0.2608,1.5899,1.4561,0.8836,0.4734,0.0784,1.1369,0.9099,0.7063,0.5724,0.4102,0.395,158.7882,168.5284,12.7022,2.4349
26.767,803,upright,1.1697,1.6216,0.0031,6.2307,1.6185,0.2598,1.5881,1.4542,0.8851,0.476,0.0785,1.1347,0.9064,0.703,0.5691,0.4091,0.3975,154.8485,166.9458,12.6884,2.4409
26.8,804,upright,1.172,1.6221,0.0149,6.2257,1.6072,0.2582,1.5866,1.4534,0.8906,0.476,0.0788,1.1313,0.8967,0.6959,0.5627,0.4147,0.3972,153.802,166.022,13.0273,2.503
26.833,805,upright,1.1727,1.6227,0.0303,6.2182,1.5924,0.2561,1.5853,1.4509,0.8946,0.476,0.0791,1.1297,0.8913,0.6907,0.5563,0.4186,0.3969,153.5554,165.2702,13.3213,2.6066
26.867,806,upright,1.169,1.6212,0.0386,6.202,1.5826,0.2552,1.5819,1.4441,0.8938,0.4741,0.0793,1.1221,0.8778,0.688,0.5503,0.4198,0.3948,153.8629,165.1239,13.3424,2.7552
26.9,807,upright,1.1676,1.6213,0.0328,6.2056,1.5885,0.256,1.5798,1.4409,0.8943,0.4749,0.0793,1.1211,0.8767,0.6855,0.5466,0.4194,0.3956,155.8155,165.1354,13.3443,2.6955
26.933,808,upright,1.1642,1.6201,0.0306,6.1962,1.5894,0.2565,1.5759,1.4357,0.8927,0.4735,0.0798,1.0521,0.7549,0.6832,0.543,0.4193,0.3937,158.8488,166.7007,13.1202,2.6308
26.967,809,upright,1.1649,1.6205,0.0271,6.1966,1.5934,0.2571,1.5735,1.4348,0.895,0.4744,0.0807,1.0555,0.7555,0.6784,0.5398,0.4207,0.3937,163.8097,167.4985,13.5434,2.5845
27.0,810,upright,1.1681,1.6209,0.0273,6.1866,1.5937,0.2576,1.5726,1.4345,0.9017,0.4806,0.0818,1.0608,0.7568,0.6708,0.5328,0.4212,0.3988,167.1298,166.7484,14.3129,2.5395
27.033,811,,1.1703,1.6215,0.0243,6.1707,1.5972,0.2588,1.5732,1.4334,0.9071,0.4825,0.0826,1.1323,0.8903,0.6661,0.5263,0.4246,0.3999,169.4499,166.2059,15.2156,2.5014
27.067,812,,1.1716,1.624,0.0283,6.1558,1.5957,0.2592,1.5761,1.4329,0.9102,0.4835,0.0825,1.1382,0.898,0.6659,0.5227,0.4267,0.401,170.9721,167.7638,15.2629,2.511
27.1,813,,1.17,1.6258,0.0198,6.166,1.606,0.2605,1.5748,1.4323,0.9078,0.4834,0.0828,1.1423,0.9015,0.667,0.5245,0.4244,0.4006,174.0637,171.205,14.147,2.3644
27.133,814,,1.1631,1.625,0.0098,6.1669,1.6152,0.2619,1.5739,1.4293,0.8969,0.4799,0.0826,1.14,0.8994,0.677,0.5323,0.4171,0.3973,175.8231,169.8404,12.5288,2.3438
27.167,815,,1.1575,1.6228,-0.0046,6.1662,1.6274,0.2639,1.5729,1.4297,0.8853,0.4749,0.0818,1.1405,0.8954,0.6876,0.5444,0.4104,0.3931,175.3344,169.261,11.1588,2.3384
27.2,816,,1.1492,1.6168,-0.0214,6.1505,1.6382,0.2663,1.5681,1.4258,0.8726,0.4645,0.0802,1.1375,0.8875,0.6955,0.5532,0.4081,0.3842,172.6022,169.9794,9.6281,2.3584
27.233,817,,1.1384,1.6072,-0.0428,6.1222,1.65,0.2695,1.5597,1.4172,0.8595,0.4493,0.0779,1.1277,0.8711,0.7002,0.5576,0.4103,0.3714,168.7692,170.7741,7.3243,2.4137
27.267,818,,1.1241,1.5972,-0.0622,6.0997,1.6593,0.272,1.5506,1.4056,0.8426,0.4263,0.0754,1.113,0.8503,0.708,0.563,0.4163,0.3509,162.3801,174.098,6.0956,2.4936
27.3,819,,1.1169,1.5931,-0.0718,6.0945,1.6649,0.2732,1.5466,1.3998,0.8339,0.4166,0.0735,1.1073,0.8407,0.7127,0.5659,0.4173,0.3431,158.5772,175.5673,5.2456,2.6474
27.333,820,,1.0999,1.5831,-0.0973,6.0967,1.6803,0.2756,1.5353,1.387,0.8129,0.402,0.0687,1.0906,0.819,0.7224,0.5741,0.4108,0.3333,158.7789,177.3759,4.3954,2.9645
27.367,821,,1.1055,1.5857,-0.0896,6.0992,1.6752,0.2747,1.5376,1.3894,0.8216,0.4158,0.0696,1.0937,0.8221,0.7161,0.5678,0.4058,0.3462,158.9856,174.4549,3.88,3.0019
27.4,822,,1.1086,1.5867,-0.0865,6.1005,1.6731,0.2743,1.5385,1.392,0.8251,0.4239,0.0701,1.0967,0.8239,0.7134,0.5669,0.4012,0.3539,156.7606,170.451,3.5071,3.0833
27.433,823,,1.1161,1.592,-0.0754,6.1154,1.6674,0.2727,1.5431,1.3989,0.8333,0.4371,0.0717,1.1052,0.8326,0.7098,0.5656,0.3962,0.3654,157.351,167.948,3.5592,3.1971
27.467,824,,1.1276,1.601,-0.0524,6.1247,1.6534,0.27,1.5523,1.4108,0.8445,0.4529,0.0745,1.1225,0.8487,0.7078,0.5663,0.3916,0.3784,160.8073,167.4013,3.1537,3.2307
27.5,825,,1.1374,1.61,-0.0302,6.1433,1.6401,0.267,1.5609,1.4204,0.8543,0.4666,0.0776,1.1352,0.8622,0.7066,0.5661,0.3877,0.389,164.6531,166.2564,3.771,3.2319
27.533,826,,1.1465,1.617,-0.0125,6.1614,1.6295,0.2645,1.568,1.429,0.864,0.4738,0.0805,1.1464,0.8725,0.704,0.5651,0.3902,0.3933,168.4618,165.3569,4.3234,3.2428
27.567,827,,1.1509,1.6203,-0.0034,6.1724,1.6237,0.2631,1.5714,1.4336,0.8682,0.4771,0.0823,1.1541,0.8792,0.7032,0.5654,0.3911,0.3948,172.8016,165.5564,4.2281,3.1672
27.6,828,,1.154,1.6219,0.002,6.1766,1.6199,0.2623,1.5731,1.4374,0.8706,0.4759,0.0842,1.1593,0.8843,0.7025,0.5668,0.3947,0.3917,175.5558,164.5655,4.1504,3.0981
27.633,829,,1.1537,1.6233,0.0041,6.1914,1.6192,0.2615,1.5743,1.4403,0.8672,0.4714,0.0864,1.1627,0.8859,0.707,0.5731,0.3958,0.385,178.2993,163.7572,4.4308,2.9931
27.667,830,,1.1554,1.6244,0.0065,6.2023,1.6179,0.2609,1.5813,1.4424,0.8684,0.4727,0.0879,1.1669,0.8884,0.7129,0.574,0.3957,0.3848,178.1941,162.4738,5.0109,2.8622
27.7,831,,1.1574,1.6253,0.0082,6.2114,1.6172,0.2604,1.5831,1.4448,0.87,0.4721,0.0886,1.1711,0.8897,0.7131,0.5748,0.3979,0.3836,177.7678,162.201,5.5833,2.7171
27.733,832,,1.1576,1.6263,0.0104,6.2206,1.6158,0.2598,1.5847,1.4448,0.8704,0.4717,0.089,1.1745,0.8929,0.7143,0.5744,0.3987,0.3827,177.6205,162.0673,6.1262,2.5574
27.767,833,,1.1541,1.6268,0.0122,6.2275,1.6146,0.2593,1.586,1.4441,0.864,0.4669,0.0892,1.1767,0.8921,0.722,0.5801,0.3971,0.3777,177.1568,162.0883,6.7413,2.414
27.8,834,,1.1534,1.6263,0.0135,6.2256,1.6128,0.2591,1.5868,1.4427,0.8641,0.4658,0.0893,1.1777,0.8909,0.7227,0.5787,0.3983,0.3765,177.154,162.3739,8.0219,2.2771
27.833,835,,1.1532,1.6024,0.0134,5.9986,1.589,0.2649,1.5771,1.4419,0.8644,0.4661,0.0891,1.1763,0.8906,0.7127,0.5775,0.3983,0.377,177.5602,162.8589,9.5715,2.0918
27.867,836,,1.153,1.6023,0.0147,6.0081,1.5877,0.2643,1.5768,1.4406,0.8653,0.4671,0.0891,1.1747,0.8905,0.7114,0.5753,0.3982,0.3781,177.978,163.2635,10.7735,1.9898
27.9,837,,1.1512,1.6013,0.0163,6.012,1.585,0.2636,1.5756,1.4371,0.8654,0.4663,0.0892,1.1752,0.8944,0.7102,0.5717,0.3991,0.3771,177.446,162.5432,11.8689,1.897
27.933,838,,1.147,1.5993,0.0228,6.007,1.5765,0.2624,1.574,1.4336,0.8604,0.4633,0.0895,1.1758,0.8987,0.7136,0.5732,0.397,0.3739,177.3618,162.3483,12.2962,1.8236
27.967,839,,1.1453,1.5967,0.0331,5.9972,1.5636,0.2607,1.5722,1.4316,0.8591,0.4686,0.0898,1.1788,0.9004,0.7131,0.5725,0.3905,0.3787,177.6,162.4238,12.7176,1.7602
28.0,840,,1.1426,1.5929,0.0466,5.9777,1.5462,0.2587,1.5693,1.4294,0.8558,0.4705,0.09,1.1797,0.898,0.7135,0.5736,0.3853,0.3805,177.814,162.8181,13.3518,1.7381
28.033,841,,1.1353,1.6096,0.0644,6.1655,1.5453,0.2506,1.5747,1.4247,0.8458,0.4637,0.0897,1.1768,0.8926,0.7289,0.579,0.382,0.3741,177.2897,163.1427,13.9343,1.7987
28.067,842,,1.129,1.6057,0.0805,6.1412,1.5252,0.2484,1.5717,1.4196,0.8385,0.4601,0.089,1.174,0.8908,0.7333,0.5811,0.3784,0.3711,175.9849,162.977,14.1855,1.8196
28.1,843,,1.121,1.5789,0.0818,5.893,1.4971,0.254,1.5599,1.4118,0.8302,0.4558,0.0879,1.165,0.8867,0.7297,0.5816,0.3743,0.3679,174.7529,163.4713,14.4727,1.8129
28.133,844,,1.115,1.5751,0.0689,5.8906,1.5062,0.2557,1.558,1.406,0.8241,0.4537,0.0869,1.1559,0.8829,0.7339,0.5819,0.3704,0.3668,173.5814,163.8762,14.6177,1.8624
28.167,845,,1.1105,1.5728,0.0601,5.9099,1.5128,0.256,1.557,1.4013,0.8198,0.4521,0.086,1.1488,0.8779,0.7372,0.5816,0.3676,0.3661,172.3226,164.2619,14.6946,1.9149
28.2,846,,1.1081,1.573,0.0568,5.946,1.5162,0.255,1.5584,1.3991,0.8171,0.4528,0.0854,1.1435,0.8723,0.7413,0.582,0.3643,0.3674,171.6267,164.3576,14.7005,1.9546
28.233,847,,1.1083,1.5774,0.0563,5.972,1.5212,0.2547,1.5619,1.4,0.8166,0.4514,0.0853,1.1436,0.8707,0.7453,0.5833,0.3653,0.3661,172.8025,164.72,14.5401,1.9755
28.267,848,,1.1096,1.5792,0.0564,5.9937,1.5228,0.2541,1.5639,1.4005,0.8188,0.4516,0.0851,1.1424,0.8671,0.7452,0.5817,0.3672,0.3665,172.9533,165.0566,14.6768,1.9927
28.3,849,,1.1117,1.5808,0.0574,6.0144,1.5234,0.2533,1.5658,1.4017,0.8217,0.4525,0.0849,1.1432,0.8654,0.7441,0.58,0.3692,0.3676,173.2783,165.4853,14.7992,2.0056
28.333,850,,1.1151,1.5827,0.0576,6.0347,1.5251,0.2527,1.5677,1.4031,0.8272,0.4563,0.0848,1.1429,0.8667,0.7405,0.5759,0.3709,0.3714,173.582,165.7526,14.9144,2.0203
28.367,851,,1.1179,1.5835,0.0591,6.0448,1.5244,0.2522,1.568,1.4037,0.8321,0.4614,0.0848,1.1435,0.8674,0.7359,0.5716,0.3707,0.3766,173.7564,165.9408,14.9872,2.0279
28.4,852,,1.1208,1.5846,0.0579,6.0601,1.5267,0.2519,1.5675,1.4045,0.8371,0.4635,0.0848,1.1465,0.8681,0.7304,0.5675,0.3735,0.3788,174.4507,165.9627,14.8479,2.0317
28.433,853,,1.1226,1.583,0.0592,6.0452,1.5238,0.2521,1.5651,1.4045,0.8407,0.4662,0.0848,1.1481,0.8685,0.7243,0.5638,0.3745,0.3814,174.54,166.0527,14.7567,2.0295
28.467,854,,1.1233,1.581,0.0611,6.0219,1.5199,0.2524,1.5621,1.4032,0.8433,0.4683,0.0848,1.1504,0.8692,0.7188,0.5599,0.375,0.3835,174.65,166.0242,14.6523,2.0274
28.5,855,,1.1251,1.5959,0.0606,6.1987,1.5354,0.2477,1.5653,1.4022,0.848,0.4698,0.0848,1.1526,0.8692,0.7173,0.5542,0.3782,0.385,174.7324,165.8466,14.2978,2.0844
28.533,856,,1.1268,1.5907,0.0607,6.1355,1.5299,0.2494,1.5581,1.4017,0.8519,0.4705,0.0848,1.1558,0.8704,0.7062,0.5498,0.3813,0.3857,174.6055,165.519,13.8427,2.0923
28.567,857,,1.1257,1.5796,0.0599,6.0183,1.5197,0.2525,1.5449,1.3985,0.8529,0.4711,0.0848,1.1542,0.8696,0.6919,0.5456,0.3819,0.3862,174.6196,165.4758,13.0076,2.1056
28.6,858,,1.1223,1.5625,0.0592,5.8427,1.5033,0.2573,1.5247,1.3924,0.8522,0.4702,0.0849,1.1479,0.8679,0.6724,0.5401,0.382,0.3853,174.4758,165.2283,12.1974,2.1375
28.633,859,,1.1153,1.5425,0.0583,5.6462,1.4843,0.2629,1.5002,1.3795,0.8512,0.469,0.0849,1.1386,0.864,0.649,0.5283,0.3822,0.3841,174.0798,164.7141,11.4286,2.1732
28.667,860,,1.1061,1.5133,0.0592,5.3673,1.4541,0.2709,1.4669,1.362,0.8501,0.4692,0.0849,1.1247,0.8598,0.6168,0.5119,0.3809,0.3842,173.492,164.2393,10.4392,2.1996
28.7,861,,1.092,1.4369,0.0606,4.7063,1.3763,0.2924,1.4097,1.3364,0.8475,0.4696,0.085,1.1034,0.8491,0.5622,0.4889,0.3779,0.3845,173.0505,163.5483,9.3964,2.0782
28.733,862,,1.0712,1.3821,0.0619,4.2934,1.3201,0.3075,1.3588,1.298,0.8443,0.4707,0.0851,1.0772,0.836,0.5145,0.4537,0.3737,0.3856,172.731,162.7856,8.607,2.0328
28.767,863,,1.0413,1.322,0.0626,3.8874,1.2594,0.324,1.295,1.2469,0.8357,0.4701,0.0852,1.0448,0.8162,0.4594,0.4112,0.3656,0.3849,172.1602,161.2164,7.8037,1.9421
28.8,864,,0.9904,1.1933,0.0614,3.1464,1.132,0.3598,1.1766,1.1494,0.8314,0.4483,0.0855,0.9777,0.7515,0.3451,0.3179,0.3831,0.3628,172.4123,157.6056,6.2264,1.7782
28.833,865,,0.9791,1.2068,0.0642,3.1988,1.1426,0.3572,1.179,1.14,0.8181,0.4429,0.0855,0.9716,0.7489,0.3609,0.3219,0.3752,0.3574,171.2231,157.3374,5.9214,1.7976
28.867,866,,0.957,1.1697,0.067,3.0032,1.1027,0.3672,1.1415,1.1142,0.7998,0.4314,0.0857,0.9534,0.7396,0.3417,0.3144,0.3684,0.3457,169.7335,156.251,5.3791,1.7263
28.9,867,,0.9195,1.1261,0.0687,2.7915,1.0574,0.3788,1.0945,1.0759,0.7632,0.4155,0.0859,0.9223,0.7269,0.3313,0.3127,0.3477,0.3296,167.693,154.7407,5.3278,1.6318
28.933,868,,0.885,1.0783,0.0703,2.573,1.008,0.3918,1.0464,1.0387,0.7314,0.3976,0.0861,0.9003,0.7204,0.3149,0.3072,0.3338,0.3115,164.2658,152.4406,5.1274,1.5611
28.967,869,,0.8518,1.0364,0.0708,2.3946,0.9656,0.4032,1.0052,1.0015,0.7021,0.381,0.0863,0.8843,0.7165,0.303,0.2993,0.3212,0.2947,160.1934,149.8724,4.4898,1.4865
29.0,870,sitting,0.8231,0.995,0.0722,2.2526,0.9227,0.4096,0.969,0.9672,0.679,0.3673,0.0865,0.8683,0.7139,0.2901,0.2882,0.3117,0.2808,156.4778,146.9093,3.8139,1.395
29.033,871,sitting,0.8094,0.9724,0.072,2.181,0.9004,0.4128,0.9377,0.9461,0.6727,0.3633,0.0865,0.856,0.7073,0.2649,0.2733,0.3094,0.2768,155.0724,145.8744,2.3913,1.3376
29.067,872,sitting,0.7958,0.9548,0.0707,2.1177,0.884,0.4174,0.917,0.9282,0.6634,0.3545,0.0866,0.8453,0.6929,0.2536,0.2648,0.3089,0.2679,153.2312,144.1912,2.2249,1.2907
29.1,873,sitting,0.7906,0.9481,0.069,2.0954,0.8791,0.4196,0.9038,0.9199,0.6614,0.3516,0.0867,0.8367,0.68,0.2423,0.2584,0.3098,0.265,152.4682,143.4256,2.3162,1.2708
29.133,874,sitting,0.7904,0.95,0.0676,2.1034,0.8824,0.4195,0.9014,0.9196,0.6612,0.3521,0.0867,0.831,0.6644,0.2403,0.2585,0.309,0.2654,151.9684,142.7087,2.7568,1.2746
29.167,875,sitting,0.7911,0.955,0.0668,2.1218,0.8882,0.4186,0.9095,0.9235,0.6587,0.3542,0.0868,0.8314,0.657,0.2508,0.2648,0.3045,0.2673,152.0972,142.368,3.5125,1.2919
29.2,876,sitting,0.7954,0.9674,0.0681,2.168,0.8993,0.4148,0.9203,0.9339,0.6569,0.3535,0.0869,0.8324,0.6585,0.2634,0.277,0.3034,0.2666,152.3843,142.9864,4.6479,1.317
29.233,877,sitting,0.8014,0.9773,0.068,2.2054,0.9093,0.4123,0.9391,0.9444,0.6583,0.3524,0.0869,0.836,0.6605,0.2808,0.2861,0.3059,0.2655,152.6771,143.9867,5.8394,1.3412
29.267,878,sitting,0.8091,0.9969,0.069,2.2617,0.9279,0.4103,0.9782,0.9588,0.6593,0.3517,0.0869,0.8405,0.6597,0.3189,0.2995,0.3076,0.2648,152.5233,144.7891,7.2696,1.3712
29.3,879,sitting,0.8203,1.0469,0.0677,2.4447,0.9792,0.4006,1.0275,0.981,0.6596,0.3511,0.0869,0.8457,0.6605,0.3679,0.3214,0.3085,0.2642,152.622,146.1097,8.5296,1.4448
29.333,880,sitting,0.8332,1.0934,0.0663,2.6439,1.0271,0.3885,1.0752,1.0057,0.6608,0.3508,0.0868,0.8507,0.659,0.4144,0.3449,0.31,0.264,152.4527,147.0951,9.5923,1.525
29.367,881,sitting,0.8483,1.1349,0.0646,2.8396,1.0703,0.3769,1.1177,1.0323,0.6643,0.3513,0.0868,0.8589,0.6607,0.4534,0.368,0.313,0.2645,152.2831,147.9906,10.3098,1.6011
29.4,882,sitting,0.8594,1.1898,0.0618,3.1199,1.128,0.3615,1.1582,1.0522,0.6666,0.351,0.0866,0.868,0.6609,0.4916,0.3856,0.3156,0.2644,152.3129,148.7175,10.936,1.7084
29.433,883,sitting,0.8671,1.2098,0.0603,3.2202,1.1494,0.3569,1.1832,1.0652,0.6689,0.3501,0.0866,0.8768,0.6593,0.5143,0.3963,0.3188,0.2636,152.7537,149.4682,11.1433,1.7546
29.467,884,sitting,0.873,1.2238,0.06,3.2909,1.1638,0.3536,1.2017,1.0745,0.6715,0.3507,0.0864,0.8831,0.6591,0.5302,0.403,0.3208,0.2642,153.6985,150.4799,10.8318,1.7975
29.5,885,sitting,0.8772,1.2378,0.0592,3.3666,1.1785,0.3501,1.2165,1.0827,0.6716,0.3516,0.0863,0.8892,0.6598,0.5449,0.4111,0.32,0.2653,154.804,151.4069,10.3441,1.851
29.533,886,sitting,0.882,1.2502,0.0615,3.4287,1.1888,0.3467,1.2303,1.091,0.673,0.3563,0.0862,0.8958,0.6641,0.5573,0.418,0.3167,0.2701,156.575,152.7892,9.9147,1.911
29.567,887,sitting,0.886,1.2622,0.0626,3.4941,1.1996,0.3433,1.2434,1.0978,0.6742,0.3602,0.0861,0.9002,0.6663,0.5692,0.4236,0.3139,0.2741,158.3036,154.1221,9.5046,1.9666
29.6,888,sitting,0.8891,1.2738,0.063,3.5598,1.2107,0.3401,1.257,1.1041,0.6741,0.366,0.086,0.9044,0.6694,0.5829,0.4301,0.3081,0.28,159.7692,155.1414,9.047,1.9841
29.633,889,sitting,0.8933,1.2817,0.0635,3.6044,1.2182,0.338,1.2666,1.1108,0.6758,0.371,0.0859,0.91,0.6737,0.5908,0.435,0.3048,0.2851,161.4295,156.3065,8.6961,1.9939
29.667,890,sitting,0.8962,1.2908,0.0637,3.6568,1.2271,0.3356,1.2765,1.1161,0.6762,0.3766,0.0858,0.9136,0.6773,0.6003,0.4399,0.2997,0.2907,162.7341,157.1187,8.4973,2.0047
29.7,891,sitting,0.8991,1.2986,0.0633,3.7035,1.2353,0.3335,1.2853,1.1202,0.6779,0.3792,0.0858,0.9175,0.68,0.6074,0.4423,0.2988,0.2934,163.6275,157.7585,8.2554,2.0154
29.733,892,sitting,0.901,1.3058,0.0641,3.745,1.2417,0.3316,1.2926,1.1232,0.6788,0.3819,0.0857,0.9191,0.6819,0.6137,0.4444,0.2969,0.2962,164.4646,158.2732,8.0771,2.0234
29.767,893,sitting,0.9025,1.312,0.0644,3.7813,1.2476,0.3299,1.2984,1.1266,0.6784,0.3824,0.0856,0.9215,0.6842,0.62,0.4481,0.2961,0.2967,164.4353,158.5055,7.8988,2.0318
29.8,894,sitting,0.9044,1.3172,0.0657,3.8124,1.2515,0.3283,1.3035,1.1302,0.6787,0.3837,0.0856,0.9235,0.6864,0.6248,0.4515,0.295,0.2981,164.4879,158.7037,7.7526,2.0474
29.833,895,sitting,0.9057,1.3209,0.0676,3.8366,1.2533,0.3267,1.3078,1.1326,0.6787,0.385,0.0856,0.9248,0.6886,0.6291,0.4539,0.2937,0.2994,164.3758,158.6805,7.593,2.058
29.867,896,sitting,0.9084,1.3242,0.0705,3.8541,1.2537,0.3253,1.3114,1.1363,0.6804,0.3866,0.0856,0.9272,0.6914,0.631,0.4559,0.2938,0.301,164.4144,158.8225,7.3737,2.0733
29.9,897,sitting,0.9117,1.3276,0.0733,3.8675,1.2543,0.3243,1.3144,1.1404,0.6831,0.3925,0.0857,0.93,0.6953,0.6313,0.4573,0.2906,0.3068,164.9889,158.993,7.1387,2.0912
29.933,898,sitting,0.9126,1.3288,0.0746,3.8734,1.2543,0.3238,1.3142,1.1412,0.684,0.3933,0.0857,0.9281,0.6932,0.6302,0.4573,0.2907,0.3076,164.7095,158.6277,7.1335,2.1126
29.967,899,sitting,0.9118,1.3266,0.0752,3.858,1.2514,0.3244,1.3119,1.1397,0.6839,0.3942,0.0858,0.9246,0.6911,0.628,0.4558,0.2897,0.3084,164.3689,158.1912,7.0814,2.1303
30.0,900,sitting,0.9099,1.3234,0.0768,3.8347,1.2466,0.3251,1.3096,1.1369,0.683,0.3975,0.0858,0.9201,0.6904,0.6267,0.4539,0.2854,0.3117,164.1971,158.0054,6.9047,2.1374
30.033,901,sitting,0.9068,1.319,0.0815,3.809,1.2375,0.3249,1.3058,1.1323,0.6813,0.3954,0.0857,0.9125,0.6844,0.6245,0.451,0.2859,0.3097,163.0928,157.5676,6.8451,2.1407
30.067,902,sitting,0.9003,1.3131,0.084,3.7802,1.229,0.3251,1.3008,1.1264,0.6742,0.3899,0.0857,0.9038,0.6752,0.6266,0.4522,0.2843,0.3043,161.4715,156.8023,6.8118,2.1444
30.1,903,sitting,0.8977,1.3111,0.0825,3.7758,1.2286,0.3254,1.3002,1.124,0.6715,0.3885,0.0857,0.8988,0.6719,0.6287,0.4525,0.283,0.3028,160.1938,156.036,6.9071,2.1371
30.133,904,sitting,0.8944,1.3114,0.0826,3.7851,1.2288,0.3246,1.3004,1.1216,0.6672,0.3842,0.0858,0.8937,0.6666,0.6332,0.4544,0.283,0.2984,158.631,155.096,7.0069,2.1279
30.167,905,sitting,0.8941,1.3151,0.0835,3.809,1.2316,0.3233,1.3037,1.1218,0.6664,0.3833,0.0861,0.8935,0.666,0.6372,0.4553,0.2831,0.2972,157.7381,154.1875,7.0196,2.1248
30.2,906,sitting,0.8944,1.3176,0.0813,3.8249,1.2363,0.3232,1.3057,1.1221,0.6667,0.3806,0.0865,0.8939,0.6642,0.6391,0.4554,0.2861,0.2941,156.8836,153.3771,7.0061,2.1079
30.233,907,sitting,0.8942,1.3188,0.0804,3.8317,1.2384,0.3232,1.3071,1.1221,0.6662,0.3786,0.0868,0.8945,0.6647,0.6409,0.4559,0.2876,0.2917,156.8285,153.08,6.9561,2.096
30.267,908,sitting,0.8938,1.319,0.0802,3.831,1.2388,0.3234,1.3073,1.1219,0.6657,0.3765,0.0871,0.8946,0.6663,0.6416,0.4562,0.2893,0.2893,156.6474,152.6959,6.9719,2.0842
30.3,909,sitting,0.8926,1.3182,0.0798,3.8271,1.2384,0.3236,1.3064,1.1211,0.664,0.3734,0.0873,0.8943,0.6674,0.6423,0.4571,0.2906,0.2861,156.8761,152.6072,6.9952,2.0722
30.333,910,sitting,0.8901,1.3165,0.0811,3.8195,1.2355,0.3235,1.3045,1.119,0.6612,0.3654,0.0875,0.8914,0.6652,0.6433,0.4578,0.2958,0.2779,157.2253,152.57,7.1456,2.0537
30.367,911,sitting,0.8871,1.3137,0.0825,3.8069,1.2313,0.3234,1.3017,1.1168,0.6574,0.3579,0.0875,0.8874,0.6632,0.6443,0.4594,0.2995,0.2704,157.6891,152.7369,7.3396,2.044
30.4,912,sitting,0.8853,1.3138,0.0818,3.8068,1.2319,0.3236,1.3011,1.1167,0.6539,0.3538,0.0874,0.8882,0.6642,0.6472,0.4628,0.3,0.2664,157.6848,153.0523,7.4743,2.0532
30.433,913,sitting,0.8838,1.3123,0.0827,3.7991,1.2296,0.3237,1.2995,1.1164,0.6511,0.3478,0.0873,0.8869,0.6626,0.6484,0.4653,0.3033,0.2604,157.9407,153.2922,7.6218,2.0532
30.467,914,sitting,0.8827,1.3112,0.0825,3.7937,1.2288,0.3239,1.2981,1.1168,0.6487,0.3421,0.0873,0.887,0.6616,0.6494,0.4681,0.3067,0.2547,158.1893,153.5457,7.7938,2.0556
30.5,915,sitting,0.8821,1.3104,0.0829,3.7875,1.2275,0.3241,1.2968,1.1171,0.6471,0.3381,0.0873,0.8875,0.6612,0.6497,0.47,0.309,0.2508,158.3388,153.7616,7.9312,2.0599
30.533,916,sitting,0.8818,1.3096,0.0833,3.7825,1.2263,0.3242,1.2956,1.117,0.6466,0.3357,0.0873,0.8875,0.6605,0.6489,0.4703,0.3109,0.2484,158.6579,153.9556,7.9891,2.0629
30.567,917,sitting,0.8817,1.3094,0.0832,3.7811,1.2262,0.3243,1.2946,1.1169,0.6466,0.3347,0.0873,0.8875,0.6608,0.648,0.4703,0.3119,0.2474,159.2572,154.1998,8.0322,2.0623
30.6,918,sitting,0.8814,1.3086,0.0835,3.7765,1.2251,0.3244,1.2933,1.1163,0.6465,0.3329,0.0873,0.8872,0.6599,0.6468,0.4698,0.3137,0.2456,159.5155,154.36,8.0286,2.0624
30.633,919,sitting,0.8811,1.3077,0.084,3.772,1.2237,0.3244,1.2918,1.1155,0.6468,0.3316,0.0873,0.8864,0.6585,0.6451,0.4687,0.3151,0.2443,159.7129,154.4949,7.9632,2.0623
30.667,920,sitting,0.8802,1.3069,0.0843,3.7688,1.2227,0.3244,1.2905,1.1144,0.6459,0.3296,0.0873,0.8854,0.6569,0.6446,0.4686,0.3162,0.2423,160.0589,154.6336,7.8467,2.0592
30.7,921,sitting,0.879,1.3063,0.0843,3.7671,1.222,0.3244,1.2896,1.1137,0.6442,0.3271,0.0873,0.8844,0.6551,0.6454,0.4695,0.3171,0.2398,160.1816,154.7242,7.7858,2.0569
30.733,922,sitting,0.878,1.3063,0.0846,3.7678,1.2217,0.3243,1.2893,1.1129,0.643,0.3265,0.0873,0.8841,0.6544,0.6463,0.47,0.3165,0.2392,160.487,154.8498,7.7417,2.0567
30.767,923,sitting,0.877,1.3062,0.0847,3.7679,1.2216,0.3242,1.2888,1.1124,0.6415,0.3254,0.0873,0.8845,0.6539,0.6473,0.4709,0.3161,0.2381,160.7966,155.0155,7.6845,2.0549
30.8,924,sitting,0.8776,1.307,0.0847,3.7718,1.2223,0.3241,1.2889,1.1125,0.6427,0.3262,0.0873,0.8847,0.6536,0.6462,0.4697,0.3165,0.2389,161.1122,155.1479,7.6495,2.0564
30.833,925,sitting,0.8775,1.3076,0.0855,3.776,1.2221,0.3236,1.289,1.1123,0.6426,0.3266,0.0874,0.8844,0.6532,0.6464,0.4697,0.316,0.2392,161.6757,155.3492,7.6174,2.0565
30.867,926,sitting,0.8765,1.3074,0.0855,3.7766,1.2219,0.3235,1.2881,1.1112,0.6419,0.3245,0.0874,0.8836,0.6517,0.6463,0.4693,0.3173,0.2372,161.8323,155.4227,7.4993,2.0537
30.9,927,sitting,0.8761,1.3074,0.0853,3.7765,1.2221,0.3236,1.2874,1.1104,0.6418,0.3233,0.0874,0.8838,0.6521,0.6456,0.4686,0.3184,0.236,162.3793,155.6777,7.4103,2.0505
30.933,928,sitting,0.8754,1.3073,0.0855,3.7769,1.2217,0.3235,1.2867,1.1094,0.6414,0.3223,0.0874,0.884,0.6522,0.6454,0.4681,0.3191,0.2349,162.7701,155.8169,7.3492,2.0495
30.967,929,sitting,0.8749,1.3072,0.0858,3.777,1.2213,0.3234,1.2863,1.1088,0.641,0.3218,0.0874,0.8844,0.6528,0.6453,0.4678,0.3192,0.2344,162.9602,155.8916,7.3579,2.0483
31.0,930,sitting,0.874,1.3069,0.0861,3.7769,1.2207,0.3232,1.2855,1.1079,0.6401,0.3206,0.0874,0.8836,0.6516,0.6454,0.4678,0.3195,0.2332,163.3225,156.0596,7.3692,2.0472
31.033,931,sitting,0.8734,1.307,0.0867,3.7783,1.2203,0.323,1.2855,1.1074,0.6393,0.3198,0.0874,0.8833,0.652,0.6462,0.468,0.3196,0.2324,163.5119,156.137,7.4282,2.0485
31.067,932,sitting,0.8733,1.3071,0.0874,3.7795,1.2197,0.3227,1.2855,1.1075,0.6392,0.3195,0.0874,0.8831,0.6515,0.6463,0.4683,0.3197,0.2321,163.7764,156.2493,7.4823,2.0509
31.1,933,sitting,0.8726,1.3067,0.0869,3.7785,1.2198,0.3228,1.2852,1.1072,0.6381,0.3179,0.0874,0.8824,0.6505,0.6472,0.4691,0.3202,0.2305,163.9453,156.4075,7.6121,2.0522
31.133,934,sitting,0.8719,1.3066,0.087,3.778,1.2196,0.3228,1.2853,1.1065,0.6372,0.3165,0.0873,0.8813,0.6497,0.6481,0.4694,0.3207,0.2292,163.8148,156.424,7.6909,2.0493
31.167,935,sitting,0.871,1.3066,0.0861,3.7776,1.2204,0.3231,1.2856,1.1061,0.6359,0.316,0.0873,0.8808,0.6485,0.6496,0.4702,0.3199,0.2287,163.9226,156.5024,7.761,2.0476
31.2,936,sitting,0.8726,1.3083,0.0843,3.7821,1.224,0.3236,1.2876,1.1073,0.6379,0.3198,0.0872,0.8829,0.6511,0.6497,0.4695,0.318,0.2326,164.0961,156.5582,7.749,2.0529
31.233,937,sitting,0.8728,1.3086,0.0849,3.7826,1.2236,0.3235,1.2882,1.1077,0.638,0.3202,0.0872,0.8829,0.651,0.6503,0.4697,0.3178,0.233,164.1299,156.583,7.8732,2.0514
31.267,938,sitting,0.8723,1.3092,0.0855,3.7876,1.2236,0.3231,1.2889,1.1076,0.637,0.3194,0.0872,0.8821,0.6504,0.652,0.4706,0.3176,0.2322,164.059,156.5931,7.9868,2.0535
31.3,939,sitting,0.8717,1.3096,0.086,3.7926,1.2236,0.3226,1.2893,1.1068,0.6366,0.319,0.0872,0.8808,0.6487,0.6527,0.4702,0.3176,0.2318,163.9549,156.6435,8.05,2.06
31.333,940,sitting,0.8705,1.3092,0.0861,3.7922,1.2231,0.3225,1.2891,1.1057,0.6352,0.3183,0.0872,0.8786,0.6472,0.6538,0.4705,0.317,0.2311,163.5492,156.7268,8.1494,2.0628
31.367,941,sitting,0.8706,1.3091,0.0863,3.7907,1.2228,0.3226,1.2895,1.106,0.6351,0.3179,0.0871,0.8785,0.6472,0.6544,0.471,0.3172,0.2308,163.1662,156.9262,8.2167,2.0634
31.4,942,sitting,0.871,1.309,0.0869,3.7889,1.2221,0.3225,1.2896,1.1061,0.6359,0.318,0.0871,0.8786,0.6474,0.6538,0.4702,0.3179,0.2308,162.9238,156.9057,8.2594,2.0632
31.433,943,sitting,0.87,1.3079,0.0869,3.7823,1.221,0.3228,1.2889,1.1053,0.6347,0.3172,0.0871,0.8777,0.6462,0.6542,0.4706,0.3175,0.2301,162.8698,156.8513,8.372,2.061
31.467,944,sitting,0.8689,1.3062,0.0867,3.7715,1.2195,0.3234,1.2873,1.1039,0.6339,0.317,0.0872,0.8766,0.6449,0.6533,0.47,0.317,0.2298,163.1726,156.769,8.5533,2.054
31.5,945,sitting,0.8686,1.3044,0.0872,3.7601,1.2172,0.3237,1.2856,1.103,0.6342,0.3167,0.0872,0.8769,0.645,0.6514,0.4688,0.3175,0.2295,163.3403,156.7293,8.701,2.0482
31.533,946,sitting,0.8678,1.3007,0.0862,3.7398,1.2145,0.3248,1.2826,1.1013,0.6343,0.3163,0.0873,0.8769,0.6451,0.6483,0.467,0.318,0.229,163.1664,156.6131,8.9263,2.0405
31.567,947,sitting,0.8665,1.2968,0.0843,3.7191,1.2124,0.326,1.2794,1.0996,0.6335,0.3151,0.0873,0.8759,0.6446,0.6458,0.466,0.3184,0.2279,162.7742,156.5877,9.2186,2.0323
31.6,948,sitting,0.8628,1.2908,0.0821,3.691,1.2086,0.3275,1.2744,1.0954,0.6301,0.3117,0.0872,0.8718,0.6404,0.6443,0.4653,0.3184,0.2245,162.4101,156.3778,9.6155,2.016
31.633,949,sitting,0.8599,1.2851,0.0807,3.6617,1.2043,0.3289,1.2693,1.0921,0.6278,0.3095,0.0872,0.8685,0.6369,0.6415,0.4643,0.3183,0.2222,162.0319,156.2326,10.0011,1.9965
31.667,950,sitting,0.8581,1.2808,0.0795,3.6397,1.2013,0.33,1.2656,1.0895,0.6267,0.3073,0.0872,0.866,0.6341,0.6389,0.4628,0.3193,0.2201,161.1822,156.0645,10.4542,1.9739
31.7,951,sitting,0.856,1.2771,0.0785,3.6212,1.1986,0.331,1.2624,1.0869,0.6251,0.3058,0.0873,0.8634,0.6308,0.6373,0.4618,0.3194,0.2185,159.6855,155.8657,10.8996,1.9495
31.733,952,sitting,0.8538,1.274,0.0775,3.6068,1.1966,0.3318,1.259,1.0841,0.6236,0.3045,0.0873,0.861,0.628,0.6354,0.4604,0.3191,0.2171,157.6616,155.7513,11.3092,1.9232
31.767,953,sitting,0.8523,1.2718,0.0761,3.5964,1.1957,0.3325,1.257,1.0819,0.6228,0.3052,0.0875,0.8587,0.6239,0.6342,0.4591,0.3175,0.2178,156.1724,155.4183,11.783,1.8977
31.8,954,sitting,0.8508,1.2705,0.0751,3.592,1.1954,0.3328,1.2555,1.0793,0.6222,0.3058,0.0876,0.8566,0.6208,0.6332,0.457,0.3164,0.2182,155.1366,155.0035,12.2947,1.8728
31.833,955,sitting,0.849,1.2691,0.0743,3.5866,1.1948,0.3331,1.2538,1.0771,0.621,0.3057,0.0878,0.8544,0.6173,0.6328,0.4561,0.3153,0.2179,153.8077,154.568,12.7106,1.8481
31.867,956,sitting,0.847,1.2679,0.0732,3.582,1.1946,0.3335,1.2526,1.075,0.6191,0.3056,0.0879,0.853,0.6153,0.6335,0.4559,0.3135,0.2176,153.2578,154.0692,13.0668,1.8283
31.9,957,sitting,0.8458,1.2671,0.0727,3.5788,1.1944,0.3337,1.2516,1.0733,0.6182,0.3055,0.0881,0.8513,0.611,0.6334,0.4552,0.3127,0.2174,152.6193,153.6484,13.3812,1.8071
31.933,958,sitting,0.8446,1.2671,0.0719,3.5802,1.1952,0.3338,1.2513,1.0722,0.6171,0.3052,0.0881,0.8494,0.6057,0.6343,0.4551,0.3118,0.2171,151.8527,153.26,13.7002,1.7884
31.967,959,sitting,0.8431,1.2668,0.0708,3.5795,1.1959,0.3341,1.2505,1.0709,0.6154,0.3046,0.0882,0.8472,0.6026,0.6351,0.4555,0.3108,0.2165,150.9903,152.8506,13.9834,1.773
32.0,960,sitting,0.8419,1.2664,0.0709,3.5769,1.1955,0.3342,1.2497,1.0695,0.6142,0.3049,0.0882,0.8467,0.603,0.6355,0.4553,0.3093,0.2167,150.7715,152.7165,14.2363,1.7665
32.033,961,sitting,0.8402,1.2654,0.0718,3.5704,1.1937,0.3343,1.2484,1.0683,0.6122,0.3056,0.0883,0.845,0.602,0.6362,0.4561,0.3066,0.2173,150.5247,152.3694,14.392,1.7524
32.067,962,sitting,0.8396,1.2652,0.0722,3.5678,1.193,0.3344,1.2479,1.0678,0.6114,0.3055,0.0884,0.8438,0.6026,0.6365,0.4564,0.3059,0.2171,150.0283,152.2761,14.5556,1.7458
32.1,963,sitting,0.8395,1.2656,0.0733,3.5674,1.1924,0.3342,1.2478,1.0676,0.6113,0.3055,0.0886,0.8428,0.6017,0.6365,0.4563,0.3058,0.217,149.7451,152.3048,14.6641,1.7417
32.133,964,sitting,0.8384,1.2655,0.075,3.5625,1.1905,0.3342,1.2473,1.0672,0.6095,0.3045,0.0887,0.8424,0.6017,0.6379,0.4578,0.305,0.2157,149.5784,152.4877,14.6971,1.7415
32.167,965,sitting,0.8377,1.2658,0.0751,3.5637,1.1907,0.3341,1.2473,1.0667,0.6087,0.3034,0.0888,0.8414,0.601,0.6386,0.4579,0.3053,0.2146,148.9091,152.3015,14.818,1.7407
32.2,966,sitting,0.8353,1.2651,0.0755,3.5583,1.1896,0.3343,1.2465,1.0653,0.6052,0.3023,0.089,0.8386,0.5995,0.6413,0.4601,0.3029,0.2133,148.8309,152.3024,14.9097,1.7421
32.233,967,sitting,0.834,1.2642,0.0758,3.5531,1.1884,0.3345,1.2455,1.0643,0.6037,0.3005,0.0891,0.8369,0.5978,0.6418,0.4606,0.3032,0.2114,148.9224,151.9305,14.9707,1.7393
32.267,968,sitting,0.8326,1.2633,0.0751,3.5492,1.1882,0.3348,1.2444,1.0634,0.6018,0.2966,0.0891,0.835,0.5963,0.6425,0.4616,0.3052,0.2075,148.2474,151.7878,14.9936,1.7358
32.3,969,sitting,0.8309,1.2622,0.0746,3.5441,1.1876,0.3351,1.2432,1.0621,0.5998,0.2926,0.0891,0.8329,0.5935,0.6434,0.4622,0.3072,0.2035,147.5717,151.5521,14.9612,1.7327
32.333,970,sitting,0.8306,1.2618,0.074,3.5415,1.1878,0.3354,1.2428,1.062,0.5992,0.2901,0.0891,0.8321,0.5928,0.6436,0.4627,0.3092,0.2009,147.031,151.4578,14.8634,1.7302
32.367,971,sitting,0.8278,1.2604,0.0748,3.5328,1.1856,0.3356,1.2417,1.0604,0.5952,0.2818,0.0891,0.829,0.5911,0.6465,0.4652,0.3134,0.1927,147.1932,151.718,14.8349,1.7283
32.4,972,sitting,0.8246,1.2585,0.075,3.5241,1.1835,0.3358,1.2404,1.0581,0.5912,0.2771,0.089,0.8244,0.5885,0.6492,0.4669,0.3141,0.1881,147.5035,151.3429,14.8415,1.7337
32.433,973,sitting,0.8232,1.2582,0.075,3.522,1.1832,0.3359,1.2402,1.0569,0.5894,0.272,0.089,0.8224,0.5881,0.6508,0.4674,0.3174,0.183,146.8835,151.2071,14.9001,1.7296
32.467,974,sitting,0.8217,1.2574,0.0746,3.518,1.1827,0.3362,1.2396,1.0553,0.5881,0.2677,0.089,0.8194,0.584,0.6515,0.4672,0.3204,0.1788,145.8487,151.1794,14.8864,1.7278
32.5,975,sitting,0.8194,1.2569,0.0724,3.5187,1.1844,0.3366,1.2391,1.053,0.5858,0.2603,0.0888,0.816,0.5774,0.6533,0.4672,0.3254,0.1715,145.9088,151.2139,14.9489,1.7345
32.533,976,,0.8171,1.2559,0.071,3.5157,1.1849,0.337,1.2382,1.0509,0.5832,0.2559,0.0887,0.8122,0.573,0.655,0.4677,0.3273,0.1672,145.8,151.3064,14.9456,1.7439
32.567,977,,0.8171,1.257,0.0694,3.5187,1.1876,0.3375,1.2395,1.0515,0.5826,0.2513,0.0881,0.8108,0.5708,0.6569,0.4688,0.3314,0.1632,147.3514,151.4798,14.7374,1.7529
32.6,978,,0.8149,1.2565,0.0688,3.5171,1.1877,0.3377,1.2391,1.0501,0.5796,0.2461,0.0878,0.8084,0.5662,0.6595,0.4705,0.3335,0.1583,147.1465,151.7894,14.3775,1.7642
32.633,979,,0.8138,1.257,0.0677,3.519,1.1893,0.338,1.2398,1.0496,0.5779,0.2443,0.0874,0.8072,0.5623,0.6619,0.4718,0.3335,0.1569,147.4181,151.9548,14.0529,1.7834
32.667,980,,0.8138,1.2581,0.0675,3.5218,1.1906,0.3381,1.2411,1.0501,0.5774,0.2454,0.087,0.8064,0.559,0.6637,0.4727,0.332,0.1584,148.0195,152.098,13.7595,1.8038
32.7,981,,0.8132,1.2584,0.066,3.5235,1.1923,0.3384,1.2419,1.0498,0.5765,0.2451,0.0865,0.8037,0.5539,0.6654,0.4732,0.3315,0.1586,146.9396,152.2076,13.4241,1.8181
32.733,982,,0.8149,1.2597,0.0642,3.5304,1.1955,0.3386,1.2437,1.0506,0.5792,0.2488,0.0861,0.8031,0.5515,0.6645,0.4713,0.3304,0.1627,145.7172,152.3045,13.2071,1.8262
32.767,983,,0.816,1.2611,0.0629,3.5374,1.1981,0.3387,1.2454,1.0519,0.5801,0.2526,0.0857,0.8043,0.5535,0.6653,0.4717,0.3275,0.1669,143.4104,152.031,12.9708,1.8282
32.8,984,,0.8168,1.2612,0.0645,3.5373,1.1967,0.3383,1.2457,1.0521,0.5815,0.258,0.0857,0.804,0.5523,0.6643,0.4707,0.3235,0.1723,143.228,151.4978,12.9212,1.8284
32.833,985,,0.8183,1.2627,0.0654,3.5427,1.1973,0.338,1.2473,1.0534,0.5832,0.268,0.0859,0.8049,0.5521,0.664,0.4702,0.3153,0.1821,144.2659,150.9101,12.9182,1.8298
32.867,986,,0.8199,1.2632,0.0651,3.5448,1.1981,0.338,1.2453,1.0545,0.5853,0.2775,0.086,0.8065,0.5536,0.66,0.4692,0.3078,0.1915,144.5088,150.365,12.9051,1.8316
32.9,987,,0.8233,1.2647,0.0664,3.5468,1.1983,0.3379,1.2501,1.0572,0.5893,0.2886,0.086,0.8095,0.5582,0.6607,0.4678,0.3008,0.2025,144.1644,149.6186,12.8173,1.8241
32.933,988,,0.826,1.2659,0.0641,3.5519,1.2018,0.3384,1.2517,1.0592,0.5927,0.2971,0.0862,0.8132,0.5648,0.6589,0.4665,0.2956,0.211,143.9781,149.0835,12.8291,1.8267
32.967,989,,0.8306,1.2688,0.0623,3.5594,1.2064,0.3389,1.2549,1.0638,0.5973,0.3088,0.0864,0.8189,0.5746,0.6576,0.4665,0.2886,0.2224,144.2601,148.4091,12.7272,1.8329
33.0,990,upright,0.8348,1.2702,0.0594,3.5656,1.2108,0.3396,1.2566,1.0671,0.6025,0.3181,0.0865,0.8242,0.5818,0.6541,0.4646,0.2844,0.2315,143.9365,147.6507,12.6025,1.8332
33.033,991,upright,0.8387,1.2729,0.0558,3.5752,1.2171,0.3404,1.2583,1.0704,0.6069,0.3262,0.0867,0.8295,0.589,0.6515,0.4636,0.2807,0.2395,143.8426,146.9469,12.4992,1.8341
33.067,992,upright,0.841,1.2745,0.0532,3.5792,1.2212,0.3412,1.2588,1.0722,0.6099,0.3314,0.0869,0.8322,0.591,0.649,0.4623,0.2784,0.2445,143.9725,146.494,12.4345,1.8316
33.1,993,upright,0.8428,1.2748,0.0509,3.5776,1.224,0.3421,1.2581,1.0735,0.612,0.3351,0.0871,0.8345,0.5915,0.646,0.4615,0.2769,0.248,144.2912,146.1607,12.3457,1.8264
33.133,994,upright,0.8446,1.2754,0.049,3.5749,1.2264,0.3431,1.2575,1.0747,0.6145,0.338,0.0873,0.8381,0.5972,0.643,0.4603,0.2765,0.2507,145.056,145.9265,12.2373,1.82
33.167,995,upright,0.8454,1.2751,0.0481,3.5687,1.2271,0.3438,1.256,1.0747,0.6161,0.3385,0.0875,0.8404,0.6014,0.6399,0.4586,0.2776,0.251,145.8676,145.8089,12.1305,1.812
33.2,996,upright,0.8446,1.2735,0.0493,3.5566,1.2242,0.3442,1.2536,1.0722,0.617,0.3381,0.0877,0.8399,0.602,0.6366,0.4553,0.2789,0.2504,146.3886,145.7109,11.9413,1.8005
33.233,997,upright,0.8445,1.2701,0.052,3.5282,1.2181,0.3452,1.2496,1.0707,0.6182,0.3383,0.0879,0.8419,0.6058,0.6314,0.4525,0.2799,0.2504,147.3118,145.705,11.7917,1.7788
33.267,998,upright,0.8444,1.2644,0.0554,3.4869,1.209,0.3467,1.244,1.0684,0.6205,0.3379,0.0882,0.8437,0.6084,0.6235,0.4479,0.2826,0.2497,148.4719,145.9215,11.6653,1.7513
33.3,999,upright,0.8465,1.2597,0.0581,3.4472,1.2017,0.3486,1.2395,1.0678,0.6252,0.3405,0.0884,0.848,0.6157,0.6143,0.4427,0.2847,0.2521,149.7235,146.1822,11.5317,1.7314
33.333,1000,upright,0.847,1.2527,0.0596,3.3965,1.193,0.3513,1.232,1.0658,0.6281,0.3397,0.0885,0.8516,0.6203,0.6039,0.4376,0.2884,0.2512,150.8853,146.4427,11.3088,1.7098
33.367,1001,upright,0.8425,1.2408,0.0639,3.3239,1.1769,0.3541,1.2206,1.0585,0.6265,0.3366,0.0887,0.8509,0.6188,0.5941,0.432,0.29,0.2478,152.3656,146.6516,10.7614,1.6781
33.4,1002,upright,0.8371,1.2278,0.0685,3.2483,1.1593,0.3569,1.2064,1.0498,0.6245,0.3335,0.0889,0.848,0.616,0.582,0.4253,0.291,0.2445,152.787,146.8565,10.0424,1.6454
33.433,1003,upright,0.8314,1.2128,0.0705,3.1674,1.1423,0.3607,1.1921,1.0403,0.6226,0.3309,0.089,0.8448,0.6143,0.5695,0.4177,0.2917,0.2419,152.122,146.8134,9.2441,1.6169
33.467,1004,upright,0.8263,1.1963,0.0726,3.0812,1.1237,0.3647,1.1773,1.031,0.6217,0.3274,0.089,0.8433,0.6144,0.5556,0.4093,0.2943,0.2384,150.9452,147.1727,8.4108,1.5882
33.5,1005,upright,0.8234,1.1858,0.075,3.0237,1.1108,0.3674,1.165,1.0254,0.6213,0.3244,0.0891,0.8428,0.6126,0.5437,0.4041,0.297,0.2353,150.5967,147.5625,7.4056,1.5714
33.533,1006,upright,0.8204,1.1796,0.0765,2.9882,1.1031,0.3692,1.1569,1.0208,0.6201,0.3188,0.089,0.8428,0.6103,0.5367,0.4006,0.3013,0.2298,150.792,147.8474,6.7945,1.5627
33.567,1007,upright,0.8182,1.1742,0.0773,2.96,1.0969,0.3706,1.1509,1.0172,0.6191,0.3134,0.089,0.8413,0.6057,0.5318,0.3981,0.3057,0.2244,151.6326,147.7827,6.2274,1.5575
33.6,1008,upright,0.8186,1.1627,0.0764,2.8819,1.0863,0.3769,1.1424,1.016,0.6212,0.3093,0.089,0.8401,0.6012,0.5212,0.3948,0.3119,0.2203,152.2539,147.9352,5.7965,1.5216
33.633,1009,upright,0.8219,1.1661,0.0778,2.8952,1.0883,0.3759,1.1447,1.0189,0.6249,0.3083,0.089,0.8411,0.601,0.5198,0.394,0.3167,0.2193,153.0198,148.1806,5.6691,1.5299
33.667,1010,upright,0.8249,1.1716,0.078,2.9223,1.0936,0.3742,1.1498,1.0224,0.6274,0.3075,0.0889,0.8423,0.6028,0.5224,0.395,0.3198,0.2186,153.4602,148.3661,5.6367,1.5421
33.7,1011,upright,0.8323,1.1794,0.0756,2.9644,1.1038,0.3723,1.1575,1.0295,0.6351,0.3087,0.0889,0.8465,0.6092,0.5224,0.3944,0.3264,0.2198,154.0388,148.7333,5.6809,1.5603
33.733,1012,upright,0.8464,1.1974,0.0747,3.0546,1.1227,0.3676,1.1746,1.0459,0.6469,0.3125,0.0889,0.8566,0.6183,0.5277,0.399,0.3344,0.2236,155.3467,149.6317,6.0126,1.5946
33.767,1013,upright,0.8656,1.2369,0.0725,3.2839,1.1644,0.3546,1.2121,1.0705,0.6607,0.3194,0.0889,0.8702,0.6288,0.5514,0.4098,0.3413,0.2304,156.6572,150.7305,6.3934,1.6981
33.8,1014,upright,0.8952,1.2727,0.0713,3.4583,1.2014,0.3474,1.2488,1.1065,0.6838,0.3282,0.089,0.8898,0.6372,0.565,0.4227,0.3556,0.2393,158.3791,152.0636,6.8944,1.738
33.833,1015,upright,0.9298,1.319,0.0722,3.729,1.2468,0.3344,1.2999,1.1501,0.7096,0.3425,0.089,0.9175,0.6532,0.5903,0.4404,0.3671,0.2536,160.8829,153.6859,7.4671,1.8358
33.867,1016,upright,0.9686,1.3652,0.0721,4.0222,1.293,0.3215,1.3499,1.1967,0.7405,0.3564,0.0889,0.9547,0.6804,0.6094,0.4562,0.3841,0.2674,163.5465,155.3405,8.0968,1.9263
33.9,1017,upright,1.0048,1.422,0.0714,4.4417,1.3506,0.3041,1.4035,1.2443,0.7653,0.3712,0.0889,0.9965,0.7187,0.6382,0.479,0.3941,0.2823,165.6837,156.9105,8.4202,2.0267
33.933,1018,upright,1.0326,1.468,0.0728,4.7949,1.3952,0.291,1.4503,1.2826,0.7826,0.3843,0.0888,1.0411,0.7598,0.6677,0.5,0.3983,0.2955,167.0041,158.1208,8.986,2.0874
33.967,1019,upright,1.0611,1.5064,0.0731,5.1207,1.4334,0.2799,1.489,1.3199,0.8022,0.3975,0.0887,1.081,0.8012,0.6868,0.5177,0.4047,0.3088,168.729,159.4646,9.4234,2.1276
34.0,1020,upright,1.0875,1.5324,0.071,5.345,1.4614,0.2734,1.5186,1.3496,0.8255,0.4172,0.0885,1.1108,0.8327,0.6931,0.5241,0.4083,0.3287,170.6939,160.529,9.7421,2.1436
34.033,1021,,1.11,1.5647,0.073,5.6571,1.4917,0.2637,1.5492,1.3748,0.8452,0.4296,0.0882,1.1279,0.8549,0.704,0.5296,0.4155,0.3415,172.6206,161.9938,9.6853,2.1688
34.067,1022,,1.1247,1.5923,0.0704,5.961,1.5219,0.2553,1.5781,1.3973,0.852,0.4377,0.0879,1.1457,0.8717,0.7261,0.5453,0.4143,0.3498,173.9867,163.1841,9.6782,2.2124
34.1,1023,,1.1334,1.6097,0.0719,6.1526,1.5378,0.2499,1.5957,1.4139,0.8528,0.443,0.0876,1.1559,0.8809,0.7428,0.5611,0.4099,0.3554,175.0903,164.3268,9.6161,2.2087
34.133,1024,,1.1418,1.6234,0.0733,6.3087,1.5501,0.2457,1.6076,1.4245,0.8591,0.4509,0.0874,1.1643,0.889,0.7484,0.5654,0.4082,0.3635,176.148,165.0914,9.6337,2.1917
34.167,1025,,1.1455,1.6304,0.0709,6.3945,1.5596,0.2439,1.6153,1.4332,0.8578,0.4534,0.0872,1.1702,0.8913,0.7575,0.5754,0.4044,0.3662,176.9414,165.6271,9.6481,2.1772
34.2,1026,,1.1477,1.6366,0.0691,6.4689,1.5674,0.2423,1.622,1.4376,0.8578,0.4549,0.0871,1.1737,0.89,0.7642,0.5798,0.403,0.3678,177.9036,166.1472,9.7647,2.1738
34.233,1027,,1.1467,1.6412,0.0664,6.531,1.5748,0.2411,1.627,1.438,0.8555,0.4554,0.087,1.1702,0.8858,0.7715,0.5825,0.4,0.3685,177.9162,166.5598,10.0524,2.1767
34.267,1028,,1.145,1.6442,0.0648,6.5713,1.5794,0.2404,1.6303,1.4376,0.8523,0.4552,0.0869,1.1661,0.8807,0.778,0.5853,0.3971,0.3683,177.9051,166.9074,10.2877,2.1893
34.3,1029,,1.1435,1.6464,0.0675,6.5861,1.5789,0.2397,1.6334,1.4369,0.8501,0.4532,0.0868,1.1614,0.8772,0.7833,0.5868,0.3969,0.3664,177.5708,167.176,10.4615,2.1987
34.333,1030,,1.1416,1.6481,0.07,6.6052,1.5781,0.2389,1.6363,1.436,0.8473,0.4508,0.0867,1.1562,0.872,0.789,0.5887,0.3965,0.364,177.3064,167.3508,10.6507,2.2162
34.367,1031,,1.1415,1.6494,0.0701,6.6216,1.5792,0.2385,1.6386,1.4362,0.8467,0.4514,0.0867,1.1534,0.8692,0.7919,0.5894,0.3954,0.3647,177.2196,167.4295,10.9086,2.2399
34.4,1032,,1.1403,1.6491,0.0679,6.6077,1.5812,0.2393,1.6372,1.4358,0.8448,0.4507,0.0867,1.1504,0.8646,0.7924,0.591,0.3941,0.364,177.2092,167.3139,11.1893,2.2643
34.433,1033,,1.139,1.6511,0.0657,6.6517,1.5854,0.2383,1.6409,1.4355,0.8425,0.4498,0.0866,1.1486,0.8599,0.7984,0.5929,0.3927,0.3632,177.2129,167.1762,11.4029,2.3146
34.467,1034,,1.1371,1.6523,0.0648,6.6668,1.5875,0.2381,1.6421,1.4347,0.8394,0.4492,0.0867,1.1469,0.8558,0.8026,0.5953,0.3903,0.3625,177.3272,166.9745,11.5822,2.3595
34.5,1035,,1.1366,1.6533,0.0637,6.6805,1.5897,0.238,1.6431,1.4347,0.8386,0.4505,0.0866,1.146,0.8537,0.8045,0.5961,0.388,0.3639,177.3332,166.8786,11.6977,2.3722
34.533,1036,,1.1364,1.6542,0.0633,6.6906,1.591,0.2378,1.6441,1.435,0.8379,0.4517,0.0866,1.1458,0.8534,0.8063,0.5971,0.3862,0.365,177.2812,166.8097,11.7432,2.38
34.567,1037,,1.1363,1.6542,0.0625,6.6925,1.5917,0.2378,1.6443,1.4347,0.838,0.4518,0.0866,1.1459,0.8535,0.8063,0.5968,0.3862,0.3651,177.3985,166.7428,11.7866,2.3855
34.6,1038,,1.1363,1.654,0.0622,6.691,1.5918,0.2379,1.644,1.4348,0.8378,0.4513,0.0866,1.1458,0.8525,0.8062,0.597,0.3865,0.3647,177.5937,166.6815,11.7922,2.3878
34.633,1039,,1.1366,1.6535,0.0621,6.686,1.5913,0.238,1.6433,1.4348,0.8385,0.4519,0.0866,1.146,0.8529,0.8048,0.5963,0.3865,0.3653,177.7,166.6289,11.8118,2.3859
34.667,1040,,1.1373,1.6522,0.0622,6.6731,1.59,0.2383,1.6422,1.4345,0.8402,0.4526,0.0866,1.1468,0.8539,0.802,0.5943,0.3875,0.366,177.6801,166.6158,11.8199,2.3816
34.7,1041,,1.1376,1.6512,0.0616,6.6641,1.5896,0.2385,1.6408,1.4339,0.8414,0.4538,0.0866,1.1474,0.8548,0.7994,0.5925,0.3877,0.3672,177.561,166.5542,11.7801,2.3782
34.733,1042,,1.1383,1.6491,0.0603,6.6441,1.5889,0.2391,1.6387,1.433,0.8437,0.4546,0.0865,1.1472,0.8558,0.7951,0.5893,0.3891,0.368,177.4452,166.4219,11.7468,2.3765
34.767,1043,,1.139,1.646,0.0594,6.6096,1.5866,0.24,1.6355,1.4317,0.8462,0.4548,0.0866,1.1473,0.8577,0.7893,0.5856,0.3914,0.3683,177.424,166.2858,11.6443,2.3702
34.8,1044,,1.1399,1.6392,0.0612,6.5221,1.578,0.2419,1.629,1.429,0.8507,0.4556,0.0866,1.1473,0.8599,0.7783,0.5783,0.3951,0.369,177.4631,166.1595,11.5167,2.3563
34.833,1045,,1.1351,1.6256,0.0603,6.3476,1.5653,0.2466,1.6128,1.421,0.8492,0.4545,0.0867,1.1458,0.8607,0.7636,0.5719,0.3946,0.3679,177.1496,165.6151,11.1916,2.3223
34.867,1046,,1.1282,1.6059,0.0605,6.129,1.5455,0.2522,1.5888,1.4097,0.8468,0.4503,0.0868,1.1426,0.8593,0.742,0.5629,0.3965,0.3635,176.9402,165.0118,10.7979,2.2765
34.9,1047,,1.1154,1.5843,0.0599,5.9152,1.5244,0.2577,1.5623,1.3899,0.8409,0.4454,0.0869,1.1343,0.8548,0.7214,0.549,0.3955,0.3585,176.033,164.2058,10.6411,2.2588
34.933,1048,,1.0946,1.5445,0.0606,5.5189,1.4839,0.2689,1.5218,1.3574,0.8318,0.439,0.087,1.119,0.847,0.69,0.5257,0.3928,0.3519,174.3648,163.0346,10.3928,2.1886
34.967,1049,,1.0689,1.4988,0.0627,5.0986,1.4361,0.2817,1.4755,1.3183,0.8194,0.4276,0.0872,1.0957,0.834,0.6561,0.4989,0.3918,0.3404,171.8865,161.4112,10.1486,2.1095
35.0,1050,sitting,1.0346,1.4462,0.0657,4.6594,1.3804,0.2963,1.4211,1.2732,0.7961,0.4089,0.0875,1.0602,0.8085,0.625,0.4771,0.3872,0.3214,168.2936,159.2898,10.1107,2.0236
35.033,1051,sitting,0.9979,1.3867,0.0688,4.2164,1.3179,0.3125,1.3607,1.2248,0.771,0.3893,0.0877,1.0255,0.7803,0.5897,0.4538,0.3817,0.3015,164.5665,157.5076,10.0445,1.9346
35.067,1052,sitting,0.962,1.3266,0.0698,3.8126,1.2568,0.3296,1.3025,1.1768,0.7472,0.3759,0.088,0.9909,0.7467,0.5553,0.4296,0.3713,0.2879,160.9609,155.5813,9.5925,1.8448
35.1,1053,sitting,0.9312,1.2785,0.0709,3.5201,1.2076,0.3431,1.249,1.1353,0.7271,0.3637,0.0881,0.9514,0.713,0.5219,0.4082,0.3634,0.2756,156.488,153.1424,9.1443,1.7691
35.133,1054,sitting,0.8982,1.2335,0.0728,3.2657,1.1607,0.3554,1.202,1.097,0.6995,0.3523,0.0884,0.9239,0.6937,0.5025,0.3975,0.3471,0.264,152.4323,150.5542,8.7441,1.6782
35.167,1055,sitting,0.8694,1.1818,0.0722,2.9775,1.1096,0.3727,1.1526,1.0631,0.6757,0.345,0.0885,0.9011,0.6761,0.4769,0.3874,0.3307,0.2566,148.8163,148.0428,8.7617,1.5539
35.2,1056,sitting,0.884,1.1308,0.0654,2.7154,1.0654,0.3923,1.114,1.0534,0.7146,0.3867,0.0896,0.9203,0.6984,0.3994,0.3389,0.3279,0.2972,148.8452,145.0432,10.2239,1.5057
35.233,1057,sitting,0.8439,1.1409,0.07,2.8076,1.0709,0.3814,1.1085,1.026,0.6617,0.3505,0.0887,0.8861,0.6624,0.4467,0.3643,0.3113,0.2618,145.3152,144.9934,8.5123,1.5123
35.267,1058,sitting,0.8382,1.1308,0.069,2.7647,1.0618,0.3841,1.0987,1.0188,0.6577,0.3524,0.0887,0.8866,0.6596,0.4411,0.3611,0.3053,0.2637,143.6179,144.039,8.1261,1.4838
35.3,1059,sitting,0.8387,1.1291,0.069,2.7579,1.06,0.3844,1.0985,1.0191,0.6583,0.3571,0.0887,0.8862,0.6577,0.4401,0.3608,0.3012,0.2684,143.0134,143.3463,7.9938,1.474
35.333,1060,sitting,0.8444,1.1352,0.0695,2.7851,1.0657,0.3826,1.1048,1.0273,0.6614,0.3618,0.0887,0.8925,0.662,0.4434,0.3658,0.2997,0.2731,143.0922,143.3165,8.0031,1.4812
35.367,1061,sitting,0.8496,1.1461,0.0701,2.834,1.076,0.3797,1.1166,1.0355,0.6636,0.3655,0.0887,0.8976,0.6686,0.453,0.3719,0.2981,0.2768,143.1161,143.1423,8.0411,1.497
35.4,1062,sitting,0.8537,1.1584,0.0704,2.8917,1.0879,0.3762,1.1298,1.042,0.6653,0.3676,0.0887,0.9003,0.6712,0.4645,0.3767,0.2977,0.2789,143.2494,143.05,8.1647,1.5161
35.433,1063,sitting,0.8562,1.1677,0.0711,2.9364,1.0966,0.3735,1.1395,1.0468,0.6657,0.3686,0.0887,0.9016,0.6724,0.4738,0.3812,0.297,0.2799,143.2733,142.9968,8.4017,1.5298
35.467,1064,sitting,0.859,1.1797,0.0714,2.9941,1.1083,0.3702,1.1537,1.0509,0.6672,0.3696,0.0887,0.9034,0.6737,0.4865,0.3837,0.2976,0.2808,143.4535,143.0419,8.6846,1.5496
35.5,1065,sitting,0.8607,1.195,0.0727,3.0686,1.1222,0.3657,1.1704,1.0542,0.6671,0.3711,0.0888,0.9017,0.6709,0.5033,0.3871,0.2961,0.2823,143.7487,143.1009,9.0031,1.5724
35.533,1066,sitting,0.863,1.2069,0.0724,3.1294,1.1345,0.3625,1.1874,1.0587,0.6672,0.3706,0.0887,0.9028,0.6699,0.5201,0.3915,0.2966,0.2818,143.6712,143.3186,9.1718,1.5918
35.567,1067,sitting,0.8663,1.2203,0.072,3.1976,1.1483,0.3591,1.2041,1.0653,0.6673,0.3727,0.0887,0.9047,0.6704,0.5368,0.398,0.2946,0.2839,143.7616,143.4113,9.5478,1.6146
35.6,1068,sitting,0.8712,1.2331,0.0714,3.2663,1.1617,0.3557,1.2193,1.0733,0.6692,0.3729,0.0887,0.9067,0.6698,0.5501,0.4041,0.2962,0.2843,144.4826,143.9796,9.7788,1.6421
35.633,1069,sitting,0.8757,1.2466,0.0706,3.3377,1.176,0.3523,1.234,1.0805,0.6709,0.3748,0.0886,0.9095,0.671,0.5631,0.4097,0.2961,0.2862,145.1798,144.2678,10.215,1.6723
35.667,1070,sitting,0.8803,1.2606,0.0701,3.4125,1.1905,0.3489,1.2471,1.089,0.6716,0.3768,0.0886,0.9126,0.6739,0.5755,0.4174,0.2948,0.2883,145.976,144.714,10.2277,1.7054
35.7,1071,sitting,0.8846,1.2717,0.0697,3.4723,1.202,0.3462,1.2576,1.096,0.6733,0.3782,0.0885,0.916,0.6761,0.5843,0.4227,0.2951,0.2897,146.824,145.1436,10.3535,1.7343
35.733,1072,sitting,0.8883,1.2809,0.0693,3.5237,1.2116,0.3438,1.2671,1.1013,0.6753,0.3793,0.0883,0.9178,0.6747,0.5918,0.426,0.296,0.291,147.6578,145.7075,10.346,1.7581
35.767,1073,sitting,0.892,1.29,0.0695,3.5739,1.2205,0.3415,1.2762,1.1064,0.6776,0.381,0.0882,0.9204,0.6757,0.5986,0.4288,0.2966,0.2928,148.6343,146.3396,10.3748,1.7823
35.8,1074,sitting,0.896,1.2973,0.0699,3.6138,1.2274,0.3396,1.2839,1.1111,0.6809,0.3828,0.0881,0.9239,0.6796,0.603,0.4302,0.2981,0.2947,150.0167,147.1406,10.5003,1.8075
35.833,1075,sitting,0.8998,1.3025,0.0698,3.6434,1.2327,0.3383,1.2901,1.1155,0.6842,0.3855,0.088,0.9261,0.6815,0.6059,0.4313,0.2987,0.2974,151.265,147.9301,10.6287,1.8302
35.867,1076,sitting,0.9044,1.3089,0.0704,3.679,1.2385,0.3366,1.2955,1.1202,0.6885,0.3885,0.0879,0.9288,0.6842,0.6069,0.4317,0.3,0.3006,152.0363,148.4819,10.4581,1.848
35.9,1077,sitting,0.9083,1.3144,0.0703,3.711,1.244,0.3352,1.301,1.1239,0.6926,0.3917,0.0879,0.9306,0.6879,0.6084,0.4313,0.3009,0.3038,153.5965,149.2693,10.2655,1.8717
35.933,1078,sitting,0.9116,1.318,0.07,3.7338,1.248,0.3342,1.3054,1.127,0.6963,0.3957,0.088,0.9321,0.6899,0.6091,0.4308,0.3006,0.3077,155.1528,149.9308,10.164,1.8944
35.967,1079,sitting,0.9148,1.32,0.0695,3.748,1.2505,0.3336,1.3085,1.1296,0.6999,0.3982,0.088,0.9322,0.6902,0.6085,0.4297,0.3017,0.3102,156.7282,150.5806,10.1086,1.9159
36.0,1080,sitting,0.9177,1.3214,0.0693,3.7593,1.2521,0.3331,1.3099,1.1312,0.7041,0.4004,0.0881,0.9303,0.6875,0.6058,0.4271,0.3037,0.3122,158.427,151.2393,10.1739,1.9367
36.033,1081,sitting,0.9182,1.3215,0.0697,3.7595,1.2518,0.333,1.3103,1.1312,0.7051,0.4012,0.0883,0.9282,0.6847,0.6051,0.4261,0.304,0.3128,159.7389,151.5126,10.1028,1.9337
36.067,1082,sitting,0.9173,1.3215,0.0697,3.7581,1.2518,0.3331,1.3104,1.1298,0.7048,0.4019,0.0886,0.9252,0.6813,0.6056,0.425,0.3029,0.3133,160.7839,151.7472,10.0877,1.9224
36.1,1083,sitting,0.916,1.3225,0.0705,3.7582,1.252,0.3331,1.3111,1.1285,0.7035,0.4032,0.0888,0.9221,0.6779,0.6076,0.425,0.3003,0.3143,161.8077,151.9914,10.0263,1.9059
36.133,1084,sitting,0.9152,1.3239,0.0709,3.7664,1.253,0.3327,1.312,1.1278,0.7026,0.404,0.0889,0.9183,0.6752,0.6095,0.4252,0.2985,0.3151,162.1416,152.0838,9.9908,1.9043
36.167,1085,sitting,0.915,1.3261,0.0711,3.7799,1.255,0.332,1.3137,1.1282,0.7018,0.404,0.0889,0.9159,0.6744,0.6119,0.4264,0.2978,0.3151,162.4376,152.2706,9.9407,1.9149
36.2,1086,sitting,0.9163,1.3296,0.0715,3.8006,1.2581,0.331,1.3165,1.131,0.7017,0.4036,0.0889,0.9152,0.6741,0.6148,0.4293,0.298,0.3147,162.6626,152.5546,9.8638,1.9329
36.233,1087,sitting,0.9173,1.3324,0.0705,3.8212,1.2618,0.3302,1.3187,1.1342,0.7004,0.4026,0.0888,0.9143,0.6726,0.6184,0.4338,0.2978,0.3138,162.7654,152.8574,9.881,1.9556
36.267,1088,sitting,0.9178,1.3334,0.0695,3.8329,1.2639,0.3297,1.3197,1.1364,0.6992,0.3997,0.0888,0.9131,0.6715,0.6205,0.4372,0.2994,0.311,162.6963,153.0493,9.8702,1.9757
36.3,1089,sitting,0.9188,1.3348,0.0692,3.8426,1.2657,0.3294,1.3214,1.1391,0.6986,0.3986,0.0888,0.9134,0.671,0.6228,0.4405,0.2999,0.3099,162.384,153.1167,9.9263,1.9895
36.333,1090,sitting,0.9186,1.3348,0.0685,3.8453,1.2663,0.3293,1.3216,1.1396,0.6975,0.3971,0.0887,0.9115,0.6684,0.6241,0.4421,0.3004,0.3084,162.0457,153.0697,9.9987,1.9996
36.367,1091,sitting,0.9185,1.3342,0.068,3.843,1.2662,0.3295,1.3213,1.1397,0.6973,0.3962,0.0887,0.9109,0.6683,0.624,0.4425,0.3011,0.3075,161.2691,152.8428,10.0669,2.0031
36.4,1092,sitting,0.918,1.3339,0.0681,3.8412,1.2658,0.3295,1.3211,1.1395,0.6966,0.3955,0.0887,0.9102,0.6685,0.6246,0.4429,0.3011,0.3068,160.573,152.5576,10.2047,2.0013
36.433,1093,sitting,0.9171,1.3332,0.0685,3.8361,1.2647,0.3297,1.3205,1.1389,0.6952,0.3944,0.0887,0.9095,0.6681,0.6253,0.4437,0.3008,0.3057,159.7224,152.2519,10.3562,1.9902
36.467,1094,sitting,0.9161,1.3328,0.0702,3.8325,1.2627,0.3295,1.3199,1.1385,0.6937,0.3934,0.0888,0.9079,0.6651,0.6261,0.4447,0.3003,0.3047,158.9202,151.9469,10.4807,1.9732
36.5,1095,sitting,0.9163,1.3331,0.071,3.8326,1.262,0.3293,1.32,1.1392,0.6933,0.3922,0.0888,0.9082,0.6657,0.6267,0.4459,0.3011,0.3034,158.2231,151.7145,10.6673,1.9599
36.533,1096,sitting,0.9165,1.3334,0.0716,3.8342,1.2618,0.3291,1.3202,1.1398,0.6931,0.3913,0.0889,0.9075,0.6638,0.6271,0.4467,0.3018,0.3024,157.7785,151.5014,10.886,1.9521
36.567,1097,sitting,0.9171,1.3342,0.0721,3.8376,1.2621,0.3289,1.3207,1.1404,0.6937,0.3907,0.0889,0.9066,0.6612,0.627,0.4467,0.303,0.3018,157.6713,151.4311,11.169,1.955
36.6,1098,sitting,0.9174,1.3366,0.0724,3.8513,1.2642,0.3283,1.3223,1.141,0.6938,0.3913,0.0889,0.9059,0.6597,0.6285,0.4473,0.3025,0.3024,157.1635,151.328,11.4169,1.952
36.633,1099,sitting,0.9176,1.3381,0.073,3.8591,1.2651,0.3278,1.3233,1.1415,0.6938,0.3917,0.0889,0.9056,0.6593,0.6295,0.4476,0.3021,0.3028,156.859,151.3414,11.6365,1.9482
36.667,1100,sitting,0.918,1.3398,0.0726,3.8689,1.2672,0.3275,1.3244,1.1421,0.6939,0.3909,0.0889,0.9061,0.6613,0.6306,0.4482,0.303,0.302,156.6551,151.3672,11.828,1.9482
36.7,1101,sitting,0.9174,1.3406,0.0724,3.8748,1.2682,0.3273,1.3249,1.1419,0.6929,0.3895,0.0889,0.9061,0.6615,0.632,0.449,0.3035,0.3006,156.6001,151.3921,11.9311,1.9488
36.733,1102,sitting,0.9173,1.3415,0.0722,3.8812,1.2693,0.3271,1.3255,1.1418,0.6927,0.389,0.0889,0.9066,0.6624,0.6328,0.4492,0.3037,0.3001,156.6088,151.3957,12.0332,1.9505
36.767,1103,sitting,0.918,1.3427,0.0722,3.8866,1.2705,0.3269,1.3263,1.1424,0.6935,0.39,0.089,0.9085,0.6653,0.6328,0.4489,0.3035,0.3011,156.695,151.4199,12.2148,1.9539
36.8,1104,sitting,0.9173,1.342,0.0726,3.8835,1.2694,0.3269,1.3252,1.1419,0.6928,0.3889,0.0889,0.9069,0.664,0.6324,0.4491,0.3039,0.2999,157.3185,151.635,12.5166,1.958
36.833,1105,sitting,0.9164,1.342,0.0714,3.886,1.2705,0.327,1.3248,1.1411,0.6918,0.3875,0.0889,0.9055,0.6627,0.633,0.4493,0.3043,0.2986,157.9367,151.8614,12.5967,1.9705
36.867,1106,sitting,0.9155,1.3416,0.0712,3.8859,1.2704,0.3269,1.3241,1.1402,0.6907,0.3871,0.0889,0.9044,0.6612,0.6334,0.4496,0.3035,0.2982,158.2399,152.0162,12.6349,1.9727
36.9,1107,sitting,0.9154,1.3422,0.0709,3.8887,1.2713,0.3269,1.3245,1.1406,0.6903,0.3869,0.0889,0.9049,0.6614,0.6342,0.4503,0.3034,0.298,158.4701,152.1517,12.6392,1.9783
36.933,1108,sitting,0.9159,1.3429,0.0702,3.8924,1.2727,0.327,1.3251,1.1411,0.6907,0.3872,0.0889,0.9057,0.6618,0.6344,0.4504,0.3036,0.2982,158.7445,152.2768,12.7344,1.9847
36.967,1109,sitting,0.9154,1.3435,0.0695,3.8966,1.274,0.327,1.3257,1.141,0.6898,0.3859,0.0889,0.9053,0.661,0.6359,0.4512,0.3038,0.297,158.8601,152.2856,12.7091,1.9901
37.0,1110,sitting,0.9144,1.3432,0.0687,3.8964,1.2744,0.3271,1.3255,1.1404,0.6885,0.3837,0.0889,0.9043,0.6596,0.6369,0.4518,0.3049,0.2948,159.2483,152.3966,12.6826,1.9953
37.033,1111,sitting,0.9136,1.3428,0.0689,3.8948,1.2739,0.3271,1.3252,1.1398,0.6874,0.3825,0.0889,0.9035,0.6589,0.6378,0.4524,0.3049,0.2936,159.6346,152.5217,12.6496,1.9968
37.067,1112,sitting,0.9142,1.3434,0.0695,3.8957,1.2738,0.327,1.3258,1.1404,0.688,0.3833,0.0889,0.9051,0.6614,0.6378,0.4525,0.3046,0.2945,159.6441,152.6002,12.7298,1.996
37.1,1113,sitting,0.9143,1.3436,0.0696,3.8965,1.2739,0.3269,1.326,1.1407,0.6879,0.3831,0.0889,0.9058,0.6632,0.6382,0.4528,0.3048,0.2942,159.65,152.6992,12.7848,1.9942
37.133,1114,sitting,0.914,1.3442,0.0702,3.8985,1.274,0.3268,1.3264,1.141,0.687,0.3831,0.0889,0.9067,0.6631,0.6394,0.454,0.3039,0.2942,159.6387,152.7174,12.7847,1.9904
37.167,1115,sitting,0.9139,1.3444,0.0707,3.8983,1.2737,0.3267,1.3265,1.1408,0.687,0.3836,0.0889,0.9068,0.663,0.6394,0.4538,0.3035,0.2947,159.531,152.678,12.7696,1.9874
37.2,1116,sitting,0.9133,1.344,0.0708,3.8962,1.2732,0.3268,1.326,1.1399,0.6867,0.3831,0.0889,0.9061,0.6629,0.6393,0.4532,0.3036,0.2942,159.8061,152.6656,12.678,1.987
37.233,1117,sitting,0.912,1.3429,0.0713,3.8915,1.2716,0.3268,1.3248,1.1385,0.6856,0.3802,0.0889,0.9046,0.6608,0.6392,0.453,0.3053,0.2913,159.9878,152.787,12.6714,1.9856
37.267,1118,sitting,0.9118,1.3431,0.0713,3.8927,1.2718,0.3267,1.3252,1.1381,0.6855,0.3794,0.0889,0.9048,0.6605,0.6397,0.4527,0.3061,0.2905,160.1481,152.9391,12.6899,1.9835
37.3,1119,sitting,0.9113,1.3435,0.071,3.8952,1.2725,0.3267,1.3255,1.1378,0.6847,0.378,0.0889,0.9041,0.6592,0.6408,0.4531,0.3067,0.2891,160.363,153.0763,12.6721,1.9829
37.333,1120,sitting,0.9111,1.3438,0.0706,3.8975,1.2732,0.3267,1.3258,1.1377,0.6844,0.3782,0.0889,0.9039,0.6594,0.6413,0.4533,0.3062,0.2894,160.4667,153.0989,12.6682,1.9835
37.367,1121,sitting,0.9102,1.3435,0.0705,3.8966,1.273,0.3267,1.3253,1.1367,0.6836,0.3785,0.0888,0.9032,0.6583,0.6417,0.4531,0.3051,0.2897,160.585,153.1521,12.6812,1.9819
37.4,1122,sitting,0.9095,1.3431,0.0702,3.8961,1.2729,0.3267,1.3249,1.1358,0.6832,0.3785,0.0888,0.9029,0.6573,0.6417,0.4526,0.3047,0.2897,161.0113,153.2601,12.6365,1.9799
37.433,1123,sitting,0.9088,1.3427,0.0697,3.8954,1.273,0.3268,1.3243,1.1347,0.6828,0.3771,0.0888,0.9019,0.6557,0.6416,0.452,0.3056,0.2883,161.514,153.4602,12.641,1.9809
37.467,1124,sitting,0.9087,1.3431,0.0696,3.897,1.2735,0.3268,1.3246,1.1348,0.6827,0.377,0.0888,0.9025,0.6563,0.6419,0.452,0.3057,0.2882,161.5034,153.5002,12.7009,1.9813
37.5,1125,sitting,0.9086,1.3427,0.0685,3.8964,1.2742,0.327,1.3243,1.1345,0.6826,0.3762,0.0887,0.9023,0.6577,0.6417,0.4519,0.3064,0.2874,161.6462,153.5627,12.6882,1.9852
37.533,1126,sitting,0.9074,1.3425,0.0683,3.8951,1.2741,0.3271,1.3239,1.1339,0.681,0.3758,0.0887,0.902,0.6565,0.643,0.4529,0.3052,0.2871,161.9865,153.855,12.7638,1.9818
37.567,1127,sitting,0.9062,1.3416,0.0672,3.8939,1.2744,0.3273,1.3229,1.1327,0.6797,0.3743,0.0887,0.9002,0.6555,0.6432,0.453,0.3054,0.2856,162.2094,153.9022,12.7239,1.9824
37.6,1128,sitting,0.9074,1.3425,0.0677,3.8972,1.2748,0.3271,1.3236,1.1333,0.6814,0.3757,0.0887,0.9011,0.6561,0.6422,0.452,0.3057,0.287,162.2801,153.934,12.7264,1.9806
37.633,1129,sitting,0.9079,1.3426,0.0674,3.8973,1.2752,0.3272,1.3236,1.1336,0.6823,0.3762,0.0888,0.9021,0.6568,0.6413,0.4513,0.3061,0.2874,162.2618,153.977,12.7359,1.979
37.667,1130,sitting,0.9084,1.3428,0.0681,3.8969,1.2747,0.3271,1.3235,1.134,0.6827,0.3764,0.0888,0.9026,0.6571,0.6408,0.4512,0.3063,0.2876,161.8554,154.0168,12.7514,1.9761
37.7,1131,sitting,0.9081,1.342,0.0679,3.8935,1.2741,0.3272,1.3228,1.1336,0.6825,0.3752,0.0888,0.9024,0.6573,0.6403,0.4511,0.3073,0.2864,161.7222,154.2137,12.7246,1.9763
37.733,1132,sitting,0.9086,1.342,0.0677,3.8927,1.2743,0.3274,1.3229,1.1342,0.683,0.3763,0.0888,0.9034,0.6579,0.6398,0.4512,0.3067,0.2875,161.4675,154.2884,12.7601,1.9741
37.767,1133,sitting,0.909,1.3419,0.0672,3.8916,1.2747,0.3276,1.3228,1.1347,0.6833,0.3769,0.0889,0.9042,0.6584,0.6394,0.4513,0.3064,0.2881,161.2534,154.2989,12.7393,1.9711
37.8,1134,sitting,0.9093,1.3415,0.0666,3.8889,1.275,0.3279,1.3226,1.135,0.6837,0.3775,0.0889,0.9047,0.6586,0.6389,0.4513,0.3062,0.2886,161.2891,154.1651,12.7576,1.9692
37.833,1135,sitting,0.9097,1.3409,0.0661,3.8845,1.2747,0.3282,1.3223,1.1353,0.684,0.3781,0.0889,0.9053,0.6596,0.6383,0.4513,0.3059,0.2892,161.1512,154.1292,12.8165,1.9668
37.867,1136,sitting,0.9094,1.3393,0.0661,3.8758,1.2732,0.3285,1.3212,1.1351,0.6836,0.3788,0.0889,0.9048,0.6599,0.6375,0.4514,0.3049,0.2898,161.23,154.0464,12.8538,1.9615
37.9,1137,sitting,0.9089,1.3381,0.0656,3.8706,1.2725,0.3288,1.3202,1.1348,0.6831,0.3785,0.0889,0.9047,0.6607,0.6371,0.4517,0.3046,0.2896,161.3362,153.8976,12.8612,1.9582
37.933,1138,sitting,0.9085,1.3368,0.0658,3.8627,1.271,0.3291,1.3193,1.1346,0.6824,0.3787,0.089,0.9044,0.6606,0.6368,0.4521,0.3037,0.2897,161.3492,153.757,12.8688,1.9529
37.967,1139,sitting,0.908,1.3351,0.0653,3.8534,1.2698,0.3295,1.3179,1.1343,0.6816,0.3787,0.089,0.9044,0.6605,0.6363,0.4527,0.3029,0.2897,161.3877,153.5948,12.9667,1.9478
38.0,1140,sitting,0.9078,1.3335,0.0646,3.8456,1.2688,0.3299,1.3167,1.1341,0.6816,0.3785,0.089,0.9054,0.6625,0.6351,0.4526,0.3031,0.2895,161.4659,153.3216,13.0474,1.9441
38.033,1141,sitting,0.9077,1.3318,0.0645,3.8361,1.2673,0.3304,1.3154,1.1339,0.6815,0.3786,0.089,0.9055,0.6618,0.6339,0.4524,0.3029,0.2896,161.3986,153.0852,13.1371,1.9409
38.067,1142,sitting,0.9076,1.33,0.0641,3.8271,1.2659,0.3308,1.3142,1.1333,0.6818,0.3792,0.089,0.9048,0.6606,0.6324,0.4516,0.3026,0.2902,161.1029,152.9404,13.184,1.9392
38.1,1143,sitting,0.9071,1.3289,0.0637,3.8217,1.2652,0.3311,1.3132,1.1332,0.6811,0.3798,0.089,0.9046,0.6598,0.6321,0.4521,0.3013,0.2908,160.4991,152.6398,13.2087,1.9386
38.133,1144,sitting,0.9071,1.328,0.0639,3.8162,1.2641,0.3313,1.3124,1.133,0.6812,0.3803,0.089,0.9044,0.6593,0.6312,0.4518,0.301,0.2913,159.9874,152.3683,13.2243,1.9373
38.167,1145,sitting,0.9069,1.327,0.0641,3.8103,1.2629,0.3314,1.3116,1.1329,0.681,0.3795,0.089,0.9041,0.6578,0.6307,0.4519,0.3014,0.2905,159.6461,152.167,13.2191,1.9345
38.2,1146,sitting,0.907,1.326,0.0644,3.8044,1.2616,0.3316,1.311,1.1329,0.6811,0.3801,0.089,0.9035,0.6561,0.6299,0.4517,0.301,0.291,159.4004,152.0482,13.2359,1.9312
38.233,1147,sitting,0.9067,1.3248,0.0644,3.7981,1.2604,0.3319,1.3101,1.1325,0.6808,0.3803,0.089,0.9034,0.6566,0.6293,0.4517,0.3005,0.2912,159.1506,151.8904,13.2992,1.9299
38.267,1148,sitting,0.9068,1.3242,0.0637,3.7953,1.2605,0.3321,1.3096,1.1326,0.6809,0.3812,0.0891,0.9036,0.658,0.6286,0.4517,0.2997,0.2922,159.0101,151.7454,13.3392,1.9298
38.3,1149,sitting,0.9071,1.3242,0.0636,3.795,1.2606,0.3322,1.3095,1.133,0.6811,0.3818,0.0891,0.9039,0.6582,0.6284,0.4519,0.2993,0.2927,158.8156,151.5973,13.3323,1.9281
38.333,1150,sitting,0.9068,1.3238,0.0631,3.7938,1.2608,0.3323,1.3092,1.1329,0.6808,0.3822,0.0891,0.9036,0.6573,0.6284,0.4521,0.2985,0.2931,158.6134,151.468,13.3149,1.9284
38.367,1151,sitting,0.9073,1.3237,0.0631,3.7922,1.2605,0.3324,1.3094,1.1333,0.6814,0.3817,0.0891,0.9035,0.6566,0.628,0.4519,0.2997,0.2926,158.5907,151.502,13.3015,1.9281
38.4,1152,sitting,0.9079,1.3236,0.0636,3.7895,1.26,0.3325,1.3095,1.1334,0.6824,0.3831,0.0891,0.9045,0.6591,0.6271,0.451,0.2994,0.2939,158.536,151.43,13.246,1.9277
38.433,1153,sitting,0.9079,1.3237,0.0641,3.7894,1.2596,0.3324,1.3095,1.133,0.6828,0.3838,0.0891,0.9041,0.6593,0.6267,0.4502,0.2991,0.2947,158.5789,151.4266,13.2053,1.928
38.467,1154,sitting,0.907,1.3233,0.064,3.7887,1.2593,0.3324,1.3093,1.132,0.6821,0.3829,0.0891,0.9031,0.6601,0.6272,0.4498,0.2993,0.2937,158.756,151.4614,13.2176,1.928
38.5,1155,sitting,0.9066,1.3234,0.0638,3.7903,1.2596,0.3323,1.3093,1.1317,0.6816,0.3822,0.0891,0.9021,0.6583,0.6277,0.4501,0.2994,0.2931,158.9525,151.5097,13.1815,1.928
38.533,1156,sitting,0.9065,1.3237,0.0636,3.7919,1.2601,0.3323,1.3096,1.1318,0.6812,0.3815,0.0891,0.9022,0.6579,0.6284,0.4506,0.2997,0.2924,159.1022,151.564,13.1141,1.9282
38.567,1157,sitting,0.9069,1.3238,0.0636,3.7917,1.2602,0.3324,1.3097,1.1322,0.6816,0.3816,0.0891,0.9021,0.6568,0.6281,0.4506,0.3,0.2925,159.3546,151.6873,13.0944,1.9277
38.6,1158,sitting,0.907,1.3238,0.0632,3.7925,1.2606,0.3324,1.3098,1.1322,0.6818,0.3811,0.0891,0.9023,0.6571,0.6279,0.4503,0.3007,0.292,159.4966,151.7757,13.1155,1.929
38.633,1159,sitting,0.9068,1.3237,0.0628,3.7928,1.2609,0.3324,1.3096,1.1318,0.6817,0.3808,0.0891,0.9011,0.6546,0.6279,0.4501,0.301,0.2917,159.5885,151.8135,13.1242,1.93
38.667,1160,sitting,0.906,1.3233,0.0622,3.7929,1.2611,0.3325,1.3092,1.1312,0.6808,0.3796,0.0891,0.9002,0.6539,0.6283,0.4504,0.3012,0.2905,159.8644,151.9327,13.1677,1.9303
38.7,1161,sitting,0.9053,1.3229,0.062,3.7919,1.2609,0.3325,1.3088,1.1308,0.6798,0.3796,0.0891,0.8994,0.6532,0.629,0.451,0.3001,0.2905,160.1966,152.0001,13.1606,1.9284
38.733,1162,sitting,0.9055,1.3231,0.0628,3.7913,1.2603,0.3324,1.309,1.1313,0.6797,0.38,0.0891,0.8998,0.6535,0.6293,0.4516,0.2997,0.2908,160.5226,152.0695,13.0608,1.9256
38.767,1163,sitting,0.9065,1.3238,0.0633,3.7928,1.2606,0.3324,1.3099,1.1322,0.6807,0.3805,0.0892,0.9007,0.6543,0.6292,0.4515,0.3002,0.2913,160.9183,152.1495,12.9524,1.925
38.8,1164,sitting,0.9071,1.3237,0.0634,3.7914,1.2603,0.3324,1.3099,1.1324,0.6819,0.3812,0.0892,0.9009,0.6546,0.628,0.4505,0.3007,0.292,161.2713,152.2697,12.9028,1.925
38.833,1165,sitting,0.9076,1.3236,0.063,3.7913,1.2606,0.3325,1.3099,1.1322,0.6831,0.3824,0.0892,0.9003,0.6532,0.6268,0.4491,0.3007,0.2932,161.5531,152.398,12.8741,1.9268
38.867,1166,sitting,0.9072,1.3235,0.062,3.7922,1.2615,0.3327,1.3097,1.1317,0.6827,0.3819,0.0892,0.8999,0.6523,0.627,0.449,0.3008,0.2927,161.6084,152.4055,12.8213,1.9277
38.9,1167,sitting,0.9066,1.3227,0.0612,3.7897,1.2615,0.3329,1.3091,1.1313,0.6819,0.3812,0.0891,0.8995,0.6522,0.6272,0.4494,0.3007,0.2921,161.6193,152.3974,12.7327,1.9281
38.933,1168,sitting,0.9062,1.3222,0.0603,3.788,1.2618,0.3331,1.3087,1.1307,0.6817,0.3814,0.0891,0.8989,0.6521,0.627,0.4491,0.3002,0.2924,161.5567,152.3651,12.621,1.928
38.967,1169,sitting,0.9062,1.3222,0.0609,3.7856,1.2612,0.3332,1.3088,1.1309,0.6815,0.3824,0.089,0.8981,0.6517,0.6273,0.4494,0.2991,0.2934,162.029,152.613,12.5306,1.9244
39.0,1170,sitting,0.9074,1.3222,0.0606,3.7845,1.2616,0.3334,1.3088,1.131,0.6838,0.3837,0.0889,0.8981,0.651,0.6251,0.4473,0.3,0.2948,162.2572,152.7822,12.4773,1.9253
39.033,1171,,0.9083,1.3222,0.0616,3.7803,1.2606,0.3335,1.3091,1.1313,0.6853,0.3847,0.0889,0.8976,0.651,0.6238,0.446,0.3006,0.2958,162.8646,153.2269,12.3959,1.9257
39.067,1172,,0.908,1.3218,0.0619,3.7779,1.2599,0.3335,1.3087,1.1306,0.6853,0.3843,0.0888,0.8966,0.6497,0.6234,0.4453,0.301,0.2956,162.9076,153.3764,12.439,1.9288
39.1,1173,,0.9083,1.3212,0.0615,3.7761,1.2597,0.3336,1.3085,1.1306,0.6859,0.384,0.0887,0.896,0.6482,0.6226,0.4448,0.3019,0.2953,162.8371,153.5014,12.4542,1.9337
39.133,1174,,0.909,1.3209,0.0616,3.7744,1.2593,0.3336,1.3086,1.1313,0.6867,0.3841,0.0886,0.8962,0.6478,0.6219,0.4446,0.3025,0.2955,162.8668,153.6007,12.4186,1.9361
39.167,1175,,0.9098,1.3208,0.0616,3.7739,1.2592,0.3337,1.3086,1.132,0.6876,0.385,0.0886,0.8969,0.6477,0.621,0.4444,0.3026,0.2964,162.9315,153.6213,12.388,1.9394
39.2,1176,,0.9093,1.3195,0.0615,3.7688,1.258,0.3338,1.3075,1.1318,0.6868,0.3857,0.0884,0.8962,0.6468,0.6207,0.4449,0.3011,0.2973,162.7817,153.6188,12.4356,1.9452
39.233,1177,,0.9081,1.3177,0.0601,3.7618,1.2576,0.3343,1.3062,1.1305,0.6857,0.3868,0.0883,0.8949,0.6457,0.6205,0.4448,0.2989,0.2985,162.2776,153.4192,12.4087,1.9526
39.267,1178,,0.9067,1.3153,0.0588,3.7515,1.2565,0.3349,1.3043,1.1286,0.6848,0.3873,0.0882,0.8937,0.6462,0.6195,0.4437,0.2975,0.2991,161.8569,153.2397,12.4981,1.9592
39.3,1179,,0.9042,1.3132,0.0583,3.7472,1.255,0.3349,1.3021,1.1261,0.6823,0.3861,0.088,0.8917,0.6459,0.6198,0.4438,0.2962,0.2982,161.5063,153.1595,12.4995,1.965
39.333,1180,,0.9019,1.3113,0.0578,3.7388,1.2534,0.3353,1.2997,1.1246,0.6793,0.3858,0.0878,0.8906,0.6455,0.6204,0.4453,0.2935,0.298,160.9087,152.9599,12.5194,1.9664
39.367,1181,,0.8987,1.3093,0.0566,3.7326,1.2527,0.3356,1.2972,1.1226,0.6749,0.3837,0.0876,0.8897,0.6451,0.6223,0.4478,0.2912,0.2961,160.0055,152.658,12.5925,1.9697
39.4,1182,,0.8963,1.3076,0.0547,3.7289,1.2529,0.336,1.2948,1.1208,0.6717,0.3829,0.0874,0.8891,0.6451,0.6231,0.449,0.2889,0.2954,159.4474,152.4096,12.6636,1.9712
39.433,1183,,0.8945,1.3064,0.054,3.7246,1.2524,0.3363,1.2929,1.1194,0.6697,0.3815,0.0873,0.8884,0.6427,0.6232,0.4497,0.2882,0.2941,159.0923,152.2852,12.7308,1.9679
39.467,1184,,0.8923,1.304,0.0538,3.713,1.2501,0.3367,1.29,1.1173,0.6673,0.3797,0.0873,0.8881,0.6421,0.6227,0.4501,0.2876,0.2924,158.6605,152.0995,12.8897,1.9585
39.5,1185,,0.8901,1.3013,0.0541,3.6998,1.2472,0.3371,1.287,1.1149,0.6652,0.3785,0.0873,0.8867,0.6393,0.6218,0.4498,0.2867,0.2912,158.3779,151.9284,13.0244,1.9457
39.533,1186,,0.8889,1.2995,0.0538,3.6896,1.2456,0.3376,1.2845,1.1127,0.665,0.3791,0.0873,0.887,0.6398,0.6195,0.4477,0.2859,0.2917,157.7835,151.5062,13.2415,1.9295
39.567,1187,,0.8862,1.2947,0.0529,3.6651,1.2418,0.3388,1.2791,1.1082,0.6642,0.3789,0.0874,0.8859,0.6382,0.6149,0.4441,0.2853,0.2915,157.7149,151.279,13.5561,1.9029
39.6,1188,,0.8848,1.2897,0.0525,3.6363,1.2371,0.3402,1.2729,1.1047,0.6649,0.3791,0.0875,0.8865,0.6388,0.608,0.4398,0.2858,0.2916,158.1315,151.0741,13.7449,1.8714
39.633,1189,,0.8834,1.2844,0.0532,3.6042,1.2312,0.3416,1.2669,1.1007,0.6662,0.3782,0.0877,0.8868,0.6396,0.6007,0.4344,0.288,0.2905,158.5785,150.9831,13.9318,1.8366
39.667,1190,,0.8816,1.278,0.0546,3.5647,1.2234,0.3432,1.2603,1.0962,0.6671,0.3781,0.0879,0.8867,0.6413,0.5932,0.4291,0.289,0.2902,159.0871,150.8242,14.1528,1.8019
39.7,1191,,0.8781,1.2714,0.0555,3.5256,1.2159,0.3449,1.2523,1.0907,0.6655,0.3741,0.088,0.8854,0.6398,0.5868,0.4252,0.2915,0.286,158.9976,150.6104,14.2524,1.7795
39.733,1192,,0.874,1.2612,0.0574,3.4635,1.2038,0.3476,1.2426,1.0846,0.6634,0.3712,0.0882,0.8837,0.64,0.5791,0.4211,0.2922,0.283,159.197,150.4364,14.4476,1.7464
39.767,1193,,0.8705,1.2521,0.0582,3.4108,1.1938,0.35,1.2332,1.0783,0.6627,0.3666,0.0883,0.8823,0.6393,0.5705,0.4156,0.2961,0.2783,159.4368,150.4143,14.5499,1.7241
39.8,1194,,0.8669,1.2408,0.06,3.3429,1.1809,0.3532,1.2215,1.072,0.6618,0.3641,0.0884,0.8816,0.6418,0.5597,0.4103,0.2977,0.2758,159.6917,150.3524,14.5476,1.6926
39.833,1195,,0.8622,1.2273,0.0611,3.2659,1.1663,0.3571,1.2091,1.0656,0.6588,0.3607,0.0885,0.8808,0.6429,0.5502,0.4068,0.2981,0.2723,160.2913,150.3876,14.3642,1.6576
39.867,1196,,0.8557,1.2143,0.0624,3.1937,1.1519,0.3607,1.1975,1.0581,0.6534,0.3565,0.0885,0.8786,0.6412,0.5441,0.4047,0.2969,0.268,160.2763,150.1675,13.9333,1.6258
39.9,1197,,0.8485,1.202,0.0638,3.1268,1.1382,0.364,1.1864,1.0497,0.6473,0.3521,0.0886,0.8761,0.6415,0.5391,0.4025,0.2952,0.2635,160.5196,149.9702,13.3812,1.598
39.933,1198,,0.8422,1.1912,0.064,3.0698,1.1272,0.3672,1.1764,1.0429,0.6416,0.3473,0.0886,0.8747,0.6433,0.5348,0.4013,0.2943,0.2587,160.4647,149.8993,12.6234,1.5783
39.967,1199,,0.8359,1.1819,0.0644,3.0237,1.1175,0.3696,1.167,1.0351,0.6367,0.3413,0.0885,0.8687,0.6411,0.5303,0.3984,0.2954,0.2527,160.2349,149.643,11.9156,1.5634
40.0,1200,upright,0.8302,1.1748,0.0652,2.9935,1.1096,0.3707,1.1591,1.0275,0.6328,0.33,0.0885,0.8608,0.6366,0.5263,0.3947,0.3028,0.2416,159.818,149.6663,11.4388,1.5573
40.033,1201,upright,0.8283,1.1694,0.0673,2.9666,1.1022,0.3715,1.155,1.0246,0.632,0.3241,0.0884,0.8573,0.6349,0.5229,0.3925,0.308,0.2357,159.3498,149.7741,11.0678,1.5517
40.067,1202,upright,0.8271,1.1706,0.0695,2.9722,1.1011,0.3705,1.1551,1.023,0.6312,0.3198,0.0884,0.8515,0.6303,0.5238,0.3918,0.3115,0.2314,159.1444,149.9389,10.7457,1.5602
40.1,1203,upright,0.8285,1.1757,0.0705,2.9949,1.1052,0.369,1.1593,1.0251,0.6319,0.3169,0.0884,0.8506,0.6308,0.5274,0.3932,0.315,0.2285,159.8253,150.2394,10.5718,1.581
40.133,1204,upright,0.831,1.1813,0.0715,3.0241,1.1098,0.367,1.1638,1.0285,0.6335,0.3142,0.0884,0.8502,0.6313,0.5303,0.395,0.3193,0.2258,160.0797,150.6536,10.4178,1.6054
40.167,1205,upright,0.8378,1.1904,0.0714,3.0697,1.119,0.3645,1.1724,1.0354,0.6402,0.3161,0.0883,0.8528,0.6353,0.5322,0.3952,0.3242,0.2278,160.4012,151.1845,10.4405,1.6417
40.2,1206,upright,0.8503,1.2065,0.0722,3.151,1.1343,0.36,1.1901,1.0495,0.6511,0.3206,0.0883,0.8577,0.6403,0.5391,0.3984,0.3305,0.2323,160.664,151.6849,10.5093,1.6889
40.233,1207,upright,0.8665,1.2333,0.0724,3.2922,1.1609,0.3526,1.2156,1.0695,0.6635,0.3246,0.0883,0.8645,0.6414,0.5521,0.4059,0.3389,0.2363,161.317,152.4807,10.2553,1.7536
40.267,1208,upright,0.8915,1.2648,0.0721,3.4658,1.1927,0.3441,1.2488,1.1001,0.683,0.3318,0.0884,0.8792,0.6459,0.5659,0.4171,0.3512,0.2434,162.1689,153.6431,9.9034,1.8296
40.3,1209,upright,0.9165,1.3015,0.0724,3.6784,1.2291,0.3341,1.2885,1.1307,0.7023,0.341,0.0884,0.8989,0.6533,0.5863,0.4285,0.3613,0.2525,162.7591,154.4132,9.8299,1.9044
40.333,1210,upright,0.9448,1.3459,0.0722,3.9551,1.2736,0.322,1.3318,1.1656,0.724,0.3534,0.0885,0.9213,0.6666,0.6079,0.4416,0.3706,0.2649,163.1804,155.1268,9.9445,1.986
40.367,1211,upright,0.9755,1.3897,0.0716,4.2511,1.3181,0.3101,1.3768,1.2048,0.7461,0.3678,0.0886,0.9475,0.6867,0.6307,0.4587,0.3783,0.2793,163.7673,155.8875,10.0613,2.0586
40.4,1212,upright,1.0095,1.4345,0.0713,4.5832,1.3631,0.2974,1.4196,1.243,0.776,0.3875,0.0886,0.9775,0.7117,0.6436,0.467,0.3885,0.299,165.1386,156.8195,9.9143,2.1339
40.433,1213,upright,1.0379,1.4708,0.0735,4.8751,1.3973,0.2866,1.456,1.2825,0.7934,0.4052,0.0885,1.0168,0.7412,0.6626,0.4891,0.3882,0.3168,166.4429,157.9819,9.6759,2.1856
40.467,1214,upright,1.0593,1.5085,0.0709,5.2037,1.4376,0.2763,1.4953,1.3137,0.8049,0.4185,0.0884,1.0479,0.7702,0.6904,0.5088,0.3864,0.3301,168.2162,158.9866,9.643,2.2288
40.5,1215,upright,1.0824,1.5419,0.0722,5.5139,1.4698,0.2666,1.5299,1.3465,0.8183,0.4303,0.0883,1.0796,0.7954,0.7116,0.5282,0.3881,0.3419,170.04,160.1042,9.4751,2.2443
40.533,1216,upright,1.101,1.5693,0.0706,5.7921,1.4987,0.2588,1.5603,1.3727,0.8294,0.4406,0.0882,1.1045,0.82,0.7309,0.5433,0.3888,0.3523,171.5722,161.1997,9.5615,2.2531
40.567,1217,upright,1.1222,1.5928,0.07,6.0374,1.5228,0.2522,1.5845,1.3962,0.8482,0.4522,0.0882,1.1218,0.8382,0.7362,0.548,0.396,0.364,173.461,162.4046,9.7617,2.259
40.6,1218,upright,1.1389,1.6126,0.0683,6.2561,1.5443,0.2468,1.6047,1.4151,0.8628,0.4603,0.0881,1.1366,0.8534,0.7419,0.5523,0.4025,0.3723,175.2135,163.3672,9.838,2.2653
40.633,1219,upright,1.1462,1.6275,0.0659,6.429,1.5616,0.2429,1.619,1.427,0.8655,0.4626,0.0879,1.1471,0.8636,0.7535,0.5615,0.4028,0.3747,176.7308,164.1618,10.0081,2.2717
40.667,1220,upright,1.1512,1.6372,0.0634,6.5544,1.5738,0.2401,1.6281,1.435,0.8674,0.4648,0.0878,1.156,0.8686,0.7608,0.5677,0.4025,0.377,177.1099,164.7779,10.2018,2.2791
40.7,1221,upright,1.1541,1.6434,0.0621,6.6335,1.5813,0.2384,1.6338,1.4387,0.8695,0.4659,0.0877,1.1605,0.8711,0.7644,0.5692,0.4036,0.3782,177.4426,165.2275,10.544,2.2674
40.733,1222,upright,1.1549,1.6482,0.061,6.6977,1.5872,0.237,1.6382,1.4408,0.8691,0.4659,0.0876,1.1611,0.87,0.7691,0.5717,0.4032,0.3783,177.4457,165.5858,10.7919,2.2518
40.767,1223,upright,1.1543,1.6495,0.06,6.7176,1.5895,0.2366,1.6377,1.4413,0.8673,0.4649,0.0875,1.1599,0.8687,0.7704,0.5741,0.4023,0.3775,177.3216,165.7888,10.998,2.2393
40.8,1224,upright,1.1545,1.6518,0.0607,6.7414,1.5911,0.236,1.6397,1.4411,0.868,0.4664,0.0874,1.1594,0.8698,0.7718,0.5731,0.4016,0.379,177.1348,165.8735,11.2335,2.2462
40.833,1225,upright,1.1535,1.6518,0.0601,6.7436,1.5917,0.236,1.6401,1.4407,0.8663,0.4662,0.0874,1.1589,0.8685,0.7738,0.5744,0.4002,0.3787,177.176,165.944,11.4599,2.2617
40.867,1226,upright,1.152,1.652,0.0603,6.7468,1.5917,0.2359,1.6404,1.4404,0.8636,0.4653,0.0874,1.1574,0.8674,0.7768,0.5768,0.3982,0.3779,177.2389,165.9617,11.6833,2.2813
40.9,1227,upright,1.1504,1.6513,0.0601,6.7409,1.5913,0.2361,1.6399,1.4401,0.8607,0.4633,0.0874,1.156,0.865,0.7792,0.5794,0.3974,0.3759,177.5461,165.9509,11.9212,2.306
40.933,1228,upright,1.1493,1.6503,0.06,6.7291,1.5903,0.2363,1.639,1.4399,0.8587,0.4622,0.0874,1.154,0.8622,0.7804,0.5812,0.3965,0.3748,177.6101,165.8356,12.1095,2.324
40.967,1229,upright,1.1479,1.6505,0.0606,6.7307,1.5899,0.2362,1.639,1.4397,0.8561,0.4616,0.0874,1.1519,0.8588,0.7829,0.5836,0.3945,0.3742,177.7161,165.8102,12.221,2.3177
41.0,1230,upright,1.1478,1.6505,0.0607,6.7291,1.5898,0.2363,1.6393,1.4405,0.855,0.4616,0.0875,1.1511,0.8567,0.7842,0.5854,0.3935,0.3741,177.6948,165.761,12.3301,2.3121
41.033,1231,,1.1459,1.6504,0.0639,6.7272,1.5865,0.2358,1.6388,1.4402,0.8515,0.4594,0.0875,1.1488,0.8534,0.7873,0.5887,0.3921,0.372,177.6879,165.7657,12.3823,2.3045
41.067,1232,,1.1454,1.6502,0.0631,6.7236,1.5871,0.236,1.6389,1.4405,0.8503,0.4588,0.0875,1.1488,0.8514,0.7885,0.5902,0.3915,0.3713,177.837,165.7313,12.469,2.3017
41.1,1233,,1.1455,1.6566,0.0629,6.7998,1.5936,0.2344,1.6426,1.4413,0.8497,0.4588,0.0876,1.1489,0.8517,0.7929,0.5915,0.3909,0.3712,178.0891,165.7263,12.5498,2.31
41.133,1234,,1.1451,1.6564,0.0625,6.7977,1.594,0.2345,1.6429,1.4415,0.8488,0.4578,0.0876,1.1489,0.8522,0.7941,0.5927,0.391,0.3702,178.213,165.6853,12.58,2.3049
41.167,1235,,1.1452,1.6509,0.0625,6.728,1.5884,0.2361,1.6398,1.4417,0.8487,0.4572,0.0876,1.15,0.8533,0.791,0.593,0.3915,0.3696,178.4868,165.6234,12.6214,2.2885
41.2,1236,,1.1466,1.6524,0.0634,6.7412,1.589,0.2357,1.6409,1.4418,0.8514,0.4586,0.0875,1.1509,0.8544,0.7895,0.5904,0.3928,0.371,178.4902,165.5528,12.6338,2.2941
41.233,1237,,1.1456,1.6523,0.0636,6.7411,1.5887,0.2357,1.6409,1.4414,0.8498,0.4568,0.0875,1.1507,0.8545,0.7911,0.5916,0.3929,0.3693,178.5221,165.5359,12.6608,2.2917
41.267,1238,,1.145,1.6523,0.0634,6.7428,1.5889,0.2356,1.6406,1.4408,0.8493,0.4561,0.0875,1.1504,0.8539,0.7913,0.5915,0.3932,0.3686,178.6288,165.5377,12.6612,2.2906
41.3,1239,,1.1452,1.6573,0.0632,6.805,1.5941,0.2342,1.644,1.441,0.8494,0.4566,0.0875,1.151,0.8546,0.7946,0.5916,0.3927,0.3691,178.6931,165.5377,12.7024,2.3008
41.333,1240,,1.1443,1.6527,0.0651,6.7472,1.5875,0.2353,1.6408,1.4407,0.8479,0.4555,0.0875,1.1497,0.8548,0.7929,0.5927,0.3924,0.368,178.5873,165.6407,12.6784,2.289
41.367,1241,,1.1437,1.6531,0.0668,6.7511,1.5863,0.235,1.641,1.4402,0.8473,0.4558,0.0875,1.149,0.8556,0.7937,0.5929,0.3915,0.3684,178.4854,165.7051,12.658,2.2874
41.4,1242,,1.143,1.6532,0.0686,6.7501,1.5846,0.2347,1.6411,1.4396,0.8464,0.4556,0.0875,1.1482,0.8563,0.7947,0.5932,0.3908,0.3681,178.3565,165.7423,12.5996,2.2855
41.433,1243,,1.1419,1.6587,0.0702,6.8203,1.5884,0.2329,1.6444,1.4386,0.8453,0.4546,0.0874,1.1469,0.8561,0.7991,0.5933,0.3907,0.3671,178.323,165.8151,12.5399,2.2964
41.467,1244,,1.1418,1.653,0.0713,6.748,1.5816,0.2344,1.6406,1.4382,0.8454,0.4544,0.0875,1.1457,0.8565,0.7952,0.5928,0.391,0.367,178.392,165.9087,12.5187,2.2823
41.5,1245,,1.1411,1.6523,0.072,6.7411,1.5802,0.2344,1.6399,1.4372,0.8451,0.4543,0.0874,1.1443,0.8568,0.7948,0.592,0.3908,0.3668,178.4958,165.9676,12.4516,2.2821
41.533,1246,,1.1415,1.6567,0.0731,6.797,1.5836,0.233,1.6429,1.4368,0.8461,0.4551,0.0874,1.1437,0.8575,0.7968,0.5908,0.391,0.3676,178.6239,166.0301,12.4108,2.291
41.567,1247,,1.1406,1.6499,0.0734,6.714,1.5765,0.2348,1.6378,1.4353,0.846,0.455,0.0874,1.1432,0.8581,0.7918,0.5894,0.391,0.3676,178.6548,166.0837,12.3443,2.2747
41.6,1248,,1.1439,1.6485,0.0732,6.6906,1.5752,0.2354,1.6365,1.4345,0.8533,0.4595,0.0874,1.1439,0.8602,0.7832,0.5811,0.3939,0.3721,178.8296,166.0393,12.3685,2.2761
41.633,1249,,1.146,1.6455,0.0732,6.6521,1.5724,0.2364,1.6337,1.4335,0.8586,0.4627,0.0874,1.1447,0.8628,0.7751,0.5749,0.3959,0.3753,178.9497,165.9868,12.3301,2.2738
41.667,1250,,1.1465,1.6479,0.0726,6.6798,1.5753,0.2358,1.6339,1.4324,0.8607,0.465,0.0874,1.1454,0.8652,0.7731,0.5716,0.3957,0.3777,178.9609,165.9535,12.2894,2.2851
41.7,1251,,1.146,1.6433,0.0697,6.6285,1.5736,0.2374,1.6283,1.43,0.8619,0.4655,0.0874,1.1463,0.8665,0.7664,0.5681,0.3964,0.3782,178.9071,165.8253,12.2711,2.2807
41.733,1252,,1.1458,1.637,0.0677,6.5579,1.5692,0.2393,1.6201,1.4274,0.8642,0.4659,0.0874,1.1457,0.8672,0.7559,0.5632,0.3983,0.3785,178.881,165.8141,12.178,2.2752
41.767,1253,,1.1441,1.6257,0.0654,6.4321,1.5603,0.2426,1.6084,1.421,0.8672,0.4659,0.0874,1.1448,0.8673,0.7412,0.5539,0.4013,0.3785,178.8421,165.6793,12.082,2.265
41.8,1254,,1.1401,1.6104,0.0641,6.2587,1.5462,0.2471,1.5898,1.4113,0.869,0.4657,0.0874,1.1422,0.8666,0.7208,0.5424,0.4032,0.3783,178.5611,165.2906,11.8923,2.2477
41.833,1255,,1.1325,1.59,0.0628,6.041,1.5272,0.2528,1.5648,1.398,0.8671,0.4641,0.0874,1.1367,0.8638,0.6977,0.5308,0.403,0.3767,178.1648,164.7733,11.5347,2.2271
41.867,1256,,1.1216,1.5597,0.0648,5.7333,1.4948,0.2607,1.5297,1.3802,0.8629,0.4615,0.0874,1.1248,0.8533,0.6668,0.5173,0.4014,0.3741,177.6651,164.183,11.2714,2.1944
41.9,1257,,1.1054,1.5225,0.0639,5.3811,1.4586,0.2711,1.4924,1.3532,0.8575,0.4589,0.0875,1.1081,0.8408,0.6349,0.4957,0.3986,0.3715,176.8036,163.3178,11.0125,2.1641
41.933,1258,,1.0849,1.4845,0.0628,5.0478,1.4217,0.2816,1.4533,1.3228,0.847,0.4549,0.0875,1.0837,0.824,0.6063,0.4758,0.3921,0.3674,175.6876,162.3146,10.6713,2.1378
41.967,1259,,1.0626,1.4454,0.0625,4.7266,1.3829,0.2926,1.4134,1.2923,0.8328,0.4517,0.0876,1.0553,0.8043,0.5806,0.4595,0.3811,0.3641,174.6001,161.3231,10.2374,2.109
42.0,1260,,1.0422,1.3941,0.0641,4.3183,1.3301,0.308,1.3664,1.2625,0.8218,0.4496,0.0877,1.0226,0.7776,0.5445,0.4407,0.3722,0.3619,173.4792,160.0732,9.9991,2.0221
42.033,1261,,1.0239,1.3753,0.0652,4.2022,1.3101,0.3118,1.3393,1.2346,0.8131,0.448,0.0878,0.9956,0.7539,0.5262,0.4215,0.3651,0.3602,172.5261,158.9872,9.8798,2.0455
42.067,1262,,1.0054,1.344,0.0666,3.9863,1.2774,0.3204,1.308,1.2081,0.8027,0.445,0.0878,0.9679,0.7241,0.5053,0.4054,0.3577,0.3572,171.8986,158.1417,9.7585,2.0084
42.1,1263,,0.9888,1.3168,0.0689,3.806,1.2479,0.3279,1.281,1.1859,0.7917,0.4366,0.088,0.9472,0.6971,0.4893,0.3942,0.3551,0.3486,170.8563,156.9752,9.5064,1.9681
42.133,1264,,0.9717,1.296,0.071,3.6722,1.225,0.3336,1.2583,1.1624,0.781,0.4255,0.0882,0.9266,0.6735,0.4773,0.3814,0.3555,0.3373,170.0597,155.9289,9.4813,1.935
42.167,1265,,0.9579,1.275,0.073,3.5399,1.202,0.3396,1.2384,1.147,0.7689,0.4118,0.0883,0.9103,0.6555,0.4696,0.3781,0.3571,0.3235,168.5677,154.9306,9.5336,1.8995
42.2,1266,,0.941,1.2564,0.073,3.4307,1.1834,0.345,1.2199,1.1325,0.7495,0.3968,0.0884,0.8887,0.6317,0.4704,0.3829,0.3527,0.3084,166.6284,154.0048,9.423,1.8699
42.233,1267,,0.9264,1.2424,0.0733,3.3502,1.1691,0.349,1.2058,1.1167,0.7361,0.3855,0.0885,0.8765,0.6207,0.4698,0.3806,0.3506,0.297,165.0764,153.0799,9.6434,1.8471
42.267,1268,,0.9119,1.2294,0.074,3.2766,1.1553,0.3526,1.1945,1.1031,0.7208,0.3761,0.0886,0.8674,0.6123,0.4737,0.3822,0.3448,0.2875,163.0343,152.237,9.6619,1.8201
42.3,1269,,0.8983,1.2174,0.0755,3.2113,1.1419,0.3556,1.184,1.0907,0.7058,0.3653,0.0886,0.8601,0.6109,0.4782,0.3849,0.3405,0.2766,160.9656,151.4518,9.4684,1.7907
42.333,1270,,0.8848,1.2072,0.0768,3.1532,1.1304,0.3585,1.1756,1.0796,0.6901,0.3589,0.0887,0.8606,0.6145,0.4856,0.3895,0.3312,0.2702,159.4314,150.6503,9.5936,1.7645
42.367,1271,,0.8735,1.1986,0.0778,3.1059,1.1208,0.3609,1.1683,1.0691,0.678,0.3522,0.0888,0.8623,0.617,0.4904,0.3911,0.3258,0.2634,158.43,149.9819,9.6603,1.7407
42.4,1272,,0.8665,1.1906,0.0776,3.0657,1.1129,0.363,1.161,1.0595,0.6734,0.3509,0.0888,0.8611,0.6179,0.4876,0.3862,0.3225,0.2621,157.5819,149.3605,9.6937,1.7225
42.433,1273,,0.8596,1.1844,0.0769,3.035,1.1075,0.3649,1.1565,1.0528,0.6663,0.3484,0.0888,0.8626,0.6225,0.4901,0.3864,0.3179,0.2596,156.334,148.7879,9.4118,1.6989
42.467,1274,,0.8554,1.181,0.0746,3.0211,1.1064,0.3662,1.1545,1.0499,0.661,0.3459,0.0888,0.8658,0.63,0.4935,0.3889,0.3151,0.2571,155.7192,148.6023,9.14,1.674
42.5,1275,sitting,0.8557,1.1829,0.0749,3.0284,1.108,0.3659,1.1575,1.0511,0.6603,0.3484,0.0888,0.8694,0.6354,0.4972,0.3908,0.3119,0.2596,154.9148,148.0706,9.0878,1.6528
42.533,1276,sitting,0.8612,1.1896,0.0756,3.0599,1.114,0.3641,1.1646,1.0575,0.6649,0.3517,0.0888,0.8734,0.6377,0.4996,0.3926,0.3132,0.263,154.5558,147.9815,9.0923,1.6456
42.567,1277,sitting,0.8657,1.1978,0.0753,3.101,1.1224,0.362,1.1729,1.0636,0.6677,0.353,0.0888,0.8764,0.6405,0.5052,0.3959,0.3147,0.2642,154.1272,147.9611,9.0304,1.6498
42.6,1278,sitting,0.8692,1.2075,0.0742,3.1513,1.1333,0.3596,1.1864,1.0688,0.6696,0.3544,0.0888,0.8792,0.6438,0.5168,0.3992,0.3152,0.2657,153.8105,147.8701,9.1454,1.6632
42.633,1279,sitting,0.8721,1.2213,0.0726,3.2236,1.1487,0.3563,1.2035,1.0741,0.6701,0.3567,0.0888,0.8827,0.6456,0.5334,0.4041,0.3134,0.2679,153.9429,147.8748,9.418,1.6862
42.667,1280,sitting,0.8743,1.2351,0.0717,3.2956,1.1634,0.353,1.22,1.0785,0.6701,0.358,0.0888,0.8854,0.645,0.5498,0.4084,0.3122,0.2692,153.9702,147.9116,9.6266,1.7033
42.7,1281,sitting,0.8763,1.2476,0.0709,3.3619,1.1767,0.35,1.2333,1.0826,0.6699,0.3593,0.0887,0.8876,0.6455,0.5634,0.4127,0.3106,0.2705,154.0484,148.0875,9.9137,1.7176
42.733,1282,sitting,0.8794,1.2572,0.0703,3.4123,1.1868,0.3478,1.2435,1.0871,0.6716,0.3608,0.0887,0.8905,0.647,0.5719,0.4155,0.3108,0.2721,154.1394,148.4219,10.2731,1.7284
42.767,1283,sitting,0.8824,1.2668,0.0697,3.4641,1.1972,0.3456,1.2528,1.0917,0.6731,0.3629,0.0886,0.8928,0.648,0.5798,0.4186,0.3102,0.2743,154.576,148.8777,10.6011,1.7414
42.8,1284,sitting,0.8837,1.2767,0.069,3.5189,1.2077,0.3432,1.2626,1.0953,0.672,0.3642,0.0885,0.8946,0.6518,0.5906,0.4233,0.3079,0.2757,154.739,149.1422,10.9046,1.758
42.833,1285,sitting,0.8856,1.2824,0.0682,3.553,1.2142,0.3417,1.269,1.0987,0.6726,0.3667,0.0883,0.8958,0.6511,0.5964,0.426,0.3059,0.2784,155.3477,149.5814,11.2106,1.7729
42.867,1286,sitting,0.8888,1.292,0.0679,3.6093,1.2242,0.3392,1.2758,1.1029,0.6747,0.3699,0.0882,0.8975,0.6515,0.6011,0.4282,0.3048,0.2817,155.6486,149.8809,11.3263,1.7929
42.9,1287,sitting,0.8908,1.2965,0.0651,3.6419,1.2314,0.3381,1.2806,1.1063,0.6753,0.372,0.088,0.8983,0.654,0.6053,0.431,0.3033,0.284,156.9828,150.7277,11.6149,1.8192
42.933,1288,sitting,0.8937,1.3021,0.0634,3.6781,1.2387,0.3368,1.2854,1.1102,0.6771,0.3736,0.0878,0.8993,0.6553,0.6083,0.433,0.3035,0.2858,158.0144,151.3835,11.5274,1.8416
42.967,1289,sitting,0.8977,1.3064,0.0628,3.7039,1.2437,0.3358,1.2898,1.1139,0.6814,0.3766,0.0877,0.8996,0.6529,0.6083,0.4325,0.3048,0.2889,159.7303,152.2422,11.5379,1.866
43.0,1290,sitting,0.9012,1.3094,0.0627,3.7196,1.2467,0.3352,1.2942,1.117,0.6855,0.3791,0.0877,0.9011,0.6535,0.6087,0.4316,0.3064,0.2914,161.8237,153.1954,11.6164,1.8749
43.033,1291,sitting,0.9057,1.3127,0.0642,3.7333,1.2485,0.3344,1.2988,1.1205,0.6908,0.3829,0.0878,0.9035,0.6544,0.6079,0.4297,0.3079,0.2951,163.808,153.9104,11.6571,1.8744
43.067,1292,sitting,0.9098,1.3149,0.0678,3.7372,1.2471,0.3337,1.3026,1.1236,0.6959,0.387,0.0879,0.904,0.6552,0.6066,0.4277,0.3089,0.2991,165.8145,154.7469,11.7941,1.8693
43.1,1293,sitting,0.9148,1.3184,0.0709,3.7495,1.2475,0.3327,1.3066,1.1273,0.7023,0.3903,0.088,0.905,0.6565,0.6043,0.425,0.312,0.3022,167.0763,155.4702,11.9483,1.8641
43.133,1294,sitting,0.9179,1.3206,0.0744,3.7561,1.2463,0.3318,1.3096,1.1295,0.7063,0.3933,0.0882,0.9058,0.657,0.6033,0.4232,0.313,0.3051,168.3023,155.9018,12.0307,1.8555
43.167,1295,sitting,0.9202,1.3237,0.0764,3.7702,1.2473,0.3308,1.3127,1.1319,0.7086,0.3955,0.0883,0.9057,0.6568,0.6041,0.4233,0.313,0.3072,169.1115,156.1929,12.0706,1.8528
43.2,1296,sitting,0.9218,1.3266,0.0774,3.7828,1.2492,0.3302,1.3152,1.1334,0.7102,0.3988,0.0884,0.905,0.6553,0.605,0.4232,0.3114,0.3104,169.3586,156.2699,12.0059,1.8584
43.233,1297,sitting,0.9227,1.3286,0.0788,3.7909,1.2498,0.3297,1.3168,1.1336,0.7119,0.4027,0.0885,0.9026,0.6515,0.605,0.4218,0.3091,0.3142,169.6591,156.3224,11.9834,1.8619
43.267,1298,sitting,0.925,1.3315,0.0827,3.7972,1.2488,0.3289,1.3193,1.1353,0.7147,0.4069,0.0887,0.9015,0.6514,0.6046,0.4207,0.3077,0.3182,170.3016,156.5006,11.9875,1.8569
43.3,1299,sitting,0.925,1.333,0.0842,3.8012,1.2488,0.3285,1.3205,1.1356,0.7143,0.4088,0.0888,0.8985,0.6506,0.6062,0.4213,0.3055,0.32,170.4847,156.6136,12.0145,1.8604
43.333,1300,sitting,0.9246,1.3341,0.0841,3.8065,1.25,0.3284,1.3214,1.1353,0.7139,0.4103,0.0888,0.8966,0.6481,0.6075,0.4214,0.3036,0.3215,170.2346,156.6204,11.9559,1.8672
43.367,1301,sitting,0.9238,1.335,0.084,3.8123,1.251,0.3282,1.3221,1.1353,0.7124,0.411,0.0889,0.8952,0.6465,0.6097,0.4229,0.3014,0.3221,170.1814,156.6448,12.0082,1.875
43.4,1302,sitting,0.9234,1.3362,0.0837,3.8216,1.2525,0.3277,1.3233,1.1356,0.7112,0.4109,0.0889,0.8941,0.6457,0.6122,0.4244,0.3002,0.3221,169.8529,156.5462,11.9546,1.8866
43.433,1303,sitting,0.9236,1.3383,0.0832,3.8339,1.2551,0.3274,1.3256,1.1371,0.7101,0.4117,0.0889,0.8943,0.6464,0.6155,0.427,0.2984,0.3227,169.4945,156.4992,11.937,1.8994
43.467,1304,sitting,0.9241,1.3402,0.0834,3.8443,1.2567,0.3269,1.3277,1.1391,0.7091,0.411,0.089,0.895,0.6471,0.6186,0.4301,0.298,0.322,169.31,156.2823,11.9828,1.9104
43.5,1305,sitting,0.9243,1.3421,0.0831,3.8551,1.259,0.3266,1.3296,1.1409,0.7076,0.4104,0.0891,0.8956,0.6477,0.622,0.4334,0.2971,0.3214,168.9539,155.8411,11.8974,1.9231
43.533,1306,sitting,0.9232,1.3423,0.0833,3.8576,1.259,0.3264,1.3298,1.1411,0.7053,0.4081,0.0891,0.8944,0.6464,0.6245,0.4359,0.2972,0.319,168.0897,155.4746,11.8727,1.9302
43.567,1307,sitting,0.9235,1.3426,0.0839,3.8568,1.2587,0.3264,1.3304,1.1423,0.7048,0.4079,0.0892,0.8949,0.6465,0.6256,0.4375,0.2968,0.3187,167.0856,155.0752,11.7899,1.9284
43.6,1308,sitting,0.923,1.3427,0.0828,3.8586,1.2599,0.3265,1.3301,1.1421,0.7039,0.4063,0.0892,0.8948,0.6471,0.6261,0.4382,0.2976,0.3171,166.2035,154.6974,11.6699,1.9317
43.633,1309,sitting,0.9227,1.3423,0.0834,3.855,1.2589,0.3266,1.3295,1.1423,0.7032,0.4042,0.0893,0.8949,0.6487,0.6263,0.4391,0.299,0.3149,165.5146,154.4779,11.6338,1.9306
43.667,1310,sitting,0.9227,1.3417,0.0841,3.8506,1.2576,0.3266,1.3289,1.1421,0.7032,0.4022,0.0893,0.8953,0.6495,0.6257,0.439,0.301,0.3129,165.1382,154.3882,11.6525,1.9287
43.7,1311,sitting,0.9221,1.3411,0.0833,3.8488,1.2578,0.3268,1.3283,1.142,0.7021,0.4013,0.0893,0.896,0.6499,0.6262,0.4399,0.3008,0.312,164.4683,154.1894,11.6242,1.9336
43.733,1312,sitting,0.9216,1.3415,0.0833,3.8495,1.2582,0.3269,1.3285,1.1426,0.7005,0.4008,0.0893,0.897,0.6512,0.628,0.4421,0.2997,0.3115,163.8801,153.9932,11.5977,1.9374
43.767,1313,sitting,0.9216,1.3428,0.0833,3.8562,1.2595,0.3266,1.3294,1.1434,0.6999,0.4005,0.0893,0.8979,0.6519,0.6296,0.4436,0.2994,0.3112,163.732,154.0742,11.6241,1.9432
43.8,1314,sitting,0.9217,1.3437,0.083,3.8622,1.2607,0.3264,1.33,1.1439,0.6995,0.3986,0.0893,0.8983,0.652,0.6306,0.4445,0.3009,0.3093,164.2606,154.3158,11.5536,1.9498
43.833,1315,sitting,0.9216,1.345,0.0823,3.871,1.2627,0.3262,1.3311,1.1442,0.6989,0.3968,0.0893,0.8993,0.653,0.6322,0.4453,0.3021,0.3075,164.6167,154.4721,11.5373,1.956
43.867,1316,sitting,0.9212,1.3459,0.0824,3.878,1.2635,0.3258,1.3316,1.144,0.6984,0.3941,0.0893,0.8997,0.6535,0.6333,0.4456,0.3043,0.3048,165.0531,154.693,11.5344,1.9586
43.9,1317,sitting,0.9204,1.3485,0.0826,3.8951,1.2659,0.325,1.3336,1.1438,0.6971,0.3932,0.0893,0.8988,0.6522,0.6365,0.4467,0.3039,0.3039,165.067,154.7408,11.5701,1.9629
43.933,1318,sitting,0.9198,1.3505,0.0829,3.9082,1.2675,0.3243,1.3348,1.1434,0.6962,0.3928,0.0893,0.8984,0.6517,0.6386,0.4471,0.3034,0.3036,164.7976,154.885,11.5724,1.9635
43.967,1319,sitting,0.9193,1.3525,0.0821,3.9227,1.2704,0.3238,1.3362,1.1432,0.6953,0.3915,0.0893,0.898,0.652,0.6409,0.4479,0.3038,0.3022,164.4288,155.0477,11.5505,1.9701
44.0,1320,sitting,0.9174,1.3521,0.0825,3.9231,1.2696,0.3236,1.3353,1.1422,0.6925,0.3896,0.0892,0.897,0.652,0.6427,0.4497,0.3029,0.3004,163.8821,155.2725,11.645,1.967
44.033,1321,sitting,0.9163,1.3525,0.0815,3.9295,1.271,0.3234,1.335,1.141,0.6916,0.3874,0.0892,0.8963,0.6512,0.6433,0.4494,0.3042,0.2982,163.5357,155.4631,11.6579,1.9707
44.067,1322,sitting,0.9167,1.3533,0.0815,3.934,1.2718,0.3233,1.3353,1.1408,0.6926,0.3878,0.0892,0.8961,0.6509,0.6427,0.4483,0.3048,0.2986,163.4208,155.5638,11.7471,1.9732
44.1,1323,sitting,0.9167,1.354,0.0808,3.9392,1.2732,0.3232,1.3356,1.1404,0.693,0.3878,0.0892,0.896,0.652,0.6426,0.4474,0.3052,0.2986,163.2418,155.6181,11.826,1.9762
44.133,1324,sitting,0.916,1.3545,0.0804,3.9445,1.2741,0.323,1.3358,1.1394,0.6925,0.3868,0.0892,0.8962,0.6541,0.6433,0.4469,0.3057,0.2976,162.9291,155.7435,11.8978,1.9801
44.167,1325,sitting,0.9155,1.3549,0.0812,3.9458,1.2737,0.3228,1.3358,1.1389,0.6921,0.3861,0.0892,0.8962,0.6545,0.6437,0.4467,0.306,0.2969,162.8521,155.7262,11.9533,1.9789
44.2,1326,sitting,0.9153,1.3551,0.0813,3.9472,1.2739,0.3227,1.3359,1.1386,0.692,0.3856,0.0892,0.8964,0.6549,0.6439,0.4466,0.3065,0.2963,162.7157,155.8056,11.9984,1.9791
44.233,1327,sitting,0.9146,1.3546,0.0813,3.9453,1.2734,0.3228,1.3355,1.1379,0.6913,0.3854,0.0892,0.8958,0.6538,0.6442,0.4466,0.3059,0.2962,162.4906,155.7627,12.117,1.9748
44.267,1328,sitting,0.914,1.3546,0.0806,3.9471,1.2741,0.3228,1.3353,1.1374,0.6907,0.3859,0.0892,0.896,0.6546,0.6446,0.4467,0.3047,0.2967,162.1304,155.6622,12.2229,1.9721
44.3,1329,sitting,0.9134,1.3552,0.0798,3.9521,1.2754,0.3227,1.3358,1.137,0.6897,0.3868,0.0893,0.8954,0.6534,0.6461,0.4473,0.3029,0.2975,161.8941,155.5659,12.2846,1.9678
44.333,1330,sitting,0.9123,1.3547,0.0781,3.953,1.2766,0.323,1.3353,1.136,0.6886,0.3867,0.0893,0.8942,0.6528,0.6467,0.4474,0.3019,0.2974,162.1807,155.4156,12.3462,1.9661
44.367,1331,sitting,0.9123,1.3552,0.0773,3.9563,1.2778,0.323,1.3359,1.136,0.6887,0.3882,0.0894,0.8944,0.6522,0.6472,0.4473,0.3005,0.2989,162.1301,155.2039,12.4198,1.9631
44.4,1332,sitting,0.9121,1.3544,0.0769,3.9523,1.2774,0.3232,1.3353,1.1355,0.6886,0.3875,0.0893,0.8943,0.6519,0.6466,0.4469,0.3011,0.2982,162.2189,155.0552,12.4017,1.9614
44.433,1333,sitting,0.9123,1.3545,0.0771,3.9521,1.2774,0.3232,1.3354,1.1357,0.6889,0.3889,0.0893,0.8948,0.6519,0.6465,0.4468,0.3,0.2995,161.9598,154.9346,12.4148,1.9595
44.467,1334,sitting,0.9124,1.354,0.077,3.9494,1.2771,0.3234,1.335,1.1355,0.6893,0.3885,0.0893,0.8938,0.6505,0.6457,0.4462,0.3008,0.2992,162.0557,154.8518,12.4618,1.962
44.5,1335,sitting,0.913,1.3547,0.0772,3.951,1.2775,0.3233,1.3357,1.1362,0.6899,0.3894,0.0893,0.8947,0.6511,0.6458,0.4463,0.3004,0.3002,161.8015,154.8461,12.4966,1.9621
44.533,1336,sitting,0.9142,1.355,0.0772,3.951,1.2779,0.3234,1.3362,1.137,0.6914,0.3901,0.0893,0.8954,0.6519,0.6448,0.4456,0.3013,0.3008,162.0247,154.8413,12.5513,1.9649
44.567,1337,sitting,0.9146,1.3554,0.077,3.9523,1.2783,0.3234,1.3366,1.1375,0.6918,0.3894,0.0892,0.8955,0.6521,0.6448,0.4457,0.3023,0.3002,161.9847,154.8648,12.56,1.9675
44.6,1338,sitting,0.9151,1.3551,0.0773,3.9508,1.2778,0.3234,1.3364,1.1374,0.6927,0.3896,0.0892,0.8949,0.6512,0.6437,0.4446,0.3031,0.3004,162.2188,154.8201,12.5503,1.9677
44.633,1339,sitting,0.9152,1.3545,0.077,3.9482,1.2776,0.3236,1.3359,1.1373,0.6931,0.3887,0.0892,0.8945,0.6513,0.6428,0.4442,0.3044,0.2995,162.3918,154.841,12.5135,1.9678
44.667,1340,sitting,0.9154,1.355,0.0772,3.9505,1.2779,0.3235,1.3363,1.1378,0.6929,0.3888,0.0893,0.8956,0.6529,0.6434,0.4449,0.3041,0.2996,162.4074,154.8073,12.5609,1.9669
44.7,1341,sitting,0.9156,1.3555,0.0778,3.9519,1.2778,0.3233,1.3368,1.1383,0.6929,0.3896,0.0893,0.8962,0.6528,0.6439,0.4454,0.3033,0.3003,162.3838,154.721,12.5177,1.9645
44.733,1342,sitting,0.9164,1.355,0.0777,3.9483,1.2773,0.3235,1.3366,1.1384,0.6944,0.39,0.0893,0.8963,0.6532,0.6421,0.444,0.3045,0.3007,162.6776,154.6831,12.4556,1.9651
44.767,1343,sitting,0.9168,1.3546,0.0782,3.9447,1.2765,0.3236,1.3364,1.1384,0.6952,0.3901,0.0893,0.8966,0.655,0.6412,0.4431,0.3051,0.3008,162.7521,154.6671,12.4523,1.9638
44.8,1344,sitting,0.9164,1.354,0.0781,3.9416,1.2759,0.3237,1.3359,1.1382,0.6946,0.389,0.0892,0.8965,0.6554,0.6412,0.4436,0.3056,0.2998,162.3338,154.7429,12.3075,1.9669
44.833,1345,sitting,0.9159,1.3528,0.0793,3.9326,1.2735,0.3238,1.335,1.1384,0.6935,0.3884,0.0892,0.8954,0.6543,0.6416,0.4449,0.305,0.2993,161.9328,154.9942,12.2888,1.9608
44.867,1346,sitting,0.9162,1.352,0.0795,3.9278,1.2726,0.324,1.3347,1.1385,0.6939,0.3884,0.0892,0.8961,0.6561,0.6408,0.4446,0.3055,0.2992,161.8007,155.0751,12.3269,1.9614
44.9,1347,sitting,0.9167,1.3513,0.0798,3.9222,1.2715,0.3242,1.3343,1.1389,0.6945,0.3886,0.0892,0.8967,0.6566,0.6398,0.4445,0.3059,0.2994,161.9695,155.0316,12.3325,1.9607
44.933,1348,sitting,0.9165,1.3508,0.0806,3.9176,1.2702,0.3242,1.3341,1.139,0.694,0.3894,0.0892,0.8971,0.6572,0.6401,0.445,0.3046,0.3002,161.7828,154.9449,12.3655,1.9573
44.967,1349,sitting,0.9163,1.3497,0.0815,3.9094,1.2682,0.3244,1.3333,1.1392,0.6935,0.3898,0.0892,0.8966,0.6566,0.6398,0.4458,0.3037,0.3006,161.7742,154.9278,12.3913,1.9508
45.0,1350,sitting,0.917,1.3491,0.0832,3.902,1.2659,0.3244,1.3331,1.1401,0.6939,0.3909,0.0892,0.897,0.6569,0.6392,0.4462,0.303,0.3017,161.6362,154.9497,12.4115,1.9434
45.033,1351,,0.9169,1.3477,0.0829,3.8944,1.2648,0.3248,1.3321,1.1396,0.6941,0.3901,0.0892,0.8969,0.6567,0.638,0.4455,0.304,0.3009,161.6952,154.8413,12.4503,1.9435
45.067,1352,,0.9165,1.3458,0.0817,3.8862,1.2641,0.3253,1.3308,1.1388,0.6942,0.3889,0.0892,0.8962,0.6561,0.6366,0.4446,0.3053,0.2996,161.87,154.7053,12.4282,1.9441
45.1,1353,,0.9164,1.3453,0.0814,3.8836,1.2639,0.3255,1.3308,1.1387,0.6941,0.3903,0.0892,0.8965,0.6565,0.6366,0.4445,0.3038,0.3011,161.6129,154.5163,12.3719,1.9439
45.133,1354,,0.916,1.3449,0.0808,3.8826,1.2641,0.3256,1.3307,1.1384,0.6937,0.392,0.0893,0.8966,0.6564,0.637,0.4447,0.3016,0.3028,161.576,154.3111,12.355,1.9422
45.167,1355,,0.916,1.3444,0.0809,3.8806,1.2635,0.3256,1.3305,1.1382,0.6938,0.3917,0.0893,0.8959,0.6552,0.6367,0.4444,0.3021,0.3024,161.9441,154.269,12.374,1.9408
45.2,1356,,0.9171,1.3437,0.0803,3.8773,1.2634,0.3259,1.33,1.1386,0.6957,0.3932,0.0894,0.8965,0.657,0.6342,0.4428,0.3025,0.3038,162.3976,154.0897,12.3927,1.9382
45.233,1357,,0.9166,1.3427,0.0801,3.8731,1.2626,0.326,1.329,1.1385,0.6946,0.3947,0.0894,0.8956,0.657,0.6344,0.4439,0.2999,0.3053,162.7459,153.9766,12.4214,1.9328
45.267,1358,,0.9166,1.3414,0.0803,3.867,1.2611,0.3261,1.328,1.138,0.6953,0.3953,0.0894,0.8942,0.6559,0.6328,0.4427,0.3,0.3059,163.4759,153.822,12.4936,1.9307
45.3,1359,,0.9172,1.3413,0.0806,3.8651,1.2606,0.3262,1.3281,1.1384,0.696,0.3969,0.0894,0.8938,0.6552,0.6321,0.4423,0.2991,0.3075,163.555,153.7571,12.5294,1.9276
45.333,1360,,0.9178,1.3406,0.0806,3.8608,1.26,0.3263,1.3276,1.1389,0.6967,0.3981,0.0894,0.8943,0.6549,0.6309,0.4421,0.2986,0.3088,163.9958,153.6209,12.5362,1.9255
45.367,1361,,0.9178,1.3396,0.08,3.8564,1.2596,0.3266,1.3267,1.1388,0.6968,0.3978,0.0894,0.8939,0.6537,0.6299,0.442,0.299,0.3084,163.465,153.3804,12.5234,1.924
45.4,1362,,0.9184,1.3385,0.0798,3.8501,1.2588,0.3269,1.3257,1.1391,0.6977,0.3985,0.0894,0.8934,0.6526,0.628,0.4414,0.2992,0.3092,163.4957,153.4113,12.4826,1.9213
45.433,1363,,0.9182,1.3364,0.0793,3.8403,1.2571,0.3273,1.3234,1.1387,0.6978,0.3998,0.0893,0.8919,0.6508,0.6256,0.4408,0.2981,0.3104,163.5608,153.3527,12.4172,1.9168
45.467,1364,,0.9177,1.3336,0.0777,3.8282,1.2558,0.328,1.3206,1.1379,0.6976,0.401,0.0893,0.8911,0.6496,0.623,0.4404,0.2966,0.3117,163.5343,153.2874,12.4438,1.9156
45.5,1365,,0.9174,1.3308,0.0769,3.814,1.2539,0.3288,1.3181,1.1373,0.6974,0.4018,0.0892,0.8905,0.6492,0.6207,0.4399,0.2956,0.3126,163.4768,153.2402,12.5002,1.9132
45.533,1366,,0.9165,1.3272,0.0762,3.7977,1.251,0.3294,1.3154,1.1365,0.6965,0.4018,0.0892,0.8897,0.6471,0.6189,0.44,0.2947,0.3126,163.4471,153.2228,12.5835,1.9131
45.567,1367,,0.9144,1.3256,0.0776,3.7894,1.2481,0.3294,1.3127,1.1347,0.6941,0.4007,0.0891,0.8874,0.6442,0.6186,0.4406,0.2934,0.3116,163.697,153.2147,12.5899,1.9073
45.6,1368,,0.9115,1.3231,0.075,3.7835,1.2481,0.3299,1.3089,1.1318,0.6912,0.3978,0.0889,0.8843,0.6403,0.6177,0.4407,0.2934,0.3089,162.8704,152.9981,12.7025,1.9144
45.633,1369,,0.9091,1.3206,0.0717,3.7781,1.2489,0.3306,1.3057,1.1296,0.6886,0.3953,0.0886,0.8819,0.6364,0.6171,0.441,0.2933,0.3067,162.062,152.8416,12.8088,1.9208
45.667,1370,,0.9056,1.3178,0.0704,3.7697,1.2474,0.3309,1.3026,1.1269,0.6844,0.3912,0.0883,0.8785,0.6306,0.6182,0.4424,0.2932,0.3029,160.9264,152.5902,12.9077,1.9223
45.7,1371,,0.9037,1.3156,0.0685,3.7643,1.2471,0.3313,1.3004,1.1249,0.6824,0.3894,0.0881,0.8768,0.6271,0.618,0.4426,0.293,0.3013,159.9088,152.3019,13.0749,1.9247
45.733,1372,,0.9009,1.3133,0.0678,3.7557,1.2455,0.3316,1.2981,1.1227,0.6791,0.3858,0.0879,0.8748,0.6246,0.6189,0.4436,0.2933,0.2979,158.8251,151.9942,13.2461,1.923
45.767,1373,,0.8972,1.3107,0.0685,3.7444,1.2422,0.3318,1.2953,1.1198,0.6746,0.3808,0.0878,0.8715,0.6219,0.6206,0.4452,0.2938,0.2931,158.0248,151.8045,13.3138,1.9155
45.8,1374,,0.8936,1.308,0.0694,3.7298,1.2386,0.3321,1.2921,1.1168,0.6705,0.3775,0.0877,0.8688,0.6195,0.6216,0.4463,0.293,0.2898,157.6417,151.5538,13.4735,1.9007
45.833,1375,,0.8906,1.3048,0.0672,3.7144,1.2376,0.3332,1.2884,1.1135,0.6678,0.3753,0.0877,0.8685,0.619,0.6207,0.4458,0.2924,0.2876,156.8669,151.1463,13.7095,1.8897
45.867,1376,,0.8867,1.2992,0.0678,3.6822,1.2314,0.3344,1.2834,1.1091,0.6642,0.371,0.0877,0.867,0.6171,0.6192,0.4449,0.2932,0.2833,156.7606,150.9902,13.8342,1.863
45.9,1377,,0.8839,1.2937,0.0662,3.652,1.2275,0.3361,1.2773,1.105,0.6628,0.369,0.0878,0.8674,0.6178,0.6145,0.4422,0.2938,0.2812,157.2847,151.0109,14.16,1.8352
45.933,1378,,0.8804,1.2855,0.0656,3.6049,1.2198,0.3384,1.2683,1.0996,0.6612,0.3664,0.0879,0.8679,0.619,0.6071,0.4384,0.2948,0.2785,158.0268,151.1194,14.4356,1.8048
45.967,1379,,0.8776,1.2767,0.0649,3.5532,1.2117,0.341,1.2593,1.0945,0.6607,0.3647,0.088,0.8685,0.6207,0.5986,0.4338,0.296,0.2767,158.7938,151.3105,14.7007,1.7774
46.0,1380,,0.8738,1.2683,0.0627,3.5108,1.2056,0.3434,1.2492,1.0887,0.6589,0.3597,0.0879,0.8682,0.6202,0.5903,0.4299,0.2992,0.2717,159.1686,151.4184,15.1172,1.7611
46.033,1381,,0.8709,1.26,0.061,3.4639,1.1991,0.3462,1.2397,1.0843,0.6575,0.3575,0.0879,0.8686,0.6207,0.5822,0.4268,0.3,0.2696,159.8447,151.6518,15.3655,1.7404
46.067,1382,,0.8674,1.2491,0.0587,3.4068,1.1904,0.3494,1.2285,1.0782,0.6567,0.3524,0.0878,0.8678,0.6195,0.5718,0.4215,0.3043,0.2645,160.574,151.834,15.6286,1.7218
46.1,1383,,0.8652,1.2388,0.0593,3.3466,1.1795,0.3524,1.217,1.0737,0.6567,0.3509,0.0878,0.8671,0.619,0.5603,0.417,0.3058,0.2631,161.4594,152.2509,15.773,1.6961
46.133,1384,,0.8616,1.2289,0.0587,3.2906,1.1702,0.3556,1.2059,1.0676,0.6556,0.3481,0.0878,0.8649,0.6175,0.5503,0.412,0.3075,0.2603,162.6089,152.7461,15.89,1.6806
46.167,1385,,0.8576,1.2169,0.0585,3.2242,1.1584,0.3593,1.1942,1.062,0.6533,0.3461,0.0877,0.8638,0.6183,0.5409,0.4087,0.3072,0.2584,163.8308,153.2479,16.0242,1.663
46.2,1386,,0.8531,1.2072,0.0592,3.1694,1.148,0.3622,1.1836,1.0564,0.6498,0.3437,0.0876,0.8623,0.6194,0.5338,0.4066,0.3061,0.2561,164.9997,153.7144,16.0803,1.6485
46.233,1387,,0.8485,1.1986,0.0605,3.1201,1.1381,0.3648,1.174,1.0497,0.6473,0.3412,0.0876,0.8597,0.62,0.5267,0.4024,0.3061,0.2536,166.22,154.1125,15.9258,1.6372
46.267,1388,,0.8449,1.1896,0.0622,3.0696,1.1274,0.3673,1.1644,1.0447,0.6451,0.3384,0.0875,0.8567,0.6196,0.5193,0.3996,0.3067,0.2508,166.3357,154.1821,15.724,1.6261
46.3,1389,,0.841,1.1823,0.064,3.0301,1.1184,0.3691,1.1562,1.0388,0.6431,0.3344,0.0875,0.8528,0.618,0.5131,0.3957,0.3087,0.2469,166.5636,154.07,15.4782,1.6238
46.333,1390,,0.8397,1.1753,0.067,2.9889,1.1083,0.3708,1.1508,1.0355,0.6439,0.3341,0.0875,0.8511,0.618,0.5068,0.3915,0.3098,0.2466,166.8563,154.1669,15.4338,1.6202
46.367,1391,,0.8381,1.1715,0.0665,2.9727,1.105,0.3717,1.1471,1.0332,0.6429,0.3299,0.0875,0.8463,0.6127,0.5042,0.3904,0.313,0.2424,167.0025,154.3292,15.3657,1.6398
46.4,1392,,0.8369,1.1719,0.0674,2.9745,1.1045,0.3713,1.1481,1.0319,0.6419,0.3284,0.0874,0.8401,0.6102,0.5063,0.39,0.3135,0.241,167.066,154.1421,15.3169,1.6753
46.433,1393,,0.8374,1.1744,0.0687,2.9877,1.1057,0.3701,1.1514,1.0327,0.6422,0.3279,0.0874,0.8347,0.6064,0.5092,0.3904,0.3143,0.2406,167.5154,154.2106,15.1391,1.7161
46.467,1394,,0.8418,1.1805,0.0699,3.0159,1.1106,0.3682,1.1576,1.0381,0.6456,0.3303,0.0873,0.836,0.6116,0.5121,0.3925,0.3153,0.2429,167.8761,154.6097,14.8224,1.7517
46.5,1395,,0.8501,1.1904,0.0706,3.065,1.1198,0.3653,1.1672,1.0478,0.6524,0.333,0.0873,0.8402,0.6183,0.5149,0.3954,0.3194,0.2457,167.1503,155.2945,14.6141,1.7851
46.533,1396,,0.864,1.2103,0.0706,3.168,1.1398,0.3598,1.1881,1.0658,0.6621,0.336,0.0872,0.8483,0.6256,0.526,0.4037,0.3261,0.2488,166.7736,156.1413,14.2647,1.8284
46.567,1397,,0.884,1.2375,0.0697,3.3144,1.1678,0.3523,1.2152,1.09,0.678,0.3402,0.0871,0.8633,0.6346,0.5372,0.412,0.3378,0.2531,166.7283,156.9605,13.9048,1.8858
46.6,1398,,0.9081,1.2717,0.0684,3.5075,1.2034,0.3431,1.2506,1.1178,0.6984,0.3473,0.0871,0.8837,0.6446,0.5522,0.4195,0.351,0.2602,166.9574,157.8336,13.4749,1.9496
46.633,1399,,0.9339,1.3078,0.0686,3.7189,1.2392,0.3332,1.2896,1.1488,0.7189,0.3575,0.0871,0.9067,0.6589,0.5707,0.4298,0.3614,0.2704,167.7274,158.908,12.9184,2.0049
46.667,1400,,0.9621,1.3416,0.0677,3.935,1.2739,0.3237,1.3268,1.1808,0.7435,0.3683,0.0871,0.933,0.677,0.5833,0.4373,0.3752,0.2811,168.9743,159.6665,12.6875,2.0453
46.7,1401,,0.9935,1.3808,0.0667,4.2005,1.314,0.3128,1.3668,1.2166,0.7704,0.3866,0.0872,0.9613,0.6985,0.5964,0.4462,0.3838,0.2994,169.9899,160.2399,12.4034,2.0925
46.733,1402,,1.0209,1.418,0.0671,4.4729,1.351,0.302,1.4032,1.2494,0.7925,0.4038,0.0872,0.9897,0.7209,0.6107,0.4568,0.3887,0.3166,170.6647,160.7574,11.9531,2.1344
46.767,1403,,1.04,1.453,0.0659,4.7498,1.3871,0.292,1.4406,1.2795,0.8004,0.4176,0.0872,1.0178,0.7462,0.6402,0.4791,0.3828,0.3304,170.8241,161.2195,11.4835,2.1705
46.8,1404,,1.0564,1.4881,0.0643,5.0469,1.4238,0.2821,1.4746,1.3066,0.8061,0.4321,0.0872,1.0434,0.7661,0.6685,0.5006,0.374,0.3449,170.7692,161.2457,11.2107,2.1996
46.833,1405,,1.0751,1.5219,0.0633,5.3522,1.4587,0.2725,1.5085,1.3354,0.8147,0.4419,0.0872,1.0691,0.7833,0.6937,0.5207,0.3729,0.3547,171.192,161.7762,11.0123,2.2259
46.867,1406,,1.0894,1.5476,0.0641,5.5972,1.4835,0.265,1.5373,1.3579,0.821,0.4462,0.0872,1.0894,0.8015,0.7163,0.5369,0.3748,0.359,172.2007,162.4367,11.1365,2.24
46.9,1407,,1.1032,1.5718,0.0644,5.8408,1.5074,0.2581,1.5616,1.3771,0.8294,0.4499,0.0872,1.1062,0.8183,0.7322,0.5477,0.3795,0.3627,173.6405,163.1253,11.283,2.2589
46.933,1408,,1.1155,1.592,0.0631,6.0551,1.5289,0.2525,1.5809,1.3935,0.8375,0.4528,0.0871,1.1205,0.8335,0.7435,0.5561,0.3847,0.3657,174.9418,163.9813,11.4106,2.2792
46.967,1409,,1.1289,1.6135,0.0658,6.2841,1.5477,0.2463,1.5993,1.4103,0.8475,0.4556,0.0871,1.1333,0.8469,0.7517,0.5628,0.3919,0.3686,175.8875,164.8656,11.4168,2.2996
47.0,1410,,1.1361,1.6285,0.0651,6.4525,1.5634,0.2423,1.6125,1.4222,0.85,0.456,0.0871,1.1439,0.855,0.7624,0.5721,0.394,0.369,176.3194,165.339,11.4092,2.3166
47.033,1411,,1.1419,1.6383,0.0643,6.567,1.574,0.2397,1.6206,1.4291,0.8548,0.4582,0.0871,1.149,0.8594,0.7658,0.5742,0.3967,0.3711,176.5664,165.5844,11.392,2.3268
47.067,1412,,1.1435,1.6444,0.0644,6.6375,1.58,0.238,1.626,1.433,0.854,0.4591,0.0871,1.1532,0.8625,0.772,0.5789,0.3949,0.372,176.8426,165.7887,11.3947,2.3314
47.1,1413,,1.144,1.6485,0.0663,6.685,1.5822,0.2367,1.6305,1.4356,0.8524,0.4584,0.087,1.1526,0.863,0.7782,0.5832,0.3939,0.3714,176.9171,166.0621,11.3399,2.3364
47.133,1414,,1.145,1.6522,0.0674,6.7275,1.5848,0.2356,1.6334,1.4374,0.8526,0.4581,0.087,1.151,0.8618,0.7808,0.5848,0.3945,0.3711,176.8876,166.2241,11.3429,2.3424
47.167,1415,,1.1454,1.6552,0.0681,6.7638,1.5871,0.2346,1.6359,1.439,0.8517,0.4578,0.087,1.1499,0.8606,0.7842,0.5873,0.3939,0.3708,176.7362,166.3256,11.3508,2.3475
47.2,1416,,1.1471,1.6567,0.0671,6.7841,1.5896,0.2343,1.6373,1.4402,0.854,0.4588,0.087,1.1506,0.8594,0.7833,0.5862,0.3952,0.3718,176.6923,166.3086,11.4135,2.3495
47.233,1417,,1.1478,1.6582,0.0663,6.8035,1.5919,0.234,1.6385,1.4412,0.8544,0.4579,0.087,1.1505,0.8588,0.7842,0.5869,0.3964,0.3709,176.848,166.2736,11.5067,2.3519
47.267,1418,,1.1488,1.659,0.0658,6.8137,1.5932,0.2338,1.6398,1.4424,0.8553,0.458,0.087,1.1503,0.858,0.7845,0.5871,0.3973,0.371,176.9864,166.2654,11.5952,2.3515
47.3,1419,,1.1499,1.6599,0.0661,6.8245,1.5938,0.2335,1.6409,1.4438,0.8561,0.4585,0.0871,1.1507,0.8575,0.7848,0.5877,0.3976,0.3714,177.2261,166.2806,11.6624,2.3505
47.333,1420,,1.1503,1.6607,0.0658,6.8349,1.5949,0.2333,1.6418,1.4445,0.8561,0.4593,0.0871,1.1511,0.8576,0.7857,0.5885,0.3968,0.3722,177.3572,166.2263,11.7157,2.3528
47.367,1421,,1.1508,1.6615,0.0651,6.8469,1.5964,0.2332,1.6429,1.445,0.8565,0.4603,0.087,1.1516,0.8585,0.7864,0.5885,0.3962,0.3733,177.5488,166.2021,11.7285,2.3569
47.4,1422,,1.1503,1.6627,0.067,6.8604,1.5956,0.2326,1.6442,1.4452,0.8554,0.46,0.087,1.1515,0.8594,0.7888,0.5898,0.3953,0.3731,177.6189,166.3144,11.7387,2.3615
47.433,1423,,1.1496,1.6636,0.0689,6.8733,1.5946,0.232,1.6449,1.4451,0.8542,0.4588,0.0869,1.1511,0.8597,0.7907,0.5909,0.3954,0.3718,177.6854,166.4361,11.7005,2.3638
47.467,1424,,1.1486,1.6642,0.0703,6.8813,1.5939,0.2316,1.6455,1.4447,0.8526,0.4575,0.0869,1.1509,0.8601,0.7929,0.5921,0.3951,0.3706,177.7106,166.5086,11.683,2.366
47.5,1425,,1.1496,1.6636,0.0688,6.8753,1.5949,0.232,1.6455,1.445,0.8542,0.459,0.0869,1.1526,0.8616,0.7913,0.5908,0.3952,0.3721,177.8314,166.3895,11.7201,2.3642
47.533,1426,,1.1497,1.6628,0.0673,6.8676,1.5955,0.2323,1.6453,1.4447,0.8547,0.4592,0.0869,1.1539,0.8629,0.7906,0.59,0.3955,0.3723,177.9897,166.3018,11.807,2.3601
47.567,1427,,1.1487,1.6622,0.0689,6.8598,1.5933,0.2323,1.6451,1.4442,0.8533,0.4585,0.0869,1.1535,0.8641,0.7918,0.5909,0.3948,0.3716,178.0676,166.2644,11.8152,2.3548
47.6,1428,,1.1515,1.6533,0.0699,6.7442,1.5834,0.2348,1.6415,1.4438,0.8592,0.4635,0.0868,1.1545,0.8668,0.7823,0.5846,0.3957,0.3767,178.0692,166.1999,11.9261,2.3338
47.633,1429,,1.1512,1.6602,0.0683,6.8364,1.5919,0.2329,1.645,1.4429,0.8594,0.4635,0.0868,1.1559,0.8692,0.7856,0.5835,0.3959,0.3767,178.1561,166.1355,12.007,2.3474
47.667,1430,,1.1531,1.653,0.0681,6.7423,1.5849,0.2351,1.6416,1.4429,0.8633,0.4651,0.0868,1.1575,0.8722,0.7784,0.5796,0.3982,0.3783,178.2449,166.1489,12.0494,2.3289
47.7,1431,,1.153,1.6573,0.0662,6.8043,1.5912,0.2338,1.6446,1.4423,0.8637,0.4641,0.0868,1.1593,0.8737,0.7809,0.5786,0.3996,0.3774,178.2519,166.1816,12.0951,2.3388
47.733,1432,,1.1528,1.6558,0.0652,6.7911,1.5906,0.2342,1.6439,1.4419,0.8637,0.4637,0.0867,1.1608,0.8751,0.7802,0.5781,0.4,0.377,178.2737,166.222,12.0824,2.3333
47.767,1433,,1.1551,1.6517,0.0659,6.7269,1.5858,0.2357,1.641,1.4422,0.868,0.4668,0.0867,1.162,0.8775,0.773,0.5742,0.4013,0.38,178.3284,166.2444,12.1489,2.3187
47.8,1434,,1.1543,1.6532,0.067,6.7559,1.5862,0.2348,1.643,1.4418,0.8669,0.4652,0.0867,1.1618,0.8785,0.7761,0.575,0.4017,0.3785,178.2701,166.3423,12.1155,2.3226
47.833,1435,,1.1549,1.6516,0.0659,6.7391,1.5857,0.2353,1.6418,1.4417,0.8681,0.4664,0.0867,1.1635,0.8796,0.7737,0.5736,0.4017,0.3797,178.2185,166.3631,12.0182,2.3138
47.867,1436,,1.1546,1.6503,0.0674,6.7054,1.5829,0.2361,1.6393,1.441,0.8682,0.4659,0.0867,1.163,0.8799,0.7711,0.5728,0.4023,0.3792,178.1829,166.3864,11.8921,2.3022
47.9,1437,,1.1538,1.648,0.0683,6.6764,1.5797,0.2366,1.6356,1.4389,0.8687,0.4672,0.0867,1.1611,0.8791,0.7669,0.5702,0.4015,0.3805,178.1677,166.2658,11.8115,2.2911
47.933,1438,,1.1529,1.6445,0.0686,6.6324,1.5759,0.2376,1.6298,1.436,0.8699,0.4676,0.0868,1.158,0.8777,0.7599,0.5661,0.4023,0.3808,177.8,166.0648,11.5501,2.2803
47.967,1439,,1.1493,1.6376,0.0688,6.5512,1.5688,0.2395,1.6212,1.4307,0.868,0.4666,0.0868,1.1537,0.8747,0.7532,0.5626,0.4014,0.3798,177.2197,165.8058,11.3053,2.2679
48.0,1440,,1.1436,1.6253,0.0664,6.4099,1.559,0.2432,1.6067,1.4202,0.867,0.4648,0.0868,1.148,0.8702,0.7397,0.5532,0.4022,0.3779,176.5514,165.1377,11.1743,2.2505
48.033,1441,,1.1363,1.6047,0.0649,6.1774,1.5398,0.2493,1.5881,1.4066,0.8661,0.4628,0.0869,1.1402,0.8628,0.722,0.5405,0.4032,0.3759,175.7609,164.407,11.1099,2.2438
48.067,1442,,1.1262,1.5772,0.0638,5.902,1.5133,0.2564,1.5592,1.3896,0.8628,0.4616,0.087,1.1271,0.851,0.6964,0.5268,0.4013,0.3746,174.5262,163.4134,10.9978,2.2156
48.1,1443,,1.1085,1.5438,0.0632,5.5695,1.4806,0.2658,1.5199,1.361,0.8559,0.4587,0.0871,1.106,0.8338,0.664,0.5051,0.3972,0.3716,173.51,162.4041,10.8162,2.1807
48.133,1444,,1.0838,1.5027,0.063,5.1899,1.4398,0.2774,1.4744,1.3268,0.8407,0.4509,0.0872,1.0777,0.8114,0.6337,0.4862,0.3898,0.3636,172.2553,161.2695,10.6337,2.1433
48.167,1445,,1.0489,1.4566,0.0624,4.799,1.3942,0.2905,1.4277,1.2864,0.8113,0.4339,0.0873,1.0433,0.7875,0.6164,0.4751,0.3775,0.3465,170.7127,159.9805,10.323,2.1005
48.2,1446,,1.0129,1.4046,0.0663,4.3894,1.3383,0.3049,1.3758,1.2428,0.7829,0.4199,0.0876,1.0007,0.7526,0.5929,0.4599,0.363,0.3323,169.4563,158.7226,10.0971,2.039
48.233,1447,,0.9753,1.353,0.0687,4.0268,1.2843,0.3189,1.322,1.1993,0.7512,0.3986,0.0877,0.9572,0.7073,0.5708,0.4481,0.3527,0.3108,167.4689,157.1819,10.0419,1.9811
48.267,1448,,0.9429,1.3076,0.0713,3.7303,1.2363,0.3314,1.2741,1.1589,0.727,0.3815,0.0879,0.9135,0.6774,0.5472,0.4319,0.3455,0.2936,165.8955,155.8341,9.9249,1.9339
48.3,1449,,0.9169,1.262,0.0739,3.4568,1.1881,0.3437,1.2265,1.1242,0.7096,0.3682,0.088,0.8888,0.6705,0.5169,0.4146,0.3414,0.2802,164.1258,154.3812,9.9223,1.8587
48.333,1450,,0.8941,1.2217,0.0746,3.2359,1.1472,0.3545,1.1875,1.0936,0.6946,0.356,0.0881,0.8827,0.6753,0.4929,0.3989,0.3386,0.2678,162.0623,153.0854,9.4239,1.7602
48.367,1451,,0.8712,1.1843,0.0748,3.0417,1.1095,0.3648,1.154,1.0683,0.6741,0.3453,0.0882,0.8795,0.6692,0.4799,0.3942,0.3288,0.2571,159.8302,151.9047,9.5711,1.6734
48.4,1452,,0.8719,1.1296,0.0394,2.7839,1.0902,0.3916,1.1115,1.055,0.6889,0.3487,0.0887,0.8986,0.6684,0.4226,0.3661,0.3401,0.26,158.9647,149.4894,9.2692,1.5105
48.433,1453,,0.8423,1.1416,0.0761,2.8314,1.0655,0.3763,1.1086,1.0338,0.6507,0.335,0.0883,0.8642,0.6425,0.4578,0.3831,0.3157,0.2467,156.4415,149.9388,9.3452,1.5715
48.467,1454,,0.8344,1.1286,0.0768,2.7686,1.0518,0.3799,1.0987,1.025,0.6438,0.333,0.0883,0.8627,0.6381,0.455,0.3813,0.3108,0.2446,155.0472,149.3327,9.4528,1.5201
48.5,1455,,0.8335,1.1261,0.0765,2.7576,1.0496,0.3806,1.0967,1.0243,0.6427,0.3345,0.0883,0.8642,0.6375,0.4541,0.3816,0.3082,0.2462,153.826,148.9118,9.567,1.4942
48.533,1456,,0.8379,1.1356,0.0741,2.8042,1.0615,0.3785,1.1059,1.0305,0.6454,0.3374,0.0882,0.867,0.6395,0.4605,0.385,0.308,0.2492,153.5275,148.9269,9.5248,1.5017
48.567,1457,,0.8432,1.1443,0.0735,2.8462,1.0708,0.3762,1.1167,1.0374,0.6491,0.339,0.0882,0.8695,0.6424,0.4676,0.3882,0.3102,0.2507,153.3626,148.8423,9.6528,1.5091
48.6,1458,,0.8489,1.1562,0.0728,2.9036,1.0835,0.3731,1.1301,1.0438,0.654,0.3411,0.0883,0.8725,0.6459,0.4761,0.3897,0.313,0.2528,153.6108,148.7505,9.9368,1.5287
48.633,1459,,0.8531,1.1673,0.0724,2.9568,1.0949,0.3703,1.141,1.0496,0.6565,0.3423,0.0883,0.8751,0.6484,0.4845,0.3931,0.3142,0.254,153.6538,148.6476,10.2702,1.546
48.667,1460,,0.8555,1.1791,0.0732,3.011,1.1059,0.3673,1.157,1.0534,0.6577,0.3457,0.0883,0.878,0.6532,0.4993,0.3957,0.312,0.2573,153.7207,148.4541,10.6909,1.5623
48.7,1461,,0.8569,1.1898,0.0727,3.0642,1.1171,0.3646,1.173,1.0556,0.6582,0.3472,0.0883,0.8798,0.6569,0.5148,0.3974,0.311,0.2589,153.7596,148.4463,11.01,1.5756
48.733,1462,,0.8577,1.2002,0.0731,3.1155,1.127,0.3618,1.1868,1.0572,0.6583,0.3487,0.0883,0.8803,0.658,0.5285,0.3989,0.3096,0.2604,153.6549,148.5311,11.3099,1.5852
48.767,1463,,0.8594,1.2105,0.0723,3.1683,1.1382,0.3592,1.199,1.0598,0.659,0.3522,0.0883,0.8815,0.6619,0.54,0.4007,0.3069,0.2639,153.4972,148.5304,11.6242,1.5999
48.8,1464,,0.8611,1.2218,0.0717,3.2284,1.1501,0.3562,1.2105,1.0624,0.6598,0.3573,0.0882,0.8828,0.6648,0.5507,0.4026,0.3024,0.2691,153.5046,148.3114,11.8483,1.6181
48.833,1465,,0.8636,1.2337,0.0705,3.2943,1.1632,0.3531,1.2228,1.0666,0.6606,0.3587,0.0882,0.884,0.6651,0.5623,0.406,0.3019,0.2705,153.7184,148.4868,11.8696,1.6406
48.867,1466,,0.8674,1.2456,0.0703,3.3585,1.1754,0.35,1.2348,1.073,0.6618,0.364,0.0882,0.8865,0.6679,0.573,0.4112,0.2978,0.2758,154.4066,148.6617,12.0765,1.6645
48.9,1467,,0.8725,1.2577,0.0718,3.4173,1.1859,0.347,1.2475,1.081,0.664,0.368,0.0883,0.8913,0.6715,0.5835,0.4169,0.296,0.2798,155.3138,149.0927,12.1885,1.6853
48.933,1468,,0.8802,1.2703,0.0799,3.4663,1.1904,0.3434,1.2605,1.0913,0.6691,0.3754,0.0884,0.8966,0.6751,0.5914,0.4222,0.2937,0.2871,155.8578,149.2123,11.9871,1.6892
48.967,1469,,0.8873,1.2817,0.0859,3.5031,1.1959,0.3414,1.2716,1.0999,0.6746,0.3862,0.0885,0.9023,0.6797,0.597,0.4253,0.2885,0.2977,156.5195,149.1896,11.9484,1.6804
49.0,1470,,0.8951,1.2886,0.0769,3.5475,1.2117,0.3416,1.2793,1.107,0.6831,0.3982,0.0886,0.9075,0.6848,0.5962,0.4239,0.2849,0.3096,157.3503,149.3133,11.7747,1.6644
49.033,1471,,0.9034,1.2939,0.0693,3.5888,1.2245,0.3412,1.2855,1.1126,0.6941,0.4129,0.0885,0.9104,0.6864,0.5914,0.4185,0.2812,0.3244,158.2729,149.5106,11.8536,1.6462
49.067,1472,,0.9132,1.2991,0.0651,3.6209,1.234,0.3408,1.2907,1.1183,0.7082,0.4305,0.0884,0.9133,0.6877,0.5826,0.4101,0.2777,0.3421,159.1416,149.8962,12.0279,1.636
49.1,1473,,0.922,1.3063,0.0638,3.649,1.2426,0.3405,1.2966,1.1243,0.7198,0.4461,0.0881,0.9173,0.6905,0.5769,0.4045,0.2737,0.358,159.8814,150.3682,12.2572,1.6333
49.133,1474,,0.9297,1.3111,0.0672,3.6656,1.244,0.3394,1.3011,1.1307,0.7287,0.4564,0.088,0.9225,0.6938,0.5724,0.4019,0.2724,0.3684,160.9037,151.3604,12.6912,1.6353
49.167,1475,,0.94,1.3208,0.0714,3.7035,1.2494,0.3374,1.3087,1.1396,0.7405,0.4673,0.0879,0.9294,0.6987,0.5682,0.3991,0.2732,0.3793,162.2421,152.1789,12.7717,1.6526
49.2,1476,,0.955,1.3312,0.08,3.7332,1.2512,0.3351,1.3182,1.1518,0.7582,0.4809,0.088,0.9391,0.7061,0.5599,0.3936,0.2773,0.3929,163.603,152.9089,12.8464,1.6827
49.233,1477,,0.9669,1.3411,0.0865,3.7681,1.2546,0.333,1.3274,1.162,0.7719,0.492,0.0881,0.9482,0.7151,0.5555,0.3901,0.2798,0.404,164.6298,153.5243,12.8203,1.7177
49.267,1478,,0.9749,1.347,0.0792,3.8012,1.2678,0.3335,1.334,1.169,0.7809,0.5001,0.0881,0.9539,0.7212,0.5531,0.3881,0.2808,0.412,165.5998,154.0313,12.7694,1.746
49.3,1479,,0.9786,1.3505,0.0741,3.8219,1.2764,0.334,1.3382,1.1732,0.7841,0.504,0.0882,0.9572,0.7258,0.5541,0.3891,0.2801,0.4159,166.2472,154.434,12.8556,1.7683
49.333,1480,,0.979,1.3527,0.0712,3.8344,1.2815,0.3342,1.3404,1.1734,0.7847,0.5054,0.0882,0.9554,0.7246,0.5557,0.3886,0.2793,0.4172,167.1009,154.7942,12.8644,1.7864
49.367,1481,,0.9786,1.3528,0.0692,3.8347,1.2836,0.3347,1.341,1.1718,0.7854,0.5076,0.0883,0.9518,0.7221,0.5556,0.3864,0.2778,0.4193,168.0839,155.1754,12.8934,1.7972
49.4,1482,,0.9778,1.3534,0.0673,3.8388,1.2861,0.335,1.3421,1.1704,0.7851,0.5074,0.0883,0.9487,0.721,0.5569,0.3853,0.2778,0.4191,168.8056,155.6193,12.9882,1.804
49.433,1483,,0.9765,1.3534,0.0666,3.8392,1.2868,0.3352,1.3436,1.1691,0.7839,0.5068,0.0883,0.9466,0.72,0.5597,0.3852,0.2771,0.4185,169.1711,155.8736,13.1632,1.8067
49.467,1484,,0.9759,1.3568,0.0662,3.8564,1.2906,0.3347,1.3461,1.1692,0.7826,0.506,0.0883,0.9457,0.7195,0.5635,0.3865,0.2766,0.4178,169.0943,156.045,13.3856,1.8115
49.5,1485,,0.976,1.3611,0.0651,3.8839,1.2959,0.3337,1.3497,1.1702,0.7817,0.5059,0.0883,0.9444,0.7188,0.568,0.3885,0.2758,0.4176,168.8115,156.176,13.6283,1.8274
49.533,1486,,0.977,1.3668,0.0639,3.9199,1.3029,0.3324,1.3544,1.1728,0.7811,0.5056,0.0883,0.945,0.7191,0.5733,0.3917,0.2755,0.4174,168.3645,156.3559,13.8897,1.8556
49.567,1487,,0.9774,1.3717,0.063,3.951,1.3086,0.3312,1.3587,1.1751,0.7796,0.5047,0.0882,0.9455,0.7185,0.579,0.3954,0.2749,0.4165,168.0275,156.469,14.1601,1.8819
49.6,1488,,0.9779,1.3742,0.0624,3.9698,1.3118,0.3304,1.3612,1.1754,0.7804,0.5042,0.0882,0.9453,0.718,0.5808,0.395,0.2762,0.4159,167.8765,156.5042,14.3723,1.9037
49.633,1489,,0.9785,1.3771,0.062,3.9866,1.3151,0.3299,1.3639,1.1767,0.7803,0.5039,0.0882,0.9443,0.7179,0.5836,0.3963,0.2764,0.4157,167.5663,156.4108,14.4381,1.9135
49.667,1490,,0.9786,1.3793,0.061,4.0003,1.3183,0.3295,1.366,1.1777,0.7795,0.503,0.0882,0.9459,0.7197,0.5865,0.3982,0.2765,0.4148,167.1017,156.2161,14.5979,1.9216
49.7,1491,,0.9786,1.381,0.0604,4.0098,1.3205,0.3293,1.3677,1.1788,0.7784,0.5009,0.0882,0.9478,0.7214,0.5893,0.4004,0.2775,0.4127,166.8202,156.0491,14.7838,1.9247
49.733,1492,,0.9787,1.3823,0.0609,4.016,1.3214,0.329,1.3683,1.1797,0.7777,0.5013,0.0882,0.948,0.7218,0.5906,0.402,0.2764,0.4131,166.8335,155.8035,14.9075,1.9252
49.767,1493,,0.9789,1.3829,0.0613,4.0191,1.3216,0.3288,1.3684,1.1802,0.7776,0.5,0.0883,0.9486,0.7227,0.5908,0.4025,0.2777,0.4117,166.8214,155.5991,14.9834,1.9247
49.8,1494,,0.9791,1.384,0.0615,4.0251,1.3225,0.3286,1.369,1.181,0.7772,0.4988,0.0883,0.9487,0.7233,0.5918,0.4038,0.2784,0.4105,166.742,155.3471,15.0488,1.9281
49.833,1495,,0.9793,1.3851,0.0615,4.0306,1.3235,0.3284,1.3698,1.1817,0.7768,0.4974,0.0883,0.9494,0.723,0.593,0.4048,0.2795,0.4091,166.2165,155.0894,15.1955,1.937
49.867,1496,,0.9785,1.385,0.0612,4.0319,1.3238,0.3283,1.3695,1.1811,0.7759,0.4947,0.0883,0.9488,0.7218,0.5936,0.4052,0.2812,0.4064,165.8226,154.9726,15.3975,1.946
49.9,1497,,0.9771,1.3844,0.0613,4.0299,1.3231,0.3283,1.3688,1.1804,0.7738,0.4921,0.0882,0.9482,0.7201,0.595,0.4066,0.2818,0.4038,165.4797,154.9521,15.5632,1.9512
49.933,1498,,0.9756,1.3838,0.0608,4.0284,1.323,0.3284,1.3681,1.1796,0.7715,0.4898,0.0882,0.9473,0.7176,0.5966,0.408,0.2817,0.4016,165.1414,154.8862,15.7507,1.9573
49.967,1499,,0.9738,1.3835,0.0602,4.029,1.3233,0.3285,1.3676,1.1785,0.769,0.4882,0.0882,0.9464,0.7149,0.5986,0.4095,0.2808,0.4,164.7979,154.7492,15.8803,1.9616
50.0,1500,,0.9736,1.3834,0.0601,4.0285,1.3233,0.3285,1.3674,1.1786,0.7685,0.4876,0.0881,0.946,0.715,0.5989,0.4101,0.2809,0.3994,164.3069,154.3737,15.852,1.9664
50.033,1501,,0.9734,1.3831,0.06,4.0269,1.3231,0.3286,1.3669,1.1784,0.7683,0.4865,0.0881,0.9467,0.7146,0.5986,0.41,0.2818,0.3984,163.9799,154.3458,15.9619,1.9685
50.067,1502,,0.9735,1.3829,0.0598,4.0251,1.3231,0.3287,1.3669,1.1784,0.7687,0.4865,0.0881,0.9473,0.7146,0.5983,0.4097,0.2822,0.3984,163.7482,154.3044,16.0986,1.9701
50.1,1503,,0.9737,1.3832,0.0598,4.0265,1.3235,0.3287,1.367,1.1787,0.7686,0.4863,0.0881,0.9471,0.7152,0.5984,0.4101,0.2823,0.3982,163.5053,154.0888,16.0201,1.9741
50.133,1504,,0.9733,1.3831,0.0594,4.0264,1.3236,0.3287,1.3667,1.1784,0.7681,0.484,0.0881,0.9466,0.7139,0.5986,0.4103,0.2841,0.3959,163.2333,154.0593,16.1246,1.9763
50.167,1505,,0.9732,1.3834,0.0592,4.0284,1.3241,0.3287,1.3668,1.1785,0.768,0.4828,0.0881,0.947,0.7137,0.5988,0.4105,0.2852,0.3947,163.1688,154.134,16.1389,1.9779
50.2,1506,,0.9736,1.384,0.0594,4.0306,1.3247,0.3287,1.3673,1.1793,0.7679,0.4831,0.0881,0.9484,0.7155,0.5994,0.4114,0.2849,0.395,162.9271,154.0216,16.1997,1.9765
50.233,1507,,0.9734,1.3843,0.0586,4.0347,1.3257,0.3286,1.3673,1.1793,0.7675,0.4837,0.0881,0.9481,0.7156,0.5998,0.4118,0.2838,0.3956,162.821,153.9015,16.144,1.9797
50.267,1508,,0.9734,1.384,0.0579,4.0348,1.3261,0.3287,1.3672,1.1793,0.7675,0.4849,0.0881,0.9474,0.7147,0.5996,0.4117,0.2826,0.3969,162.7385,153.7609,16.1023,1.9806
50.3,1509,,0.9725,1.3834,0.057,4.0344,1.3264,0.3288,1.3664,1.1783,0.7667,0.4852,0.088,0.947,0.7132,0.5997,0.4117,0.2814,0.3972,162.5832,153.7676,16.1797,1.9824
50.333,1510,,0.9711,1.382,0.0559,4.0306,1.3262,0.329,1.3653,1.1769,0.7653,0.4848,0.088,0.9457,0.7123,0.5999,0.4116,0.2805,0.3969,162.6238,153.8137,16.2786,1.9828
50.367,1511,,0.9706,1.3805,0.0549,4.0234,1.3256,0.3295,1.3642,1.1762,0.765,0.485,0.088,0.9456,0.7123,0.5992,0.4112,0.2801,0.397,162.5203,153.7806,16.3036,1.9819
50.4,1512,,0.9716,1.3799,0.0554,4.0174,1.3245,0.3297,1.364,1.1772,0.766,0.486,0.088,0.9463,0.7126,0.598,0.4112,0.28,0.398,162.504,153.6504,16.2799,1.9796
50.433,1513,,0.9715,1.3784,0.0555,4.0083,1.3229,0.33,1.363,1.1768,0.7661,0.4858,0.088,0.9463,0.7114,0.5969,0.4107,0.2803,0.3978,162.489,153.7137,16.3722,1.9772
50.467,1514,,0.9712,1.3773,0.0552,4.002,1.3221,0.3304,1.3622,1.1769,0.7654,0.487,0.088,0.9469,0.7123,0.5968,0.4115,0.2784,0.399,162.5939,153.7321,16.3532,1.969
50.5,1515,,0.9713,1.3766,0.0552,3.9959,1.3214,0.3307,1.3619,1.1775,0.7651,0.4881,0.088,0.9463,0.7123,0.5968,0.4124,0.277,0.4001,162.5098,153.5975,16.2941,1.9648
50.533,1516,,0.9717,1.3762,0.0549,3.9922,1.3213,0.331,1.3619,1.1783,0.7651,0.4894,0.088,0.947,0.7135,0.5969,0.4132,0.2756,0.4014,162.3801,153.4219,16.2551,1.9607
50.567,1517,,0.9702,1.3748,0.054,3.9868,1.3208,0.3313,1.361,1.1769,0.7636,0.4886,0.088,0.9462,0.7116,0.5975,0.4134,0.275,0.4006,162.1218,153.3335,16.3639,1.962
50.6,1518,,0.9699,1.3741,0.0539,3.9838,1.3202,0.3314,1.3605,1.1769,0.7628,0.4891,0.088,0.946,0.7108,0.5976,0.414,0.2737,0.4011,162.0138,153.2772,16.28,1.9577
50.633,1519,,0.9695,1.3736,0.0541,3.9804,1.3195,0.3315,1.3603,1.1768,0.7622,0.4888,0.088,0.9456,0.7111,0.5981,0.4147,0.2734,0.4008,161.7632,153.2426,16.2338,1.9548
50.667,1520,,0.9698,1.3737,0.0543,3.9799,1.3194,0.3315,1.3605,1.1772,0.7623,0.4892,0.088,0.9465,0.7129,0.5982,0.4149,0.2731,0.4011,161.6662,153.2583,16.2805,1.9523
50.7,1521,,0.9698,1.3736,0.0542,3.9778,1.3194,0.3317,1.3606,1.1774,0.7623,0.4901,0.0881,0.9468,0.714,0.5983,0.4151,0.2721,0.4021,161.5167,153.2327,16.241,1.9513
50.733,1522,,0.9699,1.3732,0.054,3.9761,1.3192,0.3318,1.3602,1.1772,0.7626,0.4917,0.0881,0.9465,0.7141,0.5975,0.4145,0.2709,0.4037,161.3761,153.1612,16.1573,1.9494
50.767,1523,,0.9698,1.3726,0.0534,3.9729,1.3192,0.332,1.3596,1.1767,0.7629,0.4924,0.0881,0.9454,0.7128,0.5967,0.4139,0.2705,0.4043,161.2657,153.0933,16.1488,1.9478
50.8,1524,,0.9707,1.3721,0.0538,3.9695,1.3183,0.3321,1.3592,1.177,0.7643,0.4925,0.0881,0.9455,0.7133,0.595,0.4127,0.2718,0.4044,161.4462,152.9478,16.0977,1.9503
50.833,1525,,0.9702,1.3714,0.0541,3.9648,1.3173,0.3323,1.3587,1.1763,0.7641,0.4921,0.0881,0.9451,0.7119,0.5945,0.4122,0.272,0.404,161.4441,152.9319,16.1878,1.9513
50.867,1526,,0.9702,1.371,0.0544,3.9624,1.3166,0.3323,1.3583,1.176,0.7643,0.4914,0.0881,0.9454,0.7119,0.5939,0.4116,0.2729,0.4033,161.2897,152.9512,16.2378,1.9516
50.9,1527,,0.9698,1.3709,0.0547,3.9614,1.3161,0.3322,1.358,1.1761,0.7636,0.4928,0.0881,0.9459,0.7124,0.5944,0.4125,0.2708,0.4047,161.2421,152.8742,16.191,1.9469
50.933,1528,,0.97,1.3705,0.0547,3.9598,1.3157,0.3323,1.3577,1.1758,0.7641,0.4926,0.0881,0.9458,0.7127,0.5936,0.4117,0.2715,0.4045,161.1443,152.9136,16.2074,1.9495
50.967,1529,,0.9699,1.3698,0.0546,3.9567,1.3152,0.3324,1.357,1.1761,0.7637,0.4935,0.0881,0.9464,0.7144,0.5933,0.4124,0.2701,0.4054,161.1784,152.9276,16.1339,1.9436
51.0,1530,,0.9697,1.3693,0.054,3.9552,1.3154,0.3326,1.3565,1.1759,0.7634,0.4939,0.0881,0.9463,0.7143,0.593,0.4125,0.2695,0.4058,161.0974,152.904,16.0488,1.9402
51.033,1531,,0.9696,1.3692,0.054,3.9549,1.3152,0.3326,1.3562,1.1762,0.763,0.4942,0.0881,0.9462,0.7149,0.5932,0.4132,0.2688,0.4061,161.1966,152.9891,16.0627,1.9367
51.067,1532,,0.9697,1.3688,0.0536,3.9527,1.3152,0.3327,1.356,1.1759,0.7635,0.4941,0.0881,0.9458,0.7132,0.5925,0.4124,0.2694,0.406,161.0463,152.9692,16.2128,1.9395
51.1,1533,,0.9698,1.3684,0.0534,3.9511,1.315,0.3328,1.3557,1.1757,0.7639,0.4936,0.0881,0.9459,0.7121,0.5918,0.4117,0.2704,0.4055,160.9105,152.9531,16.4856,1.9398
51.133,1534,,0.9702,1.3681,0.0539,3.9485,1.3143,0.3329,1.3555,1.1759,0.7644,0.4946,0.0881,0.9465,0.7129,0.5911,0.4115,0.2698,0.4066,161.0142,152.9167,16.487,1.933
51.167,1535,,0.9707,1.368,0.0537,3.9477,1.3144,0.3329,1.3554,1.1764,0.765,0.4966,0.0881,0.9472,0.7147,0.5905,0.4114,0.2684,0.4085,161.2799,153.0406,16.4823,1.9291
51.2,1536,,0.9716,1.3676,0.0538,3.9432,1.3137,0.3332,1.3559,1.1773,0.766,0.4981,0.0881,0.9477,0.7165,0.5899,0.4113,0.2679,0.41,161.2472,152.8393,16.3954,1.9268
51.233,1537,,0.9719,1.3666,0.0542,3.937,1.3125,0.3334,1.3549,1.1778,0.766,0.4991,0.0881,0.9485,0.7172,0.5889,0.4118,0.2669,0.411,161.3676,152.8938,16.2618,1.9183
51.267,1538,,0.9715,1.3652,0.0546,3.9282,1.3106,0.3336,1.3538,1.1778,0.7653,0.4996,0.0881,0.9477,0.7164,0.5885,0.4125,0.2657,0.4115,161.4754,152.9364,16.1252,1.9077
51.3,1539,,0.9709,1.3636,0.0544,3.9196,1.3092,0.334,1.3524,1.1771,0.7647,0.5004,0.0881,0.9465,0.7157,0.5877,0.4124,0.2643,0.4123,161.7477,153.0195,15.9639,1.9014
51.333,1540,,0.9706,1.3622,0.0553,3.9094,1.3069,0.3343,1.3515,1.1772,0.7639,0.5007,0.0881,0.9457,0.7159,0.5876,0.4133,0.2632,0.4126,161.8218,152.9262,15.7244,1.8951
51.367,1541,,0.9704,1.3613,0.0555,3.9036,1.3058,0.3345,1.3509,1.177,0.7637,0.5005,0.088,0.9446,0.7155,0.5872,0.4132,0.2632,0.4125,161.8948,152.8989,15.5109,1.8918
51.4,1542,,0.9688,1.3586,0.0537,3.8932,1.3049,0.3352,1.3488,1.1752,0.7624,0.4988,0.0878,0.9417,0.7119,0.5864,0.4128,0.2636,0.411,161.7379,152.8776,15.2901,1.8951
51.433,1543,,0.9645,1.3538,0.0492,3.8795,1.3046,0.3363,1.3443,1.171,0.7579,0.4945,0.0874,0.9372,0.7061,0.5864,0.4131,0.2634,0.4071,161.2886,152.8806,15.2146,1.9043
51.467,1544,,0.9583,1.3474,0.0439,3.8605,1.3036,0.3377,1.3383,1.1653,0.7512,0.4882,0.087,0.9308,0.6977,0.5871,0.414,0.2631,0.4012,160.7347,152.8337,15.0869,1.9151
51.5,1545,,0.9507,1.3403,0.038,3.8405,1.3023,0.3391,1.3314,1.1583,0.743,0.4792,0.0864,0.9239,0.6887,0.5884,0.4153,0.2638,0.3928,159.7927,152.7696,14.9674,1.9282
51.533,1546,,0.9459,1.3368,0.0348,3.8367,1.302,0.3394,1.3276,1.1535,0.7383,0.4732,0.086,0.92,0.6845,0.5893,0.4152,0.2652,0.3871,158.9034,152.485,14.7379,1.9411
51.567,1547,,0.94,1.3336,0.0329,3.8315,1.3006,0.3395,1.3231,1.148,0.7319,0.4656,0.0857,0.9149,0.6783,0.5912,0.4161,0.2663,0.3799,158.0868,152.1699,14.3951,1.9451
51.6,1548,,0.9337,1.3298,0.0322,3.8211,1.2976,0.3396,1.3187,1.1429,0.7246,0.4583,0.0856,0.91,0.6731,0.5941,0.4183,0.2663,0.3728,157.2453,151.7896,14.2736,1.9434
51.633,1549,,0.9279,1.3259,0.033,3.8071,1.2929,0.3396,1.3143,1.1379,0.718,0.4514,0.0856,0.9059,0.6682,0.5963,0.42,0.2665,0.3659,156.6378,151.4467,14.1418,1.9295
51.667,1550,,0.9222,1.3227,0.0346,3.7957,1.2882,0.3394,1.3099,1.1331,0.7113,0.4439,0.0857,0.9017,0.6636,0.5986,0.4218,0.2674,0.3582,156.1899,151.0617,13.9924,1.9145
51.7,1551,,0.9159,1.3197,0.0366,3.7833,1.2831,0.3391,1.3056,1.1284,0.7035,0.4359,0.0859,0.8987,0.6613,0.6021,0.4249,0.2676,0.35,155.5736,150.5799,13.9075,1.8983
51.733,1552,,0.9101,1.3144,0.0366,3.7602,1.2778,0.3398,1.3002,1.1233,0.6968,0.4299,0.0861,0.8957,0.6583,0.6034,0.4265,0.2668,0.3439,155.3998,150.3643,14.0683,1.8757
51.767,1553,,0.9043,1.3085,0.0387,3.7316,1.2698,0.3403,1.2937,1.1177,0.6909,0.4239,0.0863,0.8921,0.6549,0.6028,0.4268,0.267,0.3376,155.3206,150.078,14.2641,1.8527
51.8,1554,,0.8991,1.3025,0.0419,3.6982,1.2607,0.3409,1.2869,1.1132,0.685,0.4183,0.0867,0.8893,0.653,0.6019,0.4281,0.2667,0.3316,155.3012,149.7518,14.3546,1.8282
51.833,1555,,0.896,1.2976,0.0443,3.6691,1.2533,0.3416,1.2803,1.1096,0.6823,0.4151,0.0871,0.8883,0.6541,0.598,0.4273,0.2672,0.3279,155.7438,149.593,14.4268,1.7974
51.867,1556,,0.8938,1.2923,0.0485,3.6318,1.2438,0.3425,1.2738,1.1065,0.6811,0.4142,0.0877,0.8887,0.6554,0.5927,0.4254,0.2669,0.3265,156.3226,149.3195,14.4592,1.761
51.9,1557,,0.8924,1.2873,0.0526,3.595,1.2346,0.3434,1.2675,1.1032,0.6816,0.4125,0.0882,0.8885,0.6562,0.5859,0.4216,0.2691,0.3243,156.8394,148.9962,14.5764,1.7245
51.933,1558,,0.8904,1.2799,0.0564,3.5456,1.2235,0.3451,1.2596,1.0992,0.6816,0.4098,0.0887,0.888,0.6567,0.578,0.4176,0.2718,0.3211,157.5386,148.8,14.7025,1.6885
51.967,1559,,0.8883,1.2713,0.0596,3.4901,1.2118,0.3472,1.2506,1.0948,0.6818,0.4073,0.0891,0.8873,0.6575,0.5689,0.413,0.2744,0.3182,158.1349,148.5911,14.8566,1.6515
52.0,1560,,0.8876,1.2622,0.062,3.4317,1.2003,0.3498,1.2417,1.091,0.6843,0.4076,0.0895,0.887,0.6605,0.5574,0.4067,0.2767,0.3181,159.3242,148.6621,14.984,1.6197
52.033,1561,,0.886,1.2542,0.0644,3.3786,1.1897,0.3521,1.2325,1.0875,0.6845,0.4057,0.0898,0.8861,0.6624,0.548,0.403,0.2787,0.316,160.4676,148.9179,14.8845,1.5915
52.067,1562,,0.8838,1.2455,0.0675,3.323,1.178,0.3545,1.2225,1.0835,0.6841,0.4037,0.09,0.8852,0.663,0.5384,0.3995,0.2804,0.3137,161.7381,149.2325,14.6256,1.5647
52.1,1563,,0.8798,1.2349,0.0703,3.2597,1.1646,0.3573,1.2115,1.0776,0.682,0.4012,0.0901,0.8821,0.6587,0.5295,0.3956,0.2808,0.3111,163.2888,149.6971,14.5095,1.5411
52.133,1564,,0.8745,1.2246,0.0728,3.2002,1.1517,0.3599,1.2,1.0711,0.6779,0.3962,0.0901,0.8778,0.6524,0.5221,0.3932,0.2817,0.3062,162.7183,150.5064,14.4167,1.5219
52.167,1565,,0.8701,1.2128,0.075,3.1349,1.1378,0.3629,1.1868,1.0649,0.6752,0.3918,0.09,0.8749,0.6484,0.5116,0.3896,0.2835,0.3018,161.1587,151.4932,14.2923,1.5003
52.2,1566,,0.8642,1.1991,0.0747,3.0665,1.1244,0.3667,1.1714,1.0575,0.6708,0.3846,0.0898,0.8711,0.6402,0.5006,0.3867,0.2863,0.2947,159.5097,152.2792,13.962,1.4839
52.233,1567,,0.859,1.1886,0.0746,3.0133,1.114,0.3697,1.1599,1.0507,0.6673,0.3796,0.0897,0.868,0.6329,0.4926,0.3834,0.2877,0.29,158.005,152.9063,13.5614,1.474
52.267,1568,,0.8548,1.1819,0.074,2.9799,1.1078,0.3718,1.1511,1.0453,0.6642,0.3756,0.0896,0.8654,0.6295,0.4869,0.381,0.2887,0.286,157.3834,153.2484,13.3284,1.4719
52.3,1569,,0.8516,1.174,0.0735,2.9419,1.1005,0.3741,1.1427,1.0413,0.6619,0.3715,0.0895,0.8626,0.6269,0.4808,0.3794,0.2904,0.282,157.4437,153.8206,13.1513,1.4715
52.333,1570,,0.8499,1.1665,0.0742,2.9059,1.0923,0.3759,1.135,1.0386,0.6612,0.3708,0.0894,0.8608,0.6266,0.4738,0.3775,0.2904,0.2814,157.5022,154.4261,12.9067,1.4736
52.367,1571,,0.8509,1.1625,0.0749,2.8856,1.0875,0.3769,1.13,1.0386,0.6632,0.3712,0.0893,0.8584,0.6253,0.4667,0.3754,0.292,0.2818,157.6101,155.0088,12.5416,1.4815
52.4,1572,,0.8516,1.159,0.0782,2.8686,1.0808,0.3768,1.1259,1.0384,0.6648,0.3711,0.0892,0.855,0.6227,0.4611,0.3736,0.2937,0.2818,158.3528,155.209,12.2551,1.4963
52.433,1573,,0.8551,1.159,0.0787,2.869,1.0803,0.3765,1.126,1.04,0.6701,0.3717,0.0892,0.8539,0.6214,0.4559,0.3699,0.2984,0.2825,159.5231,155.4238,11.9161,1.5231
52.467,1574,,0.8605,1.1627,0.0811,2.8837,1.0817,0.3751,1.1292,1.0429,0.678,0.3763,0.0892,0.8531,0.6191,0.4512,0.3649,0.3016,0.2872,160.9718,155.346,11.8115,1.5473
52.5,1575,,0.8669,1.1665,0.0827,2.9009,1.0838,0.3736,1.1333,1.0475,0.6864,0.378,0.0892,0.852,0.6144,0.447,0.3611,0.3084,0.2888,162.8457,155.2927,11.5593,1.5677
52.533,1576,,0.875,1.1738,0.0842,2.9342,1.0895,0.3713,1.1407,1.0565,0.6936,0.3805,0.0892,0.8528,0.6121,0.4471,0.3629,0.3131,0.2914,164.0552,155.482,11.1809,1.5912
52.567,1577,,0.8892,1.1915,0.0852,3.0211,1.1064,0.3662,1.1577,1.0724,0.706,0.3853,0.0891,0.8558,0.611,0.4516,0.3664,0.3207,0.2961,165.5399,155.8701,10.8175,1.6283
52.6,1578,,0.906,1.2165,0.0858,3.1476,1.1307,0.3592,1.1834,1.0917,0.7204,0.3931,0.0891,0.8608,0.6124,0.463,0.3713,0.3273,0.304,166.3551,156.1742,10.275,1.6727
52.633,1579,,0.9242,1.2503,0.0857,3.3297,1.1645,0.3497,1.2166,1.1128,0.7357,0.4001,0.0891,0.8732,0.6186,0.4809,0.3772,0.3355,0.311,167.2706,156.7561,9.8641,1.7217
52.667,1580,,0.9454,1.2858,0.0847,3.5337,1.2011,0.3399,1.2566,1.1375,0.7532,0.4079,0.0892,0.8901,0.6267,0.5034,0.3844,0.3453,0.3187,167.9727,157.2512,9.5908,1.774
52.7,1581,,0.9696,1.326,0.086,3.7763,1.24,0.3284,1.2997,1.1679,0.7713,0.4142,0.0891,0.9093,0.6392,0.5284,0.3966,0.3571,0.3251,168.805,157.8164,9.7043,1.8348
52.733,1582,,0.9936,1.365,0.0846,4.0331,1.2804,0.3175,1.3426,1.2017,0.7855,0.4228,0.0891,0.9392,0.6613,0.5571,0.4161,0.3627,0.3337,169.6616,158.4983,10.0093,1.8927
52.767,1583,,1.0232,1.4055,0.0834,4.321,1.3221,0.306,1.3868,1.24,0.8063,0.432,0.0891,0.9731,0.6883,0.5805,0.4337,0.3743,0.3429,170.6979,159.4423,9.9849,1.9406
52.8,1584,,1.0482,1.4464,0.0837,4.6293,1.3627,0.2944,1.4282,1.2738,0.8226,0.4411,0.089,1.0082,0.7216,0.6056,0.4512,0.3815,0.3521,171.7379,160.0412,9.9603,1.9881
52.833,1585,,1.0653,1.482,0.0826,4.9264,1.3994,0.2841,1.4633,1.3006,0.83,0.4462,0.089,1.0391,0.7493,0.6332,0.4705,0.3839,0.3571,172.57,160.4914,10.2537,2.0196
52.867,1586,,1.0859,1.5166,0.0832,5.2265,1.4334,0.2743,1.5,1.328,0.8437,0.4571,0.089,1.0642,0.7753,0.6562,0.4842,0.3867,0.3681,173.4129,160.742,10.481,2.0474
52.9,1587,,1.101,1.5482,0.0806,5.5277,1.4675,0.2655,1.5312,1.3547,0.8472,0.4607,0.089,1.0873,0.7934,0.684,0.5076,0.3865,0.3716,174.0129,161.4002,10.6611,2.0729
52.933,1588,,1.1118,1.5729,0.0788,5.7756,1.4941,0.2587,1.5586,1.373,0.8506,0.4596,0.089,1.1064,0.8088,0.708,0.5224,0.391,0.3706,174.7778,161.7191,10.9012,2.0898
52.967,1589,,1.1234,1.5922,0.0786,5.9729,1.5136,0.2534,1.5807,1.3899,0.8569,0.4613,0.089,1.1182,0.8232,0.7238,0.533,0.3956,0.3723,175.5902,162.2427,11.074,2.1044
53.0,1590,,1.1319,1.6117,0.0765,6.1893,1.5352,0.248,1.5984,1.4062,0.8577,0.4589,0.089,1.1318,0.8359,0.7407,0.5485,0.3988,0.3699,176.0801,162.733,11.1659,2.1267
53.033,1591,,1.1388,1.6259,0.0749,6.3561,1.551,0.244,1.6121,1.4183,0.8593,0.4585,0.0889,1.1405,0.8443,0.7529,0.5591,0.4008,0.3695,176.6098,163.2676,11.3779,2.147
53.067,1592,,1.1412,1.6301,0.0723,6.4125,1.5579,0.2429,1.6175,1.4248,0.8576,0.456,0.0889,1.1437,0.8501,0.7599,0.5672,0.4016,0.3671,177.0119,163.5264,11.6175,2.1522
53.1,1593,,1.1451,1.6399,0.0704,6.5395,1.5694,0.24,1.6267,1.4298,0.8603,0.4569,0.0888,1.146,0.8523,0.7663,0.5695,0.4035,0.368,177.2288,163.746,11.7862,2.1768
53.133,1594,,1.1452,1.6435,0.0689,6.5933,1.5746,0.2388,1.6307,1.4316,0.8587,0.4558,0.0887,1.145,0.8514,0.772,0.5729,0.4029,0.3671,177.3221,163.827,11.8783,2.1911
53.167,1595,,1.1453,1.6463,0.0673,6.6336,1.579,0.238,1.6334,1.4328,0.8579,0.4548,0.0887,1.1452,0.8505,0.7756,0.575,0.4031,0.3661,177.5512,163.9776,12.0001,2.2057
53.2,1596,,1.1451,1.6449,0.0672,6.6183,1.5776,0.2384,1.6319,1.432,0.8583,0.4572,0.0886,1.1422,0.8475,0.7736,0.5737,0.4011,0.3686,177.6606,164.0033,12.1459,2.2057
53.233,1597,,1.1429,1.6473,0.0664,6.6574,1.5809,0.2375,1.636,1.4306,0.8551,0.4568,0.0885,1.1397,0.8455,0.7809,0.5756,0.3982,0.3683,177.4822,163.9721,12.3031,2.2218
53.267,1598,,1.141,1.6481,0.065,6.6736,1.5831,0.2372,1.6371,1.429,0.853,0.4563,0.0884,1.137,0.8435,0.7841,0.576,0.3967,0.3678,177.247,163.8903,12.5169,2.2316
53.3,1599,,1.1402,1.649,0.0639,6.6869,1.5851,0.237,1.6382,1.4283,0.8522,0.4564,0.0884,1.1358,0.8419,0.786,0.576,0.3958,0.3681,176.97,163.9042,12.6459,2.242
53.333,1600,,1.1403,1.6501,0.0632,6.7021,1.587,0.2368,1.6394,1.428,0.8525,0.4577,0.0883,1.135,0.8401,0.7869,0.5754,0.3948,0.3695,176.6902,163.9476,12.7607,2.2548
53.367,1601,,1.1409,1.6508,0.0633,6.7113,1.5876,0.2366,1.6406,1.4292,0.8526,0.4581,0.0882,1.1352,0.8395,0.7881,0.5766,0.3945,0.3699,176.542,164.0423,12.829,2.2607
53.4,1602,,1.1415,1.6523,0.0633,6.728,1.5889,0.2362,1.6423,1.4307,0.8524,0.4584,0.0882,1.1361,0.8395,0.7899,0.5783,0.394,0.3702,176.2852,164.1125,12.7121,2.2664
53.433,1603,,1.1421,1.6541,0.0632,6.7522,1.591,0.2356,1.6439,1.4316,0.8525,0.4596,0.0882,1.1374,0.84,0.7913,0.5791,0.3929,0.3714,176.0702,164.0492,12.6188,2.276
53.467,1604,,1.1426,1.655,0.0631,6.7648,1.5919,0.2353,1.6447,1.4324,0.8528,0.46,0.0882,1.1389,0.8409,0.7919,0.5796,0.3928,0.3719,175.9458,164.104,12.4699,2.2842
53.5,1605,,1.1433,1.6553,0.0629,6.7713,1.5925,0.2352,1.6451,1.4329,0.8537,0.4608,0.0882,1.1411,0.8421,0.7914,0.5791,0.393,0.3726,175.8728,164.1586,12.3801,2.2899
53.533,1606,,1.1449,1.6557,0.0626,6.7759,1.5931,0.2351,1.6456,1.4338,0.856,0.4621,0.0882,1.1418,0.8434,0.7896,0.5778,0.3939,0.374,175.8685,164.2148,12.2051,2.2956
53.567,1607,,1.1472,1.6555,0.0627,6.7743,1.5929,0.2351,1.6462,1.4352,0.8593,0.464,0.0882,1.1429,0.8447,0.7869,0.5759,0.3953,0.3757,175.9388,164.2857,12.0432,2.3006
53.6,1608,,1.1508,1.6571,0.0637,6.7887,1.5934,0.2347,1.6457,1.4363,0.8653,0.4683,0.0882,1.1437,0.8461,0.7804,0.571,0.397,0.3801,176.1066,164.3115,11.945,2.3041
53.633,1609,,1.1517,1.6569,0.0636,6.7884,1.5933,0.2347,1.6476,1.4374,0.8659,0.4682,0.0882,1.145,0.8467,0.7818,0.5716,0.3976,0.38,176.1612,164.3727,11.784,2.3033
53.667,1610,,1.1522,1.6567,0.0636,6.7861,1.5931,0.2348,1.6477,1.4386,0.8658,0.4681,0.0882,1.1461,0.8479,0.782,0.5728,0.3977,0.3798,176.1325,164.411,11.6432,2.3002
53.7,1611,,1.1521,1.6563,0.0631,6.7865,1.5931,0.2348,1.6474,1.4389,0.8653,0.4673,0.0882,1.147,0.849,0.7821,0.5736,0.3981,0.379,176.0325,164.4372,11.5091,2.2978
53.733,1612,,1.1522,1.6565,0.0659,6.7901,1.5906,0.2343,1.6475,1.4393,0.8652,0.4671,0.0883,1.1472,0.8519,0.7823,0.5741,0.3981,0.3788,176.0482,164.5429,11.4067,2.2913
53.767,1613,,1.1522,1.6556,0.065,6.7823,1.5905,0.2345,1.6469,1.4391,0.8653,0.4666,0.0883,1.1487,0.8552,0.7816,0.5737,0.3987,0.3784,176.1306,164.5262,11.4425,2.2888
53.8,1614,,1.1535,1.6559,0.0657,6.7803,1.5902,0.2345,1.6473,1.4397,0.8672,0.4681,0.0883,1.1503,0.8599,0.7801,0.5725,0.3991,0.3798,176.1738,164.5257,11.4464,2.2871
53.833,1615,,1.1542,1.6555,0.0663,6.7737,1.5893,0.2346,1.6468,1.4401,0.8682,0.4691,0.0883,1.152,0.8637,0.7786,0.572,0.399,0.3809,176.2143,164.5201,11.3911,2.2861
53.867,1616,,1.1543,1.6538,0.0682,6.7544,1.5856,0.2347,1.6452,1.4398,0.8687,0.4684,0.0883,1.1524,0.8663,0.7764,0.5711,0.4004,0.3801,176.2872,164.5609,11.3402,2.2807
53.9,1617,,1.1567,1.6524,0.0683,6.7361,1.584,0.2352,1.6438,1.4401,0.8733,0.4715,0.0883,1.1544,0.87,0.7705,0.5668,0.4018,0.3832,176.3493,164.572,11.3412,2.2783
53.933,1618,,1.1573,1.6491,0.0698,6.6993,1.5793,0.2357,1.6407,1.4391,0.8754,0.4715,0.0883,1.1549,0.8715,0.7652,0.5637,0.404,0.3832,176.4593,164.5495,11.2704,2.272
53.967,1619,,1.1568,1.6461,0.0709,6.666,1.5751,0.2363,1.6364,1.4379,0.8757,0.4713,0.0883,1.1544,0.8718,0.7607,0.5621,0.4044,0.383,176.4743,164.5343,11.1563,2.2667
54.0,1620,,1.1549,1.6412,0.0683,6.6144,1.5729,0.2378,1.6296,1.435,0.8748,0.4711,0.0883,1.1536,0.8716,0.7548,0.5602,0.4037,0.3828,176.3549,164.3666,11.2115,2.262
54.033,1621,,1.152,1.6348,0.0659,6.5459,1.5689,0.2397,1.6204,1.4297,0.8744,0.471,0.0883,1.1521,0.8715,0.746,0.5554,0.4033,0.3827,176.3466,164.158,11.299,2.2553
54.067,1622,,1.1484,1.6251,0.0646,6.4367,1.5605,0.2424,1.6084,1.4227,0.8742,0.4711,0.0883,1.1493,0.8706,0.7342,0.5485,0.4031,0.3828,176.484,163.9463,11.4379,2.2417
54.1,1623,,1.1435,1.6111,0.0638,6.2795,1.5473,0.2464,1.5923,1.4122,0.8747,0.4702,0.0883,1.1433,0.867,0.7175,0.5375,0.4045,0.3819,176.5832,163.6369,11.4487,2.2206
54.133,1624,,1.1361,1.5923,0.0636,6.0725,1.5288,0.2518,1.5708,1.3978,0.8744,0.4704,0.0883,1.1365,0.8624,0.6964,0.5233,0.404,0.3821,176.5558,163.1264,11.4985,2.1926
54.167,1625,,1.1221,1.568,0.063,5.8181,1.505,0.2587,1.5427,1.3757,0.8686,0.4699,0.0884,1.1229,0.8499,0.6741,0.5071,0.3986,0.3815,176.2314,162.4121,11.5385,2.1606
54.2,1626,,1.1003,1.5302,0.0625,5.4514,1.4677,0.2692,1.505,1.3442,0.8564,0.467,0.0884,1.102,0.8336,0.6486,0.4877,0.3895,0.3785,175.3432,161.619,11.452,2.1192
54.233,1627,,1.0764,1.4903,0.0639,5.0898,1.4264,0.2802,1.4626,1.3112,0.8416,0.462,0.0885,1.0673,0.8076,0.6209,0.4695,0.3797,0.3735,174.4718,160.9264,10.996,2.0799
54.267,1628,,1.0477,1.4494,0.0656,4.7469,1.3838,0.2915,1.419,1.276,0.8194,0.4488,0.0886,1.0264,0.7716,0.5996,0.4566,0.3706,0.3602,173.7048,160.1488,10.6878,2.0483
54.3,1629,,1.018,1.4007,0.0678,4.3672,1.3329,0.3052,1.3736,1.2386,0.7974,0.4362,0.0888,0.991,0.7356,0.5762,0.4411,0.3612,0.3474,172.7114,159.416,10.2011,1.9913
54.333,1630,,0.9938,1.3586,0.0712,4.0608,1.2874,0.317,1.3289,1.2057,0.7819,0.4236,0.089,0.9588,0.6971,0.547,0.4238,0.3583,0.3346,172.0812,159.0504,9.6127,1.935
54.367,1631,,0.9718,1.3216,0.0742,3.8084,1.2474,0.3275,1.2895,1.1744,0.7692,0.4112,0.0891,0.9308,0.669,0.5203,0.4052,0.358,0.3221,171.088,158.5534,9.153,1.8867
54.4,1632,,0.9545,1.2839,0.0766,3.5691,1.2074,0.3383,1.2527,1.1463,0.7627,0.4008,0.0891,0.9029,0.6458,0.4901,0.3836,0.3619,0.3117,170.0017,157.7197,8.6679,1.8288
54.433,1633,,0.9373,1.2516,0.0785,3.3763,1.1731,0.3475,1.2197,1.1233,0.7513,0.3887,0.0891,0.8825,0.6301,0.4683,0.372,0.3626,0.2997,168.7652,156.9572,8.3165,1.7768
54.467,1634,,0.9156,1.2229,0.0792,3.2143,1.1436,0.3558,1.1932,1.099,0.7322,0.3778,0.0891,0.8634,0.6163,0.461,0.3668,0.3544,0.2887,166.9314,155.5332,8.2216,1.7302
54.5,1635,,0.8955,1.1988,0.0802,3.0754,1.1186,0.3637,1.1722,1.075,0.7159,0.3712,0.0893,0.8449,0.6068,0.4563,0.3592,0.3447,0.2819,165.1795,154.6238,8.4154,1.6805
54.533,1636,,0.8758,1.1807,0.0799,2.9801,1.1008,0.3694,1.1532,1.059,0.6926,0.3608,0.0894,0.84,0.6053,0.4606,0.3664,0.3318,0.2714,163.7133,154.3002,8.5027,1.6378
54.567,1637,,0.8614,1.1661,0.0796,2.8976,1.0865,0.375,1.1386,1.0468,0.6759,0.3519,0.0896,0.8421,0.6059,0.4626,0.3709,0.324,0.2624,162.648,153.8461,8.6879,1.5977
54.6,1638,,0.8516,1.1538,0.0789,2.8369,1.0749,0.3789,1.1264,1.0374,0.6658,0.3452,0.0897,0.845,0.6093,0.4606,0.3716,0.3206,0.2555,161.0927,153.1502,8.7369,1.5594
54.633,1639,,0.843,1.1448,0.0787,2.8007,1.0661,0.3806,1.1184,1.0291,0.6569,0.3431,0.0898,0.8483,0.612,0.4616,0.3723,0.3138,0.2532,159.9436,152.3585,8.59,1.5299
54.667,1640,,0.8351,1.1381,0.0776,2.7755,1.0605,0.3821,1.1129,1.0202,0.6501,0.3391,0.0899,0.8506,0.6156,0.4629,0.3702,0.3109,0.2492,158.8044,151.4739,8.6262,1.4989
54.7,1641,,0.8296,1.1344,0.0764,2.7712,1.058,0.3818,1.1111,1.0143,0.6449,0.3353,0.0899,0.8516,0.6204,0.4662,0.3694,0.3096,0.2454,157.8869,151.0197,8.7463,1.4783
54.733,1642,,0.8279,1.1357,0.0752,2.7837,1.0604,0.381,1.1139,1.0129,0.6429,0.333,0.0899,0.8531,0.6226,0.471,0.37,0.3099,0.2431,157.1836,150.9072,9.1483,1.4667
54.767,1643,,0.8306,1.1414,0.0765,2.8076,1.0649,0.3793,1.1203,1.0174,0.6438,0.3337,0.0899,0.856,0.6267,0.4765,0.3737,0.3101,0.2438,157.3968,150.7096,9.5438,1.4644
54.8,1644,,0.8368,1.1505,0.0757,2.8519,1.0748,0.3769,1.13,1.0238,0.6497,0.3379,0.0898,0.8584,0.6284,0.4803,0.3741,0.3118,0.2481,157.9637,150.6574,9.935,1.4812
54.833,1645,,0.8409,1.1582,0.076,2.8853,1.0822,0.3751,1.1393,1.0289,0.6529,0.3397,0.0898,0.8611,0.6304,0.4864,0.3761,0.3132,0.2499,157.7594,150.4054,10.2353,1.4948
54.867,1646,,0.8443,1.1705,0.077,2.9313,1.0936,0.3731,1.1527,1.0332,0.6554,0.3411,0.0898,0.8625,0.6297,0.4973,0.3778,0.3143,0.2514,157.7045,150.1147,10.6861,1.5094
54.9,1647,,0.8469,1.1827,0.0771,2.9851,1.1056,0.3704,1.1666,1.0372,0.6566,0.3414,0.0897,0.8666,0.6318,0.51,0.3805,0.3153,0.2516,157.8796,149.8367,11.2371,1.5225
54.933,1648,,0.8488,1.194,0.077,3.0421,1.117,0.3672,1.1794,1.0414,0.6561,0.3409,0.0898,0.8694,0.6315,0.5233,0.3853,0.3152,0.2512,157.9813,149.8831,11.7284,1.5345
54.967,1649,,0.8498,1.2024,0.0776,3.0863,1.1248,0.3644,1.1896,1.0447,0.6549,0.3396,0.0898,0.8714,0.6322,0.5347,0.3898,0.3153,0.2498,158.1484,150.044,12.05,1.5391
55.0,1650,,0.8505,1.209,0.0784,3.1354,1.1306,0.3606,1.1991,1.0479,0.6531,0.339,0.0899,0.873,0.6332,0.546,0.3948,0.3141,0.2492,158.2809,150.3039,12.1648,1.5463
55.033,1651,,0.8524,1.2188,0.0787,3.1849,1.14,0.358,1.2086,1.0525,0.6522,0.3384,0.0898,0.8747,0.6326,0.5564,0.4003,0.3138,0.2486,158.3453,150.6952,12.3302,1.5573
55.067,1652,,0.8557,1.2273,0.0791,3.2282,1.1483,0.3557,1.2174,1.0578,0.6535,0.3395,0.0898,0.8766,0.6328,0.5639,0.4044,0.314,0.2497,158.3985,151.0268,12.437,1.5685
55.1,1653,,0.8593,1.2365,0.0792,3.2747,1.1573,0.3534,1.2261,1.0638,0.6548,0.3412,0.0898,0.8796,0.6345,0.5713,0.4091,0.3135,0.2514,158.3908,151.3854,12.4475,1.5823
55.133,1654,,0.8628,1.2457,0.0789,3.3225,1.1668,0.3512,1.2352,1.0697,0.6558,0.3428,0.0898,0.8831,0.6381,0.5794,0.4139,0.313,0.253,158.5314,151.6953,12.4676,1.5972
55.167,1655,,0.866,1.2543,0.0778,3.3688,1.1765,0.3492,1.244,1.075,0.657,0.345,0.0897,0.886,0.6419,0.587,0.418,0.312,0.2553,158.861,152.0393,12.4893,1.6123
55.2,1656,,0.8695,1.2603,0.0774,3.4006,1.1829,0.3478,1.2515,1.0799,0.6592,0.3465,0.0897,0.8892,0.6451,0.5923,0.4207,0.3127,0.2568,159.6577,152.2547,12.6829,1.6218
55.233,1657,,0.8732,1.2674,0.0767,3.4376,1.1907,0.3464,1.2588,1.0845,0.6619,0.3485,0.0897,0.8923,0.6499,0.5969,0.4226,0.3134,0.2588,160.1892,152.4832,12.8222,1.6322
55.267,1658,,0.8767,1.2745,0.0751,3.4777,1.1994,0.3449,1.2658,1.0891,0.6643,0.3515,0.0897,0.8951,0.6542,0.6015,0.4248,0.3128,0.2619,160.8513,152.721,13.023,1.6436
55.3,1659,,0.8785,1.2806,0.0761,3.5115,1.2045,0.343,1.272,1.0918,0.6652,0.3531,0.0895,0.8959,0.6561,0.6069,0.4267,0.3121,0.2636,161.3564,152.8635,13.0962,1.6502
55.333,1660,,0.8814,1.2869,0.0764,3.5469,1.2105,0.3413,1.2785,1.0951,0.6677,0.3572,0.0893,0.8969,0.6555,0.6108,0.4274,0.3105,0.2678,161.6078,152.9991,13.0911,1.6628
55.367,1661,,0.8855,1.2924,0.0759,3.5816,1.2165,0.3397,1.2839,1.0992,0.6719,0.3631,0.0891,0.8983,0.6556,0.6121,0.4273,0.3088,0.274,161.4187,153.2396,13.1572,1.6828
55.4,1662,,0.8883,1.2956,0.0757,3.6018,1.2199,0.3387,1.2873,1.1017,0.6748,0.3689,0.0888,0.8991,0.6553,0.6125,0.4269,0.3059,0.2802,160.834,153.3694,13.2613,1.7008
55.433,1663,,0.8925,1.3017,0.0762,3.6369,1.2256,0.337,1.2924,1.1059,0.6791,0.3745,0.0886,0.8991,0.6535,0.6133,0.4268,0.3045,0.286,160.3305,153.715,13.2189,1.7179
55.467,1664,,0.8966,1.3074,0.0786,3.6661,1.2288,0.3352,1.2977,1.11,0.6832,0.3808,0.0884,0.8996,0.6536,0.6145,0.4268,0.3023,0.2924,159.5259,154.1539,13.3111,1.7346
55.5,1665,,0.9007,1.314,0.0845,3.694,1.2295,0.3328,1.3036,1.114,0.6874,0.386,0.0882,0.9011,0.6546,0.6161,0.4265,0.3015,0.2977,158.7472,154.3062,13.2061,1.7534
55.533,1666,,0.906,1.3211,0.0864,3.7286,1.2347,0.3311,1.3094,1.1192,0.6929,0.3936,0.0881,0.9028,0.6577,0.6166,0.4263,0.2993,0.3055,158.5276,154.4418,13.231,1.7695
55.567,1667,,0.9123,1.3274,0.0831,3.7657,1.2442,0.3304,1.3156,1.1246,0.7,0.4025,0.088,0.9063,0.6622,0.6156,0.4246,0.2976,0.3145,157.9802,154.6284,13.3241,1.7835
55.6,1668,,0.9185,1.3316,0.0804,3.7948,1.2512,0.3297,1.3199,1.1288,0.7082,0.4081,0.088,0.909,0.6672,0.6117,0.4206,0.3001,0.3201,158.0753,155.2955,13.581,1.7915
55.633,1669,,0.9231,1.3365,0.0801,3.8229,1.2564,0.3287,1.3244,1.1323,0.7139,0.4137,0.0881,0.9116,0.6671,0.6105,0.4184,0.3002,0.3255,157.5356,156.2733,13.7967,1.7989
55.667,1670,,0.9279,1.3405,0.0798,3.8455,1.2607,0.3278,1.328,1.1358,0.72,0.4196,0.0882,0.9135,0.6669,0.608,0.4158,0.3004,0.3315,157.0584,157.1768,13.9861,1.805
55.7,1671,,0.9328,1.3457,0.0773,3.8745,1.2684,0.3274,1.3324,1.1397,0.726,0.4277,0.0882,0.9146,0.6663,0.6065,0.4138,0.2983,0.3395,156.3768,157.9011,14.0524,1.8122
55.733,1672,,0.9356,1.3482,0.0735,3.8877,1.2747,0.3279,1.3345,1.1416,0.7295,0.4344,0.0881,0.9126,0.6616,0.605,0.4121,0.2951,0.3463,156.3973,158.6026,14.1285,1.8103
55.767,1673,,0.9361,1.3474,0.0748,3.8737,1.2727,0.3285,1.3342,1.1416,0.7306,0.4398,0.0881,0.9093,0.6579,0.6036,0.4111,0.2908,0.3517,156.8696,159.3474,14.2855,1.8105
55.8,1674,,0.9369,1.3478,0.0765,3.8645,1.2713,0.329,1.3347,1.1417,0.7321,0.4445,0.0879,0.9056,0.6559,0.6026,0.4096,0.2876,0.3566,156.9633,159.6413,14.4023,1.8184
55.833,1675,,0.937,1.3478,0.0823,3.8474,1.2655,0.3289,1.3347,1.1413,0.7327,0.4478,0.0878,0.9044,0.6596,0.6021,0.4086,0.2849,0.3599,157.353,159.7587,14.6985,1.828
55.867,1676,,0.9366,1.3471,0.0873,3.8304,1.2597,0.3289,1.3341,1.1408,0.7324,0.4502,0.0877,0.9046,0.6636,0.6017,0.4084,0.2822,0.3624,157.4677,159.78,14.8867,1.8293
55.9,1677,,0.9354,1.3464,0.086,3.8219,1.2604,0.3298,1.3335,1.1404,0.7305,0.4518,0.0876,0.9049,0.6651,0.6031,0.4099,0.2786,0.3642,157.5237,159.7751,15.1347,1.831
55.933,1678,,0.9352,1.3462,0.0839,3.8166,1.2622,0.3307,1.3335,1.1412,0.7292,0.4514,0.0875,0.9049,0.6661,0.6043,0.412,0.2778,0.3639,157.4785,159.767,15.3725,1.8365
55.967,1679,,0.9351,1.3465,0.0827,3.818,1.2638,0.331,1.334,1.1427,0.7274,0.4511,0.0875,0.9049,0.6661,0.6066,0.4152,0.2763,0.3637,157.2939,159.7945,15.5797,1.843
56.0,1680,,0.9347,1.3462,0.0822,3.8153,1.264,0.3313,1.3338,1.1434,0.7259,0.4492,0.0874,0.9042,0.6667,0.6079,0.4175,0.2767,0.3618,157.3988,159.5737,15.8138,1.8494
56.033,1681,,0.9349,1.346,0.0816,3.8127,1.2644,0.3316,1.3337,1.144,0.7259,0.4476,0.0874,0.9044,0.6687,0.6078,0.4181,0.2783,0.3601,157.2315,159.3674,16.0735,1.8515
56.067,1682,,0.9347,1.3459,0.0817,3.8102,1.2642,0.3318,1.3334,1.1432,0.7262,0.4465,0.0874,0.905,0.6695,0.6072,0.417,0.2797,0.3591,156.9754,158.6412,16.3357,1.8544
56.1,1683,,0.934,1.3451,0.0818,3.804,1.2633,0.3321,1.3327,1.1421,0.726,0.4443,0.0875,0.9049,0.6713,0.6068,0.4162,0.2817,0.3568,156.7923,158.2632,16.6611,1.8489
56.133,1684,,0.9337,1.3443,0.0817,3.797,1.2626,0.3325,1.3321,1.1419,0.7254,0.4427,0.0875,0.9049,0.671,0.6067,0.4165,0.2827,0.3553,156.7587,157.9875,16.9936,1.8421
56.167,1685,,0.933,1.3426,0.0821,3.7847,1.2605,0.3331,1.3308,1.1416,0.7245,0.4405,0.0875,0.9044,0.6723,0.6063,0.4171,0.284,0.353,156.643,157.7545,17.352,1.8358
56.2,1686,,0.9327,1.341,0.082,3.7746,1.259,0.3335,1.3292,1.1416,0.7237,0.4375,0.0875,0.9041,0.6727,0.6055,0.4179,0.2862,0.35,156.2945,157.7901,17.5673,1.8336
56.233,1687,,0.9319,1.3402,0.0821,3.7702,1.2581,0.3337,1.3281,1.1413,0.7225,0.4353,0.0875,0.903,0.6726,0.6056,0.4188,0.2872,0.3478,155.9517,157.7411,17.7267,1.8324
56.267,1688,,0.9313,1.3392,0.0821,3.764,1.2571,0.334,1.3269,1.1411,0.7215,0.4345,0.0875,0.9021,0.6724,0.6054,0.4196,0.287,0.3469,155.5209,157.7907,17.925,1.8338
56.3,1689,,0.9314,1.3398,0.0818,3.7664,1.258,0.334,1.3272,1.1416,0.7211,0.4343,0.0876,0.9024,0.6745,0.6061,0.4205,0.2868,0.3467,154.9566,157.7959,17.9609,1.8378
56.333,1690,,0.9314,1.3412,0.0814,3.7743,1.2598,0.3338,1.3282,1.1421,0.7208,0.4338,0.0876,0.9029,0.6762,0.6075,0.4213,0.287,0.3462,154.6792,157.6807,18.1267,1.8421
56.367,1691,,0.9309,1.3424,0.0813,3.7817,1.2612,0.3335,1.329,1.142,0.7197,0.4329,0.0876,0.903,0.6777,0.6093,0.4223,0.2868,0.3454,154.3461,157.7893,18.2399,1.8446
56.4,1692,,0.9312,1.3434,0.0807,3.7878,1.2628,0.3334,1.3299,1.1423,0.7201,0.431,0.0875,0.9037,0.6776,0.6098,0.4222,0.2891,0.3435,154.3037,157.6599,18.3517,1.8511
56.433,1693,,0.9306,1.3443,0.0803,3.7935,1.264,0.3332,1.3303,1.1423,0.7188,0.4297,0.0875,0.9042,0.6774,0.6115,0.4235,0.2891,0.3421,154.083,157.8036,18.4705,1.8504
56.467,1694,,0.93,1.3449,0.0801,3.7975,1.2648,0.3331,1.3305,1.1423,0.7177,0.4287,0.0875,0.9039,0.6776,0.6128,0.4246,0.289,0.3412,153.9052,157.9577,18.5514,1.8505
56.5,1695,,0.9293,1.3453,0.08,3.7996,1.2652,0.333,1.3308,1.1424,0.7163,0.4277,0.0875,0.9044,0.6778,0.6145,0.4261,0.2885,0.3402,153.9084,158.0492,18.6057,1.8507
56.533,1696,,0.9291,1.3454,0.0801,3.8005,1.2653,0.3329,1.3309,1.1426,0.7155,0.4269,0.0875,0.9051,0.6773,0.6154,0.4271,0.2887,0.3394,153.7272,158.1665,18.6153,1.8509
56.567,1697,,0.9286,1.3459,0.0801,3.8025,1.2657,0.3329,1.3312,1.1429,0.7142,0.4251,0.0875,0.906,0.678,0.617,0.4287,0.2891,0.3376,153.8715,158.2917,18.6123,1.8513
56.6,1698,,0.9284,1.3463,0.0806,3.8039,1.2657,0.3327,1.3313,1.1431,0.7136,0.4244,0.0875,0.9063,0.677,0.6177,0.4295,0.2892,0.3369,154.0264,158.4429,18.5833,1.851
56.633,1699,,0.9282,1.3467,0.0809,3.8056,1.2658,0.3326,1.3315,1.1433,0.7131,0.424,0.0875,0.9067,0.6761,0.6184,0.4302,0.2891,0.3365,154.0668,158.6813,18.5131,1.8508
56.667,1700,,0.9279,1.3468,0.081,3.8054,1.2658,0.3326,1.3316,1.1433,0.7126,0.4232,0.0876,0.9063,0.6746,0.619,0.4307,0.2893,0.3357,154.0146,158.907,18.5596,1.8504
56.7,1701,,0.9273,1.3458,0.0815,3.7985,1.2643,0.3328,1.3307,1.143,0.7116,0.4226,0.0876,0.906,0.6735,0.6191,0.4314,0.2891,0.335,154.2444,158.9703,18.6147,1.8481
56.733,1702,,0.9275,1.3451,0.0814,3.7945,1.2638,0.3331,1.3301,1.1429,0.7122,0.4233,0.0876,0.9061,0.6737,0.6179,0.4307,0.2888,0.3358,154.433,159.0727,18.5981,1.8467
56.767,1703,,0.9275,1.3444,0.0812,3.7898,1.2632,0.3333,1.3293,1.1426,0.7124,0.4231,0.0876,0.9058,0.6713,0.6168,0.4302,0.2893,0.3356,154.7404,159.236,18.5761,1.8452
56.8,1704,,0.9274,1.3441,0.0815,3.7876,1.2626,0.3334,1.3288,1.1424,0.7123,0.4237,0.0876,0.906,0.6726,0.6165,0.4301,0.2886,0.3362,155.2821,159.0186,18.6472,1.8445
56.833,1705,,0.9271,1.3437,0.0814,3.7847,1.2623,0.3335,1.3285,1.1427,0.7116,0.4237,0.0875,0.9069,0.6748,0.6169,0.4311,0.2879,0.3362,155.6231,158.9295,18.6555,1.8455
56.867,1706,,0.9272,1.3434,0.0811,3.783,1.2624,0.3337,1.3285,1.1433,0.7111,0.4225,0.0875,0.9077,0.6768,0.6173,0.4321,0.2887,0.3349,156.094,158.9022,18.681,1.8444
56.9,1707,,0.927,1.343,0.0808,3.7805,1.2622,0.3339,1.3282,1.1433,0.7106,0.4222,0.0875,0.9075,0.6765,0.6176,0.4327,0.2884,0.3347,156.2973,158.8969,18.7057,1.8426
56.933,1708,,0.9271,1.3428,0.0801,3.7798,1.2627,0.3341,1.328,1.1436,0.7107,0.4223,0.0875,0.9081,0.6776,0.6173,0.4329,0.2883,0.3348,156.5137,158.8313,18.761,1.8424
56.967,1709,,0.9265,1.342,0.0803,3.7758,1.2617,0.3342,1.3273,1.1429,0.71,0.4222,0.0875,0.9076,0.6767,0.6173,0.4329,0.2878,0.3346,156.5703,158.8439,18.768,1.8396
57.0,1710,,0.9262,1.3415,0.0806,3.7717,1.2608,0.3343,1.3269,1.1429,0.7095,0.4209,0.0876,0.9075,0.6758,0.6174,0.4334,0.2887,0.3333,156.6056,158.9706,18.7914,1.8364
57.033,1711,,0.9261,1.341,0.0807,3.7684,1.2603,0.3344,1.3266,1.1427,0.7095,0.421,0.0876,0.9071,0.6749,0.6171,0.4332,0.2885,0.3334,156.6378,159.0581,18.8158,1.8339
57.067,1712,,0.926,1.3406,0.081,3.7657,1.2597,0.3345,1.3264,1.1427,0.7093,0.4213,0.0876,0.9066,0.6732,0.6171,0.4334,0.288,0.3338,156.7523,159.0658,18.7677,1.8301
57.1,1713,,0.9259,1.3408,0.0827,3.7671,1.2581,0.334,1.3264,1.1428,0.7091,0.4215,0.0875,0.9055,0.6728,0.6173,0.4337,0.2875,0.334,157.1226,158.7811,18.7085,1.8287
57.133,1714,,0.9254,1.3403,0.0831,3.7668,1.2572,0.3338,1.3261,1.142,0.7088,0.4217,0.0875,0.9039,0.6696,0.6173,0.4332,0.2871,0.3342,157.4193,158.9639,18.7263,1.8281
57.167,1715,,0.925,1.3399,0.0826,3.7647,1.2572,0.334,1.3258,1.1413,0.7086,0.4225,0.0874,0.9023,0.6677,0.6172,0.4327,0.2862,0.335,157.6265,159.2959,18.7175,1.8279
57.2,1716,,0.9257,1.3396,0.0824,3.7634,1.2572,0.3341,1.3258,1.141,0.7104,0.4245,0.0874,0.9013,0.6669,0.6154,0.4306,0.2859,0.3371,157.8747,159.683,18.6623,1.8289
57.233,1717,,0.926,1.3393,0.0822,3.7627,1.2571,0.3341,1.3256,1.1406,0.7113,0.4263,0.0874,0.9006,0.665,0.6143,0.4294,0.2849,0.339,158.2433,159.982,18.6192,1.8307
57.267,1718,,0.9269,1.3391,0.0823,3.7614,1.2568,0.3341,1.3257,1.1409,0.7129,0.4287,0.0873,0.9007,0.6634,0.6128,0.428,0.2842,0.3414,158.8268,160.3331,18.5881,1.8298
57.3,1719,,0.9269,1.3381,0.082,3.7565,1.2561,0.3344,1.325,1.1403,0.7134,0.43,0.0873,0.9,0.6604,0.6115,0.4269,0.2834,0.3426,158.8699,160.8881,18.4779,1.828
57.333,1720,,0.9272,1.3373,0.0808,3.7533,1.2564,0.3348,1.324,1.1398,0.7147,0.4323,0.0873,0.8994,0.6588,0.6094,0.4252,0.2824,0.345,158.7025,161.4187,18.4083,1.8302
57.367,1721,,0.9267,1.3356,0.0803,3.7459,1.2553,0.3351,1.3224,1.1384,0.7149,0.4347,0.0871,0.8977,0.6578,0.6075,0.4235,0.2802,0.3475,158.6429,161.6699,18.3886,1.833
57.4,1722,,0.9267,1.3336,0.0795,3.7366,1.2541,0.3356,1.3206,1.1375,0.7158,0.4357,0.087,0.8964,0.6554,0.6047,0.4216,0.2802,0.3487,158.0953,161.8976,18.3222,1.8376
57.433,1723,,0.926,1.3314,0.0788,3.7271,1.2526,0.3361,1.3186,1.1363,0.7157,0.436,0.0869,0.8952,0.6523,0.6029,0.4206,0.2797,0.3491,157.81,162.027,18.1786,1.8415
57.467,1724,,0.9249,1.3298,0.0776,3.7255,1.2522,0.3361,1.317,1.1347,0.7151,0.4349,0.0867,0.8942,0.6497,0.6019,0.4197,0.2802,0.3481,157.3265,162.0183,18.0286,1.8476
57.5,1725,,0.923,1.3297,0.0761,3.7315,1.2536,0.336,1.3157,1.1322,0.7138,0.4331,0.0866,0.8933,0.6466,0.6019,0.4184,0.2807,0.3466,156.8224,161.9823,17.8642,1.861
57.533,1726,,0.9217,1.3303,0.0754,3.7393,1.2549,0.3356,1.3149,1.1309,0.7124,0.4311,0.0863,0.8929,0.6473,0.6025,0.4185,0.2813,0.3448,156.129,161.5575,17.6444,1.8768
57.567,1727,,0.9203,1.3292,0.0733,3.7391,1.2559,0.3359,1.3137,1.1295,0.7111,0.4285,0.0862,0.8921,0.6457,0.6027,0.4184,0.2826,0.3422,155.865,161.5115,17.4273,1.8779
57.6,1728,,0.9188,1.3293,0.0721,3.744,1.2573,0.3358,1.3132,1.1281,0.7095,0.4253,0.0862,0.8915,0.645,0.6037,0.4186,0.2842,0.3391,155.6862,160.9597,17.2138,1.8801
57.633,1729,,0.9151,1.3278,0.0686,3.7438,1.2591,0.3363,1.3115,1.1246,0.7055,0.4195,0.0862,0.8904,0.6427,0.606,0.4191,0.286,0.3333,155.8129,160.5732,17.1534,1.8781
57.667,1730,,0.9102,1.3243,0.0673,3.73,1.2571,0.337,1.3088,1.1211,0.6994,0.4147,0.0863,0.8895,0.643,0.6094,0.4217,0.2847,0.3285,155.9744,160.2137,17.0618,1.8604
57.7,1731,,0.9066,1.3213,0.0665,3.7151,1.2548,0.3378,1.3065,1.1182,0.6949,0.41,0.0864,0.8904,0.6452,0.6116,0.4233,0.2849,0.3236,155.7956,159.9459,16.9531,1.8414
57.733,1732,,0.9021,1.3174,0.0664,3.695,1.251,0.3386,1.3035,1.1151,0.6892,0.4035,0.0865,0.8899,0.645,0.6143,0.4259,0.2856,0.317,155.5933,159.7369,16.8719,1.8236
57.767,1733,,0.8978,1.3134,0.0665,3.673,1.2469,0.3395,1.3,1.1116,0.684,0.3994,0.0866,0.8886,0.6445,0.616,0.4276,0.2845,0.3128,155.2428,159.493,16.7105,1.8069
57.8,1734,,0.8943,1.3089,0.0675,3.6447,1.2413,0.3406,1.2957,1.1087,0.6799,0.3957,0.0868,0.8882,0.6441,0.6158,0.4288,0.2843,0.3089,155.2207,159.2204,16.5464,1.7897
57.833,1735,,0.8898,1.3027,0.067,3.6102,1.2357,0.3423,1.2896,1.1044,0.6751,0.3923,0.0868,0.8868,0.642,0.6144,0.4293,0.2829,0.3055,154.746,159.0723,16.3227,1.7771
57.867,1736,,0.8862,1.295,0.0666,3.5661,1.2284,0.3445,1.2825,1.0998,0.6727,0.3897,0.0868,0.8862,0.641,0.6098,0.4271,0.283,0.3028,154.4363,159.0378,16.1951,1.7657
57.9,1737,,0.8813,1.2859,0.0661,3.5154,1.2198,0.347,1.2735,1.0935,0.6691,0.383,0.0868,0.8837,0.6385,0.6044,0.4244,0.2861,0.2962,154.0717,159.2687,16.0761,1.7551
57.933,1738,,0.8766,1.275,0.0675,3.4535,1.2074,0.3496,1.2621,1.087,0.6663,0.3784,0.0868,0.8778,0.6338,0.5959,0.4207,0.2879,0.2915,154.076,159.4812,15.9315,1.7459
57.967,1739,,0.8732,1.265,0.0689,3.3985,1.1962,0.352,1.2502,1.0816,0.6648,0.3735,0.0868,0.8726,0.6299,0.5854,0.4168,0.2913,0.2867,153.7628,159.9803,15.6195,1.7473
58.0,1740,,0.8708,1.2462,0.0713,3.2891,1.1749,0.3572,1.2326,1.0775,0.6642,0.3676,0.0866,0.8668,0.6243,0.5684,0.4132,0.2966,0.281,153.4173,160.199,15.0246,1.7309
58.033,1741,,0.8649,1.2317,0.0719,3.2124,1.1599,0.3611,1.2192,1.0705,0.6593,0.3598,0.0865,0.8616,0.6203,0.5599,0.4113,0.2995,0.2733,153.3468,160.4022,14.6947,1.7297
58.067,1742,,0.859,1.2325,0.072,3.2206,1.1605,0.3603,1.211,1.0636,0.6545,0.3531,0.0864,0.8575,0.6175,0.5565,0.4091,0.3014,0.2667,153.3989,160.5652,14.3539,1.768
58.1,1743,,0.8541,1.222,0.0733,3.1631,1.1487,0.3631,1.1997,1.0579,0.6502,0.3476,0.0864,0.8538,0.6168,0.5495,0.4077,0.3026,0.2613,154.2403,160.4489,14.2741,1.7827
58.133,1744,,0.8495,1.2139,0.074,3.1213,1.14,0.3652,1.1906,1.0527,0.6463,0.3429,0.0863,0.8491,0.615,0.5443,0.4064,0.3035,0.2566,155.0335,160.312,14.1315,1.8036
58.167,1745,,0.848,1.2095,0.0733,3.0992,1.1362,0.3666,1.1851,1.0506,0.6455,0.3409,0.0862,0.8458,0.6158,0.5396,0.405,0.3046,0.2547,155.6617,160.3014,13.9341,1.8341
58.2,1746,,0.8479,1.2098,0.0736,3.1015,1.1362,0.3663,1.1839,1.0502,0.6456,0.339,0.0861,0.8428,0.6158,0.5384,0.4047,0.3066,0.2528,156.9517,160.1495,13.6443,1.8645
58.233,1747,,0.8514,1.2122,0.0735,3.1136,1.1386,0.3657,1.1858,1.0536,0.6491,0.34,0.0861,0.8454,0.6192,0.5367,0.4045,0.3092,0.2539,157.7154,160.1115,13.303,1.8823
58.267,1748,,0.8574,1.218,0.0732,3.1429,1.1447,0.3642,1.1912,1.0594,0.6554,0.343,0.0861,0.8508,0.6282,0.5358,0.404,0.3124,0.2569,158.6294,160.1833,12.9682,1.8979
58.3,1749,,0.8707,1.2278,0.0732,3.1945,1.1546,0.3614,1.1997,1.0716,0.6698,0.3487,0.086,0.8579,0.6367,0.5299,0.4018,0.321,0.2627,158.6981,160.4824,12.5035,1.9255
58.333,1750,,0.8866,1.2484,0.0734,3.305,1.175,0.3555,1.2169,1.0905,0.6826,0.3542,0.0861,0.8702,0.649,0.5342,0.4079,0.3284,0.2682,159.2737,160.8196,12.1434,1.9697
58.367,1751,,0.9086,1.2743,0.0736,3.4496,1.2007,0.3481,1.2419,1.1169,0.7004,0.3622,0.0861,0.8875,0.664,0.5416,0.4165,0.3382,0.2761,160.6896,161.3164,11.8248,2.0186
58.4,1752,,0.9375,1.293,0.0742,3.5417,1.2188,0.3441,1.2694,1.1497,0.7253,0.3736,0.0862,0.9114,0.6806,0.5441,0.4244,0.3518,0.2874,162.0003,161.9516,11.247,2.0215
58.433,1753,,0.967,1.3305,0.0758,3.7673,1.2547,0.3331,1.3079,1.1833,0.7507,0.3876,0.0863,0.9335,0.6918,0.5572,0.4326,0.3631,0.3013,163.8015,162.6119,10.7172,2.0874
58.467,1754,,0.9954,1.3716,0.0758,4.0361,1.2959,0.3211,1.3503,1.2165,0.7742,0.4002,0.0864,0.9557,0.7054,0.5761,0.4422,0.374,0.3138,165.509,162.9989,10.2079,2.1594
58.5,1755,,1.022,1.4118,0.0749,4.3196,1.3369,0.3095,1.3923,1.2501,0.7938,0.4115,0.0864,0.9825,0.7223,0.5985,0.4562,0.3824,0.3251,167.1281,163.3337,9.5957,2.2358
58.533,1756,,1.048,1.4499,0.0739,4.6111,1.376,0.2984,1.4325,1.2852,0.8109,0.4196,0.0864,1.0106,0.7391,0.6217,0.4744,0.3913,0.3332,169.0641,163.8021,8.886,2.2966
58.567,1757,,1.0676,1.4876,0.0717,4.921,1.4159,0.2877,1.47,1.3153,0.82,0.4311,0.0864,1.0443,0.7608,0.65,0.4953,0.3889,0.3447,170.1637,164.2314,8.5738,2.3486
58.6,1758,,1.0857,1.5249,0.0684,5.2577,1.4565,0.277,1.5048,1.3419,0.8295,0.4416,0.0864,1.0736,0.7825,0.6753,0.5124,0.3879,0.3553,170.9871,164.5639,8.5359,2.3968
58.633,1759,,1.103,1.5543,0.0655,5.546,1.4887,0.2684,1.5354,1.3689,0.8371,0.4504,0.0863,1.096,0.8,0.6982,0.5317,0.3867,0.3641,171.6985,164.9967,8.4754,2.4374
58.667,1760,,1.1221,1.5825,0.0654,5.8344,1.5172,0.26,1.5627,1.3921,0.8522,0.4575,0.0862,1.1121,0.8184,0.7105,0.54,0.3947,0.3713,172.3708,164.8981,8.5998,2.4656
58.7,1761,,1.1333,1.6041,0.0625,6.072,1.5416,0.2539,1.586,1.4126,0.8539,0.4616,0.0861,1.1278,0.8302,0.7321,0.5587,0.3923,0.3755,173.2946,165.4056,8.6853,2.4979
58.733,1762,,1.1432,1.6209,0.0607,6.262,1.5603,0.2492,1.6021,1.4292,0.8572,0.4632,0.0861,1.1458,0.8445,0.745,0.572,0.3939,0.3771,173.8518,165.8233,8.6835,2.515
58.767,1763,,1.1487,1.6324,0.0596,6.3938,1.5728,0.246,1.6145,1.44,0.8574,0.4632,0.0861,1.1573,0.8549,0.757,0.5825,0.3943,0.3771,174.5974,166.0917,8.6577,2.5242
58.8,1764,,1.1506,1.6403,0.0574,6.4944,1.5829,0.2437,1.6231,1.4462,0.855,0.4596,0.0861,1.1603,0.8582,0.7681,0.5912,0.3954,0.3735,175.3495,166.2479,8.6134,2.5292
58.833,1765,,1.1519,1.6447,0.0573,6.5477,1.5874,0.2424,1.6293,1.4497,0.8541,0.457,0.0861,1.1627,0.8594,0.7752,0.5956,0.3971,0.3709,175.9887,166.4274,8.6109,2.5328
58.867,1766,,1.1514,1.6464,0.0564,6.5733,1.59,0.2419,1.633,1.4506,0.8521,0.4543,0.0861,1.1638,0.8594,0.7809,0.5985,0.3978,0.3681,176.2685,166.6136,8.6211,2.5416
58.9,1767,,1.1506,1.6485,0.0559,6.6133,1.5926,0.2408,1.6357,1.4507,0.8504,0.4525,0.0862,1.1622,0.8576,0.7853,0.6003,0.3979,0.3664,176.3091,166.6908,8.6477,2.559
58.933,1768,,1.151,1.6506,0.0554,6.6392,1.5952,0.2403,1.6379,1.4508,0.8512,0.4529,0.0861,1.1614,0.8568,0.7868,0.5997,0.3983,0.3668,176.4441,166.7581,8.7649,2.575
58.967,1769,,1.1519,1.6517,0.055,6.6422,1.5967,0.2404,1.6386,1.4519,0.8519,0.4531,0.0862,1.1612,0.8557,0.7867,0.6,0.3988,0.3669,176.6086,166.8681,8.821,2.5958
59.0,1770,upright,1.1528,1.6528,0.0545,6.6594,1.5983,0.24,1.6385,1.4528,0.8528,0.4527,0.0861,1.1609,0.8561,0.7857,0.6,0.4001,0.3665,177.0492,166.9433,8.9627,2.6197
59.033,1771,upright,1.1532,1.6535,0.0563,6.6686,1.5972,0.2395,1.6373,1.4536,0.8528,0.4518,0.0862,1.162,0.8588,0.7845,0.6007,0.401,0.3656,177.5526,167.3998,9.1054,2.6388
59.067,1772,upright,1.1548,1.6545,0.0577,6.6768,1.5968,0.2392,1.6362,1.4546,0.855,0.452,0.0862,1.1653,0.8651,0.7813,0.5997,0.4029,0.3658,177.9017,167.8179,9.0419,2.6491
59.1,1773,upright,1.1548,1.6542,0.0581,6.6727,1.5961,0.2392,1.6342,1.4547,0.8549,0.4516,0.0862,1.1656,0.8689,0.7792,0.5998,0.4033,0.3654,178.2362,168.1097,8.886,2.6498
59.133,1774,upright,1.1562,1.6535,0.0587,6.6627,1.5949,0.2394,1.6314,1.4552,0.8572,0.4521,0.0862,1.1681,0.8751,0.7743,0.598,0.405,0.3659,178.2732,168.328,8.7329,2.6467
59.167,1775,upright,1.1559,1.6512,0.0592,6.6352,1.592,0.2399,1.6282,1.4553,0.8566,0.4514,0.0862,1.1687,0.878,0.7716,0.5987,0.4052,0.3652,178.2928,168.4236,8.4705,2.6281
59.2,1776,upright,1.158,1.6501,0.0575,6.6211,1.5926,0.2405,1.6243,1.457,0.859,0.4512,0.0862,1.171,0.8816,0.7653,0.598,0.4078,0.365,177.9877,168.1462,8.1906,2.6025
59.233,1777,upright,1.159,1.6478,0.058,6.5926,1.5898,0.2412,1.6195,1.4576,0.8604,0.4519,0.0861,1.1737,0.8842,0.7591,0.5972,0.4085,0.3657,177.8484,168.3265,8.0767,2.5584
59.267,1778,upright,1.1599,1.6452,0.0563,6.5614,1.5889,0.2422,1.6139,1.4581,0.8617,0.4519,0.086,1.1754,0.8882,0.7522,0.5964,0.4098,0.3659,177.5248,168.132,7.8044,2.5225
59.3,1779,upright,1.1602,1.6422,0.0547,6.5266,1.5875,0.2432,1.6074,1.4579,0.8625,0.4526,0.0858,1.177,0.8905,0.7449,0.5955,0.4099,0.3668,177.5848,167.978,7.5224,2.4633
59.333,1780,upright,1.1604,1.6386,0.0522,6.4859,1.5864,0.2446,1.5995,1.458,0.8627,0.4517,0.0854,1.1792,0.8929,0.7368,0.5952,0.411,0.3663,177.3954,167.989,7.1428,2.4118
59.367,1781,upright,1.1608,1.6348,0.0489,6.4444,1.5859,0.2461,1.5916,1.4575,0.8641,0.4513,0.0847,1.1804,0.8943,0.7275,0.5934,0.4127,0.3666,177.4902,168.0737,6.6975,2.3671
59.4,1782,upright,1.1618,1.6313,0.0459,6.4062,1.5854,0.2475,1.5847,1.4576,0.8661,0.452,0.084,1.1808,0.8952,0.7185,0.5915,0.4141,0.368,177.44,168.3344,6.29,2.3304
59.433,1783,upright,1.1624,1.6288,0.0433,6.3793,1.5855,0.2485,1.5802,1.4571,0.8677,0.4519,0.0833,1.181,0.8965,0.7125,0.5895,0.4157,0.3686,176.6231,168.6009,5.986,2.3043
59.467,1784,upright,1.1643,1.627,0.041,6.3581,1.5861,0.2495,1.5773,1.4574,0.8712,0.4541,0.0825,1.1817,0.8972,0.7061,0.5862,0.4171,0.3715,175.9394,169.0851,5.7164,2.2799
59.5,1785,upright,1.1657,1.6236,0.0425,6.3173,1.5811,0.2503,1.5744,1.4571,0.8743,0.4572,0.082,1.1818,0.8988,0.7001,0.5827,0.4172,0.3752,175.6588,169.9298,5.6629,2.2576
59.533,1786,upright,1.1672,1.6207,0.0426,6.2825,1.5781,0.2512,1.5677,1.4572,0.8772,0.4596,0.0815,1.1829,0.9004,0.6906,0.58,0.4175,0.3781,175.6582,170.5037,5.5846,2.2384
59.567,1787,upright,1.1713,1.6186,0.0431,6.2464,1.5755,0.2522,1.5624,1.4594,0.8833,0.4646,0.0811,1.1861,0.9027,0.6792,0.5761,0.4186,0.3835,176.0452,171.2151,5.5805,2.2234
59.6,1788,upright,1.1752,1.6142,0.0442,6.1867,1.57,0.2538,1.557,1.4609,0.8895,0.4689,0.0808,1.1885,0.9045,0.6675,0.5714,0.4206,0.3881,176.2988,171.7626,5.6473,2.2079
59.633,1789,upright,1.177,1.6115,0.0431,6.1473,1.5684,0.2551,1.5532,1.4624,0.8916,0.4702,0.0806,1.1909,0.907,0.6616,0.5708,0.4214,0.3896,176.9699,172.4058,5.6869,2.2028
59.667,1790,upright,1.1793,1.6075,0.0409,6.0993,1.5666,0.2568,1.5461,1.4631,0.8954,0.4737,0.0804,1.1925,0.9078,0.6507,0.5678,0.4217,0.3933,177.5387,172.899,5.7726,2.1996
59.7,1791,upright,1.1821,1.606,0.0405,6.0722,1.5655,0.2578,1.5432,1.4642,0.9,0.4787,0.0803,1.1951,0.9096,0.6432,0.5642,0.4214,0.3984,178.2005,173.2264,5.9181,2.2055
59.733,1792,upright,1.1842,1.6032,0.0403,6.0341,1.5628,0.259,1.5396,1.4648,0.9037,0.4831,0.0802,1.1959,0.9095,0.6359,0.5612,0.4205,0.4029,178.4366,173.4112,6.0267,2.2084
59.767,1793,upright,1.1841,1.5988,0.04,5.9843,1.5588,0.2605,1.5339,1.4638,0.9044,0.4848,0.0802,1.1961,0.909,0.6295,0.5594,0.4196,0.4046,178.6824,173.5651,6.1402,2.2095
59.8,1794,upright,1.1832,1.5927,0.0394,5.9173,1.5532,0.2625,1.5302,1.463,0.9035,0.4848,0.0802,1.1958,0.907,0.6268,0.5595,0.4186,0.4047,178.8048,173.6517,6.3816,2.2169
59.833,1795,upright,1.1822,1.5851,0.0394,5.8349,1.5457,0.2649,1.5245,1.4615,0.9029,0.4853,0.0802,1.1948,0.9052,0.6216,0.5586,0.4176,0.4051,178.9041,173.6417,6.685,2.2391
59.867,1796,upright,1.1809,1.5778,0.0389,5.7575,1.5389,0.2673,1.5228,1.46,0.9018,0.4856,0.0802,1.1928,0.901,0.6211,0.5582,0.4161,0.4055,178.9708,173.5584,7.0864,2.284
59.9,1797,upright,1.1795,1.5999,0.0389,5.9868,1.561,0.2607,1.5359,1.4584,0.9005,0.4852,0.0802,1.1897,0.8978,0.6354,0.5579,0.4153,0.405,178.9416,173.4907,7.6168,2.4124
59.933,1798,upright,1.1772,1.562,0.0386,5.596,1.5235,0.2722,1.5155,1.4564,0.8979,0.4816,0.0802,1.1862,0.8947,0.6175,0.5584,0.4164,0.4014,178.8171,173.5566,8.3342,2.383
59.967,1799,upright,1.175,1.5541,0.0411,5.5133,1.513,0.2744,1.5092,1.4534,0.8966,0.4801,0.0803,1.182,0.8897,0.6126,0.5568,0.4165,0.3998,178.6035,173.511,9.2304,2.4339
60.0,1800,upright,1.1693,1.5121,0.0443,5.1374,1.4678,0.2857,1.492,1.4482,0.8904,0.4783,0.0804,1.1772,0.8828,0.6016,0.5578,0.4121,0.3979,177.7449,173.1001,10.0052,2.412
60.033,1801,,1.1641,1.5457,0.0447,5.4313,1.5011,0.2764,1.5038,1.4456,0.8826,0.4723,0.0805,1.1744,0.8772,0.6213,0.5631,0.4103,0.3919,176.9165,172.9761,10.7535,2.4602
60.067,1802,,1.1599,1.5877,0.044,5.8539,1.5438,0.2637,1.5192,1.4438,0.8759,0.4646,0.0805,1.1698,0.872,0.6433,0.5679,0.4113,0.3841,175.3306,172.5187,11.5088,2.5653
60.1,1803,,1.1567,1.5401,0.0442,5.3789,1.4958,0.2781,1.4991,1.4422,0.8712,0.4607,0.0807,1.1671,0.869,0.6279,0.571,0.4105,0.3799,173.8345,171.8114,12.3547,2.4321
60.133,1804,,1.1561,1.5356,0.0457,5.332,1.4899,0.2794,1.496,1.4421,0.8701,0.4612,0.0812,1.1661,0.8681,0.6259,0.572,0.4089,0.3801,173.1021,170.9373,12.9434,2.3885
60.167,1805,,1.157,1.5317,0.0484,5.2847,1.4833,0.2807,1.4939,1.4425,0.8715,0.4616,0.0818,1.1664,0.8689,0.6224,0.571,0.4099,0.3798,173.0947,169.9286,13.5241,2.2645
60.2,1806,,1.1553,1.5867,0.0533,5.809,1.5334,0.264,1.5119,1.4427,0.8679,0.4613,0.0828,1.1668,0.8728,0.644,0.5748,0.4066,0.3785,173.61,168.7746,13.8828,2.2612
60.233,1807,,1.1536,1.5883,0.0602,5.801,1.5281,0.2634,1.5111,1.4444,0.8629,0.4578,0.0841,1.1704,0.8781,0.6482,0.5815,0.4051,0.3738,173.7185,167.5831,14.216,2.1373
60.267,1808,,1.1537,1.5917,0.0713,5.7922,1.5204,0.2625,1.5102,1.4461,0.8613,0.4553,0.0859,1.1748,0.8871,0.6489,0.5848,0.406,0.3694,175.1972,166.4247,14.305,2.0018
60.3,1809,,1.152,1.5949,0.0815,5.7992,1.5134,0.261,1.5123,1.4467,0.8573,0.4499,0.0878,1.1775,0.8933,0.655,0.5893,0.4074,0.3621,175.9531,165.7039,14.2219,1.9022
60.333,1810,,1.1514,1.5947,0.0886,5.7906,1.5061,0.2601,1.5131,1.4469,0.856,0.4519,0.0899,1.1807,0.899,0.6572,0.5909,0.4041,0.362,173.682,165.1671,13.8824,1.827
60.367,1811,,1.1517,1.5959,0.0883,5.7985,1.5075,0.26,1.5145,1.4459,0.8575,0.4574,0.0924,1.1839,0.9032,0.657,0.5883,0.4001,0.365,170.9513,164.3722,13.4315,1.7664
60.4,1812,,1.1495,1.5958,0.0852,5.796,1.5106,0.2606,1.5154,1.4429,0.856,0.4585,0.0941,1.1846,0.9063,0.6594,0.587,0.3975,0.3644,169.8677,162.8854,12.8613,1.7608
60.433,1813,,1.1459,1.5903,0.0822,5.7406,1.5081,0.2627,1.5113,1.4385,0.8532,0.4584,0.0951,1.1851,0.9086,0.6581,0.5853,0.3949,0.3633,169.2456,161.7065,12.1392,1.7813
60.467,1814,,1.1441,1.5823,0.0798,5.6585,1.5025,0.2655,1.5129,1.4351,0.8531,0.4583,0.0956,1.1852,0.9095,0.6598,0.582,0.3948,0.3627,169.2759,161.1395,11.5508,1.8208
60.5,1815,,1.1424,1.5724,0.0777,5.5593,1.4947,0.2689,1.5007,1.4302,0.8545,0.4578,0.0957,1.1827,0.9104,0.6462,0.5757,0.3967,0.3621,169.0736,160.9827,10.6857,1.8255
60.533,1816,,1.1412,1.5651,0.075,5.4842,1.4901,0.2717,1.495,1.4278,0.8546,0.4573,0.0957,1.1827,0.9154,0.6404,0.5732,0.3973,0.3616,169.8371,161.1524,9.8999,1.8776
60.567,1817,,1.1393,1.5585,0.071,5.4195,1.4875,0.2745,1.4915,1.4262,0.8524,0.4567,0.0956,1.1829,0.9206,0.6391,0.5738,0.3957,0.3611,171.6762,161.1241,9.415,1.9272
60.6,1818,,1.1374,1.5498,0.0667,5.3411,1.4831,0.2777,1.4852,1.4225,0.8524,0.4557,0.0953,1.1794,0.9249,0.6328,0.5702,0.3967,0.3604,172.7348,161.7628,9.1865,1.9743
60.633,1819,,1.1339,1.5447,0.0611,5.3008,1.4836,0.2799,1.4802,1.4178,0.8501,0.4517,0.0949,1.1739,0.9268,0.6302,0.5678,0.3984,0.3568,174.0525,162.4254,8.6226,2.0256
60.667,1820,,1.1308,1.5377,0.0584,5.2429,1.4793,0.2821,1.4792,1.4132,0.8483,0.4502,0.0941,1.1669,0.9257,0.6308,0.5649,0.3981,0.3561,175.071,163.2362,7.9319,2.1654
60.7,1821,,1.1273,1.5294,0.0511,5.1892,1.4783,0.2849,1.4722,1.4073,0.8473,0.4572,0.0924,1.1585,0.9251,0.6249,0.56,0.3901,0.3648,174.9845,163.9233,7.0229,2.2235
60.733,1822,,1.1237,1.5235,0.0432,5.1579,1.4803,0.287,1.4683,1.4018,0.8456,0.4641,0.0897,1.1519,0.9271,0.6227,0.5562,0.3815,0.3745,172.9195,164.682,5.8946,2.2762
60.767,1823,,1.1224,1.5202,0.033,5.1544,1.4872,0.2885,1.4655,1.3993,0.8455,0.4684,0.0866,1.1492,0.9292,0.62,0.5538,0.3771,0.3818,170.922,166.122,4.9578,2.3456
60.8,1824,,1.119,1.5161,0.0238,5.1469,1.4923,0.2899,1.4633,1.3963,0.8416,0.4647,0.0843,1.145,0.9328,0.6217,0.5547,0.3769,0.3804,168.7653,167.5009,4.9291,2.4088
60.833,1825,,1.1195,1.5157,0.0169,5.1626,1.4988,0.2903,1.4648,1.396,0.8429,0.4646,0.0826,1.146,0.9364,0.6218,0.5531,0.3783,0.3821,166.3547,168.4666,4.8981,2.4497
60.867,1826,,1.1191,1.5152,0.0103,5.1774,1.5049,0.2907,1.4677,1.3949,0.8433,0.4632,0.0812,1.1416,0.9328,0.6244,0.5517,0.3801,0.382,164.4489,169.6498,4.8133,2.4757
60.9,1827,,1.1156,1.5131,0.0016,5.1859,1.5115,0.2915,1.4694,1.3928,0.8384,0.4587,0.0799,1.1322,0.9268,0.631,0.5544,0.3797,0.3789,162.1088,171.0845,4.8865,2.5062
60.933,1828,,1.1138,1.5129,-0.0055,5.2042,1.5184,0.2918,1.4731,1.3922,0.8354,0.4567,0.079,1.1266,0.9232,0.6377,0.5568,0.3787,0.3777,162.3557,172.7851,4.9699,2.5207
60.967,1829,,1.1097,1.5143,-0.0135,5.24,1.5278,0.2916,1.4759,1.3901,0.8293,0.4527,0.0781,1.1215,0.9179,0.6467,0.5609,0.3765,0.3747,161.6784,173.8818,5.4672,2.5456
61.0,1830,,1.1096,1.5181,-0.0187,5.2854,1.5368,0.2908,1.4816,1.3896,0.8295,0.4503,0.0775,1.1172,0.9148,0.6521,0.5601,0.3792,0.3729,162.3506,175.1733,6.2629,2.5705
61.033,1831,,1.1087,1.5198,-0.024,5.3159,1.5438,0.2904,1.4841,1.389,0.8284,0.4453,0.0768,1.1115,0.9106,0.6557,0.5606,0.3831,0.3685,163.3509,177.1708,6.6017,2.5882
61.067,1832,,1.1092,1.5205,-0.0291,5.3385,1.5496,0.2903,1.4852,1.3883,0.8302,0.4461,0.0763,1.1069,0.9076,0.655,0.5581,0.3841,0.3697,164.3031,178.1914,7.1049,2.598
61.1,1833,,1.1108,1.5217,-0.0331,5.361,1.5549,0.29,1.4858,1.3893,0.8324,0.4459,0.0759,1.1062,0.9106,0.6534,0.5569,0.3865,0.3699,166.1352,178.6644,7.6927,2.6105
61.133,1834,,1.1124,1.5224,-0.0382,5.3826,1.5605,0.2899,1.4869,1.3893,0.8355,0.4466,0.0754,1.1056,0.9126,0.6514,0.5538,0.3888,0.3712,167.2328,178.2769,8.2274,2.6146
61.167,1835,,1.1143,1.5234,-0.0432,5.4055,1.5666,0.2898,1.4882,1.3889,0.8397,0.4523,0.0749,1.1084,0.9167,0.6485,0.5492,0.3874,0.3774,167.765,177.8388,8.5646,2.6164
61.2,1836,,1.1174,1.5252,-0.0446,5.4261,1.5698,0.2893,1.49,1.3918,0.843,0.4555,0.0748,1.1114,0.9209,0.647,0.5488,0.3875,0.3807,168.8952,177.2266,9.2294,2.6124
61.233,1837,,1.1212,1.526,-0.0465,5.438,1.5725,0.2892,1.4914,1.3941,0.8483,0.4568,0.0746,1.1156,0.9251,0.6431,0.5458,0.3915,0.3822,168.9162,175.8534,10.0866,2.6034
61.267,1838,,1.1232,1.5259,-0.0515,5.4502,1.5774,0.2894,1.4898,1.3936,0.8529,0.4563,0.074,1.1222,0.9283,0.6369,0.5406,0.3966,0.3822,168.1899,174.2362,11.0295,2.5974
61.3,1839,,1.1288,1.5272,-0.0511,5.4609,1.5783,0.289,1.4903,1.3971,0.8605,0.4579,0.074,1.1303,0.9315,0.6298,0.5366,0.4026,0.3839,167.5346,172.1132,12.2463,2.5653
61.333,1840,,1.1323,1.5273,-0.0529,5.4652,1.5802,0.2891,1.4883,1.3978,0.8667,0.4606,0.0738,1.1405,0.9367,0.6216,0.5311,0.4061,0.3868,166.8442,170.298,13.1605,2.5524
61.367,1841,,1.1372,1.5272,-0.0514,5.4604,1.5786,0.2891,1.4875,1.3998,0.8745,0.4641,0.0739,1.1459,0.936,0.6131,0.5254,0.4104,0.3902,165.848,167.778,14.5536,2.5197
61.4,1842,,1.1396,1.5266,-0.0527,5.4546,1.5793,0.2895,1.4859,1.399,0.8802,0.467,0.0738,1.15,0.9352,0.6056,0.5188,0.4132,0.3932,164.5921,165.1969,15.9824,2.4859
61.433,1843,,1.1413,1.5243,-0.0531,5.4309,1.5774,0.2905,1.4822,1.3967,0.886,0.471,0.0738,1.1535,0.9364,0.5962,0.5106,0.415,0.3973,162.9142,162.2839,17.4911,2.4401
61.467,1844,,1.1435,1.5145,-0.0488,5.3339,1.5633,0.2931,1.4726,1.391,0.8961,0.478,0.0742,1.1533,0.935,0.5765,0.4948,0.4181,0.4038,159.6927,157.7662,19.592,2.3797
61.5,1845,,1.143,1.4952,-0.0423,5.1585,1.5375,0.298,1.4564,1.3807,0.9053,0.4851,0.0748,1.1493,0.9307,0.5511,0.4754,0.4202,0.4103,155.6208,151.413,22.7646,2.2791
61.533,1846,,1.1338,1.472,-0.0359,4.9604,1.5079,0.304,1.4375,1.3634,0.9042,0.4905,0.0754,1.1378,0.9186,0.5332,0.4591,0.4138,0.4151,152.191,145.7279,25.6128,2.1678
61.567,1847,,1.1183,1.445,-0.0314,4.7418,1.4763,0.3113,1.4098,1.3365,0.9001,0.4933,0.0758,1.1129,0.8815,0.5096,0.4364,0.4069,0.4175,147.7284,139.524,28.6467,2.087
61.6,1848,,1.0957,1.405,-0.0299,4.4497,1.4348,0.3225,1.3761,1.3017,0.8896,0.492,0.076,1.0824,0.839,0.4865,0.4121,0.3976,0.416,143.3512,134.0756,31.1349,1.9804
61.633,1849,,1.0684,1.363,-0.0272,4.1593,1.3903,0.3343,1.3354,1.2624,0.8744,0.4899,0.0762,1.0475,0.8008,0.461,0.388,0.3846,0.4136,137.5747,127.1704,33.8573,1.8969
61.667,1850,,1.0355,1.3176,-0.023,3.8664,1.3405,0.3467,1.2921,1.2201,0.8508,0.4856,0.0767,1.0094,0.7762,0.4413,0.3694,0.3652,0.4089,131.8747,121.1474,35.8004,1.8008
61.7,1851,,1.0024,1.2828,-0.0205,3.6519,1.3033,0.3569,1.2529,1.182,0.8227,0.4815,0.0769,0.9726,0.7443,0.4301,0.3593,0.3412,0.4046,126.5979,116.6131,36.7177,1.7131
61.733,1852,,0.9686,1.2447,-0.0194,3.4351,1.2641,0.368,1.22,1.1429,0.7942,0.4743,0.077,0.93,0.6952,0.4257,0.3487,0.3199,0.3973,121.0104,112.3701,37.3528,1.6227
61.767,1853,,0.9345,1.2097,-0.0188,3.2474,1.2286,0.3783,1.1853,1.1068,0.7622,0.4686,0.0771,0.8816,0.6163,0.4231,0.3445,0.2937,0.3915,115.8841,108.1819,37.4153,1.5584
61.8,1854,,0.9013,1.177,-0.0198,3.0842,1.1969,0.3881,1.1523,1.0741,0.7285,0.4593,0.077,0.8455,0.5709,0.4239,0.3456,0.2692,0.3822,110.3182,104.8122,36.3203,1.5256
61.833,1855,,0.8763,1.1502,-0.0192,2.9529,1.1694,0.396,1.1272,1.0474,0.7052,0.4553,0.0771,0.8083,0.5273,0.422,0.3422,0.2499,0.3782,104.8716,99.6496,36.8129,1.515
61.867,1856,,0.8508,1.124,-0.0212,2.8345,1.1451,0.404,1.1012,1.0217,0.6798,0.4512,0.077,0.7949,0.5161,0.4214,0.342,0.2286,0.3742,99.4589,94.5925,36.9002,1.5268
61.9,1857,,0.8264,1.0967,-0.0226,2.7163,1.1193,0.4121,1.0767,0.9982,0.6546,0.4468,0.0769,0.7834,0.5102,0.4222,0.3436,0.2078,0.3699,94.7539,92.5443,34.6926,1.5292
61.933,1858,,0.8081,1.0737,-0.0242,2.6177,1.0979,0.4194,1.0542,0.9757,0.6406,0.4453,0.0768,0.7635,0.4959,0.4136,0.3351,0.1953,0.3685,91.6333,90.3234,34.1003,1.5437
61.967,1859,,0.7894,1.0563,-0.0192,2.5313,1.0755,0.4249,1.0382,0.9568,0.6221,0.4466,0.0772,0.7485,0.4917,0.4161,0.3346,0.1756,0.3694,87.1678,85.6905,34.068,1.5524
62.0,1860,sitting,0.7748,1.0423,-0.0158,2.4648,1.0582,0.4293,1.0246,0.9424,0.6072,0.4486,0.0774,0.7403,0.4881,0.4174,0.3352,0.1587,0.3712,84.0898,84.6255,31.8877,1.6153
62.033,1861,sitting,0.7567,1.0335,-0.0089,2.4123,1.0424,0.4321,1.0127,0.9263,0.5872,0.4526,0.0778,0.7281,0.482,0.4256,0.3391,0.1346,0.3748,80.2093,83.2494,29.1221,1.6826
62.067,1862,sitting,0.7433,1.0223,-0.0029,2.3516,1.0252,0.4359,1.0006,0.9134,0.5731,0.4549,0.0781,0.7199,0.4783,0.4274,0.3402,0.1182,0.3768,77.8696,84.7311,24.9615,1.7066
62.1,1863,sitting,0.7258,1.0084,0.0006,2.2902,1.0079,0.4401,0.9877,0.8967,0.5549,0.4553,0.0783,0.6973,0.4702,0.4327,0.3418,0.0996,0.3771,75.3199,84.6448,22.113,1.6278
62.133,1864,sitting,0.7111,1.0001,-0.0004,2.2585,1.0005,0.443,0.9782,0.8844,0.5379,0.4565,0.0782,0.5524,0.5248,0.4403,0.3465,0.0814,0.3783,73.6057,88.5216,15.7196,1.5609
62.167,1865,sitting,0.6997,0.9979,0.0004,2.2479,0.9974,0.4437,0.9803,0.8747,0.5247,0.4581,0.0783,0.6665,0.2562,0.4557,0.35,0.0666,0.3798,73.0569,92.5748,9.7495,1.4977
62.2,1866,sitting,0.6932,0.999,-0.001,2.2545,1.0,0.4436,0.9831,0.8684,0.5181,0.461,0.0782,0.6365,0.2583,0.465,0.3503,0.0571,0.3828,73.6738,97.0981,4.0838,1.4639
62.233,1867,sitting,0.6897,1.0009,-0.0018,2.2644,1.0027,0.4428,0.9872,0.867,0.5123,0.4663,0.0782,0.6158,0.4195,0.4749,0.3547,0.046,0.3881,73.8181,99.0453,0.7387,1.438
62.267,1868,sitting,0.6921,1.0062,-0.0072,2.295,1.0133,0.4415,0.9916,0.8695,0.5147,0.4695,0.0779,0.615,0.261,0.4769,0.3548,0.0453,0.3916,75.2385,102.0889,2.5651,1.4298
62.3,1869,sitting,0.6957,1.0126,-0.0125,2.3335,1.0251,0.4393,1.0019,0.8731,0.5184,0.4725,0.0775,0.6171,0.2612,0.4836,0.3547,0.0459,0.3949,76.5835,104.9254,5.4516,1.4279
62.333,1870,sitting,0.6985,1.0256,-0.0169,2.3945,1.0425,0.4354,1.0133,0.8752,0.5218,0.4736,0.0773,0.6199,0.2596,0.4915,0.3534,0.0481,0.3964,77.6812,106.8861,7.2939,1.4424
62.367,1871,sitting,0.7016,1.0365,-0.0196,2.444,1.0561,0.4321,1.024,0.878,0.5252,0.476,0.0771,0.6203,0.4024,0.4988,0.3528,0.0492,0.399,78.3791,107.9465,8.5189,1.4604
62.4,1872,sitting,0.7084,1.0491,-0.0185,2.4942,1.0676,0.428,1.0358,0.8843,0.5326,0.4787,0.0772,0.623,0.4028,0.5032,0.3516,0.0539,0.4015,79.3138,109.9778,10.0614,1.4757
62.433,1873,sitting,0.7163,1.0586,-0.0166,2.5306,1.0752,0.4249,1.0455,0.8929,0.5398,0.4806,0.0774,0.627,0.4075,0.5057,0.3531,0.0592,0.4032,79.8874,111.8939,11.4069,1.4824
62.467,1874,sitting,0.722,1.0671,-0.0152,2.5616,1.0822,0.4225,1.0534,0.9007,0.5433,0.4835,0.0775,0.6297,0.411,0.5101,0.3574,0.0598,0.406,79.7052,113.0159,12.528,1.4844
62.5,1875,sitting,0.724,1.0699,-0.016,2.5739,1.0858,0.4219,1.0558,0.9028,0.5452,0.483,0.0774,0.6295,0.2674,0.5106,0.3576,0.0623,0.4056,79.3345,114.6839,13.9861,1.4806
62.533,1876,sitting,0.7244,1.0736,-0.0169,2.5904,1.0905,0.421,1.0585,0.9031,0.5458,0.4819,0.0773,0.6298,0.2668,0.5127,0.3573,0.0638,0.4046,78.9903,116.13,15.2803,1.4774
62.567,1877,sitting,0.725,1.0753,-0.0165,2.5957,1.0918,0.4206,1.0596,0.9038,0.5462,0.4815,0.0773,0.6305,0.2668,0.5134,0.3576,0.0647,0.4041,78.3785,117.1361,16.2171,1.4684
62.6,1878,sitting,0.7252,1.0776,-0.0159,2.6029,1.0935,0.4201,1.0607,0.9038,0.5466,0.4811,0.0773,0.6303,0.2677,0.5141,0.3572,0.0656,0.4037,77.8537,118.1714,17.1672,1.4607
62.633,1879,sitting,0.7252,1.0771,-0.0155,2.599,1.0926,0.4204,1.06,0.9039,0.5465,0.4815,0.0773,0.6286,0.2689,0.5135,0.3574,0.0649,0.4042,77.0291,119.6198,18.6498,1.4477
62.667,1880,sitting,0.7247,1.076,-0.0156,2.5942,1.0916,0.4208,1.059,0.9032,0.5461,0.4815,0.0773,0.6263,0.2695,0.5129,0.3571,0.0646,0.4041,76.1865,120.7936,19.8685,1.4319
62.7,1881,sitting,0.7239,1.0757,-0.0153,2.5924,1.0909,0.4208,1.0589,0.9026,0.5452,0.4809,0.0774,0.6238,0.2695,0.5137,0.3574,0.0643,0.4035,75.5986,122.1134,21.2083,1.4196
62.733,1882,sitting,0.725,1.0763,-0.0121,2.5898,1.0884,0.4203,1.0601,0.9032,0.5468,0.4815,0.0776,0.6219,0.4329,0.5133,0.3564,0.0653,0.4038,75.397,123.9453,22.842,1.4092
62.767,1883,sitting,0.7257,1.0779,-0.0079,2.5901,1.0858,0.4192,1.0621,0.9032,0.5482,0.4828,0.0779,0.6205,0.4316,0.5139,0.355,0.0654,0.4049,75.2678,125.4509,24.3021,1.4037
62.8,1884,sitting,0.726,1.0806,-0.0049,2.5985,1.0855,0.4177,1.0649,0.9034,0.5485,0.4843,0.0782,0.6191,0.4314,0.5164,0.3549,0.0643,0.4061,75.3866,126.2578,25.2243,1.4032
62.833,1885,sitting,0.7268,1.0839,-0.0027,2.6112,1.0866,0.4161,1.0681,0.9044,0.5491,0.4868,0.0783,0.6182,0.4299,0.519,0.3553,0.0623,0.4085,75.5774,126.6348,25.8287,1.4013
62.867,1886,sitting,0.7275,1.0868,-0.0007,2.6234,1.0875,0.4145,1.0705,0.9052,0.5498,0.4879,0.0784,0.6183,0.4302,0.5207,0.3553,0.0619,0.4095,75.997,127.1991,26.4382,1.4005
62.9,1887,sitting,0.7271,1.088,0.0001,2.6308,1.0878,0.4135,1.0714,0.9046,0.5497,0.4897,0.0785,0.6175,0.4295,0.5217,0.3549,0.0599,0.4113,76.2581,127.577,27.0753,1.3989
62.933,1888,sitting,0.7267,1.0877,0.001,2.6324,1.0868,0.4128,1.0711,0.9041,0.5493,0.4912,0.0785,0.6152,0.4267,0.5218,0.3548,0.0581,0.4127,76.6527,127.6371,27.3881,1.3956
62.967,1889,sitting,0.7247,1.086,-0.0011,2.6325,1.0871,0.413,1.0692,0.9016,0.5477,0.4912,0.0784,0.6112,0.4236,0.5215,0.3539,0.0566,0.4127,77.1153,127.5818,27.5652,1.3967
63.0,1890,sitting,0.7204,1.0822,-0.0041,2.6269,1.0864,0.4136,1.0653,0.8969,0.5439,0.4889,0.0783,0.6069,0.421,0.5215,0.3531,0.0549,0.4106,77.4907,127.6627,27.8449,1.3941
63.033,1891,,0.7168,1.0801,-0.0079,2.6273,1.0881,0.4141,1.0628,0.8931,0.5406,0.487,0.078,0.6036,0.4201,0.5223,0.3525,0.0535,0.409,77.8595,127.2357,27.6128,1.4009
63.067,1892,,0.7147,1.078,-0.0114,2.624,1.0893,0.4151,1.0604,0.8906,0.5389,0.4862,0.0778,0.6016,0.4193,0.5216,0.3518,0.0526,0.4084,78.3259,126.7146,27.2104,1.4088
63.1,1893,,0.7122,1.0748,-0.0146,2.6157,1.0894,0.4165,1.0573,0.8872,0.5372,0.485,0.0776,0.5972,0.4148,0.5201,0.35,0.0522,0.4073,78.8573,126.19,26.7393,1.4182
63.133,1894,,0.7116,1.0715,-0.0159,2.6022,1.0874,0.4179,1.0544,0.8863,0.5369,0.484,0.0776,0.5947,0.4107,0.5175,0.3494,0.0528,0.4065,79.2843,125.6701,26.1337,1.4212
63.167,1895,,0.7112,1.0702,-0.0201,2.6007,1.0904,0.4193,1.0528,0.886,0.5363,0.4836,0.0772,0.5963,0.2569,0.5165,0.3497,0.0527,0.4064,79.4817,124.7027,25.2061,1.433
63.2,1896,,0.7095,1.067,-0.0226,2.5893,1.0896,0.4208,1.0497,0.8853,0.5337,0.4825,0.077,0.5966,0.2568,0.516,0.3516,0.0512,0.4055,79.1269,123.0478,23.7651,1.4382
63.233,1897,,0.7107,1.0649,-0.0242,2.5796,1.0891,0.4222,1.0481,0.8864,0.5351,0.4819,0.0768,0.599,0.2578,0.513,0.3513,0.0532,0.4051,78.9478,121.1008,21.6094,1.4422
63.267,1898,,0.7118,1.0629,-0.0245,2.5695,1.0874,0.4232,1.0464,0.8879,0.5356,0.4811,0.0768,0.6021,0.259,0.5108,0.3523,0.0545,0.4043,78.5914,119.3078,19.6144,1.4421
63.3,1899,,0.7123,1.0612,-0.0244,2.5606,1.0856,0.424,1.0449,0.8884,0.5362,0.4795,0.0767,0.6039,0.2584,0.5087,0.3522,0.0567,0.4028,78.3002,117.2849,17.2563,1.4468
63.333,1900,,0.7122,1.0572,-0.0232,2.5403,1.0804,0.4253,1.0425,0.8878,0.5366,0.4791,0.0768,0.6017,0.258,0.5059,0.3511,0.0575,0.4023,77.9398,114.9918,14.7142,1.4505
63.367,1901,,0.7125,1.0548,-0.0222,2.5271,1.0771,0.4262,1.0407,0.8876,0.5373,0.4784,0.0768,0.6043,0.2577,0.5033,0.3503,0.0589,0.4016,77.7325,112.4591,11.8127,1.4617
63.4,1902,,0.7137,1.0552,-0.0193,2.5188,1.0745,0.4266,1.0418,0.889,0.5384,0.4813,0.077,0.5011,0.2612,0.5035,0.3507,0.0571,0.4042,77.0608,108.8885,8.4035,1.486
63.433,1903,,0.7135,1.0529,-0.0112,2.4951,1.0641,0.4265,1.0403,0.8883,0.5386,0.4826,0.0776,0.6066,0.392,0.5016,0.3496,0.0561,0.405,76.2607,105.2118,4.7591,1.5013
63.467,1904,,0.7127,1.0531,-0.0041,2.4829,1.0573,0.4258,1.0405,0.8888,0.5367,0.4837,0.0781,0.6049,0.3893,0.5038,0.3521,0.0529,0.4057,75.1816,101.1469,0.9667,1.5289
63.5,1905,,0.7121,1.0509,0.0028,2.4605,1.048,0.4259,1.0386,0.889,0.5353,0.4842,0.0785,0.6064,0.391,0.5033,0.3537,0.0511,0.4057,74.0392,96.2292,3.7133,1.5714
63.533,1906,,0.7128,1.0492,0.01,2.4402,1.0393,0.4259,1.0372,0.8905,0.5351,0.4843,0.0789,0.6167,0.3978,0.5021,0.3554,0.0508,0.4054,72.7137,91.8529,7.9884,1.6209
63.567,1907,,0.7172,1.0479,0.015,2.4248,1.0328,0.4259,1.0364,0.8948,0.5396,0.4828,0.0791,0.6317,0.2588,0.4967,0.3551,0.0568,0.4037,72.5039,88.69,12.0359,1.6719
63.6,1908,,0.7222,1.0468,0.0174,2.4141,1.0294,0.4264,1.0363,0.9002,0.5442,0.4825,0.0792,0.6573,0.4826,0.4921,0.356,0.0617,0.4033,72.168,84.1806,17.1796,1.7534
63.633,1909,,0.7283,1.0526,0.0167,2.4415,1.0359,0.4243,1.0414,0.9063,0.5503,0.4791,0.0792,0.6815,0.4997,0.4911,0.356,0.0712,0.4,72.4519,81.911,20.6536,1.8306
63.667,1910,,0.741,1.0598,0.0129,2.4796,1.0469,0.4222,1.0485,0.9181,0.5639,0.4762,0.079,0.7001,0.2714,0.4847,0.3543,0.0876,0.3973,73.8648,80.7406,24.0334,1.9002
63.7,1911,,0.7598,1.0741,0.0091,2.5482,1.0649,0.4179,1.0625,0.9359,0.5838,0.4726,0.0788,0.5893,0.2844,0.4787,0.3521,0.1112,0.3938,76.7892,82.5535,25.5547,1.8847
63.733,1912,,0.7864,1.0986,0.004,2.6638,1.0946,0.4109,1.0866,0.963,0.6099,0.4687,0.0786,0.7414,0.5258,0.4767,0.3531,0.1411,0.3902,81.2358,84.7869,27.7364,1.8799
63.767,1913,,0.8175,1.1388,-0.0016,2.8553,1.1404,0.3994,1.1221,0.9986,0.6364,0.4655,0.0782,0.7678,0.5493,0.4857,0.3623,0.1709,0.3872,86.1305,88.4844,28.7992,1.9289
63.8,1914,,0.8457,1.1668,-0.0064,2.997,1.1732,0.3914,1.1546,1.0293,0.6621,0.4598,0.078,0.7922,0.5755,0.4926,0.3672,0.2022,0.3819,90.3026,93.2727,28.6062,2.0188
63.833,1915,,0.8791,1.21,-0.009,3.216,1.219,0.379,1.1977,1.0695,0.6887,0.4585,0.0777,0.8238,0.5917,0.509,0.3808,0.2301,0.3808,94.1901,97.8459,28.0428,2.1357
63.867,1916,,0.9146,1.2634,-0.0085,3.4976,1.2719,0.3637,1.2499,1.1121,0.7171,0.4615,0.0777,0.8514,0.6011,0.5328,0.395,0.2556,0.3838,97.6979,101.0821,28.2698,2.2651
63.9,1917,,0.9581,1.313,-0.0088,3.7786,1.3218,0.3498,1.2988,1.1588,0.7575,0.4726,0.0776,0.8977,0.6411,0.5414,0.4013,0.2848,0.395,102.998,105.8043,27.8636,2.3709
63.933,1918,,0.9965,1.3615,-0.0072,4.0777,1.3687,0.3356,1.3482,1.2077,0.7853,0.4855,0.0777,0.8242,0.6807,0.5629,0.4224,0.2998,0.4078,107.4631,110.286,26.431,2.4594
63.967,1919,,1.0358,1.4116,-0.0052,4.4155,1.4168,0.3209,1.3981,1.2544,0.8173,0.5022,0.0778,0.8767,0.5212,0.5808,0.4371,0.3151,0.4244,111.4488,113.0367,26.2602,2.5496
64.0,1920,,1.0711,1.4548,-0.0044,4.738,1.4592,0.308,1.4414,1.2902,0.852,0.5154,0.0777,0.9173,0.7506,0.5894,0.4382,0.3366,0.4377,115.8667,116.3177,26.1107,2.6508
64.033,1921,,1.099,1.4933,-0.004,5.0483,1.4973,0.2966,1.4804,1.3229,0.8751,0.523,0.0777,0.949,0.6303,0.6053,0.4478,0.3521,0.4452,120.9546,120.9354,25.0096,2.7641
64.067,1922,,1.1223,1.5323,-0.0048,5.3908,1.5371,0.2851,1.5187,1.3513,0.8933,0.5258,0.0777,1.0704,0.666,0.6254,0.458,0.3676,0.4481,126.5563,126.4001,23.6619,2.908
64.1,1923,,1.1434,1.5643,-0.0068,5.6911,1.5711,0.2761,1.5505,1.3803,0.9065,0.5279,0.0775,1.0909,0.8489,0.6439,0.4738,0.3786,0.4504,132.6031,131.4929,22.5015,3.0368
64.133,1924,,1.1576,1.5915,-0.0114,5.9698,1.6029,0.2685,1.577,1.4024,0.9128,0.5251,0.0771,1.1061,0.7154,0.6642,0.4897,0.3877,0.4479,139.2825,137.1201,21.1449,3.1658
64.167,1925,,1.1673,1.6147,-0.0163,6.2269,1.631,0.2619,1.6001,1.4177,0.9168,0.5202,0.0768,1.114,0.8718,0.6833,0.5009,0.3967,0.4433,146.4622,143.7796,19.3728,3.317
64.2,1926,,1.175,1.6284,-0.0226,6.3953,1.6509,0.2581,1.6139,1.4299,0.92,0.5127,0.0764,1.1206,0.7443,0.6939,0.5099,0.4073,0.4363,154.1237,150.6971,17.52,3.3652
64.233,1927,,1.1802,1.6387,-0.0263,6.5218,1.6651,0.2553,1.6245,1.4371,0.9233,0.5069,0.0761,1.1247,0.7515,0.7012,0.5138,0.4164,0.4308,159.4205,155.6501,16.18,3.3983
64.267,1928,,1.1875,1.6492,-0.0302,6.6523,1.6794,0.2525,1.6345,1.4443,0.9307,0.5058,0.0758,1.1285,0.7559,0.7038,0.5137,0.4249,0.43,162.9053,158.7149,15.4748,3.4265
64.3,1929,,1.1908,1.6574,-0.0318,6.7511,1.6892,0.2502,1.6416,1.4481,0.9336,0.5036,0.0757,1.131,0.7604,0.708,0.5145,0.43,0.4279,165.1826,161.2627,14.7014,3.4479
64.333,1930,,1.1935,1.6631,-0.0326,6.82,1.6957,0.2486,1.6467,1.4523,0.9348,0.4998,0.0756,1.1355,0.7664,0.712,0.5175,0.4349,0.4243,167.0803,163.6566,13.8313,3.4741
64.367,1931,,1.1967,1.6672,-0.0318,6.8643,1.699,0.2475,1.6513,1.4559,0.9375,0.4994,0.0757,1.0688,0.7709,0.7138,0.5184,0.4381,0.4237,168.5533,165.7761,12.9807,3.4939
64.4,1932,,1.1999,1.6694,-0.0299,6.878,1.6993,0.2471,1.6543,1.4592,0.9405,0.499,0.0758,1.073,0.7764,0.7137,0.5187,0.4416,0.4232,169.2174,167.8226,12.0955,3.5125
64.433,1933,,1.201,1.6703,-0.0298,6.8862,1.7001,0.2469,1.6552,1.461,0.941,0.4962,0.0758,1.0739,0.7788,0.7142,0.5201,0.4448,0.4204,170.0006,169.4525,11.3629,3.5277
64.467,1934,,1.2015,1.6716,-0.0294,6.9058,1.701,0.2463,1.6564,1.4613,0.9417,0.4946,0.0759,1.0766,0.7782,0.7146,0.5195,0.4471,0.4187,170.8968,170.7491,10.8393,3.5459
64.5,1935,,1.2029,1.6728,-0.0283,6.9203,1.7012,0.2458,1.6576,1.4627,0.9432,0.4954,0.0759,1.0788,0.7794,0.7144,0.5196,0.4478,0.4194,171.4368,171.9101,10.3216,3.5533
64.533,1936,,1.2037,1.6741,-0.0268,6.9295,1.7009,0.2455,1.6586,1.4638,0.9436,0.4957,0.0761,1.0815,0.7811,0.715,0.5201,0.4479,0.4197,171.8009,172.6726,10.0071,3.5576
64.567,1937,,1.2025,1.675,-0.0253,6.9369,1.7003,0.2451,1.6594,1.4637,0.9413,0.4943,0.0762,1.0841,0.7815,0.7181,0.5224,0.447,0.4181,172.255,173.6196,9.6296,3.5489
64.6,1938,,1.2017,1.6751,-0.024,6.9332,1.6991,0.2451,1.6597,1.4646,0.9389,0.4937,0.0763,1.0851,0.7818,0.7208,0.5257,0.4452,0.4174,172.5258,174.3901,9.2943,3.5292
64.633,1939,,1.1998,1.6741,-0.0233,6.9207,1.6974,0.2453,1.6591,1.4644,0.9353,0.4917,0.0764,1.084,0.7803,0.7238,0.5291,0.4435,0.4154,173.0227,175.2123,8.9398,3.5225
64.667,1940,,1.1963,1.6731,-0.0216,6.9022,1.6946,0.2455,1.6584,1.4644,0.9283,0.4888,0.0765,1.0849,0.78,0.7301,0.5361,0.4395,0.4123,173.4332,175.9937,8.5862,3.5065
64.7,1941,,1.1932,1.6722,-0.0193,6.8831,1.6915,0.2457,1.658,1.4644,0.922,0.4865,0.0767,1.0846,0.7805,0.736,0.5424,0.4354,0.4099,173.7384,176.5428,8.3555,3.4926
64.733,1942,,1.1903,1.6705,-0.0172,6.8542,1.6877,0.2462,1.6567,1.4646,0.9161,0.4848,0.0768,1.0844,0.7798,0.7406,0.5485,0.4312,0.408,173.7839,176.8964,8.2238,3.4793
64.767,1943,,1.1859,1.6672,-0.0171,6.8137,1.6843,0.2472,1.654,1.4636,0.9082,0.4821,0.0768,1.0837,0.7783,0.7458,0.5555,0.426,0.4053,174.1499,177.3138,8.0418,3.4586
64.8,1944,,1.1847,1.6623,-0.0155,6.7471,1.6778,0.2487,1.6502,1.4634,0.9059,0.4825,0.0769,1.0836,0.777,0.7443,0.5575,0.4234,0.4056,174.1702,177.4537,8.002,3.4359
64.833,1945,,1.1832,1.6568,-0.0145,6.6835,1.6713,0.2501,1.6455,1.4624,0.9041,0.4822,0.077,1.0826,0.7753,0.7415,0.5584,0.4218,0.4053,173.968,177.6324,7.8967,3.4177
64.867,1946,,1.1768,1.6528,-0.0148,6.6364,1.6675,0.2513,1.6359,1.461,0.8926,0.4774,0.077,1.157,0.7733,0.7433,0.5683,0.4153,0.4004,173.7439,177.9624,7.6305,3.3948
64.9,1947,,1.173,1.6466,-0.0146,6.5671,1.6612,0.253,1.6248,1.4569,0.889,0.4755,0.077,1.0773,0.7702,0.7358,0.5679,0.4135,0.3985,173.4758,177.7233,7.5569,3.3636
64.933,1948,,1.1681,1.638,-0.0139,6.4707,1.6519,0.2553,1.612,1.4503,0.8859,0.4743,0.077,1.073,0.7656,0.7262,0.5644,0.4115,0.3973,172.3673,176.8589,7.6554,3.3137
64.967,1949,,1.1633,1.6203,-0.0112,6.2751,1.6314,0.26,1.5899,1.4385,0.8881,0.4779,0.0772,1.1363,0.8835,0.7018,0.5503,0.4102,0.4007,168.71,173.3016,8.5558,3.2541
65.0,1950,,1.1559,1.593,-0.0054,5.984,1.5985,0.2671,1.5639,1.4203,0.8914,0.4871,0.0776,1.1258,0.8727,0.6726,0.5289,0.4043,0.4095,161.6307,166.5904,10.4062,3.1818
65.033,1951,,1.145,1.5596,-0.0061,5.6573,1.5656,0.2768,1.5298,1.3954,0.8947,0.502,0.0775,1.1144,0.863,0.6351,0.5008,0.3927,0.4244,150.7522,155.1812,13.8827,3.1395
65.067,1952,,1.1258,1.5131,-0.0082,5.2385,1.5212,0.2904,1.4856,1.3583,0.8933,0.5085,0.0773,1.0945,0.8463,0.5922,0.4649,0.3848,0.4312,139.9357,142.7609,18.0825,2.8846
65.1,1953,,1.096,1.4634,-0.0112,4.8287,1.4746,0.3054,1.4373,1.3105,0.8815,0.509,0.0771,1.0512,0.8034,0.5558,0.429,0.3725,0.4319,132.7346,133.5837,21.6757,2.6214
65.133,1954,,1.0503,1.3941,-0.0108,4.3033,1.405,0.3265,1.3812,1.2502,0.8504,0.5038,0.0771,1.004,0.7665,0.5308,0.3998,0.3466,0.4267,126.2032,125.2506,24.8627,2.3182
65.167,1955,,0.9973,1.3331,-0.0104,3.8948,1.3436,0.345,1.3224,1.1899,0.8046,0.4935,0.0772,0.9588,0.729,0.5177,0.3852,0.3111,0.4163,120.5791,118.8386,26.5844,2.0666
65.2,1956,,0.9427,1.2715,-0.011,3.5314,1.2825,0.3632,1.2586,1.126,0.7593,0.4843,0.0772,0.8918,0.6475,0.4994,0.3668,0.275,0.4071,112.5724,108.3446,29.8191,1.8619
65.233,1957,,0.8944,1.1979,-0.0138,3.1464,1.2117,0.3851,1.1863,1.0711,0.7176,0.4773,0.077,0.8445,0.5926,0.4687,0.3535,0.2403,0.4003,104.923,97.8342,33.0872,1.7061
65.267,1958,,0.8535,1.1431,-0.0112,2.8792,1.1543,0.4009,1.1309,1.0213,0.6858,0.4757,0.0773,0.8031,0.5499,0.4451,0.3356,0.2101,0.3984,99.8767,89.9485,35.3276,1.5805
65.3,1959,,0.8219,1.0946,-0.0071,2.6507,1.1017,0.4156,1.0826,0.9839,0.6599,0.4756,0.0776,0.7874,0.5542,0.4228,0.324,0.1842,0.3981,95.1987,83.9568,36.4671,1.5212
65.333,1960,,0.7877,1.06,-0.0043,2.5034,1.0642,0.4251,1.0497,0.9483,0.6272,0.4761,0.0777,0.7727,0.5504,0.4225,0.3211,0.151,0.3984,90.3358,79.4744,35.5978,1.505
65.367,1961,,0.7602,1.0414,-0.0008,2.4259,1.0421,0.4296,1.0297,0.9265,0.594,0.4758,0.078,0.7663,0.5515,0.4358,0.3326,0.1182,0.3978,85.3022,77.9093,31.9391,1.5251
65.4,1962,,0.7379,1.0204,-0.0013,2.3363,1.0217,0.4373,1.0088,0.9071,0.5686,0.4743,0.0779,0.765,0.5697,0.4401,0.3385,0.0944,0.3964,82.2387,78.4768,27.5776,1.542
65.433,1963,,0.7153,1.0012,-0.0052,2.2704,1.0064,0.4433,0.9898,0.8823,0.5483,0.4714,0.0777,0.7395,0.557,0.4415,0.334,0.0769,0.3937,80.8933,81.1006,22.4334,1.4893
65.467,1964,,0.6974,0.9928,-0.0113,2.256,1.0041,0.4451,0.9803,0.8673,0.5275,0.4702,0.0773,0.7193,0.5462,0.4528,0.3398,0.0573,0.3929,79.9214,85.7696,15.1871,1.4264
65.5,1965,,0.681,0.9828,-0.0198,2.2364,1.0026,0.4483,0.9715,0.8539,0.5081,0.4694,0.0767,0.6828,0.3141,0.4634,0.3458,0.0387,0.3927,79.6795,89.8357,8.7551,1.3791
65.533,1966,,0.6747,0.9778,-0.0247,2.2283,1.0025,0.4499,0.9663,0.847,0.5024,0.4663,0.0764,0.6547,0.303,0.4639,0.3447,0.0361,0.3899,82.0564,93.8275,4.4319,1.3614
65.567,1967,,0.676,0.9837,-0.0254,2.252,1.0091,0.4481,0.9714,0.8469,0.5051,0.4706,0.0764,0.6422,0.4509,0.4663,0.3418,0.0345,0.3942,83.9079,95.3118,2.682,1.346
65.6,1968,,0.6806,0.984,-0.0274,2.2584,1.0115,0.4479,0.9723,0.8503,0.5109,0.4727,0.0763,0.6353,0.439,0.4614,0.3393,0.0382,0.3964,85.9404,97.2686,0.9723,1.3442
65.633,1969,,0.6877,0.9986,-0.0275,2.3145,1.026,0.4433,0.9853,0.8582,0.5172,0.4775,0.0764,0.6416,0.4429,0.4681,0.341,0.0397,0.4011,86.9807,100.3908,1.9094,1.3531
65.667,1970,,0.6929,0.9948,-0.0266,2.3032,1.0214,0.4435,0.9844,0.864,0.5218,0.4818,0.0766,0.6456,0.4384,0.4625,0.3421,0.04,0.4052,87.6222,101.5265,3.2604,1.3464
65.7,1971,,0.6981,1.0012,-0.0256,2.3314,1.0268,0.4404,0.9911,0.8679,0.5283,0.4876,0.0767,0.6469,0.4321,0.4628,0.3396,0.0407,0.4108,88.2142,102.7225,4.52,1.3547
65.733,1972,,0.7038,1.0111,-0.0243,2.3729,1.0354,0.4364,1.0009,0.8741,0.5335,0.4927,0.0769,0.6481,0.4283,0.4674,0.3406,0.0408,0.4158,88.391,102.8625,4.8487,1.3742
65.767,1973,,0.7125,1.0299,-0.0249,2.4523,1.0548,0.4301,1.0137,0.8839,0.5411,0.4929,0.0769,0.6528,0.4325,0.4726,0.3428,0.0482,0.4159,89.4342,103.9961,4.9565,1.4084
65.8,1974,,0.7199,1.0362,-0.0269,2.4796,1.0631,0.4287,1.0205,0.8935,0.5462,0.4932,0.0768,0.6583,0.4361,0.4743,0.3474,0.053,0.4163,89.7002,104.8892,5.2297,1.4279
65.833,1975,,0.726,1.0417,-0.0283,2.4999,1.07,0.428,1.0261,0.8999,0.5521,0.4905,0.0767,0.663,0.4396,0.474,0.3478,0.0616,0.4138,90.3059,105.9579,5.1171,1.4313
65.867,1976,,0.7284,1.0424,-0.0329,2.5043,1.0752,0.4294,1.0277,0.9001,0.5566,0.4887,0.0763,0.6659,0.4441,0.471,0.3435,0.0679,0.4124,91.1113,107.3894,5.4855,1.4294
65.9,1977,,0.7303,1.0406,-0.0381,2.4994,1.0787,0.4316,1.0268,0.901,0.5596,0.4878,0.0759,0.6747,0.3281,0.4672,0.3413,0.0718,0.412,91.4319,108.4226,5.8206,1.423
65.933,1978,,0.732,1.0391,-0.0435,2.496,1.0826,0.4337,1.026,0.9014,0.5625,0.4866,0.0754,0.6825,0.3298,0.4635,0.3389,0.0759,0.4112,91.6668,109.501,6.2034,1.4199
65.967,1979,,0.7324,1.0382,-0.0486,2.4929,1.0868,0.436,1.0243,0.9008,0.5641,0.4855,0.0749,0.6833,0.3308,0.4602,0.3366,0.0786,0.4106,91.5868,110.1453,6.3544,1.4168
66.0,1980,,0.7316,1.0393,-0.0525,2.5003,1.0918,0.4367,1.0207,0.8993,0.564,0.4836,0.0745,0.6852,0.3311,0.4567,0.3353,0.0803,0.4091,91.5986,110.3012,6.1991,1.4206
66.033,1981,,0.7335,1.0467,-0.0546,2.5326,1.1013,0.4349,1.0234,0.9006,0.5663,0.4834,0.0743,0.6949,0.3321,0.4571,0.3344,0.0829,0.4091,91.7152,110.5225,6.0036,1.4308
66.067,1982,,0.7346,1.0452,-0.0559,2.5233,1.1011,0.4364,1.0204,0.8999,0.5694,0.4832,0.0742,0.696,0.3327,0.451,0.3305,0.0862,0.409,91.7936,110.5781,5.605,1.4229
66.1,1983,,0.7354,1.0479,-0.0564,2.5336,1.1043,0.4359,1.0179,0.8998,0.5711,0.482,0.0741,0.6987,0.3346,0.4468,0.3287,0.0891,0.4079,91.7481,111.106,5.6915,1.4197
66.133,1984,,0.7354,1.0493,-0.0536,2.5365,1.1029,0.4348,1.0155,0.8995,0.5713,0.4786,0.0744,0.6982,0.5117,0.4442,0.3282,0.0927,0.4042,91.7041,111.4255,5.5866,1.4128
66.167,1985,,0.736,1.0517,-0.0515,2.5438,1.1032,0.4337,1.0148,0.8998,0.5721,0.4761,0.0746,0.6972,0.5089,0.4427,0.3277,0.096,0.4015,91.6657,111.4392,5.2307,1.412
66.2,1986,,0.7359,1.0529,-0.0499,2.5474,1.1028,0.4329,1.0145,0.8996,0.5723,0.4748,0.0748,0.6935,0.5027,0.4422,0.3273,0.0975,0.4,91.3663,111.2771,4.9589,1.4098
66.233,1987,,0.7355,1.0531,-0.0492,2.5483,1.1022,0.4325,1.0144,0.899,0.572,0.4737,0.0749,0.692,0.5005,0.4424,0.327,0.0983,0.3988,91.0687,110.8146,4.4761,1.4081
66.267,1988,,0.7346,1.053,-0.0489,2.5494,1.1019,0.4322,1.0138,0.898,0.5711,0.4723,0.075,0.6904,0.4986,0.4427,0.3269,0.0988,0.3973,90.8226,110.6081,4.2627,1.407
66.3,1989,,0.733,1.0524,-0.0491,2.5486,1.1014,0.4322,1.0128,0.8967,0.5693,0.4713,0.075,0.6888,0.4956,0.4436,0.3274,0.098,0.3963,90.4446,110.2188,4.0041,1.4066
66.333,1990,,0.731,1.0508,-0.0489,2.5433,1.0997,0.4324,1.0115,0.8942,0.5678,0.4708,0.075,0.6884,0.4952,0.4437,0.3264,0.097,0.3958,90.1794,109.6841,3.5991,1.4047
66.367,1991,,0.7284,1.049,-0.0492,2.5378,1.0982,0.4327,1.0092,0.8908,0.5661,0.4694,0.0749,0.6866,0.4927,0.4431,0.3247,0.0967,0.3945,89.8152,109.1727,3.1648,1.4034
66.4,1992,,0.7239,1.0461,-0.05,2.5295,1.0961,0.4333,1.0056,0.8857,0.5622,0.4673,0.0748,0.6796,0.4809,0.4434,0.3235,0.0948,0.3925,88.7695,108.4208,2.7359,1.4022
66.433,1993,,0.7207,1.0413,-0.0506,2.5132,1.092,0.4345,1.0008,0.8819,0.5596,0.4664,0.0747,0.678,0.3247,0.4412,0.3224,0.0932,0.3917,87.9689,107.6438,2.1935,1.4006
66.467,1994,,0.7178,1.0376,-0.0505,2.4992,1.0881,0.4354,0.9961,0.8782,0.5574,0.4664,0.0747,0.6784,0.4747,0.4387,0.3208,0.091,0.3917,87.0816,106.358,1.2373,1.4016
66.5,1995,,0.7156,1.0348,-0.0509,2.4896,1.0857,0.4361,0.9924,0.8751,0.5561,0.4671,0.0746,0.6792,0.3197,0.4363,0.319,0.0889,0.3925,86.3925,104.52,0.2536,1.4036
66.533,1996,,0.7128,1.0328,-0.0505,2.4819,1.0833,0.4365,0.99,0.8728,0.5527,0.4684,0.0746,0.6761,0.3188,0.4372,0.3201,0.0843,0.3938,84.7275,102.4861,1.4796,1.4065
66.567,1997,,0.7123,1.0327,-0.0485,2.4786,1.0813,0.4362,0.99,0.8731,0.5515,0.4694,0.0748,0.6766,0.3184,0.4384,0.3216,0.0821,0.3946,83.1729,101.4519,2.0938,1.4038
66.6,1998,,0.7144,1.0343,-0.0469,2.4817,1.0812,0.4357,0.9921,0.8757,0.5532,0.4711,0.0749,0.6792,0.3193,0.4389,0.3226,0.0821,0.3962,81.4938,100.6907,2.6586,1.3993
66.633,1999,,0.7164,1.0362,-0.0443,2.4848,1.0805,0.4349,0.9952,0.879,0.5538,0.4735,0.0751,0.6854,0.3196,0.4413,0.3252,0.0804,0.3984,79.4494,100.6914,2.3346,1.3897
66.667,2000,,0.7193,1.0397,-0.0409,2.4919,1.0806,0.4337,1.0001,0.885,0.5536,0.4767,0.0754,0.6931,0.3199,0.4465,0.3313,0.0769,0.4013,77.5285,101.0309,1.5697,1.3809
66.7,2001,,0.724,1.0434,-0.0372,2.4991,1.0806,0.4324,1.0058,0.8942,0.5538,0.4804,0.0757,0.7115,0.3207,0.452,0.3405,0.0734,0.4047,75.6275,101.8738,0.3985,1.3677
66.733,2002,,0.7295,1.0464,-0.0322,2.501,1.0786,0.4313,1.0121,0.9038,0.5553,0.4839,0.0761,0.7302,0.3215,0.4568,0.3485,0.0714,0.4078,74.3289,102.4113,0.2822,1.3623
66.767,2003,,0.7326,1.0465,-0.0296,2.4963,1.076,0.431,1.0096,0.91,0.5552,0.485,0.0763,0.7518,0.32,0.4544,0.3547,0.0702,0.4087,73.5374,102.453,0.4038,1.3588
66.8,2004,,0.7341,1.045,-0.0308,2.4916,1.0758,0.4318,1.0097,0.9124,0.5559,0.4853,0.0762,0.5963,0.3181,0.4538,0.3566,0.0706,0.4091,73.436,102.392,0.2348,1.3671
66.833,2005,,0.7327,1.0402,-0.0325,2.4763,1.0728,0.4332,1.0067,0.9126,0.5527,0.4844,0.076,0.7706,0.3129,0.454,0.3599,0.0683,0.4084,72.9704,102.8044,0.836,1.3632
66.867,2006,,0.7295,1.0334,-0.0349,2.454,1.0682,0.4353,1.0014,0.9094,0.5496,0.4836,0.0758,0.7573,0.3076,0.4519,0.3598,0.066,0.4078,72.5948,102.922,1.193,1.3548
66.9,2007,,0.7259,1.0258,-0.0364,2.4272,1.0622,0.4376,0.9964,0.9061,0.5457,0.483,0.0757,0.7458,0.3039,0.4508,0.3604,0.0626,0.4074,72.2194,102.5467,1.2675,1.3482
66.933,2008,,0.7215,1.0169,-0.0383,2.3969,1.0552,0.4402,0.9899,0.9019,0.5411,0.4816,0.0755,0.7333,0.3009,0.4488,0.3607,0.0595,0.4061,71.9356,102.1863,1.3284,1.339
66.967,2009,,0.7171,1.0089,-0.0392,2.3679,1.0481,0.4426,0.9847,0.8968,0.5373,0.4815,0.0754,0.5752,0.299,0.4474,0.3595,0.0558,0.4061,71.7511,101.8322,1.5237,1.3342
67.0,2010,,0.7142,1.0031,-0.0394,2.3463,1.0425,0.4443,0.9793,0.8927,0.5357,0.481,0.0754,0.6961,0.2993,0.4435,0.357,0.0547,0.4056,71.7957,100.9366,0.8632,1.3351
67.033,2011,,0.7126,0.9972,-0.0397,2.3246,1.0368,0.446,0.9754,0.8911,0.5341,0.4801,0.0755,0.5726,0.2988,0.4414,0.357,0.054,0.4046,71.8346,99.9842,0.0711,1.335
67.067,2012,,0.711,0.992,-0.0408,2.3075,1.0328,0.4476,0.9717,0.8899,0.532,0.478,0.0754,0.6877,0.3006,0.4397,0.3579,0.054,0.4026,71.9667,99.1658,0.7377,1.3363
67.1,2013,,0.7103,0.991,-0.0407,2.3035,1.0316,0.4479,0.97,0.8891,0.5315,0.4769,0.0755,0.5745,0.3022,0.4384,0.3576,0.0546,0.4014,72.3112,98.4237,1.555,1.3418
67.133,2014,,0.7098,0.9908,-0.0399,2.3016,1.0307,0.4478,0.9691,0.8882,0.5314,0.4763,0.0756,0.5767,0.3035,0.4377,0.3568,0.055,0.4008,72.6167,97.4025,2.6172,1.3498
67.167,2015,,0.7081,0.9889,-0.0401,2.2955,1.0291,0.4483,0.9683,0.8862,0.53,0.4753,0.0756,0.5786,0.302,0.4383,0.3563,0.0547,0.3997,72.6204,96.6731,3.3213,1.3535
67.2,2016,,0.704,0.9854,-0.0416,2.2869,1.027,0.4491,0.9643,0.882,0.5261,0.4729,0.0754,0.671,0.2987,0.4382,0.3559,0.0532,0.3975,72.2899,96.0444,3.7985,1.3538
67.233,2017,,0.7015,0.9826,-0.0421,2.2801,1.0248,0.4494,0.9603,0.88,0.5229,0.4702,0.0754,0.5775,0.2959,0.4374,0.3571,0.0527,0.3948,71.8242,95.3304,4.5691,1.3531
67.267,2018,,0.6991,0.9793,-0.0409,2.2686,1.0202,0.4497,0.9556,0.8782,0.52,0.4672,0.0755,0.6798,0.2941,0.4356,0.3582,0.0529,0.3916,71.2839,94.4518,5.6242,1.3517
67.3,2019,,0.6954,0.9748,-0.0397,2.2529,1.0145,0.4503,0.9493,0.8754,0.5154,0.464,0.0756,0.6853,0.2924,0.4338,0.36,0.0514,0.3884,70.5124,93.6918,6.4025,1.3515
67.333,2020,,0.6917,0.9694,-0.037,2.2314,1.0064,0.451,0.9427,0.8722,0.5111,0.4608,0.0759,0.6813,0.2923,0.4315,0.361,0.0503,0.385,69.5289,92.325,7.7339,1.3536
67.367,2021,,0.6886,0.9631,-0.0346,2.2059,0.9977,0.4523,0.9312,0.8679,0.5093,0.4578,0.076,0.5728,0.2932,0.4219,0.3586,0.0515,0.3817,68.974,90.2771,10.0102,1.3598
67.4,2022,,0.6882,0.9565,-0.0303,2.1756,0.9868,0.4536,0.9204,0.8654,0.511,0.4564,0.0764,0.6768,0.4894,0.4094,0.3543,0.0546,0.3801,68.9008,87.0577,13.665,1.3711
67.433,2023,,0.6865,0.9494,-0.0273,2.1464,0.9767,0.455,0.9131,0.8642,0.5088,0.4551,0.0766,0.6775,0.4919,0.4043,0.3554,0.0537,0.3784,68.3451,84.4984,16.1393,1.3855
67.467,2024,,0.6891,0.9443,-0.0213,2.1172,0.9657,0.4561,0.9111,0.8648,0.5134,0.4576,0.0771,0.6831,0.4951,0.3977,0.3513,0.0558,0.3805,68.4565,79.9193,21.1113,1.3973
67.5,2025,,0.6936,0.9435,-0.0158,2.1032,0.9593,0.4561,0.9127,0.8664,0.5208,0.4596,0.0774,0.6915,0.5042,0.3919,0.3457,0.0612,0.3822,69.2596,77.137,24.7669,1.3995
67.533,2026,,0.6986,0.9421,-0.011,2.0909,0.9531,0.4558,0.9102,0.8698,0.5275,0.4616,0.0777,0.6952,0.5017,0.3827,0.3423,0.0659,0.3839,69.7374,74.1955,28.2374,1.3706
67.567,2027,,0.7081,0.9476,-0.0065,2.1043,0.9541,0.4534,0.9127,0.8762,0.5401,0.4631,0.078,0.7004,0.5,0.3726,0.336,0.077,0.3851,71.0795,72.569,31.3786,1.4016
67.6,2028,,0.7227,0.9574,-0.0024,2.1301,0.9597,0.4505,0.9235,0.8839,0.5615,0.4665,0.0782,0.7034,0.4958,0.362,0.3224,0.095,0.3884,73.4642,72.0877,34.4745,1.3608
67.633,2029,,0.7402,0.9662,-0.0016,2.1628,0.9678,0.4475,0.9339,0.8925,0.5878,0.4677,0.0782,0.7035,0.4921,0.3461,0.3046,0.1202,0.3895,76.5252,71.6401,38.2282,1.3179
67.667,2030,,0.7644,0.9871,0.0004,2.2348,0.9867,0.4415,0.9576,0.913,0.6158,0.4725,0.0782,0.7096,0.491,0.3418,0.2972,0.1433,0.3943,79.4448,71.8065,41.1903,1.3097
67.7,2031,,0.7941,1.0174,-0.0011,2.3522,1.0185,0.433,0.9909,0.9412,0.6471,0.4741,0.0781,0.7218,0.4934,0.3438,0.2941,0.173,0.396,83.3546,73.4237,43.5433,1.3469
67.733,2032,,0.8255,1.0662,-0.0016,2.5463,1.0678,0.4193,1.0438,0.9806,0.6704,0.4799,0.0781,0.7433,0.5048,0.3734,0.3102,0.1906,0.4017,85.919,76.3453,42.9729,1.4287
67.767,2033,,0.8643,1.1216,-0.0057,2.7867,1.1273,0.4045,1.1039,1.0279,0.7008,0.486,0.0778,0.7857,0.531,0.4031,0.3271,0.2148,0.4082,89.7501,81.8582,41.2641,1.558
67.8,2034,,0.9002,1.1755,-0.01,3.0422,1.1854,0.3897,1.1591,1.0734,0.7269,0.4899,0.0775,0.8199,0.4194,0.4322,0.3465,0.237,0.4124,93.9018,87.7741,38.9961,1.7199
67.833,2035,,0.9366,1.2326,-0.0136,3.3357,1.2462,0.3736,1.2139,1.1186,0.7547,0.4944,0.0773,0.8584,0.4441,0.4592,0.3638,0.2603,0.4172,97.924,92.6014,37.5411,1.8331
67.867,2036,,0.9717,1.2874,-0.0128,3.6377,1.3003,0.3574,1.2682,1.1629,0.7805,0.5014,0.0774,0.8006,0.4679,0.4878,0.3824,0.2791,0.424,102.3815,97.268,36.0174,1.9374
67.9,2037,,1.0148,1.3405,-0.0127,3.9609,1.3532,0.3416,1.3251,1.2138,0.8157,0.5073,0.0774,0.8385,0.5029,0.5094,0.3981,0.3084,0.4299,108.2877,103.4282,34.4105,2.0581
67.933,2038,,1.0555,1.392,-0.0124,4.3055,1.4043,0.3262,1.3783,1.257,0.854,0.518,0.0776,0.9776,0.5378,0.5243,0.403,0.336,0.4404,115.133,109.1945,33.286,2.1904
67.967,2039,,1.0925,1.4382,-0.0138,4.649,1.452,0.3123,1.4257,1.2961,0.8889,0.5269,0.0776,1.0126,0.7519,0.5368,0.4073,0.362,0.4493,122.3025,114.546,32.3806,2.3142
68.0,2040,,1.1191,1.4814,-0.0172,5.0036,1.4986,0.2995,1.4681,1.3272,0.911,0.5327,0.0773,1.0281,0.7679,0.557,0.4162,0.3783,0.4554,129.3218,120.1409,30.9217,2.4458
68.033,2041,,1.1411,1.5165,-0.0201,5.3156,1.5366,0.2891,1.504,1.3556,0.9267,0.5379,0.0771,1.0487,0.7858,0.5773,0.4288,0.3888,0.4608,136.0896,125.9002,29.2083,2.58
68.067,2042,,1.1613,1.5507,-0.0241,5.6391,1.5748,0.2793,1.539,1.3828,0.9399,0.5395,0.0767,1.0672,0.8019,0.5991,0.443,0.4004,0.4628,143.3095,132.892,26.9357,2.7366
68.1,2043,,1.1787,1.5826,-0.0238,5.9437,1.6064,0.2703,1.5713,1.4087,0.9486,0.5333,0.0765,1.088,0.8297,0.6227,0.4601,0.4153,0.4568,148.6579,140.315,24.4524,2.8857
68.133,2044,,1.1943,1.6081,-0.022,6.1939,1.6301,0.2632,1.5975,1.4324,0.9562,0.529,0.0763,1.1097,0.8482,0.6413,0.4762,0.4272,0.4527,153.2292,147.212,22.2807,2.9743
68.167,2045,,1.2017,1.6264,-0.0199,6.3843,1.6463,0.2579,1.6145,1.4436,0.9598,0.5237,0.0764,1.1246,0.8681,0.6547,0.4838,0.4361,0.4473,159.4322,153.0054,20.6196,3.035
68.2,2046,,1.2081,1.6396,-0.0179,6.5234,1.6575,0.2541,1.6267,1.4541,0.962,0.5201,0.0765,1.1398,0.8809,0.6647,0.4921,0.4419,0.4437,163.2187,157.5542,18.9856,3.0953
68.233,2047,,1.2097,1.6487,-0.0167,6.6248,1.6654,0.2514,1.6354,1.4585,0.961,0.5174,0.0765,1.1467,0.8877,0.6744,0.4975,0.4436,0.4409,166.0489,161.2405,17.5342,3.1664
68.267,2048,,1.2121,1.657,-0.016,6.7218,1.673,0.2489,1.643,1.4634,0.9607,0.5145,0.0766,1.1507,0.8883,0.6822,0.5027,0.4463,0.4379,168.4101,163.9563,16.3596,3.234
68.3,2049,,1.2141,1.6636,-0.0137,6.7936,1.6772,0.2469,1.6493,1.4677,0.9604,0.5127,0.0767,1.154,0.8895,0.6889,0.5073,0.4477,0.436,169.9618,166.3337,15.1927,3.2984
68.333,2050,,1.2151,1.6775,-0.012,6.9571,1.6894,0.2428,1.6602,1.4703,0.9598,0.5105,0.0768,1.1597,0.8934,0.7004,0.5105,0.4493,0.4337,170.749,167.8019,14.3989,3.3413
68.367,2051,,1.2172,1.671,-0.009,6.8717,1.6801,0.2445,1.6571,1.4738,0.9606,0.5112,0.077,1.1664,0.8996,0.6965,0.5132,0.4494,0.4342,171.2047,169.0982,13.5796,3.4061
68.4,2052,,1.2163,1.6731,-0.009,6.8985,1.682,0.2438,1.6588,1.4743,0.9584,0.5108,0.0771,1.168,0.9003,0.7004,0.5159,0.4475,0.4338,171.9709,170.3323,12.766,3.4436
68.433,2053,,1.2145,1.6742,-0.0091,6.9129,1.6832,0.2435,1.66,1.4737,0.9554,0.5086,0.0771,1.0944,0.7792,0.7046,0.5183,0.4467,0.4316,172.7624,171.9078,11.859,3.4642
68.467,2054,,1.2127,1.6738,-0.0098,6.9116,1.6837,0.2436,1.66,1.4735,0.9518,0.5074,0.0771,1.0959,0.7802,0.7082,0.5217,0.4444,0.4303,173.3434,172.8799,11.2344,3.4812
68.5,2055,,1.2113,1.6714,-0.0095,6.8795,1.6809,0.2443,1.6581,1.4735,0.949,0.5064,0.0771,1.0957,0.7814,0.7091,0.5245,0.4426,0.4293,173.6908,173.84,10.6393,3.4902
68.533,2056,,1.2089,1.668,-0.0099,6.8384,1.6779,0.2454,1.6554,1.4734,0.9444,0.5043,0.0771,1.0967,0.7826,0.711,0.529,0.4401,0.4272,174.0193,174.8221,10.0394,3.4958
68.567,2057,,1.2064,1.6641,-0.0093,6.7877,1.6733,0.2465,1.6523,1.473,0.9398,0.5031,0.0771,1.0964,0.7815,0.7125,0.5332,0.4367,0.426,174.2598,175.4291,9.6643,3.4981
68.6,2058,,1.2043,1.6651,-0.0099,6.7989,1.675,0.2464,1.6521,1.4724,0.9362,0.5008,0.0771,1.0977,0.782,0.7159,0.5362,0.4354,0.4238,174.3891,175.5496,9.486,3.4433
68.633,2059,,1.2042,1.6566,-0.0092,6.7029,1.6658,0.2485,1.6406,1.4725,0.936,0.5008,0.0771,1.0985,0.7809,0.7046,0.5364,0.4352,0.4236,174.1653,175.2716,9.4872,3.5347
68.667,2060,,1.2019,1.6528,-0.0114,6.6637,1.6642,0.2497,1.6314,1.4712,0.9327,0.4981,0.077,1.1765,0.9084,0.6986,0.5384,0.4346,0.4211,173.9191,175.1282,9.4568,3.5345
68.7,2061,,1.2004,1.6476,-0.0115,6.6008,1.659,0.2513,1.6224,1.4705,0.9304,0.4966,0.077,1.0953,0.7787,0.692,0.5401,0.4338,0.4196,173.6764,174.8809,9.532,3.5177
68.733,2062,,1.1999,1.6429,-0.0101,6.5377,1.653,0.2528,1.6143,1.4704,0.9294,0.4948,0.077,1.0954,0.78,0.6848,0.541,0.4346,0.4178,172.9126,174.5015,9.5731,3.5047
68.767,2063,,1.1999,1.6386,-0.0091,6.4815,1.6478,0.2542,1.607,1.4699,0.9298,0.4951,0.0771,1.0961,0.7812,0.6772,0.5401,0.4347,0.418,171.8475,174.046,9.665,3.4991
68.8,2064,,1.1997,1.6343,-0.0081,6.4263,1.6424,0.2556,1.5995,1.4685,0.9308,0.4967,0.0771,1.0981,0.7835,0.6686,0.5376,0.4342,0.4196,171.4243,173.7973,9.4824,3.5031
68.833,2065,,1.1987,1.631,-0.0058,6.3766,1.6368,0.2567,1.594,1.4681,0.9293,0.4978,0.0772,1.1001,0.8884,0.6648,0.5388,0.4314,0.4206,170.5399,173.3447,9.5256,3.5075
68.867,2066,,1.1958,1.6269,-0.0057,6.3284,1.6326,0.258,1.5885,1.4659,0.9257,0.4974,0.0772,1.169,0.8863,0.6628,0.5403,0.4283,0.4202,169.715,173.039,9.2651,3.5057
