t,frame,posture,h_torso,h_max,h_min,floor_spread,vertical_extent,compactness,h_head,h_shoulder,h_hip,h_knee,h_ankle,h_elbow,h_wrist,head_above_hip,shoulder_above_hip,hip_above_knee,knee_above_ankle,knee_angle,hip_angle,torso_tilt,bbox_aspect
0.033,1,,0.5013,0.8382,-0.0,1.569,0.8382,0.5342,0.8382,0.5013,,,,-0.0,,,,,,,,,0.6134
0.067,2,,0.5215,0.8746,-0.0,1.6457,0.8746,0.5315,0.8746,0.5215,,,,-0.0,,,,,,,,,0.6723
0.1,3,,0.1312,0.6207,-0.257,1.7156,0.8777,0.5116,0.5979,0.1312,,,,-0.257,,,,,,,,,0.5865
0.133,4,,0.1317,0.6203,-0.2512,1.7013,0.8715,0.5123,0.5968,0.1317,,,,-0.2512,,,,,,,,,0.5912
0.167,5,,0.1326,0.6195,-0.2421,1.6159,0.8616,0.5332,0.6195,0.1326,,,,-0.2421,,,,,,,,,0.6487
0.2,6,,0.4818,0.8381,0.0,1.5805,0.8381,0.5303,0.8381,0.4818,,,,0.0,,,,,,,,,0.6805
0.233,7,,0.1281,0.6129,-0.2089,1.5621,0.8218,0.5261,0.6129,0.1281,,,,-0.2089,,,,,,,,,0.6528
0.267,8,,0.1217,0.6045,-0.2131,1.5516,0.8176,0.527,0.6045,0.1217,,,,-0.2131,,,,,,,,,0.6459
0.3,9,,0.4468,0.812,0.0,1.5362,0.812,0.5286,0.812,0.4468,,,,0.0,,,,,,,,,0.6757
0.333,10,,0.4437,0.8127,0.0,1.5384,0.8127,0.5283,0.8127,0.4437,,,,0.0,,,,,,,,,0.6797
0.367,11,,0.0894,0.559,-0.2733,1.5425,0.8324,0.5396,0.559,0.0894,,,,-0.2733,,,,,,,,,0.6006
0.4,12,,0.4459,0.818,0.0,1.5478,0.818,0.5285,0.818,0.4459,,,,0.0,,,,,,,,,0.6834
0.433,13,,0.0666,0.5235,-0.335,1.5511,0.8585,0.5535,0.5235,0.0666,,,,-0.335,,,,,,,,,0.5607
0.467,14,,0.0548,0.5005,-0.3703,1.548,0.8708,0.5625,0.5005,0.0548,,,,-0.3703,,,,,,,,,0.5365
0.5,15,,0.0477,0.4882,-0.3919,1.5464,0.8801,0.5691,0.4882,0.0477,,,,-0.3919,,,,,,,,,0.5236
0.533,16,,0.0388,0.4753,-0.416,1.5488,0.8913,0.5755,0.4753,0.0388,,,,-0.416,,,,,,,,,0.5093
0.567,17,,0.0311,0.4702,-0.4369,1.5606,0.9071,0.5813,0.4702,0.0311,,,,-0.4369,,,,,,,,,0.5023
0.6,18,,0.0232,0.4684,-0.4585,1.5798,0.9269,0.5867,0.4684,0.0232,,,,-0.4585,,,,,,,,,0.4962
0.633,19,,0.5209,0.8639,0.0,1.6057,0.8639,0.538,0.8639,0.5209,,,,0.0,,,,,,,,,0.4925
0.667,20,,0.5393,0.8847,-0.0,1.6437,0.8847,0.5382,0.8847,0.5393,,,,-0.0,,,,,,,,,0.4988
0.7,21,,0.5629,0.9064,0.0,1.6803,0.9064,0.5394,0.9064,0.5629,,,,0.0,,,,,,,,,0.5044
0.733,22,,0.5919,0.9302,0.0,1.715,0.9302,0.5424,0.9302,0.5919,,,,0.0,,,,,,,,,0.5113
0.767,23,,0.6326,0.9602,0.0,1.757,0.9602,0.5465,0.9602,0.6326,,,,0.0,,,,,,,,,0.5235
0.8,24,,0.6675,0.9887,0.0,1.794,0.9887,0.5511,0.9887,0.6675,,,,0.0,,,,,,,,,0.5427
0.833,25,,0.6916,1.0127,0.0,1.8229,1.0127,0.5555,1.0127,0.6916,,,,0.0,,,,,,,,,0.5669
0.867,26,,0.708,1.0292,0.0,1.8366,1.0292,0.5604,1.0292,0.708,,,,0.0,,,,,,,,,0.5879
0.9,27,,0.732,1.0483,0.0,1.85,1.0483,0.5667,1.0483,0.732,,,,0.0,,,,,,,,,0.6099
0.933,28,,0.7658,1.071,0.0,1.867,1.071,0.5736,1.071,0.7658,,,,0.0,,,,,,,,,0.6426
0.967,29,,0.7915,1.0862,0.0,1.8743,1.0862,0.5795,1.0862,0.7915,,,,0.0,,,,,,,,,0.6692
1.0,30,,0.8062,1.1844,0.0,2.1588,1.1844,0.5486,1.1411,0.8062,,,,0.0,,,,,,,,,0.6902
1.033,31,,0.8102,1.1881,0.0,2.1443,1.1881,0.5541,1.1435,0.8102,,,,0.0,,,,,,,,,0.7238
1.067,32,,0.8119,1.0995,0.0,1.8375,1.0995,0.5984,1.0995,0.8119,,,,0.3771,,,,,,,,,0.6944
1.1,33,,0.817,1.0995,-0.0,1.8118,1.0995,0.6068,1.0995,0.817,,,,0.3896,,,,,,,,,0.6847
1.133,34,,0.8176,1.1923,0.0,2.0922,1.1923,0.5699,1.1458,0.8176,,,,0.3961,,,,,,,,,0.6854
1.167,35,,0.8242,1.1976,0.0,2.0955,1.1976,0.5715,1.1469,0.8242,,,,0.3967,,,,,,,,,0.6976
1.2,36,,0.8222,1.1956,0.0,2.0886,1.1956,0.5724,1.1438,0.8222,,,,0.3904,,,,,,,,,0.7212
1.233,37,,0.8339,1.1041,0.0,1.7905,1.1041,0.6167,1.1041,0.8339,,,,0.3872,0.5937,,,,,,,,0.7359
1.267,38,,0.8377,1.21,0.0,2.1209,1.21,0.5705,1.1588,0.8377,,,,0.3979,0.5405,,,,,,,,0.7946
1.3,39,,0.8571,1.1177,0.0,1.8162,1.1177,0.6154,1.1177,0.8571,,,,0.4098,0.5549,,,,,,,,0.7846
1.333,40,,0.8669,1.2239,0.0,2.1541,1.2239,0.5682,1.1742,0.8669,,,,0.4191,0.5334,,,,,,,,0.8576
1.367,41,,0.8775,1.2301,-0.0,2.1752,1.2301,0.5655,1.1801,0.8775,,,,0.4304,0.5243,,,,,,,,0.881
1.4,42,,0.8847,1.242,0.0,2.2177,1.242,0.5601,1.188,0.8847,,,,0.4374,0.5268,,,,,,,,0.9139
1.433,43,,0.8899,1.2456,-0.0,2.2303,1.2456,0.5585,1.1925,0.8899,,,,0.4438,0.5449,,,,,,,,0.9385
1.467,44,,0.8908,1.2444,0.0,2.2285,1.2444,0.5584,1.1919,0.8908,,,,0.4468,0.55,,,,,,,,0.9678
1.5,45,,0.8913,1.2491,0.0,2.2482,1.2491,0.5556,1.1936,0.8913,,,,0.4549,0.5643,,,,,,,,0.9973
1.533,46,,0.8921,1.2523,0.0,2.2607,1.2523,0.554,1.1954,0.8921,,,,0.462,0.5837,,,,,,,,1.0216
1.567,47,,0.7169,1.2507,0.0,2.257,1.2507,0.5541,1.1936,0.8935,0.3637,,,0.4647,0.611,0.8299,0.5298,,,,,26.122,1.0483
1.6,48,,0.7169,1.2508,0.0,2.2605,1.2508,0.5533,1.1938,0.8978,0.355,,,0.4658,0.6177,0.8387,0.5428,,,,,25.6923,1.0774
1.633,49,,0.7149,1.2578,0.0,2.2899,1.2578,0.5493,1.1966,0.8959,0.353,,,0.4644,0.6275,0.8436,0.5429,,,,,26.6114,1.0986
1.667,50,,0.7147,1.2563,0.0,2.2899,1.2563,0.5486,1.1955,0.8996,0.3448,,,0.4653,0.6204,0.8506,0.5548,,,,,25.8636,1.1147
1.7,51,,0.7102,1.2597,0.0,2.3091,1.2597,0.5455,1.1963,0.8959,0.3388,,,0.4646,0.6209,0.8575,0.5571,,,,,26.2326,1.1515
1.733,52,,0.482,1.1069,-0.0641,1.8916,1.171,0.619,1.1069,0.8514,0.1125,,,0.3881,0.5142,0.9944,0.7389,,,,,10.9119,1.077
1.767,53,,0.4846,1.1084,-0.0602,1.9055,1.1686,0.6133,1.1084,0.8582,0.111,,,0.3893,0.5064,0.9974,0.7473,,,,,10.4331,1.1062
1.8,54,,0.4876,1.1119,-0.0528,1.9163,1.1647,0.6078,1.1119,0.8659,0.1093,,,0.391,0.4751,1.0026,0.7565,,,,,10.0152,1.1433
1.833,55,,0.7032,1.1407,0.0,1.9387,1.1407,0.5884,1.138,0.9074,0.2948,,,0.4482,0.5328,0.8432,0.6125,,,,,22.3357,1.0878
1.867,56,,0.7028,1.1398,-0.0,1.938,1.1398,0.5881,1.1388,0.9114,0.2858,,,0.4449,0.5254,0.853,0.6255,,,,,21.1295,1.107
1.9,57,,0.6986,1.1374,-0.0,1.9358,1.1374,0.5876,1.1364,0.91,0.2759,,,0.4405,0.5125,0.8605,0.6341,,,,,20.567,1.1275
1.933,58,,0.6947,1.1373,0.0,1.941,1.1373,0.5859,1.1174,0.909,0.2661,,,0.4356,0.5033,0.8513,0.6429,,,,,19.8491,1.1412
1.967,59,,0.4993,1.1335,-0.0193,1.962,1.1529,0.5876,1.1126,0.8917,0.1068,,,0.4046,0.4618,1.0058,0.7849,,,,,6.3165,1.1844
2.0,60,,0.504,1.1371,-0.0126,1.97,1.1497,0.5836,1.1148,0.9,0.108,,,0.4099,0.4637,1.0068,0.7921,,,,,5.3563,1.1963
2.033,61,,0.5097,1.1409,-0.0026,1.9763,1.1434,0.5786,1.1166,0.9086,0.1107,,,0.418,0.4752,1.0059,0.7979,,,,,4.2483,1.2125
2.067,62,,0.517,1.144,0.0,1.9782,1.144,0.5783,1.1194,0.9188,0.1152,,,0.4298,0.4992,1.0042,0.8036,,,,,2.8082,1.229
2.1,63,,0.527,1.1469,0.0,1.9774,1.1469,0.58,1.1233,0.9293,0.1248,,,0.4418,0.523,0.9985,0.8045,,,,,1.1958,1.2402
2.133,64,,0.5311,1.1464,0.0,1.9726,1.1464,0.5812,1.1236,0.9307,0.1315,,,0.4473,0.5341,0.9921,0.7993,,,,,0.3113,1.252
2.167,65,,0.5319,1.1446,0.0,1.9657,1.1446,0.5823,1.1215,0.929,0.1348,,,0.4464,0.5406,0.9867,0.7942,,,,,0.0945,1.2661
2.2,66,,0.5339,1.141,0.0,1.9496,1.141,0.5852,1.1194,0.9316,0.1362,,,0.4476,0.5527,0.9832,0.7954,,,,,0.6995,1.2496
2.233,67,,0.5307,1.1377,0.0,1.9382,1.1377,0.587,1.117,0.9255,0.1359,,,0.4415,0.5544,0.9811,0.7897,,,,,0.0359,1.2685
2.267,68,,0.5271,1.1285,0.0,1.9102,1.1285,0.5908,1.128,0.92,0.1342,,,0.4379,0.5632,0.9938,0.7858,,,,,1.1348,1.4249
2.3,69,,0.5237,1.1262,0.0,1.8991,1.1262,0.593,1.119,0.9151,0.1324,,,0.4381,0.5802,0.9866,0.7826,,,,,2.0142,1.396
2.333,70,,0.5178,1.1206,0.0,1.8829,1.1206,0.5951,1.1071,0.9062,0.1295,,,0.4339,0.5985,0.9776,0.7767,,,,,3.4342,1.3509
2.367,71,,0.5096,1.1115,-0.0,1.8488,1.1115,0.6012,1.0897,0.8959,0.1232,,,0.4311,0.6242,0.9664,0.7727,,,,,5.3816,1.3011
2.4,72,,0.5002,1.1047,-0.0,1.8305,1.1047,0.6035,1.0851,0.8862,0.1143,,,0.4246,0.6315,0.9708,0.7719,,,,,6.92,1.2552
2.433,73,,0.4913,1.098,-0.0115,1.8263,1.1095,0.6075,1.0799,0.8735,0.1091,,,0.413,0.6422,0.9708,0.7645,,,,,8.9922,1.1963
2.467,74,,0.6744,1.1105,0.0,1.7919,1.1105,0.6197,1.0795,0.8814,0.2606,,,0.4364,0.6662,0.819,0.6208,,,,,22.9404,1.1642
2.5,75,,0.6777,1.112,0.0,1.7784,1.112,0.6253,1.092,0.8853,0.2624,,,0.4391,0.6672,0.8296,0.6229,,,,,24.5891,1.138
2.533,76,,0.6781,1.1127,0.0,1.7704,1.1127,0.6285,1.1007,0.8893,0.2555,,,0.4402,0.6459,0.8452,0.6338,,,,,24.8815,1.1156
2.567,77,,0.6835,1.1181,0.0,1.78,1.1181,0.6282,1.1123,0.8991,0.2524,,,0.4467,0.6471,0.8599,0.6467,,,,,25.7034,1.1024
2.6,78,,0.6838,1.1197,0.0,1.8135,1.1197,0.6174,1.1197,0.905,0.2414,,,0.451,0.6405,0.8784,0.6636,,,,,26.6091,1.0987
2.633,79,,0.6856,1.1255,0.0,1.8473,1.1255,0.6093,1.1255,0.9133,0.2302,,,0.4556,0.6326,0.8953,0.6831,,,,,27.2048,1.0906
2.667,80,,0.6897,1.1349,-0.0,1.8872,1.1349,0.6013,1.1349,0.9229,0.2233,,,0.4631,0.6279,0.9116,0.6997,,,,,27.6315,1.0938
2.7,81,,0.6939,1.1404,0.0,1.9149,1.1404,0.5956,1.1404,0.9328,0.216,,,0.4682,0.6128,0.9244,0.7168,,,,,27.9717,1.0798
2.733,82,,0.691,1.285,0.0,2.2998,1.285,0.5588,1.2137,0.9361,0.2007,,,0.469,0.5988,1.013,0.7354,,,,,28.1652,1.2451
2.767,83,,0.6883,1.285,0.0,2.307,1.285,0.557,1.2162,0.9394,0.1862,,,0.4715,0.5978,1.03,0.7532,,,,,28.7555,1.225
2.8,84,,0.6871,1.1532,0.0,2.016,1.1532,0.572,1.1532,0.9416,0.1781,,,0.4755,0.6078,0.9752,0.7635,,,,,29.3681,1.0511
2.833,85,,0.5409,1.1807,0.0,2.0481,1.1807,0.5765,1.1807,0.9662,0.1157,,,0.5104,0.3251,1.065,0.8505,,,,,18.3066,1.0781
2.867,86,,0.5692,1.2105,0.0,2.086,1.2105,0.5803,1.2105,0.9951,0.1434,,,0.5468,0.3479,1.0671,0.8517,,,,,17.7047,1.1013
2.9,87,,0.5642,1.3298,0.0,2.4387,1.3298,0.5453,1.2724,1.0006,0.1279,,,0.5537,0.3525,1.1445,0.8727,,,,,16.8988,1.2274
2.933,88,,0.5716,1.336,-0.0,2.4606,1.336,0.5429,1.2807,1.0122,0.131,,,0.5724,0.3618,1.1497,0.8812,,,,,15.4586,1.2163
2.967,89,,0.5843,1.3435,-0.0,2.4853,1.3435,0.5406,1.2905,1.0239,0.1447,,,0.5948,0.3703,1.1458,0.8792,,,,,14.9719,1.2095
3.0,90,,0.588,1.3464,0.0,2.5024,1.3464,0.538,1.2955,1.0287,0.1473,,,0.6125,0.3702,1.1482,0.8814,,,,,14.028,1.2027
3.033,91,,0.5884,1.3479,-0.0,2.5169,1.3479,0.5355,1.2997,1.0308,0.146,,,0.6247,0.3664,1.1538,0.8848,,,,,13.3941,1.1984
3.067,92,,0.5847,1.3492,0.0,2.5325,1.3492,0.5327,1.3039,1.0328,0.1365,,,0.6302,0.3592,1.1674,0.8964,,,,,12.7182,1.1985
3.1,93,,0.58,1.3549,-0.0,2.5627,1.3549,0.5287,1.3138,1.0312,0.1288,,,0.645,0.3518,1.1849,0.9024,,,,,11.5806,1.2172
3.133,94,,0.5741,1.3596,0.0,2.5917,1.3596,0.5246,1.3227,1.0315,0.1167,,,0.6565,0.3397,1.2061,0.9148,,,,,10.5865,1.2037
3.167,95,,0.5686,1.3606,0.0,2.6121,1.3606,0.5209,1.3279,1.0297,0.1075,,,0.6612,0.3249,1.2203,0.9222,,,,,10.9075,1.1831
3.2,96,,0.5601,1.3586,0.0,2.6249,1.3586,0.5176,1.3301,1.028,0.0921,,,0.6594,0.3088,1.2379,0.9359,,,,,10.2209,1.1681
3.233,97,,0.5544,1.3572,0.0,2.6386,1.3572,0.5144,1.3304,1.0293,0.0796,,,0.6523,0.2958,1.2508,0.9497,,,,,10.0309,1.1573
3.267,98,,0.5427,1.3537,-0.0112,2.6532,1.365,0.5145,1.3291,1.0269,0.0585,,,0.6465,0.2855,1.2706,0.9684,,,,,9.7326,1.1516
3.3,99,,0.5472,1.3588,-0.0,2.6752,1.3588,0.5079,1.3406,1.0392,0.0552,,,0.6609,0.293,1.2854,0.984,,,,,9.7966,1.1531
3.333,100,,0.5479,1.3585,0.0,2.6924,1.3585,0.5046,1.3427,1.0437,0.0521,,,0.6695,0.2996,1.2906,0.9916,,,,,9.8226,1.1589
3.367,101,,0.5455,1.3581,-0.0,2.7117,1.3581,0.5008,1.3445,1.0442,0.0469,,,0.6804,0.3089,1.2977,0.9973,,,,,9.3335,1.1597
3.4,102,,0.543,1.3582,0.0,2.7388,1.3582,0.4959,1.3461,1.0439,0.0421,,,0.6891,0.3314,1.304,1.0018,,,,,9.1786,1.1595
3.433,103,,0.5342,1.3481,-0.0,2.7514,1.3481,0.49,1.3378,1.0312,0.0372,,,0.6786,0.3251,1.3006,0.994,,,,,9.2219,1.145
3.467,104,,0.5247,1.3325,0.0,2.7569,1.3325,0.4833,1.3234,1.0155,0.034,,,0.6621,0.3167,1.2894,0.9814,,,,,9.2015,1.1227
3.5,105,,0.5194,1.323,-0.0,2.7811,1.323,0.4757,1.3134,1.0074,0.0314,,,0.6633,0.326,1.282,0.976,,,,,9.0472,1.1047
3.533,106,,0.5078,1.3022,-0.0,2.7776,1.3022,0.4688,1.2925,0.9875,0.0281,,,0.655,0.3225,1.2643,0.9594,,,,,9.2104,1.0628
3.567,107,,0.8664,1.5098,0.0,3.2753,1.5098,0.461,1.5017,1.2533,0.4795,0.004,,0.9974,0.7318,1.0222,0.7738,0.4755,,,168.571,8.5436,1.3651
3.6,108,,0.8998,1.5237,0.0,3.3644,1.5237,0.4529,1.5167,1.2786,0.5211,0.0049,,1.0447,0.7876,0.9957,0.7575,0.5161,,,170.0675,8.0265,1.3632
3.633,109,,0.9188,1.531,-0.0018,3.4523,1.5328,0.444,1.5233,1.2887,0.5488,-0.0009,,1.0722,0.8245,0.9745,0.7399,0.5497,,,169.0442,7.5118,1.3559
3.667,110,,0.9539,1.5409,0.0,3.5116,1.5409,0.4388,1.5382,1.3147,0.5932,0.0545,,1.113,0.882,0.945,0.7215,0.5387,,,165.0403,7.8487,1.3375
3.7,111,,0.9553,1.5366,-0.0,3.5445,1.5366,0.4335,1.5328,1.3133,0.5973,0.0688,,1.1158,0.8955,0.9355,0.716,0.5285,,,161.6588,7.9798,1.3206
3.733,112,,0.9441,1.5316,0.0,3.5899,1.5316,0.4266,1.5269,1.3009,0.5872,0.0733,,1.0996,0.8888,0.9397,0.7137,0.5139,,,159.7522,7.8146,1.304
3.767,113,,0.9359,1.5242,0.0,3.6117,1.5242,0.422,1.5179,1.2912,0.5805,0.0722,,1.0823,0.8717,0.9374,0.7107,0.5083,,,158.346,7.7624,1.2948
3.8,114,,0.9354,1.5222,0.0,3.6337,1.5222,0.4189,1.5152,1.2905,0.5803,0.0777,,1.0728,0.8615,0.9349,0.7102,0.5026,,,157.6729,7.671,1.3039
3.833,115,,0.9361,1.5294,-0.0,3.6974,1.5294,0.4136,1.5212,1.2941,0.5781,0.0834,,1.0665,0.8532,0.9431,0.716,0.4947,,,157.1745,7.8543,1.332
3.867,116,,0.952,1.541,0.0,3.7584,1.541,0.41,1.5338,1.3085,0.5956,0.0844,,1.0736,0.8625,0.9382,0.7129,0.5112,,,159.5944,7.9541,1.3709
3.9,117,,0.9641,1.5493,0.0,3.8025,1.5493,0.4075,1.5424,1.3204,0.6078,0.0781,,1.0807,0.8712,0.9346,0.7126,0.5297,,,162.4393,8.1507,1.4101
3.933,118,,0.9766,1.5597,0.0,3.8524,1.5597,0.4049,1.5527,1.3322,0.6209,0.0745,,1.0915,0.8869,0.9319,0.7114,0.5464,,,164.5182,8.557,1.4477
3.967,119,,0.9884,1.5694,0.0,3.9113,1.5694,0.4013,1.5617,1.3416,0.6353,0.0682,,1.1012,0.9027,0.9264,0.7063,0.567,,,164.7015,9.4092,1.4776
4.0,120,upright,0.9889,1.5716,-0.0,3.9687,1.5716,0.396,1.5641,1.3383,0.6395,0.0663,,1.0961,0.9009,0.9246,0.6987,0.5732,,,164.6461,10.3609,1.491
4.033,121,upright,1.1425,1.6634,0.08,4.1487,1.5834,0.3817,1.652,1.4515,0.8335,0.3377,0.08,1.2363,1.0625,0.8185,0.6179,0.4958,0.2577,175.3366,163.7503,11.375,1.6907
4.067,122,upright,1.1751,1.6784,0.0403,4.2523,1.6381,0.3852,1.6722,1.4775,0.8728,0.4137,0.111,1.2654,1.1037,0.7994,0.6047,0.4591,0.3028,173.8939,163.2114,11.9098,1.7208
4.1,123,upright,1.1786,1.6761,0.0331,4.2684,1.643,0.3849,1.6717,1.4799,0.8772,0.4377,0.1092,1.2653,1.107,0.7945,0.6027,0.4395,0.3285,174.7375,163.9723,12.1009,1.7262
4.133,124,upright,1.1794,1.674,0.0302,4.2779,1.6438,0.3843,1.6707,1.4765,0.8824,0.4569,0.1066,1.2637,1.1132,0.7883,0.5941,0.4255,0.3503,175.9156,164.3674,12.2634,1.7171
4.167,125,upright,1.1835,1.6754,0.0293,4.297,1.6462,0.3831,1.6731,1.4778,0.8891,0.4815,0.1034,1.2687,1.1203,0.784,0.5887,0.4077,0.378,177.4014,165.4131,12.2079,1.7224
4.2,126,upright,1.1901,1.6779,0.0272,4.3381,1.6507,0.3805,1.676,1.4781,0.9022,0.5004,0.1007,1.2682,1.1253,0.7738,0.5759,0.4018,0.3997,178.4037,166.0885,13.0113,1.7298
4.233,127,upright,1.1992,1.6829,0.0329,4.3915,1.65,0.3757,1.6807,1.4822,0.9162,0.5226,0.0991,1.2699,1.1295,0.7644,0.5659,0.3936,0.4235,178.0939,167.4691,12.6145,1.7425
4.267,128,upright,1.2105,1.6906,0.035,4.4629,1.6556,0.371,1.6882,1.4893,0.9317,0.5408,0.0977,1.2749,1.135,0.7566,0.5576,0.3909,0.4431,177.9504,168.0692,12.494,1.7569
4.3,129,upright,1.2177,1.6972,0.0386,4.5282,1.6586,0.3663,1.6952,1.4967,0.9387,0.5537,0.0959,1.28,1.1395,0.7565,0.5579,0.385,0.4578,177.9927,168.7739,12.7713,1.7632
4.333,130,upright,1.2268,1.7023,0.0449,4.5816,1.6574,0.3617,1.7018,1.5064,0.9471,0.5648,0.094,1.2831,1.1356,0.7547,0.5593,0.3823,0.4708,177.9266,169.7751,13.2065,1.767
4.367,131,upright,1.2319,1.7045,0.0571,4.6172,1.6474,0.3568,1.7039,1.513,0.9508,0.5685,0.092,1.2824,1.1288,0.7531,0.5621,0.3824,0.4764,177.7322,170.9092,13.5356,1.7634
4.4,132,upright,1.2337,1.7014,0.0779,4.6177,1.6236,0.3516,1.7013,1.5128,0.9545,0.5672,0.0901,1.2739,1.1126,0.7468,0.5582,0.3874,0.477,177.8278,172.4531,13.879,1.7831
4.433,133,upright,1.2276,1.6961,0.0715,4.6332,1.6246,0.3506,1.6957,1.5068,0.9485,0.5592,0.0878,1.2598,1.0892,0.7471,0.5582,0.3893,0.4714,178.8425,173.0761,13.9746,1.8123
4.467,134,upright,1.2139,1.6908,0.0342,4.6969,1.6566,0.3527,1.6899,1.4953,0.9324,0.5478,0.085,1.2413,1.0626,0.7575,0.563,0.3846,0.4628,179.417,173.0286,14.2207,1.854
4.5,135,upright,1.1988,1.6835,-0.0055,4.7475,1.689,0.3558,1.6823,1.4827,0.9149,0.5356,0.0818,1.2228,1.0344,0.7674,0.5678,0.3793,0.4538,178.0664,172.7822,14.6535,1.9008
4.533,136,upright,1.1901,1.6782,-0.033,4.7846,1.7112,0.3577,1.6774,1.476,0.9041,0.5198,0.0789,1.2098,1.0127,0.7733,0.5719,0.3843,0.4409,177.575,173.1662,14.8455,1.9443
4.567,137,upright,1.1763,1.6682,-0.0712,4.8117,1.7394,0.3615,1.668,1.4654,0.8872,0.503,0.0751,1.1932,0.9882,0.7808,0.5782,0.3842,0.4279,178.0933,173.512,14.9545,1.974
4.6,138,upright,1.1694,1.6634,-0.0957,4.832,1.7592,0.3641,1.6628,1.4615,0.8773,0.4907,0.0723,1.1863,0.977,0.7855,0.5842,0.3866,0.4184,179.2094,173.8161,14.3256,1.979
4.633,139,upright,1.158,1.6559,-0.1279,4.858,1.7838,0.3672,1.6544,1.454,0.862,0.4743,0.0683,1.1767,0.9627,0.7924,0.5921,0.3877,0.406,179.8213,173.808,13.4016,1.9845
4.667,140,upright,1.1474,1.6508,-0.1601,4.9082,1.8109,0.369,1.6479,1.4462,0.8485,0.4513,0.0639,1.1689,0.9536,0.7994,0.5978,0.3972,0.3875,178.5849,173.4868,12.5759,1.9942
4.7,141,upright,1.1431,1.6496,-0.1825,4.9641,1.8321,0.3691,1.6457,1.4432,0.8429,0.4352,0.0606,1.1666,0.956,0.8028,0.6003,0.4076,0.3747,177.085,173.3127,11.8301,2.0111
4.733,142,upright,1.1502,1.6538,-0.1828,5.0099,1.8366,0.3666,1.649,1.4504,0.8501,0.4388,0.0605,1.1758,0.9719,0.7989,0.6002,0.4113,0.3782,177.7808,173.0791,11.3114,2.0315
4.767,143,upright,1.1592,1.6583,-0.1791,5.0515,1.8374,0.3637,1.6529,1.4575,0.861,0.4507,0.0611,1.1854,0.9857,0.792,0.5965,0.4103,0.3896,179.3299,172.7388,10.9069,2.0614
4.8,144,upright,1.168,1.6629,-0.1683,5.0882,1.8312,0.3599,1.6567,1.4646,0.8714,0.4603,0.0627,1.1927,0.9991,0.7852,0.5932,0.4111,0.3976,178.4593,172.8618,10.3638,2.0936
4.833,145,upright,1.1749,1.666,-0.167,5.1282,1.833,0.3574,1.6594,1.4703,0.8796,0.4707,0.0629,1.1993,1.0123,0.7798,0.5907,0.4089,0.4078,177.8595,173.1425,9.7001,2.1359
4.867,146,upright,1.1849,1.6701,-0.1632,5.1797,1.8333,0.3539,1.6631,1.4773,0.8925,0.4808,0.0635,1.2049,1.0223,0.7706,0.5848,0.4117,0.4172,177.5904,173.4643,9.1408,2.1695
4.9,147,upright,1.1906,1.6745,-0.1511,5.2467,1.8256,0.348,1.6672,1.481,0.9001,0.4922,0.0655,1.2067,1.0282,0.767,0.5809,0.408,0.4267,177.1629,173.2954,8.8939,2.1849
4.933,148,upright,1.1927,1.6761,-0.1206,5.289,1.7967,0.3397,1.6685,1.4819,0.9035,0.5008,0.0698,1.2047,1.0381,0.765,0.5784,0.4027,0.431,177.3701,173.329,8.8481,2.1925
4.967,149,upright,1.1901,1.6744,-0.0913,5.3152,1.7657,0.3322,1.6678,1.48,0.9001,0.5034,0.0734,1.2006,1.0503,0.7676,0.5798,0.3968,0.43,177.9594,173.0805,8.8838,2.1946
5.0,150,upright,1.1894,1.6725,-0.0503,5.3239,1.7228,0.3236,1.6669,1.478,0.9008,0.5119,0.0775,1.1953,1.06,0.7661,0.5771,0.3889,0.4344,178.1775,173.1034,8.7219,2.1868
5.033,151,upright,1.191,1.6714,-0.0205,5.3398,1.6919,0.3169,1.6665,1.4781,0.9039,0.519,0.0799,1.1939,1.0654,0.7626,0.5741,0.3849,0.4391,177.9209,172.9977,8.3956,2.1878
5.067,152,upright,1.1922,1.6711,0.0087,5.3627,1.6623,0.31,1.6667,1.4786,0.9058,0.5232,0.0817,1.192,1.0743,0.761,0.5728,0.3826,0.4416,177.8788,172.9757,8.0325,2.2011
5.1,153,upright,1.1965,1.6723,0.033,5.3956,1.6393,0.3038,1.6684,1.4805,0.9124,0.5298,0.0826,1.1933,1.0862,0.756,0.5681,0.3826,0.4472,178.2799,173.4895,7.805,2.2298
5.133,154,upright,1.1979,1.6712,0.0596,5.4045,1.6116,0.2982,1.668,1.4807,0.9152,0.534,0.0832,1.1955,1.0878,0.7528,0.5655,0.3812,0.4509,178.341,173.8234,7.6463,2.2239
5.167,155,upright,1.1983,1.6699,0.0813,5.4117,1.5886,0.2936,1.6673,1.4807,0.9159,0.5335,0.0831,1.1987,1.0899,0.7514,0.5647,0.3824,0.4504,178.3068,174.0767,7.68,2.1785
5.2,156,upright,1.1951,1.6662,0.0598,5.4571,1.6064,0.2944,1.6642,1.4777,0.9125,0.5313,0.0826,1.1963,1.0871,0.7517,0.5652,0.3812,0.4486,178.3552,174.3312,7.8768,2.1267
5.233,157,upright,1.1878,1.6595,0.0311,5.4873,1.6283,0.2967,1.6578,1.4712,0.9044,0.5298,0.0815,1.1917,1.0811,0.7534,0.5668,0.3746,0.4482,178.3905,174.59,8.1722,2.123
5.267,158,upright,1.1826,1.6566,0.008,5.5324,1.6486,0.298,1.6558,1.4676,0.8976,0.5252,0.0802,1.1919,1.0792,0.7582,0.5701,0.3724,0.445,178.383,175.0125,8.484,2.133
5.3,159,upright,1.1754,1.6526,-0.0141,5.5633,1.6667,0.2996,1.6525,1.4633,0.8874,0.5145,0.0786,1.1917,1.0777,0.7651,0.5759,0.373,0.4359,178.742,175.6494,8.7276,2.1397
5.333,160,upright,1.1744,1.652,-0.0271,5.5934,1.6791,0.3002,1.6509,1.4628,0.8861,0.5133,0.0774,1.1945,1.0829,0.7649,0.5767,0.3727,0.436,179.1099,176.2729,9.0092,2.1438
5.367,161,upright,1.176,1.656,-0.0325,5.6548,1.6885,0.2986,1.6539,1.4639,0.8881,0.5182,0.0768,1.1977,1.0954,0.7658,0.5759,0.3699,0.4414,178.741,176.5073,9.4709,2.1462
5.4,162,upright,1.1803,1.6624,-0.0345,5.7304,1.6969,0.2961,1.6591,1.4668,0.8938,0.5238,0.0765,1.2027,1.1133,0.7653,0.5729,0.37,0.4474,178.0743,176.6445,10.0722,2.1533
5.433,163,upright,1.1828,1.6654,-0.0362,5.7783,1.7016,0.2945,1.6609,1.4688,0.8969,0.5265,0.0763,1.2052,1.1274,0.7639,0.5718,0.3705,0.4502,177.323,176.8217,10.9359,2.1581
5.467,164,upright,1.1876,1.6717,-0.0338,5.8474,1.7055,0.2917,1.6658,1.4728,0.9024,0.5312,0.0764,1.2097,1.1367,0.7634,0.5703,0.3713,0.4547,177.0042,176.3902,11.9845,2.1667
5.5,165,upright,1.194,1.679,-0.0306,5.9229,1.7096,0.2886,1.6719,1.4777,0.9102,0.5365,0.0766,1.2159,1.1473,0.7617,0.5675,0.3738,0.4598,176.9372,175.404,13.0931,2.1871
5.533,166,upright,1.1994,1.6862,-0.0272,6.001,1.7134,0.2855,1.6771,1.4825,0.9164,0.5385,0.0768,1.2199,1.1578,0.7607,0.566,0.3779,0.4617,177.2794,174.4723,14.0966,2.2145
5.567,167,upright,1.2045,1.6905,-0.0221,6.0553,1.7127,0.2828,1.6802,1.4858,0.9231,0.5445,0.0772,1.2227,1.1659,0.7571,0.5627,0.3786,0.4673,177.6404,173.6773,15.0035,2.2428
5.6,168,upright,1.2119,1.6944,-0.0107,6.1039,1.7051,0.2793,1.6828,1.4887,0.9352,0.5516,0.078,1.2264,1.1741,0.7476,0.5534,0.3836,0.4736,177.8274,172.8405,16.0403,2.2584
5.633,169,upright,1.213,1.6953,0.0081,6.1289,1.6872,0.2753,1.6827,1.4873,0.9387,0.551,0.0792,1.225,1.1756,0.744,0.5486,0.3878,0.4718,177.7166,172.3484,16.8982,2.2577
5.667,170,upright,1.2089,1.692,0.0296,6.1188,1.6625,0.2717,1.6786,1.4827,0.9351,0.5472,0.0802,1.2204,1.1728,0.7435,0.5476,0.3879,0.4669,176.6043,171.8327,17.7439,2.2285
5.7,171,upright,1.2071,1.6886,0.0509,6.1038,1.6377,0.2683,1.6741,1.479,0.9352,0.547,0.081,1.2184,1.1663,0.7389,0.5438,0.3882,0.466,175.6588,171.2708,18.6561,2.1888
5.733,172,upright,1.2061,1.6856,0.0693,6.0918,1.6163,0.2653,1.6701,1.4752,0.937,0.5497,0.0814,1.2152,1.1607,0.7331,0.5382,0.3873,0.4683,175.0848,170.6743,19.5375,2.1578
5.767,173,upright,1.2057,1.682,0.0793,6.0729,1.6027,0.2639,1.6659,1.4728,0.9386,0.5515,0.0817,1.2138,1.1546,0.7273,0.5343,0.387,0.4699,175.0609,170.2474,20.2395,2.1677
5.8,174,upright,1.2043,1.68,0.0661,6.0951,1.6139,0.2648,1.6625,1.4702,0.9385,0.5523,0.0818,1.2124,1.1476,0.724,0.5317,0.3862,0.4705,174.8373,169.7073,20.9095,2.182
5.833,175,upright,1.2031,1.6777,0.0513,6.1267,1.6264,0.2655,1.6584,1.4667,0.9395,0.5526,0.0817,1.2094,1.1385,0.719,0.5273,0.3869,0.4709,174.7033,169.0351,21.7133,2.1932
5.867,176,upright,1.1983,1.6721,0.0356,6.1269,1.6365,0.2671,1.6524,1.4616,0.9349,0.5522,0.0814,1.2054,1.1283,0.7175,0.5267,0.3827,0.4708,174.424,168.7754,22.3442,2.2035
5.9,177,upright,1.1943,1.6677,0.022,6.133,1.6458,0.2683,1.6477,1.4581,0.9305,0.548,0.081,1.2014,1.1183,0.7171,0.5275,0.3825,0.467,174.47,168.4234,22.7856,2.2202
5.933,178,upright,1.1878,1.6635,0.0056,6.1527,1.658,0.2695,1.6428,1.4535,0.9221,0.5411,0.0805,1.1955,1.1077,0.7207,0.5314,0.381,0.4606,175.2556,167.8754,23.201,2.2424
5.967,179,upright,1.1854,1.6635,-0.0059,6.2014,1.6694,0.2692,1.6407,1.4507,0.9201,0.5361,0.0801,1.1915,1.1023,0.7206,0.5306,0.384,0.456,176.0005,167.2369,23.6012,2.2013
6.0,180,upright,1.1824,1.6621,-0.0199,6.2447,1.682,0.2694,1.6372,1.4468,0.9181,0.5287,0.0794,1.1875,1.0981,0.7191,0.5286,0.3894,0.4493,176.9353,166.4286,24.1051,2.1745
6.033,181,,1.1806,1.662,-0.0282,6.2783,1.6903,0.2692,1.6356,1.4456,0.9156,0.5226,0.0795,1.1871,1.1024,0.72,0.53,0.393,0.4431,176.3271,166.1859,24.4375,2.1177
6.067,182,,1.1768,1.6587,-0.0412,6.2938,1.6999,0.2701,1.6311,1.4422,0.9113,0.514,0.079,1.1845,1.1051,0.7198,0.5309,0.3973,0.435,176.1238,166.0069,24.6965,2.0786
6.1,183,,1.1725,1.6542,-0.0566,6.3029,1.7108,0.2714,1.6256,1.4376,0.9073,0.5083,0.0781,1.1818,1.1122,0.7183,0.5303,0.3991,0.4301,176.0213,166.0473,24.7475,2.0496
6.133,184,,1.1716,1.6501,-0.0679,6.3068,1.718,0.2724,1.6208,1.4339,0.9093,0.5085,0.0774,1.1787,1.1188,0.7115,0.5246,0.4008,0.4311,175.2491,166.2299,24.7216,2.0278
6.167,185,,1.1692,1.6447,-0.0759,6.2853,1.7206,0.2738,1.6161,1.4308,0.9075,0.5014,0.0769,1.1776,1.1258,0.7086,0.5233,0.4062,0.4244,174.6831,166.1212,24.2872,2.022
6.2,186,,1.1658,1.639,-0.0851,6.2667,1.7242,0.2751,1.611,1.4275,0.9042,0.4927,0.0761,1.174,1.1323,0.7068,0.5233,0.4115,0.4166,174.1464,165.5496,24.0803,2.0292
6.233,187,,1.1684,1.6365,-0.0841,6.244,1.7206,0.2756,1.6084,1.4286,0.9082,0.4932,0.0767,1.1763,1.1363,0.7001,0.5204,0.415,0.4165,173.9949,164.9747,23.7736,2.0391
6.267,188,,1.1715,1.6352,-0.0799,6.2209,1.7151,0.2757,1.6076,1.4323,0.9107,0.4972,0.0777,1.1806,1.1546,0.697,0.5217,0.4135,0.4195,173.4755,164.4293,23.1559,2.0604
6.3,189,,1.1765,1.6331,-0.0768,6.1919,1.7099,0.2762,1.6058,1.4371,0.916,0.5028,0.0783,1.1872,1.1688,0.6898,0.5211,0.4132,0.4245,172.942,162.6112,22.9743,2.0808
6.333,190,,1.1815,1.5734,-0.0686,5.5518,1.6419,0.2958,1.5734,1.4394,0.9236,0.5123,0.0794,1.1945,1.1756,0.6498,0.5159,0.4112,0.4329,171.311,159.9459,23.1236,2.0116
6.367,191,,1.1854,1.5678,-0.0618,5.4863,1.6296,0.297,1.5678,1.4424,0.9285,0.5189,0.0803,1.1982,1.1835,0.6393,0.5139,0.4095,0.4386,169.6217,157.0065,23.4292,2.0451
6.4,192,,1.1879,1.5571,-0.0543,5.3801,1.6113,0.2995,1.5571,1.4427,0.9332,0.5224,0.0812,1.2003,1.1876,0.6239,0.5095,0.4107,0.4412,167.8725,153.415,24.4294,2.0596
6.433,193,,1.1889,1.5417,-0.0426,5.2438,1.5843,0.3021,1.5123,1.4398,0.938,0.5205,0.0818,1.199,1.1746,0.5743,0.5018,0.4175,0.4387,165.8562,149.2418,26.0992,2.0449
6.467,194,,1.1917,1.5239,-0.0335,5.0889,1.5575,0.3061,1.4932,1.4377,0.9457,0.5228,0.0818,1.2015,1.1581,0.5476,0.492,0.4228,0.441,163.5621,144.8981,28.005,2.0698
6.5,195,,1.1899,1.5073,-0.0202,4.9965,1.5275,0.3057,1.4734,1.4321,0.9477,0.5218,0.0818,1.202,1.1256,0.5257,0.4844,0.4258,0.4401,161.1697,141.4341,29.5717,2.0758
6.533,196,,1.1895,1.5029,-0.012,4.9666,1.5149,0.305,1.4497,1.4276,0.9514,0.5197,0.0808,1.1996,1.0953,0.4983,0.4762,0.4317,0.4389,158.2033,138.4494,31.1457,2.09
6.567,197,,1.1853,1.4946,-0.0008,4.9118,1.4955,0.3045,1.4201,1.4204,0.9502,0.5165,0.08,1.1954,1.0712,0.4699,0.4702,0.4338,0.4364,154.5135,134.8515,33.2528,2.0096
6.6,198,,1.1847,1.4828,0.01,4.8217,1.4728,0.3054,1.3936,1.4105,0.9589,0.5182,0.0796,1.1851,1.0353,0.4347,0.4516,0.4406,0.4387,151.3187,130.454,36.1658,1.9917
6.633,199,,1.1775,1.4537,0.0265,4.6058,1.4272,0.3099,1.3608,1.3908,0.9642,0.5204,0.0796,1.1516,0.9614,0.3966,0.4266,0.4438,0.4409,149.0504,126.5212,39.5331,1.9379
6.667,200,,1.1649,1.4179,0.0359,4.3625,1.382,0.3168,1.3299,1.3672,0.9626,0.5165,0.0794,1.0476,0.8094,0.3673,0.4046,0.4461,0.4371,147.8484,124.187,42.3113,1.8857
6.7,201,,1.1545,1.388,0.0353,4.1713,1.3527,0.3243,1.3003,1.3471,0.9619,0.5099,0.0792,1.0338,0.7629,0.3384,0.3852,0.452,0.4307,148.8702,121.117,45.6343,1.8675
6.733,202,,1.1431,1.3463,0.03,3.9167,1.3164,0.3361,1.2725,1.318,0.9682,0.5117,0.079,1.0623,0.7966,0.3043,0.3498,0.4565,0.4327,150.3472,117.4021,49.7945,1.7823
6.767,203,,1.1247,1.3103,0.0112,3.7387,1.2991,0.3475,1.2289,1.2853,0.964,0.515,0.0782,1.0302,0.7446,0.265,0.3214,0.449,0.4369,149.5731,112.9807,53.6984,1.7091
6.8,204,,1.1093,1.2808,0.0022,3.5768,1.2786,0.3575,1.1932,1.2565,0.9621,0.5117,0.0777,0.9874,0.6952,0.2311,0.2944,0.4504,0.434,146.3637,109.0288,57.0527,1.6187
6.833,205,,1.0979,1.2569,0.0002,3.4374,1.2567,0.3656,1.1641,1.232,0.9637,0.5109,0.0777,0.9581,0.6713,0.2004,0.2683,0.4529,0.4332,146.1992,105.907,60.6851,1.5802
6.867,206,,1.0855,1.2329,-0.0006,3.303,1.2336,0.3735,1.1165,1.207,0.964,0.5123,0.0777,0.9316,0.6411,0.1525,0.2431,0.4517,0.4346,144.9444,102.0066,63.9931,1.4759
6.9,207,,1.067,1.2074,-0.0045,3.1812,1.2119,0.3809,1.0749,1.1726,0.9615,0.5157,0.0774,0.9117,0.537,0.1134,0.2112,0.4457,0.4384,141.8611,95.0869,68.1783,1.4463
6.933,208,,1.0503,1.1798,-0.0075,3.0536,1.1873,0.3888,1.0469,1.1421,0.9586,0.5239,0.0772,0.8844,0.6065,0.0883,0.1834,0.4347,0.4467,138.5429,88.6954,71.6315,1.4069
6.967,209,,1.0285,1.1484,-0.0208,2.9365,1.1692,0.3981,1.0071,1.1064,0.9506,0.5286,0.0763,0.8534,0.5783,0.0564,0.1558,0.422,0.4523,134.6967,82.1838,75.2121,1.377
7.0,210,sitting,1.0044,1.1103,-0.0301,2.788,1.1404,0.409,0.9705,1.0641,0.9448,0.5393,0.0756,0.8283,0.5536,0.0257,0.1193,0.4055,0.4637,132.3603,75.1107,79.5389,1.347
7.033,211,sitting,0.9914,1.0864,-0.0287,2.6811,1.1151,0.4159,0.9233,1.0366,0.9461,0.5521,0.0757,0.8046,0.5332,-0.0228,0.0905,0.394,0.4764,131.4691,70.1458,82.72,1.3258
7.067,212,sitting,0.9774,1.054,-0.03,2.5483,1.0839,0.4254,0.8804,1.0104,0.9443,0.5514,0.0756,0.7828,0.5221,-0.0639,0.0661,0.393,0.4758,130.129,66.1987,85.5796,1.2888
7.1,213,sitting,0.9599,1.0285,-0.0283,2.4407,1.0568,0.433,0.843,0.9857,0.9342,0.5472,0.0757,0.7727,0.5233,-0.0912,0.0515,0.387,0.4715,127.1123,62.4914,87.3737,1.2493
7.133,214,sitting,0.9437,1.0159,-0.0293,2.3924,1.0451,0.4369,0.8224,0.9687,0.9187,0.545,0.0756,0.7636,0.5264,-0.0963,0.05,0.3736,0.4695,123.9251,60.0416,87.3077,1.2119
7.167,215,sitting,0.9279,1.0107,-0.0281,2.3685,1.0388,0.4386,0.803,0.9563,0.8996,0.544,0.0757,0.7624,0.5297,-0.0965,0.0567,0.3555,0.4684,120.4722,58.2555,86.1775,1.1849
7.2,216,sitting,0.9143,1.0063,-0.0233,2.3405,1.0296,0.4399,0.7932,0.9456,0.883,0.5457,0.076,0.7655,0.5338,-0.0898,0.0625,0.3374,0.4697,116.9577,55.6381,85.1196,1.1644
7.233,217,sitting,0.905,1.0055,-0.0143,2.3167,1.0198,0.4402,0.7978,0.9422,0.8679,0.5504,0.0766,0.7698,0.5415,-0.0701,0.0743,0.3174,0.4738,114.1459,53.9856,83.3383,1.1619
7.267,218,sitting,0.8932,1.0018,-0.0039,2.2787,1.0057,0.4414,0.8005,0.9404,0.846,0.5568,0.0773,0.7735,0.5497,-0.0455,0.0944,0.2892,0.4795,111.0022,53.1628,80.3586,1.152
7.3,219,sitting,0.8806,0.9982,0.0027,2.2496,0.9955,0.4425,0.8025,0.9387,0.8225,0.5587,0.0777,0.7738,0.5547,-0.02,0.1161,0.2638,0.481,107.6766,52.5657,77.2004,1.1427
7.333,220,sitting,0.8657,0.9941,0.0034,2.2311,0.9908,0.4441,0.801,0.9361,0.7953,0.5552,0.0778,0.7701,0.5556,0.0057,0.1407,0.2401,0.4775,105.7542,53.6049,73.2736,1.1394
7.367,221,sitting,0.8484,0.9933,0.0017,2.2307,0.9916,0.4445,0.7987,0.9331,0.7638,0.5496,0.0777,0.7701,0.5607,0.0349,0.1693,0.2142,0.4719,102.8497,54.733,68.749,1.1447
7.4,222,sitting,0.8325,0.9953,-0.0013,2.2434,0.9966,0.4442,0.7987,0.9293,0.7357,0.5441,0.0776,0.7709,0.5703,0.063,0.1936,0.1916,0.4666,100.2827,55.7996,64.7176,1.1498
7.433,223,sitting,0.8142,0.9908,-0.0053,2.2337,0.9961,0.4459,0.8008,0.9224,0.706,0.5371,0.0774,0.7679,0.5667,0.0948,0.2164,0.1689,0.4598,97.2483,56.71,60.5437,1.1635
7.467,224,sitting,0.8019,0.9832,-0.0083,2.2102,0.9914,0.4486,0.8027,0.9135,0.6903,0.5287,0.0772,0.7647,0.5646,0.1125,0.2233,0.1615,0.4515,96.2687,58.1451,57.9365,1.2023
7.5,225,sitting,0.7902,0.9746,-0.0099,2.1803,0.9845,0.4516,0.809,0.9052,0.6752,0.521,0.0771,0.761,0.5631,0.1338,0.23,0.1542,0.4439,95.3559,60.0648,55.0179,1.225
7.533,226,sitting,0.7777,0.9616,-0.0079,2.1258,0.9695,0.4561,0.8217,0.8981,0.6573,0.5175,0.0773,0.7584,0.5638,0.1644,0.2408,0.1398,0.4402,92.5791,60.1241,52.3289,1.2221
7.567,227,sitting,0.7708,0.9594,-0.0072,2.1126,0.9666,0.4575,0.8313,0.8949,0.6466,0.5144,0.0773,0.6751,0.5714,0.1847,0.2483,0.1322,0.4371,91.2079,61.2217,49.5631,1.2511
7.6,228,sitting,0.7628,0.9591,-0.0091,2.1166,0.9682,0.4574,0.8326,0.8928,0.6328,0.5079,0.0772,0.7633,0.5699,0.1998,0.26,0.1249,0.4307,90.1674,63.4072,46.059,1.2865
7.633,229,sitting,0.7537,0.9581,-0.013,2.121,0.9712,0.4579,0.8273,0.8891,0.6184,0.5034,0.077,0.7529,0.5631,0.2089,0.2707,0.115,0.4264,88.947,65.5429,41.97,1.3594
7.667,230,sitting,0.7449,0.9567,-0.0183,2.1265,0.975,0.4585,0.8259,0.8851,0.6047,0.4979,0.0767,0.7493,0.5655,0.2212,0.2804,0.1068,0.4212,89.2584,68.0467,38.096,1.4271
7.7,231,sitting,0.742,0.958,-0.0208,2.1337,0.9788,0.4587,0.8278,0.8845,0.5996,0.4965,0.0766,0.7646,0.6074,0.2282,0.2849,0.1031,0.4199,90.7138,71.6001,34.0888,1.4731
7.733,232,sitting,0.7465,0.9635,-0.0221,2.1522,0.9856,0.458,0.8312,0.8891,0.6039,0.4951,0.0765,0.7874,0.6455,0.2274,0.2852,0.1087,0.4186,93.4997,74.9227,31.5107,1.4143
7.767,233,sitting,0.7462,0.9619,-0.0235,2.1455,0.9854,0.4593,0.8371,0.8899,0.6024,0.4941,0.0764,0.7835,0.6181,0.2347,0.2875,0.1083,0.4177,95.2969,80.5143,25.8934,1.4278
7.8,234,sitting,0.7463,0.9588,-0.0238,2.1331,0.9826,0.4606,0.8491,0.8903,0.6022,0.4917,0.0763,0.7779,0.6055,0.2469,0.2881,0.1105,0.4154,97.2019,86.0846,21.0253,1.399
7.833,235,sitting,0.747,0.9592,-0.0246,2.1386,0.9837,0.46,0.8608,0.8908,0.6032,0.4911,0.0763,0.7732,0.5946,0.2577,0.2876,0.1121,0.4148,98.3358,89.9164,17.3129,1.3883
7.867,236,sitting,0.7494,0.9619,-0.0217,2.1462,0.9836,0.4583,0.8714,0.8944,0.6044,0.4925,0.0764,0.7695,0.5779,0.267,0.29,0.1119,0.4161,98.6796,93.0273,14.1083,1.3797
7.9,237,sitting,0.7529,0.963,-0.0186,2.1469,0.9816,0.4572,0.885,0.8994,0.6065,0.4937,0.0766,0.763,0.5736,0.2785,0.2929,0.1128,0.4171,99.6218,95.2772,11.7251,1.374
7.933,238,sitting,0.7574,0.9656,-0.0143,2.1506,0.9799,0.4557,0.9067,0.9061,0.6087,0.4947,0.0769,0.7593,0.5652,0.298,0.2974,0.114,0.4178,100.08,96.4975,10.3169,1.365
7.967,239,sitting,0.7625,0.9683,-0.0101,2.1534,0.9785,0.4544,0.9307,0.9136,0.6115,0.4969,0.0771,0.7553,0.5556,0.3192,0.3021,0.1145,0.4198,100.1776,97.4041,9.0613,1.3522
8.0,240,sitting,0.7705,0.9872,-0.0025,2.2048,0.9897,0.4489,0.953,0.9255,0.6155,0.5046,0.0777,0.7613,0.5617,0.3375,0.31,0.1109,0.427,100.9439,100.6328,5.4309,1.3543
8.033,241,,0.775,1.0007,-0.0008,2.2514,1.0015,0.4448,0.971,0.9313,0.6188,0.5079,0.0777,0.7579,0.5572,0.3523,0.3126,0.1109,0.4301,101.3181,103.5647,2.4918,1.3543
8.067,242,,0.778,1.0108,0.0003,2.2871,1.0105,0.4418,0.9886,0.9348,0.6212,0.5105,0.0778,0.7473,0.5512,0.3674,0.3135,0.1107,0.4327,101.4038,106.1883,0.2234,1.3558
8.1,243,,0.7806,1.0208,0.0015,2.3227,1.0193,0.4388,1.0004,0.9382,0.6231,0.5116,0.0779,0.742,0.5546,0.3773,0.3151,0.1115,0.4337,101.6716,109.2388,3.1869,1.3584
8.133,244,,0.7824,1.0276,0.0031,2.3442,1.0245,0.437,1.0078,0.941,0.6237,0.5131,0.078,0.7308,0.5447,0.3841,0.3173,0.1106,0.4352,101.6156,111.3063,5.4859,1.3613
8.167,245,,0.7832,1.0328,0.004,2.3605,1.0288,0.4358,1.0188,0.9425,0.6238,0.5157,0.078,0.7231,0.5289,0.395,0.3187,0.1081,0.4377,101.4214,113.5109,8.0386,1.3642
8.2,246,,0.785,1.0418,0.004,2.3933,1.0377,0.4336,1.0322,0.9453,0.6246,0.5177,0.078,0.729,0.5408,0.4077,0.3208,0.1069,0.4397,101.2227,115.3464,10.0501,1.3753
8.233,247,,0.7867,1.057,0.0043,2.4483,1.0527,0.43,1.0429,0.9479,0.6255,0.5191,0.0781,0.7317,0.5451,0.4175,0.3224,0.1064,0.441,101.1198,116.671,11.4703,1.3979
8.267,248,,0.7884,1.0614,0.0033,2.468,1.0581,0.4287,1.0469,0.9511,0.6258,0.5182,0.078,0.7349,0.5522,0.4211,0.3253,0.1076,0.4401,101.6667,117.8534,12.5384,1.3981
8.3,249,,0.7898,1.0614,0.0032,2.4685,1.0583,0.4287,1.0473,0.9539,0.6256,0.518,0.0781,0.735,0.5569,0.4216,0.3283,0.1077,0.4399,102.1428,118.9471,13.6645,1.3923
8.333,250,,0.7907,1.0597,0.0034,2.4609,1.0563,0.4292,1.0507,0.9556,0.6258,0.519,0.0781,0.7359,0.5649,0.4249,0.3298,0.1067,0.4409,102.2408,119.2525,14.1947,1.3823
8.367,251,,0.7913,1.0688,0.0033,2.4972,1.0655,0.4267,1.0536,0.9572,0.6254,0.5194,0.0781,0.7377,0.5709,0.4283,0.3318,0.106,0.4412,102.4598,119.5997,14.7184,1.3916
8.4,252,,0.7923,1.0577,0.0027,2.4537,1.0549,0.4299,1.0495,0.9585,0.6261,0.5207,0.0781,0.7406,0.5785,0.4234,0.3324,0.1054,0.4426,102.4671,119.7451,14.998,1.3696
8.433,253,,0.7933,1.0574,0.0027,2.4523,1.0547,0.4301,1.0496,0.9597,0.6268,0.5219,0.0781,0.7418,0.5791,0.4228,0.3329,0.1049,0.4439,102.4923,119.7438,15.1076,1.3682
8.467,254,,0.7941,1.0737,0.0031,2.5159,1.0706,0.4255,1.058,0.9605,0.6277,0.5238,0.0781,0.741,0.574,0.4303,0.3328,0.1039,0.4457,102.469,119.5626,15.0613,1.3952
8.5,255,,0.7934,1.0748,0.0025,2.5221,1.0724,0.4252,1.0594,0.96,0.6268,0.5249,0.078,0.7416,0.5729,0.4326,0.3332,0.102,0.4468,102.9361,119.1772,14.9032,1.4012
8.533,256,,0.7925,1.0756,0.0026,2.5254,1.073,0.4249,1.0606,0.9588,0.6262,0.526,0.078,0.742,0.5674,0.4344,0.3325,0.1002,0.448,103.2269,118.4692,14.4191,1.4077
8.567,257,,0.7911,1.0688,0.0032,2.4965,1.0656,0.4268,1.059,0.9568,0.6255,0.5291,0.078,0.744,0.5606,0.4335,0.3312,0.0964,0.4511,102.8705,117.7394,14.1231,1.4025
8.6,258,,0.7891,1.0668,0.0031,2.4884,1.0637,0.4275,1.0566,0.954,0.6241,0.531,0.078,0.7427,0.549,0.4325,0.3299,0.0932,0.4529,102.4986,116.5661,13.3539,1.4059
8.633,259,,0.7883,1.0574,0.002,2.4536,1.0554,0.4302,1.048,0.9512,0.6254,0.5323,0.0779,0.7408,0.5414,0.4227,0.3259,0.0931,0.4544,102.1004,115.2964,12.0665,1.3944
8.667,260,,0.7884,1.059,-0.0001,2.4639,1.0591,0.4299,1.0447,0.9498,0.6271,0.532,0.0778,0.74,0.5395,0.4176,0.3227,0.0951,0.4542,101.9498,112.5721,9.0812,1.4065
8.7,261,,0.7885,1.0397,-0.0002,2.3932,1.04,0.4346,1.0276,0.9489,0.6281,0.5313,0.0777,0.7434,0.5444,0.3995,0.3208,0.0967,0.4536,101.7834,108.8706,5.2076,1.3862
8.733,262,,0.7895,1.0353,0.003,2.37,1.0323,0.4356,1.0206,0.9514,0.6276,0.5313,0.0779,0.7501,0.5488,0.393,0.3238,0.0963,0.4534,101.6479,104.8432,1.0881,1.3937
8.767,263,,0.7917,1.0318,0.0053,2.3523,1.0265,0.4364,1.0092,0.9554,0.6281,0.5311,0.0781,0.7607,0.5538,0.3811,0.3273,0.097,0.453,101.6857,101.2527,2.8195,1.4083
8.8,264,,0.7941,1.0279,0.0074,2.3326,1.0204,0.4375,1.0015,0.9587,0.6295,0.5307,0.0782,0.7726,0.5574,0.3721,0.3292,0.0988,0.4525,102.0133,97.1892,7.2825,1.4294
8.833,265,,0.7957,1.0195,0.0038,2.3098,1.0157,0.4397,0.9827,0.9568,0.6346,0.5278,0.078,0.7765,0.5561,0.3481,0.3222,0.1068,0.4498,103.225,95.0022,10.7219,1.4551
8.867,266,,0.7966,1.0096,0.0014,2.2797,1.0082,0.4423,0.9623,0.954,0.6393,0.5235,0.0778,0.7722,0.5552,0.3231,0.3148,0.1157,0.4457,104.4946,93.7744,13.2953,1.4787
8.9,267,,0.8036,1.0134,0.0008,2.2926,1.0126,0.4417,0.9506,0.9599,0.6472,0.5216,0.0778,0.7829,0.5612,0.3033,0.3127,0.1256,0.4438,106.4304,94.5294,14.4516,1.5206
8.933,268,,0.8079,1.0177,-0.0019,2.3119,1.0196,0.441,0.9427,0.9627,0.6532,0.5193,0.0776,0.7871,0.5686,0.2895,0.3096,0.1339,0.4416,108.1873,95.579,14.9998,1.5645
8.967,269,,0.8102,1.0187,-0.0044,2.32,1.0231,0.441,0.9328,0.9628,0.6576,0.5154,0.0775,0.7874,0.5699,0.2752,0.3052,0.1422,0.4379,110.2176,97.6224,14.9417,1.5975
9.0,270,in_bed,0.8139,1.0236,-0.0073,2.3431,1.0308,0.44,0.9265,0.9648,0.6631,0.5129,0.0773,0.7946,0.5761,0.2635,0.3018,0.1501,0.4356,112.2133,99.9036,14.5679,1.648
9.033,271,in_bed,0.8206,1.0327,-0.0086,2.3801,1.0413,0.4375,0.9227,0.9693,0.672,0.5111,0.0772,0.8059,0.5909,0.2506,0.2973,0.1609,0.4339,114.0365,101.5396,15.0496,1.7098
9.067,272,in_bed,0.8283,1.0415,-0.0085,2.414,1.05,0.435,0.9213,0.9743,0.6824,0.5105,0.0772,0.8153,0.6037,0.2389,0.292,0.1719,0.4333,115.5945,101.9882,16.5883,1.768
9.1,273,in_bed,0.8381,1.0554,-0.0079,2.469,1.0633,0.4307,0.9208,0.982,0.6943,0.5095,0.0772,0.8253,0.6133,0.2265,0.2878,0.1848,0.4322,117.277,101.9096,18.7443,1.8402
9.133,274,in_bed,0.8497,1.0668,-0.0043,2.5076,1.0711,0.4271,0.9211,0.9892,0.7101,0.5114,0.0774,0.8387,0.6337,0.211,0.2791,0.1988,0.434,118.6594,100.9686,21.7828,1.8737
9.167,275,in_bed,0.8599,1.0752,0.0009,2.531,1.0743,0.4245,0.9211,0.9951,0.7246,0.515,0.0777,0.85,0.6535,0.1964,0.2704,0.2097,0.4373,120.3073,100.6361,24.0281,1.895
9.2,276,in_bed,0.8654,1.0783,0.0041,2.5388,1.0742,0.4231,0.9212,0.9981,0.7328,0.5167,0.0778,0.8544,0.6588,0.1884,0.2653,0.216,0.4389,122.1454,99.8362,26.2893,1.9113
9.233,277,in_bed,0.8723,1.0793,0.0102,2.5322,1.0691,0.4222,0.9205,0.9998,0.7447,0.5186,0.0782,0.8562,0.6583,0.1758,0.255,0.2261,0.4405,124.5504,100.1522,28.0786,1.9223
9.267,278,in_bed,0.8744,1.0759,0.0128,2.5158,1.0631,0.4226,0.9129,0.9987,0.75,0.5191,0.0783,0.8515,0.6492,0.1628,0.2487,0.2309,0.4409,126.912,100.9973,28.9573,1.9011
9.3,279,in_bed,0.8789,1.0737,0.0173,2.4997,1.0564,0.4226,0.9169,0.9987,0.759,0.5204,0.0785,0.851,0.6491,0.1578,0.2397,0.2386,0.442,129.9449,102.883,29.2513,1.8329
9.333,280,in_bed,0.8805,1.0731,0.0204,2.4917,1.0526,0.4225,0.9152,0.9996,0.7613,0.5201,0.0786,0.8508,0.6481,0.1539,0.2383,0.2412,0.4415,132.2623,106.6851,27.0975,1.8568
9.367,281,in_bed,0.8808,1.0743,0.023,2.4934,1.0513,0.4216,0.9111,1.0006,0.761,0.5191,0.0787,0.8517,0.6461,0.1502,0.2396,0.2419,0.4404,134.6409,110.1693,24.9172,1.8689
9.4,282,in_bed,0.8805,1.0741,0.0249,2.4889,1.0492,0.4215,0.909,1.001,0.76,0.5196,0.0788,0.8519,0.6452,0.149,0.2409,0.2404,0.4408,136.0553,113.7442,22.1041,1.9061
9.433,283,in_bed,0.8769,1.0725,0.0249,2.4851,1.0477,0.4216,0.908,0.9999,0.754,0.5157,0.0788,0.8518,0.6437,0.154,0.2459,0.2382,0.4369,136.8309,118.1614,18.015,1.9372
9.467,284,in_bed,0.8752,1.0713,0.0245,2.4799,1.0468,0.4221,0.9118,1.0015,0.7489,0.5143,0.0788,0.8532,0.4022,0.1629,0.2526,0.2346,0.4355,135.8407,121.5667,13.8549,1.9061
9.5,285,in_bed,0.8708,1.0655,0.0263,2.4575,1.0392,0.4229,0.9151,1.0002,0.7414,0.5119,0.0789,0.8474,0.4023,0.1736,0.2587,0.2295,0.433,135.632,123.6393,10.7511,1.8602
9.533,286,in_bed,0.8672,1.0554,0.0253,2.4206,1.0301,0.4255,0.9235,0.999,0.7353,0.513,0.0789,0.83,0.6139,0.1882,0.2637,0.2223,0.4341,135.6382,124.0243,9.2442,1.8222
9.567,287,in_bed,0.862,1.0405,0.0264,2.3627,1.0142,0.4292,0.938,0.9953,0.7287,0.5156,0.0789,0.8044,0.5885,0.2093,0.2666,0.2131,0.4367,134.9247,123.8181,7.6292,1.783
9.6,288,in_bed,0.8585,1.0334,0.0265,2.3362,1.007,0.431,0.9568,0.9955,0.7215,0.5201,0.0789,0.7991,0.5864,0.2353,0.274,0.2014,0.4412,133.9673,123.4904,5.8065,1.758
9.633,289,in_bed,0.8565,1.0303,0.0279,2.3229,1.0024,0.4315,0.975,0.9977,0.7153,0.5277,0.079,0.7951,0.5831,0.2597,0.2824,0.1876,0.4487,132.2989,121.8523,4.5725,1.7446
9.667,290,in_bed,0.8546,1.0437,0.0317,2.3791,1.012,0.4254,0.9943,0.9999,0.7093,0.5323,0.0791,0.7972,0.5841,0.285,0.2906,0.1771,0.4531,130.5309,119.3127,4.4409,1.7608
9.7,291,in_bed,0.8558,1.0604,0.033,2.4481,1.0274,0.4197,1.0132,1.0061,0.7056,0.5374,0.0792,0.7971,0.5844,0.3076,0.3004,0.1682,0.4582,129.1844,117.5823,3.7924,1.7797
9.733,292,in_bed,0.8553,1.0746,0.0374,2.5085,1.0372,0.4135,1.0375,1.0087,0.702,0.5386,0.0794,0.7974,0.582,0.3355,0.3067,0.1634,0.4592,128.1509,116.5301,2.9091,1.7635
9.767,293,in_bed,0.8525,1.0855,0.0485,2.5528,1.037,0.4062,1.0481,1.0085,0.6964,0.5354,0.0797,0.7959,0.5794,0.3517,0.3122,0.1609,0.4558,127.6366,114.6899,3.1348,1.7288
9.8,294,in_bed,0.8479,1.0935,0.0627,2.5858,1.0307,0.3986,1.0579,1.0071,0.6886,0.5372,0.08,0.793,0.5757,0.3693,0.3185,0.1514,0.4572,126.6533,111.9252,3.5859,1.6612
9.833,295,in_bed,0.8327,1.0928,0.0778,2.5861,1.015,0.3925,1.0576,0.9964,0.6689,0.5321,0.08,0.783,0.5634,0.3887,0.3275,0.1368,0.4521,124.8213,109.2926,3.3354,1.6119
9.867,296,in_bed,0.815,1.0852,0.0477,2.6347,1.0375,0.3938,1.0528,0.9844,0.6456,0.5191,0.0796,0.7722,0.5473,0.4072,0.3388,0.1264,0.4395,123.7641,109.0373,1.8992,1.6176
9.9,297,in_bed,0.7961,1.0772,0.0109,2.6909,1.0663,0.3963,1.0465,0.9715,0.6207,0.505,0.0781,0.7615,0.5302,0.4258,0.3508,0.1157,0.4269,123.2319,108.601,0.5345,1.5899
9.933,298,in_bed,0.7959,1.0824,-0.001,2.7484,1.0834,0.3942,1.0505,0.9744,0.6173,0.5002,0.0775,0.7654,0.5292,0.4332,0.3571,0.1171,0.4228,124.4179,110.805,1.0838,1.5538
9.967,299,in_bed,0.7899,1.0839,-0.0272,2.8093,1.1111,0.3955,1.0536,0.9746,0.6052,0.4871,0.0757,0.7752,0.5306,0.4483,0.3693,0.1182,0.4114,125.9614,111.7819,2.0382,1.5078
10.0,300,in_bed,0.7884,1.0874,-0.0502,2.8668,1.1376,0.3968,1.0574,0.9793,0.5975,0.4756,0.0737,0.7948,0.5411,0.46,0.3818,0.1219,0.4019,127.1455,112.1089,2.2307,1.459
10.033,301,in_bed,0.7889,1.091,-0.0719,2.9168,1.1629,0.3987,1.0621,0.9846,0.5932,0.4641,0.0716,0.8177,0.5576,0.4689,0.3914,0.1291,0.3925,128.8199,112.9326,2.4407,1.4142
10.067,302,in_bed,0.7927,1.0958,-0.0763,2.9415,1.1721,0.3985,1.068,0.9911,0.5944,0.4615,0.0712,0.8492,0.5872,0.4737,0.3967,0.1328,0.3903,129.0772,112.8466,2.2562,1.38
10.1,303,in_bed,0.796,1.0986,-0.0756,2.951,1.1742,0.3979,1.0724,0.9957,0.5962,0.46,0.0713,0.8783,0.6188,0.4762,0.3995,0.1362,0.3887,128.5325,112.9436,2.2106,1.3647
10.133,304,in_bed,0.7828,1.0881,-0.0988,2.9591,1.1868,0.4011,1.063,0.9868,0.5789,0.4537,0.0686,0.8836,0.6254,0.4841,0.408,0.1252,0.3851,126.0319,109.6932,1.3204,1.3861
10.167,305,in_bed,0.7514,1.0652,-0.148,2.9754,1.2131,0.4077,1.0401,0.9624,0.5404,0.4326,0.062,0.8652,0.6038,0.4998,0.422,0.1078,0.3706,125.5546,105.2676,0.5285,1.424
10.2,306,in_bed,0.7259,1.0426,-0.1921,2.9831,1.2346,0.4139,1.0198,0.9408,0.5111,0.4083,0.055,0.8373,0.5772,0.5088,0.4298,0.1027,0.3533,125.4788,102.476,0.1964,1.4845
10.233,307,in_bed,0.7063,1.0298,-0.2189,2.9982,1.2487,0.4165,1.008,0.9269,0.4857,0.4181,0.0505,0.8159,0.5556,0.5222,0.4412,0.0677,0.3676,116.591,92.1642,0.8876,1.4917
10.267,308,in_bed,0.6925,1.0221,-0.2394,3.0245,1.2614,0.4171,0.9999,0.9178,0.4671,0.4333,0.0473,0.7947,0.53,0.5328,0.4507,0.0338,0.386,102.1985,81.8372,1.7926,1.4977
10.3,309,in_bed,0.6875,1.0223,-0.2483,3.0557,1.2706,0.4158,0.9997,0.9158,0.4592,0.4389,0.0464,0.7789,0.5148,0.5405,0.4566,0.0204,0.3925,95.0506,77.849,2.5444,1.5246
10.333,310,in_bed,0.6801,1.0232,-0.2611,3.0869,1.2843,0.4161,0.9998,0.9118,0.4484,0.4421,0.0445,0.7617,0.4965,0.5514,0.4634,0.0063,0.3976,90.2156,74.3138,3.2108,1.5645
10.367,311,in_bed,0.6727,1.027,-0.276,3.1377,1.303,0.4153,1.0005,0.9071,0.4383,0.4384,0.0424,0.7457,0.4792,0.5621,0.4687,-0.0,0.3959,85.8305,72.8636,3.8585,1.5966
10.4,312,in_bed,0.6691,1.0302,-0.2908,3.1895,1.321,0.4142,1.0028,0.901,0.4372,0.4255,0.0399,0.7317,0.4639,0.5656,0.4638,0.0117,0.3856,86.3406,73.7814,4.0136,1.6154
10.433,313,in_bed,0.6711,1.0389,-0.3039,3.2563,1.3428,0.4124,1.0095,0.9025,0.4398,0.4451,0.0381,0.721,0.4502,0.5697,0.4626,-0.0053,0.407,75.2302,66.4854,4.4926,1.6335
10.467,314,in_bed,0.6743,1.0456,-0.3083,3.301,1.354,0.4102,1.0163,0.9059,0.4427,0.4501,0.0377,0.7142,0.4417,0.5735,0.4631,-0.0074,0.4124,71.6379,63.2804,4.8476,1.651
10.5,315,in_bed,0.6871,1.062,-0.2998,3.3574,1.3618,0.4056,1.0317,0.9159,0.4583,0.4422,0.0407,0.7185,0.4476,0.5734,0.4577,0.0161,0.4014,68.8796,64.3002,5.2625,1.6751
10.533,316,in_bed,0.7085,1.086,-0.2815,3.4213,1.3675,0.3997,1.0566,0.9339,0.4831,0.4253,0.0449,0.73,0.4632,0.5736,0.4509,0.0577,0.3804,77.9526,74.3426,5.645,1.7089
10.567,317,in_bed,0.8228,1.1837,-0.1146,3.4791,1.2983,0.3732,1.1565,1.0345,0.6112,0.4876,0.0719,0.8334,0.5869,0.5453,0.4233,0.1236,0.4157,123.7351,118.0735,5.6126,1.7459
10.6,318,in_bed,0.888,1.2396,-0.0224,3.5256,1.262,0.3579,1.2144,1.093,0.6829,0.5182,0.0812,0.8919,0.6548,0.5315,0.4101,0.1647,0.437,130.2346,126.321,5.7057,1.7832
10.633,319,in_bed,0.9217,1.2702,0.0173,3.5808,1.2529,0.3499,1.2462,1.125,0.7183,0.5299,0.0833,0.9206,0.6873,0.5279,0.4067,0.1884,0.4466,133.0798,129.0312,5.6374,1.8496
10.667,320,in_bed,0.926,1.2777,0.0119,3.6391,1.2658,0.3478,1.2531,1.1299,0.722,0.5208,0.0843,0.9204,0.6848,0.5311,0.4079,0.2012,0.4364,136.272,133.1783,6.0363,1.9196
10.7,321,in_bed,0.9042,1.2619,-0.0372,3.6916,1.2992,0.3519,1.2363,1.1099,0.6985,0.5063,0.0835,0.8915,0.645,0.5377,0.4114,0.1922,0.4228,141.7908,140.5932,6.3215,2.0175
10.733,322,in_bed,0.8698,1.2343,-0.1146,3.7483,1.3489,0.3599,1.2057,1.0764,0.6632,0.5376,0.0768,0.8464,0.5866,0.5425,0.4131,0.1256,0.4609,126.2627,117.3705,6.3945,2.1089
10.767,323,in_bed,0.8488,1.2149,-0.1711,3.7924,1.386,0.3655,1.184,1.0544,0.6433,0.5599,0.0693,0.8167,0.5482,0.5407,0.4111,0.0834,0.4906,88.8175,80.8326,6.2611,2.1726
10.8,324,in_bed,0.8452,1.2111,-0.1915,3.8273,1.4026,0.3665,1.1793,1.0491,0.6413,0.5714,0.0662,0.808,0.5432,0.538,0.4078,0.0699,0.5052,87.6087,80.001,5.9547,2.2228
10.833,325,in_bed,0.8471,1.2125,-0.1955,3.8491,1.408,0.3658,1.1795,1.0493,0.6449,0.5727,0.066,0.8069,0.5547,0.5346,0.4044,0.0722,0.5067,90.1965,82.4137,5.4821,2.2222
10.867,326,in_bed,0.8442,1.2078,-0.1976,3.84,1.4054,0.366,1.1747,1.046,0.6423,0.5654,0.0662,0.8027,0.561,0.5323,0.4037,0.0769,0.4992,93.1499,85.014,5.2295,2.1424
10.9,327,in_bed,0.8392,1.2024,-0.1927,3.8165,1.3952,0.3656,1.1691,1.0422,0.6362,0.5571,0.0676,0.7968,0.5573,0.5329,0.406,0.0791,0.4895,95.6842,87.332,4.778,2.063
10.933,328,in_bed,0.8306,1.1929,-0.1854,3.7699,1.3783,0.3656,1.1595,1.0346,0.6265,0.546,0.0693,0.7905,0.5482,0.5329,0.408,0.0806,0.4767,97.7053,89.3261,4.4209,1.9827
10.967,329,in_bed,0.8212,1.1814,-0.1745,3.7099,1.3559,0.3655,1.148,1.0247,0.6177,0.5376,0.0713,0.7821,0.5379,0.5303,0.407,0.08,0.4663,98.623,90.2244,4.4168,1.9135
11.0,330,in_bed,0.8109,1.1683,-0.1636,3.6402,1.332,0.3659,1.1348,1.0149,0.6069,0.5327,0.0732,0.7755,0.5348,0.5279,0.408,0.0742,0.4596,98.4577,89.8786,4.5137,1.8542
11.033,331,in_bed,0.7958,1.1492,-0.158,3.5532,1.3073,0.3679,1.1166,1.0,0.5916,0.5244,0.0739,0.7652,0.5269,0.5249,0.4084,0.0673,0.4505,97.7748,89.6165,4.8633,1.8081
11.067,332,in_bed,0.7797,1.1301,-0.1468,3.4583,1.2769,0.3692,1.0974,0.9842,0.5751,0.5166,0.0754,0.7542,0.5169,0.5223,0.409,0.0585,0.4413,97.0318,89.0459,5.3469,1.7706
11.1,333,in_bed,0.7508,1.0989,-0.1328,3.3215,1.2317,0.3708,1.0688,0.9554,0.5462,0.4962,0.0768,0.7317,0.4935,0.5226,0.4091,0.05,0.4194,96.1275,88.4811,5.8632,1.7227
11.133,334,in_bed,0.7255,1.0729,-0.1191,3.2036,1.1919,0.3721,1.0457,0.9299,0.5211,0.4761,0.0777,0.7111,0.4728,0.5246,0.4088,0.045,0.3984,94.8335,88.5557,6.477,1.67
11.167,335,in_bed,0.7005,1.0485,-0.0923,3.092,1.1408,0.369,1.0251,0.9038,0.4972,0.4742,0.0806,0.6905,0.4531,0.5278,0.4066,0.0231,0.3936,93.2992,86.5873,7.2594,1.5678
11.2,336,in_bed,0.6847,1.0332,-0.0751,3.0174,1.1083,0.3673,1.0133,0.8877,0.4818,0.4805,0.0817,0.6783,0.4419,0.5315,0.4059,0.0013,0.3988,90.7873,84.4447,7.8766,1.4968
11.233,337,in_bed,0.6724,1.0217,-0.056,2.9503,1.0777,0.3653,1.0043,0.876,0.4689,0.4937,0.0831,0.6686,0.4382,0.5354,0.4072,-0.0248,0.4106,87.4137,80.7942,8.5838,1.4374
11.267,338,in_bed,0.6545,1.0073,-0.0335,2.8689,1.0407,0.3628,0.9903,0.8585,0.4504,0.4941,0.0844,0.6502,0.4219,0.5399,0.4082,-0.0438,0.4098,82.8877,76.8859,9.4762,1.3758
11.3,339,in_bed,0.6471,1.0014,-0.02,2.8243,1.0214,0.3616,0.9849,0.8504,0.4437,0.4984,0.0845,0.6413,0.4207,0.5412,0.4067,-0.0547,0.4139,78.6161,74.1231,10.5119,1.3414
11.333,340,in_bed,0.6391,0.9951,-0.0057,2.7786,1.0008,0.3602,0.9796,0.8423,0.436,0.4976,0.0847,0.6311,0.4174,0.5436,0.4063,-0.0616,0.413,75.3785,72.3246,11.7275,1.312
11.367,341,in_bed,0.6346,0.9921,0.0061,2.7465,0.986,0.359,0.9766,0.837,0.4322,0.5011,0.0846,0.6231,0.4154,0.5444,0.4049,-0.069,0.4166,71.8698,69.9635,12.6853,1.2954
11.4,342,in_bed,0.6269,0.9867,0.0195,2.7056,0.9672,0.3575,0.9714,0.8286,0.4251,0.5019,0.0847,0.6122,0.4113,0.5463,0.4035,-0.0768,0.4172,67.2513,66.3572,13.9388,1.2784
11.433,343,in_bed,0.6208,0.9829,0.0315,2.6722,0.9515,0.3561,0.968,0.8216,0.4201,0.5012,0.0847,0.6015,0.4068,0.5479,0.4015,-0.0811,0.4165,63.8208,63.9435,14.9064,1.2683
11.467,344,in_bed,0.6138,0.9793,0.0407,2.6435,0.9386,0.3551,0.9644,0.8143,0.4133,0.5055,0.0845,0.5914,0.4031,0.5511,0.401,-0.0922,0.421,57.4275,58.0178,15.3902,1.2616
11.5,345,in_bed,0.6064,0.9744,0.0431,2.6206,0.9312,0.3554,0.9599,0.8065,0.4063,0.5111,0.084,0.5814,0.4042,0.5536,0.4002,-0.1048,0.4271,48.8043,49.8198,16.0332,1.2624
11.533,346,in_bed,0.5986,0.9671,0.0418,2.5963,0.9253,0.3564,0.9536,0.7967,0.4004,0.5091,0.0834,0.5728,0.4025,0.5532,0.3963,-0.1086,0.4256,44.646,46.5377,16.7905,1.2661
11.567,347,in_bed,0.5915,0.9608,0.0381,2.5778,0.9227,0.3579,0.948,0.7872,0.3957,0.5085,0.0829,0.5657,0.3968,0.5523,0.3915,-0.1127,0.4256,41.1281,43.863,17.3423,1.2696
11.6,348,in_bed,0.5866,0.9557,0.0338,2.5595,0.922,0.3602,0.9445,0.7783,0.3949,0.5134,0.0825,0.5633,0.4008,0.5495,0.3834,-0.1185,0.4309,36.7795,39.5257,17.8847,1.275
11.633,349,in_bed,0.5833,0.9551,0.0314,2.5525,0.9237,0.3619,0.942,0.7699,0.3968,0.5173,0.0823,0.5637,0.4092,0.5452,0.3731,-0.1205,0.435,35.5882,38.4482,18.9092,1.2841
11.667,350,in_bed,0.5835,0.9561,0.0323,2.5464,0.9237,0.3628,0.9415,0.7638,0.4032,0.5183,0.0823,0.566,0.4226,0.5383,0.3606,-0.1151,0.4361,36.784,39.4566,19.7388,1.2882
11.7,351,in_bed,0.5804,0.9567,0.0326,2.5413,0.9242,0.3637,0.9408,0.7572,0.4036,0.5222,0.0823,0.5676,0.4378,0.5373,0.3536,-0.1187,0.44,34.3233,36.535,20.5663,1.2921
11.733,352,in_bed,0.5812,0.9583,0.0288,2.5453,0.9295,0.3652,0.9414,0.7559,0.4064,0.5272,0.0821,0.5735,0.4582,0.535,0.3495,-0.1208,0.4451,31.5453,33.172,21.0911,1.303
11.767,353,in_bed,0.5854,0.9621,0.0209,2.5611,0.9411,0.3675,0.9437,0.7574,0.4134,0.5384,0.0817,0.5834,0.4791,0.5303,0.344,-0.125,0.4567,28.1989,31.8271,21.6586,1.3182
11.8,354,in_bed,0.5922,0.9631,0.015,2.5644,0.9481,0.3697,0.9437,0.7607,0.4236,0.5457,0.0814,0.594,0.5008,0.5201,0.3371,-0.1221,0.4643,28.3293,33.7565,22.5656,1.3222
11.833,355,in_bed,0.5971,0.9649,0.0109,2.5712,0.954,0.371,0.9442,0.7635,0.4308,0.5525,0.0812,0.6027,0.5199,0.5134,0.3327,-0.1217,0.4713,28.3203,35.0887,23.3336,1.324
11.867,356,in_bed,0.6004,0.9642,0.0077,2.5707,0.9566,0.3721,0.942,0.7643,0.4366,0.5546,0.081,0.6072,0.5314,0.5055,0.3277,-0.118,0.4736,29.4396,35.2346,24.1507,1.3256
11.9,357,in_bed,0.6017,0.9625,0.0061,2.563,0.9564,0.3732,0.9393,0.7637,0.4398,0.5574,0.0809,0.6104,0.5382,0.4995,0.3239,-0.1176,0.4766,29.5566,35.6449,24.7774,1.3236
11.933,358,in_bed,0.6026,0.9592,0.0057,2.5487,0.9535,0.3741,0.9351,0.7626,0.4426,0.5593,0.0808,0.6127,0.5433,0.4924,0.32,-0.1167,0.4785,29.8931,36.0702,25.2933,1.3166
11.967,359,in_bed,0.6029,0.9559,0.0046,2.5361,0.9513,0.3751,0.9312,0.7615,0.4443,0.5614,0.0807,0.6143,0.5475,0.4869,0.3172,-0.117,0.4806,29.1602,37.2696,25.5497,1.3121
12.0,360,in_bed,0.6035,0.9545,0.0052,2.5273,0.9493,0.3756,0.9292,0.7622,0.4448,0.5654,0.0807,0.6159,0.554,0.4844,0.3174,-0.1206,0.4847,27.6151,38.3046,25.6692,1.3067
12.033,361,in_bed,0.6036,0.9514,0.0036,2.5161,0.9478,0.3767,0.9262,0.7624,0.4448,0.5685,0.0806,0.6166,0.5583,0.4814,0.3176,-0.1237,0.4879,26.0047,39.644,25.7411,1.3035
12.067,362,in_bed,0.605,0.9469,0.0027,2.4988,0.9441,0.3778,0.9223,0.7622,0.4477,0.5681,0.0805,0.6162,0.5595,0.4746,0.3145,-0.1204,0.4876,25.8139,40.5278,25.9955,1.2942
12.1,363,in_bed,0.6047,0.9425,-0.0014,2.4892,0.9439,0.3792,0.918,0.7604,0.4489,0.5667,0.0803,0.6152,0.5603,0.4691,0.3115,-0.1177,0.4864,26.2066,40.8434,26.5191,1.2892
12.133,364,in_bed,0.6031,0.9344,-0.0056,2.4656,0.94,0.3812,0.9104,0.7574,0.4487,0.5633,0.0801,0.6129,0.5618,0.4617,0.3087,-0.1146,0.4833,26.2406,42.0364,27.1222,1.2745
12.167,365,in_bed,0.5984,0.9258,-0.0117,2.4466,0.9375,0.3832,0.9027,0.752,0.4448,0.558,0.0798,0.6064,0.5592,0.4578,0.3071,-0.1131,0.4782,26.8129,42.804,27.6115,1.2528
12.2,366,in_bed,0.5948,0.9177,-0.0144,2.422,0.9321,0.3849,0.8959,0.7479,0.4418,0.5558,0.0798,0.6013,0.5584,0.4541,0.3061,-0.114,0.476,27.8306,43.2093,28.1747,1.2203
12.233,367,in_bed,0.5933,0.9124,-0.015,2.4036,0.9273,0.3858,0.8908,0.7457,0.4409,0.5548,0.0801,0.5988,0.559,0.45,0.3048,-0.1139,0.4746,26.847,46.3618,28.4986,1.1776
12.267,368,in_bed,0.591,0.9074,-0.0186,2.3943,0.926,0.3868,0.8858,0.7423,0.4397,0.5496,0.0803,0.5968,0.5688,0.446,0.3026,-0.1099,0.4693,28.1913,48.5437,29.1621,1.1392
12.3,369,in_bed,0.5921,0.9051,-0.0179,2.3841,0.9231,0.3872,0.8837,0.7427,0.4414,0.5474,0.081,0.6001,0.5846,0.4423,0.3013,-0.106,0.4664,31.3914,51.5558,29.3621,1.0954
12.333,370,in_bed,0.5946,0.9052,-0.014,2.3762,0.9193,0.3869,0.8837,0.7448,0.4445,0.5493,0.0821,0.6061,0.6026,0.4392,0.3003,-0.1048,0.4672,35.0875,53.3266,29.5131,1.048
12.367,371,in_bed,0.5992,0.9058,-0.0116,2.3703,0.9174,0.387,0.8848,0.7481,0.4503,0.5518,0.0832,0.6139,0.6208,0.4345,0.2978,-0.1015,0.4686,37.7672,54.4365,30.1317,1.0057
12.4,372,in_bed,0.6054,0.9079,-0.0088,2.3684,0.9167,0.3871,0.8869,0.7516,0.4592,0.5514,0.0839,0.6184,0.6323,0.4278,0.2924,-0.0922,0.4675,41.8725,58.0302,30.6993,0.9834
12.433,373,in_bed,0.6147,0.9136,-0.0021,2.3721,0.9157,0.386,0.8926,0.7577,0.4716,0.5537,0.0846,0.6236,0.6457,0.421,0.2861,-0.0821,0.4691,45.2022,61.7346,31.1905,0.9758
12.467,374,in_bed,0.6234,0.9181,0.0046,2.3722,0.9135,0.3851,0.8972,0.7631,0.4837,0.5568,0.0851,0.6298,0.6585,0.4135,0.2794,-0.0731,0.4717,51.9903,69.4129,31.5503,0.9754
12.5,375,in_bed,0.6304,0.9217,0.0083,2.3765,0.9134,0.3843,0.9006,0.7667,0.494,0.5572,0.0853,0.6354,0.6697,0.4066,0.2727,-0.0632,0.4719,58.5619,76.8503,31.9807,0.9796
12.533,376,in_bed,0.6371,0.9242,0.0121,2.3769,0.9122,0.3838,0.9031,0.77,0.5042,0.5555,0.0856,0.6416,0.6775,0.399,0.2658,-0.0514,0.4699,68.0313,87.1583,32.4466,0.9824
12.567,377,in_bed,0.642,0.9243,0.0167,2.368,0.9076,0.3833,0.9039,0.7724,0.5116,0.5499,0.086,0.6483,0.6843,0.3923,0.2607,-0.0382,0.4639,79.9045,99.4496,32.7146,0.9799
12.6,378,in_bed,0.6442,0.9208,0.0209,2.3497,0.8999,0.383,0.9011,0.771,0.5175,0.5398,0.0863,0.6496,0.6853,0.3836,0.2535,-0.0223,0.4536,95.0076,115.0674,33.0701,0.9759
12.633,379,in_bed,0.6404,0.9163,0.0233,2.3322,0.893,0.3829,0.8974,0.7674,0.5134,0.5342,0.0864,0.648,0.6844,0.384,0.254,-0.0208,0.4478,95.4494,114.4052,32.1427,0.971
12.667,380,in_bed,0.6398,0.914,0.0265,2.3218,0.8875,0.3822,0.8971,0.7653,0.5144,0.5276,0.0867,0.6442,0.6821,0.3827,0.2509,-0.0132,0.441,101.1523,119.3962,31.6258,0.9672
12.7,381,in_bed,0.64,0.9137,0.0276,2.3218,0.8861,0.3816,0.8957,0.7644,0.5155,0.5211,0.0867,0.6427,0.6788,0.3801,0.2488,-0.0056,0.4344,106.475,124.1849,31.5587,0.9668
12.733,382,in_bed,0.6404,0.9158,0.0287,2.3306,0.8871,0.3807,0.8981,0.7648,0.5161,0.5162,0.0868,0.6411,0.6761,0.382,0.2487,-0.0001,0.4294,110.2652,127.0539,31.2041,0.9694
12.767,383,in_bed,0.6386,0.9212,0.0302,2.3514,0.8911,0.379,0.9032,0.7655,0.5118,0.5131,0.0869,0.6382,0.6728,0.3913,0.2536,-0.0013,0.4263,108.8806,124.642,30.7373,0.9738
12.8,384,in_bed,0.6358,0.9319,0.0335,2.3903,0.8984,0.3759,0.9126,0.7671,0.5046,0.5136,0.0872,0.6338,0.6694,0.408,0.2625,-0.009,0.4264,101.964,116.381,29.8098,0.982
12.833,385,in_bed,0.6321,0.9422,0.0347,2.4324,0.9075,0.3731,0.9218,0.7683,0.4959,0.5133,0.0873,0.6265,0.6639,0.4258,0.2724,-0.0173,0.426,95.6269,108.6188,28.6856,0.9945
12.867,386,in_bed,0.628,0.9513,0.035,2.4718,0.9163,0.3707,0.9295,0.7695,0.4866,0.5131,0.0873,0.6199,0.6563,0.4429,0.2829,-0.0265,0.4258,89.6381,101.4201,27.6843,1.007
12.9,387,in_bed,0.6222,0.9598,0.0365,2.5064,0.9233,0.3684,0.937,0.7702,0.4742,0.5169,0.0874,0.6123,0.6475,0.4628,0.296,-0.0427,0.4295,78.2828,88.9543,26.7461,1.0179
12.933,388,in_bed,0.6181,0.969,0.0377,2.5456,0.9313,0.3659,0.9447,0.7709,0.4653,0.5174,0.0875,0.6062,0.6386,0.4794,0.3057,-0.0522,0.4299,74.0604,84.2806,25.9769,1.031
12.967,389,in_bed,0.6142,0.9777,0.0371,2.5853,0.9406,0.3638,0.9527,0.7724,0.4561,0.5205,0.0875,0.6041,0.6323,0.4966,0.3163,-0.0644,0.4329,68.577,78.4092,25.3666,1.0445
13.0,390,in_bed,0.6153,0.9876,0.0357,2.6313,0.9519,0.3618,0.9621,0.7765,0.454,0.5227,0.0875,0.6046,0.6277,0.5081,0.3226,-0.0687,0.4352,67.1298,76.9429,25.092,1.0604
13.033,391,in_bed,0.6163,0.9972,0.0354,2.6754,0.9618,0.3595,0.9713,0.7813,0.4514,0.525,0.0875,0.6054,0.6229,0.5199,0.3299,-0.0736,0.4374,65.0525,74.5824,24.6835,1.0726
13.067,392,in_bed,0.6193,1.005,0.0344,2.7127,0.9706,0.3578,0.9792,0.7867,0.4518,0.5248,0.0875,0.6058,0.6185,0.5274,0.3349,-0.073,0.4373,65.9118,75.3142,24.2596,1.0831
13.1,393,in_bed,0.6222,1.0122,0.034,2.7465,0.9782,0.3562,0.9867,0.7921,0.4524,0.5247,0.0875,0.6055,0.613,0.5342,0.3396,-0.0723,0.4372,66.3314,75.7572,24.0154,1.0926
13.133,394,in_bed,0.6262,1.0178,0.0346,2.7696,0.9832,0.355,0.9925,0.7973,0.455,0.526,0.0876,0.6067,0.6073,0.5375,0.3423,-0.071,0.4385,66.728,76.1187,23.87,1.0989
13.167,395,in_bed,0.6296,1.0221,0.0354,2.7846,0.9867,0.3543,0.9974,0.8015,0.4578,0.5265,0.0876,0.6072,0.6021,0.5396,0.3437,-0.0687,0.4389,67.2856,76.6047,23.8157,1.1041
13.2,396,in_bed,0.6321,1.0234,0.0334,2.7888,0.99,0.355,0.9991,0.8045,0.4597,0.5287,0.0875,0.6087,0.5981,0.5394,0.3448,-0.069,0.4412,67.0179,76.0275,23.6131,1.1106
13.233,397,in_bed,0.6347,1.0229,0.032,2.7848,0.991,0.3559,0.9989,0.8059,0.4635,0.528,0.0875,0.6104,0.5887,0.5354,0.3423,-0.0645,0.4405,68.7933,77.9293,23.7413,1.1144
13.267,398,in_bed,0.6366,1.0201,0.0341,2.7655,0.986,0.3565,0.9963,0.8062,0.4669,0.5271,0.0876,0.6088,0.5725,0.5294,0.3393,-0.0602,0.4395,71.2773,80.5704,23.9219,1.1092
13.3,399,in_bed,0.6358,1.0161,0.0347,2.746,0.9813,0.3574,0.9927,0.804,0.4676,0.5246,0.0876,0.6074,0.5585,0.5251,0.3365,-0.0571,0.437,72.9773,82.5621,24.3741,1.1049
13.333,400,in_bed,0.6325,1.0111,0.0338,2.727,0.9773,0.3584,0.9875,0.7996,0.4655,0.523,0.0875,0.6045,0.5436,0.522,0.3342,-0.0575,0.4354,72.548,82.4392,24.875,1.1006
13.367,401,in_bed,0.6283,1.0031,0.0299,2.7014,0.9732,0.3602,0.9797,0.794,0.4627,0.5171,0.0873,0.6002,0.5274,0.517,0.3314,-0.0544,0.4297,74.1472,84.3397,25.4955,1.0956
13.4,402,in_bed,0.6227,0.9946,0.0231,2.6781,0.9715,0.3627,0.9718,0.788,0.4575,0.5116,0.087,0.5965,0.5116,0.5144,0.3305,-0.0542,0.4246,72.0499,81.9992,25.9097,1.0932
13.433,403,in_bed,0.6129,0.982,0.012,2.6521,0.97,0.3657,0.9597,0.7775,0.4483,0.5015,0.0863,0.5883,0.4965,0.5114,0.3292,-0.0532,0.4152,72.7201,82.3231,26.0895,1.0927
13.467,404,in_bed,0.6039,0.9703,0.0011,2.6308,0.9693,0.3684,0.9483,0.767,0.4408,0.4905,0.0854,0.5795,0.4847,0.5074,0.3261,-0.0497,0.4051,75.4125,84.4261,26.1642,1.094
13.5,405,in_bed,0.6019,0.9614,-0.0077,2.6127,0.9691,0.3709,0.9397,0.7609,0.4429,0.4769,0.0848,0.5759,0.4742,0.4968,0.318,-0.034,0.3921,87.6277,95.6317,26.4428,1.0948
13.533,406,in_bed,0.6045,0.9557,-0.0135,2.6007,0.9692,0.3727,0.9333,0.7575,0.4515,0.4639,0.0843,0.5749,0.4623,0.4818,0.306,-0.0124,0.3796,109.6069,116.8741,26.9072,1.0959
13.567,407,in_bed,0.6116,0.951,-0.012,2.5743,0.963,0.3741,0.9293,0.7583,0.465,0.4475,0.0846,0.579,0.4588,0.4643,0.2933,0.0175,0.3628,131.0761,137.1082,27.4402,1.0833
13.6,408,in_bed,0.62,0.9454,-0.012,2.5499,0.9574,0.3755,0.9237,0.7575,0.4826,0.4251,0.0847,0.5817,0.4451,0.4411,0.2749,0.0575,0.3404,148.9273,149.4084,28.1713,1.0758
13.633,409,in_bed,0.6305,0.9396,-0.0055,2.5089,0.9451,0.3767,0.9186,0.7597,0.5012,0.4201,0.0852,0.5859,0.4447,0.4174,0.2585,0.0811,0.3349,155.3993,151.7833,28.7885,1.0624
13.667,410,in_bed,0.6431,0.9384,0.0039,2.4772,0.9345,0.3772,0.9192,0.7649,0.5212,0.4091,0.0862,0.5927,0.4389,0.3981,0.2438,0.1121,0.3229,163.2243,153.4252,29.2739,1.0411
13.7,411,in_bed,0.6539,0.9356,0.0131,2.4392,0.9225,0.3782,0.917,0.7706,0.5373,0.402,0.0869,0.6003,0.4397,0.3797,0.2333,0.1353,0.315,167.9322,154.6188,29.3119,1.0254
13.733,412,in_bed,0.6637,0.9324,0.0243,2.3956,0.9081,0.3791,0.9147,0.7773,0.5501,0.3949,0.088,0.6084,0.4468,0.3646,0.2272,0.1552,0.3069,171.3596,154.998,29.0159,0.9986
13.767,413,in_bed,0.6722,0.9241,0.04,2.3296,0.8841,0.3795,0.9079,0.7815,0.5628,0.3865,0.0872,0.6121,0.452,0.3451,0.2187,0.1763,0.2993,176.6867,156.3772,28.3916,1.0181
13.8,414,in_bed,0.676,0.9144,0.0507,2.2708,0.8637,0.3803,0.8989,0.782,0.5701,0.3813,0.0864,0.6126,0.4534,0.3289,0.2119,0.1888,0.2949,179.2742,156.814,28.387,1.0369
13.833,415,in_bed,0.6753,0.9076,0.048,2.2484,0.8596,0.3823,0.8914,0.7801,0.5706,0.3815,0.0871,0.6123,0.4581,0.3208,0.2095,0.1891,0.2943,178.1956,155.7148,29.3937,1.0016
13.867,416,in_bed,0.676,0.8977,0.0488,2.2114,0.8489,0.3839,0.8838,0.7783,0.5737,0.3812,0.0882,0.6118,0.4583,0.3101,0.2046,0.1925,0.293,178.7459,155.4169,30.9217,0.9535
13.9,417,in_bed,0.6814,0.8894,0.0575,2.1842,0.8318,0.3808,0.8764,0.7799,0.5828,0.3797,0.0872,0.6128,0.4571,0.2936,0.1971,0.2031,0.2925,178.7547,157.0279,32.6406,0.9662
13.933,418,in_bed,0.6922,0.8825,0.0785,2.1388,0.804,0.3759,0.8807,0.7896,0.5947,0.3764,0.0806,0.6117,0.454,0.286,0.1949,0.2184,0.2957,175.0259,175.022,35.04,1.3791
13.967,419,in_bed,0.7022,0.888,0.0578,2.1701,0.8303,0.3826,0.888,0.7996,0.6049,0.3747,0.0851,0.6216,0.4632,0.2832,0.1947,0.2301,0.2896,173.5622,163.8419,34.4945,1.0705
14.0,420,in_bed,0.7105,0.8945,0.0459,2.1851,0.8486,0.3884,0.8945,0.8076,0.6135,0.3754,0.0881,0.6298,0.4699,0.281,0.1941,0.238,0.2873,174.9657,160.6071,33.3454,0.9466
14.033,421,in_bed,0.7154,0.8972,0.0389,2.1887,0.8582,0.3921,0.8942,0.8116,0.6192,0.3767,0.0895,0.6297,0.4736,0.275,0.1925,0.2425,0.2872,174.0665,165.749,36.8734,0.9324
14.067,422,in_bed,0.715,0.8977,0.0318,2.1993,0.8659,0.3937,0.8977,0.8141,0.6159,0.3736,0.0892,0.6325,0.4741,0.2817,0.1981,0.2423,0.2844,175.0128,163.1695,34.0315,0.9276
14.1,423,in_bed,0.7144,0.894,0.032,2.1866,0.862,0.3942,0.894,0.8135,0.6153,0.3726,0.0898,0.6274,0.4717,0.2787,0.1983,0.2426,0.2828,174.8209,166.7322,36.3273,0.9148
14.133,424,in_bed,0.7144,0.8957,0.0295,2.1974,0.8662,0.3942,0.8957,0.8154,0.6135,0.3721,0.0897,0.6293,0.4718,0.2822,0.2019,0.2414,0.2824,175.1293,164.8076,33.7618,0.9155
14.167,425,in_bed,0.7143,0.8973,0.0287,2.2048,0.8686,0.3939,0.8973,0.8154,0.6131,0.3727,0.0896,0.6295,0.4713,0.2841,0.2023,0.2404,0.2831,175.7957,163.6265,31.7486,0.9154
14.2,426,in_bed,0.7142,0.8971,0.0282,2.2047,0.8689,0.3941,0.8971,0.8155,0.6129,0.3717,0.0896,0.6302,0.4694,0.2842,0.2025,0.2412,0.2821,175.5731,162.4623,29.795,0.9115
14.233,427,in_bed,0.7126,0.8944,0.029,2.1952,0.8653,0.3942,0.8944,0.8141,0.6111,0.3685,0.0896,0.6292,0.464,0.2833,0.2031,0.2426,0.2789,175.6218,161.6488,28.3468,0.9088
14.267,428,in_bed,0.7118,0.8946,0.0276,2.1979,0.867,0.3945,0.8946,0.8153,0.6083,0.3672,0.0896,0.6318,0.4645,0.2863,0.207,0.2411,0.2777,175.7427,161.0479,27.2786,0.9074
14.3,429,in_bed,0.71,0.8945,0.027,2.1999,0.8675,0.3943,0.8945,0.8152,0.6047,0.3651,0.0894,0.6318,0.4634,0.2898,0.2105,0.2396,0.2757,176.0614,160.7381,26.5923,0.9108
14.333,430,in_bed,0.7091,0.8951,0.0259,2.2051,0.8692,0.3942,0.8951,0.815,0.6033,0.3654,0.0893,0.6312,0.4635,0.2918,0.2117,0.2379,0.2761,176.129,160.575,26.0891,0.9133
14.367,431,in_bed,0.7074,0.8951,0.0258,2.2062,0.8693,0.394,0.8951,0.8144,0.6003,0.3633,0.0894,0.6305,0.4627,0.2948,0.2141,0.237,0.2739,176.3209,160.2581,25.7676,0.911
14.4,432,in_bed,0.7059,0.8938,0.0274,2.2002,0.8665,0.3938,0.8938,0.8134,0.5984,0.3611,0.0896,0.6295,0.4611,0.2954,0.2149,0.2374,0.2714,176.6272,159.9136,25.6869,0.9038
14.433,433,in_bed,0.7055,0.8947,0.029,2.2005,0.8657,0.3934,0.8947,0.8138,0.5973,0.3593,0.09,0.6304,0.4605,0.2974,0.2164,0.238,0.2693,176.6438,159.6725,25.46,0.8944
14.467,434,in_bed,0.7071,0.895,0.0293,2.2005,0.8657,0.3934,0.895,0.8148,0.5993,0.3592,0.0903,0.631,0.4582,0.2958,0.2156,0.2401,0.2688,176.8233,159.3007,25.4792,0.8866
14.5,435,in_bed,0.707,0.895,0.0296,2.1996,0.8654,0.3934,0.895,0.8149,0.5991,0.3581,0.0904,0.6312,0.4567,0.2959,0.2158,0.241,0.2677,177.0119,159.1634,25.409,0.8839
14.533,436,in_bed,0.7055,0.8941,0.0295,2.1965,0.8645,0.3936,0.8941,0.815,0.596,0.3565,0.0905,0.6316,0.455,0.298,0.219,0.2395,0.266,177.2703,159.0705,25.4157,0.8796
14.567,437,in_bed,0.7057,0.8939,0.029,2.1963,0.8648,0.3938,0.8939,0.8153,0.596,0.3552,0.0906,0.6315,0.4534,0.2978,0.2193,0.2409,0.2646,177.2126,159.1961,25.9107,0.8783
14.6,438,in_bed,0.7065,0.8935,0.0283,2.1955,0.8652,0.3941,0.8935,0.8161,0.597,0.3556,0.0906,0.6324,0.4524,0.2966,0.2191,0.2414,0.265,177.2659,159.2252,26.3907,0.8762
14.633,439,in_bed,0.7084,0.8932,0.0289,2.1917,0.8643,0.3944,0.8932,0.8176,0.5993,0.3574,0.0908,0.6335,0.453,0.294,0.2183,0.2419,0.2666,177.4158,159.2536,26.9282,0.8693
14.667,440,in_bed,0.7101,0.8945,0.028,2.1963,0.8665,0.3945,0.8945,0.8187,0.6014,0.3599,0.0909,0.6344,0.4545,0.293,0.2173,0.2415,0.269,177.4401,159.1948,27.6321,0.869
14.7,441,in_bed,0.7114,0.8953,0.0271,2.1998,0.8682,0.3947,0.8953,0.8194,0.6034,0.3623,0.0909,0.6342,0.4544,0.2919,0.216,0.2411,0.2714,177.2,159.2268,28.0887,0.8688
14.733,442,in_bed,0.7119,0.8958,0.0268,2.2013,0.869,0.3948,0.8958,0.8199,0.604,0.3628,0.0909,0.6348,0.4555,0.2918,0.2159,0.2411,0.2719,177.1282,159.2305,28.1424,0.8676
14.767,443,in_bed,0.7105,0.895,0.0283,2.1971,0.8668,0.3945,0.895,0.8189,0.6022,0.3643,0.091,0.6337,0.4547,0.2928,0.2166,0.2379,0.2733,177.0052,159.2232,28.2395,0.8631
14.8,444,in_bed,0.7102,0.8945,0.0281,2.1961,0.8663,0.3945,0.8945,0.8189,0.6016,0.365,0.0909,0.6341,0.4571,0.2929,0.2173,0.2366,0.2741,176.9414,159.3056,28.2678,0.8652
14.833,445,in_bed,0.7084,0.8925,0.0288,2.1886,0.8637,0.3946,0.8925,0.8184,0.5984,0.3642,0.0909,0.6336,0.4561,0.2941,0.22,0.2342,0.2733,176.8693,159.1216,28.1303,0.8634
14.867,446,in_bed,0.7069,0.8912,0.0292,2.1832,0.8619,0.3948,0.8912,0.8183,0.5956,0.363,0.0909,0.6342,0.4568,0.2955,0.2226,0.2326,0.2721,176.8747,158.9303,28.0821,0.8615
14.9,447,in_bed,0.7062,0.8906,0.0295,2.1812,0.8611,0.3948,0.8906,0.818,0.5944,0.3632,0.091,0.6341,0.4561,0.2962,0.2236,0.2312,0.2722,176.8832,158.8332,28.0529,0.8596
14.933,448,in_bed,0.7056,0.887,0.0296,2.1684,0.8574,0.3954,0.8751,0.8165,0.5947,0.3638,0.091,0.637,0.4631,0.2804,0.2218,0.2309,0.2728,176.3559,158.5508,28.5406,0.8535
14.967,449,in_bed,0.7053,0.8886,0.0292,2.1746,0.8594,0.3952,0.8886,0.8177,0.593,0.3626,0.0911,0.6403,0.4675,0.2956,0.2247,0.2304,0.2715,176.7453,158.5101,28.2776,0.8542
15.0,450,in_bed,0.7049,0.8893,0.0285,2.1779,0.8608,0.3952,0.8893,0.8185,0.5912,0.3616,0.0911,0.6431,0.4732,0.2981,0.2273,0.2296,0.2705,177.0226,158.5381,28.114,0.8555
15.033,451,in_bed,0.7048,0.8884,0.0285,2.1746,0.8599,0.3954,0.8884,0.8189,0.5908,0.3616,0.0911,0.6448,0.4768,0.2976,0.2281,0.2292,0.2705,177.2206,158.6157,28.0613,0.8551
15.067,452,in_bed,0.7049,0.8892,0.0285,2.1772,0.8607,0.3953,0.8892,0.8194,0.5905,0.3613,0.0911,0.6459,0.4785,0.2987,0.2289,0.2292,0.2702,177.2789,158.7334,27.9823,0.856
15.1,453,in_bed,0.7042,0.8909,0.0295,2.1823,0.8614,0.3947,0.8909,0.8194,0.5889,0.3607,0.0912,0.6459,0.4797,0.302,0.2305,0.2283,0.2695,177.3213,158.7038,27.8563,0.8571
15.133,454,in_bed,0.7035,0.8911,0.0304,2.1819,0.8607,0.3945,0.8911,0.8193,0.5877,0.3587,0.0912,0.6466,0.4807,0.3034,0.2316,0.229,0.2675,177.5542,158.7509,27.8208,0.8561
15.167,455,in_bed,0.7031,0.8872,0.0306,2.1685,0.8566,0.395,0.8753,0.8171,0.5891,0.3599,0.0912,0.6458,0.4815,0.2862,0.228,0.2292,0.2687,177.0233,158.582,28.2776,0.8501
15.2,456,in_bed,0.7027,0.8832,0.0324,2.1514,0.8508,0.3955,0.8719,0.8152,0.5902,0.3601,0.0914,0.6457,0.4834,0.2817,0.225,0.2301,0.2688,176.5837,158.4352,28.5319,0.8406
15.233,457,in_bed,0.7024,0.8817,0.0336,2.1443,0.8481,0.3955,0.8709,0.8138,0.5909,0.363,0.0914,0.6462,0.4876,0.28,0.2229,0.2279,0.2716,176.0473,158.3118,28.754,0.8359
15.267,458,in_bed,0.7033,0.8804,0.0342,2.1384,0.8462,0.3957,0.8699,0.8135,0.593,0.3646,0.0915,0.6475,0.4905,0.2768,0.2205,0.2284,0.2731,175.7828,158.3199,29.1632,0.8315
15.3,459,in_bed,0.7039,0.8795,0.0342,2.1344,0.8453,0.396,0.8692,0.8137,0.594,0.3649,0.0915,0.6484,0.4917,0.2752,0.2196,0.2291,0.2734,175.4627,158.2516,29.3929,0.8286
15.333,460,in_bed,0.7047,0.8813,0.0327,2.1421,0.8486,0.3961,0.8705,0.8155,0.5939,0.3638,0.0914,0.649,0.4905,0.2766,0.2216,0.2301,0.2724,175.7865,158.5671,29.1075,0.8333
15.367,461,in_bed,0.7054,0.8842,0.0324,2.1522,0.8518,0.3958,0.8842,0.817,0.5937,0.3645,0.0914,0.6492,0.4897,0.2904,0.2233,0.2292,0.2731,175.9545,158.7331,28.8567,0.8372
15.4,462,in_bed,0.7053,0.8861,0.0325,2.1587,0.8536,0.3954,0.8861,0.8177,0.5929,0.3643,0.0914,0.6491,0.4893,0.2932,0.2249,0.2286,0.2729,176.3078,158.8199,28.6716,0.8399
15.433,463,in_bed,0.7056,0.885,0.0332,2.1538,0.8518,0.3955,0.8737,0.8167,0.5944,0.3648,0.0914,0.6493,0.4901,0.2793,0.2223,0.2296,0.2734,175.9037,158.7406,28.9787,0.8375
15.467,464,in_bed,0.7056,0.8842,0.034,2.1497,0.8502,0.3955,0.8733,0.8159,0.5954,0.3646,0.0914,0.6485,0.4895,0.2779,0.2205,0.2308,0.2732,175.4617,158.6167,29.0883,0.8351
15.5,465,in_bed,0.7057,0.8836,0.0345,2.1467,0.8491,0.3955,0.8731,0.8153,0.5961,0.3643,0.0914,0.6478,0.4895,0.277,0.2192,0.2318,0.2728,175.2086,158.4629,29.3183,0.8331
15.533,466,in_bed,0.7064,0.884,0.034,2.1486,0.8499,0.3956,0.884,0.815,0.5978,0.365,0.0914,0.6477,0.4912,0.2862,0.2171,0.2329,0.2736,174.8112,158.4096,29.5797,0.8335
15.567,467,in_bed,0.7069,0.8835,0.0338,2.147,0.8497,0.3958,0.8835,0.8146,0.5992,0.3678,0.0913,0.6477,0.4921,0.2843,0.2154,0.2314,0.2765,174.5753,158.362,29.7866,0.8325
15.6,468,in_bed,0.7075,0.8832,0.0332,2.1466,0.85,0.396,0.8832,0.8146,0.6004,0.3673,0.0913,0.6484,0.4924,0.2828,0.2142,0.2331,0.276,174.4963,158.3381,29.8064,0.8322
15.633,469,in_bed,0.7087,0.8846,0.033,2.1512,0.8516,0.3959,0.8846,0.8158,0.6015,0.3692,0.0914,0.6502,0.4944,0.2831,0.2143,0.2323,0.2778,174.5882,158.2765,29.7656,0.8316
15.667,470,in_bed,0.7082,0.8847,0.0328,2.1522,0.8519,0.3958,0.8847,0.8157,0.6007,0.3696,0.0913,0.6503,0.4929,0.284,0.215,0.2311,0.2782,174.5489,158.2507,29.7995,0.8317
15.7,471,in_bed,0.7079,0.8843,0.0324,2.1516,0.8519,0.3959,0.8843,0.8153,0.6005,0.3709,0.0912,0.6499,0.4929,0.2838,0.2149,0.2296,0.2796,174.3436,158.1951,29.8243,0.8326
15.733,472,in_bed,0.7075,0.8833,0.033,2.1473,0.8503,0.396,0.8833,0.8147,0.6004,0.3728,0.0913,0.6497,0.492,0.2829,0.2142,0.2277,0.2815,174.1677,158.2574,29.778,0.8307
15.767,473,in_bed,0.7073,0.8825,0.0335,2.1439,0.849,0.396,0.8732,0.8141,0.6004,0.3733,0.0913,0.6495,0.491,0.2728,0.2137,0.2272,0.282,174.2469,158.2277,29.7734,0.8291
15.8,474,in_bed,0.7067,0.8818,0.034,2.1413,0.8479,0.396,0.8818,0.813,0.6005,0.3742,0.0913,0.6481,0.4899,0.2813,0.2124,0.2263,0.2829,174.0787,158.3377,29.8466,0.8281
15.833,475,in_bed,0.7062,0.8795,0.0348,2.1318,0.8447,0.3962,0.8703,0.8122,0.6003,0.3733,0.0913,0.6481,0.4899,0.2701,0.2119,0.2269,0.282,174.1643,158.2785,29.9686,0.8253
15.867,476,in_bed,0.706,0.8784,0.0347,2.1277,0.8438,0.3966,0.8692,0.8121,0.6,0.372,0.0913,0.6491,0.4924,0.2692,0.212,0.228,0.2807,174.4093,158.184,30.0383,0.8245
15.9,477,in_bed,0.7062,0.8787,0.0348,2.128,0.8439,0.3965,0.8694,0.8121,0.6002,0.3711,0.0914,0.6498,0.4941,0.2692,0.212,0.229,0.2798,174.4002,158.2227,29.9513,0.8241
15.933,478,in_bed,0.7068,0.8772,0.0349,2.1225,0.8423,0.3969,0.868,0.8122,0.6014,0.3711,0.0914,0.6496,0.4937,0.2666,0.2108,0.2303,0.2797,174.5577,158.2589,29.9671,0.823
15.967,479,in_bed,0.7073,0.8759,0.035,2.117,0.8409,0.3972,0.8666,0.8126,0.602,0.3705,0.0914,0.6498,0.494,0.2646,0.2106,0.2315,0.2791,174.625,158.2097,29.7665,0.8215
16.0,480,in_bed,0.7075,0.8751,0.0353,2.1133,0.8398,0.3974,0.8657,0.8122,0.6029,0.3709,0.0913,0.6482,0.4926,0.2628,0.2093,0.232,0.2796,174.0341,158.2655,29.8349,0.8215
16.033,481,in_bed,0.7074,0.8753,0.036,2.1126,0.8393,0.3973,0.8753,0.8121,0.6027,0.3706,0.0914,0.6481,0.4929,0.2726,0.2094,0.2321,0.2792,173.8772,158.2047,30.0292,0.8205
16.067,482,in_bed,0.7072,0.8784,0.036,2.1235,0.8425,0.3967,0.8784,0.8136,0.6008,0.3704,0.0914,0.647,0.4908,0.2776,0.2128,0.2305,0.279,174.385,158.4387,29.4796,0.8258
16.1,483,in_bed,0.7067,0.8797,0.0355,2.1289,0.8443,0.3966,0.8693,0.8147,0.5986,0.3693,0.0913,0.6469,0.4893,0.2706,0.2161,0.2293,0.278,174.5871,158.566,28.8765,0.8305
16.133,484,in_bed,0.7066,0.8794,0.035,2.1285,0.8443,0.3967,0.8691,0.8141,0.5991,0.37,0.0913,0.647,0.4895,0.27,0.215,0.229,0.2788,174.5223,158.3966,29.092,0.8301
16.167,485,in_bed,0.7058,0.8778,0.0348,2.1235,0.843,0.397,0.8676,0.8134,0.5983,0.3694,0.0913,0.6473,0.4896,0.2693,0.2151,0.2289,0.2781,174.4184,158.3641,29.1978,0.828
16.2,486,in_bed,0.7054,0.8772,0.0346,2.1222,0.8426,0.397,0.8671,0.8125,0.5983,0.3695,0.0912,0.647,0.4893,0.2688,0.2142,0.2288,0.2783,174.3331,158.3041,29.2351,0.8281
16.233,487,in_bed,0.706,0.8798,0.0341,2.1317,0.8457,0.3967,0.8693,0.814,0.598,0.3683,0.0911,0.6473,0.488,0.2712,0.216,0.2297,0.2772,174.7512,158.4614,28.7388,0.8339
16.267,488,in_bed,0.7072,0.8787,0.0343,2.1273,0.8444,0.3969,0.8683,0.814,0.6003,0.3687,0.0912,0.6468,0.4866,0.268,0.2136,0.2317,0.2775,174.5766,158.4291,28.851,0.8311
16.3,489,in_bed,0.7074,0.8771,0.0352,2.1203,0.8419,0.3971,0.8668,0.8132,0.6015,0.368,0.0913,0.6456,0.4839,0.2653,0.2117,0.2335,0.2768,174.4241,158.4761,29.0187,0.8276
16.333,490,in_bed,0.7081,0.8756,0.0351,2.1147,0.8406,0.3975,0.8655,0.8134,0.6029,0.3676,0.0913,0.646,0.4836,0.2625,0.2104,0.2354,0.2763,174.5289,158.418,29.1268,0.8253
16.367,491,in_bed,0.7096,0.8742,0.0348,2.1095,0.8395,0.398,0.8643,0.814,0.6053,0.3683,0.0913,0.6471,0.4839,0.259,0.2087,0.2369,0.277,174.5725,158.432,29.2442,0.823
16.4,492,in_bed,0.709,0.8738,0.0342,2.1087,0.8396,0.3982,0.8738,0.8135,0.6046,0.3674,0.0912,0.6475,0.4853,0.2692,0.2089,0.2372,0.2762,174.3897,158.335,29.4262,0.823
16.433,493,in_bed,0.7089,0.8722,0.0339,2.1039,0.8383,0.3985,0.8623,0.8127,0.6051,0.3666,0.0912,0.6463,0.4844,0.2573,0.2076,0.2384,0.2754,174.4488,158.2543,29.7679,0.8215
16.467,494,in_bed,0.7087,0.8731,0.0336,2.1076,0.8394,0.3983,0.8731,0.8128,0.6046,0.367,0.0912,0.6469,0.4857,0.2684,0.2082,0.2376,0.2758,174.2156,158.2656,29.8869,0.8222
16.5,495,in_bed,0.7082,0.8742,0.0339,2.1116,0.8403,0.3979,0.8742,0.8125,0.6039,0.3676,0.0912,0.6478,0.4888,0.2703,0.2087,0.2363,0.2763,174.1053,158.195,29.965,0.8232
16.533,496,in_bed,0.7083,0.8751,0.0337,2.1152,0.8414,0.3978,0.8751,0.8125,0.6041,0.3691,0.0912,0.6479,0.4902,0.2709,0.2083,0.2351,0.2778,173.9442,158.1668,30.0151,0.824
16.567,497,in_bed,0.7096,0.8767,0.0334,2.1205,0.8433,0.3977,0.8767,0.8134,0.6058,0.3701,0.0912,0.6499,0.4931,0.2709,0.2076,0.2358,0.2788,173.9255,158.2128,30.0856,0.8247
16.6,498,in_bed,0.7115,0.8777,0.033,2.1236,0.8447,0.3978,0.8777,0.8146,0.6083,0.3721,0.0913,0.6533,0.4979,0.2694,0.2062,0.2362,0.2808,174.1272,158.2582,30.0111,0.825
16.633,499,in_bed,0.7113,0.8786,0.033,2.1262,0.8455,0.3977,0.8691,0.8152,0.6074,0.3712,0.0913,0.6564,0.5015,0.2617,0.2078,0.2362,0.2799,174.1777,158.3271,29.8029,0.8261
16.667,500,in_bed,0.7113,0.8799,0.0326,2.1314,0.8473,0.3975,0.8799,0.8159,0.6067,0.371,0.0913,0.6586,0.5042,0.2732,0.2092,0.2358,0.2797,174.0278,158.4295,29.597,0.828
16.7,501,in_bed,0.7115,0.8811,0.0325,2.136,0.8487,0.3973,0.8811,0.8162,0.6068,0.3716,0.0913,0.6601,0.506,0.2743,0.2094,0.2352,0.2803,173.9917,158.5182,29.665,0.8292
16.733,502,in_bed,0.7117,0.8816,0.0318,2.1384,0.8498,0.3974,0.8816,0.8167,0.6067,0.3732,0.0913,0.6603,0.5065,0.2749,0.21,0.2335,0.2819,173.8851,158.5775,29.708,0.8307
16.767,503,in_bed,0.7112,0.8819,0.0314,2.1403,0.8505,0.3974,0.8819,0.8167,0.6056,0.3742,0.0913,0.6598,0.5058,0.2763,0.2111,0.2314,0.2829,173.7362,158.5448,29.7339,0.8315
16.8,504,in_bed,0.711,0.8838,0.0305,2.1483,0.8533,0.3972,0.8838,0.8176,0.6043,0.3747,0.0912,0.6577,0.498,0.2795,0.2133,0.2296,0.2835,174.1194,158.6746,29.2875,0.8373
16.833,505,in_bed,0.7109,0.8854,0.0307,2.1543,0.8548,0.3968,0.8854,0.8182,0.6037,0.3748,0.0911,0.6551,0.4904,0.2818,0.2145,0.2288,0.2837,174.3914,158.8906,28.8352,0.8407
16.867,506,in_bed,0.7105,0.8871,0.0302,2.1608,0.8569,0.3966,0.8871,0.819,0.6021,0.3742,0.0911,0.6534,0.4856,0.285,0.217,0.2278,0.2831,174.7214,158.9888,28.6896,0.8443
16.9,507,in_bed,0.709,0.8863,0.0308,2.1574,0.8555,0.3965,0.8863,0.8189,0.5991,0.3726,0.0911,0.6517,0.4819,0.2872,0.2198,0.2265,0.2815,174.9162,158.9454,28.2514,0.8442
16.933,508,in_bed,0.7076,0.8857,0.0314,2.1553,0.8543,0.3964,0.8742,0.8186,0.5965,0.3712,0.0911,0.6504,0.4801,0.2776,0.2221,0.2254,0.2801,175.0855,158.855,27.9013,0.8449
16.967,509,in_bed,0.7071,0.8856,0.0314,2.1547,0.8542,0.3965,0.8738,0.8192,0.5949,0.3697,0.0911,0.651,0.4822,0.2789,0.2244,0.2252,0.2786,175.5073,158.8461,27.6926,0.8456
17.0,510,in_bed,0.7047,0.882,0.0319,2.143,0.8501,0.3967,0.8707,0.8162,0.5933,0.3694,0.0912,0.6497,0.4835,0.2773,0.2228,0.2239,0.2782,175.0412,158.5761,28.0375,0.8394
17.033,511,in_bed,0.703,0.8806,0.0332,2.137,0.8475,0.3966,0.8806,0.8144,0.5917,0.3688,0.0914,0.6495,0.4867,0.2889,0.2227,0.2229,0.2774,175.3536,158.1538,28.3778,0.8342
17.067,512,in_bed,0.7031,0.8797,0.0319,2.1356,0.8478,0.397,0.869,0.814,0.5922,0.369,0.0914,0.6512,0.4912,0.2768,0.2218,0.2232,0.2776,175.2965,157.8818,28.2227,0.8331
17.1,513,in_bed,0.7031,0.8789,0.0315,2.1333,0.8474,0.3972,0.8789,0.8138,0.5924,0.3692,0.0915,0.6527,0.4946,0.2865,0.2214,0.2232,0.2776,175.6771,157.4138,28.383,0.8303
17.133,514,in_bed,0.7029,0.8811,0.0298,2.1437,0.8513,0.3971,0.8811,0.8152,0.5905,0.3687,0.0915,0.6533,0.4952,0.2906,0.2247,0.2218,0.2772,176.5104,157.1164,27.9387,0.8365
17.167,515,in_bed,0.7031,0.8807,0.0295,2.1433,0.8512,0.3971,0.8807,0.8143,0.5919,0.3705,0.0916,0.6528,0.4958,0.2888,0.2224,0.2214,0.2789,176.4096,156.7702,28.2395,0.8347
17.2,516,in_bed,0.703,0.8806,0.029,2.1439,0.8516,0.3972,0.8806,0.8132,0.5927,0.3703,0.0916,0.6529,0.4973,0.2879,0.2205,0.2224,0.2787,176.933,156.1811,28.6392,0.8344
17.233,517,in_bed,0.702,0.8808,0.028,2.1473,0.8528,0.3971,0.8808,0.8116,0.5923,0.3709,0.0915,0.651,0.4967,0.2884,0.2193,0.2214,0.2794,177.0729,155.731,28.9244,0.8358
17.267,518,in_bed,0.699,0.8811,0.0268,2.1534,0.8543,0.3967,0.8811,0.8106,0.5874,0.3671,0.0915,0.6472,0.494,0.2937,0.2233,0.2203,0.2756,177.9595,154.849,28.2399,0.8385
17.3,519,in_bed,0.696,0.8818,0.027,2.1577,0.8548,0.3962,0.8818,0.81,0.582,0.3642,0.0916,0.6447,0.4917,0.2998,0.228,0.2178,0.2726,178.6933,154.0164,27.5207,0.8384
17.333,520,in_bed,0.6941,0.8829,0.0281,2.161,0.8548,0.3956,0.8829,0.8098,0.5785,0.3629,0.0918,0.6417,0.4906,0.3044,0.2313,0.2156,0.2711,178.1793,153.466,27.0832,0.8373
17.367,521,in_bed,0.694,0.8828,0.0275,2.1623,0.8553,0.3956,0.8828,0.8103,0.5778,0.3612,0.0919,0.6414,0.49,0.305,0.2326,0.2166,0.2693,178.066,153.1517,26.7173,0.8366
17.4,522,in_bed,0.6944,0.8825,0.0266,2.1633,0.856,0.3957,0.8825,0.8108,0.5781,0.3595,0.0919,0.6409,0.4889,0.3045,0.2328,0.2186,0.2676,178.0955,153.008,26.5048,0.8367
17.433,523,in_bed,0.6958,0.8837,0.025,2.1688,0.8587,0.3959,0.8837,0.8118,0.5798,0.3619,0.0918,0.6387,0.479,0.3039,0.232,0.2179,0.2701,177.8164,153.4182,26.4692,0.8418
17.467,524,in_bed,0.6964,0.885,0.0246,2.1727,0.8603,0.396,0.885,0.8126,0.5801,0.3642,0.0918,0.6367,0.4688,0.3048,0.2325,0.2159,0.2724,177.33,153.533,26.6959,0.8437
17.5,525,in_bed,0.6977,0.8864,0.0244,2.1766,0.862,0.396,0.8739,0.8141,0.5813,0.3671,0.0919,0.6353,0.4602,0.2926,0.2328,0.2142,0.2752,177.1674,153.8256,26.7643,0.8436
17.533,526,in_bed,0.6999,0.8886,0.0247,2.1824,0.864,0.3959,0.8761,0.8161,0.5837,0.3698,0.0921,0.6352,0.4581,0.2924,0.2324,0.2139,0.2777,176.9459,153.97,27.0649,0.8437
17.567,527,in_bed,0.7011,0.89,0.0243,2.1862,0.8657,0.396,0.8774,0.8176,0.5846,0.3715,0.0922,0.6357,0.457,0.2928,0.233,0.2131,0.2794,176.716,154.0947,27.436,0.844
17.6,528,in_bed,0.7017,0.8896,0.0226,2.1866,0.867,0.3965,0.8767,0.8181,0.5853,0.3743,0.0921,0.6361,0.4591,0.2914,0.2328,0.211,0.2823,176.3447,154.1051,27.582,0.8455
17.633,529,in_bed,0.7018,0.8879,0.0222,2.181,0.8657,0.3969,0.8749,0.8179,0.5857,0.3754,0.0921,0.6344,0.4571,0.2892,0.2322,0.2103,0.2833,176.0456,154.0546,27.6853,0.8444
17.667,530,in_bed,0.7029,0.8886,0.0224,2.1816,0.8661,0.397,0.8755,0.8189,0.5869,0.3773,0.0922,0.6345,0.4573,0.2886,0.232,0.2096,0.2852,175.7247,153.9718,27.7463,0.8435
17.7,531,in_bed,0.7029,0.8876,0.0225,2.1777,0.8651,0.3973,0.8744,0.8188,0.587,0.3779,0.0922,0.6342,0.4571,0.2875,0.2319,0.2091,0.2857,175.1926,153.833,28.0578,0.8434
17.733,532,in_bed,0.702,0.8883,0.0223,2.1809,0.866,0.3971,0.8883,0.8181,0.5859,0.3777,0.0921,0.6334,0.4565,0.3024,0.2322,0.2082,0.2856,174.6711,153.6101,28.1454,0.8455
17.767,533,in_bed,0.7013,0.8881,0.0226,2.1802,0.8655,0.397,0.8881,0.8176,0.5849,0.3776,0.0921,0.6322,0.4559,0.3032,0.2327,0.2072,0.2855,174.4277,153.5786,28.1562,0.8451
17.8,534,in_bed,0.7002,0.8896,0.0231,2.1853,0.8665,0.3965,0.8896,0.8174,0.583,0.3781,0.0922,0.6317,0.4556,0.3066,0.2344,0.2049,0.286,173.8904,153.2771,28.0993,0.8458
17.833,535,in_bed,0.7,0.8899,0.0235,2.1856,0.8663,0.3964,0.8768,0.8174,0.5826,0.3782,0.0922,0.6306,0.454,0.2942,0.2348,0.2043,0.286,173.5928,153.0827,28.0627,0.845
17.867,536,in_bed,0.6991,0.8896,0.0234,2.1852,0.8661,0.3964,0.8896,0.8168,0.5815,0.3794,0.0922,0.6292,0.4529,0.3081,0.2353,0.2021,0.2872,173.319,152.9221,28.0788,0.8452
17.9,537,in_bed,0.6991,0.8905,0.0232,2.189,0.8673,0.3962,0.8905,0.8169,0.5813,0.3811,0.0922,0.6283,0.4522,0.3092,0.2356,0.2002,0.2889,173.1816,152.8821,28.0653,0.8459
17.933,538,in_bed,0.6984,0.8885,0.0228,2.183,0.8656,0.3965,0.8753,0.8161,0.5807,0.3811,0.0922,0.6263,0.4496,0.2946,0.2354,0.1997,0.2889,173.3038,152.9714,28.0362,0.8443
17.967,539,in_bed,0.6987,0.8879,0.0242,2.1783,0.8637,0.3965,0.8748,0.8165,0.5808,0.3823,0.0923,0.6257,0.4486,0.294,0.2358,0.1985,0.2899,173.5551,153.1254,27.9659,0.8406
18.0,540,in_bed,0.6993,0.8887,0.0245,2.1801,0.8642,0.3964,0.8887,0.8174,0.5811,0.3808,0.0923,0.6273,0.4504,0.3076,0.2363,0.2003,0.2885,173.5618,153.1236,27.9727,0.8409
18.033,541,in_bed,0.6992,0.8893,0.025,2.1813,0.8642,0.3962,0.8893,0.8175,0.5809,0.3804,0.0924,0.6284,0.4524,0.3084,0.2366,0.2004,0.2881,173.4787,153.0461,27.9672,0.841
18.067,542,in_bed,0.6997,0.8888,0.0254,2.1793,0.8634,0.3962,0.8888,0.8176,0.5819,0.38,0.0924,0.6289,0.4529,0.3069,0.2356,0.2019,0.2877,173.5902,153.1482,27.8758,0.8408
18.1,543,in_bed,0.7,0.8885,0.0258,2.1772,0.8627,0.3962,0.8753,0.8177,0.5823,0.3796,0.0924,0.6295,0.4528,0.293,0.2355,0.2026,0.2873,173.5199,153.1482,27.8032,0.84
18.133,544,in_bed,0.7002,0.8885,0.026,2.1763,0.8625,0.3963,0.8753,0.8184,0.582,0.379,0.0925,0.6309,0.454,0.2933,0.2364,0.2029,0.2866,173.4517,153.0659,27.839,0.8382
18.167,545,in_bed,0.6999,0.8884,0.0261,2.1763,0.8624,0.3962,0.8884,0.8181,0.5817,0.3785,0.0925,0.6319,0.4551,0.3067,0.2364,0.2032,0.286,173.4236,153.0951,27.8799,0.8378
18.2,546,in_bed,0.6996,0.8881,0.025,2.1771,0.8631,0.3964,0.8749,0.8181,0.5811,0.3783,0.0924,0.6324,0.4555,0.2938,0.237,0.2028,0.2859,173.2113,152.9643,28.0086,0.8393
18.233,547,in_bed,0.7002,0.8881,0.025,2.1768,0.8631,0.3965,0.875,0.8187,0.5816,0.3783,0.0924,0.6339,0.458,0.2934,0.237,0.2033,0.286,173.3156,153.0409,27.8969,0.8388
18.267,548,in_bed,0.7008,0.8882,0.0253,2.1759,0.8629,0.3965,0.8882,0.819,0.5827,0.3788,0.0925,0.6344,0.4588,0.3055,0.2364,0.2038,0.2863,173.5326,153.1284,27.8661,0.8377
18.3,549,in_bed,0.7009,0.8875,0.0256,2.1729,0.8619,0.3967,0.8743,0.8192,0.5825,0.3794,0.0926,0.6345,0.4584,0.2919,0.2368,0.2031,0.2868,173.7415,153.1884,27.8419,0.8354
18.333,550,in_bed,0.7004,0.8871,0.0257,2.1713,0.8614,0.3967,0.8739,0.819,0.5818,0.3788,0.0926,0.6339,0.4584,0.2921,0.2372,0.203,0.2862,173.8428,153.2102,27.9005,0.8342
18.367,551,in_bed,0.6994,0.8867,0.0245,2.1732,0.8621,0.3967,0.8867,0.8178,0.5809,0.377,0.0926,0.6325,0.4597,0.3058,0.237,0.2039,0.2844,173.7863,152.6304,27.8233,0.832
18.4,552,in_bed,0.7008,0.8866,0.024,2.1736,0.8626,0.3969,0.8732,0.8182,0.5833,0.3763,0.0925,0.6335,0.4607,0.2899,0.2349,0.207,0.2838,174.0031,152.892,27.9721,0.8334
18.433,553,in_bed,0.702,0.8874,0.0248,2.1742,0.8626,0.3968,0.874,0.8191,0.585,0.3764,0.0927,0.6346,0.4616,0.289,0.2342,0.2086,0.2837,174.2087,153.0395,28.0254,0.8323
18.467,554,in_bed,0.7022,0.8896,0.0257,2.1804,0.8639,0.3962,0.8896,0.8197,0.5848,0.3765,0.0928,0.6352,0.4633,0.3049,0.2349,0.2083,0.2837,174.1533,153.0662,28.0067,0.8331
18.5,555,in_bed,0.7026,0.8904,0.0258,2.1829,0.8646,0.3961,0.8904,0.82,0.5853,0.3769,0.0927,0.6351,0.463,0.3051,0.2347,0.2084,0.2842,174.1705,153.2124,27.9739,0.8351
18.533,556,in_bed,0.7022,0.891,0.0256,2.1863,0.8654,0.3958,0.891,0.8197,0.5847,0.3774,0.0926,0.6348,0.4625,0.3064,0.235,0.2073,0.2848,173.8904,153.1707,27.7947,0.8381
18.567,557,in_bed,0.7022,0.8909,0.0257,2.1853,0.8652,0.3959,0.8778,0.8202,0.5842,0.3768,0.0926,0.6357,0.463,0.2936,0.236,0.2074,0.2842,173.8666,153.2143,27.7793,0.838
18.6,558,in_bed,0.702,0.8878,0.0262,2.1742,0.8616,0.3963,0.8751,0.8179,0.5862,0.3782,0.0926,0.6334,0.4603,0.2889,0.2317,0.208,0.2856,173.8749,153.1371,28.3193,0.832
18.633,559,in_bed,0.7026,0.8872,0.026,2.1716,0.8611,0.3965,0.8745,0.8183,0.5869,0.3789,0.0926,0.6336,0.4604,0.2875,0.2314,0.2081,0.2863,173.9467,153.253,28.1781,0.8318
18.667,560,in_bed,0.7026,0.8838,0.0262,2.1601,0.8575,0.397,0.8714,0.8156,0.5895,0.3798,0.0925,0.6312,0.4577,0.2819,0.226,0.2098,0.2873,173.9288,153.2748,28.794,0.8272
18.7,561,in_bed,0.7013,0.884,0.0269,2.1602,0.8571,0.3968,0.8715,0.8156,0.5871,0.3793,0.0926,0.6318,0.4579,0.2844,0.2286,0.2077,0.2868,173.9198,153.2923,28.4906,0.8274
18.733,562,in_bed,0.7008,0.8843,0.0272,2.1608,0.8571,0.3967,0.8717,0.8159,0.5858,0.3795,0.0926,0.6326,0.4583,0.2858,0.23,0.2064,0.2869,173.9106,153.338,28.3314,0.8275
18.767,563,in_bed,0.7013,0.8848,0.0274,2.1613,0.8574,0.3967,0.872,0.8167,0.5859,0.3797,0.0927,0.6334,0.4591,0.2861,0.2308,0.2062,0.287,173.9136,153.3685,28.2795,0.8277
18.8,564,in_bed,0.7012,0.8843,0.027,2.1607,0.8573,0.3968,0.8714,0.8166,0.5859,0.3801,0.0926,0.6335,0.4582,0.2855,0.2307,0.2058,0.2875,173.8618,153.4561,28.1337,0.829
18.833,565,in_bed,0.7013,0.8837,0.0261,2.1599,0.8577,0.3971,0.8705,0.8169,0.5858,0.3799,0.0925,0.6336,0.4578,0.2847,0.2311,0.2059,0.2874,173.74,153.4757,27.9938,0.8305
18.867,566,in_bed,0.7007,0.8826,0.026,2.1557,0.8566,0.3974,0.8691,0.8167,0.5848,0.3798,0.0924,0.6334,0.4575,0.2843,0.2319,0.205,0.2873,173.6383,153.4338,27.9162,0.83
18.9,567,in_bed,0.7007,0.8796,0.0266,2.1438,0.853,0.3979,0.8667,0.8152,0.5862,0.3808,0.0925,0.6329,0.4568,0.2805,0.229,0.2054,0.2882,173.8605,153.4004,28.3735,0.823
18.933,568,in_bed,0.7001,0.8779,0.0273,2.1366,0.8506,0.3981,0.8654,0.8139,0.5863,0.382,0.0926,0.6334,0.4571,0.2791,0.2276,0.2043,0.2894,173.6616,153.0835,28.9993,0.8186
18.967,569,in_bed,0.7001,0.8769,0.0281,2.1314,0.8488,0.3982,0.8647,0.8131,0.5871,0.3835,0.0927,0.6327,0.4563,0.2776,0.226,0.2036,0.2908,173.4389,153.0335,29.4176,0.814
19.0,570,in_bed,0.6995,0.8768,0.0287,2.1301,0.8481,0.3981,0.8642,0.8136,0.5854,0.3827,0.0928,0.6325,0.4557,0.2788,0.2281,0.2027,0.2899,173.8284,153.0202,29.1992,0.8135
19.033,571,in_bed,0.6988,0.8767,0.0286,2.1302,0.8481,0.3981,0.8638,0.8137,0.5839,0.3812,0.0928,0.6324,0.4552,0.2799,0.2298,0.2027,0.2884,173.7593,153.0395,28.9411,0.8151
19.067,572,in_bed,0.699,0.8754,0.0289,2.1253,0.8465,0.3983,0.8627,0.8126,0.5854,0.3822,0.0928,0.6314,0.4548,0.2773,0.2272,0.2032,0.2894,173.7541,153.0182,29.3597,0.8117
19.1,573,in_bed,0.6989,0.8759,0.0288,2.1273,0.8471,0.3982,0.8629,0.8133,0.5845,0.3814,0.0928,0.6326,0.4559,0.2784,0.2288,0.2031,0.2886,173.9594,153.1013,28.946,0.8132
19.133,574,in_bed,0.6989,0.8758,0.0286,2.1273,0.8472,0.3983,0.8627,0.8138,0.584,0.3808,0.0928,0.6327,0.4554,0.2787,0.2298,0.2033,0.2879,173.9321,153.1011,28.7912,0.8136
19.167,575,in_bed,0.6989,0.8763,0.0283,2.1289,0.8479,0.3983,0.8631,0.8143,0.5835,0.3803,0.0928,0.6333,0.4552,0.2795,0.2308,0.2032,0.2875,173.833,153.0244,28.7224,0.8151
19.2,576,in_bed,0.6999,0.8746,0.0279,2.1235,0.8467,0.3987,0.8619,0.8135,0.5862,0.3808,0.0928,0.635,0.4586,0.2757,0.2273,0.2055,0.288,173.8418,152.9442,29.1622,0.8129
19.233,577,in_bed,0.7,0.875,0.0271,2.1261,0.8479,0.3988,0.8626,0.8125,0.5875,0.3818,0.0927,0.6354,0.4597,0.2751,0.225,0.2058,0.289,173.7451,152.7346,29.6032,0.8117
19.267,578,in_bed,0.7,0.8777,0.0269,2.1358,0.8508,0.3984,0.8777,0.8136,0.5864,0.3812,0.0928,0.6362,0.4608,0.2913,0.2272,0.2051,0.2885,173.5093,152.6539,29.2305,0.8154
19.3,579,in_bed,0.6996,0.8808,0.0259,2.1489,0.8549,0.3978,0.8808,0.8144,0.5849,0.3807,0.0927,0.6365,0.4622,0.296,0.2295,0.2042,0.288,173.4239,152.6655,28.7963,0.8209
19.333,580,in_bed,0.6994,0.8801,0.026,2.1468,0.8541,0.3979,0.8679,0.8126,0.5862,0.3826,0.0927,0.6349,0.4618,0.2817,0.2263,0.2036,0.2899,173.3975,152.5229,29.2204,0.8185
19.367,581,in_bed,0.7,0.8837,0.0252,2.1607,0.8585,0.3973,0.8837,0.814,0.586,0.3828,0.0926,0.6359,0.4634,0.2977,0.228,0.2032,0.2902,173.4304,152.6132,28.7642,0.8243
19.4,582,in_bed,0.7005,0.8872,0.0241,2.1749,0.863,0.3968,0.8872,0.8152,0.5859,0.3829,0.0926,0.6368,0.4654,0.3013,0.2293,0.2029,0.2904,173.4315,152.7413,28.3921,0.8306
19.433,583,in_bed,0.7001,0.8884,0.0233,2.1806,0.8651,0.3967,0.8884,0.8157,0.5846,0.3816,0.0925,0.6372,0.4667,0.3038,0.2311,0.2029,0.2892,173.5331,152.829,28.0305,0.8346
19.467,584,in_bed,0.6997,0.887,0.0238,2.1753,0.8632,0.3968,0.875,0.8138,0.5855,0.3824,0.0924,0.6363,0.4672,0.2895,0.2283,0.2031,0.2899,173.5232,152.598,28.2978,0.8314
19.5,585,in_bed,0.6993,0.8853,0.0233,2.1702,0.862,0.3972,0.8736,0.8124,0.5863,0.3826,0.0923,0.6364,0.4683,0.2872,0.2261,0.2037,0.2902,173.3796,152.4856,28.8291,0.829
19.533,586,in_bed,0.6988,0.8829,0.0234,2.1621,0.8594,0.3975,0.8713,0.8107,0.587,0.3823,0.0923,0.6356,0.4664,0.2843,0.2237,0.2047,0.29,173.0462,152.429,29.1628,0.8258
19.567,587,in_bed,0.6987,0.8802,0.0244,2.1516,0.8557,0.3977,0.8688,0.809,0.5884,0.3829,0.0923,0.6346,0.4654,0.2804,0.2206,0.2055,0.2906,172.865,152.3846,29.483,0.821
19.6,588,in_bed,0.6984,0.8777,0.0255,2.1409,0.8522,0.3981,0.8665,0.8085,0.5882,0.3839,0.0924,0.6342,0.463,0.2783,0.2203,0.2043,0.2915,172.5667,152.1906,29.6176,0.8161
19.633,589,in_bed,0.6983,0.8753,0.0259,2.1314,0.8494,0.3985,0.8643,0.808,0.5886,0.3832,0.0925,0.6356,0.4642,0.2757,0.2194,0.2054,0.2907,172.5101,152.1316,29.8931,0.8126
19.667,590,in_bed,0.6984,0.8741,0.026,2.1269,0.8481,0.3987,0.8631,0.8072,0.5896,0.3832,0.0924,0.6361,0.4648,0.2735,0.2176,0.2064,0.2908,172.3117,152.1129,30.0835,0.8115
19.7,591,in_bed,0.6981,0.8739,0.026,2.1262,0.8478,0.3987,0.863,0.8068,0.5894,0.383,0.0924,0.6369,0.4657,0.2737,0.2174,0.2064,0.2905,172.3456,152.0564,30.3317,0.8108
19.733,592,in_bed,0.6984,0.8739,0.0267,2.125,0.8472,0.3987,0.8632,0.807,0.5899,0.3835,0.0925,0.6374,0.4662,0.2734,0.2171,0.2064,0.291,172.3171,152.0026,30.3507,0.8094
19.767,593,in_bed,0.698,0.874,0.0272,2.1244,0.8468,0.3986,0.8634,0.807,0.589,0.3837,0.0926,0.6388,0.4678,0.2744,0.218,0.2052,0.2912,172.3184,151.7983,30.4651,0.8086
19.8,594,in_bed,0.6976,0.8746,0.0278,2.1254,0.8468,0.3984,0.864,0.8068,0.5885,0.3837,0.0926,0.6391,0.4682,0.2756,0.2183,0.2048,0.2911,172.3354,151.7467,30.6384,0.8077
19.833,595,in_bed,0.6977,0.8735,0.0274,2.1223,0.8462,0.3987,0.863,0.8063,0.5891,0.3839,0.0926,0.638,0.4664,0.2739,0.2172,0.2052,0.2913,172.3046,151.7242,30.9077,0.8067
19.867,596,in_bed,0.6979,0.874,0.0269,2.1245,0.8471,0.3987,0.8635,0.8063,0.5894,0.3841,0.0926,0.6373,0.4657,0.2741,0.217,0.2053,0.2915,172.5174,151.6143,31.1853,0.8074
19.9,597,in_bed,0.6979,0.8749,0.0271,2.1274,0.8479,0.3986,0.8643,0.8061,0.5898,0.3838,0.0926,0.6375,0.4671,0.2745,0.2163,0.2059,0.2912,172.674,151.562,31.4044,0.8082
19.933,598,in_bed,0.6989,0.8757,0.0273,2.1292,0.8484,0.3985,0.865,0.8065,0.5912,0.385,0.0926,0.637,0.467,0.2738,0.2153,0.2062,0.2924,172.7252,151.6939,31.5713,0.8083
19.967,599,in_bed,0.6989,0.8773,0.0267,2.1357,0.8506,0.3983,0.8773,0.8064,0.5914,0.3853,0.0925,0.6366,0.4673,0.2858,0.215,0.2061,0.2928,172.6898,151.6414,31.7332,0.8111
20.0,600,in_bed,0.6989,0.879,0.0251,2.1446,0.854,0.3982,0.879,0.8063,0.5915,0.3842,0.0924,0.6366,0.4676,0.2876,0.2149,0.2073,0.2917,172.8704,151.5533,31.8906,0.8147
20.033,601,in_bed,0.6985,0.8805,0.0243,2.1514,0.8562,0.398,0.8805,0.806,0.591,0.3833,0.0923,0.6364,0.4686,0.2895,0.215,0.2077,0.291,172.8785,151.5595,31.9596,0.8176
20.067,602,in_bed,0.6983,0.8793,0.0246,2.1471,0.8547,0.3981,0.8688,0.8058,0.5908,0.3813,0.0923,0.6365,0.4683,0.278,0.215,0.2095,0.289,173.0482,151.6358,31.9487,0.8161
20.1,603,in_bed,0.6988,0.8795,0.0243,2.1483,0.8553,0.3981,0.869,0.806,0.5915,0.3815,0.0923,0.6361,0.4675,0.2775,0.2145,0.21,0.2892,173.0874,151.6899,32.101,0.817
20.133,604,in_bed,0.6985,0.8796,0.0248,2.1478,0.8547,0.398,0.8692,0.8055,0.5915,0.3824,0.0924,0.6352,0.4669,0.2777,0.214,0.2091,0.29,173.0048,151.6687,32.1801,0.8166
20.167,605,in_bed,0.6978,0.8788,0.026,2.1437,0.8528,0.3978,0.8682,0.8047,0.5908,0.3825,0.0924,0.6338,0.4661,0.2774,0.2138,0.2083,0.2901,173.1032,151.704,32.2288,0.8143
20.2,606,in_bed,0.6978,0.8777,0.0259,2.1402,0.8518,0.398,0.8671,0.8045,0.5911,0.3835,0.0924,0.632,0.4632,0.276,0.2133,0.2077,0.291,173.2407,151.8295,32.2159,0.8133
20.233,607,in_bed,0.6982,0.8766,0.0262,2.1355,0.8504,0.3982,0.866,0.8047,0.5918,0.3848,0.0925,0.6316,0.4619,0.2742,0.2129,0.207,0.2923,173.2944,151.8876,32.0853,0.8112
20.267,608,in_bed,0.6988,0.8754,0.0258,2.1316,0.8496,0.3986,0.865,0.805,0.5926,0.3865,0.0925,0.6316,0.461,0.2723,0.2124,0.2061,0.294,173.2249,152.0141,32.0036,0.8099
20.3,609,in_bed,0.6987,0.876,0.0261,2.1331,0.8499,0.3985,0.8655,0.805,0.5924,0.3871,0.0926,0.6322,0.4629,0.2731,0.2127,0.2053,0.2946,173.056,151.9942,31.7951,0.8103
20.333,610,in_bed,0.6978,0.8752,0.0261,2.1307,0.8491,0.3985,0.8645,0.8045,0.5912,0.3863,0.0926,0.6318,0.4627,0.2733,0.2133,0.2049,0.2938,173.0116,151.9182,31.6905,0.8094
20.367,611,in_bed,0.698,0.8748,0.0254,2.1303,0.8494,0.3987,0.8641,0.8047,0.5914,0.3855,0.0925,0.6324,0.4636,0.2728,0.2133,0.2058,0.2931,172.8399,151.9334,31.6505,0.8106
20.4,612,in_bed,0.6982,0.876,0.0252,2.1353,0.8509,0.3985,0.876,0.8049,0.5916,0.3852,0.0924,0.6328,0.4662,0.2844,0.2133,0.2064,0.2928,172.8103,152.0191,31.4313,0.8124
20.433,613,in_bed,0.6982,0.876,0.0258,2.1341,0.8502,0.3984,0.8656,0.8051,0.5913,0.3845,0.0925,0.6341,0.4687,0.2743,0.2138,0.2068,0.292,173.0765,151.9467,31.3773,0.8114
20.467,614,in_bed,0.6989,0.8775,0.0264,2.1381,0.8512,0.3981,0.8671,0.8056,0.5921,0.3849,0.0925,0.634,0.468,0.2749,0.2135,0.2072,0.2924,173.1454,151.9435,31.3827,0.8116
20.5,615,in_bed,0.6998,0.8789,0.0272,2.1412,0.8517,0.3978,0.8684,0.8062,0.5933,0.3856,0.0926,0.6342,0.4672,0.2751,0.2129,0.2078,0.2929,173.2268,152.0087,31.4099,0.8112
20.533,616,in_bed,0.6996,0.8799,0.0274,2.1445,0.8525,0.3975,0.8695,0.8063,0.593,0.3864,0.0927,0.634,0.4665,0.2765,0.2133,0.2066,0.2937,173.2513,151.8507,31.4358,0.8115
20.567,617,in_bed,0.6999,0.8804,0.0274,2.1463,0.853,0.3974,0.87,0.8063,0.5935,0.3869,0.0927,0.6333,0.465,0.2765,0.2128,0.2067,0.2942,173.3889,151.8198,31.6029,0.8116
20.6,618,in_bed,0.6996,0.8794,0.027,2.1438,0.8524,0.3976,0.869,0.8062,0.5931,0.3861,0.0927,0.6331,0.4638,0.2759,0.2131,0.207,0.2934,173.3426,151.7136,31.7057,0.8113
20.633,619,in_bed,0.7001,0.8788,0.0267,2.1421,0.8521,0.3978,0.8683,0.8066,0.5936,0.3859,0.0926,0.634,0.464,0.2747,0.213,0.2077,0.2933,173.3597,151.774,31.634,0.8116
20.667,620,in_bed,0.7004,0.8781,0.0267,2.1398,0.8514,0.3979,0.8677,0.8068,0.5941,0.3851,0.0926,0.6344,0.4642,0.2736,0.2127,0.209,0.2924,173.4009,151.863,31.5538,0.8112
20.7,621,in_bed,0.7015,0.8789,0.0263,2.1425,0.8526,0.3979,0.8686,0.8077,0.5952,0.3858,0.0926,0.6353,0.4649,0.2733,0.2125,0.2094,0.2932,173.4219,151.9661,31.4296,0.8118
20.733,622,in_bed,0.7018,0.8782,0.0268,2.1393,0.8514,0.398,0.868,0.8078,0.5958,0.3868,0.0927,0.6346,0.4645,0.2722,0.212,0.209,0.2941,173.27,152.0228,31.3106,0.8102
20.767,623,in_bed,0.701,0.8787,0.0264,2.1421,0.8522,0.3979,0.8684,0.8076,0.5944,0.3868,0.0927,0.634,0.4637,0.274,0.2132,0.2076,0.2941,173.0099,151.9942,31.1933,0.8116
20.8,624,in_bed,0.7018,0.8787,0.0263,2.1417,0.8524,0.398,0.8684,0.8079,0.5957,0.3878,0.0927,0.634,0.4641,0.2728,0.2123,0.2079,0.2951,173.0437,152.1144,31.2291,0.8113
20.833,625,in_bed,0.7009,0.8781,0.0263,2.1395,0.8517,0.3981,0.8678,0.8076,0.5942,0.388,0.0927,0.6342,0.4643,0.2735,0.2133,0.2063,0.2953,172.8646,152.0701,31.064,0.8103
20.867,626,in_bed,0.7005,0.8777,0.0269,2.1374,0.8508,0.3981,0.8673,0.8075,0.5935,0.3886,0.0927,0.6343,0.4643,0.2738,0.214,0.2049,0.2959,172.5999,152.0257,30.902,0.8096
20.9,627,in_bed,0.7003,0.8772,0.0277,2.1344,0.8496,0.398,0.8667,0.8075,0.593,0.3885,0.0927,0.6345,0.4659,0.2736,0.2145,0.2045,0.2958,172.2723,152.1413,30.773,0.8091
20.933,628,in_bed,0.6997,0.8765,0.0272,2.1329,0.8493,0.3982,0.8658,0.8072,0.5922,0.3881,0.0926,0.6344,0.4655,0.2736,0.215,0.2041,0.2955,172.1206,152.0552,30.7635,0.8096
20.967,629,in_bed,0.6989,0.8759,0.027,2.132,0.849,0.3982,0.8651,0.8065,0.5912,0.3873,0.0925,0.6339,0.4645,0.2739,0.2152,0.204,0.2948,171.8213,151.956,30.6316,0.8111
21.0,630,in_bed,0.6986,0.8772,0.0267,2.1371,0.8505,0.398,0.8662,0.8066,0.5905,0.3876,0.0925,0.6338,0.4642,0.2757,0.2161,0.2029,0.2951,171.8224,151.8632,30.6909,0.8122
21.033,631,in_bed,0.698,0.8778,0.0267,2.14,0.8511,0.3977,0.8668,0.8061,0.5899,0.3879,0.0926,0.6324,0.463,0.277,0.2162,0.202,0.2954,171.8243,151.7968,30.8582,0.8125
21.067,632,in_bed,0.6981,0.8785,0.0269,2.1423,0.8516,0.3975,0.8677,0.8061,0.5901,0.3877,0.0926,0.6325,0.4632,0.2776,0.216,0.2024,0.2951,171.8419,151.712,30.968,0.8128
21.1,633,in_bed,0.6982,0.8808,0.0272,2.1499,0.8536,0.397,0.8808,0.8083,0.5881,0.3857,0.0927,0.6342,0.4644,0.2927,0.2202,0.2025,0.293,172.525,151.9808,30.3307,0.8163
21.133,634,in_bed,0.6987,0.8805,0.0276,2.148,0.853,0.3971,0.8694,0.8084,0.5891,0.3863,0.0927,0.6345,0.4652,0.2803,0.2194,0.2028,0.2936,172.3273,152.0582,30.4509,0.8147
21.167,635,in_bed,0.6998,0.8841,0.0275,2.1601,0.8566,0.3965,0.8841,0.811,0.5886,0.3846,0.0928,0.6368,0.4671,0.2956,0.2225,0.2039,0.2919,172.9033,152.228,29.9043,0.8198
21.2,636,in_bed,0.6973,0.8812,0.0268,2.153,0.8544,0.3969,0.8698,0.8081,0.5865,0.3829,0.0926,0.6328,0.4616,0.2833,0.2217,0.2036,0.2903,172.8224,152.1512,30.2758,0.8185
21.233,637,in_bed,0.6964,0.8791,0.026,2.1479,0.8531,0.3972,0.8677,0.8067,0.586,0.3814,0.0925,0.6311,0.459,0.2817,0.2207,0.2046,0.2889,172.6816,152.0646,30.4737,0.8178
21.267,638,in_bed,0.6964,0.8796,0.0253,2.1505,0.8543,0.3972,0.8683,0.8067,0.5862,0.3807,0.0924,0.6316,0.4596,0.2822,0.2205,0.2055,0.2883,172.6728,152.0854,30.6394,0.8186
21.3,639,in_bed,0.6971,0.8814,0.0255,2.1561,0.8559,0.397,0.8704,0.8072,0.5871,0.3808,0.0925,0.6317,0.4603,0.2833,0.2201,0.2063,0.2883,172.5585,152.1785,30.6534,0.8189
21.333,640,in_bed,0.6984,0.8817,0.0252,2.1568,0.8565,0.3971,0.8708,0.8078,0.5889,0.3824,0.0925,0.6318,0.46,0.2819,0.2189,0.2065,0.2899,172.534,152.1897,30.8039,0.8185
21.367,641,in_bed,0.6989,0.8811,0.024,2.1561,0.8571,0.3975,0.8702,0.8079,0.5898,0.3834,0.0924,0.6314,0.4598,0.2803,0.2181,0.2065,0.291,172.4863,152.1668,30.9693,0.8189
21.4,642,in_bed,0.6989,0.8823,0.0238,2.1605,0.8586,0.3974,0.871,0.8095,0.5882,0.383,0.0923,0.6314,0.4589,0.2827,0.2213,0.2052,0.2906,172.7619,152.3725,30.3905,0.8235
21.433,643,in_bed,0.6989,0.8843,0.0232,2.1682,0.8611,0.3972,0.8843,0.8111,0.5868,0.3814,0.0923,0.6321,0.4594,0.2975,0.2243,0.2054,0.2892,173.1693,152.5597,29.8937,0.8291
21.467,644,in_bed,0.6976,0.8843,0.0214,2.1729,0.8629,0.3971,0.8843,0.811,0.5842,0.3777,0.0921,0.6313,0.4604,0.3002,0.2269,0.2065,0.2856,173.2969,152.0898,29.3155,0.8321
21.5,645,in_bed,0.6984,0.8861,0.0213,2.1784,0.8649,0.397,0.8861,0.8131,0.5837,0.3774,0.0921,0.6328,0.461,0.3024,0.2294,0.2063,0.2853,173.2846,152.2328,28.9665,0.8349
21.533,646,in_bed,0.6987,0.8844,0.0224,2.1698,0.8619,0.3972,0.8721,0.8121,0.5853,0.3797,0.0922,0.6322,0.4612,0.2869,0.2268,0.2055,0.2875,173.2873,152.2667,29.4855,0.8299
21.567,647,in_bed,0.6985,0.8822,0.0226,2.1623,0.8596,0.3975,0.8702,0.8107,0.5863,0.3805,0.0921,0.6317,0.4615,0.2839,0.2244,0.2058,0.2883,173.2591,152.3058,29.936,0.8276
21.6,648,in_bed,0.6984,0.8797,0.0234,2.1529,0.8564,0.3978,0.8682,0.8093,0.5874,0.381,0.0922,0.6308,0.461,0.2808,0.2219,0.2064,0.2888,173.0423,152.1353,30.3844,0.8243
21.633,649,in_bed,0.6986,0.879,0.0242,2.149,0.8548,0.3978,0.8678,0.809,0.5883,0.3815,0.0923,0.6315,0.4617,0.2795,0.2206,0.2068,0.2892,173.339,152.2081,30.5997,0.8215
21.667,650,in_bed,0.6984,0.8785,0.0249,2.1464,0.8537,0.3977,0.8674,0.8083,0.5885,0.3821,0.0923,0.6314,0.4622,0.2789,0.2198,0.2064,0.2898,173.283,152.1878,30.6873,0.8204
21.7,651,in_bed,0.698,0.8775,0.0243,2.1442,0.8532,0.3979,0.8664,0.8074,0.5886,0.3831,0.0922,0.631,0.4615,0.2779,0.2189,0.2055,0.2909,172.8947,152.1588,30.7299,0.8209
21.733,652,in_bed,0.698,0.8794,0.0241,2.1513,0.8553,0.3976,0.868,0.8089,0.587,0.3827,0.0922,0.6313,0.4613,0.281,0.2219,0.2043,0.2905,173.3241,152.3236,30.1311,0.8248
21.767,653,in_bed,0.6979,0.8787,0.0243,2.1491,0.8545,0.3976,0.8674,0.8082,0.5875,0.3838,0.0922,0.6308,0.4606,0.2799,0.2208,0.2037,0.2916,173.0441,152.4016,30.3337,0.8237
21.8,654,in_bed,0.6982,0.879,0.0245,2.1497,0.8546,0.3975,0.8679,0.808,0.5884,0.3852,0.0922,0.6307,0.4607,0.2795,0.2195,0.2032,0.293,173.0183,152.4426,30.5929,0.8225
21.833,655,in_bed,0.6992,0.8791,0.024,2.1498,0.855,0.3977,0.868,0.8084,0.59,0.3863,0.0923,0.6314,0.4619,0.278,0.2183,0.2037,0.2941,173.0009,152.5727,30.8007,0.8215
21.867,656,in_bed,0.6994,0.8791,0.0244,2.149,0.8547,0.3977,0.8683,0.8084,0.5904,0.3865,0.0923,0.6321,0.4631,0.2779,0.218,0.2039,0.2942,172.7445,152.5722,30.8298,0.8207
21.9,657,in_bed,0.6985,0.8778,0.0244,2.1453,0.8534,0.3978,0.8669,0.8074,0.5896,0.3847,0.0922,0.6319,0.4623,0.2774,0.2179,0.2049,0.2924,172.5713,152.5424,30.8674,0.8201
21.933,658,in_bed,0.6986,0.8768,0.0248,2.1413,0.852,0.3979,0.8661,0.8072,0.59,0.3846,0.0922,0.6328,0.4623,0.2761,0.2172,0.2055,0.2924,172.5904,152.5709,31.0728,0.8185
21.967,659,in_bed,0.6989,0.8764,0.0254,2.1387,0.8509,0.3979,0.8659,0.8067,0.591,0.385,0.0923,0.6328,0.4617,0.2749,0.2158,0.206,0.2927,172.8255,152.5114,31.2441,0.8166
22.0,660,in_bed,0.6985,0.8769,0.0257,2.1406,0.8512,0.3976,0.8769,0.8061,0.5909,0.3845,0.0923,0.632,0.4613,0.286,0.2152,0.2064,0.2921,172.6862,152.4135,31.4379,0.8172
22.033,661,in_bed,0.6983,0.8765,0.0258,2.1394,0.8507,0.3976,0.8661,0.8056,0.5911,0.3833,0.0923,0.6316,0.4603,0.275,0.2145,0.2077,0.291,172.5848,152.4095,31.3663,0.8171
22.067,662,in_bed,0.6998,0.8757,0.0264,2.1349,0.8493,0.3978,0.8654,0.806,0.5937,0.3845,0.0924,0.6318,0.46,0.2717,0.2123,0.2092,0.292,172.96,152.4292,31.5716,0.8141
22.1,663,in_bed,0.699,0.8744,0.0273,2.129,0.847,0.3979,0.8641,0.8053,0.5926,0.3843,0.0925,0.6308,0.4589,0.2715,0.2127,0.2083,0.2918,172.9033,152.3665,31.4789,0.811
22.133,664,in_bed,0.6986,0.8727,0.0274,2.1234,0.8453,0.3981,0.8626,0.8045,0.5927,0.3843,0.0925,0.6288,0.4559,0.2699,0.2118,0.2083,0.2918,172.7976,152.4163,31.489,0.8092
22.167,665,in_bed,0.6992,0.8728,0.0266,2.1246,0.8462,0.3983,0.8626,0.8051,0.5932,0.3852,0.0925,0.6288,0.4549,0.2694,0.2118,0.208,0.2928,172.8045,152.3987,31.5202,0.8095
22.2,666,in_bed,0.6982,0.8713,0.0256,2.1217,0.8457,0.3986,0.861,0.8042,0.5922,0.3848,0.0923,0.6278,0.4511,0.2689,0.212,0.2074,0.2925,172.7068,152.3157,31.5071,0.81
22.233,667,in_bed,0.6977,0.8711,0.0259,2.1207,0.8452,0.3986,0.8608,0.8042,0.5912,0.385,0.0923,0.6277,0.4502,0.2697,0.213,0.2062,0.2927,172.7187,152.2904,31.5231,0.81
22.267,668,in_bed,0.6978,0.8734,0.0257,2.1289,0.8477,0.3982,0.8627,0.8058,0.5899,0.3834,0.0923,0.6277,0.4494,0.2729,0.216,0.2065,0.2912,173.0943,152.5296,30.7952,0.8163
22.3,669,in_bed,0.698,0.8722,0.0256,2.1245,0.8466,0.3985,0.8614,0.8053,0.5907,0.3834,0.0922,0.6278,0.449,0.2707,0.2146,0.2073,0.2912,172.7983,152.5932,30.8864,0.8152
22.333,670,in_bed,0.6984,0.8717,0.0252,2.1231,0.8465,0.3987,0.861,0.8053,0.5915,0.3839,0.0922,0.6291,0.4496,0.2694,0.2138,0.2077,0.2917,172.7084,152.6031,31.0654,0.815
22.367,671,in_bed,0.6985,0.8712,0.0243,2.1227,0.8469,0.399,0.8606,0.8051,0.592,0.3844,0.0921,0.6294,0.4492,0.2685,0.2131,0.2076,0.2923,172.7893,152.5455,31.2655,0.8153
22.4,672,in_bed,0.6978,0.8707,0.0242,2.1211,0.8465,0.3991,0.8601,0.8044,0.5913,0.3841,0.0921,0.6295,0.4506,0.2688,0.2132,0.2071,0.2921,172.8867,152.3415,31.4955,0.8153
22.433,673,in_bed,0.6979,0.8703,0.0237,2.1202,0.8466,0.3993,0.8598,0.8047,0.5912,0.3841,0.092,0.6305,0.4527,0.2686,0.2135,0.207,0.2921,172.9415,152.2769,31.3209,0.8151
22.467,674,in_bed,0.6974,0.8695,0.0226,2.1198,0.8469,0.3995,0.859,0.8042,0.5906,0.3838,0.0919,0.6301,0.4527,0.2683,0.2136,0.2068,0.292,172.8047,152.2651,31.1962,0.8168
22.5,675,in_bed,0.6971,0.8698,0.0223,2.1216,0.8475,0.3995,0.8591,0.8042,0.5899,0.3834,0.0918,0.6316,0.4557,0.2692,0.2143,0.2065,0.2916,172.75,152.2363,31.2632,0.8178
22.533,676,in_bed,0.6974,0.8731,0.0219,2.1334,0.8512,0.399,0.8618,0.8065,0.5883,0.3826,0.0918,0.6331,0.4578,0.2736,0.2182,0.2056,0.2908,173.2851,152.3658,30.6752,0.8235
22.567,677,in_bed,0.6977,0.8738,0.0219,2.135,0.8519,0.399,0.8626,0.8067,0.5886,0.3833,0.0918,0.6343,0.4602,0.274,0.2181,0.2053,0.2915,173.2024,152.3064,30.7669,0.8231
22.6,678,in_bed,0.6971,0.8724,0.0212,2.1314,0.8511,0.3993,0.8613,0.8057,0.5886,0.384,0.0916,0.6325,0.4583,0.2727,0.217,0.2046,0.2923,172.7865,152.2576,30.9084,0.8239
22.633,679,in_bed,0.6981,0.8729,0.0215,2.1323,0.8514,0.3993,0.8618,0.8063,0.5899,0.3851,0.0917,0.6323,0.4586,0.2719,0.2164,0.2048,0.2935,172.7105,152.2615,31.0185,0.8238
22.667,680,in_bed,0.6983,0.8731,0.0219,2.1323,0.8512,0.3992,0.862,0.8059,0.5907,0.3857,0.0917,0.6315,0.4582,0.2713,0.2152,0.205,0.294,172.6439,152.2188,31.0717,0.8236
22.7,681,in_bed,0.6983,0.8731,0.0221,2.1318,0.851,0.3992,0.862,0.8059,0.5907,0.3861,0.0917,0.6323,0.4606,0.2713,0.2152,0.2047,0.2944,172.6362,152.1745,31.1513,0.823
22.733,682,in_bed,0.698,0.8728,0.0229,2.1295,0.8499,0.3991,0.8616,0.8058,0.5903,0.3858,0.0917,0.6331,0.4627,0.2713,0.2156,0.2044,0.2941,172.337,152.1623,31.1025,0.8221
22.767,683,in_bed,0.6982,0.8732,0.0222,2.1316,0.8509,0.3992,0.8621,0.806,0.5905,0.3855,0.0917,0.6335,0.4619,0.2716,0.2155,0.205,0.2938,172.5278,152.0931,31.2241,0.823
22.8,684,in_bed,0.6986,0.8723,0.0219,2.129,0.8504,0.3994,0.8615,0.8061,0.591,0.3857,0.0917,0.6333,0.4616,0.2704,0.2151,0.2053,0.294,172.2903,152.2419,31.1169,0.8219
22.833,685,in_bed,0.6993,0.8712,0.0223,2.124,0.8489,0.3997,0.8605,0.8066,0.5919,0.385,0.0918,0.6336,0.4639,0.2686,0.2147,0.2069,0.2932,172.5279,152.485,31.0649,0.8189
22.867,686,in_bed,0.6989,0.874,0.0218,2.1342,0.8522,0.3993,0.8628,0.8088,0.5891,0.3819,0.0918,0.6353,0.4658,0.2738,0.2198,0.2072,0.2901,173.3972,152.6359,30.4191,0.8242
22.9,687,in_bed,0.6987,0.8759,0.0218,2.1406,0.8541,0.399,0.8643,0.8101,0.5873,0.3809,0.0919,0.6361,0.4656,0.277,0.2228,0.2064,0.289,174.0504,152.7835,29.9325,0.8267
22.933,688,in_bed,0.6978,0.8758,0.0214,2.1421,0.8544,0.3989,0.8758,0.8103,0.5853,0.3773,0.092,0.6355,0.4664,0.2905,0.225,0.208,0.2853,174.0569,152.3365,29.3645,0.8253
22.967,689,in_bed,0.6997,0.8761,0.0223,2.1404,0.8538,0.3989,0.8643,0.811,0.5884,0.38,0.0922,0.6363,0.4663,0.2759,0.2226,0.2083,0.2879,174.2778,152.4139,29.7145,0.8215
23.0,690,in_bed,0.7017,0.8761,0.0229,2.1377,0.8531,0.3991,0.8645,0.8118,0.5916,0.3822,0.0923,0.6367,0.4659,0.2729,0.2202,0.2094,0.2899,174.5603,152.5464,29.9149,0.8181
23.033,691,in_bed,0.7007,0.8754,0.0219,2.1385,0.8535,0.3991,0.8754,0.8117,0.5896,0.378,0.0923,0.6357,0.4658,0.2858,0.222,0.2116,0.2857,174.6463,152.2456,29.3018,0.8181
23.067,692,in_bed,0.7013,0.8743,0.0226,2.133,0.8516,0.3993,0.8624,0.811,0.5915,0.3806,0.0923,0.6344,0.4642,0.2709,0.2195,0.2108,0.2884,174.5634,152.3065,29.4895,0.8159
23.1,693,in_bed,0.7,0.8732,0.0222,2.1314,0.8509,0.3993,0.8604,0.8105,0.5895,0.3769,0.0923,0.6333,0.4644,0.271,0.221,0.2125,0.2847,174.5467,151.9933,28.8106,0.8157
23.133,694,in_bed,0.7002,0.8717,0.0231,2.1248,0.8486,0.3994,0.8595,0.8096,0.5908,0.3781,0.0923,0.6321,0.462,0.2687,0.2188,0.2126,0.2858,174.4279,152.0241,29.1852,0.8137
23.167,695,in_bed,0.7005,0.8724,0.0227,2.1276,0.8497,0.3994,0.86,0.8105,0.5905,0.3772,0.0922,0.6325,0.4612,0.2695,0.22,0.2133,0.285,174.2998,152.2917,28.9949,0.8179
23.2,696,in_bed,0.6998,0.8708,0.022,2.1238,0.8489,0.3997,0.8588,0.809,0.5906,0.3774,0.092,0.6325,0.4607,0.2682,0.2184,0.2132,0.2854,173.9529,152.08,29.4961,0.82
23.233,697,in_bed,0.6988,0.8701,0.0208,2.1234,0.8493,0.4,0.8583,0.8077,0.5898,0.3773,0.0918,0.6334,0.4623,0.2685,0.2179,0.2125,0.2855,173.6129,151.876,29.9018,0.8225
23.267,698,in_bed,0.6976,0.8693,0.0206,2.1216,0.8487,0.4,0.8578,0.8061,0.5892,0.3779,0.0917,0.6339,0.4635,0.2686,0.2169,0.2113,0.2862,173.3923,151.7637,30.2078,0.823
23.3,699,in_bed,0.6973,0.8692,0.02,2.1222,0.8492,0.4002,0.8581,0.8057,0.5889,0.3786,0.0916,0.6347,0.4644,0.2692,0.2169,0.2103,0.2869,173.2455,151.6936,30.528,0.823
23.333,700,in_bed,0.6979,0.8702,0.0208,2.1238,0.8495,0.4,0.8593,0.8059,0.5899,0.3807,0.0918,0.635,0.4647,0.2694,0.216,0.2092,0.2889,173.1613,151.6599,30.8278,0.8213
23.367,701,in_bed,0.6978,0.8696,0.0212,2.1208,0.8485,0.4001,0.8587,0.8058,0.5898,0.381,0.0918,0.6347,0.4659,0.2689,0.2159,0.2088,0.2892,173.271,151.7343,30.8616,0.8195
23.4,702,in_bed,0.6974,0.8697,0.0224,2.1184,0.8472,0.3999,0.8588,0.8057,0.5891,0.382,0.0919,0.6353,0.4688,0.2697,0.2165,0.2071,0.2901,173.3424,151.7909,30.9139,0.8173
23.433,703,in_bed,0.6966,0.8691,0.0236,2.1153,0.8455,0.3997,0.8583,0.805,0.5881,0.3822,0.092,0.6347,0.4693,0.2702,0.2169,0.2059,0.2902,173.3697,151.9144,30.8367,0.8157
23.467,704,in_bed,0.6964,0.8696,0.0241,2.1165,0.8455,0.3995,0.8588,0.8048,0.588,0.3825,0.0921,0.6344,0.4677,0.2708,0.2168,0.2055,0.2905,173.3604,151.8405,30.8964,0.8154
23.5,705,in_bed,0.696,0.8696,0.0244,2.1162,0.8452,0.3994,0.8589,0.8046,0.5874,0.3829,0.0921,0.6336,0.4655,0.2715,0.2172,0.2045,0.2908,173.2625,151.7428,30.8965,0.8151
23.533,706,in_bed,0.6961,0.8701,0.0246,2.1178,0.8455,0.3992,0.8594,0.8043,0.5879,0.3835,0.0921,0.6317,0.4612,0.2715,0.2165,0.2043,0.2915,173.2859,151.7949,30.9237,0.8146
23.567,707,in_bed,0.696,0.8706,0.0247,2.1196,0.8459,0.3991,0.8599,0.8044,0.5876,0.3834,0.0921,0.6318,0.4611,0.2723,0.2168,0.2042,0.2913,173.1777,151.7738,31.057,0.8144
23.6,708,in_bed,0.6966,0.8719,0.0241,2.1244,0.8478,0.3991,0.8719,0.8047,0.5884,0.3842,0.0921,0.6319,0.4613,0.2835,0.2163,0.2042,0.2922,173.0336,151.8083,31.0789,0.8153
23.633,709,in_bed,0.6968,0.8721,0.0242,2.1246,0.8479,0.3991,0.8617,0.8049,0.5887,0.3846,0.0921,0.6313,0.4606,0.2729,0.2162,0.2041,0.2925,172.6621,151.9047,31.0221,0.8145
23.667,710,in_bed,0.6971,0.8752,0.0236,2.1358,0.8516,0.3987,0.8752,0.8072,0.5871,0.3836,0.0921,0.6316,0.46,0.2881,0.2202,0.2034,0.2916,172.9649,152.0283,30.493,0.8207
23.7,711,in_bed,0.6973,0.8753,0.0228,2.1377,0.8526,0.3988,0.8645,0.8071,0.5876,0.3842,0.092,0.6302,0.4574,0.277,0.2195,0.2034,0.2922,172.695,152.0678,30.6986,0.8221
23.733,712,in_bed,0.6967,0.8786,0.0219,2.1514,0.8568,0.3982,0.8786,0.8085,0.5849,0.3835,0.0918,0.6295,0.4575,0.2937,0.2235,0.2014,0.2917,172.6376,152.1163,30.0265,0.8302
23.767,713,in_bed,0.6962,0.8804,0.0209,2.1592,0.8595,0.3981,0.8687,0.8097,0.5828,0.3835,0.0917,0.6295,0.4557,0.2858,0.2269,0.1993,0.2918,172.6045,152.1354,29.4793,0.8356
23.8,714,in_bed,0.6957,0.8805,0.0206,2.1609,0.8599,0.3979,0.8686,0.8098,0.5816,0.382,0.0916,0.6283,0.4523,0.287,0.2282,0.1996,0.2904,172.6619,152.3411,29.1424,0.8394
23.833,715,in_bed,0.6956,0.8809,0.0212,2.1613,0.8597,0.3978,0.8688,0.8104,0.5808,0.3805,0.0916,0.6283,0.4518,0.2879,0.2295,0.2004,0.2888,172.7724,152.5078,28.8051,0.8403
23.867,716,in_bed,0.696,0.8789,0.0218,2.1534,0.8572,0.3981,0.8671,0.8092,0.5829,0.3818,0.0917,0.6274,0.4518,0.2843,0.2264,0.2011,0.2901,172.7207,152.5154,29.2935,0.8355
23.9,717,in_bed,0.6964,0.8822,0.0218,2.1651,0.8604,0.3974,0.8822,0.8103,0.5824,0.3808,0.0917,0.6279,0.4524,0.2998,0.2279,0.2017,0.2891,172.9783,152.5663,29.0585,0.8401
23.933,718,in_bed,0.6968,0.8836,0.0212,2.1709,0.8624,0.3972,0.8836,0.8112,0.5825,0.3792,0.0918,0.6288,0.4555,0.3011,0.2286,0.2033,0.2874,172.7414,152.0461,28.7296,0.8409
23.967,719,in_bed,0.6971,0.8857,0.0217,2.1767,0.864,0.3969,0.8857,0.812,0.5821,0.3793,0.0918,0.6296,0.4561,0.3035,0.2299,0.2028,0.2875,172.6412,152.1486,28.6926,0.8438
24.0,720,in_bed,0.6969,0.8833,0.0213,2.1685,0.862,0.3975,0.8711,0.8111,0.5827,0.3799,0.0918,0.6312,0.4587,0.2885,0.2285,0.2028,0.2881,172.6578,151.9711,29.4125,0.8403
24.033,721,in_bed,0.6972,0.885,0.0216,2.1736,0.8635,0.3973,0.8727,0.8124,0.5821,0.3802,0.0919,0.6324,0.46,0.2907,0.2303,0.2019,0.2883,172.7869,152.0959,29.1414,0.842
24.067,722,in_bed,0.6969,0.8869,0.0218,2.1795,0.865,0.3969,0.8869,0.8132,0.5806,0.3802,0.092,0.6337,0.4618,0.3063,0.2327,0.2004,0.2882,172.8239,152.188,28.8507,0.8435
24.1,723,in_bed,0.6971,0.8878,0.0221,2.1823,0.8658,0.3967,0.8755,0.8142,0.5799,0.3794,0.0921,0.6342,0.4613,0.2956,0.2343,0.2005,0.2874,172.9513,152.2871,28.6418,0.8442
24.133,724,in_bed,0.6974,0.8893,0.0219,2.1877,0.8674,0.3965,0.8893,0.8147,0.58,0.3791,0.0921,0.6346,0.4611,0.3092,0.2347,0.2009,0.287,173.0537,152.418,28.5195,0.846
24.167,725,in_bed,0.6974,0.8891,0.0225,2.1862,0.8666,0.3964,0.8767,0.8147,0.5802,0.3791,0.0921,0.6341,0.4586,0.2965,0.2346,0.2011,0.2869,173.1791,152.4973,28.3713,0.845
24.2,726,in_bed,0.6977,0.8892,0.023,2.1856,0.8662,0.3963,0.8767,0.815,0.5804,0.3793,0.0922,0.6335,0.4569,0.2964,0.2347,0.201,0.2872,173.1333,152.4753,28.3125,0.8451
24.233,727,in_bed,0.6973,0.8894,0.0231,2.1867,0.8663,0.3962,0.8894,0.8148,0.5798,0.379,0.0922,0.6325,0.4557,0.3096,0.235,0.2008,0.2868,173.1423,152.5201,28.2763,0.8458
24.267,728,in_bed,0.6983,0.8894,0.0228,2.1866,0.8666,0.3963,0.8768,0.8154,0.5811,0.3801,0.0921,0.6323,0.4557,0.2957,0.2343,0.201,0.288,173.1513,152.615,28.2877,0.8466
24.3,729,in_bed,0.6983,0.8871,0.0226,2.1789,0.8644,0.3967,0.8748,0.8138,0.5829,0.3819,0.0921,0.6314,0.4545,0.292,0.2309,0.201,0.2898,172.9783,152.4848,28.977,0.8426
24.333,730,in_bed,0.6982,0.8868,0.0222,2.1785,0.8646,0.3969,0.8744,0.8142,0.5823,0.3828,0.092,0.6312,0.4545,0.2922,0.232,0.1994,0.2908,172.6971,152.4063,28.8259,0.8437
24.367,731,in_bed,0.6982,0.8873,0.0222,2.1804,0.8651,0.3967,0.8873,0.8143,0.5822,0.3821,0.092,0.6307,0.4543,0.3051,0.2321,0.2001,0.29,172.8637,152.5062,28.5462,0.845
24.4,732,in_bed,0.6985,0.8867,0.0222,2.1784,0.8645,0.3969,0.8742,0.815,0.582,0.3803,0.092,0.6308,0.4545,0.2922,0.2329,0.2017,0.2883,173.1477,152.76,28.4072,0.8455
24.433,733,in_bed,0.6987,0.8871,0.0224,2.1794,0.8647,0.3967,0.8745,0.8152,0.5822,0.3799,0.092,0.6307,0.4543,0.2924,0.233,0.2022,0.288,173.2077,152.9109,28.3567,0.8466
24.467,734,in_bed,0.6989,0.8873,0.0226,2.1799,0.8648,0.3967,0.8747,0.8159,0.582,0.3791,0.0919,0.6313,0.4558,0.2927,0.2339,0.2029,0.2872,173.242,153.0073,28.3447,0.8472
24.5,735,in_bed,0.6987,0.886,0.0233,2.1741,0.8627,0.3968,0.8732,0.8158,0.5816,0.3784,0.092,0.6311,0.4555,0.2916,0.2342,0.2032,0.2864,173.2249,153.0342,28.3719,0.845
24.533,736,in_bed,0.6982,0.8854,0.023,2.1731,0.8624,0.3968,0.8725,0.8155,0.5809,0.3778,0.0919,0.6306,0.4549,0.2916,0.2346,0.2031,0.2859,173.2589,153.1507,28.289,0.8458
24.567,737,in_bed,0.6992,0.886,0.0232,2.1746,0.8628,0.3968,0.8729,0.8163,0.5821,0.3776,0.092,0.6315,0.455,0.2908,0.2342,0.2045,0.2856,173.4674,153.2654,28.3002,0.8449
24.6,738,in_bed,0.6997,0.8863,0.024,2.1741,0.8623,0.3966,0.8731,0.8164,0.583,0.3783,0.0921,0.631,0.4541,0.2901,0.2334,0.2047,0.2862,173.6692,153.3941,28.401,0.8432
24.633,739,in_bed,0.7004,0.8856,0.0245,2.1708,0.8611,0.3967,0.873,0.8151,0.5857,0.38,0.0922,0.6302,0.4544,0.2873,0.2294,0.2057,0.2878,173.9592,153.3912,28.8952,0.8387
24.667,740,in_bed,0.7001,0.8838,0.0246,2.1647,0.8592,0.3969,0.8716,0.8132,0.5871,0.3812,0.0921,0.6296,0.4539,0.2845,0.2261,0.2059,0.289,174.0106,153.3063,29.3634,0.8351
24.7,741,in_bed,0.6999,0.8839,0.0245,2.1656,0.8594,0.3968,0.8716,0.8133,0.5866,0.3805,0.0921,0.6298,0.4528,0.2851,0.2267,0.206,0.2884,173.9694,153.3022,29.1428,0.8363
24.733,742,in_bed,0.6999,0.8825,0.0244,2.1614,0.8581,0.397,0.8705,0.8113,0.5884,0.3826,0.0921,0.6287,0.4518,0.2822,0.2229,0.2058,0.2905,173.8933,153.1593,29.6786,0.8332
24.767,743,in_bed,0.7012,0.882,0.0252,2.1573,0.8568,0.3972,0.8704,0.8114,0.5909,0.384,0.0922,0.6289,0.4519,0.2795,0.2204,0.2069,0.2918,173.8461,153.2059,29.9874,0.8292
24.8,744,in_bed,0.7002,0.8793,0.0247,2.1487,0.8547,0.3978,0.8678,0.8103,0.59,0.3833,0.0921,0.6293,0.4534,0.2778,0.2203,0.2068,0.2912,173.43,153.0424,30.2925,0.8272
24.833,745,in_bed,0.7004,0.879,0.0246,2.1472,0.8543,0.3979,0.8676,0.81,0.5908,0.384,0.0921,0.6295,0.4563,0.2769,0.2192,0.2068,0.2919,173.1158,152.9419,30.4378,0.8265
24.867,746,in_bed,0.7001,0.8808,0.0236,2.1556,0.8572,0.3977,0.8692,0.8113,0.589,0.3832,0.092,0.6304,0.4574,0.2803,0.2224,0.2058,0.2912,173.3132,152.9439,29.965,0.8327
24.9,747,in_bed,0.7001,0.882,0.023,2.1608,0.859,0.3975,0.8702,0.8126,0.5875,0.3822,0.0919,0.6308,0.4565,0.2827,0.2251,0.2053,0.2903,173.4566,152.9548,29.4196,0.8367
24.933,748,in_bed,0.7006,0.883,0.0224,2.1646,0.8606,0.3976,0.871,0.8139,0.5873,0.3818,0.0919,0.6319,0.4573,0.2837,0.2266,0.2055,0.2899,173.4508,152.9791,28.9883,0.839
24.967,749,in_bed,0.7007,0.8848,0.022,2.171,0.8628,0.3974,0.8726,0.8153,0.586,0.3814,0.0919,0.6334,0.4591,0.2866,0.2293,0.2046,0.2895,173.3724,152.953,28.6588,0.8422
25.0,750,in_bed,0.7011,0.8857,0.0213,2.175,0.8644,0.3974,0.8732,0.8161,0.5861,0.3817,0.0918,0.6342,0.4594,0.2871,0.23,0.2044,0.2898,173.2409,152.951,28.5036,0.8452
25.033,751,in_bed,0.7011,0.8871,0.0211,2.1802,0.866,0.3972,0.8743,0.8166,0.5855,0.3804,0.0918,0.6344,0.4597,0.2888,0.2311,0.2051,0.2886,173.323,153.0584,28.3889,0.8482
25.067,752,in_bed,0.7009,0.8872,0.0209,2.1809,0.8663,0.3972,0.8745,0.8172,0.5846,0.3797,0.0918,0.636,0.4611,0.2898,0.2325,0.205,0.2879,173.223,153.0777,28.1908,0.8488
25.1,753,in_bed,0.6999,0.8847,0.0201,2.1738,0.8646,0.3977,0.8722,0.815,0.5848,0.3808,0.0917,0.6358,0.4608,0.2874,0.2302,0.2039,0.2891,173.1561,152.9053,28.7713,0.8458
25.133,754,in_bed,0.6994,0.8839,0.0207,2.1703,0.8632,0.3978,0.8717,0.8135,0.5854,0.3831,0.0917,0.6349,0.4604,0.2863,0.2281,0.2023,0.2914,172.9232,152.589,29.2263,0.8427
25.167,755,in_bed,0.6997,0.8833,0.0205,2.1683,0.8628,0.3979,0.8713,0.8128,0.5867,0.3841,0.0917,0.6354,0.4614,0.2846,0.2261,0.2027,0.2923,172.9475,152.4414,29.6211,0.8403
25.2,756,in_bed,0.6999,0.8803,0.0198,2.1588,0.8604,0.3986,0.8687,0.8118,0.5879,0.3841,0.0917,0.6348,0.4596,0.2808,0.2239,0.2038,0.2924,172.9155,152.3333,30.1482,0.8366
25.233,757,in_bed,0.6999,0.8789,0.0198,2.154,0.8591,0.3988,0.8674,0.811,0.5888,0.3848,0.0917,0.6335,0.4576,0.2786,0.2223,0.204,0.2931,172.8755,152.1981,30.534,0.8344
25.267,758,in_bed,0.6995,0.8801,0.0201,2.158,0.86,0.3985,0.8683,0.8122,0.5869,0.3825,0.0917,0.6335,0.4573,0.2814,0.2253,0.2043,0.2908,172.8766,152.223,30.1648,0.8369
25.3,759,in_bed,0.6994,0.8816,0.0203,2.1634,0.8613,0.3981,0.8696,0.8129,0.5859,0.3816,0.0917,0.6333,0.4567,0.2838,0.227,0.2043,0.2898,172.8169,152.2966,29.7376,0.8394
25.333,760,in_bed,0.6994,0.8815,0.0208,2.162,0.8607,0.3981,0.8692,0.8134,0.5854,0.3814,0.0917,0.6326,0.4554,0.2838,0.228,0.204,0.2896,172.6997,152.2976,29.5036,0.8403
25.367,761,in_bed,0.6996,0.8812,0.0211,2.1602,0.8601,0.3982,0.8688,0.8138,0.5854,0.3806,0.0918,0.6317,0.4533,0.2834,0.2283,0.2049,0.2888,172.8441,152.4779,29.3267,0.8406
25.4,762,in_bed,0.6995,0.8818,0.0213,2.1621,0.8605,0.398,0.8694,0.8144,0.5845,0.3803,0.0918,0.6315,0.4514,0.2848,0.2299,0.2042,0.2885,172.7429,152.4719,29.0983,0.8419
25.433,763,in_bed,0.6984,0.8819,0.0221,2.1616,0.8598,0.3978,0.8692,0.8142,0.5826,0.3796,0.0919,0.6312,0.4503,0.2866,0.2316,0.203,0.2877,172.7115,152.4297,28.826,0.841
25.467,764,in_bed,0.6984,0.8803,0.0224,2.1556,0.8578,0.398,0.8678,0.8128,0.5839,0.3808,0.0919,0.6304,0.4492,0.2839,0.2289,0.2031,0.2889,172.7371,152.3509,29.2596,0.8373
25.5,765,in_bed,0.6984,0.879,0.0218,2.1521,0.8572,0.3983,0.8666,0.812,0.5847,0.3819,0.0918,0.6299,0.4491,0.2819,0.2273,0.2028,0.2901,172.8204,152.263,29.5747,0.8351
25.533,766,in_bed,0.6984,0.8782,0.0222,2.1483,0.8559,0.3984,0.866,0.8114,0.5855,0.3825,0.0919,0.6299,0.4496,0.2805,0.2259,0.203,0.2906,172.9319,152.2707,29.8514,0.832
25.567,767,in_bed,0.699,0.879,0.0223,2.1506,0.8568,0.3984,0.8667,0.8129,0.5852,0.3818,0.0919,0.6311,0.4513,0.2815,0.2277,0.2034,0.2899,173.0465,152.4231,29.3082,0.8339
25.6,768,in_bed,0.6985,0.8769,0.0227,2.143,0.8542,0.3986,0.8649,0.8112,0.5858,0.3821,0.0919,0.6305,0.4519,0.2791,0.2254,0.2037,0.2902,173.1424,152.4033,29.6586,0.8305
25.633,769,in_bed,0.698,0.8771,0.0229,2.1426,0.8542,0.3987,0.8649,0.8119,0.5841,0.3806,0.0919,0.6321,0.4533,0.2807,0.2278,0.2035,0.2888,173.2112,152.5427,29.1838,0.8318
25.667,770,in_bed,0.6977,0.8774,0.0227,2.1437,0.8547,0.3987,0.8651,0.8128,0.5826,0.3799,0.0918,0.6335,0.4539,0.2825,0.2302,0.2027,0.2881,173.1238,152.5773,28.869,0.8337
25.7,771,in_bed,0.6975,0.8782,0.0228,2.146,0.8554,0.3986,0.8656,0.8133,0.5817,0.379,0.0919,0.6344,0.4542,0.284,0.2317,0.2026,0.2872,173.1074,152.6493,28.4528,0.8354
25.733,772,in_bed,0.6978,0.8785,0.0226,2.147,0.8559,0.3986,0.8663,0.8127,0.583,0.3808,0.0919,0.6342,0.4546,0.2833,0.2297,0.2021,0.289,173.1314,152.5873,28.7972,0.8339
25.767,773,in_bed,0.6978,0.8776,0.0226,2.1444,0.8551,0.3988,0.8657,0.8117,0.5839,0.3821,0.0919,0.6336,0.4538,0.2819,0.2279,0.2018,0.2902,173.1464,152.5074,29.0446,0.8315
25.8,774,in_bed,0.6985,0.8778,0.023,2.1439,0.8548,0.3987,0.8662,0.8117,0.5852,0.3828,0.092,0.6335,0.4543,0.281,0.2266,0.2023,0.2908,173.3056,152.5227,29.2322,0.8286
25.833,775,in_bed,0.6987,0.8776,0.0234,2.1423,0.8542,0.3987,0.8661,0.8114,0.5859,0.3841,0.0921,0.6331,0.4539,0.2802,0.2255,0.2018,0.2921,172.8831,152.5954,29.2361,0.8259
25.867,776,in_bed,0.6995,0.8776,0.0229,2.1429,0.8547,0.3989,0.8662,0.8114,0.5876,0.3848,0.092,0.633,0.4533,0.2786,0.2238,0.2028,0.2928,172.5772,152.6391,29.3383,0.8257
25.9,777,in_bed,0.6989,0.8773,0.0233,2.1414,0.854,0.3988,0.8659,0.8107,0.587,0.3844,0.092,0.6324,0.4534,0.2789,0.2236,0.2027,0.2923,172.3408,152.6124,29.4378,0.8243
25.933,778,in_bed,0.6987,0.8785,0.0229,2.1459,0.8555,0.3987,0.8667,0.812,0.5853,0.3822,0.092,0.6333,0.4545,0.2814,0.2268,0.2031,0.2901,172.7274,152.7781,28.9222,0.8278
25.967,779,in_bed,0.6979,0.8795,0.0226,2.1501,0.8569,0.3985,0.8674,0.8125,0.5833,0.3814,0.0919,0.6334,0.4553,0.2841,0.2292,0.202,0.2894,172.8251,152.8357,28.5135,0.8326
26.0,780,in_bed,0.6991,0.8817,0.0215,2.1589,0.8602,0.3985,0.8694,0.8143,0.5839,0.3814,0.092,0.6345,0.4559,0.2856,0.2304,0.2025,0.2894,173.7725,152.83,28.5097,0.8354
26.033,781,in_bed,0.7,0.881,0.0211,2.1567,0.86,0.3987,0.8691,0.8139,0.5861,0.3825,0.092,0.6344,0.4563,0.283,0.2278,0.2036,0.2905,173.8173,152.6938,28.9529,0.833
26.067,782,in_bed,0.7004,0.879,0.0204,2.1505,0.8586,0.3993,0.8674,0.8131,0.5877,0.3827,0.0919,0.6344,0.4559,0.2798,0.2254,0.205,0.2907,173.7434,152.5676,29.233,0.8304
26.1,783,in_bed,0.7007,0.8774,0.0205,2.1443,0.8568,0.3996,0.866,0.8123,0.5891,0.3832,0.092,0.6336,0.4543,0.2769,0.2232,0.206,0.2912,173.651,152.3943,29.4665,0.8271
26.133,784,in_bed,0.7009,0.8749,0.0205,2.1363,0.8544,0.3999,0.8639,0.811,0.5909,0.3826,0.0919,0.6326,0.454,0.273,0.2201,0.2083,0.2906,173.81,152.4712,29.8989,0.8243
26.167,785,in_bed,0.7013,0.8751,0.0209,2.1366,0.8541,0.3998,0.8642,0.8106,0.592,0.383,0.092,0.6327,0.4545,0.2722,0.2186,0.209,0.291,173.7121,152.4887,30.0779,0.8231
26.2,786,in_bed,0.7016,0.8734,0.0213,2.1301,0.8521,0.4,0.8627,0.8102,0.593,0.3833,0.092,0.6329,0.4552,0.2697,0.2172,0.2097,0.2913,173.6439,152.4771,30.2145,0.821
26.233,787,in_bed,0.7013,0.8739,0.0219,2.1313,0.852,0.3998,0.8633,0.8095,0.593,0.3831,0.092,0.6328,0.4558,0.2702,0.2165,0.2099,0.2911,173.6353,152.5106,30.5344,0.8203
26.267,788,in_bed,0.7002,0.8732,0.0229,2.1277,0.8503,0.3996,0.8626,0.8088,0.5916,0.3831,0.092,0.6336,0.4573,0.271,0.2171,0.2086,0.291,173.4544,152.3794,30.5968,0.8197
26.3,789,in_bed,0.6986,0.8727,0.023,2.1266,0.8497,0.3995,0.8621,0.8076,0.5896,0.3836,0.092,0.6327,0.4558,0.2725,0.218,0.2059,0.2917,173.1073,152.1822,30.6563,0.8198
26.333,790,in_bed,0.6973,0.8711,0.0224,2.1234,0.8488,0.3997,0.8606,0.806,0.5886,0.3839,0.0918,0.6314,0.4526,0.272,0.2175,0.2047,0.2921,173.0707,152.146,30.7936,0.8193
26.367,791,in_bed,0.6966,0.8704,0.0225,2.1212,0.8479,0.3997,0.8598,0.8053,0.5879,0.385,0.0918,0.6313,0.4517,0.2719,0.2174,0.2029,0.2931,173.104,152.0578,30.9134,0.8182
26.4,792,in_bed,0.6963,0.8691,0.0222,2.1173,0.8469,0.4,0.8583,0.8043,0.5884,0.3844,0.0917,0.6291,0.45,0.2699,0.2159,0.2039,0.2927,172.6561,152.0655,31.063,0.8193
26.433,793,in_bed,0.6957,0.8701,0.0219,2.1212,0.8481,0.3998,0.8588,0.8053,0.586,0.3811,0.0917,0.6292,0.4497,0.2728,0.2193,0.2049,0.2894,173.26,152.2232,30.4293,0.8233
26.467,794,in_bed,0.696,0.8712,0.0218,2.1247,0.8494,0.3998,0.8596,0.8072,0.5848,0.3787,0.0917,0.6309,0.4523,0.2749,0.2224,0.2061,0.287,173.3476,152.3947,29.9185,0.8263
26.5,795,in_bed,0.6959,0.8728,0.0222,2.1296,0.8506,0.3994,0.861,0.8084,0.5834,0.3766,0.0917,0.6316,0.454,0.2776,0.225,0.2068,0.2849,173.311,152.5409,29.415,0.8293
26.533,796,in_bed,0.6965,0.873,0.0224,2.1298,0.8506,0.3994,0.8613,0.8082,0.5848,0.3773,0.0918,0.6316,0.4556,0.2765,0.2233,0.2076,0.2855,173.4756,152.5604,29.6373,0.8274
26.567,797,in_bed,0.6964,0.8754,0.0224,2.1387,0.8531,0.3989,0.8634,0.809,0.5838,0.3769,0.0917,0.6315,0.4561,0.2797,0.2253,0.2069,0.2852,173.3513,152.7036,29.0981,0.8321
26.6,798,in_bed,0.6955,0.8794,0.0222,2.1535,0.8572,0.3981,0.8794,0.8099,0.5812,0.376,0.0917,0.6309,0.4562,0.2982,0.2287,0.2052,0.2843,173.2329,152.7123,28.5767,0.8382
26.633,799,in_bed,0.6962,0.8817,0.0214,2.1626,0.8603,0.3978,0.869,0.8113,0.5811,0.3759,0.0917,0.6315,0.4565,0.2879,0.2302,0.2052,0.2842,173.5418,152.8717,28.241,0.8417
26.667,800,in_bed,0.6966,0.8827,0.0208,2.1668,0.8619,0.3978,0.8699,0.8123,0.5808,0.3762,0.0917,0.632,0.4567,0.2891,0.2315,0.2046,0.2845,173.4514,152.8605,28.021,0.8439
26.7,801,in_bed,0.6965,0.8832,0.0212,2.1682,0.862,0.3976,0.8701,0.8129,0.5802,0.3751,0.0917,0.6322,0.4567,0.29,0.2327,0.2051,0.2834,173.54,152.9767,27.7387,0.8447
26.733,802,in_bed,0.6965,0.8826,0.0219,2.1648,0.8607,0.3976,0.8695,0.8132,0.5799,0.3752,0.0918,0.6315,0.4553,0.2896,0.2332,0.2047,0.2835,173.5939,153.0395,27.6773,0.8439
26.767,803,in_bed,0.6981,0.8817,0.0226,2.1597,0.859,0.3978,0.869,0.8128,0.5834,0.3774,0.0919,0.6314,0.4552,0.2856,0.2294,0.206,0.2855,173.9908,153.1072,28.3355,0.838
26.8,804,in_bed,0.6983,0.8796,0.0229,2.1516,0.8567,0.3982,0.8796,0.8114,0.5852,0.377,0.0919,0.6311,0.4553,0.2943,0.2262,0.2082,0.2851,174.156,153.1148,28.8113,0.8342
26.833,805,in_bed,0.698,0.8777,0.0225,2.146,0.8553,0.3985,0.8658,0.8099,0.5861,0.377,0.0918,0.6303,0.4541,0.2797,0.2238,0.2091,0.2852,173.8937,152.9805,29.4216,0.8334
26.867,806,in_bed,0.6985,0.8802,0.0215,2.1556,0.8586,0.3983,0.868,0.8117,0.5853,0.3781,0.0918,0.632,0.4556,0.2826,0.2264,0.2073,0.2863,173.6313,152.9143,29.067,0.8378
26.9,807,in_bed,0.6992,0.8797,0.0211,2.1544,0.8586,0.3985,0.8676,0.8113,0.5871,0.3796,0.0917,0.6311,0.4547,0.2805,0.2242,0.2075,0.2879,173.6824,152.885,29.4661,0.8361
26.933,808,in_bed,0.7,0.8806,0.0211,2.1571,0.8595,0.3985,0.8683,0.8127,0.5872,0.3804,0.0918,0.6315,0.4537,0.2811,0.2255,0.2068,0.2886,173.5782,152.8396,29.314,0.8376
26.967,809,in_bed,0.6999,0.8808,0.0213,2.1572,0.8595,0.3984,0.8682,0.8133,0.5865,0.3807,0.0918,0.6311,0.4523,0.2818,0.2269,0.2057,0.289,173.347,152.7904,29.1984,0.8392
27.0,810,in_bed,0.6991,0.8807,0.0216,2.1563,0.8592,0.3984,0.8681,0.8138,0.5844,0.3801,0.0918,0.6312,0.4522,0.2837,0.2293,0.2043,0.2883,173.1011,152.7047,29.0024,0.8391
27.033,811,in_bed,0.6987,0.8807,0.0219,2.1557,0.8588,0.3984,0.868,0.8142,0.5832,0.3791,0.0919,0.6315,0.4519,0.2848,0.231,0.204,0.2873,173.2603,152.7433,28.9612,0.8387
27.067,812,in_bed,0.6979,0.8803,0.022,2.1544,0.8583,0.3984,0.8676,0.8139,0.5819,0.3802,0.0919,0.6314,0.4514,0.2856,0.232,0.2018,0.2883,173.0771,152.688,28.8018,0.8389
27.1,813,in_bed,0.6977,0.8807,0.0222,2.1555,0.8585,0.3983,0.8679,0.8141,0.5814,0.3794,0.0919,0.6315,0.4522,0.2865,0.2327,0.202,0.2875,173.1423,152.7978,28.7172,0.8394
27.133,814,in_bed,0.6971,0.8785,0.0228,2.148,0.8557,0.3984,0.8662,0.812,0.5822,0.3797,0.0919,0.63,0.4508,0.284,0.2298,0.2025,0.2877,173.2154,152.7014,29.2244,0.8349
27.167,815,in_bed,0.6974,0.8774,0.0228,2.144,0.8546,0.3986,0.8653,0.8108,0.5839,0.3818,0.0919,0.6281,0.4494,0.2813,0.2269,0.2021,0.2899,173.2869,152.7153,29.6455,0.8328
27.2,816,in_bed,0.6986,0.876,0.023,2.1385,0.853,0.3989,0.8643,0.8108,0.5864,0.3814,0.0919,0.6297,0.4512,0.2779,0.2244,0.205,0.2895,173.4201,152.7215,29.8249,0.8303
27.233,817,in_bed,0.6996,0.8781,0.0223,2.1464,0.8558,0.3987,0.8664,0.8127,0.5866,0.3813,0.0919,0.6314,0.4529,0.2798,0.2261,0.2053,0.2894,173.4324,152.7895,29.4724,0.834
27.267,818,in_bed,0.6996,0.879,0.0231,2.1481,0.8559,0.3985,0.8671,0.8137,0.5856,0.3805,0.0919,0.6315,0.4534,0.2815,0.228,0.2052,0.2885,173.5264,152.9079,29.0619,0.8348
27.3,819,in_bed,0.7001,0.8799,0.0224,2.1526,0.8576,0.3984,0.8679,0.8143,0.586,0.3805,0.0918,0.6314,0.454,0.2819,0.2283,0.2055,0.2886,173.4871,153.0187,28.7573,0.8382
27.333,820,in_bed,0.7004,0.8784,0.0222,2.1473,0.8561,0.3987,0.8665,0.8129,0.5878,0.382,0.0918,0.6307,0.4537,0.2787,0.2252,0.2057,0.2902,173.3193,152.7719,29.2433,0.8351
27.367,821,in_bed,0.7009,0.8781,0.0222,2.1462,0.8559,0.3988,0.8665,0.8121,0.5897,0.3829,0.0918,0.6309,0.455,0.2768,0.2225,0.2068,0.2911,173.271,152.6535,29.715,0.8333
27.4,822,in_bed,0.7006,0.8781,0.0229,2.1458,0.8552,0.3986,0.8666,0.8112,0.5899,0.3842,0.0919,0.6295,0.4538,0.2766,0.2212,0.2057,0.2924,172.8217,152.5773,29.9686,0.8316
27.433,823,in_bed,0.7001,0.8787,0.0232,2.1483,0.8556,0.3983,0.8672,0.8108,0.5895,0.3839,0.0919,0.6293,0.4542,0.2778,0.2213,0.2055,0.292,172.6607,152.4685,30.186,0.8308
27.467,824,in_bed,0.6996,0.8784,0.0229,2.1482,0.8556,0.3983,0.867,0.8101,0.589,0.3836,0.0919,0.6301,0.4559,0.278,0.2211,0.2054,0.2917,172.6501,152.411,30.4276,0.8304
27.5,825,in_bed,0.7001,0.8774,0.0228,2.1446,0.8546,0.3985,0.8661,0.81,0.5901,0.3839,0.0918,0.6304,0.4576,0.276,0.2199,0.2062,0.2921,172.5989,152.4699,30.5418,0.8294
27.533,826,in_bed,0.7004,0.8762,0.0223,2.1416,0.8539,0.3987,0.8651,0.8095,0.5912,0.3839,0.0918,0.6302,0.4567,0.2739,0.2183,0.2074,0.2921,172.6361,152.4368,30.7833,0.8287
27.567,827,in_bed,0.701,0.8757,0.0217,2.1405,0.854,0.399,0.8648,0.8097,0.5923,0.3837,0.0917,0.6314,0.4593,0.2725,0.2174,0.2086,0.292,172.8326,152.4817,30.8757,0.8285
27.6,828,in_bed,0.6992,0.8748,0.0211,2.14,0.8537,0.3989,0.8748,0.8091,0.5892,0.3788,0.0918,0.6306,0.4585,0.2856,0.2199,0.2104,0.287,173.6246,151.9578,30.0377,0.8269
27.633,829,in_bed,0.6997,0.8748,0.0217,2.1379,0.853,0.399,0.8633,0.8095,0.59,0.381,0.0919,0.6316,0.4598,0.2733,0.2195,0.209,0.2891,173.7981,152.0754,30.2111,0.8243
27.667,830,in_bed,0.6998,0.8741,0.0226,2.1337,0.8515,0.3991,0.8627,0.8093,0.5902,0.3827,0.092,0.6316,0.46,0.2725,0.2191,0.2075,0.2907,173.7046,152.1665,30.4041,0.8216
27.7,831,in_bed,0.6993,0.8732,0.0231,2.1298,0.8502,0.3992,0.8619,0.8087,0.5899,0.384,0.092,0.6314,0.4591,0.2719,0.2188,0.206,0.292,173.477,152.1077,30.4909,0.8206
27.733,832,in_bed,0.6998,0.8732,0.0226,2.1296,0.8507,0.3994,0.862,0.809,0.5905,0.3843,0.092,0.6327,0.46,0.2715,0.2185,0.2062,0.2924,173.5966,152.2112,30.7108,0.8211
27.767,833,in_bed,0.7002,0.8754,0.0221,2.1373,0.8533,0.3992,0.8637,0.811,0.5893,0.3833,0.0919,0.6343,0.4605,0.2744,0.2216,0.2061,0.2913,173.956,152.511,30.1838,0.8259
27.8,834,in_bed,0.7004,0.8781,0.0215,2.1478,0.8566,0.3988,0.8662,0.8123,0.5885,0.382,0.0919,0.6349,0.4614,0.2777,0.2238,0.2065,0.2902,174.0336,152.7483,29.6288,0.8316
27.833,835,in_bed,0.701,0.8766,0.0219,2.1419,0.8547,0.399,0.8649,0.8116,0.5904,0.3832,0.0919,0.6336,0.4603,0.2745,0.2212,0.2072,0.2913,174.0715,152.8301,29.8481,0.829
27.867,836,in_bed,0.7008,0.8757,0.0227,2.1372,0.853,0.3991,0.8642,0.8105,0.5911,0.384,0.0919,0.6323,0.4592,0.2731,0.2194,0.207,0.2922,173.5876,152.8459,29.9835,0.8265
27.9,837,in_bed,0.7005,0.8767,0.0214,2.144,0.8553,0.3989,0.8767,0.8108,0.5901,0.3817,0.0918,0.6318,0.4607,0.2866,0.2207,0.2084,0.2898,174.0453,152.4211,29.2957,0.8295
27.933,838,in_bed,0.6998,0.878,0.0213,2.149,0.8567,0.3986,0.878,0.8111,0.5885,0.3813,0.0917,0.6307,0.4586,0.2895,0.2226,0.2073,0.2895,173.9673,152.6009,29.0082,0.834
27.967,839,in_bed,0.6993,0.8766,0.0223,2.1425,0.8543,0.3987,0.8645,0.8099,0.5887,0.3814,0.0918,0.6295,0.4565,0.2758,0.2212,0.2072,0.2896,173.7187,152.7263,29.1825,0.8304
28.0,840,in_bed,0.6993,0.8773,0.0214,2.1465,0.8559,0.3987,0.865,0.8109,0.5878,0.3798,0.0917,0.6304,0.457,0.2773,0.2231,0.208,0.2881,174.0925,152.9233,28.962,0.8351
28.033,841,in_bed,0.6994,0.8773,0.0206,2.1474,0.8567,0.3989,0.8649,0.812,0.5869,0.3798,0.0917,0.6313,0.4558,0.278,0.2251,0.2071,0.2881,174.323,153.0253,28.6383,0.8365
28.067,842,in_bed,0.6994,0.8759,0.0202,2.1436,0.8557,0.3992,0.8639,0.8108,0.5879,0.382,0.0916,0.6308,0.4548,0.276,0.2228,0.2059,0.2903,173.8727,153.0253,28.9368,0.8341
28.1,843,in_bed,0.6987,0.8775,0.0208,2.1481,0.8567,0.3988,0.8652,0.8118,0.5857,0.3827,0.0917,0.6312,0.4554,0.2795,0.2261,0.203,0.291,174.0807,153.112,28.4997,0.8357
28.133,844,in_bed,0.6991,0.8785,0.0212,2.151,0.8573,0.3986,0.866,0.8125,0.5857,0.3829,0.0918,0.6314,0.4553,0.2803,0.2268,0.2029,0.2911,174.252,153.1994,28.2767,0.8366
28.167,845,in_bed,0.6984,0.8787,0.022,2.1505,0.8567,0.3984,0.8661,0.8128,0.584,0.3815,0.0918,0.6321,0.4564,0.2821,0.2288,0.2025,0.2898,174.1439,153.2135,28.0345,0.8375
28.2,846,in_bed,0.6987,0.8772,0.0226,2.1441,0.8546,0.3986,0.8651,0.8116,0.5858,0.3827,0.0918,0.6326,0.4576,0.2793,0.2259,0.203,0.2909,174.0821,153.0771,28.6089,0.8333
28.233,847,in_bed,0.6985,0.8786,0.023,2.1483,0.8556,0.3983,0.8663,0.8121,0.5849,0.3817,0.0919,0.6322,0.4561,0.2814,0.2272,0.2032,0.2899,174.0715,153.1712,28.3793,0.835
28.267,848,in_bed,0.6984,0.8775,0.0235,2.144,0.8541,0.3984,0.8655,0.8111,0.5858,0.3833,0.0919,0.631,0.4538,0.2798,0.2253,0.2025,0.2914,173.9912,153.0991,28.7256,0.8304
28.3,849,in_bed,0.6987,0.8769,0.0232,2.1422,0.8537,0.3985,0.8652,0.8104,0.587,0.3844,0.092,0.6307,0.4532,0.2781,0.2234,0.2027,0.2924,173.6038,153.0131,29.0789,0.8281
28.333,850,in_bed,0.6989,0.8786,0.0226,2.1488,0.856,0.3984,0.8666,0.8118,0.5859,0.3833,0.0919,0.632,0.4536,0.2807,0.2259,0.2026,0.2914,174.0127,153.0193,28.6229,0.8318
28.367,851,in_bed,0.6989,0.8804,0.0222,2.1553,0.8582,0.3982,0.8682,0.8127,0.5851,0.3821,0.0919,0.6324,0.4524,0.2831,0.2276,0.203,0.2902,174.0568,152.9482,28.3546,0.8351
28.4,852,in_bed,0.6993,0.8805,0.0218,2.1555,0.8586,0.3983,0.8681,0.8134,0.5852,0.3806,0.0918,0.6334,0.4542,0.2829,0.2282,0.2046,0.2888,173.7918,152.8991,28.3478,0.8376
28.433,853,in_bed,0.6996,0.8796,0.0218,2.1521,0.8578,0.3986,0.8675,0.8125,0.5866,0.3812,0.0919,0.6337,0.4557,0.2809,0.2259,0.2055,0.2893,173.7253,152.7317,28.8267,0.8347
28.467,854,in_bed,0.6991,0.878,0.0224,2.1458,0.8556,0.3987,0.8663,0.8113,0.5868,0.3824,0.0919,0.6333,0.4554,0.2794,0.2245,0.2044,0.2905,173.5549,152.544,29.209,0.8306
28.5,855,in_bed,0.6986,0.8785,0.022,2.1489,0.8566,0.3986,0.8665,0.8116,0.5855,0.3806,0.0918,0.6335,0.4554,0.281,0.2261,0.2049,0.2888,173.4827,152.63,28.8202,0.8342
28.533,856,in_bed,0.6983,0.8766,0.0224,2.1416,0.8542,0.3989,0.8649,0.8102,0.5864,0.3817,0.0918,0.6324,0.4542,0.2785,0.2238,0.2047,0.2899,173.5256,152.5356,29.0898,0.8307
28.567,857,in_bed,0.6984,0.8757,0.023,2.1378,0.8527,0.3989,0.8643,0.8091,0.5877,0.3819,0.0919,0.6316,0.4539,0.2766,0.2215,0.2057,0.2901,173.61,152.5013,29.4251,0.8286
28.6,858,in_bed,0.6987,0.8747,0.0236,2.1335,0.8511,0.3989,0.8635,0.8086,0.5889,0.3821,0.0919,0.6315,0.4547,0.2747,0.2198,0.2068,0.2902,173.631,152.5729,29.6098,0.8259
28.633,859,in_bed,0.6982,0.8733,0.0239,2.1284,0.8494,0.3991,0.8623,0.8078,0.5885,0.3819,0.0919,0.6313,0.4539,0.2738,0.2194,0.2066,0.29,173.2993,152.5331,29.6962,0.8237
28.667,860,in_bed,0.6978,0.8725,0.0237,2.1263,0.8488,0.3992,0.8615,0.8069,0.5886,0.3827,0.0919,0.6294,0.4518,0.273,0.2184,0.2059,0.2908,172.9356,152.5276,29.9131,0.8221
28.7,861,in_bed,0.6987,0.8718,0.0236,2.1237,0.8482,0.3994,0.861,0.8072,0.5902,0.3838,0.0919,0.6295,0.4523,0.2707,0.217,0.2064,0.2919,172.6994,152.5253,30.03,0.8208
28.733,862,in_bed,0.6989,0.8744,0.0233,2.1327,0.851,0.399,0.8631,0.8089,0.589,0.3825,0.0919,0.6298,0.4524,0.2741,0.2199,0.2065,0.2907,173.1661,152.6476,29.4445,0.8259
28.767,863,in_bed,0.6987,0.875,0.0231,2.1354,0.8519,0.3989,0.8639,0.8081,0.5892,0.3825,0.0918,0.6293,0.4521,0.2746,0.2189,0.2068,0.2907,172.9387,152.6506,29.6255,0.8264
28.8,864,in_bed,0.6981,0.8744,0.0233,2.1329,0.8512,0.3991,0.8634,0.8071,0.5891,0.3821,0.0918,0.63,0.4538,0.2743,0.2181,0.207,0.2904,172.8257,152.5389,29.9077,0.8255
28.833,865,in_bed,0.6982,0.8746,0.0237,2.1319,0.8509,0.3991,0.8635,0.8076,0.5889,0.3826,0.0918,0.632,0.4573,0.2745,0.2186,0.2063,0.2908,172.8556,152.43,30.0883,0.8239
28.867,866,in_bed,0.6982,0.8765,0.0222,2.141,0.8544,0.3991,0.8652,0.8089,0.5876,0.3818,0.0916,0.633,0.4591,0.2776,0.2213,0.2058,0.2902,173.4051,152.525,29.6093,0.831
28.9,867,in_bed,0.6979,0.8756,0.023,2.1366,0.8526,0.399,0.8645,0.8073,0.5885,0.3823,0.0917,0.6332,0.4588,0.276,0.2188,0.2063,0.2906,173.517,152.3552,29.8245,0.8281
28.933,868,in_bed,0.6974,0.8802,0.0213,2.1561,0.8589,0.3983,0.8802,0.8081,0.5867,0.3797,0.0914,0.6328,0.4593,0.2935,0.2214,0.2069,0.2883,173.8279,152.5077,29.1024,0.8397
28.967,869,in_bed,0.6977,0.8821,0.0179,2.1678,0.8642,0.3987,0.8713,0.8081,0.5872,0.3805,0.0911,0.634,0.4605,0.2841,0.2208,0.2067,0.2894,173.8077,152.1583,29.3808,0.8459
29.0,870,in_bed,0.6945,0.8865,0.0144,2.1911,0.8722,0.398,0.8748,0.8068,0.5821,0.3787,0.0905,0.632,0.4594,0.2927,0.2248,0.2033,0.2882,173.2519,151.7992,28.4944,0.8653
29.033,871,in_bed,0.6829,0.8869,0.0216,2.1993,0.8652,0.3934,0.8815,0.7962,0.5697,0.3701,0.0793,0.6191,0.4447,0.3118,0.2265,0.1996,0.2908,174.9846,176.6305,26.2785,2.0725
29.067,872,in_bed,0.6729,0.9002,0.0748,2.2382,0.8255,0.3688,0.8886,0.7897,0.5561,0.3745,0.0838,0.6207,0.4492,0.3325,0.2336,0.1816,0.2907,171.4449,154.3315,25.3522,1.1827
29.1,873,in_bed,0.6758,0.9249,0.0635,2.3062,0.8614,0.3735,0.9091,0.7953,0.5562,0.3921,0.0889,0.6308,0.4624,0.3529,0.239,0.1641,0.3032,170.1044,146.2717,24.3884,0.9797
29.133,874,in_bed,0.6763,0.946,0.0411,2.3888,0.9049,0.3788,0.927,0.7984,0.5543,0.4104,0.0902,0.6356,0.4729,0.3727,0.244,0.1439,0.3202,167.9676,142.981,22.8877,0.9714
29.167,875,in_bed,0.6735,0.9628,0.0242,2.4897,0.9386,0.377,0.9408,0.7982,0.5488,0.4213,0.0899,0.6369,0.4824,0.392,0.2494,0.1275,0.3314,165.9784,141.3511,21.5209,0.9973
29.2,876,in_bed,0.6677,0.9763,0.0175,2.5637,0.9589,0.374,0.952,0.7974,0.5379,0.4328,0.0898,0.6353,0.4927,0.4141,0.2595,0.1052,0.343,161.9174,138.017,20.2451,1.0123
29.233,877,in_bed,0.656,0.9865,0.0103,2.6307,0.9762,0.3711,0.9604,0.7932,0.5188,0.4431,0.0894,0.6279,0.5073,0.4417,0.2744,0.0757,0.3537,154.9464,132.196,19.0157,1.029
29.267,878,in_bed,0.6383,0.9894,-0.0065,2.6894,0.9959,0.3703,0.9633,0.7842,0.4925,0.45,0.0878,0.6148,0.5099,0.4709,0.2917,0.0425,0.3621,145.5816,123.9772,17.7122,1.0583
29.3,879,in_bed,0.6207,0.9899,-0.0219,2.7347,1.0118,0.37,0.9631,0.7751,0.4664,0.4587,0.0865,0.6034,0.5056,0.4968,0.3087,0.0076,0.3723,134.8692,113.8101,16.3939,1.0769
29.333,880,in_bed,0.6046,0.9878,-0.0334,2.76,1.0213,0.37,0.9613,0.7674,0.4417,0.4703,0.0853,0.594,0.4771,0.5196,0.3257,-0.0285,0.385,119.8854,99.1182,14.8555,1.0934
29.367,881,in_bed,0.5836,0.9782,-0.059,2.7845,1.0373,0.3725,0.9515,0.7529,0.4143,0.4769,0.0824,0.5763,0.4457,0.5372,0.3386,-0.0626,0.3945,95.7289,75.1634,14.0119,1.1231
29.4,882,in_bed,0.565,0.9661,-0.0807,2.7923,1.0469,0.3749,0.9395,0.7382,0.3917,0.4908,0.0796,0.5586,0.4139,0.5479,0.3465,-0.0991,0.4112,70.4932,50.6974,13.7904,1.1471
29.433,883,in_bed,0.5514,0.9521,-0.1029,2.791,1.0549,0.378,0.9259,0.7259,0.3769,0.5004,0.0767,0.5456,0.3898,0.549,0.349,-0.1235,0.4237,64.1204,45.1763,14.5481,1.1673
29.467,884,in_bed,0.5428,0.9392,-0.1214,2.7826,1.0606,0.3811,0.9138,0.7173,0.3683,0.5045,0.074,0.5409,0.3777,0.5455,0.349,-0.1362,0.4304,65.7125,47.1618,14.5797,1.1876
29.5,885,in_bed,0.5029,0.8996,-0.1824,2.7691,1.082,0.3908,0.8743,0.6791,0.3267,0.471,0.0639,0.5045,0.3336,0.5476,0.3525,-0.1443,0.4071,70.5921,51.3317,14.1008,1.2233
29.533,886,in_bed,0.497,0.8889,-0.1957,2.7577,1.0846,0.3933,0.8636,0.6711,0.3229,0.473,0.0612,0.4984,0.3205,0.5407,0.3482,-0.1501,0.4118,69.5196,51.2072,13.9426,1.2476
29.567,887,in_bed,0.4815,0.8702,-0.2181,2.7374,1.0883,0.3976,0.8452,0.6555,0.3074,0.4673,0.0568,0.4821,0.3006,0.5377,0.348,-0.1598,0.4104,68.7953,50.455,14.1542,1.2673
29.6,888,in_bed,0.4817,0.8658,-0.2084,2.7042,1.0743,0.3973,0.8403,0.6537,0.3096,0.4861,0.0583,0.4837,0.3034,0.5307,0.3441,-0.1765,0.4278,57.5256,40.3567,14.5962,1.2703
29.633,889,in_bed,0.4851,0.8625,-0.202,2.6817,1.0645,0.397,0.8365,0.6553,0.3149,0.5088,0.0591,0.4852,0.3078,0.5216,0.3404,-0.1939,0.4497,45.7721,29.6491,15.1659,1.2848
29.667,890,in_bed,0.4814,0.8537,-0.1909,2.6298,1.0446,0.3972,0.8279,0.6513,0.3114,0.5241,0.0607,0.4819,0.3065,0.5165,0.3398,-0.2127,0.4634,36.0731,21.2406,16.0228,1.2832
29.7,891,in_bed,0.4773,0.8454,-0.1767,2.5758,1.0221,0.3968,0.8188,0.6471,0.3076,0.5378,0.0627,0.4775,0.3077,0.5112,0.3395,-0.2302,0.4751,29.1868,15.5745,16.7857,1.273
29.733,892,in_bed,0.4795,0.843,-0.1736,2.5559,1.0166,0.3977,0.8161,0.648,0.3109,0.5476,0.0629,0.479,0.3174,0.5052,0.3371,-0.2366,0.4847,23.5619,19.3687,17.3255,1.2776
29.767,893,in_bed,0.4883,0.8455,-0.1721,2.5507,1.0176,0.399,0.8208,0.6548,0.3218,0.5511,0.0627,0.4873,0.3344,0.499,0.3329,-0.2293,0.4884,20.5411,25.6138,17.9788,1.2764
29.8,894,in_bed,0.4888,0.8444,-0.1658,2.5332,1.0102,0.3988,0.8197,0.6529,0.3248,0.5465,0.0634,0.4869,0.3467,0.4949,0.3282,-0.2218,0.4831,30.0947,37.1172,19.2078,1.2552
29.833,895,in_bed,0.4985,0.8533,-0.1345,2.5095,0.9878,0.3936,0.8284,0.6607,0.3363,0.5529,0.0677,0.4952,0.3665,0.4921,0.3244,-0.2165,0.4851,38.2269,47.0589,20.0903,1.2229
29.867,896,in_bed,0.5056,0.8592,-0.099,2.4706,0.9581,0.3878,0.8344,0.6655,0.3456,0.5536,0.072,0.5025,0.3807,0.4888,0.3199,-0.208,0.4816,45.3678,55.7131,20.9919,1.1799
29.9,897,in_bed,0.4986,0.8522,-0.0568,2.3857,0.909,0.381,0.8274,0.6571,0.3402,0.5424,0.0761,0.4956,0.3783,0.4872,0.3169,-0.2022,0.4663,49.9893,60.5858,22.1154,1.1096
29.933,898,in_bed,0.4867,0.8417,-0.0251,2.3076,0.8668,0.3757,0.8167,0.6439,0.3294,0.5293,0.0782,0.4829,0.3702,0.4873,0.3145,-0.1999,0.4511,53.2256,61.9469,23.0995,1.0472
29.967,899,in_bed,0.4865,0.8403,-0.0043,2.2692,0.8446,0.3722,0.8155,0.6425,0.3305,0.5342,0.0791,0.4808,0.3768,0.485,0.312,-0.2037,0.4551,53.1604,60.6379,24.4385,1.0159
30.0,900,in_bed,0.4862,0.8324,0.0101,2.2183,0.8224,0.3707,0.8078,0.6379,0.3346,0.5318,0.0796,0.4785,0.3803,0.4732,0.3034,-0.1972,0.4522,54.4235,61.7914,26.7251,0.9865
30.033,901,in_bed,0.4855,0.8218,0.0236,2.1551,0.7982,0.3704,0.7972,0.6336,0.3374,0.5354,0.08,0.4793,0.387,0.4598,0.2962,-0.1981,0.4554,51.4145,60.1986,29.3579,0.9612
30.067,902,in_bed,0.474,0.803,0.0354,2.0736,0.7676,0.3702,0.7763,0.6166,0.3314,0.5303,0.0805,0.4737,0.3858,0.4449,0.2852,-0.1989,0.4498,45.4311,57.0157,33.3569,0.9281
30.1,903,in_bed,0.4684,0.7892,0.0376,2.027,0.7516,0.3708,0.761,0.6054,0.3313,0.5208,0.0804,0.4739,0.3857,0.4296,0.2741,-0.1894,0.4403,42.0971,55.224,36.8118,0.9097
30.133,904,in_bed,0.4673,0.782,0.0364,2.0063,0.7456,0.3716,0.7644,0.6005,0.3341,0.5146,0.0802,0.4788,0.3821,0.4303,0.2664,-0.1804,0.4343,34.8619,49.606,40.7023,0.9075
30.167,905,in_bed,0.485,0.7752,0.0265,2.0029,0.7488,0.3738,0.7445,0.6021,0.3679,0.4831,0.0798,0.4948,0.3774,0.3766,0.2342,-0.1152,0.4033,23.4025,37.0411,48.0289,0.9159
30.2,906,in_bed,0.4872,0.7684,0.0037,2.0217,0.7646,0.3782,0.7343,0.5958,0.3786,0.438,0.0785,0.4917,0.366,0.3558,0.2172,-0.0594,0.3595,66.6186,74.8297,51.2592,0.9323
30.233,907,in_bed,0.4941,0.776,0.0034,2.0457,0.7726,0.3777,0.7537,0.604,0.3841,0.4104,0.0783,0.4861,0.318,0.3696,0.2199,-0.0263,0.3321,79.7967,86.9471,50.1036,0.9476
30.267,908,in_bed,0.5087,0.7861,0.0006,2.077,0.7855,0.3782,0.7619,0.6184,0.399,0.382,0.0781,0.4981,0.332,0.3629,0.2194,0.0171,0.3039,93.0765,98.5076,49.1372,0.9673
30.3,909,in_bed,0.5314,0.8037,0.0012,2.1231,0.8025,0.378,0.7653,0.6422,0.4206,0.3421,0.078,0.5218,0.3601,0.3447,0.2216,0.0785,0.2641,131.0136,134.6867,47.69,0.9997
30.333,910,in_bed,0.5444,0.816,-0.0045,2.165,0.8205,0.379,0.7777,0.6585,0.4303,0.3206,0.0776,0.5382,0.3785,0.3474,0.2283,0.1096,0.243,147.4394,149.8481,45.9675,1.0362
30.367,911,in_bed,0.5477,0.8214,-0.007,2.1815,0.8284,0.3797,0.7814,0.6664,0.429,0.3176,0.0774,0.5483,0.3921,0.3524,0.2374,0.1114,0.2401,154.2691,154.6275,44.1734,1.0653
30.4,912,in_bed,0.5563,0.8333,0.0045,2.1896,0.8287,0.3785,0.7929,0.6807,0.4319,0.3333,0.0781,0.5647,0.4127,0.3609,0.2488,0.0986,0.2552,156.8458,155.5676,41.9557,1.1072
30.433,913,in_bed,0.5642,0.8442,0.0165,2.1952,0.8276,0.377,0.8161,0.6939,0.4344,0.3506,0.0787,0.5798,0.4302,0.3817,0.2595,0.0839,0.2719,154.9414,154.2854,39.7548,1.1533
30.467,914,in_bed,0.5547,0.8385,0.0116,2.1884,0.8268,0.3778,0.8109,0.6889,0.4205,0.3571,0.0783,0.5739,0.4236,0.3905,0.2685,0.0633,0.2788,149.2303,149.847,38.2567,1.2004
30.5,915,in_bed,0.5441,0.833,0.0068,2.1838,0.8261,0.3783,0.7957,0.6844,0.4038,0.3519,0.078,0.5667,0.4118,0.3919,0.2806,0.0519,0.2739,152.5161,154.5384,36.8553,1.2302
30.533,916,in_bed,0.5335,0.8265,-0.0006,2.183,0.8271,0.3789,0.7994,0.6773,0.3896,0.3533,0.0776,0.5556,0.3918,0.4097,0.2877,0.0363,0.2757,167.9222,165.1247,36.1406,1.2238
30.567,917,in_bed,0.5283,0.8252,-0.0126,2.2073,0.8377,0.3795,0.797,0.6747,0.382,0.3491,0.0768,0.5475,0.3739,0.415,0.2926,0.0329,0.2722,149.1129,145.1319,35.5311,1.2168
30.6,918,in_bed,0.5289,0.8322,-0.0278,2.2634,0.8601,0.38,0.802,0.6788,0.3789,0.3522,0.0757,0.5444,0.3624,0.4231,0.2999,0.0267,0.2765,124.6391,119.7514,35.1324,1.2288
30.633,919,in_bed,0.5317,0.8457,-0.0315,2.3199,0.8772,0.3781,0.8038,0.6871,0.3763,0.3673,0.0754,0.546,0.3601,0.4276,0.3109,0.009,0.2919,105.2134,99.8629,34.4027,1.2463
30.667,920,in_bed,0.5386,0.8622,-0.025,2.3667,0.8871,0.3748,0.8261,0.6984,0.3788,0.3715,0.0759,0.5511,0.3667,0.4473,0.3196,0.0072,0.2956,97.1028,92.5423,34.2886,1.2696
30.7,921,in_bed,0.5471,0.88,-0.0142,2.4099,0.8942,0.371,0.8414,0.7112,0.383,0.3769,0.0767,0.5602,0.3811,0.4584,0.3283,0.0061,0.3002,89.9643,86.6202,33.998,1.2798
30.733,922,in_bed,0.5411,0.8825,-0.0158,2.4272,0.8984,0.3701,0.8437,0.7096,0.3727,0.3753,0.0766,0.5574,0.3888,0.471,0.3369,-0.0026,0.2987,58.6037,58.5007,33.7518,1.2673
30.767,923,in_bed,0.5426,0.8905,-0.0102,2.4453,0.9007,0.3683,0.8511,0.7145,0.3707,0.3699,0.077,0.5606,0.4001,0.4804,0.3438,0.0008,0.2929,56.7022,64.1103,33.6147,1.2545
30.8,924,in_bed,0.5381,0.8932,-0.0084,2.4572,0.9016,0.3669,0.8532,0.7134,0.3628,0.3785,0.0771,0.5531,0.3945,0.4904,0.3506,-0.0157,0.3014,15.7387,24.5303,33.5361,1.2453
30.833,925,in_bed,0.5363,0.8952,-0.0083,2.4683,0.9035,0.366,0.8546,0.714,0.3585,0.3848,0.0771,0.5478,0.3962,0.4961,0.3555,-0.0263,0.3077,17.6101,24.2117,33.7413,1.234
30.867,926,in_bed,0.538,0.8997,-0.0053,2.482,0.905,0.3646,0.8576,0.7178,0.3582,0.3933,0.0773,0.5491,0.4042,0.4994,0.3595,-0.035,0.316,22.048,28.8079,33.4911,1.2204
30.9,927,in_bed,0.5429,0.9096,0.0029,2.508,0.9067,0.3615,0.8645,0.7248,0.3611,0.3971,0.0778,0.5547,0.4144,0.5034,0.3637,-0.036,0.3194,28.8577,34.442,33.0986,1.2072
30.933,928,in_bed,0.5488,0.9206,0.0113,2.542,0.9093,0.3577,0.8714,0.7316,0.3659,0.3999,0.0782,0.5615,0.4224,0.5055,0.3657,-0.034,0.3217,40.2251,44.9651,32.8226,1.1909
30.967,929,in_bed,0.5573,0.9302,0.0157,2.5761,0.9146,0.355,0.8785,0.7411,0.3735,0.4006,0.0784,0.5686,0.4288,0.505,0.3677,-0.0271,0.3222,49.847,54.3366,32.3908,1.1718
31.0,930,in_bed,0.5678,0.9392,0.0189,2.6092,0.9203,0.3527,0.885,0.7513,0.3842,0.3971,0.0786,0.5761,0.4329,0.5007,0.367,-0.0129,0.3185,78.2062,82.3284,32.1905,1.1563
31.033,931,in_bed,0.5826,0.949,0.0205,2.6469,0.9285,0.3508,0.8945,0.7638,0.4013,0.3866,0.0787,0.5859,0.4372,0.4932,0.3625,0.0148,0.3079,104.9154,119.9136,32.0397,1.1417
31.067,932,in_bed,0.5992,0.9625,0.0228,2.6954,0.9397,0.3486,0.9055,0.7786,0.4197,0.3762,0.0788,0.601,0.445,0.4858,0.3589,0.0435,0.2974,107.2591,123.2846,31.9761,1.1468
31.1,933,in_bed,0.6146,0.9716,0.0222,2.7266,0.9494,0.3482,0.9158,0.7963,0.4329,0.3666,0.0788,0.6184,0.4542,0.483,0.3635,0.0663,0.2878,109.5493,127.4595,31.5205,1.1487
31.133,934,in_bed,0.6312,0.9791,0.019,2.7508,0.9601,0.349,0.9264,0.8118,0.4506,0.3632,0.0786,0.6362,0.4683,0.4758,0.3612,0.0874,0.2846,113.4192,132.1368,31.4714,1.1581
31.167,935,in_bed,0.6397,0.9845,0.016,2.7725,0.9685,0.3493,0.9332,0.8203,0.4592,0.3567,0.0785,0.6446,0.4756,0.474,0.3612,0.1024,0.2783,115.0923,134.7656,31.484,1.166
31.2,936,in_bed,0.6476,0.9886,0.0169,2.7805,0.9717,0.3495,0.9386,0.8271,0.468,0.3458,0.0785,0.6498,0.4837,0.4706,0.359,0.1223,0.2673,124.6969,145.1702,31.7348,1.1625
31.233,937,in_bed,0.6512,0.9895,0.0151,2.7826,0.9744,0.3502,0.9402,0.8294,0.4729,0.3339,0.0784,0.6515,0.488,0.4673,0.3565,0.139,0.2555,129.24,150.5302,31.602,1.1722
31.267,938,in_bed,0.6551,0.99,0.0187,2.7697,0.9713,0.3507,0.9401,0.832,0.4781,0.3195,0.0786,0.6554,0.4947,0.462,0.354,0.1586,0.2409,131.1987,153.6393,31.6543,1.1684
31.3,939,in_bed,0.6588,0.9873,0.0216,2.7436,0.9657,0.352,0.9377,0.8343,0.4833,0.3081,0.0787,0.657,0.5007,0.4544,0.351,0.1752,0.2294,132.5993,155.5767,31.8848,1.1616
31.333,940,in_bed,0.6599,0.9811,0.0225,2.708,0.9586,0.354,0.9317,0.8339,0.4858,0.2894,0.0788,0.6562,0.5045,0.4459,0.3481,0.1964,0.2106,130.1073,154.1893,32.6697,1.148
31.367,941,in_bed,0.6562,0.9719,0.0217,2.6694,0.9502,0.356,0.9219,0.8289,0.4834,0.2889,0.0788,0.6503,0.5026,0.4385,0.3455,0.1945,0.2102,125.644,148.8821,33.923,1.1376
31.4,942,in_bed,0.6528,0.9633,0.0212,2.6319,0.9421,0.358,0.9128,0.8234,0.4823,0.3012,0.0787,0.6442,0.5037,0.4305,0.3411,0.1811,0.2225,118.7363,139.933,35.494,1.1292
31.433,943,in_bed,0.6468,0.948,0.0214,2.57,0.9266,0.3605,0.8949,0.8137,0.4799,0.3108,0.0787,0.6358,0.5011,0.4151,0.3339,0.1691,0.2321,109.0399,128.4566,37.3302,1.1149
31.467,944,in_bed,0.6362,0.93,0.0188,2.5056,0.9111,0.3636,0.8743,0.801,0.4713,0.3154,0.0785,0.6281,0.4972,0.4031,0.3298,0.1559,0.2368,100.1531,117.8709,39.0615,1.1156
31.5,945,in_bed,0.6303,0.9157,0.0174,2.452,0.8983,0.3664,0.8595,0.7909,0.4697,0.3199,0.0785,0.62,0.4919,0.3898,0.3212,0.1498,0.2414,96.1133,111.6967,40.7741,1.1084
31.533,946,in_bed,0.626,0.9016,0.0157,2.4007,0.8859,0.369,0.8441,0.7828,0.4691,0.3175,0.0784,0.6157,0.4866,0.375,0.3138,0.1516,0.2391,95.4761,109.5348,42.3744,1.0886
31.567,947,in_bed,0.6238,0.8873,0.0144,2.3493,0.8729,0.3715,0.8278,0.7786,0.469,0.3152,0.0783,0.6133,0.4755,0.3588,0.3096,0.1538,0.2369,94.4922,107.6205,43.8048,1.059
31.6,948,in_bed,0.6251,0.8729,0.011,2.3033,0.862,0.3742,0.8117,0.7775,0.4727,0.3154,0.0781,0.6126,0.4631,0.3391,0.3048,0.1573,0.2372,93.1348,104.9581,45.2573,1.0544
31.633,949,in_bed,0.626,0.8614,0.0066,2.2578,0.8548,0.3786,0.7947,0.7745,0.4775,0.3129,0.0779,0.6107,0.4487,0.3172,0.2971,0.1646,0.235,93.0309,103.4424,46.9143,1.0655
31.667,950,in_bed,0.6273,0.8566,0.0038,2.2379,0.8528,0.3811,0.7775,0.7715,0.4831,0.3069,0.0777,0.6092,0.439,0.2944,0.2884,0.1762,0.2291,95.1177,105.1641,47.9203,1.06
31.7,951,in_bed,0.6267,0.8496,0.0033,2.2178,0.8463,0.3816,0.7672,0.7676,0.4859,0.3013,0.0777,0.6084,0.4312,0.2813,0.2817,0.1846,0.2236,97.176,107.102,48.4625,1.0896
31.733,952,in_bed,0.6274,0.8406,-0.0019,2.2003,0.8424,0.3829,0.7515,0.7633,0.4915,0.2928,0.0774,0.6093,0.4232,0.26,0.2718,0.1987,0.2154,97.5299,107.1737,49.6396,1.0774
31.767,953,in_bed,0.6302,0.8353,-0.0079,2.1965,0.8433,0.3839,0.7358,0.7624,0.4979,0.2881,0.077,0.6069,0.4196,0.2379,0.2645,0.2098,0.2111,95.2466,104.066,51.6383,1.068
31.8,954,in_bed,0.631,0.8311,-0.0105,2.1908,0.8416,0.3841,0.7216,0.7619,0.5001,0.2842,0.0769,0.604,0.4191,0.2215,0.2619,0.2159,0.2073,93.9533,102.2048,52.7575,1.0597
31.833,955,in_bed,0.6338,0.829,-0.0108,2.1869,0.8398,0.384,0.7091,0.7637,0.5039,0.2796,0.0769,0.6012,0.415,0.2052,0.2599,0.2243,0.2028,94.8367,103.0387,53.2629,1.0462
31.867,956,in_bed,0.6394,0.8275,-0.0076,2.1775,0.8351,0.3835,0.7,0.7653,0.5136,0.2744,0.0771,0.5974,0.4096,0.1865,0.2517,0.2392,0.1973,95.2505,102.7011,54.5811,1.0363
31.9,957,in_bed,0.6422,0.8245,-0.0039,2.1623,0.8284,0.3831,0.6913,0.7652,0.5192,0.27,0.0774,0.5949,0.4093,0.1722,0.2461,0.2492,0.1926,93.98,100.9491,55.834,1.0243
31.933,958,in_bed,0.6412,0.8159,-0.0016,2.1297,0.8176,0.3839,0.6825,0.7616,0.5208,0.2611,0.0775,0.5883,0.4033,0.1617,0.2408,0.2597,0.1836,92.0491,99.2083,57.0357,1.0083
31.967,959,in_bed,0.64,0.8082,-0.001,2.1018,0.8091,0.385,0.6791,0.7577,0.5224,0.254,0.0776,0.6665,0.3999,0.1568,0.2353,0.2683,0.1764,91.6621,98.7735,57.8481,0.9938
32.0,960,in_bed,0.639,0.7995,-0.0015,2.0721,0.801,0.3866,0.6763,0.7529,0.5251,0.2505,0.0776,0.6546,0.3989,0.1512,0.2278,0.2745,0.1729,90.7066,97.0602,59.0594,0.9773
32.033,961,in_bed,0.6399,0.7913,-0.001,2.0442,0.7923,0.3876,0.6781,0.7497,0.5301,0.2448,0.0777,0.6451,0.4012,0.148,0.2196,0.2852,0.1671,91.1768,97.2363,60.0981,0.9857
32.067,962,in_bed,0.641,0.7852,-0.0017,2.0235,0.7869,0.3889,0.6779,0.7474,0.5346,0.2415,0.0777,0.641,0.406,0.1433,0.2128,0.2931,0.1638,91.5048,97.1679,60.8388,0.9752
32.1,963,in_bed,0.6445,0.7857,0.0007,2.0177,0.785,0.3891,0.679,0.7488,0.5401,0.2432,0.0778,0.6424,0.4148,0.1389,0.2087,0.2969,0.1654,92.194,97.3602,61.1499,0.9727
32.133,964,in_bed,0.6451,0.783,0.0011,2.009,0.7819,0.3892,0.6745,0.7478,0.5424,0.2371,0.0779,0.6402,0.4171,0.1321,0.2054,0.3053,0.1592,92.8896,98.3194,61.6295,0.9631
32.167,965,in_bed,0.6487,0.7834,-0.0001,2.0116,0.7835,0.3895,0.6701,0.7488,0.5486,0.2322,0.0778,0.6435,0.4212,0.1216,0.2002,0.3163,0.1544,93.9618,99.3836,62.1516,0.9638
32.2,966,in_bed,0.6511,0.7819,-0.001,2.0076,0.7829,0.39,0.6672,0.7487,0.5534,0.2281,0.0778,0.6416,0.4233,0.1138,0.1953,0.3254,0.1503,94.8926,100.3097,62.4895,0.9646
32.233,967,in_bed,0.6531,0.7819,-0.0005,2.0052,0.7823,0.3901,0.6683,0.7499,0.5562,0.2262,0.0778,0.6403,0.4262,0.1121,0.1937,0.33,0.1484,95.5836,100.97,62.8555,0.9637
32.267,968,in_bed,0.6553,0.7816,0.0018,1.9982,0.7798,0.3902,0.6692,0.7507,0.56,0.2265,0.0779,0.641,0.4297,0.1092,0.1908,0.3335,0.1485,96.2654,101.3055,63.3652,0.9611
32.3,969,in_bed,0.6548,0.779,0.0046,1.9839,0.7744,0.3904,0.6695,0.7497,0.5598,0.2245,0.0781,0.6392,0.4304,0.1097,0.1899,0.3353,0.1464,96.0687,101.5136,63.2834,0.957
32.333,970,in_bed,0.6521,0.777,0.0051,1.9755,0.7719,0.3907,0.6689,0.7486,0.5556,0.2239,0.0781,0.638,0.43,0.1133,0.193,0.3317,0.1458,95.363,101.4079,62.8179,0.9545
32.367,971,in_bed,0.6494,0.7756,0.0042,1.9706,0.7714,0.3915,0.6676,0.7471,0.5517,0.2233,0.0781,0.6378,0.4308,0.1158,0.1954,0.3284,0.1453,94.5447,101.0009,62.5418,0.956
32.4,972,in_bed,0.6483,0.7745,0.0048,1.9645,0.7697,0.3918,0.6686,0.7477,0.5489,0.2239,0.0781,0.6353,0.4321,0.1197,0.1988,0.3249,0.1458,93.8804,100.6701,62.2474,0.9542
32.433,973,in_bed,0.6473,0.7724,0.0066,1.9528,0.7658,0.3922,0.6698,0.7477,0.5469,0.2246,0.0782,0.6312,0.433,0.1229,0.2008,0.3223,0.1464,93.0081,100.1156,61.9739,0.9493
32.467,974,in_bed,0.6454,0.7717,0.0074,1.9502,0.7644,0.392,0.6688,0.7463,0.5446,0.2232,0.0782,0.6292,0.4322,0.1242,0.2017,0.3214,0.145,92.4236,99.5189,62.2363,0.9445
32.5,975,in_bed,0.6422,0.7694,0.0063,1.9463,0.7631,0.3921,0.6615,0.7445,0.5399,0.2194,0.0782,0.625,0.4304,0.1215,0.2045,0.3205,0.1412,91.2171,99.2165,61.9431,0.9232
32.533,976,in_bed,0.641,0.7699,0.0059,1.9496,0.764,0.3919,0.6617,0.7456,0.5363,0.2169,0.0782,0.626,0.431,0.1254,0.2094,0.3194,0.1387,90.2766,99.2708,61.3669,0.9237
32.567,977,in_bed,0.6406,0.7694,0.0061,1.9499,0.7634,0.3915,0.6677,0.7476,0.5336,0.2179,0.0782,0.6267,0.4302,0.1341,0.214,0.3157,0.1397,89.5754,99.2243,60.6913,0.9395
32.6,978,in_bed,0.6395,0.7675,0.0082,1.9434,0.7593,0.3907,0.6644,0.7484,0.5307,0.2173,0.0783,0.6269,0.4269,0.1338,0.2177,0.3134,0.1389,89.3226,99.5854,60.2288,0.932
32.633,979,in_bed,0.637,0.7663,0.0091,1.9418,0.7572,0.39,0.6541,0.7459,0.5281,0.2165,0.0784,0.6244,0.4229,0.126,0.2178,0.3116,0.1381,87.9788,98.3704,60.4389,0.9086
32.667,980,in_bed,0.6353,0.7666,0.0099,1.9457,0.7567,0.3889,0.6507,0.7442,0.5264,0.2169,0.0785,0.6231,0.4189,0.1243,0.2178,0.3095,0.1385,87.2564,97.6253,60.6397,0.9029
32.7,981,in_bed,0.635,0.768,0.0074,1.9552,0.7607,0.389,0.6485,0.7434,0.5265,0.2182,0.0783,0.6235,0.4205,0.122,0.217,0.3083,0.1399,86.373,96.1732,61.0254,0.9102
32.733,982,in_bed,0.6346,0.769,0.0043,1.9643,0.7647,0.3893,0.6478,0.7427,0.5265,0.2217,0.0782,0.625,0.4164,0.1214,0.2163,0.3048,0.1435,86.1155,95.1967,61.2366,0.9141
32.767,983,in_bed,0.6338,0.7708,0.0037,1.9702,0.7671,0.3894,0.6483,0.7429,0.5247,0.2232,0.0782,0.6249,0.4093,0.1236,0.2183,0.3015,0.145,84.5251,93.4326,61.3243,0.9196
32.8,984,in_bed,0.6333,0.7718,0.0032,1.9736,0.7687,0.3895,0.6477,0.7414,0.5252,0.2234,0.0781,0.624,0.4011,0.1225,0.2161,0.3018,0.1453,83.4309,91.7472,62.0078,0.9245
32.833,985,in_bed,0.6305,0.7723,0.0043,1.9743,0.7679,0.389,0.6473,0.7374,0.5235,0.2237,0.0781,0.6227,0.3966,0.1238,0.2139,0.2997,0.1456,82.0335,89.7645,62.7403,0.9245
32.867,986,in_bed,0.6277,0.7702,0.0047,1.9687,0.7655,0.3888,0.6468,0.7326,0.5228,0.2225,0.0781,0.5441,0.3899,0.124,0.2098,0.3003,0.1444,81.5228,88.8277,63.4688,0.9216
32.9,987,in_bed,0.6224,0.7674,0.0048,1.9608,0.7626,0.3889,0.6441,0.7255,0.5194,0.2203,0.0781,0.5381,0.3824,0.1247,0.2061,0.299,0.1423,80.2405,87.3332,64.1202,0.9189
32.933,988,in_bed,0.6188,0.766,0.0032,1.9599,0.7628,0.3892,0.6441,0.7192,0.5185,0.2213,0.078,0.5333,0.3792,0.1256,0.2007,0.2972,0.1433,79.2001,85.2617,65.0699,0.918
32.967,989,in_bed,0.6162,0.7652,0.0024,1.9587,0.7628,0.3894,0.6455,0.713,0.5194,0.2239,0.0779,0.528,0.3771,0.126,0.1936,0.2955,0.146,79.0496,83.754,66.0125,0.92
33.0,990,in_bed,0.6177,0.7667,0.0012,1.9651,0.7655,0.3896,0.6478,0.712,0.5234,0.2264,0.0778,0.5275,0.3762,0.1244,0.1886,0.2971,0.1485,79.4805,83.0876,66.7123,0.9257
33.033,991,in_bed,0.619,0.7687,-0.0003,1.9746,0.769,0.3894,0.6484,0.7118,0.5261,0.2296,0.0777,0.5267,0.3744,0.1223,0.1857,0.2965,0.1518,79.9343,82.6997,67.1147,0.9291
33.067,992,in_bed,0.6187,0.7702,-0.0023,1.9842,0.7725,0.3893,0.6488,0.7102,0.5272,0.2298,0.0776,0.5243,0.3692,0.1216,0.183,0.2974,0.1522,80.4647,82.7623,67.4682,0.9333
33.1,993,in_bed,0.6201,0.773,-0.0032,1.9952,0.7762,0.389,0.6489,0.711,0.5293,0.2313,0.0776,0.5236,0.3654,0.1196,0.1817,0.298,0.1537,80.6252,82.399,67.7582,0.9373
33.133,994,in_bed,0.6203,0.7731,-0.0049,1.999,0.778,0.3892,0.649,0.7104,0.5303,0.2297,0.0774,0.5233,0.3632,0.1187,0.1801,0.3006,0.1522,81.0458,82.5658,68.0004,0.9395
33.167,995,in_bed,0.6215,0.774,-0.0062,2.0034,0.7801,0.3894,0.6491,0.7114,0.5315,0.2301,0.0774,0.5241,0.3627,0.1176,0.1799,0.3014,0.1527,81.0011,82.3731,68.0292,0.9419
33.2,996,in_bed,0.6223,0.774,-0.0086,2.0058,0.7826,0.3901,0.6504,0.7111,0.5335,0.2314,0.0772,0.5249,0.3646,0.1169,0.1776,0.3021,0.1542,81.1438,81.9681,68.3189,0.9475
33.233,997,in_bed,0.6214,0.7737,-0.0105,2.0061,0.7842,0.3909,0.6519,0.7107,0.532,0.2303,0.0771,0.526,0.3664,0.1199,0.1787,0.3017,0.1532,80.7111,81.7772,68.2081,0.9516
33.267,998,in_bed,0.621,0.7726,-0.0114,2.0032,0.784,0.3914,0.6511,0.711,0.5309,0.2294,0.077,0.5264,0.3659,0.1202,0.1801,0.3015,0.1524,80.4506,81.8216,68.0404,0.9521
33.3,999,in_bed,0.6199,0.7705,-0.011,1.9963,0.7815,0.3915,0.6488,0.7103,0.5296,0.2282,0.0771,0.5245,0.3646,0.1192,0.1807,0.3014,0.1511,80.2002,81.8215,67.9715,0.9508
33.333,1000,in_bed,0.62,0.7696,-0.0111,1.9938,0.7808,0.3916,0.6472,0.7108,0.5292,0.227,0.077,0.5236,0.3629,0.118,0.1816,0.3023,0.1499,80.2653,82.0919,67.8704,0.9504
33.367,1001,in_bed,0.6195,0.7691,-0.0116,1.9926,0.7807,0.3918,0.6455,0.7113,0.5278,0.2254,0.077,0.5239,0.3623,0.1178,0.1835,0.3024,0.1484,80.0812,82.2823,67.6681,0.9511
33.4,1002,in_bed,0.6194,0.7694,-0.0118,1.9938,0.7812,0.3918,0.645,0.7127,0.5261,0.2239,0.077,0.5247,0.3617,0.119,0.1866,0.3022,0.1469,79.8021,82.6391,67.3024,0.9528
33.433,1003,in_bed,0.6211,0.7688,-0.0133,1.9948,0.7821,0.3921,0.6435,0.7147,0.5276,0.2223,0.0769,0.5266,0.3629,0.116,0.1872,0.3053,0.1454,80.5047,83.5956,67.198,0.9521
33.467,1004,in_bed,0.6225,0.7684,-0.0141,1.996,0.7825,0.392,0.6413,0.7169,0.528,0.2207,0.0769,0.5283,0.3647,0.1133,0.1889,0.3073,0.1439,81.0508,84.4896,66.9316,0.9501
33.5,1005,in_bed,0.6241,0.768,-0.0138,1.9955,0.7819,0.3918,0.6385,0.7186,0.5295,0.2208,0.0769,0.5308,0.368,0.109,0.1891,0.3087,0.1439,81.5547,85.0026,66.9239,0.9462
33.533,1006,in_bed,0.6246,0.7679,-0.0145,1.9965,0.7824,0.3919,0.637,0.7198,0.5293,0.2206,0.0769,0.5308,0.3683,0.1077,0.1905,0.3087,0.1438,81.5049,85.0979,66.8788,0.9444
33.567,1007,in_bed,0.6263,0.7692,-0.0161,2.002,0.7853,0.3922,0.6369,0.7217,0.5309,0.2205,0.0768,0.5334,0.3727,0.106,0.1908,0.3103,0.1438,81.6217,85.2272,66.8849,0.9474
33.6,1008,in_bed,0.628,0.7685,-0.0191,2.003,0.7876,0.3932,0.6368,0.7226,0.5333,0.221,0.0766,0.5346,0.3731,0.1035,0.1893,0.3123,0.1444,81.8752,84.939,67.1509,0.9503
33.633,1009,in_bed,0.6293,0.7685,-0.0198,2.0041,0.7883,0.3934,0.6354,0.725,0.5337,0.2203,0.0765,0.5365,0.3736,0.1017,0.1913,0.3134,0.1438,81.9687,85.1185,67.0257,0.9496
33.667,1010,in_bed,0.6295,0.7685,-0.0197,2.0042,0.7882,0.3933,0.6335,0.7263,0.5328,0.2208,0.0765,0.5366,0.3735,0.1007,0.1934,0.312,0.1443,82.3348,85.4694,66.8002,0.9485
33.7,1011,in_bed,0.6307,0.7694,-0.0199,2.006,0.7893,0.3935,0.6348,0.7279,0.5334,0.2223,0.0765,0.61,0.3755,0.1014,0.1946,0.3111,0.1458,82.9024,85.9402,66.5778,0.9507
33.733,1012,in_bed,0.6313,0.7709,-0.0186,2.0081,0.7895,0.3932,0.6358,0.7291,0.5336,0.2244,0.0766,0.6112,0.3772,0.1022,0.1955,0.3092,0.1477,83.1376,86.0683,66.4275,0.9521
33.767,1013,in_bed,0.6324,0.772,-0.0191,2.0118,0.7912,0.3933,0.6375,0.7299,0.5349,0.2252,0.0766,0.6129,0.3766,0.1026,0.1949,0.3097,0.1486,83.0578,85.8706,66.4852,0.9547
33.8,1014,in_bed,0.633,0.7729,-0.0202,2.0158,0.7931,0.3935,0.6372,0.7298,0.5361,0.2263,0.0765,0.6137,0.3767,0.1011,0.1937,0.3098,0.1498,83.2844,85.7665,66.6402,0.9572
33.833,1015,in_bed,0.6346,0.7754,-0.0198,2.0211,0.7952,0.3935,0.6398,0.7311,0.5381,0.2288,0.0766,0.6145,0.3784,0.1018,0.193,0.3092,0.1522,83.5352,85.6964,66.6537,0.9613
33.867,1016,in_bed,0.6353,0.7765,-0.0193,2.0231,0.7958,0.3934,0.6412,0.7322,0.5385,0.2303,0.0766,0.6149,0.3788,0.1027,0.1937,0.3082,0.1537,83.6652,85.7573,66.4984,0.9628
33.9,1017,in_bed,0.6344,0.7765,-0.0192,2.0228,0.7957,0.3934,0.6417,0.7315,0.5372,0.2303,0.0766,0.5373,0.3771,0.1045,0.1943,0.3069,0.1537,83.4545,85.6239,66.4498,0.9642
33.933,1018,in_bed,0.6349,0.7763,-0.0187,2.0206,0.795,0.3934,0.642,0.7313,0.5384,0.2303,0.0766,0.5375,0.377,0.1036,0.1929,0.3081,0.1537,83.2315,85.2324,66.6217,0.9646
33.967,1019,in_bed,0.6342,0.7757,-0.0176,2.0168,0.7934,0.3934,0.6419,0.7321,0.5363,0.2299,0.0767,0.5381,0.3769,0.1056,0.1958,0.3064,0.1532,82.7173,85.2536,66.2595,0.9609
34.0,1020,in_bed,0.6345,0.776,-0.0184,2.0178,0.7944,0.3937,0.643,0.7328,0.5362,0.2304,0.0767,0.5388,0.3768,0.1069,0.1966,0.3058,0.1537,82.5186,85.1402,66.1613,0.9611
34.033,1021,in_bed,0.6331,0.7752,-0.0195,2.0175,0.7947,0.3939,0.6425,0.7323,0.5339,0.2288,0.0766,0.5371,0.3743,0.1086,0.1983,0.3052,0.1522,82.2415,85.319,65.9079,0.9622
34.067,1022,in_bed,0.6327,0.7757,-0.021,2.0212,0.7967,0.3942,0.6428,0.7326,0.5329,0.2293,0.0765,0.536,0.3739,0.1099,0.1998,0.3035,0.1529,82.1926,85.3877,65.7235,0.9634
34.1,1023,in_bed,0.6332,0.7762,-0.0214,2.023,0.7976,0.3943,0.6433,0.7331,0.5334,0.2295,0.0764,0.5369,0.3746,0.1099,0.1997,0.3039,0.1531,82.1566,85.3827,65.7003,0.9649
34.133,1024,in_bed,0.634,0.7767,-0.0217,2.0244,0.7984,0.3944,0.6441,0.7342,0.5338,0.2293,0.0764,0.5386,0.3767,0.1104,0.2005,0.3045,0.1528,82.1709,85.6275,65.5183,0.9648
34.167,1025,in_bed,0.6347,0.776,-0.0205,2.0208,0.7965,0.3941,0.6443,0.7348,0.5345,0.2294,0.0765,0.5397,0.3776,0.1098,0.2004,0.3051,0.1529,82.3508,85.7699,65.5161,0.9608
34.2,1026,in_bed,0.6353,0.7759,-0.0202,2.0203,0.7961,0.3941,0.6439,0.7354,0.5352,0.2279,0.0765,0.5396,0.3774,0.1087,0.2002,0.3073,0.1514,82.417,85.9732,65.559,0.9596
34.233,1027,in_bed,0.6348,0.776,-0.0219,2.024,0.7979,0.3942,0.6436,0.7343,0.5354,0.2262,0.0764,0.5386,0.3761,0.1083,0.1989,0.3092,0.1498,82.2446,85.7876,65.8349,0.9617
34.267,1028,in_bed,0.6335,0.775,-0.0221,2.022,0.7971,0.3942,0.643,0.7331,0.5339,0.2252,0.0763,0.5372,0.3749,0.1091,0.1992,0.3088,0.1488,81.8958,85.5658,65.8762,0.9608
34.3,1029,in_bed,0.6322,0.7744,-0.0233,2.0228,0.7977,0.3944,0.6427,0.7324,0.5321,0.2238,0.0762,0.5362,0.3739,0.1106,0.2004,0.3083,0.1475,81.6701,85.6727,65.7408,0.9612
34.333,1030,in_bed,0.6327,0.7753,-0.0237,2.0256,0.799,0.3945,0.6431,0.7331,0.5323,0.2247,0.0762,0.5372,0.3754,0.1108,0.2008,0.3076,0.1485,81.471,85.3527,65.7649,0.9632
34.367,1031,in_bed,0.6319,0.7745,-0.0237,2.0232,0.7982,0.3945,0.643,0.7325,0.5314,0.2245,0.0762,0.5374,0.3759,0.1117,0.2011,0.3068,0.1483,81.4145,85.3749,65.6981,0.9641
34.4,1032,in_bed,0.632,0.775,-0.0215,2.0206,0.7965,0.3942,0.6426,0.7328,0.5313,0.2259,0.0764,0.5379,0.3776,0.1113,0.2015,0.3054,0.1495,81.2269,85.0399,65.7341,0.9633
34.433,1033,in_bed,0.6335,0.7768,-0.0196,2.0221,0.7964,0.3939,0.6436,0.7343,0.5327,0.2283,0.0765,0.5396,0.3803,0.1109,0.2016,0.3044,0.1518,81.4786,85.0549,65.6782,0.963
34.467,1034,in_bed,0.635,0.7783,-0.0175,2.0219,0.7958,0.3936,0.6451,0.7366,0.5334,0.2313,0.0767,0.5421,0.3839,0.1117,0.2033,0.3021,0.1546,81.6425,85.1216,65.379,0.9638
34.5,1035,in_bed,0.6361,0.7794,-0.0164,2.0224,0.7958,0.3935,0.6468,0.7379,0.5343,0.2335,0.0768,0.5433,0.3852,0.1126,0.2037,0.3008,0.1567,81.5943,84.9471,65.304,0.9643
34.533,1036,in_bed,0.6367,0.7804,-0.0161,2.0248,0.7965,0.3934,0.6479,0.7387,0.5348,0.2351,0.0768,0.5445,0.387,0.1131,0.2039,0.2997,0.1583,81.6134,84.7611,65.3089,0.9645
34.567,1037,in_bed,0.6378,0.7811,-0.0173,2.028,0.7984,0.3937,0.6492,0.7396,0.5359,0.2358,0.0767,0.5453,0.3871,0.1133,0.2036,0.3001,0.1591,81.6977,84.7013,65.335,0.9673
34.6,1038,in_bed,0.6384,0.781,-0.0174,2.028,0.7984,0.3937,0.6498,0.7397,0.5372,0.2356,0.0767,0.5454,0.3858,0.1126,0.2025,0.3015,0.1589,81.873,84.7741,65.4262,0.9683
34.633,1039,in_bed,0.6373,0.7805,-0.0181,2.0281,0.7986,0.3938,0.6497,0.7389,0.5357,0.2352,0.0767,0.5448,0.3844,0.114,0.2032,0.3005,0.1585,81.6452,84.6753,65.3603,0.9681
34.667,1040,in_bed,0.6365,0.7797,-0.0186,2.027,0.7983,0.3938,0.6489,0.7383,0.5348,0.2349,0.0766,0.5449,0.3835,0.1142,0.2035,0.2999,0.1582,81.5352,84.6123,65.3261,0.9672
34.7,1041,in_bed,0.6362,0.7791,-0.0195,2.0271,0.7986,0.394,0.6482,0.7377,0.5347,0.2342,0.0766,0.544,0.3817,0.1135,0.2029,0.3005,0.1576,81.6024,84.5838,65.4475,0.9669
34.733,1042,in_bed,0.6365,0.779,-0.02,2.0281,0.799,0.394,0.648,0.7377,0.5354,0.2328,0.0765,0.5432,0.3797,0.1127,0.2024,0.3025,0.1563,81.8464,84.8634,65.5302,0.9672
34.767,1043,in_bed,0.6363,0.7787,-0.0201,2.0274,0.7988,0.394,0.6481,0.7374,0.5352,0.2325,0.0765,0.543,0.3794,0.1129,0.2022,0.3027,0.1559,82.1047,85.1002,65.4978,0.9676
34.8,1044,in_bed,0.6369,0.7793,-0.0192,2.0275,0.7986,0.3939,0.6481,0.7378,0.5361,0.232,0.0766,0.5425,0.3803,0.1119,0.2016,0.3041,0.1554,82.4616,85.476,65.5254,0.9682
34.833,1045,in_bed,0.6365,0.7798,-0.0198,2.0298,0.7996,0.3939,0.6476,0.7373,0.5356,0.2312,0.0765,0.5414,0.3795,0.1119,0.2017,0.3045,0.1546,82.4602,85.6652,65.5222,0.9697
34.867,1046,in_bed,0.637,0.781,-0.0198,2.0329,0.8008,0.3939,0.6484,0.7371,0.5368,0.2313,0.0765,0.5406,0.3793,0.1116,0.2003,0.3055,0.1548,82.4142,85.5194,65.6723,0.9716
34.9,1047,in_bed,0.6375,0.7816,-0.0199,2.0355,0.8016,0.3938,0.6485,0.7376,0.5375,0.2308,0.0765,0.542,0.3805,0.111,0.2001,0.3067,0.1542,82.0811,85.3437,65.7083,0.9711
34.933,1048,in_bed,0.6389,0.7828,-0.0194,2.038,0.8022,0.3936,0.6494,0.7391,0.5388,0.2311,0.0766,0.5435,0.3817,0.1107,0.2003,0.3076,0.1546,81.9523,85.2669,65.6878,0.971
34.967,1049,in_bed,0.6403,0.7833,-0.0194,2.0391,0.8027,0.3937,0.6502,0.7397,0.5409,0.2317,0.0766,0.544,0.383,0.1092,0.1988,0.3092,0.1551,82.267,85.3263,65.8612,0.9717
35.0,1050,in_bed,0.6407,0.7837,-0.0189,2.0396,0.8026,0.3935,0.651,0.7404,0.541,0.2321,0.0766,0.5439,0.3828,0.11,0.1994,0.3089,0.1556,82.1621,85.2519,65.7921,0.9717
35.033,1051,in_bed,0.6407,0.7837,-0.0199,2.0412,0.8037,0.3937,0.6519,0.7403,0.5412,0.2321,0.0765,0.5435,0.383,0.1107,0.1991,0.3091,0.1556,82.1506,85.2425,65.7958,0.9736
35.067,1052,in_bed,0.6411,0.7838,-0.0199,2.0414,0.8037,0.3937,0.6522,0.7403,0.5418,0.2314,0.0765,0.5435,0.3838,0.1104,0.1986,0.3104,0.1549,82.2637,85.3642,65.8632,0.9726
35.1,1053,in_bed,0.6407,0.7844,-0.0194,2.0427,0.8038,0.3935,0.6528,0.74,0.5413,0.2323,0.0766,0.5432,0.3843,0.1115,0.1987,0.309,0.1557,82.0041,85.0732,65.8482,0.9736
35.133,1054,in_bed,0.6408,0.7854,-0.0204,2.0477,0.8059,0.3936,0.6525,0.7406,0.541,0.2326,0.0765,0.6136,0.3847,0.1115,0.1996,0.3084,0.1561,81.735,84.9306,65.7774,0.9743
35.167,1055,in_bed,0.6413,0.7863,-0.0201,2.0495,0.8064,0.3934,0.653,0.7408,0.5418,0.2339,0.0765,0.5426,0.385,0.1112,0.199,0.3079,0.1574,81.721,84.7159,65.8473,0.9754
35.2,1056,in_bed,0.6409,0.7858,-0.0194,2.0464,0.8051,0.3934,0.6528,0.7408,0.5409,0.2342,0.0766,0.5428,0.3844,0.1119,0.1999,0.3067,0.1576,81.6187,84.6392,65.754,0.9761
35.233,1057,in_bed,0.6414,0.7863,-0.0187,2.0462,0.805,0.3934,0.6534,0.7414,0.5413,0.2356,0.0766,0.5431,0.3844,0.1121,0.2001,0.3057,0.159,81.8591,84.7391,65.6688,0.9775
35.267,1058,in_bed,0.6423,0.7866,-0.0172,2.0442,0.8038,0.3932,0.6534,0.7424,0.5422,0.2372,0.0767,0.5434,0.3854,0.1112,0.2002,0.305,0.1605,82.068,84.8638,65.5172,0.9773
35.3,1059,in_bed,0.6411,0.7857,-0.0174,2.0423,0.8031,0.3932,0.653,0.7422,0.5399,0.2361,0.0767,0.5427,0.3836,0.1131,0.2023,0.3038,0.1594,81.9583,85.094,65.2492,0.975
35.333,1060,in_bed,0.6413,0.7851,-0.0167,2.0393,0.8018,0.3932,0.6517,0.7424,0.5402,0.2366,0.0768,0.5427,0.3829,0.1115,0.2022,0.3036,0.1598,82.1286,85.1676,65.2328,0.9732
35.367,1061,in_bed,0.6416,0.7847,-0.0173,2.0388,0.802,0.3933,0.652,0.7423,0.5408,0.2365,0.0768,0.543,0.3823,0.1111,0.2015,0.3044,0.1597,82.5513,85.4521,65.2574,0.9741
35.4,1062,in_bed,0.6414,0.7848,-0.0175,2.0393,0.8023,0.3934,0.653,0.7418,0.5409,0.2377,0.0768,0.5423,0.3818,0.1121,0.2009,0.3032,0.1609,82.596,85.2551,65.3151,0.9762
35.433,1063,in_bed,0.6407,0.7842,-0.0172,2.0374,0.8014,0.3933,0.6527,0.7412,0.5402,0.2371,0.0768,0.5413,0.3801,0.1125,0.2011,0.3031,0.1603,82.3942,85.0707,65.3378,0.9753
35.467,1064,in_bed,0.6404,0.7831,-0.0159,2.032,0.799,0.3932,0.6525,0.7412,0.5396,0.2368,0.0769,0.5414,0.3794,0.1129,0.2016,0.3028,0.16,82.2123,84.9839,65.2956,0.9721
35.5,1065,in_bed,0.6397,0.7822,-0.0153,2.0282,0.7975,0.3932,0.6508,0.741,0.5384,0.2359,0.0769,0.5419,0.3801,0.1124,0.2025,0.3025,0.159,82.3937,85.334,65.1985,0.969
35.533,1066,in_bed,0.6395,0.782,-0.0159,2.0286,0.798,0.3934,0.6506,0.7413,0.5377,0.2361,0.0769,0.5422,0.3796,0.1129,0.2036,0.3017,0.1592,82.446,85.3675,65.1137,0.9704
35.567,1067,in_bed,0.6395,0.7817,-0.0168,2.029,0.7985,0.3935,0.6502,0.7412,0.5379,0.235,0.0768,0.5419,0.3786,0.1123,0.2034,0.3029,0.1582,82.5098,85.4954,65.1456,0.9721
35.6,1068,in_bed,0.6405,0.7824,-0.0174,2.0321,0.7998,0.3936,0.6504,0.7415,0.5396,0.2352,0.0768,0.5419,0.3791,0.1109,0.2019,0.3044,0.1584,82.7809,85.6723,65.2428,0.9743
35.633,1069,in_bed,0.641,0.7826,-0.0174,2.0328,0.8001,0.3936,0.6506,0.7414,0.5406,0.2352,0.0768,0.6092,0.3809,0.11,0.2007,0.3054,0.1584,82.7957,85.6084,65.3426,0.9746
35.667,1070,in_bed,0.6406,0.7821,-0.0168,2.0301,0.7989,0.3935,0.651,0.7408,0.5404,0.2354,0.0768,0.5417,0.3792,0.1106,0.2004,0.305,0.1586,82.8428,85.5597,65.3646,0.9742
35.7,1071,in_bed,0.6416,0.7834,-0.0171,2.0337,0.8005,0.3936,0.652,0.7421,0.5412,0.2367,0.0768,0.5428,0.3799,0.1109,0.2009,0.3045,0.1599,82.8327,85.4737,65.306,0.9759
35.733,1072,in_bed,0.6417,0.7836,-0.0179,2.0358,0.8016,0.3937,0.6518,0.7419,0.5414,0.2361,0.0767,0.5426,0.3788,0.1104,0.2005,0.3053,0.1594,83.1003,85.6996,65.3486,0.9762
35.767,1073,in_bed,0.641,0.7831,-0.0183,2.0356,0.8013,0.3937,0.6517,0.741,0.5411,0.2348,0.0767,0.5405,0.3758,0.1107,0.1999,0.3063,0.1581,83.1306,85.8022,65.4512,0.9751
35.8,1074,in_bed,0.6417,0.7831,-0.0177,2.0354,0.8008,0.3934,0.6516,0.741,0.5423,0.2349,0.0767,0.5402,0.3767,0.1093,0.1987,0.3074,0.1581,82.9618,85.4735,65.6566,0.9722
35.833,1075,in_bed,0.6415,0.7822,-0.0174,2.0327,0.7996,0.3934,0.6515,0.7403,0.5426,0.2343,0.0768,0.54,0.376,0.1089,0.1977,0.3084,0.1575,82.9784,85.4324,65.784,0.9699
35.867,1076,in_bed,0.6422,0.783,-0.0182,2.0367,0.8012,0.3934,0.6509,0.7404,0.5439,0.2347,0.0767,0.54,0.376,0.1071,0.1966,0.3092,0.158,83.1368,85.4201,65.9095,0.9712
35.9,1077,in_bed,0.6414,0.782,-0.0187,2.0354,0.8007,0.3934,0.6501,0.7391,0.5438,0.2336,0.0767,0.5385,0.3737,0.1063,0.1953,0.3102,0.1569,83.2795,85.4385,66.0843,0.9702
35.933,1078,in_bed,0.6415,0.7824,-0.019,2.0372,0.8014,0.3934,0.65,0.7394,0.5435,0.2341,0.0767,0.5386,0.3735,0.1064,0.1959,0.3094,0.1574,83.2899,85.4445,66.0177,0.9699
35.967,1079,in_bed,0.6412,0.7828,-0.0191,2.0382,0.8018,0.3934,0.6495,0.7392,0.5433,0.2339,0.0767,0.5395,0.3742,0.1062,0.1958,0.3095,0.1572,83.2155,85.3999,66.0776,0.9696
36.0,1080,in_bed,0.641,0.7824,-0.0198,2.0381,0.8022,0.3936,0.651,0.739,0.5429,0.2319,0.0766,0.5389,0.3728,0.1081,0.1961,0.311,0.1553,83.1961,85.569,66.0614,0.9725
36.033,1081,in_bed,0.6403,0.7821,-0.0214,2.0399,0.8034,0.3939,0.6513,0.7388,0.5417,0.231,0.0765,0.5382,0.3716,0.1096,0.1971,0.3107,0.1545,83.1072,85.6188,65.9862,0.9734
36.067,1082,in_bed,0.6407,0.7822,-0.022,2.0413,0.8042,0.3939,0.6514,0.7392,0.5422,0.2312,0.0764,0.5388,0.372,0.1091,0.197,0.311,0.1548,83.2473,85.6686,65.9867,0.973
36.1,1083,in_bed,0.6399,0.782,-0.0223,2.0417,0.8044,0.394,0.6507,0.7389,0.5409,0.2312,0.0764,0.5389,0.3715,0.1098,0.1981,0.3096,0.1548,82.9687,85.4248,65.9285,0.9729
36.133,1084,in_bed,0.6408,0.7833,-0.0236,2.0466,0.8069,0.3943,0.6506,0.7392,0.5423,0.2321,0.0763,0.54,0.3724,0.1082,0.1969,0.3102,0.1558,83.0135,85.1762,66.0999,0.9774
36.167,1085,in_bed,0.64,0.7833,-0.0238,2.0465,0.8071,0.3944,0.6502,0.7382,0.5417,0.2321,0.0763,0.539,0.3713,0.1085,0.1965,0.3096,0.1558,82.7968,84.9561,66.1468,0.98
36.2,1086,in_bed,0.6402,0.7844,-0.0239,2.0496,0.8083,0.3944,0.6503,0.7389,0.5415,0.233,0.0763,0.5395,0.3719,0.1088,0.1975,0.3085,0.1567,82.64,84.774,66.1243,0.9801
36.233,1087,in_bed,0.6411,0.7859,-0.0247,2.0544,0.8106,0.3946,0.6508,0.7397,0.5426,0.2339,0.0762,0.5403,0.3729,0.1082,0.1971,0.3087,0.1576,82.7302,84.6934,66.2109,0.9827
36.267,1088,in_bed,0.642,0.7862,-0.0241,2.0538,0.8103,0.3946,0.6517,0.7401,0.5439,0.2344,0.0763,0.5412,0.3735,0.1078,0.1961,0.3095,0.1582,83.0824,84.839,66.3001,0.9827
36.3,1089,in_bed,0.6421,0.7856,-0.0246,2.0531,0.8103,0.3947,0.6514,0.7397,0.5445,0.2337,0.0762,0.5417,0.3734,0.107,0.1952,0.3107,0.1575,83.4176,85.1205,66.3962,0.9831
36.333,1090,in_bed,0.642,0.7856,-0.025,2.0538,0.8106,0.3947,0.6522,0.7392,0.5448,0.2331,0.0762,0.6197,0.3731,0.1074,0.1944,0.3117,0.1569,83.5564,85.2614,66.4646,0.984
36.367,1091,in_bed,0.6422,0.7858,-0.0246,2.0542,0.8104,0.3945,0.6525,0.7393,0.545,0.2337,0.0762,0.5418,0.374,0.1074,0.1943,0.3114,0.1575,83.5972,85.3155,66.4303,0.9849
36.4,1092,in_bed,0.643,0.7856,-0.0249,2.053,0.8104,0.3948,0.6526,0.7397,0.5464,0.2343,0.0762,0.5426,0.3753,0.1063,0.1933,0.312,0.1581,83.4763,84.8888,66.5996,0.9858
36.433,1093,in_bed,0.6437,0.786,-0.0244,2.0522,0.8103,0.3949,0.6537,0.7406,0.5468,0.2356,0.0762,0.5436,0.3771,0.1069,0.1938,0.3112,0.1593,83.4583,84.7739,66.5115,0.9877
36.467,1094,in_bed,0.6435,0.7854,-0.0226,2.0474,0.808,0.3947,0.654,0.7407,0.5463,0.2357,0.0764,0.5434,0.3779,0.1077,0.1945,0.3106,0.1593,83.5062,84.9419,66.3931,0.9851
36.5,1095,in_bed,0.6433,0.7848,-0.0221,2.0456,0.8069,0.3944,0.6536,0.7398,0.5468,0.236,0.0764,0.5422,0.378,0.1068,0.193,0.3108,0.1595,83.6292,84.8602,66.5705,0.9838
36.533,1096,in_bed,0.6424,0.7842,-0.022,2.0441,0.8062,0.3944,0.6541,0.7387,0.5461,0.2356,0.0764,0.5406,0.3763,0.108,0.1926,0.3105,0.1592,83.7897,85.0701,66.5273,0.9839
36.567,1097,in_bed,0.6421,0.783,-0.0206,2.0382,0.8036,0.3943,0.6536,0.7384,0.5459,0.2352,0.0765,0.5406,0.3758,0.1077,0.1925,0.3106,0.1587,83.7426,85.158,66.4892,0.9817
36.6,1098,in_bed,0.6431,0.7839,-0.0197,2.0387,0.8037,0.3942,0.6543,0.7395,0.5467,0.2356,0.0766,0.5418,0.377,0.1076,0.1928,0.3111,0.159,83.6346,85.1145,66.4319,0.9845
36.633,1099,in_bed,0.6414,0.7834,-0.0195,2.0372,0.8029,0.3941,0.6535,0.7391,0.5437,0.2358,0.0766,0.5417,0.3767,0.1097,0.1954,0.3079,0.1592,83.2647,85.0314,66.2019,0.9839
36.667,1100,in_bed,0.6411,0.7829,-0.0184,2.0342,0.8013,0.3939,0.6525,0.7394,0.5429,0.2355,0.0767,0.542,0.3767,0.1096,0.1965,0.3074,0.1589,83.2527,85.2592,66.0107,0.9818
36.7,1101,in_bed,0.6419,0.7833,-0.0184,2.0355,0.8017,0.3939,0.6521,0.7401,0.5437,0.2357,0.0767,0.5432,0.3777,0.1084,0.1964,0.308,0.159,83.2329,85.3013,65.9698,0.9818
36.733,1102,in_bed,0.6424,0.7828,-0.0194,2.0359,0.8023,0.3941,0.6514,0.7406,0.5442,0.2351,0.0766,0.5443,0.3782,0.1072,0.1964,0.3091,0.1585,83.4405,85.586,65.912,0.9808
36.767,1103,in_bed,0.643,0.7831,-0.0196,2.0366,0.8028,0.3942,0.6513,0.7411,0.545,0.2357,0.0766,0.5442,0.3789,0.1063,0.1961,0.3093,0.1591,83.6139,85.6424,65.9048,0.9814
36.8,1104,in_bed,0.642,0.7828,-0.0198,2.0353,0.8027,0.3944,0.6517,0.7405,0.5435,0.2358,0.0766,0.5438,0.3794,0.1082,0.197,0.3077,0.1592,83.117,85.2456,65.826,0.9835
36.833,1105,in_bed,0.6422,0.7829,-0.0207,2.0358,0.8035,0.3947,0.6532,0.7406,0.5439,0.2359,0.0765,0.5441,0.3793,0.1093,0.1967,0.308,0.1594,82.964,85.0354,65.8856,0.9854
36.867,1106,in_bed,0.6422,0.7833,-0.0212,2.0379,0.8045,0.3948,0.6542,0.7407,0.5437,0.2364,0.0765,0.544,0.3794,0.1105,0.1969,0.3073,0.16,82.7179,84.7682,65.8771,0.9865
36.9,1107,in_bed,0.6421,0.7841,-0.0211,2.04,0.8051,0.3947,0.6555,0.7416,0.5425,0.2377,0.0765,0.5449,0.3791,0.113,0.1991,0.3048,0.1613,82.6142,84.7539,65.6542,0.9858
36.933,1108,in_bed,0.6425,0.7852,-0.0204,2.0426,0.8056,0.3944,0.6558,0.742,0.543,0.2387,0.0765,0.5451,0.3793,0.1128,0.199,0.3043,0.1621,82.7892,84.8366,65.6234,0.9853
36.967,1109,in_bed,0.6431,0.7867,-0.0198,2.0459,0.8065,0.3942,0.6566,0.7429,0.5433,0.2398,0.0766,0.546,0.3815,0.1133,0.1996,0.3035,0.1632,82.6383,84.72,65.5425,0.9853
37.0,1110,in_bed,0.6417,0.7867,-0.0197,2.0461,0.8064,0.3941,0.6575,0.7416,0.5419,0.2387,0.0766,0.5453,0.382,0.1156,0.1997,0.3031,0.1622,81.9783,84.3467,65.581,0.9859
37.033,1111,in_bed,0.64,0.7864,-0.0199,2.0452,0.8062,0.3942,0.6581,0.7406,0.5394,0.2376,0.0766,0.6196,0.3812,0.1187,0.2012,0.3018,0.161,81.2657,83.9908,65.4807,0.9858
37.067,1112,in_bed,0.6392,0.7857,-0.0199,2.0432,0.8056,0.3943,0.658,0.7404,0.5381,0.2377,0.0766,0.5441,0.3814,0.1199,0.2023,0.3003,0.1612,81.0379,83.8287,65.4031,0.9853
37.1,1113,in_bed,0.6379,0.7832,-0.0202,2.0367,0.8034,0.3945,0.6567,0.7391,0.5368,0.2353,0.0766,0.543,0.3799,0.1199,0.2023,0.3015,0.1587,80.8901,84.042,65.3486,0.9834
37.133,1114,in_bed,0.6375,0.7828,-0.0207,2.0364,0.8035,0.3946,0.6561,0.7386,0.5364,0.234,0.0765,0.542,0.3786,0.1197,0.2022,0.3024,0.1575,81.2329,84.4933,65.3318,0.9838
37.167,1115,in_bed,0.6374,0.7821,-0.0197,2.0324,0.8018,0.3945,0.6561,0.7382,0.5365,0.2341,0.0766,0.5417,0.3782,0.1195,0.2017,0.3024,0.1575,81.4186,84.5811,65.3451,0.9837
37.2,1116,in_bed,0.6385,0.7825,-0.0192,2.0323,0.8017,0.3945,0.656,0.7387,0.5383,0.2337,0.0766,0.5421,0.3791,0.1177,0.2005,0.3046,0.1571,81.7436,84.6805,65.5223,0.985
37.233,1117,in_bed,0.6394,0.7827,-0.0184,2.0304,0.8011,0.3945,0.6564,0.7393,0.5395,0.2347,0.0767,0.543,0.3807,0.1169,0.1998,0.3048,0.158,82.1381,84.7605,65.5729,0.9869
37.267,1118,in_bed,0.6411,0.7843,-0.0173,2.0327,0.8016,0.3943,0.6573,0.7408,0.5414,0.2361,0.0768,0.5441,0.3827,0.1159,0.1993,0.3053,0.1594,82.5346,84.875,65.6114,0.9872
37.3,1119,in_bed,0.6411,0.7845,-0.0167,2.0323,0.8012,0.3942,0.6571,0.7413,0.541,0.2369,0.0768,0.5449,0.3832,0.1162,0.2003,0.3041,0.1601,82.6267,85.0345,65.4593,0.9866
37.333,1120,in_bed,0.6412,0.7851,-0.0168,2.0348,0.8019,0.3941,0.6567,0.7418,0.5407,0.238,0.0768,0.6166,0.3822,0.116,0.2011,0.3027,0.1612,82.4976,84.9217,65.3769,0.9861
37.367,1121,in_bed,0.64,0.7844,-0.0166,2.0335,0.801,0.3939,0.6545,0.7411,0.5389,0.2379,0.0768,0.544,0.3799,0.1156,0.2022,0.3009,0.1611,82.3837,84.7934,65.3522,0.9833
37.4,1122,in_bed,0.639,0.7833,-0.0162,2.0305,0.7995,0.3937,0.6533,0.7396,0.5384,0.236,0.0769,0.5424,0.3774,0.1149,0.2012,0.3024,0.1592,82.7147,85.0825,65.5045,0.9807
37.433,1123,in_bed,0.638,0.7822,-0.0174,2.0303,0.7997,0.3939,0.6526,0.7384,0.5376,0.2346,0.0768,0.5417,0.3767,0.115,0.2009,0.303,0.1578,82.6318,85.0862,65.5475,0.9793
37.467,1124,in_bed,0.6375,0.7815,-0.0187,2.0304,0.8003,0.3941,0.6518,0.7379,0.5371,0.2347,0.0767,0.541,0.3759,0.1147,0.2008,0.3023,0.1581,82.6576,85.0517,65.5951,0.9786
37.5,1125,in_bed,0.6371,0.7813,-0.0198,2.0315,0.8011,0.3943,0.6508,0.7376,0.5366,0.2347,0.0766,0.5403,0.3745,0.1142,0.201,0.3019,0.1581,82.4668,84.8564,65.6036,0.9785
37.533,1126,in_bed,0.6368,0.7804,-0.0205,2.0306,0.8009,0.3944,0.65,0.737,0.5366,0.234,0.0766,0.5397,0.3742,0.1134,0.2004,0.3026,0.1574,82.3616,84.6983,65.7463,0.9781
37.567,1127,in_bed,0.6357,0.7792,-0.022,2.0299,0.8012,0.3947,0.649,0.7359,0.5354,0.2336,0.0765,0.5387,0.3726,0.1136,0.2005,0.3018,0.1571,82.2543,84.5841,65.7933,0.979
37.6,1128,in_bed,0.6354,0.7787,-0.0212,2.0269,0.8,0.3947,0.6483,0.7358,0.535,0.2335,0.0765,0.5382,0.3721,0.1133,0.2007,0.3016,0.157,81.9797,84.3727,65.7534,0.976
37.633,1129,in_bed,0.6362,0.7779,-0.0204,2.0229,0.7983,0.3947,0.6473,0.7363,0.536,0.2329,0.0766,0.5395,0.3726,0.1113,0.2003,0.3031,0.1563,82.1876,84.5638,65.7907,0.9721
37.667,1130,in_bed,0.636,0.7775,-0.0199,2.021,0.7975,0.3946,0.6476,0.7364,0.5356,0.2317,0.0766,0.5398,0.3725,0.112,0.2007,0.3039,0.1551,82.6062,85.0921,65.6975,0.9711
37.7,1131,in_bed,0.6364,0.7781,-0.0199,2.0219,0.7979,0.3946,0.6488,0.7374,0.5355,0.2314,0.0766,0.5411,0.374,0.1134,0.2019,0.3041,0.1548,82.6432,85.3084,65.5465,0.9724
37.733,1132,in_bed,0.6365,0.7789,-0.0192,2.023,0.7982,0.3945,0.65,0.7378,0.5353,0.2319,0.0766,0.5417,0.375,0.1147,0.2025,0.3034,0.1553,82.7848,85.4239,65.4751,0.9737
37.767,1133,in_bed,0.6358,0.778,-0.018,2.0187,0.796,0.3943,0.6491,0.7371,0.5346,0.2309,0.0767,0.5416,0.3738,0.1145,0.2024,0.3037,0.1542,82.6507,85.5308,65.4021,0.9714
37.8,1134,in_bed,0.637,0.7786,-0.0173,2.0194,0.796,0.3942,0.6501,0.7377,0.5363,0.2317,0.0768,0.5419,0.3741,0.1138,0.2015,0.3046,0.1549,82.7721,85.5215,65.4577,0.9711
37.833,1135,in_bed,0.6364,0.7785,-0.0187,2.0208,0.7972,0.3945,0.6506,0.7365,0.5362,0.231,0.0767,0.5406,0.373,0.1144,0.2003,0.3052,0.1543,82.796,85.5159,65.6026,0.9741
37.867,1136,in_bed,0.6352,0.7776,-0.0199,2.0209,0.7975,0.3946,0.6506,0.7346,0.5357,0.2294,0.0766,0.5386,0.3702,0.1148,0.1989,0.3064,0.1528,82.8329,85.6155,65.752,0.9743
37.9,1137,in_bed,0.6345,0.777,-0.0205,2.0198,0.7974,0.3948,0.6505,0.733,0.5361,0.2294,0.0766,0.5372,0.3691,0.1145,0.1969,0.3066,0.1529,82.9957,85.4754,65.9902,0.9744
37.933,1138,in_bed,0.6336,0.7759,-0.0204,2.017,0.7964,0.3948,0.6507,0.7318,0.5355,0.2279,0.0765,0.5362,0.3671,0.1153,0.1964,0.3076,0.1513,83.2372,85.7706,66.0677,0.9739
37.967,1139,in_bed,0.6342,0.7758,-0.0204,2.0167,0.7962,0.3948,0.6514,0.7316,0.5368,0.2281,0.0765,0.5358,0.3664,0.1147,0.1948,0.3087,0.1515,83.5644,85.9161,66.1932,0.9725
38.0,1140,in_bed,0.6344,0.7762,-0.0195,2.0162,0.7957,0.3946,0.6505,0.7319,0.537,0.2295,0.0766,0.5362,0.3678,0.1136,0.1949,0.3075,0.1528,83.4734,85.6315,66.2393,0.9722
38.033,1141,in_bed,0.6347,0.7772,-0.0195,2.0189,0.7967,0.3946,0.6498,0.7328,0.5366,0.2299,0.0766,0.5368,0.3698,0.1131,0.1961,0.3067,0.1533,83.1975,85.456,66.1484,0.9732
38.067,1142,in_bed,0.6349,0.7778,-0.0195,2.021,0.7973,0.3945,0.6486,0.7332,0.5365,0.2293,0.0766,0.5372,0.3707,0.1122,0.1968,0.3071,0.1527,83.2189,85.6158,66.0883,0.9722
38.1,1143,in_bed,0.6358,0.7785,-0.0188,2.0221,0.7973,0.3943,0.6487,0.7344,0.5371,0.2309,0.0767,0.5386,0.3723,0.1115,0.1973,0.3063,0.1542,83.0606,85.3402,66.0603,0.9727
38.133,1144,in_bed,0.6371,0.7799,-0.0194,2.0266,0.7993,0.3944,0.6494,0.7358,0.5385,0.2332,0.0766,0.5405,0.3752,0.1108,0.1972,0.3053,0.1566,83.1912,85.1553,66.091,0.975
38.167,1145,in_bed,0.6382,0.7805,-0.02,2.0291,0.8005,0.3945,0.649,0.7372,0.5391,0.2342,0.0766,0.5421,0.3772,0.1099,0.1981,0.3049,0.1577,82.858,84.7948,66.0279,0.9745
38.2,1146,in_bed,0.638,0.781,-0.0208,2.032,0.8018,0.3946,0.6488,0.7376,0.5384,0.2348,0.0766,0.542,0.3764,0.1104,0.1992,0.3036,0.1582,82.4484,84.4766,65.9282,0.9772
38.233,1147,in_bed,0.6374,0.7809,-0.0212,2.0325,0.8021,0.3946,0.6493,0.7371,0.5377,0.2342,0.0765,0.5406,0.3748,0.1116,0.1994,0.3036,0.1576,82.3803,84.4886,65.8948,0.9784
38.267,1148,in_bed,0.6373,0.7805,-0.0222,2.0326,0.8027,0.3949,0.6499,0.7367,0.5378,0.2339,0.0765,0.5398,0.3744,0.1121,0.1989,0.3039,0.1574,82.5375,84.6149,65.9098,0.9794
38.3,1149,in_bed,0.6367,0.7794,-0.0223,2.0298,0.8017,0.395,0.6488,0.7367,0.5366,0.233,0.0765,0.5386,0.3744,0.1121,0.2001,0.3037,0.1565,82.3177,84.7409,65.7042,0.9765
38.333,1150,in_bed,0.6361,0.7794,-0.0217,2.029,0.8011,0.3948,0.6498,0.7368,0.5354,0.233,0.0765,0.5375,0.3744,0.1145,0.2014,0.3024,0.1565,81.9946,84.6544,65.533,0.9746
38.367,1151,in_bed,0.6379,0.7801,-0.0208,2.0291,0.8009,0.3947,0.65,0.7384,0.5375,0.2337,0.0766,0.5388,0.3755,0.1126,0.2009,0.3038,0.1571,82.4252,85.0351,65.4656,0.9749
38.4,1152,in_bed,0.6387,0.7805,-0.0198,2.0287,0.8002,0.3945,0.6505,0.7386,0.5387,0.2346,0.0766,0.5399,0.3756,0.1118,0.2,0.3041,0.158,82.5838,84.989,65.585,0.9741
38.433,1153,in_bed,0.6387,0.7796,-0.0201,2.0265,0.7996,0.3946,0.6511,0.738,0.5395,0.2334,0.0766,0.5396,0.3749,0.1116,0.1986,0.306,0.1568,82.8298,85.136,65.7798,0.9738
38.467,1154,in_bed,0.6388,0.7789,-0.0203,2.0251,0.7992,0.3946,0.6509,0.7373,0.5403,0.232,0.0766,0.5396,0.3744,0.1106,0.1969,0.3084,0.1554,83.2908,85.4914,65.9741,0.9746
38.5,1155,in_bed,0.6383,0.7788,-0.0193,2.0236,0.7982,0.3944,0.6508,0.7368,0.5399,0.2325,0.0766,0.5401,0.3745,0.1109,0.1969,0.3074,0.1559,83.1296,85.2127,66.0608,0.9744
38.533,1156,in_bed,0.6395,0.7797,-0.02,2.0274,0.7998,0.3945,0.6514,0.7372,0.5418,0.2328,0.0766,0.5413,0.377,0.1096,0.1954,0.309,0.1563,83.4878,85.3783,66.1861,0.9753
38.567,1157,in_bed,0.64,0.7806,-0.0203,2.0305,0.8009,0.3944,0.6522,0.7376,0.5424,0.2337,0.0766,0.5413,0.3764,0.1098,0.1952,0.3088,0.1571,83.6038,85.4001,66.1774,0.9772
38.6,1158,in_bed,0.6394,0.7806,-0.0204,2.0307,0.801,0.3944,0.6519,0.7374,0.5415,0.2342,0.0766,0.5407,0.3757,0.1103,0.1958,0.3073,0.1576,83.4291,85.257,66.0993,0.9788
38.633,1159,in_bed,0.6388,0.7809,-0.0206,2.0322,0.8015,0.3944,0.6522,0.7368,0.5407,0.2351,0.0766,0.5396,0.3754,0.1115,0.1961,0.3057,0.1585,82.9629,84.7522,66.1343,0.9804
38.667,1160,in_bed,0.638,0.7804,-0.0214,2.0323,0.8019,0.3946,0.6516,0.7359,0.54,0.2347,0.0765,0.539,0.376,0.1116,0.1959,0.3053,0.1582,82.8095,84.5831,66.1711,0.9794
38.7,1161,in_bed,0.6373,0.7809,-0.0222,2.0357,0.8031,0.3945,0.6508,0.7349,0.5397,0.2348,0.0765,0.5383,0.3757,0.1111,0.1952,0.3049,0.1584,82.4341,84.1194,66.3123,0.9813
38.733,1162,in_bed,0.6379,0.7809,-0.0215,2.0347,0.8025,0.3944,0.65,0.7348,0.541,0.2338,0.0765,0.5387,0.3771,0.109,0.1938,0.3072,0.1573,82.5156,84.2365,66.4266,0.9805
38.767,1163,in_bed,0.6373,0.7798,-0.0211,2.0309,0.8008,0.3943,0.6492,0.7341,0.5406,0.2327,0.0765,0.5379,0.3759,0.1086,0.1935,0.3079,0.1562,82.5841,84.3964,66.4243,0.9781
38.8,1164,in_bed,0.6387,0.7805,-0.0215,2.0333,0.802,0.3944,0.649,0.7352,0.5421,0.2325,0.0765,0.6146,0.3791,0.1069,0.193,0.3096,0.156,82.8947,84.6572,66.4461,0.979
38.833,1165,in_bed,0.6377,0.7789,-0.0219,2.0295,0.8009,0.3946,0.6477,0.7346,0.5409,0.2309,0.0765,0.5394,0.3782,0.1069,0.1937,0.3099,0.1544,82.8639,84.871,66.3686,0.9768
38.867,1166,in_bed,0.638,0.7788,-0.0227,2.0301,0.8014,0.3948,0.6468,0.7346,0.5414,0.2306,0.0764,0.5391,0.3776,0.1054,0.1932,0.3108,0.1542,83.2658,85.176,66.3947,0.9765
38.9,1167,in_bed,0.6383,0.7788,-0.0219,2.0288,0.8007,0.3947,0.6473,0.7346,0.5419,0.2306,0.0765,0.5387,0.3764,0.1054,0.1927,0.3113,0.1541,83.3605,85.2076,66.4589,0.9753
38.933,1168,in_bed,0.6387,0.7795,-0.0214,2.0293,0.8009,0.3947,0.6479,0.7353,0.5421,0.2308,0.0765,0.5387,0.3756,0.1059,0.1932,0.3113,0.1543,83.4022,85.35,66.3632,0.9754
38.967,1169,in_bed,0.6382,0.7792,-0.0212,2.0281,0.8003,0.3946,0.6471,0.7351,0.5412,0.2299,0.0765,0.538,0.3735,0.1059,0.1939,0.3113,0.1534,83.0788,85.2969,66.2784,0.9741
39.0,1170,in_bed,0.6387,0.7799,-0.0215,2.0309,0.8014,0.3946,0.6474,0.7358,0.5415,0.2304,0.0765,0.5386,0.3736,0.106,0.1943,0.3111,0.1539,83.0542,85.3098,66.2169,0.9758
39.033,1171,in_bed,0.6384,0.7805,-0.0212,2.0322,0.8017,0.3945,0.6481,0.7355,0.5413,0.2311,0.0765,0.538,0.3716,0.1068,0.1942,0.3102,0.1546,82.9484,85.0903,66.2815,0.9765
39.067,1172,in_bed,0.6381,0.78,-0.0208,2.0305,0.8008,0.3944,0.6478,0.7353,0.5409,0.2312,0.0765,0.5378,0.3705,0.1069,0.1944,0.3097,0.1546,83.0369,85.212,66.2387,0.9753
39.1,1173,in_bed,0.6373,0.7799,-0.0206,2.0297,0.8005,0.3944,0.6482,0.735,0.5397,0.2322,0.0766,0.5372,0.3712,0.1085,0.1953,0.3074,0.1557,83.059,85.1934,66.1437,0.9761
39.133,1174,in_bed,0.6378,0.7808,-0.0205,2.0315,0.8013,0.3944,0.649,0.7357,0.5398,0.2336,0.0766,0.5371,0.3724,0.1092,0.196,0.3062,0.157,83.2898,85.3409,66.044,0.9773
39.167,1175,in_bed,0.6385,0.781,-0.0203,2.0312,0.8014,0.3945,0.6502,0.736,0.541,0.2342,0.0766,0.5376,0.3742,0.1091,0.1949,0.3069,0.1576,83.679,85.5673,66.0938,0.9789
39.2,1176,in_bed,0.6383,0.781,-0.0208,2.0319,0.8017,0.3946,0.6503,0.7367,0.5398,0.2347,0.0765,0.5383,0.3741,0.1104,0.1969,0.3051,0.1582,83.5406,85.4998,65.913,0.9789
39.233,1177,in_bed,0.6386,0.7809,-0.0205,2.0311,0.8014,0.3945,0.6506,0.7368,0.5403,0.2348,0.0765,0.5381,0.374,0.1103,0.1965,0.3055,0.1583,83.7552,85.6353,65.9523,0.9784
39.267,1178,in_bed,0.6391,0.7812,-0.0203,2.0317,0.8015,0.3945,0.6507,0.737,0.5412,0.2346,0.0766,0.6104,0.3745,0.1095,0.1959,0.3066,0.158,83.7709,85.5966,66.0179,0.9782
39.3,1179,in_bed,0.6391,0.7809,-0.0204,2.0312,0.8013,0.3945,0.6509,0.7367,0.5416,0.2334,0.0765,0.5377,0.3731,0.1093,0.1951,0.3082,0.1568,84.1823,86.0169,66.0763,0.9789
39.333,1180,in_bed,0.6392,0.7813,-0.0216,2.034,0.8029,0.3947,0.6515,0.737,0.5414,0.2333,0.0765,0.6108,0.3734,0.1101,0.1957,0.3081,0.1568,84.1572,86.0236,66.0295,0.9812
39.367,1181,in_bed,0.6381,0.7806,-0.0237,2.0349,0.8043,0.3952,0.6518,0.7365,0.5397,0.2326,0.0763,0.5374,0.3721,0.1121,0.1968,0.3071,0.1562,84.119,86.0997,65.9042,0.9841
39.4,1182,in_bed,0.6376,0.7794,-0.0247,2.0333,0.8041,0.3955,0.6513,0.7361,0.5391,0.2318,0.0762,0.5378,0.3714,0.1122,0.197,0.3073,0.1555,84.5358,86.5681,65.8297,0.9826
39.433,1183,in_bed,0.6391,0.7803,-0.0249,2.0354,0.8051,0.3956,0.6523,0.7382,0.5401,0.2325,0.0762,0.5392,0.372,0.1122,0.198,0.3077,0.1562,84.7509,86.8662,65.6466,0.9834
39.467,1184,in_bed,0.6399,0.7803,-0.0254,2.0365,0.8057,0.3956,0.6513,0.7386,0.5412,0.2321,0.0762,0.5395,0.3717,0.1102,0.1974,0.3091,0.1559,84.93,86.9867,65.707,0.9853
39.5,1185,in_bed,0.6402,0.7809,-0.0265,2.0399,0.8074,0.3958,0.6509,0.7388,0.5416,0.2321,0.0761,0.5398,0.3718,0.1093,0.1972,0.3096,0.156,84.9541,86.9094,65.7941,0.9878
39.533,1186,in_bed,0.6411,0.7817,-0.0269,2.0421,0.8086,0.396,0.652,0.74,0.5423,0.2332,0.0761,0.5412,0.3737,0.1097,0.1977,0.3091,0.1571,84.8657,86.7885,65.7168,0.9896
39.567,1187,in_bed,0.6416,0.7825,-0.0272,2.0446,0.8097,0.396,0.6532,0.74,0.5432,0.2344,0.0761,0.5418,0.3744,0.11,0.1969,0.3088,0.1583,84.8015,86.4664,65.838,0.9908
39.6,1188,in_bed,0.6421,0.7834,-0.0255,2.0444,0.8089,0.3957,0.6536,0.7407,0.5436,0.2347,0.0762,0.5426,0.3756,0.11,0.1971,0.3089,0.1585,84.3239,86.0336,65.8852,0.9901
39.633,1189,in_bed,0.6428,0.7848,-0.0253,2.0479,0.81,0.3956,0.6546,0.7415,0.5441,0.2352,0.0762,0.5429,0.3755,0.1106,0.1974,0.3088,0.1591,84.1533,85.8905,65.8751,0.9922
39.667,1190,in_bed,0.6432,0.7852,-0.0243,2.0483,0.8094,0.3952,0.6538,0.7422,0.5442,0.2345,0.0763,0.5424,0.3746,0.1096,0.198,0.3096,0.1583,84.0495,86.0341,65.7487,0.9906
39.7,1191,in_bed,0.6427,0.7846,-0.0235,2.0463,0.8081,0.3949,0.6529,0.7415,0.5439,0.2327,0.0763,0.5411,0.3722,0.109,0.1976,0.3113,0.1564,84.111,86.2343,65.8208,0.9882
39.733,1192,in_bed,0.643,0.785,-0.024,2.0488,0.8091,0.3949,0.6524,0.7411,0.5449,0.2316,0.0763,0.5407,0.372,0.1074,0.1962,0.3134,0.1553,84.2751,86.3423,65.9931,0.9891
39.767,1193,in_bed,0.6429,0.7855,-0.0244,2.0509,0.81,0.3949,0.6528,0.7407,0.5452,0.2316,0.0762,0.5399,0.3718,0.1076,0.1954,0.3136,0.1554,84.2605,86.2508,66.0726,0.9902
39.8,1194,in_bed,0.6433,0.7857,-0.0241,2.0509,0.8098,0.3948,0.6529,0.7406,0.546,0.2314,0.0763,0.5393,0.3707,0.107,0.1947,0.3146,0.1551,84.3925,86.3547,66.1279,0.9887
39.833,1195,in_bed,0.6423,0.7841,-0.0243,2.0469,0.8084,0.395,0.6527,0.7388,0.5458,0.2297,0.0762,0.5379,0.3684,0.107,0.1931,0.316,0.1535,84.3639,86.2733,66.3557,0.9872
39.867,1196,in_bed,0.6426,0.7849,-0.0237,2.0483,0.8086,0.3947,0.653,0.739,0.5461,0.2297,0.0763,0.5375,0.3683,0.1069,0.1929,0.3165,0.1534,84.5678,86.382,66.4154,0.9861
39.9,1197,in_bed,0.6426,0.7852,-0.0221,2.0462,0.8072,0.3945,0.6537,0.7384,0.5468,0.2308,0.0764,0.5372,0.3691,0.1069,0.1916,0.316,0.1544,84.619,86.0943,66.6164,0.9847
39.933,1198,in_bed,0.6421,0.7842,-0.0212,2.0421,0.8054,0.3944,0.6535,0.7371,0.5471,0.2305,0.0764,0.5356,0.3678,0.1065,0.19,0.3166,0.154,84.6774,85.9423,66.8127,0.9837
39.967,1199,in_bed,0.6417,0.7844,-0.0198,2.0404,0.8042,0.3941,0.6539,0.737,0.5465,0.2323,0.0765,0.5349,0.3671,0.1074,0.1905,0.3142,0.1557,84.4824,85.596,66.7616,0.984
40.0,1200,in_bed,0.6409,0.7833,-0.0179,2.0348,0.8012,0.3938,0.6533,0.737,0.5447,0.2303,0.0767,0.5328,0.365,0.1087,0.1924,0.3143,0.1536,84.4545,86.002,66.5046,0.9809
40.033,1201,in_bed,0.6402,0.7823,-0.0173,2.0308,0.7995,0.3937,0.6529,0.7372,0.5432,0.2291,0.0767,0.5318,0.3632,0.1097,0.194,0.3141,0.1524,84.1857,86.1291,66.2923,0.979
40.067,1202,in_bed,0.6404,0.7824,-0.018,2.0326,0.8004,0.3938,0.6531,0.7374,0.5434,0.2294,0.0767,0.5322,0.3638,0.1097,0.194,0.3141,0.1527,84.3139,86.192,66.2875,0.9797
40.1,1203,in_bed,0.6404,0.7827,-0.0191,2.0354,0.8018,0.3939,0.6533,0.7377,0.5432,0.229,0.0766,0.5329,0.3642,0.1102,0.1946,0.3142,0.1524,84.4729,86.3884,66.2379,0.9817
40.133,1204,in_bed,0.6413,0.7837,-0.0204,2.0404,0.8041,0.3941,0.6537,0.7387,0.5438,0.2294,0.0765,0.5345,0.3648,0.1099,0.1949,0.3144,0.1529,84.5295,86.4204,66.2078,0.9845
40.167,1205,in_bed,0.6411,0.7837,-0.022,2.0427,0.8057,0.3944,0.6552,0.7379,0.5442,0.2301,0.0764,0.5343,0.3635,0.111,0.1937,0.3141,0.1538,84.6745,86.3046,66.3659,0.9876
40.2,1206,in_bed,0.6408,0.7829,-0.0215,2.0399,0.8045,0.3944,0.6554,0.737,0.5446,0.2303,0.0764,0.534,0.3632,0.1109,0.1924,0.3143,0.1539,84.8676,86.3781,66.4429,0.9874
40.233,1207,in_bed,0.641,0.7832,-0.0226,2.0422,0.8057,0.3945,0.656,0.7374,0.5445,0.2303,0.0763,0.535,0.3631,0.1115,0.193,0.3141,0.154,84.701,86.2767,66.4182,0.9882
40.267,1208,in_bed,0.6402,0.7832,-0.0228,2.0429,0.806,0.3945,0.6571,0.7371,0.5434,0.2304,0.0763,0.5344,0.3621,0.1137,0.1936,0.3131,0.1541,84.6287,86.2564,66.357,0.9876
40.3,1209,in_bed,0.64,0.783,-0.0234,2.0438,0.8065,0.3946,0.6575,0.7365,0.5435,0.2305,0.0763,0.5343,0.362,0.114,0.193,0.313,0.1543,84.7178,86.199,66.4765,0.989
40.333,1210,in_bed,0.6398,0.7827,-0.0229,2.0423,0.8056,0.3945,0.6573,0.7356,0.544,0.2315,0.0763,0.5335,0.3605,0.1132,0.1916,0.3125,0.1552,84.9445,86.0279,66.7117,0.9881
40.367,1211,in_bed,0.6406,0.783,-0.0226,2.0422,0.8056,0.3945,0.657,0.7363,0.5449,0.2323,0.0763,0.5349,0.3612,0.1122,0.1915,0.3125,0.156,85.0685,86.0325,66.7114,0.9876
40.4,1212,in_bed,0.6409,0.7831,-0.0221,2.0417,0.8053,0.3944,0.6568,0.7371,0.5447,0.2319,0.0764,0.5352,0.3637,0.1122,0.1925,0.3127,0.1556,84.9257,86.0725,66.5865,0.988
40.433,1213,in_bed,0.6411,0.784,-0.0219,2.0439,0.8059,0.3943,0.6578,0.7375,0.5447,0.2321,0.0764,0.5356,0.3662,0.113,0.1927,0.3126,0.1558,85.0174,86.1398,66.5843,0.989
40.467,1214,in_bed,0.6412,0.7845,-0.022,2.0454,0.8064,0.3943,0.6575,0.7377,0.5448,0.2306,0.0764,0.5356,0.3679,0.1127,0.1929,0.3141,0.1543,85.1434,86.4791,66.5501,0.9901
40.5,1215,in_bed,0.6415,0.7859,-0.023,2.0511,0.8089,0.3943,0.6582,0.7378,0.5451,0.2305,0.0763,0.5352,0.3695,0.1131,0.1928,0.3145,0.1542,85.0688,86.4268,66.6104,0.9937
40.533,1216,in_bed,0.6413,0.7851,-0.0222,2.0484,0.8073,0.3941,0.6569,0.7376,0.545,0.2292,0.0764,0.534,0.3677,0.1119,0.1926,0.3158,0.1528,85.2089,86.7593,66.6223,0.99
40.567,1217,in_bed,0.6404,0.7843,-0.022,2.047,0.8063,0.3939,0.6556,0.7368,0.5441,0.2279,0.0764,0.5333,0.3657,0.1115,0.1927,0.3162,0.1515,85.0056,86.8187,66.6138,0.9871
40.6,1218,in_bed,0.6406,0.7843,-0.0216,2.0468,0.8059,0.3937,0.6542,0.7373,0.5439,0.228,0.0764,0.5333,0.3656,0.1103,0.1934,0.3159,0.1516,85.024,86.8867,66.5375,0.9847
40.633,1219,in_bed,0.6411,0.7854,-0.0205,2.0477,0.8058,0.3935,0.6545,0.7378,0.5443,0.2297,0.0765,0.5326,0.3654,0.1102,0.1935,0.3146,0.1532,85.0932,86.7798,66.5152,0.9851
40.667,1220,in_bed,0.6406,0.7856,-0.0203,2.048,0.8059,0.3935,0.6544,0.7374,0.5439,0.2305,0.0765,0.5314,0.3657,0.1105,0.1935,0.3134,0.154,84.8467,86.4189,66.5758,0.9864
40.7,1221,in_bed,0.6404,0.7856,-0.0203,2.0483,0.8059,0.3935,0.6529,0.7371,0.5437,0.2293,0.0765,0.5317,0.3654,0.1093,0.1934,0.3144,0.1528,84.7115,86.472,66.5845,0.9855
40.733,1222,in_bed,0.6418,0.7862,-0.0212,2.0506,0.8074,0.3937,0.6531,0.738,0.5455,0.2294,0.0764,0.5333,0.367,0.1076,0.1925,0.3161,0.153,84.9606,86.5643,66.6765,0.9884
40.767,1223,in_bed,0.6421,0.7868,-0.0224,2.0544,0.8092,0.3939,0.653,0.7383,0.5458,0.2305,0.0764,0.5347,0.3681,0.1072,0.1925,0.3153,0.1542,84.8035,86.1829,66.7246,0.9917
40.8,1224,in_bed,0.6411,0.786,-0.0219,2.0511,0.8078,0.3938,0.6524,0.7385,0.5438,0.2304,0.0764,0.5348,0.3677,0.1086,0.1947,0.3134,0.154,84.3329,86.0055,66.4487,0.9897
40.833,1225,in_bed,0.641,0.7856,-0.0221,2.0503,0.8077,0.394,0.6518,0.7388,0.5432,0.2298,0.0764,0.5351,0.3693,0.1085,0.1955,0.3134,0.1535,83.8445,85.8087,66.3371,0.9903
40.867,1226,in_bed,0.6408,0.7849,-0.0222,2.0477,0.8071,0.3942,0.6514,0.7381,0.5435,0.2293,0.0764,0.5337,0.3687,0.1079,0.1946,0.3142,0.1529,84.034,85.9706,66.3933,0.9896
40.9,1227,in_bed,0.6421,0.7852,-0.0215,2.0467,0.8067,0.3941,0.6518,0.739,0.5453,0.2304,0.0764,0.5346,0.3705,0.1065,0.1937,0.3149,0.1539,84.5076,86.2681,66.3792,0.9867
40.933,1228,in_bed,0.6425,0.7852,-0.0208,2.0451,0.8059,0.3941,0.6516,0.739,0.5459,0.2307,0.0765,0.5345,0.3706,0.1057,0.1931,0.3152,0.1542,84.8412,86.5246,66.3868,0.9867
40.967,1229,in_bed,0.6422,0.7854,-0.0208,2.0452,0.8063,0.3942,0.6529,0.7391,0.5454,0.2322,0.0765,0.5348,0.3719,0.1075,0.1937,0.3131,0.1558,84.9381,86.5505,66.2672,0.9891
41.0,1230,in_bed,0.6426,0.7854,-0.0213,2.0457,0.8067,0.3943,0.6529,0.739,0.5462,0.233,0.0764,0.5355,0.3722,0.1067,0.1928,0.3132,0.1566,85.213,86.5744,66.355,0.9902
41.033,1231,in_bed,0.6423,0.7845,-0.0223,2.0448,0.8069,0.3946,0.653,0.7384,0.5463,0.2324,0.0764,0.5363,0.3715,0.1067,0.1922,0.3138,0.1561,85.4077,86.6449,66.4635,0.9917
41.067,1232,in_bed,0.6428,0.7848,-0.0226,2.0458,0.8074,0.3946,0.653,0.7388,0.5467,0.2334,0.0763,0.5372,0.372,0.1063,0.1921,0.3133,0.157,85.4357,86.5513,66.4866,0.9928
41.1,1233,in_bed,0.6423,0.7842,-0.0221,2.0437,0.8064,0.3946,0.6523,0.7379,0.5468,0.2337,0.0764,0.5374,0.3717,0.1055,0.1911,0.3131,0.1574,85.387,86.3189,66.6429,0.9936
41.133,1234,in_bed,0.6413,0.7846,-0.0216,2.0442,0.8061,0.3944,0.6523,0.7368,0.5458,0.234,0.0764,0.5366,0.371,0.1065,0.191,0.3118,0.1576,84.8011,85.8355,66.7262,0.9946
41.167,1235,in_bed,0.6413,0.7851,-0.0211,2.0455,0.8062,0.3941,0.6536,0.7364,0.5461,0.2342,0.0764,0.5356,0.3699,0.1075,0.1903,0.312,0.1577,84.6812,85.6727,66.8268,0.9932
41.2,1236,in_bed,0.6408,0.785,-0.0209,2.045,0.8059,0.3941,0.6532,0.7365,0.5451,0.2342,0.0765,0.5376,0.373,0.1081,0.1913,0.311,0.1577,84.2537,85.1501,66.8919,0.9933
41.233,1237,in_bed,0.641,0.7854,-0.0207,2.0463,0.8061,0.3939,0.6521,0.7376,0.5445,0.2333,0.0765,0.5392,0.3744,0.1076,0.1931,0.3112,0.1568,84.1694,85.328,66.6932,0.9929
41.267,1238,in_bed,0.6414,0.7864,-0.0206,2.0488,0.807,0.3939,0.6522,0.7392,0.5437,0.233,0.0765,0.5403,0.3756,0.1085,0.1955,0.3106,0.1566,83.845,85.3607,66.4183,0.9927
41.3,1239,in_bed,0.6411,0.7861,-0.02,2.047,0.8061,0.3938,0.6519,0.7391,0.5431,0.2324,0.0765,0.5396,0.3755,0.1088,0.196,0.3107,0.1558,83.5137,85.2202,66.3835,0.9906
41.333,1240,in_bed,0.6418,0.7864,-0.0193,2.0465,0.8056,0.3936,0.6515,0.7393,0.5442,0.2317,0.0766,0.5389,0.3748,0.1073,0.1951,0.3125,0.1551,83.6127,85.3971,66.4207,0.9891
41.367,1241,in_bed,0.6412,0.7853,-0.0185,2.0423,0.8037,0.3935,0.6509,0.7386,0.5438,0.231,0.0766,0.5377,0.3739,0.1071,0.1948,0.3128,0.1544,83.5659,85.4587,66.4272,0.9865
41.4,1242,in_bed,0.6407,0.7849,-0.0183,2.0412,0.8031,0.3935,0.6511,0.7377,0.5438,0.2308,0.0767,0.5364,0.3744,0.1073,0.1939,0.313,0.1541,83.5912,85.4709,66.5003,0.9854
41.433,1243,in_bed,0.6413,0.7843,-0.0179,2.0391,0.8022,0.3934,0.6507,0.7371,0.5455,0.2303,0.0767,0.536,0.3737,0.1052,0.1916,0.3152,0.1536,84.1885,85.7924,66.6973,0.9842
41.467,1244,in_bed,0.6413,0.7841,-0.0176,2.0383,0.8018,0.3934,0.6504,0.7372,0.5453,0.2306,0.0767,0.5364,0.3743,0.1051,0.1919,0.3148,0.1538,84.2565,85.8508,66.6815,0.9814
41.5,1245,in_bed,0.6411,0.7834,-0.0169,2.035,0.8004,0.3933,0.6502,0.7373,0.5449,0.2307,0.0768,0.5368,0.3736,0.1053,0.1925,0.3141,0.154,84.123,85.7764,66.6229,0.9787
41.533,1246,in_bed,0.6418,0.784,-0.0173,2.0369,0.8014,0.3934,0.6507,0.7376,0.5459,0.2311,0.0767,0.5374,0.3742,0.1048,0.1917,0.3148,0.1544,84.3748,85.875,66.6554,0.9806
41.567,1247,in_bed,0.6427,0.7852,-0.018,2.0403,0.8032,0.3937,0.6517,0.7387,0.5468,0.2318,0.0767,0.5389,0.3763,0.105,0.1919,0.315,0.1552,84.749,86.1362,66.5942,0.9832
41.6,1248,in_bed,0.6437,0.7875,-0.0174,2.045,0.8049,0.3936,0.6538,0.7405,0.547,0.2344,0.0767,0.5407,0.3793,0.1068,0.1935,0.3125,0.1577,84.338,85.6371,66.4414,0.9883
41.633,1249,in_bed,0.6446,0.789,-0.0175,2.0487,0.8064,0.3936,0.6567,0.7414,0.5478,0.2359,0.0767,0.5415,0.3793,0.1089,0.1937,0.3119,0.1592,84.5129,85.6244,66.4035,0.9927
41.667,1250,in_bed,0.6445,0.7894,-0.017,2.0486,0.8064,0.3936,0.6581,0.7414,0.5477,0.2366,0.0767,0.5413,0.3786,0.1104,0.1937,0.3111,0.1599,84.3703,85.4081,66.4272,0.9937
41.7,1251,in_bed,0.6444,0.7892,-0.016,2.0463,0.8052,0.3935,0.6574,0.7411,0.5476,0.2367,0.0768,0.5417,0.3788,0.1097,0.1934,0.3109,0.1599,84.6069,85.5494,66.478,0.9933
41.733,1252,in_bed,0.6452,0.79,-0.0163,2.0487,0.8062,0.3935,0.6577,0.7416,0.5488,0.2362,0.0768,0.543,0.3802,0.1089,0.1928,0.3126,0.1594,84.4815,85.4692,66.5289,0.9931
41.767,1253,in_bed,0.646,0.791,-0.0166,2.0516,0.8076,0.3936,0.6582,0.7428,0.5493,0.2371,0.0767,0.5436,0.3824,0.1089,0.1935,0.3121,0.1604,84.1576,85.1243,66.4956,0.9927
41.8,1254,in_bed,0.6461,0.791,-0.0169,2.0523,0.808,0.3937,0.6584,0.7427,0.5496,0.2381,0.0767,0.5436,0.3832,0.1089,0.1931,0.3115,0.1613,83.9399,84.8033,66.5574,0.9927
41.833,1255,in_bed,0.6453,0.7903,-0.0177,2.0519,0.808,0.3938,0.6572,0.7421,0.5486,0.2371,0.0767,0.5429,0.3813,0.1086,0.1935,0.3115,0.1605,83.7976,84.732,66.5968,0.992
41.867,1256,in_bed,0.6448,0.7898,-0.019,2.0533,0.8088,0.3939,0.6565,0.7413,0.5483,0.2355,0.0766,0.5421,0.3791,0.1083,0.193,0.3128,0.1589,83.5585,84.6944,66.6813,0.9931
41.9,1257,in_bed,0.6439,0.789,-0.0197,2.0524,0.8087,0.394,0.6553,0.7401,0.5476,0.2339,0.0765,0.5413,0.3773,0.1078,0.1926,0.3136,0.1574,83.2816,84.5931,66.7903,0.993
41.933,1258,in_bed,0.6432,0.7886,-0.0207,2.0531,0.8093,0.3942,0.6556,0.7401,0.5463,0.2326,0.0764,0.5415,0.3767,0.1093,0.1938,0.3136,0.1562,83.2745,84.8619,66.6487,0.993
41.967,1259,in_bed,0.6441,0.7894,-0.0219,2.057,0.8113,0.3944,0.656,0.7409,0.5473,0.2323,0.0763,0.5419,0.3766,0.1087,0.1936,0.315,0.1559,83.1409,84.8109,66.6353,0.9963
42.0,1260,in_bed,0.6444,0.7886,-0.0213,2.0536,0.8099,0.3944,0.6558,0.7403,0.5485,0.2331,0.0764,0.5421,0.3787,0.1074,0.1918,0.3154,0.1567,83.5301,84.8283,66.8179,0.9965
42.033,1261,in_bed,0.6448,0.7884,-0.0205,2.0515,0.809,0.3943,0.6561,0.7404,0.5492,0.234,0.0765,0.5423,0.3797,0.1068,0.1912,0.3152,0.1575,83.5164,84.7307,66.8132,0.9949
42.067,1262,in_bed,0.644,0.7874,-0.0199,2.0485,0.8073,0.3941,0.655,0.7396,0.5485,0.2345,0.0765,0.5407,0.3798,0.1065,0.1911,0.314,0.158,83.217,84.3985,66.8446,0.9912
42.1,1263,in_bed,0.6446,0.7875,-0.0186,2.0464,0.8061,0.3939,0.655,0.7402,0.549,0.2354,0.0766,0.5402,0.381,0.1059,0.1912,0.3136,0.1588,83.1768,84.4031,66.7718,0.9894
42.133,1264,in_bed,0.6451,0.788,-0.0188,2.0484,0.8069,0.3939,0.6545,0.7408,0.5494,0.2352,0.0766,0.5392,0.3807,0.1051,0.1914,0.3142,0.1586,82.9414,84.3874,66.6997,0.9901
42.167,1265,in_bed,0.645,0.7874,-0.0189,2.0469,0.8063,0.3939,0.6539,0.7411,0.5489,0.2351,0.0766,0.5393,0.3793,0.1049,0.1921,0.3138,0.1585,83.1864,84.7503,66.4996,0.9889
42.2,1266,in_bed,0.6444,0.7876,-0.0192,2.0478,0.8068,0.394,0.6531,0.7411,0.5477,0.2347,0.0766,0.5401,0.3791,0.1054,0.1934,0.313,0.1581,83.1094,84.8289,66.3728,0.99
42.233,1267,in_bed,0.6441,0.7876,-0.0196,2.0484,0.8072,0.3941,0.6535,0.7412,0.5471,0.2352,0.0766,0.5402,0.3791,0.1063,0.194,0.312,0.1586,83.18,84.8328,66.3279,0.9911
42.267,1268,in_bed,0.6451,0.7883,-0.0201,2.0513,0.8085,0.3941,0.6538,0.7417,0.5486,0.236,0.0765,0.5408,0.3799,0.1052,0.1931,0.3126,0.1594,83.5257,84.9224,66.4337,0.991
42.3,1269,in_bed,0.6448,0.7894,-0.0207,2.055,0.81,0.3942,0.655,0.7417,0.5479,0.2373,0.0765,0.5411,0.3799,0.1071,0.1937,0.3106,0.1608,83.3492,84.6486,66.3978,0.9938
42.333,1270,in_bed,0.6446,0.7902,-0.0207,2.0571,0.8109,0.3942,0.6556,0.7421,0.5471,0.2384,0.0765,0.5413,0.38,0.1086,0.195,0.3086,0.1619,83.0359,84.3355,66.3065,0.9955
42.367,1271,in_bed,0.6448,0.7907,-0.0208,2.0586,0.8114,0.3942,0.6562,0.7426,0.5469,0.2394,0.0765,0.5413,0.3809,0.1093,0.1957,0.3075,0.1629,82.9527,84.2259,66.2431,0.9948
42.4,1272,in_bed,0.6448,0.7901,-0.0208,2.0577,0.8109,0.3941,0.6558,0.7425,0.547,0.2387,0.0765,0.5413,0.3798,0.1088,0.1955,0.3083,0.1622,83.1371,84.3874,66.26,0.9949
42.433,1273,in_bed,0.6431,0.7888,-0.0208,2.0543,0.8095,0.3941,0.6549,0.7415,0.5448,0.2379,0.0765,0.5398,0.3772,0.1101,0.1967,0.3068,0.1614,83.0924,84.4771,66.1846,0.9925
42.467,1274,in_bed,0.6426,0.7878,-0.0206,2.051,0.8083,0.3941,0.6546,0.7411,0.5442,0.2388,0.0765,0.5396,0.3775,0.1104,0.1969,0.3054,0.1623,83.218,84.3796,66.1713,0.9929
42.5,1275,in_bed,0.6413,0.7866,-0.0204,2.0476,0.807,0.3941,0.6541,0.7406,0.5419,0.2374,0.0766,0.5388,0.3761,0.1122,0.1988,0.3045,0.1608,82.7623,84.2902,66.0015,0.9912
42.533,1276,in_bed,0.6413,0.7868,-0.0217,2.0499,0.8084,0.3944,0.6539,0.7409,0.5418,0.2365,0.0765,0.5385,0.3755,0.1122,0.1991,0.3053,0.16,82.7029,84.3515,66.0175,0.9927
42.567,1277,in_bed,0.6428,0.7881,-0.0221,2.0539,0.8102,0.3944,0.6549,0.7423,0.5432,0.2366,0.0764,0.5397,0.3767,0.1117,0.1991,0.3066,0.1602,83.187,84.7911,65.978,0.9939
42.6,1278,in_bed,0.6432,0.7886,-0.0229,2.0569,0.8115,0.3945,0.6553,0.7431,0.5433,0.2363,0.0764,0.5406,0.3779,0.112,0.1998,0.307,0.1599,83.1846,84.8171,65.9811,0.9937
42.633,1279,in_bed,0.6427,0.7877,-0.0231,2.0552,0.8108,0.3945,0.654,0.7422,0.5432,0.2346,0.0763,0.5393,0.3757,0.1108,0.199,0.3085,0.1583,83.3547,85.009,66.1228,0.9918
42.667,1280,in_bed,0.6436,0.7886,-0.0231,2.0576,0.8117,0.3945,0.6542,0.7431,0.544,0.2352,0.0763,0.6131,0.3768,0.1102,0.1991,0.3088,0.1589,83.2644,84.901,66.106,0.9926
42.7,1281,in_bed,0.6431,0.7879,-0.0235,2.0562,0.8114,0.3946,0.6545,0.7423,0.5439,0.2348,0.0763,0.5393,0.3771,0.1106,0.1984,0.3091,0.1585,83.2962,84.89,66.2175,0.9927
42.733,1282,in_bed,0.6432,0.7882,-0.0243,2.0578,0.8124,0.3948,0.6551,0.7423,0.5442,0.2352,0.0762,0.5392,0.3772,0.1109,0.1981,0.309,0.1589,83.5649,85.0462,66.2146,0.9954
42.767,1283,in_bed,0.6426,0.7879,-0.0248,2.0579,0.8128,0.3949,0.6555,0.7415,0.5436,0.2347,0.0762,0.5388,0.376,0.1119,0.1979,0.3089,0.1585,83.6286,85.119,66.2318,0.9955
42.8,1284,in_bed,0.6427,0.7872,-0.0231,2.0535,0.8102,0.3946,0.6546,0.7412,0.5442,0.234,0.0763,0.5386,0.3746,0.1104,0.1969,0.3102,0.1577,83.917,85.4359,66.2818,0.993
42.833,1285,in_bed,0.6423,0.7871,-0.0213,2.0507,0.8083,0.3942,0.6541,0.7411,0.5436,0.234,0.0764,0.5374,0.3726,0.1105,0.1975,0.3095,0.1576,83.9822,85.7143,66.1598,0.992
42.867,1286,in_bed,0.6428,0.788,-0.0212,2.0532,0.8092,0.3941,0.6546,0.7418,0.5437,0.2335,0.0764,0.5373,0.3722,0.1109,0.1981,0.3102,0.157,84.2021,86.1486,66.016,0.9926
42.9,1287,in_bed,0.6438,0.7887,-0.0209,2.0544,0.8097,0.3941,0.6557,0.7424,0.5452,0.2344,0.0765,0.5373,0.372,0.1104,0.1972,0.3108,0.158,84.4454,86.183,66.0795,0.9942
42.933,1288,in_bed,0.6442,0.788,-0.0199,2.0502,0.8079,0.394,0.6558,0.7428,0.5457,0.2349,0.0765,0.537,0.372,0.1101,0.1971,0.3108,0.1584,84.4733,86.1433,66.0454,0.9895
42.967,1289,in_bed,0.6446,0.7883,-0.0206,2.0524,0.8088,0.3941,0.6557,0.7427,0.5466,0.235,0.0765,0.5379,0.3737,0.1092,0.1961,0.3116,0.1585,84.2656,85.8166,66.1901,0.9898
43.0,1290,in_bed,0.6452,0.7886,-0.0207,2.0537,0.8093,0.3941,0.6553,0.7429,0.5475,0.2354,0.0765,0.5382,0.3739,0.1078,0.1955,0.3121,0.1589,84.6063,85.9952,66.2343,0.9902
43.033,1291,in_bed,0.6463,0.7889,-0.02,2.0537,0.8089,0.3939,0.6548,0.7433,0.5493,0.2354,0.0765,0.5381,0.3734,0.1054,0.194,0.3139,0.1589,85.1099,86.3812,66.2859,0.9888
43.067,1292,in_bed,0.6463,0.7887,-0.0202,2.0532,0.809,0.394,0.6544,0.7429,0.5497,0.2357,0.0765,0.5379,0.3732,0.1047,0.1932,0.3139,0.1592,85.2353,86.3154,66.4018,0.9889
43.1,1293,in_bed,0.6463,0.7883,-0.02,2.0513,0.8083,0.394,0.6544,0.7422,0.5503,0.2354,0.0765,0.5371,0.3723,0.1041,0.1919,0.3149,0.1589,85.1168,86.0028,66.6304,0.988
43.133,1294,in_bed,0.6463,0.7887,-0.0207,2.0535,0.8094,0.3941,0.6549,0.7423,0.5503,0.2356,0.0765,0.536,0.3716,0.1046,0.192,0.3147,0.1591,84.9677,85.9001,66.618,0.9889
43.167,1295,in_bed,0.647,0.7888,-0.021,2.054,0.8097,0.3942,0.6546,0.7428,0.5511,0.2366,0.0765,0.5363,0.372,0.1035,0.1918,0.3145,0.1601,84.7199,85.598,66.6238,0.9887
43.2,1296,in_bed,0.6475,0.7873,-0.0188,2.0464,0.806,0.3939,0.6541,0.743,0.552,0.2354,0.0766,0.5371,0.3725,0.1022,0.191,0.3166,0.1588,85.0602,85.9892,66.6279,0.9818
43.233,1297,in_bed,0.6445,0.7843,-0.0165,2.0352,0.8007,0.3934,0.6527,0.7404,0.5486,0.2317,0.0768,0.5342,0.3678,0.1041,0.1918,0.3169,0.1549,85.0593,86.4284,66.5927,0.976
43.267,1298,in_bed,0.6422,0.7821,-0.0157,2.0286,0.7979,0.3933,0.6517,0.7384,0.5461,0.2301,0.0768,0.5321,0.3654,0.1057,0.1923,0.3159,0.1533,84.7471,86.3588,66.5888,0.9716
43.3,1299,in_bed,0.6417,0.7815,-0.0159,2.0272,0.7973,0.3933,0.6516,0.7383,0.5451,0.2296,0.0768,0.5328,0.3653,0.1065,0.1932,0.3155,0.1528,84.6317,86.4362,66.4973,0.9702
43.333,1300,in_bed,0.6402,0.7801,-0.0169,2.0255,0.7969,0.3934,0.6507,0.7365,0.5439,0.2283,0.0767,0.5314,0.3634,0.1068,0.1926,0.3157,0.1515,84.4295,86.2805,66.6395,0.9704
43.367,1301,in_bed,0.6391,0.78,-0.0171,2.0257,0.797,0.3935,0.6496,0.7355,0.5427,0.229,0.0767,0.5307,0.3625,0.1069,0.1928,0.3137,0.1523,84.0494,85.8117,66.7209,0.9718
43.4,1302,in_bed,0.6384,0.7796,-0.0172,2.0251,0.7968,0.3934,0.6491,0.7347,0.5422,0.23,0.0767,0.5302,0.3612,0.1069,0.1925,0.3122,0.1532,84.0803,85.6512,66.7572,0.9709
43.433,1303,in_bed,0.6376,0.7799,-0.0179,2.0273,0.7978,0.3935,0.6495,0.7341,0.5411,0.2298,0.0767,0.5298,0.3605,0.1084,0.193,0.3113,0.1531,83.8806,85.5396,66.7203,0.9738
43.467,1304,in_bed,0.637,0.7797,-0.0192,2.0288,0.7989,0.3938,0.6503,0.7332,0.5409,0.2289,0.0766,0.5295,0.36,0.1094,0.1924,0.312,0.1523,84.0466,85.648,66.8194,0.9778
43.5,1305,in_bed,0.6369,0.7804,-0.0191,2.0304,0.7995,0.3938,0.6512,0.7338,0.54,0.2295,0.0766,0.53,0.36,0.1112,0.1938,0.3105,0.1529,83.9192,85.6294,66.6749,0.979
43.533,1306,in_bed,0.638,0.7818,-0.0189,2.0334,0.8007,0.3938,0.6519,0.7354,0.5405,0.2313,0.0766,0.531,0.3616,0.1114,0.1949,0.3093,0.1547,83.8602,85.5247,66.5669,0.9803
43.567,1307,in_bed,0.6391,0.7822,-0.0189,2.0345,0.8011,0.3938,0.6514,0.7365,0.5416,0.2307,0.0766,0.5331,0.3633,0.1098,0.1949,0.311,0.1541,83.7501,85.5013,66.559,0.98
43.6,1308,in_bed,0.6385,0.7827,-0.0193,2.0361,0.8021,0.3939,0.6523,0.7358,0.5412,0.231,0.0766,0.5327,0.3643,0.1111,0.1946,0.3102,0.1545,83.7129,85.4124,66.5639,0.985
43.633,1309,in_bed,0.6376,0.7814,-0.0192,2.0321,0.8006,0.394,0.6517,0.7338,0.5415,0.2302,0.0766,0.5316,0.3636,0.1102,0.1924,0.3113,0.1536,83.8576,85.3616,66.8433,0.9853
43.667,1310,in_bed,0.6383,0.7827,-0.0185,2.0351,0.8012,0.3937,0.6524,0.7345,0.542,0.2309,0.0766,0.532,0.3639,0.1103,0.1925,0.3112,0.1542,83.4997,85.0213,66.8398,0.9859
43.7,1311,in_bed,0.6389,0.7827,-0.0189,2.0355,0.8016,0.3938,0.6523,0.7351,0.5428,0.2304,0.0766,0.5325,0.3637,0.1095,0.1923,0.3123,0.1538,83.6151,85.1919,66.8042,0.9868
43.733,1312,in_bed,0.6388,0.783,-0.0184,2.0351,0.8015,0.3938,0.6526,0.7353,0.5422,0.2317,0.0766,0.5325,0.3633,0.1104,0.1931,0.3105,0.1551,83.231,84.825,66.7168,0.9865
43.767,1313,in_bed,0.6391,0.7833,-0.0177,2.0347,0.8011,0.3937,0.652,0.7362,0.5421,0.2326,0.0767,0.5324,0.3624,0.11,0.1942,0.3095,0.1559,83.2424,84.8561,66.5568,0.9856
43.8,1314,in_bed,0.64,0.7846,-0.0167,2.0367,0.8013,0.3934,0.6528,0.7377,0.5424,0.2341,0.0768,0.5328,0.363,0.1104,0.1953,0.3083,0.1573,83.1234,84.7395,66.4051,0.9856
43.833,1315,in_bed,0.6409,0.7859,-0.0171,2.0405,0.803,0.3935,0.6533,0.7387,0.5432,0.2352,0.0767,0.5335,0.3643,0.1101,0.1954,0.308,0.1585,83.2497,84.6721,66.4143,0.988
43.867,1316,in_bed,0.6414,0.7859,-0.0171,2.0403,0.803,0.3936,0.653,0.7386,0.5442,0.2353,0.0767,0.5339,0.3653,0.1088,0.1944,0.3089,0.1585,83.4802,84.7009,66.5508,0.9886
43.9,1317,in_bed,0.6422,0.7857,-0.0173,2.0398,0.803,0.3937,0.653,0.739,0.5454,0.2353,0.0767,0.5349,0.3674,0.1076,0.1937,0.3101,0.1586,83.6902,84.7663,66.6299,0.9886
43.933,1318,in_bed,0.6429,0.7855,-0.017,2.0389,0.8026,0.3936,0.654,0.7394,0.5464,0.2353,0.0767,0.5349,0.3676,0.1076,0.1931,0.311,0.1586,83.9006,84.8879,66.6731,0.9876
43.967,1319,in_bed,0.6423,0.7844,-0.0172,2.0363,0.8016,0.3937,0.6542,0.7385,0.5461,0.2348,0.0767,0.5337,0.3657,0.1081,0.1923,0.3113,0.1581,84.1441,85.0523,66.7412,0.9854
44.0,1320,in_bed,0.6423,0.7847,-0.0169,2.0361,0.8016,0.3937,0.6552,0.739,0.5455,0.2347,0.0767,0.534,0.3665,0.1097,0.1935,0.3108,0.158,83.8479,84.9979,66.5868,0.9864
44.033,1321,in_bed,0.6423,0.7845,-0.0163,2.0343,0.8008,0.3936,0.6549,0.7394,0.5453,0.2336,0.0768,0.5337,0.3671,0.1096,0.1941,0.3117,0.1569,83.7019,85.1413,66.4954,0.9832
44.067,1322,in_bed,0.6421,0.7845,-0.0168,2.0352,0.8013,0.3938,0.6545,0.7393,0.5448,0.2337,0.0767,0.5335,0.3681,0.1097,0.1945,0.3111,0.157,83.588,85.1695,66.3861,0.9817
44.1,1323,in_bed,0.6413,0.7841,-0.0167,2.0338,0.8008,0.3937,0.6527,0.7385,0.544,0.2332,0.0767,0.5336,0.3687,0.1086,0.1945,0.3108,0.1565,83.4562,85.1395,66.3796,0.9809
44.133,1324,in_bed,0.6401,0.7834,-0.0179,2.0345,0.8013,0.3939,0.6522,0.7371,0.5431,0.2321,0.0767,0.5325,0.3669,0.1091,0.194,0.311,0.1555,83.37,85.1102,66.4449,0.9829
44.167,1325,in_bed,0.6396,0.7829,-0.0184,2.0335,0.8013,0.394,0.6524,0.7367,0.5426,0.2323,0.0766,0.533,0.366,0.1098,0.194,0.3104,0.1556,83.4276,85.0966,66.4289,0.9836
44.2,1326,in_bed,0.6396,0.7824,-0.0181,2.0319,0.8005,0.394,0.6526,0.7367,0.5425,0.2325,0.0767,0.5331,0.3648,0.1101,0.1942,0.3099,0.1559,83.5942,85.2086,66.4084,0.9826
44.233,1327,in_bed,0.641,0.7841,-0.0177,2.0357,0.8018,0.3939,0.6537,0.7381,0.5439,0.235,0.0767,0.5341,0.3662,0.1097,0.1942,0.309,0.1583,83.805,85.2081,66.3271,0.9833
44.267,1328,in_bed,0.6422,0.7853,-0.0176,2.0386,0.8029,0.3938,0.6546,0.7393,0.5451,0.2361,0.0767,0.5348,0.3674,0.1095,0.1942,0.309,0.1594,83.8197,85.1657,66.2777,0.9848
44.3,1329,in_bed,0.6425,0.7853,-0.0172,2.0379,0.8025,0.3938,0.6547,0.74,0.545,0.2365,0.0767,0.5358,0.3676,0.1097,0.195,0.3085,0.1598,83.7039,85.1764,66.1363,0.9831
44.333,1330,in_bed,0.642,0.7854,-0.017,2.0378,0.8023,0.3937,0.6538,0.7403,0.5437,0.2355,0.0767,0.5359,0.3662,0.1101,0.1966,0.3083,0.1587,83.4617,85.3634,65.9021,0.9816
44.367,1331,in_bed,0.6427,0.786,-0.0179,2.0405,0.8039,0.394,0.6543,0.7407,0.5446,0.2359,0.0767,0.5365,0.3666,0.1097,0.1961,0.3087,0.1592,83.4476,85.2514,65.9478,0.985
44.4,1332,in_bed,0.6431,0.7864,-0.0174,2.0407,0.8038,0.3939,0.6555,0.7409,0.5453,0.2361,0.0767,0.5367,0.3694,0.1103,0.1957,0.3092,0.1594,83.8358,85.5508,65.9629,0.9858
44.433,1333,in_bed,0.643,0.7859,-0.0166,2.038,0.8026,0.3938,0.6556,0.7405,0.5456,0.235,0.0767,0.5363,0.3706,0.11,0.1948,0.3106,0.1583,83.7805,85.5527,66.0894,0.9848
44.467,1334,in_bed,0.6432,0.7859,-0.0162,2.0373,0.8021,0.3937,0.6556,0.7399,0.5465,0.2348,0.0768,0.5365,0.372,0.1091,0.1934,0.3117,0.158,84.0068,85.5861,66.3043,0.9859
44.5,1335,in_bed,0.6433,0.7853,-0.0162,2.036,0.8015,0.3937,0.6546,0.7397,0.5468,0.2333,0.0768,0.5364,0.373,0.1078,0.1929,0.3135,0.1566,83.884,85.5873,66.4115,0.9837
44.533,1336,in_bed,0.6439,0.7862,-0.0162,2.0379,0.8023,0.3937,0.6553,0.7406,0.5473,0.2341,0.0768,0.5374,0.3754,0.108,0.1933,0.3131,0.1574,83.6763,85.4006,66.3898,0.9843
44.567,1337,in_bed,0.6437,0.7861,-0.0169,2.039,0.803,0.3938,0.6548,0.7403,0.5471,0.2342,0.0767,0.5378,0.3764,0.1077,0.1932,0.3129,0.1575,83.6421,85.285,66.4595,0.9853
44.6,1338,in_bed,0.6444,0.7866,-0.0172,2.0412,0.8038,0.3938,0.6543,0.7408,0.548,0.2351,0.0767,0.5387,0.378,0.1063,0.1928,0.3129,0.1584,84.2111,85.545,66.505,0.9856
44.633,1339,in_bed,0.6463,0.788,-0.0162,2.0427,0.8042,0.3937,0.6548,0.7431,0.5495,0.2375,0.0768,0.5409,0.3806,0.1053,0.1935,0.312,0.1607,84.354,85.505,66.3709,0.9859
44.667,1340,in_bed,0.6467,0.7889,-0.0158,2.0445,0.8047,0.3936,0.6558,0.7443,0.5492,0.2384,0.0768,0.5417,0.3812,0.1066,0.1951,0.3108,0.1616,84.0088,85.2814,66.1772,0.9866
44.7,1341,in_bed,0.6456,0.7887,-0.0159,2.0441,0.8046,0.3936,0.656,0.744,0.5473,0.2384,0.0768,0.5409,0.379,0.1086,0.1966,0.3089,0.1616,83.7377,85.1393,66.0418,0.9855
44.733,1342,in_bed,0.6446,0.7882,-0.0161,2.0433,0.8043,0.3936,0.6559,0.7433,0.5458,0.2379,0.0768,0.5401,0.3778,0.11,0.1975,0.3079,0.1611,83.5038,85.089,65.936,0.9851
44.767,1343,in_bed,0.6422,0.7868,-0.0175,2.0422,0.8043,0.3938,0.6553,0.7411,0.5433,0.2366,0.0767,0.5384,0.3756,0.112,0.1978,0.3067,0.1599,83.1817,84.9717,65.9339,0.9855
44.8,1344,in_bed,0.6407,0.7878,-0.0173,2.0442,0.8051,0.3938,0.6566,0.7405,0.541,0.237,0.0767,0.5376,0.3753,0.1156,0.1995,0.304,0.1602,82.4387,84.4726,65.8351,0.9875
44.833,1345,in_bed,0.6408,0.7874,-0.0178,2.045,0.8052,0.3937,0.6559,0.7399,0.5418,0.2359,0.0767,0.5366,0.3736,0.1141,0.1981,0.3059,0.1592,82.4582,84.4884,65.9803,0.9863
44.867,1346,in_bed,0.6411,0.7873,-0.0185,2.0464,0.8058,0.3938,0.6557,0.7394,0.5429,0.2359,0.0767,0.5351,0.3727,0.1128,0.1964,0.307,0.1593,82.7069,84.5306,66.141,0.9872
44.9,1347,in_bed,0.6408,0.7871,-0.0198,2.0478,0.8068,0.394,0.6563,0.7389,0.5428,0.2353,0.0766,0.5354,0.3712,0.1135,0.1961,0.3075,0.1587,82.8308,84.6211,66.172,0.9885
44.933,1348,in_bed,0.6404,0.7862,-0.0209,2.0472,0.8071,0.3943,0.6565,0.7378,0.543,0.2353,0.0765,0.5354,0.3703,0.1135,0.1948,0.3077,0.1588,83.0011,84.548,66.3285,0.9893
44.967,1349,in_bed,0.6393,0.7862,-0.0221,2.049,0.8084,0.3945,0.6576,0.737,0.5415,0.2348,0.0764,0.5339,0.3674,0.1161,0.1954,0.3068,0.1584,82.4013,84.1836,66.2851,0.9927
45.0,1350,in_bed,0.6398,0.7867,-0.0213,2.0493,0.808,0.3943,0.6585,0.7376,0.542,0.2354,0.0764,0.5344,0.3679,0.1165,0.1957,0.3065,0.159,82.5066,84.2972,66.2252,0.9925
45.033,1351,in_bed,0.6408,0.7879,-0.0209,2.0514,0.8088,0.3943,0.6595,0.7387,0.5429,0.2368,0.0765,0.5356,0.3697,0.1166,0.1958,0.3061,0.1603,82.6231,84.3075,66.1547,0.9947
45.067,1352,in_bed,0.641,0.7892,-0.0216,2.056,0.8108,0.3944,0.6607,0.7389,0.5431,0.2373,0.0764,0.5359,0.3702,0.1176,0.1959,0.3058,0.1609,82.6447,84.2866,66.1467,0.9972
45.1,1353,in_bed,0.6415,0.7895,-0.0216,2.0567,0.8111,0.3944,0.6601,0.7397,0.5433,0.2377,0.0764,0.5355,0.3702,0.1168,0.1964,0.3056,0.1613,82.4334,84.1482,66.0716,0.9962
45.133,1354,in_bed,0.6413,0.7895,-0.0213,2.0556,0.8107,0.3944,0.6604,0.7392,0.5434,0.2383,0.0764,0.5355,0.3715,0.1169,0.1958,0.3052,0.1618,82.2777,83.8909,66.1558,0.9965
45.167,1355,in_bed,0.6419,0.7896,-0.0204,2.0542,0.81,0.3943,0.6608,0.7396,0.5442,0.2391,0.0765,0.5357,0.3716,0.1167,0.1954,0.3051,0.1625,82.5365,84.0426,66.1284,0.9961
45.2,1356,in_bed,0.6431,0.7892,-0.0188,2.0508,0.808,0.394,0.6601,0.7409,0.5453,0.2384,0.0766,0.5365,0.3749,0.1148,0.1955,0.307,0.1618,82.8099,84.3814,66.1252,0.9925
45.233,1357,in_bed,0.6442,0.7892,-0.0179,2.0496,0.8072,0.3938,0.6599,0.742,0.5465,0.2373,0.0767,0.5369,0.3749,0.1133,0.1954,0.3092,0.1607,83.1634,84.828,66.1154,0.9908
45.267,1358,in_bed,0.6443,0.7893,-0.0182,2.0497,0.8075,0.3939,0.6595,0.7425,0.546,0.2372,0.0767,0.5377,0.3759,0.1134,0.1965,0.3089,0.1605,83.2885,84.9882,66.0389,0.9911
45.3,1359,in_bed,0.6444,0.7892,-0.0183,2.05,0.8075,0.3939,0.6579,0.7423,0.5465,0.2372,0.0767,0.5376,0.3756,0.1115,0.1958,0.3093,0.1605,83.4816,85.0244,66.145,0.9907
45.333,1360,in_bed,0.6446,0.7887,-0.0181,2.0492,0.8068,0.3937,0.6568,0.7419,0.5472,0.2367,0.0767,0.6087,0.3764,0.1096,0.1946,0.3106,0.16,83.7646,85.207,66.2588,0.989
45.367,1361,in_bed,0.645,0.7886,-0.0174,2.0479,0.806,0.3936,0.6562,0.7426,0.5474,0.2358,0.0767,0.6095,0.3783,0.1087,0.1952,0.3116,0.1591,83.8785,85.4978,66.1694,0.9856
45.4,1362,in_bed,0.6449,0.7883,-0.0167,2.0465,0.805,0.3934,0.656,0.7421,0.5477,0.2355,0.0768,0.6092,0.3775,0.1084,0.1944,0.3122,0.1587,83.9292,85.485,66.277,0.9843
45.433,1363,in_bed,0.6452,0.7883,-0.0175,2.0479,0.8058,0.3935,0.6558,0.7419,0.5484,0.2351,0.0767,0.6085,0.377,0.1074,0.1934,0.3134,0.1583,84.0437,85.5622,66.3822,0.985
45.467,1364,in_bed,0.6459,0.7893,-0.0177,2.0507,0.807,0.3935,0.6567,0.7424,0.5495,0.2359,0.0767,0.5361,0.3773,0.1072,0.1929,0.3135,0.1592,84.021,85.3874,66.4583,0.9859
45.5,1365,in_bed,0.6448,0.7887,-0.0171,2.0482,0.8057,0.3934,0.6562,0.7413,0.5482,0.2352,0.0767,0.5342,0.3749,0.108,0.1931,0.313,0.1585,84.166,85.6225,66.4249,0.9843
45.533,1366,in_bed,0.6439,0.7875,-0.0164,2.0445,0.8039,0.3932,0.6556,0.7405,0.5472,0.2346,0.0768,0.5331,0.3723,0.1084,0.1933,0.3127,0.1578,84.1835,85.7142,66.4135,0.9815
45.567,1367,in_bed,0.6437,0.7871,-0.0161,2.0428,0.8032,0.3932,0.6554,0.7407,0.5467,0.2344,0.0768,0.5338,0.3721,0.1087,0.194,0.3123,0.1575,84.1965,85.8693,66.2669,0.9816
45.6,1368,in_bed,0.6437,0.7866,-0.0144,2.0389,0.801,0.3929,0.6554,0.7408,0.5467,0.2352,0.0769,0.6079,0.3742,0.1088,0.1941,0.3115,0.1583,84.1916,85.8536,66.2016,0.9791
45.633,1369,in_bed,0.644,0.7866,-0.0133,2.0367,0.7999,0.3927,0.6559,0.7412,0.5469,0.2346,0.077,0.5353,0.3742,0.109,0.1943,0.3123,0.1576,84.3217,86.0675,66.1493,0.9779
45.667,1370,in_bed,0.6451,0.7873,-0.0136,2.0384,0.8009,0.3929,0.6573,0.7423,0.5479,0.2355,0.077,0.5364,0.3748,0.1094,0.1944,0.3124,0.1585,84.4099,86.1177,66.0705,0.9797
45.7,1371,in_bed,0.6461,0.7875,-0.0142,2.0397,0.8017,0.3931,0.6577,0.7429,0.5493,0.2354,0.0769,0.5371,0.3743,0.1083,0.1935,0.3139,0.1585,84.4048,86.0638,66.1533,0.9792
45.733,1372,in_bed,0.6461,0.787,-0.0146,2.0381,0.8016,0.3933,0.6583,0.7429,0.5494,0.2363,0.0769,0.5374,0.3743,0.1089,0.1936,0.3131,0.1594,84.4125,85.99,66.1438,0.9791
45.767,1373,in_bed,0.6451,0.7866,-0.0157,2.0389,0.8023,0.3935,0.6576,0.7421,0.548,0.2374,0.0768,0.6085,0.3717,0.1096,0.1941,0.3106,0.1606,84.2147,85.7054,66.1051,0.9801
45.8,1374,in_bed,0.6444,0.7867,-0.016,2.0398,0.8027,0.3935,0.6571,0.742,0.5469,0.2378,0.0768,0.5365,0.3711,0.1102,0.1951,0.3091,0.161,84.0256,85.6428,66.0086,0.9811
45.833,1375,in_bed,0.6438,0.7865,-0.0155,2.0379,0.802,0.3935,0.6565,0.742,0.5456,0.2384,0.0768,0.5367,0.3727,0.1109,0.1964,0.3072,0.1616,83.8827,85.6085,65.8419,0.9815
45.867,1376,in_bed,0.6432,0.7867,-0.0149,2.0384,0.8016,0.3932,0.6559,0.742,0.5444,0.2388,0.0769,0.5364,0.3729,0.1114,0.1976,0.3056,0.1619,83.8201,85.6955,65.688,0.9785
45.9,1377,in_bed,0.6432,0.7864,-0.0138,2.0368,0.8003,0.3929,0.6549,0.7424,0.544,0.2396,0.077,0.5376,0.3731,0.1109,0.1984,0.3044,0.1626,83.5957,85.4712,65.6432,0.9739
45.933,1378,in_bed,0.6429,0.7859,-0.0141,2.0352,0.8,0.3931,0.6548,0.7421,0.5438,0.2394,0.0769,0.5377,0.373,0.111,0.1983,0.3044,0.1625,83.6994,85.5328,65.6528,0.9748
45.967,1379,in_bed,0.6423,0.7843,-0.0144,2.0318,0.7987,0.3931,0.6536,0.7407,0.5438,0.2384,0.0769,0.5363,0.3712,0.1098,0.1968,0.3054,0.1615,83.9875,85.6786,65.8245,0.9727
46.0,1380,in_bed,0.6437,0.7857,-0.0127,2.0321,0.7983,0.3929,0.655,0.7418,0.5457,0.2394,0.077,0.537,0.3727,0.1093,0.1961,0.3063,0.1624,84.0968,85.5706,65.8748,0.9759
46.033,1381,in_bed,0.644,0.7868,-0.0127,2.0352,0.7995,0.3928,0.6555,0.7426,0.5454,0.2404,0.077,0.6107,0.3745,0.1101,0.1972,0.305,0.1634,83.9534,85.3983,65.7692,0.9784
46.067,1382,in_bed,0.645,0.7878,-0.0121,2.0366,0.7999,0.3927,0.6564,0.7435,0.5464,0.2417,0.0771,0.5379,0.3751,0.1099,0.1971,0.3048,0.1646,83.6949,85.1117,65.7892,0.9796
46.1,1383,in_bed,0.6452,0.7884,-0.0128,2.0396,0.8012,0.3928,0.6568,0.744,0.5464,0.2416,0.077,0.6102,0.376,0.1104,0.1976,0.3048,0.1645,83.9818,85.4493,65.7195,0.9814
46.133,1384,in_bed,0.6454,0.7893,-0.0129,2.0418,0.8021,0.3928,0.6576,0.7438,0.547,0.2424,0.077,0.61,0.3758,0.1107,0.1969,0.3046,0.1654,84.1619,85.5397,65.7519,0.9833
46.167,1385,in_bed,0.6453,0.7895,-0.0132,2.0425,0.8027,0.393,0.6576,0.7437,0.5469,0.2432,0.077,0.6102,0.3754,0.1107,0.1968,0.3037,0.1662,83.8962,85.1783,65.7893,0.9862
46.2,1386,in_bed,0.6456,0.7892,-0.0136,2.0422,0.8028,0.3931,0.6578,0.7438,0.5474,0.2436,0.077,0.5363,0.3745,0.1104,0.1964,0.3038,0.1667,84.319,85.4507,65.8222,0.9852
46.233,1387,in_bed,0.6453,0.7887,-0.0134,2.0403,0.8021,0.3931,0.6579,0.743,0.5475,0.2426,0.077,0.5355,0.3734,0.1104,0.1955,0.3049,0.1656,84.5626,85.6351,65.9711,0.9866
46.267,1388,in_bed,0.6447,0.7881,-0.0138,2.039,0.802,0.3933,0.6587,0.7422,0.5471,0.2418,0.0769,0.5358,0.3733,0.1115,0.195,0.3053,0.1649,84.5508,85.6614,66.0115,0.989
46.3,1389,in_bed,0.6429,0.7877,-0.0154,2.0402,0.8031,0.3936,0.6582,0.7409,0.5449,0.2411,0.0768,0.5353,0.3714,0.1133,0.196,0.3038,0.1642,84.0351,85.2681,65.9947,0.9931
46.333,1390,in_bed,0.6421,0.788,-0.016,2.0421,0.804,0.3937,0.6574,0.7406,0.5436,0.2417,0.0768,0.5353,0.3707,0.1137,0.197,0.302,0.1649,83.6002,84.8813,65.9225,0.9943
46.367,1391,in_bed,0.6428,0.7896,-0.0156,2.046,0.8052,0.3936,0.6577,0.742,0.5435,0.2435,0.0768,0.6114,0.3732,0.1142,0.1985,0.3,0.1667,83.36,84.6583,65.7362,0.9961
46.4,1392,in_bed,0.6429,0.7878,-0.0129,2.0375,0.8007,0.393,0.656,0.7413,0.5445,0.2402,0.077,0.5366,0.3731,0.1115,0.1968,0.3043,0.1632,84.1018,85.4438,65.9166,0.9881
46.433,1393,in_bed,0.6436,0.7876,-0.0122,2.0358,0.7997,0.3928,0.6553,0.7419,0.5452,0.2381,0.0771,0.5367,0.3734,0.11,0.1967,0.3071,0.1611,84.2537,85.8053,65.9391,0.9852
46.467,1394,in_bed,0.6437,0.7866,-0.0126,2.0342,0.7993,0.3929,0.6545,0.7415,0.5459,0.2359,0.077,0.5362,0.3718,0.1087,0.1956,0.31,0.1588,84.0668,85.6995,66.1236,0.9848
46.5,1395,in_bed,0.6434,0.7853,-0.0133,2.0325,0.7986,0.3929,0.6527,0.7404,0.5464,0.2344,0.077,0.5353,0.3703,0.1063,0.1939,0.3121,0.1574,84.2583,85.7635,66.345,0.983
46.533,1396,in_bed,0.6429,0.7838,-0.0136,2.0295,0.7974,0.3929,0.6515,0.7389,0.5468,0.233,0.077,0.5343,0.3679,0.1047,0.1921,0.3138,0.156,84.451,85.8754,66.5535,0.9793
46.567,1397,in_bed,0.643,0.7829,-0.0135,2.0271,0.7964,0.3929,0.6514,0.7392,0.5467,0.2329,0.077,0.5354,0.368,0.1046,0.1925,0.3139,0.1559,84.5644,86.0181,66.4873,0.9765
46.6,1398,in_bed,0.6423,0.7824,-0.014,2.0265,0.7965,0.393,0.6521,0.7386,0.5461,0.2325,0.077,0.5349,0.367,0.106,0.1926,0.3136,0.1555,84.7853,86.2364,66.4661,0.977
46.633,1399,in_bed,0.6417,0.7819,-0.0147,2.0262,0.7966,0.3931,0.6528,0.7383,0.5452,0.232,0.0769,0.5347,0.3661,0.1076,0.1931,0.3132,0.1551,84.8531,86.4058,66.3848,0.9778
46.667,1400,in_bed,0.6413,0.7817,-0.014,2.0244,0.7956,0.393,0.6534,0.7382,0.5443,0.2321,0.077,0.5342,0.3671,0.109,0.1939,0.3122,0.1552,84.8543,86.5047,66.2842,0.9763
46.7,1401,in_bed,0.6414,0.7812,-0.0126,2.0208,0.7938,0.3928,0.6536,0.7385,0.5442,0.2327,0.077,0.5344,0.3669,0.1094,0.1943,0.3115,0.1557,85.2588,86.859,66.1991,0.9737
46.733,1402,in_bed,0.6412,0.7816,-0.0125,2.0212,0.7942,0.3929,0.6535,0.7381,0.5442,0.2336,0.077,0.5341,0.3669,0.1093,0.1939,0.3105,0.1566,85.1724,86.6417,66.2763,0.9748
46.767,1403,in_bed,0.6408,0.7821,-0.0115,2.0205,0.7937,0.3928,0.6539,0.7382,0.5435,0.2346,0.0771,0.5338,0.3677,0.1104,0.1948,0.3089,0.1575,84.7384,86.2707,66.2054,0.9747
46.8,1404,in_bed,0.6423,0.7834,-0.0099,2.0205,0.7932,0.3926,0.6548,0.7396,0.5449,0.2359,0.0772,0.5356,0.3698,0.1099,0.1947,0.309,0.1587,84.5501,85.877,66.3057,0.9744
46.833,1405,in_bed,0.6431,0.7846,-0.0089,2.0222,0.7936,0.3924,0.6561,0.7413,0.5449,0.2373,0.0773,0.5375,0.3713,0.1112,0.1964,0.3075,0.1601,84.2534,85.617,66.1331,0.9759
46.867,1406,in_bed,0.6442,0.7854,-0.0094,2.0252,0.7948,0.3925,0.6566,0.7423,0.5462,0.238,0.0773,0.538,0.3719,0.1104,0.1961,0.3082,0.1608,84.7074,86.0162,66.0356,0.9764
46.9,1407,in_bed,0.6434,0.7855,-0.0102,2.027,0.7957,0.3926,0.6566,0.742,0.5447,0.2384,0.0772,0.5376,0.3712,0.1119,0.1973,0.3063,0.1612,84.4863,85.9805,65.8636,0.9775
46.933,1408,in_bed,0.6435,0.7858,-0.0107,2.0288,0.7964,0.3926,0.6565,0.7419,0.545,0.2383,0.0772,0.5373,0.3699,0.1115,0.1969,0.3067,0.1611,84.4109,85.8814,65.9183,0.9779
46.967,1409,in_bed,0.6447,0.7865,-0.0107,2.031,0.7972,0.3925,0.6569,0.7431,0.5462,0.24,0.0772,0.6097,0.371,0.1107,0.1968,0.3063,0.1628,84.679,85.9403,65.8473,0.9779
47.0,1410,in_bed,0.6449,0.7862,-0.0112,2.0305,0.7975,0.3927,0.6568,0.7434,0.5465,0.2408,0.0771,0.5378,0.3719,0.1103,0.1969,0.3057,0.1636,84.8491,85.9922,65.7891,0.9773
47.033,1411,in_bed,0.646,0.7868,-0.0105,2.0306,0.7973,0.3926,0.6572,0.7439,0.548,0.2419,0.0772,0.5383,0.3732,0.1092,0.1959,0.3062,0.1647,85.2195,86.081,65.8901,0.9778
47.067,1412,in_bed,0.6461,0.787,-0.0115,2.0326,0.7985,0.3928,0.657,0.7438,0.5484,0.242,0.0771,0.5383,0.3743,0.1087,0.1954,0.3063,0.1649,85.399,86.107,65.9774,0.9788
47.1,1413,in_bed,0.6459,0.787,-0.0123,2.0342,0.7993,0.3929,0.6564,0.7434,0.5484,0.2417,0.0771,0.5383,0.3751,0.108,0.195,0.3067,0.1646,85.3419,86.0853,65.9899,0.9788
47.133,1414,in_bed,0.6463,0.7871,-0.0132,2.036,0.8004,0.3931,0.6562,0.744,0.5486,0.2416,0.077,0.5388,0.3758,0.1076,0.1954,0.307,0.1645,85.3698,86.1435,65.9289,0.9786
47.167,1415,in_bed,0.6464,0.788,-0.0136,2.0387,0.8016,0.3932,0.6563,0.7449,0.548,0.2414,0.077,0.5392,0.3775,0.1083,0.1969,0.3066,0.1643,85.054,86.0758,65.7714,0.9804
47.2,1416,in_bed,0.6462,0.7869,-0.0134,2.0356,0.8003,0.3932,0.6562,0.7439,0.5485,0.2393,0.077,0.5393,0.3773,0.1077,0.1954,0.3092,0.1622,85.437,86.3854,65.9857,0.9801
47.233,1417,in_bed,0.6447,0.7855,-0.0147,2.0341,0.8002,0.3934,0.6549,0.7422,0.5471,0.2393,0.0769,0.5372,0.3744,0.1078,0.1951,0.3078,0.1623,85.6779,86.4425,66.0351,0.9812
47.267,1418,in_bed,0.6443,0.7857,-0.0155,2.0358,0.8012,0.3936,0.6549,0.7417,0.5468,0.2395,0.0769,0.537,0.3746,0.1081,0.1949,0.3073,0.1627,85.423,86.0613,66.1568,0.9829
47.3,1419,in_bed,0.6443,0.7862,-0.0163,2.0387,0.8025,0.3937,0.655,0.7416,0.547,0.239,0.0768,0.5371,0.3752,0.108,0.1946,0.308,0.1622,85.1899,85.7794,66.2774,0.9853
47.333,1420,in_bed,0.6434,0.7857,-0.017,2.0387,0.8027,0.3938,0.654,0.741,0.5459,0.2386,0.0768,0.5365,0.3738,0.1082,0.1951,0.3073,0.1618,85.153,85.81,66.2097,0.9857
47.367,1421,in_bed,0.6445,0.7867,-0.0167,2.0409,0.8035,0.3937,0.6543,0.7415,0.5475,0.2397,0.0768,0.5369,0.3746,0.1069,0.1941,0.3077,0.1629,85.2358,85.6379,66.3059,0.987
47.4,1422,in_bed,0.6455,0.7879,-0.0171,2.0439,0.8049,0.3938,0.6552,0.7424,0.5485,0.2403,0.0767,0.5378,0.3751,0.1067,0.194,0.3082,0.1635,85.0025,85.401,66.3382,0.9892
47.433,1423,in_bed,0.6465,0.7888,-0.0158,2.0444,0.8046,0.3935,0.6553,0.7434,0.5497,0.2416,0.0768,0.5395,0.3775,0.1056,0.1937,0.308,0.1648,84.982,85.2144,66.3931,0.9881
47.467,1424,in_bed,0.6475,0.7887,-0.0147,2.043,0.8034,0.3933,0.6538,0.7433,0.5516,0.2415,0.0769,0.5408,0.3784,0.1021,0.1916,0.3102,0.1646,85.259,85.2766,66.6489,0.9857
47.5,1425,in_bed,0.6469,0.7882,-0.0136,2.0399,0.8018,0.3931,0.6533,0.7427,0.5511,0.2413,0.077,0.5404,0.3786,0.1022,0.1916,0.3098,0.1643,85.0415,85.1047,66.693,0.9833
47.533,1426,in_bed,0.6459,0.7874,-0.0134,2.0375,0.8007,0.393,0.6526,0.7416,0.5502,0.24,0.077,0.539,0.3761,0.1024,0.1914,0.3102,0.163,84.7672,84.9796,66.7398,0.9824
47.567,1427,in_bed,0.6463,0.7885,-0.0133,2.0403,0.8018,0.393,0.653,0.7423,0.5504,0.2403,0.077,0.5395,0.3775,0.1026,0.1918,0.3101,0.1633,84.4371,84.7395,66.752,0.9837
47.6,1428,in_bed,0.6469,0.7889,-0.0137,2.0418,0.8026,0.3931,0.6538,0.7428,0.5511,0.2409,0.077,0.6177,0.3791,0.1028,0.1918,0.3102,0.1639,84.2002,84.5371,66.7175,0.9852
47.633,1429,in_bed,0.6455,0.7882,-0.0141,2.0408,0.8023,0.3931,0.654,0.742,0.549,0.2401,0.077,0.5397,0.3779,0.105,0.193,0.3088,0.1632,84.0515,84.6799,66.5587,0.9844
47.667,1430,in_bed,0.6444,0.7883,-0.0145,2.0423,0.8028,0.3931,0.6552,0.7409,0.5479,0.2404,0.0769,0.6155,0.3774,0.1073,0.1931,0.3074,0.1635,83.6491,84.333,66.5513,0.9852
47.7,1431,in_bed,0.643,0.7879,-0.014,2.0406,0.8019,0.393,0.6557,0.7405,0.5455,0.2404,0.077,0.5377,0.3768,0.1102,0.1951,0.3051,0.1634,83.3967,84.3297,66.3212,0.985
47.733,1432,in_bed,0.6421,0.7878,-0.0151,2.0425,0.803,0.3931,0.6564,0.7402,0.544,0.2396,0.0769,0.5368,0.3752,0.1124,0.1962,0.3044,0.1627,82.9556,84.2001,66.1976,0.9873
47.767,1433,in_bed,0.6418,0.7874,-0.0159,2.0427,0.8033,0.3932,0.6568,0.7401,0.5436,0.2389,0.0769,0.5367,0.375,0.1133,0.1965,0.3047,0.162,83.0969,84.4834,66.1167,0.9878
47.8,1434,in_bed,0.6424,0.7877,-0.0156,2.0429,0.8033,0.3932,0.6576,0.7403,0.5446,0.2397,0.0769,0.5364,0.3742,0.113,0.1957,0.3049,0.1628,83.298,84.5048,66.1769,0.9868
47.833,1435,in_bed,0.6432,0.7879,-0.0158,2.0434,0.8037,0.3933,0.6579,0.7409,0.5456,0.2395,0.0769,0.5366,0.3744,0.1123,0.1953,0.3061,0.1627,83.5024,84.6926,66.2016,0.9873
47.867,1436,in_bed,0.6443,0.7879,-0.0161,2.0437,0.804,0.3934,0.6577,0.7411,0.5476,0.2401,0.0768,0.5374,0.3752,0.1101,0.1935,0.3075,0.1633,83.7375,84.7133,66.3009,0.9871
47.9,1437,in_bed,0.6453,0.788,-0.0154,2.043,0.8034,0.3933,0.6574,0.7418,0.5488,0.2409,0.0769,0.5382,0.3758,0.1086,0.1931,0.3078,0.164,83.9517,84.8276,66.2891,0.9854
47.933,1438,in_bed,0.6456,0.7885,-0.0155,2.0443,0.804,0.3933,0.6578,0.7426,0.5486,0.2415,0.0769,0.5389,0.3767,0.1092,0.194,0.3071,0.1646,83.98,85.0216,66.1256,0.9852
47.967,1439,in_bed,0.6451,0.7892,-0.0158,2.0464,0.805,0.3934,0.6585,0.7427,0.5475,0.2418,0.0768,0.5384,0.3764,0.111,0.1952,0.3057,0.165,83.8043,85.0152,65.9859,0.9861
48.0,1440,in_bed,0.6452,0.7888,-0.0147,2.0437,0.8035,0.3932,0.6588,0.7423,0.5481,0.2399,0.0769,0.538,0.3772,0.1106,0.1942,0.3082,0.163,84.0849,85.449,66.0961,0.9851
48.033,1441,in_bed,0.6458,0.7892,-0.0146,2.0443,0.8038,0.3932,0.6597,0.7427,0.5488,0.2398,0.0769,0.5381,0.3777,0.1109,0.194,0.309,0.1629,84.1108,85.4241,66.1542,0.985
48.067,1442,in_bed,0.6462,0.7894,-0.0145,2.0442,0.8038,0.3932,0.6602,0.7436,0.5488,0.2399,0.0769,0.5383,0.3774,0.1115,0.1948,0.3089,0.163,84.2327,85.5696,66.0574,0.9825
48.1,1443,in_bed,0.646,0.7888,-0.0149,2.0431,0.8038,0.3934,0.6599,0.7446,0.5474,0.2388,0.0769,0.5391,0.3763,0.1126,0.1973,0.3086,0.1619,84.3763,85.9802,65.7712,0.9833
48.133,1444,in_bed,0.6464,0.7888,-0.0151,2.0433,0.8039,0.3934,0.6604,0.7453,0.5475,0.2392,0.0769,0.5396,0.3754,0.1129,0.1978,0.3083,0.1624,84.7355,86.2016,65.7164,0.9836
48.167,1445,in_bed,0.6463,0.7887,-0.0155,2.0435,0.8042,0.3935,0.6599,0.7453,0.5474,0.2388,0.0768,0.5398,0.3742,0.1125,0.1979,0.3086,0.1619,84.884,86.2924,65.7398,0.9849
48.2,1446,in_bed,0.6456,0.7887,-0.0155,2.0434,0.8042,0.3935,0.6597,0.7448,0.5464,0.2386,0.0768,0.5396,0.3732,0.1134,0.1984,0.3078,0.1618,84.7578,86.2133,65.7214,0.9856
48.233,1447,in_bed,0.6453,0.7889,-0.0147,2.0423,0.8036,0.3935,0.6603,0.7448,0.5458,0.2394,0.0769,0.5401,0.3731,0.1145,0.199,0.3063,0.1625,84.651,86.0923,65.6535,0.9866
48.267,1448,in_bed,0.6449,0.7883,-0.0139,2.0398,0.8022,0.3933,0.6594,0.7438,0.546,0.2383,0.0769,0.5391,0.3701,0.1134,0.1978,0.3077,0.1613,84.9357,86.2899,65.8451,0.9863
48.3,1449,in_bed,0.6436,0.7876,-0.0149,2.0401,0.8025,0.3934,0.6587,0.7422,0.545,0.2374,0.0769,0.5376,0.3691,0.1136,0.1972,0.3076,0.1605,84.7574,86.0735,65.9883,0.9872
48.333,1450,in_bed,0.6439,0.7877,-0.0156,2.0415,0.8032,0.3934,0.6586,0.7416,0.5462,0.2373,0.0768,0.5371,0.3683,0.1123,0.1954,0.3089,0.1605,84.8716,86.0165,66.1458,0.9884
48.367,1451,in_bed,0.6438,0.7878,-0.0158,2.0424,0.8036,0.3935,0.6584,0.7413,0.5464,0.2368,0.0768,0.5374,0.3688,0.112,0.1949,0.3096,0.1599,84.7401,85.8602,66.2502,0.99
48.4,1452,in_bed,0.6432,0.7853,-0.0151,2.0347,0.8004,0.3934,0.6573,0.7397,0.5468,0.2346,0.0769,0.5358,0.3678,0.1105,0.1929,0.3122,0.1577,84.9417,86.1188,66.4265,0.9851
48.433,1453,in_bed,0.643,0.784,-0.0143,2.0294,0.7983,0.3934,0.6558,0.739,0.5471,0.2343,0.0769,0.5347,0.367,0.1087,0.1918,0.3129,0.1574,84.7206,85.8721,66.5261,0.9821
48.467,1454,in_bed,0.6431,0.7834,-0.014,2.0275,0.7974,0.3933,0.6552,0.7386,0.5477,0.2338,0.0769,0.5338,0.3655,0.1075,0.1909,0.3139,0.1568,85.2489,86.2686,66.604,0.9791
48.5,1455,in_bed,0.6435,0.7821,-0.0135,2.0231,0.7956,0.3932,0.6534,0.7387,0.5482,0.2332,0.077,0.5343,0.3642,0.1052,0.1905,0.315,0.1562,85.4896,86.4787,66.6605,0.975
48.533,1456,in_bed,0.644,0.7821,-0.0137,2.0241,0.7958,0.3932,0.6514,0.739,0.549,0.2319,0.0769,0.5345,0.3624,0.1024,0.19,0.317,0.155,85.9339,86.9825,66.6858,0.9738
48.567,1457,in_bed,0.6443,0.782,-0.0144,2.0246,0.7963,0.3933,0.6507,0.7387,0.5499,0.2326,0.0769,0.5344,0.3616,0.1008,0.1889,0.3173,0.1557,86.2294,87.0083,66.8061,0.9739
48.6,1458,in_bed,0.6455,0.7829,-0.016,2.0302,0.7989,0.3935,0.6503,0.7399,0.5512,0.2338,0.0768,0.5347,0.362,0.0991,0.1887,0.3174,0.157,86.5134,87.0774,66.8058,0.9741
48.633,1459,in_bed,0.646,0.7833,-0.0179,2.0342,0.8012,0.3939,0.6513,0.7403,0.5516,0.2342,0.0767,0.5347,0.3632,0.0997,0.1886,0.3175,0.1575,86.4046,86.9254,66.843,0.9759
48.667,1460,in_bed,0.6454,0.7842,-0.0191,2.0384,0.8033,0.3941,0.6511,0.7407,0.5501,0.2342,0.0766,0.5351,0.3642,0.101,0.1906,0.3159,0.1576,85.9508,86.772,66.6252,0.9793
48.7,1461,in_bed,0.6455,0.7848,-0.0185,2.039,0.8033,0.394,0.6512,0.7409,0.55,0.2343,0.0766,0.5347,0.3641,0.1012,0.1909,0.3157,0.1577,85.6737,86.5553,66.6441,0.9796
48.733,1462,in_bed,0.6456,0.7859,-0.0183,2.042,0.8042,0.3938,0.6514,0.7412,0.5501,0.2348,0.0766,0.5358,0.3665,0.1013,0.1911,0.3153,0.1582,85.5136,86.4261,66.6414,0.9805
48.767,1463,in_bed,0.6459,0.7864,-0.0191,2.0443,0.8055,0.394,0.6519,0.7417,0.5501,0.2346,0.0766,0.5364,0.3675,0.1019,0.1916,0.3155,0.158,85.218,86.3225,66.559,0.9823
48.8,1464,in_bed,0.6454,0.7857,-0.0171,2.0389,0.8028,0.3937,0.6524,0.7417,0.5491,0.2342,0.0767,0.5358,0.3687,0.1033,0.1926,0.3149,0.1575,84.8894,86.224,66.4452,0.9785
48.833,1465,in_bed,0.6452,0.7855,-0.0157,2.0363,0.8012,0.3935,0.6525,0.742,0.5484,0.2342,0.0768,0.5361,0.3702,0.1041,0.1936,0.3142,0.1574,84.4903,86.0448,66.2959,0.9757
48.867,1466,in_bed,0.6453,0.7862,-0.0163,2.0388,0.8025,0.3936,0.6532,0.7424,0.5483,0.2358,0.0768,0.5367,0.371,0.1049,0.1941,0.3125,0.159,84.3386,85.7099,66.2803,0.978
48.9,1467,in_bed,0.6453,0.7862,-0.0166,2.0397,0.8028,0.3936,0.6525,0.7422,0.5483,0.2354,0.0767,0.5373,0.3715,0.1041,0.1938,0.313,0.1586,84.2987,85.6717,66.3412,0.9768
48.933,1468,in_bed,0.6449,0.7857,-0.017,2.0394,0.8027,0.3936,0.6519,0.7413,0.5485,0.2369,0.0767,0.6118,0.3706,0.1033,0.1927,0.3116,0.1602,84.4675,85.4301,66.4913,0.9771
48.967,1469,in_bed,0.6453,0.7867,-0.0169,2.0418,0.8036,0.3936,0.6532,0.7412,0.5495,0.2379,0.0767,0.6138,0.3716,0.1037,0.1917,0.3116,0.1612,84.4809,85.2614,66.5669,0.9804
49.0,1470,in_bed,0.6458,0.7871,-0.0172,2.0431,0.8042,0.3936,0.6536,0.7412,0.5505,0.238,0.0767,0.6144,0.3726,0.1032,0.1908,0.3124,0.1613,84.8086,85.4359,66.6209,0.9819
49.033,1471,in_bed,0.6465,0.7872,-0.0159,2.041,0.8031,0.3935,0.6537,0.7422,0.5508,0.2381,0.0768,0.5392,0.3742,0.1029,0.1913,0.3127,0.1612,84.8968,85.6024,66.5344,0.9811
49.067,1472,in_bed,0.6465,0.7865,-0.0157,2.0388,0.8023,0.3935,0.6527,0.7424,0.5507,0.2378,0.0768,0.5396,0.3746,0.102,0.1917,0.3129,0.1609,85.1075,85.8097,66.5114,0.9792
49.1,1473,in_bed,0.6468,0.7869,-0.017,2.0416,0.8039,0.3938,0.6526,0.7428,0.5508,0.2384,0.0768,0.5401,0.3754,0.1018,0.192,0.3124,0.1617,85.0402,85.6829,66.4908,0.9819
49.133,1474,in_bed,0.6464,0.7868,-0.0175,2.0416,0.8043,0.3939,0.6522,0.7431,0.5497,0.2382,0.0767,0.5403,0.3764,0.1025,0.1934,0.3116,0.1614,84.9113,85.772,66.3697,0.9824
49.167,1475,in_bed,0.6462,0.7861,-0.0169,2.0393,0.803,0.3938,0.6515,0.7432,0.5492,0.2373,0.0767,0.5402,0.3758,0.1023,0.1941,0.3119,0.1606,84.9606,86.0091,66.304,0.9797
49.2,1476,in_bed,0.6446,0.7853,-0.0169,2.0372,0.8022,0.3938,0.6515,0.7421,0.5472,0.2356,0.0767,0.5397,0.375,0.1043,0.1949,0.3116,0.1588,84.9521,86.2118,66.2548,0.9801
49.233,1477,in_bed,0.644,0.7846,-0.0174,2.0366,0.802,0.3938,0.6508,0.7416,0.5465,0.2339,0.0767,0.5393,0.3739,0.1043,0.1951,0.3126,0.1572,84.7665,86.1928,66.2752,0.9797
49.267,1478,in_bed,0.645,0.7852,-0.0176,2.0381,0.8029,0.3939,0.652,0.7422,0.5478,0.2341,0.0767,0.5402,0.3744,0.1042,0.1944,0.3137,0.1575,84.8569,86.158,66.355,0.9824
49.3,1479,in_bed,0.646,0.7857,-0.0179,2.0397,0.8036,0.394,0.6525,0.7422,0.5499,0.2338,0.0767,0.54,0.3734,0.1026,0.1923,0.3162,0.1571,84.9955,86.093,66.577,0.9847
49.333,1480,in_bed,0.6472,0.7855,-0.0176,2.0389,0.8031,0.3939,0.6523,0.742,0.5524,0.2338,0.0767,0.5397,0.3729,0.0999,0.1896,0.3186,0.1571,85.3353,86.0881,66.86,0.9842
49.367,1481,in_bed,0.648,0.786,-0.0188,2.0423,0.8048,0.3941,0.6535,0.7415,0.5546,0.2345,0.0766,0.5396,0.3734,0.0989,0.1869,0.3201,0.1579,85.4464,85.7972,67.2076,0.9856
49.4,1482,in_bed,0.648,0.7874,-0.0189,2.0467,0.8064,0.394,0.6552,0.7419,0.5541,0.2358,0.0766,0.54,0.3746,0.1011,0.1878,0.3184,0.1592,85.0224,85.4081,67.1215,0.9865
49.433,1483,in_bed,0.6483,0.7892,-0.0187,2.051,0.8079,0.3939,0.6568,0.7427,0.5539,0.2386,0.0766,0.5401,0.3756,0.1029,0.1888,0.3153,0.162,84.8115,85.0506,66.9958,0.9887
49.467,1484,in_bed,0.6479,0.7896,-0.0179,2.0512,0.8075,0.3937,0.657,0.7432,0.5525,0.239,0.0767,0.5401,0.3756,0.1045,0.1907,0.3134,0.1624,84.6345,85.0648,66.8048,0.9865
49.5,1485,in_bed,0.6477,0.7894,-0.0167,2.0484,0.8061,0.3935,0.6575,0.7435,0.5518,0.239,0.0768,0.5397,0.3754,0.1057,0.1917,0.3128,0.1622,84.5807,85.2056,66.6455,0.9833
49.533,1486,in_bed,0.6474,0.7891,-0.016,2.0468,0.8051,0.3933,0.6574,0.7436,0.5513,0.2389,0.0768,0.5395,0.375,0.1062,0.1923,0.3124,0.162,84.7001,85.4077,66.5707,0.9819
49.567,1487,in_bed,0.6467,0.7885,-0.0162,2.0451,0.8047,0.3935,0.6572,0.7427,0.5507,0.2386,0.0768,0.5388,0.3741,0.1065,0.1919,0.3121,0.1618,84.6346,85.3167,66.6152,0.983
49.6,1488,in_bed,0.6472,0.788,-0.0161,2.0435,0.8041,0.3935,0.6572,0.7429,0.5514,0.2378,0.0768,0.5397,0.3755,0.1057,0.1915,0.3136,0.161,84.758,85.4802,66.675,0.9822
49.633,1489,in_bed,0.647,0.7871,-0.0162,2.0411,0.8033,0.3935,0.6571,0.7432,0.5509,0.238,0.0768,0.5404,0.3765,0.1062,0.1924,0.3129,0.1612,84.6015,85.4319,66.5616,0.9798
49.667,1490,in_bed,0.6468,0.7861,-0.0154,2.0374,0.8016,0.3934,0.6564,0.7427,0.5509,0.238,0.0769,0.5399,0.3762,0.1055,0.1919,0.3129,0.1611,84.7499,85.4814,66.6339,0.9775
49.7,1491,in_bed,0.6468,0.7859,-0.0161,2.0386,0.8021,0.3934,0.6556,0.7423,0.5514,0.2376,0.0768,0.5395,0.3765,0.1042,0.191,0.3137,0.1608,84.9141,85.6404,66.6956,0.9768
49.733,1492,in_bed,0.6466,0.7852,-0.0172,2.0392,0.8025,0.3935,0.6544,0.7417,0.5514,0.2368,0.0767,0.5391,0.3752,0.103,0.1903,0.3147,0.16,84.8865,85.5993,66.8077,0.9763
49.767,1493,in_bed,0.6453,0.7839,-0.0191,2.0385,0.8029,0.3939,0.6539,0.7403,0.5504,0.2347,0.0766,0.5383,0.3738,0.1035,0.1899,0.3157,0.1581,84.8035,85.7302,66.8656,0.9759
49.8,1494,in_bed,0.645,0.7836,-0.0192,2.0378,0.8027,0.3939,0.6544,0.74,0.55,0.2342,0.0766,0.538,0.3725,0.1044,0.19,0.3158,0.1576,84.1733,85.3235,66.9039,0.9767
49.833,1495,in_bed,0.6446,0.7829,-0.0192,2.0357,0.8021,0.394,0.6541,0.7398,0.5494,0.2336,0.0766,0.5375,0.372,0.1047,0.1904,0.3158,0.157,83.9703,85.2867,66.8458,0.976
49.867,1496,in_bed,0.6445,0.7828,-0.0189,2.0346,0.8016,0.394,0.6541,0.7402,0.5489,0.2334,0.0766,0.5375,0.3722,0.1052,0.1913,0.3155,0.1568,83.9388,85.4237,66.7098,0.9754
49.9,1497,in_bed,0.6439,0.7821,-0.0178,2.0312,0.7999,0.3938,0.6537,0.7397,0.5481,0.2331,0.0767,0.5373,0.3725,0.1056,0.1916,0.315,0.1564,83.9108,85.434,66.6606,0.9739
49.933,1498,in_bed,0.6444,0.7828,-0.0175,2.0319,0.8002,0.3938,0.6546,0.7399,0.5489,0.2342,0.0767,0.5385,0.3747,0.1056,0.191,0.3147,0.1575,83.8021,85.079,66.7814,0.9762
49.967,1499,in_bed,0.6445,0.7834,-0.0169,2.0326,0.8003,0.3937,0.6547,0.7401,0.5489,0.2356,0.0767,0.539,0.3763,0.1058,0.1912,0.3133,0.1589,83.8371,84.9469,66.7671,0.9763
50.0,1500,in_bed,0.6442,0.7831,-0.016,2.0306,0.7992,0.3935,0.6538,0.7401,0.5483,0.2349,0.0768,0.5386,0.3758,0.1055,0.1917,0.3135,0.1581,83.8673,85.1125,66.7181,0.9761
50.033,1501,in_bed,0.6448,0.7837,-0.0143,2.0287,0.798,0.3934,0.6542,0.7406,0.549,0.2357,0.0769,0.5385,0.376,0.1052,0.1917,0.3132,0.1588,83.9369,85.0873,66.6863,0.9753
50.067,1502,in_bed,0.6444,0.7831,-0.0129,2.0247,0.796,0.3931,0.6542,0.7406,0.5482,0.2355,0.077,0.5373,0.3743,0.106,0.1924,0.3127,0.1584,83.6893,85.0038,66.5728,0.9711
50.1,1503,in_bed,0.645,0.7839,-0.0134,2.0279,0.7974,0.3932,0.6553,0.7415,0.5486,0.236,0.077,0.538,0.3745,0.1068,0.1929,0.3126,0.159,83.8725,85.1522,66.4738,0.9708
50.133,1504,in_bed,0.6459,0.7845,-0.0137,2.0295,0.7982,0.3933,0.6561,0.7416,0.5501,0.2362,0.077,0.5389,0.3751,0.106,0.1915,0.3139,0.1592,84.1529,85.2103,66.6038,0.972
50.167,1505,in_bed,0.6471,0.7853,-0.0141,2.0315,0.7994,0.3935,0.6573,0.7419,0.5522,0.2359,0.0769,0.5395,0.3755,0.1051,0.1897,0.3164,0.1589,84.5465,85.3558,66.808,0.9766
50.2,1506,in_bed,0.6471,0.7855,-0.0145,2.0323,0.8,0.3937,0.6589,0.7413,0.553,0.2349,0.0769,0.5381,0.3736,0.1059,0.1883,0.318,0.158,84.7902,85.543,66.9518,0.979
50.233,1507,in_bed,0.6471,0.7856,-0.0145,2.0325,0.8001,0.3937,0.6596,0.7412,0.553,0.2343,0.0769,0.5377,0.3712,0.1065,0.1881,0.3187,0.1574,85.0798,85.7969,66.976,0.9794
50.267,1508,in_bed,0.6471,0.7856,-0.0148,2.0326,0.8003,0.3937,0.6594,0.7409,0.5533,0.2339,0.0769,0.5379,0.3702,0.1061,0.1876,0.3194,0.157,85.2997,85.9444,67.0316,0.9802
50.3,1509,in_bed,0.6473,0.7858,-0.014,2.0324,0.7998,0.3935,0.6587,0.7414,0.5532,0.2345,0.0769,0.5378,0.3712,0.1055,0.1881,0.3187,0.1576,85.376,86.0419,66.9439,0.9776
50.333,1510,in_bed,0.6481,0.7864,-0.0132,2.0331,0.7996,0.3933,0.6586,0.7413,0.5549,0.2353,0.077,0.5378,0.3717,0.1038,0.1864,0.3195,0.1584,85.7487,86.1271,67.109,0.9758
50.367,1511,in_bed,0.6476,0.7868,-0.0131,2.0343,0.7999,0.3932,0.6588,0.7412,0.5539,0.2362,0.077,0.5376,0.372,0.1049,0.1873,0.3177,0.1592,85.3857,85.8755,67.0025,0.9763
50.4,1512,in_bed,0.6469,0.7853,-0.0121,2.0288,0.7974,0.393,0.6574,0.7407,0.5532,0.2354,0.0771,0.5377,0.3723,0.1043,0.1875,0.3177,0.1584,85.6633,86.136,66.9833,0.9745
50.433,1513,in_bed,0.6465,0.7856,-0.0121,2.0299,0.7976,0.3929,0.6575,0.7411,0.552,0.2371,0.0771,0.5387,0.3734,0.1055,0.1891,0.3149,0.16,85.4046,85.8643,66.8382,0.9752
50.467,1514,in_bed,0.6452,0.7854,-0.0132,2.0316,0.7986,0.3931,0.6573,0.7398,0.5506,0.2373,0.077,0.5374,0.3718,0.1067,0.1892,0.3133,0.1603,85.4331,85.8067,66.8677,0.9778
50.5,1515,in_bed,0.6453,0.7856,-0.0143,2.0338,0.7999,0.3933,0.6573,0.7401,0.5505,0.2383,0.0769,0.5376,0.372,0.1068,0.1896,0.3122,0.1614,85.0495,85.417,66.8428,0.9771
50.533,1516,in_bed,0.6447,0.7848,-0.0151,2.0333,0.7999,0.3934,0.6558,0.7396,0.5498,0.2377,0.0769,0.5361,0.3697,0.106,0.1898,0.3121,0.1608,85.1932,85.6755,66.7543,0.9766
50.567,1517,in_bed,0.6441,0.7849,-0.0155,2.0348,0.8004,0.3934,0.6558,0.7395,0.5486,0.2375,0.0768,0.5354,0.3695,0.1072,0.1909,0.3112,0.1606,84.8957,85.6164,66.6161,0.976
50.6,1518,in_bed,0.6435,0.7852,-0.0166,2.0373,0.8017,0.3935,0.6557,0.7388,0.5482,0.2372,0.0768,0.5342,0.3687,0.1075,0.1906,0.311,0.1604,84.7909,85.4635,66.6749,0.9785
50.633,1519,in_bed,0.6429,0.7858,-0.0169,2.0396,0.8027,0.3936,0.6558,0.7381,0.5478,0.2378,0.0767,0.5337,0.369,0.1081,0.1904,0.31,0.1611,84.7742,85.3797,66.7192,0.98
50.667,1520,in_bed,0.643,0.7863,-0.0167,2.0404,0.8029,0.3935,0.6562,0.738,0.548,0.2388,0.0768,0.5335,0.3698,0.1082,0.19,0.3092,0.162,84.7383,85.24,66.7455,0.9802
50.7,1521,in_bed,0.6422,0.7854,-0.0167,2.0383,0.8021,0.3935,0.6569,0.7365,0.5479,0.2379,0.0768,0.5325,0.3689,0.109,0.1887,0.3099,0.1612,84.808,85.3222,66.8632,0.9799
50.733,1522,in_bed,0.6421,0.7855,-0.0168,2.0389,0.8023,0.3935,0.6575,0.7364,0.5478,0.2383,0.0768,0.5326,0.3679,0.1097,0.1887,0.3094,0.1616,84.5808,85.0482,66.8902,0.9803
50.767,1523,in_bed,0.6423,0.7854,-0.0165,2.0383,0.8019,0.3934,0.657,0.7368,0.5477,0.2383,0.0768,0.5334,0.3676,0.1093,0.189,0.3095,0.1615,84.6318,85.1248,66.8282,0.9803
50.8,1524,in_bed,0.6438,0.7862,-0.0161,2.0388,0.8023,0.3935,0.6576,0.7383,0.5493,0.2384,0.0768,0.5346,0.3702,0.1084,0.1891,0.3108,0.1616,84.6053,85.0867,66.8278,0.981
50.833,1525,in_bed,0.6429,0.7861,-0.0155,2.0373,0.8016,0.3935,0.6566,0.7389,0.547,0.2383,0.0768,0.5354,0.3716,0.1096,0.1919,0.3087,0.1614,84.3008,85.0745,66.5637,0.9792
50.867,1526,in_bed,0.6437,0.7877,-0.0148,2.0405,0.8025,0.3933,0.6564,0.7404,0.5469,0.2397,0.0769,0.5369,0.3745,0.1096,0.1936,0.3072,0.1628,84.464,85.2709,66.3781,0.9797
50.9,1527,in_bed,0.6448,0.7889,-0.0137,2.0423,0.8027,0.393,0.6565,0.7422,0.5474,0.24,0.077,0.5387,0.3771,0.1091,0.1948,0.3074,0.1631,84.5646,85.504,66.2025,0.9794
50.933,1528,in_bed,0.6453,0.789,-0.0147,2.0435,0.8036,0.3932,0.6559,0.7424,0.5482,0.2397,0.0769,0.5395,0.3788,0.1077,0.1942,0.3085,0.1628,85.0423,85.8398,66.2655,0.9817
50.967,1529,in_bed,0.6452,0.789,-0.0142,2.0429,0.8032,0.3931,0.6555,0.7426,0.5477,0.2398,0.0769,0.5396,0.3788,0.1078,0.1949,0.308,0.1628,85.0168,85.9232,66.197,0.9824
51.0,1530,in_bed,0.6447,0.7888,-0.0139,2.0417,0.8027,0.3931,0.6552,0.7427,0.5467,0.2399,0.077,0.6134,0.3787,0.1085,0.196,0.3068,0.1629,84.5951,85.7396,66.0445,0.9812
51.033,1531,in_bed,0.6441,0.7881,-0.0142,2.0406,0.8023,0.3932,0.6548,0.742,0.5462,0.239,0.0769,0.5379,0.377,0.1086,0.1958,0.3072,0.162,84.2519,85.5302,66.0893,0.9813
51.067,1532,in_bed,0.643,0.7878,-0.015,2.0413,0.8029,0.3933,0.6543,0.7413,0.5447,0.2393,0.0769,0.5374,0.3769,0.1096,0.1966,0.3054,0.1624,83.7232,85.0978,66.0411,0.9821
51.1,1533,in_bed,0.6428,0.7883,-0.016,2.0437,0.8044,0.3936,0.6535,0.7412,0.5445,0.2401,0.0768,0.6142,0.3779,0.109,0.1967,0.3044,0.1632,83.2572,84.5942,66.0877,0.9851
51.133,1534,in_bed,0.6413,0.788,-0.0177,2.0449,0.8056,0.394,0.6532,0.7403,0.5423,0.2399,0.0767,0.5381,0.3777,0.1109,0.198,0.3025,0.1632,82.8813,84.3805,65.9647,0.9863
51.167,1535,in_bed,0.6402,0.7874,-0.0195,2.0464,0.807,0.3943,0.6531,0.7383,0.542,0.2391,0.0766,0.5364,0.3753,0.1111,0.1963,0.3029,0.1626,82.5253,83.8496,66.2532,0.9884
51.2,1536,in_bed,0.6417,0.7865,-0.0188,2.0431,0.8053,0.3942,0.6524,0.7385,0.5449,0.2386,0.0766,0.5367,0.3753,0.1076,0.1936,0.3062,0.162,83.1124,84.0962,66.537,0.9861
51.233,1537,in_bed,0.6413,0.7852,-0.0186,2.0396,0.8039,0.3941,0.6514,0.7382,0.5445,0.2374,0.0766,0.5371,0.3748,0.107,0.1938,0.3071,0.1608,83.3749,84.4297,66.5139,0.9844
51.267,1538,in_bed,0.641,0.7845,-0.0194,2.0392,0.8038,0.3942,0.6506,0.7374,0.5445,0.2371,0.0766,0.5368,0.3746,0.106,0.1929,0.3075,0.1605,83.2994,84.241,66.6615,0.9839
51.3,1539,in_bed,0.6401,0.783,-0.0193,2.0353,0.8023,0.3942,0.6493,0.7363,0.5439,0.236,0.0766,0.5364,0.374,0.1054,0.1924,0.3079,0.1594,83.3066,84.2527,66.739,0.9807
51.333,1540,in_bed,0.6404,0.7829,-0.0189,2.0339,0.8018,0.3942,0.6497,0.7369,0.544,0.2358,0.0766,0.5362,0.3739,0.1057,0.1929,0.3081,0.1592,83.5802,84.6747,66.5826,0.9796
51.367,1541,in_bed,0.6408,0.7823,-0.0181,2.0316,0.8005,0.394,0.649,0.737,0.5447,0.2349,0.0767,0.5349,0.3712,0.1044,0.1924,0.3098,0.1582,83.8744,85.0275,66.5858,0.9772
51.4,1542,in_bed,0.6412,0.7818,-0.0178,2.0306,0.7997,0.3938,0.6489,0.7375,0.5449,0.2344,0.0767,0.6105,0.37,0.104,0.1926,0.3105,0.1577,84.0368,85.2191,66.5272,0.974
51.433,1543,in_bed,0.6424,0.7819,-0.0169,2.0289,0.7988,0.3937,0.6493,0.7385,0.5462,0.235,0.0768,0.611,0.3715,0.1031,0.1923,0.3113,0.1582,84.3022,85.4506,66.4671,0.9733
51.467,1544,in_bed,0.6427,0.7822,-0.0154,2.0271,0.7976,0.3935,0.6493,0.7393,0.546,0.2355,0.0769,0.6105,0.3724,0.1033,0.1933,0.3106,0.1586,83.9831,85.3036,66.3266,0.9708
51.5,1545,in_bed,0.6438,0.7828,-0.0151,2.0279,0.7979,0.3934,0.6498,0.7407,0.5468,0.2354,0.0769,0.5366,0.3725,0.103,0.1939,0.3114,0.1585,83.9946,85.4126,66.2518,0.9705
51.533,1546,in_bed,0.6449,0.7832,-0.0146,2.0279,0.7978,0.3934,0.65,0.7412,0.5486,0.2352,0.077,0.6093,0.3728,0.1014,0.1926,0.3134,0.1582,83.9836,85.3427,66.3628,0.9702
51.567,1547,in_bed,0.6446,0.7836,-0.0151,2.0304,0.7988,0.3934,0.65,0.7405,0.5487,0.2347,0.0769,0.5356,0.3708,0.1013,0.1918,0.314,0.1577,83.9969,85.2842,66.5069,0.9718
51.6,1548,in_bed,0.6453,0.7844,-0.0149,2.031,0.7994,0.3936,0.6523,0.7411,0.5495,0.2352,0.0769,0.5357,0.3726,0.1027,0.1916,0.3144,0.1582,83.9137,85.1716,66.496,0.975
51.633,1549,in_bed,0.6459,0.7854,-0.0152,2.0336,0.8006,0.3937,0.6531,0.742,0.5498,0.2359,0.0769,0.6096,0.3766,0.1033,0.1923,0.3139,0.159,83.6356,84.9385,66.4165,0.9763
51.667,1550,in_bed,0.6466,0.7862,-0.0157,2.0363,0.802,0.3938,0.654,0.7424,0.5509,0.2357,0.0769,0.5372,0.3768,0.1031,0.1914,0.3152,0.1589,83.7315,84.93,66.5286,0.9791
51.7,1551,in_bed,0.646,0.7851,-0.0162,2.0339,0.8013,0.3939,0.653,0.741,0.551,0.2328,0.0768,0.5358,0.3737,0.102,0.19,0.3182,0.156,83.7432,84.9986,66.7412,0.9801
51.733,1552,in_bed,0.6449,0.7847,-0.0164,2.0328,0.8011,0.3941,0.6536,0.7402,0.5496,0.2326,0.0768,0.5341,0.3704,0.1041,0.1906,0.317,0.1558,83.8261,85.1443,66.6538,0.9811
51.767,1553,in_bed,0.6443,0.7849,-0.0163,2.0324,0.8012,0.3942,0.6544,0.7398,0.5488,0.233,0.0768,0.5324,0.3677,0.1057,0.1911,0.3158,0.1562,83.7019,84.8807,66.7056,0.9847
51.8,1554,in_bed,0.643,0.7843,-0.0177,2.0332,0.802,0.3944,0.6538,0.738,0.548,0.2337,0.0767,0.5314,0.3656,0.1058,0.19,0.3143,0.157,83.8222,84.5706,66.923,0.9881
51.833,1555,in_bed,0.6439,0.7848,-0.017,2.0325,0.8017,0.3945,0.6551,0.7381,0.5497,0.2352,0.0767,0.5316,0.3657,0.1055,0.1884,0.3144,0.1585,84.0532,84.3478,67.1139,0.991
51.867,1556,in_bed,0.6447,0.7851,-0.0168,2.0316,0.8019,0.3947,0.6562,0.7381,0.5512,0.2365,0.0767,0.5322,0.366,0.1049,0.1868,0.3147,0.1598,84.0546,83.9945,67.2883,0.9947
51.9,1557,in_bed,0.6456,0.7859,-0.0177,2.0349,0.8037,0.3949,0.6581,0.7389,0.5522,0.2383,0.0766,0.5343,0.3672,0.1059,0.1867,0.3139,0.1617,84.0258,83.788,67.2525,0.9981
51.933,1558,in_bed,0.646,0.7859,-0.019,2.0369,0.8049,0.3952,0.6579,0.7395,0.5525,0.2386,0.0765,0.5355,0.3679,0.1054,0.187,0.3139,0.1621,83.993,83.7305,67.2306,0.9998
51.967,1559,in_bed,0.647,0.7866,-0.0187,2.0392,0.8053,0.3949,0.6585,0.7403,0.5537,0.2405,0.0766,0.5373,0.3688,0.1048,0.1865,0.3133,0.1639,83.9114,83.5168,67.2791,0.9998
52.0,1560,in_bed,0.6469,0.7864,-0.0192,2.0398,0.8056,0.3949,0.6584,0.7405,0.5534,0.241,0.0765,0.5383,0.3687,0.105,0.1872,0.3123,0.1645,84.8289,84.3347,67.1001,0.9982
52.033,1561,in_bed,0.6476,0.7866,-0.0194,2.0411,0.806,0.3949,0.6599,0.7402,0.555,0.2415,0.0765,0.5394,0.369,0.1049,0.1852,0.3134,0.165,85.477,84.7533,67.2213,0.9974
52.067,1562,in_bed,0.6471,0.7874,-0.0186,2.0435,0.806,0.3944,0.6616,0.7396,0.5545,0.2422,0.0766,0.5398,0.3689,0.1071,0.1851,0.3123,0.1657,85.5044,84.8724,67.1362,0.9963
52.1,1563,in_bed,0.6473,0.7877,-0.0169,2.0446,0.8046,0.3935,0.6605,0.7388,0.5557,0.2432,0.0767,0.5419,0.3708,0.1048,0.1832,0.3125,0.1665,86.2121,85.2356,67.2284,0.9924
52.133,1564,in_bed,0.6458,0.787,-0.0139,2.042,0.8009,0.3922,0.6599,0.7368,0.5548,0.2446,0.0769,0.5416,0.3686,0.1051,0.182,0.3102,0.1677,86.7779,85.6174,67.2618,0.9813
52.167,1565,in_bed,0.647,0.7913,-0.0134,2.0564,0.8047,0.3913,0.6633,0.7403,0.5536,0.2467,0.0769,0.634,0.3753,0.1097,0.1866,0.3069,0.1698,87.9823,87.5635,66.4069,0.9784
52.2,1566,in_bed,0.6471,0.7947,-0.0182,2.076,0.813,0.3916,0.6663,0.7426,0.5516,0.2472,0.0765,0.6463,0.3844,0.1147,0.191,0.3044,0.1707,89.2475,89.9672,65.4566,0.9768
52.233,1567,in_bed,0.6474,0.8,-0.0212,2.1001,0.8212,0.391,0.6688,0.7465,0.5484,0.2433,0.0762,0.6589,0.3903,0.1204,0.1981,0.3051,0.1671,91.504,94.5935,63.8022,0.9755
52.267,1568,in_bed,0.6471,0.8076,-0.0256,2.1315,0.8332,0.3909,0.6727,0.7502,0.5439,0.241,0.0758,0.6707,0.3952,0.1288,0.2063,0.3029,0.1652,96.9129,102.5278,61.475,0.9912
52.3,1569,in_bed,0.65,0.8166,-0.0266,2.1627,0.8432,0.3899,0.6797,0.7555,0.5446,0.244,0.0757,0.6835,0.4106,0.1351,0.211,0.3006,0.1683,99.7659,107.1098,59.7307,1.0057
52.333,1570,in_bed,0.6514,0.8258,-0.0259,2.193,0.8517,0.3884,0.6868,0.7587,0.5442,0.2517,0.0757,0.7001,0.4753,0.1426,0.2145,0.2924,0.176,102.7368,111.6172,57.6942,1.0175
52.367,1571,in_bed,0.6553,0.8369,-0.0234,2.2256,0.8604,0.3866,0.6925,0.7645,0.5461,0.2563,0.0759,0.7152,0.444,0.1464,0.2184,0.2898,0.1804,107.6435,118.3869,55.3037,1.0191
52.4,1572,in_bed,0.659,0.8517,-0.0141,2.2582,0.8659,0.3834,0.7013,0.7709,0.5472,0.2652,0.0766,0.6065,0.4686,0.1541,0.2237,0.282,0.1885,117.8755,129.8471,52.2812,1.0112
52.433,1573,in_bed,0.6662,0.861,0.0073,2.2543,0.8537,0.3787,0.7246,0.7771,0.5553,0.2659,0.0779,0.633,0.5009,0.1694,0.2219,0.2894,0.188,118.6654,131.1596,51.6654,1.0144
52.467,1574,in_bed,0.6771,0.8698,0.0406,2.2333,0.8292,0.3713,0.7573,0.7912,0.5631,0.2694,0.0794,0.6632,0.5397,0.1942,0.228,0.2938,0.19,121.8447,135.5638,50.1071,0.9735
52.5,1575,in_bed,0.679,0.8823,0.0454,2.269,0.8368,0.3688,0.7803,0.797,0.561,0.2694,0.0795,0.6833,0.5667,0.2193,0.2361,0.2915,0.1899,125.49,139.7604,48.4639,0.9746
52.533,1576,in_bed,0.682,0.8913,0.0461,2.3038,0.8453,0.3669,0.8034,0.803,0.5611,0.2741,0.0796,0.701,0.5848,0.2424,0.2419,0.287,0.1945,131.4427,145.5158,46.7572,1.006
52.567,1577,in_bed,0.6916,0.9009,0.0769,2.2879,0.824,0.3601,0.8164,0.8187,0.5644,0.2822,0.0801,0.7338,0.6103,0.252,0.2543,0.2822,0.2021,141.6167,155.2017,44.6709,0.9825
52.6,1578,in_bed,0.6966,0.9115,0.0751,2.3357,0.8364,0.3581,0.8206,0.8247,0.5686,0.2869,0.0802,0.7421,0.62,0.252,0.2561,0.2817,0.2067,143.4723,156.1205,44.5924,0.9907
52.633,1579,in_bed,0.6904,0.9107,0.0559,2.3574,0.8548,0.3626,0.8299,0.8186,0.5622,0.2989,0.0798,0.7351,0.6257,0.2677,0.2564,0.2633,0.219,154.8175,163.1578,44.5084,0.9994
52.667,1580,in_bed,0.6779,0.903,0.0418,2.3461,0.8612,0.3671,0.8394,0.8053,0.5506,0.3259,0.0794,0.7249,0.6282,0.2888,0.2548,0.2247,0.2465,157.1056,162.9842,44.803,1.0244
52.7,1581,in_bed,0.6618,0.8927,0.0263,2.3316,0.8664,0.3716,0.8394,0.791,0.5326,0.3572,0.0789,0.7144,0.6234,0.3068,0.2584,0.1754,0.2784,144.6331,154.2575,44.2448,1.0325
52.733,1582,in_bed,0.6414,0.8793,0.0109,2.3295,0.8683,0.3728,0.8409,0.772,0.5108,0.3854,0.0781,0.6941,0.615,0.3301,0.2611,0.1254,0.3073,129.6063,140.9344,43.5207,1.0399
52.767,1583,in_bed,0.6308,0.8776,0.0024,2.342,0.8751,0.3737,0.8438,0.7644,0.4971,0.3924,0.0777,0.686,0.605,0.3467,0.2673,0.1047,0.3148,121.7343,133.3414,42.3828,1.0379
52.8,1584,in_bed,0.6212,0.8783,-0.0017,2.352,0.8799,0.3741,0.8442,0.76,0.4825,0.4007,0.0774,0.6785,0.5944,0.3618,0.2775,0.0817,0.3233,113.8936,125.3746,40.9026,1.0471
52.833,1585,in_bed,0.6155,0.8826,-0.0031,2.3697,0.8856,0.3737,0.8468,0.758,0.4731,0.4063,0.0774,0.6651,0.5827,0.3737,0.2849,0.0667,0.329,108.1807,119.3111,39.5048,1.0588
52.867,1586,in_bed,0.6029,0.8841,-0.0067,2.3839,0.8908,0.3737,0.8483,0.7527,0.4531,0.4166,0.0771,0.6571,0.5756,0.3952,0.2995,0.0365,0.3395,101.5086,112.4256,37.4597,1.0743
52.9,1587,in_bed,0.595,0.8897,-0.0067,2.4031,0.8964,0.373,0.846,0.7493,0.4407,0.4328,0.0771,0.6453,0.5642,0.4052,0.3086,0.0079,0.3557,98.699,108.324,36.2243,1.0838
52.933,1588,in_bed,0.5931,0.8963,-0.0063,2.4269,0.9026,0.3719,0.8556,0.7468,0.4393,0.44,0.0772,0.632,0.5672,0.4163,0.3075,-0.0006,0.3628,101.1862,109.5123,35.7401,1.1081
52.967,1589,in_bed,0.594,0.9071,-0.0061,2.4685,0.9132,0.3699,0.8672,0.7436,0.4445,0.4452,0.0772,0.62,0.5694,0.4227,0.2991,-0.0008,0.3681,102.5441,110.0319,35.2332,1.1447
53.0,1590,in_bed,0.5926,0.913,-0.0064,2.4928,0.9194,0.3688,0.8774,0.7401,0.4451,0.4438,0.0772,0.6136,0.5697,0.4323,0.295,0.0014,0.3666,103.016,110.2473,34.3205,1.1801
53.033,1591,in_bed,0.592,0.9246,-0.0084,2.55,0.933,0.3659,0.8923,0.7387,0.4453,0.4431,0.077,0.615,0.5729,0.447,0.2934,0.0022,0.366,107.7803,115.7244,33.2481,1.233
53.067,1592,in_bed,0.5878,0.931,-0.0146,2.5902,0.9456,0.365,0.8996,0.7361,0.4396,0.4463,0.0766,0.6083,0.5713,0.46,0.2965,-0.0067,0.3697,112.3635,120.3381,31.5309,1.2925
53.1,1593,in_bed,0.5825,0.9345,-0.0171,2.6151,0.9515,0.3639,0.9044,0.7343,0.4308,0.4571,0.0765,0.6005,0.5659,0.4736,0.3035,-0.0263,0.3807,113.7898,121.6018,30.1379,1.3445
53.133,1594,in_bed,0.5794,0.9382,-0.0132,2.6312,0.9513,0.3616,0.9108,0.7361,0.4226,0.4698,0.0767,0.5962,0.5652,0.4883,0.3136,-0.0473,0.3931,116.5665,118.606,28.914,1.3714
53.167,1595,in_bed,0.5794,0.9414,-0.0079,2.6452,0.9493,0.3589,0.916,0.7419,0.4169,0.4814,0.0771,0.6036,0.5686,0.499,0.3249,-0.0644,0.4042,111.6631,108.8837,27.5357,1.3567
53.2,1596,in_bed,0.5812,0.9443,-0.0035,2.6637,0.9477,0.3558,0.92,0.7482,0.4141,0.4849,0.0775,0.5994,0.5517,0.506,0.3342,-0.0708,0.4074,105.1919,102.4037,26.5243,1.2965
53.233,1597,in_bed,0.5838,0.9466,-0.0043,2.6846,0.9509,0.3542,0.9268,0.7555,0.4122,0.482,0.0774,0.5987,0.5334,0.5147,0.3433,-0.0698,0.4046,106.6209,103.7841,25.8181,1.2686
53.267,1598,in_bed,0.5901,0.948,-0.0031,2.6911,0.9511,0.3534,0.9322,0.7643,0.4159,0.4856,0.0776,0.6008,0.5338,0.5162,0.3483,-0.0696,0.408,106.1439,103.5617,24.832,1.2957
53.3,1599,in_bed,0.5971,0.9526,0.0003,2.7082,0.9523,0.3516,0.9392,0.7751,0.4191,0.4901,0.078,0.6046,0.5371,0.5202,0.3561,-0.071,0.4121,105.9969,104.1942,24.0975,1.2695
53.333,1600,in_bed,0.6,0.9565,0.0052,2.7146,0.9513,0.3504,0.9442,0.7847,0.4153,0.5073,0.0786,0.6085,0.5271,0.5288,0.3694,-0.0919,0.4287,82.8318,82.5272,23.1268,1.2447
53.367,1601,in_bed,0.6015,0.959,0.0101,2.7147,0.9489,0.3495,0.947,0.794,0.409,0.5238,0.0793,0.613,0.5083,0.538,0.3849,-0.1148,0.4446,60.1646,62.172,22.6587,1.2185
53.4,1602,in_bed,0.5993,0.9566,0.0148,2.6972,0.9418,0.3492,0.9458,0.7994,0.3992,0.5405,0.08,0.613,0.4883,0.5467,0.4002,-0.1414,0.4605,48.3992,52.8663,22.0848,1.188
53.433,1603,in_bed,0.5953,0.9556,0.0174,2.6877,0.9382,0.3491,0.9447,0.8017,0.389,0.5594,0.0806,0.607,0.4673,0.5557,0.4127,-0.1705,0.4788,41.8654,48.0816,21.9163,1.1669
53.467,1604,in_bed,0.5926,0.955,0.018,2.6811,0.9369,0.3495,0.9437,0.8019,0.3832,0.5685,0.0811,0.6005,0.4511,0.5605,0.4187,-0.1853,0.4874,38.5754,46.2831,21.9155,1.1544
53.5,1605,in_bed,0.5933,0.9533,0.017,2.6714,0.9363,0.3505,0.9422,0.8016,0.3849,0.5699,0.0814,0.5955,0.433,0.5573,0.4167,-0.185,0.4884,36.2684,45.5059,22.3387,1.1468
53.533,1606,in_bed,0.5896,0.9498,0.0167,2.6526,0.9331,0.3518,0.9388,0.7973,0.382,0.5725,0.0819,0.5843,0.4065,0.5568,0.4154,-0.1906,0.4906,33.4907,44.1726,22.6162,1.1395
53.567,1607,in_bed,0.5873,0.9463,0.0156,2.6354,0.9307,0.3532,0.9347,0.7929,0.3816,0.5752,0.0823,0.5741,0.3752,0.553,0.4113,-0.1935,0.4929,30.7936,43.5903,23.4076,1.1376
53.6,1608,in_bed,0.5812,0.9408,0.0123,2.6137,0.9285,0.3552,0.9288,0.7841,0.3782,0.5773,0.0826,0.5579,0.354,0.5506,0.4059,-0.1991,0.4947,28.4468,43.0234,23.9513,1.135
53.633,1609,in_bed,0.5735,0.9326,0.0084,2.582,0.9242,0.3579,0.9205,0.772,0.3751,0.5738,0.0827,0.5392,0.3425,0.5454,0.3969,-0.1988,0.4911,27.59,43.2289,24.2907,1.1307
53.667,1610,in_bed,0.565,0.9252,0.0025,2.5586,0.9228,0.3607,0.9127,0.7576,0.3724,0.5697,0.0827,0.5236,0.3356,0.5403,0.3852,-0.1973,0.4871,27.0409,43.7574,24.8865,1.1294
53.7,1611,in_bed,0.5574,0.9234,-0.0045,2.5556,0.9279,0.3631,0.9102,0.7442,0.3706,0.5676,0.0823,0.513,0.3388,0.5396,0.3737,-0.197,0.4852,26.2846,43.5618,25.7649,1.1352
53.733,1612,in_bed,0.5519,0.9214,-0.0108,2.55,0.9322,0.3656,0.9074,0.7331,0.3706,0.5639,0.0819,0.5089,0.3465,0.5369,0.3625,-0.1933,0.482,25.9587,43.1894,26.5663,1.1363
53.767,1613,in_bed,0.5527,0.9188,-0.0238,2.5528,0.9426,0.3692,0.9044,0.7272,0.3782,0.5523,0.0809,0.5121,0.3555,0.5262,0.349,-0.1741,0.4714,25.3889,40.5965,27.333,1.1445
53.8,1614,in_bed,0.5575,0.9171,-0.0322,2.5477,0.9492,0.3726,0.9026,0.7276,0.3875,0.5472,0.0803,0.5215,0.3697,0.5151,0.3401,-0.1598,0.467,30.4575,35.2063,28.0431,1.1508
53.833,1615,in_bed,0.5613,0.917,-0.0418,2.5504,0.9588,0.3759,0.9019,0.7271,0.3956,0.5361,0.0794,0.5339,0.3868,0.5063,0.3315,-0.1406,0.4567,43.0551,39.9055,28.7111,1.1605
53.867,1616,in_bed,0.5622,0.91,-0.0474,2.5243,0.9573,0.3792,0.8946,0.7235,0.4009,0.5268,0.079,0.5417,0.3976,0.4937,0.3226,-0.1259,0.4478,55.9187,52.7899,29.4183,1.1609
53.9,1617,in_bed,0.5644,0.9037,-0.0463,2.4915,0.9499,0.3813,0.8885,0.7227,0.4061,0.5271,0.0793,0.5493,0.4154,0.4824,0.3165,-0.121,0.4478,59.4081,55.8707,30.2943,1.1543
53.933,1618,in_bed,0.5644,0.8929,-0.0442,2.4408,0.9371,0.3839,0.8765,0.72,0.4088,0.5303,0.0796,0.5538,0.4309,0.4677,0.3112,-0.1215,0.4507,58.1227,53.8368,30.922,1.1351
53.967,1619,in_bed,0.5633,0.8816,-0.0445,2.397,0.9261,0.3864,0.8648,0.7178,0.4089,0.5315,0.0797,0.5532,0.4361,0.4559,0.3088,-0.1225,0.4518,57.0886,52.1886,31.2209,1.1198
54.0,1620,in_bed,0.5629,0.85,-0.0453,2.2733,0.8953,0.3938,0.8333,0.7156,0.4102,0.5289,0.0796,0.5545,0.4393,0.4231,0.3054,-0.1187,0.4493,59.5222,54.6064,31.4204,1.0765
54.033,1621,in_bed,0.5609,0.8382,-0.049,2.2375,0.8872,0.3965,0.8207,0.7107,0.4111,0.5232,0.0792,0.5534,0.44,0.4095,0.2996,-0.112,0.4439,63.4322,58.1255,32.0566,1.0604
54.067,1622,in_bed,0.5587,0.8261,-0.0505,2.1951,0.8766,0.3993,0.8078,0.7062,0.4113,0.522,0.0791,0.5525,0.4378,0.3965,0.2948,-0.1107,0.4429,63.6254,57.7002,32.9164,1.0389
54.1,1623,in_bed,0.5616,0.8246,-0.0515,2.1898,0.876,0.4,0.8054,0.7049,0.4183,0.518,0.0791,0.5549,0.4386,0.3871,0.2866,-0.0997,0.4389,69.5341,63.3972,34.0382,1.028
54.133,1624,in_bed,0.5644,0.8238,-0.0475,2.177,0.8713,0.4002,0.8043,0.7061,0.4227,0.5205,0.0797,0.5597,0.4464,0.3815,0.2834,-0.0978,0.4408,69.1843,62.4434,34.5219,1.008
54.167,1625,in_bed,0.5644,0.8179,-0.0465,2.1518,0.8643,0.4017,0.7982,0.705,0.4239,0.5197,0.0799,0.5618,0.4459,0.3743,0.2811,-0.0958,0.4398,69.0253,61.496,34.8456,0.9894
54.2,1626,in_bed,0.5646,0.8182,-0.0494,2.1602,0.8676,0.4016,0.7989,0.7028,0.4265,0.5089,0.0796,0.5617,0.4398,0.3724,0.2763,-0.0825,0.4293,77.2852,69.6762,35.463,0.9912
54.233,1627,in_bed,0.5682,0.8151,-0.051,2.1514,0.8661,0.4026,0.7967,0.7037,0.4327,0.4971,0.0796,0.5608,0.4319,0.3641,0.271,-0.0644,0.4175,88.5802,80.5624,36.1802,0.9839
54.267,1628,in_bed,0.5715,0.814,-0.0515,2.1475,0.8655,0.403,0.7961,0.7056,0.4374,0.4916,0.0797,0.5612,0.4271,0.3587,0.2682,-0.0542,0.4119,95.791,86.8421,36.5741,0.9764
54.3,1629,in_bed,0.5756,0.8134,-0.0513,2.1449,0.8647,0.4031,0.7965,0.7077,0.4435,0.48,0.0799,0.5612,0.4233,0.3529,0.2642,-0.0365,0.4002,107.6737,97.6385,37.1863,0.9702
54.333,1630,in_bed,0.595,0.8187,0.0507,2.0272,0.768,0.3788,0.8074,0.7266,0.4634,0.4406,0.0797,0.5717,0.4304,0.344,0.2632,0.0228,0.3609,124.6053,141.035,38.1315,1.3718
54.367,1631,in_bed,0.6058,0.8102,0.0421,1.9691,0.7681,0.3901,0.8083,0.7371,0.4745,0.4165,0.0818,0.5785,0.4364,0.3338,0.2626,0.0581,0.3347,145.6771,140.5439,38.2536,1.061
54.4,1632,in_bed,0.6136,0.8157,0.0135,2.0223,0.8022,0.3967,0.8157,0.7465,0.4807,0.4042,0.0829,0.5789,0.4364,0.335,0.2658,0.0765,0.3212,143.3812,136.0933,38.23,0.9488
54.433,1633,in_bed,0.6241,0.8228,0.0033,2.0565,0.8195,0.3985,0.8152,0.7553,0.493,0.3985,0.0835,0.5809,0.4419,0.3222,0.2623,0.0944,0.315,145.4576,137.5624,38.9883,0.9158
54.467,1634,in_bed,0.6314,0.8272,-0.0009,2.076,0.8281,0.3989,0.8177,0.761,0.5018,0.3981,0.0839,0.5812,0.4444,0.3159,0.2592,0.1038,0.3142,148.4758,139.9136,39.1366,0.9032
54.5,1635,in_bed,0.6343,0.8291,-0.0043,2.09,0.8334,0.3987,0.8291,0.7634,0.5052,0.3985,0.084,0.5801,0.4457,0.3238,0.2581,0.1067,0.3145,150.121,141.2367,38.8507,0.9041
54.533,1636,in_bed,0.6402,0.8341,-0.0045,2.1074,0.8386,0.3979,0.8224,0.7682,0.5121,0.3979,0.0846,0.5814,0.4487,0.3103,0.2561,0.1142,0.3133,152.4796,142.9918,38.9894,0.9027
54.567,1637,in_bed,0.6447,0.8366,-0.006,2.1197,0.8425,0.3975,0.8366,0.771,0.5184,0.3935,0.0849,0.585,0.4521,0.3181,0.2526,0.125,0.3085,154.8986,144.4023,38.6479,0.8956
54.6,1638,in_bed,0.6523,0.8378,-0.0075,2.1278,0.8453,0.3973,0.8378,0.774,0.5307,0.3936,0.0854,0.5879,0.4522,0.3071,0.2433,0.1371,0.3082,158.9689,147.0492,39.8706,0.8892
54.633,1639,in_bed,0.66,0.8401,-0.0075,2.1355,0.8477,0.3969,0.8401,0.7776,0.5424,0.3943,0.0861,0.5919,0.454,0.2977,0.2352,0.1481,0.3083,162.9856,148.9587,40.8027,0.8798
54.667,1640,in_bed,0.6654,0.842,-0.0051,2.1376,0.8471,0.3963,0.842,0.779,0.5519,0.3921,0.0867,0.5939,0.4539,0.2901,0.2271,0.1598,0.3055,166.4239,150.4816,40.9898,0.8711
54.7,1641,in_bed,0.6679,0.8419,-0.0037,2.1355,0.8455,0.3959,0.8419,0.779,0.5569,0.3886,0.0867,0.5943,0.4518,0.285,0.2221,0.1683,0.3019,167.9123,151.5372,40.8333,0.8729
54.733,1642,in_bed,0.6648,0.8411,-0.0012,2.1275,0.8423,0.3959,0.8411,0.7769,0.5527,0.3824,0.0869,0.5921,0.449,0.2884,0.2242,0.1703,0.2956,169.2894,151.5762,40.36,0.8705
54.767,1643,in_bed,0.6666,0.8421,0.0024,2.1226,0.8397,0.3956,0.8267,0.7763,0.5569,0.3795,0.0872,0.5923,0.4505,0.2699,0.2194,0.1774,0.2923,170.0754,152.655,40.7189,0.8691
54.8,1644,in_bed,0.6661,0.844,0.0045,2.1231,0.8395,0.3954,0.8298,0.7755,0.5566,0.3758,0.0873,0.5908,0.4525,0.2732,0.2189,0.1808,0.2885,170.5259,153.1909,40.1209,0.8671
54.833,1645,in_bed,0.667,0.8452,0.0052,2.1235,0.84,0.3956,0.8314,0.7746,0.5594,0.3713,0.0872,0.5921,0.4549,0.272,0.2152,0.1881,0.284,170.9575,154.2817,39.9985,0.8701
54.867,1646,in_bed,0.6673,0.8452,0.0064,2.1198,0.8388,0.3957,0.8322,0.7736,0.561,0.368,0.0873,0.5921,0.4568,0.2712,0.2126,0.1931,0.2807,170.6777,155.1151,39.6798,0.8651
54.9,1647,in_bed,0.6675,0.8457,0.0079,2.1184,0.8379,0.3955,0.8457,0.7728,0.5621,0.3667,0.0873,0.5929,0.4591,0.2836,0.2107,0.1954,0.2794,170.2996,155.2948,39.4579,0.8643
54.933,1648,in_bed,0.6697,0.8456,0.0077,2.1176,0.8378,0.3957,0.8456,0.7725,0.5669,0.3641,0.0873,0.5956,0.4629,0.2787,0.2056,0.2028,0.2768,170.5723,155.8214,39.2942,0.8629
54.967,1649,in_bed,0.6706,0.8452,0.008,2.1146,0.8372,0.3959,0.8377,0.7708,0.5704,0.3618,0.0872,0.5966,0.4646,0.2672,0.2004,0.2086,0.2746,171.3163,156.1154,39.6395,0.862
55.0,1650,in_bed,0.671,0.8447,0.0091,2.1108,0.8356,0.3959,0.8354,0.7696,0.5724,0.3587,0.0872,0.5969,0.4653,0.263,0.1972,0.2137,0.2715,171.654,156.629,39.8817,0.8584
55.033,1651,in_bed,0.6775,0.8489,0.0066,2.1285,0.8423,0.3957,0.8489,0.7722,0.5829,0.3522,0.0872,0.606,0.4783,0.266,0.1893,0.2306,0.2651,174.3864,157.6706,42.1336,0.8599
55.067,1652,in_bed,0.677,0.8526,0.0228,2.1391,0.8298,0.3879,0.8443,0.7694,0.5845,0.3486,0.0792,0.6008,0.4719,0.2598,0.1849,0.2359,0.2695,178.5539,165.1942,43.5201,1.5168
55.1,1653,in_bed,0.6785,0.8502,0.0204,2.1217,0.8298,0.3911,0.8432,0.7711,0.5858,0.3511,0.0807,0.6001,0.4704,0.2574,0.1853,0.2347,0.2704,177.9601,165.6837,45.8958,1.2565
55.133,1654,in_bed,0.6798,0.8524,0.0153,2.1307,0.8371,0.3929,0.8524,0.7728,0.5869,0.3441,0.082,0.6076,0.4807,0.2655,0.186,0.2427,0.2621,178.0317,165.108,45.1949,1.1345
55.167,1655,in_bed,0.6785,0.8518,0.0123,2.1279,0.8395,0.3945,0.8437,0.7732,0.5839,0.3442,0.0837,0.6103,0.4849,0.2598,0.1893,0.2397,0.2606,178.1307,165.9794,44.4322,1.0132
55.2,1656,in_bed,0.6789,0.8524,0.0089,2.1309,0.8435,0.3958,0.8447,0.7742,0.5836,0.3443,0.0849,0.6124,0.4891,0.2611,0.1906,0.2393,0.2594,177.7651,162.9886,43.4458,0.9492
55.233,1657,in_bed,0.6813,0.854,0.0053,2.1381,0.8488,0.397,0.847,0.7762,0.5863,0.3472,0.0856,0.6154,0.4926,0.2607,0.1899,0.2392,0.2616,177.078,160.9934,42.7182,0.9168
55.267,1658,in_bed,0.6838,0.8554,0.0021,2.144,0.8533,0.398,0.8487,0.7786,0.5889,0.3503,0.0862,0.6196,0.4981,0.2598,0.1897,0.2386,0.2641,176.86,159.5553,42.1489,0.8987
55.3,1659,in_bed,0.6844,0.8563,0.0023,2.1448,0.854,0.3982,0.8501,0.7794,0.5893,0.3514,0.0867,0.6207,0.4989,0.2608,0.1901,0.2379,0.2647,176.4545,158.4159,41.3242,0.885
55.333,1660,in_bed,0.685,0.8571,-0.0006,2.1511,0.8577,0.3987,0.8509,0.7804,0.5895,0.3526,0.0866,0.6221,0.4989,0.2613,0.1909,0.2369,0.266,176.5301,157.6006,40.8472,0.8836
55.367,1661,in_bed,0.6841,0.8567,-0.0002,2.1498,0.8569,0.3986,0.85,0.7805,0.5876,0.3513,0.0869,0.6219,0.4962,0.2624,0.1929,0.2362,0.2644,176.4066,157.1748,40.0346,0.8768
55.4,1662,in_bed,0.6832,0.8565,0.0006,2.1478,0.8559,0.3985,0.85,0.7802,0.5861,0.3508,0.0873,0.6217,0.4925,0.2639,0.1942,0.2353,0.2635,176.4112,156.9316,39.6354,0.8687
55.433,1663,in_bed,0.6843,0.8576,0.0008,2.151,0.8569,0.3984,0.8506,0.7816,0.587,0.3504,0.0875,0.6236,0.4908,0.2637,0.1946,0.2366,0.2629,176.394,156.8557,39.2864,0.8659
55.467,1664,in_bed,0.6847,0.8585,0.0007,2.1536,0.8578,0.3983,0.8585,0.7827,0.5868,0.3491,0.0878,0.6244,0.4884,0.2717,0.1959,0.2377,0.2614,176.7603,156.8183,39.093,0.8614
55.5,1665,in_bed,0.685,0.859,0.0012,2.1536,0.8578,0.3983,0.8509,0.784,0.586,0.347,0.0881,0.6255,0.4872,0.2649,0.198,0.2389,0.259,177.1529,156.7629,38.8749,0.8569
55.533,1666,in_bed,0.6859,0.8603,0.0016,2.1557,0.8586,0.3983,0.8603,0.786,0.5859,0.3463,0.0884,0.6282,0.4885,0.2744,0.2001,0.2395,0.258,177.3339,156.7269,38.5999,0.8531
55.567,1667,in_bed,0.6876,0.8621,0.0023,2.1595,0.8598,0.3981,0.8621,0.7883,0.587,0.3464,0.0887,0.6303,0.4887,0.2752,0.2013,0.2406,0.2577,177.6809,156.721,38.3882,0.8498
55.6,1668,in_bed,0.689,0.8629,0.0022,2.1611,0.8607,0.3983,0.8629,0.7898,0.5882,0.3473,0.089,0.6325,0.4915,0.2747,0.2016,0.2409,0.2583,177.8809,156.7107,38.0938,0.8448
55.633,1669,in_bed,0.6899,0.8639,0.003,2.1614,0.8608,0.3983,0.8541,0.7911,0.5888,0.3492,0.0892,0.635,0.4961,0.2654,0.2023,0.2396,0.26,177.9998,156.5386,37.7058,0.8414
55.667,1670,in_bed,0.6888,0.8641,0.0053,2.1578,0.8587,0.398,0.8548,0.791,0.5866,0.3495,0.0897,0.6353,0.4978,0.2681,0.2044,0.2371,0.2599,178.3842,156.3312,37.4958,0.8341
55.7,1671,in_bed,0.6879,0.8641,0.006,2.1565,0.8582,0.3979,0.8548,0.7911,0.5847,0.349,0.0899,0.6353,0.4981,0.27,0.2064,0.2357,0.2591,178.6787,156.1326,37.2793,0.8302
55.733,1672,in_bed,0.6877,0.8652,0.006,2.1599,0.8592,0.3978,0.8557,0.7919,0.5835,0.3486,0.09,0.6358,0.4975,0.2721,0.2084,0.2349,0.2586,179.2198,155.9495,37.3178,0.8296
55.767,1673,in_bed,0.6865,0.8648,0.0054,2.1602,0.8595,0.3979,0.8549,0.7915,0.5815,0.3473,0.09,0.6346,0.4965,0.2734,0.21,0.2342,0.2572,179.395,155.6519,36.9484,0.8302
55.8,1674,in_bed,0.6865,0.8649,0.006,2.1596,0.8589,0.3977,0.8649,0.7918,0.5813,0.346,0.0902,0.6336,0.494,0.2836,0.2105,0.2354,0.2558,179.4192,155.3534,36.7127,0.8284
55.833,1675,in_bed,0.6863,0.865,0.0068,2.1587,0.8582,0.3976,0.865,0.7921,0.5806,0.3455,0.0903,0.6333,0.4923,0.2844,0.2115,0.2351,0.2552,179.1156,155.1704,36.6582,0.826
55.867,1676,in_bed,0.6871,0.8651,0.0058,2.1603,0.8592,0.3977,0.8651,0.7931,0.581,0.3468,0.0901,0.6332,0.4906,0.284,0.2121,0.2343,0.2567,178.5665,154.983,36.658,0.828
55.9,1677,in_bed,0.6887,0.8665,0.0051,2.1652,0.8613,0.3978,0.8665,0.7945,0.5829,0.3477,0.09,0.6347,0.4917,0.2836,0.2116,0.2352,0.2576,178.269,154.9632,36.7544,0.831
55.933,1678,in_bed,0.6907,0.8681,0.0024,2.1737,0.8657,0.3983,0.8681,0.7965,0.585,0.35,0.0897,0.6364,0.4917,0.2831,0.2114,0.235,0.2603,177.7373,154.9362,37.0048,0.8373
55.967,1679,in_bed,0.6921,0.8687,0.0004,2.178,0.8683,0.3987,0.8687,0.7971,0.5871,0.3513,0.0893,0.637,0.4915,0.2816,0.2099,0.2358,0.262,177.1602,154.8875,37.1563,0.841
56.0,1680,in_bed,0.6922,0.868,0.0008,2.1751,0.8673,0.3987,0.868,0.7965,0.588,0.3514,0.0892,0.6379,0.4932,0.2801,0.2085,0.2366,0.2622,176.6987,154.8753,37.3119,0.8424
56.033,1681,in_bed,0.6935,0.8666,-0.0011,2.1734,0.8677,0.3992,0.8666,0.7963,0.5906,0.3516,0.0887,0.6388,0.4948,0.276,0.2057,0.239,0.2629,176.2139,155.0439,37.5112,0.8472
56.067,1682,in_bed,0.6936,0.8659,-0.0022,2.1735,0.8681,0.3994,0.8659,0.7955,0.5918,0.3511,0.0884,0.6391,0.4966,0.2741,0.2036,0.2407,0.2627,176.181,155.1825,37.6519,0.8498
56.1,1683,in_bed,0.6937,0.8651,-0.0025,2.1719,0.8676,0.3995,0.8651,0.7946,0.5928,0.3497,0.0883,0.6381,0.4962,0.2723,0.2018,0.2432,0.2614,176.5054,155.529,37.9324,0.8502
56.133,1684,in_bed,0.6923,0.8639,-0.0035,2.1703,0.8673,0.3996,0.8639,0.7937,0.5909,0.3476,0.0881,0.6392,0.498,0.2729,0.2028,0.2433,0.2595,176.9104,155.7689,37.7319,0.8497
56.167,1685,in_bed,0.6929,0.8642,-0.0024,2.1694,0.8666,0.3995,0.8642,0.7938,0.592,0.3481,0.0882,0.6399,0.5009,0.2722,0.2018,0.2439,0.2598,177.1714,155.9413,37.8117,0.8467
56.2,1686,in_bed,0.6932,0.8644,-0.0025,2.1702,0.8669,0.3995,0.8644,0.7939,0.5925,0.3483,0.0883,0.6395,0.5,0.2719,0.2014,0.2443,0.26,177.4223,156.0887,37.85,0.8442
56.233,1687,in_bed,0.6946,0.8658,-0.0028,2.1738,0.8686,0.3996,0.8658,0.7953,0.594,0.3491,0.0883,0.6404,0.5,0.2718,0.2014,0.2448,0.2609,177.5665,156.257,37.9054,0.8438
56.267,1688,in_bed,0.6958,0.8675,-0.0042,2.1804,0.8717,0.3998,0.8675,0.7967,0.5948,0.3499,0.0882,0.6416,0.5021,0.2727,0.2019,0.2449,0.2617,177.5614,156.2819,38.1432,0.8467
56.3,1689,in_bed,0.6959,0.8684,-0.0039,2.1825,0.8723,0.3997,0.8684,0.7974,0.5945,0.3501,0.0883,0.6414,0.5016,0.2739,0.2028,0.2444,0.2619,177.5547,156.3208,38.2334,0.8454
56.333,1690,in_bed,0.6952,0.8686,-0.0032,2.1819,0.8718,0.3996,0.8686,0.7975,0.5928,0.3502,0.0884,0.6404,0.4994,0.2758,0.2047,0.2426,0.2618,177.3681,156.2021,38.2468,0.8422
56.367,1691,in_bed,0.6947,0.8687,-0.0037,2.183,0.8724,0.3996,0.8687,0.7975,0.5918,0.3494,0.0884,0.6402,0.4996,0.2769,0.2057,0.2424,0.261,177.1403,156.0819,38.2872,0.8419
56.4,1692,in_bed,0.6947,0.8693,-0.004,2.1849,0.8733,0.3997,0.8693,0.7983,0.5911,0.3491,0.0884,0.6409,0.4998,0.2782,0.2072,0.242,0.2607,177.0836,155.9525,38.122,0.8408
56.433,1693,in_bed,0.6947,0.8695,-0.0036,2.1852,0.8731,0.3996,0.8695,0.7984,0.5911,0.3484,0.0884,0.6402,0.499,0.2784,0.2073,0.2427,0.2599,177.0545,155.9414,38.0751,0.8405
56.467,1694,in_bed,0.6947,0.8704,-0.0034,2.1874,0.8738,0.3995,0.8704,0.7991,0.5904,0.3485,0.0885,0.6407,0.4995,0.28,0.2087,0.2418,0.2601,176.9113,155.8752,37.9311,0.8404
56.5,1695,in_bed,0.6945,0.8704,-0.0036,2.1876,0.874,0.3996,0.8704,0.7992,0.5898,0.3485,0.0885,0.6406,0.4993,0.2807,0.2095,0.2413,0.26,176.8186,155.7806,37.844,0.8409
56.533,1696,in_bed,0.6949,0.8706,-0.0048,2.1897,0.8755,0.3998,0.8706,0.7997,0.5902,0.3491,0.0883,0.6421,0.5009,0.2804,0.2095,0.2411,0.2608,176.7035,155.6986,37.7316,0.8432
56.567,1697,in_bed,0.6962,0.8734,-0.0069,2.2013,0.8803,0.3999,0.8734,0.8014,0.591,0.3508,0.0881,0.6454,0.5049,0.2824,0.2104,0.2402,0.2627,176.3945,155.6232,37.8867,0.8486
56.6,1698,in_bed,0.6972,0.8751,-0.0077,2.2074,0.8828,0.3999,0.8628,0.8021,0.5923,0.3503,0.088,0.6467,0.5073,0.2705,0.2098,0.2421,0.2622,176.3722,155.6805,38.2221,0.8514
56.633,1699,in_bed,0.6985,0.8767,-0.0082,2.2128,0.8849,0.3999,0.8767,0.8035,0.5936,0.3505,0.088,0.6485,0.5084,0.2832,0.2099,0.2431,0.2625,176.314,155.6848,38.479,0.8534
56.667,1700,in_bed,0.6998,0.8786,-0.0082,2.2176,0.8867,0.3999,0.8786,0.8051,0.5945,0.3512,0.0881,0.6506,0.5112,0.2841,0.2106,0.2433,0.2631,176.029,155.4859,38.641,0.8543
56.7,1701,in_bed,0.701,0.8799,-0.0082,2.221,0.8881,0.3999,0.8799,0.8064,0.5956,0.3518,0.0881,0.6529,0.5134,0.2843,0.2108,0.2438,0.2636,175.6848,155.4705,38.7869,0.8545
56.733,1702,in_bed,0.7016,0.8798,-0.0086,2.2206,0.8883,0.4,0.8798,0.807,0.5961,0.3516,0.0882,0.654,0.5143,0.2836,0.2109,0.2445,0.2634,175.2602,155.3736,39.0167,0.8536
56.767,1703,in_bed,0.7028,0.8805,-0.009,2.2233,0.8895,0.4001,0.8805,0.808,0.5975,0.3527,0.0882,0.6548,0.5142,0.283,0.2105,0.2448,0.2645,175.2765,155.3313,39.007,0.8534
56.8,1704,in_bed,0.7021,0.8805,-0.0096,2.2242,0.8901,0.4002,0.8689,0.8075,0.5967,0.3526,0.0882,0.6534,0.5127,0.2722,0.2107,0.2441,0.2644,175.1573,155.1969,39.1098,0.8546
56.833,1705,in_bed,0.7033,0.8816,-0.0094,2.2264,0.8909,0.4002,0.8701,0.8087,0.5979,0.3534,0.0883,0.654,0.5127,0.2721,0.2107,0.2445,0.2652,175.0401,155.1975,39.1908,0.8552
56.867,1706,in_bed,0.704,0.8818,-0.0102,2.2282,0.892,0.4003,0.8703,0.8092,0.5988,0.354,0.0882,0.6554,0.5139,0.2714,0.2104,0.2449,0.2657,175.0226,155.1905,39.2512,0.8552
56.9,1707,in_bed,0.7045,0.8821,-0.0115,2.2309,0.8937,0.4006,0.8707,0.8096,0.5993,0.3539,0.0881,0.6557,0.5146,0.2714,0.2102,0.2454,0.2658,175.0934,155.2989,39.3338,0.8571
56.933,1708,in_bed,0.704,0.8821,-0.0125,2.2324,0.8946,0.4007,0.8705,0.8097,0.5982,0.3534,0.0881,0.6552,0.5134,0.2723,0.2116,0.2448,0.2653,175.0726,155.2937,39.2509,0.8582
56.967,1709,in_bed,0.7035,0.8826,-0.0133,2.2353,0.8959,0.4008,0.8711,0.8097,0.5972,0.3538,0.088,0.6562,0.515,0.2738,0.2125,0.2434,0.2658,175.2779,155.2108,39.0313,0.8594
57.0,1710,in_bed,0.7035,0.883,-0.0137,2.2372,0.8967,0.4008,0.883,0.8102,0.5969,0.3545,0.088,0.6566,0.5151,0.2861,0.2132,0.2424,0.2665,175.4067,155.1712,38.8251,0.8602
57.033,1711,in_bed,0.7032,0.8827,-0.0143,2.2373,0.897,0.4009,0.8709,0.8099,0.5965,0.3544,0.0879,0.6557,0.5144,0.2743,0.2133,0.2422,0.2665,175.3675,155.0849,38.9238,0.8616
57.067,1712,in_bed,0.7026,0.8826,-0.0145,2.237,0.8971,0.401,0.8706,0.81,0.5952,0.3552,0.0879,0.6559,0.5149,0.2754,0.2148,0.24,0.2673,175.3934,154.9279,38.7186,0.8611
57.1,1713,in_bed,0.7026,0.8827,-0.0142,2.2367,0.8969,0.401,0.8706,0.8101,0.595,0.3551,0.0879,0.6562,0.5162,0.2756,0.2151,0.24,0.2672,175.3531,154.8901,38.7865,0.8609
57.133,1714,in_bed,0.7023,0.8825,-0.0143,2.237,0.8969,0.4009,0.8706,0.8095,0.595,0.355,0.0878,0.6559,0.5168,0.2757,0.2146,0.24,0.2671,175.3773,154.8651,38.9111,0.8622
57.167,1715,in_bed,0.7022,0.8828,-0.014,2.2373,0.8968,0.4008,0.8713,0.8094,0.5951,0.3551,0.0878,0.6561,0.5176,0.2762,0.2143,0.2399,0.2673,175.4037,154.8478,38.9557,0.8619
57.2,1716,in_bed,0.7028,0.8833,-0.0135,2.2378,0.8968,0.4008,0.8728,0.8091,0.5965,0.3563,0.0879,0.6565,0.5194,0.2762,0.2126,0.2402,0.2684,175.3164,154.7973,39.1096,0.8614
57.233,1717,in_bed,0.7032,0.8843,-0.0138,2.2409,0.8981,0.4008,0.8746,0.8093,0.5971,0.3572,0.0879,0.6573,0.522,0.2775,0.2123,0.2399,0.2693,175.2037,154.7647,39.387,0.8626
57.267,1718,in_bed,0.7046,0.8861,-0.0134,2.2452,0.8995,0.4006,0.8777,0.8102,0.5989,0.3587,0.0879,0.6594,0.527,0.2788,0.2113,0.2402,0.2708,174.9948,154.7707,39.6162,0.8648
57.3,1719,in_bed,0.7043,0.8865,-0.0129,2.2457,0.8994,0.4005,0.8787,0.81,0.5987,0.3595,0.0879,0.6592,0.5282,0.28,0.2113,0.2392,0.2716,174.7098,154.5816,39.6288,0.866
57.333,1720,in_bed,0.704,0.8859,-0.0131,2.2448,0.899,0.4005,0.878,0.8092,0.5988,0.3592,0.0878,0.6578,0.5268,0.2791,0.2103,0.2396,0.2715,174.7613,154.5947,39.6693,0.8666
57.367,1721,in_bed,0.7037,0.8851,-0.0131,2.2422,0.8982,0.4006,0.8767,0.8087,0.5987,0.359,0.0878,0.6569,0.5256,0.2781,0.21,0.2396,0.2712,174.779,154.5312,39.5863,0.866
57.4,1722,in_bed,0.7033,0.8846,-0.0138,2.2424,0.8984,0.4007,0.8758,0.8082,0.5984,0.3588,0.0877,0.6551,0.5231,0.2774,0.2099,0.2396,0.2711,174.738,154.484,39.633,0.8682
57.433,1723,in_bed,0.7027,0.8848,-0.0133,2.2425,0.8981,0.4005,0.8757,0.8081,0.5973,0.3584,0.0878,0.6536,0.521,0.2784,0.2108,0.2389,0.2706,174.6615,154.4246,39.5684,0.8674
57.467,1724,in_bed,0.7027,0.8846,-0.0123,2.2404,0.8968,0.4003,0.8754,0.8081,0.5973,0.3585,0.0879,0.6528,0.5189,0.2781,0.2108,0.2387,0.2707,174.5994,154.3802,39.4502,0.8655
57.5,1725,in_bed,0.702,0.8843,-0.0124,2.2399,0.8967,0.4003,0.8752,0.8078,0.5962,0.3583,0.0879,0.6528,0.5176,0.279,0.2117,0.2379,0.2704,174.4279,154.2592,39.4673,0.8648
57.533,1726,in_bed,0.702,0.8835,-0.0128,2.2377,0.8963,0.4005,0.8835,0.8079,0.5961,0.3575,0.0879,0.6528,0.5155,0.2873,0.2118,0.2386,0.2696,174.557,154.3018,39.4964,0.863
57.567,1727,in_bed,0.7018,0.8833,-0.0125,2.2366,0.8958,0.4005,0.8731,0.8078,0.5957,0.3572,0.088,0.6518,0.513,0.2774,0.2121,0.2385,0.2692,174.6028,154.3056,39.5663,0.8607
57.6,1728,in_bed,0.7022,0.8826,-0.0129,2.2335,0.8955,0.4009,0.8826,0.8077,0.5968,0.3596,0.088,0.6518,0.5159,0.2858,0.2109,0.2372,0.2716,174.7661,154.3158,39.694,0.8605
57.633,1729,in_bed,0.7015,0.8817,-0.012,2.2296,0.8937,0.4008,0.8817,0.8075,0.5955,0.3584,0.0881,0.6516,0.5161,0.2862,0.212,0.237,0.2704,174.6695,154.2282,39.3582,0.8592
57.667,1730,in_bed,0.7014,0.8805,-0.0129,2.2273,0.8933,0.4011,0.8805,0.8076,0.5952,0.3579,0.0879,0.651,0.514,0.2852,0.2123,0.2373,0.27,174.5573,154.204,39.102,0.8605
57.7,1731,in_bed,0.7017,0.8833,-0.0139,2.238,0.8972,0.4009,0.8833,0.8086,0.5948,0.3594,0.0878,0.6517,0.5133,0.2885,0.2138,0.2354,0.2716,174.6017,154.5402,38.8882,0.8673
57.733,1732,in_bed,0.7005,0.8823,-0.0146,2.2363,0.8969,0.4011,0.8823,0.8077,0.5933,0.3588,0.0877,0.6511,0.5125,0.2891,0.2144,0.2345,0.2711,174.5526,154.4163,38.7733,0.8675
57.767,1733,in_bed,0.6997,0.8813,-0.0149,2.234,0.8963,0.4012,0.8813,0.807,0.5925,0.3574,0.0876,0.6508,0.512,0.2889,0.2145,0.2351,0.2698,174.5827,154.3418,38.7555,0.8671
57.8,1734,in_bed,0.6998,0.8819,-0.0144,2.2351,0.8963,0.401,0.8689,0.8071,0.5924,0.3575,0.0877,0.6503,0.5113,0.2765,0.2147,0.2349,0.2698,174.6517,154.3312,38.8496,0.8662
57.833,1735,in_bed,0.6994,0.8818,-0.0149,2.2362,0.8968,0.401,0.8694,0.8067,0.5922,0.3567,0.0876,0.6504,0.5118,0.2773,0.2146,0.2354,0.2691,174.5813,154.3291,38.8456,0.8682
57.867,1736,in_bed,0.6991,0.8815,-0.0153,2.236,0.8969,0.4011,0.8699,0.8062,0.592,0.3559,0.0876,0.6501,0.5117,0.2778,0.2142,0.2361,0.2684,174.7509,154.455,38.821,0.8684
57.9,1737,in_bed,0.6999,0.8821,-0.0153,2.2379,0.8974,0.401,0.8714,0.8064,0.5934,0.3555,0.0875,0.6508,0.5123,0.278,0.213,0.2379,0.2679,174.7423,154.5404,38.9541,0.8686
57.933,1738,in_bed,0.7004,0.8826,-0.0143,2.2381,0.8969,0.4007,0.8722,0.8067,0.5942,0.3549,0.0876,0.6506,0.5113,0.278,0.2125,0.2393,0.2673,174.7746,154.5631,39.0138,0.8686
57.967,1739,in_bed,0.7001,0.8824,-0.0145,2.2377,0.8969,0.4008,0.8721,0.8065,0.5936,0.3542,0.0876,0.6498,0.5103,0.2785,0.2129,0.2394,0.2666,174.6447,154.5126,38.9566,0.8699
58.0,1740,in_bed,0.6998,0.8827,-0.0144,2.238,0.8971,0.4008,0.8724,0.8068,0.5927,0.3544,0.0876,0.6503,0.5104,0.2797,0.2141,0.2384,0.2668,174.4975,154.3629,38.9426,0.8704
58.033,1741,in_bed,0.6998,0.8826,-0.0142,2.2367,0.8968,0.401,0.8723,0.8072,0.5925,0.3548,0.0876,0.6514,0.5103,0.2799,0.2147,0.2376,0.2672,174.411,154.2962,38.9328,0.8704
58.067,1742,in_bed,0.6994,0.8849,-0.0137,2.2448,0.8986,0.4003,0.8778,0.8072,0.5916,0.3552,0.0877,0.6519,0.5105,0.2862,0.2156,0.2364,0.2675,174.1784,154.2509,39.0783,0.8729
58.1,1743,in_bed,0.6996,0.8841,-0.0136,2.2402,0.8977,0.4007,0.8752,0.8073,0.5918,0.3554,0.0877,0.652,0.5111,0.2834,0.2155,0.2364,0.2677,173.9603,154.1765,39.2886,0.8706
58.133,1744,in_bed,0.7,0.8845,-0.0138,2.2418,0.8983,0.4007,0.875,0.808,0.592,0.3552,0.0877,0.6523,0.5118,0.283,0.216,0.2368,0.2675,174.1517,154.2324,39.2318,0.8699
58.167,1745,in_bed,0.7012,0.8857,-0.0129,2.243,0.8987,0.4007,0.8766,0.8086,0.5937,0.3587,0.0879,0.6535,0.5155,0.2828,0.2149,0.235,0.2709,174.2125,154.2194,39.6144,0.8679
58.2,1746,in_bed,0.7006,0.8852,-0.0127,2.2407,0.8979,0.4007,0.8758,0.8084,0.5928,0.3582,0.0879,0.6537,0.5153,0.2829,0.2156,0.2347,0.2703,174.1478,154.1576,39.5386,0.8668
58.233,1747,in_bed,0.7015,0.8881,-0.0125,2.2499,0.9006,0.4003,0.8881,0.81,0.593,0.3598,0.088,0.6539,0.5147,0.2951,0.217,0.2332,0.2718,174.3011,154.5677,39.4501,0.8702
58.267,1748,in_bed,0.7014,0.8903,-0.0129,2.258,0.9032,0.4,0.8903,0.8109,0.592,0.3609,0.088,0.6538,0.5135,0.2983,0.2189,0.231,0.2729,174.4776,154.8507,39.2933,0.8735
58.3,1749,in_bed,0.7013,0.8896,-0.0131,2.2566,0.9027,0.4,0.8792,0.8106,0.592,0.3593,0.088,0.6537,0.5139,0.2872,0.2185,0.2327,0.2713,174.389,154.6616,39.2407,0.8732
58.333,1750,in_bed,0.7013,0.8892,-0.0137,2.2564,0.9028,0.4001,0.8792,0.8104,0.5921,0.3579,0.0878,0.6543,0.5148,0.2871,0.2183,0.2342,0.2701,174.3387,154.6213,39.2294,0.8736
58.367,1751,in_bed,0.701,0.8883,-0.0137,2.254,0.902,0.4002,0.8785,0.8099,0.5921,0.3566,0.0878,0.6539,0.515,0.2865,0.2178,0.2355,0.2688,174.3535,154.6019,39.2227,0.8735
58.4,1752,in_bed,0.7006,0.8869,-0.0143,2.2506,0.9012,0.4004,0.8869,0.8095,0.5917,0.356,0.0878,0.654,0.5153,0.2953,0.2178,0.2357,0.2682,174.358,154.4957,38.9758,0.8709
58.433,1753,in_bed,0.7016,0.887,-0.0146,2.2504,0.9015,0.4006,0.8771,0.8102,0.5929,0.3565,0.0878,0.6559,0.5195,0.2842,0.2173,0.2364,0.2687,174.3334,154.4658,38.9648,0.8693
58.467,1754,in_bed,0.7016,0.887,-0.0139,2.2491,0.9008,0.4005,0.8773,0.8102,0.593,0.3567,0.0879,0.6563,0.5206,0.2843,0.2171,0.2364,0.2688,174.2474,154.3856,39.0441,0.8669
58.5,1755,in_bed,0.7017,0.8868,-0.0132,2.2474,0.9,0.4004,0.8771,0.8101,0.5934,0.3567,0.088,0.656,0.5212,0.2838,0.2167,0.2366,0.2687,174.2394,154.3097,39.0873,0.8644
58.533,1756,in_bed,0.7025,0.8896,-0.0129,2.2565,0.9026,0.4,0.8896,0.8113,0.5936,0.3581,0.0881,0.6558,0.5205,0.296,0.2177,0.2355,0.2701,174.3441,154.6863,38.9744,0.869
58.567,1757,in_bed,0.7023,0.8885,-0.0124,2.2525,0.901,0.4,0.8885,0.811,0.5936,0.3572,0.0881,0.656,0.5216,0.295,0.2174,0.2363,0.2691,174.4285,154.6202,39.0319,0.8668
58.6,1758,in_bed,0.703,0.8887,-0.0123,2.2527,0.9009,0.3999,0.8784,0.8114,0.5946,0.3573,0.0881,0.6564,0.5219,0.2838,0.2168,0.2373,0.2692,174.532,154.641,39.1038,0.8658
58.633,1759,in_bed,0.7033,0.8883,-0.0114,2.25,0.8998,0.3999,0.878,0.8116,0.5949,0.3569,0.0882,0.6564,0.5221,0.283,0.2167,0.238,0.2687,174.4964,154.5698,39.0441,0.8648
58.667,1760,in_bed,0.7032,0.8875,-0.0114,2.2476,0.899,0.4,0.8767,0.8117,0.5947,0.3564,0.0882,0.6564,0.5218,0.282,0.217,0.2383,0.2682,174.4727,154.5215,38.9633,0.8644
58.7,1761,in_bed,0.7029,0.8868,-0.0124,2.247,0.8991,0.4001,0.8758,0.8112,0.5947,0.3562,0.0881,0.6563,0.522,0.2811,0.2165,0.2386,0.2681,174.368,154.3963,39.0411,0.8656
58.733,1762,in_bed,0.7033,0.8863,-0.0122,2.245,0.8985,0.4002,0.8863,0.8113,0.5954,0.3565,0.0881,0.6569,0.523,0.2909,0.2159,0.2389,0.2684,174.3393,154.3864,38.9216,0.8652
58.767,1763,in_bed,0.7035,0.8861,-0.012,2.2439,0.898,0.4002,0.8754,0.811,0.5961,0.3569,0.0881,0.6579,0.525,0.2793,0.2149,0.2392,0.2688,174.3884,154.4167,38.9127,0.8644
58.8,1764,in_bed,0.7032,0.8862,-0.0119,2.2437,0.898,0.4003,0.8764,0.8106,0.5958,0.3578,0.0881,0.6571,0.5248,0.2806,0.2148,0.238,0.2698,174.3248,154.2987,38.7179,0.8642
58.833,1765,in_bed,0.7033,0.8853,-0.0111,2.2394,0.8964,0.4003,0.8756,0.8103,0.5963,0.3577,0.0881,0.6565,0.5233,0.2792,0.214,0.2386,0.2696,174.4221,154.3088,38.6991,0.8628
58.867,1766,in_bed,0.704,0.8854,-0.0114,2.2401,0.8968,0.4003,0.8757,0.8103,0.5977,0.3587,0.0881,0.6559,0.5214,0.278,0.2126,0.239,0.2706,174.5911,154.345,38.752,0.8631
58.9,1767,in_bed,0.7041,0.886,-0.0113,2.2423,0.8974,0.4002,0.8766,0.8105,0.5976,0.3583,0.0881,0.6561,0.5215,0.279,0.2129,0.2393,0.2702,174.725,154.3401,38.6526,0.8642
58.933,1768,in_bed,0.7045,0.8863,-0.0103,2.2416,0.8966,0.4,0.8775,0.8107,0.5983,0.3586,0.0882,0.6571,0.5225,0.2792,0.2123,0.2397,0.2704,174.7044,154.2613,38.6808,0.8628
58.967,1769,in_bed,0.7059,0.8868,-0.0102,2.2428,0.897,0.3999,0.8868,0.8115,0.6002,0.3598,0.0883,0.6585,0.5235,0.2866,0.2113,0.2404,0.2715,174.7401,154.2564,38.7284,0.8624
59.0,1770,in_bed,0.7063,0.8863,-0.01,2.2413,0.8963,0.3999,0.8863,0.8114,0.6011,0.3597,0.0883,0.6572,0.5213,0.2852,0.2103,0.2414,0.2714,174.8888,154.271,38.7475,0.8619
59.033,1771,in_bed,0.7071,0.8893,-0.0103,2.2515,0.8996,0.3996,0.8893,0.8125,0.6016,0.3614,0.0884,0.6579,0.5209,0.2877,0.2109,0.2402,0.273,175.2313,154.7683,38.545,0.8666
59.067,1772,in_bed,0.7078,0.8889,-0.0101,2.2497,0.899,0.3996,0.8889,0.8126,0.6029,0.3608,0.0884,0.6584,0.5206,0.286,0.2097,0.2421,0.2724,175.4661,154.7708,38.5486,0.8648
59.1,1773,in_bed,0.7081,0.8905,-0.0098,2.2543,0.9002,0.3994,0.8905,0.8135,0.6027,0.3617,0.0886,0.6581,0.521,0.2878,0.2108,0.241,0.2731,175.8396,155.2307,38.3922,0.8664
59.133,1774,in_bed,0.7082,0.8919,-0.0098,2.2592,0.9018,0.3992,0.8919,0.8138,0.6026,0.3623,0.0886,0.6585,0.522,0.2893,0.2112,0.2404,0.2736,176.0934,155.606,38.4448,0.8682
59.167,1775,in_bed,0.7085,0.8929,-0.0093,2.2617,0.9022,0.3989,0.8929,0.814,0.603,0.3636,0.0888,0.6586,0.5229,0.29,0.2111,0.2394,0.2748,176.4154,155.9348,38.4211,0.8688
59.2,1776,in_bed,0.7077,0.8906,-0.0093,2.2542,0.9,0.3992,0.8783,0.813,0.6024,0.3633,0.0886,0.6584,0.5232,0.2759,0.2106,0.2391,0.2746,175.8508,155.4502,38.4969,0.8663
59.233,1777,in_bed,0.7067,0.8891,-0.0099,2.2505,0.899,0.3995,0.8768,0.8122,0.6013,0.362,0.0885,0.6578,0.522,0.2755,0.2109,0.2393,0.2735,175.6181,155.2208,38.3951,0.8659
59.267,1778,in_bed,0.7065,0.8881,-0.0097,2.2473,0.8978,0.3995,0.876,0.8119,0.601,0.3614,0.0885,0.6579,0.5227,0.275,0.2108,0.2396,0.273,175.4102,155.0222,38.387,0.8649
59.3,1779,in_bed,0.7053,0.8872,-0.0092,2.2442,0.8964,0.3994,0.8872,0.8111,0.5995,0.3596,0.0884,0.6564,0.5212,0.2878,0.2117,0.2399,0.2711,175.2715,154.8858,38.3631,0.8637
59.333,1780,in_bed,0.7039,0.8859,-0.0092,2.2407,0.8951,0.3995,0.874,0.8102,0.5976,0.3581,0.0883,0.6566,0.523,0.2764,0.2126,0.2395,0.2698,175.1027,154.7185,38.1236,0.8636
59.367,1781,in_bed,0.7035,0.8852,-0.0096,2.239,0.8948,0.3996,0.873,0.8102,0.5968,0.3575,0.0883,0.657,0.5236,0.2762,0.2134,0.2393,0.2692,175.1179,154.6042,37.9627,0.8631
59.4,1782,in_bed,0.7034,0.8849,-0.0106,2.2398,0.8954,0.3998,0.8732,0.8097,0.5971,0.3578,0.0882,0.6571,0.5238,0.2761,0.2127,0.2392,0.2696,175.0786,154.5398,38.0603,0.8646
59.433,1783,in_bed,0.7035,0.8841,-0.0112,2.2385,0.8953,0.4,0.8724,0.8095,0.5975,0.3578,0.088,0.6572,0.5239,0.2749,0.212,0.2397,0.2698,175.0617,154.499,38.0846,0.8662
59.467,1784,in_bed,0.704,0.8841,-0.0115,2.2387,0.8956,0.4,0.8841,0.81,0.5981,0.3582,0.088,0.6579,0.5244,0.2859,0.2119,0.2399,0.2702,175.1081,154.51,38.0555,0.8664
59.5,1785,in_bed,0.7043,0.8837,-0.0115,2.2377,0.8952,0.4001,0.8722,0.8098,0.5987,0.3576,0.088,0.6581,0.5235,0.2736,0.2111,0.2411,0.2696,175.2164,154.5913,38.1257,0.8655
59.533,1786,in_bed,0.7042,0.8837,-0.0123,2.239,0.896,0.4002,0.8837,0.8099,0.5985,0.3571,0.0879,0.6581,0.5222,0.2852,0.2113,0.2414,0.2692,175.2495,154.6678,38.1843,0.8661
59.567,1787,in_bed,0.7044,0.8839,-0.0123,2.2393,0.8961,0.4002,0.8725,0.81,0.5989,0.3568,0.0879,0.6578,0.5205,0.2736,0.2111,0.2421,0.2689,175.3253,154.7055,38.2906,0.8655
59.6,1788,in_bed,0.704,0.8835,-0.0125,2.2385,0.8961,0.4003,0.8724,0.8095,0.5986,0.3567,0.0879,0.6579,0.5193,0.2738,0.2109,0.2419,0.2687,175.3026,154.6338,38.3416,0.8655
59.633,1789,in_bed,0.7045,0.884,-0.0119,2.2385,0.8959,0.4002,0.8734,0.8099,0.5991,0.3571,0.088,0.658,0.5189,0.2743,0.2108,0.242,0.2691,175.1725,154.5994,38.4263,0.8656
59.667,1790,in_bed,0.704,0.8842,-0.0116,2.2383,0.8958,0.4002,0.8738,0.81,0.5981,0.3572,0.088,0.6572,0.5183,0.2757,0.2118,0.241,0.2692,175.027,154.4916,38.3487,0.8662
59.7,1791,in_bed,0.7043,0.885,-0.0112,2.2402,0.8962,0.4001,0.8751,0.81,0.5987,0.3587,0.088,0.6577,0.52,0.2764,0.2113,0.24,0.2707,174.8534,154.437,38.2785,0.8672
59.733,1792,in_bed,0.7042,0.8856,-0.0117,2.2431,0.8973,0.4,0.8756,0.8104,0.598,0.3586,0.088,0.6581,0.5212,0.2776,0.2124,0.2394,0.2706,174.8991,154.4026,38.1818,0.8673
59.767,1793,in_bed,0.7045,0.8888,-0.0125,2.254,0.9012,0.3998,0.8888,0.8121,0.5969,0.36,0.088,0.659,0.5222,0.2919,0.2152,0.2369,0.272,175.0789,154.7605,37.9926,0.8716
59.8,1794,in_bed,0.7048,0.8883,-0.0131,2.2533,0.9014,0.4,0.8883,0.8122,0.5973,0.3596,0.088,0.659,0.5217,0.291,0.2149,0.2377,0.2716,175.2138,154.709,38.0105,0.8709
59.833,1795,in_bed,0.7042,0.8877,-0.0132,2.2511,0.9009,0.4002,0.8877,0.812,0.5964,0.3592,0.088,0.6592,0.5221,0.2913,0.2156,0.2372,0.2712,175.072,154.5369,37.8844,0.8702
59.867,1796,in_bed,0.7038,0.8875,-0.0131,2.2507,0.9006,0.4002,0.8771,0.8117,0.5959,0.3586,0.088,0.6586,0.5215,0.2812,0.2158,0.2373,0.2706,174.9561,154.4579,37.8753,0.8709
59.9,1797,in_bed,0.7036,0.8875,-0.012,2.2486,0.8994,0.4,0.8773,0.8116,0.5955,0.3584,0.0881,0.658,0.521,0.2818,0.216,0.2371,0.2704,174.8806,154.3921,37.8539,0.8685
59.933,1798,in_bed,0.704,0.8878,-0.0116,2.2484,0.8993,0.4,0.8781,0.8119,0.5961,0.3585,0.0881,0.659,0.5228,0.2821,0.2158,0.2375,0.2704,174.754,154.31,38.0256,0.8671
59.967,1799,in_bed,0.7038,0.8881,-0.0114,2.2489,0.8995,0.4,0.8789,0.8117,0.5958,0.3582,0.0882,0.6591,0.5233,0.2831,0.216,0.2376,0.27,174.7872,154.2934,38.0422,0.866
60.0,1800,in_bed,0.7052,0.8889,-0.0117,2.2511,0.9007,0.4001,0.8889,0.812,0.5985,0.3622,0.0882,0.6601,0.5259,0.2904,0.2134,0.2364,0.274,175.025,154.3805,38.4367,0.8658
60.033,1801,in_bed,0.7062,0.8894,-0.0125,2.253,0.9018,0.4003,0.8894,0.8118,0.6007,0.3658,0.0882,0.6604,0.5292,0.2887,0.2111,0.2348,0.2777,175.0601,154.442,39.0366,0.866
60.067,1802,in_bed,0.7057,0.8883,-0.0129,2.251,0.9012,0.4003,0.8789,0.8111,0.6002,0.3637,0.0881,0.6604,0.529,0.2788,0.211,0.2365,0.2756,175.1462,154.5061,39.0024,0.8651
60.1,1803,in_bed,0.7051,0.8886,-0.0131,2.253,0.9017,0.4002,0.88,0.8107,0.5994,0.3632,0.0881,0.6603,0.5288,0.2805,0.2113,0.2362,0.2751,175.0308,154.4539,38.857,0.8658
60.133,1804,in_bed,0.7052,0.8895,-0.0126,2.2551,0.902,0.4,0.8815,0.8111,0.5993,0.3628,0.0881,0.6602,0.5291,0.2822,0.2117,0.2365,0.2747,174.8516,154.393,38.7889,0.8661
60.167,1805,in_bed,0.7053,0.89,-0.0118,2.2556,0.9018,0.3998,0.8822,0.8115,0.5991,0.3627,0.0882,0.6605,0.5291,0.2831,0.2124,0.2364,0.2746,174.6784,154.3024,38.6628,0.8655
60.2,1806,in_bed,0.7056,0.8898,-0.0116,2.2547,0.9014,0.3998,0.8816,0.8118,0.5994,0.3621,0.0882,0.6609,0.5298,0.2822,0.2124,0.2372,0.2739,174.8082,154.348,38.7137,0.8654
60.233,1807,in_bed,0.7066,0.8901,-0.0129,2.2568,0.903,0.4001,0.8901,0.8117,0.6015,0.3653,0.0881,0.6612,0.5325,0.2886,0.2102,0.2362,0.2772,174.9445,154.2884,39.2095,0.8669
60.267,1808,in_bed,0.708,0.8901,-0.0138,2.2568,0.9039,0.4005,0.8901,0.8123,0.6038,0.3672,0.0881,0.6619,0.5343,0.2863,0.2085,0.2366,0.2792,175.1806,154.3801,39.6232,0.867
60.3,1809,in_bed,0.7081,0.8902,-0.0144,2.2578,0.9045,0.4006,0.8902,0.8119,0.6042,0.3683,0.088,0.6609,0.5369,0.286,0.2077,0.2359,0.2803,175.3495,154.4112,39.8298,0.868
60.333,1810,in_bed,0.7068,0.8893,-0.0148,2.257,0.9041,0.4006,0.8809,0.811,0.6025,0.3655,0.0879,0.6602,0.535,0.2784,0.2085,0.237,0.2776,175.3105,154.4061,39.583,0.8684
60.367,1811,in_bed,0.7062,0.8893,-0.0141,2.2559,0.9034,0.4005,0.8814,0.8108,0.6017,0.364,0.088,0.6601,0.5344,0.2797,0.2091,0.2377,0.276,175.3061,154.4673,39.4761,0.8673
60.4,1812,in_bed,0.7059,0.8896,-0.0133,2.2549,0.9029,0.4004,0.8819,0.8102,0.6016,0.3657,0.0881,0.6586,0.5342,0.2802,0.2085,0.236,0.2775,175.3966,154.4817,39.9184,0.8655
60.433,1813,in_bed,0.7054,0.8902,-0.0127,2.2556,0.9029,0.4003,0.8832,0.8096,0.6012,0.367,0.0882,0.6583,0.5349,0.282,0.2084,0.2342,0.2788,175.2689,154.3695,40.2433,0.8653
60.467,1814,in_bed,0.7049,0.8895,-0.0117,2.2524,0.9012,0.4001,0.8823,0.8097,0.6001,0.3649,0.0882,0.6574,0.532,0.2822,0.2096,0.2352,0.2767,175.0424,154.3172,40.0614,0.8646
60.5,1815,in_bed,0.704,0.8889,-0.0116,2.2512,0.9006,0.4,0.8814,0.8095,0.5986,0.3626,0.0882,0.6568,0.5294,0.2828,0.2109,0.236,0.2744,174.9486,154.3159,39.8865,0.8647
60.533,1816,in_bed,0.7032,0.8884,-0.0109,2.2488,0.8993,0.3999,0.881,0.8091,0.5972,0.3615,0.0882,0.6559,0.5271,0.2838,0.2119,0.2357,0.2733,174.6334,154.2479,39.7171,0.865
60.567,1817,in_bed,0.703,0.8885,-0.0105,2.2482,0.899,0.3999,0.8818,0.809,0.597,0.3614,0.0881,0.6557,0.526,0.2848,0.212,0.2356,0.2733,174.2461,154.1575,39.7648,0.866
60.6,1818,in_bed,0.7025,0.8882,-0.0113,2.249,0.8995,0.4,0.8817,0.8085,0.5964,0.3609,0.088,0.6563,0.526,0.2853,0.2121,0.2355,0.2729,174.2128,154.133,39.6495,0.8675
60.633,1819,in_bed,0.7025,0.8885,-0.0114,2.25,0.8999,0.4,0.8817,0.8088,0.5961,0.3609,0.0881,0.6559,0.5253,0.2856,0.2127,0.2352,0.2728,174.3057,154.1039,39.5362,0.8671
60.667,1820,in_bed,0.7027,0.8883,-0.0121,2.251,0.9004,0.4,0.8811,0.809,0.5964,0.3604,0.088,0.6559,0.5239,0.2847,0.2125,0.236,0.2724,174.4431,154.1697,39.3932,0.869
60.7,1821,in_bed,0.7025,0.8878,-0.0122,2.2497,0.9,0.4,0.88,0.809,0.5961,0.3598,0.0879,0.6553,0.5235,0.2839,0.213,0.2362,0.2719,174.5594,154.196,39.3054,0.8682
60.733,1822,in_bed,0.7027,0.8873,-0.0125,2.2489,0.8998,0.4001,0.8794,0.8092,0.5962,0.3596,0.0879,0.6555,0.5238,0.2832,0.213,0.2366,0.2717,174.5717,154.2379,39.2413,0.8686
60.767,1823,in_bed,0.7032,0.8878,-0.0128,2.2497,0.9006,0.4003,0.8878,0.8091,0.5974,0.3624,0.0879,0.6554,0.5258,0.2904,0.2117,0.235,0.2745,174.6486,154.1507,39.6819,0.8683
60.8,1824,in_bed,0.7022,0.8868,-0.0122,2.2462,0.899,0.4002,0.8783,0.8088,0.5957,0.3599,0.088,0.6549,0.5243,0.2826,0.2131,0.2358,0.2718,174.6101,154.1104,39.3199,0.8659
60.833,1825,in_bed,0.7013,0.8863,-0.012,2.2448,0.8983,0.4002,0.878,0.8083,0.5942,0.3585,0.0879,0.6549,0.5243,0.2838,0.2141,0.2357,0.2706,174.321,154.0162,39.0738,0.867
60.867,1826,in_bed,0.7015,0.8864,-0.0123,2.2449,0.8986,0.4003,0.8782,0.808,0.5951,0.3605,0.0879,0.6548,0.5255,0.2832,0.2129,0.2345,0.2727,174.3168,153.9598,39.42,0.8676
60.9,1827,in_bed,0.7021,0.8863,-0.0126,2.2446,0.899,0.4005,0.8781,0.8081,0.596,0.3621,0.0878,0.656,0.5283,0.2821,0.2121,0.2339,0.2743,174.4974,153.9576,39.6577,0.8675
60.933,1828,in_bed,0.7013,0.8856,-0.0123,2.2421,0.8979,0.4005,0.8775,0.808,0.5946,0.3605,0.0878,0.6573,0.5298,0.2829,0.2134,0.2341,0.2727,174.3211,153.9546,39.3569,0.8679
60.967,1829,in_bed,0.7005,0.8847,-0.0124,2.2401,0.8971,0.4005,0.8766,0.8075,0.5935,0.3582,0.0878,0.6576,0.5289,0.283,0.214,0.2353,0.2705,174.3119,153.9944,39.1233,0.8672
61.0,1830,in_bed,0.7001,0.8845,-0.0129,2.2403,0.8974,0.4006,0.8762,0.8077,0.5926,0.3571,0.0877,0.6593,0.5305,0.2837,0.2151,0.2354,0.2694,174.2873,153.9515,38.8609,0.8676
61.033,1831,in_bed,0.7001,0.8844,-0.012,2.2389,0.8964,0.4004,0.8759,0.8078,0.5924,0.3561,0.0879,0.6596,0.5307,0.2835,0.2154,0.2363,0.2682,174.426,153.9608,38.6764,0.8656
61.067,1832,in_bed,0.7003,0.8847,-0.0123,2.2404,0.897,0.4004,0.876,0.8082,0.5923,0.3552,0.0879,0.6599,0.5299,0.2837,0.2159,0.2371,0.2673,174.561,154.0181,38.5574,0.8661
61.1,1833,in_bed,0.7006,0.8851,-0.0121,2.2408,0.8972,0.4004,0.8767,0.8077,0.5935,0.3574,0.088,0.6586,0.5301,0.2832,0.2143,0.2361,0.2694,174.7277,153.9828,38.8925,0.865
61.133,1834,in_bed,0.7002,0.8851,-0.0122,2.2414,0.8974,0.4003,0.877,0.8075,0.5929,0.3563,0.088,0.6587,0.5292,0.2841,0.2147,0.2366,0.2683,174.7595,153.9995,38.7453,0.865
61.167,1835,in_bed,0.6996,0.8847,-0.0124,2.2409,0.8971,0.4003,0.8763,0.807,0.5921,0.3544,0.0879,0.6577,0.5278,0.2842,0.2149,0.2377,0.2665,174.804,154.0823,38.7085,0.8656
61.2,1836,in_bed,0.6996,0.8874,-0.0118,2.2489,0.8992,0.3998,0.8785,0.8082,0.5909,0.3564,0.0881,0.6575,0.5256,0.2875,0.2172,0.2346,0.2683,174.8319,154.4028,38.4089,0.87
61.233,1837,in_bed,0.6996,0.8863,-0.0122,2.2457,0.8985,0.4001,0.8771,0.8083,0.5909,0.356,0.0881,0.6569,0.5251,0.2862,0.2173,0.2349,0.2679,174.8776,154.3383,38.3735,0.8683
61.267,1838,in_bed,0.7001,0.8857,-0.0121,2.243,0.8978,0.4003,0.8768,0.8081,0.592,0.3569,0.0881,0.6567,0.5241,0.2848,0.2161,0.2352,0.2688,174.9051,154.3268,38.4681,0.8665
61.3,1839,in_bed,0.7003,0.8853,-0.0119,2.2417,0.8973,0.4003,0.8761,0.8083,0.5924,0.3567,0.0881,0.6561,0.5221,0.2837,0.2159,0.2357,0.2686,175.0075,154.3438,38.4383,0.8661
61.333,1840,in_bed,0.7009,0.8851,-0.0113,2.2403,0.8964,0.4001,0.8756,0.8086,0.5933,0.3566,0.0882,0.6569,0.5222,0.2823,0.2153,0.2366,0.2685,175.0584,154.3698,38.4102,0.8646
61.367,1841,in_bed,0.702,0.8853,-0.0114,2.2405,0.8967,0.4002,0.8754,0.8094,0.5945,0.3575,0.0882,0.6577,0.5221,0.2809,0.2149,0.237,0.2693,175.0526,154.4277,38.5267,0.8636
61.4,1842,in_bed,0.703,0.8883,-0.0112,2.2495,0.8995,0.3999,0.878,0.811,0.595,0.3589,0.0883,0.6582,0.5219,0.283,0.216,0.2361,0.2706,175.3565,154.9259,38.5375,0.8673
61.433,1843,in_bed,0.7032,0.8876,-0.0114,2.2472,0.8989,0.4,0.8776,0.8109,0.5954,0.3587,0.0883,0.6585,0.523,0.2821,0.2154,0.2368,0.2703,175.3701,154.8991,38.4986,0.8657
61.467,1844,in_bed,0.7036,0.8871,-0.011,2.2451,0.8982,0.4001,0.8772,0.8109,0.5964,0.3585,0.0884,0.6587,0.5243,0.2808,0.2145,0.2379,0.2701,175.4106,154.8491,38.5414,0.8641
61.5,1845,in_bed,0.7047,0.8874,-0.0109,2.2457,0.8983,0.4,0.8775,0.8113,0.5981,0.3586,0.0884,0.6592,0.5245,0.2794,0.2132,0.2395,0.2702,175.5949,154.926,38.4976,0.863
61.533,1846,in_bed,0.7049,0.8873,-0.0106,2.2449,0.8979,0.3999,0.8774,0.8111,0.5987,0.3583,0.0884,0.6592,0.5238,0.2787,0.2124,0.2404,0.2699,175.6157,154.8862,38.6046,0.8623
61.567,1847,in_bed,0.7052,0.8873,-0.0095,2.2431,0.8968,0.3998,0.878,0.811,0.5994,0.358,0.0886,0.6595,0.5246,0.2786,0.2117,0.2414,0.2694,175.5851,154.8875,38.6761,0.8603
61.6,1848,in_bed,0.7051,0.8868,-0.0102,2.243,0.897,0.3999,0.8868,0.8107,0.5994,0.3583,0.0884,0.659,0.5225,0.2874,0.2113,0.2411,0.2698,175.5104,154.7848,38.755,0.8612
61.633,1849,in_bed,0.7044,0.886,-0.0114,2.2429,0.8974,0.4001,0.8766,0.81,0.5989,0.3573,0.0883,0.658,0.5219,0.2777,0.2111,0.2416,0.269,175.6386,154.8206,38.8128,0.8628
61.667,1850,in_bed,0.7051,0.886,-0.012,2.2429,0.898,0.4004,0.8763,0.8101,0.6,0.3593,0.0882,0.6576,0.5236,0.2762,0.2101,0.2407,0.2711,175.6513,154.7262,39.2172,0.8625
61.7,1851,in_bed,0.7052,0.8862,-0.0133,2.2448,0.8994,0.4007,0.8862,0.81,0.6004,0.361,0.088,0.6572,0.5249,0.2858,0.2096,0.2394,0.273,175.5712,154.6434,39.6417,0.8651
61.733,1852,in_bed,0.7048,0.8859,-0.0138,2.2455,0.8997,0.4007,0.8859,0.8102,0.5993,0.3597,0.0879,0.6567,0.5238,0.2866,0.211,0.2396,0.2717,175.4647,154.6047,39.4685,0.8663
61.767,1853,in_bed,0.7036,0.8849,-0.0144,2.2438,0.8993,0.4008,0.8849,0.8097,0.5975,0.3581,0.0878,0.6559,0.5217,0.2874,0.2122,0.2394,0.2703,175.421,154.5428,39.2145,0.8666
61.8,1854,in_bed,0.7031,0.8848,-0.015,2.2453,0.8998,0.4008,0.8742,0.8093,0.5968,0.3571,0.0877,0.6552,0.5206,0.2774,0.2125,0.2397,0.2694,175.4021,154.5956,39.1231,0.8686
61.833,1855,in_bed,0.7021,0.8841,-0.016,2.2456,0.9002,0.4009,0.8736,0.8084,0.5959,0.3561,0.0876,0.6545,0.5194,0.2777,0.2126,0.2398,0.2685,175.5088,154.7153,39.0913,0.8703
61.867,1856,in_bed,0.7024,0.8844,-0.0161,2.2467,0.9005,0.4008,0.874,0.8087,0.5961,0.3554,0.0876,0.6555,0.5205,0.2779,0.2126,0.2407,0.2679,175.6343,154.8271,38.9496,0.8703
61.9,1857,in_bed,0.7031,0.885,-0.0159,2.2474,0.9009,0.4009,0.885,0.8088,0.5973,0.3578,0.0876,0.6553,0.5228,0.2876,0.2115,0.2395,0.2702,175.7001,154.7793,39.2641,0.8704
61.933,1858,in_bed,0.7022,0.884,-0.0149,2.2433,0.8989,0.4007,0.8734,0.8081,0.5964,0.3562,0.0877,0.6547,0.5221,0.2771,0.2118,0.2402,0.2685,175.5712,154.7198,39.1346,0.8695
61.967,1859,in_bed,0.7033,0.8845,-0.015,2.2439,0.8995,0.4009,0.8845,0.8085,0.5981,0.3588,0.0877,0.6556,0.5257,0.2864,0.2104,0.2393,0.2711,175.7151,154.6996,39.3673,0.8691
62.0,1860,in_bed,0.7053,0.8855,-0.014,2.2439,0.8995,0.4009,0.8855,0.8096,0.601,0.363,0.0879,0.6554,0.526,0.2845,0.2086,0.238,0.2752,175.7923,154.7146,39.3873,0.8668
62.033,1861,in_bed,0.706,0.8861,-0.0137,2.2454,0.8997,0.4007,0.8861,0.8107,0.6013,0.3627,0.0879,0.6561,0.526,0.2848,0.2094,0.2385,0.2749,175.7167,154.6884,38.9604,0.8667
62.067,1862,in_bed,0.7067,0.8866,-0.0136,2.2468,0.9001,0.4006,0.8866,0.8117,0.6018,0.3622,0.0879,0.658,0.5276,0.2847,0.2098,0.2396,0.2742,175.766,154.6666,38.6622,0.8661
62.1,1863,in_bed,0.7061,0.8866,-0.0145,2.2489,0.9011,0.4007,0.8757,0.8119,0.6004,0.3604,0.0878,0.6585,0.5281,0.2752,0.2114,0.24,0.2726,175.6122,154.6254,38.5337,0.8678
62.133,1864,in_bed,0.7051,0.8868,-0.0145,2.2498,0.9013,0.4006,0.8762,0.8118,0.5984,0.3592,0.0877,0.66,0.5304,0.2778,0.2134,0.2392,0.2714,175.3185,154.4735,38.3349,0.869
62.167,1865,in_bed,0.7057,0.8878,-0.0148,2.2527,0.9026,0.4007,0.8878,0.8118,0.5996,0.361,0.0877,0.6608,0.5323,0.2882,0.2122,0.2386,0.2733,175.3863,154.4593,38.7276,0.8696
62.2,1866,in_bed,0.7058,0.8877,-0.0145,2.2521,0.9022,0.4006,0.8773,0.812,0.5995,0.3597,0.0878,0.6612,0.5322,0.2777,0.2125,0.2398,0.2719,175.5546,154.5259,38.6437,0.8688
62.233,1867,in_bed,0.7067,0.8883,-0.0145,2.2532,0.9029,0.4007,0.8883,0.8124,0.6011,0.3621,0.0878,0.66,0.532,0.2872,0.2113,0.239,0.2743,175.74,154.5809,39.0585,0.8681
62.267,1868,in_bed,0.7072,0.8891,-0.0139,2.2538,0.903,0.4007,0.8891,0.8128,0.6016,0.3638,0.088,0.6593,0.5328,0.2875,0.2112,0.2378,0.2758,175.9529,154.5972,39.2466,0.8668
62.3,1869,in_bed,0.7075,0.8894,-0.0139,2.2541,0.9032,0.4007,0.8786,0.8128,0.6022,0.3655,0.088,0.6592,0.535,0.2764,0.2106,0.2367,0.2775,176.0274,154.5261,39.5046,0.866
62.333,1870,in_bed,0.7069,0.8891,-0.0146,2.2553,0.9037,0.4007,0.8783,0.8127,0.6012,0.3635,0.088,0.6607,0.5376,0.2772,0.2115,0.2376,0.2755,176.0898,154.5398,39.3039,0.866
62.367,1871,in_bed,0.7071,0.8919,-0.0154,2.2661,0.9073,0.4004,0.8919,0.8142,0.5999,0.3638,0.088,0.6616,0.5372,0.292,0.2142,0.2361,0.2758,176.2426,154.9994,39.0298,0.8714
62.4,1872,in_bed,0.7074,0.8913,-0.0142,2.2618,0.9055,0.4003,0.88,0.8137,0.6012,0.365,0.0881,0.6608,0.5359,0.2788,0.2125,0.2361,0.2769,176.1946,154.958,39.2958,0.8686
62.433,1873,in_bed,0.708,0.8909,-0.014,2.2597,0.9049,0.4004,0.8797,0.8138,0.6022,0.3667,0.0881,0.6615,0.5367,0.2776,0.2116,0.2355,0.2785,176.1645,154.8709,39.4278,0.8677
62.467,1874,in_bed,0.7084,0.8904,-0.0138,2.2571,0.9042,0.4006,0.8797,0.8134,0.6034,0.3682,0.0882,0.6627,0.5397,0.2763,0.2099,0.2352,0.2801,176.1117,154.7868,39.7154,0.8664
62.5,1875,in_bed,0.7084,0.8892,-0.0137,2.2538,0.903,0.4007,0.8786,0.813,0.6038,0.3657,0.0881,0.6632,0.5394,0.2748,0.2092,0.2381,0.2775,176.1518,154.8247,39.5597,0.8661
62.533,1876,in_bed,0.709,0.8897,-0.014,2.2552,0.9037,0.4007,0.8897,0.813,0.6049,0.3673,0.0881,0.6634,0.5398,0.2847,0.2081,0.2377,0.2792,176.1096,154.7509,39.8791,0.8659
62.567,1877,in_bed,0.7091,0.8896,-0.0137,2.2543,0.9033,0.4007,0.88,0.8132,0.605,0.3665,0.0881,0.6645,0.5403,0.275,0.2082,0.2384,0.2784,175.8101,154.6362,39.7424,0.8667
62.6,1878,in_bed,0.708,0.889,-0.0144,2.2546,0.9034,0.4007,0.8795,0.8128,0.6031,0.3646,0.088,0.6645,0.5394,0.2764,0.2097,0.2385,0.2766,175.6943,154.5762,39.3406,0.8684
62.633,1879,in_bed,0.7075,0.8892,-0.0139,2.2546,0.9031,0.4005,0.88,0.813,0.602,0.3634,0.088,0.665,0.5394,0.278,0.211,0.2385,0.2754,175.6107,154.5637,39.0702,0.868
62.667,1880,in_bed,0.7063,0.8889,-0.0138,2.2545,0.9027,0.4004,0.8799,0.8125,0.6002,0.3618,0.0881,0.6651,0.5391,0.2797,0.2123,0.2384,0.2737,175.5407,154.5367,38.9348,0.867
62.7,1881,in_bed,0.7056,0.8884,-0.0135,2.2533,0.9019,0.4002,0.8795,0.812,0.5991,0.3609,0.088,0.6641,0.538,0.2804,0.2128,0.2383,0.2729,175.3271,154.4757,38.9294,0.8678
62.733,1882,in_bed,0.7049,0.8884,-0.0141,2.2553,0.9025,0.4002,0.8806,0.8114,0.5984,0.3599,0.0878,0.664,0.5384,0.2823,0.213,0.2384,0.2721,175.1171,154.4717,38.865,0.8707
62.767,1883,in_bed,0.7044,0.8887,-0.0142,2.2567,0.9029,0.4001,0.8813,0.8113,0.5976,0.3591,0.0878,0.6638,0.5375,0.2837,0.2136,0.2385,0.2713,175.1542,154.5087,38.6843,0.8707
62.8,1884,in_bed,0.7029,0.888,-0.014,2.2541,0.902,0.4001,0.8805,0.8104,0.5955,0.3588,0.0879,0.6621,0.5355,0.2851,0.2149,0.2367,0.271,174.8903,154.2964,38.5987,0.8687
62.833,1885,in_bed,0.7039,0.8887,-0.0139,2.2552,0.9027,0.4002,0.8811,0.8107,0.5971,0.3614,0.0879,0.6626,0.5369,0.284,0.2136,0.2357,0.2735,174.9279,154.2804,39.0498,0.8679
62.867,1886,in_bed,0.7037,0.889,-0.0142,2.2566,0.9032,0.4003,0.8815,0.8109,0.5964,0.3608,0.0879,0.6634,0.5379,0.285,0.2145,0.2356,0.273,174.8675,154.3051,38.9114,0.8682
62.9,1887,in_bed,0.7035,0.8895,-0.014,2.2582,0.9035,0.4001,0.8823,0.8114,0.5956,0.3597,0.0879,0.6631,0.5367,0.2867,0.2157,0.2359,0.2718,174.893,154.3451,38.7553,0.8682
62.933,1888,in_bed,0.7039,0.8906,-0.0148,2.262,0.9053,0.4002,0.8906,0.8117,0.5962,0.3623,0.0879,0.6634,0.538,0.2944,0.2156,0.2338,0.2745,174.8709,154.196,39.0519,0.8692
62.967,1889,in_bed,0.704,0.8912,-0.0158,2.2654,0.907,0.4004,0.8912,0.8119,0.5961,0.364,0.0877,0.6617,0.536,0.2951,0.2158,0.2321,0.2762,174.9141,154.0888,39.2554,0.8715
63.0,1890,in_bed,0.7034,0.8908,-0.0158,2.2642,0.9067,0.4004,0.8831,0.8119,0.5948,0.3633,0.0877,0.6607,0.534,0.2882,0.2171,0.2316,0.2756,174.7237,154.0354,39.0322,0.8722
63.033,1891,in_bed,0.703,0.8912,-0.0163,2.266,0.9075,0.4005,0.884,0.8111,0.595,0.3651,0.0876,0.6595,0.5346,0.289,0.216,0.2299,0.2774,174.6639,153.9103,39.3592,0.8743
63.067,1892,in_bed,0.7016,0.8907,-0.0156,2.2641,0.9063,0.4003,0.8841,0.81,0.5933,0.3629,0.0877,0.6585,0.533,0.2909,0.2167,0.2303,0.2753,174.6212,153.9327,39.1367,0.8746
63.1,1893,in_bed,0.7007,0.8903,-0.015,2.2624,0.9053,0.4002,0.8841,0.8092,0.5922,0.3615,0.0877,0.6572,0.5316,0.2919,0.217,0.2307,0.2739,174.4845,153.8947,38.9477,0.8744
63.133,1894,in_bed,0.7016,0.8911,-0.0147,2.2642,0.9058,0.4001,0.8853,0.8089,0.5943,0.3645,0.0877,0.6567,0.5328,0.2911,0.2146,0.2297,0.2768,174.5859,153.9267,39.3676,0.8745
63.167,1895,in_bed,0.7012,0.8914,-0.0147,2.2662,0.9061,0.3998,0.8856,0.8091,0.5932,0.363,0.0876,0.6568,0.5323,0.2924,0.2159,0.2302,0.2754,174.4466,153.938,39.1729,0.876
63.2,1896,in_bed,0.7018,0.8918,-0.0143,2.2672,0.9062,0.3997,0.8857,0.8102,0.5933,0.362,0.0878,0.6576,0.5305,0.2923,0.2168,0.2314,0.2742,174.6253,153.9977,39.0225,0.8738
63.233,1897,in_bed,0.7022,0.892,-0.014,2.2661,0.9059,0.3998,0.8858,0.8102,0.5943,0.3639,0.0879,0.6577,0.5319,0.2915,0.2159,0.2304,0.276,174.7182,153.9254,39.3779,0.8724
63.267,1898,in_bed,0.7038,0.8921,-0.0126,2.263,0.9047,0.3998,0.8856,0.8106,0.5969,0.3661,0.0881,0.6578,0.532,0.2886,0.2137,0.2309,0.278,174.8918,153.9915,39.6855,0.8694
63.3,1899,in_bed,0.7037,0.8911,-0.0121,2.2593,0.9032,0.3998,0.8838,0.8111,0.5962,0.364,0.0881,0.6586,0.5321,0.2876,0.2148,0.2323,0.2758,175.0111,154.0253,39.3159,0.8677
63.333,1900,in_bed,0.7049,0.8916,-0.0127,2.2605,0.9043,0.4,0.8916,0.8119,0.5979,0.3652,0.0881,0.6606,0.5363,0.2937,0.214,0.2327,0.2771,175.0864,154.0276,39.5675,0.868
63.367,1901,in_bed,0.7049,0.8907,-0.0131,2.258,0.9038,0.4002,0.8827,0.8121,0.5976,0.3627,0.0881,0.6619,0.5372,0.2851,0.2145,0.235,0.2746,175.1017,154.1008,39.5279,0.8674
63.4,1902,in_bed,0.7049,0.8904,-0.0126,2.2566,0.903,0.4002,0.8825,0.8124,0.5974,0.3604,0.0881,0.6617,0.5374,0.2851,0.215,0.2369,0.2723,175.2583,154.224,39.4094,0.8661
63.433,1903,in_bed,0.7051,0.89,-0.0127,2.2559,0.9028,0.4002,0.8821,0.8125,0.5977,0.3595,0.0881,0.6617,0.5361,0.2844,0.2148,0.2382,0.2714,175.2148,154.2981,39.397,0.8668
63.467,1904,in_bed,0.7048,0.8919,-0.0129,2.2629,0.9049,0.3999,0.8833,0.8129,0.5966,0.36,0.0882,0.6609,0.5332,0.2867,0.2163,0.2366,0.2719,175.3894,154.6915,39.2028,0.8702
63.5,1905,in_bed,0.7045,0.8913,-0.013,2.261,0.9042,0.3999,0.8832,0.8124,0.5967,0.3588,0.0881,0.6616,0.534,0.2865,0.2158,0.2379,0.2706,175.2554,154.6272,39.2308,0.8698
63.533,1906,in_bed,0.7052,0.8908,-0.0127,2.2588,0.9034,0.3999,0.8826,0.8126,0.5978,0.3584,0.0882,0.6622,0.5344,0.2849,0.2148,0.2393,0.2703,175.2629,154.6167,39.2385,0.8687
63.567,1907,in_bed,0.706,0.8904,-0.013,2.2586,0.9034,0.4,0.8824,0.8127,0.5992,0.3576,0.0881,0.6634,0.5351,0.2832,0.2135,0.2416,0.2695,175.3434,154.7193,39.218,0.8693
63.6,1908,in_bed,0.7057,0.8909,-0.0116,2.2579,0.9025,0.3997,0.8838,0.8124,0.599,0.3573,0.0882,0.6633,0.536,0.2849,0.2134,0.2417,0.269,175.2291,154.628,39.0697,0.8682
63.633,1909,in_bed,0.7053,0.8908,-0.0111,2.2565,0.9018,0.3997,0.8843,0.8123,0.5983,0.3573,0.0883,0.6638,0.5369,0.286,0.214,0.241,0.269,175.211,154.63,38.8922,0.8663
63.667,1910,in_bed,0.7055,0.8912,-0.0108,2.2576,0.902,0.3995,0.8854,0.8122,0.5988,0.358,0.0884,0.6639,0.5384,0.2866,0.2134,0.2408,0.2696,175.1765,154.6059,38.7824,0.8658
63.7,1911,in_bed,0.7053,0.8913,-0.0111,2.2587,0.9025,0.3996,0.8859,0.8118,0.5988,0.3587,0.0883,0.6631,0.5375,0.2871,0.2131,0.2401,0.2704,174.9785,154.4826,38.7201,0.8667
63.733,1912,in_bed,0.7043,0.891,-0.0113,2.258,0.9023,0.3996,0.8861,0.811,0.5975,0.3583,0.0883,0.6628,0.5385,0.2886,0.2135,0.2392,0.2701,174.9376,154.4354,38.6843,0.8655
63.767,1913,in_bed,0.7042,0.8907,-0.0119,2.2579,0.9026,0.3998,0.8858,0.8109,0.5975,0.358,0.0882,0.6632,0.5385,0.2882,0.2134,0.2395,0.2698,175.0042,154.4172,38.6664,0.8652
63.8,1914,in_bed,0.7037,0.8897,-0.0129,2.2568,0.9026,0.4,0.8847,0.8101,0.5973,0.3574,0.0881,0.6624,0.537,0.2874,0.2128,0.2399,0.2694,174.9814,154.4114,38.8675,0.8664
63.833,1915,in_bed,0.7039,0.89,-0.0121,2.2563,0.9021,0.3998,0.8852,0.8102,0.5977,0.3577,0.0881,0.6614,0.5354,0.2875,0.2125,0.24,0.2696,174.9154,154.4641,38.8434,0.8668
63.867,1916,in_bed,0.7043,0.89,-0.0123,2.2565,0.9023,0.3999,0.885,0.8102,0.5983,0.3573,0.088,0.6605,0.5329,0.2866,0.2119,0.241,0.2693,174.8647,154.5186,38.9298,0.868
63.9,1917,in_bed,0.7039,0.8895,-0.0118,2.2542,0.9013,0.3998,0.8843,0.81,0.5977,0.3565,0.0881,0.6592,0.5312,0.2866,0.2123,0.2412,0.2684,174.8597,154.5461,38.9515,0.8665
63.933,1918,in_bed,0.7037,0.8897,-0.0116,2.2551,0.9014,0.3997,0.8845,0.8101,0.5972,0.3559,0.0881,0.6586,0.5299,0.2873,0.2129,0.2413,0.2678,174.9026,154.5685,38.8752,0.8663
63.967,1919,in_bed,0.7034,0.8897,-0.0119,2.256,0.9016,0.3997,0.8843,0.8099,0.5969,0.3552,0.0881,0.6579,0.5284,0.2874,0.2131,0.2417,0.2671,175.0359,154.5823,38.7559,0.8664
64.0,1920,in_bed,0.7025,0.8893,-0.0116,2.2543,0.9009,0.3996,0.884,0.8096,0.5953,0.3548,0.0881,0.6591,0.5301,0.2887,0.2142,0.2405,0.2667,174.9369,154.5639,38.4607,0.8659
64.033,1921,in_bed,0.702,0.8891,-0.0112,2.2532,0.9002,0.3995,0.884,0.8093,0.5946,0.3548,0.0882,0.6593,0.5307,0.2894,0.2146,0.2398,0.2666,174.9191,154.5046,38.4813,0.8649
64.067,1922,in_bed,0.7017,0.8883,-0.0103,2.249,0.8986,0.3996,0.8833,0.8089,0.5945,0.3547,0.0883,0.6595,0.5314,0.2888,0.2143,0.2398,0.2664,174.9845,154.4849,38.4762,0.8623
64.1,1923,in_bed,0.7018,0.888,-0.0096,2.2472,0.8976,0.3994,0.8822,0.8093,0.5943,0.3538,0.0884,0.6599,0.5304,0.2879,0.2149,0.2405,0.2654,175.0094,154.5263,38.3807,0.8601
64.133,1924,in_bed,0.7023,0.8882,-0.0089,2.2462,0.8972,0.3994,0.8826,0.8095,0.5951,0.3551,0.0884,0.6612,0.5323,0.2876,0.2145,0.24,0.2666,174.783,154.4797,38.4076,0.8598
64.167,1925,in_bed,0.702,0.8881,-0.0089,2.2461,0.897,0.3993,0.8825,0.8093,0.5947,0.3558,0.0884,0.6618,0.5331,0.2878,0.2145,0.2389,0.2674,174.6046,154.374,38.3413,0.8603
64.2,1926,in_bed,0.7022,0.8887,-0.0089,2.2481,0.8976,0.3993,0.883,0.8096,0.5948,0.3561,0.0884,0.6623,0.5331,0.2881,0.2148,0.2387,0.2678,174.5877,154.3566,38.2848,0.8607
64.233,1927,in_bed,0.7026,0.8888,-0.0088,2.2485,0.8976,0.3992,0.8829,0.8095,0.5956,0.3566,0.0884,0.6619,0.5325,0.2873,0.2139,0.239,0.2683,174.5759,154.354,38.4124,0.8612
64.267,1928,in_bed,0.7037,0.8896,-0.0094,2.2512,0.899,0.3994,0.8837,0.8097,0.5977,0.3607,0.0883,0.6618,0.5346,0.2861,0.212,0.237,0.2724,174.6654,154.2772,38.9257,0.8625
64.3,1929,in_bed,0.7036,0.8896,-0.0096,2.2516,0.8992,0.3993,0.8836,0.8098,0.5974,0.3602,0.0883,0.6624,0.5364,0.2861,0.2123,0.2372,0.2719,174.7123,154.2997,38.791,0.8631
64.333,1930,in_bed,0.704,0.8894,-0.0097,2.2509,0.8991,0.3994,0.8835,0.8098,0.5982,0.3609,0.0883,0.6634,0.5381,0.2853,0.2116,0.2373,0.2726,174.5114,154.235,38.9525,0.8637
64.367,1931,in_bed,0.7034,0.8891,-0.0104,2.2514,0.8995,0.3995,0.8828,0.8095,0.5973,0.3601,0.0882,0.663,0.5379,0.2855,0.2122,0.2372,0.2719,174.421,154.1598,38.9702,0.8648
64.4,1932,in_bed,0.7031,0.889,-0.0116,2.2534,0.9006,0.3997,0.8829,0.8094,0.5968,0.3585,0.0881,0.6634,0.5372,0.2862,0.2126,0.2383,0.2704,174.7417,154.2959,38.7896,0.8659
64.433,1933,in_bed,0.7037,0.8894,-0.0115,2.2543,0.901,0.3997,0.8837,0.8101,0.5974,0.3587,0.0881,0.6648,0.5381,0.2864,0.2127,0.2386,0.2707,174.777,154.3885,38.7692,0.8674
64.467,1934,in_bed,0.7045,0.8898,-0.0113,2.2543,0.9011,0.3997,0.8844,0.8106,0.5985,0.3589,0.0881,0.6655,0.5382,0.286,0.2121,0.2396,0.2707,174.8726,154.4432,38.8604,0.867
64.5,1935,in_bed,0.7052,0.8898,-0.0112,2.2537,0.901,0.3998,0.8843,0.811,0.5994,0.3592,0.0882,0.6665,0.539,0.2849,0.2116,0.2402,0.271,174.906,154.4865,38.9619,0.8666
64.533,1936,in_bed,0.7055,0.8904,-0.011,2.2554,0.9015,0.3997,0.8852,0.8115,0.5995,0.3594,0.0882,0.6659,0.5369,0.2856,0.212,0.2401,0.2712,174.8461,154.4538,38.9327,0.8664
64.567,1937,in_bed,0.7056,0.8905,-0.0104,2.2546,0.9009,0.3996,0.8852,0.8119,0.5994,0.3587,0.0883,0.6659,0.5359,0.2858,0.2125,0.2407,0.2704,175.0572,154.4793,38.8427,0.8647
64.6,1938,in_bed,0.7054,0.8899,-0.0102,2.2522,0.9001,0.3997,0.8841,0.8118,0.5989,0.3575,0.0884,0.6656,0.5364,0.2852,0.2129,0.2415,0.2691,175.2024,154.5109,38.8311,0.8632
64.633,1939,in_bed,0.7065,0.8907,-0.0106,2.2544,0.9013,0.3998,0.8845,0.8124,0.6006,0.3607,0.0884,0.6662,0.5388,0.2839,0.2118,0.2399,0.2723,175.3659,154.4926,39.1215,0.8632
64.667,1940,in_bed,0.7068,0.8909,-0.0112,2.256,0.9021,0.3999,0.8844,0.813,0.6007,0.3607,0.0883,0.6675,0.5404,0.2837,0.2123,0.2399,0.2724,175.3051,154.4454,38.8255,0.8638
64.7,1941,in_bed,0.7066,0.8914,-0.0111,2.2582,0.9025,0.3997,0.8849,0.8133,0.5999,0.3598,0.0883,0.6672,0.541,0.285,0.2133,0.2401,0.2715,175.1677,154.42,38.6365,0.8652
64.733,1942,in_bed,0.7062,0.8909,-0.0113,2.2577,0.9022,0.3996,0.884,0.8132,0.5991,0.3585,0.0882,0.6669,0.5404,0.2849,0.2141,0.2406,0.2702,175.2003,154.4397,38.4805,0.8664
64.767,1943,in_bed,0.706,0.8913,-0.0109,2.2587,0.9022,0.3994,0.8842,0.8133,0.5986,0.3578,0.0883,0.6667,0.5398,0.2857,0.2148,0.2408,0.2695,175.2832,154.4735,38.4244,0.8661
64.8,1944,in_bed,0.7054,0.8904,-0.0109,2.2557,0.9012,0.3995,0.8826,0.8129,0.5978,0.3577,0.0883,0.6663,0.5395,0.2848,0.2151,0.2401,0.2694,175.0638,154.307,38.3073,0.8645
64.833,1945,in_bed,0.7052,0.8902,-0.011,2.2554,0.9012,0.3996,0.8827,0.8126,0.5978,0.358,0.0883,0.6663,0.5389,0.285,0.2148,0.2398,0.2698,174.9443,154.2627,38.0855,0.8648
64.867,1946,in_bed,0.7052,0.8897,-0.0105,2.2529,0.9002,0.3996,0.8824,0.8125,0.598,0.3585,0.0883,0.6662,0.5387,0.2844,0.2145,0.2394,0.2703,174.7876,154.2582,37.8032,0.8649
64.9,1947,in_bed,0.7058,0.8889,-0.0103,2.2498,0.8992,0.3997,0.8889,0.8128,0.5987,0.3584,0.0883,0.666,0.538,0.2902,0.2141,0.2403,0.2701,174.8121,154.236,37.7801,0.863
64.933,1948,in_bed,0.7054,0.8891,-0.0106,2.2515,0.8997,0.3996,0.8807,0.8128,0.5981,0.358,0.0883,0.6654,0.5371,0.2826,0.2147,0.2401,0.2697,174.8704,154.2097,37.63,0.8634
64.967,1949,in_bed,0.7055,0.889,-0.0109,2.2519,0.8999,0.3996,0.8806,0.8125,0.5985,0.3581,0.0882,0.6659,0.5382,0.2821,0.2141,0.2404,0.2698,174.9141,154.1954,37.7317,0.8635
65.0,1950,in_bed,0.7053,0.8887,-0.0121,2.2535,0.9007,0.3997,0.8801,0.8122,0.5985,0.3574,0.0881,0.6658,0.5376,0.2817,0.2137,0.2411,0.2693,174.9454,154.2864,37.8713,0.8655
65.033,1951,in_bed,0.7044,0.8881,-0.0124,2.2527,0.9005,0.3997,0.8796,0.8118,0.597,0.3565,0.088,0.6661,0.5377,0.2826,0.2147,0.2405,0.2685,174.8839,154.2176,37.7972,0.8662
65.067,1952,in_bed,0.7039,0.8881,-0.0127,2.2534,0.9008,0.3997,0.8796,0.8114,0.5964,0.357,0.0879,0.6657,0.5373,0.2832,0.215,0.2394,0.2691,174.5798,154.1063,37.8908,0.8681
65.1,1953,in_bed,0.7054,0.8892,-0.0139,2.258,0.9031,0.4,0.8892,0.812,0.5988,0.3603,0.0878,0.6655,0.5382,0.2904,0.2131,0.2385,0.2725,174.8286,154.1363,38.4314,0.8703
65.133,1954,in_bed,0.7059,0.8894,-0.0139,2.2588,0.9033,0.3999,0.8809,0.812,0.5997,0.3595,0.0878,0.6658,0.5374,0.2812,0.2123,0.2402,0.2717,174.9897,154.2618,38.4782,0.8704
65.167,1955,in_bed,0.7051,0.8888,-0.0141,2.2577,0.9029,0.3999,0.8803,0.8113,0.599,0.3584,0.0878,0.6647,0.5354,0.2813,0.2122,0.2406,0.2706,174.9468,154.2963,38.5486,0.8712
65.2,1956,in_bed,0.7053,0.8892,-0.0135,2.2574,0.9027,0.3999,0.8811,0.8114,0.5991,0.3596,0.0879,0.6644,0.5341,0.282,0.2122,0.2395,0.2717,174.7632,154.1929,38.5865,0.8703
65.233,1957,in_bed,0.7049,0.8885,-0.014,2.256,0.9025,0.4,0.8799,0.8111,0.5988,0.359,0.0878,0.6633,0.5318,0.2811,0.2124,0.2397,0.2712,174.6981,154.1572,38.5342,0.8706
65.267,1958,in_bed,0.7054,0.8891,-0.0134,2.2561,0.9025,0.4,0.8806,0.8111,0.5997,0.3619,0.0879,0.6625,0.532,0.281,0.2114,0.2377,0.274,174.7898,154.1367,38.8342,0.869
65.3,1959,in_bed,0.7044,0.889,-0.0129,2.255,0.9018,0.3999,0.8805,0.8109,0.598,0.3608,0.0879,0.6624,0.5312,0.2826,0.2129,0.2372,0.2729,174.6828,154.135,38.5789,0.8691
65.333,1960,in_bed,0.7039,0.8886,-0.0123,2.2528,0.9008,0.3999,0.8803,0.8104,0.5975,0.3601,0.088,0.6618,0.5304,0.2828,0.2129,0.2374,0.2721,174.6776,154.1314,38.5963,0.8686
65.367,1961,in_bed,0.704,0.8886,-0.0129,2.2543,0.9015,0.3999,0.8806,0.8103,0.5976,0.3592,0.0879,0.6619,0.5307,0.2831,0.2127,0.2384,0.2713,174.7501,154.2328,38.5957,0.8702
65.4,1962,in_bed,0.704,0.8887,-0.0139,2.2564,0.9026,0.4,0.8807,0.8105,0.5974,0.359,0.0878,0.662,0.5289,0.2833,0.2131,0.2384,0.2712,174.8122,154.263,38.6544,0.8707
65.433,1963,in_bed,0.7033,0.8885,-0.0149,2.2576,0.9033,0.4001,0.8805,0.8102,0.5965,0.3581,0.0877,0.6617,0.529,0.284,0.2137,0.2384,0.2704,174.9021,154.2762,38.6658,0.871
65.467,1964,in_bed,0.7023,0.8873,-0.0157,2.2553,0.903,0.4004,0.8792,0.8093,0.5953,0.3568,0.0877,0.6614,0.5293,0.2838,0.214,0.2385,0.2692,175.0331,154.2883,38.639,0.8705
65.5,1965,in_bed,0.7028,0.8872,-0.0154,2.254,0.9025,0.4004,0.8793,0.8095,0.5962,0.357,0.0877,0.6622,0.5305,0.2831,0.2133,0.2392,0.2693,174.9603,154.3048,38.6921,0.8699
65.533,1966,in_bed,0.7033,0.8876,-0.0142,2.2537,0.9018,0.4001,0.88,0.8097,0.597,0.3566,0.0879,0.6625,0.5311,0.283,0.2127,0.2403,0.2687,175.2209,154.4283,38.6226,0.8681
65.567,1967,in_bed,0.7035,0.8882,-0.0132,2.2544,0.9014,0.3998,0.8811,0.8094,0.5976,0.3568,0.088,0.662,0.5309,0.2835,0.2118,0.2409,0.2688,175.2311,154.4943,38.6586,0.867
65.6,1968,in_bed,0.7026,0.8882,-0.013,2.2544,0.9012,0.3998,0.8814,0.8088,0.5964,0.357,0.088,0.661,0.531,0.285,0.2124,0.2395,0.2689,175.1068,154.3549,38.6123,0.8661
65.633,1969,in_bed,0.7024,0.8882,-0.0122,2.2529,0.9003,0.3996,0.8817,0.8084,0.5963,0.3568,0.0881,0.6615,0.5336,0.2854,0.2122,0.2395,0.2687,175.1509,154.3933,38.5358,0.865
65.667,1970,in_bed,0.7021,0.8886,-0.0127,2.2549,0.9013,0.3997,0.8823,0.8086,0.5955,0.3573,0.088,0.6621,0.5352,0.2868,0.2131,0.2382,0.2693,175.0153,154.3378,38.4071,0.8662
65.7,1971,in_bed,0.7013,0.8888,-0.0131,2.2566,0.9019,0.3997,0.8829,0.8083,0.5943,0.3565,0.0879,0.6613,0.5346,0.2885,0.214,0.2378,0.2686,174.7762,154.2874,38.4075,0.8682
65.733,1972,in_bed,0.7009,0.8887,-0.0134,2.257,0.902,0.3997,0.8826,0.8082,0.5937,0.3558,0.0879,0.6617,0.5344,0.2889,0.2145,0.2379,0.2679,174.7488,154.2694,38.3278,0.8684
65.767,1973,in_bed,0.701,0.8885,-0.0136,2.2568,0.9021,0.3997,0.8819,0.8085,0.5936,0.3553,0.0879,0.6623,0.5344,0.2883,0.2149,0.2383,0.2674,174.9052,154.2906,38.1755,0.8672
65.8,1974,in_bed,0.701,0.8881,-0.0138,2.256,0.9019,0.3998,0.881,0.8086,0.5934,0.3548,0.0878,0.6617,0.5336,0.2877,0.2153,0.2386,0.267,174.8054,154.2257,38.1679,0.8673
65.833,1975,in_bed,0.7004,0.8882,-0.0136,2.2565,0.9018,0.3996,0.8811,0.8086,0.5923,0.3544,0.0879,0.6612,0.5334,0.2888,0.2163,0.2379,0.2665,174.8388,154.1939,38.0715,0.8668
65.867,1976,in_bed,0.7005,0.8881,-0.0136,2.2562,0.9017,0.3996,0.881,0.8086,0.5924,0.3545,0.0879,0.662,0.5342,0.2886,0.2162,0.2378,0.2667,174.7484,154.1729,38.042,0.8669
65.9,1977,in_bed,0.7,0.8876,-0.0137,2.2553,0.9013,0.3997,0.8802,0.8088,0.5913,0.3544,0.0878,0.6628,0.5348,0.2889,0.2174,0.2369,0.2666,174.5094,154.0961,37.9535,0.8672
65.933,1978,in_bed,0.7005,0.8899,-0.0137,2.2627,0.9036,0.3993,0.8899,0.8099,0.591,0.3557,0.0879,0.6633,0.5352,0.2989,0.2189,0.2353,0.2679,174.7087,154.5322,37.8535,0.8718
65.967,1979,in_bed,0.7002,0.8896,-0.0139,2.2621,0.9035,0.3994,0.8813,0.8096,0.5908,0.3551,0.0878,0.6624,0.5358,0.2905,0.2188,0.2357,0.2672,174.6713,154.4202,37.8674,0.8716
66.0,1980,in_bed,0.7017,0.8893,-0.0134,2.2596,0.9027,0.3995,0.8808,0.8104,0.5929,0.3555,0.0879,0.6631,0.5358,0.2879,0.2175,0.2374,0.2676,174.9981,154.5732,38.0084,0.8693
66.033,1981,in_bed,0.7023,0.8916,-0.013,2.2662,0.9047,0.3992,0.8916,0.8119,0.5927,0.3568,0.0881,0.664,0.5361,0.299,0.2192,0.2359,0.2687,175.3073,155.0258,37.7634,0.8722
66.067,1982,in_bed,0.7024,0.8912,-0.0131,2.2648,0.9043,0.3993,0.8825,0.8117,0.593,0.3566,0.088,0.6645,0.5363,0.2895,0.2187,0.2364,0.2686,175.267,154.9244,37.7589,0.8721
66.1,1983,in_bed,0.7028,0.891,-0.0126,2.2632,0.9036,0.3993,0.8826,0.8117,0.5939,0.3573,0.088,0.6652,0.537,0.2887,0.2178,0.2366,0.2693,175.162,154.8033,37.8746,0.8712
66.133,1984,in_bed,0.7029,0.891,-0.0128,2.2635,0.9038,0.3993,0.8826,0.8118,0.5939,0.3576,0.088,0.6658,0.5373,0.2887,0.2179,0.2363,0.2696,175.024,154.6691,37.9048,0.8714
66.167,1985,in_bed,0.7029,0.891,-0.0127,2.2633,0.9037,0.3993,0.8832,0.8116,0.5942,0.3576,0.088,0.6659,0.5377,0.289,0.2173,0.2366,0.2696,174.8491,154.5828,38.0852,0.8721
66.2,1986,in_bed,0.7039,0.8909,-0.013,2.2622,0.904,0.3996,0.8909,0.8119,0.5959,0.3606,0.0879,0.6656,0.5376,0.2951,0.216,0.2353,0.2727,174.8064,154.484,38.5346,0.8721
66.233,1987,in_bed,0.7042,0.8907,-0.0123,2.2597,0.903,0.3996,0.8826,0.8122,0.5962,0.3608,0.088,0.6653,0.5354,0.2863,0.216,0.2354,0.2728,174.6118,154.3621,38.5583,0.8708
66.267,1988,in_bed,0.7042,0.8901,-0.0124,2.2581,0.9026,0.3997,0.8823,0.8117,0.5967,0.3607,0.0879,0.664,0.5328,0.2856,0.215,0.2361,0.2727,174.5232,154.3168,38.6521,0.8708
66.3,1989,in_bed,0.704,0.8898,-0.0131,2.2582,0.9029,0.3998,0.8822,0.8111,0.5968,0.3603,0.0878,0.6631,0.5315,0.2854,0.2143,0.2365,0.2725,174.5431,154.3881,38.7014,0.8718
66.333,1990,in_bed,0.7039,0.8897,-0.0128,2.2577,0.9025,0.3997,0.8825,0.8108,0.5971,0.3592,0.0879,0.6626,0.5307,0.2854,0.2137,0.2379,0.2713,174.5952,154.4296,38.7872,0.8711
66.367,1991,in_bed,0.7037,0.8892,-0.0133,2.2572,0.9025,0.3998,0.882,0.8105,0.597,0.358,0.0878,0.662,0.5302,0.285,0.2135,0.239,0.2702,174.6376,154.447,38.9648,0.8717
66.4,1992,in_bed,0.7045,0.8896,-0.0126,2.2569,0.9022,0.3998,0.8824,0.8103,0.5986,0.3613,0.0879,0.663,0.5338,0.2838,0.2118,0.2373,0.2734,174.7329,154.4429,39.2698,0.8704
66.433,1993,in_bed,0.7045,0.89,-0.0132,2.2596,0.9031,0.3997,0.883,0.8106,0.5984,0.3608,0.0878,0.6632,0.5341,0.2845,0.2122,0.2376,0.273,174.7394,154.4296,38.9082,0.8709
66.467,1994,in_bed,0.7044,0.8895,-0.0128,2.2578,0.9023,0.3996,0.8824,0.8105,0.5982,0.36,0.0879,0.6631,0.5336,0.2842,0.2123,0.2382,0.2721,174.7653,154.4678,38.8896,0.8698
66.5,1995,in_bed,0.7044,0.8892,-0.0139,2.2587,0.9031,0.3998,0.882,0.8106,0.5981,0.36,0.0878,0.6633,0.5337,0.2839,0.2125,0.2382,0.2722,174.7595,154.4711,38.8005,0.871
66.533,1996,in_bed,0.7042,0.8889,-0.0146,2.2589,0.9034,0.3999,0.8812,0.8104,0.5979,0.3593,0.0877,0.6628,0.5333,0.2833,0.2125,0.2386,0.2716,174.834,154.4712,38.6868,0.8718
66.567,1997,in_bed,0.7045,0.8883,-0.0148,2.2574,0.9031,0.4001,0.8804,0.8106,0.5984,0.3586,0.0877,0.6634,0.5342,0.282,0.2123,0.2398,0.2709,175.0752,154.5717,38.551,0.8709
66.6,1998,in_bed,0.7043,0.8877,-0.0146,2.2553,0.9023,0.4001,0.8794,0.8103,0.5984,0.3577,0.0878,0.663,0.5333,0.281,0.2119,0.2407,0.2699,175.1942,154.574,38.4379,0.8699
66.633,1999,in_bed,0.7041,0.8878,-0.0141,2.255,0.9019,0.4,0.8801,0.8098,0.5984,0.3576,0.0878,0.6622,0.5329,0.2817,0.2114,0.2408,0.2698,175.0801,154.5878,38.5904,0.87
66.667,2000,in_bed,0.7045,0.8882,-0.014,2.2555,0.9022,0.4,0.8807,0.8102,0.5988,0.3582,0.0878,0.6627,0.534,0.282,0.2114,0.2406,0.2704,174.8358,154.5628,38.6448,0.8705
66.7,2001,in_bed,0.7048,0.889,-0.0131,2.256,0.9021,0.3999,0.8824,0.8104,0.5993,0.3586,0.0879,0.6624,0.5341,0.2831,0.2111,0.2407,0.2707,174.6742,154.5583,38.7911,0.8707
66.733,2002,in_bed,0.7045,0.8892,-0.0128,2.256,0.9021,0.3999,0.8831,0.81,0.5991,0.3583,0.0879,0.6626,0.5354,0.284,0.2109,0.2408,0.2705,174.6103,154.5618,38.7786,0.871
66.767,2003,in_bed,0.704,0.8884,-0.0135,2.2546,0.9019,0.4,0.8822,0.8095,0.5985,0.358,0.0877,0.6628,0.5355,0.2838,0.211,0.2405,0.2703,174.5078,154.5388,38.7755,0.8731
66.8,2004,in_bed,0.7031,0.8879,-0.013,2.2511,0.9009,0.4002,0.8824,0.8089,0.5974,0.3575,0.0878,0.6615,0.5338,0.285,0.2114,0.2399,0.2697,174.3679,154.4851,38.8773,0.8716
66.833,2005,in_bed,0.7029,0.8881,-0.0131,2.2523,0.9013,0.4002,0.8832,0.8082,0.5976,0.3576,0.0877,0.6604,0.533,0.2856,0.2106,0.2399,0.2699,174.3641,154.4776,38.8981,0.8728
66.867,2006,in_bed,0.7028,0.8878,-0.0132,2.2516,0.901,0.4001,0.8823,0.808,0.5975,0.3566,0.0877,0.6599,0.5323,0.2848,0.2105,0.2409,0.2689,174.5796,154.5661,38.8416,0.8732
66.9,2007,in_bed,0.7025,0.8871,-0.0131,2.2493,0.9002,0.4002,0.8814,0.8075,0.5976,0.356,0.0877,0.6596,0.5321,0.2838,0.21,0.2416,0.2683,174.7182,154.6396,38.9868,0.873
66.933,2008,in_bed,0.7032,0.8869,-0.0135,2.2497,0.9005,0.4003,0.881,0.8076,0.5987,0.3562,0.0877,0.6592,0.5312,0.2822,0.2088,0.2425,0.2685,174.9117,154.7199,39.1733,0.8735
66.967,2009,in_bed,0.7039,0.8868,-0.0146,2.251,0.9013,0.4004,0.8807,0.8076,0.6003,0.3561,0.0876,0.6601,0.5315,0.2804,0.2073,0.2442,0.2685,175.0306,154.7777,39.3229,0.8744
67.0,2010,in_bed,0.704,0.8862,-0.0148,2.25,0.901,0.4005,0.88,0.8074,0.6005,0.3558,0.0876,0.6595,0.5301,0.2795,0.2069,0.2447,0.2682,175.2186,154.8412,39.3884,0.8742
67.033,2011,in_bed,0.7046,0.8864,-0.0145,2.2501,0.9009,0.4004,0.8799,0.8078,0.6013,0.3561,0.0876,0.6594,0.528,0.2786,0.2064,0.2453,0.2685,175.3527,154.9308,39.4288,0.8735
67.067,2012,in_bed,0.7047,0.8863,-0.0147,2.2499,0.9009,0.4004,0.8795,0.808,0.6013,0.3559,0.0877,0.6596,0.5276,0.2781,0.2067,0.2454,0.2682,175.4641,154.9849,39.4236,0.8721
67.1,2013,in_bed,0.7051,0.887,-0.0144,2.2516,0.9014,0.4003,0.8805,0.8084,0.6018,0.3564,0.0877,0.6604,0.5286,0.2787,0.2066,0.2454,0.2686,175.3962,155.0343,39.4794,0.8712
67.133,2014,in_bed,0.706,0.8881,-0.0143,2.2548,0.9025,0.4002,0.8814,0.8094,0.6026,0.3571,0.0877,0.6617,0.5294,0.2788,0.2067,0.2455,0.2694,175.3645,155.063,39.6645,0.8714
67.167,2015,in_bed,0.7066,0.8884,-0.0137,2.2546,0.9022,0.4001,0.8815,0.81,0.6032,0.3574,0.0878,0.6617,0.5294,0.2783,0.2068,0.2458,0.2696,175.3658,155.0868,39.6845,0.8714
67.2,2016,in_bed,0.7048,0.8869,-0.0136,2.2486,0.9005,0.4005,0.8795,0.8091,0.6004,0.3559,0.0878,0.6597,0.528,0.2791,0.2088,0.2445,0.2681,175.3384,154.9727,39.447,0.8671
67.233,2017,in_bed,0.7033,0.8859,-0.0131,2.2444,0.899,0.4006,0.8784,0.8082,0.5983,0.355,0.0878,0.6567,0.5273,0.2801,0.2099,0.2433,0.2671,175.2319,154.9286,39.154,0.8631
67.267,2018,in_bed,0.7022,0.8864,-0.0117,2.2443,0.8981,0.4002,0.8795,0.8075,0.5968,0.3562,0.0879,0.6524,0.5257,0.2827,0.2108,0.2406,0.2683,174.8352,154.8493,39.087,0.8599
67.3,2019,in_bed,0.7005,0.8851,-0.0101,2.238,0.8952,0.4,0.8774,0.807,0.594,0.3579,0.088,0.6488,0.5256,0.2835,0.213,0.2361,0.2699,174.1193,154.4421,38.9996,0.8534
67.333,2020,in_bed,0.6998,0.8882,-0.0087,2.2475,0.8969,0.3991,0.8808,0.8075,0.5922,0.3636,0.0882,0.6462,0.5241,0.2886,0.2153,0.2286,0.2754,172.9711,157.9241,42.8368,0.863
67.367,2021,in_bed,0.6972,0.887,-0.0049,2.2377,0.8919,0.3986,0.8801,0.8072,0.5873,0.3677,0.0886,0.6427,0.5248,0.2928,0.2199,0.2196,0.2791,172.0933,158.9312,44.2502,0.8571
67.4,2022,in_bed,0.6839,0.8913,0.052,2.2555,0.8393,0.3721,0.8826,0.7979,0.57,0.3703,0.0804,0.6305,0.5201,0.3127,0.2279,0.1997,0.2899,176.2249,165.4795,43.5261,1.1686
67.433,2023,in_bed,0.6741,0.9049,0.0702,2.307,0.8348,0.3619,0.8906,0.7919,0.5563,0.3766,0.0873,0.6273,0.5179,0.3342,0.2356,0.1797,0.2893,162.7933,146.2059,42.354,0.8662
67.467,2024,in_bed,0.6652,0.9207,0.0472,2.3573,0.8735,0.3706,0.9007,0.7861,0.5442,0.3827,0.09,0.6207,0.5092,0.3565,0.2419,0.1616,0.2927,156.2961,139.4985,41.8289,0.8417
67.5,2025,in_bed,0.6613,0.9328,0.0436,2.4158,0.8892,0.3681,0.9092,0.7845,0.5381,0.3919,0.0918,0.6197,0.5074,0.3711,0.2464,0.1462,0.3001,153.5672,136.4953,42.8131,0.8294
67.533,2026,in_bed,0.6612,0.9443,0.0431,2.4706,0.9012,0.3648,0.919,0.7866,0.5357,0.4001,0.0928,0.6191,0.5112,0.3832,0.2509,0.1356,0.3073,150.5946,133.9226,43.9497,0.8307
67.567,2027,in_bed,0.6574,0.949,0.0454,2.5036,0.9036,0.3609,0.9234,0.7855,0.5293,0.4082,0.0934,0.6144,0.5103,0.394,0.2561,0.1211,0.3148,147.9669,131.3852,44.5256,0.8283
67.6,2028,in_bed,0.6545,0.954,0.0496,2.5378,0.9044,0.3564,0.9311,0.7854,0.5237,0.4152,0.094,0.6084,0.5087,0.4074,0.2617,0.1085,0.3212,147.7885,130.8069,44.228,0.8264
67.633,2029,in_bed,0.647,0.9583,0.0568,2.5788,0.9016,0.3496,0.9358,0.7805,0.5135,0.415,0.0947,0.5988,0.5034,0.4223,0.267,0.0985,0.3203,148.0373,131.1381,43.5782,0.8179
67.667,2030,in_bed,0.6364,0.9531,0.0605,2.5756,0.8926,0.3465,0.9332,0.7733,0.4995,0.4147,0.0952,0.5871,0.4953,0.4338,0.2738,0.0848,0.3195,144.2713,127.295,43.0742,0.8029
67.7,2031,in_bed,0.6273,0.9531,0.0644,2.5958,0.8886,0.3423,0.9342,0.7667,0.4879,0.4098,0.0955,0.5769,0.4896,0.4463,0.2788,0.0781,0.3143,143.5104,126.5691,42.4951,0.7934
67.733,2032,in_bed,0.6245,0.9569,0.0701,2.6268,0.8868,0.3376,0.9384,0.766,0.4829,0.416,0.0956,0.5738,0.4855,0.4555,0.2831,0.0669,0.3203,142.6658,126.4616,42.1998,0.7866
67.767,2033,in_bed,0.6213,0.9588,0.0714,2.6412,0.8874,0.336,0.9411,0.7653,0.4774,0.4139,0.0956,0.5695,0.4811,0.4637,0.2879,0.0635,0.3183,144.4753,128.8963,42.0261,0.7841
67.8,2034,in_bed,0.6186,0.9553,0.0726,2.6358,0.8827,0.3349,0.9392,0.7637,0.4736,0.4162,0.0954,0.5642,0.4768,0.4656,0.2902,0.0574,0.3208,145.875,131.2387,42.3482,0.7781
67.833,2035,in_bed,0.6167,0.9529,0.0723,2.6229,0.8806,0.3357,0.9376,0.7644,0.4691,0.4278,0.0951,0.5627,0.477,0.4685,0.2952,0.0413,0.3328,136.9125,123.1603,42.1402,0.7752
67.867,2036,in_bed,0.615,0.9492,0.0703,2.5993,0.8789,0.3381,0.9348,0.7645,0.4655,0.4347,0.0947,0.5601,0.4782,0.4693,0.2991,0.0308,0.34,138.7924,125.5597,41.6122,0.7737
67.9,2037,in_bed,0.6137,0.9466,0.0697,2.5804,0.8769,0.3398,0.9327,0.7645,0.4629,0.4451,0.0944,0.5568,0.4786,0.4698,0.3016,0.0178,0.3507,68.0902,80.5296,41.3073,0.7706
67.933,2038,in_bed,0.6114,0.9411,0.0691,2.5509,0.872,0.3418,0.9272,0.7625,0.4602,0.451,0.0941,0.552,0.479,0.4669,0.3022,0.0093,0.3569,89.6938,103.5839,40.6478,0.7639
67.967,2039,in_bed,0.6096,0.9329,0.071,2.5147,0.8619,0.3428,0.9193,0.7616,0.4575,0.4637,0.0938,0.5506,0.4835,0.4617,0.3041,-0.0061,0.3698,77.2534,91.5038,40.8375,0.7531
68.0,2040,in_bed,0.6071,0.9231,0.0723,2.4712,0.8508,0.3443,0.9098,0.76,0.4541,0.4784,0.0936,0.5502,0.4908,0.4557,0.3059,-0.0243,0.3848,74.8299,89.3425,40.7387,0.7438
68.033,2041,in_bed,0.5982,0.9065,0.0701,2.3998,0.8364,0.3485,0.8941,0.751,0.4454,0.4793,0.0929,0.5383,0.4858,0.4487,0.3056,-0.0339,0.3864,73.3104,86.5216,40.2863,0.7359
68.067,2042,in_bed,0.5966,0.899,0.0651,2.3609,0.8339,0.3532,0.8864,0.7478,0.4455,0.494,0.0923,0.5399,0.4985,0.4409,0.3024,-0.0485,0.4017,71.1197,84.62,40.4701,0.7353
68.1,2043,in_bed,0.5944,0.8877,0.0583,2.3083,0.8293,0.3593,0.8749,0.741,0.4478,0.5058,0.0913,0.5397,0.5125,0.4271,0.2932,-0.058,0.4145,69.8262,84.4162,41.1061,0.7362
68.133,2044,in_bed,0.5909,0.8795,0.0505,2.2641,0.829,0.3662,0.8662,0.7334,0.4484,0.5096,0.0902,0.538,0.5367,0.4178,0.285,-0.0612,0.4194,70.8438,86.3025,41.5715,0.7444
68.167,2045,in_bed,0.5831,0.8701,0.0395,2.2123,0.8306,0.3755,0.8564,0.7208,0.4455,0.5111,0.0889,0.536,0.5695,0.411,0.2753,-0.0657,0.4222,72.4153,89.5178,42.4504,0.7544
68.2,2046,in_bed,0.5717,0.8608,0.0214,2.2099,0.8394,0.3798,0.8468,0.7074,0.436,0.5038,0.0872,0.5303,0.5962,0.4108,0.2714,-0.0677,0.4165,73.2641,92.0263,42.7031,0.7748
68.233,2047,in_bed,0.5669,0.8434,0.005,2.1764,0.8384,0.3852,0.8306,0.7009,0.4329,0.497,0.0854,0.5253,0.6119,0.3978,0.268,-0.0642,0.4116,79.1014,98.4471,42.1836,0.7894
68.267,2048,in_bed,0.557,0.8202,-0.0059,2.1188,0.8261,0.3899,0.8065,0.6881,0.4259,0.4855,0.0824,0.5148,0.6089,0.3806,0.2622,-0.0596,0.4031,83.1909,105.0397,41.4593,0.8407
68.3,2049,in_bed,0.5552,0.8092,0.0169,2.0467,0.7923,0.3871,0.7966,0.6803,0.4302,0.4779,0.08,0.515,0.6095,0.3664,0.2501,-0.0477,0.3979,81.7359,110.4428,40.0614,0.9972
68.333,2050,in_bed,0.5507,0.7803,0.045,1.9105,0.7353,0.3849,0.7751,0.6709,0.4304,0.4676,0.0798,0.5101,0.6038,0.3447,0.2405,-0.0373,0.3878,83.3465,115.3242,38.9419,1.0344
68.367,2051,in_bed,0.5569,0.7767,0.0436,1.8958,0.7331,0.3867,0.7767,0.6741,0.4396,0.4602,0.0801,0.5161,0.6128,0.3371,0.2345,-0.0206,0.3801,91.6153,121.8325,37.934,0.9724
68.4,2052,in_bed,0.5609,0.7806,0.0457,1.8968,0.7348,0.3874,0.7711,0.6786,0.4431,0.4438,0.0803,0.5299,0.6136,0.328,0.2355,-0.0006,0.3635,98.409,127.8943,37.1678,0.9423
68.433,2053,in_bed,0.5629,0.7845,0.0467,1.904,0.7377,0.3875,0.7738,0.6814,0.4443,0.432,0.0804,0.5493,0.6234,0.3294,0.2371,0.0123,0.3516,102.5731,132.2385,37.4834,0.9029
68.467,2054,in_bed,0.5699,0.7939,0.0526,1.9164,0.7413,0.3868,0.783,0.6883,0.4515,0.4366,0.0809,0.5705,0.6371,0.3315,0.2368,0.0148,0.3557,103.691,131.9884,36.4096,0.8625
68.5,2055,in_bed,0.5796,0.8073,0.0593,1.9392,0.7479,0.3857,0.7993,0.701,0.4581,0.4473,0.0813,0.5937,0.6539,0.3411,0.2429,0.0108,0.366,102.6477,129.9192,35.7427,0.8384
68.533,2056,in_bed,0.5841,0.8201,0.0611,1.9764,0.759,0.384,0.8117,0.7083,0.4599,0.4561,0.0816,0.6075,0.661,0.3518,0.2484,0.0038,0.3745,100.6917,126.6289,34.8815,0.8231
68.567,2057,in_bed,0.581,0.8246,0.0588,2.0006,0.7658,0.3828,0.8136,0.7081,0.454,0.4591,0.0813,0.6138,0.6643,0.3596,0.2542,-0.0052,0.3778,97.6699,124.0363,34.487,0.8339
68.6,2058,in_bed,0.5753,0.8275,0.0551,2.0235,0.7723,0.3817,0.8174,0.7043,0.4464,0.4605,0.0811,0.6146,0.6599,0.371,0.2579,-0.0141,0.3794,94.6775,120.8857,33.741,0.8464
68.633,2059,in_bed,0.5753,0.8377,0.055,2.0603,0.7827,0.3799,0.8262,0.7072,0.4435,0.4643,0.0814,0.62,0.6582,0.3827,0.2637,-0.0208,0.3829,92.3194,118.2031,33.0304,0.838
68.667,2060,in_bed,0.5746,0.8463,0.0549,2.0981,0.7915,0.3772,0.834,0.7102,0.439,0.4674,0.0811,0.6223,0.6536,0.395,0.2711,-0.0284,0.3863,89.7547,115.556,32.6031,0.8634
68.7,2061,in_bed,0.5779,0.8617,0.0573,2.1531,0.8045,0.3736,0.8492,0.7208,0.4351,0.4734,0.0814,0.6251,0.6488,0.4141,0.2858,-0.0384,0.392,87.5878,110.6819,29.9651,0.8722
68.733,2062,in_bed,0.5839,0.8794,0.0604,2.218,0.819,0.3693,0.8672,0.7371,0.4307,0.483,0.0818,0.6294,0.6463,0.4365,0.3065,-0.0523,0.4012,84.9859,104.2959,26.2324,0.8853
68.767,2063,in_bed,0.5861,0.8909,0.061,2.2692,0.8299,0.3657,0.8795,0.7493,0.4229,0.4925,0.0819,0.631,0.6427,0.4566,0.3264,-0.0696,0.4106,80.8895,98.0144,23.1874,0.9113
68.8,2064,in_bed,0.5874,0.9039,0.0625,2.3248,0.8414,0.3619,0.893,0.761,0.4139,0.5018,0.0822,0.6345,0.6407,0.4791,0.3471,-0.0879,0.4196,77.2779,91.7423,19.6949,0.9374
68.833,2065,in_bed,0.5844,0.9146,0.0656,2.3881,0.849,0.3555,0.9038,0.7673,0.4016,0.5094,0.0824,0.6324,0.631,0.5023,0.3658,-0.1078,0.427,73.8721,85.1619,15.6363,0.9721
68.867,2066,in_bed,0.5861,0.93,0.0668,2.4596,0.8632,0.3509,0.9178,0.7788,0.3933,0.5156,0.0824,0.6368,0.623,0.5245,0.3855,-0.1223,0.4332,72.1368,79.9641,11.7564,1.0148
68.9,2067,in_bed,0.5925,0.9478,0.0652,2.5293,0.8826,0.3489,0.9344,0.7948,0.3901,0.516,0.0824,0.6482,0.6155,0.5442,0.4046,-0.1258,0.4336,71.7167,77.391,9.189,1.0692
68.933,2068,in_bed,0.602,0.9622,0.0656,2.5866,0.8965,0.3466,0.9508,0.8106,0.3933,0.5127,0.0822,0.6693,0.6126,0.5575,0.4173,-0.1193,0.4305,72.4372,76.4723,6.7752,1.1456
68.967,2069,in_bed,0.6089,0.9713,0.0672,2.6253,0.9041,0.3444,0.9602,0.8228,0.3951,0.5134,0.0818,0.6886,0.6086,0.5651,0.4277,-0.1183,0.4316,71.682,75.089,4.8874,1.2564
69.0,2070,in_bed,0.6194,0.9798,0.0706,2.6612,0.9093,0.3417,0.9684,0.8361,0.4028,0.5142,0.0817,0.7052,0.6028,0.5656,0.4332,-0.1114,0.4325,72.5963,74.907,3.3994,1.336
69.033,2071,in_bed,0.6321,0.985,0.0744,2.6839,0.9106,0.3393,0.9708,0.8534,0.4108,0.5097,0.0816,0.7312,0.714,0.56,0.4426,-0.0989,0.4282,74.227,76.2045,2.3808,1.4166
69.067,2072,in_bed,0.643,0.9928,0.0774,2.718,0.9154,0.3368,0.9752,0.8659,0.4201,0.5019,0.0815,0.7456,0.6181,0.5551,0.4458,-0.0818,0.4203,76.8638,77.6908,0.9202,1.4887
69.1,2073,in_bed,0.6585,1.0053,0.0793,2.7753,0.9261,0.3337,0.9838,0.881,0.4361,0.4935,0.0815,0.8964,0.7385,0.5477,0.4449,-0.0574,0.412,80.7547,80.1515,0.5078,1.5896
69.133,2074,in_bed,0.6734,1.0154,0.0711,2.8268,0.9443,0.3341,0.9921,0.8968,0.45,0.4816,0.0813,0.7573,0.6239,0.5421,0.4468,-0.0316,0.4003,83.3186,82.4892,2.1712,1.7794
69.167,2075,in_bed,0.6841,1.0179,0.0672,2.839,0.9507,0.3349,0.9933,0.908,0.4603,0.4798,0.0812,0.7516,0.7319,0.533,0.4477,-0.0195,0.3986,84.6061,83.3318,3.1877,1.8599
69.2,2076,in_bed,0.687,1.0147,0.0655,2.822,0.9492,0.3364,0.9895,0.9109,0.4632,0.48,0.0811,0.8753,0.7144,0.5263,0.4477,-0.0168,0.399,84.6538,83.7459,3.2645,1.8766
69.233,2077,in_bed,0.6835,1.0103,0.0677,2.7965,0.9426,0.3371,0.9857,0.9055,0.4614,0.4782,0.081,0.8591,0.6783,0.5243,0.4442,-0.0168,0.3972,84.3636,84.3868,2.6777,1.8998
69.267,2078,in_bed,0.6785,1.0052,0.0692,2.7664,0.936,0.3383,0.978,0.9006,0.4564,0.4759,0.0808,0.8304,0.6487,0.5216,0.4443,-0.0195,0.3951,82.9292,85.0378,1.7963,1.9645
69.3,2079,in_bed,0.6713,0.9965,0.0662,2.7301,0.9303,0.3407,0.9689,0.8939,0.4486,0.4696,0.0806,0.8031,0.6376,0.5203,0.4453,-0.021,0.389,81.9913,85.7808,0.9012,1.9469
69.333,2080,in_bed,0.6652,0.9839,0.06,2.6832,0.9239,0.3443,0.9533,0.887,0.4434,0.4618,0.0804,0.7902,0.6529,0.5099,0.4437,-0.0184,0.3814,82.8112,86.8443,0.1612,1.8839
69.367,2081,in_bed,0.654,0.9658,0.0614,2.6026,0.9044,0.3475,0.9346,0.8726,0.4354,0.4587,0.0803,0.7789,0.6638,0.4992,0.4372,-0.0233,0.3784,82.6038,86.7903,0.4785,1.8138
69.4,2082,in_bed,0.6414,0.9391,0.0603,2.4923,0.8788,0.3526,0.9391,0.8551,0.4277,0.4527,0.0801,0.7688,0.6589,0.5114,0.4275,-0.025,0.3726,82.8412,87.285,1.25,1.72
69.433,2083,in_bed,0.6297,0.8979,0.0567,2.3334,0.8412,0.3605,,0.839,0.4204,0.4468,0.08,0.7573,0.6461,,0.4187,-0.0264,0.3668,82.9066,87.3019,1.4392,1.6037
69.467,2084,in_bed,0.6153,0.8803,0.0473,2.2849,0.833,0.3646,,0.8201,0.4105,0.4375,0.0796,0.7442,0.6347,,0.4097,-0.027,0.3579,83.7716,87.9089,2.1276,1.537
69.5,2085,in_bed,0.607,0.8671,0.0338,2.2586,0.8333,0.3689,,0.806,0.408,0.4306,0.0792,0.7357,0.6274,,0.3979,-0.0226,0.3515,83.9236,89.0712,2.7259,1.4938
69.533,2086,in_bed,0.5925,0.8516,0.0138,2.243,0.8379,0.3735,,0.7867,0.3984,0.4119,0.0783,0.7285,0.6235,,0.3883,-0.0135,0.3336,86.5036,90.6954,3.258,1.4624
69.567,2087,in_bed,0.5903,0.8462,0.0039,2.2435,0.8423,0.3754,,0.7775,0.4031,0.3967,0.0778,0.7321,0.6245,,0.3745,0.0063,0.319,91.6196,92.3628,2.4884,1.4589
69.6,2088,in_bed,0.555,0.841,0.0011,2.235,0.8399,0.3758,,0.841,0.412,0.3827,0.0777,0.7431,0.62,,0.429,0.0293,0.305,98.0385,85.1691,6.5455,1.489
69.633,2089,in_bed,0.5622,0.8383,-0.0042,2.2413,0.8424,0.3759,,0.8383,0.4242,0.3692,0.0774,0.7546,0.6157,,0.4141,0.0549,0.2918,106.0551,87.8123,7.8627,1.4508
69.667,2090,in_bed,0.5992,0.8415,-0.0131,2.2717,0.8546,0.3762,,0.7603,0.4382,0.3604,0.0769,0.7673,0.6261,,0.3221,0.0778,0.2835,112.7711,100.179,1.2448,1.3884
69.7,2091,in_bed,0.5865,0.844,-0.0116,2.2785,0.8556,0.3755,,0.844,0.4578,0.3544,0.077,0.7759,0.6353,,0.3862,0.1034,0.2774,118.7412,93.3578,9.1145,1.3808
69.733,2092,in_bed,0.6181,0.848,-0.0134,2.2943,0.8615,0.3755,,0.7656,0.4705,0.3539,0.0768,0.786,0.6478,,0.2951,0.1166,0.2771,122.9404,104.5069,0.7837,1.352
69.767,2093,in_bed,0.6032,0.8511,-0.0123,2.2996,0.8634,0.3755,,0.8511,0.4792,0.3544,0.0769,0.7827,0.6708,,0.3718,0.1249,0.2775,125.9421,95.3568,9.9706,1.3444
69.8,2094,in_bed,0.6076,0.8389,-0.0145,2.2521,0.8534,0.3789,0.8389,0.7462,0.4689,0.3551,0.0768,0.7938,0.7016,0.37,0.2773,0.1138,0.2784,126.5343,105.3807,2.0991,1.2897
69.833,2095,in_bed,0.5598,0.8048,-0.033,2.1709,0.8378,0.3859,0.7852,0.6923,0.4273,0.34,0.0753,0.6012,0.5652,0.3579,0.265,0.0873,0.2647,126.437,105.1961,4.5637,1.2808
69.867,2096,in_bed,0.553,0.7983,-0.0358,2.1488,0.834,0.3881,0.7983,0.6892,0.4167,0.3373,0.0751,0.6004,0.7043,0.3816,0.2725,0.0794,0.2622,125.6216,106.5549,6.7594,1.2632
69.9,2097,in_bed,0.5664,0.8058,-0.0294,2.1578,0.8352,0.387,0.8058,0.7058,0.4269,0.3347,0.0756,0.7702,0.7025,0.3789,0.279,0.0921,0.2591,127.9515,108.4944,7.0652,1.2342
69.933,2098,in_bed,0.5827,0.8005,-0.0193,2.1103,0.8199,0.3885,,0.7233,0.4422,0.3367,0.0764,0.7783,0.6999,,0.2811,0.1055,0.2603,130.0494,110.648,7.4851,1.1869
69.967,2099,in_bed,0.5952,0.8134,-0.0085,2.1301,0.8219,0.3859,,0.7335,0.457,0.3409,0.0772,0.7901,0.7012,,0.2765,0.116,0.2638,130.9812,111.4837,7.0722,1.1866
70.0,2100,in_bed,0.5929,0.8219,-0.0078,2.1587,0.8298,0.3844,0.8219,0.7268,0.459,0.341,0.0772,0.6281,0.5785,0.3629,0.2678,0.118,0.2638,131.0707,111.4551,6.8775,1.206
70.033,2101,in_bed,0.6008,0.8175,-0.0054,2.1365,0.8229,0.3852,,0.7339,0.4677,0.3407,0.0773,0.7984,0.717,,0.2663,0.127,0.2634,132.2591,111.8834,6.396,1.1824
70.067,2102,in_bed,0.603,0.8239,-0.0071,2.1681,0.831,0.3833,0.8239,0.7332,0.4728,0.3357,0.0772,0.7922,0.7194,0.3511,0.2603,0.1372,0.2585,134.0363,111.6037,5.1052,1.1905
70.1,2103,in_bed,0.6045,0.819,-0.0075,2.1517,0.8265,0.3841,0.819,0.7294,0.4797,0.3325,0.0772,0.7929,0.7327,0.3393,0.2498,0.1472,0.2553,135.8507,110.8428,3.4158,1.1795
70.133,2104,in_bed,0.6073,0.8184,-0.0053,2.1449,0.8236,0.384,0.8184,0.729,0.4856,0.3317,0.0773,0.792,0.7346,0.3327,0.2434,0.154,0.2544,136.8593,110.2268,2.1421,1.1744
70.167,2105,in_bed,0.611,0.816,-0.0008,2.1239,0.8168,0.3846,0.816,0.7281,0.4939,0.3342,0.0776,0.791,0.7352,0.3221,0.2342,0.1597,0.2566,137.0132,108.5781,0.1623,1.1684
70.2,2106,in_bed,0.6114,0.8141,0.0013,2.1107,0.8128,0.3851,0.8141,0.7279,0.495,0.3343,0.0777,0.792,0.7334,0.3191,0.2329,0.1606,0.2566,136.2685,107.1676,1.0859,1.1647
70.233,2107,in_bed,0.6138,0.8162,0.0055,2.1081,0.8107,0.3845,0.8149,0.7307,0.4969,0.3374,0.078,0.7974,0.7352,0.318,0.2339,0.1595,0.2594,135.4247,105.8575,2.0071,1.1557
70.267,2108,in_bed,0.6128,0.8174,0.0052,2.1123,0.8122,0.3845,0.8133,0.7305,0.4952,0.3387,0.078,0.7961,0.7242,0.3181,0.2353,0.1565,0.2607,134.7119,104.9619,2.4175,1.1548
70.3,2109,in_bed,0.6143,0.8199,0.0069,2.1161,0.813,0.3842,0.8156,0.7329,0.4958,0.3411,0.0781,0.7927,0.7116,0.3198,0.2371,0.1547,0.263,134.2455,104.906,2.2373,1.1548
70.333,2110,in_bed,0.6126,0.8196,0.0079,2.1135,0.8117,0.3841,0.8168,0.7329,0.4922,0.3418,0.0781,0.7891,0.7129,0.3245,0.2406,0.1505,0.2636,133.954,105.4636,1.4011,1.1579
70.367,2111,in_bed,0.6086,0.8172,0.0092,2.1018,0.808,0.3844,0.8166,0.7298,0.4873,0.3426,0.0782,0.788,0.7129,0.3292,0.2425,0.1447,0.2644,133.523,105.5249,0.7678,1.1535
70.4,2112,in_bed,0.6087,0.8207,0.0101,2.1098,0.8105,0.3842,0.8207,0.7334,0.484,0.3463,0.0782,0.7844,0.7137,0.3367,0.2494,0.1377,0.268,132.5277,106.571,0.8319,1.1551
70.433,2113,in_bed,0.6099,0.824,0.0104,2.1195,0.8136,0.3839,0.824,0.7349,0.4849,0.3504,0.0783,0.7817,0.7071,0.3391,0.25,0.1345,0.2721,131.9628,107.104,1.6589,1.1531
70.467,2114,in_bed,0.6152,0.8292,0.0112,2.1362,0.8181,0.383,0.8292,0.7417,0.4887,0.3554,0.0783,0.7897,0.6999,0.3405,0.253,0.1333,0.2771,131.9849,107.6483,2.2939,1.1508
70.5,2115,in_bed,0.617,0.8343,0.0105,2.1572,0.8238,0.3819,,0.7455,0.4885,0.3567,0.0783,0.8018,0.7009,,0.257,0.1318,0.2785,132.2642,108.4129,3.2397,1.1488
70.533,2116,in_bed,0.6184,0.8376,0.0104,2.1703,0.8272,0.3812,,0.7489,0.488,0.3591,0.0783,0.8062,0.7011,,0.2609,0.1288,0.2808,132.1734,109.205,4.266,1.1508
70.567,2117,in_bed,0.6157,0.8406,0.0096,2.1844,0.831,0.3804,0.8406,0.7494,0.4819,0.3594,0.0782,0.8058,0.7017,0.3587,0.2675,0.1225,0.2812,131.552,109.3535,5.0981,1.1541
70.6,2118,in_bed,0.6194,0.8417,0.0097,2.1874,0.832,0.3803,,0.7575,0.4813,0.3613,0.0783,0.8059,0.704,,0.2762,0.12,0.2831,131.0729,109.9527,5.9975,1.1504
70.633,2119,in_bed,0.6118,0.8519,0.009,2.2285,0.8429,0.3783,0.8519,0.7575,0.4661,0.362,0.0782,0.8033,0.7021,0.3858,0.2914,0.1041,0.2838,129.2937,109.476,7.3346,1.1633
70.667,2120,in_bed,0.5994,0.848,0.0068,2.2167,0.8412,0.3795,0.8239,0.7488,0.45,0.3654,0.0781,0.6368,0.58,0.3739,0.2989,0.0845,0.2873,126.8646,107.6283,7.8961,1.1584
70.7,2121,in_bed,0.5906,0.8447,0.0046,2.2106,0.8401,0.38,0.8232,0.7431,0.438,0.3657,0.078,0.6295,0.574,0.3852,0.3052,0.0722,0.2877,125.3652,106.6792,8.4778,1.1569
70.733,2122,in_bed,0.5742,0.8367,0.0022,2.1874,0.8345,0.3815,0.82,0.7291,0.4193,0.365,0.0779,0.6221,0.575,0.4007,0.3098,0.0543,0.2872,122.9641,106.809,10.547,1.1553
70.767,2123,in_bed,0.5699,0.8342,0.0016,2.1805,0.8326,0.3818,0.8342,0.7266,0.4133,0.3654,0.0778,0.6195,0.6872,0.421,0.3133,0.0478,0.2876,121.5653,106.3974,11.051,1.1494
70.8,2124,in_bed,0.5675,0.8351,-0.0007,2.1879,0.8358,0.382,0.8351,0.7265,0.4085,0.3681,0.0777,0.615,0.5709,0.4266,0.318,0.0404,0.2904,120.592,105.5349,11.2768,1.1453
70.833,2125,in_bed,0.5672,0.8062,-0.0023,2.0835,0.8085,0.3881,,0.7297,0.4046,0.3683,0.0776,0.6146,0.5704,,0.3251,0.0363,0.2907,120.7996,105.8278,12.143,1.0851
70.867,2126,in_bed,0.5612,0.8365,-0.0032,2.1987,0.8397,0.3819,0.8365,0.7271,0.3954,0.3718,0.0776,0.609,0.5702,0.4412,0.3318,0.0236,0.2942,119.5449,104.1896,12.2648,1.1293
70.9,2127,in_bed,0.557,0.835,-0.0035,2.192,0.8386,0.3826,0.835,0.7228,0.3912,0.3748,0.0776,0.6047,0.5732,0.4438,0.3316,0.0164,0.2972,119.0386,103.1686,12.2845,1.1222
70.933,2128,in_bed,0.5579,0.8359,-0.003,2.1936,0.8388,0.3824,0.8359,0.7239,0.3919,0.3785,0.0776,0.6021,0.6934,0.4439,0.3319,0.0135,0.3009,117.7401,102.3855,11.9353,1.1373
70.967,2129,in_bed,0.5629,0.8411,-0.0026,2.2106,0.8437,0.3817,0.8411,0.729,0.3968,0.3821,0.0776,0.6029,0.6944,0.4443,0.3322,0.0147,0.3045,116.9898,102.456,11.8473,1.1529
71.0,2130,in_bed,0.5715,0.8493,-0.0006,2.2344,0.8499,0.3804,0.8493,0.739,0.4041,0.3824,0.0777,0.6065,0.6934,0.4452,0.3349,0.0217,0.3046,117.0749,103.5798,11.9723,1.1673
71.033,2131,in_bed,0.5818,0.8556,0.0059,2.2401,0.8497,0.3793,0.8556,0.7491,0.4145,0.3872,0.0781,0.612,0.6955,0.4411,0.3346,0.0274,0.3091,116.4553,104.4178,11.9749,1.1851
71.067,2132,in_bed,0.5841,0.8543,0.0095,2.2265,0.8448,0.3794,0.8543,0.7503,0.4179,0.3896,0.0782,0.6118,0.5801,0.4365,0.3325,0.0283,0.3113,115.4451,104.2707,11.697,1.1973
71.1,2133,in_bed,0.5913,0.8397,0.0146,2.1584,0.8251,0.3823,,0.7563,0.4263,0.3925,0.0785,0.6156,0.6747,,0.33,0.0337,0.3141,115.273,105.0202,11.6851,1.1744
71.133,2134,in_bed,0.5998,0.8472,0.0183,2.1778,0.8289,0.3806,,0.7658,0.4338,0.3961,0.0787,0.7549,0.6707,,0.332,0.0377,0.3174,115.3941,105.4375,11.5985,1.1699
71.167,2135,in_bed,0.6131,0.8569,0.0227,2.2047,0.8342,0.3784,,0.7799,0.4464,0.4001,0.0789,0.7472,0.6781,,0.3335,0.0462,0.3213,116.1178,105.848,10.9353,1.1725
71.2,2136,in_bed,0.6168,0.861,0.0227,2.2205,0.8382,0.3775,,0.7857,0.4479,0.4003,0.0789,0.7426,0.6835,,0.3378,0.0475,0.3214,116.4941,105.7712,10.6902,1.173
71.233,2137,in_bed,0.6208,0.862,0.0232,2.2247,0.8387,0.377,,0.7884,0.4532,0.3996,0.0789,0.7385,0.6855,,0.3352,0.0536,0.3207,117.3708,105.792,9.9635,1.1774
71.267,2138,in_bed,0.6208,0.861,0.0222,2.2253,0.8388,0.3769,,0.7881,0.4535,0.3977,0.0788,0.7332,0.6837,,0.3346,0.0558,0.3189,117.7615,105.3018,9.2563,1.1797
71.3,2139,in_bed,0.6201,0.8595,0.0208,2.2243,0.8387,0.3771,,0.7877,0.4525,0.3957,0.0788,0.7291,0.6799,,0.3352,0.0568,0.3169,118.2828,105.0025,8.8138,1.182
71.333,2140,in_bed,0.6186,0.8583,0.0199,2.2224,0.8384,0.3772,,0.7882,0.4491,0.3931,0.0787,0.7265,0.6777,,0.3391,0.056,0.3144,118.6054,104.7587,8.6488,1.1794
71.367,2141,in_bed,0.6161,0.8558,0.0178,2.2195,0.838,0.3776,,0.7863,0.4459,0.3896,0.0786,0.7226,0.6741,,0.3404,0.0562,0.311,118.8461,104.7902,8.6189,1.1776
71.4,2142,in_bed,0.6154,0.8537,0.0149,2.2203,0.8388,0.3778,,0.7849,0.446,0.3852,0.0785,0.7166,0.671,,0.339,0.0607,0.3068,119.2858,104.899,8.1659,1.1822
71.433,2143,in_bed,0.6161,0.8534,0.0137,2.2237,0.8397,0.3776,,0.7862,0.446,0.3824,0.0784,0.71,0.6739,,0.3403,0.0635,0.304,119.3515,105.2443,8.1218,1.1852
71.467,2144,in_bed,0.6186,0.8536,0.014,2.2251,0.8396,0.3773,,0.7879,0.4494,0.3803,0.0784,0.7057,0.6779,,0.3385,0.0691,0.3019,119.7615,105.6196,7.8112,1.1854
71.5,2145,in_bed,0.6176,0.8517,0.0113,2.2247,0.8404,0.3778,,0.7858,0.4494,0.378,0.0783,0.7019,0.6809,,0.3364,0.0714,0.2997,120.0547,105.8242,7.7361,1.1842
71.533,2146,in_bed,0.6131,0.8477,0.0078,2.2175,0.8399,0.3787,,0.7811,0.4451,0.3757,0.0781,0.6979,0.6814,,0.336,0.0694,0.2976,120.0076,105.4323,7.6269,1.1777
71.567,2147,in_bed,0.6116,0.8456,0.0081,2.209,0.8375,0.3791,,0.7787,0.4446,0.3748,0.0781,0.6965,0.684,,0.3342,0.0698,0.2967,120.4192,105.441,7.5784,1.1689
71.6,2148,in_bed,0.6078,0.8428,0.0086,2.1979,0.8342,0.3795,,0.7736,0.442,0.373,0.0781,0.7007,0.6775,,0.3317,0.069,0.2949,120.9972,105.3177,7.5451,1.165
71.633,2149,in_bed,0.6077,0.8431,0.0092,2.1986,0.8339,0.3793,,0.7732,0.4423,0.3725,0.0782,0.7011,0.6741,,0.3309,0.0698,0.2944,121.6263,105.4933,7.6014,1.1635
71.667,2150,in_bed,0.6109,0.8456,0.0108,2.2049,0.8348,0.3786,,0.7761,0.4458,0.3731,0.0783,0.7012,0.6748,,0.3303,0.0727,0.2948,122.5584,105.8597,7.5934,1.1593
71.7,2151,in_bed,0.6106,0.8459,0.0105,2.2059,0.8354,0.3787,,0.7768,0.4444,0.3737,0.0782,0.7017,0.6762,,0.3323,0.0707,0.2955,122.6498,105.9694,7.9082,1.1573
71.733,2152,in_bed,0.6121,0.8473,0.0108,2.2099,0.8365,0.3785,,0.7784,0.4458,0.3748,0.0783,0.7022,0.678,,0.3326,0.071,0.2965,123.0726,106.0475,7.9555,1.1537
71.767,2153,in_bed,0.6116,0.847,0.0111,2.2078,0.8359,0.3786,,0.7778,0.4455,0.3752,0.0783,0.704,0.6794,,0.3322,0.0704,0.2969,123.3488,105.9146,7.8918,1.1532
71.8,2154,in_bed,0.6075,0.8433,0.0115,2.1935,0.8317,0.3792,,0.7735,0.4415,0.3746,0.0783,0.7055,0.6789,,0.3321,0.0668,0.2963,122.816,105.4482,7.8945,1.1497
71.833,2155,in_bed,0.6052,0.8419,0.0106,2.1913,0.8313,0.3793,,0.7717,0.4387,0.374,0.0783,0.7058,0.6784,,0.3329,0.0648,0.2957,122.6381,105.219,7.9406,1.1488
71.867,2156,in_bed,0.6038,0.8406,0.0105,2.1868,0.8302,0.3796,,0.7695,0.4381,0.3738,0.0783,0.7076,0.6764,,0.3314,0.0642,0.2956,122.4595,105.1221,7.9261,1.148
71.9,2157,in_bed,0.6032,0.8404,0.011,2.1856,0.8294,0.3795,,0.7683,0.4381,0.3733,0.0783,0.7089,0.6762,,0.3302,0.0648,0.295,122.391,105.1778,7.9177,1.1493
71.933,2158,in_bed,0.6054,0.8425,0.0124,2.1894,0.8301,0.3791,,0.7709,0.4399,0.3749,0.0784,0.7101,0.678,,0.331,0.065,0.2965,121.9839,105.4401,8.1391,1.1521
71.967,2159,in_bed,0.6075,0.8438,0.0127,2.194,0.8311,0.3788,,0.7717,0.4433,0.3743,0.0784,0.7105,0.677,,0.3285,0.069,0.2959,122.1854,105.962,8.1853,1.1529
72.0,2160,in_bed,0.607,0.8443,0.0125,2.1964,0.8318,0.3787,,0.7731,0.4409,0.3736,0.0784,0.7099,0.6769,,0.3321,0.0673,0.2952,121.9968,105.9782,8.4125,1.1498
72.033,2161,in_bed,0.6086,0.8462,0.0132,2.2022,0.833,0.3783,,0.7757,0.4414,0.3745,0.0784,0.7099,0.6741,,0.3343,0.0669,0.2961,121.9098,105.9779,8.4727,1.1522
72.067,2162,in_bed,0.6097,0.848,0.0151,2.2045,0.8329,0.3778,,0.7782,0.4411,0.3758,0.0785,0.7099,0.6757,,0.3371,0.0654,0.2973,121.5255,106.0565,8.7121,1.1524
72.1,2163,in_bed,0.6122,0.8507,0.0157,2.2134,0.835,0.3773,,0.7821,0.4422,0.3764,0.0785,0.7096,0.6768,,0.3399,0.0659,0.2978,121.394,106.1665,8.7645,1.1561
72.133,2164,in_bed,0.6112,0.8505,0.0163,2.2113,0.8342,0.3773,,0.7823,0.44,0.377,0.0786,0.7095,0.6801,,0.3424,0.063,0.2985,120.937,106.0807,9.047,1.1501
72.167,2165,in_bed,0.6102,0.8497,0.0167,2.2075,0.833,0.3774,,0.7815,0.4389,0.3769,0.0786,0.7105,0.68,,0.3425,0.062,0.2984,120.8371,106.0599,9.1604,1.1454
72.2,2166,in_bed,0.609,0.8483,0.0159,2.2042,0.8325,0.3777,,0.7799,0.4381,0.3765,0.0785,0.711,0.6772,,0.3419,0.0616,0.2979,120.8073,105.9334,9.1224,1.1435
72.233,2167,in_bed,0.6094,0.848,0.0164,2.2018,0.8316,0.3777,,0.7802,0.4386,0.3763,0.0786,0.7109,0.6766,,0.3416,0.0623,0.2977,120.8118,106.0289,9.1136,1.1441
72.267,2168,in_bed,0.6095,0.8487,0.0172,2.2018,0.8315,0.3776,,0.7805,0.4386,0.3764,0.0786,0.7122,0.6773,,0.342,0.0622,0.2977,120.8583,106.0782,9.1796,1.141
72.3,2169,in_bed,0.607,0.8466,0.0174,2.1937,0.8292,0.378,,0.7777,0.4363,0.3756,0.0786,0.7131,0.674,,0.3414,0.0607,0.297,120.6932,105.829,9.1437,1.138
72.333,2170,in_bed,0.6029,0.8432,0.0173,2.1812,0.8259,0.3786,,0.7738,0.4321,0.3739,0.0786,0.7135,0.6702,,0.3417,0.0582,0.2953,120.7693,105.5506,9.1931,1.1313
72.367,2171,in_bed,0.6042,0.8442,0.0186,2.1818,0.8255,0.3784,,0.7738,0.4345,0.3747,0.0787,0.7157,0.669,,0.3393,0.0598,0.296,121.1443,105.554,9.0057,1.1302
72.4,2172,in_bed,0.602,0.8424,0.0182,2.1759,0.8242,0.3788,,0.7719,0.4322,0.3737,0.0787,0.718,0.6714,,0.3397,0.0584,0.2951,121.018,105.9258,9.4628,1.1329
72.433,2173,in_bed,0.603,0.8436,0.017,2.1819,0.8266,0.3788,,0.7734,0.4326,0.3737,0.0786,0.7174,0.6745,,0.3408,0.0589,0.2951,121.0282,106.3421,9.7799,1.1346
72.467,2174,in_bed,0.6035,0.8441,0.0172,2.1833,0.8269,0.3787,,0.7744,0.4325,0.3749,0.0786,0.7173,0.6764,,0.3419,0.0577,0.2962,120.6974,106.1686,9.7723,1.1354
72.5,2175,in_bed,0.6045,0.8457,0.0177,2.1883,0.828,0.3784,,0.7763,0.4327,0.3756,0.0786,0.7174,0.6809,,0.3435,0.0572,0.2969,120.6428,106.2561,9.9045,1.1377
72.533,2176,in_bed,0.5997,0.8416,0.0169,2.175,0.8247,0.3792,0.8396,0.772,0.4273,0.3742,0.0786,0.7195,0.6834,0.4123,0.3447,0.0531,0.2956,120.0184,106.1644,10.2961,1.1345
72.567,2177,in_bed,0.5982,0.84,0.0164,2.1701,0.8236,0.3795,,0.7711,0.4252,0.3739,0.0786,0.7196,0.6854,,0.3459,0.0514,0.2953,119.8041,105.804,10.1624,1.1344
72.6,2178,in_bed,0.5953,0.8363,0.0159,2.1584,0.8204,0.3801,0.8345,0.7686,0.422,0.3722,0.0786,0.7177,0.6839,0.4125,0.3466,0.0498,0.2936,119.6373,105.5412,10.1067,1.1291
72.633,2179,in_bed,0.5962,0.8366,0.0167,2.1586,0.82,0.3799,,0.7688,0.4236,0.3732,0.0786,0.7176,0.6877,,0.3452,0.0504,0.2946,119.7254,105.4038,9.8942,1.1291
72.667,2180,in_bed,0.5939,0.8352,0.016,2.1558,0.8191,0.38,,0.7667,0.4211,0.3712,0.0786,0.7162,0.686,,0.3456,0.0499,0.2927,119.8279,105.307,9.8826,1.1264
72.7,2181,in_bed,0.5922,0.8334,0.0152,2.1526,0.8182,0.3801,,0.7652,0.4192,0.3701,0.0785,0.7128,0.6858,,0.346,0.0492,0.2915,119.7779,105.2042,9.8816,1.1226
72.733,2182,in_bed,0.5907,0.832,0.0143,2.1505,0.8177,0.3802,,0.7633,0.4181,0.3691,0.0785,0.7112,0.6845,,0.3452,0.0489,0.2907,119.8924,105.0577,9.7685,1.1238
72.767,2183,in_bed,0.5882,0.8303,0.0126,2.1502,0.8177,0.3803,,0.7619,0.4144,0.3678,0.0784,0.7081,0.6817,,0.3476,0.0466,0.2894,119.7258,104.7593,9.7823,1.1236
72.8,2184,in_bed,0.5888,0.831,0.0123,2.1524,0.8187,0.3804,0.824,0.7623,0.4153,0.3684,0.0784,0.7113,0.6804,0.4087,0.347,0.0469,0.2901,119.8266,104.4051,9.4013,1.1325
72.833,2185,in_bed,0.5947,0.8356,0.0126,2.1674,0.823,0.3797,,0.7679,0.4215,0.3703,0.0784,0.711,0.6775,,0.3464,0.0513,0.2919,120.2368,104.8262,9.2417,1.1398
72.867,2186,in_bed,0.5927,0.8334,0.0112,2.1623,0.8221,0.3802,,0.7646,0.4208,0.3691,0.0783,0.7119,0.6731,,0.3438,0.0516,0.2908,120.2268,104.5367,8.9421,1.1438
72.9,2187,in_bed,0.5924,0.8331,0.0107,2.1626,0.8224,0.3803,,0.7639,0.4209,0.3679,0.0783,0.7118,0.6679,,0.343,0.053,0.2896,120.5381,104.7087,8.9333,1.144
72.933,2188,in_bed,0.5919,0.8325,0.0108,2.1602,0.8217,0.3804,,0.763,0.4207,0.3674,0.0783,0.7122,0.6681,,0.3423,0.0533,0.2891,120.6849,104.7498,8.9494,1.1412
72.967,2189,in_bed,0.5926,0.8329,0.0114,2.1609,0.8215,0.3802,,0.7635,0.4217,0.368,0.0783,0.7116,0.6677,,0.3417,0.0537,0.2897,120.5276,104.7829,8.9328,1.1432
73.0,2190,in_bed,0.5934,0.8336,0.0111,2.1638,0.8225,0.3801,,0.7642,0.4226,0.3688,0.0783,0.7109,0.668,,0.3416,0.0537,0.2906,120.4115,104.7479,8.9206,1.1434
73.033,2191,in_bed,0.5911,0.8324,0.0107,2.1598,0.8216,0.3804,,0.7626,0.4197,0.3673,0.0783,0.7114,0.6663,,0.3429,0.0524,0.289,120.3228,104.6939,9.0261,1.1412
73.067,2192,in_bed,0.5864,0.8287,0.0097,2.1482,0.819,0.3812,,0.7563,0.4164,0.3668,0.0782,0.713,0.6649,,0.3398,0.0497,0.2886,120.0728,104.192,8.9178,1.1361
73.1,2193,in_bed,0.5858,0.8283,0.0107,2.1438,0.8176,0.3814,,0.7556,0.4161,0.3673,0.0783,0.7142,0.6672,,0.3395,0.0488,0.289,119.9773,104.3075,9.1268,1.1321
73.133,2194,in_bed,0.585,0.8272,0.0112,2.1385,0.816,0.3816,,0.7548,0.4152,0.3676,0.0783,0.715,0.6677,,0.3396,0.0477,0.2892,119.6982,104.3644,9.3274,1.1278
73.167,2195,in_bed,0.586,0.8283,0.0117,2.1406,0.8165,0.3814,,0.7565,0.4155,0.3679,0.0784,0.7153,0.6696,,0.341,0.0475,0.2896,119.6751,104.6095,9.5783,1.1235
73.2,2196,in_bed,0.585,0.8275,0.0124,2.1363,0.8152,0.3816,,0.7555,0.4144,0.3679,0.0784,0.7173,0.6709,,0.3411,0.0465,0.2895,119.862,104.536,9.6347,1.1203
73.233,2197,in_bed,0.587,0.8291,0.0143,2.1375,0.8148,0.3812,,0.7569,0.417,0.368,0.0785,0.7187,0.6725,,0.34,0.049,0.2895,120.2148,104.791,9.5689,1.1201
73.267,2198,in_bed,0.5866,0.8288,0.0141,2.1374,0.8147,0.3812,,0.7566,0.4166,0.368,0.0785,0.7181,0.6715,,0.34,0.0486,0.2895,120.3103,104.769,9.6107,1.1185
73.3,2199,in_bed,0.5877,0.8306,0.0151,2.1414,0.8156,0.3809,,0.7588,0.4166,0.369,0.0785,0.7178,0.6725,,0.3422,0.0476,0.2905,120.2416,104.9194,9.8692,1.115
73.333,2200,in_bed,0.5854,0.8297,0.0157,2.1373,0.814,0.3809,,0.758,0.4128,0.368,0.0786,0.7163,0.667,,0.3451,0.0449,0.2894,120.0166,104.7447,10.0266,1.1117
73.367,2201,in_bed,0.584,0.8283,0.0154,2.1328,0.813,0.3812,,0.7574,0.4106,0.3674,0.0786,0.7145,0.6677,,0.3468,0.0432,0.2888,119.644,104.8539,10.3355,1.1068
73.4,2202,in_bed,0.5806,0.8314,0.0156,2.1436,0.8158,0.3806,0.8314,0.7543,0.4068,0.3664,0.0786,0.7139,0.6679,0.4245,0.3475,0.0405,0.2878,119.2331,104.8169,10.6394,1.1135
73.433,2203,in_bed,0.5831,0.8272,0.0178,2.1229,0.8094,0.3813,,0.7568,0.4094,0.3674,0.0787,0.7159,0.6703,,0.3474,0.042,0.2887,119.3779,105.1816,10.7745,1.1032
73.467,2204,in_bed,0.5845,0.8362,0.0194,2.152,0.8168,0.3795,0.8362,0.7579,0.411,0.3688,0.0788,0.7173,0.6717,0.4251,0.3469,0.0422,0.29,119.3001,105.1943,10.7586,1.1149
73.5,2205,in_bed,0.5848,0.8364,0.0204,2.1501,0.8159,0.3795,0.8364,0.7584,0.4112,0.37,0.0788,0.7182,0.67,0.4252,0.3472,0.0412,0.2911,119.0331,104.7084,10.4277,1.1171
73.533,2206,in_bed,0.5855,0.8287,0.0204,2.1216,0.8084,0.381,,0.759,0.4121,0.3707,0.0788,0.7188,0.6693,,0.3469,0.0414,0.2918,119.1167,104.6246,10.3176,1.1076
73.567,2207,in_bed,0.5849,0.8282,0.0197,2.1219,0.8085,0.381,,0.758,0.4118,0.3703,0.0788,0.7192,0.6683,,0.3462,0.0415,0.2916,119.1897,104.4864,10.1865,1.1089
73.6,2208,in_bed,0.5789,0.8207,0.0183,2.098,0.8025,0.3825,,0.749,0.4088,0.3673,0.0787,0.597,0.5812,,0.3402,0.0415,0.2886,119.3907,104.9552,10.6229,1.0986
73.633,2209,in_bed,0.5769,0.8215,0.0177,2.1008,0.8038,0.3826,0.8215,0.7455,0.4083,0.366,0.0787,0.721,0.6652,0.4132,0.3372,0.0424,0.2873,119.6005,105.0039,10.5845,1.1002
73.667,2210,in_bed,0.58,0.8218,0.0175,2.1013,0.8042,0.3827,,0.75,0.41,0.3668,0.0787,0.7212,0.6677,,0.34,0.0432,0.2881,119.5705,105.4912,10.9434,1.0955
73.7,2211,in_bed,0.5819,0.8246,0.0153,2.1149,0.8094,0.3827,,0.7532,0.4106,0.3664,0.0786,0.7202,0.6682,,0.3426,0.0441,0.2879,119.7071,105.8188,11.1433,1.0976
73.733,2212,in_bed,0.5839,0.8262,0.0151,2.1213,0.8111,0.3824,,0.7553,0.4125,0.3671,0.0786,0.7203,0.6695,,0.3428,0.0454,0.2885,120.0464,105.672,10.8546,1.0995
73.767,2213,in_bed,0.5837,0.8262,0.0144,2.1234,0.8119,0.3823,,0.7558,0.4117,0.3665,0.0785,0.7183,0.6662,,0.3441,0.0451,0.288,119.9304,105.5739,10.7993,1.1019
73.8,2214,in_bed,0.5833,0.8263,0.0139,2.1252,0.8124,0.3823,,0.7555,0.4111,0.3663,0.0785,0.7172,0.6619,,0.3445,0.0447,0.2878,119.7124,105.47,10.7553,1.1043
73.833,2215,in_bed,0.5804,0.8263,0.0145,2.1236,0.8119,0.3823,0.8263,0.751,0.4098,0.3651,0.0785,0.7164,0.6606,0.4165,0.3412,0.0447,0.2866,119.5762,105.3083,10.613,1.1077
73.867,2216,in_bed,0.5772,0.8246,0.0147,2.1164,0.8098,0.3826,0.8246,0.7468,0.4076,0.3643,0.0785,0.5956,0.6573,0.4169,0.3392,0.0433,0.2858,119.379,105.0295,10.5322,1.1061
73.9,2217,in_bed,0.5792,0.8266,0.0148,2.1233,0.8118,0.3823,0.8266,0.7485,0.4098,0.3649,0.0785,0.7151,0.6569,0.4168,0.3387,0.0449,0.2864,119.5524,105.1742,10.4612,1.1097
73.933,2218,in_bed,0.5818,0.8223,0.0154,2.1067,0.8069,0.383,,0.7513,0.4123,0.3659,0.0786,0.7159,0.6553,,0.339,0.0464,0.2873,119.6268,105.3884,10.4726,1.1031
73.967,2219,in_bed,0.5853,0.8248,0.016,2.114,0.8089,0.3826,,0.754,0.4166,0.3674,0.0786,0.7172,0.6578,,0.3374,0.0493,0.2888,120.0029,105.5773,10.3096,1.104
74.0,2220,in_bed,0.5838,0.8297,0.017,2.129,0.8126,0.3817,0.8297,0.7526,0.415,0.3671,0.0787,0.7187,0.6609,0.4147,0.3377,0.0479,0.2884,119.6499,105.6835,10.5419,1.113
74.033,2221,in_bed,0.5851,0.8255,0.0177,2.1133,0.8078,0.3822,,0.7544,0.4159,0.3677,0.0787,0.7197,0.6646,,0.3385,0.0483,0.289,119.7051,105.704,10.5044,1.1051
74.067,2222,in_bed,0.5841,0.8249,0.0177,2.111,0.8072,0.3824,,0.7542,0.4141,0.368,0.0787,0.7192,0.6667,,0.3401,0.0461,0.2893,119.3148,105.6447,10.7146,1.104
74.1,2223,in_bed,0.5844,0.8253,0.0172,2.1138,0.8081,0.3823,,0.7545,0.4144,0.3679,0.0787,0.7198,0.6686,,0.3401,0.0465,0.2892,119.677,105.5065,10.5355,1.1046
74.133,2224,in_bed,0.5861,0.827,0.0178,2.1185,0.8091,0.3819,,0.7562,0.416,0.3684,0.0787,0.721,0.6713,,0.3401,0.0476,0.2897,119.8903,105.6015,10.4862,1.1066
74.167,2225,in_bed,0.5886,0.8286,0.0182,2.1231,0.8104,0.3817,,0.7581,0.419,0.3696,0.0787,0.7218,0.6738,,0.3391,0.0494,0.2908,120.1049,105.6152,10.281,1.1076
74.2,2226,in_bed,0.5873,0.8271,0.0179,2.1187,0.8092,0.3819,,0.757,0.4177,0.369,0.0787,0.7215,0.6753,,0.3393,0.0486,0.2903,120.2048,105.2102,10.0189,1.1047
74.233,2227,in_bed,0.5842,0.8267,0.0169,2.1186,0.8098,0.3822,0.8267,0.753,0.4154,0.3673,0.0786,0.7217,0.6759,0.4113,0.3376,0.0482,0.2886,120.1986,105.0276,9.8993,1.1088
74.267,2228,in_bed,0.5851,0.8239,0.015,2.1135,0.8089,0.3827,,0.7543,0.416,0.3663,0.0786,0.7207,0.6791,,0.3383,0.0497,0.2878,120.2229,105.4016,10.0595,1.1062
74.3,2229,in_bed,0.5859,0.8242,0.0146,2.1156,0.8096,0.3827,,0.7547,0.4171,0.3652,0.0785,0.7192,0.6801,,0.3376,0.0519,0.2867,120.3757,105.7758,10.1187,1.1081
74.333,2230,in_bed,0.5849,0.8231,0.0133,2.1157,0.8097,0.3827,,0.7533,0.4164,0.3639,0.0785,0.717,0.6776,,0.3369,0.0525,0.2855,120.5955,105.6214,9.8945,1.1105
74.367,2231,in_bed,0.585,0.8234,0.013,2.1186,0.8104,0.3825,,0.7525,0.4174,0.3641,0.0784,0.7183,0.6743,,0.3351,0.0533,0.2857,120.7291,105.257,9.4856,1.1147
74.4,2232,in_bed,0.5864,0.8258,0.0139,2.1258,0.8119,0.3819,,0.7554,0.4175,0.3658,0.0785,0.7182,0.6737,,0.3379,0.0517,0.2873,120.4878,104.8213,9.2822,1.1161
74.433,2233,in_bed,0.5846,0.8239,0.0131,2.1209,0.8108,0.3823,,0.7536,0.4157,0.3651,0.0784,0.7183,0.673,,0.3379,0.0506,0.2867,120.4411,104.7914,9.3909,1.1139
74.467,2234,in_bed,0.5843,0.8241,0.0125,2.1228,0.8116,0.3823,,0.7543,0.4142,0.3652,0.0784,0.717,0.6703,,0.3401,0.049,0.2868,120.255,104.7054,9.4991,1.1138
74.5,2235,in_bed,0.5874,0.8275,0.013,2.1341,0.8145,0.3817,,0.7579,0.4169,0.3666,0.0784,0.7166,0.6688,,0.3409,0.0504,0.2881,120.4669,104.6302,9.2558,1.1187
74.533,2236,in_bed,0.5847,0.8257,0.0117,2.1305,0.8139,0.382,,0.7558,0.4136,0.3656,0.0784,0.7152,0.6659,,0.3422,0.048,0.2872,120.4131,104.3704,9.3041,1.1176
74.567,2237,in_bed,0.5858,0.8269,0.0129,2.1324,0.814,0.3817,,0.7563,0.4152,0.3664,0.0784,0.717,0.6667,,0.341,0.0489,0.2879,120.6397,104.3312,9.1606,1.1207
74.6,2238,in_bed,0.5897,0.8309,0.0126,2.1472,0.8183,0.3811,,0.7612,0.4183,0.3676,0.0784,0.7155,0.6667,,0.3429,0.0507,0.2892,120.797,104.6458,9.2242,1.1259
74.633,2239,in_bed,0.5914,0.8323,0.0127,2.1517,0.8196,0.3809,,0.7628,0.4201,0.3689,0.0784,0.7157,0.6677,,0.3427,0.0511,0.2905,120.5839,104.6754,9.1913,1.1299
74.667,2240,in_bed,0.592,0.8328,0.0132,2.1524,0.8196,0.3808,,0.7636,0.4205,0.3701,0.0784,0.7157,0.6694,,0.3431,0.0504,0.2916,120.4583,104.6389,9.2437,1.1293
74.7,2241,in_bed,0.5925,0.8346,0.0126,2.1599,0.8219,0.3805,,0.7649,0.4201,0.3705,0.0784,0.7158,0.6697,,0.3447,0.0496,0.2921,120.4262,104.9343,9.6139,1.1318
74.733,2242,in_bed,0.5952,0.8382,0.0134,2.1713,0.8248,0.3799,,0.7687,0.4218,0.3716,0.0784,0.7147,0.6695,,0.3469,0.0502,0.2931,120.4459,105.4165,9.9713,1.134
74.767,2243,in_bed,0.5967,0.8398,0.014,2.1759,0.8258,0.3795,,0.7705,0.4229,0.3722,0.0785,0.714,0.6695,,0.3476,0.0507,0.2937,120.3351,105.533,10.0311,1.1346
74.8,2244,in_bed,0.5969,0.8397,0.0137,2.1764,0.826,0.3795,,0.7715,0.4222,0.3719,0.0785,0.7124,0.666,,0.3493,0.0503,0.2935,120.3862,105.6217,10.1405,1.1332
74.833,2245,in_bed,0.5956,0.8384,0.0142,2.1711,0.8243,0.3797,,0.7697,0.4216,0.3723,0.0785,0.7125,0.6636,,0.348,0.0494,0.2938,120.1675,105.2075,9.874,1.1342
74.867,2246,in_bed,0.5963,0.8386,0.015,2.1701,0.8236,0.3795,,0.7694,0.4233,0.3735,0.0785,0.713,0.6631,,0.346,0.0499,0.295,120.0021,105.1441,9.7525,1.1376
74.9,2247,in_bed,0.5961,0.8376,0.0146,2.167,0.8231,0.3798,,0.7687,0.4235,0.3739,0.0785,0.7132,0.6626,,0.3452,0.0496,0.2954,119.9111,105.1848,9.8267,1.1371
74.933,2248,in_bed,0.5943,0.8359,0.0142,2.1622,0.8217,0.38,,0.7664,0.4222,0.3728,0.0785,0.7133,0.6595,,0.3442,0.0494,0.2943,120.1065,105.0569,9.7261,1.1351
74.967,2249,in_bed,0.5933,0.8347,0.014,2.158,0.8207,0.3803,0.833,0.7646,0.4219,0.3727,0.0785,0.7153,0.6614,0.4112,0.3428,0.0492,0.2942,120.2049,105.0149,9.7212,1.1326
75.0,2250,in_bed,0.594,0.8347,0.0151,2.1558,0.8196,0.3802,,0.7648,0.4231,0.373,0.0785,0.7167,0.6617,,0.3417,0.0501,0.2945,120.145,104.962,9.5681,1.1339
75.033,2251,in_bed,0.5957,0.8368,0.0165,2.1602,0.8203,0.3798,,0.7665,0.4249,0.3743,0.0786,0.7179,0.6634,,0.3416,0.0506,0.2957,120.1584,104.8897,9.4406,1.1348
75.067,2252,in_bed,0.5993,0.8399,0.0172,2.1706,0.8227,0.379,,0.7697,0.429,0.3747,0.0786,0.7167,0.6675,,0.3407,0.0543,0.2961,120.4825,105.4231,9.5003,1.1363
75.1,2253,in_bed,0.6014,0.842,0.0179,2.1762,0.824,0.3786,,0.7716,0.4311,0.3758,0.0787,0.7171,0.6716,,0.3405,0.0553,0.2971,120.3843,105.5084,9.4623,1.139
75.133,2254,in_bed,0.6035,0.844,0.0191,2.1815,0.8249,0.3781,,0.7742,0.4329,0.3765,0.0787,0.7173,0.671,,0.3413,0.0564,0.2978,120.5977,105.673,9.4593,1.1416
75.167,2255,in_bed,0.6057,0.8457,0.0199,2.1852,0.8258,0.3779,,0.7759,0.4356,0.3773,0.0787,0.7186,0.6713,,0.3402,0.0583,0.2986,120.7232,105.8815,9.4157,1.1446
75.2,2256,in_bed,0.6024,0.8429,0.0195,2.1762,0.8234,0.3783,,0.7735,0.4313,0.3755,0.0787,0.7173,0.666,,0.3422,0.0557,0.2968,120.6387,105.7158,9.5576,1.1395
75.233,2257,in_bed,0.601,0.8418,0.0191,2.1725,0.8227,0.3787,,0.7723,0.4297,0.3744,0.0787,0.7151,0.6613,,0.3426,0.0553,0.2957,120.6879,106.0948,9.9445,1.1347
75.267,2258,in_bed,0.6007,0.8412,0.0187,2.1709,0.8225,0.3789,,0.7721,0.4293,0.3744,0.0787,0.7141,0.6606,,0.3428,0.055,0.2957,120.7169,106.191,10.0769,1.1318
75.3,2259,in_bed,0.6002,0.8406,0.0182,2.1697,0.8224,0.379,,0.7715,0.4288,0.3737,0.0787,0.7135,0.6606,,0.3428,0.0551,0.295,120.8031,106.3795,10.2233,1.1296
75.333,2260,in_bed,0.6009,0.8417,0.0175,2.1749,0.8242,0.3789,,0.7724,0.4295,0.3732,0.0786,0.713,0.6589,,0.3429,0.0562,0.2946,120.7743,106.4757,10.1903,1.1319
75.367,2261,in_bed,0.5994,0.8417,0.0172,2.1757,0.8245,0.3789,,0.7719,0.4268,0.3728,0.0786,0.7122,0.6571,,0.3451,0.054,0.2942,120.3245,106.3449,10.3505,1.132
75.4,2262,in_bed,0.5993,0.8413,0.0172,2.1747,0.8241,0.379,,0.7719,0.4266,0.3732,0.0786,0.7116,0.6559,,0.3452,0.0535,0.2945,120.0377,106.0563,10.1553,1.1332
75.433,2263,in_bed,0.5975,0.8405,0.0166,2.1725,0.8239,0.3793,,0.7711,0.4239,0.3733,0.0786,0.7117,0.6542,,0.3471,0.0506,0.2948,119.5519,105.8551,10.3111,1.1343
75.467,2264,in_bed,0.5965,0.8402,0.0163,2.1722,0.8239,0.3793,,0.7708,0.4221,0.3731,0.0786,0.7112,0.6546,,0.3487,0.049,0.2945,119.3507,105.5678,10.2497,1.1331
75.5,2265,in_bed,0.5962,0.8398,0.0153,2.1729,0.8245,0.3794,,0.7704,0.422,0.3733,0.0785,0.7106,0.6553,,0.3484,0.0487,0.2948,119.2991,105.4867,10.2278,1.1332
75.533,2266,in_bed,0.5944,0.8382,0.0144,2.1689,0.8239,0.3799,,0.7689,0.4198,0.373,0.0785,0.7106,0.6548,,0.3491,0.0468,0.2945,119.1544,105.3384,10.3121,1.1324
75.567,2267,in_bed,0.5932,0.8366,0.0134,2.1655,0.8232,0.3801,,0.7678,0.4186,0.3727,0.0784,0.7106,0.657,,0.3492,0.0459,0.2943,119.0505,105.3804,10.4714,1.131
75.6,2268,in_bed,0.5925,0.8373,0.013,2.1673,0.8244,0.3804,0.8373,0.7663,0.4186,0.3712,0.0784,0.7127,0.6578,0.4187,0.3477,0.0474,0.2928,119.4788,105.7156,10.5799,1.1343
75.633,2269,in_bed,0.5936,0.8358,0.0126,2.1638,0.8232,0.3804,,0.7673,0.4199,0.3706,0.0784,0.7128,0.6629,,0.3474,0.0493,0.2922,119.8846,105.9764,10.5842,1.1309
75.667,2270,in_bed,0.5967,0.8373,0.0136,2.1674,0.8237,0.38,,0.7693,0.4242,0.3711,0.0784,0.7118,0.6663,,0.3451,0.0531,0.2926,120.5187,106.2645,10.381,1.1301
75.7,2271,in_bed,0.596,0.8376,0.0129,2.1696,0.8247,0.3801,,0.7691,0.423,0.3707,0.0784,0.712,0.6667,,0.3461,0.0523,0.2923,120.6087,106.225,10.4522,1.1291
75.733,2272,in_bed,0.5959,0.8382,0.0127,2.1703,0.8255,0.3803,0.8382,0.769,0.4228,0.3705,0.0784,0.7128,0.6686,0.4154,0.3461,0.0524,0.2921,120.5964,106.1192,10.3431,1.1311
75.767,2273,in_bed,0.5957,0.8373,0.0128,2.1681,0.8245,0.3803,,0.7686,0.4228,0.3711,0.0784,0.7132,0.6678,,0.3457,0.0518,0.2927,120.6435,106.0261,10.3211,1.1307
75.8,2274,in_bed,0.5964,0.8381,0.0132,2.1707,0.8249,0.38,,0.7695,0.4233,0.3713,0.0784,0.7133,0.6693,,0.3462,0.0519,0.2929,120.6808,106.224,10.4722,1.1325
75.833,2275,in_bed,0.593,0.8347,0.0127,2.16,0.822,0.3806,,0.7647,0.4213,0.3699,0.0784,0.7168,0.6674,,0.3434,0.0514,0.2915,120.6732,105.7223,10.0975,1.1325
75.867,2276,in_bed,0.5909,0.8316,0.0127,2.1481,0.8189,0.3812,,0.761,0.4207,0.3705,0.0784,0.7187,0.6674,,0.3403,0.0503,0.2921,120.5097,105.4213,9.9533,1.1309
75.9,2277,in_bed,0.5888,0.8293,0.0118,2.1416,0.8174,0.3817,,0.7575,0.4201,0.3688,0.0784,0.7186,0.6661,,0.3374,0.0513,0.2905,120.8204,105.5785,9.9856,1.1271
75.933,2278,in_bed,0.5888,0.8295,0.012,2.1414,0.8175,0.3818,,0.7575,0.42,0.3686,0.0784,0.7176,0.6645,,0.3375,0.0514,0.2903,121.1583,105.64,10.012,1.1243
75.967,2279,in_bed,0.5857,0.8279,0.0121,2.1357,0.8158,0.382,,0.7545,0.4169,0.3679,0.0784,0.7179,0.6605,,0.3377,0.049,0.2895,121.0711,105.2814,9.9834,1.1195
76.0,2280,in_bed,0.5832,0.825,0.0118,2.1255,0.8132,0.3826,0.825,0.7521,0.4143,0.3664,0.0784,0.7181,0.6636,0.4106,0.3378,0.0479,0.288,120.9403,105.3275,10.1818,1.1133
76.033,2281,in_bed,0.5815,0.8242,0.0119,2.1231,0.8124,0.3826,0.824,0.7511,0.4119,0.365,0.0784,0.7185,0.662,0.4121,0.3392,0.0469,0.2866,120.9522,105.269,10.2837,1.1072
76.067,2282,in_bed,0.576,0.8209,0.0105,2.1128,0.8104,0.3836,0.8209,0.7454,0.4066,0.3628,0.0783,0.5935,0.6573,0.4143,0.3388,0.0438,0.2845,120.6272,105.3166,10.6981,1.105
76.1,2283,in_bed,0.578,0.8206,0.0114,2.1122,0.8092,0.3831,,0.7477,0.4082,0.3633,0.0784,0.7152,0.6558,,0.3395,0.0449,0.2849,120.8443,105.2344,10.4838,1.1056
76.133,2284,in_bed,0.5773,0.8189,0.0117,2.1059,0.8072,0.3833,,0.747,0.4076,0.3636,0.0784,0.7151,0.6584,,0.3394,0.044,0.2852,120.8173,105.1396,10.4984,1.1016
76.167,2285,in_bed,0.5786,0.8204,0.0125,2.1094,0.8079,0.383,0.8204,0.7491,0.4081,0.3647,0.0784,0.7138,0.6552,0.4123,0.3411,0.0433,0.2863,120.8148,104.7422,10.2138,1.1037
76.2,2286,in_bed,0.5791,0.8202,0.0133,2.1075,0.8068,0.3828,,0.7498,0.4085,0.3663,0.0785,0.7134,0.6538,,0.3413,0.0422,0.2878,120.5559,104.5593,10.1837,1.1018
76.233,2287,in_bed,0.5811,0.8219,0.0139,2.1129,0.8081,0.3825,,0.7521,0.41,0.3674,0.0785,0.7126,0.6525,,0.3421,0.0426,0.2889,120.5079,104.7135,10.2682,1.1025
76.267,2288,in_bed,0.5826,0.8231,0.0134,2.1184,0.8097,0.3822,,0.753,0.4123,0.3678,0.0785,0.7121,0.6517,,0.3407,0.0445,0.2894,120.626,104.7279,10.0584,1.1056
76.3,2289,in_bed,0.5855,0.826,0.0144,2.1267,0.8117,0.3817,,0.7563,0.4146,0.3689,0.0785,0.7124,0.6546,,0.3417,0.0457,0.2904,120.3525,104.89,10.0414,1.1123
76.333,2290,in_bed,0.5853,0.827,0.0139,2.1309,0.8131,0.3816,,0.7574,0.4131,0.3676,0.0785,0.7117,0.6553,,0.3443,0.0455,0.2891,120.075,105.1042,10.2627,1.1133
76.367,2291,in_bed,0.5856,0.8275,0.0139,2.1332,0.8137,0.3814,,0.7581,0.4131,0.3674,0.0785,0.7102,0.6552,,0.345,0.0457,0.2889,120.0354,104.9903,10.1333,1.1138
76.4,2292,in_bed,0.584,0.8288,0.0135,2.1359,0.8152,0.3817,0.8288,0.7568,0.4112,0.3668,0.0785,0.7101,0.6533,0.4176,0.3456,0.0444,0.2883,119.9705,105.1108,10.4155,1.1142
76.433,2293,in_bed,0.5783,0.8221,0.0121,2.1152,0.81,0.383,0.8221,0.751,0.4056,0.3644,0.0784,0.593,0.6482,0.4166,0.3455,0.0411,0.286,119.9626,104.7417,10.4863,1.1045
76.467,2294,in_bed,0.5738,0.8185,0.0113,2.1033,0.8072,0.3838,0.8185,0.7457,0.4019,0.3627,0.0784,0.59,0.6434,0.4166,0.3439,0.0392,0.2843,119.7506,104.4211,10.4318,1.1018
76.5,2295,in_bed,0.5725,0.819,0.0103,2.1077,0.8086,0.3837,0.819,0.7447,0.4003,0.3619,0.0783,0.7056,0.6411,0.4186,0.3443,0.0384,0.2836,119.5427,104.2194,10.3559,1.1031
76.533,2296,in_bed,0.5729,0.8191,0.0111,2.1067,0.8079,0.3835,0.8191,0.745,0.4008,0.3616,0.0784,0.706,0.6413,0.4183,0.3442,0.0392,0.2833,119.6888,104.04,10.0904,1.1032
76.567,2297,in_bed,0.5713,0.816,0.0106,2.0969,0.8054,0.3841,0.816,0.7418,0.4009,0.3604,0.0783,0.7068,0.6425,0.4152,0.341,0.0405,0.2821,119.9855,103.9469,9.8488,1.1008
76.6,2298,in_bed,0.5663,0.8106,0.0106,2.0765,0.7999,0.3852,0.8106,0.7344,0.3981,0.3578,0.0783,0.583,0.6387,0.4125,0.3363,0.0403,0.2795,120.1625,104.0139,9.9443,1.0926
76.633,2299,in_bed,0.5652,0.8085,0.011,2.0687,0.7975,0.3855,0.8085,0.7331,0.3974,0.3572,0.0784,0.5829,0.6391,0.4112,0.3357,0.0401,0.2789,120.3641,103.6989,9.6701,1.0884
76.667,2300,in_bed,0.566,0.8092,0.0112,2.0711,0.798,0.3853,0.8092,0.7336,0.3984,0.3572,0.0784,0.7067,0.641,0.4108,0.3353,0.0412,0.2788,120.6723,103.7274,9.5648,1.0882
76.7,2301,in_bed,0.5672,0.8097,0.0107,2.0737,0.799,0.3853,0.8097,0.7343,0.4001,0.3585,0.0784,0.7084,0.6417,0.4096,0.3342,0.0416,0.2801,120.5189,103.4972,9.3188,1.0912
76.733,2302,in_bed,0.568,0.8102,0.0109,2.0752,0.7993,0.3852,0.8102,0.7348,0.4012,0.3582,0.0784,0.7107,0.6432,0.409,0.3335,0.043,0.2799,120.7181,103.6899,9.3379,1.0914
76.767,2303,in_bed,0.5678,0.8088,0.0105,2.0704,0.7983,0.3856,0.8088,0.7342,0.4014,0.3578,0.0783,0.7126,0.644,0.4074,0.3328,0.0436,0.2795,120.7988,103.7973,9.3628,1.0918
76.8,2304,in_bed,0.5693,0.8102,0.0082,2.0827,0.8019,0.385,,0.737,0.4016,0.3583,0.0782,0.7115,0.6433,,0.3354,0.0433,0.2801,121.0032,103.9303,9.5371,1.0897
76.833,2305,in_bed,0.5669,0.8126,0.0064,2.0943,0.8062,0.385,0.8126,0.7361,0.3978,0.3561,0.0781,0.7089,0.6394,0.4148,0.3383,0.0417,0.278,121.2084,103.8254,9.6546,1.0899
76.867,2306,in_bed,0.5644,0.8066,0.0043,2.0802,0.8024,0.3857,,0.7339,0.3949,0.3543,0.078,0.7068,0.6374,,0.339,0.0406,0.2763,121.1451,103.3221,9.3371,1.0839
76.9,2307,in_bed,0.5683,0.8114,0.0054,2.0947,0.8061,0.3848,,0.7382,0.3984,0.357,0.0781,0.708,0.6391,,0.3398,0.0414,0.2789,120.9821,103.2295,9.1443,1.091
76.933,2308,in_bed,0.5702,0.8141,0.0063,2.1018,0.8078,0.3844,,0.7413,0.3992,0.358,0.0781,0.7091,0.642,,0.3421,0.0412,0.2799,120.8791,103.128,9.0834,1.0902
76.967,2309,in_bed,0.5735,0.8189,0.0076,2.116,0.8114,0.3834,,0.7467,0.4002,0.3595,0.0782,0.7102,0.6439,,0.3465,0.0407,0.2813,120.7372,103.1357,9.143,1.092
77.0,2310,in_bed,0.5761,0.8205,0.0095,2.1176,0.811,0.383,,0.7484,0.4037,0.3608,0.0783,0.7113,0.6471,,0.3447,0.0429,0.2825,120.9217,103.0953,8.8408,1.093
77.033,2311,in_bed,0.5802,0.825,0.0117,2.1285,0.8133,0.3821,,0.7526,0.4077,0.3632,0.0784,0.7142,0.6499,,0.345,0.0445,0.2848,120.7552,103.2491,8.7863,1.0997
77.067,2312,in_bed,0.5807,0.8252,0.0126,2.1269,0.8126,0.382,,0.752,0.4094,0.3642,0.0784,0.7155,0.6497,,0.3427,0.0452,0.2858,120.772,103.1749,8.6448,1.0995
77.1,2313,in_bed,0.5848,0.8284,0.0139,2.1351,0.8145,0.3815,,0.7553,0.4142,0.3665,0.0785,0.7161,0.651,,0.3411,0.0477,0.288,120.7511,103.4938,8.6188,1.1067
77.133,2314,in_bed,0.5861,0.8302,0.0144,2.1406,0.8158,0.3811,,0.7573,0.4149,0.3675,0.0785,0.7156,0.6544,,0.3424,0.0474,0.289,120.5266,103.7561,8.879,1.1087
77.167,2315,in_bed,0.5887,0.8332,0.0151,2.15,0.818,0.3805,,0.7606,0.4169,0.3681,0.0786,0.7152,0.6556,,0.3437,0.0487,0.2896,120.5596,104.0985,9.0286,1.1116
77.2,2316,in_bed,0.5905,0.8342,0.0159,2.1524,0.8183,0.3802,,0.7615,0.4195,0.3689,0.0786,0.7154,0.6538,,0.3419,0.0506,0.2903,121.0797,104.2816,8.9632,1.1123
77.233,2317,in_bed,0.5889,0.8321,0.0154,2.1453,0.8167,0.3807,,0.7593,0.4185,0.3687,0.0786,0.714,0.6512,,0.3408,0.0498,0.2901,121.1365,104.418,9.1567,1.1116
77.267,2318,in_bed,0.59,0.8318,0.0148,2.1453,0.817,0.3808,,0.7598,0.4201,0.3696,0.0785,0.712,0.6506,,0.3397,0.0505,0.2911,121.1042,104.614,9.2476,1.1113
77.3,2319,in_bed,0.5933,0.8339,0.0163,2.1492,0.8176,0.3804,,0.7634,0.4232,0.372,0.0786,0.712,0.655,,0.3402,0.0512,0.2934,120.9222,104.7481,9.2797,1.1135
77.333,2320,in_bed,0.5949,0.835,0.0173,2.1512,0.8177,0.3801,,0.7648,0.425,0.3729,0.0786,0.7116,0.6555,,0.3398,0.0521,0.2943,120.8631,104.8024,9.218,1.1156
77.367,2321,in_bed,0.5978,0.8363,0.0191,2.1517,0.8171,0.3798,,0.7663,0.4294,0.3748,0.0787,0.714,0.6563,,0.3369,0.0546,0.2961,121.0835,104.7398,8.884,1.117
77.4,2322,in_bed,0.5942,0.8318,0.0188,2.1375,0.813,0.3804,,0.7613,0.4272,0.3744,0.0787,0.7156,0.657,,0.3341,0.0528,0.2957,120.9416,104.1199,8.5554,1.1147
77.433,2323,in_bed,0.5924,0.8297,0.018,2.1318,0.8116,0.3807,,0.7587,0.4262,0.3728,0.0787,0.7176,0.6573,,0.3326,0.0533,0.2942,121.0397,104.1375,8.5223,1.1119
77.467,2324,in_bed,0.5903,0.8273,0.0169,2.1262,0.8104,0.3811,,0.7562,0.4243,0.3712,0.0786,0.7184,0.6563,,0.3319,0.0531,0.2926,121.0853,104.1538,8.5661,1.1113
77.5,2325,in_bed,0.5904,0.8284,0.017,2.1298,0.8115,0.381,,0.7571,0.4237,0.3705,0.0786,0.7199,0.658,,0.3334,0.0532,0.2919,121.0939,104.3273,8.6983,1.1133
77.533,2326,in_bed,0.5897,0.828,0.0174,2.127,0.8106,0.3811,,0.7562,0.4232,0.3702,0.0786,0.72,0.6592,,0.3331,0.053,0.2916,121.0268,104.5121,8.8805,1.1129
77.567,2327,in_bed,0.5898,0.8282,0.017,2.1286,0.8112,0.3811,,0.756,0.4235,0.3702,0.0786,0.7209,0.6589,,0.3325,0.0533,0.2916,121.0862,104.4692,8.8081,1.115
77.6,2328,in_bed,0.5863,0.825,0.017,2.1172,0.808,0.3816,,0.7524,0.4202,0.3693,0.0786,0.6009,0.6567,,0.3322,0.0509,0.2906,120.949,104.0127,8.6621,1.1118
77.633,2329,in_bed,0.5844,0.8221,0.0162,2.108,0.8059,0.3823,,0.7507,0.4182,0.3677,0.0786,0.7198,0.6569,,0.3326,0.0504,0.2891,121.0357,104.2372,8.9221,1.1053
77.667,2330,in_bed,0.5831,0.8217,0.0153,2.1081,0.8065,0.3825,,0.7502,0.416,0.3663,0.0786,0.719,0.656,,0.3343,0.0497,0.2877,121.1095,104.4079,9.1633,1.104
77.7,2331,in_bed,0.5818,0.8248,0.0142,2.12,0.8106,0.3824,0.8248,0.749,0.4146,0.3661,0.0785,0.7189,0.6561,0.4102,0.3343,0.0485,0.2876,120.7904,104.4101,9.2972,1.1138
77.733,2332,in_bed,0.583,0.8263,0.0134,2.1264,0.8129,0.3823,0.8263,0.7505,0.4155,0.3663,0.0785,0.7195,0.6582,0.4107,0.3349,0.0492,0.2879,120.8021,104.5847,9.3784,1.1174
77.767,2333,in_bed,0.5852,0.8242,0.0121,2.1226,0.8121,0.3826,,0.7536,0.4169,0.3673,0.0784,0.719,0.6601,,0.3366,0.0497,0.2889,120.5979,104.8212,9.5514,1.115
77.8,2334,in_bed,0.5906,0.8292,0.013,2.1377,0.8161,0.3818,,0.7591,0.4221,0.3694,0.0784,0.7199,0.6605,,0.3369,0.0527,0.291,120.8396,105.1182,9.4603,1.1212
77.833,2335,in_bed,0.5917,0.8312,0.0136,2.1439,0.8176,0.3814,,0.7609,0.4225,0.3701,0.0785,0.72,0.6603,,0.3384,0.0525,0.2916,120.7592,105.0507,9.4255,1.1231
77.867,2336,in_bed,0.5908,0.832,0.013,2.1493,0.819,0.3811,,0.7618,0.4198,0.3701,0.0784,0.717,0.6563,,0.3421,0.0496,0.2917,120.3426,104.7994,9.5266,1.1274
77.9,2337,in_bed,0.5941,0.836,0.0137,2.1627,0.8223,0.3802,,0.7658,0.4223,0.37,0.0784,0.7158,0.6576,,0.3436,0.0523,0.2916,120.5351,105.2513,9.6093,1.1331
77.933,2338,in_bed,0.5951,0.8364,0.0139,2.1638,0.8224,0.3801,,0.7662,0.424,0.3702,0.0784,0.7153,0.6563,,0.3423,0.0537,0.2918,120.7753,105.0213,9.2471,1.1321
77.967,2339,in_bed,0.5956,0.8361,0.014,2.1636,0.8221,0.38,,0.7655,0.4257,0.3703,0.0785,0.7148,0.6553,,0.3398,0.0554,0.2918,120.9812,104.828,8.8918,1.1321
78.0,2340,in_bed,0.5952,0.8385,0.013,2.171,0.8255,0.3802,0.8385,0.7664,0.4239,0.3692,0.0784,0.7141,0.6528,0.4146,0.3425,0.0547,0.2908,120.8233,105.2811,9.3901,1.1345
78.033,2341,in_bed,0.5936,0.8357,0.0117,2.1646,0.824,0.3807,,0.7664,0.4207,0.3685,0.0784,0.7114,0.6491,,0.3457,0.0523,0.2901,120.7164,105.2688,9.6579,1.1279
78.067,2342,in_bed,0.5944,0.8371,0.0128,2.1674,0.8243,0.3803,,0.7683,0.4206,0.3688,0.0784,0.7098,0.6514,,0.3477,0.0518,0.2904,120.6006,105.524,9.9241,1.1263
78.1,2343,in_bed,0.5959,0.8388,0.0141,2.171,0.8247,0.3799,,0.7695,0.4223,0.3694,0.0785,0.7103,0.6538,,0.3472,0.0529,0.2909,120.7339,105.742,9.991,1.1257
78.133,2344,in_bed,0.5957,0.839,0.0147,2.1708,0.8243,0.3797,,0.7693,0.4221,0.3707,0.0785,0.7101,0.6535,,0.3472,0.0514,0.2922,120.6799,105.4181,9.8698,1.1247
78.167,2345,in_bed,0.5959,0.8398,0.0158,2.1707,0.824,0.3796,,0.7702,0.4215,0.3723,0.0786,0.7095,0.6527,,0.3487,0.0492,0.2938,120.3254,105.4318,10.139,1.1231
78.2,2346,in_bed,0.5972,0.8439,0.016,2.1839,0.8279,0.3791,0.8439,0.7714,0.4229,0.3731,0.0786,0.7085,0.6538,0.421,0.3485,0.0499,0.2945,120.3274,105.4141,10.0436,1.1296
78.233,2347,in_bed,0.5997,0.8429,0.016,2.1804,0.8269,0.3792,,0.7733,0.4262,0.3743,0.0786,0.7094,0.6555,,0.3471,0.0519,0.2958,120.2963,105.4234,9.8236,1.1274
78.267,2348,in_bed,0.5995,0.8415,0.0151,2.1776,0.8264,0.3795,,0.7716,0.4273,0.3736,0.0785,0.7099,0.6568,,0.3443,0.0537,0.2951,120.5065,105.346,9.5425,1.1287
78.3,2349,in_bed,0.5974,0.8395,0.0152,2.1711,0.8244,0.3797,,0.7696,0.4253,0.3727,0.0785,0.7115,0.6571,,0.3443,0.0525,0.2942,120.3496,105.1582,9.5015,1.13
78.333,2350,in_bed,0.5985,0.8399,0.016,2.1718,0.8239,0.3794,,0.77,0.427,0.372,0.0786,0.7124,0.657,,0.343,0.055,0.2934,120.59,105.353,9.3606,1.1322
78.367,2351,in_bed,0.5965,0.8382,0.0153,2.1678,0.8229,0.3796,,0.7682,0.4248,0.3706,0.0785,0.712,0.6576,,0.3434,0.0542,0.2921,120.548,105.2289,9.3364,1.131
78.4,2352,in_bed,0.5899,0.8349,0.012,2.1629,0.8228,0.3804,0.8349,0.762,0.4178,0.367,0.0784,0.7093,0.653,0.417,0.3442,0.0508,0.2886,120.2654,104.8907,9.4361,1.1327
78.433,2353,in_bed,0.5843,0.8257,0.0119,2.1314,0.8139,0.3819,,0.7551,0.4135,0.3666,0.0784,0.5979,0.6551,,0.3416,0.0469,0.2882,119.6115,104.3193,9.3871,1.1236
78.467,2354,in_bed,0.5822,0.8251,0.0123,2.1279,0.8128,0.382,,0.7538,0.4105,0.3662,0.0784,0.7139,0.6584,,0.3434,0.0442,0.2878,119.4607,104.2588,9.6478,1.1196
78.5,2355,in_bed,0.5842,0.828,0.0126,2.137,0.8154,0.3816,,0.7567,0.4116,0.3679,0.0784,0.7148,0.6586,,0.3451,0.0437,0.2895,119.2952,104.2206,9.6955,1.1202
78.533,2356,in_bed,0.5871,0.8307,0.0126,2.1458,0.8181,0.3813,,0.76,0.4141,0.3699,0.0784,0.7159,0.6603,,0.3458,0.0443,0.2915,119.0892,104.5659,9.957,1.1216
78.567,2357,in_bed,0.5895,0.8333,0.0124,2.1547,0.8209,0.381,,0.7631,0.4159,0.3714,0.0784,0.7161,0.6634,,0.3472,0.0445,0.293,118.9129,104.9204,10.252,1.1256
78.6,2358,in_bed,0.5916,0.835,0.0118,2.1621,0.8231,0.3807,,0.7656,0.4176,0.3721,0.0783,0.7146,0.6641,,0.348,0.0455,0.2937,118.9838,105.0798,10.2643,1.1309
78.633,2359,in_bed,0.5944,0.8382,0.0125,2.172,0.8257,0.3801,,0.7686,0.4203,0.3734,0.0784,0.7154,0.6636,,0.3483,0.0469,0.295,119.1339,105.1835,10.1843,1.1345
78.667,2360,in_bed,0.5953,0.8395,0.012,2.1758,0.8274,0.3803,0.8395,0.7698,0.4208,0.3726,0.0784,0.714,0.6636,0.4186,0.349,0.0482,0.2943,119.4384,105.4946,10.3269,1.1324
78.7,2361,in_bed,0.5952,0.8381,0.0123,2.1718,0.8258,0.3802,,0.7692,0.4212,0.3723,0.0784,0.7135,0.6632,,0.3479,0.049,0.2939,119.5702,105.6842,10.4258,1.1264
78.733,2362,in_bed,0.5971,0.8409,0.0139,2.177,0.827,0.3799,0.8409,0.77,0.4242,0.3733,0.0785,0.7155,0.6644,0.4167,0.3458,0.0509,0.2948,119.9791,105.8488,10.3496,1.1266
78.767,2363,in_bed,0.5967,0.839,0.0136,2.1716,0.8254,0.3801,,0.7702,0.4231,0.3729,0.0785,0.7154,0.6653,,0.3471,0.0502,0.2945,119.9057,105.6333,10.2394,1.122
78.8,2364,in_bed,0.5922,0.8342,0.0135,2.1533,0.8207,0.3811,,0.7645,0.42,0.3716,0.0785,0.604,0.5836,,0.3445,0.0484,0.2931,119.9312,105.6946,10.4864,1.1167
78.833,2365,in_bed,0.5893,0.8314,0.0125,2.1461,0.8188,0.3815,,0.761,0.4177,0.3718,0.0784,0.7168,0.6612,,0.3433,0.0459,0.2934,119.6045,105.23,10.3785,1.1182
78.867,2366,in_bed,0.5887,0.8311,0.0126,2.1453,0.8184,0.3815,,0.7603,0.4171,0.3714,0.0784,0.7164,0.6596,,0.3432,0.0457,0.293,119.7814,105.0309,10.2054,1.1206
78.9,2367,in_bed,0.589,0.8321,0.0125,2.1491,0.8197,0.3814,,0.7611,0.4169,0.3711,0.0784,0.7161,0.6618,,0.3442,0.0458,0.2927,119.7932,105.1942,10.3516,1.1196
78.933,2368,in_bed,0.5882,0.8314,0.0133,2.1445,0.8182,0.3815,,0.7603,0.4161,0.3712,0.0784,0.7167,0.6657,,0.3442,0.0449,0.2928,119.8114,105.0811,10.3606,1.116
78.967,2369,in_bed,0.5866,0.8306,0.013,2.1426,0.8175,0.3816,0.8297,0.7589,0.4143,0.3707,0.0784,0.7164,0.6649,0.4153,0.3446,0.0436,0.2923,119.8365,105.0515,10.4733,1.117
79.0,2370,in_bed,0.5879,0.8321,0.0136,2.1462,0.8185,0.3814,,0.7598,0.416,0.3711,0.0785,0.7167,0.6642,,0.3439,0.0449,0.2926,120.1917,105.2241,10.4822,1.1149
79.033,2371,in_bed,0.5902,0.8345,0.0144,2.1527,0.82,0.3809,,0.7628,0.4177,0.3704,0.0785,0.717,0.6652,,0.3451,0.0473,0.2919,120.5808,105.764,10.6776,1.1153
79.067,2372,in_bed,0.5918,0.8356,0.0148,2.1551,0.8208,0.3809,,0.7647,0.4189,0.3712,0.0785,0.7175,0.6663,,0.3457,0.0478,0.2926,120.6687,105.8035,10.6541,1.1143
79.1,2373,in_bed,0.5939,0.8374,0.0149,2.1608,0.8225,0.3806,,0.7669,0.4209,0.372,0.0785,0.7178,0.665,,0.346,0.0489,0.2935,120.6973,105.8372,10.5604,1.1164
79.133,2374,in_bed,0.594,0.8379,0.0149,2.1622,0.823,0.3806,,0.7676,0.4205,0.3726,0.0785,0.7174,0.6669,,0.3471,0.0478,0.2941,120.5585,105.8503,10.6976,1.1141
79.167,2375,in_bed,0.5916,0.8367,0.0144,2.1596,0.8223,0.3808,,0.7665,0.4166,0.3724,0.0785,0.716,0.6635,,0.3499,0.0442,0.2939,120.1067,105.387,10.7255,1.1121
79.2,2376,in_bed,0.5907,0.838,0.0168,2.1583,0.8213,0.3805,0.838,0.7645,0.4168,0.3723,0.0786,0.7167,0.6635,0.4212,0.3478,0.0445,0.2937,120.0452,105.6866,10.938,1.1165
79.233,2377,in_bed,0.592,0.8355,0.0175,2.1497,0.818,0.3805,,0.7667,0.4173,0.3721,0.0787,0.7149,0.6625,,0.3495,0.0452,0.2934,120.047,105.6894,10.8338,1.114
79.267,2378,in_bed,0.5923,0.8363,0.0184,2.1508,0.818,0.3803,,0.7673,0.4173,0.3723,0.0787,0.716,0.6643,,0.35,0.045,0.2936,119.8771,105.4874,10.6648,1.1165
79.3,2379,in_bed,0.5919,0.8366,0.018,2.1531,0.8187,0.3802,,0.7667,0.4171,0.3717,0.0787,0.7157,0.6629,,0.3496,0.0454,0.293,119.893,105.3506,10.5041,1.1185
79.333,2380,in_bed,0.5887,0.8339,0.0157,2.1485,0.8182,0.3808,,0.7631,0.4142,0.3699,0.0786,0.7156,0.6625,,0.349,0.0442,0.2914,119.7263,105.2157,10.53,1.1188
79.367,2381,in_bed,0.5874,0.8325,0.0163,2.1434,0.8163,0.3808,,0.7614,0.4133,0.3698,0.0786,0.7169,0.6625,,0.348,0.0435,0.2912,119.8851,105.191,10.5803,1.1167
79.4,2382,in_bed,0.5868,0.8317,0.0163,2.1402,0.8154,0.381,,0.7604,0.4132,0.3695,0.0786,0.7172,0.6636,,0.3472,0.0437,0.2909,120.0195,105.213,10.573,1.116
79.433,2383,in_bed,0.5841,0.8325,0.0142,2.1473,0.8183,0.3811,0.8325,0.7579,0.4103,0.3673,0.0785,0.7157,0.6604,0.4222,0.3476,0.043,0.2888,120.1393,105.107,10.5559,1.121
79.467,2384,in_bed,0.5856,0.83,0.0149,2.1373,0.815,0.3813,,0.7594,0.4119,0.3676,0.0785,0.7159,0.6616,,0.3474,0.0443,0.2891,120.3591,105.1675,10.4576,1.1145
79.5,2385,in_bed,0.5861,0.8304,0.0162,2.1356,0.8141,0.3812,,0.76,0.4122,0.3681,0.0786,0.7165,0.6622,,0.3478,0.0441,0.2895,120.4316,105.0812,10.4066,1.1092
79.533,2386,in_bed,0.5883,0.8321,0.0175,2.1386,0.8146,0.3809,,0.7617,0.4149,0.3699,0.0787,0.717,0.6634,,0.3468,0.0451,0.2912,120.4648,104.8989,10.1454,1.1071
79.567,2387,in_bed,0.5881,0.8354,0.0184,2.1481,0.8171,0.3804,0.8354,0.7604,0.4158,0.3703,0.0787,0.7187,0.662,0.4197,0.3447,0.0455,0.2916,120.432,104.5733,9.8191,1.1126
79.6,2388,in_bed,0.5848,0.8322,0.0171,2.139,0.8151,0.3811,0.8322,0.7565,0.4132,0.3693,0.0786,0.7187,0.6606,0.419,0.3433,0.0439,0.2907,120.2253,104.8313,10.2555,1.1091
79.633,2389,in_bed,0.5822,0.8301,0.016,2.1346,0.8141,0.3814,0.8301,0.7521,0.4124,0.3697,0.0786,0.7188,0.6583,0.4178,0.3397,0.0427,0.2911,120.1834,104.781,10.3686,1.1066
79.667,2390,in_bed,0.5823,0.8255,0.0157,2.1191,0.8098,0.3822,,0.752,0.4126,0.3699,0.0786,0.7183,0.6574,,0.3394,0.0427,0.2914,120.3295,104.8897,10.4718,1.0974
79.7,2391,in_bed,0.5807,0.8245,0.0146,2.1178,0.8099,0.3824,,0.7502,0.4112,0.3693,0.0785,0.7192,0.6581,,0.339,0.0419,0.2908,120.4432,104.9213,10.6156,1.0927
79.733,2392,in_bed,0.5825,0.8266,0.0145,2.1252,0.8121,0.3821,,0.7521,0.4129,0.3704,0.0785,0.72,0.6607,,0.3392,0.0425,0.2919,120.543,104.6675,10.3301,1.093
79.767,2393,in_bed,0.5844,0.8281,0.0154,2.1285,0.8127,0.3818,,0.7531,0.4157,0.371,0.0786,0.721,0.6605,,0.3374,0.0447,0.2924,120.6754,104.7818,10.1796,1.0941
79.8,2394,in_bed,0.5862,0.83,0.0159,2.1332,0.8141,0.3816,,0.7552,0.4172,0.3724,0.0786,0.7225,0.6616,,0.338,0.0448,0.2938,120.6964,104.9027,10.2851,1.0925
79.833,2395,in_bed,0.5877,0.8321,0.0156,2.1411,0.8165,0.3813,,0.7575,0.4179,0.3732,0.0786,0.7222,0.6594,,0.3396,0.0448,0.2946,120.5527,105.0761,10.4456,1.0973
79.867,2396,in_bed,0.5865,0.8311,0.0154,2.1381,0.8158,0.3815,,0.7565,0.4165,0.3728,0.0786,0.7229,0.6593,,0.3399,0.0437,0.2942,120.4054,104.9473,10.4547,1.0969
79.9,2397,in_bed,0.5871,0.8321,0.0147,2.1421,0.8173,0.3816,,0.7575,0.4167,0.3728,0.0786,0.7231,0.6597,,0.3408,0.0439,0.2942,120.5718,105.0621,10.5261,1.0996
79.933,2398,in_bed,0.5824,0.8306,0.013,2.1393,0.8177,0.3822,0.8306,0.7522,0.4126,0.3719,0.0785,0.5982,0.6596,0.4181,0.3397,0.0407,0.2934,120.1611,104.7338,10.5997,1.106
79.967,2399,in_bed,0.5842,0.8282,0.0135,2.1305,0.8147,0.3824,,0.7537,0.4148,0.373,0.0785,0.7234,0.6606,,0.3389,0.0417,0.2946,120.3998,104.7195,10.4676,1.1012
80.0,2400,in_bed,0.5841,0.8327,0.014,2.1446,0.8186,0.3817,0.8327,0.7548,0.4134,0.3713,0.0785,0.7224,0.6557,0.4193,0.3415,0.042,0.2928,120.3056,104.95,10.625,1.1093
80.033,2401,in_bed,0.5843,0.8325,0.0149,2.1428,0.8176,0.3816,0.8325,0.7556,0.413,0.3718,0.0785,0.7222,0.6534,0.4195,0.3426,0.0412,0.2933,120.18,104.8104,10.5905,1.111
80.067,2402,in_bed,0.5839,0.8286,0.0143,2.1318,0.8143,0.382,,0.755,0.4129,0.3713,0.0785,0.7218,0.6482,,0.3421,0.0415,0.2928,120.3655,104.7885,10.5368,1.1039
80.1,2403,in_bed,0.5829,0.8274,0.0137,2.1299,0.8137,0.382,,0.7543,0.4116,0.3699,0.0785,0.7203,0.6466,,0.3427,0.0417,0.2914,120.2652,104.7998,10.5338,1.1029
80.133,2404,in_bed,0.5828,0.8265,0.0151,2.1241,0.8115,0.382,,0.7541,0.4115,0.37,0.0786,0.7195,0.6446,,0.3426,0.0415,0.2914,120.3029,105.051,10.7778,1.0991
80.167,2405,in_bed,0.5835,0.8312,0.0155,2.1391,0.8157,0.3813,0.8312,0.7552,0.4118,0.3698,0.0786,0.7195,0.6433,0.4194,0.3434,0.042,0.2913,120.3548,105.0802,10.743,1.1056
80.2,2406,in_bed,0.5845,0.8301,0.0161,2.1334,0.814,0.3815,0.8301,0.7547,0.4143,0.3709,0.0786,0.7216,0.6459,0.4158,0.3404,0.0434,0.2923,120.4779,104.7647,10.2783,1.1071
80.233,2407,in_bed,0.5845,0.8269,0.0161,2.1234,0.8108,0.3818,,0.754,0.415,0.3716,0.0786,0.7219,0.6486,,0.3389,0.0435,0.293,120.3254,104.4373,9.9857,1.1029
80.267,2408,in_bed,0.5853,0.8273,0.0171,2.1219,0.8102,0.3818,,0.7537,0.4169,0.373,0.0786,0.7247,0.6548,,0.3367,0.044,0.2943,120.0978,104.3516,9.8604,1.1027
80.3,2409,in_bed,0.5893,0.8314,0.0183,2.1331,0.8131,0.3812,,0.7577,0.421,0.375,0.0787,0.726,0.6582,,0.3367,0.046,0.2963,120.1833,104.6259,9.8697,1.1049
80.333,2410,in_bed,0.5923,0.8337,0.0191,2.1388,0.8146,0.3809,,0.7604,0.4242,0.3764,0.0787,0.7264,0.6616,,0.3362,0.0478,0.2977,120.0049,104.7265,9.7554,1.1087
80.367,2411,in_bed,0.5962,0.8367,0.0206,2.1456,0.8162,0.3804,,0.7643,0.4282,0.3785,0.0788,0.7279,0.6652,,0.3361,0.0497,0.2997,120.0171,104.8828,9.6659,1.1131
80.4,2412,in_bed,0.5919,0.8328,0.0188,2.1364,0.814,0.381,,0.7594,0.4244,0.3763,0.0787,0.6071,0.6603,,0.335,0.048,0.2976,120.1499,104.7069,9.7066,1.1095
80.433,2413,in_bed,0.589,0.8305,0.0182,2.1307,0.8123,0.3813,0.8304,0.7561,0.422,0.3762,0.0787,0.7271,0.6562,0.4084,0.3341,0.0458,0.2975,120.3079,104.2369,9.558,1.1066
80.467,2414,in_bed,0.5862,0.8286,0.0165,2.1267,0.8122,0.3819,0.8286,0.7535,0.4189,0.3747,0.0786,0.6031,0.6504,0.4097,0.3346,0.0441,0.2961,120.2434,104.1908,9.727,1.1047
80.5,2415,in_bed,0.5835,0.8271,0.015,2.125,0.8121,0.3822,0.8271,0.7515,0.4155,0.3729,0.0785,0.7237,0.6464,0.4116,0.3361,0.0425,0.2944,120.0923,104.0891,9.8368,1.104
80.533,2416,in_bed,0.5835,0.8278,0.0145,2.1292,0.8134,0.382,0.8278,0.7522,0.4148,0.372,0.0785,0.7229,0.6464,0.413,0.3373,0.0428,0.2935,120.1672,104.2225,9.9201,1.1036
80.567,2417,in_bed,0.5859,0.83,0.0155,2.1335,0.8145,0.3818,0.83,0.7547,0.4171,0.3731,0.0786,0.7231,0.6465,0.4129,0.3376,0.044,0.2945,120.1287,104.4357,9.9572,1.105
80.6,2418,in_bed,0.5849,0.829,0.0156,2.1299,0.8134,0.3819,0.829,0.7539,0.4158,0.3724,0.0786,0.7231,0.6464,0.4132,0.338,0.0435,0.2938,120.0008,104.3401,9.9255,1.1069
80.633,2419,in_bed,0.5856,0.8283,0.016,2.1278,0.8123,0.3818,,0.7545,0.4167,0.3726,0.0786,0.7233,0.6451,,0.3378,0.0441,0.294,120.0983,104.528,10.0138,1.1054
80.667,2420,in_bed,0.5866,0.829,0.0159,2.1312,0.8131,0.3815,,0.7546,0.4185,0.3731,0.0786,0.7228,0.6427,,0.3361,0.0454,0.2945,120.3886,104.2463,9.6018,1.1084
80.7,2421,in_bed,0.5866,0.8287,0.0159,2.1309,0.8128,0.3814,,0.754,0.4193,0.3729,0.0786,0.7227,0.6444,,0.3346,0.0464,0.2944,120.4208,104.3067,9.5368,1.1107
80.733,2422,in_bed,0.5843,0.8297,0.0166,2.1319,0.8131,0.3814,0.8297,0.75,0.4185,0.3738,0.0786,0.723,0.6445,0.4112,0.3315,0.0448,0.2952,120.0851,104.1796,9.6023,1.1146
80.767,2423,in_bed,0.5789,0.8252,0.0152,2.12,0.81,0.3821,0.8252,0.7442,0.4137,0.3718,0.0785,0.593,0.6418,0.4115,0.3304,0.0419,0.2933,119.926,103.8328,9.6313,1.1103
80.8,2424,in_bed,0.581,0.8226,0.0144,2.1127,0.8082,0.3825,,0.7476,0.4144,0.3698,0.0785,0.7205,0.6432,,0.3332,0.0446,0.2913,120.2513,104.4112,9.8322,1.1043
80.833,2425,in_bed,0.5832,0.8253,0.014,2.1223,0.8113,0.3823,,0.7504,0.4159,0.3687,0.0785,0.7217,0.6459,,0.3344,0.0472,0.2902,120.5496,105.111,10.144,1.1067
80.867,2426,in_bed,0.5842,0.8269,0.0143,2.1273,0.8126,0.382,,0.7522,0.4161,0.3694,0.0785,0.7224,0.6486,,0.3361,0.0467,0.2909,120.5118,104.9579,10.07,1.1061
80.9,2427,in_bed,0.5862,0.8362,0.014,2.1603,0.8222,0.3806,0.8362,0.7557,0.4166,0.3704,0.0785,0.7229,0.6513,0.4196,0.3391,0.0462,0.2919,120.3846,105.3058,10.4435,1.116
80.933,2428,in_bed,0.5871,0.833,0.0147,2.1472,0.8182,0.3811,,0.7583,0.416,0.3711,0.0785,0.7217,0.6499,,0.3423,0.0449,0.2926,119.9735,105.3706,10.6641,1.1086
80.967,2429,in_bed,0.5901,0.8365,0.015,2.1586,0.8215,0.3806,,0.762,0.4182,0.3724,0.0785,0.7216,0.6526,,0.3438,0.0459,0.2938,119.9228,105.8764,10.9935,1.1126
81.0,2430,in_bed,0.5917,0.8372,0.016,2.1589,0.8212,0.3804,,0.763,0.4204,0.373,0.0786,0.7221,0.6541,,0.3426,0.0474,0.2944,120.1296,105.9184,10.8539,1.1113
81.033,2431,in_bed,0.5936,0.839,0.0159,2.1659,0.8231,0.38,,0.7656,0.4216,0.3738,0.0786,0.7224,0.6544,,0.3439,0.0479,0.2952,120.1446,105.8767,10.7745,1.1146
81.067,2432,in_bed,0.5951,0.8398,0.0156,2.1698,0.8243,0.3799,,0.7669,0.4233,0.3737,0.0786,0.7219,0.6534,,0.3436,0.0496,0.2951,120.4004,105.9468,10.6316,1.1165
81.1,2433,in_bed,0.5927,0.8383,0.0145,2.1667,0.8237,0.3802,,0.7649,0.4204,0.3723,0.0785,0.7208,0.6512,,0.3445,0.0482,0.2938,120.1449,106.0173,10.8797,1.1151
81.133,2434,in_bed,0.5903,0.8368,0.0145,2.1619,0.8222,0.3803,,0.7627,0.4179,0.3713,0.0785,0.7212,0.6505,,0.3447,0.0467,0.2928,120.0653,105.9118,10.9543,1.1146
81.167,2435,in_bed,0.5892,0.8361,0.0141,2.1607,0.822,0.3804,,0.7619,0.4165,0.3701,0.0785,0.7193,0.6464,,0.3454,0.0463,0.2917,120.0951,105.9542,11.0401,1.113
81.2,2436,in_bed,0.588,0.8406,0.0155,2.1755,0.8252,0.3793,0.8406,0.7601,0.4159,0.3698,0.0786,0.7184,0.6418,0.4247,0.3442,0.0462,0.2912,120.3905,105.68,10.7959,1.1203
81.233,2437,in_bed,0.5893,0.834,0.0169,2.1491,0.8171,0.3802,,0.7601,0.4186,0.3706,0.0786,0.7193,0.6408,,0.3415,0.048,0.292,120.6326,105.589,10.4942,1.1113
81.267,2438,in_bed,0.5871,0.8322,0.0171,2.1437,0.8151,0.3802,,0.758,0.4162,0.3696,0.0786,0.7193,0.6416,,0.3419,0.0466,0.291,120.442,105.4617,10.5433,1.1122
81.3,2439,in_bed,0.587,0.8317,0.017,2.1424,0.8147,0.3803,,0.7576,0.4164,0.3694,0.0786,0.7189,0.6418,,0.3412,0.0471,0.2907,120.3979,105.5329,10.5314,1.1145
81.333,2440,in_bed,0.5898,0.8335,0.0173,2.1477,0.8162,0.38,,0.7596,0.42,0.3703,0.0786,0.7194,0.6465,,0.3396,0.0497,0.2916,120.6693,105.8928,10.5436,1.1144
81.367,2441,in_bed,0.593,0.8366,0.0177,2.1573,0.8189,0.3796,,0.7627,0.4232,0.371,0.0786,0.7194,0.6471,,0.3395,0.0522,0.2924,120.8826,106.3103,10.6316,1.1176
81.4,2442,in_bed,0.5951,0.8379,0.017,2.1638,0.8209,0.3794,,0.7642,0.4261,0.3716,0.0786,0.7176,0.6484,,0.3381,0.0545,0.293,121.2256,106.4831,10.5341,1.1171
81.433,2443,in_bed,0.5942,0.8366,0.0165,2.1611,0.8201,0.3795,,0.7626,0.4258,0.3714,0.0786,0.7166,0.6468,,0.3368,0.0544,0.2928,121.1733,106.2184,10.3082,1.1178
81.467,2444,in_bed,0.5931,0.8362,0.0162,2.1608,0.82,0.3795,,0.7616,0.4247,0.3712,0.0786,0.7154,0.6477,,0.3369,0.0535,0.2926,120.9425,106.1486,10.3411,1.1184
81.5,2445,in_bed,0.5892,0.834,0.0145,2.1569,0.8195,0.3799,,0.7588,0.4195,0.3697,0.0785,0.7145,0.646,,0.3392,0.0499,0.2912,120.505,106.2038,10.8208,1.1176
81.533,2446,in_bed,0.5862,0.8327,0.0138,2.1531,0.8188,0.3803,,0.757,0.4154,0.3684,0.0785,0.7156,0.6463,,0.3416,0.047,0.2899,120.4126,106.2206,11.1766,1.1136
81.567,2447,in_bed,0.5884,0.835,0.0154,2.1575,0.8196,0.3799,,0.759,0.4178,0.3704,0.0785,0.7174,0.6492,,0.3413,0.0473,0.2919,120.2924,105.9975,10.9345,1.1168
81.6,2448,in_bed,0.5855,0.8328,0.0156,2.1493,0.8173,0.3803,,0.757,0.414,0.3698,0.0785,0.7181,0.65,,0.343,0.0442,0.2913,119.9271,105.9061,11.2367,1.1126
81.633,2449,in_bed,0.5833,0.8326,0.0148,2.1493,0.8178,0.3805,,0.7553,0.4113,0.3694,0.0785,0.5964,0.6494,,0.3441,0.0418,0.2909,119.6272,105.7846,11.4165,1.1135
81.667,2450,in_bed,0.5834,0.8337,0.0152,2.1513,0.8186,0.3805,,0.7566,0.4102,0.3701,0.0785,0.7222,0.6512,,0.3464,0.0402,0.2915,119.5598,105.7586,11.5892,1.1124
81.7,2451,in_bed,0.5865,0.837,0.0156,2.1603,0.8214,0.3802,,0.7603,0.4128,0.3718,0.0786,0.7232,0.6525,,0.3475,0.041,0.2932,119.7151,105.7666,11.4903,1.1138
81.733,2452,in_bed,0.5923,0.842,0.0168,2.1745,0.8252,0.3795,,0.7664,0.4183,0.3737,0.0786,0.7227,0.6526,,0.3481,0.0446,0.2951,120.161,106.1669,11.4202,1.1177
81.767,2453,in_bed,0.596,0.8444,0.0187,2.18,0.8257,0.3788,,0.7694,0.4225,0.3748,0.0787,0.7226,0.6523,,0.3469,0.0477,0.2961,120.5527,106.1806,11.0509,1.1212
81.8,2454,in_bed,0.5985,0.8465,0.0194,2.1852,0.8271,0.3785,,0.7712,0.4258,0.3758,0.0788,0.7238,0.6516,,0.3454,0.0499,0.2971,120.7286,106.4908,11.0667,1.1212
81.833,2455,in_bed,0.6011,0.8478,0.0205,2.1871,0.8273,0.3783,,0.7727,0.4294,0.3765,0.0788,0.7244,0.6536,,0.3433,0.0529,0.2977,120.9969,106.6087,10.8235,1.1207
81.867,2456,in_bed,0.6009,0.8458,0.021,2.1785,0.8247,0.3786,,0.7712,0.4306,0.3761,0.0788,0.7245,0.6535,,0.3406,0.0546,0.2973,121.1826,106.5523,10.5748,1.1184
81.9,2457,in_bed,0.6033,0.8463,0.0212,2.1794,0.8251,0.3786,,0.7723,0.4342,0.376,0.0788,0.7247,0.6574,,0.3381,0.0583,0.2971,121.5988,106.6571,10.2437,1.1183
81.933,2458,in_bed,0.604,0.8474,0.0206,2.1839,0.8268,0.3786,,0.7737,0.4343,0.376,0.0788,0.7242,0.6566,,0.3393,0.0584,0.2971,121.5834,106.6969,10.2776,1.1187
81.967,2459,in_bed,0.6031,0.8458,0.0204,2.1777,0.8254,0.379,,0.7716,0.4347,0.3758,0.0788,0.7263,0.6609,,0.3368,0.0589,0.297,121.5503,106.5901,10.1338,1.118
82.0,2460,in_bed,0.601,0.8442,0.0202,2.1729,0.824,0.3792,,0.7709,0.4311,0.3744,0.0788,0.7252,0.6599,,0.3398,0.0566,0.2956,121.39,106.6298,10.4215,1.1158
82.033,2461,in_bed,0.5996,0.8431,0.0207,2.1684,0.8224,0.3793,,0.7696,0.4297,0.3744,0.0788,0.7246,0.6589,,0.3399,0.0553,0.2955,121.2665,106.5112,10.4631,1.1157
82.067,2462,in_bed,0.5962,0.8407,0.0199,2.1615,0.8208,0.3797,,0.7658,0.4265,0.3739,0.0788,0.7252,0.6566,,0.3394,0.0525,0.2952,121.0093,106.0898,10.4103,1.1167
82.1,2463,in_bed,0.5922,0.8374,0.0173,2.156,0.8201,0.3804,,0.7614,0.423,0.3724,0.0786,0.7231,0.6533,,0.3384,0.0506,0.2937,120.9277,105.8402,10.4129,1.1166
82.133,2464,in_bed,0.5886,0.8386,0.0162,2.1632,0.8224,0.3802,0.8386,0.7584,0.4188,0.3712,0.0786,0.721,0.6527,0.4198,0.3395,0.0476,0.2926,120.595,105.6299,10.5788,1.1194
82.167,2465,in_bed,0.5913,0.8362,0.0162,2.1547,0.82,0.3806,,0.7616,0.4211,0.3727,0.0786,0.7197,0.6577,,0.3404,0.0484,0.2941,120.41,105.8002,10.6435,1.1153
82.2,2466,in_bed,0.5913,0.8365,0.0153,2.1578,0.8212,0.3806,,0.7615,0.4212,0.3728,0.0785,0.7187,0.6552,,0.3403,0.0483,0.2943,120.2982,105.8486,10.7122,1.1154
82.233,2467,in_bed,0.5925,0.8378,0.0158,2.161,0.822,0.3804,,0.7622,0.4229,0.374,0.0786,0.7193,0.6529,,0.3393,0.0489,0.2954,120.1627,105.9966,10.7847,1.1171
82.267,2468,in_bed,0.5891,0.8347,0.0153,2.1501,0.8194,0.3811,,0.7578,0.4204,0.3746,0.0785,0.5982,0.6542,,0.3375,0.0458,0.2961,119.4828,105.6197,10.8187,1.1163
82.3,2469,in_bed,0.59,0.8348,0.0149,2.1514,0.8199,0.3811,,0.7578,0.4223,0.3754,0.0785,0.721,0.6595,,0.3356,0.0469,0.2969,119.5207,105.72,10.7934,1.1167
82.333,2470,in_bed,0.592,0.8362,0.015,2.1557,0.8212,0.3809,,0.7595,0.4245,0.3766,0.0785,0.7221,0.6665,,0.3351,0.0479,0.298,119.472,105.9539,10.8887,1.1177
82.367,2471,in_bed,0.5941,0.8378,0.0159,2.1594,0.8219,0.3806,,0.7614,0.4268,0.3775,0.0786,0.7232,0.6684,,0.3346,0.0494,0.2989,119.6071,106.0262,10.7642,1.1193
82.4,2472,in_bed,0.5954,0.8392,0.0167,2.1627,0.8225,0.3803,,0.7635,0.4273,0.3776,0.0786,0.7235,0.6641,,0.3362,0.0497,0.299,119.7672,106.3121,10.9798,1.1198
82.433,2473,in_bed,0.5952,0.8394,0.0168,2.165,0.8227,0.38,,0.7631,0.4272,0.3768,0.0786,0.7238,0.659,,0.3359,0.0505,0.2982,120.0153,106.2048,10.7958,1.1198
82.467,2474,in_bed,0.5945,0.8396,0.0174,2.165,0.8222,0.3797,,0.7631,0.4259,0.3765,0.0786,0.7231,0.6548,,0.3372,0.0495,0.2978,119.9074,106.3071,10.9982,1.1204
82.5,2475,in_bed,0.5931,0.8389,0.0182,2.162,0.8207,0.3796,,0.7627,0.4236,0.3759,0.0787,0.7214,0.6511,,0.3391,0.0477,0.2972,119.7431,106.22,11.1204,1.1185
82.533,2476,in_bed,0.5911,0.8377,0.0178,2.1588,0.8198,0.3798,,0.7618,0.4204,0.3742,0.0787,0.7201,0.6502,,0.3413,0.0462,0.2956,119.6631,106.1631,11.2299,1.1165
82.567,2477,in_bed,0.5911,0.8379,0.0181,2.1598,0.8198,0.3796,,0.7617,0.4205,0.3751,0.0787,0.7199,0.6491,,0.3413,0.0453,0.2965,119.5527,105.9007,11.1009,1.117
82.6,2478,in_bed,0.5931,0.8399,0.02,2.1641,0.8199,0.3789,,0.7638,0.4225,0.3765,0.0788,0.7191,0.6469,,0.3413,0.046,0.2977,119.6332,105.998,11.0986,1.1176
82.633,2479,in_bed,0.5954,0.8421,0.0203,2.1712,0.8218,0.3785,,0.7659,0.4249,0.3778,0.0788,0.7195,0.6444,,0.3411,0.0471,0.299,119.742,106.0939,11.0541,1.1208
82.667,2480,in_bed,0.5995,0.8451,0.0216,2.1783,0.8236,0.3781,,0.7686,0.4303,0.3793,0.0788,0.7218,0.6459,,0.3384,0.0509,0.3005,120.1041,106.4958,10.9664,1.1231
82.7,2481,in_bed,0.6,0.8446,0.0223,2.1735,0.8223,0.3783,,0.7679,0.4321,0.3799,0.0789,0.7241,0.6458,,0.3358,0.0522,0.301,120.1425,106.6042,10.9243,1.1229
82.733,2482,in_bed,0.5994,0.8452,0.0226,2.1747,0.8227,0.3783,,0.7682,0.4307,0.3794,0.0789,0.7246,0.6446,,0.3375,0.0512,0.3006,120.1407,106.6611,11.0824,1.1227
82.767,2483,in_bed,0.5986,0.8447,0.0217,2.1749,0.823,0.3784,,0.7672,0.43,0.3793,0.0788,0.7241,0.6434,,0.3372,0.0507,0.3005,120.181,106.4004,10.9275,1.1226
82.8,2484,in_bed,0.5961,0.8417,0.0198,2.1675,0.8218,0.3792,,0.7644,0.4277,0.3772,0.0788,0.7246,0.6455,,0.3368,0.0505,0.2984,120.2922,106.5148,11.0706,1.1186
82.833,2485,in_bed,0.599,0.8432,0.0199,2.1721,0.8233,0.379,,0.7662,0.4317,0.3777,0.0788,0.7261,0.648,,0.3345,0.054,0.299,120.8511,106.9372,11.0263,1.1212
82.867,2486,in_bed,0.5965,0.8411,0.0189,2.1673,0.8222,0.3794,,0.7639,0.429,0.3754,0.0787,0.7253,0.6479,,0.3348,0.0537,0.2966,121.145,107.1155,11.2328,1.1173
82.9,2487,in_bed,0.5973,0.8415,0.0186,2.1689,0.823,0.3794,,0.7647,0.4298,0.3755,0.0787,0.7256,0.6513,,0.3348,0.0543,0.2968,121.0521,107.1493,11.2041,1.1182
82.933,2488,in_bed,0.5968,0.8409,0.0181,2.168,0.8228,0.3795,,0.7645,0.4292,0.3754,0.0787,0.7254,0.6515,,0.3353,0.0538,0.2967,121.0437,107.0242,11.1485,1.1168
82.967,2489,in_bed,0.5975,0.8416,0.0188,2.1688,0.8229,0.3794,,0.7656,0.4293,0.3755,0.0787,0.7251,0.652,,0.3363,0.0539,0.2968,120.872,107.1539,11.2508,1.116
83.0,2490,in_bed,0.5972,0.8414,0.0191,2.167,0.8223,0.3795,,0.7653,0.4291,0.3764,0.0787,0.7247,0.653,,0.3362,0.0528,0.2976,120.6399,106.7633,11.0514,1.114
83.033,2491,in_bed,0.598,0.8422,0.0202,2.1669,0.8219,0.3793,,0.7658,0.4301,0.377,0.0788,0.7262,0.6555,,0.3356,0.0532,0.2982,120.6371,106.6084,10.8751,1.1132
83.067,2492,in_bed,0.5994,0.8429,0.0209,2.1684,0.8219,0.3791,,0.7667,0.4322,0.378,0.0788,0.7266,0.6579,,0.3345,0.0542,0.2992,120.4947,106.5101,10.6719,1.1157
83.1,2493,in_bed,0.6007,0.8442,0.021,2.1723,0.8232,0.3789,,0.768,0.4335,0.3791,0.0788,0.7276,0.6563,,0.3345,0.0544,0.3003,120.259,106.4385,10.5949,1.1172
83.133,2494,in_bed,0.5987,0.8427,0.0204,2.1688,0.8223,0.3792,,0.7654,0.4319,0.3781,0.0788,0.7276,0.6528,,0.3335,0.0538,0.2993,120.1524,106.5218,10.7475,1.1155
83.167,2495,in_bed,0.5973,0.8414,0.0206,2.1634,0.8208,0.3794,,0.7632,0.4314,0.3774,0.0788,0.7293,0.6533,,0.3318,0.0539,0.2987,120.2802,106.5702,10.7909,1.1113
83.2,2496,in_bed,0.5915,0.8392,0.0211,2.1539,0.8181,0.3798,0.8392,0.755,0.4279,0.3759,0.0788,0.6023,0.6529,0.4112,0.3271,0.052,0.2971,120.4885,106.4218,10.8568,1.1085
83.233,2497,in_bed,0.59,0.8299,0.0214,2.1189,0.8084,0.3815,,0.7533,0.4267,0.3751,0.0788,0.7294,0.6544,,0.3267,0.0515,0.2963,120.5268,106.2994,10.7955,1.0955
83.267,2498,in_bed,0.5915,0.8316,0.0211,2.1262,0.8105,0.3812,,0.7553,0.4276,0.3762,0.0788,0.7286,0.6536,,0.3277,0.0514,0.2974,120.3995,106.226,10.7508,1.0989
83.3,2499,in_bed,0.5908,0.8306,0.0211,2.1233,0.8095,0.3813,,0.7551,0.4264,0.3771,0.0788,0.7288,0.6528,,0.3287,0.0493,0.2983,120.0416,105.9553,10.7361,1.1018
83.333,2500,in_bed,0.5916,0.8321,0.0208,2.1288,0.8113,0.3811,,0.7569,0.4263,0.3777,0.0788,0.7287,0.6544,,0.3306,0.0486,0.2989,119.8959,106.0608,10.8926,1.106
83.367,2501,in_bed,0.5921,0.8337,0.0208,2.1351,0.8129,0.3808,,0.758,0.4261,0.3781,0.0788,0.7285,0.654,,0.332,0.0479,0.2993,119.9437,105.9991,10.9129,1.1075
83.4,2502,in_bed,0.592,0.8345,0.0207,2.1381,0.8138,0.3806,,0.7587,0.4253,0.3773,0.0788,0.7286,0.6528,,0.3334,0.048,0.2985,120.0527,106.1837,11.0742,1.1057
83.433,2503,in_bed,0.5877,0.8364,0.0209,2.1449,0.8154,0.3802,0.8364,0.7537,0.4217,0.3762,0.0788,0.6025,0.6501,0.4146,0.332,0.0455,0.2974,119.9314,106.0315,11.2351,1.1105
83.467,2504,in_bed,0.5871,0.8301,0.0201,2.1256,0.8101,0.3811,,0.7532,0.4211,0.3753,0.0788,0.7276,0.6481,,0.3321,0.0458,0.2966,120.0559,106.0645,11.2221,1.1053
83.5,2505,in_bed,0.5879,0.8315,0.0191,2.1335,0.8123,0.3808,,0.7547,0.4211,0.3746,0.0787,0.7253,0.6435,,0.3336,0.0465,0.2959,120.1064,106.0906,11.167,1.1097
83.533,2506,in_bed,0.5897,0.8331,0.0184,2.1413,0.8146,0.3804,,0.7566,0.4227,0.3748,0.0787,0.7246,0.642,,0.3339,0.048,0.2961,120.5098,106.0656,10.9608,1.1111
83.567,2507,in_bed,0.5911,0.8351,0.0184,2.1477,0.8166,0.3802,,0.7584,0.4238,0.3757,0.0787,0.7255,0.6418,,0.3346,0.0481,0.297,120.585,106.0402,10.9341,1.1121
83.6,2508,in_bed,0.5887,0.838,0.0183,2.1582,0.8197,0.3798,0.838,0.7557,0.4217,0.3742,0.0787,0.7252,0.6473,0.4164,0.3341,0.0474,0.2956,120.7003,106.127,11.0706,1.1184
83.633,2509,in_bed,0.5861,0.8279,0.0167,2.1253,0.8113,0.3817,,0.7526,0.4195,0.3723,0.0786,0.7215,0.6498,,0.3331,0.0473,0.2937,120.6483,106.2708,11.2229,1.1055
83.667,2510,in_bed,0.5891,0.8309,0.0171,2.1338,0.8138,0.3814,,0.7562,0.4221,0.3733,0.0786,0.7218,0.6509,,0.3341,0.0488,0.2946,120.653,106.4664,11.2165,1.108
83.7,2511,in_bed,0.5903,0.8318,0.0169,2.1373,0.8149,0.3813,,0.7575,0.423,0.3732,0.0786,0.7216,0.6524,,0.3345,0.0497,0.2946,120.7221,106.4909,11.1331,1.1084
83.733,2512,in_bed,0.5922,0.8341,0.0169,2.1445,0.8172,0.3811,,0.7597,0.4247,0.3733,0.0786,0.7228,0.6531,,0.3349,0.0514,0.2947,121.0413,106.8515,11.2793,1.1061
83.767,2513,in_bed,0.5968,0.8373,0.018,2.1527,0.8193,0.3806,,0.7642,0.4294,0.3748,0.0787,0.7241,0.6576,,0.3348,0.0546,0.2961,121.2802,106.9998,11.0246,1.1087
83.8,2514,in_bed,0.5972,0.8383,0.0174,2.1565,0.8209,0.3807,,0.7646,0.4298,0.3751,0.0787,0.7254,0.6618,,0.3348,0.0547,0.2965,121.148,106.929,10.9639,1.1095
83.833,2515,in_bed,0.6004,0.8414,0.0183,2.165,0.8231,0.3802,,0.7675,0.4333,0.3765,0.0787,0.7271,0.6663,,0.3342,0.0568,0.2978,121.1906,106.8418,10.6655,1.1113
83.867,2516,in_bed,0.5991,0.8413,0.019,2.1632,0.8223,0.3801,,0.7671,0.4312,0.3774,0.0787,0.7274,0.6645,,0.336,0.0538,0.2986,120.9152,106.2571,10.5002,1.1077
83.9,2517,in_bed,0.5968,0.8391,0.0187,2.1562,0.8204,0.3805,,0.765,0.4285,0.3771,0.0787,0.7264,0.6653,,0.3365,0.0515,0.2984,120.6791,105.9631,10.5051,1.1052
83.933,2518,in_bed,0.5949,0.838,0.0187,2.1538,0.8193,0.3804,,0.763,0.4268,0.3765,0.0787,0.7273,0.6633,,0.3362,0.0503,0.2977,120.4565,105.5029,10.2254,1.1069
83.967,2519,in_bed,0.5938,0.8373,0.0181,2.153,0.8192,0.3805,,0.762,0.4255,0.376,0.0787,0.727,0.6619,,0.3365,0.0496,0.2973,120.5543,105.1725,10.0324,1.105
84.0,2520,in_bed,0.5933,0.8365,0.019,2.1471,0.8174,0.3807,,0.7613,0.4252,0.3756,0.0788,0.7286,0.6613,,0.3361,0.0496,0.2969,120.9981,105.2895,10.1451,1.0966
84.033,2521,in_bed,0.5942,0.8371,0.0196,2.1473,0.8174,0.3807,,0.7627,0.4257,0.3755,0.0788,0.7298,0.5836,,0.337,0.0501,0.2967,121.3787,105.6023,10.3529,1.0954
84.067,2522,in_bed,0.5953,0.8389,0.0208,2.1514,0.8181,0.3803,,0.765,0.4256,0.3751,0.0788,0.7297,0.6596,,0.3394,0.0505,0.2963,121.3788,105.9507,10.6064,1.0976
84.1,2523,in_bed,0.5945,0.8376,0.0204,2.1482,0.8173,0.3804,,0.7642,0.4249,0.3745,0.0788,0.7287,0.6583,,0.3393,0.0503,0.2957,121.4878,105.9895,10.6587,1.097
84.133,2524,in_bed,0.5907,0.8355,0.0199,2.1402,0.8155,0.3811,0.8355,0.7599,0.4215,0.3731,0.0788,0.6111,0.6575,0.414,0.3384,0.0484,0.2943,121.5815,106.0725,10.9745,1.0914
84.167,2525,in_bed,0.587,0.8311,0.0198,2.1254,0.8113,0.3817,0.8311,0.7554,0.4186,0.3722,0.0788,0.6089,0.6588,0.4125,0.3368,0.0464,0.2934,121.2081,106.0294,11.1721,1.0888
84.2,2526,in_bed,0.5895,0.832,0.0203,2.1278,0.8117,0.3815,,0.7577,0.4214,0.3726,0.0788,0.7295,0.6598,,0.3363,0.0488,0.2938,121.353,106.1604,10.9998,1.0907
84.233,2527,in_bed,0.5908,0.8339,0.0205,2.1351,0.8135,0.381,,0.7593,0.4223,0.3731,0.0788,0.7292,0.6573,,0.337,0.0492,0.2943,121.3383,106.074,10.8639,1.0946
84.267,2528,in_bed,0.5942,0.8364,0.0207,2.1437,0.8157,0.3805,,0.7624,0.4261,0.3739,0.0788,0.7289,0.6578,,0.3363,0.0522,0.2951,121.6836,106.2446,10.6692,1.098
84.3,2529,in_bed,0.5954,0.8377,0.0207,2.1485,0.817,0.3803,,0.764,0.4269,0.3747,0.0788,0.7281,0.6588,,0.3371,0.0521,0.2959,121.5871,106.2991,10.7111,1.0986
84.333,2530,in_bed,0.5967,0.8394,0.0205,2.155,0.8189,0.38,,0.7657,0.4277,0.3754,0.0788,0.7277,0.6608,,0.3379,0.0523,0.2966,121.4035,106.2515,10.6276,1.1032
84.367,2531,in_bed,0.5976,0.8404,0.0211,2.1588,0.8193,0.3795,,0.7665,0.4286,0.3753,0.0789,0.7263,0.6568,,0.3379,0.0533,0.2964,121.6005,106.3315,10.5588,1.1063
84.4,2532,in_bed,0.5952,0.8384,0.0204,2.1537,0.818,0.3798,,0.7641,0.4264,0.3749,0.0788,0.7264,0.6526,,0.3377,0.0515,0.2961,121.6267,106.2889,10.7434,1.1026
84.433,2533,in_bed,0.5938,0.8367,0.0189,2.1504,0.8179,0.3803,,0.7631,0.4244,0.3737,0.0788,0.7248,0.6493,,0.3386,0.0507,0.295,121.8006,106.5847,11.1118,1.0965
84.467,2534,in_bed,0.5891,0.8365,0.016,2.1565,0.8205,0.3805,0.8365,0.7589,0.4193,0.3713,0.0786,0.7212,0.6448,0.4172,0.3396,0.048,0.2927,121.5239,106.4628,11.3281,1.1017
84.5,2535,in_bed,0.5845,0.8315,0.0147,2.1419,0.8168,0.3813,0.8315,0.7527,0.4162,0.3697,0.0785,0.5993,0.6428,0.4153,0.3365,0.0466,0.2911,121.4008,106.2473,11.2989,1.0993
84.533,2536,in_bed,0.5829,0.8296,0.0139,2.1378,0.8157,0.3816,0.8296,0.7512,0.4145,0.3686,0.0785,0.7179,0.6416,0.4151,0.3367,0.046,0.29,121.2208,105.913,11.0668,1.0994
84.567,2537,in_bed,0.5816,0.8235,0.012,2.1213,0.8115,0.3825,,0.7503,0.413,0.3673,0.0784,0.7167,0.6389,,0.3374,0.0457,0.2889,121.2535,105.5748,10.8063,1.0914
84.6,2538,in_bed,0.5811,0.8226,0.0102,2.1228,0.8124,0.3827,,0.7497,0.4125,0.3655,0.0783,0.7147,0.6342,,0.3371,0.0471,0.2872,121.5021,105.5424,10.6062,1.0925
84.633,2539,in_bed,0.5789,0.822,0.0086,2.1245,0.8134,0.3829,,0.7482,0.4097,0.3644,0.0782,0.7139,0.6327,,0.3385,0.0453,0.2861,121.2117,105.4187,10.6948,1.0974
84.667,2540,in_bed,0.5816,0.8251,0.0095,2.1341,0.8156,0.3822,,0.7517,0.4116,0.3659,0.0783,0.7142,0.6363,,0.34,0.0457,0.2876,121.0959,105.6351,10.8196,1.1018
84.7,2541,in_bed,0.5811,0.8248,0.0099,2.1328,0.8149,0.3821,,0.7507,0.4114,0.3662,0.0783,0.7155,0.6381,,0.3392,0.0453,0.2879,121.0682,105.3101,10.5908,1.1022
84.733,2542,in_bed,0.58,0.8243,0.0093,2.132,0.8149,0.3822,,0.7503,0.4096,0.3651,0.0783,0.7167,0.6389,,0.3407,0.0445,0.2868,120.8326,105.4479,10.8045,1.1031
84.767,2543,in_bed,0.5776,0.8258,0.009,2.1377,0.8168,0.3821,0.8258,0.7478,0.4074,0.3648,0.0782,0.7169,0.6386,0.4184,0.3404,0.0426,0.2866,120.5599,105.1613,10.7843,1.1098
84.8,2544,in_bed,0.579,0.8267,0.0111,2.136,0.8157,0.3819,0.8267,0.7478,0.4101,0.3658,0.0783,0.5939,0.6384,0.4166,0.3377,0.0443,0.2875,120.7708,105.2123,10.6187,1.1104
84.833,2545,in_bed,0.5815,0.8247,0.0133,2.1242,0.8114,0.382,,0.7489,0.414,0.3682,0.0785,0.7218,0.6419,,0.3348,0.0458,0.2897,121.021,105.1222,10.3623,1.1039
84.867,2546,in_bed,0.5822,0.824,0.0146,2.1187,0.8094,0.382,,0.7475,0.4169,0.3696,0.0785,0.724,0.649,,0.3306,0.0472,0.2911,121.0667,105.1067,10.1658,1.1061
84.9,2547,in_bed,0.5773,0.8183,0.0146,2.0972,0.8037,0.3832,0.8183,0.7405,0.4142,0.3687,0.0785,0.5952,0.6515,0.4041,0.3263,0.0454,0.2902,120.865,104.789,10.0857,1.1044
84.933,2548,in_bed,0.5815,0.8209,0.016,2.1034,0.8049,0.3826,,0.7441,0.4188,0.3708,0.0786,0.7271,0.6572,,0.3253,0.048,0.2922,120.8092,105.0201,9.9836,1.1057
84.967,2549,in_bed,0.5818,0.821,0.0149,2.1061,0.8061,0.3828,,0.7447,0.4189,0.3711,0.0785,0.7262,0.6589,,0.3258,0.0478,0.2926,120.7133,104.8334,9.85,1.1078
85.0,2550,in_bed,0.5819,0.8208,0.0153,2.1037,0.8056,0.3829,,0.7449,0.419,0.372,0.0785,0.7261,0.6622,,0.3259,0.047,0.2934,120.4379,104.792,9.9044,1.1062
85.033,2551,in_bed,0.5804,0.8192,0.0145,2.0999,0.8047,0.3832,,0.7437,0.417,0.3711,0.0785,0.725,0.663,,0.3267,0.0459,0.2926,120.3534,104.7767,10.0218,1.1046
85.067,2552,in_bed,0.5814,0.8206,0.0151,2.1035,0.8056,0.383,,0.7454,0.4173,0.3711,0.0785,0.7249,0.6644,,0.328,0.0462,0.2926,120.2525,105.1131,10.2793,1.1048
85.1,2553,in_bed,0.5826,0.8223,0.0156,2.1075,0.8067,0.3828,,0.7472,0.4181,0.3714,0.0786,0.7264,0.6675,,0.3291,0.0467,0.2928,120.3386,105.3253,10.4001,1.1047
85.133,2554,in_bed,0.5836,0.8249,0.0162,2.1137,0.8087,0.3826,0.8249,0.7484,0.4189,0.3715,0.0786,0.7268,0.6691,0.406,0.3295,0.0474,0.2929,120.4051,105.5748,10.5363,1.1058
85.167,2555,in_bed,0.5854,0.8244,0.0166,2.1114,0.8078,0.3826,,0.75,0.4208,0.3724,0.0786,0.7267,0.6694,,0.3292,0.0484,0.2938,120.4375,105.4367,10.2808,1.1056
85.2,2556,in_bed,0.5856,0.8239,0.0176,2.1064,0.8063,0.3828,,0.7492,0.422,0.3725,0.0787,0.6016,0.6698,,0.3272,0.0495,0.2938,120.3531,105.407,10.1574,1.1014
85.233,2557,in_bed,0.5873,0.825,0.0184,2.1091,0.8066,0.3824,,0.7509,0.4237,0.3722,0.0787,0.7268,0.668,,0.3272,0.0515,0.2935,120.4013,105.4194,9.9367,1.1028
85.267,2558,in_bed,0.5887,0.8311,0.0184,2.1305,0.8127,0.3815,0.8311,0.7531,0.4243,0.3724,0.0787,0.7248,0.6662,0.4068,0.3288,0.0519,0.2937,120.289,105.3592,9.8491,1.1108
85.3,2559,in_bed,0.5918,0.83,0.0202,2.1228,0.8099,0.3815,,0.7577,0.4258,0.3739,0.0788,0.7242,0.667,,0.3319,0.0519,0.2952,120.041,105.4979,9.9745,1.1074
85.333,2560,in_bed,0.5941,0.8331,0.0209,2.1328,0.8122,0.3808,,0.7614,0.4269,0.374,0.0788,0.722,0.6668,,0.3345,0.0529,0.2951,119.9486,105.7425,10.0665,1.1106
85.367,2561,in_bed,0.5951,0.8353,0.0205,2.1425,0.8147,0.3803,,0.7637,0.4265,0.373,0.0788,0.7192,0.6631,,0.3372,0.0535,0.2942,119.993,106.0319,10.2584,1.1125
85.4,2562,in_bed,0.5957,0.8366,0.0195,2.15,0.8171,0.3801,,0.7652,0.4263,0.3721,0.0787,0.7172,0.6602,,0.3389,0.0542,0.2933,120.2737,106.1891,10.3264,1.1122
85.433,2563,in_bed,0.5955,0.8371,0.0189,2.153,0.8182,0.38,,0.7655,0.4255,0.3704,0.0787,0.7164,0.6615,,0.34,0.055,0.2917,120.3716,106.5685,10.5662,1.1114
85.467,2564,in_bed,0.5937,0.8354,0.0167,2.1514,0.8187,0.3805,,0.7635,0.4239,0.368,0.0786,0.715,0.6617,,0.3395,0.0559,0.2894,120.473,106.7944,10.6701,1.1103
85.5,2565,in_bed,0.592,0.8339,0.0149,2.1506,0.819,0.3808,,0.7615,0.4224,0.3654,0.0785,0.7148,0.6597,,0.3391,0.057,0.2869,120.7831,106.9102,10.6463,1.1101
85.533,2566,in_bed,0.5915,0.8338,0.0145,2.1511,0.8192,0.3808,,0.7606,0.4224,0.3646,0.0785,0.7148,0.6586,,0.3382,0.0578,0.2861,120.9457,107.0303,10.6755,1.11
85.567,2567,in_bed,0.5932,0.8358,0.015,2.1581,0.8208,0.3803,,0.7622,0.4242,0.3655,0.0785,0.7155,0.6602,,0.338,0.0587,0.287,120.883,106.9564,10.501,1.1154
85.6,2568,in_bed,0.5946,0.8361,0.0166,2.1549,0.8195,0.3803,,0.7633,0.4259,0.3672,0.0786,0.7158,0.6617,,0.3375,0.0586,0.2886,121.0061,106.987,10.5106,1.1135
85.633,2569,in_bed,0.5922,0.8394,0.0175,2.1645,0.8219,0.3797,0.8394,0.7611,0.4234,0.3685,0.0787,0.716,0.6636,0.4161,0.3377,0.0549,0.2899,120.7627,106.7412,10.7257,1.1138
85.667,2570,in_bed,0.5949,0.8364,0.0193,2.1478,0.8171,0.3804,,0.7637,0.4261,0.3711,0.0788,0.7177,0.6676,,0.3376,0.055,0.2923,120.793,106.6966,10.6574,1.1063
85.7,2571,in_bed,0.5956,0.8404,0.0196,2.1625,0.8209,0.3796,0.8404,0.7635,0.4278,0.3718,0.0788,0.7173,0.6659,0.4126,0.3357,0.056,0.293,121.1186,106.5313,10.4004,1.1109
85.733,2572,in_bed,0.6003,0.8398,0.0214,2.1559,0.8184,0.3796,,0.7688,0.4318,0.3735,0.0788,0.7173,0.6676,,0.337,0.0583,0.2947,121.4017,106.7181,10.2801,1.108
85.767,2573,in_bed,0.6018,0.8419,0.0213,2.1643,0.8206,0.3791,,0.7717,0.4319,0.3743,0.0788,0.7168,0.6684,,0.3399,0.0575,0.2955,121.3366,106.5653,10.2244,1.1122
85.8,2574,in_bed,0.6012,0.8427,0.021,2.1692,0.8216,0.3788,,0.7731,0.4294,0.3744,0.0788,0.715,0.6675,,0.3437,0.0549,0.2956,120.9154,106.2983,10.2888,1.1137
85.833,2575,in_bed,0.602,0.8435,0.0219,2.1716,0.8216,0.3784,,0.7726,0.4313,0.3759,0.0789,0.7163,0.6669,,0.3413,0.0554,0.297,120.9818,106.0954,10.0451,1.1148
85.867,2576,in_bed,0.6015,0.8436,0.0222,2.1713,0.8214,0.3783,,0.7713,0.4318,0.3761,0.0789,0.7177,0.6677,,0.3395,0.0556,0.2973,120.8387,105.9799,9.9231,1.1164
85.9,2577,in_bed,0.5998,0.8425,0.0223,2.1677,0.8202,0.3784,,0.77,0.4296,0.3764,0.0789,0.7175,0.667,,0.3404,0.0532,0.2975,120.4349,105.8502,10.0683,1.1179
85.933,2578,in_bed,0.5993,0.8427,0.0222,2.169,0.8204,0.3782,,0.7704,0.4281,0.3758,0.0789,0.7167,0.664,,0.3423,0.0524,0.2969,120.4259,105.8006,10.1194,1.1192
85.967,2579,in_bed,0.5973,0.8413,0.0217,2.1652,0.8196,0.3785,,0.7683,0.4263,0.3753,0.0788,0.718,0.6617,,0.342,0.051,0.2965,120.2033,105.3608,9.8896,1.1214
86.0,2580,in_bed,0.5902,0.8376,0.0197,2.1561,0.8179,0.3794,0.8376,0.7603,0.4201,0.3716,0.0788,0.5976,0.5715,0.4175,0.3402,0.0486,0.2928,120.3964,105.3882,10.2241,1.1147
86.033,2581,in_bed,0.5857,0.8335,0.0172,2.1462,0.8163,0.3804,0.8335,0.7549,0.4166,0.3698,0.0786,0.7182,0.6541,0.417,0.3383,0.0468,0.2911,120.2329,105.4648,10.5089,1.1129
86.067,2582,in_bed,0.5832,0.831,0.0151,2.1415,0.8159,0.381,0.831,0.7526,0.4137,0.3688,0.0785,0.7189,0.6534,0.4172,0.3388,0.0449,0.2903,120.0925,104.9986,10.3115,1.1159
86.1,2583,in_bed,0.5843,0.8326,0.0142,2.1492,0.8184,0.3808,0.8326,0.7539,0.4146,0.3688,0.0785,0.7182,0.6537,0.418,0.3393,0.0458,0.2903,120.6284,105.1197,10.3229,1.1137
86.133,2584,in_bed,0.5825,0.8308,0.0133,2.1444,0.8175,0.3812,0.8308,0.7518,0.4132,0.3682,0.0785,0.7175,0.6542,0.4177,0.3386,0.045,0.2897,120.7686,105.1805,10.4823,1.1101
86.167,2585,in_bed,0.5817,0.8288,0.0127,2.1376,0.8161,0.3818,0.8288,0.7492,0.4142,0.3685,0.0784,0.7201,0.6543,0.4146,0.335,0.0456,0.2901,120.842,105.1008,10.3307,1.1107
86.2,2586,in_bed,0.5814,0.8284,0.0123,2.1367,0.8161,0.3819,0.8284,0.7481,0.4147,0.3692,0.0784,0.7206,0.6537,0.4137,0.3334,0.0455,0.2908,120.9165,104.8317,10.103,1.1131
86.233,2587,in_bed,0.584,0.8315,0.0133,2.1453,0.8182,0.3814,0.8315,0.7507,0.4172,0.37,0.0785,0.7217,0.6527,0.4143,0.3334,0.0473,0.2915,121.1535,104.986,10.0303,1.1138
86.267,2588,in_bed,0.5845,0.8329,0.013,2.1509,0.8199,0.3812,0.8329,0.7512,0.4179,0.3701,0.0784,0.7214,0.6516,0.415,0.3333,0.0478,0.2917,121.248,104.9302,9.921,1.1159
86.3,2589,in_bed,0.5881,0.8314,0.0141,2.1432,0.8173,0.3814,,0.7548,0.4215,0.3713,0.0785,0.7222,0.6529,,0.3333,0.0502,0.2928,121.5881,105.2227,9.9116,1.109
86.333,2590,in_bed,0.5927,0.8361,0.0152,2.1579,0.8209,0.3804,,0.7595,0.426,0.3729,0.0785,0.7217,0.6518,,0.3335,0.0531,0.2943,121.8496,105.6117,9.9237,1.1119
86.367,2591,in_bed,0.5989,0.8414,0.0176,2.1719,0.8239,0.3793,,0.7651,0.4327,0.3747,0.0787,0.7226,0.653,,0.3324,0.058,0.296,122.3274,106.0509,9.7419,1.1158
86.4,2592,in_bed,0.5947,0.8374,0.0166,2.1591,0.8208,0.3802,,0.762,0.4273,0.3733,0.0786,0.7217,0.6548,,0.3347,0.054,0.2947,121.4941,105.7998,10.002,1.1129
86.433,2593,in_bed,0.5947,0.8374,0.0163,2.1592,0.821,0.3803,,0.7628,0.4266,0.3739,0.0786,0.7201,0.655,,0.3362,0.0527,0.2953,121.0685,105.7895,10.1416,1.1149
86.467,2594,in_bed,0.5948,0.8377,0.0173,2.1577,0.8204,0.3802,,0.7633,0.4263,0.3746,0.0786,0.7206,0.658,,0.3371,0.0517,0.296,120.6819,105.8223,10.282,1.1167
86.5,2595,in_bed,0.5947,0.8384,0.0188,2.1563,0.8196,0.3801,,0.7641,0.4253,0.3751,0.0787,0.721,0.6589,,0.3388,0.0503,0.2964,120.3553,105.9594,10.5543,1.117
86.533,2596,in_bed,0.5954,0.8437,0.0201,2.1719,0.8235,0.3792,0.8437,0.7646,0.4263,0.3746,0.0788,0.721,0.6556,0.4174,0.3383,0.0516,0.2959,120.5158,106.2259,10.6187,1.1247
86.567,2597,in_bed,0.5964,0.8439,0.0206,2.1716,0.8234,0.3791,0.8439,0.7654,0.4275,0.3748,0.0788,0.7216,0.6542,0.4164,0.3378,0.0527,0.296,120.5712,106.2647,10.5382,1.1237
86.6,2598,in_bed,0.5978,0.8439,0.0217,2.1688,0.8222,0.3791,0.8439,0.7655,0.43,0.3755,0.0788,0.7231,0.651,0.4139,0.3355,0.0545,0.2967,120.7325,106.289,10.3584,1.1226
86.633,2599,in_bed,0.5959,0.8422,0.021,2.1646,0.8212,0.3794,0.8422,0.7646,0.4273,0.3744,0.0788,0.7217,0.6498,0.4149,0.3373,0.0529,0.2956,120.5581,106.4153,10.6623,1.12
86.667,2600,in_bed,0.5956,0.8417,0.0211,2.162,0.8206,0.3796,0.8417,0.7644,0.4268,0.3742,0.0788,0.7225,0.6504,0.4148,0.3376,0.0526,0.2954,120.8134,106.2767,10.5747,1.1161
86.7,2601,in_bed,0.5943,0.8407,0.0196,2.1621,0.8211,0.3798,0.8407,0.7632,0.4254,0.3738,0.0788,0.7229,0.6496,0.4153,0.3378,0.0516,0.295,120.7253,106.0825,10.5334,1.1158
86.733,2602,in_bed,0.5941,0.8416,0.0199,2.1651,0.8217,0.3795,0.8416,0.7635,0.4247,0.3747,0.0788,0.7228,0.6491,0.4169,0.3388,0.05,0.2959,120.3978,105.7137,10.3859,1.1176
86.767,2603,in_bed,0.5953,0.8387,0.0198,2.1552,0.8189,0.38,,0.765,0.4255,0.3758,0.0788,0.7219,0.6492,,0.3395,0.0498,0.297,120.2683,105.6938,10.4106,1.1121
86.8,2604,in_bed,0.5874,0.8355,0.0173,2.1496,0.8183,0.3807,0.8355,0.7552,0.4196,0.3733,0.0787,0.5999,0.5695,0.416,0.3357,0.0463,0.2946,120.0051,105.5828,10.7372,1.1117
86.833,2605,in_bed,0.5849,0.8268,0.0154,2.1225,0.8114,0.3823,,0.7522,0.4176,0.3719,0.0786,0.723,0.6461,,0.3345,0.0458,0.2933,120.0085,105.5304,10.752,1.1012
86.867,2606,in_bed,0.583,0.8257,0.0145,2.1207,0.8112,0.3825,,0.751,0.415,0.3713,0.0785,0.7221,0.6448,,0.336,0.0437,0.2928,119.6855,105.4462,10.9242,1.1017
86.9,2607,in_bed,0.5812,0.8251,0.0145,2.12,0.8106,0.3824,,0.7498,0.4125,0.3707,0.0785,0.7217,0.6441,,0.3373,0.0418,0.2922,119.391,105.0791,10.8146,1.1045
86.933,2608,in_bed,0.5762,0.8222,0.0149,2.1101,0.8073,0.3826,,0.7446,0.4078,0.3696,0.0785,0.5951,0.5645,,0.3368,0.0382,0.2911,119.0529,104.7716,10.9678,1.1029
86.967,2609,in_bed,0.5764,0.8236,0.0152,2.1152,0.8083,0.3822,,0.7459,0.407,0.3691,0.0785,0.7206,0.6418,,0.3389,0.0379,0.2905,118.9755,104.925,11.137,1.1055
87.0,2610,in_bed,0.5765,0.8246,0.0153,2.1195,0.8092,0.3818,,0.7462,0.4067,0.3679,0.0785,0.7196,0.6413,,0.3395,0.0388,0.2893,119.0645,105.2282,11.3045,1.1066
87.033,2611,in_bed,0.5786,0.8267,0.0162,2.1248,0.8105,0.3814,,0.7483,0.409,0.3684,0.0786,0.7207,0.6415,,0.3393,0.0405,0.2899,119.3631,105.4359,11.2698,1.1085
87.067,2612,in_bed,0.5804,0.8287,0.0159,2.1322,0.8128,0.3812,,0.7506,0.4103,0.3701,0.0786,0.721,0.6397,,0.3402,0.0402,0.2916,119.3011,105.2711,11.15,1.1134
87.1,2613,in_bed,0.5781,0.8271,0.0151,2.1285,0.8119,0.3815,,0.7483,0.4079,0.3696,0.0785,0.5932,0.6368,,0.3404,0.0383,0.2911,119.1802,105.0525,11.1948,1.1125
87.133,2614,in_bed,0.5789,0.828,0.0152,2.1318,0.8128,0.3813,,0.7484,0.4094,0.3695,0.0785,0.7196,0.6334,,0.3389,0.0399,0.291,119.531,105.1488,11.0768,1.114
87.167,2615,in_bed,0.5777,0.8278,0.0154,2.1308,0.8124,0.3813,,0.7483,0.407,0.3699,0.0785,0.7186,0.633,,0.3412,0.0371,0.2914,118.9727,104.9564,11.2453,1.1127
87.2,2616,in_bed,0.578,0.8272,0.0141,2.1303,0.8131,0.3817,,0.7485,0.4076,0.3696,0.0785,0.7179,0.6346,,0.3409,0.0379,0.2911,119.0243,105.1122,11.3281,1.1073
87.233,2617,in_bed,0.5813,0.83,0.0148,2.137,0.8152,0.3815,,0.7518,0.4107,0.3702,0.0785,0.7205,0.6376,,0.3411,0.0405,0.2917,119.2144,105.6616,11.5121,1.1088
87.267,2618,in_bed,0.5817,0.8302,0.0146,2.1368,0.8157,0.3817,,0.7527,0.4107,0.3713,0.0785,0.7209,0.6384,,0.3419,0.0394,0.2928,118.9254,105.571,11.5788,1.1095
87.3,2619,in_bed,0.5866,0.8333,0.0152,2.145,0.818,0.3814,,0.7565,0.4167,0.3731,0.0785,0.7231,0.6438,,0.3398,0.0436,0.2945,119.6068,105.7702,11.2688,1.1101
87.333,2620,in_bed,0.5846,0.8307,0.0135,2.1387,0.8172,0.3821,,0.7541,0.4151,0.3728,0.0785,0.7229,0.646,,0.339,0.0423,0.2944,119.6793,105.7691,11.4355,1.1057
87.367,2621,in_bed,0.5864,0.8317,0.0138,2.142,0.8179,0.3818,,0.7553,0.4175,0.3727,0.0785,0.7225,0.6501,,0.3378,0.0448,0.2942,119.9456,105.9502,11.3033,1.105
87.4,2622,in_bed,0.588,0.8324,0.0142,2.1439,0.8182,0.3816,,0.7568,0.4191,0.3738,0.0785,0.7228,0.6564,,0.3377,0.0453,0.2953,119.8981,105.8013,11.1072,1.1056
87.433,2623,in_bed,0.5882,0.8331,0.0149,2.1445,0.8181,0.3815,,0.7572,0.4193,0.3741,0.0785,0.7236,0.6575,,0.3378,0.0452,0.2956,119.7578,105.5704,10.921,1.1048
87.467,2624,in_bed,0.5884,0.8325,0.0167,2.1377,0.8158,0.3816,,0.7566,0.4202,0.3754,0.0786,0.7256,0.6604,,0.3365,0.0447,0.2968,119.6399,105.2258,10.6591,1.1024
87.5,2625,in_bed,0.5858,0.8358,0.016,2.1501,0.8198,0.3813,0.8358,0.7528,0.4189,0.3751,0.0786,0.6025,0.6586,0.4169,0.3339,0.0438,0.2965,119.573,105.0152,10.5808,1.1087
87.533,2626,in_bed,0.5857,0.8351,0.0162,2.1469,0.8189,0.3814,0.8351,0.7523,0.4191,0.3755,0.0786,0.7251,0.6576,0.4161,0.3333,0.0436,0.2969,119.6411,104.8915,10.4812,1.1087
87.567,2627,in_bed,0.5849,0.8259,0.0164,2.1126,0.8096,0.3832,,0.7515,0.4184,0.3757,0.0786,0.6024,0.6572,,0.3332,0.0426,0.2971,119.6525,104.9195,10.6231,1.0921
87.6,2628,in_bed,0.5782,0.8281,0.0152,2.1239,0.8129,0.3827,0.8281,0.7438,0.4126,0.3722,0.0786,0.598,0.5737,0.4156,0.3312,0.0404,0.2936,119.8155,105.3776,11.2938,1.096
87.633,2629,in_bed,0.5763,0.8275,0.0144,2.1246,0.8131,0.3827,0.8275,0.7418,0.4107,0.371,0.0785,0.5955,0.6532,0.4168,0.3311,0.0397,0.2925,120.0736,105.4596,11.4449,1.0945
87.667,2630,in_bed,0.5742,0.8267,0.0134,2.1249,0.8133,0.3827,0.8267,0.7408,0.4076,0.3697,0.0785,0.5932,0.6498,0.4191,0.3332,0.0379,0.2912,120.1421,105.5673,11.7594,1.0929
87.7,2631,in_bed,0.5761,0.8274,0.013,2.1292,0.8144,0.3825,0.8274,0.7426,0.4096,0.3695,0.0785,0.719,0.6492,0.4178,0.333,0.0401,0.2911,120.4054,105.6808,11.5958,1.0949
87.733,2632,in_bed,0.5749,0.826,0.0111,2.1292,0.8149,0.3827,0.826,0.7409,0.4089,0.3694,0.0784,0.7176,0.6467,0.417,0.332,0.0395,0.2911,120.2431,105.5043,11.5174,1.0964
87.767,2633,in_bed,0.5776,0.8191,0.0116,2.1026,0.8075,0.3841,,0.7442,0.411,0.3702,0.0784,0.7182,0.6479,,0.3332,0.0407,0.2919,120.0916,105.643,11.4912,1.0856
87.8,2634,in_bed,0.5797,0.8218,0.0113,2.1125,0.8104,0.3836,,0.7472,0.4122,0.371,0.0784,0.7174,0.6475,,0.335,0.0412,0.2926,119.9755,105.8196,11.5908,1.0887
87.833,2635,in_bed,0.5807,0.8229,0.011,2.1179,0.8119,0.3834,,0.7488,0.4126,0.3703,0.0784,0.7164,0.6485,,0.3362,0.0423,0.2919,120.1522,105.8511,11.4803,1.0901
87.867,2636,in_bed,0.5801,0.8219,0.0106,2.1158,0.8113,0.3834,,0.7488,0.4114,0.369,0.0783,0.715,0.649,,0.3374,0.0424,0.2906,120.1341,105.9018,11.4981,1.0922
87.9,2637,in_bed,0.5814,0.8234,0.0119,2.1183,0.8114,0.3831,,0.7507,0.412,0.3704,0.0784,0.7164,0.6502,,0.3387,0.0416,0.292,119.919,105.5798,11.2941,1.0935
87.933,2638,in_bed,0.5827,0.8251,0.0124,2.1244,0.8128,0.3826,,0.7522,0.4132,0.3705,0.0784,0.7173,0.6502,,0.339,0.0427,0.2921,120.1038,105.6266,11.1957,1.0972
87.967,2639,in_bed,0.5822,0.825,0.0129,2.1228,0.8121,0.3826,,0.751,0.4134,0.3702,0.0784,0.7177,0.6477,,0.3376,0.0432,0.2917,120.2146,105.3734,10.9026,1.099
88.0,2640,in_bed,0.579,0.8231,0.0132,2.1172,0.8099,0.3826,,0.7474,0.4106,0.3691,0.0784,0.5937,0.5663,,0.3368,0.0415,0.2907,120.167,104.8752,10.674,1.0966
88.033,2641,in_bed,0.5782,0.8238,0.0132,2.1205,0.8106,0.3823,,0.7471,0.4094,0.3689,0.0785,0.7165,0.6423,,0.3377,0.0405,0.2905,120.4248,104.4223,10.3992,1.0954
88.067,2642,in_bed,0.5781,0.8292,0.0133,2.1394,0.8159,0.3814,0.8292,0.7482,0.4079,0.369,0.0785,0.7152,0.641,0.4213,0.3403,0.039,0.2905,120.5247,104.0882,10.2794,1.1017
88.1,2643,in_bed,0.5755,0.8252,0.0134,2.1238,0.8118,0.3822,0.8252,0.7449,0.4061,0.3691,0.0785,0.5915,0.6406,0.4191,0.3389,0.0369,0.2907,120.3746,103.8257,10.2795,1.0982
88.133,2644,in_bed,0.5762,0.8214,0.0138,2.1085,0.8076,0.383,,0.7453,0.4071,0.3696,0.0785,0.7161,0.5631,,0.3381,0.0376,0.2911,120.6306,104.0826,10.4359,1.0922
88.167,2645,in_bed,0.5775,0.8224,0.0145,2.1107,0.8078,0.3827,,0.7469,0.408,0.3692,0.0785,0.715,0.6408,,0.3389,0.0388,0.2907,120.7935,104.3741,10.5578,1.0894
88.2,2646,in_bed,0.5791,0.8238,0.0155,2.1133,0.8084,0.3825,,0.7484,0.4097,0.3688,0.0786,0.7165,0.6449,,0.3387,0.0409,0.2902,120.9052,105.0743,10.9281,1.0897
88.233,2647,in_bed,0.5782,0.8226,0.0157,2.1083,0.8069,0.3827,,0.7469,0.4094,0.3685,0.0786,0.7169,0.6458,,0.3376,0.0409,0.2899,120.9018,105.0702,10.9475,1.0861
88.267,2648,in_bed,0.5794,0.8227,0.0171,2.1048,0.8055,0.3827,,0.7475,0.4112,0.369,0.0787,0.7187,0.6514,,0.3362,0.0422,0.2903,120.8096,105.0736,10.7891,1.0854
88.3,2649,in_bed,0.5819,0.825,0.0175,2.1119,0.8075,0.3824,,0.7502,0.4136,0.3698,0.0787,0.7192,0.6534,,0.3367,0.0438,0.2911,120.7468,105.289,10.8012,1.0882
88.333,2650,in_bed,0.5845,0.8275,0.0178,2.1201,0.8097,0.3819,,0.7536,0.4154,0.3702,0.0787,0.7187,0.6541,,0.3382,0.0452,0.2916,120.6275,105.6662,10.9604,1.0945
88.367,2651,in_bed,0.5859,0.8318,0.018,2.1332,0.8138,0.3815,0.8318,0.7551,0.4166,0.3704,0.0787,0.7196,0.6546,0.4151,0.3384,0.0463,0.2917,120.6792,106.1037,11.2073,1.1009
88.4,2652,in_bed,0.5846,0.8307,0.018,2.1299,0.8128,0.3816,0.8307,0.7539,0.4153,0.3698,0.0787,0.7185,0.6532,0.4154,0.3386,0.0456,0.2911,120.7235,106.0577,11.2291,1.0992
88.433,2653,in_bed,0.5854,0.8271,0.0184,2.116,0.8087,0.3822,,0.755,0.4159,0.37,0.0787,0.7194,0.6535,,0.3392,0.0459,0.2913,120.6,106.2069,11.3142,1.0922
88.467,2654,in_bed,0.5862,0.8283,0.0191,2.1188,0.8092,0.3819,,0.7555,0.4169,0.3713,0.0788,0.7205,0.6515,,0.3385,0.0456,0.2925,120.4102,106.0792,11.2352,1.0909
88.5,2655,in_bed,0.5866,0.8295,0.0195,2.1221,0.8099,0.3817,,0.7557,0.4176,0.3721,0.0788,0.7219,0.6535,,0.3381,0.0455,0.2933,120.2277,106.0541,11.226,1.0933
88.533,2656,in_bed,0.5844,0.8278,0.0192,2.1178,0.8086,0.3818,,0.7536,0.4152,0.3722,0.0788,0.7206,0.653,,0.3384,0.043,0.2935,119.8574,105.6942,11.2181,1.0921
88.567,2657,in_bed,0.586,0.829,0.0195,2.1212,0.8095,0.3816,,0.7548,0.4171,0.3732,0.0788,0.7215,0.6558,,0.3377,0.044,0.2944,119.6808,105.9309,11.2996,1.0967
88.6,2658,in_bed,0.5865,0.8303,0.0201,2.1245,0.8102,0.3814,,0.7557,0.4172,0.3735,0.0788,0.7223,0.6541,,0.3385,0.0437,0.2947,119.7315,105.8908,11.299,1.0967
88.633,2659,in_bed,0.5876,0.8311,0.0212,2.1245,0.8099,0.3812,,0.7565,0.4186,0.3747,0.0789,0.7241,0.6544,,0.338,0.0439,0.2958,119.8656,105.7867,11.1969,1.0937
88.667,2660,in_bed,0.5901,0.8331,0.0216,2.1315,0.8116,0.3807,,0.7593,0.4209,0.3757,0.0789,0.7249,0.6539,,0.3384,0.0452,0.2968,119.9696,105.7903,11.0374,1.0989
88.7,2661,in_bed,0.5949,0.8377,0.0225,2.1458,0.8152,0.3799,,0.7642,0.4255,0.3773,0.0789,0.7262,0.6534,,0.3388,0.0482,0.2984,120.2078,106.0523,10.9084,1.1052
88.733,2662,in_bed,0.5966,0.8396,0.0222,2.1536,0.8173,0.3795,,0.7659,0.4273,0.3773,0.0789,0.725,0.6496,,0.3386,0.0501,0.2984,120.2719,106.0668,10.699,1.1107
88.767,2663,in_bed,0.5968,0.8392,0.0224,2.1529,0.8168,0.3794,,0.7654,0.4282,0.3777,0.0789,0.7251,0.6486,,0.3372,0.0505,0.2988,120.1908,105.6468,10.2596,1.1147
88.8,2664,in_bed,0.5931,0.8399,0.0206,2.1599,0.8193,0.3793,0.8399,0.7617,0.4246,0.3763,0.0788,0.723,0.5718,0.4153,0.3372,0.0483,0.2975,120.1422,105.2658,10.1779,1.1198
88.833,2665,in_bed,0.5907,0.8381,0.0191,2.1574,0.819,0.3797,0.8381,0.7599,0.4215,0.3742,0.0787,0.7224,0.6465,0.4166,0.3384,0.0474,0.2954,120.2606,105.3555,10.3686,1.118
88.867,2666,in_bed,0.5891,0.8374,0.019,2.1544,0.8184,0.3799,0.8374,0.7585,0.4196,0.3728,0.0787,0.7218,0.6496,0.4177,0.3388,0.0469,0.294,120.3804,105.4608,10.5152,1.1141
88.9,2667,in_bed,0.5888,0.8316,0.0176,2.1367,0.814,0.381,,0.7582,0.4194,0.3717,0.0787,0.7202,0.6485,,0.3388,0.0477,0.293,120.4411,105.5906,10.5324,1.1073
88.933,2668,in_bed,0.5878,0.8313,0.0164,2.1384,0.8149,0.3811,,0.7577,0.418,0.3704,0.0786,0.7191,0.6478,,0.3397,0.0476,0.2918,120.6621,105.8094,10.7442,1.1063
88.967,2669,in_bed,0.5896,0.8333,0.0169,2.144,0.8164,0.3808,,0.7605,0.4186,0.3709,0.0786,0.7186,0.6462,,0.3419,0.0477,0.2922,120.9212,105.9125,10.8261,1.1048
89.0,2670,in_bed,0.5898,0.8392,0.0164,2.1664,0.8229,0.3798,0.8392,0.7611,0.4185,0.37,0.0786,0.7191,0.6459,0.4208,0.3426,0.0485,0.2914,121.125,106.0288,10.8373,1.113
89.033,2671,in_bed,0.5921,0.8352,0.0161,2.1516,0.8191,0.3807,,0.7634,0.4208,0.3702,0.0786,0.7192,0.6471,,0.3426,0.0506,0.2916,121.3,106.3492,10.8573,1.1075
89.067,2672,in_bed,0.5933,0.8364,0.0168,2.1539,0.8195,0.3805,,0.7646,0.4219,0.3705,0.0786,0.7212,0.6474,,0.3427,0.0514,0.2919,121.4254,106.2941,10.7016,1.1101
89.1,2673,in_bed,0.593,0.8364,0.0167,2.1544,0.8198,0.3805,,0.7638,0.4223,0.3707,0.0786,0.7219,0.6473,,0.3415,0.0516,0.292,121.2982,106.3354,10.72,1.112
89.133,2674,in_bed,0.5933,0.8363,0.0167,2.1539,0.8197,0.3806,,0.7639,0.4227,0.3706,0.0786,0.7222,0.6486,,0.3413,0.0521,0.292,121.3138,106.1417,10.4854,1.1139
89.167,2675,in_bed,0.5943,0.8363,0.0165,2.1537,0.8198,0.3807,,0.7644,0.4241,0.3714,0.0786,0.722,0.6516,,0.3403,0.0527,0.2928,121.2194,106.3274,10.5826,1.1129
89.2,2676,in_bed,0.5911,0.8335,0.0141,2.1487,0.8194,0.3813,,0.7609,0.4213,0.3696,0.0785,0.6027,0.6487,,0.3396,0.0517,0.2911,121.2403,105.8565,10.2783,1.1136
89.233,2677,in_bed,0.5907,0.8332,0.0138,2.1485,0.8194,0.3814,,0.7603,0.4211,0.3704,0.0785,0.7202,0.648,,0.3393,0.0506,0.292,120.9787,105.6,10.1658,1.1159
89.267,2678,in_bed,0.5918,0.8337,0.0142,2.1504,0.8196,0.3811,,0.7605,0.4232,0.3713,0.0785,0.7201,0.6469,,0.3373,0.0519,0.2928,121.1182,105.3955,9.8367,1.1165
89.3,2679,in_bed,0.593,0.8338,0.0144,2.1511,0.8194,0.3809,,0.7607,0.4253,0.3718,0.0785,0.7181,0.6453,,0.3354,0.0535,0.2933,121.3452,105.123,9.4133,1.1169
89.333,2680,in_bed,0.595,0.8345,0.0153,2.1522,0.8191,0.3806,,0.7617,0.4283,0.3725,0.0785,0.7172,0.645,,0.3334,0.0558,0.294,121.7391,105.0018,9.0412,1.1143
89.367,2681,in_bed,0.5941,0.833,0.0153,2.1475,0.8177,0.3808,,0.7592,0.4289,0.3722,0.0785,0.7197,0.646,,0.3302,0.0567,0.2937,121.6087,104.4783,8.4652,1.1187
89.4,2682,in_bed,0.5948,0.832,0.0165,2.1423,0.8155,0.3807,,0.7573,0.4323,0.3722,0.0786,0.7226,0.6475,,0.325,0.0601,0.2936,121.9457,104.0522,7.6733,1.1233
89.433,2683,in_bed,0.5946,0.8327,0.0173,2.1436,0.8154,0.3804,,0.7578,0.4313,0.3726,0.0786,0.7222,0.6479,,0.3265,0.0587,0.294,121.7732,103.9211,7.7096,1.1245
89.467,2684,in_bed,0.5961,0.8342,0.0187,2.146,0.8155,0.38,,0.7596,0.4326,0.3735,0.0787,0.7225,0.6485,,0.3269,0.0591,0.2948,121.6731,104.0712,7.772,1.1288
89.5,2685,in_bed,0.5957,0.8361,0.02,2.1486,0.8161,0.3798,0.8361,0.7596,0.4318,0.374,0.0787,0.7227,0.6487,0.4043,0.3278,0.0577,0.2953,121.5597,103.9596,7.8343,1.1279
89.533,2686,in_bed,0.597,0.8355,0.0199,2.1475,0.8156,0.3798,,0.7609,0.4331,0.3742,0.0787,0.7221,0.648,,0.3278,0.059,0.2954,121.6999,104.408,8.0847,1.1249
89.567,2687,in_bed,0.5972,0.838,0.0198,2.1554,0.8182,0.3796,0.838,0.7611,0.4333,0.3738,0.0787,0.7212,0.6462,0.4047,0.3278,0.0595,0.295,121.7598,104.7862,8.3575,1.1284
89.6,2688,in_bed,0.5978,0.8369,0.0205,2.1506,0.8164,0.3796,,0.7627,0.4329,0.3741,0.0788,0.721,0.6491,,0.3299,0.0587,0.2954,121.5168,105.2313,8.8486,1.1248
89.633,2689,in_bed,0.5959,0.8359,0.0197,2.1487,0.8162,0.3799,,0.762,0.4298,0.3736,0.0787,0.7199,0.65,,0.3322,0.0562,0.2949,121.188,105.2584,9.1997,1.1189
89.667,2690,in_bed,0.5939,0.8353,0.0187,2.1476,0.8166,0.3802,,0.7615,0.4262,0.3735,0.0787,0.7192,0.6509,,0.3352,0.0528,0.2948,120.4914,105.4759,9.8238,1.1165
89.7,2691,in_bed,0.5898,0.8329,0.0177,2.1419,0.8153,0.3806,,0.7586,0.421,0.372,0.0786,0.7187,0.6495,,0.3375,0.0491,0.2933,120.0535,105.1962,10.0121,1.1151
89.733,2692,in_bed,0.5899,0.8337,0.0173,2.1454,0.8164,0.3805,,0.7596,0.4202,0.3722,0.0786,0.7183,0.6522,,0.3395,0.048,0.2936,119.7624,105.4627,10.387,1.1151
89.767,2693,in_bed,0.5888,0.8341,0.0171,2.1473,0.817,0.3805,,0.7599,0.4176,0.3719,0.0786,0.7187,0.6539,,0.3423,0.0457,0.2933,119.4322,105.3808,10.5837,1.1138
89.8,2694,in_bed,0.5897,0.8349,0.0171,2.1496,0.8178,0.3804,,0.761,0.4184,0.3718,0.0786,0.7191,0.6556,,0.3427,0.0465,0.2932,119.6279,105.3795,10.4781,1.1129
89.833,2695,in_bed,0.5939,0.8385,0.0177,2.1613,0.8208,0.3798,,0.7657,0.4221,0.3733,0.0787,0.7191,0.6544,,0.3437,0.0488,0.2946,119.7945,105.4562,10.2715,1.118
89.867,2696,in_bed,0.5964,0.84,0.0175,2.1674,0.8225,0.3795,,0.7682,0.4245,0.3739,0.0786,0.718,0.6532,,0.3437,0.0506,0.2953,119.9762,105.3562,9.9608,1.1217
89.9,2697,in_bed,0.596,0.8392,0.0167,2.1665,0.8225,0.3797,,0.7674,0.4246,0.3744,0.0786,0.7183,0.6523,,0.3427,0.0502,0.2958,119.8664,105.1874,9.8506,1.1248
89.933,2698,in_bed,0.5943,0.838,0.0165,2.1627,0.8215,0.3798,,0.765,0.4235,0.3742,0.0786,0.7188,0.6516,,0.3415,0.0493,0.2956,119.6172,104.9706,9.7824,1.1256
89.967,2699,in_bed,0.596,0.8384,0.0174,2.1625,0.821,0.3796,,0.7653,0.4267,0.3747,0.0786,0.7188,0.6503,,0.3386,0.052,0.2961,119.8911,104.9481,9.4516,1.1272
90.0,2700,in_bed,0.5925,0.8346,0.017,2.1491,0.8176,0.3804,,0.7606,0.4244,0.3735,0.0786,0.6013,0.6538,,0.3362,0.0508,0.2949,119.8912,104.8582,9.5106,1.1212
90.033,2701,in_bed,0.5932,0.8352,0.0175,2.1499,0.8177,0.3803,,0.7614,0.425,0.373,0.0787,0.7201,0.6587,,0.3365,0.052,0.2943,120.4023,105.2862,9.7482,1.1161
90.067,2702,in_bed,0.5959,0.8377,0.0179,2.1581,0.8198,0.3799,,0.7646,0.4273,0.3738,0.0787,0.7183,0.6623,,0.3373,0.0534,0.2952,120.7486,105.7548,10.0049,1.1147
90.1,2703,in_bed,0.5973,0.8386,0.0181,2.1607,0.8205,0.3797,,0.7656,0.429,0.3741,0.0787,0.7181,0.6625,,0.3365,0.0549,0.2955,120.9766,105.9377,10.0024,1.1156
90.133,2704,in_bed,0.5976,0.839,0.0181,2.1615,0.8209,0.3798,,0.7661,0.429,0.3752,0.0787,0.7184,0.6664,,0.337,0.0538,0.2965,120.6632,105.9355,10.1179,1.1182
90.167,2705,in_bed,0.598,0.8383,0.0185,2.1579,0.8198,0.3799,,0.7652,0.4308,0.3751,0.0787,0.7189,0.6666,,0.3344,0.0557,0.2964,120.8552,106.1061,10.0525,1.1158
90.2,2706,in_bed,0.5981,0.8393,0.0185,2.1605,0.8208,0.3799,,0.7658,0.4304,0.3757,0.0787,0.7198,0.6652,,0.3354,0.0547,0.297,120.664,106.1285,10.1956,1.1174
90.233,2707,in_bed,0.5987,0.8394,0.0178,2.1621,0.8217,0.38,,0.767,0.4305,0.3762,0.0787,0.7196,0.6659,,0.3364,0.0543,0.2976,120.6214,106.1702,10.2725,1.1184
90.267,2708,in_bed,0.5991,0.8393,0.0185,2.1592,0.8208,0.3801,,0.767,0.4312,0.3769,0.0787,0.7216,0.6687,,0.3358,0.0542,0.2982,120.5543,106.2523,10.3358,1.118
90.3,2709,in_bed,0.5995,0.8404,0.019,2.1618,0.8214,0.38,,0.7674,0.4315,0.3769,0.0787,0.7224,0.6691,,0.3358,0.0546,0.2982,120.5389,106.5672,10.5726,1.1194
90.333,2710,in_bed,0.5995,0.8403,0.0189,2.1625,0.8214,0.3799,,0.7674,0.4317,0.3764,0.0787,0.7212,0.6663,,0.3357,0.0553,0.2977,120.5356,106.6443,10.5521,1.1222
90.367,2711,in_bed,0.5973,0.8437,0.0185,2.1756,0.8252,0.3793,0.8437,0.7657,0.4289,0.3753,0.0787,0.7209,0.6678,0.4148,0.3367,0.0536,0.2966,120.1738,106.8938,10.9749,1.1282
90.4,2712,in_bed,0.5938,0.8408,0.0183,2.1663,0.8226,0.3797,0.8408,0.7624,0.4251,0.3737,0.0787,0.7197,0.6599,0.4157,0.3373,0.0514,0.295,120.301,106.8138,11.1974,1.1178
90.433,2713,in_bed,0.5933,0.8352,0.018,2.1455,0.8172,0.3809,,0.7621,0.4246,0.3732,0.0787,0.7211,0.6589,,0.3376,0.0513,0.2946,120.3011,106.5814,11.0247,1.1073
90.467,2714,in_bed,0.5892,0.8361,0.0184,2.1484,0.8177,0.3806,0.8361,0.7564,0.422,0.3728,0.0787,0.6005,0.6583,0.4141,0.3343,0.0492,0.2941,119.9592,106.1317,10.8739,1.1109
90.5,2715,in_bed,0.5878,0.8277,0.0185,2.1173,0.8092,0.3822,,0.7554,0.4202,0.3727,0.0787,0.7225,0.6569,,0.3352,0.0475,0.294,119.5641,105.6916,10.6789,1.1015
90.533,2716,in_bed,0.5876,0.828,0.0182,2.1195,0.8098,0.3821,,0.7554,0.4198,0.3726,0.0787,0.7215,0.6541,,0.3356,0.0472,0.2939,119.3604,105.5137,10.5622,1.104
90.567,2717,in_bed,0.588,0.8289,0.0186,2.1218,0.8102,0.3819,,0.756,0.4199,0.3732,0.0787,0.7221,0.655,,0.3361,0.0467,0.2945,119.1348,105.3897,10.5096,1.1058
90.6,2718,in_bed,0.5868,0.8331,0.0179,2.1393,0.8152,0.3811,0.8331,0.7548,0.4189,0.3725,0.0787,0.7223,0.6566,0.4142,0.3359,0.0464,0.2938,119.0693,105.3569,10.5117,1.1155
90.633,2719,in_bed,0.5848,0.8247,0.0174,2.1106,0.8073,0.3825,,0.7529,0.4168,0.3714,0.0787,0.722,0.656,,0.3361,0.0454,0.2928,118.8948,105.0652,10.3706,1.104
90.667,2720,in_bed,0.5834,0.8286,0.017,2.126,0.8117,0.3818,0.8286,0.7514,0.4153,0.3705,0.0786,0.722,0.6577,0.4133,0.3361,0.0449,0.2918,118.9018,105.0523,10.4286,1.1112
90.7,2721,in_bed,0.5819,0.8217,0.0168,2.1017,0.8049,0.383,,0.7504,0.4134,0.3705,0.0786,0.7223,0.6568,,0.337,0.0429,0.2919,118.7346,104.946,10.5704,1.0999
90.733,2722,in_bed,0.5852,0.8257,0.0178,2.1131,0.8079,0.3823,,0.7539,0.4166,0.3717,0.0787,0.7237,0.6573,,0.3373,0.0449,0.293,118.9206,104.94,10.3218,1.1045
90.767,2723,in_bed,0.5863,0.8277,0.0182,2.1195,0.8095,0.3819,,0.7559,0.4168,0.3723,0.0787,0.7232,0.6587,,0.3391,0.0445,0.2936,118.897,105.0473,10.457,1.1043
90.8,2724,in_bed,0.5822,0.8307,0.017,2.1342,0.8137,0.3813,0.8307,0.752,0.4124,0.3685,0.0786,0.7206,0.6557,0.4183,0.3396,0.0439,0.2898,119.4047,105.174,10.6535,1.1071
90.833,2725,in_bed,0.5832,0.8257,0.0169,2.1163,0.8088,0.3822,,0.7531,0.4133,0.3681,0.0786,0.7211,0.6547,,0.3398,0.0452,0.2895,119.8405,105.4272,10.7274,1.0966
90.867,2726,in_bed,0.5855,0.828,0.017,2.1235,0.811,0.3819,,0.7552,0.4158,0.3688,0.0787,0.722,0.6566,,0.3394,0.047,0.2901,120.2585,105.8177,10.8537,1.0977
90.9,2727,in_bed,0.5887,0.8307,0.0177,2.1303,0.8129,0.3816,,0.7579,0.4195,0.3698,0.0787,0.7234,0.6595,,0.3385,0.0497,0.2911,120.6188,106.0855,10.7702,1.0987
90.933,2728,in_bed,0.5881,0.8295,0.0185,2.1234,0.811,0.3819,,0.7562,0.42,0.3698,0.0787,0.7248,0.6577,,0.3362,0.0502,0.2911,120.8147,106.5713,11.1358,1.0963
90.967,2729,in_bed,0.587,0.8285,0.0187,2.1193,0.8098,0.3821,,0.7545,0.4194,0.3697,0.0787,0.7256,0.6585,,0.3351,0.0497,0.291,120.4965,106.5542,11.1719,1.0971
91.0,2730,in_bed,0.5849,0.8315,0.018,2.1327,0.8135,0.3814,0.8315,0.7515,0.4183,0.3688,0.0787,0.7244,0.6574,0.4132,0.3331,0.0495,0.2901,120.3961,106.2135,10.8873,1.1045
91.033,2731,in_bed,0.5818,0.828,0.0175,2.121,0.8105,0.3821,0.828,0.7475,0.4162,0.3677,0.0787,0.5978,0.6559,0.4119,0.3313,0.0485,0.289,120.401,105.9206,10.7533,1.1006
91.067,2732,in_bed,0.5782,0.8242,0.0176,2.107,0.8066,0.3828,0.8242,0.743,0.4134,0.3663,0.0787,0.5949,0.5695,0.4108,0.3296,0.0471,0.2876,120.3069,106.0693,11.0454,1.0962
91.1,2733,in_bed,0.5796,0.8202,0.0181,2.0921,0.8021,0.3834,,0.7449,0.4144,0.367,0.0787,0.7236,0.652,,0.3305,0.0474,0.2883,120.4321,106.1144,11.0518,1.0901
91.133,2734,in_bed,0.581,0.827,0.0176,2.117,0.8093,0.3823,0.827,0.7475,0.4144,0.3671,0.0787,0.7243,0.6537,0.4125,0.3331,0.0473,0.2885,120.7511,105.9786,10.9345,1.0999
91.167,2735,in_bed,0.581,0.8225,0.0176,2.1008,0.8048,0.3831,,0.7479,0.4141,0.3671,0.0787,0.7256,0.6573,,0.3339,0.0469,0.2884,120.8225,105.8502,10.8655,1.0897
91.2,2736,in_bed,0.5831,0.8285,0.0174,2.1222,0.8111,0.3822,0.8285,0.7507,0.4154,0.3693,0.0787,0.7253,0.6553,0.4131,0.3353,0.0461,0.2906,120.5932,105.4926,10.642,1.1005
91.233,2737,in_bed,0.5805,0.827,0.0154,2.1212,0.8116,0.3826,0.827,0.7482,0.4129,0.3686,0.0786,0.5983,0.6516,0.4142,0.3354,0.0443,0.29,120.5,105.0898,10.5172,1.1012
91.267,2738,in_bed,0.5811,0.8265,0.0148,2.1206,0.8117,0.3828,0.8265,0.7487,0.4135,0.3691,0.0785,0.7235,0.6498,0.4131,0.3352,0.0444,0.2905,120.5181,104.9245,10.3641,1.1022
91.3,2739,in_bed,0.577,0.8232,0.0124,2.1154,0.8108,0.3833,0.8232,0.7449,0.4091,0.3679,0.0784,0.5951,0.6479,0.4141,0.3357,0.0412,0.2895,120.238,104.2376,10.1411,1.0999
91.333,2740,in_bed,0.5756,0.8223,0.0116,2.1145,0.8106,0.3834,0.8223,0.7441,0.407,0.3681,0.0784,0.7185,0.6471,0.4153,0.3371,0.039,0.2897,120.0188,103.9231,10.1307,1.0975
91.367,2741,in_bed,0.5743,0.8211,0.012,2.1106,0.8091,0.3834,0.8211,0.7433,0.4053,0.3678,0.0784,0.7165,0.6422,0.4158,0.3379,0.0375,0.2894,119.7657,103.7966,10.1878,1.0958
91.4,2742,in_bed,0.5737,0.8213,0.0118,2.1128,0.8095,0.3831,0.8213,0.7434,0.4039,0.3678,0.0784,0.7149,0.6399,0.4174,0.3395,0.0361,0.2894,119.7609,103.6523,10.2378,1.0946
91.433,2743,in_bed,0.5751,0.8189,0.0119,2.1051,0.807,0.3833,,0.7451,0.4051,0.3676,0.0784,0.7142,0.64,,0.3399,0.0375,0.2892,119.7794,103.808,10.2107,1.0911
91.467,2744,in_bed,0.5786,0.8225,0.0125,2.1163,0.81,0.3827,,0.7486,0.4087,0.3682,0.0784,0.7133,0.6394,,0.3399,0.0404,0.2898,120.077,104.3255,10.3215,1.0958
91.5,2745,in_bed,0.5823,0.8265,0.0132,2.1286,0.8133,0.3821,,0.7526,0.4121,0.369,0.0785,0.7141,0.6392,,0.3405,0.0431,0.2906,120.2253,104.414,10.0829,1.1004
91.533,2746,in_bed,0.5872,0.8349,0.0142,2.1556,0.8207,0.3807,0.8349,0.7562,0.4182,0.3704,0.0785,0.7162,0.6413,0.4166,0.3379,0.0478,0.2919,120.5933,104.6272,9.7204,1.1132
91.567,2747,in_bed,0.5872,0.8346,0.0146,2.1528,0.82,0.3809,0.8346,0.7565,0.418,0.3704,0.0785,0.7163,0.6421,0.4166,0.3385,0.0476,0.2918,120.6239,104.8812,9.9747,1.1075
91.6,2748,in_bed,0.5859,0.8336,0.0138,2.1512,0.8198,0.3811,0.8336,0.7553,0.4165,0.3687,0.0785,0.7146,0.6433,0.4171,0.3388,0.0479,0.2902,121.0672,104.9816,10.0307,1.1026
91.633,2749,in_bed,0.5846,0.8316,0.0134,2.1442,0.8182,0.3816,0.8316,0.7529,0.4163,0.369,0.0785,0.5958,0.6471,0.4153,0.3366,0.0473,0.2906,121.1586,105.0611,10.1706,1.0992
91.667,2750,in_bed,0.5842,0.8303,0.0152,2.1345,0.8151,0.3819,0.8303,0.7525,0.4159,0.3694,0.0786,0.7175,0.6522,0.4144,0.3366,0.0465,0.2908,121.0915,105.2716,10.4395,1.095
91.7,2751,in_bed,0.5858,0.8313,0.0165,2.1361,0.8148,0.3814,0.8313,0.7542,0.4174,0.3688,0.0787,0.7193,0.6541,0.4139,0.3368,0.0486,0.2901,121.4811,105.1833,10.0973,1.0967
91.733,2752,in_bed,0.5854,0.8254,0.0166,2.1149,0.8089,0.3825,,0.7532,0.4175,0.3686,0.0787,0.7213,0.6557,,0.3357,0.049,0.2899,121.5035,105.1004,9.9842,1.0886
91.767,2753,in_bed,0.5818,0.8263,0.0153,2.1209,0.811,0.3824,0.8263,0.7485,0.415,0.3669,0.0786,0.5978,0.6549,0.4113,0.3335,0.0481,0.2883,121.4047,104.9698,9.9591,1.0973
91.8,2754,in_bed,0.5804,0.8209,0.0141,2.106,0.8069,0.3831,,0.7472,0.4137,0.3664,0.0785,0.7204,0.654,,0.3335,0.0473,0.2879,121.2642,104.8153,9.9206,1.092
91.833,2755,in_bed,0.5811,0.8224,0.0137,2.1112,0.8087,0.383,,0.7478,0.4143,0.366,0.0785,0.7209,0.6543,,0.3335,0.0483,0.2875,121.3374,105.0431,10.0243,1.0916
91.867,2756,in_bed,0.5852,0.8275,0.0141,2.1279,0.8134,0.3822,,0.7522,0.4182,0.367,0.0785,0.7218,0.6528,,0.334,0.0512,0.2885,121.7826,105.4565,10.0448,1.098
91.9,2757,in_bed,0.5889,0.831,0.0149,2.1371,0.8161,0.3819,,0.7567,0.4211,0.3691,0.0785,0.723,0.6559,,0.3356,0.052,0.2906,121.6435,105.7585,10.2273,1.0989
91.933,2758,in_bed,0.5874,0.83,0.0136,2.1362,0.8164,0.3822,,0.7561,0.4188,0.3686,0.0785,0.7223,0.657,,0.3373,0.0502,0.2901,121.3593,105.4526,10.1661,1.1007
91.967,2759,in_bed,0.5857,0.8344,0.0125,2.1545,0.8219,0.3815,0.8344,0.7552,0.4162,0.3683,0.0784,0.7217,0.6579,0.4182,0.339,0.0479,0.2898,120.9258,105.265,10.2633,1.1106
92.0,2760,in_bed,0.5847,0.8337,0.0127,2.1512,0.821,0.3816,0.8337,0.754,0.4153,0.3679,0.0784,0.6003,0.656,0.4184,0.3387,0.0475,0.2894,120.7516,105.2033,10.2585,1.1113
92.033,2761,in_bed,0.5914,0.8334,0.0153,2.1448,0.8181,0.3814,,0.7595,0.4232,0.3696,0.0786,0.7238,0.6566,,0.3362,0.0537,0.291,121.6496,105.5948,9.8623,1.1069
92.067,2762,in_bed,0.5915,0.8335,0.0161,2.1435,0.8175,0.3814,,0.7592,0.4239,0.3708,0.0786,0.7263,0.6574,,0.3353,0.0531,0.2922,121.7448,105.5352,9.8746,1.1056
92.1,2763,in_bed,0.5936,0.8356,0.0169,2.1499,0.8187,0.3808,,0.7613,0.4259,0.3712,0.0787,0.7256,0.6562,,0.3354,0.0547,0.2926,121.9819,105.5166,9.6522,1.1101
92.133,2764,in_bed,0.5933,0.8352,0.0179,2.147,0.8173,0.3807,,0.761,0.4255,0.3708,0.0787,0.7244,0.6548,,0.3355,0.0547,0.2921,121.926,105.6321,9.7381,1.1099
92.167,2765,in_bed,0.5929,0.8346,0.0186,2.1437,0.816,0.3806,,0.7611,0.4246,0.3714,0.0787,0.7227,0.6546,,0.3365,0.0533,0.2926,121.7407,105.3489,9.6567,1.1077
92.2,2766,in_bed,0.5926,0.8381,0.0187,2.1545,0.8194,0.3803,0.8381,0.7622,0.4231,0.371,0.0787,0.7223,0.6557,0.415,0.339,0.0521,0.2922,121.5906,105.6982,10.082,1.1148
92.233,2767,in_bed,0.5921,0.8382,0.0187,2.1553,0.8195,0.3802,0.8382,0.7626,0.4217,0.3696,0.0787,0.721,0.6535,0.4165,0.3409,0.0521,0.2908,121.3343,105.8543,10.2214,1.1166
92.267,2768,in_bed,0.5936,0.8401,0.0192,2.1607,0.821,0.38,0.8401,0.7646,0.4225,0.3698,0.0788,0.7224,0.653,0.4177,0.3421,0.0527,0.291,121.3014,106.0316,10.3117,1.1195
92.3,2769,in_bed,0.5936,0.8386,0.019,2.1573,0.8195,0.3799,,0.7657,0.4216,0.369,0.0787,0.7217,0.653,,0.3441,0.0527,0.2902,121.1654,106.3189,10.5811,1.1145
92.333,2770,in_bed,0.5962,0.8415,0.0193,2.1679,0.8222,0.3793,,0.769,0.4234,0.3697,0.0788,0.7207,0.6531,,0.3456,0.0537,0.291,121.2336,106.6013,10.7109,1.1166
92.367,2771,in_bed,0.598,0.8435,0.02,2.174,0.8235,0.3788,,0.7707,0.4253,0.3708,0.0788,0.7213,0.6531,,0.3454,0.0545,0.292,121.2732,106.7553,10.7466,1.1202
92.4,2772,in_bed,0.5984,0.8435,0.0215,2.1707,0.8221,0.3787,,0.7702,0.4265,0.3723,0.0788,0.7244,0.6562,,0.3437,0.0543,0.2934,121.1005,106.4928,10.5271,1.1224
92.433,2773,in_bed,0.5967,0.8413,0.0216,2.1625,0.8197,0.3791,,0.7678,0.4255,0.3723,0.0788,0.7234,0.6543,,0.3424,0.0532,0.2934,120.9547,106.27,10.4671,1.1191
92.467,2774,in_bed,0.595,0.84,0.0202,2.1603,0.8198,0.3795,,0.7664,0.4236,0.3727,0.0788,0.7224,0.6541,,0.3428,0.0509,0.2939,120.6218,106.1222,10.6221,1.1155
92.5,2775,in_bed,0.5942,0.8397,0.0191,2.1616,0.8206,0.3796,,0.7664,0.4221,0.3725,0.0787,0.7207,0.6535,,0.3443,0.0496,0.2938,120.6768,106.1482,10.8261,1.1098
92.533,2776,in_bed,0.5926,0.8442,0.0179,2.1791,0.8263,0.3792,0.8442,0.7648,0.4204,0.3728,0.0787,0.7207,0.6507,0.4238,0.3444,0.0475,0.2941,120.5859,105.9594,10.9301,1.1131
92.567,2777,in_bed,0.592,0.8434,0.0176,2.1767,0.8259,0.3794,0.8434,0.7628,0.4212,0.3731,0.0787,0.7212,0.6501,0.4222,0.3415,0.0481,0.2944,120.7479,105.8631,10.7829,1.111
92.6,2778,in_bed,0.5924,0.8438,0.0174,2.1785,0.8264,0.3794,0.8438,0.7621,0.4227,0.3733,0.0787,0.722,0.6475,0.4211,0.3394,0.0494,0.2946,121.2867,105.732,10.5269,1.1082
92.633,2779,in_bed,0.5929,0.8438,0.0181,2.176,0.8257,0.3794,0.8438,0.7629,0.4229,0.375,0.0787,0.7232,0.6462,0.4209,0.3401,0.0479,0.2963,121.0256,105.7156,10.6933,1.1069
92.667,2780,in_bed,0.5929,0.8431,0.0187,2.1729,0.8244,0.3794,0.8431,0.762,0.4238,0.3755,0.0787,0.7238,0.6455,0.4193,0.3383,0.0483,0.2967,121.1321,105.6634,10.5921,1.1065
92.7,2781,in_bed,0.593,0.8364,0.0186,2.1491,0.8179,0.3806,,0.7619,0.424,0.3747,0.0787,0.7237,0.6457,,0.3379,0.0493,0.2959,121.186,105.5663,10.3817,1.0983
92.733,2782,in_bed,0.5931,0.8428,0.0189,2.1714,0.824,0.3795,0.8428,0.7633,0.423,0.3743,0.0787,0.7221,0.6431,0.4198,0.3403,0.0486,0.2956,121.1271,105.687,10.5727,1.1065
92.767,2783,in_bed,0.5915,0.8395,0.0188,2.1592,0.8206,0.3801,0.8395,0.7609,0.422,0.3733,0.0787,0.7218,0.6403,0.4174,0.3389,0.0488,0.2945,121.3201,105.6551,10.5256,1.1031
92.8,2784,in_bed,0.5848,0.834,0.018,2.1419,0.816,0.381,0.834,0.7533,0.4163,0.3715,0.0787,0.5982,0.5652,0.4178,0.337,0.0448,0.2928,120.8412,105.247,10.6526,1.1001
92.833,2785,in_bed,0.5891,0.8322,0.0185,2.134,0.8137,0.3813,,0.7577,0.4206,0.3725,0.0787,0.722,0.6437,,0.3372,0.048,0.2938,121.0349,105.4494,10.4351,1.0987
92.867,2786,in_bed,0.5891,0.8333,0.0185,2.1378,0.8148,0.3811,,0.7581,0.42,0.3721,0.0787,0.7223,0.6437,,0.338,0.0479,0.2934,120.9314,105.4169,10.402,1.1026
92.9,2787,in_bed,0.5897,0.8345,0.0186,2.142,0.8159,0.3809,,0.759,0.4205,0.3719,0.0787,0.7227,0.6428,,0.3385,0.0486,0.2932,120.9976,105.5294,10.4235,1.104
92.933,2788,in_bed,0.59,0.8346,0.0184,2.1425,0.8162,0.381,,0.7585,0.4215,0.3721,0.0787,0.7235,0.6432,,0.337,0.0494,0.2934,120.9703,105.736,10.5174,1.1053
92.967,2789,in_bed,0.5901,0.8351,0.0191,2.1427,0.816,0.3808,,0.7586,0.4217,0.3725,0.0787,0.7242,0.6429,,0.3369,0.0492,0.2937,120.6121,105.8436,10.6231,1.1093
93.0,2790,in_bed,0.5892,0.8344,0.018,2.1428,0.8164,0.381,,0.7568,0.4216,0.3719,0.0787,0.6018,0.6424,,0.3353,0.0497,0.2932,120.6455,105.6725,10.4223,1.1126
93.033,2791,in_bed,0.5919,0.8367,0.0187,2.1495,0.8179,0.3805,,0.7594,0.4244,0.3714,0.0787,0.7244,0.6442,,0.335,0.053,0.2927,120.9105,106.1187,10.426,1.1159
93.067,2792,in_bed,0.5901,0.8352,0.0189,2.1439,0.8164,0.3808,,0.7581,0.4222,0.3709,0.0787,0.724,0.6448,,0.3359,0.0513,0.2922,120.5407,106.0086,10.5407,1.1123
93.1,2793,in_bed,0.5905,0.8358,0.0174,2.1496,0.8184,0.3807,,0.7587,0.4223,0.3703,0.0786,0.7231,0.6448,,0.3364,0.052,0.2917,120.6143,106.2976,10.71,1.1158
93.133,2794,in_bed,0.5929,0.8371,0.0173,2.1548,0.8199,0.3805,,0.7608,0.4251,0.3705,0.0786,0.7237,0.6478,,0.3357,0.0546,0.2918,121.0734,106.5712,10.6442,1.1177
93.167,2795,in_bed,0.5944,0.8393,0.0179,2.1609,0.8215,0.3801,,0.7625,0.4262,0.3717,0.0787,0.7259,0.649,,0.3363,0.0545,0.293,121.1686,106.4384,10.5346,1.1198
93.2,2796,in_bed,0.5945,0.8392,0.0185,2.1587,0.8207,0.3802,,0.7636,0.4253,0.3722,0.0787,0.7245,0.6476,,0.3382,0.0531,0.2935,121.1744,106.663,10.8871,1.1155
93.233,2797,in_bed,0.5887,0.8355,0.0185,2.1441,0.817,0.381,0.8355,0.7562,0.4212,0.3718,0.0787,0.6029,0.6482,0.4142,0.335,0.0494,0.2931,121.1745,106.4754,11.1536,1.1072
93.267,2798,in_bed,0.5846,0.8323,0.0187,2.1341,0.8136,0.3813,0.8323,0.752,0.4172,0.3698,0.0787,0.5999,0.6453,0.4151,0.3348,0.0474,0.2911,121.3706,106.2617,11.208,1.1
93.3,2799,in_bed,0.584,0.8315,0.0191,2.1301,0.8125,0.3814,0.8315,0.7508,0.4173,0.3703,0.0788,0.7227,0.6478,0.4143,0.3336,0.047,0.2915,121.2943,106.5767,11.5206,1.0993
93.333,2800,in_bed,0.5844,0.8316,0.0196,2.1297,0.812,0.3813,0.8316,0.7506,0.4181,0.3714,0.0788,0.7239,0.6507,0.4134,0.3325,0.0467,0.2926,121.1705,106.3771,11.3625,1.1017
93.367,2801,in_bed,0.5841,0.8242,0.0195,2.1045,0.8046,0.3824,,0.7501,0.4182,0.3718,0.0788,0.7237,0.6488,,0.3318,0.0464,0.293,121.1882,105.9599,11.0222,1.0921
93.4,2802,in_bed,0.5823,0.8291,0.0194,2.1229,0.8098,0.3815,0.8291,0.7485,0.4162,0.3717,0.0788,0.7231,0.649,0.4129,0.3322,0.0445,0.293,121.0456,105.8611,11.168,1.0993
93.433,2803,in_bed,0.5811,0.8219,0.018,2.1,0.8039,0.3828,,0.7474,0.4148,0.3712,0.0787,0.7236,0.6513,,0.3325,0.0436,0.2926,120.9154,105.7829,11.204,1.0927
93.467,2804,in_bed,0.5815,0.8234,0.0168,2.1085,0.8066,0.3826,,0.7486,0.4144,0.3703,0.0786,0.7229,0.6514,,0.3342,0.0441,0.2917,121.0666,105.9885,11.3327,1.0948
93.5,2805,in_bed,0.5851,0.8275,0.0176,2.1217,0.8099,0.3817,,0.7536,0.4166,0.3711,0.0787,0.7231,0.6539,,0.337,0.0455,0.2924,121.2003,105.9114,11.0883,1.0994
93.533,2806,in_bed,0.586,0.8287,0.0178,2.1263,0.8108,0.3813,,0.7554,0.4166,0.3706,0.0787,0.723,0.6566,,0.3388,0.0459,0.2919,121.4539,105.888,11.008,1.0996
93.567,2807,in_bed,0.5885,0.8304,0.0188,2.1311,0.8116,0.3809,,0.7568,0.4203,0.3716,0.0787,0.7242,0.6549,,0.3364,0.0487,0.2929,121.7078,105.8735,10.6626,1.1032
93.6,2808,in_bed,0.5848,0.8323,0.0184,2.1375,0.8139,0.3808,0.8323,0.753,0.4166,0.3695,0.0787,0.6022,0.5735,0.4157,0.3364,0.0472,0.2908,121.6805,105.6857,10.6964,1.1029
93.633,2809,in_bed,0.5879,0.8303,0.0182,2.1303,0.8121,0.3812,,0.757,0.4188,0.3706,0.0787,0.725,0.654,,0.3382,0.0482,0.2919,121.6381,105.8855,10.7702,1.0956
93.667,2810,in_bed,0.5884,0.837,0.017,2.154,0.82,0.3807,0.837,0.7578,0.4191,0.3707,0.0787,0.7257,0.6558,0.4179,0.3388,0.0484,0.292,121.5133,106.4006,11.2384,1.0996
93.7,2811,in_bed,0.5862,0.8363,0.0164,2.1525,0.8199,0.3809,0.8363,0.7566,0.4159,0.3693,0.0786,0.7242,0.6538,0.4204,0.3407,0.0466,0.2906,121.3502,106.5441,11.5854,1.0943
93.733,2812,in_bed,0.5837,0.8334,0.0154,2.1447,0.818,0.3814,0.8334,0.7541,0.4134,0.3679,0.0786,0.7233,0.6574,0.4201,0.3407,0.0455,0.2893,120.944,106.7604,11.9256,1.0903
93.767,2813,in_bed,0.5846,0.8287,0.0156,2.1277,0.813,0.3821,,0.756,0.4132,0.3686,0.0786,0.7211,0.6566,,0.3428,0.0446,0.29,120.616,106.7562,12.0175,1.0829
93.8,2814,in_bed,0.5826,0.8269,0.0152,2.123,0.8117,0.3823,,0.7547,0.4104,0.3682,0.0786,0.719,0.6547,,0.3443,0.0422,0.2896,120.2327,106.5437,12.1188,1.0808
93.833,2815,in_bed,0.5826,0.8276,0.0148,2.1264,0.8128,0.3823,,0.7549,0.4102,0.3688,0.0786,0.7195,0.6574,,0.3447,0.0414,0.2902,120.0822,106.5265,12.2064,1.0827
93.867,2816,in_bed,0.5803,0.8267,0.0133,2.1277,0.8134,0.3823,,0.7535,0.407,0.3683,0.0785,0.7176,0.6539,,0.3466,0.0386,0.2898,119.9328,106.2363,12.286,1.0825
93.9,2817,in_bed,0.5812,0.8283,0.0122,2.136,0.8162,0.3821,,0.754,0.4084,0.3688,0.0784,0.7173,0.6524,,0.3456,0.0397,0.2903,120.0402,106.4202,12.3472,1.0849
93.933,2818,in_bed,0.5818,0.8286,0.0127,2.136,0.8159,0.382,,0.7535,0.41,0.3694,0.0784,0.7182,0.6536,,0.3435,0.0406,0.2909,119.9758,106.5764,12.371,1.0881
93.967,2819,in_bed,0.5844,0.8306,0.0137,2.1411,0.8169,0.3815,,0.7552,0.4137,0.3716,0.0785,0.7192,0.6575,,0.3415,0.0421,0.2931,119.8125,106.3516,11.9893,1.0935
94.0,2820,in_bed,0.5851,0.8302,0.0149,2.1377,0.8154,0.3814,,0.754,0.4162,0.3718,0.0785,0.7202,0.6538,,0.3379,0.0444,0.2932,119.9832,106.2845,11.6635,1.0942
94.033,2821,in_bed,0.5851,0.8303,0.0166,2.1341,0.8136,0.3812,,0.7536,0.4165,0.3719,0.0786,0.7205,0.6516,,0.337,0.0446,0.2933,119.9662,106.3703,11.7228,1.0904
94.067,2822,in_bed,0.5851,0.8305,0.0166,2.1348,0.8139,0.3812,,0.7531,0.417,0.3727,0.0786,0.7214,0.6492,,0.336,0.0444,0.2941,119.8892,106.2035,11.6249,1.0897
94.1,2823,in_bed,0.5861,0.832,0.0183,2.1371,0.8137,0.3808,,0.7543,0.4179,0.3736,0.0787,0.7221,0.6462,,0.3365,0.0443,0.2949,119.7496,105.9407,11.4138,1.09
94.133,2824,in_bed,0.5874,0.8331,0.0196,2.1378,0.8134,0.3805,,0.7549,0.4199,0.374,0.0788,0.7234,0.6448,,0.335,0.0459,0.2952,119.9216,106.0246,11.2903,1.0899
94.167,2825,in_bed,0.5938,0.8383,0.0224,2.149,0.816,0.3797,,0.7608,0.4268,0.3763,0.0789,0.7253,0.6442,,0.334,0.0505,0.2974,120.3886,106.5577,11.243,1.0892
94.2,2826,in_bed,0.5938,0.8382,0.0226,2.1488,0.8155,0.3795,,0.7609,0.4268,0.3758,0.0789,0.7244,0.6425,,0.3341,0.051,0.2969,120.4582,106.555,11.1982,1.087
94.233,2827,in_bed,0.5933,0.8382,0.0229,2.1485,0.8152,0.3795,,0.7603,0.4264,0.3757,0.0789,0.7257,0.6416,,0.3339,0.0507,0.2967,120.4519,106.5482,11.2442,1.0843
94.267,2828,in_bed,0.5958,0.8395,0.0237,2.1515,0.8158,0.3792,,0.7619,0.4298,0.3764,0.079,0.7264,0.6423,,0.3321,0.0534,0.2975,120.7683,106.7196,11.0834,1.0869
94.3,2829,in_bed,0.5973,0.841,0.0249,2.155,0.8162,0.3787,,0.7637,0.4309,0.378,0.079,0.727,0.6426,,0.3328,0.0529,0.299,120.5816,106.2833,10.7474,1.0906
94.333,2830,in_bed,0.5995,0.8427,0.0258,2.1592,0.8169,0.3783,,0.7669,0.432,0.3795,0.079,0.7266,0.6444,,0.3349,0.0525,0.3005,120.5288,106.2616,10.7494,1.0927
94.367,2831,in_bed,0.5988,0.8431,0.026,2.1603,0.8171,0.3782,,0.767,0.4307,0.3791,0.079,0.7259,0.6451,,0.3363,0.0516,0.3,120.4972,106.6373,11.1814,1.091
94.4,2832,in_bed,0.6032,0.8466,0.025,2.1732,0.8216,0.3781,,0.7702,0.4362,0.3793,0.079,0.7292,0.6459,,0.334,0.0569,0.3003,121.0518,107.1153,11.0,1.0983
94.433,2833,in_bed,0.6097,0.8523,0.0257,2.1903,0.8267,0.3774,,0.7763,0.4431,0.3805,0.079,0.7307,0.65,,0.3332,0.0626,0.3015,121.7746,108.0334,11.1422,1.1038
94.467,2834,in_bed,0.6124,0.8541,0.026,2.1959,0.8281,0.3771,,0.7785,0.4463,0.3802,0.0791,0.7292,0.6471,,0.3322,0.0661,0.3011,122.392,108.6609,11.2817,1.1024
94.5,2835,in_bed,0.6162,0.8575,0.0262,2.2079,0.8312,0.3765,,0.7829,0.4494,0.3794,0.0791,0.7287,0.6491,,0.3334,0.07,0.3003,122.8006,109.1307,11.2427,1.1065
94.533,2836,in_bed,0.6179,0.8602,0.0258,2.2189,0.8344,0.376,,0.7862,0.4495,0.3796,0.079,0.7279,0.6494,,0.3367,0.07,0.3005,122.4904,109.1708,11.2846,1.1129
94.567,2837,in_bed,0.617,0.8596,0.0248,2.2184,0.8349,0.3764,,0.7856,0.4484,0.3791,0.079,0.7284,0.6486,,0.3372,0.0693,0.3001,122.2942,108.9479,11.1638,1.115
94.6,2838,in_bed,0.6168,0.8592,0.0235,2.2196,0.8356,0.3765,,0.7853,0.4483,0.3792,0.0789,0.7284,0.6462,,0.3369,0.0691,0.3003,122.2339,108.8618,11.1098,1.1169
94.633,2839,in_bed,0.6159,0.8577,0.0224,2.2183,0.8353,0.3766,,0.7841,0.4477,0.3793,0.0789,0.7268,0.6462,,0.3364,0.0684,0.3004,121.9671,108.5796,10.9559,1.1184
94.667,2840,in_bed,0.6131,0.8552,0.0203,2.2151,0.8349,0.3769,,0.7818,0.4443,0.378,0.0788,0.7235,0.646,,0.3375,0.0663,0.2992,121.7275,108.3725,11.0141,1.1182
94.7,2841,in_bed,0.6052,0.8488,0.0146,2.2082,0.8342,0.3778,,0.7737,0.4366,0.3716,0.0785,0.7173,0.6417,,0.3371,0.065,0.2931,121.8768,108.4078,11.1975,1.1195
94.733,2842,in_bed,0.6014,0.846,0.0128,2.206,0.8332,0.3777,,0.7696,0.4332,0.3677,0.0784,0.7139,0.6371,,0.3364,0.0654,0.2893,122.4779,108.3466,11.1079,1.1174
94.767,2843,in_bed,0.5992,0.8439,0.012,2.2029,0.8318,0.3776,,0.7673,0.4311,0.3636,0.0783,0.7115,0.635,,0.3362,0.0674,0.2853,123.57,108.1791,10.7246,1.1149
94.8,2844,in_bed,0.5917,0.8388,0.0096,2.1922,0.8292,0.3782,,0.7611,0.4223,0.3565,0.0782,0.5907,0.5532,,0.3388,0.0658,0.2782,124.63,108.2919,10.9543,1.1092
94.833,2845,in_bed,0.5882,0.8362,0.0094,2.1875,0.8268,0.378,,0.7586,0.4178,0.3513,0.0782,0.7068,0.6245,,0.3407,0.0666,0.2731,126.412,108.1977,10.7246,1.1016
94.867,2846,in_bed,0.5869,0.8352,0.0078,2.1911,0.8274,0.3776,,0.7578,0.4161,0.346,0.0781,0.7049,0.618,,0.3417,0.0701,0.2679,128.8338,108.3807,10.4332,1.0973
94.9,2847,in_bed,0.5893,0.8354,0.0111,2.1908,0.8243,0.3763,,0.7579,0.4207,0.3408,0.0784,0.7042,0.6115,,0.3373,0.0799,0.2624,133.1409,109.0291,9.7834,1.0735
94.933,2848,in_bed,0.595,0.8373,0.0156,2.1928,0.8217,0.3747,,0.7611,0.4289,0.3363,0.0786,0.703,0.6025,,0.3322,0.0925,0.2577,137.6015,109.8941,9.0204,1.0497
94.967,2849,in_bed,0.5978,0.8377,0.0194,2.1889,0.8183,0.3738,,0.7631,0.4324,0.3327,0.0788,0.7032,0.5958,,0.3308,0.0997,0.2538,140.74,109.1479,7.5436,1.0261
95.0,2850,in_bed,0.6025,0.847,0.0213,2.2159,0.8257,0.3726,0.847,0.7716,0.4333,0.3306,0.079,0.7009,0.5904,0.4137,0.3384,0.1026,0.2516,143.1503,107.9384,6.137,1.016
95.033,2851,in_bed,0.6107,0.8551,0.0225,2.2426,0.8326,0.3713,0.8551,0.7872,0.4342,0.3287,0.0791,0.6935,0.5863,0.4209,0.3529,0.1056,0.2495,144.7477,106.6963,4.6499,1.0214
95.067,2852,in_bed,0.6182,0.8667,0.0244,2.2834,0.8422,0.3688,0.8277,0.8053,0.4312,0.3268,0.0793,0.6825,0.5723,0.3965,0.3741,0.1044,0.2475,145.6643,105.2794,3.5138,1.0233
95.1,2853,in_bed,0.623,0.8816,0.0253,2.3433,0.8563,0.3654,0.8481,0.8188,0.4272,0.3258,0.0794,0.6731,0.55,0.421,0.3916,0.1013,0.2464,146.4743,103.1814,1.969,1.0353
95.133,2854,in_bed,0.6213,0.8939,0.0277,2.3949,0.8661,0.3617,0.8642,0.8253,0.4174,0.3201,0.0795,0.6571,0.5316,0.4468,0.4079,0.0972,0.2406,147.0193,100.8614,0.3216,1.0521
95.167,2855,in_bed,0.6162,0.9036,0.0317,2.4357,0.8719,0.358,0.8768,0.8276,0.4048,0.316,0.0797,0.6407,0.5072,0.472,0.4228,0.0887,0.2363,146.5464,98.4607,0.9147,1.0661
95.2,2856,in_bed,0.6143,0.917,0.0324,2.4939,0.8847,0.3547,0.8915,0.832,0.3967,0.3163,0.0797,0.6275,0.4853,0.4948,0.4353,0.0804,0.2366,145.8262,96.4728,1.7813,1.0892
95.233,2857,in_bed,0.6122,0.9286,0.0336,2.5432,0.895,0.3519,0.9054,0.835,0.3894,0.3179,0.0797,0.6137,0.4683,0.5161,0.4457,0.0715,0.2382,145.1086,94.6291,2.4686,1.1077
95.267,2858,in_bed,0.6087,0.9363,0.0366,2.5785,0.8997,0.3489,0.9144,0.836,0.3814,0.3159,0.0798,0.5995,0.4441,0.533,0.4546,0.0655,0.2362,144.2206,93.3762,2.9351,1.1336
95.3,2859,in_bed,0.6032,0.9398,0.0402,2.5992,0.8996,0.3461,0.9181,0.8351,0.3712,0.3088,0.0798,0.5883,0.4236,0.547,0.464,0.0624,0.229,144.2309,92.7353,3.1685,1.1471
95.333,2860,in_bed,0.6008,0.944,0.0442,2.6184,0.8998,0.3436,0.9236,0.8367,0.3649,0.3051,0.0799,0.5818,0.4226,0.5586,0.4718,0.0598,0.2252,144.2175,92.1612,3.3783,1.1479
95.367,2861,in_bed,0.6001,0.9506,0.0464,2.6502,0.9042,0.3412,0.9299,0.84,0.3602,0.3033,0.08,0.579,0.4229,0.5697,0.4798,0.0569,0.2233,143.9546,92.1261,3.0302,1.1494
95.4,2862,in_bed,0.6006,0.9586,0.048,2.6858,0.9106,0.339,0.9384,0.8444,0.3569,0.3038,0.0801,0.5771,0.4226,0.5815,0.4875,0.0531,0.2237,143.1615,91.902,2.7244,1.1395
95.433,2863,in_bed,0.605,0.969,0.0488,2.7289,0.9202,0.3372,0.9509,0.8519,0.3582,0.3074,0.0802,0.5811,0.4244,0.5927,0.4938,0.0508,0.2272,141.5663,92.036,2.3118,1.1415
95.467,2864,in_bed,0.6145,0.9834,0.0491,2.7858,0.9343,0.3354,0.9791,0.8634,0.3655,0.3139,0.0804,0.5893,0.4301,0.6136,0.4978,0.0516,0.2336,140.1772,92.975,1.533,1.1336
95.5,2865,in_bed,0.6226,0.9992,0.0503,2.8503,0.9489,0.3329,0.9954,0.8734,0.3717,0.3183,0.0805,0.5874,0.4542,0.6237,0.5017,0.0534,0.2378,138.2165,94.6849,0.204,1.1382
95.533,2866,in_bed,0.6367,1.0184,0.0568,2.9121,0.9616,0.3302,1.0184,0.8881,0.3854,0.3299,0.0808,0.6031,0.4767,0.633,0.5027,0.0555,0.2491,137.0734,96.1271,0.89,1.1051
95.567,2867,in_bed,0.6514,1.0352,0.0616,2.9633,0.9736,0.3286,1.0352,0.9027,0.4002,0.3418,0.0812,0.6204,0.5072,0.6351,0.5025,0.0584,0.2605,134.3226,97.709,2.0168,1.0534
95.6,2868,in_bed,0.6663,1.0512,0.0676,3.0251,0.9836,0.3251,1.0512,0.9168,0.4158,0.3555,0.0816,0.6382,0.5377,0.6354,0.501,0.0603,0.2739,133.0484,99.5244,3.5621,1.0211
95.633,2869,in_bed,0.6771,1.0646,0.0714,3.094,0.9932,0.321,1.0633,0.9269,0.4273,0.3665,0.0817,0.6502,0.5522,0.636,0.4995,0.0609,0.2847,131.8777,101.0396,4.979,1.0095
95.667,2870,in_bed,0.6826,1.0739,0.0714,3.1207,1.0025,0.3212,1.0712,0.9316,0.4336,0.3716,0.0817,0.6556,0.5598,0.6376,0.4981,0.0619,0.2899,131.2837,102.5002,6.259,1.0139
95.7,2871,in_bed,0.6858,1.0795,0.07,3.1403,1.0095,0.3215,1.0753,0.9337,0.4379,0.3732,0.0817,0.6572,0.5653,0.6374,0.4958,0.0647,0.2915,131.089,104.0973,7.5157,1.0171
95.733,2872,in_bed,0.6792,1.0771,0.0619,3.1196,1.0152,0.3254,1.072,0.9254,0.433,0.365,0.0816,0.6479,0.561,0.639,0.4924,0.068,0.2834,131.3313,106.1618,9.1764,1.0225
95.767,2873,in_bed,0.672,1.0736,0.057,3.1082,1.0166,0.3271,1.0682,0.9154,0.4285,0.3596,0.0814,0.6394,0.5602,0.6397,0.4869,0.0689,0.2782,131.6417,108.4021,11.2847,1.0219
95.8,2874,in_bed,0.6641,1.0676,0.0541,3.0888,1.0135,0.3281,1.0604,0.904,0.4241,0.356,0.0812,0.632,0.5603,0.6363,0.4799,0.0681,0.2748,131.769,110.5474,13.5155,1.0134
95.833,2875,in_bed,0.6547,1.058,0.0495,3.0582,1.0086,0.3298,1.0487,0.8909,0.4185,0.3519,0.081,0.6248,0.5557,0.6302,0.4723,0.0667,0.2709,130.7974,112.7923,15.954,1.003
95.867,2876,in_bed,0.6445,1.0432,0.0435,3.0083,0.9997,0.3323,1.0322,0.877,0.4121,0.3467,0.0806,0.6185,0.5542,0.6202,0.465,0.0653,0.2661,129.9491,114.9744,18.2352,0.9893
95.9,2877,in_bed,0.6399,1.0317,0.0411,2.966,0.9906,0.334,1.0194,0.8686,0.4112,0.3459,0.0805,0.6151,0.5605,0.6083,0.4574,0.0653,0.2654,129.2045,117.3017,20.4624,0.975
95.933,2878,in_bed,0.6402,1.0227,0.0428,2.9227,0.9799,0.3353,1.0095,0.8653,0.4152,0.3488,0.0804,0.6144,0.5749,0.5942,0.45,0.0665,0.2683,128.057,119.4324,22.3561,0.9574
95.967,2879,in_bed,0.6462,1.0179,0.046,2.8916,0.9718,0.3361,1.0036,0.8656,0.4267,0.354,0.0806,0.6162,0.5875,0.5768,0.4389,0.0728,0.2734,127.2567,122.0446,24.1235,0.9369
96.0,2880,in_bed,0.6549,1.0169,0.0469,2.8801,0.97,0.3368,1.0013,0.8683,0.4415,0.3591,0.0806,0.6171,0.5903,0.5598,0.4267,0.0824,0.2785,126.8731,124.6559,25.4676,0.925
96.033,2881,in_bed,0.6701,1.0193,0.0496,2.8732,0.9697,0.3375,1.0026,0.8746,0.4657,0.3647,0.0809,0.625,0.5943,0.5369,0.4089,0.1009,0.2838,128.5713,128.5075,26.9257,0.9128
96.067,2882,in_bed,0.6842,1.0187,0.0512,2.8602,0.9675,0.3383,1.0012,0.8791,0.4894,0.3664,0.081,0.6334,0.6047,0.5118,0.3897,0.123,0.2853,131.7392,133.3609,28.8246,0.9042
96.1,2883,in_bed,0.6987,1.014,0.0546,2.8319,0.9594,0.3388,0.9968,0.8809,0.5166,0.3657,0.0811,0.6414,0.6163,0.4802,0.3643,0.1509,0.2845,136.9574,139.3056,31.0092,0.8927
96.133,2884,in_bed,0.7027,1.0051,0.0599,2.804,0.9453,0.3371,0.986,0.8753,0.5301,0.3648,0.0812,0.6422,0.6174,0.4559,0.3452,0.1653,0.2836,141.6574,143.6547,33.1337,0.8764
96.167,2885,in_bed,0.7017,0.99,0.0602,2.7464,0.9298,0.3385,0.9689,0.8642,0.5392,0.3588,0.0812,0.639,0.6164,0.4297,0.325,0.1805,0.2776,145.9867,148.0216,35.3427,0.859
96.2,2886,in_bed,0.6975,0.9741,0.059,2.6838,0.9151,0.341,0.9511,0.8517,0.5432,0.352,0.0811,0.6322,0.6133,0.4079,0.3085,0.1912,0.2709,150.0669,151.5766,37.1696,0.8441
96.233,2887,in_bed,0.682,0.9456,0.0494,2.5849,0.8961,0.3467,0.9217,0.8275,0.5364,0.3314,0.0808,0.6155,0.6039,0.3853,0.2911,0.205,0.2507,156.134,155.6069,38.9796,0.8288
96.267,2888,in_bed,0.6641,0.9171,0.0296,2.5245,0.8875,0.3515,0.8946,0.8041,0.5241,0.307,0.08,0.5977,0.5882,0.3705,0.28,0.2171,0.227,161.6517,158.973,40.0845,0.8285
96.3,2889,in_bed,0.6422,0.8879,0.0122,2.4651,0.8756,0.3552,0.8667,0.7775,0.5069,0.2784,0.0789,0.5736,0.5671,0.3598,0.2707,0.2285,0.1995,166.6102,161.8163,40.9121,0.838
96.333,2890,in_bed,0.6396,0.8768,0.0135,2.4277,0.8633,0.3556,0.8575,0.7699,0.5093,0.2677,0.0789,0.5681,0.5671,0.3482,0.2606,0.2415,0.1889,170.6996,164.4011,41.5682,0.8351
96.367,2891,in_bed,0.6395,0.8714,0.0205,2.4007,0.8509,0.3544,0.8518,0.7661,0.5129,0.2613,0.0792,0.5652,0.5733,0.3389,0.2533,0.2515,0.1822,175.0651,166.3955,41.8161,0.8265
96.4,2892,in_bed,0.6426,0.8731,0.0278,2.3939,0.8453,0.3531,0.8547,0.77,0.5152,0.259,0.0795,0.5711,0.5821,0.3395,0.2548,0.2562,0.1795,175.7564,166.1584,40.9894,0.8201
96.433,2893,in_bed,0.6419,0.8753,0.0351,2.3895,0.8402,0.3516,0.8579,0.7722,0.5117,0.2563,0.0798,0.5735,0.5876,0.3463,0.2605,0.2554,0.1764,175.2776,165.8366,40.1203,0.8099
96.467,2894,in_bed,0.6453,0.8849,0.0379,2.4157,0.847,0.3506,0.8682,0.781,0.5096,0.2541,0.0801,0.5819,0.5963,0.3586,0.2714,0.2555,0.174,176.4198,165.533,39.4411,0.7972
96.5,2895,in_bed,0.6413,0.8875,0.0361,2.4263,0.8513,0.3509,0.871,0.7825,0.5001,0.247,0.0801,0.5828,0.5975,0.3709,0.2824,0.2531,0.1668,175.4509,165.8403,39.1127,0.7963
96.533,2896,in_bed,0.6211,0.8759,0.0285,2.4073,0.8475,0.352,0.8582,0.7687,0.4734,0.2293,0.0798,0.5663,0.582,0.3848,0.2953,0.2441,0.1495,173.1133,165.0947,38.0692,0.8092
96.567,2897,in_bed,0.6109,0.875,0.029,2.404,0.8461,0.3519,0.8562,0.7652,0.4566,0.2194,0.0799,0.561,0.5755,0.3996,0.3086,0.2371,0.1396,171.8429,164.1085,37.0678,0.8161
96.6,2898,in_bed,0.6091,0.8789,0.0337,2.4053,0.8452,0.3514,0.8596,0.7682,0.4501,0.2154,0.0802,0.5621,0.5777,0.4094,0.318,0.2347,0.1352,170.6943,163.6138,36.1175,0.8199
96.633,2899,in_bed,0.6103,0.8831,0.0386,2.4067,0.8445,0.3509,0.864,0.7725,0.4481,0.2118,0.0805,0.5651,0.5822,0.4159,0.3244,0.2363,0.1313,169.3932,163.2432,35.1717,0.8162
96.667,2900,in_bed,0.6102,0.8847,0.0395,2.411,0.8452,0.3506,0.8659,0.7739,0.4465,0.2127,0.0806,0.5647,0.5854,0.4195,0.3275,0.2338,0.1321,169.25,162.1256,34.1327,0.8122
96.7,2901,in_bed,0.6081,0.8472,0.0357,2.2916,0.8115,0.3541,0.8472,0.7745,0.4416,0.2098,0.0806,0.5603,0.584,0.4056,0.3329,0.2318,0.1292,167.9209,162.2793,33.4243,0.7684
96.733,2902,in_bed,0.6074,0.8835,0.0369,2.4147,0.8466,0.3506,0.8505,0.775,0.4397,0.209,0.0807,0.5589,0.5837,0.4108,0.3352,0.2307,0.1283,167.3621,161.9744,32.7792,0.8127
96.767,2903,in_bed,0.6063,0.8831,0.0375,2.4129,0.8457,0.3505,0.8504,0.7735,0.4391,0.2103,0.0808,0.558,0.5839,0.4113,0.3345,0.2287,0.1295,167.3263,161.7949,32.2967,0.8129
96.8,2904,in_bed,0.6102,0.8536,0.0405,2.3058,0.8131,0.3526,0.8536,0.776,0.4445,0.216,0.0809,0.5593,0.5915,0.4091,0.3315,0.2285,0.1351,168.0725,161.5514,32.0328,0.7714
96.833,2905,in_bed,0.6129,0.855,0.037,2.3105,0.8179,0.354,0.8371,0.7776,0.4482,0.2204,0.0809,0.5609,0.5978,0.3889,0.3294,0.2278,0.1395,168.9846,162.1744,32.2219,0.779
96.867,2906,in_bed,0.6104,0.8501,0.0362,2.2928,0.814,0.355,0.8501,0.774,0.4468,0.2183,0.0808,0.5582,0.5976,0.4033,0.3272,0.2285,0.1375,168.9331,163.2988,32.7571,0.7774
96.9,2907,in_bed,0.6027,0.8775,0.0346,2.3884,0.8429,0.3529,0.8592,0.7665,0.4388,0.2194,0.0809,0.5526,0.5934,0.4204,0.3277,0.2194,0.1385,170.2536,164.0328,33.6503,0.8203
96.933,2908,in_bed,0.5989,0.8735,0.0377,2.3609,0.8358,0.354,0.854,0.7618,0.436,0.2206,0.0812,0.5518,0.5903,0.418,0.3257,0.2155,0.1394,171.765,165.008,34.3647,0.8202
96.967,2909,in_bed,0.6,0.8727,0.0408,2.3423,0.8319,0.3552,0.8525,0.7612,0.4388,0.2219,0.0814,0.556,0.5908,0.4137,0.3224,0.217,0.1405,172.9696,165.8459,35.0002,0.8201
97.0,2910,in_bed,0.6057,0.8746,0.0393,2.3374,0.8354,0.3574,0.8543,0.7644,0.4469,0.2271,0.0815,0.5647,0.5924,0.4075,0.3176,0.2198,0.1456,173.2062,167.3857,35.8152,0.8303
97.033,2911,in_bed,0.6135,0.878,0.0296,2.3504,0.8484,0.3609,0.8424,0.7684,0.4585,0.2342,0.0814,0.5741,0.598,0.3839,0.3099,0.2244,0.1528,174.8576,167.0722,36.6381,0.8429
97.067,2912,in_bed,0.6214,0.878,0.0202,2.3532,0.8578,0.3645,0.8436,0.7715,0.4713,0.2449,0.0811,0.5828,0.6081,0.3723,0.3003,0.2264,0.1639,176.2958,166.6518,37.0211,0.8541
97.1,2913,in_bed,0.6248,0.8715,0.0113,2.3361,0.8602,0.3682,0.8532,0.7703,0.4793,0.2471,0.0805,0.5875,0.6074,0.3739,0.291,0.2322,0.1666,177.6123,166.6492,37.1217,0.8569
97.133,2914,in_bed,0.6293,0.8677,0.0076,2.3215,0.8601,0.3705,0.8495,0.7717,0.4869,0.2473,0.0803,0.594,0.6074,0.3626,0.2848,0.2396,0.167,177.298,166.5622,37.2184,0.8422
97.167,2915,in_bed,0.6283,0.8591,0.0078,2.2897,0.8513,0.3718,0.8401,0.7675,0.4891,0.2444,0.08,0.5943,0.6072,0.3509,0.2784,0.2447,0.1644,177.2501,166.8223,37.7358,0.8293
97.2,2916,in_bed,0.6263,0.8511,0.0057,2.2629,0.8454,0.3736,0.8312,0.763,0.4895,0.2448,0.0797,0.5953,0.6193,0.3417,0.2736,0.2447,0.1651,179.0284,166.8826,37.9948,0.8273
97.233,2917,in_bed,0.6325,0.8489,0.0079,2.245,0.841,0.3746,0.8281,0.766,0.4991,0.2507,0.0798,0.6003,0.6298,0.329,0.2668,0.2484,0.1709,179.2902,166.9751,38.8807,0.8123
97.267,2918,in_bed,0.6403,0.8043,0.0086,2.0848,0.7956,0.3816,0.8043,0.7693,0.5113,0.2571,0.0798,0.6074,0.6436,0.293,0.258,0.2542,0.1773,179.0679,166.8581,40.0488,0.7654
97.3,2919,in_bed,0.6444,0.8028,0.0124,2.0695,0.7905,0.3819,0.8026,0.7705,0.5183,0.2604,0.08,0.6106,0.6501,0.2843,0.2522,0.2579,0.1804,178.466,166.9725,41.3128,0.7577
97.333,2920,in_bed,0.6479,0.804,0.0163,2.0636,0.7877,0.3817,0.8037,0.7714,0.5243,0.2638,0.0802,0.6141,0.6562,0.2794,0.2471,0.2605,0.1836,177.6995,166.9816,42.2068,0.7526
97.367,2921,in_bed,0.6489,0.804,0.0183,2.0545,0.7858,0.3825,0.8024,0.7707,0.5271,0.2658,0.0803,0.617,0.6594,0.2753,0.2436,0.2613,0.1854,177.2836,166.8319,42.7856,0.7435
97.4,2922,in_bed,0.6491,0.8028,0.0164,2.0551,0.7864,0.3827,0.8018,0.7692,0.5291,0.2667,0.0802,0.6192,0.6597,0.2727,0.24,0.2625,0.1864,177.5667,166.9315,43.5273,0.7361
97.433,2923,in_bed,0.6532,0.8067,0.013,2.0734,0.7937,0.3828,0.8067,0.772,0.5345,0.2722,0.08,0.6243,0.663,0.2723,0.2375,0.2623,0.1922,177.4592,166.6144,43.7413,0.7379
97.467,2924,in_bed,0.6564,0.8122,0.0088,2.0937,0.8034,0.3837,0.8122,0.7738,0.539,0.2787,0.0798,0.6298,0.6683,0.2732,0.2348,0.2603,0.1989,177.6721,166.4607,44.2853,0.7427
97.5,2925,in_bed,0.6612,0.8176,0.0046,2.1127,0.813,0.3848,0.8176,0.7781,0.5442,0.2833,0.0797,0.6346,0.6741,0.2734,0.2339,0.2609,0.2037,177.3718,166.2885,44.7743,0.7384
97.533,2926,in_bed,0.6619,0.8189,0.0088,2.1078,0.8101,0.3844,0.8017,0.7783,0.5456,0.2861,0.0801,0.6353,0.6747,0.2562,0.2327,0.2595,0.2059,176.5827,166.2402,45.1613,0.7263
97.567,2927,in_bed,0.6657,0.8234,0.0143,2.1094,0.8091,0.3836,0.8058,0.7814,0.5501,0.2892,0.0807,0.6389,0.6841,0.2557,0.2313,0.2609,0.2084,175.7642,166.309,45.5614,0.712
97.6,2928,in_bed,0.6701,0.8281,0.0164,2.1185,0.8117,0.3832,0.8103,0.7863,0.554,0.2908,0.0809,0.643,0.6873,0.2563,0.2323,0.2632,0.2098,176.0369,166.3573,45.9127,0.7132
97.633,2929,in_bed,0.6712,0.83,0.0137,2.1293,0.8163,0.3834,0.8122,0.7877,0.5547,0.2912,0.0807,0.6441,0.6857,0.2575,0.233,0.2636,0.2104,176.4947,166.2449,45.9898,0.7205
97.667,2930,in_bed,0.6732,0.8324,0.0129,2.1385,0.8196,0.3832,0.8169,0.7889,0.5574,0.2913,0.0807,0.6446,0.6826,0.2595,0.2315,0.2661,0.2107,176.8101,166.2492,46.1769,0.7241
97.7,2931,in_bed,0.6744,0.8351,0.0115,2.1496,0.8235,0.3831,0.8194,0.7899,0.5588,0.2923,0.0806,0.6454,0.6795,0.2606,0.2311,0.2665,0.2117,177.0098,166.1551,46.132,0.7278
97.733,2932,in_bed,0.6764,0.8392,0.0091,2.1675,0.8301,0.383,0.8212,0.7929,0.5598,0.293,0.0804,0.6473,0.6792,0.2614,0.2331,0.2668,0.2126,177.1421,166.1276,46.0189,0.7361
97.767,2933,in_bed,0.6795,0.8713,0.0077,2.2764,0.8636,0.3794,0.858,0.7969,0.5621,0.2944,0.0803,0.6494,0.6778,0.2958,0.2348,0.2677,0.2141,177.3634,166.1753,45.7922,0.7746
97.8,2934,in_bed,0.6796,0.8763,0.0078,2.2939,0.8686,0.3787,0.8624,0.7983,0.5609,0.2959,0.0803,0.6495,0.6765,0.3014,0.2374,0.265,0.2156,176.8794,166.0215,45.6338,0.7805
97.833,2935,in_bed,0.6789,0.8791,0.0069,2.3071,0.8722,0.378,0.8647,0.7983,0.5595,0.2938,0.0803,0.6491,0.6741,0.3052,0.2388,0.2657,0.2136,176.908,165.9433,45.6461,0.7828
97.867,2936,in_bed,0.679,0.8824,0.0055,2.3225,0.8768,0.3775,0.8679,0.799,0.559,0.2917,0.0802,0.6489,0.6728,0.3089,0.24,0.2672,0.2116,177.1477,166.0546,45.5038,0.7862
97.9,2937,in_bed,0.678,0.8842,0.0038,2.3334,0.8804,0.3773,0.8695,0.7989,0.557,0.2902,0.0801,0.6485,0.6721,0.3125,0.2419,0.2668,0.2102,177.3121,165.9983,45.3972,0.7897
97.933,2938,in_bed,0.6774,0.8858,0.002,2.3423,0.8838,0.3773,0.8707,0.7991,0.5558,0.289,0.0799,0.6483,0.6718,0.3149,0.2432,0.2668,0.209,177.5912,165.9819,45.2811,0.7921
97.967,2939,in_bed,0.676,0.8889,0.003,2.35,0.886,0.377,0.8727,0.799,0.553,0.2907,0.0801,0.6492,0.6742,0.3197,0.246,0.2623,0.2107,178.4235,166.5081,45.0045,0.7935
98.0,2940,in_bed,0.6767,0.8891,0.0032,2.3477,0.886,0.3774,0.873,0.8005,0.5528,0.2908,0.0801,0.6506,0.6785,0.3202,0.2478,0.262,0.2107,178.3164,166.4643,44.9179,0.7919
98.033,2941,in_bed,0.6738,0.8905,0.0038,2.351,0.8867,0.3772,0.8733,0.7993,0.5483,0.2918,0.0802,0.6502,0.6801,0.325,0.251,0.2565,0.2117,179.0361,166.7721,44.5396,0.7929
98.067,2942,in_bed,0.6706,0.8876,0.0028,2.3428,0.8848,0.3776,0.87,0.7962,0.545,0.2902,0.0801,0.6474,0.6795,0.3251,0.2512,0.2548,0.2101,178.827,166.5548,44.3411,0.7935
98.1,2943,in_bed,0.6698,0.8882,0.0035,2.3421,0.8847,0.3777,0.8702,0.7953,0.5443,0.2937,0.0802,0.6474,0.6816,0.3259,0.251,0.2506,0.2135,179.4222,166.6911,44.2331,0.7936
98.133,2944,in_bed,0.669,0.888,0.0037,2.34,0.8843,0.3779,0.8697,0.7943,0.5437,0.2961,0.0802,0.6475,0.6814,0.326,0.2506,0.2476,0.2159,179.3564,166.721,44.1038,0.7933
98.167,2945,in_bed,0.6693,0.8879,0.0046,2.3366,0.8832,0.378,0.8692,0.7942,0.5444,0.2991,0.0803,0.6481,0.6807,0.3247,0.2497,0.2453,0.2188,178.8775,166.7785,44.1437,0.7913
98.2,2946,in_bed,0.6718,0.8895,0.0052,2.3386,0.8842,0.3781,0.8707,0.796,0.5476,0.302,0.0804,0.6504,0.6824,0.3231,0.2484,0.2456,0.2216,178.5152,166.9039,44.1627,0.7893
98.233,2947,in_bed,0.6725,0.8897,0.005,2.3386,0.8847,0.3783,0.8705,0.7962,0.5487,0.3033,0.0804,0.6514,0.683,0.3217,0.2475,0.2454,0.223,178.0489,166.9761,44.055,0.7906
98.267,2948,in_bed,0.6718,0.8893,0.0047,2.3369,0.8846,0.3785,0.8701,0.7961,0.5474,0.3024,0.0803,0.6515,0.6829,0.3227,0.2487,0.245,0.2221,177.8703,166.9783,43.9235,0.7898
98.3,2949,in_bed,0.6709,0.8889,0.0049,2.3351,0.8839,0.3785,0.8697,0.7957,0.5461,0.3014,0.0804,0.6505,0.683,0.3236,0.2496,0.2447,0.221,177.8404,167.0484,43.8088,0.7881
98.333,2950,in_bed,0.6714,0.8866,0.0038,2.3298,0.8828,0.3789,0.8683,0.7958,0.5469,0.2985,0.0803,0.6499,0.6836,0.3215,0.249,0.2484,0.2182,178.5506,166.7003,43.9239,0.7823
98.367,2951,in_bed,0.6711,0.8845,0.0022,2.3259,0.8824,0.3794,0.8669,0.7958,0.5463,0.2955,0.0802,0.6492,0.6833,0.3205,0.2495,0.2508,0.2153,179.1829,166.4873,43.9349,0.7798
98.4,2952,in_bed,0.6718,0.8829,0.002,2.3201,0.8809,0.3797,0.8658,0.7966,0.547,0.294,0.0802,0.6502,0.6825,0.3188,0.2496,0.253,0.2138,179.7567,166.328,44.0282,0.7764
98.433,2953,in_bed,0.6729,0.883,0.0015,2.3215,0.8814,0.3797,0.8661,0.7978,0.5481,0.2928,0.0802,0.6509,0.6823,0.3181,0.2497,0.2552,0.2127,179.8306,166.2653,44.0899,0.7769
98.467,2954,in_bed,0.6738,0.8832,0.0006,2.3241,0.8826,0.3797,0.8665,0.7986,0.5489,0.2921,0.0801,0.6519,0.682,0.3176,0.2497,0.2568,0.212,179.4996,166.1512,44.1803,0.7775
98.5,2955,in_bed,0.6723,0.8812,-0.001,2.3215,0.8822,0.38,0.8646,0.7973,0.5472,0.2897,0.08,0.6507,0.679,0.3173,0.2501,0.2576,0.2097,179.0305,166.0953,44.1537,0.7767
98.533,2956,in_bed,0.6729,0.8814,-0.0018,2.3235,0.8831,0.3801,0.8649,0.7983,0.5475,0.2885,0.0799,0.6517,0.678,0.3174,0.2507,0.259,0.2086,178.6702,166.0801,44.2054,0.7767
98.567,2957,in_bed,0.6728,0.8805,-0.0025,2.3215,0.883,0.3804,0.8642,0.7982,0.5473,0.2874,0.0799,0.6519,0.6781,0.317,0.251,0.2599,0.2075,178.4971,166.0793,44.1903,0.7755
98.6,2958,in_bed,0.6721,0.8792,-0.0043,2.3203,0.8835,0.3808,0.8632,0.7979,0.5463,0.2854,0.0797,0.6519,0.6771,0.3169,0.2516,0.2609,0.2057,178.2348,166.0751,44.2011,0.7752
98.633,2959,in_bed,0.673,0.8786,-0.0059,2.3199,0.8845,0.3812,0.8629,0.7984,0.5476,0.2857,0.0796,0.6522,0.6773,0.3153,0.2508,0.2619,0.2061,178.2472,165.9988,44.311,0.7765
98.667,2960,in_bed,0.6732,0.8787,-0.0072,2.3224,0.886,0.3815,0.863,0.7986,0.5477,0.2855,0.0795,0.6524,0.6778,0.3153,0.2509,0.2622,0.2061,178.1011,165.9403,44.4765,0.7784
98.7,2961,in_bed,0.6743,0.8798,-0.0082,2.3268,0.888,0.3816,0.864,0.7996,0.549,0.286,0.0794,0.6532,0.6791,0.315,0.2506,0.2631,0.2065,178.0746,165.921,44.5229,0.7794
98.733,2962,in_bed,0.6742,0.8797,-0.0089,2.3282,0.8886,0.3817,0.864,0.7996,0.5488,0.2857,0.0794,0.6526,0.6786,0.3152,0.2508,0.263,0.2064,177.879,165.9331,44.5232,0.7801
98.767,2963,in_bed,0.6739,0.8795,-0.0095,2.3294,0.889,0.3817,0.8638,0.7993,0.5486,0.2856,0.0793,0.6518,0.6777,0.3152,0.2507,0.263,0.2063,177.905,165.9288,44.4451,0.7813
98.8,2964,in_bed,0.6739,0.8791,-0.0104,2.3296,0.8895,0.3818,0.8635,0.7995,0.5484,0.2867,0.0792,0.6518,0.6773,0.3152,0.2511,0.2617,0.2075,178.2057,165.8048,44.3613,0.7821
98.833,2965,in_bed,0.674,0.8783,-0.0102,2.3267,0.8885,0.3819,0.8629,0.7993,0.5487,0.2868,0.0792,0.6518,0.6755,0.3143,0.2506,0.2619,0.2076,178.1552,165.7509,44.3129,0.7793
98.867,2966,in_bed,0.6729,0.8793,-0.0088,2.3275,0.8881,0.3816,0.8632,0.798,0.5478,0.2888,0.0793,0.6507,0.6751,0.3154,0.2502,0.259,0.2095,178.5817,166.0279,44.2038,0.7797
98.9,2967,in_bed,0.6717,0.8806,-0.0076,2.33,0.8882,0.3812,0.8639,0.797,0.5463,0.2902,0.0794,0.6499,0.6751,0.3176,0.2507,0.2561,0.2108,178.9872,166.3432,44.0839,0.7807
98.933,2968,in_bed,0.6708,0.8813,-0.0063,2.3304,0.8877,0.3809,0.864,0.7962,0.5455,0.2924,0.0795,0.6489,0.675,0.3185,0.2507,0.2531,0.2129,179.1541,166.5859,43.9506,0.7813
98.967,2969,in_bed,0.6694,0.8821,-0.0058,2.3327,0.8879,0.3806,0.8641,0.795,0.5438,0.2943,0.0795,0.6479,0.6753,0.3203,0.2512,0.2496,0.2148,179.2623,166.8182,43.7986,0.7844
99.0,2970,in_bed,0.6706,0.8811,-0.006,2.3299,0.8871,0.3807,0.8637,0.7958,0.5454,0.2937,0.0795,0.648,0.6748,0.3184,0.2505,0.2517,0.2142,179.3147,166.5869,43.8723,0.7819
99.033,2971,in_bed,0.6701,0.8823,-0.0054,2.3332,0.8878,0.3805,0.8643,0.7952,0.545,0.295,0.0795,0.648,0.6757,0.3193,0.2501,0.25,0.2155,179.3833,166.7382,43.8094,0.7838
99.067,2972,in_bed,0.6693,0.883,-0.005,2.3347,0.888,0.3803,0.8647,0.7945,0.544,0.2951,0.0795,0.6477,0.676,0.3207,0.2505,0.2489,0.2156,179.5683,166.9218,43.8545,0.7852
99.1,2973,in_bed,0.6703,0.8851,-0.0042,2.3396,0.8892,0.3801,0.8664,0.7954,0.5452,0.2955,0.0796,0.6486,0.6775,0.3212,0.2502,0.2496,0.2159,179.5918,167.0432,43.8765,0.7853
99.133,2974,in_bed,0.6699,0.8856,-0.0042,2.3422,0.8899,0.3799,0.8667,0.795,0.5448,0.2956,0.0796,0.648,0.6761,0.3219,0.2502,0.2492,0.216,179.5214,167.187,43.9421,0.7867
99.167,2975,in_bed,0.6716,0.8845,-0.0056,2.341,0.89,0.3802,0.8663,0.7961,0.547,0.294,0.0795,0.6485,0.6763,0.3193,0.2491,0.253,0.2145,179.4651,166.9674,44.065,0.7846
99.2,2976,in_bed,0.6722,0.8838,-0.0073,2.3407,0.8911,0.3807,0.866,0.7971,0.5473,0.2926,0.0794,0.6504,0.6772,0.3187,0.2498,0.2547,0.2132,179.1525,166.836,44.1534,0.7834
99.233,2977,in_bed,0.6724,0.8834,-0.008,2.3402,0.8913,0.3809,0.8659,0.7978,0.5471,0.2909,0.0794,0.6515,0.6772,0.3188,0.2507,0.2562,0.2115,178.6754,166.6516,44.2822,0.7814
99.267,2978,in_bed,0.6732,0.8827,-0.0085,2.3379,0.8912,0.3812,0.8657,0.7988,0.5476,0.2889,0.0793,0.6527,0.6781,0.3181,0.2512,0.2587,0.2096,178.0827,166.5559,44.3396,0.7802
99.3,2979,in_bed,0.6741,0.8821,-0.0094,2.3366,0.8915,0.3815,0.8655,0.7998,0.5484,0.2876,0.0792,0.6539,0.68,0.3171,0.2514,0.2608,0.2084,177.8655,166.4819,44.3382,0.7808
99.333,2980,in_bed,0.676,0.8818,-0.0096,2.3354,0.8914,0.3817,0.8655,0.8009,0.5511,0.2871,0.0792,0.6548,0.681,0.3144,0.2497,0.2641,0.2078,177.6408,166.3725,44.437,0.7802
99.367,2981,in_bed,0.6768,0.881,-0.0095,2.3323,0.8906,0.3818,0.8651,0.8013,0.5524,0.2868,0.0792,0.6553,0.6813,0.3127,0.2489,0.2655,0.2076,177.4679,166.1932,44.5069,0.7791
99.4,2982,in_bed,0.6773,0.8808,-0.0096,2.3313,0.8904,0.3819,0.865,0.8018,0.5528,0.2877,0.0792,0.6555,0.6824,0.3122,0.249,0.2651,0.2084,177.5514,166.095,44.4757,0.7786
99.433,2983,in_bed,0.6755,0.8814,-0.0086,2.3315,0.89,0.3817,0.8649,0.8,0.5511,0.2897,0.0793,0.6544,0.684,0.3138,0.249,0.2613,0.2104,178.4063,166.3598,44.4285,0.7807
99.467,2984,in_bed,0.6744,0.8823,-0.0085,2.334,0.8908,0.3817,0.8652,0.7992,0.5496,0.2916,0.0793,0.654,0.6848,0.3157,0.2497,0.2579,0.2123,179.1716,166.5262,44.2733,0.784
99.5,2985,in_bed,0.6738,0.8836,-0.0069,2.3355,0.8905,0.3813,0.866,0.7987,0.5489,0.2925,0.0794,0.6534,0.6852,0.3171,0.2498,0.2565,0.213,179.3668,166.7159,44.1792,0.7838
99.533,2986,in_bed,0.6744,0.8835,-0.0055,2.3315,0.889,0.3813,0.8659,0.7988,0.55,0.2941,0.0796,0.6534,0.6849,0.3158,0.2488,0.2559,0.2146,179.5684,166.8227,44.2373,0.7818
99.567,2987,in_bed,0.6739,0.8835,-0.0052,2.3311,0.8887,0.3812,0.8656,0.7979,0.5498,0.2945,0.0796,0.6522,0.6843,0.3158,0.2481,0.2553,0.2149,179.5191,166.9827,44.2532,0.7822
99.6,2988,in_bed,0.6739,0.8816,-0.007,2.3282,0.8886,0.3817,0.8644,0.7979,0.5499,0.2939,0.0794,0.6521,0.6856,0.3144,0.248,0.256,0.2145,179.4398,166.7647,44.4713,0.781
99.633,2989,in_bed,0.6731,0.8821,-0.0069,2.3299,0.8891,0.3816,0.8647,0.7969,0.5493,0.295,0.0794,0.6516,0.6861,0.3154,0.2476,0.2543,0.2156,179.4575,166.9399,44.4616,0.7827
99.667,2990,in_bed,0.6724,0.8822,-0.0066,2.3301,0.8888,0.3815,0.8644,0.7961,0.5486,0.2962,0.0795,0.6505,0.6844,0.3158,0.2475,0.2524,0.2167,179.3957,167.0716,44.3549,0.783
99.7,2991,in_bed,0.6711,0.8814,-0.0061,2.3265,0.8875,0.3815,0.8634,0.7946,0.5475,0.2971,0.0795,0.6493,0.6842,0.3159,0.247,0.2505,0.2176,179.3714,167.1412,44.3354,0.7825
99.733,2992,in_bed,0.6713,0.8793,-0.0075,2.3223,0.8869,0.3819,0.8618,0.7941,0.5484,0.2952,0.0794,0.6485,0.6839,0.3134,0.2457,0.2532,0.2158,179.2221,166.8396,44.5044,0.7811
99.767,2993,in_bed,0.6697,0.8784,-0.0077,2.3199,0.8861,0.382,0.8607,0.7919,0.5474,0.297,0.0794,0.6465,0.684,0.3133,0.2445,0.2505,0.2176,179.3538,166.8046,44.5198,0.7831
99.8,2994,in_bed,0.6704,0.8767,-0.0091,2.3166,0.8858,0.3824,0.8595,0.7922,0.5486,0.2951,0.0793,0.6459,0.6835,0.3109,0.2436,0.2535,0.2159,179.1109,166.5501,44.7007,0.782
99.833,2995,in_bed,0.6714,0.8753,-0.0097,2.3127,0.885,0.3827,0.8583,0.7924,0.5504,0.2944,0.0792,0.6458,0.6811,0.3079,0.242,0.256,0.2151,179.1118,166.2945,44.9454,0.7809
99.867,2996,in_bed,0.672,0.8738,-0.0109,2.3102,0.8848,0.383,0.8572,0.7927,0.5514,0.2934,0.0791,0.6457,0.6789,0.3058,0.2413,0.258,0.2143,178.7479,166.0754,45.1501,0.7811
99.9,2997,in_bed,0.6717,0.8723,-0.0132,2.3097,0.8856,0.3834,0.856,0.7921,0.5512,0.2917,0.0789,0.645,0.6778,0.3048,0.2409,0.2596,0.2128,178.3654,165.9488,45.334,0.7824
99.933,2998,in_bed,0.6702,0.8733,-0.0133,2.3128,0.8865,0.3833,0.8562,0.7913,0.549,0.2926,0.0789,0.6445,0.6788,0.3072,0.2422,0.2565,0.2137,178.9954,166.2276,45.2015,0.787
99.967,2999,in_bed,0.6679,0.8732,-0.0133,2.3131,0.8865,0.3833,0.8556,0.7896,0.5462,0.2927,0.0789,0.6434,0.6791,0.3094,0.2434,0.2536,0.2138,179.3525,166.423,45.1556,0.7914
100.0,3000,in_bed,0.6701,0.8746,-0.0124,2.3157,0.887,0.383,0.857,0.7917,0.5485,0.2921,0.0789,0.6455,0.6817,0.3085,0.2432,0.2564,0.2132,179.3185,166.3129,45.1939,0.7912
100.033,3001,in_bed,0.6713,0.8749,-0.0116,2.3148,0.8865,0.383,0.8574,0.7929,0.5497,0.2909,0.079,0.6465,0.6821,0.3077,0.2431,0.2588,0.2119,178.9165,166.1934,45.2635,0.7883
100.067,3002,in_bed,0.673,0.8747,-0.0121,2.3143,0.8868,0.3832,0.8577,0.794,0.5521,0.2911,0.079,0.6472,0.6823,0.3056,0.2419,0.2609,0.2121,178.7668,166.0971,45.3548,0.7864
100.1,3003,in_bed,0.6739,0.8742,-0.0115,2.3108,0.8858,0.3833,0.8574,0.7947,0.553,0.2906,0.0791,0.6481,0.6824,0.3043,0.2417,0.2624,0.2116,178.7018,165.9377,45.382,0.7828
100.133,3004,in_bed,0.6753,0.8738,-0.0113,2.308,0.8851,0.3835,0.8573,0.7955,0.5551,0.2909,0.0791,0.6493,0.6828,0.3022,0.2404,0.2641,0.2118,178.582,165.8581,45.4943,0.7805
100.167,3005,in_bed,0.6768,0.8737,-0.0105,2.3057,0.8843,0.3835,0.8575,0.7966,0.557,0.2924,0.0792,0.6502,0.6833,0.3004,0.2396,0.2646,0.2132,178.6823,165.7876,45.4236,0.7789
100.2,3006,in_bed,0.6773,0.8737,-0.0105,2.3055,0.8842,0.3835,0.8574,0.7972,0.5574,0.2916,0.0792,0.6504,0.6827,0.3001,0.2398,0.2658,0.2124,178.527,165.7857,45.3846,0.7778
100.233,3007,in_bed,0.6777,0.873,-0.0107,2.304,0.8837,0.3836,0.8569,0.7969,0.5586,0.2914,0.0792,0.6499,0.6817,0.2983,0.2383,0.2672,0.2122,178.2723,165.7547,45.4712,0.7774
100.267,3008,in_bed,0.6775,0.8741,-0.0095,2.3052,0.8836,0.3833,0.8574,0.7966,0.5585,0.2932,0.0793,0.6496,0.6818,0.299,0.2381,0.2653,0.2139,178.8411,166.0858,45.3166,0.7788
100.3,3009,in_bed,0.6784,0.8739,-0.0102,2.3059,0.8841,0.3834,0.8575,0.7971,0.5598,0.2919,0.0792,0.6496,0.6821,0.2977,0.2373,0.2679,0.2127,178.5937,166.0168,45.3451,0.78
100.333,3010,in_bed,0.6792,0.8737,-0.0097,2.3047,0.8834,0.3833,0.8575,0.7975,0.5609,0.2921,0.0793,0.6498,0.6821,0.2966,0.2365,0.2688,0.2128,178.4419,165.8704,45.3554,0.7785
100.367,3011,in_bed,0.6797,0.8732,-0.0097,2.3028,0.8829,0.3834,0.8571,0.7975,0.5618,0.2913,0.0792,0.6501,0.6826,0.2953,0.2357,0.2705,0.2121,178.2989,165.868,45.421,0.7781
100.4,3012,in_bed,0.6787,0.8728,-0.01,2.3021,0.8828,0.3835,0.8566,0.7976,0.5598,0.2904,0.0792,0.6509,0.682,0.2969,0.2378,0.2693,0.2112,178.2516,165.8476,45.3604,0.7784
100.433,3013,in_bed,0.6781,0.8729,-0.0095,2.3015,0.8824,0.3834,0.8568,0.7979,0.5583,0.2901,0.0793,0.6512,0.6812,0.2985,0.2396,0.2682,0.2108,178.1375,165.8073,45.292,0.7774
100.467,3014,in_bed,0.6774,0.8726,-0.0101,2.3016,0.8827,0.3835,0.8563,0.7977,0.5571,0.2883,0.0792,0.6514,0.6805,0.2992,0.2406,0.2688,0.2091,177.9308,165.7909,45.3111,0.7781
100.5,3015,in_bed,0.6779,0.8727,-0.0099,2.3014,0.8826,0.3835,0.8563,0.798,0.5579,0.2889,0.0792,0.6517,0.6808,0.2984,0.2401,0.2689,0.2097,177.8921,165.7861,45.4089,0.7772
100.533,3016,in_bed,0.6781,0.8723,-0.0096,2.2996,0.8819,0.3835,0.8559,0.7979,0.5582,0.2889,0.0792,0.6519,0.6805,0.2976,0.2397,0.2693,0.2096,177.6962,165.7848,45.5764,0.7767
100.567,3017,in_bed,0.6784,0.873,-0.0088,2.301,0.8818,0.3832,0.8565,0.7983,0.5584,0.2894,0.0793,0.6519,0.6812,0.298,0.2399,0.269,0.2101,177.655,165.7858,45.6232,0.7764
100.6,3018,in_bed,0.6778,0.8726,-0.0098,2.302,0.8824,0.3833,0.8561,0.7979,0.5578,0.2889,0.0792,0.6508,0.681,0.2983,0.2401,0.2689,0.2097,177.5741,165.7977,45.6205,0.7771
100.633,3019,in_bed,0.6782,0.8732,-0.0105,2.3056,0.8837,0.3833,0.8566,0.7981,0.5583,0.289,0.0791,0.6505,0.6809,0.2982,0.2398,0.2693,0.2099,177.5743,165.799,45.5179,0.7786
100.667,3020,in_bed,0.6765,0.873,-0.0125,2.3089,0.8854,0.3835,0.8562,0.7972,0.5558,0.2877,0.079,0.6498,0.6805,0.3004,0.2413,0.2681,0.2088,177.7263,165.7559,45.3936,0.7815
100.7,3021,in_bed,0.6753,0.8716,-0.013,2.3064,0.8846,0.3835,0.855,0.796,0.5545,0.2871,0.0789,0.6487,0.6783,0.3005,0.2415,0.2674,0.2082,177.7733,165.7203,45.3441,0.7821
100.733,3022,in_bed,0.6747,0.8706,-0.0137,2.3044,0.8842,0.3837,0.8542,0.7954,0.5539,0.2869,0.0788,0.6482,0.6767,0.3002,0.2414,0.2671,0.208,177.9504,165.6926,45.2586,0.7822
100.767,3023,in_bed,0.6746,0.8706,-0.0136,2.3047,0.8842,0.3836,0.8543,0.7952,0.554,0.287,0.0788,0.648,0.6768,0.3002,0.2412,0.2671,0.2081,178.1355,165.6729,45.1751,0.7819
100.8,3024,in_bed,0.6752,0.8721,-0.012,2.3062,0.8841,0.3834,0.8559,0.7963,0.5542,0.2875,0.079,0.6496,0.679,0.3017,0.2421,0.2667,0.2084,178.0582,165.6686,44.9887,0.7794
100.833,3025,in_bed,0.6748,0.8734,-0.0083,2.3033,0.8818,0.3828,0.8567,0.796,0.5535,0.2892,0.0793,0.6494,0.6805,0.3032,0.2424,0.2643,0.2099,178.5891,166.0528,44.7999,0.7764
100.867,3026,in_bed,0.6757,0.8723,-0.007,2.2969,0.8793,0.3828,0.8561,0.7965,0.5549,0.2902,0.0794,0.6498,0.6798,0.3011,0.2415,0.2648,0.2107,178.3401,166.006,44.7969,0.772
100.9,3027,in_bed,0.6763,0.873,-0.0075,2.3002,0.8805,0.3828,0.857,0.7973,0.5553,0.2901,0.0794,0.6505,0.6784,0.3017,0.242,0.2652,0.2106,178.3921,165.9189,44.6348,0.7723
100.933,3028,in_bed,0.6771,0.8736,-0.0075,2.3023,0.8811,0.3827,0.8578,0.7981,0.5561,0.2901,0.0794,0.651,0.679,0.3017,0.242,0.266,0.2107,178.3684,165.8728,44.5521,0.7725
100.967,3029,in_bed,0.6774,0.8733,-0.0064,2.2999,0.8797,0.3825,0.8578,0.7981,0.5567,0.2906,0.0795,0.6511,0.679,0.3012,0.2414,0.2661,0.2111,178.3818,165.8365,44.5279,0.7706
101.0,3030,in_bed,0.6765,0.8727,-0.0062,2.2985,0.8789,0.3824,0.8573,0.7974,0.5557,0.2903,0.0795,0.6503,0.6777,0.3016,0.2416,0.2654,0.2108,178.3985,165.8097,44.4495,0.77
101.033,3031,in_bed,0.6764,0.8731,-0.0066,2.3013,0.8797,0.3823,0.8576,0.7972,0.5557,0.2903,0.0794,0.6501,0.6767,0.302,0.2415,0.2654,0.2109,178.5349,165.785,44.3518,0.7704
101.067,3032,in_bed,0.6767,0.8742,-0.0064,2.3055,0.8807,0.382,0.8588,0.7974,0.5559,0.2913,0.0795,0.65,0.6772,0.3029,0.2416,0.2645,0.2119,178.6678,165.7935,44.3356,0.7701
101.1,3033,in_bed,0.6769,0.8749,-0.0066,2.3072,0.8815,0.382,0.8594,0.7982,0.5556,0.291,0.0795,0.6507,0.6783,0.3039,0.2426,0.2646,0.2115,178.6745,165.7718,44.3388,0.7699
101.133,3034,in_bed,0.6771,0.8754,-0.0069,2.3092,0.8823,0.3821,0.86,0.799,0.5552,0.2895,0.0795,0.6514,0.678,0.3048,0.2437,0.2657,0.2101,178.3286,165.7835,44.4866,0.7704
101.167,3035,in_bed,0.6767,0.8756,-0.0078,2.3115,0.8834,0.3822,0.8603,0.7993,0.5541,0.2884,0.0794,0.6515,0.6772,0.3062,0.2452,0.2657,0.209,178.1345,165.7436,44.4965,0.7724
101.2,3036,in_bed,0.6766,0.876,-0.0087,2.3143,0.8847,0.3823,0.861,0.7994,0.5538,0.2892,0.0793,0.6519,0.6762,0.3072,0.2456,0.2646,0.2099,178.1714,165.6441,44.5699,0.7732
101.233,3037,in_bed,0.6747,0.8788,-0.0075,2.3224,0.8863,0.3816,0.8627,0.798,0.5513,0.2912,0.0794,0.6507,0.676,0.3114,0.2467,0.2601,0.2118,178.8465,166.0508,44.3931,0.7767
101.267,3038,in_bed,0.6733,0.8819,-0.0058,2.3309,0.8877,0.3808,0.8649,0.7972,0.5495,0.2928,0.0796,0.6494,0.6758,0.3154,0.2477,0.2567,0.2132,178.9802,166.4062,44.2935,0.7789
101.3,3039,in_bed,0.6717,0.8841,-0.0058,2.3392,0.8898,0.3804,0.8661,0.7958,0.5477,0.293,0.0796,0.6483,0.6753,0.3185,0.2481,0.2546,0.2135,178.8884,166.6497,44.1835,0.783
101.333,3040,in_bed,0.6715,0.8831,-0.0074,2.3389,0.8905,0.3807,0.8658,0.7958,0.5472,0.2911,0.0794,0.6478,0.6744,0.3186,0.2485,0.2562,0.2116,178.936,166.3573,44.2051,0.7835
101.367,3041,in_bed,0.6718,0.883,-0.0079,2.3393,0.8909,0.3808,0.866,0.7959,0.5477,0.2903,0.0794,0.6481,0.6752,0.3183,0.2481,0.2575,0.2109,179.0217,166.1171,44.2537,0.7838
101.4,3042,in_bed,0.6727,0.8839,-0.0083,2.3437,0.8922,0.3807,0.8671,0.7964,0.5491,0.2903,0.0793,0.6485,0.6768,0.318,0.2473,0.2588,0.211,179.0906,165.9677,44.2126,0.7854
101.433,3043,in_bed,0.6738,0.8845,-0.0086,2.3468,0.8931,0.3806,0.8681,0.7969,0.5508,0.2901,0.0793,0.6487,0.6777,0.3173,0.2461,0.2607,0.2108,178.9985,165.8815,44.307,0.7869
101.467,3044,in_bed,0.6748,0.885,-0.009,2.3494,0.8941,0.3805,0.8689,0.7975,0.5521,0.2894,0.0792,0.6491,0.6785,0.3167,0.2454,0.2627,0.2102,178.9886,165.8036,44.2571,0.7879
101.5,3045,in_bed,0.6748,0.8838,-0.0106,2.3485,0.8944,0.3808,0.868,0.797,0.5526,0.2887,0.0791,0.6485,0.6767,0.3154,0.2444,0.264,0.2096,178.9258,165.7249,44.2583,0.7893
101.533,3046,in_bed,0.6735,0.8852,-0.0101,2.3528,0.8953,0.3805,0.8685,0.7958,0.5513,0.2895,0.0791,0.6472,0.6751,0.3172,0.2446,0.2618,0.2103,178.931,166.0352,44.0119,0.7919
101.567,3047,in_bed,0.6723,0.8858,-0.0098,2.3546,0.8956,0.3804,0.8686,0.7943,0.5502,0.2891,0.0791,0.646,0.6739,0.3183,0.244,0.2612,0.2099,178.968,166.2707,43.9816,0.7941
101.6,3048,in_bed,0.6722,0.8873,-0.0083,2.3573,0.8955,0.3799,0.8694,0.794,0.5505,0.2909,0.0793,0.6458,0.6765,0.319,0.2436,0.2595,0.2117,178.78,166.6302,43.8584,0.7944
101.633,3049,in_bed,0.6739,0.8861,-0.008,2.3531,0.8941,0.38,0.8688,0.7948,0.553,0.2903,0.0793,0.6463,0.6778,0.3158,0.2418,0.2627,0.211,178.6976,166.4289,43.8948,0.7918
101.667,3050,in_bed,0.6732,0.8871,-0.0074,2.3553,0.8944,0.3798,0.8691,0.7944,0.5519,0.2906,0.0794,0.646,0.6775,0.3172,0.2425,0.2613,0.2112,178.7004,166.6352,43.8323,0.7934
101.7,3051,in_bed,0.674,0.8853,-0.0072,2.3488,0.8925,0.38,0.868,0.7951,0.5529,0.2894,0.0794,0.6465,0.6757,0.3152,0.2423,0.2634,0.21,178.7096,166.3692,43.9788,0.7894
101.733,3052,in_bed,0.6748,0.8843,-0.0076,2.346,0.8919,0.3802,0.8675,0.7959,0.5537,0.2889,0.0794,0.647,0.6743,0.3138,0.2422,0.2648,0.2095,178.6664,166.162,44.0745,0.788
101.767,3053,in_bed,0.6734,0.8855,-0.0075,2.3497,0.893,0.38,0.8679,0.7955,0.5513,0.2893,0.0794,0.6464,0.6735,0.3166,0.2442,0.2619,0.2099,178.6542,166.4636,43.9292,0.79
101.8,3054,in_bed,0.6737,0.8848,-0.0091,2.3494,0.8939,0.3805,0.8676,0.7965,0.551,0.2884,0.0793,0.6473,0.6732,0.3166,0.2455,0.2626,0.2091,178.4091,166.2977,43.9928,0.7895
101.833,3055,in_bed,0.6716,0.8855,-0.0099,2.3533,0.8954,0.3805,0.8678,0.7954,0.5479,0.2888,0.0792,0.6462,0.6725,0.3199,0.2475,0.259,0.2096,178.3741,166.5698,43.9184,0.7933
101.867,3056,in_bed,0.6698,0.8856,-0.0096,2.3538,0.8952,0.3803,0.8674,0.7944,0.5452,0.2891,0.0792,0.6449,0.6716,0.3222,0.2492,0.2561,0.2099,178.4358,166.7944,43.7951,0.7952
101.9,3057,in_bed,0.6709,0.8845,-0.0104,2.351,0.8949,0.3806,0.867,0.7956,0.5461,0.2879,0.0792,0.6459,0.6717,0.3209,0.2496,0.2582,0.2087,178.4728,166.5377,43.8245,0.7933
101.933,3058,in_bed,0.6717,0.8836,-0.0105,2.3476,0.8941,0.3809,0.8665,0.7963,0.5472,0.2876,0.0792,0.6468,0.6714,0.3193,0.2491,0.2595,0.2085,178.6169,166.2513,43.8866,0.7919
101.967,3059,in_bed,0.672,0.8825,-0.0105,2.3436,0.8929,0.381,0.8658,0.7966,0.5473,0.2871,0.0792,0.6471,0.671,0.3185,0.2493,0.2603,0.2079,178.4069,166.1104,44.0534,0.7901
102.0,3060,in_bed,0.6712,0.8833,-0.0118,2.3486,0.8951,0.3811,0.8665,0.7968,0.5456,0.2862,0.0791,0.6477,0.6718,0.3209,0.2511,0.2594,0.2071,177.9948,165.8928,44.1235,0.7913
102.033,3061,in_bed,0.6723,0.8842,-0.011,2.3502,0.8952,0.3809,0.8676,0.7977,0.5469,0.2874,0.0791,0.6482,0.6724,0.3206,0.2507,0.2595,0.2083,177.8909,165.7827,44.1696,0.7896
102.067,3062,in_bed,0.6721,0.8859,-0.0089,2.3522,0.8949,0.3804,0.8686,0.7968,0.5474,0.2904,0.0793,0.6475,0.6747,0.3212,0.2494,0.257,0.211,178.6579,166.0499,44.0498,0.7898
102.1,3063,in_bed,0.6721,0.8881,-0.0075,2.3566,0.8956,0.38,0.8701,0.7968,0.5474,0.2928,0.0795,0.6477,0.6772,0.3226,0.2494,0.2546,0.2134,178.7885,166.3048,43.907,0.7917
102.133,3064,in_bed,0.6716,0.8894,-0.0062,2.3591,0.8956,0.3797,0.8708,0.7969,0.5463,0.2933,0.0795,0.6473,0.6772,0.3245,0.2506,0.253,0.2138,178.8502,166.6113,43.7289,0.7922
102.167,3065,in_bed,0.6711,0.8895,-0.0051,2.3576,0.8946,0.3795,0.8705,0.7962,0.546,0.2944,0.0796,0.6464,0.6765,0.3245,0.2502,0.2516,0.2148,178.8734,166.8106,43.7196,0.7917
102.2,3066,in_bed,0.6716,0.8902,-0.0038,2.3572,0.8939,0.3792,0.8709,0.7965,0.5468,0.2947,0.0797,0.6468,0.6765,0.3241,0.2496,0.2521,0.215,178.9527,167.0126,43.7355,0.7906
102.233,3067,in_bed,0.672,0.8897,-0.0028,2.354,0.8926,0.3792,0.8705,0.7962,0.5477,0.2953,0.0798,0.6465,0.6759,0.3228,0.2485,0.2524,0.2155,178.8575,167.1475,43.748,0.7887
102.267,3068,in_bed,0.6707,0.889,-0.003,2.3525,0.892,0.3792,0.8696,0.7948,0.5466,0.2951,0.0798,0.6455,0.6745,0.323,0.2482,0.2516,0.2152,178.8145,167.2619,43.7571,0.7887
102.3,3069,in_bed,0.6705,0.8892,-0.0028,2.3531,0.892,0.3791,0.8696,0.7944,0.5465,0.2947,0.0798,0.6451,0.6739,0.3231,0.2479,0.2518,0.2148,178.7542,167.352,43.7601,0.7888
102.333,3070,in_bed,0.6694,0.8886,-0.0029,2.352,0.8915,0.379,0.8688,0.7934,0.5455,0.2939,0.0798,0.6438,0.6723,0.3233,0.2479,0.2516,0.2141,178.744,167.4512,43.7159,0.7893
102.367,3071,in_bed,0.6703,0.8863,-0.0046,2.3473,0.8909,0.3795,0.8674,0.7935,0.5471,0.292,0.0797,0.644,0.6718,0.3203,0.2465,0.2551,0.2123,178.7363,167.0597,43.7936,0.7882
102.4,3072,in_bed,0.6721,0.8854,-0.0045,2.3432,0.8899,0.3798,0.8675,0.7951,0.5492,0.2907,0.0797,0.6459,0.6715,0.3183,0.2459,0.2584,0.2111,178.8035,166.7511,43.9602,0.7849
102.433,3073,in_bed,0.672,0.8873,-0.0042,2.3488,0.8915,0.3796,0.8691,0.7952,0.5489,0.2918,0.0797,0.6463,0.6732,0.3203,0.2464,0.2571,0.212,178.778,166.9029,43.9119,0.7865
102.467,3074,in_bed,0.6709,0.8894,-0.0058,2.3587,0.8952,0.3795,0.8713,0.7944,0.5474,0.2914,0.0796,0.6468,0.6735,0.3239,0.247,0.256,0.2118,178.5205,167.0744,44.1071,0.793
102.5,3075,in_bed,0.6719,0.8888,-0.0081,2.3605,0.8969,0.38,0.8714,0.7952,0.5486,0.2896,0.0794,0.6476,0.6731,0.3228,0.2466,0.259,0.2102,178.5161,166.688,44.3088,0.7941
102.533,3076,in_bed,0.6741,0.8891,-0.009,2.3632,0.8981,0.38,0.8723,0.7967,0.5515,0.2881,0.0793,0.6485,0.6729,0.3208,0.2452,0.2634,0.2087,178.3161,166.3709,44.4398,0.794
102.567,3077,in_bed,0.6732,0.8915,-0.0079,2.3708,0.8994,0.3794,0.8742,0.7961,0.5503,0.2894,0.0794,0.6473,0.672,0.324,0.2459,0.2609,0.2099,178.5317,166.5666,44.332,0.7962
102.6,3078,in_bed,0.6745,0.8918,-0.0076,2.372,0.8994,0.3792,0.8752,0.797,0.552,0.2881,0.0795,0.6479,0.672,0.3232,0.245,0.2639,0.2087,178.3471,166.3164,44.3938,0.796
102.633,3079,in_bed,0.675,0.8932,-0.0085,2.379,0.9017,0.379,0.877,0.7976,0.5524,0.2862,0.0794,0.6486,0.6723,0.3245,0.2452,0.2662,0.2068,177.9277,166.0726,44.4558,0.7976
102.667,3080,in_bed,0.6747,0.894,-0.01,2.3853,0.904,0.379,0.8781,0.7979,0.5515,0.2839,0.0793,0.649,0.6713,0.3266,0.2464,0.2676,0.2046,177.5526,165.8557,44.363,0.7991
102.7,3081,in_bed,0.6739,0.8936,-0.0108,2.3864,0.9043,0.379,0.8778,0.7975,0.5502,0.2826,0.0792,0.6482,0.6702,0.3276,0.2472,0.2677,0.2033,177.4725,165.7956,44.224,0.7996
102.733,3082,in_bed,0.6732,0.8937,-0.0116,2.39,0.9053,0.3788,0.8781,0.7969,0.5495,0.2828,0.0791,0.6469,0.6692,0.3286,0.2474,0.2667,0.2036,177.4371,165.7096,44.1831,0.8007
102.767,3083,in_bed,0.6732,0.8939,-0.0117,2.3914,0.9056,0.3787,0.8784,0.7969,0.5496,0.2826,0.0792,0.6463,0.6681,0.3288,0.2473,0.267,0.2034,177.372,165.6137,44.2188,0.7994
102.8,3084,in_bed,0.6734,0.894,-0.0121,2.3935,0.9062,0.3786,0.8788,0.7968,0.5499,0.2821,0.0791,0.6461,0.6669,0.3288,0.2469,0.2678,0.203,177.0608,165.6456,44.2882,0.7987
102.833,3085,in_bed,0.6732,0.8935,-0.0148,2.3965,0.9083,0.379,0.8784,0.7964,0.5501,0.2805,0.0789,0.6456,0.666,0.3283,0.2463,0.2695,0.2016,176.8026,165.6161,44.4253,0.8
102.867,3086,in_bed,0.6734,0.8936,-0.0145,2.396,0.9081,0.379,0.8785,0.7969,0.5498,0.2807,0.0789,0.6459,0.6664,0.3286,0.2471,0.2691,0.2018,176.69,165.5136,44.6034,0.7986
102.9,3087,in_bed,0.6733,0.8937,-0.0158,2.3983,0.9094,0.3792,0.8784,0.7971,0.5495,0.2797,0.0788,0.6459,0.6664,0.329,0.2476,0.2697,0.2009,176.5539,165.4995,44.6492,0.7991
102.933,3088,in_bed,0.6736,0.8926,-0.0157,2.3944,0.9083,0.3794,0.8775,0.7965,0.5507,0.2801,0.0788,0.6456,0.6662,0.3268,0.2459,0.2705,0.2013,176.4916,165.4117,44.7664,0.7983
102.967,3089,in_bed,0.6744,0.8913,-0.0146,2.387,0.9059,0.3795,0.8764,0.7965,0.5524,0.2821,0.0789,0.6455,0.6657,0.324,0.2441,0.2702,0.2032,176.5438,165.2867,44.9255,0.7951
103.0,3090,in_bed,0.6744,0.8893,-0.0139,2.3776,0.9032,0.3799,0.8743,0.7962,0.5526,0.2832,0.079,0.6453,0.6665,0.3217,0.2436,0.2695,0.2042,176.6734,165.2608,45.009,0.7935
103.033,3091,in_bed,0.6743,0.8874,-0.0131,2.368,0.9004,0.3802,0.8722,0.7959,0.5527,0.2845,0.0791,0.6453,0.6661,0.3195,0.2432,0.2682,0.2054,176.8647,165.1874,45.0949,0.7913
103.067,3092,in_bed,0.6748,0.8857,-0.0126,2.3601,0.8982,0.3806,0.8702,0.7958,0.5538,0.2847,0.0791,0.6451,0.6661,0.3164,0.242,0.2691,0.2056,177.0184,165.1895,45.1677,0.7911
103.1,3093,in_bed,0.6757,0.8829,-0.0118,2.3477,0.8947,0.3811,0.8673,0.7958,0.5557,0.2854,0.0792,0.6454,0.6662,0.3117,0.2401,0.2703,0.2063,177.1233,165.1841,45.3077,0.7888
103.133,3094,in_bed,0.6757,0.8805,-0.0115,2.3386,0.892,0.3814,0.8649,0.7954,0.556,0.2857,0.0792,0.6446,0.6654,0.3089,0.2394,0.2703,0.2066,177.1368,165.1522,45.3723,0.7882
103.167,3095,in_bed,0.6762,0.8794,-0.012,2.3349,0.8914,0.3818,0.8638,0.7958,0.5567,0.2857,0.0791,0.6448,0.6653,0.3071,0.2391,0.2709,0.2066,177.2586,165.1725,45.3135,0.7899
103.2,3096,in_bed,0.6755,0.8791,-0.012,2.3331,0.8911,0.3819,0.8635,0.7958,0.5552,0.285,0.0791,0.6454,0.6666,0.3083,0.2407,0.2702,0.2059,177.1678,165.2104,45.2231,0.7894
103.233,3097,in_bed,0.6757,0.8805,-0.0122,2.3384,0.8928,0.3818,0.8649,0.7965,0.5549,0.285,0.0791,0.6462,0.6675,0.3101,0.2416,0.2699,0.2059,177.1131,165.214,45.0636,0.7913
103.267,3098,in_bed,0.6757,0.8816,-0.0136,2.3444,0.8952,0.3818,0.866,0.797,0.5543,0.2849,0.0789,0.6469,0.6683,0.3118,0.2428,0.2693,0.206,177.0902,165.2329,44.8844,0.7945
103.3,3099,in_bed,0.6754,0.8827,-0.0147,2.3497,0.8974,0.3819,0.8672,0.7976,0.5531,0.2846,0.0789,0.6476,0.6686,0.3141,0.2445,0.2685,0.2057,177.0166,165.2583,44.7949,0.7957
103.333,3100,in_bed,0.6757,0.8834,-0.0147,2.3517,0.8981,0.3819,0.868,0.7987,0.5528,0.285,0.0789,0.6486,0.6694,0.3152,0.2459,0.2678,0.2061,177.0908,165.3263,44.6046,0.7955
103.367,3101,in_bed,0.6757,0.8837,-0.0156,2.3542,0.8994,0.382,0.8682,0.7988,0.5527,0.2843,0.0788,0.649,0.6696,0.3155,0.2461,0.2684,0.2055,177.2411,165.2979,44.5257,0.7965
103.4,3102,in_bed,0.6751,0.8827,-0.0157,2.351,0.8984,0.3822,0.8673,0.798,0.5521,0.2837,0.0788,0.6484,0.6686,0.3152,0.2459,0.2685,0.2048,177.0575,165.2674,44.5252,0.7946
103.433,3103,in_bed,0.6753,0.8825,-0.0153,2.3493,0.8978,0.3822,0.8672,0.7982,0.5523,0.2823,0.0789,0.6484,0.6682,0.3149,0.246,0.2699,0.2035,176.892,165.3108,44.4505,0.7934
103.467,3104,in_bed,0.6753,0.8823,-0.0159,2.3491,0.8982,0.3824,0.8672,0.7982,0.5525,0.2812,0.0788,0.6483,0.6687,0.3147,0.2458,0.2712,0.2024,176.7593,165.2337,44.4068,0.7935
103.5,3105,in_bed,0.6747,0.8822,-0.0164,2.3499,0.8986,0.3824,0.8672,0.7976,0.5518,0.2814,0.0788,0.6477,0.6687,0.3154,0.2458,0.2705,0.2026,176.911,165.2265,44.2309,0.7932
103.533,3106,in_bed,0.6737,0.8817,-0.016,2.3482,0.8977,0.3823,0.8668,0.7964,0.5509,0.2811,0.0788,0.6465,0.6677,0.3158,0.2454,0.2699,0.2022,177.107,165.1748,44.0593,0.793
103.567,3107,in_bed,0.6732,0.8822,-0.0155,2.3495,0.8976,0.3821,0.8674,0.7962,0.5502,0.2807,0.0789,0.6462,0.6677,0.3172,0.246,0.2695,0.2019,176.9681,165.1345,43.9851,0.7916
103.6,3108,in_bed,0.6726,0.8841,-0.0143,2.3555,0.8984,0.3814,0.8692,0.796,0.5492,0.2813,0.079,0.6457,0.6672,0.32,0.2468,0.2679,0.2023,176.8429,165.0854,43.8502,0.7918
103.633,3109,in_bed,0.6729,0.8866,-0.0135,2.3642,0.9001,0.3807,0.8719,0.7961,0.5497,0.2823,0.0791,0.646,0.6683,0.3221,0.2464,0.2674,0.2032,177.0179,165.082,43.7744,0.794
103.667,3110,in_bed,0.6722,0.8889,-0.0135,2.3739,0.9024,0.3801,0.8741,0.796,0.5483,0.2819,0.0791,0.6456,0.669,0.3258,0.2477,0.2665,0.2028,177.059,165.0804,43.5399,0.7978
103.7,3111,in_bed,0.6708,0.8901,-0.0131,2.3793,0.9032,0.3796,0.8754,0.7951,0.5466,0.2822,0.0791,0.6442,0.6678,0.3288,0.2485,0.2644,0.2031,177.0578,165.0952,43.3604,0.7991
103.733,3112,in_bed,0.669,0.8937,-0.0109,2.3895,0.9047,0.3786,0.8785,0.7941,0.544,0.2854,0.0792,0.643,0.669,0.3346,0.2502,0.2586,0.2062,178.0162,165.3285,42.9395,0.8032
103.767,3113,in_bed,0.6673,0.8962,-0.0095,2.3964,0.9056,0.3779,0.8804,0.793,0.5415,0.2881,0.0793,0.6417,0.6701,0.3389,0.2515,0.2534,0.2087,178.6786,165.5951,42.6773,0.8054
103.8,3114,in_bed,0.6681,0.8964,-0.01,2.3981,0.9063,0.3779,0.881,0.7937,0.5425,0.2884,0.0793,0.6422,0.67,0.3385,0.2512,0.254,0.2091,178.596,165.464,42.6651,0.805
103.833,3115,in_bed,0.6677,0.8983,-0.0087,2.403,0.9069,0.3774,0.8824,0.7933,0.542,0.2912,0.0794,0.6416,0.6718,0.3404,0.2513,0.2508,0.2119,179.0181,165.6487,42.5213,0.808
103.867,3116,in_bed,0.667,0.8999,-0.0073,2.4063,0.9072,0.377,0.8837,0.793,0.5409,0.2941,0.0795,0.6412,0.6721,0.3428,0.2522,0.2468,0.2146,179.42,165.7254,42.3253,0.8099
103.9,3117,in_bed,0.6659,0.8994,-0.0066,2.4036,0.906,0.3769,0.8827,0.7914,0.5404,0.2958,0.0795,0.6399,0.6705,0.3423,0.2511,0.2445,0.2163,179.509,165.9263,42.255,0.8099
103.933,3118,in_bed,0.6644,0.8983,-0.0074,2.4009,0.9057,0.3772,0.8812,0.79,0.5388,0.2962,0.0794,0.6392,0.6694,0.3424,0.2513,0.2426,0.2168,179.1771,166.0249,42.1948,0.8121
103.967,3119,in_bed,0.665,0.8971,-0.0074,2.396,0.9045,0.3775,0.8799,0.7898,0.5403,0.2977,0.0794,0.639,0.6692,0.3396,0.2495,0.2426,0.2182,179.0495,166.0827,42.2875,0.8117
104.0,3120,in_bed,0.6663,0.894,-0.0098,2.3875,0.9038,0.3786,0.8771,0.7909,0.5418,0.2953,0.0792,0.6408,0.6691,0.3353,0.249,0.2465,0.2161,179.4749,165.8828,42.4093,0.8101
104.033,3121,in_bed,0.6668,0.8938,-0.0095,2.3847,0.9033,0.3788,0.8761,0.7912,0.5423,0.2956,0.0793,0.6418,0.6701,0.3338,0.2489,0.2467,0.2163,179.2992,166.1797,42.3559,0.8082
104.067,3122,in_bed,0.6675,0.8901,-0.01,2.3706,0.9001,0.3797,0.8731,0.7915,0.5435,0.2949,0.0792,0.6432,0.6707,0.3296,0.248,0.2486,0.2157,179.291,165.9091,42.6405,0.8035
104.1,3123,in_bed,0.6656,0.8887,-0.0094,2.3644,0.8981,0.3798,0.8709,0.79,0.5411,0.294,0.0793,0.6426,0.6697,0.3298,0.249,0.247,0.2148,179.2396,166.2059,42.6415,0.8018
104.133,3124,in_bed,0.6643,0.8885,-0.0094,2.3628,0.8978,0.38,0.8698,0.7892,0.5395,0.2946,0.0793,0.6425,0.6705,0.3303,0.2497,0.2448,0.2153,178.8923,166.3918,42.7055,0.8014
104.167,3125,in_bed,0.6651,0.886,-0.0107,2.3554,0.8967,0.3807,0.868,0.7897,0.5406,0.2931,0.0792,0.6438,0.671,0.3274,0.2492,0.2475,0.2139,178.9638,166.1106,43.0555,0.7992
104.2,3126,in_bed,0.6662,0.8831,-0.0112,2.3454,0.8944,0.3813,0.866,0.7902,0.5422,0.2916,0.0791,0.6447,0.6712,0.3238,0.248,0.2506,0.2125,178.9016,165.8225,43.2379,0.7956
104.233,3127,in_bed,0.6665,0.881,-0.012,2.339,0.893,0.3818,0.8647,0.7903,0.5427,0.2902,0.0791,0.6453,0.6714,0.322,0.2476,0.2524,0.2111,178.8225,165.625,43.5339,0.793
104.267,3128,in_bed,0.6673,0.8795,-0.0126,2.3344,0.8921,0.3822,0.8637,0.7909,0.5437,0.2891,0.0791,0.6461,0.6711,0.32,0.2472,0.2546,0.2101,178.7693,165.4499,43.7521,0.7908
104.3,3129,in_bed,0.6678,0.8785,-0.0126,2.3306,0.8911,0.3823,0.863,0.7913,0.5444,0.2882,0.0791,0.6465,0.6711,0.3187,0.2469,0.2562,0.2091,178.7398,165.3657,43.9216,0.7885
104.333,3130,in_bed,0.6681,0.8774,-0.0128,2.3271,0.8902,0.3826,0.8623,0.7917,0.5445,0.2867,0.079,0.647,0.6713,0.3178,0.2471,0.2578,0.2077,178.3545,165.372,43.9179,0.7875
104.367,3131,in_bed,0.668,0.8759,-0.0137,2.3234,0.8896,0.3829,0.8613,0.7915,0.5444,0.286,0.079,0.6468,0.6712,0.3168,0.2471,0.2585,0.207,178.0928,165.3246,43.9198,0.7866
104.4,3132,in_bed,0.6671,0.8783,-0.0129,2.3302,0.8912,0.3825,0.8625,0.7914,0.5429,0.2885,0.079,0.6469,0.6723,0.3196,0.2485,0.2544,0.2095,178.668,165.6974,43.6575,0.789
104.433,3133,in_bed,0.6657,0.8809,-0.0118,2.3371,0.8927,0.382,0.8642,0.791,0.5405,0.2894,0.0791,0.647,0.6742,0.3237,0.2506,0.2511,0.2102,178.7298,166.0563,43.3381,0.7906
104.467,3134,in_bed,0.6654,0.8827,-0.0118,2.3433,0.8945,0.3817,0.8659,0.7904,0.5405,0.2894,0.0791,0.6469,0.6734,0.3254,0.2499,0.2511,0.2103,178.4259,166.3566,43.3663,0.7943
104.5,3135,in_bed,0.6667,0.8816,-0.0123,2.3404,0.8939,0.3819,0.8656,0.7912,0.5422,0.2891,0.0791,0.6474,0.674,0.3234,0.249,0.253,0.2101,178.5002,166.1439,43.467,0.793
104.533,3136,in_bed,0.6682,0.881,-0.0125,2.3382,0.8934,0.3821,0.8654,0.7919,0.5446,0.2894,0.0791,0.6481,0.6733,0.3208,0.2472,0.2552,0.2103,178.461,165.9117,43.686,0.7913
104.567,3137,in_bed,0.6678,0.8832,-0.0125,2.3458,0.8957,0.3818,0.8668,0.7921,0.5435,0.2899,0.0791,0.6486,0.6738,0.3234,0.2486,0.2536,0.2108,178.5067,166.1845,43.5303,0.7948
104.6,3138,in_bed,0.6693,0.8824,-0.0141,2.3452,0.8964,0.3822,0.8665,0.793,0.5456,0.2892,0.0789,0.6496,0.6741,0.3209,0.2474,0.2563,0.2103,178.4861,165.9369,43.681,0.7962
104.633,3139,in_bed,0.6707,0.8818,-0.0147,2.3443,0.8965,0.3824,0.8664,0.7939,0.5474,0.289,0.0789,0.6502,0.6742,0.319,0.2465,0.2584,0.2101,178.199,165.7867,43.8127,0.7956
104.667,3140,in_bed,0.6697,0.8833,-0.0139,2.3487,0.8972,0.382,0.8672,0.7934,0.546,0.2901,0.0789,0.6493,0.6735,0.3212,0.2474,0.2559,0.2112,178.3162,166.1615,43.6186,0.7966
104.7,3141,in_bed,0.6687,0.8844,-0.014,2.3533,0.8985,0.3818,0.8676,0.7928,0.5445,0.2899,0.0789,0.6484,0.6723,0.3231,0.2482,0.2546,0.211,178.1259,166.4804,43.512,0.7981
104.733,3142,in_bed,0.6697,0.8831,-0.0155,2.3517,0.8986,0.3821,0.8669,0.7933,0.5461,0.2892,0.0788,0.6485,0.6717,0.3208,0.2472,0.2569,0.2104,178.1799,166.224,43.6795,0.7981
104.767,3143,in_bed,0.6698,0.8845,-0.0144,2.3545,0.8989,0.3818,0.8676,0.7934,0.5462,0.2901,0.0789,0.6482,0.6724,0.3214,0.2472,0.2561,0.2112,178.2971,166.4659,43.5921,0.8001
104.8,3144,in_bed,0.6704,0.8839,-0.0135,2.351,0.8974,0.3817,0.8674,0.7941,0.5468,0.2892,0.079,0.649,0.6719,0.3206,0.2472,0.2577,0.2102,178.3391,166.1922,43.6177,0.7975
104.833,3145,in_bed,0.6706,0.8828,-0.0136,2.3477,0.8964,0.3818,0.8667,0.7941,0.547,0.2873,0.079,0.649,0.672,0.3197,0.2471,0.2597,0.2083,178.371,165.9845,43.6954,0.7959
104.867,3146,in_bed,0.671,0.8811,-0.0137,2.3419,0.8948,0.3821,0.8655,0.7939,0.548,0.2867,0.079,0.6489,0.6713,0.3174,0.2459,0.2613,0.2077,177.993,165.7936,43.8046,0.7933
104.9,3147,in_bed,0.6713,0.8803,-0.0131,2.338,0.8934,0.3821,0.8652,0.794,0.5486,0.2858,0.079,0.6492,0.6708,0.3166,0.2455,0.2628,0.2067,177.6571,165.6128,43.9484,0.7904
104.933,3148,in_bed,0.671,0.88,-0.0139,2.3384,0.8939,0.3823,0.8651,0.7941,0.5478,0.2843,0.079,0.6493,0.6701,0.3173,0.2463,0.2635,0.2053,177.4856,165.4763,43.9864,0.7903
104.967,3149,in_bed,0.6709,0.8792,-0.0137,2.3356,0.8929,0.3823,0.8647,0.794,0.5477,0.2828,0.079,0.6494,0.6689,0.317,0.2463,0.265,0.2038,177.3285,165.3653,43.9955,0.7891
105.0,3150,in_bed,0.6717,0.8785,-0.0131,2.3318,0.8916,0.3824,0.8643,0.7944,0.549,0.2824,0.079,0.6497,0.6688,0.3153,0.2455,0.2666,0.2034,177.216,165.2554,44.0037,0.787
105.033,3151,in_bed,0.6717,0.8776,-0.0143,2.331,0.8919,0.3826,0.8635,0.7945,0.549,0.2819,0.0789,0.6498,0.6672,0.3146,0.2455,0.2671,0.203,177.0117,165.2201,44.0569,0.7879
105.067,3152,in_bed,0.67,0.8789,-0.0137,2.3353,0.8926,0.3822,0.864,0.7933,0.5468,0.2835,0.0789,0.6482,0.667,0.3172,0.2465,0.2633,0.2046,177.8377,165.6157,43.8487,0.7922
105.1,3153,in_bed,0.6705,0.8783,-0.0141,2.3338,0.8924,0.3824,0.8636,0.7935,0.5475,0.2827,0.0789,0.6482,0.6674,0.3162,0.246,0.2648,0.2038,177.6906,165.5161,43.9182,0.7921
105.133,3154,in_bed,0.6711,0.8772,-0.0139,2.3304,0.8912,0.3824,0.8629,0.7936,0.5485,0.282,0.0789,0.6479,0.6677,0.3144,0.2451,0.2665,0.2032,177.6504,165.3874,43.9627,0.7915
105.167,3155,in_bed,0.6707,0.8762,-0.0142,2.3277,0.8904,0.3825,0.8621,0.7932,0.5483,0.2818,0.0788,0.6477,0.6676,0.3139,0.2449,0.2665,0.203,177.5284,165.3078,44.0635,0.7911
105.2,3156,in_bed,0.6703,0.879,-0.0118,2.3329,0.8908,0.3818,0.8637,0.7928,0.5477,0.2855,0.079,0.6477,0.6691,0.316,0.2451,0.2622,0.2064,178.3091,165.6831,43.8795,0.7918
105.233,3157,in_bed,0.6712,0.8787,-0.012,2.3317,0.8908,0.382,0.8637,0.7934,0.549,0.2863,0.079,0.6483,0.6708,0.3147,0.2444,0.2627,0.2073,178.1603,165.5189,43.9344,0.7908
105.267,3158,in_bed,0.6711,0.8785,-0.0122,2.3311,0.8907,0.3821,0.8636,0.7931,0.549,0.2864,0.079,0.6482,0.6715,0.3146,0.2441,0.2626,0.2074,177.8164,165.3529,44.1439,0.7897
105.3,3159,in_bed,0.6681,0.8798,-0.0108,2.3341,0.8907,0.3816,0.8641,0.7911,0.5451,0.2882,0.0792,0.6467,0.6714,0.319,0.246,0.2569,0.2091,178.4559,165.6952,44.0216,0.7908
105.333,3160,in_bed,0.6682,0.8793,-0.0118,2.3338,0.8911,0.3818,0.8639,0.7914,0.545,0.2871,0.0791,0.647,0.6709,0.3189,0.2465,0.2579,0.208,178.2619,165.5451,44.06,0.7907
105.367,3161,in_bed,0.6668,0.8808,-0.0102,2.3375,0.891,0.3812,0.8647,0.79,0.5435,0.289,0.0792,0.6451,0.6692,0.3212,0.2465,0.2545,0.2099,178.6484,165.7876,43.8964,0.7926
105.4,3162,in_bed,0.6657,0.8829,-0.0085,2.3424,0.8915,0.3806,0.8662,0.7898,0.5417,0.29,0.0793,0.6443,0.6686,0.3246,0.2481,0.2517,0.2106,179.1637,166.0693,43.5227,0.7941
105.433,3163,in_bed,0.6644,0.8846,-0.0088,2.3493,0.8934,0.3803,0.8674,0.7895,0.5393,0.29,0.0793,0.6433,0.6683,0.3281,0.2502,0.2493,0.2107,179.2579,166.2278,43.1588,0.7983
105.467,3164,in_bed,0.6657,0.8843,-0.0094,2.3493,0.8938,0.3804,0.8677,0.7909,0.5406,0.2891,0.0793,0.6443,0.6681,0.3271,0.2502,0.2515,0.2099,179.1558,165.9711,43.0778,0.7991
105.5,3165,in_bed,0.6643,0.8857,-0.0091,2.3536,0.8948,0.3802,0.8687,0.7905,0.5382,0.29,0.0793,0.6438,0.6671,0.3306,0.2524,0.2481,0.2108,179.2713,166.1847,42.7418,0.8025
105.533,3166,in_bed,0.6636,0.8855,-0.0086,2.352,0.8941,0.3801,0.8684,0.7905,0.5368,0.2901,0.0793,0.6431,0.6646,0.3316,0.2537,0.2466,0.2108,179.3871,166.2867,42.3949,0.8028
105.567,3167,in_bed,0.663,0.8859,-0.0079,2.3521,0.8939,0.38,0.8686,0.7906,0.5353,0.2905,0.0793,0.6431,0.6643,0.3333,0.2553,0.2448,0.2112,179.3632,166.4005,42.0799,0.8056
105.6,3168,in_bed,0.6643,0.885,-0.0101,2.3523,0.8951,0.3805,0.8682,0.7917,0.5369,0.2892,0.0791,0.6438,0.6656,0.3313,0.2548,0.2477,0.2101,179.2797,166.172,42.197,0.8104
105.633,3169,in_bed,0.6642,0.8865,-0.0097,2.3562,0.8961,0.3803,0.8689,0.7923,0.5362,0.2889,0.0792,0.6443,0.6677,0.3328,0.2561,0.2472,0.2098,179.075,166.4494,42.0141,0.816
105.667,3170,in_bed,0.6635,0.8868,-0.0097,2.3572,0.8965,0.3803,0.8688,0.7925,0.5345,0.2885,0.0792,0.6444,0.6658,0.3344,0.258,0.2459,0.2094,178.9366,166.6896,41.8436,0.8202
105.7,3171,in_bed,0.6633,0.8873,-0.0106,2.3598,0.8979,0.3805,0.8696,0.7927,0.5339,0.2879,0.0791,0.645,0.6641,0.3357,0.2588,0.2461,0.2088,178.7012,166.7655,41.8075,0.8276
105.733,3172,in_bed,0.6632,0.8877,-0.0107,2.361,0.8983,0.3805,0.8695,0.7931,0.5333,0.2877,0.0791,0.6448,0.6621,0.3363,0.2599,0.2456,0.2086,178.6795,166.8771,41.742,0.8285
105.767,3173,in_bed,0.6641,0.8886,-0.0098,2.3616,0.8984,0.3804,0.8701,0.7945,0.5338,0.2883,0.0792,0.646,0.6613,0.3363,0.2607,0.2455,0.2091,178.674,166.9199,41.6827,0.8269
105.8,3174,in_bed,0.6661,0.8911,-0.009,2.3679,0.9001,0.3801,0.8727,0.7962,0.536,0.2887,0.0793,0.6483,0.6618,0.3367,0.2602,0.2473,0.2094,178.4174,167.0183,41.9162,0.8311
105.833,3175,in_bed,0.6674,0.8923,-0.0079,2.3695,0.9002,0.3799,0.8735,0.7978,0.537,0.2894,0.0794,0.6501,0.6645,0.3365,0.2608,0.2476,0.2099,178.5693,166.991,41.8554,0.8278
105.867,3176,in_bed,0.6672,0.8929,-0.0081,2.3714,0.901,0.38,0.8738,0.7982,0.5361,0.2886,0.0794,0.6524,0.6658,0.3377,0.2621,0.2475,0.2092,178.3858,167.0589,41.9946,0.8273
105.9,3177,in_bed,0.6677,0.8933,-0.0083,2.3724,0.9016,0.38,0.8741,0.7994,0.5361,0.2876,0.0794,0.6549,0.6647,0.338,0.2633,0.2485,0.2083,178.2886,167.1269,42.1001,0.826
105.933,3178,in_bed,0.6697,0.8947,-0.0082,2.3755,0.903,0.3801,0.8753,0.802,0.5374,0.2882,0.0794,0.6586,0.6665,0.3379,0.2646,0.2492,0.2088,178.2735,167.1544,42.1477,0.8241
105.967,3179,in_bed,0.6698,0.8943,-0.0081,2.3735,0.9024,0.3802,0.8746,0.8026,0.5369,0.2878,0.0794,0.6605,0.6667,0.3377,0.2656,0.2492,0.2084,178.2833,167.1939,42.207,0.8206
106.0,3180,in_bed,0.6717,0.8901,-0.0086,2.3588,0.8986,0.381,0.8709,0.8041,0.5394,0.2868,0.0794,0.6611,0.6674,0.3316,0.2647,0.2525,0.2074,178.5239,166.7043,42.2175,0.8114
106.033,3181,in_bed,0.6714,0.8901,-0.0087,2.3578,0.8987,0.3812,0.8707,0.8038,0.539,0.2883,0.0794,0.6626,0.6704,0.3317,0.2648,0.2507,0.2089,178.6311,166.6053,42.2454,0.8068
106.067,3182,in_bed,0.6707,0.8895,-0.0098,2.3584,0.8994,0.3814,0.87,0.8031,0.5382,0.2894,0.0793,0.6631,0.6723,0.3318,0.2649,0.2488,0.2102,178.8044,166.5428,42.2749,0.8046
106.1,3183,in_bed,0.6694,0.8885,-0.0106,2.3563,0.899,0.3815,0.8687,0.802,0.5367,0.2902,0.0792,0.6642,0.6708,0.332,0.2653,0.2465,0.2111,178.9616,166.4846,42.2514,0.8019
106.133,3184,in_bed,0.6678,0.8866,-0.0115,2.3519,0.8981,0.3819,0.8668,0.8007,0.535,0.2906,0.0791,0.6643,0.6692,0.3318,0.2657,0.2444,0.2115,179.0981,166.4173,42.1703,0.7984
106.167,3185,in_bed,0.6673,0.8854,-0.0105,2.3463,0.8959,0.3818,0.8657,0.8001,0.5345,0.2923,0.0791,0.6656,0.6676,0.3312,0.2656,0.2423,0.2131,179.0118,166.3698,42.2022,0.7934
106.2,3186,in_bed,0.6682,0.8845,-0.0104,2.342,0.8949,0.3821,0.8646,0.8013,0.5351,0.2943,0.0792,0.6666,0.6681,0.3295,0.2662,0.2408,0.2151,179.3069,165.8807,42.0587,0.7874
106.233,3187,in_bed,0.6688,0.8844,-0.01,2.3407,0.8944,0.3821,0.8639,0.8021,0.5354,0.295,0.0792,0.6682,0.6685,0.3284,0.2667,0.2404,0.2158,179.4302,165.5515,41.9169,0.7835
106.267,3188,in_bed,0.6684,0.8847,-0.0089,2.3409,0.8936,0.3817,0.8642,0.8015,0.5354,0.2951,0.0792,0.669,0.6649,0.3288,0.2661,0.2403,0.2159,179.09,165.5958,41.9289,0.7821
106.3,3189,in_bed,0.669,0.8854,-0.0069,2.3402,0.8923,0.3813,0.865,0.8016,0.5363,0.2945,0.0794,0.6699,0.6648,0.3287,0.2654,0.2417,0.2152,179.0999,165.7571,41.9681,0.7784
106.333,3190,in_bed,0.6701,0.8852,-0.0075,2.3401,0.8927,0.3815,0.8648,0.8027,0.5376,0.2947,0.0794,0.6702,0.6621,0.3272,0.2651,0.2429,0.2153,179.3177,165.4864,41.8681,0.7769
106.367,3191,in_bed,0.6706,0.8858,-0.0061,2.3392,0.8919,0.3813,0.8653,0.8027,0.5385,0.2947,0.0794,0.6709,0.6594,0.3268,0.2642,0.2438,0.2152,179.0569,165.764,41.9904,0.7757
106.4,3192,in_bed,0.6708,0.8855,-0.0057,2.3375,0.8913,0.3813,0.8652,0.8022,0.5394,0.2962,0.0794,0.6708,0.6593,0.3258,0.2629,0.2432,0.2167,178.6093,165.9022,42.0268,0.7754
106.433,3193,in_bed,0.6723,0.8858,-0.0051,2.3358,0.8908,0.3814,0.8651,0.8036,0.541,0.2972,0.0795,0.6712,0.6608,0.3241,0.2626,0.2438,0.2176,179.06,165.7063,42.1026,0.7729
106.467,3194,in_bed,0.6718,0.8861,-0.0047,2.3368,0.8907,0.3812,0.8656,0.8031,0.5406,0.2959,0.0796,0.6708,0.6612,0.3251,0.2625,0.2447,0.2163,179.2069,165.9229,42.2844,0.7726
106.5,3195,in_bed,0.6729,0.8871,-0.0028,2.3373,0.8899,0.3807,0.8668,0.8033,0.5426,0.2956,0.0797,0.6714,0.6655,0.3242,0.2607,0.247,0.2159,179.1947,166.1449,42.3679,0.7715
106.533,3196,in_bed,0.6726,0.8878,-0.0024,2.3391,0.8902,0.3806,0.8675,0.8031,0.542,0.2948,0.0797,0.6718,0.6667,0.3255,0.2612,0.2472,0.2151,179.0458,166.2734,42.4046,0.7723
106.567,3197,in_bed,0.6721,0.8881,-0.0034,2.3426,0.8915,0.3806,0.8678,0.8029,0.5414,0.2943,0.0796,0.6717,0.6656,0.3264,0.2615,0.2471,0.2147,178.9043,166.3781,42.3467,0.7746
106.6,3198,in_bed,0.6722,0.8885,-0.0036,2.3445,0.8921,0.3805,0.8683,0.803,0.5415,0.2933,0.0796,0.6714,0.6657,0.3268,0.2615,0.2481,0.2137,178.8613,166.5529,42.3492,0.7763
106.633,3199,in_bed,0.6727,0.8886,-0.004,2.3457,0.8926,0.3805,0.8685,0.8032,0.5421,0.2929,0.0796,0.671,0.6655,0.3263,0.2611,0.2492,0.2133,178.7692,166.6456,42.3493,0.7782
106.667,3200,in_bed,0.6741,0.8898,-0.0029,2.3473,0.8927,0.3803,0.8697,0.8048,0.5433,0.2932,0.0796,0.6715,0.6651,0.3264,0.2615,0.2501,0.2135,178.6302,166.7349,42.2627,0.7787
106.7,3201,in_bed,0.6754,0.8904,-0.0028,2.3494,0.8932,0.3802,0.8703,0.8059,0.545,0.2939,0.0796,0.6714,0.6641,0.3253,0.2609,0.251,0.2143,178.5052,166.8176,42.2797,0.7797
106.733,3202,in_bed,0.6765,0.8907,-0.0022,2.3494,0.8929,0.3801,0.8707,0.8063,0.5467,0.2955,0.0797,0.6709,0.6653,0.3239,0.2595,0.2512,0.2158,178.4018,166.8104,42.3523,0.7795
106.767,3203,in_bed,0.6772,0.8914,-0.0018,2.3511,0.8932,0.3799,0.8713,0.8068,0.5476,0.2963,0.0797,0.6706,0.6625,0.3237,0.2592,0.2513,0.2166,178.3842,166.8812,42.3591,0.78
106.8,3204,in_bed,0.6766,0.8914,-0.0024,2.3524,0.8938,0.38,0.8713,0.8068,0.5464,0.2955,0.0797,0.6702,0.661,0.3249,0.2604,0.2509,0.2158,178.5415,166.8623,42.3215,0.7811
106.833,3205,in_bed,0.6778,0.8922,-0.0012,2.3526,0.8934,0.3798,0.8723,0.8081,0.5475,0.2963,0.0798,0.6702,0.6595,0.3247,0.2606,0.2512,0.2165,178.4283,166.9395,42.261,0.78
106.867,3206,in_bed,0.6795,0.8926,0.0006,2.3505,0.892,0.3795,0.8727,0.8088,0.5502,0.2982,0.0799,0.6703,0.6591,0.3225,0.2585,0.2521,0.2183,178.3069,167.0794,42.276,0.7785
106.9,3207,in_bed,0.6812,0.894,0.0023,2.352,0.8917,0.3791,0.8741,0.8102,0.5522,0.2995,0.08,0.6711,0.6593,0.3219,0.258,0.2528,0.2194,178.2219,167.0987,42.2212,0.7775
106.933,3208,in_bed,0.6821,0.8946,0.0032,2.3522,0.8914,0.379,0.8747,0.811,0.5531,0.2996,0.0801,0.6711,0.6593,0.3216,0.2579,0.2535,0.2195,178.257,167.1789,42.281,0.7779
106.967,3209,in_bed,0.6819,0.894,0.0039,2.3497,0.8901,0.3788,0.8737,0.8112,0.5527,0.3014,0.0801,0.6702,0.6584,0.321,0.2586,0.2513,0.2212,177.755,167.1199,42.0783,0.7754
107.0,3210,in_bed,0.6815,0.8939,0.0028,2.3515,0.8912,0.379,0.8736,0.8109,0.5521,0.3007,0.0801,0.6694,0.6566,0.3215,0.2588,0.2515,0.2206,177.785,167.0503,42.0755,0.7769
107.033,3211,in_bed,0.6828,0.8952,0.0036,2.3538,0.8916,0.3788,0.8749,0.812,0.5536,0.3008,0.0802,0.6699,0.6567,0.3213,0.2584,0.2528,0.2206,177.9054,167.1219,42.0425,0.7752
107.067,3212,in_bed,0.683,0.8946,0.0035,2.352,0.8911,0.3788,0.8744,0.8112,0.5547,0.3003,0.0802,0.6691,0.6574,0.3197,0.2565,0.2545,0.2201,178.0006,167.0966,42.1702,0.7754
107.1,3213,in_bed,0.6829,0.8939,0.003,2.3507,0.8908,0.379,0.8737,0.8108,0.5551,0.2998,0.0801,0.6682,0.6586,0.3187,0.2557,0.2552,0.2197,177.9083,167.0266,42.1441,0.7763
107.133,3214,in_bed,0.6825,0.8939,0.0025,2.3518,0.8913,0.379,0.8738,0.8105,0.5545,0.2996,0.0801,0.6679,0.6593,0.3193,0.2561,0.2549,0.2195,177.8786,167.0084,42.1386,0.7772
107.167,3215,in_bed,0.6824,0.894,0.0018,2.3539,0.8921,0.379,0.8739,0.8104,0.5545,0.3,0.08,0.6673,0.6588,0.3194,0.2559,0.2545,0.22,177.9,166.9081,42.1275,0.7788
107.2,3216,in_bed,0.6833,0.8947,0.0008,2.3571,0.8939,0.3792,0.8746,0.8113,0.5553,0.3003,0.08,0.6683,0.6618,0.3194,0.256,0.255,0.2203,177.9893,166.972,42.1719,0.78
107.233,3217,in_bed,0.6837,0.8952,0.0011,2.3578,0.8941,0.3792,0.8751,0.8118,0.5557,0.3008,0.08,0.6686,0.6633,0.3194,0.2561,0.2549,0.2208,177.8319,166.9679,42.0923,0.78
107.267,3218,in_bed,0.6836,0.895,0.002,2.3553,0.893,0.3791,0.8749,0.8119,0.5553,0.3013,0.08,0.6686,0.6629,0.3196,0.2566,0.254,0.2212,177.7031,167.0115,41.9634,0.7792
107.3,3219,in_bed,0.6819,0.8936,0.0023,2.3508,0.8913,0.3792,0.8736,0.8106,0.5532,0.3005,0.08,0.6676,0.6611,0.3204,0.2574,0.2527,0.2204,177.7158,166.8925,41.9744,0.7784
107.333,3220,in_bed,0.681,0.8928,0.001,2.3506,0.8918,0.3794,0.8729,0.8104,0.5517,0.3,0.0799,0.6667,0.6595,0.3212,0.2587,0.2517,0.2201,177.8548,166.8663,41.9105,0.7801
107.367,3221,in_bed,0.6798,0.8917,0.0001,2.349,0.8916,0.3796,0.8718,0.8093,0.5504,0.2998,0.0798,0.6655,0.6577,0.3214,0.259,0.2505,0.22,177.7191,166.8687,41.8938,0.7816
107.4,3222,in_bed,0.6796,0.8909,-0.0008,2.3479,0.8917,0.3798,0.8711,0.8088,0.5505,0.3001,0.0798,0.665,0.6571,0.3206,0.2584,0.2504,0.2203,177.4873,166.9191,41.8626,0.7826
107.433,3223,in_bed,0.68,0.891,-0.0012,2.3491,0.8922,0.3798,0.8709,0.809,0.551,0.3005,0.0797,0.6645,0.6573,0.32,0.258,0.2505,0.2208,177.3607,166.9077,41.7414,0.783
107.467,3224,in_bed,0.6815,0.8916,-0.0006,2.3501,0.8923,0.3797,0.8716,0.8099,0.5532,0.3016,0.0798,0.6649,0.6588,0.3184,0.2567,0.2515,0.2219,177.3314,166.9297,41.7426,0.7826
107.5,3225,in_bed,0.683,0.892,0.0005,2.3488,0.8915,0.3796,0.8719,0.8105,0.5555,0.3029,0.0798,0.6655,0.6601,0.3165,0.2551,0.2526,0.2231,177.189,166.9432,41.7733,0.7811
107.533,3226,in_bed,0.6841,0.8927,0.0001,2.3516,0.8926,0.3796,0.8726,0.8114,0.5567,0.3025,0.0798,0.6659,0.6612,0.3159,0.2547,0.2542,0.2227,177.3076,166.9775,41.8356,0.7816
107.567,3227,in_bed,0.6843,0.893,-0.0001,2.3531,0.8932,0.3796,0.873,0.8115,0.5571,0.3026,0.0798,0.6661,0.6614,0.3159,0.2544,0.2545,0.2228,177.2797,166.972,41.8393,0.7821
107.6,3228,in_bed,0.6839,0.8927,0.0007,2.35,0.892,0.3796,0.8727,0.8115,0.5564,0.3027,0.0799,0.6666,0.6612,0.3164,0.2552,0.2537,0.2228,177.3178,166.9307,41.7835,0.7802
107.633,3229,in_bed,0.6838,0.893,0.0009,2.3508,0.8921,0.3795,0.8731,0.8114,0.5563,0.3029,0.0799,0.6666,0.6615,0.3169,0.2551,0.2534,0.223,177.2658,166.9012,41.8111,0.7805
107.667,3230,in_bed,0.6832,0.8931,0.0019,2.3494,0.8911,0.3793,0.873,0.811,0.5554,0.3034,0.08,0.6665,0.6608,0.3177,0.2556,0.2519,0.2235,177.1562,166.9161,41.8451,0.7801
107.7,3231,in_bed,0.6839,0.8938,0.0027,2.3503,0.8912,0.3792,0.8739,0.8115,0.5562,0.3042,0.08,0.6674,0.6616,0.3177,0.2552,0.252,0.2242,177.0443,167.0057,41.8999,0.7796
107.733,3232,in_bed,0.6823,0.8936,0.0024,2.3504,0.8912,0.3792,0.8736,0.8106,0.5541,0.3032,0.08,0.6671,0.6632,0.3195,0.2565,0.2509,0.2232,177.1857,167.1065,41.9748,0.779
107.767,3233,in_bed,0.6808,0.8941,0.0022,2.3531,0.892,0.379,0.8741,0.8105,0.5511,0.3019,0.08,0.6668,0.6607,0.323,0.2593,0.2492,0.2219,177.5283,167.0809,41.9395,0.7793
107.8,3234,in_bed,0.6808,0.8924,0.0013,2.3497,0.8912,0.3793,0.8731,0.8111,0.5506,0.2996,0.08,0.6653,0.6556,0.3225,0.2604,0.2511,0.2196,178.1511,166.7025,42.0591,0.7784
107.833,3235,in_bed,0.6797,0.8933,0.0018,2.352,0.8915,0.379,0.8739,0.8103,0.5491,0.2987,0.0801,0.6652,0.6529,0.3248,0.2612,0.2504,0.2187,178.4544,166.7797,42.2083,0.7776
107.867,3236,in_bed,0.6805,0.8909,0.001,2.3461,0.8899,0.3793,0.8722,0.8104,0.5507,0.296,0.08,0.664,0.6491,0.3215,0.2597,0.2546,0.216,178.9739,166.4099,42.3574,0.776
107.9,3237,in_bed,0.6798,0.889,-0.0006,2.3435,0.8896,0.3796,0.871,0.8096,0.55,0.2935,0.0799,0.6623,0.6451,0.321,0.2596,0.2564,0.2136,178.9761,166.0968,42.55,0.7755
107.933,3238,in_bed,0.6805,0.888,-0.0019,2.3428,0.8899,0.3798,0.8705,0.8095,0.5514,0.2927,0.0798,0.6612,0.6417,0.3191,0.2581,0.2587,0.2129,179.0306,165.8316,42.7076,0.7763
107.967,3239,in_bed,0.6801,0.8902,-0.0039,2.3538,0.8941,0.3799,0.8726,0.8103,0.55,0.2926,0.0797,0.6615,0.6412,0.3225,0.2602,0.2575,0.2128,178.6356,165.535,42.4583,0.7782
108.0,3240,in_bed,0.6805,0.8932,-0.0047,2.3661,0.8979,0.3795,0.8755,0.811,0.5499,0.2922,0.0797,0.6622,0.6443,0.3256,0.2611,0.2578,0.2125,178.3343,165.3056,42.2164,0.7811
108.033,3241,in_bed,0.6813,0.8957,-0.0055,2.3768,0.9013,0.3792,0.8781,0.8119,0.5506,0.2929,0.0797,0.663,0.6449,0.3275,0.2612,0.2577,0.2133,178.1496,165.0854,41.8167,0.7838
108.067,3242,in_bed,0.6815,0.8959,-0.0063,2.381,0.9022,0.3789,0.8789,0.8112,0.5517,0.2916,0.0796,0.6619,0.6424,0.3272,0.2595,0.2602,0.212,178.356,165.0816,41.8181,0.7856
108.1,3243,in_bed,0.6827,0.8987,-0.0063,2.3909,0.9051,0.3785,0.8817,0.8122,0.5531,0.2932,0.0796,0.6627,0.6414,0.3285,0.2591,0.2599,0.2136,178.2071,164.9424,41.548,0.7881
108.133,3244,in_bed,0.6833,0.9023,-0.007,2.4043,0.9093,0.3782,0.8854,0.8135,0.553,0.2945,0.0796,0.664,0.6443,0.3324,0.2606,0.2585,0.2149,178.1193,164.8211,41.3683,0.7907
108.167,3245,in_bed,0.6842,0.9021,-0.0072,2.4058,0.9093,0.378,0.8857,0.8133,0.5552,0.2931,0.0795,0.6633,0.6436,0.3305,0.2582,0.2621,0.2136,178.4558,164.8174,41.5522,0.7923
108.2,3246,in_bed,0.6842,0.9038,-0.007,2.4112,0.9107,0.3777,0.8875,0.8135,0.5549,0.2941,0.0795,0.6637,0.6439,0.3326,0.2586,0.2608,0.2146,178.2626,164.7066,41.4675,0.7934
108.233,3247,in_bed,0.6837,0.9053,-0.0074,2.417,0.9127,0.3776,0.8891,0.8135,0.5538,0.2944,0.0795,0.6644,0.6457,0.3352,0.2597,0.2594,0.2149,178.11,164.6241,41.4307,0.7947
108.267,3248,in_bed,0.6847,0.9074,-0.0073,2.423,0.9147,0.3775,0.8913,0.8149,0.5545,0.2947,0.0796,0.6658,0.6468,0.3368,0.2604,0.2598,0.2151,178.0089,164.5195,41.3809,0.7945
108.3,3249,in_bed,0.6837,0.9079,-0.007,2.424,0.9148,0.3774,0.8917,0.8143,0.553,0.2946,0.0796,0.6658,0.648,0.3387,0.2613,0.2584,0.215,177.8454,164.5545,41.4069,0.793
108.333,3250,in_bed,0.6831,0.9085,-0.0062,2.4248,0.9147,0.3772,0.8924,0.8141,0.552,0.2948,0.0797,0.6658,0.6488,0.3403,0.2621,0.2572,0.2151,177.5906,164.5464,41.4993,0.7917
108.367,3251,in_bed,0.6819,0.9087,-0.007,2.4268,0.9158,0.3773,0.8925,0.8137,0.55,0.2944,0.0797,0.6665,0.6491,0.3424,0.2637,0.2557,0.2147,177.4156,164.4966,41.5306,0.7916
108.4,3252,in_bed,0.6833,0.9108,-0.0067,2.4327,0.9175,0.3772,0.8946,0.8149,0.5518,0.2959,0.0797,0.6682,0.6497,0.3428,0.2631,0.2559,0.2161,177.3747,164.5367,41.6806,0.7919
108.433,3253,in_bed,0.6833,0.9112,-0.0069,2.4341,0.9181,0.3772,0.8947,0.8148,0.5518,0.2962,0.0798,0.6687,0.6512,0.3429,0.2631,0.2556,0.2164,177.3412,164.5478,41.7646,0.7908
108.467,3254,in_bed,0.6824,0.9115,-0.0071,2.4351,0.9186,0.3772,0.8946,0.8142,0.5507,0.2963,0.0798,0.6687,0.6522,0.3439,0.2635,0.2544,0.2165,177.4142,164.548,41.8357,0.7907
108.5,3255,in_bed,0.6813,0.9113,-0.0078,2.436,0.9191,0.3773,0.8943,0.8133,0.5492,0.2962,0.0797,0.6684,0.6542,0.3451,0.2641,0.2531,0.2164,177.4457,164.5399,41.8812,0.792
108.533,3256,in_bed,0.6817,0.9117,-0.0082,2.4374,0.9199,0.3774,0.8947,0.8138,0.5496,0.2957,0.0797,0.669,0.6545,0.3451,0.2642,0.2539,0.216,177.4444,164.5268,41.917,0.7934
108.567,3257,in_bed,0.6823,0.9115,-0.0078,2.4362,0.9194,0.3774,0.8946,0.8138,0.5508,0.2961,0.0797,0.6694,0.6529,0.3438,0.263,0.2547,0.2164,177.4261,164.4998,41.9936,0.7933
108.6,3258,in_bed,0.6831,0.9114,-0.0072,2.4339,0.9186,0.3774,0.8946,0.814,0.5521,0.296,0.0798,0.6695,0.6516,0.3424,0.2619,0.2561,0.2162,177.2441,164.5052,42.0419,0.7913
108.633,3259,in_bed,0.6827,0.911,-0.0076,2.4334,0.9186,0.3775,0.8941,0.8135,0.5519,0.2956,0.0797,0.6691,0.6522,0.3422,0.2616,0.2563,0.2159,177.1385,164.5379,42.1366,0.7926
108.667,3260,in_bed,0.6822,0.9096,-0.0082,2.4296,0.9177,0.3777,0.8929,0.8126,0.5518,0.2949,0.0796,0.668,0.6506,0.3411,0.2608,0.2568,0.2153,177.0259,164.5912,42.2199,0.7931
108.7,3261,in_bed,0.6824,0.9093,-0.0074,2.4264,0.9166,0.3778,0.8927,0.8128,0.5521,0.2949,0.0797,0.6682,0.65,0.3407,0.2608,0.2572,0.2152,176.9541,164.608,42.2926,0.7922
108.733,3262,in_bed,0.6815,0.9084,-0.0077,2.4244,0.9162,0.3779,0.8919,0.812,0.551,0.2935,0.0797,0.6676,0.6496,0.3409,0.261,0.2575,0.2138,176.9704,164.6535,42.2461,0.7921
108.767,3263,in_bed,0.6809,0.9073,-0.0081,2.4217,0.9154,0.378,0.891,0.8115,0.5503,0.2926,0.0796,0.667,0.6487,0.3406,0.2611,0.2578,0.213,176.7043,164.6849,42.2285,0.7924
108.8,3264,in_bed,0.6817,0.9079,-0.0081,2.4235,0.916,0.378,0.8917,0.8122,0.5512,0.2939,0.0796,0.6673,0.6492,0.3404,0.2609,0.2574,0.2143,176.827,164.6333,42.2023,0.793
108.833,3265,in_bed,0.6821,0.9077,-0.0076,2.4221,0.9153,0.3779,0.8915,0.812,0.5522,0.2947,0.0796,0.6673,0.6495,0.3393,0.2598,0.2576,0.2151,176.8559,164.6233,42.2882,0.7942
108.867,3266,in_bed,0.6822,0.907,-0.0075,2.4198,0.9145,0.3779,0.8908,0.8117,0.5528,0.2945,0.0796,0.6669,0.6495,0.338,0.2588,0.2583,0.2149,176.9986,164.6624,42.2843,0.795
108.9,3267,in_bed,0.6826,0.9062,-0.0075,2.4172,0.9137,0.378,0.89,0.8112,0.554,0.2946,0.0796,0.6669,0.6495,0.336,0.2572,0.2594,0.2151,177.0991,164.7027,42.3328,0.7954
108.933,3268,in_bed,0.6832,0.9063,-0.0067,2.4155,0.9131,0.378,0.8902,0.8119,0.5545,0.2952,0.0796,0.6676,0.6506,0.3357,0.2574,0.2593,0.2155,177.1706,164.7495,42.2718,0.7945
108.967,3269,in_bed,0.6829,0.9063,-0.0057,2.4136,0.9119,0.3778,0.89,0.812,0.5539,0.2952,0.0797,0.6677,0.6492,0.3362,0.2581,0.2587,0.2155,177.0147,164.7495,42.2707,0.7928
109.0,3270,in_bed,0.6829,0.906,-0.0054,2.4121,0.9114,0.3779,0.8897,0.8124,0.5534,0.2957,0.0797,0.6679,0.6479,0.3362,0.259,0.2578,0.2159,176.9808,164.7303,42.1794,0.7922
109.033,3271,in_bed,0.6821,0.9054,-0.0069,2.4131,0.9123,0.3781,0.8889,0.8117,0.5525,0.2948,0.0796,0.6674,0.6455,0.3363,0.2592,0.2578,0.2151,176.9186,164.7225,42.1742,0.7933
109.067,3272,in_bed,0.682,0.9049,-0.0063,2.4105,0.9112,0.378,0.8881,0.8114,0.5526,0.2961,0.0796,0.6672,0.6456,0.3355,0.2587,0.2566,0.2164,176.7669,164.7305,42.2741,0.7921
109.1,3273,in_bed,0.6818,0.9048,-0.0064,2.4101,0.9112,0.3781,0.8877,0.8111,0.5525,0.2955,0.0796,0.6675,0.6464,0.3352,0.2586,0.257,0.2159,176.7438,164.7761,42.3088,0.7916
109.133,3274,in_bed,0.6808,0.9048,-0.0064,2.4102,0.9111,0.378,0.8873,0.8106,0.5509,0.2949,0.0796,0.6678,0.6471,0.3363,0.2597,0.256,0.2153,176.6157,164.8438,42.4066,0.7911
109.167,3275,in_bed,0.6805,0.9039,-0.0065,2.4079,0.9104,0.3781,0.8863,0.8101,0.551,0.2944,0.0796,0.6671,0.6456,0.3353,0.259,0.2566,0.2148,176.6545,164.9158,42.3763,0.7918
109.2,3276,in_bed,0.6795,0.9045,-0.007,2.4096,0.9115,0.3783,0.8868,0.8106,0.5485,0.2932,0.0796,0.6679,0.6472,0.3383,0.2621,0.2553,0.2136,176.6737,164.8452,42.3426,0.7905
109.233,3277,in_bed,0.6791,0.9051,-0.0076,2.4123,0.9127,0.3784,0.8873,0.811,0.5472,0.2925,0.0796,0.6685,0.6515,0.3401,0.2638,0.2547,0.2129,176.6877,164.7795,42.2798,0.7898
109.267,3278,in_bed,0.6782,0.9045,-0.0082,2.4114,0.9127,0.3785,0.8867,0.8106,0.5458,0.2916,0.0796,0.6681,0.6507,0.3409,0.2648,0.2542,0.212,176.5113,164.7238,42.2203,0.7895
109.3,3279,in_bed,0.6779,0.9051,-0.0083,2.4133,0.9135,0.3785,0.8875,0.8112,0.5446,0.2911,0.0796,0.6688,0.6501,0.3429,0.2666,0.2535,0.2116,176.6174,164.6321,42.1095,0.7897
109.333,3280,in_bed,0.6783,0.9049,-0.0088,2.4134,0.9138,0.3786,0.8875,0.8111,0.5456,0.2915,0.0795,0.6686,0.6499,0.342,0.2655,0.254,0.212,176.7817,164.615,42.1307,0.7907
109.367,3281,in_bed,0.6792,0.9049,-0.009,2.4133,0.914,0.3787,0.8876,0.8112,0.5472,0.292,0.0795,0.6683,0.6496,0.3404,0.264,0.2551,0.2125,176.9407,164.6778,42.1526,0.7908
109.4,3282,in_bed,0.6795,0.9054,-0.0095,2.4154,0.9149,0.3788,0.888,0.8114,0.5476,0.2914,0.0795,0.6686,0.6505,0.3404,0.2637,0.2562,0.2119,177.128,164.7065,42.1545,0.7921
109.433,3283,in_bed,0.6797,0.9052,-0.0096,2.4148,0.9148,0.3789,0.8879,0.8112,0.5482,0.2914,0.0795,0.6687,0.6507,0.3396,0.263,0.2568,0.2119,177.2245,164.7083,42.15,0.7918
109.467,3284,in_bed,0.68,0.9052,-0.0095,2.4139,0.9146,0.3789,0.8876,0.8109,0.549,0.2914,0.0795,0.6686,0.6494,0.3385,0.2619,0.2576,0.2119,177.0093,164.8042,42.2168,0.7905
109.5,3285,in_bed,0.6796,0.904,-0.0093,2.4098,0.9133,0.379,0.8861,0.81,0.5492,0.2913,0.0795,0.6678,0.6462,0.3368,0.2608,0.2579,0.2118,176.7939,164.9066,42.265,0.7883
109.533,3286,in_bed,0.6799,0.904,-0.0089,2.4087,0.9129,0.379,0.8859,0.8103,0.5495,0.2918,0.0796,0.6682,0.6453,0.3363,0.2608,0.2577,0.2122,176.7034,164.8889,42.2336,0.7869
109.567,3287,in_bed,0.6796,0.9036,-0.0079,2.4061,0.9115,0.3788,0.8857,0.8091,0.55,0.2923,0.0796,0.668,0.6432,0.3357,0.2591,0.2576,0.2127,177.0407,165.2089,42.3242,0.7876
109.6,3288,in_bed,0.6792,0.9029,-0.0085,2.4031,0.9113,0.3792,0.8849,0.8098,0.5486,0.2922,0.0796,0.6686,0.6436,0.3363,0.2611,0.2564,0.2126,177.1961,165.0454,42.3848,0.7881
109.633,3289,in_bed,0.6781,0.9015,-0.0094,2.3992,0.9109,0.3797,0.8832,0.8093,0.5468,0.2924,0.0795,0.6687,0.6438,0.3364,0.2625,0.2544,0.2129,177.2088,164.9434,42.4099,0.7884
109.667,3290,in_bed,0.6773,0.8995,-0.01,2.3926,0.9095,0.3801,0.8811,0.8087,0.546,0.2921,0.0795,0.6684,0.6441,0.3351,0.2627,0.2539,0.2126,177.2021,164.7896,42.3688,0.7878
109.7,3291,in_bed,0.6767,0.8973,-0.0098,2.3845,0.9072,0.3804,0.8785,0.8075,0.546,0.2928,0.0795,0.6677,0.6442,0.3325,0.2615,0.2532,0.2134,177.1317,164.762,42.3839,0.7864
109.733,3292,in_bed,0.676,0.8967,-0.0094,2.3821,0.9061,0.3804,0.8782,0.8058,0.5463,0.2931,0.0794,0.6672,0.6443,0.332,0.2595,0.2532,0.2137,177.3641,165.0971,42.4216,0.7876
109.767,3293,in_bed,0.6748,0.8954,-0.0088,2.3776,0.9042,0.3803,0.8773,0.8041,0.5456,0.2924,0.0794,0.6661,0.6426,0.3317,0.2585,0.2532,0.213,177.4842,165.4257,42.5785,0.7865
109.8,3294,in_bed,0.6741,0.894,-0.0093,2.3739,0.9033,0.3805,0.8754,0.8037,0.5445,0.2918,0.0794,0.6655,0.6417,0.3309,0.2592,0.2526,0.2124,177.346,165.3581,42.5685,0.7852
109.833,3295,in_bed,0.6728,0.8924,-0.0105,2.3709,0.9029,0.3808,0.8735,0.8029,0.5426,0.2909,0.0793,0.6645,0.6405,0.3309,0.2602,0.2517,0.2116,177.2167,165.2575,42.5404,0.7845
109.867,3296,in_bed,0.672,0.8917,-0.0117,2.3705,0.9034,0.3811,0.8724,0.8025,0.5415,0.2895,0.0793,0.6642,0.6407,0.3309,0.2611,0.252,0.2102,177.0488,165.1846,42.5294,0.7836
109.9,3297,in_bed,0.6716,0.8916,-0.0101,2.3683,0.9017,0.3807,0.8729,0.8017,0.5414,0.2893,0.0793,0.6639,0.64,0.3315,0.2604,0.2521,0.21,177.5365,165.4122,42.5177,0.7834
109.933,3298,in_bed,0.672,0.8915,-0.0098,2.3681,0.9013,0.3806,0.8734,0.8013,0.5427,0.2891,0.0793,0.6636,0.6408,0.3307,0.2586,0.2536,0.2098,177.7083,165.7043,42.5187,0.784
109.967,3299,in_bed,0.6725,0.8914,-0.0092,2.3671,0.9007,0.3805,0.8736,0.8009,0.5441,0.2894,0.0793,0.6634,0.6425,0.3296,0.2568,0.2546,0.2101,177.9446,165.8921,42.5773,0.7853
110.0,3300,in_bed,0.6733,0.8927,-0.0087,2.3693,0.9014,0.3804,0.875,0.8011,0.5454,0.2913,0.0794,0.6649,0.6428,0.3297,0.2557,0.2541,0.2119,178.3344,165.8915,42.6482,0.7858
110.033,3301,in_bed,0.6736,0.893,-0.0082,2.3685,0.9012,0.3805,0.8756,0.8013,0.5459,0.2913,0.0794,0.6661,0.6431,0.3297,0.2554,0.2547,0.2119,178.6374,165.9338,42.7741,0.7852
110.067,3302,in_bed,0.6752,0.8931,-0.0086,2.3681,0.9018,0.3808,0.8754,0.803,0.5474,0.2917,0.0794,0.6673,0.6445,0.328,0.2556,0.2557,0.2123,178.5173,165.6873,42.748,0.783
110.1,3303,in_bed,0.675,0.8923,-0.0088,2.3652,0.9011,0.381,0.8748,0.802,0.5479,0.2921,0.0794,0.6674,0.6443,0.3269,0.2541,0.2559,0.2126,178.6494,165.8366,42.8878,0.7837
110.133,3304,in_bed,0.6748,0.8922,-0.007,2.3613,0.8992,0.3808,0.8748,0.8013,0.5482,0.2927,0.0795,0.6678,0.6451,0.3266,0.2531,0.2555,0.2132,178.7995,165.9684,43.1178,0.7812
110.167,3305,in_bed,0.6739,0.8915,-0.0066,2.3581,0.8981,0.3808,0.8742,0.8005,0.5473,0.2925,0.0796,0.6675,0.6447,0.327,0.2532,0.2548,0.2129,178.9542,166.0203,43.1846,0.7797
110.2,3306,in_bed,0.6734,0.891,-0.0055,2.3544,0.8964,0.3807,0.8738,0.7998,0.5471,0.2925,0.0796,0.6675,0.6446,0.3267,0.2527,0.2546,0.2128,178.9919,166.0928,43.2009,0.778
110.233,3307,in_bed,0.6729,0.8906,-0.0054,2.353,0.896,0.3808,0.8734,0.7992,0.5467,0.2925,0.0796,0.6677,0.6438,0.3267,0.2526,0.2541,0.2129,178.9984,166.2227,43.2638,0.7776
110.267,3308,in_bed,0.674,0.8909,-0.0053,2.3528,0.8962,0.3809,0.8732,0.8006,0.5473,0.2928,0.0797,0.6686,0.6445,0.3259,0.2534,0.2545,0.2131,178.677,165.9405,43.2814,0.7752
110.3,3309,in_bed,0.6739,0.8911,-0.0067,2.3552,0.8977,0.3812,0.8729,0.8012,0.5466,0.2919,0.0797,0.669,0.6443,0.3263,0.2546,0.2547,0.2122,178.3431,165.6701,43.1742,0.7754
110.333,3310,in_bed,0.6731,0.8905,-0.0068,2.3542,0.8974,0.3812,0.8725,0.8001,0.5462,0.2923,0.0796,0.6688,0.6451,0.3264,0.2539,0.2538,0.2127,178.3807,165.7868,43.1801,0.7765
110.367,3311,in_bed,0.6728,0.8902,-0.0065,2.3527,0.8967,0.3811,0.8724,0.7996,0.546,0.2918,0.0796,0.6688,0.6454,0.3264,0.2536,0.2542,0.2122,178.4567,165.9546,43.2231,0.7771
110.4,3312,in_bed,0.672,0.8905,-0.0069,2.3547,0.8974,0.3811,0.8727,0.7987,0.5452,0.2916,0.0796,0.6691,0.6467,0.3275,0.2535,0.2536,0.212,178.5731,165.9831,43.322,0.7773
110.433,3313,in_bed,0.6721,0.8906,-0.0076,2.3561,0.8982,0.3812,0.8728,0.7985,0.5456,0.2917,0.0795,0.6693,0.6472,0.3271,0.2529,0.2539,0.2122,178.5859,166.0533,43.2994,0.7782
110.467,3314,in_bed,0.6719,0.8907,-0.0073,2.3564,0.898,0.3811,0.8729,0.798,0.5457,0.2912,0.0795,0.6692,0.6469,0.3272,0.2523,0.2545,0.2117,178.7628,166.0931,43.382,0.7773
110.5,3315,in_bed,0.6729,0.8899,-0.0079,2.3537,0.8978,0.3814,0.8718,0.7991,0.5466,0.2907,0.0795,0.669,0.6465,0.3252,0.2525,0.2559,0.2112,178.4758,165.8226,43.381,0.7753
110.533,3316,in_bed,0.6717,0.8892,-0.0082,2.3528,0.8974,0.3814,0.8713,0.7979,0.5456,0.2901,0.0795,0.6679,0.6457,0.3257,0.2523,0.2555,0.2106,178.6309,165.8824,43.3999,0.7766
110.567,3317,in_bed,0.6709,0.8886,-0.0083,2.3513,0.8969,0.3815,0.8707,0.797,0.5448,0.2902,0.0794,0.6674,0.6449,0.3259,0.2522,0.2546,0.2108,178.6976,165.9277,43.4349,0.7779
110.6,3318,in_bed,0.6698,0.8871,-0.0081,2.3466,0.8952,0.3815,0.8694,0.7955,0.544,0.2907,0.0794,0.6662,0.6427,0.3254,0.2515,0.2533,0.2114,178.7642,166.0292,43.4752,0.7781
110.633,3319,in_bed,0.67,0.8869,-0.0084,2.3462,0.8952,0.3816,0.8692,0.7953,0.5447,0.2908,0.0793,0.6662,0.6423,0.3246,0.2507,0.2539,0.2115,178.7606,166.1154,43.5642,0.779
110.667,3320,in_bed,0.6698,0.8868,-0.0081,2.3453,0.8949,0.3816,0.8691,0.7955,0.5441,0.2901,0.0794,0.6662,0.6412,0.3249,0.2514,0.2541,0.2107,178.7997,166.1781,43.596,0.7785
110.7,3321,in_bed,0.6696,0.8865,-0.0072,2.3427,0.8936,0.3814,0.8689,0.7952,0.544,0.2899,0.0794,0.666,0.6408,0.3249,0.2512,0.2541,0.2105,178.8151,166.2493,43.6246,0.7773
110.733,3322,in_bed,0.6695,0.8863,-0.0069,2.3412,0.8931,0.3815,0.8688,0.7949,0.5441,0.2899,0.0795,0.6662,0.6406,0.3248,0.2509,0.2541,0.2105,178.8517,166.2481,43.6703,0.7764
110.767,3323,in_bed,0.669,0.8862,-0.0072,2.3415,0.8934,0.3815,0.8687,0.7944,0.5436,0.29,0.0794,0.6658,0.6412,0.325,0.2508,0.2536,0.2106,178.8258,166.2782,43.7245,0.7769
110.8,3324,in_bed,0.6702,0.8867,-0.0062,2.3408,0.8929,0.3814,0.8687,0.7963,0.5441,0.2905,0.0795,0.6669,0.6442,0.3247,0.2522,0.2536,0.211,178.4067,166.1479,43.5054,0.7755
110.833,3325,in_bed,0.67,0.8865,-0.0055,2.3392,0.892,0.3813,0.8685,0.796,0.5441,0.2905,0.0796,0.6667,0.6436,0.3245,0.2519,0.2535,0.211,178.4912,166.2968,43.5239,0.7748
110.867,3326,in_bed,0.6692,0.8857,-0.0052,2.337,0.8909,0.3812,0.868,0.7949,0.5435,0.2906,0.0796,0.6659,0.642,0.3245,0.2514,0.2529,0.211,178.5583,166.3752,43.6025,0.7736
110.9,3327,in_bed,0.6699,0.8865,-0.005,2.3398,0.8915,0.381,0.869,0.7956,0.5442,0.2908,0.0796,0.6661,0.6418,0.3247,0.2514,0.2534,0.2112,178.7026,166.4323,43.598,0.7741
110.933,3328,in_bed,0.6699,0.8866,-0.005,2.3403,0.8916,0.381,0.8692,0.7957,0.544,0.2909,0.0796,0.666,0.6424,0.3251,0.2516,0.2532,0.2113,178.7534,166.4658,43.5677,0.7742
110.967,3329,in_bed,0.6715,0.888,-0.0039,2.3419,0.8918,0.3808,0.8706,0.7971,0.546,0.2912,0.0797,0.6673,0.643,0.3247,0.2511,0.2548,0.2115,178.7769,166.5046,43.5841,0.7736
111.0,3330,in_bed,0.6726,0.8879,-0.0034,2.34,0.8912,0.3809,0.8707,0.7978,0.5473,0.291,0.0797,0.6676,0.6432,0.3233,0.2505,0.2563,0.2113,178.775,166.5549,43.5877,0.7729
111.033,3331,in_bed,0.673,0.8876,-0.0037,2.3395,0.8913,0.381,0.8706,0.798,0.548,0.2906,0.0797,0.6678,0.6437,0.3225,0.2499,0.2575,0.2109,178.7295,166.5914,43.5983,0.7734
111.067,3332,in_bed,0.6722,0.8873,-0.0043,2.3399,0.8916,0.381,0.8701,0.7974,0.547,0.2898,0.0796,0.6672,0.643,0.3231,0.2504,0.2572,0.2101,178.7418,166.6157,43.5915,0.7748
111.1,3333,in_bed,0.6726,0.8875,-0.0035,2.339,0.8909,0.3809,0.8703,0.7973,0.5478,0.2899,0.0797,0.6673,0.644,0.3225,0.2495,0.2579,0.2102,178.7349,166.687,43.6962,0.7742
111.133,3334,in_bed,0.673,0.888,-0.0032,2.3401,0.8912,0.3808,0.8707,0.7976,0.5485,0.2906,0.0797,0.6674,0.6445,0.3222,0.249,0.2579,0.2109,178.7561,166.7186,43.7721,0.7748
111.167,3335,in_bed,0.6738,0.889,-0.0027,2.3425,0.8917,0.3807,0.8717,0.7986,0.549,0.292,0.0797,0.668,0.6466,0.3228,0.2496,0.257,0.2122,178.8741,166.7356,43.7505,0.7761
111.2,3336,in_bed,0.6737,0.8864,-0.004,2.3364,0.8904,0.3811,0.8693,0.7986,0.5488,0.2907,0.0796,0.6671,0.6461,0.3205,0.2498,0.2581,0.2111,179.1544,166.3385,43.9324,0.7756
111.233,3337,in_bed,0.6728,0.8873,-0.0047,2.3406,0.892,0.3811,0.87,0.7986,0.5469,0.2902,0.0796,0.6672,0.647,0.3231,0.2517,0.2567,0.2106,179.2338,166.3631,43.8956,0.7766
111.267,3338,in_bed,0.6725,0.8878,-0.0046,2.3418,0.8924,0.3811,0.8704,0.7986,0.5465,0.2907,0.0796,0.6672,0.6472,0.324,0.2521,0.2558,0.2111,179.1636,166.4685,43.8615,0.7766
111.3,3339,in_bed,0.6712,0.8875,-0.0055,2.3425,0.8929,0.3812,0.8701,0.7974,0.545,0.29,0.0795,0.6667,0.6468,0.3251,0.2524,0.255,0.2105,179.1482,166.4859,43.8511,0.7768
111.333,3340,in_bed,0.6714,0.8863,-0.0067,2.3397,0.893,0.3817,0.8685,0.7979,0.5449,0.2898,0.0795,0.666,0.6466,0.3236,0.253,0.2551,0.2103,178.854,166.1655,43.8157,0.7755
111.367,3341,in_bed,0.6723,0.8868,-0.0073,2.3416,0.8941,0.3818,0.8686,0.7994,0.5453,0.2889,0.0795,0.6667,0.6479,0.3233,0.2541,0.2564,0.2094,178.4521,165.9872,43.7497,0.7742
111.4,3342,in_bed,0.672,0.8866,-0.0069,2.3404,0.8935,0.3818,0.8685,0.7986,0.5454,0.2889,0.0795,0.6666,0.6492,0.323,0.2531,0.2566,0.2094,178.5788,166.1392,43.8233,0.7744
111.433,3343,in_bed,0.6727,0.8864,-0.007,2.3389,0.8933,0.3819,0.868,0.7997,0.5458,0.2889,0.0795,0.667,0.6499,0.3222,0.2539,0.2569,0.2094,178.4174,165.9105,43.8023,0.7734
111.467,3344,in_bed,0.6724,0.8865,-0.006,2.3381,0.8925,0.3817,0.8682,0.7992,0.5456,0.2897,0.0796,0.6671,0.6501,0.3227,0.2536,0.2559,0.2101,178.5915,166.1,43.7854,0.7739
111.5,3345,in_bed,0.6734,0.8868,-0.0061,2.3386,0.8929,0.3818,0.8684,0.8006,0.5463,0.2894,0.0796,0.6676,0.6516,0.3221,0.2543,0.2569,0.2098,178.3116,165.9047,43.7534,0.773
111.533,3346,in_bed,0.6736,0.8869,-0.0055,2.3385,0.8925,0.3816,0.8687,0.8001,0.5471,0.2903,0.0796,0.6676,0.6527,0.3216,0.253,0.2568,0.2107,178.4538,166.056,43.8613,0.7735
111.567,3347,in_bed,0.6741,0.8863,-0.0058,2.3367,0.8921,0.3818,0.868,0.8005,0.5478,0.2903,0.0796,0.6671,0.6524,0.3203,0.2528,0.2575,0.2106,178.1112,165.9569,43.8132,0.7719
111.6,3348,in_bed,0.6742,0.888,-0.0043,2.34,0.8922,0.3813,0.8699,0.8006,0.5478,0.2913,0.0797,0.6683,0.6522,0.322,0.2528,0.2565,0.2117,178.4359,166.1285,43.8677,0.7739
111.633,3349,in_bed,0.674,0.8878,-0.0044,2.3399,0.8922,0.3813,0.87,0.8,0.548,0.2909,0.0797,0.6684,0.6514,0.322,0.252,0.2571,0.2112,178.4741,166.2505,43.9293,0.7751
111.667,3350,in_bed,0.674,0.8877,-0.0044,2.3396,0.8922,0.3813,0.87,0.7999,0.548,0.2903,0.0796,0.6686,0.6509,0.3221,0.252,0.2576,0.2107,178.5473,166.3361,43.9606,0.7758
111.7,3351,in_bed,0.6734,0.8879,-0.0046,2.3409,0.8926,0.3813,0.8703,0.7996,0.5473,0.2906,0.0796,0.6683,0.6506,0.3229,0.2522,0.2567,0.211,178.6444,166.3316,43.9571,0.7763
111.733,3352,in_bed,0.6732,0.8889,-0.0045,2.3443,0.8934,0.3811,0.8712,0.7994,0.547,0.2908,0.0797,0.6685,0.6513,0.3242,0.2524,0.2562,0.2112,178.7123,166.3558,44.0694,0.7764
111.767,3353,in_bed,0.6724,0.8889,-0.0038,2.3434,0.8927,0.3809,0.8711,0.7983,0.5466,0.2911,0.0797,0.6683,0.6512,0.3245,0.2517,0.2555,0.2114,178.8675,166.3679,44.1513,0.7762
111.8,3354,in_bed,0.6722,0.8887,-0.004,2.3432,0.8927,0.381,0.871,0.7981,0.5462,0.291,0.0797,0.6684,0.651,0.3249,0.252,0.2552,0.2113,178.8767,166.4448,44.1099,0.7762
111.833,3355,in_bed,0.6723,0.8889,-0.0041,2.3434,0.893,0.3811,0.8711,0.7983,0.5462,0.2906,0.0797,0.6691,0.6519,0.3249,0.2521,0.2557,0.2109,178.9587,166.4887,44.1439,0.7764
111.867,3356,in_bed,0.6734,0.889,-0.0031,2.3418,0.8921,0.381,0.8713,0.7984,0.5483,0.2916,0.0797,0.6694,0.6527,0.323,0.2501,0.2568,0.2118,178.9828,166.5427,44.2047,0.776
111.9,3357,in_bed,0.6738,0.8891,-0.0033,2.3423,0.8924,0.381,0.8714,0.7985,0.549,0.2913,0.0797,0.6695,0.6534,0.3224,0.2495,0.2578,0.2116,178.8729,166.6304,44.1869,0.7761
111.933,3358,in_bed,0.6739,0.8888,-0.0038,2.3423,0.8926,0.3811,0.8712,0.7984,0.5494,0.2906,0.0797,0.6693,0.652,0.3218,0.249,0.2588,0.2109,178.8817,166.6131,44.1492,0.7762
111.967,3359,in_bed,0.6737,0.8885,-0.0034,2.3403,0.8919,0.3811,0.871,0.7983,0.549,0.2902,0.0797,0.6693,0.6525,0.322,0.2492,0.2589,0.2104,178.8367,166.6507,44.1567,0.7743
112.0,3360,in_bed,0.6733,0.8896,-0.0047,2.3459,0.8944,0.3812,0.872,0.799,0.5475,0.2906,0.0797,0.6703,0.6519,0.3245,0.2515,0.2569,0.2109,178.7448,166.6126,43.9606,0.7756
112.033,3361,in_bed,0.6739,0.8917,-0.0043,2.3519,0.896,0.381,0.874,0.8001,0.5477,0.2916,0.0797,0.6717,0.6531,0.3263,0.2524,0.2561,0.2118,178.8033,166.6358,44.0052,0.7767
112.067,3362,in_bed,0.6746,0.8925,-0.0034,2.3534,0.8959,0.3807,0.8747,0.8005,0.5488,0.2928,0.0798,0.6719,0.6528,0.3259,0.2517,0.256,0.213,178.8527,166.6925,44.0003,0.7768
112.1,3363,in_bed,0.6744,0.8918,-0.0035,2.3515,0.8952,0.3807,0.8741,0.7999,0.5489,0.2933,0.0798,0.6712,0.6517,0.3251,0.251,0.2556,0.2136,178.8412,166.7377,44.0936,0.7766
112.133,3364,in_bed,0.6735,0.8905,-0.0047,2.3499,0.8952,0.381,0.8729,0.799,0.5479,0.2931,0.0796,0.6702,0.651,0.325,0.2511,0.2548,0.2135,178.9106,166.7044,44.0263,0.7785
112.167,3365,in_bed,0.6722,0.8891,-0.0057,2.3478,0.8948,0.3811,0.8716,0.7977,0.5468,0.2924,0.0795,0.6687,0.6499,0.3248,0.2509,0.2544,0.2128,178.9405,166.6962,44.023,0.7798
112.2,3366,in_bed,0.6717,0.8884,-0.0055,2.3455,0.894,0.3811,0.871,0.7971,0.5464,0.2919,0.0795,0.668,0.6495,0.3247,0.2508,0.2544,0.2124,179.0012,166.6811,44.0513,0.7791
112.233,3367,in_bed,0.6712,0.8883,-0.0062,2.3463,0.8945,0.3812,0.8708,0.7969,0.5454,0.2913,0.0795,0.6679,0.649,0.3254,0.2515,0.2542,0.2118,178.951,166.7176,44.0046,0.7803
112.267,3368,in_bed,0.67,0.8871,-0.0073,2.3441,0.8943,0.3815,0.8695,0.7957,0.5442,0.2907,0.0794,0.6671,0.6484,0.3252,0.2515,0.2535,0.2114,178.993,166.6729,44.0827,0.78
112.3,3369,in_bed,0.6699,0.8864,-0.0073,2.3418,0.8936,0.3816,0.8687,0.7949,0.5448,0.2906,0.0794,0.6667,0.649,0.3239,0.25,0.2543,0.2112,178.8967,166.6911,44.2233,0.7797
112.333,3370,in_bed,0.6694,0.886,-0.0074,2.3408,0.8934,0.3816,0.8683,0.7941,0.5447,0.2905,0.0794,0.6664,0.651,0.3236,0.2495,0.2541,0.2111,178.8614,166.6798,44.3113,0.7797
112.367,3371,in_bed,0.6692,0.8854,-0.0074,2.339,0.8928,0.3817,0.8677,0.7935,0.5449,0.291,0.0794,0.6662,0.6516,0.3227,0.2486,0.2539,0.2116,178.9126,166.6207,44.3627,0.7793
112.4,3372,in_bed,0.6692,0.8857,-0.0061,2.3377,0.8917,0.3815,0.868,0.7936,0.5449,0.291,0.0795,0.6664,0.6513,0.3231,0.2487,0.2539,0.2115,178.854,166.7227,44.4507,0.7769
112.433,3373,in_bed,0.6705,0.8856,-0.0061,2.3364,0.8917,0.3817,0.8677,0.7952,0.5458,0.2915,0.0796,0.6667,0.6525,0.3219,0.2494,0.2542,0.212,178.6552,166.3135,44.3897,0.7739
112.467,3374,in_bed,0.6719,0.8862,-0.0058,2.3367,0.892,0.3818,0.868,0.7971,0.5466,0.2924,0.0796,0.6675,0.6539,0.3214,0.2505,0.2542,0.2127,178.3037,166.0553,44.2744,0.7716
112.5,3375,in_bed,0.6716,0.8867,-0.0052,2.3377,0.8919,0.3815,0.8686,0.7969,0.5463,0.2923,0.0797,0.6675,0.6535,0.3222,0.2506,0.2541,0.2126,178.5072,166.1671,44.3772,0.7708
112.533,3376,in_bed,0.6717,0.8863,-0.0041,2.3351,0.8904,0.3813,0.8682,0.7964,0.547,0.293,0.0797,0.6671,0.6518,0.3212,0.2494,0.254,0.2133,178.5388,166.3318,44.524,0.7696
112.567,3377,in_bed,0.6731,0.8866,-0.0036,2.3338,0.8902,0.3814,0.8681,0.7982,0.5479,0.2934,0.0798,0.6678,0.6524,0.3202,0.2503,0.2545,0.2136,178.1314,166.1655,44.4526,0.7672
112.6,3378,in_bed,0.6732,0.8869,-0.0026,2.333,0.8894,0.3812,0.8686,0.7979,0.5485,0.2939,0.0799,0.6679,0.6523,0.3201,0.2493,0.2546,0.2141,178.1579,166.318,44.5019,0.7676
112.633,3379,in_bed,0.6735,0.8872,-0.0029,2.3341,0.8901,0.3813,0.8685,0.7986,0.5483,0.2931,0.0799,0.6681,0.654,0.3202,0.2503,0.2553,0.2132,177.8472,166.1408,44.4549,0.7672
112.667,3380,in_bed,0.6731,0.8871,-0.0034,2.3348,0.8905,0.3814,0.8687,0.7981,0.5481,0.2929,0.0798,0.6681,0.6541,0.3206,0.25,0.2552,0.2131,178.0934,166.2448,44.4142,0.7686
112.7,3381,in_bed,0.6726,0.8863,-0.0032,2.3328,0.8896,0.3813,0.8681,0.7972,0.5481,0.2928,0.0798,0.6673,0.6534,0.32,0.2491,0.2553,0.213,178.2299,166.3973,44.4365,0.7693
112.733,3382,in_bed,0.6733,0.8854,-0.0043,2.3308,0.8897,0.3817,0.8668,0.798,0.5487,0.2926,0.0797,0.6673,0.6543,0.3182,0.2494,0.2561,0.2128,178.0701,166.0792,44.3186,0.7698
112.767,3383,in_bed,0.673,0.8848,-0.005,2.3299,0.8898,0.3819,0.8658,0.7983,0.5477,0.2919,0.0797,0.6669,0.6542,0.3181,0.2505,0.2558,0.2122,177.9069,165.9075,44.2613,0.7698
112.8,3384,in_bed,0.6727,0.8845,-0.0061,2.3307,0.8906,0.3821,0.8653,0.799,0.5464,0.2909,0.0797,0.6666,0.6545,0.3189,0.2527,0.2555,0.2112,177.7827,165.6737,44.1409,0.7679
112.833,3385,in_bed,0.6719,0.8849,-0.0065,2.3326,0.8913,0.3821,0.866,0.7982,0.5455,0.2907,0.0796,0.6668,0.6562,0.3205,0.2527,0.2548,0.211,178.002,165.8268,44.1476,0.7692
112.867,3386,in_bed,0.6712,0.8851,-0.0071,2.3343,0.8922,0.3822,0.8665,0.7976,0.5447,0.2904,0.0796,0.6669,0.6576,0.3218,0.2529,0.2543,0.2109,178.2223,165.898,44.1304,0.7714
112.9,3387,in_bed,0.6713,0.8843,-0.0062,2.3302,0.8905,0.3822,0.866,0.7969,0.5457,0.291,0.0796,0.6667,0.6579,0.3203,0.2512,0.2548,0.2114,178.4511,166.0688,44.1557,0.7708
112.933,3388,in_bed,0.6718,0.8847,-0.0056,2.3304,0.8903,0.3821,0.8666,0.7971,0.5465,0.2922,0.0797,0.6671,0.6579,0.3201,0.2507,0.2543,0.2125,178.533,166.176,44.0822,0.7706
112.967,3389,in_bed,0.672,0.8855,-0.0056,2.3328,0.8912,0.382,0.8675,0.7977,0.5464,0.2927,0.0797,0.6678,0.6578,0.3212,0.2513,0.2536,0.2131,178.6438,166.2488,43.9273,0.7716
113.0,3390,in_bed,0.6716,0.8857,-0.0051,2.3329,0.8909,0.3819,0.8677,0.7971,0.546,0.2933,0.0797,0.668,0.6594,0.3218,0.2512,0.2527,0.2136,178.7125,166.3317,43.911,0.7715
113.033,3391,in_bed,0.6712,0.8849,-0.0044,2.3292,0.8893,0.3818,0.867,0.7961,0.5463,0.2937,0.0797,0.6675,0.6584,0.3207,0.2498,0.2526,0.214,178.7829,166.3586,44.0605,0.7705
113.067,3392,in_bed,0.6713,0.8846,-0.0037,2.3269,0.8883,0.3817,0.8667,0.7956,0.5471,0.2938,0.0798,0.6675,0.6565,0.3195,0.2484,0.2533,0.2141,178.8434,166.4156,44.1844,0.7692
113.1,3393,in_bed,0.6709,0.8848,-0.0044,2.3291,0.8892,0.3818,0.8669,0.7954,0.5464,0.2939,0.0797,0.6677,0.6554,0.3205,0.249,0.2525,0.2142,178.885,166.4082,44.1119,0.7713
113.133,3394,in_bed,0.6701,0.8841,-0.0045,2.3274,0.8886,0.3818,0.8662,0.795,0.5452,0.2931,0.0797,0.6672,0.6533,0.321,0.2498,0.2521,0.2134,178.8365,166.4445,44.0626,0.7699
113.167,3395,in_bed,0.6702,0.8845,-0.0045,2.3282,0.889,0.3818,0.8665,0.7952,0.5452,0.2937,0.0797,0.6678,0.6533,0.3213,0.25,0.2516,0.214,178.8522,166.4371,44.0745,0.7706
113.2,3396,in_bed,0.669,0.8851,-0.0057,2.3327,0.8907,0.3819,0.8669,0.795,0.5431,0.2927,0.0796,0.6678,0.6543,0.3237,0.2518,0.2505,0.2131,178.7879,166.4637,44.0521,0.7719
113.233,3397,in_bed,0.6696,0.8847,-0.007,2.3334,0.8917,0.3822,0.8661,0.7959,0.5433,0.2921,0.0795,0.6676,0.6553,0.3229,0.2527,0.2512,0.2126,178.433,166.1511,43.9749,0.7718
113.267,3398,in_bed,0.6701,0.8843,-0.0084,2.3341,0.8927,0.3825,0.8653,0.7965,0.5437,0.2917,0.0794,0.6672,0.6556,0.3216,0.2528,0.252,0.2122,178.2358,165.8426,44.0358,0.7719
113.3,3399,in_bed,0.6699,0.8846,-0.0082,2.3357,0.8928,0.3823,0.8657,0.7957,0.5441,0.2918,0.0794,0.6667,0.6551,0.3216,0.2516,0.2523,0.2124,178.4978,165.9539,44.1274,0.7738
113.333,3400,in_bed,0.67,0.8846,-0.0078,2.3351,0.8924,0.3822,0.8657,0.7954,0.5447,0.2915,0.0794,0.6665,0.6551,0.321,0.2507,0.2532,0.2121,178.3949,166.1384,44.187,0.774
113.367,3401,in_bed,0.67,0.8848,-0.0067,2.3346,0.8915,0.3819,0.866,0.7949,0.545,0.292,0.0795,0.6661,0.6549,0.321,0.2499,0.253,0.2125,178.3379,166.3085,44.2384,0.7734
113.4,3402,in_bed,0.6697,0.8848,-0.0061,2.3344,0.8909,0.3816,0.8662,0.7944,0.545,0.2922,0.0795,0.6655,0.6539,0.3212,0.2494,0.2528,0.2127,178.4157,166.3503,44.1511,0.7738
113.433,3403,in_bed,0.6708,0.8863,-0.0051,2.3373,0.8914,0.3814,0.8678,0.7953,0.5463,0.2923,0.0796,0.6666,0.656,0.3215,0.2489,0.254,0.2127,178.4769,166.411,44.1836,0.7736
113.467,3404,in_bed,0.6711,0.8871,-0.004,2.3379,0.8911,0.3812,0.8687,0.7959,0.5463,0.2923,0.0797,0.6671,0.6558,0.3223,0.2495,0.254,0.2126,178.5374,166.4725,44.1024,0.7722
113.5,3405,in_bed,0.6722,0.8878,-0.0029,2.3377,0.8907,0.381,0.8694,0.7969,0.5475,0.2934,0.0798,0.6677,0.6548,0.3219,0.2494,0.2541,0.2136,178.7014,166.4891,43.98,0.7718
113.533,3406,in_bed,0.6715,0.8872,-0.0029,2.3357,0.89,0.3811,0.8689,0.7966,0.5465,0.2926,0.0798,0.6671,0.6532,0.3224,0.2501,0.2539,0.2128,178.7791,166.4694,43.9329,0.7707
113.567,3407,in_bed,0.672,0.8872,-0.0023,2.3346,0.8895,0.381,0.869,0.7967,0.5473,0.293,0.0799,0.6674,0.6533,0.3218,0.2494,0.2543,0.2131,178.9147,166.4584,43.9098,0.7698
113.6,3408,in_bed,0.671,0.8872,-0.003,2.336,0.8902,0.3811,0.8689,0.7962,0.5459,0.2918,0.0798,0.6676,0.6537,0.323,0.2503,0.2541,0.2119,178.9418,166.4371,43.9472,0.7692
113.633,3409,in_bed,0.6702,0.8872,-0.0036,2.337,0.8908,0.3812,0.8688,0.7959,0.5444,0.2918,0.0798,0.6677,0.6541,0.3244,0.2515,0.2527,0.2119,178.8515,166.4189,43.927,0.768
113.667,3410,in_bed,0.6703,0.8861,-0.005,2.3345,0.8911,0.3817,0.8672,0.7966,0.5439,0.2911,0.0798,0.6677,0.6537,0.3233,0.2526,0.2529,0.2113,178.5047,166.0899,43.9499,0.7659
113.7,3411,in_bed,0.6714,0.8855,-0.0057,2.3327,0.8912,0.3821,0.8664,0.7978,0.545,0.2908,0.0798,0.6681,0.6533,0.3214,0.2527,0.2542,0.211,178.1621,165.8451,43.9395,0.7651
113.733,3412,in_bed,0.6716,0.8853,-0.0054,2.3317,0.8908,0.382,0.8665,0.7974,0.5458,0.2902,0.0798,0.668,0.6535,0.3207,0.2516,0.2556,0.2104,178.1739,165.9859,44.0132,0.7652
113.767,3413,in_bed,0.6723,0.8858,-0.0048,2.3323,0.8906,0.3819,0.8672,0.7975,0.5471,0.2903,0.0798,0.6684,0.6548,0.3201,0.2504,0.2567,0.2105,178.2698,166.1099,44.1641,0.7655
113.8,3414,in_bed,0.6724,0.8858,-0.0037,2.3303,0.8895,0.3817,0.8674,0.7973,0.5476,0.2902,0.0799,0.6687,0.6554,0.3198,0.2497,0.2574,0.2103,178.3609,166.2143,44.2427,0.7649
113.833,3415,in_bed,0.6719,0.8856,-0.0037,2.3298,0.8893,0.3817,0.8672,0.7962,0.5477,0.2904,0.0798,0.6682,0.6555,0.3194,0.2485,0.2574,0.2105,178.4827,166.2637,44.3267,0.7653
113.867,3416,in_bed,0.6721,0.8855,-0.0031,2.3283,0.8886,0.3817,0.8673,0.7962,0.548,0.2903,0.0799,0.6685,0.656,0.3193,0.2481,0.2577,0.2104,178.5152,166.3239,44.2898,0.7647
113.9,3417,in_bed,0.6723,0.8856,-0.0028,2.3279,0.8884,0.3816,0.8678,0.7963,0.5482,0.2899,0.0799,0.6688,0.655,0.3195,0.2481,0.2583,0.21,178.5308,166.3505,44.2536,0.765
113.933,3418,in_bed,0.6728,0.8865,-0.001,2.3277,0.8875,0.3813,0.8687,0.797,0.5486,0.2908,0.08,0.6695,0.6557,0.3202,0.2484,0.2578,0.2107,178.7836,166.3711,44.2864,0.7643
113.967,3419,in_bed,0.6728,0.8865,0.0001,2.3257,0.8863,0.3811,0.8687,0.797,0.5486,0.2907,0.0801,0.6694,0.6544,0.3201,0.2484,0.2579,0.2106,178.8601,166.4467,44.2977,0.7633
114.0,3420,in_bed,0.6726,0.8856,-0.0008,2.324,0.8864,0.3814,0.8679,0.7965,0.5487,0.2907,0.0801,0.669,0.6515,0.3193,0.2478,0.258,0.2106,178.734,166.465,44.3838,0.7629
114.033,3421,in_bed,0.6718,0.8846,-0.0022,2.3233,0.8867,0.3817,0.867,0.7955,0.5482,0.2902,0.0799,0.6682,0.6486,0.3188,0.2473,0.2579,0.2103,178.7839,166.499,44.4885,0.7635
114.067,3422,in_bed,0.6715,0.884,-0.0028,2.3229,0.8869,0.3818,0.8666,0.7949,0.5482,0.2905,0.0799,0.6678,0.6473,0.3185,0.2467,0.2577,0.2106,178.8549,166.4927,44.469,0.7643
114.1,3423,in_bed,0.6721,0.8844,-0.0029,2.3241,0.8873,0.3818,0.867,0.7954,0.5488,0.2906,0.0798,0.6681,0.6488,0.3182,0.2466,0.2582,0.2108,178.799,166.5566,44.3784,0.765
114.133,3424,in_bed,0.6724,0.8842,-0.0032,2.3245,0.8874,0.3818,0.8669,0.7955,0.5494,0.2908,0.0798,0.6679,0.6493,0.3175,0.2461,0.2586,0.211,178.7758,166.5889,44.3544,0.7662
114.167,3425,in_bed,0.6725,0.8847,-0.003,2.3258,0.8876,0.3816,0.8673,0.7955,0.5495,0.2906,0.0798,0.6683,0.6504,0.3178,0.246,0.2589,0.2108,178.7613,166.5706,44.2997,0.7668
114.2,3426,in_bed,0.6731,0.8852,-0.0031,2.3275,0.8882,0.3816,0.8677,0.7959,0.5502,0.2909,0.0798,0.6687,0.6519,0.3175,0.2457,0.2593,0.2111,178.6366,166.6785,44.4103,0.7674
114.233,3427,in_bed,0.6727,0.8858,-0.0023,2.3294,0.8881,0.3813,0.868,0.7954,0.55,0.2915,0.0798,0.6683,0.6527,0.318,0.2454,0.2585,0.2117,178.6772,166.7312,44.48,0.7688
114.267,3428,in_bed,0.673,0.8861,-0.0017,2.3297,0.8879,0.3811,0.8685,0.7958,0.5502,0.2921,0.0798,0.6685,0.653,0.3183,0.2456,0.2581,0.2122,178.8238,166.728,44.4601,0.7698
114.3,3429,in_bed,0.6732,0.8869,-0.0019,2.3326,0.8888,0.381,0.8691,0.7962,0.5501,0.2917,0.0798,0.6688,0.6545,0.319,0.2462,0.2584,0.2119,178.936,166.7661,44.4457,0.7719
114.333,3430,in_bed,0.6744,0.8871,-0.0028,2.3333,0.8899,0.3814,0.8691,0.7984,0.5505,0.2917,0.0798,0.6696,0.6565,0.3186,0.2479,0.2588,0.212,178.5868,166.411,44.2493,0.7717
114.367,3431,in_bed,0.6757,0.8861,-0.003,2.3296,0.8892,0.3817,0.8679,0.7996,0.5517,0.2915,0.0798,0.6696,0.6571,0.3162,0.2478,0.2603,0.2117,178.4077,166.112,44.2788,0.7696
114.4,3432,in_bed,0.6737,0.8865,-0.0045,2.3343,0.8911,0.3817,0.8683,0.7987,0.5486,0.2906,0.0797,0.6693,0.6591,0.3197,0.2501,0.258,0.2109,178.4456,166.2247,44.2314,0.7722
114.433,3433,in_bed,0.6724,0.8862,-0.0048,2.3337,0.891,0.3818,0.868,0.7978,0.5471,0.2905,0.0796,0.6691,0.6587,0.3209,0.2507,0.2566,0.2109,178.4838,166.3146,44.1569,0.7733
114.467,3434,in_bed,0.6712,0.8862,-0.0055,2.3352,0.8917,0.3818,0.868,0.7968,0.5455,0.29,0.0796,0.6687,0.6577,0.3226,0.2514,0.2554,0.2104,178.5038,166.3429,44.1141,0.7745
114.5,3435,in_bed,0.672,0.8857,-0.0062,2.3341,0.8918,0.3821,0.8675,0.7979,0.5461,0.2901,0.0796,0.6683,0.6558,0.3215,0.2518,0.2559,0.2106,178.2574,166.0447,43.9747,0.7742
114.533,3436,in_bed,0.6725,0.8852,-0.0064,2.3332,0.8916,0.3821,0.8668,0.7981,0.5468,0.2906,0.0796,0.6678,0.6538,0.32,0.2513,0.2562,0.2111,178.043,165.9447,43.9659,0.7744
114.567,3437,in_bed,0.672,0.8857,-0.0061,2.3353,0.8918,0.3819,0.8673,0.7974,0.5465,0.2903,0.0795,0.6672,0.6534,0.3208,0.2509,0.2562,0.2108,178.2045,166.1198,44.0382,0.7754
114.6,3438,in_bed,0.6723,0.8852,-0.0065,2.3339,0.8917,0.3821,0.8667,0.7984,0.5463,0.2903,0.0795,0.6672,0.6537,0.3204,0.2521,0.2559,0.2108,177.9772,165.9759,43.9446,0.7749
114.633,3439,in_bed,0.6705,0.884,-0.0068,2.3315,0.8908,0.3821,0.8655,0.7968,0.5442,0.289,0.0795,0.6661,0.6508,0.3213,0.2526,0.2553,0.2095,178.222,166.1305,43.9548,0.775
114.667,3440,in_bed,0.6706,0.8837,-0.0053,2.3285,0.889,0.3818,0.8653,0.796,0.5452,0.2904,0.0796,0.6659,0.65,0.3202,0.2509,0.2548,0.2108,178.4527,166.2738,44.0017,0.7747
114.7,3441,in_bed,0.6718,0.8833,-0.0059,2.3279,0.8893,0.382,0.8647,0.7972,0.5463,0.2908,0.0795,0.6661,0.6493,0.3184,0.2509,0.2556,0.2113,178.3137,166.0508,43.9751,0.7753
114.733,3442,in_bed,0.6722,0.8838,-0.0049,2.3278,0.8887,0.3818,0.8652,0.7973,0.5472,0.2906,0.0796,0.6664,0.6492,0.318,0.2501,0.2566,0.211,178.3983,166.2494,44.0714,0.776
114.767,3443,in_bed,0.6724,0.8824,-0.0054,2.3239,0.8878,0.382,0.8636,0.7973,0.5474,0.2902,0.0795,0.6658,0.6478,0.3161,0.2499,0.2573,0.2106,178.1863,166.0796,44.1019,0.775
114.8,3444,in_bed,0.672,0.8827,-0.0062,2.3256,0.889,0.3823,0.8636,0.7979,0.546,0.29,0.0795,0.6665,0.6485,0.3176,0.2519,0.256,0.2105,178.0996,165.8217,44.0285,0.7742
114.833,3445,in_bed,0.6717,0.8838,-0.0071,2.3306,0.8909,0.3823,0.8649,0.7975,0.5459,0.2906,0.0794,0.6669,0.6511,0.3191,0.2516,0.2552,0.2112,178.2036,165.9456,44.0968,0.776
114.867,3446,in_bed,0.6728,0.8838,-0.0082,2.332,0.892,0.3825,0.8649,0.7983,0.5473,0.2913,0.0794,0.6675,0.6545,0.3176,0.251,0.256,0.2119,178.1015,165.6413,44.0769,0.7748
114.9,3447,in_bed,0.674,0.8846,-0.0084,2.3339,0.893,0.3826,0.8655,0.7992,0.5489,0.292,0.0794,0.6686,0.6581,0.3166,0.2503,0.2569,0.2125,177.915,165.4243,44.1083,0.7742
114.933,3448,in_bed,0.6742,0.8853,-0.0077,2.3355,0.893,0.3824,0.8663,0.7985,0.5498,0.2936,0.0795,0.6687,0.6577,0.3164,0.2487,0.2562,0.2142,178.279,165.515,44.116,0.776
114.967,3449,in_bed,0.6757,0.8861,-0.0074,2.3371,0.8935,0.3823,0.8672,0.8001,0.5513,0.2942,0.0795,0.6697,0.6576,0.316,0.2488,0.257,0.2147,178.2518,165.3279,44.0672,0.7764
115.0,3450,in_bed,0.675,0.8861,-0.0067,2.3364,0.8928,0.3821,0.8675,0.7988,0.5512,0.2951,0.0795,0.6694,0.6566,0.3163,0.2477,0.256,0.2156,178.5426,165.5314,44.2193,0.7775
115.033,3451,in_bed,0.6755,0.8858,-0.0062,2.3334,0.892,0.3823,0.8672,0.7997,0.5512,0.2959,0.0796,0.6699,0.6585,0.316,0.2485,0.2553,0.2164,178.4756,165.3728,44.2312,0.776
115.067,3452,in_bed,0.675,0.8861,-0.0049,2.3325,0.891,0.382,0.8675,0.7991,0.5509,0.2965,0.0796,0.6699,0.6593,0.3166,0.2482,0.2544,0.2169,178.6966,165.5899,44.2867,0.7753
115.1,3453,in_bed,0.6747,0.8861,-0.0035,2.3309,0.8896,0.3817,0.8675,0.7982,0.5512,0.2976,0.0797,0.6694,0.6592,0.3162,0.2469,0.2536,0.2179,178.8777,165.7809,44.4094,0.7742
115.133,3454,in_bed,0.6744,0.8849,-0.005,2.3294,0.8899,0.382,0.8662,0.7986,0.5503,0.2972,0.0796,0.6686,0.6592,0.3159,0.2484,0.253,0.2176,178.6426,165.6068,44.3521,0.7743
115.167,3455,in_bed,0.6737,0.885,-0.0035,2.3282,0.8885,0.3816,0.8663,0.798,0.5495,0.2966,0.0797,0.6681,0.6593,0.3168,0.2484,0.2529,0.2169,178.787,165.8318,44.3521,0.7732
115.2,3456,in_bed,0.6721,0.8857,-0.0048,2.3332,0.8905,0.3817,0.8669,0.7974,0.5468,0.2946,0.0796,0.6681,0.6591,0.3201,0.2506,0.2522,0.215,178.785,165.9872,44.2101,0.7747
115.233,3457,in_bed,0.6722,0.8861,-0.0056,2.3356,0.8917,0.3818,0.8668,0.7983,0.5461,0.2937,0.0796,0.6683,0.6582,0.3207,0.2522,0.2524,0.2141,178.5538,165.7498,44.0523,0.7742
115.267,3458,in_bed,0.6713,0.8866,-0.0055,2.337,0.892,0.3817,0.8673,0.7979,0.5447,0.293,0.0796,0.6688,0.6564,0.3226,0.2532,0.2517,0.2133,178.5686,165.9404,43.969,0.7747
115.3,3459,in_bed,0.6704,0.8863,-0.0057,2.336,0.8921,0.3819,0.8669,0.7983,0.5426,0.2912,0.0797,0.6689,0.6557,0.3243,0.2557,0.2514,0.2115,178.122,165.7303,43.8616,0.772
115.333,3460,in_bed,0.6705,0.8863,-0.0067,2.337,0.893,0.3821,0.8667,0.7991,0.5419,0.2896,0.0797,0.6691,0.6553,0.3248,0.2572,0.2523,0.2099,177.8263,165.4979,43.7579,0.7708
115.367,3461,in_bed,0.6711,0.8871,-0.0069,2.3397,0.894,0.3821,0.8672,0.8002,0.5421,0.2892,0.0797,0.6697,0.6542,0.325,0.258,0.2529,0.2095,177.6244,165.4045,43.7048,0.7703
115.4,3462,in_bed,0.6715,0.8867,-0.0068,2.339,0.8935,0.382,0.8672,0.7993,0.5437,0.2893,0.0796,0.6692,0.6532,0.3236,0.2556,0.2544,0.2097,177.7133,165.725,43.8681,0.7721
115.433,3463,in_bed,0.6708,0.8863,-0.0064,2.3379,0.8927,0.3818,0.867,0.7978,0.5439,0.2887,0.0796,0.6683,0.6516,0.3232,0.2539,0.2552,0.209,177.8494,165.9052,44.0339,0.7722
115.467,3464,in_bed,0.6703,0.886,-0.0061,2.3368,0.8922,0.3818,0.8671,0.7969,0.5436,0.2882,0.0796,0.6678,0.6496,0.3235,0.2533,0.2555,0.2085,177.9742,166.0557,44.0959,0.7723
115.5,3465,in_bed,0.6701,0.8866,-0.0053,2.3367,0.8918,0.3816,0.868,0.797,0.5432,0.2877,0.0797,0.6682,0.6489,0.3248,0.2538,0.2555,0.208,178.0971,166.1784,44.0423,0.7715
115.533,3466,in_bed,0.671,0.8864,-0.0058,2.3364,0.8922,0.3819,0.8677,0.7983,0.5437,0.2871,0.0797,0.6681,0.6477,0.324,0.2546,0.2566,0.2074,177.8244,165.9507,44.0389,0.7695
115.567,3467,in_bed,0.6717,0.887,-0.0044,2.3362,0.8914,0.3816,0.8685,0.7985,0.5449,0.2871,0.0798,0.6685,0.6483,0.3237,0.2537,0.2577,0.2073,177.9908,166.1085,43.9755,0.7687
115.6,3468,in_bed,0.6716,0.8876,-0.0036,2.3364,0.8912,0.3814,0.8691,0.7986,0.5447,0.2882,0.0799,0.6692,0.6511,0.3244,0.2539,0.2565,0.2083,178.0756,166.2488,44.041,0.7685
115.633,3469,in_bed,0.6715,0.8876,-0.0034,2.3362,0.891,0.3814,0.8691,0.798,0.545,0.289,0.0799,0.6694,0.6517,0.3241,0.253,0.256,0.2091,178.1439,166.3608,44.1112,0.7694
115.667,3470,in_bed,0.6705,0.8869,-0.0042,2.336,0.8911,0.3815,0.8685,0.7969,0.5441,0.2892,0.0798,0.6684,0.6511,0.3244,0.2528,0.2549,0.2094,178.2477,166.4258,44.1767,0.7703
115.7,3471,in_bed,0.6698,0.8865,-0.0034,2.3336,0.8899,0.3813,0.8682,0.7961,0.5436,0.2897,0.0798,0.6677,0.6504,0.3247,0.2525,0.2539,0.2098,178.5007,166.4469,44.2667,0.7696
115.733,3472,in_bed,0.6698,0.886,-0.0026,2.3312,0.8886,0.3812,0.8679,0.7956,0.544,0.2899,0.0799,0.6667,0.6494,0.3239,0.2516,0.2541,0.2101,178.6057,166.5379,44.2662,0.7689
115.767,3473,in_bed,0.6705,0.886,-0.0016,2.3298,0.8876,0.381,0.8679,0.7955,0.5456,0.2915,0.0799,0.6663,0.6508,0.3223,0.2499,0.2541,0.2116,178.616,166.6248,44.2859,0.7683
115.8,3474,in_bed,0.6705,0.8861,-0.0018,2.3307,0.8879,0.381,0.8681,0.7955,0.5455,0.2912,0.0799,0.6663,0.6511,0.3226,0.25,0.2544,0.2113,178.625,166.6911,44.3241,0.7688
115.833,3475,in_bed,0.6701,0.8854,-0.0022,2.3295,0.8875,0.381,0.8675,0.7946,0.5456,0.2913,0.0799,0.6654,0.6496,0.3219,0.249,0.2543,0.2115,178.6593,166.715,44.3908,0.7687
115.867,3476,in_bed,0.6695,0.8847,-0.0024,2.3282,0.8871,0.381,0.8669,0.7934,0.5456,0.2922,0.0798,0.6649,0.65,0.3213,0.2479,0.2534,0.2124,178.8565,166.6754,44.451,0.7698
115.9,3477,in_bed,0.6696,0.8847,-0.0026,2.3284,0.8873,0.3811,0.8669,0.7934,0.5458,0.2926,0.0798,0.6652,0.6502,0.3212,0.2476,0.2532,0.2128,178.8399,166.6627,44.3895,0.7692
115.933,3478,in_bed,0.6706,0.8851,-0.002,2.3281,0.8871,0.381,0.8673,0.794,0.5472,0.2932,0.0798,0.6658,0.6517,0.3201,0.2468,0.254,0.2134,178.9662,166.6261,44.4147,0.7689
115.967,3479,in_bed,0.671,0.8854,-0.0026,2.3305,0.888,0.3811,0.8677,0.7943,0.5476,0.2931,0.0798,0.666,0.6531,0.32,0.2467,0.2545,0.2133,179.0299,166.6049,44.3806,0.7704
116.0,3480,in_bed,0.6717,0.8868,-0.0017,2.3327,0.8885,0.3809,0.8691,0.7955,0.5479,0.2937,0.0798,0.6668,0.6548,0.3212,0.2476,0.2542,0.2139,178.9843,166.6056,44.1433,0.7698
116.033,3481,in_bed,0.6728,0.8882,-0.002,2.3372,0.8902,0.3809,0.8704,0.7968,0.5487,0.2936,0.0798,0.668,0.6569,0.3217,0.2481,0.2551,0.2138,178.9554,166.5646,44.1045,0.7712
116.067,3482,in_bed,0.6726,0.8882,-0.0015,2.3368,0.8897,0.3807,0.8704,0.7967,0.5485,0.2934,0.0799,0.6677,0.6568,0.322,0.2483,0.255,0.2136,179.0182,166.5988,44.1324,0.7708
116.1,3483,in_bed,0.6729,0.8881,-0.0018,2.3367,0.8898,0.3808,0.8704,0.7967,0.5492,0.2927,0.0799,0.6677,0.6553,0.3212,0.2475,0.2565,0.2128,179.0611,166.5704,44.132,0.7707
116.133,3484,in_bed,0.6738,0.8882,-0.0036,2.3394,0.8918,0.3812,0.8704,0.7982,0.5493,0.2924,0.0798,0.6682,0.6549,0.321,0.2489,0.257,0.2126,178.7826,166.1503,44.0059,0.7706
116.167,3485,in_bed,0.6733,0.8877,-0.0032,2.337,0.891,0.3812,0.8699,0.7974,0.5491,0.2927,0.0798,0.6681,0.6539,0.3208,0.2483,0.2564,0.2129,178.8391,166.2228,44.0988,0.7704
116.2,3486,in_bed,0.672,0.8867,-0.0036,2.3347,0.8903,0.3813,0.8691,0.7962,0.5478,0.2921,0.0798,0.6673,0.6532,0.3212,0.2484,0.2557,0.2124,178.9013,166.2691,44.0849,0.7712
116.233,3487,in_bed,0.6721,0.8867,-0.0037,2.3347,0.8904,0.3814,0.8691,0.7964,0.5478,0.2915,0.0797,0.6674,0.6526,0.3212,0.2485,0.2563,0.2118,178.8867,166.3319,44.1196,0.7721
116.267,3488,in_bed,0.6728,0.8867,-0.0032,2.3337,0.8899,0.3813,0.8691,0.7969,0.5486,0.2921,0.0798,0.6676,0.6521,0.3204,0.2483,0.2566,0.2123,178.9784,166.4138,44.1867,0.7716
116.3,3489,in_bed,0.6727,0.8866,-0.0029,2.3332,0.8895,0.3812,0.8689,0.7966,0.5488,0.2923,0.0798,0.6677,0.6518,0.3201,0.2478,0.2565,0.2125,178.9472,166.4881,44.2484,0.7711
116.333,3490,in_bed,0.6723,0.886,-0.0036,2.3328,0.8896,0.3813,0.8682,0.7958,0.5487,0.2917,0.0797,0.6672,0.6509,0.3196,0.2472,0.2569,0.212,178.9208,166.5645,44.337,0.7721
116.367,3491,in_bed,0.6718,0.8854,-0.0035,2.331,0.8889,0.3813,0.8675,0.7952,0.5485,0.2918,0.0797,0.6664,0.6496,0.319,0.2467,0.2567,0.2121,179.0243,166.5773,44.4238,0.7717
116.4,3492,in_bed,0.671,0.8852,-0.0064,2.3341,0.8916,0.382,0.867,0.7956,0.5463,0.2924,0.0796,0.6673,0.6518,0.3207,0.2493,0.254,0.2128,178.9708,166.0445,44.2367,0.7733
116.433,3493,in_bed,0.6711,0.8853,-0.0063,2.3344,0.8916,0.3819,0.8672,0.7954,0.5469,0.2932,0.0796,0.6678,0.652,0.3203,0.2485,0.2536,0.2137,179.2531,165.9961,44.1236,0.7734
116.467,3494,in_bed,0.6712,0.8851,-0.0052,2.3318,0.8904,0.3818,0.8672,0.795,0.5475,0.2948,0.0796,0.6679,0.6514,0.3197,0.2476,0.2526,0.2152,179.2679,165.9583,44.1087,0.7727
116.5,3495,in_bed,0.6702,0.8847,-0.0055,2.3314,0.8903,0.3819,0.8669,0.7945,0.5459,0.2948,0.0796,0.6675,0.6501,0.321,0.2487,0.251,0.2152,179.2938,165.9083,43.9921,0.7721
116.533,3496,in_bed,0.6701,0.8844,-0.0047,2.3289,0.8892,0.3818,0.8666,0.794,0.5462,0.2946,0.0797,0.6674,0.6515,0.3204,0.2478,0.2515,0.2149,179.281,165.9796,44.1001,0.7709
116.567,3497,in_bed,0.6704,0.885,-0.0042,2.3293,0.8892,0.3817,0.8672,0.7942,0.5466,0.2949,0.0797,0.6681,0.6537,0.3206,0.2476,0.2517,0.2152,179.1396,166.0622,44.136,0.7715
116.6,3498,in_bed,0.6704,0.8855,-0.004,2.3304,0.8895,0.3817,0.8676,0.7941,0.5467,0.2942,0.0797,0.6685,0.6545,0.321,0.2475,0.2525,0.2145,178.9388,166.1078,44.1084,0.7725
116.633,3499,in_bed,0.6697,0.8849,-0.004,2.3288,0.8889,0.3817,0.8671,0.7935,0.546,0.2939,0.0797,0.6678,0.654,0.3211,0.2476,0.2521,0.2142,178.864,166.1434,44.1153,0.7724
116.667,3500,in_bed,0.6697,0.8846,-0.0046,2.3287,0.8892,0.3818,0.8669,0.7936,0.5457,0.2928,0.0797,0.6672,0.6541,0.3212,0.2478,0.253,0.2131,178.8036,166.1755,44.1253,0.7727
116.7,3501,in_bed,0.6704,0.8853,-0.0045,2.3309,0.8898,0.3818,0.8677,0.7943,0.5465,0.2926,0.0797,0.6677,0.6547,0.3212,0.2478,0.2539,0.2129,178.7935,166.2543,44.0821,0.7729
116.733,3502,in_bed,0.6715,0.8863,-0.0041,2.3332,0.8904,0.3816,0.8687,0.795,0.548,0.2927,0.0797,0.6682,0.6551,0.3207,0.247,0.2553,0.213,178.7027,166.3598,44.0612,0.7733
116.767,3503,in_bed,0.6721,0.8864,-0.0031,2.3322,0.8895,0.3814,0.8688,0.7948,0.5493,0.2935,0.0798,0.6684,0.6548,0.3195,0.2456,0.2558,0.2137,178.7451,166.4304,44.1316,0.7722
116.8,3504,in_bed,0.6724,0.8876,-0.0026,2.3355,0.8902,0.3812,0.8698,0.7953,0.5494,0.2935,0.0798,0.6689,0.6535,0.3204,0.2459,0.2559,0.2137,178.8631,166.378,44.1833,0.772
116.833,3505,in_bed,0.6729,0.8885,-0.0023,2.3377,0.8908,0.3811,0.8706,0.7962,0.5495,0.2931,0.0799,0.6696,0.6537,0.3211,0.2468,0.2564,0.2132,179.0784,166.3786,44.1908,0.7703
116.867,3506,in_bed,0.6728,0.8886,-0.0037,2.3395,0.8923,0.3814,0.8703,0.7982,0.5474,0.2916,0.0799,0.6704,0.6537,0.3229,0.2508,0.2558,0.2117,178.9208,166.0094,44.0426,0.7681
116.9,3507,in_bed,0.6729,0.8851,-0.0042,2.3294,0.8894,0.3818,0.8676,0.7982,0.5475,0.2899,0.0798,0.6689,0.6534,0.3201,0.2507,0.2576,0.2101,179.2464,165.7009,44.1137,0.7672
116.933,3508,in_bed,0.6721,0.8858,-0.0056,2.3335,0.8914,0.382,0.8677,0.7991,0.5451,0.2898,0.0798,0.6691,0.6542,0.3226,0.2539,0.2553,0.2101,178.8904,165.4354,43.9739,0.7672
116.967,3509,in_bed,0.6723,0.8851,-0.0067,2.333,0.8918,0.3823,0.8666,0.799,0.5456,0.2891,0.0797,0.6683,0.6545,0.321,0.2534,0.2565,0.2094,178.3576,165.345,43.9048,0.7669
117.0,3510,in_bed,0.6711,0.8851,-0.0064,2.3335,0.8916,0.3821,0.8668,0.7975,0.5447,0.2891,0.0797,0.6673,0.6548,0.3221,0.2529,0.2556,0.2094,178.4149,165.6022,43.8861,0.7679
117.033,3511,in_bed,0.6709,0.8853,-0.0056,2.3331,0.8909,0.3819,0.867,0.7968,0.5449,0.2894,0.0797,0.6672,0.656,0.3221,0.2519,0.2555,0.2097,178.4427,165.8237,43.8638,0.7679
117.067,3512,in_bed,0.6713,0.8848,-0.0062,2.3321,0.891,0.3821,0.8662,0.7971,0.5455,0.2896,0.0797,0.667,0.6554,0.3207,0.2517,0.2559,0.2099,177.9666,165.7458,43.7565,0.7672
117.1,3513,in_bed,0.6704,0.8841,-0.0055,2.3296,0.8897,0.3819,0.8658,0.7956,0.5451,0.2894,0.0797,0.6664,0.6553,0.3206,0.2505,0.2557,0.2097,177.9135,165.9841,43.8091,0.7674
117.133,3514,in_bed,0.67,0.8832,-0.0059,2.3272,0.8892,0.3821,0.8646,0.7956,0.5445,0.2901,0.0797,0.6661,0.6546,0.3201,0.2511,0.2544,0.2104,177.5995,165.8368,43.7802,0.7673
117.167,3515,in_bed,0.6696,0.8835,-0.0052,2.3273,0.8887,0.3818,0.8651,0.7949,0.5442,0.2902,0.0797,0.6659,0.6536,0.3209,0.2507,0.2539,0.2106,177.8211,165.9601,43.8213,0.7687
117.2,3516,in_bed,0.6692,0.8844,-0.0053,2.3309,0.8897,0.3817,0.866,0.7943,0.544,0.2899,0.0797,0.6662,0.6541,0.322,0.2503,0.2542,0.2102,178.0606,166.1184,44.0187,0.7701
117.233,3517,in_bed,0.6704,0.8862,-0.0037,2.3343,0.8899,0.3812,0.868,0.7951,0.5457,0.29,0.0798,0.667,0.6541,0.3222,0.2494,0.2557,0.2102,178.2748,166.2579,44.2188,0.7693
117.267,3518,in_bed,0.6703,0.8861,-0.0036,2.3339,0.8896,0.3812,0.868,0.7946,0.5461,0.2898,0.0798,0.6669,0.6538,0.322,0.2485,0.2563,0.21,178.3411,166.4017,44.3491,0.7698
117.3,3519,in_bed,0.6718,0.8863,-0.0029,2.333,0.8891,0.3811,0.8684,0.7952,0.5485,0.2904,0.0798,0.6675,0.6537,0.3199,0.2467,0.2581,0.2106,178.3691,166.5221,44.4193,0.7697
117.333,3520,in_bed,0.6731,0.8871,-0.0021,2.3339,0.8892,0.381,0.8692,0.796,0.5502,0.2917,0.0799,0.6686,0.6541,0.319,0.2458,0.2585,0.2118,178.4505,166.5143,44.3903,0.7694
117.367,3521,in_bed,0.6729,0.887,-0.0017,2.3329,0.8887,0.381,0.869,0.7961,0.5497,0.2914,0.0799,0.6686,0.6542,0.3193,0.2464,0.2583,0.2115,178.4292,166.6036,44.3238,0.7688
117.4,3522,in_bed,0.6741,0.887,-0.0024,2.3326,0.8894,0.3813,0.8686,0.7978,0.5504,0.2923,0.0799,0.6691,0.6547,0.3182,0.2474,0.2581,0.2123,178.1017,166.2913,44.2091,0.7673
117.433,3523,in_bed,0.6744,0.8867,-0.0025,2.3315,0.8893,0.3814,0.8678,0.7983,0.5506,0.2921,0.08,0.6691,0.655,0.3172,0.2477,0.2585,0.2121,177.7094,166.1122,44.2802,0.7653
117.467,3524,in_bed,0.6743,0.8864,-0.0033,2.3312,0.8897,0.3816,0.8672,0.799,0.5496,0.2914,0.0799,0.6688,0.6552,0.3176,0.2494,0.2582,0.2114,177.4333,165.9827,44.2651,0.7647
117.5,3525,in_bed,0.6742,0.8849,-0.0039,2.327,0.8888,0.3819,0.8653,0.7988,0.5496,0.2904,0.0799,0.6679,0.656,0.3157,0.2492,0.2592,0.2105,177.0769,165.8761,44.1922,0.7645
117.533,3526,in_bed,0.6736,0.8841,-0.0033,2.3239,0.8874,0.3819,0.8649,0.7978,0.5493,0.29,0.0799,0.6673,0.6543,0.3156,0.2484,0.2594,0.2101,177.2009,166.1158,44.3,0.7642
117.567,3527,in_bed,0.6739,0.8846,-0.0019,2.3233,0.8865,0.3816,0.8657,0.7976,0.5502,0.2914,0.08,0.6677,0.6532,0.3154,0.2473,0.2589,0.2113,177.4912,166.2547,44.3761,0.7633
117.6,3528,in_bed,0.6736,0.8846,-0.0028,2.3255,0.8874,0.3816,0.8661,0.7972,0.55,0.2913,0.0799,0.6674,0.6532,0.3162,0.2472,0.2586,0.2114,177.794,166.4095,44.3486,0.7657
117.633,3529,in_bed,0.673,0.8847,-0.0034,2.3272,0.8881,0.3816,0.8664,0.7969,0.5491,0.2907,0.0798,0.6676,0.6515,0.3173,0.2478,0.2584,0.2109,177.9675,166.5071,44.4042,0.7669
117.667,3530,in_bed,0.6728,0.8846,-0.0042,2.3287,0.8888,0.3817,0.8665,0.7967,0.549,0.2901,0.0797,0.6673,0.6497,0.3175,0.2477,0.2589,0.2104,177.944,166.6103,44.4331,0.7682
117.7,3531,in_bed,0.6733,0.8851,-0.0044,2.331,0.8895,0.3816,0.8671,0.7965,0.5501,0.2911,0.0797,0.6672,0.648,0.317,0.2464,0.259,0.2114,178.1567,166.6436,44.4597,0.7697
117.733,3532,in_bed,0.6736,0.8853,-0.0039,2.3307,0.8892,0.3815,0.8675,0.7969,0.5503,0.2909,0.0797,0.6676,0.6482,0.3172,0.2466,0.2594,0.2111,178.3353,166.6685,44.4196,0.7701
117.767,3533,in_bed,0.6738,0.885,-0.0057,2.3322,0.8907,0.3819,0.8668,0.7978,0.5498,0.2898,0.0796,0.6674,0.6484,0.3169,0.248,0.26,0.2102,177.9558,166.4718,44.2605,0.7714
117.8,3534,in_bed,0.6742,0.8845,-0.0075,2.3333,0.892,0.3823,0.8661,0.7981,0.5503,0.2901,0.0795,0.6671,0.6477,0.3158,0.2478,0.2602,0.2106,177.6822,166.2391,44.2397,0.7723
117.833,3535,in_bed,0.6737,0.885,-0.0065,2.3336,0.8915,0.382,0.8667,0.7978,0.5497,0.2907,0.0795,0.6672,0.6473,0.317,0.2481,0.259,0.2112,177.9762,166.3636,44.2608,0.7733
117.867,3536,in_bed,0.6732,0.8852,-0.0054,2.3336,0.8907,0.3817,0.867,0.7971,0.5493,0.2913,0.0796,0.6669,0.6473,0.3177,0.2478,0.2581,0.2117,178.2956,166.39,44.2869,0.7738
117.9,3537,in_bed,0.6714,0.8844,-0.006,2.332,0.8903,0.3818,0.8665,0.7956,0.5471,0.2912,0.0795,0.6663,0.647,0.3194,0.2485,0.256,0.2116,178.3522,166.4729,44.2545,0.7739
117.933,3538,in_bed,0.671,0.8841,-0.0056,2.331,0.8897,0.3817,0.8664,0.795,0.5469,0.2909,0.0796,0.6659,0.6468,0.3194,0.248,0.2561,0.2113,178.4786,166.4708,44.3321,0.773
117.967,3539,in_bed,0.6717,0.8843,-0.0047,2.3301,0.8891,0.3816,0.8666,0.7951,0.5483,0.2909,0.0796,0.6662,0.6469,0.3183,0.2468,0.2573,0.2113,178.4846,166.5353,44.3855,0.7721
118.0,3540,in_bed,0.6717,0.884,-0.0048,2.3285,0.8888,0.3817,0.8659,0.7954,0.548,0.2925,0.0797,0.6662,0.6477,0.318,0.2474,0.2555,0.2128,178.3299,166.2274,44.3893,0.7704
118.033,3541,in_bed,0.6719,0.8841,-0.0043,2.3271,0.8885,0.3818,0.8658,0.7961,0.5476,0.2935,0.0798,0.6665,0.6496,0.3181,0.2485,0.2542,0.2137,178.0211,165.9765,44.4301,0.7682
118.067,3542,in_bed,0.6715,0.8844,-0.0035,2.327,0.888,0.3816,0.8661,0.7955,0.5475,0.2938,0.0798,0.6663,0.6498,0.3186,0.248,0.2537,0.214,178.2353,166.0995,44.4897,0.7694
118.1,3543,in_bed,0.6714,0.884,-0.0029,2.3249,0.8869,0.3815,0.8658,0.7946,0.5481,0.2944,0.0798,0.6658,0.6495,0.3177,0.2465,0.2537,0.2146,178.1948,166.2556,44.5317,0.7686
118.133,3544,in_bed,0.6707,0.8843,-0.0031,2.3261,0.8874,0.3815,0.8662,0.7947,0.5466,0.2933,0.0798,0.6663,0.6502,0.3195,0.248,0.2533,0.2135,178.2193,166.3638,44.5459,0.7691
118.167,3545,in_bed,0.6704,0.884,-0.0029,2.3251,0.887,0.3815,0.8659,0.7941,0.5468,0.2926,0.0798,0.6661,0.6498,0.3191,0.2473,0.2542,0.2128,178.253,166.4621,44.5536,0.7697
118.2,3546,in_bed,0.6707,0.8833,-0.0041,2.3238,0.8873,0.3818,0.8649,0.7951,0.5464,0.292,0.0797,0.6661,0.6505,0.3185,0.2487,0.2544,0.2122,177.9966,166.1627,44.3634,0.7692
118.233,3547,in_bed,0.6704,0.8835,-0.0038,2.324,0.8873,0.3818,0.8653,0.7948,0.5461,0.2916,0.0798,0.6662,0.6506,0.3192,0.2487,0.2545,0.2118,177.9242,166.2744,44.334,0.7695
118.267,3548,in_bed,0.67,0.8838,-0.0034,2.3248,0.8873,0.3817,0.8656,0.795,0.545,0.2912,0.0798,0.6665,0.6495,0.3207,0.25,0.2538,0.2114,178.0763,166.3621,44.1581,0.7702
118.3,3549,in_bed,0.6694,0.8841,-0.0029,2.3251,0.887,0.3815,0.866,0.7947,0.5442,0.2911,0.0798,0.6663,0.649,0.3218,0.2505,0.2531,0.2113,178.1797,166.4248,44.1662,0.7694
118.333,3550,in_bed,0.67,0.8842,-0.0034,2.3258,0.8876,0.3816,0.8657,0.7958,0.5442,0.2906,0.0798,0.6663,0.6496,0.3214,0.2515,0.2536,0.2108,177.9735,166.1101,44.0782,0.7691
118.367,3551,in_bed,0.6708,0.8851,-0.0032,2.3283,0.8883,0.3815,0.8666,0.7964,0.5451,0.2913,0.0798,0.6669,0.6497,0.3215,0.2512,0.2538,0.2115,178.0527,166.2794,44.1403,0.7699
118.4,3552,in_bed,0.6723,0.8865,-0.0035,2.3327,0.8901,0.3816,0.8682,0.7972,0.5473,0.2934,0.0798,0.6685,0.6523,0.3208,0.2499,0.254,0.2136,178.2957,166.3121,44.1406,0.7715
118.433,3553,in_bed,0.6729,0.8853,-0.0045,2.3298,0.8898,0.3819,0.8667,0.7975,0.5482,0.2937,0.0797,0.6684,0.6529,0.3185,0.2493,0.2546,0.214,178.1354,165.9893,44.0886,0.7712
118.467,3554,in_bed,0.673,0.885,-0.0063,2.3308,0.8912,0.3824,0.8661,0.7978,0.5483,0.2932,0.0796,0.6685,0.6542,0.3178,0.2495,0.255,0.2136,177.7757,165.7853,44.1097,0.7711
118.5,3555,in_bed,0.6731,0.8838,-0.0072,2.3281,0.891,0.3827,0.8648,0.7977,0.5485,0.2926,0.0795,0.6682,0.6551,0.3163,0.2492,0.2558,0.2131,177.6459,165.5728,44.1807,0.7703
118.533,3556,in_bed,0.6734,0.8832,-0.0067,2.3251,0.8899,0.3828,0.8646,0.7973,0.5496,0.2923,0.0795,0.6682,0.6539,0.315,0.2477,0.2573,0.2127,177.8316,165.7454,44.2461,0.7706
118.567,3557,in_bed,0.6734,0.8827,-0.0066,2.3237,0.8893,0.3827,0.8643,0.7963,0.5505,0.2922,0.0795,0.6678,0.654,0.3138,0.2458,0.2583,0.2127,177.8747,165.972,44.3902,0.7711
118.6,3558,in_bed,0.6731,0.8823,-0.0063,2.3221,0.8886,0.3827,0.864,0.7955,0.5508,0.2919,0.0795,0.668,0.6542,0.3132,0.2448,0.2589,0.2124,177.9293,166.1756,44.5627,0.7711
118.633,3559,in_bed,0.6736,0.8809,-0.0076,2.3193,0.8884,0.3831,0.8623,0.796,0.5513,0.2915,0.0794,0.6675,0.6537,0.311,0.2447,0.2598,0.212,177.6396,166.0067,44.608,0.7703
118.667,3560,in_bed,0.6739,0.8815,-0.007,2.3204,0.8886,0.3829,0.8629,0.7957,0.5521,0.2922,0.0795,0.6681,0.6556,0.3108,0.2437,0.2598,0.2128,177.7891,166.1534,44.7766,0.7698
118.7,3561,in_bed,0.6739,0.8823,-0.0068,2.3223,0.8891,0.3828,0.8637,0.7961,0.5518,0.292,0.0795,0.6689,0.656,0.3119,0.2443,0.2598,0.2124,177.9494,166.2211,44.7727,0.7696
118.733,3562,in_bed,0.6737,0.8821,-0.0073,2.3223,0.8894,0.383,0.8635,0.7958,0.5516,0.2919,0.0795,0.6688,0.6549,0.312,0.2443,0.2597,0.2124,178.0367,166.303,44.7569,0.7704
118.767,3563,in_bed,0.6731,0.882,-0.0073,2.3218,0.8893,0.383,0.8634,0.7957,0.5505,0.2917,0.0795,0.6689,0.6541,0.3129,0.2452,0.2587,0.2123,178.2047,166.3244,44.6496,0.7708
118.8,3564,in_bed,0.6733,0.8786,-0.0066,2.3094,0.8852,0.3833,0.8606,0.7959,0.5506,0.2889,0.0795,0.6681,0.6547,0.31,0.2454,0.2617,0.2093,178.3915,166.076,44.8388,0.7656
118.833,3565,in_bed,0.6743,0.8757,-0.0066,2.2994,0.8823,0.3837,0.8582,0.7965,0.5522,0.2878,0.0795,0.6675,0.6541,0.306,0.2443,0.2644,0.2083,178.797,165.82,44.9214,0.7636
118.867,3566,in_bed,0.6742,0.877,-0.0057,2.3025,0.8827,0.3834,0.8593,0.7966,0.5519,0.2889,0.0796,0.6676,0.6555,0.3074,0.2447,0.263,0.2094,178.8783,165.9563,44.7707,0.7645
118.9,3567,in_bed,0.6735,0.8774,-0.0047,2.303,0.8821,0.383,0.8595,0.7958,0.5512,0.2889,0.0796,0.6672,0.6559,0.3083,0.2446,0.2623,0.2093,178.8029,166.1894,44.7345,0.7644
118.933,3568,in_bed,0.6725,0.8773,-0.0056,2.3049,0.8829,0.3831,0.8594,0.7948,0.5502,0.2891,0.0795,0.6664,0.6556,0.3092,0.2446,0.2611,0.2096,178.9036,166.2422,44.7049,0.7667
118.967,3569,in_bed,0.672,0.8776,-0.006,2.3062,0.8835,0.3831,0.8598,0.7944,0.5496,0.2893,0.0795,0.6666,0.6548,0.3102,0.2449,0.2602,0.2098,178.8143,166.3608,44.6917,0.767
119.0,3570,in_bed,0.6716,0.878,-0.006,2.3074,0.884,0.3831,0.8602,0.7944,0.5488,0.2898,0.0795,0.667,0.6562,0.3114,0.2455,0.259,0.2103,178.8182,166.4559,44.6858,0.767
119.033,3571,in_bed,0.6714,0.8782,-0.0067,2.3091,0.885,0.3833,0.8604,0.7942,0.5486,0.2904,0.0794,0.6675,0.6589,0.3119,0.2456,0.2582,0.2109,178.7622,166.5301,44.6318,0.7679
119.067,3572,in_bed,0.6703,0.8781,-0.0071,2.3094,0.8852,0.3833,0.8602,0.7934,0.5472,0.29,0.0794,0.6672,0.6595,0.313,0.2462,0.2572,0.2106,178.7416,166.5724,44.5015,0.7683
119.1,3573,in_bed,0.6701,0.8787,-0.0079,2.313,0.8866,0.3833,0.8608,0.7931,0.5471,0.2904,0.0794,0.6675,0.6612,0.3136,0.2459,0.2567,0.2111,178.7407,166.6107,44.4534,0.7704
119.133,3574,in_bed,0.6696,0.8788,-0.0079,2.3136,0.8867,0.3833,0.8607,0.7925,0.5467,0.2904,0.0793,0.6673,0.6628,0.314,0.2458,0.2563,0.211,178.7877,166.6037,44.4894,0.771
119.167,3575,in_bed,0.669,0.8795,-0.0082,2.3164,0.8877,0.3832,0.8612,0.7928,0.5453,0.29,0.0793,0.6675,0.6623,0.3159,0.2475,0.2553,0.2107,178.776,166.6174,44.3778,0.7716
119.2,3576,in_bed,0.6692,0.8805,-0.0064,2.3158,0.8869,0.383,0.8621,0.7935,0.545,0.2916,0.0795,0.6689,0.6633,0.3172,0.2485,0.2534,0.2121,178.7387,166.5183,44.2973,0.7706
119.233,3577,in_bed,0.6687,0.8808,-0.0056,2.3152,0.8864,0.3829,0.8623,0.7936,0.5437,0.2914,0.0796,0.6689,0.6628,0.3186,0.2499,0.2523,0.2118,178.9423,166.4617,44.2225,0.7694
119.267,3578,in_bed,0.6701,0.8775,-0.0046,2.3024,0.882,0.3831,0.8597,0.7944,0.5458,0.2901,0.0796,0.6678,0.661,0.3139,0.2487,0.2557,0.2105,179.541,166.0507,44.4101,0.765
119.3,3579,in_bed,0.6701,0.8789,-0.0038,2.3058,0.8826,0.3828,0.8609,0.7947,0.5455,0.2913,0.0797,0.6681,0.6607,0.3155,0.2493,0.2541,0.2116,179.5503,166.0609,44.3982,0.7658
119.333,3580,in_bed,0.6697,0.8795,-0.0038,2.3086,0.8833,0.3826,0.8614,0.7945,0.5449,0.2923,0.0797,0.668,0.6612,0.3166,0.2496,0.2525,0.2126,179.5951,166.1317,44.408,0.7665
119.367,3581,in_bed,0.6689,0.8811,-0.0043,2.316,0.8853,0.3823,0.8631,0.7942,0.5435,0.2922,0.0797,0.6675,0.6615,0.3196,0.2507,0.2513,0.2126,179.4214,166.2596,44.3747,0.7679
119.4,3582,in_bed,0.6684,0.8823,-0.0053,2.3233,0.8875,0.382,0.8645,0.7933,0.5434,0.293,0.0796,0.6665,0.6608,0.321,0.2499,0.2505,0.2134,179.2005,166.2683,44.4484,0.7706
119.433,3583,in_bed,0.6691,0.8846,-0.0057,2.3329,0.8902,0.3816,0.867,0.7936,0.5446,0.2938,0.0796,0.6661,0.6589,0.3224,0.2489,0.2508,0.2143,179.0321,166.2226,44.462,0.7727
119.467,3584,in_bed,0.6683,0.8869,-0.0066,2.3443,0.8935,0.3811,0.8693,0.793,0.5435,0.2936,0.0795,0.6652,0.6572,0.3257,0.2495,0.2499,0.2142,178.997,166.1328,44.3668,0.776
119.5,3585,in_bed,0.6687,0.891,-0.0072,2.3616,0.8982,0.3803,0.8735,0.7935,0.5439,0.294,0.0795,0.6646,0.6547,0.3295,0.2495,0.2499,0.2146,178.9802,166.0425,44.2457,0.7802
119.533,3586,in_bed,0.6708,0.8953,-0.0086,2.3803,0.9038,0.3797,0.8776,0.7963,0.5453,0.2949,0.0794,0.6646,0.6521,0.3323,0.251,0.2504,0.2155,178.6692,165.7324,43.8772,0.7844
119.567,3587,in_bed,0.6725,0.8997,-0.0085,2.3971,0.9082,0.3789,0.8823,0.799,0.546,0.2957,0.0794,0.6649,0.6516,0.3363,0.253,0.2503,0.2163,178.5472,165.3824,43.4877,0.7871
119.6,3588,in_bed,0.6752,0.9054,-0.0097,2.4197,0.9151,0.3782,0.8886,0.8038,0.5466,0.2963,0.0794,0.6665,0.6504,0.342,0.2572,0.2502,0.2169,178.4995,164.9474,42.8748,0.7925
119.633,3589,in_bed,0.6775,0.9099,-0.0104,2.437,0.9203,0.3776,0.8934,0.8069,0.5482,0.2967,0.0794,0.6677,0.6502,0.3452,0.2587,0.2515,0.2173,178.0792,164.699,42.4773,0.7952
119.667,3590,in_bed,0.6778,0.9129,-0.0111,2.4497,0.924,0.3772,0.8964,0.8081,0.5475,0.2979,0.0794,0.6682,0.6478,0.3488,0.2606,0.2497,0.2185,177.8599,164.4331,42.2648,0.7964
119.7,3591,in_bed,0.6781,0.915,-0.0104,2.4569,0.9254,0.3766,0.8986,0.8089,0.5473,0.2993,0.0795,0.668,0.6462,0.3513,0.2616,0.248,0.2198,177.805,164.2652,41.9989,0.7968
119.733,3592,in_bed,0.6782,0.9163,-0.0104,2.4622,0.9267,0.3764,0.9001,0.8092,0.5471,0.2993,0.0795,0.6674,0.6473,0.353,0.2622,0.2478,0.2197,177.6898,164.2259,41.8181,0.7975
119.767,3593,in_bed,0.6781,0.9177,-0.01,2.4672,0.9277,0.376,0.9015,0.8098,0.5465,0.2994,0.0796,0.6675,0.6487,0.355,0.2633,0.2472,0.2198,177.6037,164.1361,41.6351,0.7971
119.8,3594,in_bed,0.6781,0.9178,-0.0098,2.4683,0.9276,0.3758,0.9018,0.8096,0.5467,0.3007,0.0796,0.6666,0.6485,0.3551,0.2629,0.246,0.2211,177.6987,164.074,41.513,0.7982
119.833,3595,in_bed,0.6776,0.9177,-0.0089,2.4673,0.9266,0.3755,0.9018,0.8088,0.5465,0.3012,0.0796,0.6655,0.648,0.3553,0.2622,0.2454,0.2215,177.6743,164.0288,41.4438,0.7985
119.867,3596,in_bed,0.6775,0.9178,-0.0086,2.4676,0.9264,0.3754,0.9021,0.8087,0.5463,0.3009,0.0797,0.6651,0.6475,0.3558,0.2624,0.2453,0.2213,177.4891,164.0783,41.3763,0.7984
119.9,3597,in_bed,0.6777,0.9176,-0.0075,2.4648,0.9251,0.3753,0.9022,0.8089,0.5465,0.3012,0.0797,0.6653,0.6468,0.3557,0.2624,0.2452,0.2215,177.5101,164.0887,41.3223,0.7987
119.933,3598,in_bed,0.6771,0.9176,-0.0076,2.4661,0.9252,0.3752,0.902,0.8083,0.5458,0.3009,0.0797,0.6645,0.6455,0.3561,0.2625,0.2449,0.2212,177.397,164.1897,41.2755,0.7992
119.967,3599,in_bed,0.6768,0.9178,-0.0084,2.469,0.9262,0.3751,0.9018,0.8078,0.5457,0.3001,0.0796,0.664,0.644,0.3562,0.2622,0.2456,0.2204,177.2284,164.2035,41.2789,0.7994
120.0,3600,in_bed,0.6772,0.9193,-0.0075,2.4723,0.9268,0.3749,0.9031,0.8087,0.5458,0.3019,0.0797,0.665,0.6462,0.3573,0.2629,0.2439,0.2221,177.3814,164.1043,41.2125,0.7987
120.033,3601,in_bed,0.6775,0.9202,-0.0075,2.4748,0.9277,0.3748,0.9039,0.8093,0.5458,0.3025,0.0798,0.6658,0.6454,0.3582,0.2635,0.2432,0.2228,177.3825,164.0429,41.1813,0.7983
120.067,3602,in_bed,0.6769,0.9204,-0.0079,2.4758,0.9283,0.3749,0.9041,0.8094,0.5444,0.3016,0.0797,0.6661,0.6455,0.3597,0.265,0.2428,0.2219,177.4663,163.9538,41.1868,0.7983
120.1,3603,in_bed,0.6761,0.9199,-0.0068,2.4731,0.9266,0.3747,0.9034,0.8084,0.5438,0.3019,0.0798,0.6649,0.6456,0.3596,0.2646,0.2419,0.2221,177.6319,163.955,41.1999,0.797
120.133,3604,in_bed,0.6771,0.9207,-0.0061,2.4739,0.9267,0.3746,0.9043,0.8095,0.5447,0.3024,0.0799,0.6654,0.6459,0.3596,0.2647,0.2423,0.2226,177.768,163.8854,41.1234,0.7965
120.167,3605,in_bed,0.6778,0.9209,-0.0056,2.4736,0.9266,0.3746,0.9048,0.8102,0.5453,0.3021,0.0799,0.666,0.6441,0.3595,0.2649,0.2432,0.2222,177.8171,163.8542,41.0696,0.796
120.2,3606,in_bed,0.6773,0.9199,-0.0059,2.4707,0.9258,0.3747,0.9038,0.8097,0.5448,0.3011,0.0799,0.6651,0.644,0.359,0.2648,0.2438,0.2211,177.7544,163.8379,41.0316,0.7951
120.233,3607,in_bed,0.677,0.9194,-0.0053,2.468,0.9247,0.3747,0.9032,0.8094,0.5446,0.3003,0.08,0.6647,0.6428,0.3586,0.2648,0.2443,0.2203,177.6706,163.8724,41.0071,0.7931
120.267,3608,in_bed,0.6773,0.919,-0.0055,2.4667,0.9244,0.3748,0.9029,0.8098,0.5448,0.2999,0.08,0.6643,0.6431,0.3581,0.265,0.2449,0.2199,177.6045,163.8391,40.9535,0.7931
120.3,3609,in_bed,0.6772,0.9188,-0.0057,2.4666,0.9245,0.3748,0.9027,0.8098,0.5446,0.3003,0.0799,0.6642,0.6442,0.3581,0.2652,0.2443,0.2204,177.5665,163.8709,41.0377,0.794
120.333,3610,in_bed,0.6784,0.919,-0.0053,2.4663,0.9243,0.3748,0.9031,0.8104,0.5463,0.3012,0.08,0.6647,0.6446,0.3568,0.2641,0.2451,0.2213,177.4927,163.9065,41.055,0.7943
120.367,3611,in_bed,0.678,0.9194,-0.0056,2.4682,0.925,0.3748,0.9033,0.8106,0.5453,0.301,0.0799,0.6652,0.6452,0.358,0.2653,0.2443,0.2211,177.2112,164.0017,41.1503,0.7944
120.4,3612,in_bed,0.678,0.9198,-0.0059,2.4701,0.9257,0.3748,0.9037,0.8109,0.5452,0.3014,0.0799,0.6655,0.6446,0.3585,0.2657,0.2438,0.2215,177.4399,163.9266,40.9458,0.7955
120.433,3613,in_bed,0.6778,0.9202,-0.0063,2.4718,0.9265,0.3748,0.9042,0.8113,0.5443,0.3007,0.0799,0.6659,0.6441,0.3599,0.267,0.2436,0.2208,177.4124,163.8673,40.8754,0.796
120.467,3614,in_bed,0.6775,0.9203,-0.0072,2.4747,0.9276,0.3748,0.9042,0.8109,0.5441,0.3017,0.0798,0.6653,0.6421,0.3601,0.2668,0.2425,0.2219,177.5018,163.7857,40.7697,0.7979
120.5,3615,in_bed,0.6771,0.9207,-0.0073,2.4765,0.9281,0.3748,0.9046,0.811,0.5432,0.3017,0.0798,0.6654,0.6417,0.3614,0.2678,0.2415,0.2219,177.4849,163.7442,40.7226,0.7981
120.533,3616,in_bed,0.6764,0.9207,-0.008,2.4773,0.9287,0.3749,0.9046,0.8109,0.5419,0.3008,0.0797,0.6653,0.6436,0.3627,0.269,0.2412,0.2211,177.5038,163.7523,40.7201,0.7985
120.567,3617,in_bed,0.6764,0.9201,-0.0075,2.4744,0.9275,0.3749,0.9039,0.8104,0.5424,0.3004,0.0797,0.665,0.6448,0.3615,0.2679,0.242,0.2207,177.4781,163.7798,40.8142,0.797
120.6,3618,in_bed,0.6764,0.9198,-0.0072,2.4729,0.9271,0.3749,0.9037,0.8099,0.5428,0.3004,0.0798,0.6649,0.6451,0.3609,0.2671,0.2424,0.2207,177.6813,163.7778,40.9863,0.7962
120.633,3619,in_bed,0.6764,0.9194,-0.008,2.4725,0.9274,0.3751,0.9031,0.8092,0.5436,0.3001,0.0797,0.6646,0.6464,0.3595,0.2656,0.2436,0.2203,177.7428,163.853,41.112,0.7966
120.667,3620,in_bed,0.6768,0.9191,-0.0073,2.4705,0.9264,0.375,0.9027,0.8089,0.5447,0.3001,0.0798,0.6644,0.645,0.358,0.2642,0.2446,0.2203,177.6472,163.8823,41.1792,0.7957
120.7,3621,in_bed,0.6772,0.9185,-0.0061,2.4662,0.9246,0.3749,0.9019,0.809,0.5454,0.3012,0.0799,0.6647,0.6429,0.3565,0.2636,0.2442,0.2213,177.6544,163.9115,41.1272,0.7944
120.733,3622,in_bed,0.6775,0.9183,-0.0061,2.4647,0.9244,0.375,0.9019,0.8097,0.5454,0.3015,0.0798,0.6654,0.6428,0.3565,0.2643,0.2439,0.2216,177.7287,163.8591,41.062,0.795
120.767,3623,in_bed,0.6787,0.9173,-0.0059,2.4601,0.9232,0.3753,0.9013,0.8108,0.5467,0.3028,0.0798,0.6661,0.6423,0.3546,0.264,0.2439,0.223,178.0033,163.7884,41.0824,0.7953
120.8,3624,in_bed,0.6796,0.9165,-0.0066,2.4575,0.9231,0.3756,0.901,0.8116,0.5475,0.3044,0.0797,0.6665,0.6448,0.3535,0.2642,0.2431,0.2246,178.0909,163.6318,41.0004,0.7969
120.833,3625,in_bed,0.6802,0.8927,-0.0073,2.3752,0.9,0.3789,0.8825,0.8132,0.5471,0.3041,0.0797,0.667,0.6453,0.3354,0.2661,0.243,0.2244,177.9131,163.608,40.999,0.7618
120.867,3626,in_bed,0.6818,0.892,-0.0062,2.3703,0.8981,0.3789,0.8819,0.8147,0.5488,0.3046,0.0798,0.6674,0.6443,0.3331,0.266,0.2442,0.2248,177.7803,163.5617,41.0871,0.7599
120.9,3627,in_bed,0.6832,0.8911,-0.0049,2.3636,0.8961,0.3791,0.8813,0.8162,0.5502,0.3057,0.0799,0.6686,0.6448,0.3311,0.266,0.2445,0.2259,177.7793,163.5326,41.213,0.7586
120.933,3628,in_bed,0.6835,0.8865,-0.0051,2.3488,0.8917,0.3796,0.8771,0.8145,0.5525,0.3035,0.0798,0.6673,0.6424,0.3246,0.262,0.249,0.2237,177.7207,163.7492,41.7054,0.7564
120.967,3629,in_bed,0.6844,0.8813,-0.0046,2.329,0.8858,0.3804,0.8722,0.814,0.5547,0.3018,0.0798,0.6667,0.6408,0.3175,0.2593,0.2529,0.222,177.5166,163.9148,42.061,0.7537
121.0,3630,in_bed,0.6845,0.8778,-0.0041,2.3116,0.8819,0.3815,0.8672,0.8134,0.5557,0.3001,0.0799,0.6661,0.6393,0.3115,0.2576,0.2556,0.2202,177.4263,164.2034,42.3056,0.7518
121.033,3631,in_bed,0.6839,0.8753,-0.0051,2.3054,0.8804,0.3819,0.8637,0.812,0.5559,0.2988,0.0797,0.6651,0.6367,0.3078,0.2561,0.2571,0.2191,177.479,164.3544,42.5975,0.7533
121.067,3632,in_bed,0.684,0.8728,-0.0046,2.2961,0.8774,0.3821,0.8586,0.8115,0.5564,0.2988,0.0798,0.6648,0.6341,0.3022,0.2551,0.2576,0.219,177.48,164.5427,42.837,0.7504
121.1,3633,in_bed,0.6855,0.8714,-0.0039,2.2897,0.8753,0.3823,0.8552,0.8115,0.5596,0.3003,0.0798,0.6653,0.6327,0.2956,0.2519,0.2593,0.2205,177.6111,164.6859,43.1622,0.7501
121.133,3634,in_bed,0.6862,0.8698,-0.0047,2.2851,0.8746,0.3827,0.8514,0.8115,0.561,0.3011,0.0797,0.6656,0.6318,0.2904,0.2505,0.2599,0.2214,177.7289,164.8082,43.3702,0.7504
121.167,3635,in_bed,0.6862,0.8678,-0.0052,2.2791,0.873,0.3831,0.8473,0.8107,0.5616,0.3008,0.0796,0.6655,0.6315,0.2856,0.249,0.2608,0.2212,177.7566,164.8705,43.5465,0.7508
121.2,3636,in_bed,0.6872,0.8658,-0.0056,2.2722,0.8714,0.3835,0.8437,0.8111,0.5634,0.3026,0.0796,0.6657,0.6333,0.2803,0.2477,0.2608,0.223,177.6947,165.0291,43.785,0.7494
121.233,3637,in_bed,0.6882,0.8648,-0.0059,2.2687,0.8707,0.3838,0.8413,0.8112,0.5651,0.3041,0.0795,0.6659,0.6357,0.2762,0.2461,0.261,0.2246,177.8595,165.0706,43.8828,0.7485
121.267,3638,in_bed,0.6893,0.8642,-0.0059,2.2657,0.8701,0.384,0.8401,0.812,0.5665,0.3044,0.0796,0.6668,0.6381,0.2735,0.2454,0.2621,0.2249,177.9269,165.1333,44.0042,0.7473
121.3,3639,in_bed,0.6899,0.8644,-0.0057,2.2659,0.8701,0.384,0.84,0.8122,0.5677,0.3045,0.0795,0.6668,0.6385,0.2723,0.2446,0.2631,0.225,178.0449,165.1426,43.9709,0.748
121.333,3640,in_bed,0.6902,0.8625,-0.0055,2.2597,0.868,0.3841,0.8374,0.8119,0.5686,0.3056,0.0795,0.6666,0.6367,0.2688,0.2433,0.263,0.2261,178.0722,165.1435,43.9119,0.7474
121.367,3641,in_bed,0.6903,0.8619,-0.0058,2.2575,0.8677,0.3844,0.837,0.8117,0.569,0.3052,0.0795,0.6669,0.6367,0.268,0.2427,0.2638,0.2257,178.0435,165.1724,43.9488,0.7472
121.4,3642,in_bed,0.6912,0.8616,-0.0069,2.2582,0.8685,0.3846,0.8366,0.8117,0.5706,0.3049,0.0794,0.6671,0.6374,0.266,0.2412,0.2657,0.2255,178.0579,165.1182,44.0588,0.7482
121.433,3643,in_bed,0.6916,0.8607,-0.0074,2.2556,0.868,0.3848,0.8357,0.8117,0.5716,0.3046,0.0794,0.667,0.6382,0.2641,0.2402,0.267,0.2252,178.0375,165.1716,44.1973,0.7478
121.467,3644,in_bed,0.6929,0.8607,-0.0079,2.2561,0.8685,0.385,0.8355,0.8126,0.5733,0.3049,0.0793,0.6678,0.6403,0.2622,0.2393,0.2685,0.2255,178.2126,165.2558,44.1619,0.749
121.5,3645,in_bed,0.6926,0.8611,-0.0083,2.2577,0.8694,0.3851,0.8362,0.8129,0.5723,0.3049,0.0793,0.6687,0.6413,0.2639,0.2406,0.2674,0.2256,178.2489,165.2768,44.204,0.7501
121.533,3646,in_bed,0.6934,0.8614,-0.0087,2.2583,0.8701,0.3853,0.8367,0.8135,0.5732,0.3051,0.0793,0.6695,0.6427,0.2635,0.2403,0.2682,0.2258,178.3109,165.2662,44.2474,0.7514
121.567,3647,in_bed,0.6927,0.8611,-0.0086,2.257,0.8697,0.3853,0.8367,0.8132,0.5722,0.3049,0.0793,0.6692,0.6438,0.2645,0.241,0.2673,0.2256,178.1727,165.2896,44.2658,0.7504
121.6,3648,in_bed,0.6919,0.861,-0.0074,2.255,0.8685,0.3851,0.8367,0.8131,0.5706,0.3036,0.0794,0.6686,0.6431,0.2661,0.2425,0.2671,0.2242,177.9479,165.3322,44.2725,0.7485
121.633,3649,in_bed,0.6915,0.8611,-0.0072,2.2554,0.8683,0.385,0.8368,0.8127,0.5704,0.3032,0.0794,0.6676,0.6426,0.2663,0.2422,0.2672,0.2238,177.7869,165.3504,44.3817,0.7481
121.667,3650,in_bed,0.6914,0.861,-0.0069,2.2553,0.868,0.3849,0.8367,0.8123,0.5706,0.3031,0.0794,0.6669,0.6413,0.2661,0.2418,0.2675,0.2237,177.8244,165.381,44.4287,0.7477
121.7,3651,in_bed,0.6917,0.8614,-0.0069,2.2564,0.8683,0.3848,0.837,0.8121,0.5714,0.3034,0.0794,0.6668,0.6406,0.2656,0.2407,0.2679,0.224,177.7076,165.409,44.5965,0.7475
121.733,3652,in_bed,0.6907,0.8612,-0.0073,2.2568,0.8686,0.3849,0.8371,0.8116,0.5698,0.3032,0.0794,0.6667,0.6416,0.2672,0.2418,0.2666,0.2238,177.7894,165.4081,44.6324,0.7477
121.767,3653,in_bed,0.6896,0.8611,-0.0079,2.2577,0.8691,0.3849,0.8367,0.8107,0.5686,0.3034,0.0794,0.6664,0.6454,0.2681,0.2421,0.2651,0.2241,177.7388,165.4953,44.7603,0.7489
121.8,3654,in_bed,0.6884,0.8606,-0.0084,2.257,0.869,0.385,0.836,0.8099,0.5668,0.3032,0.0793,0.6656,0.6464,0.2692,0.2431,0.2636,0.2239,177.7777,165.4769,44.7453,0.749
121.833,3655,in_bed,0.6886,0.8607,-0.008,2.2566,0.8686,0.3849,0.8361,0.8097,0.5676,0.3042,0.0794,0.6653,0.648,0.2685,0.2421,0.2634,0.2249,177.7823,165.5348,44.7647,0.7492
121.867,3656,in_bed,0.6884,0.8603,-0.0083,2.2563,0.8686,0.385,0.8356,0.8095,0.5672,0.3034,0.0793,0.6649,0.6481,0.2683,0.2423,0.2639,0.2241,177.7623,165.5203,44.6465,0.7494
121.9,3657,in_bed,0.689,0.8603,-0.0075,2.255,0.8678,0.3848,0.8356,0.8101,0.5679,0.3032,0.0794,0.6649,0.6475,0.2678,0.2422,0.2646,0.2238,177.6951,165.5481,44.6124,0.7479
121.933,3658,in_bed,0.6895,0.8603,-0.0078,2.2554,0.8681,0.3849,0.8356,0.8107,0.5682,0.3028,0.0794,0.6647,0.6463,0.2674,0.2425,0.2655,0.2234,177.8336,165.514,44.517,0.7487
121.967,3659,in_bed,0.6901,0.8605,-0.0082,2.2569,0.8687,0.3849,0.8362,0.8113,0.5689,0.3018,0.0793,0.6649,0.648,0.2673,0.2423,0.2671,0.2225,177.7325,165.5565,44.4917,0.7494
122.0,3660,in_bed,0.6909,0.86,-0.0082,2.2547,0.8682,0.3851,0.8354,0.8113,0.5705,0.3039,0.0793,0.6656,0.647,0.265,0.2408,0.2666,0.2246,177.8197,165.4463,44.5597,0.749
122.033,3661,in_bed,0.6915,0.8601,-0.0086,2.2546,0.8687,0.3853,0.8355,0.8118,0.5713,0.3051,0.0793,0.6666,0.6481,0.2642,0.2405,0.2662,0.2258,178.0073,165.3855,44.5271,0.749
122.067,3662,in_bed,0.6922,0.8599,-0.0079,2.2528,0.8678,0.3852,0.8349,0.812,0.5725,0.3045,0.0793,0.6668,0.6458,0.2625,0.2396,0.2679,0.2252,177.829,165.3609,44.5231,0.7482
122.1,3663,in_bed,0.6912,0.8589,-0.0069,2.2481,0.8658,0.3851,0.8334,0.8115,0.5709,0.3029,0.0794,0.6659,0.6436,0.2625,0.2406,0.268,0.2235,177.7316,165.3025,44.3842,0.7456
122.133,3664,in_bed,0.6901,0.8576,-0.0069,2.2442,0.8644,0.3852,0.8321,0.8108,0.5693,0.3014,0.0794,0.6651,0.6443,0.2627,0.2415,0.2679,0.2219,177.6538,165.3378,44.3009,0.7437
122.167,3665,in_bed,0.6905,0.8568,-0.0065,2.2409,0.8634,0.3853,0.8315,0.811,0.57,0.3017,0.0795,0.6654,0.6432,0.2614,0.241,0.2684,0.2222,177.6231,165.308,44.3479,0.7427
122.2,3666,in_bed,0.6913,0.8566,-0.0061,2.2398,0.8628,0.3852,0.8312,0.8113,0.5712,0.3019,0.0795,0.6657,0.6419,0.26,0.2401,0.2694,0.2223,177.5328,165.28,44.2804,0.7424
122.233,3667,in_bed,0.6923,0.8562,-0.0068,2.2389,0.863,0.3854,0.831,0.8119,0.5728,0.302,0.0795,0.6669,0.6412,0.2582,0.2391,0.2707,0.2226,177.59,165.2442,44.2333,0.7435
122.267,3668,in_bed,0.6928,0.8563,-0.0072,2.2396,0.8635,0.3855,0.8313,0.8124,0.5732,0.3007,0.0794,0.6676,0.6444,0.2581,0.2392,0.2725,0.2212,177.5671,165.2785,44.1519,0.7442
122.3,3669,in_bed,0.6925,0.8559,-0.0083,2.2409,0.8642,0.3857,0.8311,0.8122,0.5728,0.299,0.0793,0.6676,0.6486,0.2583,0.2394,0.2737,0.2197,177.5371,165.3127,43.9929,0.7477
122.333,3670,in_bed,0.6941,0.8585,-0.0097,2.2507,0.8682,0.3857,0.834,0.8146,0.5736,0.2985,0.0792,0.6699,0.6555,0.2604,0.241,0.275,0.2194,177.6796,165.5962,43.7032,0.7534
122.367,3671,in_bed,0.6941,0.8593,-0.0126,2.2582,0.872,0.3861,0.8351,0.8153,0.5728,0.2979,0.0789,0.6705,0.6632,0.2623,0.2425,0.2749,0.219,177.6173,165.6743,43.6134,0.7591
122.4,3672,in_bed,0.6922,0.8598,-0.0147,2.2637,0.8745,0.3863,0.8357,0.8145,0.57,0.298,0.0787,0.6698,0.6698,0.2658,0.2445,0.272,0.2192,177.4178,165.7052,43.547,0.7604
122.433,3673,in_bed,0.689,0.8571,-0.0187,2.2632,0.8759,0.387,0.8334,0.811,0.567,0.2967,0.0784,0.6668,0.6744,0.2664,0.244,0.2703,0.2183,177.1574,165.8176,43.8604,0.7606
122.467,3674,in_bed,0.6871,0.8566,-0.0207,2.2647,0.8774,0.3874,0.8332,0.8097,0.5644,0.2964,0.0784,0.6655,0.6765,0.2688,0.2453,0.2681,0.218,177.1701,165.8911,44.0746,0.7539
122.5,3675,in_bed,0.6812,0.8502,-0.0307,2.2646,0.8809,0.389,0.8275,0.8032,0.5593,0.2915,0.0775,0.6597,0.6741,0.2682,0.2439,0.2678,0.214,176.8096,166.1052,44.4507,0.7589
122.533,3676,in_bed,0.6778,0.8449,-0.0373,2.2613,0.8822,0.3901,0.8225,0.7979,0.5578,0.2882,0.0768,0.6548,0.6704,0.2648,0.2401,0.2696,0.2114,176.2976,166.3524,44.9839,0.7629
122.567,3677,in_bed,0.6779,0.841,-0.0412,2.2568,0.8822,0.3909,0.8188,0.795,0.5607,0.2866,0.0764,0.6506,0.6707,0.258,0.2343,0.2742,0.2102,175.7114,166.6264,45.7088,0.7656
122.6,3678,in_bed,0.6783,0.8381,-0.0433,2.2522,0.8814,0.3913,0.8161,0.7924,0.5642,0.2874,0.0761,0.6477,0.6713,0.2519,0.2282,0.2767,0.2114,175.0815,166.8235,46.3785,0.7712
122.633,3679,in_bed,0.6757,0.8344,-0.0412,2.2382,0.8756,0.3912,0.8125,0.7881,0.5633,0.2852,0.0761,0.6424,0.6752,0.2493,0.2249,0.2781,0.209,173.4667,167.1848,46.5856,0.7748
122.667,3680,in_bed,0.6723,0.8305,-0.0378,2.2234,0.8683,0.3905,0.8087,0.7831,0.5614,0.2824,0.0761,0.6362,0.6746,0.2472,0.2217,0.279,0.2063,171.4548,167.9166,46.8729,0.7882
122.7,3681,in_bed,0.6717,0.8306,-0.03,2.2124,0.8605,0.389,0.8085,0.7819,0.5615,0.2804,0.0766,0.6341,0.6749,0.247,0.2204,0.2811,0.2037,168.6257,168.8535,47.145,0.7956
122.733,3682,in_bed,0.6761,0.8343,-0.0234,2.2133,0.8577,0.3875,0.8118,0.7855,0.5666,0.2809,0.0771,0.6365,0.6738,0.2451,0.2189,0.2857,0.2038,167.3281,168.0858,47.7142,0.8046
122.767,3683,in_bed,0.6822,0.8424,-0.0148,2.223,0.8572,0.3856,0.819,0.7928,0.5716,0.2831,0.0776,0.6428,0.6763,0.2474,0.2212,0.2884,0.2056,167.5991,167.4764,47.5653,0.8176
122.8,3684,in_bed,0.6908,0.8538,-0.0043,2.2403,0.8581,0.383,0.8278,0.803,0.5785,0.2873,0.0782,0.6513,0.6824,0.2492,0.2245,0.2913,0.2091,168.3363,166.805,47.4607,0.8335
122.833,3685,in_bed,0.6976,0.8656,0.0046,2.2625,0.861,0.3806,0.8407,0.8116,0.5835,0.2931,0.0787,0.6582,0.6841,0.2572,0.2281,0.2904,0.2144,168.6287,165.8399,47.7034,0.8439
122.867,3686,in_bed,0.7022,0.8746,0.009,2.2858,0.8656,0.3787,0.8492,0.8175,0.5868,0.2973,0.0789,0.6612,0.6809,0.2624,0.2307,0.2896,0.2183,169.0365,165.835,47.6587,0.8501
122.9,3687,in_bed,0.7042,0.8813,0.0117,2.3066,0.8696,0.377,0.856,0.8212,0.5873,0.3002,0.0791,0.6611,0.6737,0.2687,0.2338,0.2871,0.2211,169.1862,165.9259,47.629,0.8538
122.933,3688,in_bed,0.7069,0.8884,0.0118,2.3347,0.8767,0.3755,0.8632,0.8255,0.5883,0.3038,0.0791,0.6617,0.6673,0.2749,0.2372,0.2845,0.2247,169.6163,166.6909,47.522,0.8563
122.967,3689,in_bed,0.7047,0.8933,0.0121,2.3565,0.8812,0.374,0.87,0.8272,0.5823,0.3028,0.0792,0.6569,0.6648,0.2877,0.2449,0.2795,0.2237,169.4373,167.4977,47.1656,0.8538
123.0,3690,in_bed,0.7046,0.8994,0.0114,2.3854,0.888,0.3723,0.8776,0.8298,0.5794,0.3028,0.0792,0.6551,0.6604,0.2982,0.2504,0.2766,0.2236,170.0934,168.4367,47.1769,0.8527
123.033,3691,in_bed,0.7069,0.9092,0.0123,2.4246,0.8969,0.3699,0.888,0.8356,0.5783,0.3034,0.0793,0.655,0.6601,0.3097,0.2573,0.2749,0.2241,170.7313,169.6529,46.9209,0.8529
123.067,3692,in_bed,0.7075,0.921,0.0124,2.4741,0.9086,0.3672,0.8998,0.8403,0.5746,0.3034,0.0794,0.6543,0.674,0.3252,0.2657,0.2713,0.2239,171.3031,169.8925,46.5028,0.8471
123.1,3693,in_bed,0.7055,0.9301,0.0128,2.5143,0.9173,0.3648,0.9087,0.8434,0.5676,0.301,0.0795,0.6528,0.6854,0.3411,0.2758,0.2666,0.2215,170.9452,169.9108,46.1094,0.8389
123.133,3694,in_bed,0.7036,0.9357,0.0125,2.5423,0.9231,0.3631,0.9123,0.8464,0.5608,0.2964,0.0796,0.6534,0.6884,0.3516,0.2856,0.2644,0.2168,169.6618,169.9297,46.0554,0.8341
123.167,3695,in_bed,0.7064,0.9403,0.014,2.56,0.9263,0.3618,0.9172,0.8526,0.5601,0.2936,0.0798,0.6564,0.684,0.3571,0.2925,0.2665,0.2138,167.7976,169.9287,46.049,0.8206
123.2,3696,in_bed,0.707,0.9416,0.0168,2.5656,0.9248,0.3604,0.9202,0.854,0.5601,0.2875,0.08,0.6564,0.6762,0.3602,0.2939,0.2726,0.2075,166.1013,170.0219,46.3201,0.8129
123.233,3697,in_bed,0.7102,0.9443,0.0192,2.5736,0.9251,0.3594,0.924,0.8588,0.5617,0.2856,0.0801,0.6636,0.6765,0.3623,0.2971,0.2761,0.2055,164.7098,168.99,46.5734,0.8088
123.267,3698,in_bed,0.7116,0.9852,0.0199,2.7393,0.9653,0.3524,0.94,0.8633,0.56,0.2834,0.0801,0.6685,0.6658,0.38,0.3032,0.2766,0.2032,163.5414,167.8372,46.8826,0.8549
123.3,3699,in_bed,0.7119,0.9877,0.0218,2.7478,0.9659,0.3515,0.9411,0.8658,0.558,0.2811,0.0802,0.6738,0.6797,0.383,0.3078,0.2769,0.2009,162.3864,166.411,47.3716,0.8552
123.333,3700,in_bed,0.7143,0.9899,0.0233,2.7533,0.9666,0.3511,0.942,0.8688,0.5599,0.2802,0.0803,0.677,0.6845,0.3821,0.3089,0.2797,0.1999,161.2501,164.9604,48.0351,0.8504
123.367,3701,in_bed,0.7152,0.9497,0.026,2.5826,0.9237,0.3577,0.9247,0.8688,0.5615,0.2799,0.0805,0.6773,0.6928,0.3632,0.3073,0.2816,0.1994,159.5668,162.9092,49.0299,0.7958
123.4,3702,in_bed,0.7146,0.9493,0.0284,2.5747,0.9209,0.3577,0.926,0.867,0.5622,0.2787,0.0808,0.6749,0.7006,0.3638,0.3048,0.2835,0.1979,157.621,160.0925,50.5332,0.7738
123.433,3703,in_bed,0.7124,0.9454,0.0292,2.5575,0.9162,0.3583,0.9198,0.8632,0.5616,0.2769,0.0809,0.6709,0.7023,0.3582,0.3016,0.2847,0.196,155.3003,157.0685,52.1487,0.7647
123.467,3704,in_bed,0.7101,0.9385,0.0318,2.5212,0.9066,0.3596,0.9133,0.8592,0.5611,0.2773,0.0812,0.6662,0.7005,0.3523,0.2982,0.2837,0.1962,152.5448,153.8235,53.4809,0.7487
123.5,3705,in_bed,0.7079,0.9283,0.0349,2.4749,0.8933,0.361,0.9017,0.8546,0.5612,0.2796,0.0814,0.6631,0.6938,0.3405,0.2934,0.2816,0.1982,151.6298,152.2813,54.4335,0.7375
123.533,3706,in_bed,0.7038,0.9142,0.0387,2.4289,0.8755,0.3604,0.8831,0.8479,0.5598,0.2817,0.0818,0.6566,0.6777,0.3233,0.2881,0.2781,0.1999,149.8523,149.9192,55.2082,0.724
123.567,3707,in_bed,0.7002,0.9003,0.0418,2.3837,0.8586,0.3602,0.8658,0.8402,0.5603,0.2836,0.0823,0.6507,0.6601,0.3055,0.2798,0.2767,0.2012,147.6726,146.6878,56.1626,0.7113
123.6,3708,in_bed,0.6994,0.8897,0.0441,2.342,0.8456,0.3611,0.8496,0.8343,0.5645,0.284,0.0829,0.644,0.6249,0.2851,0.2698,0.2805,0.201,145.4556,143.201,57.328,0.6989
123.633,3709,in_bed,0.6967,0.8768,0.045,2.3052,0.8318,0.3608,0.8371,0.826,0.5675,0.282,0.0834,0.6315,0.6071,0.2696,0.2586,0.2855,0.1986,144.2557,140.6742,58.4367,0.6876
123.667,3710,in_bed,0.6961,0.8697,0.0463,2.2805,0.8234,0.361,0.8294,0.8206,0.5716,0.2806,0.0835,0.6252,0.5944,0.2578,0.249,0.291,0.1971,144.5202,139.7765,59.266,0.6821
123.7,3711,in_bed,0.6992,0.8668,0.0443,2.2575,0.8225,0.3644,0.8236,0.8198,0.5786,0.2802,0.0831,0.6215,0.6081,0.2451,0.2412,0.2984,0.1971,145.0285,139.2728,59.9385,0.6883
123.733,3712,in_bed,0.7012,0.8626,0.0405,2.2171,0.8221,0.3708,0.8151,0.8165,0.586,0.2814,0.0823,0.6163,0.5801,0.2291,0.2306,0.3046,0.1991,144.5642,137.3124,61.028,0.7032
123.767,3713,in_bed,0.7024,0.857,0.0357,2.1866,0.8213,0.3756,0.8075,0.8123,0.5924,0.2843,0.0818,0.6087,0.5979,0.2151,0.2199,0.3081,0.2026,143.19,135.0601,62.2939,0.7074
123.8,3714,in_bed,0.7038,0.8515,0.0273,2.1707,0.8242,0.3797,0.8016,0.8078,0.5998,0.2881,0.0809,0.603,0.5896,0.2019,0.208,0.3117,0.2072,142.103,132.3624,63.7873,0.7225
123.833,3715,in_bed,0.7036,0.8454,0.0208,2.1746,0.8247,0.3792,0.795,0.803,0.6043,0.2889,0.0802,0.5933,0.5786,0.1907,0.1987,0.3154,0.2087,139.264,129.1912,65.1241,0.7294
123.867,3716,in_bed,0.705,0.8425,0.0203,2.1856,0.8223,0.3762,0.7951,0.8015,0.6085,0.2877,0.0798,0.5886,0.5704,0.1866,0.193,0.3208,0.2079,138.3531,127.5831,66.2263,0.7345
123.9,3717,in_bed,0.704,0.8358,0.0179,2.1876,0.8179,0.3739,0.7913,0.7955,0.6125,0.2801,0.0791,0.5833,0.558,0.1788,0.183,0.3324,0.2009,136.0782,123.1388,67.9883,0.7625
123.933,3718,in_bed,0.7073,0.8365,0.0226,2.1874,0.8139,0.3721,0.7914,0.7981,0.6166,0.2799,0.079,0.5842,0.5436,0.1748,0.1815,0.3367,0.2008,132.1033,118.291,68.8026,0.7848
123.967,3719,in_bed,0.7083,0.8386,0.0271,2.1925,0.8115,0.3701,0.7933,0.8003,0.6163,0.2808,0.079,0.5878,0.5624,0.177,0.184,0.3355,0.2018,125.1175,111.3468,69.1737,0.8175
124.0,3720,in_bed,0.7074,0.8416,0.0372,2.1998,0.8044,0.3657,0.7961,0.8029,0.6119,0.2848,0.0793,0.5899,0.5623,0.1842,0.1909,0.3271,0.2055,118.8226,104.415,69.0051,0.8515
124.033,3721,in_bed,0.7009,0.8383,0.0456,2.1842,0.7927,0.3629,0.7935,0.7994,0.6024,0.2877,0.0797,0.5863,0.5845,0.1911,0.1971,0.3147,0.208,116.6832,100.5786,68.6689,0.8402
124.067,3722,in_bed,0.6978,0.8394,0.0508,2.1769,0.7886,0.3623,0.7948,0.8002,0.5955,0.2939,0.0798,0.5391,0.6147,0.1994,0.2047,0.3016,0.2141,115.8597,99.274,68.0006,0.8411
124.1,3723,in_bed,0.6962,0.8454,0.0592,2.1843,0.7862,0.3599,0.7999,0.8006,0.5918,0.301,0.0801,0.55,0.6503,0.2081,0.2087,0.2908,0.2209,114.8034,97.7251,67.52,0.8329
124.133,3724,in_bed,0.6972,0.8516,0.0695,2.1892,0.7821,0.3573,0.8066,0.8033,0.5912,0.3099,0.0803,0.5606,0.6821,0.2154,0.2121,0.2813,0.2296,115.0037,98.0231,67.0239,0.8264
124.167,3725,in_bed,0.6939,0.8535,0.0776,2.1875,0.7759,0.3547,0.8093,0.8023,0.5856,0.3056,0.0804,0.566,0.6987,0.2237,0.2167,0.28,0.2252,114.9724,99.2071,66.3762,0.8174
124.2,3726,in_bed,0.693,0.8549,0.0774,2.1863,0.7776,0.3557,0.8126,0.8031,0.5828,0.3017,0.0805,0.5687,0.7038,0.2299,0.2204,0.2811,0.2212,114.8451,100.5948,65.7291,0.8167
124.233,3727,in_bed,0.6912,0.857,0.0698,2.1833,0.7872,0.3606,0.8167,0.804,0.5785,0.2983,0.0804,0.5715,0.7123,0.2382,0.2255,0.2802,0.2179,114.9127,102.1219,64.8534,0.829
124.267,3728,in_bed,0.6881,0.8565,0.0633,2.1777,0.7932,0.3642,0.8169,0.804,0.5722,0.2906,0.0803,0.5691,0.7134,0.2447,0.2318,0.2816,0.2103,114.8596,104.0308,63.805,0.8419
124.3,3729,in_bed,0.6889,0.8613,0.0552,2.2156,0.8062,0.3639,0.8201,0.8102,0.5677,0.2845,0.0801,0.5729,0.7148,0.2524,0.2426,0.2831,0.2044,114.1794,106.6511,62.0518,0.8603
124.333,3730,in_bed,0.6947,0.8731,0.0519,2.2683,0.8212,0.362,0.8302,0.822,0.5673,0.2802,0.0801,0.5821,0.7107,0.2629,0.2548,0.2871,0.2001,113.2563,109.4777,60.1796,0.8714
124.367,3731,in_bed,0.6972,0.8854,0.0496,2.3233,0.8358,0.3598,0.8399,0.832,0.5624,0.2734,0.0801,0.5903,0.7028,0.2775,0.2697,0.289,0.1933,112.0977,112.2322,58.1217,0.8802
124.4,3732,in_bed,0.7018,0.8967,0.0526,2.3638,0.8442,0.3571,0.8495,0.8418,0.5618,0.2639,0.0803,0.6314,0.6532,0.2877,0.28,0.2979,0.1837,112.2219,116.3238,56.2204,0.88
124.433,3733,in_bed,0.7025,0.9032,0.0548,2.3917,0.8483,0.3547,0.8519,0.8491,0.5559,0.2474,0.0804,0.6364,0.6456,0.296,0.2931,0.3085,0.167,111.7036,121.07,53.876,0.8751
124.467,3734,in_bed,0.7002,0.9088,0.0577,2.4139,0.8511,0.3526,0.8548,0.8543,0.5461,0.2286,0.0806,0.6469,0.6409,0.3087,0.3082,0.3175,0.148,110.9849,125.5325,51.5467,0.8725
124.5,3735,in_bed,0.6945,0.913,0.0595,2.4395,0.8535,0.3499,0.85,0.8563,0.5328,0.2246,0.0807,0.6505,0.6373,0.3172,0.3235,0.3082,0.1439,114.8169,132.2345,48.9155,0.8568
124.533,3736,in_bed,0.6904,0.9139,0.064,2.4574,0.8499,0.3459,0.8572,0.8607,0.52,0.2264,0.0809,0.6498,0.6365,0.3372,0.3407,0.2936,0.1456,121.2054,139.419,46.4386,0.8687
124.567,3737,in_bed,0.689,0.9195,0.0631,2.4781,0.8564,0.3456,0.8616,0.8663,0.5117,0.2387,0.0808,0.649,0.6388,0.35,0.3546,0.2729,0.158,127.2997,145.6227,44.1393,0.8777
124.6,3738,in_bed,0.6866,0.9238,0.0625,2.4955,0.8613,0.3452,0.8667,0.8694,0.5038,0.2473,0.0807,0.6472,0.6398,0.3629,0.3656,0.2565,0.1666,131.6732,150.6774,42.2293,0.8835
124.633,3739,in_bed,0.6853,0.9297,0.0629,2.5182,0.8668,0.3442,0.8751,0.8737,0.4969,0.2487,0.0807,0.6478,0.6423,0.3782,0.3768,0.2482,0.168,131.1565,152.0117,40.9379,0.8922
124.667,3740,in_bed,0.6817,0.934,0.064,2.5373,0.87,0.3429,0.8811,0.8746,0.4889,0.2506,0.0807,0.6451,0.6413,0.3922,0.3857,0.2383,0.1698,131.9428,153.6817,39.7902,0.8976
124.7,3741,in_bed,0.6786,0.9389,0.0647,2.5544,0.8741,0.3422,0.888,0.876,0.4812,0.2499,0.0806,0.6443,0.6404,0.4068,0.3948,0.2313,0.1693,131.2773,154.1809,38.7215,0.9148
124.733,3742,in_bed,0.6753,0.9445,0.0659,2.5803,0.8786,0.3405,0.8992,0.8729,0.4778,0.2559,0.0807,0.6421,0.6429,0.4214,0.3951,0.2219,0.1752,133.5932,154.4538,38.3216,0.9248
124.767,3743,in_bed,0.6691,0.9463,0.066,2.59,0.8803,0.3399,0.9016,0.8702,0.4679,0.2534,0.0807,0.6382,0.6449,0.4337,0.4022,0.2146,0.1726,132.0462,153.1647,37.6524,0.9293
124.8,3744,in_bed,0.6676,0.9487,0.0674,2.6021,0.8813,0.3387,0.9046,0.87,0.4653,0.2548,0.0807,0.6365,0.645,0.4393,0.4047,0.2105,0.1741,130.5532,152.1603,37.4101,0.9285
124.833,3745,in_bed,0.6641,0.9482,0.0677,2.6022,0.8805,0.3384,0.9042,0.8679,0.4603,0.2499,0.0807,0.6349,0.6408,0.4439,0.4075,0.2104,0.1692,130.0915,152.0054,36.9226,0.9302
124.867,3746,in_bed,0.6625,0.948,0.066,2.5979,0.882,0.3395,0.9035,0.866,0.459,0.2464,0.0806,0.6326,0.6358,0.4445,0.407,0.2126,0.1657,131.2624,152.7147,36.4565,0.9303
124.9,3747,in_bed,0.6635,0.949,0.0649,2.5977,0.8841,0.3403,0.9036,0.8665,0.4604,0.237,0.0805,0.6313,0.6313,0.4432,0.4062,0.2234,0.1565,128.3612,155.0279,35.6171,0.9364
124.933,3748,in_bed,0.6655,0.9508,0.0645,2.5997,0.8863,0.3409,0.9043,0.8687,0.4623,0.2283,0.0804,0.6312,0.6288,0.4419,0.4064,0.234,0.1479,125.0579,154.7359,34.3126,0.9466
124.967,3749,in_bed,0.6659,0.9545,0.0661,2.6176,0.8884,0.3394,0.906,0.8685,0.4632,0.2266,0.0805,0.6298,0.6262,0.4428,0.4053,0.2366,0.1461,124.6047,155.4785,33.135,0.9488
125.0,3750,in_bed,0.6637,0.9568,0.0692,2.6329,0.8876,0.3371,0.9066,0.8671,0.4603,0.2173,0.0806,0.627,0.6232,0.4463,0.4068,0.243,0.1367,123.8923,155.9388,32.2132,0.9512
125.033,3751,in_bed,0.6625,0.9586,0.0701,2.6415,0.8885,0.3364,0.9074,0.8647,0.4603,0.2211,0.0806,0.6229,0.6167,0.447,0.4043,0.2393,0.1405,125.1287,157.0146,31.4049,0.964
125.067,3752,in_bed,0.6556,0.9588,0.0753,2.658,0.8835,0.3324,0.9062,0.8578,0.4534,0.213,0.0807,0.6156,0.6028,0.4528,0.4044,0.2404,0.1323,124.6795,157.3718,30.4626,0.9823
125.1,3753,in_bed,0.6506,0.96,0.0777,2.6704,0.8823,0.3304,0.9013,0.8516,0.4496,0.2156,0.0808,0.608,0.5888,0.4517,0.402,0.234,0.1348,124.2735,157.1776,29.7784,1.0122
125.133,3754,in_bed,0.6483,0.9632,0.079,2.682,0.8841,0.3297,0.9103,0.8495,0.4471,0.2136,0.0808,0.6048,0.5798,0.4632,0.4023,0.2336,0.1327,123.2903,157.5807,28.8478,1.068
125.167,3755,in_bed,0.6467,0.9673,0.0773,2.6881,0.8899,0.3311,0.9094,0.847,0.4465,0.2142,0.0808,0.6018,0.5758,0.4629,0.4005,0.2322,0.1335,121.3079,155.7033,28.1644,1.0865
125.2,3756,in_bed,0.6424,0.9682,0.0766,2.6843,0.8916,0.3322,0.9117,0.8426,0.4423,0.207,0.0807,0.5995,0.5656,0.4694,0.4003,0.2353,0.1263,117.4679,152.4929,27.6518,1.1316
125.233,3757,in_bed,0.6415,0.9698,0.0768,2.6868,0.893,0.3324,0.9142,0.8402,0.4428,0.206,0.0806,0.5994,0.5511,0.4714,0.3974,0.2368,0.1255,110.2952,146.5463,27.4373,1.1758
125.267,3758,in_bed,0.6386,0.9671,0.077,2.6677,0.89,0.3336,0.9116,0.8363,0.441,0.1941,0.0803,0.6007,0.5351,0.4707,0.3953,0.2469,0.1137,91.6988,133.3984,27.3608,1.2539
125.3,3759,in_bed,0.6386,0.9667,0.0755,2.6549,0.8911,0.3356,0.9115,0.8345,0.4427,0.2045,0.0802,0.6055,0.5302,0.4688,0.3918,0.2382,0.1242,84.7531,125.3333,27.6533,1.3252
125.333,3760,in_bed,0.6387,0.967,0.0731,2.6488,0.894,0.3375,0.9117,0.8336,0.4438,0.2129,0.0801,0.6095,0.5275,0.4679,0.3898,0.231,0.1328,78.2096,118.9564,27.4905,1.3892
125.367,3761,in_bed,0.6376,0.9687,0.07,2.6564,0.8987,0.3383,0.913,0.8309,0.4442,0.2395,0.08,0.6132,0.5299,0.4688,0.3867,0.2047,0.1594,74.7962,111.5563,27.778,1.4552
125.4,3762,in_bed,0.635,0.9712,0.0679,2.6644,0.9033,0.339,0.9152,0.8275,0.4424,0.2652,0.08,0.6141,0.5346,0.4728,0.385,0.1772,0.1852,73.1108,105.7279,28.0665,1.4962
125.433,3763,in_bed,0.6326,0.9734,0.0689,2.6649,0.9045,0.3394,0.9175,0.823,0.4422,0.2808,0.08,0.6093,0.5411,0.4753,0.3808,0.1615,0.2007,71.8784,102.1558,28.4699,1.5045
125.467,3764,in_bed,0.6243,0.9724,0.0685,2.6576,0.9039,0.3401,0.9173,0.8123,0.4363,0.2873,0.08,0.5964,0.5457,0.4809,0.376,0.1491,0.2073,69.444,98.6554,29.2995,1.4886
125.5,3765,in_bed,0.6162,0.9713,0.0688,2.6484,0.9025,0.3408,0.9174,0.8024,0.4301,0.2922,0.08,0.5853,0.553,0.4873,0.3723,0.1379,0.2122,66.9511,94.8251,30.6602,1.4676
125.533,3766,in_bed,0.6049,0.9667,0.0676,2.6288,0.8991,0.342,0.9154,0.787,0.4227,0.2935,0.08,0.5759,0.5573,0.4927,0.3644,0.1292,0.2135,65.3478,91.2643,32.5926,1.4408
125.567,3767,in_bed,0.5943,0.9586,0.0677,2.5935,0.8908,0.3435,0.9125,0.7709,0.4178,0.2989,0.08,0.566,0.5626,0.4947,0.3532,0.1189,0.2189,63.6474,86.7718,34.9115,1.4098
125.6,3768,in_bed,0.583,0.9487,0.0665,2.5568,0.8822,0.345,0.9079,0.7547,0.4114,0.3014,0.08,0.5572,0.5599,0.4966,0.3433,0.11,0.2214,64.0017,84.4969,36.5775,1.3632
125.633,3769,in_bed,0.5675,0.9324,0.0605,2.5102,0.8719,0.3473,0.8965,0.7371,0.398,0.3029,0.0799,0.5473,0.5526,0.4985,0.3391,0.095,0.223,62.3306,80.6789,37.511,1.3145
125.667,3770,in_bed,0.5623,0.9252,0.0559,2.492,0.8694,0.3489,0.8843,0.7319,0.3927,0.3001,0.0799,0.5509,0.5609,0.4915,0.3391,0.0926,0.2203,68.6582,85.1611,38.0758,1.2489
125.7,3771,in_bed,0.5608,0.9226,0.0544,2.4819,0.8683,0.3498,0.8859,0.7324,0.3892,0.2939,0.08,0.5565,0.5797,0.4967,0.3432,0.0953,0.2139,94.5578,110.9518,38.0119,1.1446
125.733,3772,in_bed,0.5348,0.9061,0.0383,2.4709,0.8678,0.3512,0.8703,0.7131,0.3566,0.2866,0.0794,0.5391,0.5827,0.5137,0.3565,0.07,0.2071,74.2799,85.2833,37.2826,1.0981
125.767,3773,in_bed,0.5085,0.8845,0.0299,2.4203,0.8546,0.3531,0.8486,0.6895,0.3274,0.2918,0.0791,0.5153,0.5761,0.5211,0.3621,0.0356,0.2127,62.702,75.5922,37.3766,1.0637
125.8,3774,in_bed,0.484,0.8548,0.0335,2.3172,0.8212,0.3544,0.8187,0.6605,0.3074,0.2821,0.0795,0.4891,0.566,0.5113,0.3532,0.0253,0.2026,62.1616,76.6712,38.4713,0.9824
125.833,3775,in_bed,0.4663,0.8283,0.0373,2.2248,0.791,0.3555,0.7921,0.638,0.2947,0.2759,0.0797,0.4714,0.5633,0.4974,0.3433,0.0188,0.1962,66.8681,82.4747,39.5199,0.9154
125.867,3776,in_bed,0.4649,0.8097,0.0406,2.1546,0.7692,0.357,0.7738,0.6291,0.3007,0.2789,0.0798,0.4681,0.5728,0.4731,0.3284,0.0218,0.1991,78.9297,95.0176,40.9134,0.8521
125.9,3777,in_bed,0.4631,0.7894,0.0433,2.09,0.7461,0.357,0.7588,0.6181,0.308,0.2857,0.0799,0.4669,0.5832,0.4508,0.3101,0.0223,0.2058,88.0277,104.7718,42.9529,0.7984
125.933,3778,in_bed,0.456,0.7726,0.0468,2.0371,0.7258,0.3563,0.7432,0.6006,0.3115,0.2899,0.08,0.4623,0.5878,0.4318,0.2891,0.0216,0.2099,96.2344,113.1006,45.3824,0.7512
125.967,3779,in_bed,0.4527,0.7611,0.0516,1.9851,0.7095,0.3574,0.7315,0.5887,0.3167,0.2967,0.0802,0.4609,0.5918,0.4148,0.272,0.02,0.2165,95.7661,112.7194,47.5815,0.7187
126.0,3780,in_bed,0.447,0.7517,0.0566,1.9441,0.6952,0.3576,0.7172,0.5764,0.3176,0.3001,0.0806,0.4552,0.5875,0.3997,0.2588,0.0174,0.2195,93.7643,111.0365,49.3203,0.6946
126.033,3781,in_bed,0.4547,0.747,0.0637,1.9474,0.6833,0.3509,0.7137,0.5776,0.3317,0.3137,0.0811,0.4619,0.5946,0.3819,0.2458,0.018,0.2327,91.6662,107.5002,51.1899,0.6605
126.067,3782,in_bed,0.4567,0.7396,0.0713,1.9424,0.6683,0.3441,0.7068,0.5742,0.3392,0.3224,0.0815,0.4586,0.5924,0.3676,0.2351,0.0168,0.2409,85.4053,100.6349,53.2176,0.6328
126.1,3783,in_bed,0.4548,0.7242,0.081,1.9189,0.6433,0.3352,0.6914,0.5681,0.3414,0.3262,0.082,0.4562,0.5876,0.35,0.2267,0.0152,0.2441,79.223,94.6686,55.2623,0.6105
126.133,3784,in_bed,0.4478,0.7124,0.0727,1.9053,0.6397,0.3357,0.6793,0.5582,0.3374,0.3274,0.0827,0.4499,0.5796,0.342,0.2208,0.01,0.2447,74.1151,90.0509,57.2462,0.6027
126.167,3785,in_bed,0.4438,0.712,0.0666,1.9195,0.6454,0.3362,0.6788,0.5531,0.3345,0.3503,0.0835,0.4488,0.5772,0.3443,0.2186,-0.0158,0.2668,70.9397,83.2189,57.0216,0.607
126.2,3786,in_bed,0.445,0.7132,0.0602,1.9385,0.653,0.3369,0.6807,0.5521,0.3379,0.3577,0.0846,0.4505,0.5749,0.3427,0.2141,-0.0198,0.2731,75.6919,84.2635,56.4577,0.6155
126.233,3787,in_bed,0.4351,0.7095,0.0422,1.9625,0.6672,0.34,0.6771,0.5455,0.3247,0.3758,0.0838,0.4467,0.5667,0.3523,0.2207,-0.0511,0.292,52.6978,62.6925,55.4161,0.623
126.267,3788,in_bed,0.4226,0.7032,0.0251,1.9765,0.6781,0.3431,0.6714,0.5361,0.3091,0.4007,0.0831,0.4375,0.5539,0.3623,0.227,-0.0916,0.3176,63.5001,79.1663,54.661,0.6321
126.3,3789,in_bed,0.4161,0.6989,0.0164,1.9796,0.6825,0.3448,0.6679,0.5307,0.3014,0.4078,0.0827,0.4336,0.5448,0.3665,0.2293,-0.1064,0.3251,62.8742,79.5495,54.6659,0.6371
126.333,3790,in_bed,0.4119,0.697,0.0106,1.988,0.6864,0.3453,0.6668,0.5274,0.2964,0.4122,0.0832,0.4303,0.5388,0.3704,0.231,-0.1158,0.329,58.7357,76.1143,54.5178,0.6412
126.367,3791,in_bed,0.4077,0.6934,0.0077,1.9849,0.6857,0.3455,0.6659,0.5249,0.2906,0.4147,0.0835,0.4283,0.5347,0.3753,0.2343,-0.1241,0.3312,55.3596,72.6112,54.0706,0.6414
126.4,3792,in_bed,0.4179,0.7026,0.0139,1.9967,0.6887,0.3449,0.675,0.5347,0.301,0.427,0.0838,0.4378,0.5437,0.374,0.2337,-0.126,0.3432,53.4656,70.9646,53.9731,0.6465
126.433,3793,in_bed,0.4277,0.7071,0.0178,1.998,0.6893,0.345,0.68,0.5438,0.3116,0.4364,0.0841,0.4467,0.5524,0.3685,0.2322,-0.1249,0.3523,51.9559,69.8105,53.8939,0.6489
126.467,3794,in_bed,0.4365,0.7059,0.0229,1.9783,0.6831,0.3453,0.679,0.5524,0.3206,0.4512,0.0846,0.4541,0.5614,0.3584,0.2318,-0.1306,0.3666,50.5735,69.2671,53.7245,0.6439
126.5,3795,in_bed,0.4532,0.7123,0.0398,1.9589,0.6725,0.3433,0.6873,0.5662,0.3401,0.4643,0.0853,0.4636,0.5743,0.3472,0.2262,-0.1243,0.379,49.7379,70.4345,54.0074,0.6388
126.533,3796,in_bed,0.4666,0.7189,0.0604,1.9324,0.6585,0.3408,0.6951,0.5789,0.3542,0.4733,0.0858,0.4723,0.5875,0.3408,0.2246,-0.119,0.3874,49.4222,70.0569,53.8119,0.6317
126.567,3797,in_bed,0.4833,0.73,0.0804,1.9206,0.6495,0.3382,0.7063,0.5898,0.3767,0.4803,0.0861,0.4816,0.6008,0.3296,0.213,-0.1036,0.3942,52.5982,70.9096,54.722,0.6307
126.6,3798,in_bed,0.4987,0.7435,0.0775,1.9233,0.666,0.3463,0.7202,0.6051,0.3923,0.4932,0.0861,0.4956,0.6171,0.3279,0.2128,-0.1009,0.4071,52.4286,70.7688,53.5545,0.6381
126.633,3799,in_bed,0.5155,0.7564,0.0657,1.9278,0.6907,0.3583,0.7337,0.6201,0.4109,0.512,0.086,0.5093,0.6341,0.3228,0.2092,-0.1011,0.4261,50.4959,72.6637,52.1635,0.6681
126.667,3800,in_bed,0.546,0.7792,0.052,1.9588,0.7273,0.3713,0.757,0.6453,0.4467,0.5173,0.0858,0.5322,0.658,0.3103,0.1986,-0.0705,0.4314,52.9578,77.7382,51.5637,0.7088
126.7,3801,in_bed,0.575,0.7965,0.0446,1.9869,0.7519,0.3784,0.7744,0.6657,0.4843,0.5142,0.0856,0.5538,0.6767,0.2901,0.1814,-0.03,0.4286,65.7366,91.4515,51.8851,0.7357
126.733,3802,in_bed,0.6022,0.8136,0.0398,2.0254,0.7739,0.3821,0.7911,0.682,0.5225,0.4931,0.0855,0.5712,0.692,0.2686,0.1595,0.0294,0.4075,140.4169,154.9052,54.7041,0.7588
126.767,3803,in_bed,0.6234,0.8274,0.0364,2.0579,0.791,0.3844,0.8045,0.6934,0.5534,0.4836,0.0854,0.5834,0.7021,0.251,0.14,0.0698,0.3981,147.725,154.2343,57.3167,0.7682
126.8,3804,in_bed,0.6295,0.8351,0.031,2.0922,0.8042,0.3844,0.8113,0.6978,0.5613,0.4761,0.0852,0.5879,0.7059,0.2501,0.1365,0.0852,0.3909,148.9501,154.1858,58.0553,0.772
126.833,3805,in_bed,0.6358,0.8367,0.0263,2.106,0.8104,0.3848,0.8122,0.6983,0.5733,0.4688,0.0849,0.589,0.7071,0.2389,0.125,0.1045,0.384,150.5116,154.8603,60.5435,0.7725
126.867,3806,in_bed,0.6412,0.817,0.0269,2.038,0.7901,0.3877,0.7994,0.6954,0.587,0.463,0.0849,0.58,0.701,0.2124,0.1084,0.124,0.3782,152.3715,157.2492,64.9193,0.7423
126.9,3807,in_bed,0.6459,0.8124,0.0271,2.0235,0.7853,0.3881,0.7956,0.695,0.5968,0.4653,0.0849,0.5699,0.6971,0.1987,0.0981,0.1316,0.3804,152.539,159.2889,68.021,0.7334
126.933,3808,in_bed,0.6508,0.7724,0.0266,1.9018,0.7458,0.3922,0.7724,0.6966,0.605,0.4704,0.0847,0.5583,0.6999,0.1674,0.0916,0.1346,0.3857,152.2825,160.8442,70.1059,0.6921
126.967,3809,in_bed,0.6492,0.8048,0.0311,1.9942,0.7738,0.388,0.7898,0.6962,0.6021,0.4799,0.0849,0.5504,0.6928,0.1877,0.0941,0.1222,0.395,150.3569,162.4456,69.2853,0.725
127.0,3810,in_bed,0.6437,0.804,0.0353,1.9993,0.7687,0.3845,0.7896,0.6965,0.5909,0.5021,0.0851,0.5547,0.6854,0.1987,0.1056,0.0888,0.4171,142.6333,166.6956,66.4444,0.7198
127.033,3811,in_bed,0.6375,0.8176,0.0375,2.0396,0.7801,0.3825,0.7972,0.694,0.5809,0.5179,0.0852,0.5556,0.6716,0.2162,0.1131,0.063,0.4327,134.1552,171.8105,64.8894,0.7345
127.067,3812,in_bed,0.6346,0.8214,0.0397,2.0547,0.7817,0.3804,0.8005,0.6956,0.5737,0.5247,0.0853,0.5614,0.6655,0.2269,0.1219,0.049,0.4394,128.0108,167.9363,63.3468,0.7363
127.1,3813,in_bed,0.6318,0.8201,0.0399,2.0503,0.7803,0.3806,0.7993,0.6967,0.567,0.518,0.0853,0.5647,0.6528,0.2323,0.1297,0.0489,0.4327,128.2834,166.66,61.982,0.7347
127.133,3814,in_bed,0.6272,0.8206,0.0398,2.0517,0.7808,0.3806,0.7996,0.6965,0.558,0.513,0.0854,0.5642,0.6335,0.2416,0.1385,0.045,0.4276,126.5104,162.8641,60.4279,0.7272
127.167,3815,in_bed,0.6186,0.8219,0.0394,2.0549,0.7824,0.3808,0.8004,0.6944,0.5428,0.5066,0.0853,0.5634,0.6099,0.2575,0.1516,0.0362,0.4213,122.6722,155.6276,57.5176,0.7236
127.2,3816,in_bed,0.6084,0.8281,0.0384,2.0762,0.7897,0.3804,0.8053,0.6916,0.5251,0.4968,0.0852,0.565,0.5957,0.2802,0.1665,0.0284,0.4116,120.8734,149.4991,53.8568,0.7281
127.233,3817,in_bed,0.5929,0.8356,0.0396,2.1054,0.796,0.3781,0.812,0.6895,0.4963,0.4973,0.0851,0.5668,0.5844,0.3157,0.1932,-0.001,0.4122,110.6144,132.2503,48.2136,0.7317
127.267,3818,in_bed,0.5748,0.8412,0.0404,2.1284,0.8008,0.3763,0.8165,0.6867,0.463,0.4972,0.085,0.5671,0.5745,0.3535,0.2237,-0.0342,0.4122,97.0614,112.5867,43.6109,0.737
127.3,3819,in_bed,0.5637,0.8504,0.0446,2.1719,0.8059,0.371,0.8258,0.6856,0.4418,0.4959,0.0852,0.5686,0.5606,0.384,0.2437,-0.0541,0.4107,85.534,96.5467,41.1837,0.7468
127.333,3820,in_bed,0.5569,0.8626,0.0467,2.222,0.8159,0.3672,0.8361,0.6871,0.4267,0.4946,0.0853,0.567,0.5482,0.4094,0.2604,-0.0679,0.4093,77.8424,84.6396,38.7549,0.7605
127.367,3821,in_bed,0.5526,0.8775,0.0488,2.2825,0.8287,0.3631,0.8502,0.6909,0.4142,0.4922,0.0853,0.5633,0.5361,0.436,0.2767,-0.078,0.4068,71.504,74.5401,36.3316,0.7791
127.4,3822,in_bed,0.5581,0.8902,0.0492,2.3324,0.841,0.3606,0.8638,0.7005,0.4158,0.4872,0.0854,0.5615,0.5238,0.448,0.2847,-0.0714,0.4018,68.8335,69.6032,35.1015,0.7984
127.433,3823,in_bed,0.5669,0.9001,0.0476,2.3683,0.8525,0.3599,0.8757,0.7141,0.4197,0.4801,0.0853,0.5621,0.5165,0.456,0.2944,-0.0604,0.3948,68.7004,67.1676,33.538,0.8175
127.467,3824,in_bed,0.5777,0.914,0.0454,2.4195,0.8685,0.359,0.8901,0.7303,0.4251,0.4762,0.0853,0.5643,0.5144,0.465,0.3052,-0.0512,0.3909,69.0596,65.2582,31.8842,0.8388
127.5,3825,in_bed,0.5869,0.9334,0.0422,2.4978,0.8912,0.3568,0.9091,0.7445,0.4292,0.4702,0.0853,0.5689,0.5128,0.48,0.3154,-0.0411,0.385,69.6162,64.0454,30.356,0.8696
127.533,3826,in_bed,0.5947,0.9514,0.0404,2.5784,0.911,0.3533,0.926,0.7554,0.4339,0.4541,0.0854,0.5731,0.5125,0.4921,0.3215,-0.0202,0.3688,85.7109,78.193,29.3014,0.893
127.567,3827,in_bed,0.5994,0.963,0.0414,2.6272,0.9216,0.3508,0.9373,0.7619,0.4368,0.447,0.0856,0.5759,0.5108,0.5005,0.3251,-0.0102,0.3614,144.2794,136.1011,28.8737,0.9053
127.6,3828,in_bed,0.6026,0.9715,0.0415,2.665,0.9301,0.349,0.9455,0.7645,0.4407,0.4496,0.0858,0.5767,0.5037,0.5049,0.3239,-0.0089,0.3638,128.5275,120.3915,28.5243,0.9154
127.633,3829,in_bed,0.6035,0.9748,0.0403,2.679,0.9346,0.3488,0.9487,0.7649,0.4421,0.4502,0.0859,0.5777,0.4957,0.5066,0.3228,-0.0081,0.3643,124.8024,116.6142,28.2504,0.9193
127.667,3830,in_bed,0.6038,0.9783,0.0368,2.6948,0.9416,0.3494,0.9521,0.7646,0.443,0.4547,0.0859,0.5785,0.4912,0.5091,0.3216,-0.0117,0.3688,116.3359,108.291,28.0734,0.9246
127.7,3831,in_bed,0.6033,0.9812,0.0327,2.7074,0.9486,0.3504,0.9541,0.7634,0.4431,0.458,0.0861,0.5761,0.4799,0.511,0.3203,-0.0149,0.372,111.172,103.6035,28.2914,0.9283
127.733,3832,in_bed,0.6045,0.9826,0.024,2.7187,0.9586,0.3526,0.9556,0.7634,0.4456,0.4622,0.0859,0.5769,0.4738,0.5099,0.3177,-0.0165,0.3763,111.0209,104.0803,28.5566,0.9344
127.767,3833,in_bed,0.6059,0.9845,0.0145,2.7313,0.97,0.3551,0.9576,0.7622,0.4496,0.4639,0.0855,0.5795,0.4765,0.5081,0.3127,-0.0143,0.3784,117.9758,111.7305,28.9573,0.9432
127.8,3834,in_bed,0.608,0.9858,0.0053,2.7427,0.9804,0.3575,0.9578,0.7593,0.4567,0.4621,0.085,0.5817,0.4766,0.5011,0.3026,-0.0054,0.3771,128.9761,124.2442,30.2026,0.9528
127.833,3835,in_bed,0.6155,0.985,-0.0029,2.7399,0.9879,0.3606,0.9565,0.7597,0.4713,0.4562,0.0846,0.5891,0.4852,0.4852,0.2884,0.015,0.3716,142.337,139.2945,31.8067,0.9589
127.867,3836,in_bed,0.6228,0.9839,-0.006,2.7299,0.9899,0.3626,0.9551,0.7614,0.4842,0.4534,0.0846,0.5956,0.49,0.4709,0.2772,0.0308,0.3688,147.1432,146.2844,33.5961,0.9601
127.9,3837,in_bed,0.6265,0.9797,-0.006,2.7091,0.9856,0.3638,0.9504,0.7606,0.4924,0.4503,0.0847,0.5983,0.4936,0.458,0.2682,0.0421,0.3656,149.5707,150.1524,35.2626,0.9565
127.933,3838,in_bed,0.6311,0.9739,-0.0059,2.6846,0.9798,0.365,0.944,0.7591,0.5032,0.4464,0.0848,0.5984,0.4921,0.4408,0.2559,0.0568,0.3615,152.1408,151.5068,36.9697,0.9505
127.967,3839,in_bed,0.6361,0.9693,-0.0068,2.6686,0.9761,0.3658,0.9385,0.7576,0.5147,0.4429,0.0849,0.5979,0.4916,0.4238,0.2429,0.0718,0.358,154.6958,153.444,39.0493,0.9466
128.0,3840,in_bed,0.6348,0.9623,-0.0116,2.6539,0.9739,0.367,0.9305,0.7527,0.5168,0.4394,0.0844,0.5942,0.4876,0.4136,0.2359,0.0774,0.355,155.4089,154.3622,40.6261,0.949
128.033,3841,in_bed,0.6327,0.954,-0.016,2.6306,0.97,0.3687,0.9222,0.7486,0.5168,0.4383,0.0839,0.591,0.4847,0.4055,0.2318,0.0785,0.3544,154.7725,154.7936,41.6412,0.9499
128.067,3842,in_bed,0.6371,0.948,-0.0181,2.608,0.9661,0.3704,0.9172,0.7481,0.5261,0.435,0.0837,0.5919,0.484,0.3912,0.222,0.0911,0.3513,156.5946,155.2021,43.2211,0.9486
128.1,3843,in_bed,0.6417,0.9391,-0.0201,2.5726,0.9593,0.3729,0.9106,0.7481,0.5354,0.4307,0.0835,0.5932,0.4828,0.3752,0.2127,0.1047,0.3472,158.6685,155.9509,44.7788,0.9448
128.133,3844,in_bed,0.6478,0.9357,-0.0236,2.5619,0.9593,0.3744,0.9071,0.7478,0.5478,0.4208,0.0831,0.5948,0.4805,0.3593,0.2,0.127,0.3377,162.371,157.2575,46.62,0.9474
128.167,3845,in_bed,0.6517,0.9283,-0.0244,2.5292,0.9527,0.3767,0.9007,0.7477,0.5557,0.408,0.0831,0.5985,0.4786,0.345,0.192,0.1477,0.3249,165.6624,159.361,47.7414,0.9371
128.2,3846,in_bed,0.6549,0.9159,-0.0249,2.4748,0.9408,0.3801,0.8929,0.7478,0.562,0.3973,0.0832,0.6017,0.479,0.3309,0.1859,0.1646,0.3141,169.2258,160.2453,48.223,0.9184
128.233,3847,in_bed,0.6596,0.9116,-0.023,2.4477,0.9346,0.3818,0.8889,0.7505,0.5687,0.3877,0.0835,0.6106,0.4884,0.3202,0.1817,0.181,0.3042,172.0693,162.8989,48.8964,0.9043
128.267,3848,in_bed,0.6605,0.8992,-0.0149,2.3818,0.9141,0.3838,0.878,0.7495,0.5714,0.3734,0.084,0.6115,0.4892,0.3065,0.1781,0.1981,0.2893,176.0063,163.7728,49.087,0.8868
128.3,3849,in_bed,0.669,0.8837,0.0081,2.274,0.8756,0.385,0.8671,0.757,0.581,0.3632,0.0841,0.619,0.4954,0.2861,0.176,0.2179,0.2791,175.327,165.6116,48.9118,0.8837
128.333,3850,in_bed,0.68,0.8817,0.0261,2.2245,0.8555,0.3846,0.8668,0.7671,0.5929,0.3643,0.0847,0.6289,0.5057,0.2739,0.1742,0.2286,0.2796,175.6485,164.0248,48.6413,0.8755
128.367,3851,in_bed,0.7008,0.8936,0.062,2.2467,0.8315,0.3701,0.8799,0.7854,0.6162,0.3639,0.0799,0.6406,0.5134,0.2637,0.1692,0.2523,0.284,172.9163,162.4974,51.5025,1.0534
128.4,3852,in_bed,0.6954,0.8892,0.0494,2.2283,0.8398,0.3769,0.8754,0.7818,0.609,0.3607,0.0807,0.6388,0.4697,0.2663,0.1728,0.2483,0.2801,173.4649,163.7105,49.9675,0.9664
128.433,3853,in_bed,0.6931,0.8837,0.047,2.2076,0.8366,0.379,0.8703,0.7798,0.6063,0.3562,0.0812,0.6353,0.5068,0.2641,0.1735,0.2501,0.275,174.1863,163.3285,49.5197,0.9391
128.467,3854,in_bed,0.6888,0.8771,0.0406,2.1832,0.8365,0.3832,0.864,0.7763,0.6014,0.3541,0.083,0.6331,0.5047,0.2627,0.1749,0.2473,0.2711,172.0989,164.285,48.8951,0.8773
128.5,3855,in_bed,0.6873,0.8708,0.0361,2.1604,0.8347,0.3863,0.8583,0.7747,0.6,0.3555,0.0854,0.6319,0.5031,0.2582,0.1746,0.2445,0.2701,170.7987,165.3288,48.5538,0.8208
128.533,3856,in_bed,0.6995,0.8828,0.0651,2.1988,0.8177,0.3719,0.8706,0.7864,0.6126,0.3592,0.08,0.6353,0.5059,0.258,0.1738,0.2534,0.2792,172.5642,166.6267,50.5942,0.9755
128.567,3857,in_bed,0.7049,0.8714,0.067,2.1677,0.8045,0.3711,0.8692,0.7901,0.6198,0.3578,0.0828,0.6331,0.5035,0.2494,0.1703,0.262,0.275,179.2833,166.3924,50.402,0.9809
128.6,3858,in_bed,0.7105,0.8783,0.0521,2.1934,0.8263,0.3767,0.8763,0.7966,0.6244,0.3615,0.086,0.636,0.5069,0.2519,0.1722,0.2629,0.2755,178.4263,165.8207,51.6832,0.9134
128.633,3859,in_bed,0.7038,0.886,0.0598,2.2044,0.8262,0.3748,0.8739,0.7898,0.6177,0.3568,0.0819,0.6309,0.5028,0.2562,0.172,0.2609,0.2749,178.2984,167.1511,50.5441,0.983
128.667,3860,in_bed,0.7013,0.8654,0.049,2.1442,0.8164,0.3808,0.8654,0.7881,0.6145,0.3555,0.0842,0.6237,0.4937,0.2508,0.1736,0.259,0.2713,177.9011,169.6217,48.0889,0.9661
128.7,3861,in_bed,0.7019,0.8672,0.0377,2.1406,0.8295,0.3875,0.8652,0.7904,0.6135,0.3588,0.0857,0.6223,0.492,0.2517,0.1768,0.2548,0.2731,176.6678,169.3208,46.393,0.8847
128.733,3862,in_bed,0.7018,0.8687,0.0286,2.1418,0.8401,0.3922,0.865,0.7916,0.6121,0.362,0.0865,0.6212,0.4911,0.2529,0.1795,0.2501,0.2754,175.2793,167.8877,45.009,0.8515
128.767,3863,in_bed,0.7005,0.8696,0.0241,2.1525,0.8455,0.3928,0.865,0.7912,0.6099,0.3639,0.0871,0.6196,0.4894,0.2551,0.1813,0.246,0.2768,174.4246,167.0848,44.2862,0.8323
128.8,3864,in_bed,0.6986,0.8713,0.0216,2.1638,0.8497,0.3927,0.8664,0.7905,0.6067,0.3628,0.0874,0.6198,0.4878,0.2597,0.1838,0.2439,0.2754,174.1896,165.7478,42.6553,0.8237
128.833,3865,in_bed,0.6969,0.869,0.0149,2.1669,0.8541,0.3942,0.8646,0.789,0.6047,0.3601,0.0872,0.6206,0.4867,0.2599,0.1844,0.2445,0.2729,175.4322,163.7835,42.0655,0.8164
128.867,3866,in_bed,0.6958,0.8674,0.0121,2.1661,0.8553,0.3949,0.8635,0.7877,0.6038,0.3565,0.0874,0.6217,0.4857,0.2597,0.1839,0.2473,0.2691,176.3683,162.4415,41.4695,0.8051
128.9,3867,in_bed,0.6956,0.8663,0.0095,2.1666,0.8569,0.3955,0.8623,0.7873,0.604,0.3533,0.0876,0.6239,0.4847,0.2584,0.1833,0.2506,0.2658,177.8097,161.0406,40.5792,0.7959
128.933,3868,in_bed,0.6984,0.8677,0.0067,2.1734,0.861,0.3961,0.8629,0.7899,0.6069,0.3535,0.0877,0.6296,0.4882,0.256,0.183,0.2534,0.2658,178.6915,160.1728,40.1514,0.7924
128.967,3869,in_bed,0.7013,0.8695,0.0037,2.1821,0.8657,0.3967,0.8695,0.7928,0.6097,0.3551,0.0877,0.6336,0.4893,0.2598,0.183,0.2546,0.2674,178.6075,159.6247,39.8256,0.792
129.0,3870,in_bed,0.7042,0.8718,0.0006,2.193,0.8711,0.3972,0.8718,0.7958,0.6126,0.3579,0.0877,0.6391,0.495,0.2592,0.1833,0.2547,0.2702,178.8086,159.1809,39.6228,0.7939
129.033,3871,in_bed,0.705,0.8734,-0.0018,2.2008,0.8753,0.3977,0.8666,0.7979,0.612,0.3579,0.0876,0.6435,0.5021,0.2545,0.1858,0.2541,0.2703,179.1106,158.9335,39.4088,0.7959
129.067,3872,in_bed,0.7037,0.8729,-0.0008,2.1967,0.8737,0.3977,0.8657,0.7982,0.6093,0.3559,0.0879,0.6429,0.5025,0.2563,0.1888,0.2534,0.268,179.517,158.8617,38.9908,0.7924
129.1,3873,in_bed,0.7007,0.8709,0.0003,2.1891,0.8705,0.3977,0.8634,0.7965,0.6048,0.3532,0.0879,0.6418,0.5017,0.2586,0.1917,0.2517,0.2652,179.5856,158.3736,38.2905,0.7905
129.133,3874,in_bed,0.6985,0.8698,0.0018,2.1836,0.868,0.3975,0.8626,0.7955,0.6015,0.35,0.0881,0.639,0.4987,0.2612,0.194,0.2515,0.2619,179.5915,158.0046,37.7397,0.7865
129.167,3875,in_bed,0.6962,0.8718,0.0036,2.187,0.8683,0.397,0.8644,0.7953,0.597,0.3485,0.0886,0.637,0.4988,0.2674,0.1983,0.2485,0.26,179.5309,158.6087,37.2879,0.7845
129.2,3876,in_bed,0.6957,0.8739,0.0043,2.193,0.8696,0.3966,0.8661,0.7958,0.5955,0.3503,0.0887,0.6359,0.499,0.2706,0.2002,0.2452,0.2616,179.2077,158.7681,36.9248,0.7864
129.233,3877,in_bed,0.6959,0.8771,0.0048,2.2028,0.8722,0.396,0.8697,0.7965,0.5953,0.3525,0.0889,0.634,0.4995,0.2744,0.2012,0.2427,0.2637,178.8018,159.4368,37.2822,0.7906
129.267,3878,in_bed,0.6951,0.8786,0.0066,2.2048,0.872,0.3955,0.8717,0.7966,0.5937,0.354,0.0892,0.6282,0.495,0.278,0.2028,0.2397,0.2649,178.3192,161.9917,39.1703,0.7949
129.3,3879,in_bed,0.6924,0.876,0.0076,2.195,0.8684,0.3956,0.8699,0.794,0.5908,0.3519,0.0892,0.6244,0.4903,0.279,0.2031,0.2389,0.2627,177.6683,160.6637,38.2704,0.7908
129.333,3880,in_bed,0.6919,0.8777,0.0075,2.2003,0.8701,0.3955,0.8715,0.7941,0.5898,0.3532,0.0893,0.6222,0.4888,0.2817,0.2043,0.2365,0.264,177.5854,160.7959,37.9624,0.793
129.367,3881,in_bed,0.6892,0.8739,0.0082,2.1882,0.8657,0.3956,0.8681,0.7909,0.5875,0.3493,0.0893,0.6204,0.4849,0.2807,0.2035,0.2382,0.26,177.4516,159.8167,37.3591,0.7868
129.4,3882,in_bed,0.6871,0.8712,0.0099,2.178,0.8613,0.3955,0.8656,0.7885,0.5857,0.3458,0.0895,0.6192,0.4813,0.2799,0.2028,0.2399,0.2564,177.3386,158.9784,36.7207,0.7809
129.433,3883,in_bed,0.6867,0.8697,0.01,2.173,0.8597,0.3956,0.8639,0.7879,0.5855,0.3436,0.0895,0.62,0.481,0.2784,0.2024,0.2419,0.2542,177.281,158.279,36.0445,0.778
129.467,3884,in_bed,0.6868,0.8687,0.0101,2.1702,0.8586,0.3956,0.8625,0.788,0.5856,0.3422,0.0895,0.6216,0.4817,0.2769,0.2024,0.2434,0.2527,177.3944,157.7193,35.505,0.7746
129.5,3885,in_bed,0.6865,0.8673,0.0096,2.1669,0.8578,0.3959,0.861,0.7874,0.5857,0.3421,0.0895,0.6219,0.4816,0.2752,0.2016,0.2436,0.2527,177.4328,157.2764,35.1532,0.7729
129.533,3886,in_bed,0.6858,0.8661,0.0096,2.1631,0.8564,0.3959,0.8599,0.7865,0.585,0.3413,0.0895,0.6219,0.4811,0.2749,0.2016,0.2437,0.2518,177.4704,157.0348,34.8931,0.7711
129.567,3887,in_bed,0.6851,0.8644,0.0111,2.1561,0.8533,0.3957,0.8581,0.7853,0.5848,0.3396,0.0896,0.621,0.4784,0.2733,0.2005,0.2452,0.25,177.4764,156.7267,34.8513,0.7676
129.6,3888,in_bed,0.6836,0.8633,0.0119,2.1518,0.8515,0.3957,0.857,0.7844,0.5827,0.3385,0.0896,0.618,0.4731,0.2742,0.2017,0.2442,0.2489,177.3842,156.3664,34.7033,0.7646
129.633,3889,in_bed,0.6825,0.8623,0.0119,2.1489,0.8504,0.3957,0.8557,0.7838,0.5811,0.3364,0.0895,0.6166,0.47,0.2746,0.2027,0.2447,0.2469,177.4013,156.2126,34.4963,0.7646
129.667,3890,in_bed,0.6819,0.8617,0.0125,2.1465,0.8492,0.3956,0.8617,0.7833,0.5805,0.3356,0.0895,0.6161,0.4684,0.2812,0.2028,0.2449,0.2461,177.2986,156.2069,34.4774,0.7641
129.7,3891,in_bed,0.6809,0.8614,0.0132,2.1439,0.8481,0.3956,0.8545,0.7832,0.5786,0.3355,0.0895,0.6169,0.4687,0.2758,0.2045,0.2431,0.246,176.9557,156.0107,34.2621,0.7634
129.733,3892,in_bed,0.6793,0.86,0.0143,2.1383,0.8457,0.3955,0.853,0.7819,0.5768,0.3338,0.0896,0.6156,0.4668,0.2763,0.2052,0.2429,0.2442,176.8032,155.8892,34.2064,0.7607
129.767,3893,in_bed,0.6796,0.8601,0.0146,2.1375,0.8454,0.3955,0.8534,0.782,0.5771,0.3336,0.0896,0.6158,0.467,0.2763,0.2049,0.2436,0.2439,176.6711,155.7859,34.2613,0.7602
129.8,3894,in_bed,0.6809,0.8636,0.0149,2.1481,0.8487,0.3951,0.8571,0.7834,0.5785,0.3364,0.0897,0.6174,0.47,0.2786,0.2049,0.242,0.2467,176.8265,156.476,34.5276,0.7647
129.833,3895,in_bed,0.6803,0.862,0.0151,2.1433,0.8469,0.3951,0.8558,0.7821,0.5784,0.3342,0.0897,0.6177,0.4709,0.2774,0.2038,0.2442,0.2445,176.8654,156.4036,34.6366,0.7628
129.867,3896,in_bed,0.6796,0.8611,0.0163,2.1391,0.8448,0.395,0.8555,0.7809,0.5782,0.3339,0.0898,0.6172,0.4701,0.2773,0.2027,0.2443,0.2441,176.7974,156.3261,34.7635,0.7598
129.9,3897,in_bed,0.6796,0.8598,0.0163,2.1348,0.8434,0.3951,0.8547,0.7798,0.5793,0.3329,0.0898,0.6165,0.4695,0.2754,0.2006,0.2464,0.2431,176.7753,156.2429,35.0986,0.7591
129.933,3898,in_bed,0.6786,0.859,0.0163,2.1326,0.8426,0.3951,0.854,0.7789,0.5782,0.3316,0.0898,0.6159,0.4689,0.2757,0.2006,0.2467,0.2418,176.7856,156.1086,35.3507,0.7584
129.967,3899,in_bed,0.6776,0.8581,0.0166,2.1296,0.8415,0.3952,0.8528,0.7783,0.5768,0.3309,0.0898,0.6159,0.4694,0.276,0.2015,0.2459,0.2411,176.5873,155.9275,35.2529,0.7577
130.0,3900,in_bed,0.6785,0.8579,0.0165,2.1279,0.8415,0.3954,0.8525,0.779,0.578,0.3343,0.0898,0.6151,0.4695,0.2745,0.201,0.2437,0.2445,176.3914,155.7661,35.1745,0.7572
130.033,3901,in_bed,0.6805,0.8588,0.0156,2.1305,0.8431,0.3957,0.8529,0.7805,0.5805,0.3356,0.0898,0.6155,0.4694,0.2725,0.2001,0.2448,0.2458,176.4673,155.746,35.2841,0.7579
130.067,3902,in_bed,0.6825,0.8588,0.015,2.1307,0.8439,0.3961,0.8588,0.7819,0.5831,0.3362,0.0899,0.6153,0.4661,0.2757,0.1987,0.2469,0.2463,176.6699,155.7354,35.5296,0.7561
130.1,3903,in_bed,0.6827,0.8584,0.0158,2.1271,0.8426,0.3961,0.8514,0.7818,0.5835,0.3354,0.09,0.6143,0.4648,0.2679,0.1984,0.2481,0.2454,176.576,155.6376,35.754,0.7542
130.133,3904,in_bed,0.6825,0.8575,0.0155,2.124,0.842,0.3964,0.8507,0.7812,0.5838,0.3349,0.09,0.6155,0.4663,0.2669,0.1974,0.2489,0.2449,176.5948,155.6425,35.8467,0.7535
130.167,3905,in_bed,0.6837,0.8574,0.014,2.1249,0.8434,0.3969,0.8511,0.7814,0.5859,0.3358,0.0899,0.6172,0.4696,0.2652,0.1955,0.2502,0.2459,176.6517,155.6517,36.2199,0.7551
130.2,3906,in_bed,0.6843,0.8572,0.0138,2.1239,0.8433,0.3971,0.8509,0.7816,0.5871,0.3351,0.0898,0.6185,0.472,0.2638,0.1945,0.2519,0.2453,176.813,155.7746,36.386,0.7555
130.233,3907,in_bed,0.6847,0.8567,0.0136,2.1231,0.8431,0.3971,0.8567,0.7817,0.5878,0.3344,0.0898,0.6186,0.4707,0.269,0.1939,0.2533,0.2446,176.9677,155.7883,36.4863,0.7547
130.267,3908,in_bed,0.6854,0.8571,0.0127,2.1254,0.8443,0.3973,0.8571,0.7823,0.5886,0.3351,0.0898,0.6191,0.4709,0.2685,0.1937,0.2535,0.2453,176.9542,155.7303,36.5976,0.7562
130.3,3909,in_bed,0.686,0.8575,0.0124,2.1271,0.8451,0.3973,0.8575,0.783,0.589,0.3354,0.0897,0.6197,0.4707,0.2684,0.194,0.2537,0.2456,177.0007,155.7496,36.5671,0.7571
130.333,3910,in_bed,0.6862,0.858,0.0126,2.1279,0.8454,0.3973,0.8495,0.7837,0.5887,0.3351,0.0897,0.6205,0.4711,0.2608,0.195,0.2536,0.2454,176.871,155.7109,36.5574,0.7574
130.367,3911,in_bed,0.6857,0.859,0.0124,2.1316,0.8466,0.3972,0.8509,0.7839,0.5875,0.3347,0.0897,0.6212,0.472,0.2634,0.1964,0.2528,0.245,176.7267,155.7045,36.3971,0.759
130.4,3912,in_bed,0.6849,0.859,0.0128,2.1315,0.8462,0.397,0.8509,0.7834,0.5865,0.3323,0.0897,0.6213,0.4717,0.2644,0.1969,0.2542,0.2426,176.8107,155.6465,36.1232,0.7576
130.433,3913,in_bed,0.6854,0.8595,0.0122,2.1342,0.8473,0.397,0.8519,0.7833,0.5875,0.3323,0.0897,0.6226,0.4736,0.2644,0.1958,0.2552,0.2426,176.9475,155.7278,36.0464,0.7582
130.467,3914,in_bed,0.6852,0.8593,0.0121,2.1343,0.8473,0.397,0.8523,0.7827,0.5878,0.3323,0.0897,0.6222,0.4739,0.2645,0.1949,0.2555,0.2427,176.9352,155.6991,36.1924,0.7591
130.5,3915,in_bed,0.6856,0.8595,0.0125,2.1345,0.8471,0.3968,0.8529,0.7829,0.5883,0.333,0.0897,0.6223,0.4755,0.2647,0.1946,0.2553,0.2433,177.0477,155.7662,36.1693,0.7586
130.533,3916,in_bed,0.6845,0.859,0.0139,2.1311,0.8451,0.3966,0.8528,0.782,0.5871,0.3333,0.0898,0.6213,0.4754,0.2657,0.1949,0.2537,0.2435,176.9832,155.803,36.1452,0.7569
130.567,3917,in_bed,0.6844,0.8585,0.0148,2.1281,0.8437,0.3965,0.8522,0.7817,0.5871,0.3332,0.0899,0.6209,0.4754,0.2651,0.1946,0.2538,0.2434,176.9289,155.7796,36.2763,0.756
130.6,3918,in_bed,0.6848,0.8586,0.0148,2.1277,0.8438,0.3966,0.852,0.7825,0.5872,0.3329,0.0899,0.6216,0.4764,0.2648,0.1953,0.2542,0.2431,176.8895,155.6912,36.2963,0.7555
130.633,3919,in_bed,0.6843,0.858,0.0147,2.1258,0.8432,0.3967,0.8512,0.7823,0.5862,0.3326,0.0899,0.6212,0.4761,0.265,0.1961,0.2536,0.2427,176.8968,155.6735,36.2395,0.7543
130.667,3920,in_bed,0.6841,0.8578,0.0142,2.1258,0.8436,0.3968,0.8512,0.7822,0.5859,0.3321,0.0899,0.6208,0.475,0.2652,0.1962,0.2538,0.2423,176.9972,155.7211,36.2918,0.7544
130.7,3921,in_bed,0.6843,0.8576,0.0136,2.1261,0.844,0.397,0.8509,0.7823,0.5862,0.331,0.0898,0.6207,0.4739,0.2646,0.1961,0.2552,0.2412,176.8725,155.7586,36.4355,0.7549
130.733,3922,in_bed,0.6837,0.8574,0.0133,2.1266,0.8441,0.3969,0.8507,0.7818,0.5855,0.3303,0.0897,0.6198,0.4731,0.2652,0.1962,0.2553,0.2406,176.9111,155.747,36.49,0.7558
130.767,3923,in_bed,0.683,0.8566,0.0131,2.1253,0.8435,0.3969,0.8498,0.7809,0.5851,0.3298,0.0896,0.6185,0.4709,0.2647,0.1958,0.2553,0.2402,176.9697,155.732,36.5485,0.7569
130.8,3924,in_bed,0.6836,0.8578,0.0121,2.1301,0.8457,0.397,0.8512,0.7821,0.5851,0.3319,0.0896,0.6174,0.4695,0.2661,0.1969,0.2533,0.2423,176.8176,155.7352,36.3481,0.7589
130.833,3925,in_bed,0.6842,0.8581,0.0117,2.1306,0.8464,0.3973,0.8516,0.7829,0.5855,0.3335,0.0895,0.6176,0.4703,0.2662,0.1975,0.252,0.244,176.6491,155.6942,36.2869,0.7597
130.867,3926,in_bed,0.6842,0.8582,0.012,2.1298,0.8462,0.3973,0.8517,0.7831,0.5854,0.3343,0.0896,0.6177,0.4712,0.2663,0.1978,0.2511,0.2447,176.5326,155.6938,36.2583,0.7597
130.9,3927,in_bed,0.6841,0.8585,0.011,2.1319,0.8475,0.3975,0.8523,0.7832,0.5849,0.3354,0.0896,0.6168,0.471,0.2674,0.1983,0.2495,0.2458,176.5066,155.7527,36.3216,0.7604
130.933,3928,in_bed,0.6846,0.8586,0.0106,2.1326,0.848,0.3976,0.8523,0.7835,0.5858,0.3356,0.0896,0.6171,0.471,0.2665,0.1977,0.2502,0.246,176.6858,155.7865,36.388,0.7603
130.967,3929,in_bed,0.685,0.8588,0.0104,2.1337,0.8484,0.3976,0.8526,0.7836,0.5864,0.3357,0.0896,0.6174,0.4702,0.2662,0.1972,0.2507,0.2461,176.8042,155.7944,36.3108,0.7604
131.0,3930,in_bed,0.6852,0.858,0.0107,2.1308,0.8473,0.3976,0.8517,0.7831,0.5873,0.3357,0.0895,0.6178,0.471,0.2644,0.1958,0.2515,0.2462,176.7402,155.7229,36.3403,0.7602
131.033,3931,in_bed,0.6861,0.8582,0.0102,2.1324,0.848,0.3976,0.8514,0.7836,0.5886,0.3357,0.0895,0.6185,0.4713,0.2629,0.1951,0.2528,0.2462,176.933,155.8216,36.3533,0.7604
131.067,3932,in_bed,0.6864,0.8581,0.0098,2.133,0.8483,0.3977,0.8509,0.7839,0.5889,0.3351,0.0895,0.6184,0.4697,0.262,0.1949,0.2539,0.2456,177.0886,155.8375,36.3494,0.7606
131.1,3933,in_bed,0.6875,0.8588,0.0092,2.1359,0.8496,0.3978,0.8515,0.7847,0.5903,0.3355,0.0894,0.6189,0.4707,0.2613,0.1944,0.2547,0.2461,177.0918,155.8953,36.3378,0.7625
131.133,3934,in_bed,0.6871,0.8586,0.0099,2.1346,0.8487,0.3976,0.8513,0.7843,0.59,0.3351,0.0894,0.6179,0.4703,0.2614,0.1943,0.2549,0.2456,177.1056,155.8569,36.2105,0.7624
131.167,3935,in_bed,0.6861,0.8575,0.011,2.1302,0.8465,0.3974,0.8504,0.7831,0.5892,0.3338,0.0895,0.6173,0.4699,0.2612,0.194,0.2554,0.2443,177.2641,155.9074,36.058,0.7601
131.2,3936,in_bed,0.6847,0.8567,0.0108,2.1288,0.8459,0.3974,0.85,0.7822,0.5873,0.3329,0.0895,0.6173,0.4706,0.2628,0.195,0.2543,0.2435,177.2363,155.9414,35.9102,0.7589
131.233,3937,in_bed,0.6834,0.8566,0.01,2.1301,0.8465,0.3974,0.8499,0.7819,0.585,0.3322,0.0894,0.6165,0.4699,0.2649,0.1969,0.2528,0.2428,176.887,155.7503,35.8095,0.76
131.267,3938,in_bed,0.6826,0.856,0.0113,2.1266,0.8446,0.3972,0.8488,0.7814,0.5838,0.3315,0.0894,0.6162,0.4689,0.265,0.1977,0.2523,0.242,176.6487,155.6698,35.8267,0.7584
131.3,3939,in_bed,0.6825,0.8563,0.0122,2.1267,0.8441,0.3969,0.8488,0.7816,0.5835,0.332,0.0895,0.6163,0.4685,0.2654,0.1981,0.2515,0.2425,176.4706,155.6086,35.8422,0.7587
131.333,3940,in_bed,0.6821,0.8568,0.013,2.127,0.8438,0.3967,0.8492,0.7818,0.5824,0.3312,0.0895,0.6167,0.4692,0.2668,0.1994,0.2512,0.2417,176.3129,155.5532,35.7725,0.7587
131.367,3941,in_bed,0.682,0.8573,0.013,2.1284,0.8442,0.3967,0.8492,0.7825,0.5816,0.3308,0.0896,0.6179,0.4696,0.2676,0.2009,0.2508,0.2412,176.3156,155.4663,35.702,0.7582
131.4,3942,in_bed,0.684,0.8618,0.0128,2.1426,0.849,0.3962,0.853,0.7855,0.5824,0.3339,0.0896,0.6195,0.4721,0.2706,0.2031,0.2484,0.2443,176.5819,156.1535,35.6616,0.7626
131.433,3943,in_bed,0.6838,0.861,0.0134,2.1391,0.8476,0.3963,0.861,0.7856,0.582,0.3322,0.0897,0.6193,0.4716,0.2789,0.2036,0.2499,0.2424,176.7569,156.1336,35.5574,0.7605
131.467,3944,in_bed,0.6851,0.864,0.0135,2.148,0.8505,0.396,0.8545,0.7871,0.5831,0.3349,0.0898,0.6205,0.4748,0.2714,0.204,0.2482,0.2451,177.0961,156.8441,35.6173,0.7639
131.5,3945,in_bed,0.6861,0.8663,0.0136,2.155,0.8527,0.3957,0.8563,0.7884,0.5838,0.3377,0.0898,0.6215,0.4774,0.2725,0.2047,0.246,0.2479,177.221,157.3039,35.5999,0.7664
131.533,3946,in_bed,0.6862,0.8648,0.0137,2.15,0.8511,0.3959,0.8552,0.7879,0.5844,0.3375,0.0899,0.6215,0.4778,0.2708,0.2035,0.247,0.2476,177.1707,156.9988,35.5269,0.7637
131.567,3947,in_bed,0.686,0.8638,0.0137,2.1466,0.8501,0.396,0.8546,0.7875,0.5845,0.3363,0.0899,0.621,0.477,0.27,0.203,0.2483,0.2464,177.0697,156.7178,35.5643,0.762
131.6,3948,in_bed,0.6865,0.8622,0.0122,2.1438,0.85,0.3965,0.8525,0.7875,0.5855,0.3349,0.0897,0.6217,0.4771,0.2671,0.202,0.2505,0.2452,177.2275,156.6673,35.3989,0.7618
131.633,3949,in_bed,0.6866,0.8611,0.011,2.1423,0.8501,0.3968,0.8514,0.7871,0.5861,0.3348,0.0896,0.6229,0.4782,0.2653,0.2011,0.2513,0.2452,177.1705,156.5398,35.4982,0.763
131.667,3950,in_bed,0.686,0.8598,0.0109,2.1377,0.8489,0.3971,0.8509,0.7859,0.586,0.3346,0.0895,0.622,0.4775,0.2649,0.1999,0.2515,0.2451,176.9027,156.4377,35.686,0.7631
131.7,3951,in_bed,0.686,0.8591,0.0105,2.136,0.8487,0.3973,0.8507,0.7855,0.5864,0.3345,0.0895,0.6226,0.4787,0.2643,0.1991,0.2519,0.2451,176.8673,156.3763,35.6665,0.7637
131.733,3952,in_bed,0.6884,0.8628,0.0086,2.1496,0.8542,0.3974,0.854,0.7881,0.5888,0.339,0.0894,0.6236,0.4816,0.2653,0.1994,0.2497,0.2496,177.1737,157.8722,36.6882,0.7706
131.767,3953,in_bed,0.6873,0.8611,0.0099,2.1423,0.8512,0.3973,0.8524,0.787,0.5876,0.3381,0.0895,0.6222,0.4799,0.2648,0.1995,0.2494,0.2486,176.9033,157.3612,36.4051,0.768
131.8,3954,in_bed,0.6858,0.8595,0.0106,2.1365,0.8489,0.3973,0.8508,0.7857,0.5858,0.3369,0.0895,0.6204,0.4783,0.265,0.1999,0.2489,0.2474,176.8902,157.0414,36.1921,0.7655
131.833,3955,in_bed,0.6851,0.8585,0.0106,2.1338,0.8479,0.3974,0.8497,0.785,0.5853,0.3363,0.0895,0.6198,0.4764,0.2644,0.1997,0.249,0.2468,176.9534,156.8079,36.1565,0.7646
131.867,3956,in_bed,0.685,0.8586,0.0106,2.134,0.848,0.3974,0.8502,0.7848,0.5852,0.3359,0.0895,0.6195,0.4765,0.2649,0.1996,0.2493,0.2464,176.9325,156.6576,36.0988,0.7643
131.9,3957,in_bed,0.6855,0.8589,0.0103,2.1355,0.8487,0.3974,0.8506,0.7854,0.5856,0.3358,0.0895,0.6205,0.4765,0.265,0.1998,0.2497,0.2463,176.9611,156.4267,35.949,0.7644
131.933,3958,in_bed,0.6878,0.8633,0.0091,2.151,0.8542,0.3971,0.8633,0.788,0.5877,0.3388,0.0895,0.623,0.479,0.2756,0.2003,0.2488,0.2493,177.2829,156.8668,35.9896,0.7702
131.967,3959,in_bed,0.6877,0.8629,0.0088,2.1506,0.8541,0.3972,0.8543,0.7876,0.5879,0.3387,0.0895,0.6227,0.4783,0.2664,0.1997,0.2492,0.2492,177.1628,156.6156,36.0103,0.7697
132.0,3960,in_bed,0.687,0.8608,0.0102,2.1422,0.8506,0.3971,0.8523,0.7858,0.5883,0.3375,0.0895,0.6212,0.4767,0.264,0.1975,0.2508,0.248,176.9658,156.4618,36.3009,0.7668
132.033,3961,in_bed,0.6864,0.8599,0.0109,2.1383,0.849,0.397,0.8515,0.7851,0.5876,0.3364,0.0895,0.6221,0.4786,0.2639,0.1975,0.2512,0.2469,176.7009,156.2993,36.2308,0.7657
132.067,3962,in_bed,0.6877,0.8636,0.0104,2.1502,0.8532,0.3968,0.8552,0.787,0.5884,0.3404,0.0895,0.6234,0.4816,0.2668,0.1985,0.2481,0.2509,176.7445,156.8888,36.4124,0.7706
132.1,3963,in_bed,0.6879,0.8661,0.0114,2.1558,0.8547,0.3964,0.8579,0.7876,0.5881,0.3428,0.0896,0.6235,0.4826,0.2698,0.1995,0.2453,0.2531,176.7323,157.8027,36.7729,0.7739
132.133,3964,in_bed,0.6866,0.8644,0.0121,2.1495,0.8523,0.3965,0.8566,0.7863,0.5868,0.3415,0.0897,0.6219,0.4809,0.2697,0.1995,0.2454,0.2518,176.6539,157.3728,36.6301,0.7707
132.167,3965,in_bed,0.6862,0.8636,0.0121,2.1466,0.8515,0.3967,0.8565,0.7858,0.5865,0.3405,0.0897,0.6218,0.4807,0.27,0.1993,0.246,0.2508,176.7025,157.1582,36.5397,0.7689
132.2,3966,in_bed,0.686,0.863,0.0125,2.1444,0.8505,0.3966,0.8561,0.7854,0.5866,0.339,0.0897,0.6204,0.4788,0.2695,0.1988,0.2476,0.2493,176.8827,157.0096,36.5594,0.767
132.233,3967,in_bed,0.6858,0.863,0.0122,2.1444,0.8508,0.3967,0.8566,0.7852,0.5864,0.3386,0.0897,0.6207,0.4794,0.2702,0.1988,0.2479,0.2488,176.8803,156.8395,36.4836,0.7669
132.267,3968,in_bed,0.687,0.8637,0.0115,2.147,0.8522,0.3969,0.8577,0.786,0.588,0.3403,0.0897,0.6213,0.4814,0.2697,0.1981,0.2477,0.2506,176.6845,156.8455,36.7669,0.7691
132.3,3969,in_bed,0.6873,0.8633,0.0115,2.1455,0.8518,0.397,0.857,0.7863,0.5883,0.3395,0.0897,0.6218,0.4815,0.2687,0.198,0.2488,0.2498,176.7196,156.6554,36.6266,0.7677
132.333,3970,in_bed,0.6873,0.8634,0.0123,2.1449,0.8512,0.3968,0.8569,0.7865,0.5881,0.3384,0.0897,0.6212,0.4802,0.2688,0.1984,0.2497,0.2487,176.6801,156.346,36.4823,0.7667
132.367,3971,in_bed,0.687,0.863,0.0122,2.144,0.8508,0.3968,0.8559,0.7866,0.5875,0.3367,0.0897,0.6211,0.4786,0.2684,0.1991,0.2508,0.247,176.8114,156.1496,36.3853,0.7656
132.4,3972,in_bed,0.6883,0.8632,0.0106,2.1472,0.8526,0.3971,0.8559,0.7871,0.5896,0.3361,0.0895,0.6219,0.479,0.2663,0.1975,0.2535,0.2466,176.7767,156.0092,36.5688,0.7678
132.433,3973,in_bed,0.6886,0.8636,0.0104,2.1487,0.8532,0.3971,0.8562,0.7874,0.5898,0.3364,0.0894,0.6237,0.4814,0.2664,0.1977,0.2534,0.247,176.7024,155.9501,36.3871,0.7692
132.467,3974,in_bed,0.6886,0.8633,0.0099,2.1484,0.8534,0.3972,0.8558,0.7876,0.5895,0.3367,0.0894,0.6242,0.4829,0.2662,0.1981,0.2528,0.2474,176.6136,155.8853,36.3222,0.7693
132.5,3975,in_bed,0.6893,0.8654,0.0096,2.1555,0.8558,0.3971,0.8581,0.788,0.5905,0.3395,0.0894,0.6239,0.4841,0.2675,0.1975,0.2511,0.2501,176.8119,156.9138,36.8802,0.7733
132.533,3976,in_bed,0.6895,0.8674,0.0098,2.1616,0.8577,0.3968,0.8604,0.7882,0.5908,0.3417,0.0894,0.6218,0.483,0.2696,0.1974,0.2491,0.2523,176.7969,158.547,38.0628,0.7782
132.567,3977,in_bed,0.6885,0.8657,0.0107,2.1546,0.8549,0.3968,0.8587,0.7871,0.59,0.3404,0.0894,0.6213,0.4831,0.2687,0.1971,0.2495,0.251,176.4287,157.8801,37.7589,0.7759
132.6,3978,in_bed,0.6879,0.8635,0.0114,2.1472,0.8522,0.3969,0.8558,0.7864,0.5893,0.3387,0.0895,0.6219,0.4828,0.2665,0.197,0.2507,0.2491,176.5309,157.4435,37.4075,0.7714
132.633,3979,in_bed,0.6867,0.8619,0.0113,2.1429,0.8506,0.3969,0.8619,0.7853,0.588,0.3369,0.0896,0.6213,0.4808,0.2739,0.1974,0.2511,0.2473,176.6264,157.0267,37.0957,0.7683
132.667,3980,in_bed,0.6859,0.8601,0.0116,2.1375,0.8484,0.3969,0.8517,0.784,0.5878,0.335,0.0896,0.6204,0.4789,0.2638,0.1962,0.2528,0.2454,176.7137,156.7829,36.9582,0.7655
132.7,3981,in_bed,0.685,0.859,0.0119,2.1342,0.8471,0.3969,0.8507,0.783,0.587,0.3334,0.0896,0.6198,0.4777,0.2638,0.1961,0.2536,0.2437,176.8485,156.5179,36.7152,0.7633
132.733,3982,in_bed,0.6855,0.8591,0.0104,2.1364,0.8486,0.3972,0.8512,0.7831,0.588,0.3333,0.0895,0.6206,0.4793,0.2632,0.1951,0.2547,0.2437,176.8863,156.3742,36.6224,0.7646
132.767,3983,in_bed,0.6856,0.8589,0.01,2.1366,0.8489,0.3973,0.851,0.7834,0.5879,0.3332,0.0895,0.6226,0.4816,0.2631,0.1955,0.2547,0.2437,176.9759,156.1997,36.5239,0.7647
132.8,3984,in_bed,0.6835,0.8575,0.0109,2.1314,0.8465,0.3972,0.85,0.7815,0.5854,0.3315,0.0895,0.6205,0.479,0.2646,0.1961,0.2539,0.242,176.7389,156.0172,36.2059,0.7631
132.833,3985,in_bed,0.6819,0.8563,0.0122,2.1264,0.8442,0.397,0.8491,0.7801,0.5836,0.3301,0.0896,0.6186,0.4762,0.2655,0.1965,0.2535,0.2405,176.5097,155.8018,36.1566,0.7607
132.867,3986,in_bed,0.6818,0.8567,0.0124,2.127,0.8442,0.3969,0.8496,0.7804,0.5832,0.3307,0.0896,0.6184,0.4763,0.2663,0.1971,0.2525,0.2411,176.2912,155.6683,36.003,0.761
132.9,3987,in_bed,0.6818,0.8563,0.0135,2.124,0.8429,0.3968,0.849,0.7805,0.5832,0.3304,0.0896,0.6182,0.4754,0.2658,0.1973,0.2528,0.2407,176.165,155.5656,35.9202,0.7595
132.933,3988,in_bed,0.6829,0.8603,0.014,2.1359,0.8463,0.3962,0.8524,0.7825,0.5833,0.3335,0.0898,0.6198,0.4772,0.2691,0.1992,0.2498,0.2437,176.2999,156.0965,35.8242,0.763
132.967,3989,in_bed,0.685,0.8644,0.0131,2.1499,0.8513,0.396,0.8561,0.785,0.585,0.3368,0.0897,0.6215,0.4789,0.2711,0.2,0.2482,0.2471,176.5313,156.6238,35.8764,0.7681
133.0,3990,in_bed,0.6864,0.8681,0.0132,2.1604,0.8549,0.3957,0.8593,0.7874,0.5854,0.3405,0.0898,0.6222,0.48,0.2739,0.202,0.2449,0.2507,176.6296,157.3114,36.0632,0.7719
133.033,3991,in_bed,0.6875,0.8708,0.0125,2.1697,0.8583,0.3956,0.8621,0.7889,0.5861,0.3429,0.0899,0.6232,0.4818,0.276,0.2028,0.2432,0.2531,176.8656,157.7765,36.1838,0.7758
133.067,3992,in_bed,0.6872,0.8716,0.0132,2.1711,0.8584,0.3954,0.863,0.7887,0.5856,0.3439,0.0899,0.6229,0.4816,0.2774,0.2031,0.2417,0.254,177.0139,158.1441,36.1484,0.7761
133.1,3993,in_bed,0.6876,0.872,0.014,2.1704,0.858,0.3953,0.8633,0.7888,0.5864,0.345,0.09,0.6226,0.4811,0.2769,0.2024,0.2414,0.255,177.0524,158.3986,36.22,0.7759
133.133,3994,in_bed,0.6858,0.8712,0.0154,2.1663,0.8559,0.3951,0.8626,0.7876,0.5839,0.3453,0.0901,0.621,0.4791,0.2787,0.2037,0.2386,0.2551,177.0902,158.4147,35.9738,0.774
133.167,3995,in_bed,0.6851,0.8686,0.0153,2.158,0.8532,0.3954,0.8603,0.7866,0.5837,0.3432,0.0901,0.6197,0.4769,0.2766,0.2029,0.2405,0.2531,176.9715,157.903,35.7598,0.7711
133.2,3996,in_bed,0.685,0.8665,0.014,2.1533,0.8525,0.3959,0.8586,0.7855,0.5844,0.3414,0.0899,0.62,0.4768,0.2741,0.201,0.243,0.2515,176.8442,157.4934,35.9659,0.7692
133.233,3997,in_bed,0.684,0.8638,0.0139,2.1446,0.85,0.3963,0.8572,0.7833,0.5848,0.3397,0.0899,0.6182,0.4754,0.2724,0.1985,0.245,0.2498,176.606,157.1572,36.302,0.7665
133.267,3998,in_bed,0.6825,0.8612,0.0134,2.1372,0.8478,0.3967,0.8553,0.7813,0.5837,0.3375,0.0898,0.6168,0.4742,0.2716,0.1976,0.2463,0.2477,176.4367,156.8908,36.499,0.7656
133.3,3999,in_bed,0.6818,0.8603,0.0127,2.1356,0.8476,0.3969,0.8551,0.7803,0.5833,0.3353,0.0897,0.617,0.4748,0.2718,0.197,0.248,0.2456,176.3818,156.6453,36.5126,0.7657
133.333,4000,in_bed,0.682,0.8596,0.0129,2.1327,0.8467,0.397,0.8546,0.7802,0.5838,0.3345,0.0897,0.6173,0.4745,0.2708,0.1964,0.2493,0.2448,176.2761,156.4593,36.624,0.7648
133.367,4001,in_bed,0.6819,0.8588,0.013,2.13,0.8458,0.3971,0.854,0.78,0.5839,0.334,0.0896,0.6173,0.4738,0.2701,0.1961,0.2499,0.2444,175.9627,156.2584,36.7743,0.7644
133.4,4002,in_bed,0.6819,0.8578,0.0127,2.1276,0.8451,0.3972,0.8522,0.7798,0.5841,0.3323,0.0895,0.617,0.4728,0.2681,0.1957,0.2518,0.2428,176.0958,156.2052,36.7854,0.7636
133.433,4003,in_bed,0.6836,0.8584,0.0114,2.1311,0.847,0.3974,0.8521,0.7815,0.5857,0.3323,0.0894,0.6189,0.4735,0.2663,0.1958,0.2534,0.2428,176.1654,156.0407,36.7027,0.7649
133.467,4004,in_bed,0.6849,0.8621,0.01,2.1451,0.852,0.3972,0.8621,0.7838,0.586,0.3345,0.0894,0.6201,0.4741,0.276,0.1978,0.2516,0.2451,176.5017,156.523,36.5871,0.7701
133.5,4005,in_bed,0.6849,0.862,0.0105,2.1441,0.8516,0.3972,0.8545,0.7843,0.5856,0.3338,0.0894,0.6189,0.4732,0.2689,0.1987,0.2518,0.2444,176.541,156.3814,36.4532,0.7687
133.533,4006,in_bed,0.685,0.8617,0.0109,2.1425,0.8508,0.3971,0.8542,0.784,0.586,0.3338,0.0894,0.6179,0.4725,0.2683,0.198,0.2522,0.2443,176.5739,156.2617,36.4733,0.768
133.567,4007,in_bed,0.6843,0.8615,0.0106,2.1429,0.8509,0.3971,0.8539,0.7838,0.5847,0.3328,0.0894,0.6172,0.4716,0.2692,0.1991,0.2519,0.2434,176.4558,156.0254,36.3476,0.7679
133.6,4008,in_bed,0.6854,0.8618,0.0101,2.1437,0.8517,0.3973,0.8544,0.7844,0.5864,0.3331,0.0893,0.6184,0.4729,0.2681,0.1981,0.2532,0.2438,176.5101,155.9878,36.3102,0.7689
133.633,4009,in_bed,0.6856,0.8613,0.0085,2.1441,0.8527,0.3977,0.854,0.7845,0.5867,0.3337,0.0892,0.6195,0.475,0.2673,0.1978,0.2531,0.2445,176.6615,155.9363,36.2136,0.7701
133.667,4010,in_bed,0.6869,0.8618,0.0077,2.147,0.8542,0.3978,0.8543,0.7855,0.5884,0.3342,0.0891,0.6207,0.4759,0.2659,0.197,0.2542,0.2451,176.637,155.8481,36.2097,0.7714
133.7,4011,in_bed,0.687,0.8615,0.0076,2.1463,0.8539,0.3978,0.8538,0.7854,0.5885,0.3343,0.0891,0.6206,0.4753,0.2653,0.1969,0.2543,0.2451,176.673,155.8254,36.2118,0.7717
133.733,4012,in_bed,0.6885,0.8652,0.0064,2.1602,0.8588,0.3975,0.8572,0.7872,0.5897,0.3362,0.0891,0.6221,0.4771,0.2675,0.1975,0.2535,0.2471,177.0008,156.4069,36.3512,0.7763
133.767,4013,in_bed,0.6905,0.8691,0.005,2.1746,0.8641,0.3973,0.8607,0.7895,0.5916,0.3388,0.0891,0.6246,0.48,0.2691,0.1979,0.2528,0.2497,177.3639,156.9539,36.5639,0.7816
133.8,4014,in_bed,0.6905,0.8686,0.005,2.173,0.8636,0.3974,0.8601,0.7896,0.5915,0.3378,0.0891,0.626,0.4821,0.2687,0.1981,0.2537,0.2486,177.4784,156.7656,36.5081,0.7798
133.833,4015,in_bed,0.6895,0.867,0.006,2.1664,0.861,0.3974,0.8592,0.7883,0.5907,0.3373,0.0893,0.6246,0.4822,0.2685,0.1975,0.2535,0.248,177.4278,156.646,36.6314,0.7769
133.867,4016,in_bed,0.689,0.8662,0.0067,2.1626,0.8596,0.3975,0.8592,0.7876,0.5903,0.3372,0.0894,0.6241,0.4833,0.2689,0.1974,0.2531,0.2478,177.3037,156.6053,36.6967,0.7757
133.9,4017,in_bed,0.6881,0.865,0.0067,2.1591,0.8583,0.3975,0.8583,0.7867,0.5896,0.3364,0.0893,0.6236,0.4835,0.2688,0.1972,0.2532,0.247,177.2986,156.4618,36.5458,0.7744
133.933,4018,in_bed,0.6871,0.8635,0.0077,2.1534,0.8558,0.3974,0.8567,0.7858,0.5885,0.3351,0.0894,0.6222,0.482,0.2682,0.1973,0.2534,0.2458,177.2281,156.2769,36.3146,0.7721
133.967,4019,in_bed,0.6881,0.8659,0.0079,2.1604,0.8579,0.3971,0.8585,0.7869,0.5892,0.3369,0.0894,0.6229,0.4825,0.2693,0.1977,0.2523,0.2475,177.5587,156.8201,36.4134,0.7747
134.0,4020,in_bed,0.6873,0.8648,0.0073,2.1582,0.8575,0.3973,0.8574,0.7863,0.5884,0.3367,0.0894,0.6232,0.484,0.269,0.1978,0.2517,0.2474,177.5349,156.686,36.1734,0.7738
134.033,4021,in_bed,0.688,0.8677,0.0067,2.1675,0.8609,0.3972,0.8602,0.7876,0.5883,0.3394,0.0894,0.6236,0.4848,0.2718,0.1993,0.249,0.25,177.4879,157.1807,36.1533,0.7783
134.067,4022,in_bed,0.6884,0.8699,0.0061,2.1751,0.8638,0.3971,0.8626,0.7883,0.5885,0.3421,0.0894,0.6227,0.4858,0.2741,0.1998,0.2463,0.2528,177.4422,158.1381,36.6939,0.7838
134.1,4023,in_bed,0.6869,0.8679,0.0073,2.167,0.8606,0.3971,0.8612,0.7865,0.5873,0.3401,0.0894,0.6208,0.4829,0.2738,0.1992,0.2472,0.2507,176.9309,157.5504,36.6248,0.7811
134.133,4024,in_bed,0.6858,0.8664,0.008,2.1613,0.8584,0.3972,0.8604,0.7851,0.5864,0.3394,0.0893,0.6194,0.4816,0.274,0.1987,0.2471,0.2501,176.4724,157.0895,36.5906,0.7808
134.167,4025,in_bed,0.6853,0.865,0.0086,2.1562,0.8564,0.3972,0.8591,0.7843,0.5863,0.3378,0.0893,0.6196,0.4808,0.2728,0.198,0.2484,0.2485,176.489,156.8289,36.617,0.7782
134.2,4026,in_bed,0.6842,0.8628,0.0101,2.1478,0.8527,0.397,0.8567,0.7828,0.5856,0.3354,0.0894,0.6185,0.4781,0.2711,0.1972,0.2502,0.2459,176.4293,156.5452,36.621,0.7737
134.233,4027,in_bed,0.6842,0.8621,0.0112,2.1439,0.8508,0.3969,0.8562,0.7823,0.5861,0.3354,0.0895,0.6178,0.4773,0.2701,0.1962,0.2508,0.2459,176.2874,156.3347,36.5943,0.7721
134.267,4028,in_bed,0.6845,0.8613,0.0115,2.1413,0.8497,0.3968,0.8552,0.7821,0.5868,0.3341,0.0895,0.6187,0.4771,0.2684,0.1953,0.2527,0.2446,176.4568,156.1926,36.6324,0.7699
134.3,4029,in_bed,0.6859,0.8614,0.0115,2.1415,0.85,0.3969,0.8552,0.7828,0.589,0.3351,0.0895,0.6205,0.4785,0.2662,0.1938,0.2539,0.2456,176.3827,156.058,36.6756,0.7697
134.333,4030,in_bed,0.6869,0.8647,0.0118,2.1513,0.8529,0.3965,0.858,0.7842,0.5896,0.3377,0.0896,0.6211,0.4792,0.2684,0.1947,0.2518,0.2481,176.6508,156.5629,36.538,0.7719
134.367,4031,in_bed,0.6863,0.8633,0.0131,2.1451,0.8502,0.3963,0.8633,0.7838,0.5887,0.3371,0.0898,0.6199,0.4762,0.2746,0.1951,0.2516,0.2473,176.7377,156.2214,36.0913,0.7671
134.4,4032,in_bed,0.6871,0.8633,0.0121,2.1467,0.8512,0.3965,0.8559,0.7846,0.5896,0.3357,0.0897,0.6204,0.4752,0.2663,0.195,0.254,0.246,176.9076,156.2464,36.0429,0.7666
134.433,4033,in_bed,0.687,0.8635,0.012,2.1475,0.8515,0.3965,0.8569,0.7849,0.5892,0.3355,0.0897,0.62,0.4747,0.2676,0.1956,0.2537,0.2458,176.8116,156.1616,35.8319,0.7666
134.467,4034,in_bed,0.6865,0.8625,0.0127,2.1427,0.8498,0.3966,0.8563,0.7844,0.5886,0.3351,0.0897,0.6201,0.475,0.2677,0.1958,0.2535,0.2454,176.5083,156.0608,35.8414,0.765
134.5,4035,in_bed,0.688,0.8659,0.0116,2.1548,0.8543,0.3965,0.8589,0.7865,0.5894,0.3373,0.0897,0.6213,0.4754,0.2695,0.1971,0.2521,0.2476,176.7901,156.5793,35.893,0.7694
134.533,4036,in_bed,0.6884,0.8688,0.0111,2.1648,0.8577,0.3962,0.8612,0.7881,0.5886,0.339,0.0897,0.6223,0.4766,0.2726,0.1995,0.2496,0.2492,177.0213,156.9847,35.7415,0.7727
134.567,4037,in_bed,0.6882,0.8678,0.0112,2.1609,0.8566,0.3964,0.8611,0.7875,0.5889,0.3382,0.0897,0.6218,0.4772,0.2722,0.1986,0.2508,0.2484,176.7234,156.6649,35.8571,0.7717
134.6,4038,in_bed,0.6887,0.8701,0.0117,2.1678,0.8585,0.396,0.8632,0.7886,0.5888,0.3392,0.0898,0.6222,0.478,0.2744,0.1998,0.2496,0.2494,176.8827,157.1592,35.9176,0.7734
134.633,4039,in_bed,0.6898,0.8727,0.0115,2.1762,0.8612,0.3957,0.8651,0.7904,0.5891,0.3407,0.0898,0.6232,0.4779,0.276,0.2013,0.2484,0.2508,177.0957,157.5111,35.8402,0.7757
134.667,4040,in_bed,0.6906,0.875,0.0121,2.1829,0.8629,0.3953,0.8669,0.7916,0.5895,0.3414,0.0899,0.6239,0.4776,0.2774,0.2021,0.2481,0.2515,177.322,157.8294,35.952,0.7775
134.7,4041,in_bed,0.6895,0.8721,0.0122,2.1739,0.86,0.3956,0.8645,0.7899,0.5892,0.339,0.0899,0.6225,0.4757,0.2754,0.2008,0.2501,0.2491,177.2837,157.4461,36.0198,0.7737
134.733,4042,in_bed,0.6901,0.874,0.0124,2.1792,0.8615,0.3953,0.874,0.7909,0.5893,0.3407,0.09,0.623,0.4757,0.2847,0.2016,0.2486,0.2508,177.35,157.6979,35.8248,0.7751
134.767,4043,in_bed,0.6893,0.8722,0.0118,2.1744,0.8603,0.3957,0.8645,0.7901,0.5885,0.3396,0.0899,0.6229,0.4758,0.276,0.2016,0.2489,0.2497,177.2128,157.2773,35.6655,0.7735
134.8,4044,in_bed,0.6884,0.8707,0.0115,2.1704,0.8592,0.3959,0.8629,0.7899,0.587,0.3381,0.0898,0.6217,0.4745,0.2759,0.2029,0.2488,0.2484,177.0373,156.9341,35.331,0.7723
134.833,4045,in_bed,0.6877,0.8688,0.0117,2.1641,0.8571,0.396,0.8611,0.7892,0.5862,0.3381,0.0897,0.6218,0.4747,0.2749,0.203,0.248,0.2484,176.7863,156.6973,35.3286,0.7713
134.867,4046,in_bed,0.6869,0.8706,0.0115,2.1702,0.8591,0.3959,0.8624,0.7902,0.5835,0.34,0.0897,0.6224,0.4756,0.279,0.2068,0.2435,0.2503,176.8349,157.0033,34.9467,0.7736
134.9,4047,in_bed,0.687,0.8726,0.011,2.1769,0.8615,0.3958,0.864,0.7913,0.5828,0.3421,0.0897,0.6233,0.4762,0.2813,0.2086,0.2407,0.2524,176.9506,157.3208,34.8067,0.7765
134.933,4048,in_bed,0.6877,0.8741,0.011,2.1819,0.8631,0.3956,0.8655,0.7918,0.5837,0.3446,0.0897,0.6239,0.4776,0.2818,0.2082,0.2391,0.2548,177.0621,157.7092,35.0485,0.7783
134.967,4049,in_bed,0.6868,0.8711,0.0114,2.172,0.8598,0.3958,0.863,0.79,0.5837,0.3439,0.0897,0.6226,0.4774,0.2793,0.2063,0.2398,0.2541,176.8701,157.3392,35.3291,0.775
135.0,4050,in_bed,0.6858,0.8691,0.0122,2.1645,0.8569,0.3959,0.8612,0.7886,0.583,0.3428,0.0898,0.6208,0.476,0.2782,0.2055,0.2402,0.253,176.6283,156.9672,35.2782,0.7726
135.033,4051,in_bed,0.6856,0.868,0.0121,2.1614,0.8559,0.396,0.8604,0.7883,0.5829,0.3413,0.0897,0.6209,0.476,0.2776,0.2054,0.2416,0.2516,176.447,156.6527,35.1921,0.7713
135.067,4052,in_bed,0.6855,0.8698,0.0132,2.1659,0.8566,0.3955,0.8619,0.7888,0.5823,0.342,0.0898,0.621,0.4769,0.2797,0.2065,0.2403,0.2522,176.6109,157.0575,35.1842,0.7729
135.1,4053,in_bed,0.6849,0.8686,0.0135,2.1617,0.8551,0.3956,0.8612,0.7881,0.5817,0.3404,0.0898,0.6215,0.4782,0.2795,0.2063,0.2413,0.2506,176.4696,156.7224,35.0976,0.7724
135.133,4054,in_bed,0.685,0.8673,0.0131,2.1584,0.8543,0.3958,0.86,0.7876,0.5824,0.3393,0.0897,0.622,0.4792,0.2777,0.2052,0.243,0.2496,176.4799,156.5869,35.2506,0.7725
135.167,4055,in_bed,0.6855,0.8664,0.0121,2.1568,0.8543,0.3961,0.8594,0.7872,0.5839,0.3386,0.0896,0.622,0.4793,0.2755,0.2033,0.2452,0.249,176.4459,156.4155,35.4706,0.7727
135.2,4056,in_bed,0.6862,0.866,0.0116,2.1556,0.8544,0.3963,0.8591,0.7874,0.585,0.3377,0.0896,0.6215,0.4774,0.2741,0.2024,0.2473,0.248,176.6097,156.2137,35.4127,0.771
135.233,4057,in_bed,0.686,0.8652,0.0118,2.1529,0.8535,0.3964,0.859,0.7866,0.5853,0.3383,0.0897,0.6206,0.4769,0.2737,0.2013,0.2471,0.2486,176.4238,156.0527,35.5954,0.7698
135.267,4058,in_bed,0.6853,0.8638,0.0124,2.1472,0.8514,0.3965,0.8584,0.7852,0.5855,0.3381,0.0897,0.6191,0.476,0.2729,0.1997,0.2474,0.2483,176.2481,155.9132,35.8942,0.7677
135.3,4059,in_bed,0.6858,0.863,0.012,2.1451,0.851,0.3967,0.8573,0.7852,0.5865,0.3372,0.0897,0.6199,0.4763,0.2708,0.1987,0.2493,0.2475,176.3443,155.8503,36.0413,0.7669
135.333,4060,in_bed,0.6872,0.8656,0.0119,2.1533,0.8537,0.3964,0.859,0.7866,0.5877,0.3393,0.0897,0.6213,0.4784,0.2712,0.1989,0.2484,0.2496,176.6944,156.5113,36.3012,0.7696
135.367,4061,in_bed,0.6869,0.8647,0.0121,2.1499,0.8525,0.3965,0.8579,0.7863,0.5875,0.3386,0.0897,0.6214,0.4777,0.2704,0.1988,0.2489,0.2488,176.7287,156.3557,36.2228,0.7681
135.4,4062,in_bed,0.6879,0.8667,0.012,2.157,0.8548,0.3963,0.859,0.7875,0.5884,0.3398,0.0898,0.6217,0.4764,0.2705,0.1991,0.2486,0.25,177.1112,156.8559,36.2845,0.7699
135.433,4063,in_bed,0.6878,0.868,0.0116,2.1619,0.8564,0.3961,0.8596,0.7881,0.5875,0.3404,0.0898,0.6222,0.4768,0.272,0.2005,0.2471,0.2506,177.2688,157.2036,36.1334,0.7714
135.467,4064,in_bed,0.6885,0.8699,0.0108,2.169,0.8591,0.3961,0.861,0.7892,0.5877,0.3418,0.0898,0.6234,0.478,0.2733,0.2015,0.2459,0.2521,177.4052,157.5526,36.082,0.7743
135.5,4065,in_bed,0.6889,0.871,0.0103,2.1738,0.8608,0.396,0.8619,0.7898,0.5879,0.3424,0.0897,0.6244,0.4794,0.2739,0.2019,0.2456,0.2527,177.4799,157.7987,36.1264,0.7765
135.533,4066,in_bed,0.689,0.8726,0.0097,2.1798,0.8629,0.3959,0.864,0.7902,0.5879,0.3439,0.0896,0.6239,0.4804,0.2761,0.2023,0.244,0.2542,177.3895,158.2396,36.2813,0.78
135.567,4067,in_bed,0.6885,0.8709,0.0092,2.1748,0.8617,0.3962,0.8639,0.7888,0.5881,0.3424,0.0895,0.6234,0.4804,0.2758,0.2008,0.2457,0.2528,177.1122,158.1664,36.5658,0.7799
135.6,4068,in_bed,0.6886,0.8694,0.009,2.1704,0.8603,0.3964,0.862,0.7885,0.5887,0.341,0.0895,0.6232,0.4787,0.2733,0.1998,0.2477,0.2515,177.2822,157.7557,36.5446,0.7772
135.633,4069,in_bed,0.6883,0.8674,0.0083,2.165,0.8591,0.3968,0.8601,0.7878,0.5889,0.3406,0.0894,0.6232,0.4781,0.2713,0.1989,0.2483,0.2512,177.195,157.3688,36.5334,0.7759
135.667,4070,in_bed,0.6879,0.8663,0.0084,2.1614,0.8579,0.3969,0.8595,0.7871,0.5887,0.3399,0.0894,0.6234,0.4784,0.2707,0.1983,0.2489,0.2505,177.0772,157.0533,36.5797,0.7749
135.7,4071,in_bed,0.6885,0.8685,0.0079,2.169,0.8606,0.3968,0.861,0.7882,0.5888,0.3422,0.0894,0.6237,0.4801,0.2722,0.1994,0.2466,0.2528,177.1563,157.4458,36.643,0.7788
135.733,4072,in_bed,0.6879,0.8672,0.0084,2.164,0.8587,0.3968,0.8596,0.7877,0.5881,0.341,0.0894,0.6225,0.4784,0.2715,0.1996,0.2471,0.2516,177.0063,157.0742,36.5602,0.7759
135.767,4073,in_bed,0.6883,0.8686,0.0087,2.1681,0.8599,0.3966,0.8604,0.7884,0.5883,0.3419,0.0895,0.623,0.4787,0.2721,0.2001,0.2464,0.2524,177.2365,157.4456,36.4782,0.7764
135.8,4074,in_bed,0.6892,0.8703,0.0087,2.1737,0.8616,0.3964,0.8703,0.7896,0.5888,0.3424,0.0896,0.6237,0.4792,0.2815,0.2008,0.2464,0.2528,177.4729,157.7811,36.455,0.7774
135.833,4075,in_bed,0.6891,0.8712,0.0094,2.1757,0.8619,0.3961,0.8712,0.7899,0.5883,0.3425,0.0897,0.6241,0.4789,0.2829,0.2016,0.2458,0.2529,177.5324,157.9427,36.422,0.7776
135.867,4076,in_bed,0.6887,0.8726,0.0101,2.1796,0.8625,0.3957,0.8629,0.7899,0.5874,0.3431,0.0897,0.624,0.4799,0.2755,0.2024,0.2444,0.2534,177.5499,158.0774,36.2296,0.7789
135.9,4077,in_bed,0.6886,0.8729,0.0101,2.181,0.8629,0.3956,0.8729,0.7897,0.5875,0.3432,0.0897,0.6233,0.4775,0.2854,0.2022,0.2443,0.2535,177.6471,158.1406,36.1939,0.7795
135.933,4078,in_bed,0.6885,0.8736,0.0102,2.1832,0.8634,0.3955,0.8634,0.7898,0.5872,0.3436,0.0897,0.6237,0.4776,0.2762,0.2026,0.2436,0.2539,177.6584,158.199,36.1461,0.7804
135.967,4079,in_bed,0.6894,0.8754,0.0089,2.191,0.8665,0.3955,0.8754,0.7912,0.5877,0.3451,0.0896,0.6259,0.4819,0.2877,0.2034,0.2427,0.2555,177.7117,158.2788,36.0604,0.7844
136.0,4080,in_bed,0.6886,0.8722,0.0089,2.1806,0.8633,0.3959,0.8624,0.7895,0.5878,0.3437,0.0896,0.6241,0.4791,0.2746,0.2017,0.2441,0.2541,177.4965,157.8325,36.0698,0.7804
136.033,4081,in_bed,0.6882,0.8701,0.0088,2.1737,0.8613,0.3962,0.8611,0.7884,0.588,0.3434,0.0895,0.6227,0.478,0.2731,0.2003,0.2446,0.2539,177.0852,157.3699,36.0528,0.7781
136.067,4082,in_bed,0.6877,0.868,0.0087,2.1664,0.8592,0.3966,0.8593,0.7875,0.5878,0.3431,0.0894,0.6219,0.4781,0.2715,0.1997,0.2447,0.2537,176.7251,156.9397,36.0403,0.7764
136.1,4083,in_bed,0.6867,0.8667,0.009,2.162,0.8577,0.3967,0.8582,0.7871,0.5863,0.3418,0.0895,0.6219,0.4784,0.2719,0.2008,0.2444,0.2523,176.7225,156.6348,35.8509,0.773
136.133,4084,in_bed,0.6867,0.866,0.0091,2.1594,0.8569,0.3968,0.858,0.7867,0.5866,0.3417,0.0895,0.6224,0.4799,0.2714,0.2001,0.2449,0.2521,176.5109,156.3136,35.8446,0.7719
136.167,4085,in_bed,0.6878,0.866,0.0085,2.16,0.8575,0.397,0.858,0.7873,0.5883,0.3417,0.0895,0.6231,0.48,0.2698,0.199,0.2466,0.2523,176.5648,156.1269,35.8322,0.7722
136.2,4086,in_bed,0.688,0.8655,0.0087,2.1577,0.8568,0.3971,0.8575,0.7876,0.5884,0.3416,0.0894,0.6234,0.4796,0.2692,0.1992,0.2467,0.2522,176.5401,155.8838,35.6201,0.7711
136.233,4087,in_bed,0.6881,0.8641,0.009,2.1529,0.8551,0.3972,0.8562,0.7867,0.5894,0.3404,0.0894,0.6231,0.4784,0.2668,0.1973,0.249,0.251,176.6366,155.8673,35.8484,0.7697
136.267,4088,in_bed,0.6877,0.8631,0.0096,2.1483,0.8534,0.3973,0.8557,0.786,0.5893,0.3396,0.0895,0.6226,0.4782,0.2665,0.1968,0.2497,0.2501,176.4929,155.82,35.9337,0.7685
136.3,4089,in_bed,0.6864,0.8627,0.0104,2.1462,0.8524,0.3972,0.8557,0.7854,0.5874,0.3389,0.0895,0.6211,0.4766,0.2683,0.198,0.2484,0.2495,176.1692,155.5757,35.8369,0.7687
136.333,4090,in_bed,0.686,0.8625,0.0104,2.1456,0.8521,0.3972,0.8556,0.7851,0.5869,0.3393,0.0894,0.6209,0.4777,0.2687,0.1983,0.2476,0.2499,175.9088,155.3872,35.8993,0.77
136.367,4091,in_bed,0.6855,0.862,0.0104,2.1446,0.8516,0.3971,0.855,0.7847,0.5864,0.3384,0.0894,0.6201,0.4776,0.2687,0.1983,0.2479,0.249,175.9753,155.4242,35.8256,0.7702
136.4,4092,in_bed,0.6864,0.8619,0.0104,2.144,0.8515,0.3971,0.8545,0.7851,0.5877,0.3387,0.0894,0.6202,0.4773,0.2668,0.1974,0.249,0.2493,176.1033,155.4546,35.7161,0.7697
136.433,4093,in_bed,0.6868,0.8616,0.0097,2.1443,0.8519,0.3973,0.8616,0.7858,0.5879,0.3383,0.0893,0.6215,0.4773,0.2737,0.1979,0.2496,0.249,176.2949,155.4603,35.5792,0.7701
136.467,4094,in_bed,0.6869,0.8616,0.0096,2.1449,0.852,0.3972,0.8616,0.7858,0.5879,0.3373,0.0893,0.6215,0.4761,0.2737,0.1978,0.2506,0.248,176.3957,155.4336,35.5701,0.7695
136.5,4095,in_bed,0.6874,0.8618,0.0095,2.1455,0.8523,0.3972,0.8618,0.7864,0.5885,0.3367,0.0893,0.6222,0.4766,0.2734,0.1979,0.2517,0.2474,176.4406,155.3775,35.5523,0.7695
136.533,4096,in_bed,0.6877,0.8611,0.0093,2.1434,0.8518,0.3974,0.8611,0.7861,0.5893,0.3368,0.0893,0.6227,0.4765,0.2718,0.1969,0.2525,0.2475,176.5072,155.4109,35.7278,0.7691
136.567,4097,in_bed,0.687,0.8603,0.0091,2.1415,0.8512,0.3975,0.8512,0.7853,0.5887,0.3363,0.0892,0.6224,0.4768,0.2625,0.1967,0.2524,0.2471,176.4308,155.4535,35.7184,0.7697
136.6,4098,in_bed,0.6881,0.8628,0.0088,2.1498,0.854,0.3972,0.8628,0.7871,0.5891,0.3382,0.0893,0.6246,0.4798,0.2737,0.198,0.251,0.2489,176.8107,156.1529,35.8238,0.7722
136.633,4099,in_bed,0.6878,0.8626,0.0085,2.15,0.8541,0.3973,0.8626,0.7874,0.5882,0.3368,0.0892,0.6246,0.4788,0.2744,0.1992,0.2513,0.2476,176.7433,156.0334,35.8196,0.7719
136.667,4100,in_bed,0.6878,0.8625,0.008,2.1506,0.8544,0.3973,0.8625,0.7874,0.5883,0.3362,0.0892,0.6247,0.4784,0.2742,0.1991,0.2521,0.247,176.8696,155.992,35.9177,0.7716
136.7,4101,in_bed,0.6872,0.8618,0.0087,2.1478,0.8532,0.3972,0.8518,0.7867,0.5877,0.3352,0.0892,0.624,0.478,0.2641,0.1991,0.2525,0.2459,176.887,155.9152,35.8884,0.7704
136.733,4102,in_bed,0.6874,0.8619,0.008,2.149,0.8539,0.3973,0.8521,0.7867,0.5881,0.3353,0.0892,0.6249,0.479,0.2641,0.1986,0.2528,0.246,176.8868,155.865,35.8521,0.7704
136.767,4103,in_bed,0.6872,0.8623,0.0077,2.1507,0.8546,0.3974,0.8529,0.7867,0.5877,0.3355,0.0892,0.6255,0.4798,0.2651,0.199,0.2523,0.2463,176.9763,155.8491,35.7919,0.7699
136.8,4104,in_bed,0.6862,0.8623,0.0075,2.1504,0.8548,0.3975,0.8541,0.7859,0.5865,0.3344,0.0892,0.6241,0.48,0.2676,0.1995,0.2521,0.2452,176.7599,155.8498,35.6928,0.7701
136.833,4105,in_bed,0.6856,0.862,0.0082,2.1485,0.8539,0.3974,0.8542,0.7856,0.5856,0.3336,0.0893,0.6224,0.4786,0.2687,0.2,0.2519,0.2443,176.6823,155.736,35.5296,0.7687
136.867,4106,in_bed,0.6872,0.8636,0.0075,2.1533,0.8561,0.3976,0.8564,0.7868,0.5877,0.3358,0.0893,0.6236,0.4806,0.2687,0.1991,0.2518,0.2466,176.5905,155.7324,35.5784,0.7709
136.9,4107,in_bed,0.6881,0.8638,0.0078,2.153,0.856,0.3976,0.8563,0.7873,0.589,0.3363,0.0893,0.625,0.4818,0.2674,0.1983,0.2526,0.2471,176.5072,155.6405,35.5983,0.7707
136.933,4108,in_bed,0.6875,0.8632,0.0082,2.1507,0.855,0.3975,0.8556,0.7869,0.5881,0.3352,0.0893,0.6248,0.4812,0.2675,0.1988,0.2529,0.2459,176.6133,155.6721,35.6686,0.7697
136.967,4109,in_bed,0.6863,0.8624,0.0092,2.1468,0.8532,0.3974,0.8551,0.7861,0.5864,0.3338,0.0893,0.6236,0.48,0.2687,0.1997,0.2527,0.2444,176.5458,155.6092,35.7095,0.7682
137.0,4110,in_bed,0.6851,0.8619,0.0097,2.1449,0.8522,0.3973,0.8545,0.7856,0.5846,0.332,0.0894,0.6229,0.4789,0.2698,0.2009,0.2526,0.2426,176.6308,155.6133,35.59,0.767
137.033,4111,in_bed,0.6868,0.8649,0.0097,2.154,0.8552,0.397,0.8567,0.7874,0.5861,0.3346,0.0894,0.6235,0.4787,0.2706,0.2013,0.2516,0.2451,176.8555,156.234,35.7413,0.7714
137.067,4112,in_bed,0.687,0.864,0.0095,2.1515,0.8544,0.3971,0.8557,0.7874,0.5867,0.334,0.0893,0.6236,0.4781,0.269,0.2007,0.2527,0.2446,176.6011,156.0646,35.8921,0.7723
137.1,4113,in_bed,0.6875,0.8638,0.0086,2.1522,0.8552,0.3974,0.8555,0.7877,0.5874,0.3335,0.0892,0.6245,0.4786,0.2682,0.2003,0.2538,0.2443,176.6301,156.0404,35.9915,0.7734
137.133,4114,in_bed,0.6892,0.8668,0.0077,2.1625,0.8591,0.3973,0.8668,0.7897,0.5888,0.3361,0.0892,0.6255,0.4771,0.278,0.2009,0.2527,0.2468,176.9401,156.621,35.9866,0.7772
137.167,4115,in_bed,0.6888,0.8659,0.0074,2.16,0.8586,0.3975,0.8571,0.7891,0.5885,0.3361,0.0892,0.6255,0.4787,0.2686,0.2005,0.2524,0.2469,176.7777,156.3707,36.0631,0.7767
137.2,4116,in_bed,0.6897,0.8685,0.0071,2.1684,0.8614,0.3973,0.8594,0.7904,0.5889,0.3388,0.0892,0.6269,0.4804,0.2705,0.2016,0.2501,0.2495,176.9508,156.8024,35.9092,0.7798
137.233,4117,in_bed,0.6886,0.8668,0.0073,2.1626,0.8595,0.3974,0.8578,0.7893,0.5879,0.3372,0.0893,0.6257,0.4788,0.2699,0.2015,0.2506,0.248,176.8542,156.5332,35.9254,0.7762
137.267,4118,in_bed,0.6877,0.8659,0.0078,2.1587,0.8581,0.3975,0.8579,0.7881,0.5872,0.338,0.0893,0.6249,0.4795,0.2706,0.2009,0.2492,0.2487,176.3991,156.2126,36.0214,0.7746
137.3,4119,in_bed,0.6873,0.8653,0.0082,2.1561,0.857,0.3975,0.8577,0.7876,0.587,0.3376,0.0893,0.6249,0.4798,0.2707,0.2006,0.2495,0.2482,176.2509,156.021,36.082,0.7728
137.333,4120,in_bed,0.6869,0.8644,0.0082,2.1537,0.8562,0.3976,0.8572,0.7869,0.5868,0.3368,0.0893,0.6239,0.4794,0.2704,0.2,0.25,0.2475,176.2393,155.9447,36.1676,0.7724
137.367,4121,in_bed,0.686,0.8628,0.0094,2.1471,0.8534,0.3975,0.8557,0.7858,0.5862,0.3351,0.0894,0.6233,0.4789,0.2695,0.1996,0.2511,0.2457,176.1896,155.8358,36.1154,0.7703
137.4,4122,in_bed,0.6852,0.8618,0.0105,2.1423,0.8513,0.3974,0.8547,0.7847,0.5857,0.3342,0.0894,0.623,0.4793,0.269,0.1991,0.2515,0.2448,176.1533,155.762,36.0261,0.7685
137.433,4123,in_bed,0.6849,0.8602,0.011,2.1371,0.8492,0.3974,0.8531,0.7838,0.5859,0.333,0.0895,0.6225,0.4779,0.2671,0.1979,0.253,0.2435,176.2431,155.7171,36.1255,0.7655
137.467,4124,in_bed,0.6849,0.86,0.0111,2.1363,0.8489,0.3974,0.8531,0.7836,0.5862,0.3321,0.0895,0.6225,0.4775,0.2669,0.1974,0.2541,0.2426,176.1846,155.6747,36.1981,0.7651
137.5,4125,in_bed,0.6854,0.8607,0.0108,2.1388,0.8499,0.3974,0.8537,0.7843,0.5864,0.331,0.0896,0.6233,0.4784,0.2673,0.1979,0.2555,0.2414,176.5245,155.7354,36.1668,0.7643
137.533,4126,in_bed,0.6856,0.8609,0.0109,2.1389,0.85,0.3974,0.8537,0.7846,0.5867,0.3303,0.0897,0.624,0.4788,0.2669,0.1979,0.2564,0.2407,176.6522,155.7374,36.0793,0.763
137.567,4127,in_bed,0.6857,0.861,0.0108,2.1396,0.8501,0.3973,0.8539,0.7844,0.587,0.3298,0.0896,0.6239,0.4796,0.2669,0.1975,0.2571,0.2402,176.6423,155.7276,36.2107,0.7639
137.6,4128,in_bed,0.6862,0.8622,0.01,2.1446,0.8522,0.3973,0.8556,0.785,0.5874,0.332,0.0895,0.622,0.478,0.2682,0.1976,0.2554,0.2424,176.4241,155.5557,36.11,0.7662
137.633,4129,in_bed,0.6862,0.8624,0.0094,2.1467,0.853,0.3973,0.8561,0.7849,0.5875,0.3326,0.0894,0.6212,0.4778,0.2686,0.1974,0.2549,0.2432,176.3945,155.5332,36.0564,0.7678
137.667,4130,in_bed,0.6856,0.8615,0.0085,2.1461,0.8529,0.3974,0.8552,0.7839,0.5873,0.3323,0.0893,0.6202,0.4769,0.2678,0.1966,0.255,0.243,176.4729,155.5661,36.0572,0.7685
137.7,4131,in_bed,0.6861,0.8639,0.0088,2.1535,0.855,0.397,0.8574,0.7845,0.5878,0.335,0.0894,0.6207,0.4785,0.2696,0.1967,0.2528,0.2456,176.7195,156.3033,36.1433,0.7716
137.733,4132,in_bed,0.6868,0.8658,0.009,2.1596,0.8568,0.3967,0.8587,0.7853,0.5883,0.3366,0.0894,0.6217,0.4797,0.2704,0.197,0.2516,0.2472,177.0081,156.8252,36.2393,0.7743
137.767,4133,in_bed,0.6865,0.8641,0.0088,2.1545,0.8552,0.397,0.857,0.7846,0.5884,0.3354,0.0894,0.6217,0.4793,0.2686,0.1962,0.253,0.2461,176.9755,156.7108,36.4714,0.7731
137.8,4134,in_bed,0.6854,0.8627,0.0097,2.1493,0.853,0.3969,0.8562,0.7835,0.5873,0.3345,0.0894,0.6206,0.4795,0.2689,0.1962,0.2529,0.245,176.7945,156.537,36.6118,0.7714
137.833,4135,in_bed,0.6854,0.8649,0.0111,2.1546,0.8539,0.3963,0.8579,0.7843,0.5866,0.3365,0.0896,0.621,0.4808,0.2714,0.1978,0.2501,0.2469,176.8505,157.0922,36.7357,0.7738
137.867,4136,in_bed,0.6855,0.8655,0.0125,2.1545,0.853,0.3959,0.8655,0.7849,0.586,0.3376,0.0897,0.621,0.4805,0.2795,0.1989,0.2484,0.2479,177.0277,157.4386,36.6205,0.7729
137.9,4137,in_bed,0.6858,0.8674,0.012,2.1617,0.8554,0.3957,0.8674,0.7861,0.5856,0.3388,0.0897,0.6213,0.4801,0.2818,0.2005,0.2468,0.2492,177.1609,157.7426,36.4331,0.7759
137.933,4138,in_bed,0.6861,0.8691,0.0123,2.1665,0.8569,0.3955,0.8606,0.7865,0.5856,0.3406,0.0897,0.6195,0.4794,0.275,0.2009,0.245,0.2509,177.1291,158.4896,36.9484,0.7785
137.967,4139,in_bed,0.685,0.8665,0.0127,2.1577,0.8539,0.3957,0.8589,0.785,0.5849,0.3382,0.0897,0.6192,0.4783,0.2739,0.2001,0.2467,0.2485,176.6706,157.9424,36.8945,0.7754
138.0,4140,in_bed,0.6838,0.8648,0.012,2.1536,0.8528,0.396,0.8574,0.7842,0.5835,0.3364,0.0896,0.6193,0.4775,0.2739,0.2007,0.2471,0.2468,176.4924,157.3845,36.5485,0.7732
138.033,4141,in_bed,0.684,0.8641,0.0102,2.1545,0.8539,0.3963,0.8567,0.7841,0.5839,0.336,0.0894,0.6204,0.4789,0.2729,0.2002,0.2479,0.2466,176.2939,157.0501,36.3746,0.7746
138.067,4142,in_bed,0.6843,0.8639,0.009,2.1559,0.8549,0.3965,0.8566,0.7842,0.5843,0.3352,0.0893,0.6204,0.4786,0.2723,0.1999,0.249,0.246,176.3234,156.7903,36.3748,0.7752
138.1,4143,in_bed,0.6852,0.8639,0.0081,2.157,0.8558,0.3967,0.857,0.7845,0.5859,0.3348,0.0892,0.6207,0.4783,0.2711,0.1986,0.2511,0.2456,176.5226,156.6931,36.4649,0.775
138.133,4144,in_bed,0.6854,0.8639,0.0076,2.1578,0.8564,0.3969,0.8574,0.7847,0.5861,0.3359,0.0892,0.6206,0.478,0.2714,0.1986,0.2501,0.2467,176.3783,156.3981,36.3508,0.7752
138.167,4145,in_bed,0.6853,0.8639,0.0068,2.1588,0.8572,0.3971,0.8575,0.785,0.5855,0.3355,0.0891,0.6201,0.4775,0.272,0.1995,0.25,0.2464,176.4149,156.2606,36.1726,0.7758
138.2,4146,in_bed,0.6854,0.8641,0.007,2.1589,0.8571,0.397,0.8577,0.7853,0.5854,0.3364,0.0891,0.6205,0.479,0.2722,0.1999,0.2491,0.2472,176.3087,156.1095,36.0822,0.7757
138.233,4147,in_bed,0.6856,0.8641,0.0066,2.1591,0.8575,0.3971,0.8578,0.7856,0.5856,0.3361,0.089,0.6208,0.4794,0.2721,0.1999,0.2495,0.2471,176.2353,156.0105,36.0056,0.7768
138.267,4148,in_bed,0.6877,0.8675,0.0057,2.171,0.8618,0.397,0.8675,0.7883,0.5872,0.3384,0.0889,0.6233,0.4804,0.2803,0.2011,0.2488,0.2495,176.5366,156.5716,35.95,0.7822
138.3,4149,in_bed,0.687,0.8668,0.005,2.1696,0.8618,0.3972,0.8593,0.7879,0.5861,0.3381,0.0889,0.623,0.4801,0.2732,0.2018,0.248,0.2493,176.4949,156.385,35.8118,0.7824
138.333,4150,in_bed,0.6889,0.8699,0.0044,2.1797,0.8655,0.3971,0.8699,0.7903,0.5874,0.3407,0.0888,0.625,0.4807,0.2824,0.2028,0.2467,0.2519,176.765,156.8426,35.7919,0.7865
138.367,4151,in_bed,0.6882,0.8686,0.0051,2.1743,0.8635,0.3971,0.8607,0.7894,0.587,0.3399,0.0889,0.6243,0.4801,0.2737,0.2024,0.2471,0.251,176.6529,156.5629,35.8426,0.7845
138.4,4152,in_bed,0.6876,0.8674,0.0056,2.1697,0.8618,0.3972,0.8601,0.7884,0.5869,0.3387,0.0889,0.6232,0.4784,0.2732,0.2015,0.2482,0.2497,176.6085,156.3781,35.783,0.781
138.433,4153,in_bed,0.6875,0.8668,0.0059,2.1674,0.8609,0.3972,0.8593,0.7882,0.5868,0.3381,0.0889,0.6225,0.4768,0.2725,0.2014,0.2487,0.2492,176.4245,156.1514,35.641,0.7798
138.467,4154,in_bed,0.6876,0.8664,0.0067,2.1649,0.8597,0.3971,0.8664,0.7887,0.5866,0.3376,0.089,0.6229,0.4765,0.2798,0.2021,0.249,0.2486,176.2639,155.9671,35.4245,0.778
138.5,4155,in_bed,0.689,0.869,0.0068,2.1732,0.8622,0.3967,0.869,0.7903,0.5878,0.3404,0.089,0.624,0.4775,0.2812,0.2025,0.2474,0.2513,176.4682,156.4805,35.415,0.7812
138.533,4156,in_bed,0.6902,0.871,0.0077,2.1784,0.8633,0.3963,0.871,0.7914,0.5889,0.3427,0.0892,0.6244,0.4773,0.2822,0.2026,0.2462,0.2535,176.7936,156.9958,35.6747,0.7825
138.567,4157,in_bed,0.6895,0.8688,0.0086,2.1705,0.8602,0.3963,0.8688,0.7903,0.5888,0.3413,0.0892,0.623,0.4755,0.28,0.2015,0.2475,0.2521,177.0077,156.8887,35.733,0.7793
138.6,4158,in_bed,0.6887,0.8674,0.0089,2.1658,0.8585,0.3964,0.8578,0.7893,0.5881,0.34,0.0892,0.622,0.4743,0.2697,0.2012,0.2481,0.2508,176.8828,156.6414,35.7016,0.7777
138.633,4159,in_bed,0.6877,0.8661,0.0082,2.1629,0.8578,0.3966,0.8569,0.7885,0.5869,0.3384,0.0891,0.622,0.4749,0.2699,0.2015,0.2486,0.2492,176.8058,156.4364,35.6256,0.7766
138.667,4160,in_bed,0.6887,0.8689,0.0098,2.1691,0.8591,0.3961,0.8594,0.7899,0.5875,0.3398,0.0894,0.6227,0.476,0.2719,0.2024,0.2477,0.2505,177.1884,157.0348,35.6271,0.7774
138.7,4161,in_bed,0.6877,0.8673,0.0098,2.1642,0.8575,0.3962,0.8581,0.7889,0.5865,0.3375,0.0894,0.6219,0.4755,0.2716,0.2024,0.249,0.2482,177.0596,156.7967,35.5659,0.7753
138.733,4162,in_bed,0.6871,0.866,0.0095,2.1602,0.8565,0.3965,0.857,0.7883,0.5859,0.3357,0.0894,0.6212,0.4741,0.2711,0.2024,0.2503,0.2462,177.0616,156.6112,35.5045,0.7724
138.767,4163,in_bed,0.6883,0.8687,0.0098,2.1681,0.8589,0.3962,0.8594,0.7896,0.587,0.3371,0.0895,0.6221,0.4739,0.2724,0.2026,0.25,0.2476,177.285,157.0545,35.5698,0.7744
138.8,4164,in_bed,0.6883,0.8676,0.0099,2.1637,0.8576,0.3964,0.859,0.7892,0.5874,0.3363,0.0895,0.6221,0.4753,0.2715,0.2017,0.2512,0.2468,177.3004,156.9073,35.5208,0.7732
138.833,4165,in_bed,0.6893,0.8705,0.0086,2.1745,0.8619,0.3964,0.8619,0.7909,0.5877,0.3395,0.0895,0.6238,0.4792,0.2741,0.2032,0.2482,0.2501,177.3724,157.3711,35.6744,0.7776
138.867,4166,in_bed,0.6903,0.8731,0.0074,2.184,0.8657,0.3964,0.865,0.7918,0.5887,0.3426,0.0894,0.623,0.4816,0.2764,0.2032,0.246,0.2532,177.379,158.6657,36.6015,0.7845
138.9,4167,in_bed,0.6892,0.8711,0.0079,2.177,0.8632,0.3965,0.8638,0.7905,0.5879,0.3411,0.0894,0.6223,0.4811,0.2759,0.2026,0.2468,0.2517,177.2279,158.1915,36.238,0.7823
138.933,4168,in_bed,0.6886,0.8695,0.0076,2.173,0.8619,0.3966,0.8623,0.7898,0.5874,0.3391,0.0894,0.6223,0.4805,0.275,0.2024,0.2482,0.2498,177.1456,157.7813,36.065,0.78
138.967,4169,in_bed,0.689,0.8685,0.0081,2.1682,0.8604,0.3968,0.8619,0.7896,0.5885,0.3386,0.0894,0.6223,0.4807,0.2734,0.2011,0.2499,0.2492,176.9074,157.5599,36.1274,0.7775
139.0,4170,in_bed,0.6899,0.868,0.0085,2.1661,0.8595,0.3968,0.8615,0.7896,0.5902,0.338,0.0895,0.6231,0.4807,0.2713,0.1994,0.2522,0.2486,176.7107,157.2241,36.2578,0.7753
139.033,4171,in_bed,0.6905,0.8704,0.01,2.1715,0.8604,0.3962,0.8631,0.7911,0.5898,0.3397,0.0897,0.6241,0.4809,0.2732,0.2013,0.2502,0.25,176.9142,157.5169,36.0377,0.775
139.067,4172,in_bed,0.69,0.8691,0.0104,2.168,0.8587,0.3961,0.8618,0.7904,0.5897,0.3375,0.0897,0.6252,0.4813,0.2721,0.2007,0.2522,0.2478,176.9507,157.2199,36.0305,0.7729
139.1,4173,in_bed,0.6898,0.8687,0.0104,2.1668,0.8584,0.3961,0.8623,0.7897,0.5899,0.3369,0.0897,0.6259,0.4828,0.2724,0.1998,0.253,0.2473,176.8477,156.9306,36.1265,0.7728
139.133,4174,in_bed,0.6891,0.8682,0.0107,2.1652,0.8575,0.3961,0.8628,0.7886,0.5895,0.3365,0.0897,0.6249,0.4817,0.2733,0.1991,0.253,0.2468,176.8541,156.7819,36.154,0.7715
139.167,4175,in_bed,0.6884,0.8673,0.0113,2.1613,0.8559,0.396,0.8621,0.7877,0.5891,0.335,0.0898,0.6242,0.4809,0.273,0.1986,0.2541,0.2452,177.0191,156.6276,36.0553,0.7687
139.2,4176,in_bed,0.6886,0.8668,0.0109,2.1604,0.8559,0.3962,0.8615,0.7877,0.5894,0.3349,0.0897,0.6242,0.4827,0.2721,0.1983,0.2545,0.2452,176.9431,156.5777,35.9511,0.7697
139.233,4177,in_bed,0.689,0.8699,0.0102,2.1711,0.8597,0.396,0.8636,0.7895,0.5885,0.3364,0.0897,0.6254,0.4843,0.2751,0.201,0.2522,0.2467,177.1554,157.0326,35.6884,0.7747
139.267,4178,in_bed,0.688,0.8685,0.0101,2.167,0.8584,0.3961,0.8626,0.7885,0.5876,0.3354,0.0896,0.6249,0.4846,0.275,0.2008,0.2522,0.2458,177.1576,156.8383,35.5651,0.7733
139.3,4179,in_bed,0.6879,0.8679,0.0105,2.1645,0.8575,0.3961,0.8623,0.7879,0.588,0.335,0.0897,0.6245,0.4845,0.2744,0.2,0.2529,0.2454,177.1569,156.7308,35.4243,0.7723
139.333,4180,in_bed,0.6886,0.8672,0.0103,2.1622,0.8568,0.3963,0.8672,0.7883,0.5888,0.3343,0.0897,0.624,0.483,0.2783,0.1995,0.2545,0.2446,177.3141,156.6545,35.3671,0.771
139.367,4181,in_bed,0.6893,0.8671,0.0105,2.1619,0.8566,0.3962,0.8671,0.7893,0.5893,0.3335,0.0897,0.6247,0.482,0.2778,0.2,0.2557,0.2438,177.3168,156.5614,35.3742,0.7704
139.4,4182,in_bed,0.6895,0.8668,0.0109,2.1599,0.8559,0.3963,0.8596,0.7894,0.5897,0.333,0.0897,0.6245,0.4812,0.2699,0.1997,0.2567,0.2433,177.2364,156.3663,35.4333,0.7694
139.433,4183,in_bed,0.6894,0.8665,0.011,2.1589,0.8554,0.3962,0.8591,0.7893,0.5895,0.333,0.0897,0.6242,0.4806,0.2695,0.1997,0.2565,0.2433,177.2523,156.2635,35.4121,0.7687
139.467,4184,in_bed,0.6889,0.866,0.01,2.1593,0.856,0.3964,0.859,0.7885,0.5893,0.3328,0.0896,0.6249,0.4817,0.2697,0.1992,0.2566,0.2432,177.2203,156.2336,35.509,0.77
139.5,4185,in_bed,0.6887,0.8662,0.0094,2.1609,0.8568,0.3965,0.8598,0.7882,0.5891,0.3332,0.0895,0.6242,0.4816,0.2707,0.1991,0.2559,0.2437,176.991,156.1671,35.6297,0.7723
139.533,4186,in_bed,0.6881,0.8656,0.0082,2.1612,0.8574,0.3967,0.8594,0.7879,0.5883,0.3322,0.0893,0.6248,0.4812,0.2711,0.1996,0.2561,0.2429,176.9085,156.1667,35.693,0.7746
139.567,4187,in_bed,0.6875,0.8653,0.0078,2.1612,0.8575,0.3968,0.8589,0.7878,0.5873,0.3313,0.0892,0.624,0.4794,0.2716,0.2005,0.256,0.2421,176.8761,156.1028,35.5422,0.7758
139.6,4188,in_bed,0.6902,0.8689,0.0071,2.1728,0.8619,0.3967,0.8618,0.7903,0.59,0.3341,0.0892,0.625,0.4789,0.2718,0.2003,0.2559,0.2449,177.2619,156.8193,35.645,0.7793
139.633,4189,in_bed,0.6888,0.8666,0.0082,2.1634,0.8584,0.3968,0.8596,0.7884,0.5892,0.3336,0.0894,0.6215,0.4758,0.2705,0.1993,0.2555,0.2442,177.2499,156.6393,35.7143,0.774
139.667,4190,in_bed,0.6893,0.869,0.0092,2.1693,0.8598,0.3963,0.8616,0.7893,0.5893,0.3368,0.0895,0.6216,0.4772,0.2722,0.1999,0.2525,0.2473,177.3148,157.2121,35.7639,0.7763
139.7,4191,in_bed,0.6894,0.868,0.0089,2.1663,0.8591,0.3965,0.8604,0.7889,0.5898,0.3364,0.0895,0.621,0.4757,0.2705,0.1991,0.2534,0.2469,177.1571,156.9408,35.8334,0.7758
139.733,4192,in_bed,0.6902,0.8705,0.0086,2.1744,0.8619,0.3964,0.8626,0.79,0.5905,0.3391,0.0895,0.6219,0.4765,0.2721,0.1995,0.2514,0.2496,177.2616,157.368,36.0438,0.7788
139.767,4193,in_bed,0.6892,0.8686,0.0082,2.1695,0.8604,0.3966,0.8604,0.789,0.5895,0.337,0.0894,0.6215,0.4755,0.2709,0.1995,0.2525,0.2476,177.2272,157.0868,36.0372,0.7785
139.8,4194,in_bed,0.6888,0.8672,0.0082,2.1654,0.8589,0.3967,0.8672,0.7882,0.5893,0.336,0.0894,0.6215,0.4751,0.2778,0.1989,0.2533,0.2466,177.2301,156.8182,36.0796,0.7775
139.833,4195,in_bed,0.6888,0.8658,0.0086,2.1603,0.8572,0.3968,0.8577,0.7875,0.59,0.3358,0.0894,0.6211,0.4747,0.2677,0.1975,0.2542,0.2464,177.0897,156.6023,36.3607,0.7758
139.867,4196,in_bed,0.6883,0.8646,0.0086,2.1561,0.856,0.397,0.8576,0.7861,0.5905,0.3357,0.0894,0.6207,0.4756,0.2671,0.1956,0.2548,0.2463,176.9507,156.5076,36.5737,0.7747
139.9,4197,in_bed,0.6896,0.8676,0.0078,2.1669,0.8598,0.3968,0.8599,0.7879,0.5913,0.3381,0.0894,0.6221,0.4774,0.2686,0.1966,0.2532,0.2487,177.1268,156.9239,36.5642,0.7786
139.933,4198,in_bed,0.6902,0.8692,0.0078,2.1725,0.8614,0.3965,0.861,0.7885,0.5919,0.3394,0.0894,0.6224,0.4776,0.2691,0.1966,0.2524,0.25,177.3659,157.3828,36.6633,0.7803
139.967,4199,in_bed,0.6894,0.8676,0.007,2.169,0.8605,0.3967,0.8592,0.7877,0.5911,0.3379,0.0893,0.622,0.4765,0.2681,0.1967,0.2532,0.2485,177.3872,157.1046,36.5834,0.7791
140.0,4200,in_bed,0.6895,0.867,0.0082,2.1646,0.8588,0.3967,0.8595,0.7873,0.5918,0.3388,0.0894,0.6221,0.4768,0.2677,0.1954,0.253,0.2494,177.1207,156.8967,36.5982,0.7776
140.033,4201,in_bed,0.6894,0.8653,0.009,2.157,0.8562,0.3969,0.8577,0.7865,0.5922,0.3386,0.0894,0.6212,0.4764,0.2655,0.1943,0.2536,0.2492,176.8683,156.6421,36.6071,0.775
140.067,4202,in_bed,0.6894,0.8645,0.0088,2.1548,0.8557,0.3971,0.8645,0.7866,0.5921,0.3374,0.0894,0.6225,0.4768,0.2724,0.1945,0.2547,0.248,177.017,156.4778,36.4516,0.7732
140.1,4203,in_bed,0.6901,0.8635,0.0084,2.1515,0.8551,0.3974,0.8549,0.7868,0.5933,0.3372,0.0894,0.6241,0.4775,0.2615,0.1934,0.2562,0.2477,177.0935,156.3375,36.5502,0.7711
140.133,4204,in_bed,0.6899,0.8627,0.0077,2.1493,0.8551,0.3978,0.8549,0.7863,0.5935,0.3378,0.0894,0.6242,0.4784,0.2613,0.1927,0.2558,0.2483,177.0749,156.3444,36.727,0.7713
140.167,4205,in_bed,0.6897,0.8626,0.0072,2.1496,0.8554,0.398,0.8546,0.7866,0.5928,0.3373,0.0894,0.6254,0.4806,0.2618,0.1938,0.2555,0.2479,177.1444,156.2906,36.5932,0.7715
140.2,4206,in_bed,0.6891,0.8621,0.0071,2.1484,0.855,0.398,0.8542,0.7863,0.5919,0.3369,0.0893,0.626,0.4816,0.2623,0.1944,0.2549,0.2476,177.0243,156.1813,36.506,0.7709
140.233,4207,in_bed,0.6879,0.8615,0.008,2.1457,0.8535,0.3978,0.8537,0.7857,0.5902,0.3358,0.0894,0.626,0.4817,0.2635,0.1954,0.2544,0.2464,176.8407,155.9988,36.4182,0.7689
140.267,4208,in_bed,0.6872,0.8613,0.0078,2.146,0.8535,0.3977,0.8535,0.7852,0.5892,0.3354,0.0894,0.6256,0.482,0.2644,0.196,0.2538,0.246,176.7886,155.9422,36.3827,0.7691
140.3,4209,in_bed,0.6873,0.8617,0.0075,2.1485,0.8543,0.3976,0.8544,0.7852,0.5895,0.3347,0.0893,0.626,0.4833,0.2649,0.1958,0.2548,0.2454,176.7989,155.9023,36.3196,0.7707
140.333,4210,in_bed,0.6865,0.8612,0.0069,2.1481,0.8544,0.3977,0.8541,0.7845,0.5885,0.333,0.0892,0.6248,0.4823,0.2656,0.196,0.2555,0.2438,176.819,155.8349,36.3228,0.7714
140.367,4211,in_bed,0.6863,0.8613,0.0055,2.1503,0.8558,0.398,0.8542,0.7846,0.5881,0.3331,0.089,0.6255,0.4842,0.266,0.1965,0.2551,0.2441,176.71,155.77,36.1758,0.7747
140.4,4212,in_bed,0.6872,0.8649,0.0049,2.1622,0.86,0.3977,0.8649,0.7868,0.5877,0.335,0.089,0.6269,0.4847,0.2772,0.1991,0.2527,0.2459,177.0861,156.3588,36.1165,0.7789
140.433,4213,in_bed,0.6884,0.8684,0.0046,2.173,0.8638,0.3975,0.8684,0.789,0.5878,0.3365,0.0891,0.6286,0.4851,0.2806,0.2011,0.2514,0.2474,177.2922,156.8632,36.028,0.7817
140.467,4214,in_bed,0.6883,0.8691,0.0044,2.1755,0.8647,0.3975,0.8601,0.7889,0.5876,0.3377,0.0891,0.6284,0.4838,0.2725,0.2013,0.2499,0.2486,177.3282,157.1797,36.0305,0.7831
140.5,4215,in_bed,0.6869,0.867,0.0045,2.1691,0.8625,0.3976,0.8581,0.7878,0.586,0.3355,0.0891,0.6269,0.4819,0.272,0.2018,0.2506,0.2464,177.0738,156.7854,35.824,0.7811
140.533,4216,in_bed,0.6861,0.8654,0.0042,2.1647,0.8612,0.3978,0.8564,0.7869,0.5854,0.3333,0.089,0.6254,0.4786,0.271,0.2015,0.252,0.2443,176.9589,156.4259,35.7979,0.7793
140.567,4217,in_bed,0.6852,0.8633,0.0051,2.1569,0.8583,0.3979,0.8544,0.7855,0.5849,0.3321,0.0891,0.6241,0.4765,0.2695,0.2006,0.2527,0.243,176.9172,156.2108,35.8318,0.7761
140.6,4218,in_bed,0.6855,0.8653,0.0058,2.1617,0.8595,0.3976,0.8565,0.7857,0.5852,0.3345,0.0892,0.6233,0.4768,0.2713,0.2005,0.2507,0.2452,177.0761,156.7203,35.978,0.7771
140.633,4219,in_bed,0.6866,0.8678,0.007,2.1675,0.8608,0.3971,0.8584,0.7875,0.5857,0.3364,0.0895,0.6242,0.4773,0.2727,0.2018,0.2493,0.2469,177.2191,157.113,35.913,0.7766
140.667,4220,in_bed,0.6877,0.8698,0.0065,2.1744,0.8633,0.397,0.8599,0.789,0.5864,0.3382,0.0895,0.6256,0.4789,0.2735,0.2026,0.2482,0.2488,177.2393,157.3608,35.9217,0.779
140.7,4221,in_bed,0.6884,0.8717,0.0058,2.1808,0.8658,0.397,0.8618,0.79,0.5868,0.34,0.0895,0.627,0.4825,0.275,0.2032,0.2468,0.2506,177.2658,157.6233,36.0444,0.782
140.733,4222,in_bed,0.6877,0.8704,0.0055,2.1774,0.8649,0.3972,0.8612,0.7892,0.5862,0.3389,0.0894,0.6262,0.4823,0.275,0.203,0.2473,0.2495,176.9366,157.1179,35.9135,0.7816
140.767,4223,in_bed,0.6874,0.8688,0.0061,2.1711,0.8627,0.3973,0.8602,0.7883,0.5866,0.3377,0.0894,0.6247,0.4807,0.2736,0.2017,0.249,0.2482,176.8378,156.9012,36.0408,0.7794
140.8,4224,in_bed,0.6883,0.8683,0.0053,2.1703,0.863,0.3976,0.8603,0.7884,0.5882,0.3387,0.0893,0.625,0.4816,0.2722,0.2002,0.2495,0.2493,176.7925,156.7544,35.9708,0.7797
140.833,4225,in_bed,0.6891,0.8675,0.0039,2.1691,0.8636,0.3981,0.8599,0.7886,0.5896,0.3392,0.0892,0.6261,0.4832,0.2702,0.199,0.2505,0.25,176.6693,156.6913,36.2031,0.7809
140.867,4226,in_bed,0.689,0.8666,0.0033,2.1674,0.8633,0.3983,0.859,0.7882,0.5897,0.3387,0.0891,0.6261,0.484,0.2693,0.1984,0.2511,0.2496,176.4709,156.478,36.0394,0.7815
140.9,4227,in_bed,0.6913,0.8704,0.0054,2.1768,0.8651,0.3974,0.8634,0.7901,0.5925,0.3444,0.0891,0.6262,0.487,0.2709,0.1976,0.2481,0.2552,174.3214,163.1548,42.7553,0.871
140.933,4228,in_bed,0.6912,0.8689,0.0045,2.1709,0.8645,0.3982,0.8612,0.7905,0.592,0.3458,0.0891,0.6242,0.485,0.2693,0.1986,0.2462,0.2567,174.9988,161.7813,40.9372,0.8419
140.967,4229,in_bed,0.69,0.8679,0.0037,2.1704,0.8642,0.3982,0.8602,0.7896,0.5905,0.3435,0.0889,0.6229,0.4831,0.2698,0.1991,0.247,0.2546,175.1265,160.6074,39.858,0.8315
141.0,4230,in_bed,0.688,0.8662,0.004,2.1653,0.8622,0.3982,0.859,0.7877,0.5882,0.3406,0.0889,0.6211,0.4819,0.2708,0.1994,0.2477,0.2517,175.1625,159.4781,38.8992,0.8171
141.033,4231,in_bed,0.6876,0.8657,0.0032,2.1652,0.8625,0.3983,0.8588,0.7871,0.5881,0.3393,0.0888,0.6213,0.4819,0.2707,0.199,0.2488,0.2505,175.2326,158.2685,38.0613,0.8071
141.067,4232,in_bed,0.6872,0.8651,0.0036,2.1629,0.8615,0.3983,0.8587,0.7864,0.588,0.3378,0.0887,0.6218,0.4823,0.2708,0.1984,0.2501,0.2491,175.381,157.3825,37.3355,0.7995
141.1,4233,in_bed,0.6863,0.8636,0.0043,2.1575,0.8593,0.3983,0.8574,0.785,0.5876,0.3358,0.0887,0.6211,0.4809,0.2698,0.1975,0.2517,0.2471,175.4308,156.8167,37.1242,0.7935
141.133,4234,in_bed,0.6857,0.8624,0.0047,2.1538,0.8577,0.3982,0.8558,0.7845,0.5869,0.3349,0.0888,0.6215,0.4806,0.2689,0.1975,0.252,0.2461,175.6603,156.2905,36.7175,0.7879
141.167,4235,in_bed,0.6847,0.8613,0.0046,2.1512,0.8567,0.3983,0.855,0.7833,0.5861,0.334,0.0887,0.6211,0.4815,0.2689,0.1971,0.2521,0.2453,175.7995,156.0772,36.5586,0.7849
141.2,4236,in_bed,0.6856,0.8617,0.0037,2.1536,0.858,0.3984,0.8546,0.7843,0.5869,0.3338,0.0887,0.621,0.4804,0.2678,0.1974,0.2531,0.2452,175.966,155.865,36.2529,0.783
141.233,4237,in_bed,0.6856,0.8616,0.0036,2.1534,0.8581,0.3985,0.8549,0.7843,0.5869,0.3341,0.0887,0.6214,0.4811,0.268,0.1974,0.2528,0.2453,175.9641,155.9061,36.3202,0.7812
141.267,4238,in_bed,0.6856,0.8615,0.0037,2.153,0.8578,0.3984,0.855,0.7842,0.587,0.3338,0.0888,0.6208,0.481,0.2679,0.1972,0.2532,0.245,176.2532,155.8222,36.2573,0.778
141.3,4239,in_bed,0.6857,0.8617,0.0039,2.1532,0.8578,0.3984,0.8551,0.7845,0.5869,0.3335,0.0889,0.6213,0.4805,0.2682,0.1976,0.2534,0.2445,176.4942,155.7208,36.1583,0.7751
141.333,4240,in_bed,0.6867,0.8646,0.0043,2.1623,0.8603,0.3979,0.8571,0.786,0.5873,0.3352,0.089,0.6225,0.4806,0.2699,0.1987,0.2521,0.2462,176.9298,156.432,36.0768,0.777
141.367,4241,in_bed,0.6862,0.8633,0.0047,2.1578,0.8586,0.3979,0.8557,0.7856,0.5869,0.3344,0.0891,0.6221,0.4801,0.2688,0.1987,0.2525,0.2453,176.9461,156.2747,35.9839,0.7738
141.4,4242,in_bed,0.686,0.863,0.0052,2.1568,0.8579,0.3977,0.8556,0.7849,0.587,0.3335,0.0891,0.6219,0.4796,0.2687,0.198,0.2534,0.2444,177.0313,156.2216,36.0363,0.7723
141.433,4243,in_bed,0.6871,0.8666,0.0059,2.1674,0.8607,0.3971,0.8591,0.7865,0.5878,0.3355,0.0893,0.6232,0.4808,0.2713,0.1987,0.2522,0.2462,177.2761,156.8182,36.034,0.7745
141.467,4244,in_bed,0.6885,0.8696,0.0068,2.1755,0.8628,0.3966,0.8696,0.7884,0.5886,0.3374,0.0895,0.6247,0.4812,0.281,0.1998,0.2512,0.2479,177.5406,157.2763,35.9665,0.776
141.5,4245,in_bed,0.6899,0.8727,0.0069,2.1846,0.8658,0.3963,0.8639,0.7906,0.5892,0.3397,0.0896,0.6261,0.4829,0.2747,0.2014,0.2495,0.2501,177.7138,157.6653,35.9311,0.7781
141.533,4246,in_bed,0.6898,0.8713,0.0072,2.1793,0.8641,0.3965,0.863,0.7901,0.5894,0.339,0.0896,0.6261,0.4831,0.2736,0.2007,0.2504,0.2494,177.6419,157.3315,35.8288,0.7763
141.567,4247,in_bed,0.6898,0.8698,0.0075,2.1736,0.8623,0.3967,0.8617,0.7898,0.5899,0.3384,0.0896,0.6262,0.4837,0.2718,0.2,0.2515,0.2487,177.3516,156.9411,35.7832,0.7745
141.6,4248,in_bed,0.6885,0.8687,0.0074,2.1708,0.8613,0.3968,0.8611,0.7887,0.5884,0.3379,0.0896,0.6249,0.4829,0.2727,0.2004,0.2505,0.2483,177.0562,156.5383,35.6221,0.7732
141.633,4249,in_bed,0.6889,0.8684,0.0069,2.1701,0.8614,0.397,0.861,0.7891,0.5886,0.3385,0.0895,0.6246,0.4833,0.2723,0.2004,0.2501,0.249,177.0091,156.3613,35.6225,0.7732
141.667,4250,in_bed,0.6887,0.867,0.0075,2.1651,0.8595,0.397,0.8596,0.7884,0.5891,0.3383,0.0895,0.6237,0.4824,0.2705,0.1993,0.2508,0.2488,177.1048,156.3077,35.7162,0.7713
141.7,4251,in_bed,0.6888,0.8661,0.0079,2.1613,0.8582,0.3971,0.8591,0.7879,0.5897,0.3389,0.0895,0.6237,0.4823,0.2693,0.1981,0.2508,0.2494,177.077,156.24,35.8279,0.7705
141.733,4252,in_bed,0.6892,0.8654,0.0076,2.1589,0.8578,0.3974,0.8589,0.7876,0.5908,0.3399,0.0895,0.6245,0.4841,0.2681,0.1968,0.2509,0.2504,177.0665,156.2199,36.0306,0.7705
141.767,4253,in_bed,0.6892,0.8649,0.0076,2.1565,0.8572,0.3975,0.859,0.7869,0.5915,0.3402,0.0895,0.6247,0.4847,0.2674,0.1954,0.2513,0.2508,177.0556,156.2244,36.2867,0.7699
141.8,4254,in_bed,0.6897,0.8646,0.0069,2.1563,0.8577,0.3978,0.859,0.7867,0.5926,0.3403,0.0894,0.6247,0.485,0.2664,0.1941,0.2523,0.2509,177.077,156.2361,36.5919,0.7709
141.833,4255,in_bed,0.6906,0.8673,0.0063,2.1654,0.8611,0.3977,0.8615,0.7877,0.5934,0.3429,0.0894,0.6237,0.4858,0.2681,0.1943,0.2505,0.2535,177.3307,157.4211,37.2122,0.776
141.867,4256,in_bed,0.6905,0.8662,0.0058,2.1623,0.8604,0.3979,0.8603,0.7876,0.5935,0.3425,0.0894,0.6235,0.4853,0.2668,0.1941,0.2509,0.2531,177.2338,157.0749,37.1163,0.7753
141.9,4257,in_bed,0.6905,0.8663,0.0055,2.1632,0.8607,0.3979,0.8602,0.7877,0.5933,0.3413,0.0894,0.6235,0.4853,0.2669,0.1944,0.2521,0.2519,177.2813,156.8783,36.896,0.7756
141.933,4258,in_bed,0.6902,0.8667,0.0049,2.166,0.8618,0.3979,0.8606,0.7881,0.5922,0.3392,0.0893,0.6238,0.4845,0.2683,0.1958,0.253,0.2499,177.2811,156.6347,36.4199,0.7764
141.967,4259,in_bed,0.69,0.8664,0.0045,2.1658,0.8619,0.398,0.8602,0.7879,0.5921,0.3383,0.0893,0.6236,0.4838,0.268,0.1958,0.2538,0.249,177.25,156.451,36.3505,0.7769
142.0,4260,in_bed,0.6885,0.8662,0.0042,2.1659,0.862,0.398,0.86,0.7876,0.5894,0.3375,0.0892,0.6236,0.4838,0.2705,0.1982,0.2519,0.2483,177.1091,156.2468,35.9399,0.7762
142.033,4261,in_bed,0.6889,0.8694,0.0039,2.1768,0.8655,0.3976,0.8694,0.7895,0.5883,0.3384,0.0892,0.6257,0.4837,0.2811,0.2012,0.2499,0.2492,177.0772,156.6627,35.6871,0.7801
142.067,4262,in_bed,0.6881,0.8693,0.0032,2.1778,0.8661,0.3977,0.8625,0.7894,0.5867,0.3381,0.0891,0.6266,0.485,0.2758,0.2027,0.2486,0.249,176.6912,156.3546,35.4378,0.7814
142.1,4263,in_bed,0.6872,0.8683,0.0029,2.176,0.8654,0.3977,0.8617,0.7887,0.5856,0.337,0.089,0.6269,0.4844,0.2761,0.203,0.2487,0.2479,176.4958,156.1296,35.395,0.781
142.133,4264,in_bed,0.687,0.8672,0.0026,2.1732,0.8646,0.3979,0.8672,0.7887,0.5853,0.3353,0.089,0.6278,0.4835,0.2819,0.2033,0.25,0.2464,176.4598,155.9594,35.2274,0.7804
142.167,4265,in_bed,0.6864,0.8662,0.0031,2.1694,0.8631,0.3979,0.8584,0.7882,0.5846,0.3334,0.089,0.6274,0.4825,0.2738,0.2036,0.2512,0.2444,176.5174,155.7996,35.0986,0.7783
142.2,4266,in_bed,0.6855,0.8655,0.0029,2.1673,0.8626,0.398,0.858,0.7874,0.5836,0.3331,0.089,0.6261,0.4828,0.2745,0.2039,0.2504,0.2441,176.4077,155.67,35.0564,0.7787
142.233,4267,in_bed,0.6855,0.865,0.0035,2.1646,0.8615,0.398,0.8578,0.7871,0.584,0.3336,0.089,0.6256,0.4837,0.2738,0.2032,0.2504,0.2445,176.2699,155.5641,35.1857,0.7782
142.267,4268,in_bed,0.686,0.8675,0.0042,2.1716,0.8633,0.3975,0.8603,0.7877,0.5842,0.3362,0.0891,0.6255,0.4843,0.276,0.2035,0.248,0.2471,176.4252,156.1531,35.3067,0.7803
142.3,4269,in_bed,0.687,0.8701,0.0045,2.179,0.8656,0.3972,0.8624,0.7891,0.585,0.3379,0.0893,0.6264,0.4854,0.2775,0.2041,0.247,0.2487,176.7182,156.6509,35.3475,0.7818
142.333,4270,in_bed,0.6879,0.8731,0.0049,2.1879,0.8682,0.3968,0.8655,0.7902,0.5856,0.3403,0.0893,0.6272,0.4863,0.2799,0.2046,0.2453,0.251,176.8549,157.0403,35.2808,0.7842
142.367,4271,in_bed,0.6871,0.8713,0.0046,2.1832,0.8667,0.397,0.8641,0.789,0.5852,0.3386,0.0893,0.6273,0.4863,0.2789,0.2039,0.2466,0.2493,176.7793,156.7503,35.2606,0.7823
142.4,4272,in_bed,0.6891,0.8751,0.0025,2.1976,0.8726,0.3971,0.8681,0.7913,0.5869,0.341,0.0891,0.6292,0.4885,0.2812,0.2044,0.2459,0.2519,176.9154,157.1488,35.2891,0.7895
142.433,4273,in_bed,0.6896,0.8743,0.002,2.1954,0.8723,0.3973,0.8677,0.7915,0.5876,0.3402,0.0891,0.6298,0.4897,0.2801,0.2039,0.2474,0.2511,176.7334,156.8018,35.3615,0.7881
142.467,4274,in_bed,0.6908,0.877,0.0021,2.2036,0.8749,0.3971,0.87,0.7934,0.5881,0.3426,0.0892,0.6312,0.4915,0.2819,0.2053,0.2456,0.2534,176.8475,157.1965,35.3779,0.7905
142.5,4275,in_bed,0.6906,0.8754,0.0032,2.1962,0.8722,0.3971,0.8686,0.793,0.5882,0.3417,0.0893,0.6309,0.4911,0.2805,0.2049,0.2464,0.2525,176.624,156.8526,35.3771,0.7873
142.533,4276,in_bed,0.6894,0.8732,0.0042,2.1881,0.869,0.3972,0.8666,0.7916,0.5872,0.34,0.0894,0.6294,0.4893,0.2794,0.2044,0.2472,0.2506,176.6139,156.6596,35.2877,0.7832
142.567,4277,in_bed,0.6896,0.8718,0.0043,2.1832,0.8676,0.3974,0.8648,0.7918,0.5875,0.3391,0.0894,0.6294,0.4886,0.2773,0.2043,0.2483,0.2498,176.6543,156.435,35.1388,0.7815
142.6,4278,in_bed,0.6898,0.8708,0.0038,2.1805,0.8671,0.3976,0.8638,0.7916,0.588,0.339,0.0893,0.6297,0.4891,0.2758,0.2036,0.2491,0.2496,176.6322,156.2614,35.1976,0.7817
142.633,4279,in_bed,0.6902,0.87,0.0035,2.1781,0.8665,0.3978,0.8632,0.7916,0.5888,0.3392,0.0893,0.6299,0.4892,0.2745,0.2029,0.2496,0.2499,176.5257,156.1134,35.2004,0.7815
142.667,4280,in_bed,0.6906,0.8693,0.0035,2.1761,0.8658,0.3979,0.8625,0.7912,0.5901,0.3383,0.0892,0.6295,0.4877,0.2724,0.2011,0.2517,0.2491,176.5306,156.0185,35.3683,0.7803
142.7,4281,in_bed,0.6909,0.8718,0.0029,2.1854,0.8689,0.3976,0.8718,0.7922,0.5895,0.3396,0.0892,0.6295,0.4877,0.2822,0.2027,0.2499,0.2504,176.7956,156.4809,35.3623,0.7841
142.733,4282,in_bed,0.6899,0.8697,0.0029,2.1791,0.8668,0.3978,0.8629,0.7907,0.5891,0.3385,0.0891,0.6284,0.4874,0.2738,0.2016,0.2506,0.2494,176.5679,156.3005,35.5362,0.7833
142.767,4283,in_bed,0.6902,0.8717,0.0034,2.1851,0.8684,0.3974,0.8648,0.791,0.5893,0.3395,0.0892,0.6283,0.4876,0.2755,0.2017,0.2498,0.2503,176.8687,156.8218,35.6352,0.7845
142.8,4284,in_bed,0.6905,0.8713,0.0038,2.1827,0.8675,0.3974,0.8646,0.7911,0.5899,0.3393,0.0892,0.6279,0.4857,0.2747,0.2012,0.2506,0.2501,176.6147,156.5526,35.8081,0.7837
142.833,4285,in_bed,0.6914,0.8708,0.0034,2.181,0.8674,0.3977,0.8643,0.791,0.5917,0.3395,0.0891,0.6288,0.4869,0.2726,0.1993,0.2522,0.2503,176.5792,156.4309,36.109,0.7832
142.867,4286,in_bed,0.6907,0.8707,0.0032,2.1809,0.8675,0.3978,0.8647,0.7908,0.5906,0.3392,0.0891,0.6291,0.4871,0.2741,0.2002,0.2514,0.2501,176.2605,156.1488,36.0164,0.7836
142.9,4287,in_bed,0.6904,0.8711,0.0028,2.1828,0.8683,0.3978,0.8654,0.791,0.5899,0.3393,0.089,0.629,0.4874,0.2755,0.201,0.2506,0.2503,176.2044,155.94,35.9444,0.7839
142.933,4288,in_bed,0.6897,0.8702,0.0026,2.1811,0.8677,0.3978,0.8647,0.7901,0.5894,0.3381,0.089,0.6282,0.4856,0.2753,0.2007,0.2513,0.2491,176.245,155.8298,35.8475,0.7833
142.967,4289,in_bed,0.6902,0.8727,0.0027,2.1887,0.87,0.3975,0.8666,0.791,0.5893,0.3393,0.0891,0.6281,0.4847,0.2772,0.2017,0.2501,0.2502,176.6222,156.4128,35.9097,0.7848
143.0,4290,in_bed,0.6891,0.8709,0.0037,2.1813,0.8672,0.3976,0.8651,0.7897,0.5886,0.338,0.0891,0.6265,0.4836,0.2765,0.201,0.2507,0.2488,176.461,156.2306,35.9422,0.7819
143.033,4291,in_bed,0.6903,0.8731,0.0037,2.1879,0.8694,0.3974,0.8731,0.7915,0.5891,0.3397,0.0892,0.6278,0.4846,0.2839,0.2023,0.2495,0.2505,176.6991,156.7077,35.8992,0.7841
143.067,4292,in_bed,0.6912,0.8749,0.0027,2.1953,0.8723,0.3973,0.8677,0.7925,0.5899,0.3414,0.0892,0.6282,0.4844,0.2778,0.2026,0.2485,0.2523,176.9818,157.128,35.8241,0.7869
143.1,4293,in_bed,0.6903,0.8728,0.0027,2.1892,0.8701,0.3974,0.8728,0.7913,0.5894,0.34,0.0891,0.6266,0.4819,0.2835,0.202,0.2493,0.2509,176.7266,156.7089,35.7169,0.7853
143.133,4294,in_bed,0.6907,0.8744,0.0026,2.1949,0.8718,0.3972,0.8744,0.7919,0.5895,0.3402,0.0891,0.6272,0.4819,0.2849,0.2024,0.2494,0.2511,176.9566,157.083,35.7111,0.788
143.167,4295,in_bed,0.6897,0.8724,0.0035,2.1872,0.8688,0.3972,0.8647,0.7906,0.5889,0.3387,0.0891,0.6261,0.4801,0.2757,0.2016,0.2502,0.2496,176.8408,156.7696,35.662,0.7852
143.2,4296,in_bed,0.6888,0.8715,0.0036,2.1841,0.8679,0.3974,0.8646,0.7895,0.588,0.3382,0.0891,0.6242,0.4789,0.2766,0.2016,0.2498,0.2491,176.5461,156.5978,35.8087,0.7842
143.233,4297,in_bed,0.6895,0.8713,0.0034,2.1835,0.8679,0.3975,0.8651,0.7894,0.5895,0.3378,0.0891,0.6237,0.4801,0.2756,0.1999,0.2517,0.2487,176.6525,156.6159,35.9647,0.7839
143.267,4298,in_bed,0.6888,0.8701,0.0037,2.1796,0.8665,0.3975,0.8643,0.7883,0.5892,0.3369,0.0892,0.6233,0.4799,0.2751,0.1991,0.2523,0.2477,176.6288,156.4356,36.1063,0.7822
143.3,4299,in_bed,0.6897,0.8733,0.0042,2.1887,0.8691,0.3971,0.8676,0.7895,0.5898,0.3404,0.0893,0.6235,0.482,0.2778,0.1996,0.2495,0.2511,176.8391,157.0848,36.2134,0.7858
143.333,4300,in_bed,0.6902,0.8753,0.0037,2.1958,0.8716,0.3969,0.8697,0.7901,0.5903,0.3432,0.0893,0.6239,0.4841,0.2794,0.1998,0.2471,0.2539,176.8874,158.198,36.9967,0.7905
143.367,4301,in_bed,0.6897,0.8734,0.0041,2.1892,0.8693,0.3971,0.8679,0.7893,0.5902,0.3425,0.0893,0.6244,0.4845,0.2778,0.1992,0.2476,0.2533,176.7236,157.6259,36.8129,0.7886
143.4,4302,in_bed,0.6897,0.8722,0.0039,2.185,0.8683,0.3974,0.867,0.789,0.5904,0.3419,0.0892,0.6246,0.4842,0.2767,0.1986,0.2484,0.2527,176.3808,157.2463,36.7905,0.788
143.433,4303,in_bed,0.6905,0.8741,0.0038,2.1912,0.8703,0.3972,0.8689,0.7897,0.5913,0.3447,0.0892,0.6241,0.4853,0.2776,0.1984,0.2466,0.2555,176.5748,158.2765,37.4258,0.7919
143.467,4304,in_bed,0.6899,0.8729,0.0028,2.1893,0.8701,0.3974,0.8684,0.7886,0.5912,0.3435,0.0891,0.6245,0.4853,0.2773,0.1975,0.2477,0.2544,176.4215,157.7999,37.349,0.7913
143.5,4305,in_bed,0.6895,0.8712,0.0027,2.1843,0.8685,0.3976,0.8675,0.7873,0.5917,0.3425,0.0891,0.6239,0.4847,0.2758,0.1956,0.2492,0.2534,176.4429,157.5301,37.5801,0.7895
143.533,4306,in_bed,0.6907,0.8737,0.0028,2.192,0.8709,0.3973,0.8696,0.7887,0.5927,0.3447,0.0892,0.6249,0.4876,0.2769,0.196,0.248,0.2556,176.7338,158.4796,38.0755,0.7928
143.567,4307,in_bed,0.6905,0.8727,0.003,2.1886,0.8697,0.3974,0.8688,0.7881,0.5928,0.3436,0.0891,0.6248,0.4884,0.2759,0.1953,0.2492,0.2545,176.6847,157.9811,37.7452,0.7914
143.6,4308,in_bed,0.6892,0.871,0.0035,2.1828,0.8675,0.3974,0.871,0.788,0.5905,0.3417,0.0892,0.625,0.4853,0.2805,0.1975,0.2487,0.2525,176.4354,157.3051,37.0753,0.787
143.633,4309,in_bed,0.6881,0.8695,0.004,2.1779,0.8654,0.3974,0.8695,0.7873,0.5889,0.3402,0.0892,0.6245,0.483,0.2806,0.1984,0.2487,0.251,176.1808,156.7263,36.7021,0.7844
143.667,4310,in_bed,0.6892,0.8719,0.0043,2.1858,0.8676,0.3969,0.8719,0.7888,0.5897,0.3415,0.0892,0.6247,0.4814,0.2822,0.1991,0.2482,0.2523,176.5454,157.1642,36.719,0.7867
143.7,4311,in_bed,0.6897,0.8731,0.0043,2.1891,0.8687,0.3969,0.8731,0.7904,0.5889,0.342,0.0892,0.6261,0.4814,0.2841,0.2014,0.2469,0.2528,176.7431,157.4248,36.4618,0.7872
143.733,4312,in_bed,0.6902,0.8748,0.004,2.1943,0.8708,0.3968,0.8659,0.7917,0.5887,0.3438,0.0893,0.6275,0.4837,0.2772,0.2029,0.2449,0.2545,176.9253,157.6775,36.3817,0.7878
143.767,4313,in_bed,0.6913,0.876,0.0045,2.1961,0.8714,0.3968,0.8678,0.7924,0.5903,0.3465,0.0894,0.6256,0.4832,0.2775,0.2021,0.2438,0.2571,176.8063,160.1684,38.5926,0.7938
143.8,4314,in_bed,0.6904,0.8743,0.005,2.1894,0.8693,0.3971,0.8669,0.7915,0.5893,0.3446,0.0894,0.6249,0.4832,0.2776,0.2022,0.2447,0.2552,176.4286,159.1616,38.2072,0.7914
143.833,4315,in_bed,0.6897,0.8754,0.0054,2.1929,0.8701,0.3968,0.868,0.7915,0.5879,0.3444,0.0894,0.6244,0.4831,0.2801,0.2036,0.2435,0.255,176.4875,159.0495,37.8721,0.7925
143.867,4316,in_bed,0.6893,0.8773,0.0057,2.1991,0.8716,0.3963,0.8702,0.7919,0.5868,0.3444,0.0895,0.625,0.4849,0.2835,0.2051,0.2424,0.2549,176.5268,158.985,37.5611,0.7938
143.9,4317,in_bed,0.6878,0.8749,0.0056,2.1918,0.8694,0.3966,0.8682,0.7907,0.585,0.3419,0.0894,0.6246,0.485,0.2832,0.2057,0.2431,0.2525,176.2509,158.1134,37.0457,0.7909
143.933,4318,in_bed,0.6872,0.8726,0.0056,2.1845,0.867,0.3969,0.8659,0.7898,0.5846,0.3394,0.0895,0.6252,0.485,0.2813,0.2052,0.2453,0.2499,176.3846,157.4851,36.6787,0.7862
143.967,4319,in_bed,0.6873,0.8711,0.0059,2.1789,0.8652,0.3971,0.8645,0.7895,0.5852,0.3391,0.0895,0.6263,0.4861,0.2793,0.2043,0.2461,0.2497,176.3403,157.0074,36.3467,0.7831
144.0,4320,in_bed,0.6893,0.8743,0.0048,2.1901,0.8695,0.397,0.8743,0.7924,0.5862,0.3401,0.0894,0.6287,0.488,0.2881,0.2063,0.2461,0.2507,176.566,157.2666,35.9628,0.7868
144.033,4321,in_bed,0.6907,0.874,0.0044,2.1892,0.8696,0.3972,0.8669,0.7931,0.5883,0.3408,0.0893,0.6298,0.4902,0.2786,0.2048,0.2474,0.2515,176.4748,157.33,36.2719,0.7873
144.067,4322,in_bed,0.692,0.877,0.0037,2.1993,0.8733,0.3971,0.87,0.7948,0.5892,0.3436,0.0893,0.6315,0.4929,0.2808,0.2055,0.2457,0.2543,176.732,157.8427,36.3346,0.7913
144.1,4323,in_bed,0.6917,0.8761,0.004,2.1957,0.872,0.3972,0.8696,0.7946,0.5887,0.3427,0.0893,0.6314,0.4924,0.2809,0.206,0.246,0.2534,176.4849,157.5449,36.2283,0.7895
144.133,4324,in_bed,0.6926,0.8787,0.0038,2.2045,0.8749,0.3969,0.8724,0.7957,0.5895,0.3452,0.0894,0.6321,0.494,0.2829,0.2063,0.2443,0.2559,176.6532,158.1538,36.4849,0.7929
144.167,4325,in_bed,0.6927,0.88,0.0047,2.2076,0.8753,0.3965,0.8737,0.7957,0.5897,0.3467,0.0895,0.6323,0.4943,0.2839,0.206,0.2431,0.2572,176.8765,158.3603,36.3842,0.7927
144.2,4326,in_bed,0.6921,0.8782,0.0054,2.2011,0.8728,0.3965,0.8727,0.7942,0.59,0.3451,0.0895,0.6308,0.4926,0.2827,0.2043,0.2449,0.2556,176.6492,157.9149,36.3764,0.7898
144.233,4327,in_bed,0.6927,0.8799,0.0055,2.2067,0.8744,0.3963,0.8743,0.7947,0.5906,0.3461,0.0895,0.6312,0.4939,0.2837,0.2042,0.2445,0.2566,176.8859,158.1735,36.3637,0.7907
144.267,4328,in_bed,0.6926,0.8802,0.0061,2.2069,0.8741,0.3961,0.8739,0.7949,0.5904,0.3466,0.0896,0.6315,0.4936,0.2835,0.2044,0.2439,0.2569,176.9969,158.2186,36.2614,0.7893
144.3,4329,in_bed,0.6917,0.8775,0.0064,2.1983,0.8711,0.3963,0.8711,0.7937,0.5896,0.3445,0.0896,0.6315,0.4931,0.2815,0.2041,0.2451,0.2549,176.8375,157.7008,36.0274,0.7852
144.333,4330,in_bed,0.6908,0.8744,0.0076,2.1867,0.8668,0.3964,0.8681,0.7919,0.5896,0.342,0.0897,0.6302,0.4911,0.2785,0.2022,0.2477,0.2523,176.8313,157.3913,36.0988,0.78
144.367,4331,in_bed,0.6897,0.8719,0.0086,2.1775,0.8633,0.3965,0.8658,0.7907,0.5888,0.3396,0.0897,0.6287,0.4893,0.277,0.2019,0.2491,0.2499,176.6653,156.9674,35.9395,0.7761
144.4,4332,in_bed,0.689,0.8713,0.0076,2.1776,0.8637,0.3966,0.8656,0.7902,0.5878,0.3383,0.0896,0.6278,0.487,0.2777,0.2023,0.2496,0.2486,176.657,156.6367,35.7989,0.7764
144.433,4333,in_bed,0.6898,0.8736,0.0072,2.1854,0.8665,0.3965,0.8675,0.7915,0.5882,0.3396,0.0896,0.6279,0.4859,0.2793,0.2033,0.2486,0.25,176.7454,157.0193,35.6937,0.7802
144.467,4334,in_bed,0.6906,0.8766,0.0063,2.1958,0.8703,0.3963,0.8703,0.7929,0.5884,0.3413,0.0896,0.6292,0.4875,0.2819,0.2045,0.2471,0.2518,176.7247,157.2933,35.6552,0.7846
144.5,4335,in_bed,0.6918,0.8784,0.0062,2.2018,0.8721,0.3961,0.8714,0.794,0.5896,0.3423,0.0896,0.63,0.4868,0.2819,0.2044,0.2472,0.2528,176.9097,157.5338,35.701,0.7865
144.533,4336,in_bed,0.6924,0.8795,0.0056,2.2066,0.8739,0.396,0.8717,0.795,0.5897,0.343,0.0895,0.6311,0.4864,0.282,0.2053,0.2468,0.2535,177.1598,157.7642,35.593,0.7886
144.567,4337,in_bed,0.6928,0.8801,0.0055,2.2088,0.8746,0.396,0.8714,0.7958,0.5897,0.3433,0.0895,0.6307,0.4844,0.2817,0.2061,0.2464,0.2538,177.3257,158.003,35.5546,0.7894
144.6,4338,in_bed,0.6929,0.8797,0.0054,2.2079,0.8743,0.396,0.8797,0.796,0.5897,0.3432,0.0894,0.6293,0.4805,0.29,0.2063,0.2466,0.2537,177.3762,158.1305,35.5923,0.7906
144.633,4339,in_bed,0.6922,0.8794,0.0062,2.206,0.8732,0.3958,0.8794,0.7958,0.5887,0.3424,0.0895,0.628,0.4772,0.2907,0.2071,0.2463,0.2529,177.5763,158.2706,35.6161,0.7895
144.667,4340,in_bed,0.6907,0.876,0.0069,2.1947,0.8692,0.396,0.866,0.7936,0.5878,0.3397,0.0895,0.6247,0.4744,0.2782,0.2058,0.248,0.2503,177.2881,157.8184,35.7758,0.7858
144.7,4341,in_bed,0.691,0.8767,0.0068,2.1975,0.8699,0.3959,0.8767,0.7939,0.5881,0.3396,0.0895,0.6241,0.4735,0.2886,0.2058,0.2485,0.2501,177.4941,158.0555,35.8086,0.787
144.733,4342,in_bed,0.6914,0.8775,0.0064,2.2004,0.8711,0.3959,0.8668,0.7945,0.5883,0.3403,0.0895,0.6251,0.4747,0.2785,0.2062,0.2481,0.2508,177.5418,158.154,35.6957,0.7879
144.767,4343,in_bed,0.6922,0.8785,0.0064,2.2037,0.8721,0.3957,0.8785,0.795,0.5893,0.3411,0.0895,0.6248,0.474,0.2891,0.2056,0.2483,0.2516,177.8385,158.3685,35.7367,0.7891
144.8,4344,in_bed,0.6908,0.8755,0.006,2.1953,0.8696,0.3961,0.8649,0.7937,0.5879,0.3378,0.0895,0.624,0.4744,0.277,0.2059,0.2501,0.2483,177.6941,157.8699,35.5634,0.7856
144.833,4345,in_bed,0.6919,0.8776,0.0042,2.2043,0.8735,0.3963,0.8671,0.7952,0.5887,0.3386,0.0893,0.6262,0.4771,0.2785,0.2065,0.2501,0.2492,177.7865,158.0595,35.4941,0.7895
144.867,4346,in_bed,0.6929,0.8796,0.0027,2.2124,0.8768,0.3963,0.8691,0.7965,0.5893,0.3397,0.0892,0.6282,0.4801,0.2798,0.2072,0.2496,0.2505,177.8882,158.1861,35.4205,0.7928
144.9,4347,in_bed,0.6942,0.8811,0.0016,2.2188,0.8795,0.3964,0.8811,0.7979,0.5904,0.3405,0.0892,0.629,0.4811,0.2907,0.2075,0.2499,0.2513,177.9355,158.2847,35.4891,0.795
144.933,4348,in_bed,0.6952,0.883,0.0014,2.2243,0.8815,0.3963,0.8722,0.7993,0.5912,0.3419,0.0893,0.6304,0.4838,0.2811,0.2082,0.2492,0.2527,177.9594,158.4022,35.4438,0.7958
144.967,4349,in_bed,0.695,0.883,0.0022,2.2234,0.8808,0.3961,0.8722,0.7992,0.5908,0.3422,0.0893,0.63,0.4845,0.2815,0.2085,0.2485,0.2529,177.938,158.5165,35.4036,0.7952
145.0,4350,in_bed,0.6964,0.884,0.0013,2.2274,0.8827,0.3963,0.884,0.8007,0.5921,0.3438,0.0893,0.6308,0.4843,0.2919,0.2085,0.2483,0.2545,178.0413,158.6309,35.4387,0.7967
145.033,4351,in_bed,0.6965,0.8844,0.0013,2.2283,0.883,0.3963,0.8844,0.801,0.5921,0.3447,0.0893,0.6311,0.485,0.2923,0.2089,0.2474,0.2554,177.9968,158.6692,35.3102,0.7971
145.067,4352,in_bed,0.6961,0.8839,0.0015,2.2265,0.8824,0.3963,0.8727,0.8003,0.5919,0.3447,0.0893,0.6308,0.4851,0.2808,0.2083,0.2472,0.2554,177.9538,158.6697,35.2889,0.7967
145.1,4353,in_bed,0.6957,0.884,0.0024,2.225,0.8815,0.3962,0.8728,0.8002,0.5913,0.3445,0.0894,0.6308,0.4848,0.2816,0.209,0.2467,0.2551,177.8488,158.621,35.2057,0.7954
145.133,4354,in_bed,0.6958,0.8845,0.0023,2.2274,0.8823,0.3961,0.8737,0.8002,0.5913,0.3447,0.0893,0.6315,0.4855,0.2824,0.2089,0.2466,0.2554,177.8054,158.6294,35.2004,0.7969
145.167,4355,in_bed,0.6948,0.8811,0.0022,2.2167,0.8789,0.3965,0.8709,0.7984,0.5912,0.3421,0.0893,0.6312,0.4851,0.2797,0.2072,0.2491,0.2528,177.7161,158.1206,35.2515,0.7924
145.2,4356,in_bed,0.6957,0.8821,0.0025,2.2191,0.8796,0.3964,0.8715,0.7997,0.5916,0.3431,0.0893,0.6324,0.4864,0.2799,0.2081,0.2485,0.2538,177.7536,158.2921,35.1969,0.7938
145.233,4357,in_bed,0.6947,0.8784,0.0025,2.2075,0.8759,0.3968,0.8682,0.7979,0.5916,0.3407,0.0893,0.6309,0.4833,0.2766,0.2064,0.2509,0.2514,177.7311,157.9273,35.3469,0.7888
145.267,4358,in_bed,0.6962,0.88,0.0024,2.2125,0.8775,0.3966,0.8694,0.7991,0.5933,0.3423,0.0893,0.6312,0.4829,0.2762,0.2058,0.251,0.253,177.7779,158.2027,35.4548,0.7915
145.3,4359,in_bed,0.6956,0.8776,0.003,2.2041,0.8746,0.3968,0.8678,0.7976,0.5936,0.3411,0.0893,0.6305,0.4835,0.2742,0.204,0.2525,0.2518,177.5221,157.7705,35.4961,0.7888
145.333,4360,in_bed,0.6949,0.8755,0.0042,2.1954,0.8712,0.3968,0.8659,0.7965,0.5933,0.3402,0.0893,0.6309,0.4852,0.2727,0.2032,0.2531,0.2509,177.2326,157.309,35.433,0.785
145.367,4361,in_bed,0.694,0.8736,0.0054,2.1876,0.8682,0.3969,0.8645,0.7954,0.5925,0.3388,0.0894,0.63,0.4845,0.2719,0.2028,0.2538,0.2493,176.961,156.9408,35.4717,0.7809
145.4,4362,in_bed,0.6944,0.8755,0.0053,2.1942,0.8703,0.3966,0.866,0.7962,0.5927,0.34,0.0894,0.6301,0.4847,0.2733,0.2035,0.2527,0.2506,177.0908,157.2836,35.5744,0.7834
145.433,4363,in_bed,0.6942,0.8746,0.0047,2.1925,0.8699,0.3967,0.8657,0.7956,0.5928,0.3389,0.0894,0.6301,0.4844,0.2729,0.2028,0.2539,0.2495,176.9295,156.9202,35.6512,0.7821
145.467,4364,in_bed,0.6948,0.8765,0.0046,2.1994,0.8719,0.3964,0.8674,0.7963,0.5933,0.3402,0.0894,0.6305,0.4847,0.2741,0.203,0.2531,0.2508,177.0608,157.2391,35.7078,0.785
145.5,4365,in_bed,0.693,0.8737,0.0054,2.1895,0.8683,0.3966,0.8653,0.7941,0.592,0.3373,0.0894,0.6286,0.4826,0.2733,0.2021,0.2547,0.2479,176.952,156.9354,35.788,0.7823
145.533,4366,in_bed,0.6934,0.8757,0.0056,2.1961,0.8701,0.3962,0.8668,0.7949,0.5918,0.3379,0.0895,0.6285,0.4821,0.275,0.2032,0.2539,0.2484,177.1998,157.2945,35.7309,0.7838
145.567,4367,in_bed,0.6934,0.8773,0.0048,2.2027,0.8724,0.3961,0.8682,0.7956,0.5912,0.3389,0.0894,0.6285,0.4819,0.277,0.2044,0.2522,0.2495,177.3523,157.5633,35.718,0.7867
145.6,4368,in_bed,0.6925,0.876,0.0047,2.1985,0.8713,0.3963,0.8668,0.7954,0.5896,0.3383,0.0894,0.6292,0.4821,0.2772,0.2057,0.2513,0.249,177.1769,157.1655,35.3461,0.785
145.633,4369,in_bed,0.6939,0.8788,0.0039,2.2083,0.8749,0.3962,0.8788,0.7971,0.5907,0.341,0.0893,0.6301,0.4828,0.288,0.2064,0.2497,0.2517,177.1863,157.4696,35.3784,0.7889
145.667,4370,in_bed,0.6952,0.8811,0.0031,2.2163,0.878,0.3962,0.8717,0.7983,0.592,0.3422,0.0893,0.631,0.4832,0.2797,0.2063,0.2498,0.2529,177.3344,157.7723,35.4226,0.7916
145.7,4371,in_bed,0.6958,0.8825,0.0031,2.2207,0.8794,0.396,0.8825,0.799,0.5926,0.3428,0.0893,0.6318,0.4842,0.2899,0.2064,0.2497,0.2535,177.4387,157.9936,35.3926,0.7935
145.733,4372,in_bed,0.696,0.8839,0.003,2.2253,0.8809,0.3959,0.8747,0.7996,0.5925,0.3439,0.0893,0.6329,0.4866,0.2822,0.2071,0.2485,0.2546,177.496,158.2668,35.2961,0.7962
145.767,4373,in_bed,0.6967,0.8853,0.0027,2.2299,0.8827,0.3958,0.8768,0.8,0.5934,0.3458,0.0893,0.6337,0.489,0.2834,0.2066,0.2476,0.2565,177.5083,158.5308,35.3198,0.7986
145.8,4374,in_bed,0.6965,0.8853,0.0024,2.2295,0.8829,0.396,0.8773,0.7995,0.5936,0.3471,0.0893,0.6335,0.4903,0.2837,0.2059,0.2465,0.2578,177.4283,158.913,35.6381,0.8001
145.833,4375,in_bed,0.6979,0.886,0.0014,2.2327,0.8847,0.3962,0.8777,0.8005,0.5952,0.3489,0.0892,0.6348,0.4917,0.2825,0.2053,0.2463,0.2596,177.4747,158.9646,35.6011,0.8009
145.867,4376,in_bed,0.6975,0.8839,0.0018,2.2253,0.8821,0.3964,0.8766,0.7993,0.5957,0.3476,0.0892,0.6344,0.4919,0.281,0.2037,0.2481,0.2584,177.0702,158.3509,35.6753,0.7978
145.9,4377,in_bed,0.6972,0.8816,0.0015,2.2184,0.8801,0.3967,0.8749,0.7981,0.5962,0.3465,0.0891,0.6337,0.4913,0.2788,0.2019,0.2497,0.2573,176.781,157.8553,35.8238,0.7956
145.933,4378,in_bed,0.6963,0.8794,0.0026,2.2094,0.8767,0.3968,0.8732,0.7966,0.596,0.3457,0.0892,0.6324,0.49,0.2773,0.2007,0.2503,0.2565,176.7198,157.5657,35.8277,0.7926
145.967,4379,in_bed,0.6949,0.8771,0.0032,2.2023,0.874,0.3968,0.871,0.7953,0.5945,0.3441,0.0892,0.6309,0.4876,0.2765,0.2008,0.2505,0.2548,176.8546,157.2799,35.6483,0.7888
146.0,4380,in_bed,0.6927,0.8735,0.0047,2.1897,0.8688,0.3968,0.8735,0.7928,0.5927,0.3409,0.0893,0.6291,0.4841,0.2808,0.2001,0.2518,0.2516,177.2748,157.2518,35.5901,0.782
146.033,4381,in_bed,0.6898,0.8693,0.0072,2.1744,0.8621,0.3965,0.8631,0.789,0.5906,0.3372,0.0894,0.6264,0.4814,0.2725,0.1984,0.2534,0.2477,177.4354,157.1698,35.7019,0.775
146.067,4382,in_bed,0.6868,0.8651,0.0107,2.1573,0.8544,0.3961,0.8651,0.7856,0.588,0.3336,0.0897,0.6242,0.4791,0.2771,0.1975,0.2544,0.2439,177.5076,157.0727,35.7853,0.7669
146.1,4383,in_bed,0.685,0.8657,0.0143,2.1541,0.8514,0.3953,0.8591,0.7847,0.5852,0.3344,0.0899,0.6224,0.4783,0.2738,0.1994,0.2509,0.2445,177.6034,157.5899,35.8171,0.7649
146.133,4384,in_bed,0.6841,0.864,0.0157,2.1467,0.8483,0.3951,0.8575,0.784,0.5842,0.3331,0.09,0.6213,0.4767,0.2733,0.1998,0.2512,0.2431,177.617,157.4289,35.7798,0.7612
146.167,4385,in_bed,0.6841,0.864,0.0159,2.1472,0.8481,0.395,0.8572,0.7846,0.5837,0.3334,0.0899,0.6205,0.476,0.2735,0.2008,0.2503,0.2435,177.682,157.2929,35.7323,0.7616
146.2,4386,in_bed,0.6864,0.8648,0.0133,2.1533,0.8515,0.3955,0.8648,0.786,0.5868,0.3354,0.0897,0.6231,0.4794,0.278,0.1993,0.2514,0.2457,178.1659,157.2449,35.7923,0.7665
146.233,4387,in_bed,0.6892,0.866,0.0113,2.1583,0.8548,0.396,0.8588,0.7879,0.5904,0.3387,0.0894,0.6258,0.4837,0.2684,0.1975,0.2517,0.2492,178.605,157.2917,36.0066,0.7722
146.267,4388,in_bed,0.6907,0.8687,0.0109,2.1666,0.8578,0.3959,0.8604,0.7895,0.5919,0.3444,0.0894,0.6249,0.4856,0.2685,0.1977,0.2475,0.255,178.4693,159.48,37.5727,0.7811
146.3,4389,in_bed,0.6826,0.8706,0.0526,2.1963,0.818,0.3724,0.8628,0.7812,0.5839,0.3471,0.0802,0.6193,0.4803,0.2789,0.1973,0.2368,0.2669,177.8385,172.5252,38.5004,1.2832
146.333,4390,in_bed,0.6738,0.8883,0.0663,2.2506,0.822,0.3652,0.8751,0.7741,0.5734,0.3593,0.0857,0.6239,0.4855,0.3016,0.2007,0.2141,0.2736,178.7375,158.6966,38.2834,0.9252
146.367,4391,in_bed,0.6708,0.9043,0.0451,2.3037,0.8593,0.373,0.8864,0.7723,0.5694,0.3705,0.0888,0.628,0.4853,0.317,0.2029,0.1989,0.2817,177.2388,156.0167,38.7223,0.8598
146.4,4392,in_bed,0.6567,0.9201,0.0297,2.3658,0.8904,0.3764,0.8999,0.768,0.5455,0.3872,0.0895,0.6238,0.4825,0.3543,0.2224,0.1584,0.2976,176.2326,154.0754,35.3429,0.8603
146.433,4393,in_bed,0.6477,0.9329,0.0226,2.4347,0.9102,0.3739,0.912,0.766,0.5295,0.3978,0.0896,0.6212,0.4855,0.3825,0.2364,0.1317,0.3082,173.5613,154.2864,33.6062,0.8706
146.467,4394,in_bed,0.6355,0.9457,0.0202,2.501,0.9255,0.3701,0.9235,0.7623,0.5087,0.4105,0.0896,0.6139,0.4818,0.4148,0.2536,0.0982,0.3208,167.4993,156.5677,31.5204,0.8895
146.5,4395,in_bed,0.6253,0.9552,0.0198,2.547,0.9354,0.3673,0.933,0.7626,0.488,0.4275,0.0896,0.6124,0.4878,0.445,0.2747,0.0604,0.338,153.9407,146.7136,29.5192,0.9026
146.533,4396,in_bed,0.6224,0.9648,0.0224,2.5869,0.9424,0.3643,0.9431,0.7659,0.4788,0.4358,0.0898,0.6121,0.4842,0.4643,0.2871,0.043,0.346,139.9677,131.8191,28.2608,0.9127
146.567,4397,in_bed,0.6254,0.9788,0.0194,2.6497,0.9593,0.362,0.9582,0.7739,0.4769,0.4435,0.0895,0.6163,0.4819,0.4813,0.297,0.0334,0.354,132.5441,123.929,27.3375,0.9351
146.6,4398,in_bed,0.6283,0.9887,0.0177,2.6957,0.971,0.3602,0.9693,0.7813,0.4753,0.4489,0.0895,0.6191,0.479,0.494,0.306,0.0264,0.3594,126.2091,117.2038,26.5539,0.9542
146.633,4399,in_bed,0.6317,0.9941,0.0157,2.7235,0.9783,0.3592,0.9763,0.7875,0.4759,0.4472,0.0894,0.6207,0.4783,0.5004,0.3116,0.0287,0.3578,128.4102,119.0297,26.1029,0.9692
146.667,4400,in_bed,0.631,0.9961,0.0161,2.7373,0.98,0.358,0.9794,0.7906,0.4714,0.4455,0.0894,0.6178,0.4749,0.508,0.3192,0.0259,0.3562,125.7214,115.7394,25.3988,0.9768
146.7,4401,in_bed,0.6308,0.9973,0.0135,2.7532,0.9837,0.3573,0.9813,0.794,0.4675,0.4439,0.0889,0.6162,0.4737,0.5138,0.3264,0.0237,0.355,124.436,113.9575,24.695,0.9899
146.733,4402,in_bed,0.6322,0.9983,0.0103,2.7679,0.988,0.3569,0.9831,0.7982,0.4662,0.4452,0.0884,0.6152,0.4738,0.5169,0.332,0.021,0.3568,124.0236,113.279,24.0456,1.0039
146.767,4403,in_bed,0.6304,0.9989,0.0068,2.7824,0.9921,0.3566,0.9839,0.8001,0.4607,0.4472,0.0878,0.6118,0.4735,0.5232,0.3394,0.0135,0.3594,119.2776,108.1648,23.1732,1.0207
146.8,4404,in_bed,0.6275,0.9966,0.0027,2.7854,0.9939,0.3568,0.9825,0.8007,0.4543,0.4459,0.087,0.6084,0.4744,0.5281,0.3464,0.0085,0.3589,117.8615,106.4793,22.2535,1.0363
146.833,4405,in_bed,0.6205,0.9916,0.0038,2.7738,0.9878,0.3561,0.9776,0.7972,0.4439,0.4443,0.0866,0.5995,0.4699,0.5337,0.3533,-0.0004,0.3578,112.5817,101.5113,21.5348,1.047
146.867,4406,in_bed,0.6147,0.9884,0.0034,2.7729,0.9849,0.3552,0.9742,0.796,0.4333,0.4443,0.0858,0.5937,0.4642,0.5409,0.3627,-0.0109,0.3585,105.8654,95.2363,20.6588,1.0684
146.9,4407,in_bed,0.6135,0.99,0.0016,2.7872,0.9884,0.3546,0.974,0.7994,0.4277,0.4481,0.0848,0.5918,0.4497,0.5463,0.3718,-0.0205,0.3633,99.8449,90.1232,19.5644,1.1045
146.933,4408,in_bed,0.6161,0.9934,-0.0005,2.8066,0.9939,0.3541,0.9753,0.8058,0.4264,0.4537,0.0837,0.5933,0.4419,0.5489,0.3795,-0.0273,0.3699,96.0773,87.9609,18.4586,1.1534
146.967,4409,in_bed,0.6196,0.9975,-0.0013,2.8251,0.9988,0.3535,0.9774,0.8124,0.4268,0.459,0.0829,0.5941,0.4219,0.5507,0.3857,-0.0322,0.3761,94.6004,87.8156,17.3772,1.2011
147.0,4410,in_bed,0.6225,1.0008,-0.0029,2.8426,1.0037,0.3531,0.9786,0.8175,0.4274,0.4605,0.082,0.5946,0.4054,0.5512,0.39,-0.033,0.3785,98.4387,92.8145,16.2743,1.2529
147.033,4411,in_bed,0.6242,1.003,-0.0041,2.8551,1.0071,0.3528,0.9791,0.8219,0.4266,0.4618,0.0813,0.5946,0.3937,0.5525,0.3953,-0.0352,0.3805,101.8649,97.4782,15.2931,1.3019
147.067,4412,in_bed,0.6254,1.0052,-0.0038,2.865,1.0089,0.3522,0.9797,0.8252,0.4257,0.4613,0.0809,0.5937,0.3844,0.554,0.3995,-0.0356,0.3804,106.0854,102.6288,14.4588,1.3428
147.1,4413,in_bed,0.6267,1.0058,-0.0011,2.8649,1.0069,0.3515,0.9793,0.8286,0.4248,0.4614,0.0807,0.5919,0.3837,0.5546,0.4038,-0.0366,0.3807,108.474,105.8141,13.7069,1.3732
147.133,4414,in_bed,0.6277,1.0052,0.0013,2.861,1.0039,0.3509,0.9779,0.8305,0.4249,0.4549,0.0806,0.5884,0.3764,0.5529,0.4056,-0.0299,0.3743,115.7273,113.3711,12.9789,1.3984
147.167,4415,in_bed,0.6318,1.0057,0.0024,2.8617,1.0034,0.3506,0.9775,0.835,0.4285,0.4513,0.0804,0.5882,0.3749,0.549,0.4065,-0.0228,0.3708,121.6909,119.2801,12.419,1.4189
147.2,4416,in_bed,0.636,1.0075,0.003,2.8677,1.0045,0.3503,0.9777,0.8391,0.4329,0.452,0.0803,0.5894,0.3742,0.5448,0.4062,-0.0191,0.3717,124.0361,121.6136,11.8199,1.4392
147.233,4417,in_bed,0.6395,1.008,0.0038,2.8687,1.0041,0.35,0.9765,0.8418,0.4372,0.4492,0.0802,0.5887,0.3654,0.5393,0.4046,-0.012,0.369,126.7157,124.8298,11.2964,1.4606
147.267,4418,in_bed,0.6404,1.0073,0.0057,2.8637,1.0016,0.3498,0.9742,0.8427,0.4381,0.4468,0.0803,0.5851,0.3507,0.536,0.4046,-0.0087,0.3665,125.4385,126.1035,10.8229,1.4675
147.3,4419,in_bed,0.6386,1.0064,0.0074,2.8588,0.999,0.3494,0.9713,0.8417,0.4354,0.4459,0.0804,0.5799,0.3504,0.5359,0.4063,-0.0105,0.3655,124.9152,125.8319,10.303,1.4653
147.333,4420,in_bed,0.6367,1.0043,0.0096,2.8491,0.9947,0.3491,0.9665,0.8399,0.4335,0.445,0.0806,0.5723,0.3383,0.5331,0.4064,-0.0116,0.3645,124.5205,125.1886,9.7532,1.4568
147.367,4421,in_bed,0.6392,1.0067,0.0132,2.8498,0.9935,0.3486,0.9667,0.8432,0.4353,0.4493,0.0808,0.5717,0.3462,0.5315,0.4079,-0.014,0.3685,125.192,125.0247,9.1721,1.4528
147.4,4422,in_bed,0.6447,1.0094,0.0179,2.847,0.9915,0.3483,0.9683,0.8487,0.4407,0.4515,0.0811,0.5758,0.3547,0.5276,0.408,-0.0108,0.3704,126.8332,124.2808,8.6675,1.4509
147.433,4423,in_bed,0.6457,1.0095,0.0227,2.837,0.9869,0.3479,0.9667,0.8499,0.4415,0.4526,0.0814,0.5764,0.3656,0.5252,0.4084,-0.0111,0.3712,127.0897,123.9429,8.2883,1.4423
147.467,4424,in_bed,0.6477,1.0101,0.0291,2.8245,0.981,0.3473,0.9657,0.8522,0.4433,0.4538,0.0817,0.5774,0.3663,0.5224,0.4089,-0.0105,0.3721,126.6201,124.5038,7.9833,1.4313
147.5,4425,in_bed,0.65,1.0104,0.0351,2.8116,0.9752,0.3469,0.9644,0.8546,0.4455,0.4547,0.082,0.5784,0.3711,0.5189,0.4091,-0.0092,0.3727,126.5094,124.901,7.7433,1.4222
147.533,4426,in_bed,0.6553,1.0127,0.042,2.8018,0.9707,0.3464,0.966,0.86,0.4505,0.4591,0.0823,0.5824,0.3793,0.5154,0.4095,-0.0086,0.3768,126.4062,125.183,7.4687,1.4132
147.567,4427,in_bed,0.6581,1.0127,0.044,2.7921,0.9688,0.347,0.9657,0.8636,0.4526,0.4617,0.0824,0.5881,0.3931,0.513,0.411,-0.0091,0.3793,126.9261,124.3173,7.0635,1.4055
147.6,4428,in_bed,0.6614,1.0136,0.0442,2.7885,0.9694,0.3476,0.9643,0.8667,0.4562,0.4691,0.0824,0.5949,0.4139,0.5081,0.4106,-0.013,0.3867,125.8422,124.7598,6.5984,1.4034
147.633,4429,in_bed,0.6605,1.0073,0.0451,2.7581,0.9622,0.3489,0.9578,0.866,0.4549,0.4664,0.0825,0.5938,0.4255,0.5028,0.4111,-0.0115,0.3839,126.3229,124.2353,6.2413,1.3864
147.667,4430,in_bed,0.6612,1.0019,0.0475,2.7257,0.9544,0.3501,0.953,0.867,0.4554,0.4638,0.0826,0.597,0.4413,0.4975,0.4115,-0.0084,0.3812,126.7264,123.8415,5.7386,1.3678
147.7,4431,in_bed,0.6605,0.9966,0.0492,2.697,0.9475,0.3513,0.9482,0.8672,0.4537,0.4621,0.0827,0.5975,0.4439,0.4945,0.4136,-0.0085,0.3794,126.3437,123.6996,5.3101,1.3511
147.733,4432,in_bed,0.6597,0.991,0.0507,2.6674,0.9403,0.3525,0.9428,0.8672,0.4522,0.461,0.0828,0.599,0.4464,0.4906,0.415,-0.0088,0.3782,125.3411,124.1811,4.9635,1.3373
147.767,4433,in_bed,0.6586,0.9858,0.0506,2.6438,0.9352,0.3537,0.9367,0.8665,0.4507,0.4573,0.0828,0.5997,0.4385,0.4861,0.4158,-0.0067,0.3745,123.9908,125.2332,4.5492,1.3258
147.8,4434,in_bed,0.6567,0.9799,0.0503,2.6193,0.9296,0.3549,0.931,0.8646,0.4488,0.4522,0.0829,0.601,0.441,0.4822,0.4159,-0.0035,0.3693,122.928,124.519,4.2284,1.3137
147.833,4435,in_bed,0.6542,0.974,0.0485,2.5979,0.9254,0.3562,0.9249,0.8617,0.4466,0.4462,0.0829,0.6009,0.4356,0.4783,0.4152,0.0003,0.3633,120.9023,122.8304,3.8877,1.3054
147.867,4436,in_bed,0.6541,0.9698,0.0462,2.5824,0.9236,0.3577,0.9214,0.8606,0.4477,0.4423,0.0828,0.6022,0.4293,0.4737,0.4129,0.0054,0.3594,118.3726,120.7997,3.6572,1.3004
147.9,4437,in_bed,0.6534,0.9662,0.0448,2.5683,0.9214,0.3588,0.9176,0.8594,0.4474,0.4374,0.0829,0.6017,0.4246,0.4702,0.412,0.01,0.3545,117.0203,119.9237,3.3181,1.2931
147.933,4438,in_bed,0.6518,0.9627,0.0426,2.5576,0.9201,0.3597,0.9144,0.8575,0.4461,0.433,0.0828,0.6003,0.4106,0.4683,0.4113,0.0132,0.3502,116.0062,119.3681,3.09,1.2885
147.967,4439,in_bed,0.6519,0.9611,0.0409,2.552,0.9202,0.3606,0.9131,0.8578,0.4461,0.4307,0.0828,0.602,0.4064,0.467,0.4117,0.0154,0.3479,114.6476,118.4624,2.9277,1.2853
148.0,4440,in_bed,0.6526,0.961,0.0397,2.5513,0.9214,0.3611,0.9132,0.8589,0.4464,0.4343,0.0828,0.6039,0.4113,0.4669,0.4125,0.0121,0.3515,111.9589,115.9314,2.9895,1.2834
148.033,4441,in_bed,0.6535,0.9625,0.0392,2.5556,0.9234,0.3613,0.9152,0.8599,0.447,0.4377,0.0828,0.6051,0.4107,0.4682,0.4129,0.0093,0.3549,109.7025,113.844,2.9212,1.2837
148.067,4442,in_bed,0.6543,0.964,0.0373,2.5628,0.9267,0.3616,0.9176,0.8607,0.4479,0.4398,0.0827,0.6059,0.4104,0.4697,0.4128,0.0081,0.3571,107.5825,111.9981,2.9145,1.2835
148.1,4443,in_bed,0.654,0.9645,0.0365,2.5655,0.9279,0.3617,0.9187,0.8604,0.4475,0.4385,0.0826,0.6062,0.4107,0.4712,0.4129,0.009,0.3559,107.0064,111.8286,2.8182,1.2777
148.133,4444,in_bed,0.6538,0.9655,0.0356,2.5713,0.9299,0.3616,0.9197,0.8604,0.4471,0.4363,0.0826,0.6084,0.4161,0.4725,0.4132,0.0109,0.3537,106.8905,112.233,2.6405,1.2735
148.167,4445,in_bed,0.6538,0.9668,0.0342,2.5782,0.9325,0.3617,0.921,0.8605,0.447,0.4344,0.0825,0.6106,0.4195,0.4739,0.4135,0.0126,0.3519,106.9247,112.7493,2.5178,1.2695
148.2,4446,in_bed,0.6539,0.9679,0.0333,2.5839,0.9346,0.3617,0.9221,0.861,0.4469,0.4335,0.0825,0.6114,0.421,0.4752,0.4141,0.0134,0.351,105.7685,112.0364,2.5261,1.266
148.233,4447,in_bed,0.6541,0.9693,0.0323,2.5904,0.9371,0.3617,0.9233,0.8614,0.4468,0.4335,0.0824,0.6132,0.4288,0.4766,0.4147,0.0132,0.3511,104.2904,110.9445,2.5839,1.2626
148.267,4448,in_bed,0.6543,0.9703,0.0311,2.5957,0.9392,0.3618,0.9242,0.8617,0.447,0.4325,0.0824,0.615,0.4327,0.4772,0.4147,0.0144,0.3502,103.8177,110.8007,2.6707,1.2599
148.3,4449,in_bed,0.6549,0.9716,0.0304,2.6011,0.9412,0.3618,0.9257,0.8627,0.4471,0.4322,0.0824,0.6186,0.438,0.4786,0.4156,0.0149,0.3498,102.7395,110.036,2.8003,1.2587
148.333,4450,in_bed,0.6548,0.972,0.0291,2.6045,0.9429,0.362,0.9259,0.863,0.4467,0.4315,0.0823,0.6206,0.4397,0.4792,0.4163,0.0152,0.3492,101.2975,109.0141,2.9517,1.2547
148.367,4451,in_bed,0.654,0.9719,0.0277,2.6064,0.9442,0.3623,0.9255,0.8627,0.4454,0.4327,0.0823,0.6215,0.4394,0.4802,0.4173,0.0126,0.3505,98.4097,106.4833,3.2275,1.249
148.4,4452,in_bed,0.6535,0.9714,0.0259,2.6067,0.9456,0.3627,0.9248,0.8622,0.4448,0.434,0.0822,0.6222,0.4404,0.48,0.4173,0.0108,0.3519,95.682,104.1182,3.5417,1.2432
148.433,4453,in_bed,0.6521,0.9712,0.026,2.6056,0.9452,0.3628,0.924,0.861,0.4433,0.4345,0.0822,0.6215,0.4385,0.4807,0.4177,0.0088,0.3523,92.1982,101.0964,3.8641,1.2355
148.467,4454,in_bed,0.6497,0.9702,0.0254,2.6037,0.9448,0.3629,0.9222,0.8591,0.4404,0.4347,0.0822,0.6204,0.4384,0.4818,0.4186,0.0058,0.3524,88.5101,97.875,4.4737,1.2247
148.5,4455,in_bed,0.6462,0.9693,0.0242,2.6047,0.9452,0.3629,0.9207,0.8566,0.4358,0.4324,0.0822,0.6192,0.4387,0.4849,0.4207,0.0034,0.3502,85.0975,95.1638,5.0479,1.2141
148.533,4456,in_bed,0.6454,0.97,0.0224,2.6113,0.9476,0.3629,0.9208,0.8555,0.4353,0.43,0.0822,0.6186,0.4402,0.4855,0.4203,0.0053,0.3478,83.3659,93.9592,5.444,1.2089
148.567,4457,in_bed,0.6445,0.9703,0.0214,2.6151,0.9489,0.3628,0.9207,0.8545,0.4345,0.4263,0.0823,0.6174,0.4401,0.4862,0.42,0.0083,0.344,82.1702,93.425,5.7711,1.2017
148.6,4458,in_bed,0.6462,0.9735,0.0212,2.6267,0.9524,0.3626,0.9237,0.8561,0.4362,0.4238,0.0825,0.6185,0.4441,0.4875,0.4199,0.0125,0.3413,81.1774,93.274,6.0535,1.1971
148.633,4459,in_bed,0.6474,0.976,0.021,2.6363,0.955,0.3623,0.926,0.8575,0.4373,0.4174,0.0826,0.6198,0.437,0.4886,0.4201,0.02,0.3347,81.4467,94.5305,6.2536,1.1908
148.667,4460,in_bed,0.6511,0.9806,0.022,2.6496,0.9586,0.3618,0.9304,0.8615,0.4407,0.4138,0.0829,0.6248,0.4365,0.4897,0.4209,0.0268,0.3309,81.3857,95.5646,6.3372,1.1804
148.7,4461,in_bed,0.6526,0.9845,0.021,2.666,0.9634,0.3614,0.9332,0.8638,0.4415,0.407,0.0831,0.6273,0.4348,0.4917,0.4223,0.0345,0.3239,82.0855,96.9407,6.606,1.1762
148.733,4462,in_bed,0.6549,0.9881,0.0206,2.679,0.9675,0.3611,0.9361,0.8668,0.4431,0.4023,0.0832,0.6315,0.4346,0.493,0.4237,0.0408,0.319,82.5103,98.0222,6.813,1.1745
148.767,4463,in_bed,0.658,0.9914,0.0196,2.6909,0.9718,0.3612,0.9387,0.87,0.4459,0.4014,0.0833,0.6367,0.4362,0.4928,0.424,0.0445,0.3181,82.511,98.5365,6.9575,1.1721
148.8,4464,in_bed,0.6585,0.9923,0.0191,2.6939,0.9732,0.3613,0.9388,0.8706,0.4464,0.4,0.0834,0.6368,0.4357,0.4924,0.4242,0.0464,0.3166,82.6566,98.9105,7.0184,1.1685
148.833,4465,in_bed,0.6582,0.9914,0.0175,2.6926,0.974,0.3617,0.9379,0.8703,0.446,0.3981,0.0833,0.6379,0.4353,0.4919,0.4243,0.0479,0.3148,82.6007,99.2778,7.1355,1.1628
148.867,4466,in_bed,0.6596,0.9918,0.0166,2.6935,0.9752,0.3621,0.9376,0.8714,0.4478,0.3978,0.0833,0.6403,0.4364,0.4898,0.4237,0.0499,0.3146,82.6377,99.6247,7.1714,1.1611
148.9,4467,in_bed,0.6607,0.991,0.0163,2.6886,0.9748,0.3626,0.9356,0.8724,0.449,0.3981,0.0832,0.6413,0.4336,0.4866,0.4234,0.0509,0.3149,82.5174,99.6965,7.2242,1.1576
148.933,4468,in_bed,0.6612,0.9895,0.0154,2.6818,0.9741,0.3632,0.9334,0.8727,0.4497,0.398,0.0832,0.6425,0.4314,0.4837,0.423,0.0517,0.3148,82.459,99.7995,7.2578,1.1546
148.967,4469,in_bed,0.6625,0.9875,0.0154,2.6705,0.9721,0.364,0.9317,0.8734,0.4517,0.3977,0.0832,0.6449,0.4345,0.4799,0.4217,0.0541,0.3145,82.6332,100.1403,7.2145,1.1516
149.0,4470,in_bed,0.6641,0.9851,0.0154,2.6573,0.9697,0.3649,0.9299,0.8748,0.4535,0.3973,0.0831,0.6483,0.4384,0.4764,0.4213,0.0562,0.3141,82.7432,100.4015,7.2314,1.1489
149.033,4471,in_bed,0.664,0.982,0.0159,2.6422,0.9661,0.3657,0.9269,0.8745,0.4535,0.3954,0.0832,0.6495,0.4375,0.4734,0.421,0.0581,0.3122,82.5341,100.5104,7.2555,1.1435
149.067,4472,in_bed,0.6663,0.9785,0.0189,2.6181,0.9596,0.3665,0.9259,0.8752,0.4575,0.3975,0.0833,0.6514,0.4406,0.4685,0.4177,0.06,0.3143,82.3169,100.4479,7.2182,1.1349
149.1,4473,in_bed,0.6688,0.9756,0.0216,2.5967,0.954,0.3674,0.9257,0.8762,0.4614,0.3988,0.0833,0.6529,0.4417,0.4643,0.4148,0.0626,0.3155,82.2855,100.5356,7.1692,1.1285
149.133,4474,in_bed,0.6711,0.9743,0.0241,2.5835,0.9503,0.3678,0.9261,0.8773,0.4649,0.4,0.0834,0.6545,0.4409,0.4611,0.4124,0.0649,0.3167,82.2518,100.6939,7.0021,1.1243
149.167,4475,in_bed,0.6729,0.9726,0.0257,2.5707,0.947,0.3684,0.9258,0.8781,0.4677,0.4006,0.0834,0.6562,0.4394,0.4581,0.4105,0.0671,0.3172,81.9919,100.8772,6.7869,1.1181
149.2,4476,in_bed,0.6766,0.9747,0.0275,2.5718,0.9472,0.3683,0.9279,0.8813,0.4718,0.4022,0.0835,0.6605,0.4422,0.4561,0.4095,0.0696,0.3187,82.1919,101.1437,6.4956,1.1187
149.233,4477,in_bed,0.6781,0.9752,0.0287,2.5703,0.9465,0.3682,0.9285,0.8828,0.4733,0.4016,0.0836,0.6628,0.4426,0.4551,0.4095,0.0717,0.318,82.0985,101.3472,6.2141,1.1167
149.267,4478,in_bed,0.6789,0.9744,0.0294,2.5642,0.9449,0.3685,0.9285,0.8829,0.4749,0.4017,0.0835,0.6639,0.4436,0.4536,0.408,0.0732,0.3182,81.9897,101.4843,6.1256,1.1139
149.3,4479,in_bed,0.6801,0.9745,0.0306,2.5613,0.9439,0.3685,0.9293,0.8835,0.4767,0.4023,0.0835,0.6653,0.445,0.4526,0.4068,0.0744,0.3188,81.8837,101.5672,6.1171,1.1122
149.333,4480,in_bed,0.6806,0.9746,0.0316,2.559,0.943,0.3685,0.93,0.8834,0.4778,0.4026,0.0835,0.6659,0.4468,0.4522,0.4057,0.0751,0.3191,81.8152,101.6158,6.0741,1.1105
149.367,4481,in_bed,0.6812,0.9751,0.0322,2.5594,0.9428,0.3684,0.9308,0.8834,0.479,0.4025,0.0836,0.6666,0.4475,0.4518,0.4044,0.0765,0.3189,81.9715,101.8334,6.0639,1.1098
149.4,4482,in_bed,0.6821,0.9764,0.0321,2.5646,0.9443,0.3682,0.9322,0.8839,0.4803,0.4026,0.0835,0.6677,0.4484,0.4519,0.4036,0.0777,0.3191,81.9275,101.9677,6.089,1.1103
149.433,4483,in_bed,0.682,0.977,0.0317,2.5684,0.9453,0.3681,0.9331,0.8835,0.4805,0.4022,0.0835,0.6683,0.4487,0.4525,0.403,0.0783,0.3187,81.7867,101.9766,6.151,1.1103
149.467,4484,in_bed,0.6818,0.979,0.0311,2.5785,0.948,0.3676,0.9343,0.884,0.4795,0.4008,0.0835,0.669,0.4488,0.4548,0.4045,0.0787,0.3173,81.5838,102.1222,6.0043,1.1106
149.5,4485,in_bed,0.6814,0.9799,0.0312,2.5826,0.9487,0.3674,0.9354,0.8832,0.4795,0.4006,0.0835,0.6687,0.4483,0.4558,0.4037,0.079,0.3171,81.6049,102.117,6.0097,1.1119
149.533,4486,in_bed,0.6804,0.98,0.0302,2.5853,0.9498,0.3674,0.9359,0.8821,0.4786,0.4,0.0834,0.6681,0.4467,0.4573,0.4035,0.0786,0.3166,81.5009,102.0049,6.0701,1.1133
149.567,4487,in_bed,0.6796,0.9813,0.03,2.5917,0.9513,0.3671,0.9372,0.8819,0.4772,0.3994,0.0834,0.6681,0.4466,0.46,0.4047,0.0778,0.316,81.2927,101.9109,5.9157,1.1146
149.6,4488,in_bed,0.6797,0.9836,0.0296,2.6024,0.954,0.3666,0.9393,0.8825,0.4769,0.3999,0.0835,0.6682,0.4478,0.4624,0.4056,0.077,0.3164,81.3212,101.8238,5.6571,1.1186
149.633,4489,in_bed,0.6796,0.9856,0.0294,2.6116,0.9562,0.3661,0.9412,0.8829,0.4763,0.3998,0.0835,0.668,0.4465,0.4649,0.4066,0.0765,0.3163,81.3909,101.8501,5.5064,1.1216
149.667,4490,in_bed,0.6801,0.9886,0.0296,2.6239,0.959,0.3655,0.9441,0.8837,0.4764,0.3998,0.0835,0.6683,0.4467,0.4677,0.4072,0.0766,0.3163,81.512,101.9154,5.4944,1.125
149.7,4491,in_bed,0.6802,0.9912,0.0296,2.6351,0.9616,0.3649,0.9467,0.8842,0.4763,0.3997,0.0836,0.6686,0.447,0.4704,0.4079,0.0766,0.3161,81.537,101.9799,5.5828,1.128
149.733,4492,in_bed,0.6805,0.9929,0.0296,2.6422,0.9633,0.3646,0.9494,0.884,0.4771,0.4006,0.0835,0.6681,0.4476,0.4723,0.4069,0.0765,0.3171,81.5592,101.9257,5.6987,1.1308
149.767,4493,in_bed,0.6806,0.9951,0.029,2.6535,0.9661,0.3641,0.9519,0.8844,0.4767,0.4005,0.0835,0.6674,0.4472,0.4752,0.4077,0.0762,0.317,81.7115,101.9957,5.6332,1.1342
149.8,4494,in_bed,0.6808,0.997,0.0291,2.6619,0.9678,0.3636,0.9545,0.885,0.4766,0.4003,0.0836,0.6671,0.4478,0.4779,0.4083,0.0764,0.3167,81.8135,102.1338,5.6338,1.1367
149.833,4495,in_bed,0.6804,0.9983,0.0294,2.6681,0.9689,0.3631,0.9563,0.8847,0.4761,0.4001,0.0836,0.6666,0.4486,0.4801,0.4086,0.076,0.3165,81.7705,102.1531,5.5865,1.1383
149.867,4496,in_bed,0.6812,1.0009,0.0302,2.6782,0.9708,0.3625,0.9593,0.8857,0.4766,0.4009,0.0836,0.6672,0.4507,0.4827,0.409,0.0757,0.3173,81.7821,102.1895,5.5563,1.1406
149.9,4497,in_bed,0.6822,1.0023,0.0306,2.6822,0.9717,0.3623,0.9617,0.8863,0.4782,0.4025,0.0836,0.6674,0.4531,0.4836,0.4082,0.0757,0.3189,81.8353,102.0818,5.7313,1.1431
149.933,4498,in_bed,0.6831,1.0049,0.0309,2.6931,0.974,0.3617,0.9643,0.8877,0.4786,0.4023,0.0836,0.668,0.4546,0.4858,0.4092,0.0762,0.3187,81.8343,102.2211,5.7549,1.1459
149.967,4499,in_bed,0.6837,1.0062,0.0309,2.6986,0.9753,0.3614,0.9664,0.888,0.4794,0.4028,0.0836,0.6677,0.456,0.487,0.4086,0.0766,0.3192,82.004,102.2409,5.9091,1.1496
150.0,4500,in_bed,0.6834,1.0077,0.0312,2.7059,0.9766,0.3609,0.9679,0.8884,0.4785,0.4022,0.0836,0.6674,0.455,0.4894,0.4099,0.0763,0.3186,81.8423,102.2259,5.8994,1.1508
150.033,4501,in_bed,0.6837,1.0096,0.031,2.715,0.9786,0.3604,0.9698,0.8894,0.4781,0.4021,0.0836,0.6676,0.4549,0.4917,0.4114,0.0759,0.3186,81.7237,102.2077,5.8682,1.1531
150.067,4502,in_bed,0.6844,1.0119,0.0315,2.7242,0.9804,0.3599,0.9721,0.8907,0.4782,0.4023,0.0836,0.6678,0.4546,0.4939,0.4124,0.0759,0.3187,81.858,102.2773,5.859,1.1566
150.1,4503,in_bed,0.6846,1.0145,0.0317,2.7368,0.9828,0.3591,0.9743,0.8912,0.4779,0.4019,0.0837,0.6675,0.4533,0.4963,0.4133,0.076,0.3183,81.9388,102.3728,5.836,1.1595
150.133,4504,in_bed,0.6846,1.016,0.0318,2.7443,0.9843,0.3587,0.9758,0.8917,0.4776,0.4014,0.0837,0.6669,0.4517,0.4982,0.4141,0.0761,0.3178,82.0183,102.4396,5.8054,1.1615
150.167,4505,in_bed,0.684,1.0163,0.0312,2.7485,0.9851,0.3584,0.9761,0.8916,0.4765,0.4001,0.0837,0.666,0.4499,0.4996,0.4151,0.0765,0.3164,82.1168,102.5893,5.787,1.1619
150.2,4506,in_bed,0.6843,1.0176,0.0306,2.7552,0.987,0.3582,0.9773,0.8923,0.4764,0.4001,0.0836,0.6661,0.4492,0.5009,0.4159,0.0763,0.3164,82.1011,102.5973,5.7576,1.1643
150.233,4507,in_bed,0.6851,1.0188,0.0307,2.7593,0.9881,0.3581,0.9787,0.8935,0.4766,0.4007,0.0836,0.6671,0.451,0.5021,0.4169,0.0759,0.3171,81.9747,102.5283,5.7589,1.166
150.267,4508,in_bed,0.6859,1.0199,0.031,2.7631,0.9889,0.3579,0.9802,0.8945,0.4773,0.4018,0.0836,0.668,0.4523,0.5029,0.4172,0.0754,0.3182,81.8529,102.4076,5.7697,1.1669
150.3,4509,in_bed,0.686,1.0197,0.0309,2.7618,0.9888,0.358,0.9804,0.8939,0.4781,0.4027,0.0836,0.6674,0.4521,0.5023,0.4158,0.0754,0.3191,81.9727,102.3053,5.9323,1.1689
150.333,4510,in_bed,0.6871,1.0209,0.0311,2.7656,0.9898,0.3579,0.9821,0.8951,0.4791,0.4035,0.0836,0.6686,0.4542,0.503,0.416,0.0756,0.3199,82.0287,102.3776,5.9252,1.1702
150.367,4511,in_bed,0.6876,1.0208,0.0309,2.7644,0.9899,0.3581,0.9827,0.895,0.4803,0.4046,0.0835,0.6685,0.4564,0.5024,0.4147,0.0757,0.321,82.2022,102.3615,6.0203,1.172
150.4,4512,in_bed,0.6884,1.0225,0.0307,2.7714,0.9918,0.3579,0.9839,0.896,0.4808,0.4055,0.0836,0.6697,0.4603,0.5031,0.4153,0.0753,0.322,82.1645,102.2607,6.0408,1.1745
150.433,4513,in_bed,0.6896,1.0245,0.0314,2.7775,0.9931,0.3576,0.9856,0.8974,0.4818,0.4066,0.0836,0.6706,0.4618,0.5038,0.4155,0.0752,0.323,82.1592,102.2453,6.0734,1.1762
150.467,4514,in_bed,0.6897,1.025,0.0312,2.7799,0.9938,0.3575,0.9862,0.8975,0.4819,0.4063,0.0836,0.6707,0.4631,0.5043,0.4155,0.0756,0.3227,82.1673,102.3304,6.1483,1.1759
150.5,4515,in_bed,0.6899,1.0259,0.031,2.784,0.9949,0.3574,0.9871,0.8977,0.4821,0.4067,0.0836,0.6712,0.4649,0.505,0.4156,0.0755,0.3231,82.1366,102.3079,6.1679,1.1764
150.533,4516,in_bed,0.6899,1.0261,0.031,2.7848,0.9951,0.3573,0.9877,0.8979,0.482,0.4062,0.0836,0.6715,0.4656,0.5057,0.4158,0.0759,0.3226,82.1136,102.3835,6.1787,1.1758
150.567,4517,in_bed,0.6891,1.0261,0.0308,2.7855,0.9953,0.3573,0.988,0.8972,0.4809,0.4057,0.0836,0.6702,0.4642,0.5071,0.4162,0.0752,0.3221,81.9841,102.2805,6.216,1.1751
150.6,4518,in_bed,0.6895,1.0263,0.0305,2.7859,0.9958,0.3575,0.9888,0.8966,0.4824,0.4071,0.0835,0.6693,0.4641,0.5064,0.4141,0.0753,0.3236,82.1838,102.1976,6.4233,1.1765
150.633,4519,in_bed,0.6891,1.0263,0.0311,2.7853,0.9952,0.3573,0.9892,0.8966,0.4816,0.4067,0.0836,0.6694,0.4629,0.5076,0.415,0.075,0.3231,82.1119,102.176,6.443,1.1755
150.667,4520,in_bed,0.6886,1.0264,0.0309,2.7863,0.9955,0.3573,0.9895,0.8964,0.4808,0.4065,0.0836,0.6695,0.4632,0.5088,0.4156,0.0743,0.3229,81.9596,102.1177,6.4774,1.1749
150.7,4521,in_bed,0.6876,1.0253,0.0307,2.7823,0.9946,0.3575,0.9891,0.8948,0.4804,0.4067,0.0835,0.6674,0.462,0.5086,0.4143,0.0738,0.3232,81.8803,101.9212,6.6827,1.1742
150.733,4522,in_bed,0.6867,1.0241,0.0308,2.7772,0.9932,0.3576,0.9883,0.8932,0.4802,0.4063,0.0835,0.6653,0.4608,0.5082,0.4131,0.0738,0.3229,81.961,101.8401,6.8303,1.1738
150.767,4523,in_bed,0.6862,1.0239,0.0303,2.778,0.9936,0.3577,0.9882,0.8933,0.4791,0.4058,0.0835,0.6657,0.4618,0.5091,0.4141,0.0733,0.3223,81.7289,101.8135,6.8043,1.173
150.8,4524,in_bed,0.6859,1.0248,0.0299,2.7834,0.9949,0.3574,0.9882,0.8934,0.4784,0.4056,0.0835,0.6657,0.4613,0.5099,0.415,0.0728,0.3221,81.7336,101.7654,6.9091,1.176
150.833,4525,in_bed,0.6869,1.0257,0.0301,2.7863,0.9956,0.3573,0.989,0.8944,0.4793,0.406,0.0835,0.666,0.4605,0.5097,0.4151,0.0734,0.3224,81.8027,101.9278,6.8764,1.1765
150.867,4526,in_bed,0.6872,1.0261,0.0311,2.7858,0.995,0.3571,0.9893,0.8949,0.4795,0.4065,0.0836,0.6666,0.461,0.5099,0.4154,0.073,0.3229,81.8376,101.9742,6.8161,1.1763
150.9,4527,in_bed,0.6871,1.0251,0.0319,2.78,0.9932,0.3573,0.9886,0.8941,0.4801,0.4072,0.0836,0.6651,0.4607,0.5085,0.414,0.0729,0.3236,81.8234,101.8504,6.9217,1.1755
150.933,4528,in_bed,0.6881,1.0257,0.0324,2.7814,0.9934,0.3572,0.9891,0.8955,0.4807,0.4077,0.0836,0.6662,0.4623,0.5084,0.4149,0.0729,0.3241,81.7939,101.8988,6.839,1.1761
150.967,4529,in_bed,0.688,1.0266,0.0325,2.7858,0.9941,0.3568,0.9887,0.8961,0.4798,0.4072,0.0837,0.6667,0.4627,0.5088,0.4163,0.0726,0.3235,81.755,101.8946,6.9755,1.1776
151.0,4530,in_bed,0.6879,1.0278,0.0326,2.7916,0.9952,0.3565,0.9882,0.8969,0.4788,0.4064,0.0837,0.6665,0.4625,0.5094,0.4181,0.0724,0.3227,81.6624,101.8831,7.0422,1.1799
151.033,4531,in_bed,0.6878,1.0286,0.0323,2.796,0.9963,0.3563,0.9872,0.8975,0.478,0.4058,0.0837,0.6658,0.4627,0.5092,0.4194,0.0722,0.3221,81.6243,101.8874,7.0875,1.1824
151.067,4532,in_bed,0.6875,1.0287,0.0318,2.7981,0.9969,0.3563,0.9855,0.8977,0.4772,0.4055,0.0837,0.665,0.462,0.5083,0.4205,0.0717,0.3219,81.5401,101.8695,7.0834,1.1829
151.1,4533,in_bed,0.6874,1.0278,0.0311,2.7956,0.9967,0.3565,0.9835,0.8979,0.4768,0.4056,0.0837,0.6646,0.4619,0.5066,0.4211,0.0712,0.322,81.5041,101.8283,7.1054,1.1826
151.133,4534,in_bed,0.6871,1.0266,0.0312,2.791,0.9954,0.3566,0.9812,0.8981,0.476,0.4052,0.0837,0.6634,0.461,0.5051,0.4221,0.0708,0.3216,81.395,101.8294,7.0764,1.1808
151.167,4535,in_bed,0.6869,1.0252,0.0308,2.7859,0.9944,0.3569,0.9785,0.8983,0.4755,0.4044,0.0837,0.6628,0.4593,0.5029,0.4227,0.0711,0.3208,81.4641,101.9432,7.0788,1.1806
151.2,4536,in_bed,0.6874,1.0244,0.0305,2.7829,0.994,0.3572,0.9761,0.8988,0.4759,0.4042,0.0837,0.6628,0.4592,0.5002,0.4229,0.0717,0.3205,81.6047,102.0743,7.146,1.1814
151.233,4537,in_bed,0.6879,1.0233,0.0298,2.7788,0.9935,0.3575,0.9743,0.8992,0.4765,0.4045,0.0837,0.6633,0.4597,0.4978,0.4227,0.072,0.3209,81.6538,102.1472,7.1747,1.181
151.267,4538,in_bed,0.6889,1.0206,0.0306,2.7633,0.99,0.3582,0.9724,0.899,0.4788,0.4058,0.0836,0.6629,0.4595,0.4936,0.4202,0.073,0.3222,81.8542,102.2273,7.1146,1.1779
151.3,4539,in_bed,0.6903,1.0192,0.0312,2.7544,0.988,0.3587,0.9714,0.9003,0.4803,0.4069,0.0836,0.6644,0.4606,0.4911,0.42,0.0734,0.3233,81.9872,102.3939,6.9024,1.1754
151.333,4540,in_bed,0.6917,1.0178,0.0309,2.7479,0.9869,0.3592,0.9705,0.9015,0.4818,0.4072,0.0836,0.6663,0.4625,0.4887,0.4197,0.0746,0.3236,82.1549,102.7026,6.7135,1.1745
151.367,4541,in_bed,0.6911,1.0168,0.0298,2.7464,0.987,0.3594,0.9687,0.9014,0.4808,0.4066,0.0836,0.6662,0.4626,0.4879,0.4206,0.0742,0.323,82.2066,102.7637,6.7279,1.1763
151.4,4542,in_bed,0.6926,1.0161,0.0298,2.7421,0.9862,0.3597,0.9687,0.9026,0.4825,0.4083,0.0836,0.668,0.4663,0.4861,0.4201,0.0742,0.3247,82.3698,102.8629,6.4758,1.1775
151.433,4543,in_bed,0.6938,1.0158,0.0296,2.7405,0.9862,0.3599,0.9686,0.9039,0.4838,0.41,0.0836,0.6692,0.4672,0.4848,0.4201,0.0738,0.3264,82.415,102.8448,6.3508,1.1795
151.467,4544,in_bed,0.6937,1.0156,0.0292,2.7404,0.9863,0.3599,0.9675,0.9044,0.483,0.4106,0.0836,0.6705,0.4682,0.4845,0.4214,0.0724,0.327,82.3945,102.7077,6.3969,1.1824
151.5,4545,in_bed,0.6933,1.0144,0.0276,2.7392,0.9868,0.3602,0.966,0.9042,0.4825,0.411,0.0835,0.6719,0.4701,0.4835,0.4216,0.0715,0.3275,82.6095,102.7075,6.3547,1.184
151.533,4546,in_bed,0.6949,1.0135,0.0268,2.7357,0.9867,0.3607,0.9655,0.9052,0.4845,0.4136,0.0835,0.6753,0.4725,0.481,0.4207,0.0709,0.3301,82.9668,102.7931,6.2125,1.1832
151.567,4547,in_bed,0.695,1.011,0.0252,2.7271,0.9858,0.3615,0.9636,0.9044,0.4857,0.4156,0.0834,0.6787,0.4767,0.4779,0.4187,0.0702,0.3322,83.3033,102.7426,6.3245,1.1813
151.6,4548,in_bed,0.6944,1.0083,0.0238,2.7178,0.9844,0.3622,0.9611,0.9029,0.486,0.4171,0.0833,0.6813,0.4789,0.475,0.4168,0.0689,0.3338,83.5888,102.5536,6.4854,1.1761
151.633,4549,in_bed,0.694,1.0054,0.0232,2.7063,0.9821,0.3629,0.9587,0.9018,0.4861,0.419,0.0832,0.6839,0.4829,0.4726,0.4157,0.0671,0.3358,83.6108,102.2023,6.7098,1.1691
151.667,4550,in_bed,0.6915,1.0012,0.0203,2.6958,0.981,0.3639,0.9547,0.8992,0.4838,0.4185,0.0831,0.6842,0.4816,0.4709,0.4154,0.0653,0.3354,83.5543,101.8461,6.8488,1.1592
151.7,4551,in_bed,0.6898,0.9975,0.0187,2.6833,0.9788,0.3648,0.9507,0.8974,0.4822,0.4188,0.083,0.6859,0.4802,0.4686,0.4152,0.0633,0.3359,83.4757,101.4124,6.91,1.1504
151.733,4552,in_bed,0.6883,0.9936,0.0177,2.6691,0.9759,0.3656,0.9469,0.8962,0.4804,0.4196,0.0829,0.6891,0.4787,0.4665,0.4158,0.0608,0.3367,83.1325,100.9216,6.9415,1.1398
151.767,4553,in_bed,0.6865,0.9887,0.0159,2.6522,0.9729,0.3668,0.9425,0.8944,0.4786,0.4195,0.0828,0.6915,0.477,0.464,0.4158,0.0591,0.3367,83.0424,100.5736,6.9323,1.1295
151.8,4554,in_bed,0.6863,0.9856,0.0154,2.6387,0.9702,0.3677,0.9395,0.8947,0.4779,0.4204,0.0828,0.6994,0.4816,0.4616,0.4169,0.0575,0.3376,83.0406,100.2699,6.9367,1.1221
151.833,4555,in_bed,0.6856,0.9811,0.015,2.6198,0.9661,0.3688,0.9359,0.8942,0.477,0.4229,0.0828,0.7076,0.4895,0.4589,0.4171,0.0542,0.3401,82.627,99.5903,6.953,1.1136
151.867,4556,in_bed,0.6843,0.9757,0.0147,2.5981,0.961,0.3699,0.9317,0.8933,0.4753,0.4221,0.0828,0.7146,0.4959,0.4563,0.4179,0.0532,0.3394,82.8549,99.533,6.9082,1.1079
151.9,4557,in_bed,0.6828,0.9703,0.0141,2.5776,0.9562,0.371,0.9272,0.892,0.4736,0.4206,0.0828,0.7216,0.5018,0.4536,0.4184,0.053,0.3378,83.0597,99.7071,6.7864,1.1036
151.933,4558,in_bed,0.6801,0.9638,0.0131,2.5539,0.9506,0.3722,0.9221,0.8898,0.4704,0.4183,0.0827,0.7254,0.5057,0.4518,0.4194,0.052,0.3356,82.9473,99.6487,6.7285,1.0972
151.967,4559,in_bed,0.6764,0.9579,0.0111,2.5366,0.9468,0.3732,0.9164,0.8867,0.4661,0.4148,0.0826,0.7274,0.5077,0.4503,0.4206,0.0513,0.3321,82.6704,99.5219,6.8991,1.0927
152.0,4560,in_bed,0.6744,0.9546,0.0082,2.5322,0.9464,0.3737,0.9113,0.8863,0.4626,0.4099,0.0826,0.7317,0.5093,0.4487,0.4237,0.0526,0.3274,82.888,99.8766,6.8528,1.0928
152.033,4561,in_bed,0.6724,0.9508,0.0085,2.5182,0.9423,0.3742,0.9066,0.8841,0.4608,0.4073,0.0826,0.732,0.5074,0.4458,0.4233,0.0534,0.3247,83.0496,100.05,6.908,1.0899
152.067,4562,in_bed,0.6721,0.9491,0.0094,2.5095,0.9397,0.3744,0.904,0.8835,0.4608,0.4063,0.0827,0.7323,0.5066,0.4432,0.4227,0.0545,0.3236,83.1159,100.1019,7.1089,1.0904
152.1,4563,in_bed,0.6699,0.9466,0.0083,2.5038,0.9383,0.3748,0.9002,0.8813,0.4584,0.4044,0.0826,0.732,0.5076,0.4418,0.4228,0.054,0.3218,82.6234,99.8057,7.3627,1.0905
152.133,4564,in_bed,0.6702,0.9468,0.0093,2.503,0.9375,0.3745,0.899,0.8813,0.4591,0.4043,0.0826,0.7334,0.509,0.4399,0.4223,0.0548,0.3216,82.6333,99.8538,7.591,1.0934
152.167,4565,in_bed,0.6707,0.9469,0.0101,2.5018,0.9368,0.3744,0.8983,0.8817,0.4597,0.404,0.0827,0.7358,0.5132,0.4386,0.422,0.0557,0.3213,82.7406,99.988,7.7458,1.0956
152.2,4566,in_bed,0.6704,0.9474,0.0109,2.5032,0.9365,0.3741,0.8973,0.8818,0.459,0.4032,0.0828,0.7359,0.516,0.4383,0.4229,0.0558,0.3204,82.6927,100.0733,7.8229,1.0974
152.233,4567,in_bed,0.6691,0.9465,0.01,2.5028,0.9365,0.3742,0.8956,0.8808,0.4575,0.4017,0.0827,0.7356,0.5146,0.4381,0.4232,0.0558,0.319,82.7712,100.1065,7.9606,1.0995
152.267,4568,in_bed,0.669,0.9466,0.0095,2.5043,0.9371,0.3742,0.895,0.8808,0.4572,0.4019,0.0827,0.735,0.5144,0.4378,0.4235,0.0554,0.3192,82.7676,100.039,8.0518,1.1006
152.3,4569,in_bed,0.6699,0.9474,0.0101,2.5052,0.9373,0.3741,0.8954,0.8817,0.4581,0.4034,0.0827,0.7365,0.5167,0.4373,0.4237,0.0546,0.3207,82.6988,99.9481,8.21,1.1021
152.333,4570,in_bed,0.6694,0.947,0.0092,2.5056,0.9377,0.3743,0.8944,0.8811,0.4576,0.4038,0.0826,0.7358,0.5147,0.4368,0.4235,0.0538,0.3212,82.5229,99.8495,8.3956,1.1014
152.367,4571,in_bed,0.669,0.9466,0.0083,2.506,0.9383,0.3744,0.8938,0.8806,0.4574,0.4046,0.0826,0.7339,0.513,0.4364,0.4232,0.0528,0.3221,82.4421,99.6498,8.5679,1.1025
152.4,4572,in_bed,0.669,0.9475,0.0075,2.5122,0.9399,0.3741,0.8941,0.8812,0.4567,0.4038,0.0826,0.7324,0.5143,0.4374,0.4246,0.0529,0.3212,82.4581,99.7126,8.6689,1.1052
152.433,4573,in_bed,0.667,0.9476,0.0071,2.5152,0.9405,0.3739,0.8936,0.8796,0.4544,0.402,0.0826,0.728,0.5126,0.4392,0.4252,0.0523,0.3195,82.0796,99.654,8.8024,1.1059
152.467,4574,in_bed,0.6664,0.9485,0.0059,2.5223,0.9427,0.3737,0.894,0.8796,0.4531,0.4012,0.0826,0.7255,0.5146,0.4409,0.4265,0.0519,0.3186,82.0218,99.6603,8.8919,1.1083
152.5,4575,in_bed,0.665,0.9483,0.0064,2.5206,0.9419,0.3737,0.8937,0.8781,0.4519,0.4017,0.0826,0.7222,0.5133,0.4418,0.4262,0.0502,0.3191,81.745,99.2809,8.9637,1.1073
152.533,4576,in_bed,0.6641,0.9478,0.0062,2.519,0.9415,0.3738,0.8929,0.877,0.4511,0.4019,0.0825,0.7232,0.5159,0.4418,0.4259,0.0492,0.3194,81.4702,99.0117,9.1083,1.1055
152.567,4577,in_bed,0.6624,0.9467,0.0055,2.517,0.9413,0.374,0.8914,0.8754,0.4494,0.4033,0.0824,0.7199,0.5134,0.442,0.426,0.0461,0.3209,80.6426,98.3324,9.1806,1.101
152.6,4578,in_bed,0.6614,0.9455,0.0049,2.5133,0.9406,0.3743,0.8895,0.8744,0.4483,0.4047,0.0824,0.7185,0.5115,0.4412,0.4261,0.0436,0.3223,80.1623,97.9125,9.1691,1.0973
152.633,4579,in_bed,0.6599,0.943,0.0042,2.5049,0.9387,0.3748,0.8864,0.8732,0.4467,0.4041,0.0823,0.7187,0.5085,0.4396,0.4265,0.0426,0.3218,79.9101,97.7835,9.12,1.0926
152.667,4580,in_bed,0.6593,0.9413,0.0047,2.4973,0.9366,0.375,0.8839,0.8726,0.4459,0.4039,0.0824,0.7184,0.5055,0.438,0.4267,0.042,0.3215,79.6511,97.7235,9.0977,1.088
152.7,4581,in_bed,0.6578,0.939,0.0045,2.4893,0.9345,0.3754,0.8805,0.8711,0.4445,0.4039,0.0824,0.7172,0.5024,0.4361,0.4267,0.0406,0.3215,79.4098,97.47,9.1454,1.0859
152.733,4582,in_bed,0.6564,0.936,0.0049,2.4777,0.9311,0.3758,0.8766,0.8695,0.4433,0.403,0.0824,0.7164,0.4988,0.4333,0.4262,0.0404,0.3206,79.2951,97.3915,9.2833,1.0842
152.767,4583,in_bed,0.6558,0.9342,0.0049,2.4714,0.9293,0.376,0.8739,0.8694,0.4422,0.401,0.0825,0.7165,0.4957,0.4317,0.4272,0.0413,0.3185,79.4641,97.5356,9.5154,1.0864
152.8,4584,in_bed,0.6531,0.9296,0.0022,2.4607,0.9274,0.3769,0.8693,0.8668,0.4393,0.3997,0.0824,0.7124,0.4947,0.43,0.4275,0.0396,0.3173,79.2573,97.1473,9.6846,1.0896
152.833,4585,in_bed,0.6516,0.9267,0.0013,2.4516,0.9254,0.3775,0.8662,0.8649,0.4382,0.4003,0.0825,0.7083,0.4945,0.428,0.4267,0.0379,0.3179,79.0402,96.6865,9.8889,1.0971
152.867,4586,in_bed,0.6512,0.9242,0.0023,2.4393,0.9219,0.3779,0.8632,0.8636,0.4387,0.4023,0.0826,0.7041,0.4959,0.4245,0.4248,0.0364,0.3197,78.6861,96.1938,10.1759,1.1032
152.9,4587,in_bed,0.6492,0.9206,0.0025,2.4253,0.9182,0.3786,0.8585,0.8606,0.4378,0.4035,0.0826,0.6987,0.5021,0.4207,0.4228,0.0343,0.3209,78.023,95.5773,10.5925,1.1069
152.933,4588,in_bed,0.6463,0.9153,0.0023,2.4052,0.9129,0.3796,0.8518,0.8573,0.4352,0.4059,0.0827,0.6904,0.5075,0.4165,0.4221,0.0293,0.3233,76.8289,94.4215,10.928,1.1121
152.967,4589,in_bed,0.6435,0.9102,0.0017,2.3859,0.9086,0.3808,0.8444,0.8538,0.4333,0.412,0.0826,0.6773,0.5169,0.4112,0.4205,0.0213,0.3294,75.2262,92.6303,11.35,1.1226
153.0,4590,in_bed,0.6415,0.9055,0.0031,2.3636,0.9024,0.3818,0.838,0.8504,0.4325,0.4178,0.0826,0.6656,0.5148,0.4055,0.418,0.0147,0.3352,73.9604,91.1468,11.5712,1.1311
153.033,4591,in_bed,0.6426,0.9032,0.0042,2.3494,0.899,0.3827,0.8341,0.8496,0.4355,0.4242,0.0827,0.6588,0.5273,0.3986,0.4141,0.0113,0.3415,73.5994,90.3344,11.6874,1.1314
153.067,4592,in_bed,0.6417,0.9003,0.0037,2.3377,0.8966,0.3835,0.8305,0.8466,0.4368,0.429,0.0827,0.6531,0.5369,0.3937,0.4098,0.0078,0.3463,73.0287,89.3903,11.9521,1.1315
153.1,4593,in_bed,0.6454,0.9021,0.0087,2.3295,0.8934,0.3835,0.834,0.8469,0.4438,0.4385,0.0829,0.6494,0.5439,0.3902,0.4032,0.0053,0.3556,72.3148,88.353,12.7856,1.132
153.133,4594,in_bed,0.6474,0.9035,0.0107,2.3267,0.8928,0.3837,0.8364,0.8464,0.4483,0.4461,0.0829,0.6435,0.5465,0.388,0.398,0.0023,0.3632,71.3825,87.2847,13.5913,1.1352
153.167,4595,in_bed,0.6509,0.9071,0.0148,2.3276,0.8922,0.3833,0.8411,0.8478,0.454,0.4546,0.0829,0.6428,0.5455,0.3871,0.3937,-0.0005,0.3716,70.3469,86.1187,14.3766,1.1413
153.2,4596,in_bed,0.6565,0.913,0.0209,2.334,0.8921,0.3822,0.8479,0.8517,0.4612,0.4656,0.0831,0.6436,0.5525,0.3866,0.3905,-0.0043,0.3824,69.4732,84.8353,15.0193,1.1526
153.233,4597,in_bed,0.6609,0.9186,0.0237,2.3459,0.8949,0.3815,0.8544,0.8552,0.4665,0.4754,0.0832,0.6414,0.5484,0.3879,0.3887,-0.0089,0.3923,68.5637,83.2595,15.5152,1.1729
153.267,4598,in_bed,0.6654,0.9241,0.0246,2.362,0.8995,0.3808,0.8595,0.8593,0.4715,0.4853,0.0831,0.6434,0.5408,0.388,0.3877,-0.0137,0.4021,67.336,81.6139,15.9331,1.1958
153.3,4599,in_bed,0.6654,0.9271,0.025,2.3727,0.9021,0.3802,0.8623,0.8603,0.4706,0.493,0.0829,0.6419,0.5269,0.3917,0.3897,-0.0224,0.4101,64.8349,78.8665,16.0981,1.2237
153.333,4600,in_bed,0.6641,0.9297,0.0241,2.3847,0.9057,0.3798,0.8652,0.8607,0.4676,0.5008,0.0827,0.6411,0.5138,0.3976,0.3931,-0.0332,0.4182,61.7697,75.6033,16.0943,1.2509
153.367,4601,in_bed,0.6613,0.9325,0.0213,2.4029,0.9112,0.3792,0.8674,0.8596,0.4631,0.5047,0.0823,0.6379,0.5036,0.4044,0.3965,-0.0416,0.4224,59.1341,73.0211,15.8661,1.2797
153.4,4602,in_bed,0.6613,0.9372,0.0188,2.4274,0.9184,0.3784,0.8721,0.8605,0.4621,0.5109,0.0819,0.6367,0.4876,0.4101,0.3984,-0.0488,0.429,56.3501,70.2865,15.9095,1.3163
153.433,4603,in_bed,0.66,0.9417,0.0174,2.451,0.9243,0.3771,0.8776,0.8597,0.4603,0.5126,0.0815,0.6341,0.466,0.4173,0.3994,-0.0522,0.431,53.9368,68.3371,15.8305,1.3445
153.467,4604,in_bed,0.6585,0.9477,0.0162,2.4792,0.9315,0.3757,0.8849,0.8598,0.4571,0.5162,0.0812,0.6293,0.4478,0.4278,0.4027,-0.0591,0.435,50.3301,64.975,15.672,1.3832
153.5,4605,in_bed,0.657,0.9548,0.0164,2.509,0.9384,0.374,0.8938,0.8607,0.4533,0.5193,0.0809,0.6257,0.4436,0.4405,0.4074,-0.0661,0.4384,46.62,61.2574,15.2866,1.4319
153.533,4606,in_bed,0.6538,0.9621,0.0159,2.5395,0.9462,0.3726,0.9032,0.8623,0.4453,0.5234,0.0807,0.6254,0.4566,0.4579,0.417,-0.0781,0.4427,42.7128,57.6757,14.3218,1.4671
153.567,4607,in_bed,0.6515,0.9699,0.0183,2.5654,0.9516,0.3709,0.9128,0.8646,0.4385,0.526,0.0806,0.6231,0.4615,0.4743,0.4261,-0.0875,0.4454,39.3386,54.7656,13.3679,1.4758
153.6,4608,in_bed,0.6487,0.975,0.021,2.5822,0.9541,0.3695,0.9187,0.8656,0.4317,0.5287,0.0806,0.6212,0.4575,0.487,0.434,-0.0971,0.4481,35.9791,51.9249,12.6806,1.4587
153.633,4609,in_bed,0.6464,0.9817,0.0243,2.6021,0.9574,0.3679,0.9254,0.8675,0.4252,0.5306,0.0806,0.619,0.4567,0.5002,0.4423,-0.1054,0.45,32.61,49.1922,11.7645,1.4339
153.667,4610,in_bed,0.6467,0.9881,0.0278,2.6192,0.9603,0.3666,0.932,0.8705,0.4228,0.5295,0.0807,0.623,0.463,0.5092,0.4477,-0.1067,0.4489,30.3172,47.4565,11.1989,1.4009
153.7,4611,in_bed,0.6411,0.9917,0.029,2.6304,0.9627,0.366,0.9358,0.8712,0.411,0.5241,0.0806,0.6253,0.4654,0.5248,0.4602,-0.1131,0.4436,26.8438,44.222,10.7166,1.3703
153.733,4612,in_bed,0.6395,0.9955,0.0313,2.6386,0.9642,0.3654,0.9401,0.8735,0.4054,0.5222,0.0806,0.6317,0.4686,0.5347,0.4681,-0.1168,0.4416,25.1351,42.7754,10.2223,1.3409
153.767,4613,in_bed,0.6371,0.9981,0.032,2.6462,0.9662,0.3651,0.943,0.8748,0.3993,0.5148,0.0807,0.6392,0.4768,0.5437,0.4755,-0.1155,0.4342,24.3692,42.4828,9.7953,1.3016
153.8,4614,in_bed,0.6349,0.9986,0.0343,2.642,0.9643,0.365,0.9437,0.8741,0.3957,0.5057,0.0808,0.6456,0.4867,0.5481,0.4785,-0.1101,0.425,24.2187,42.9429,9.5619,1.2667
153.833,4615,in_bed,0.6303,0.9983,0.0343,2.6397,0.964,0.3652,0.9436,0.8721,0.3885,0.4914,0.0807,0.6485,0.4906,0.5552,0.4836,-0.1029,0.4107,23.0562,41.9254,9.4076,1.2436
153.867,4616,in_bed,0.6242,0.9961,0.0352,2.6289,0.9609,0.3655,0.9422,0.8682,0.3803,0.479,0.0807,0.6511,0.4925,0.5618,0.4878,-0.0987,0.3983,22.1554,41.5165,9.3299,1.222
153.9,4617,in_bed,0.6198,0.9936,0.0354,2.6167,0.9582,0.3662,0.9405,0.8649,0.3747,0.4741,0.0807,0.6547,0.4967,0.5657,0.4901,-0.0994,0.3934,21.5286,41.3462,9.247,1.2029
153.933,4618,in_bed,0.6193,0.9899,0.0362,2.5976,0.9537,0.3671,0.9381,0.8633,0.3753,0.4693,0.0808,0.659,0.501,0.5628,0.488,-0.094,0.3885,20.814,40.8616,9.1217,1.1817
153.967,4619,in_bed,0.6141,0.9838,0.0345,2.5738,0.9493,0.3688,0.9328,0.8594,0.3688,0.4435,0.0807,0.6615,0.5015,0.5639,0.4906,-0.0747,0.3629,19.0451,40.9054,9.0632,1.1653
154.0,4620,in_bed,0.613,0.9761,0.0356,2.538,0.9404,0.3705,0.9264,0.8575,0.3685,0.4355,0.0806,0.664,0.5026,0.5579,0.489,-0.067,0.3549,18.8639,41.5676,8.8334,1.1446
154.033,4621,in_bed,0.6101,0.9653,0.0355,2.4939,0.9298,0.3728,0.9173,0.8545,0.3656,0.4363,0.0806,0.6668,0.5028,0.5517,0.4889,-0.0707,0.3557,18.471,41.98,8.6708,1.1242
154.067,4622,in_bed,0.6051,0.9528,0.0373,2.4403,0.9155,0.3752,0.9066,0.8509,0.3594,0.4368,0.0806,0.6684,0.5022,0.5473,0.4915,-0.0774,0.3562,18.2671,41.5662,8.5233,1.1023
154.1,4623,in_bed,0.6012,0.9391,0.0402,2.3821,0.8989,0.3773,0.8952,0.8458,0.3565,0.4365,0.0806,0.6685,0.4992,0.5386,0.4893,-0.0799,0.3558,18.1607,41.7863,8.2306,1.0778
154.133,4624,in_bed,0.5958,0.9247,0.0423,2.3248,0.8825,0.3796,0.883,0.84,0.3517,0.4351,0.0806,0.6665,0.495,0.5313,0.4883,-0.0834,0.3545,17.8088,41.9008,8.0995,1.0533
154.167,4625,in_bed,0.5873,0.9077,0.0417,2.2662,0.866,0.3821,0.868,0.8317,0.3428,0.4316,0.0806,0.6614,0.4877,0.5252,0.4889,-0.0888,0.351,17.0343,42.534,8.0631,1.0283
154.2,4626,in_bed,0.5769,0.8907,0.0417,2.2073,0.849,0.3846,0.8518,0.8224,0.3314,0.4265,0.0807,0.6566,0.4783,0.5205,0.491,-0.0951,0.3458,16.1634,42.8429,8.3113,1.0017
154.233,4627,in_bed,0.5689,0.8795,0.0426,2.1696,0.8368,0.3857,0.8396,0.8146,0.3231,0.4272,0.081,0.6522,0.4714,0.5166,0.4916,-0.1041,0.3462,16.098,42.4825,8.6548,0.9805
154.267,4628,in_bed,0.5619,0.8701,0.0406,2.1425,0.8295,0.3872,0.8294,0.8082,0.3157,0.4311,0.0814,0.6464,0.4658,0.5138,0.4925,-0.1155,0.3497,16.8355,41.3191,9.1398,0.9701
154.3,4629,in_bed,0.5556,0.8626,0.0383,2.1227,0.8243,0.3883,0.8221,0.8028,0.3083,0.4342,0.0822,0.6429,0.4615,0.5138,0.4945,-0.1259,0.3521,18.026,40.5589,9.47,0.9603
154.333,4630,in_bed,0.5599,0.8635,0.0328,2.1408,0.8306,0.388,0.8239,0.806,0.3138,0.443,0.0831,0.646,0.4667,0.5101,0.4922,-0.1292,0.3599,21.1938,39.6266,9.7589,0.971
154.367,4631,in_bed,0.5668,0.8683,0.022,2.1881,0.8463,0.3868,0.8286,0.812,0.3215,0.4544,0.0844,0.6516,0.4749,0.507,0.4905,-0.1329,0.37,26.6292,38.7366,9.8817,1.0002
154.4,4632,in_bed,0.5686,0.8737,0.0095,2.2377,0.8642,0.3862,0.8324,0.8149,0.3222,0.4638,0.0857,0.6532,0.4801,0.5101,0.4926,-0.1416,0.3781,32.2893,37.7009,9.8226,1.0282
154.433,4633,in_bed,0.5729,0.8798,-0.0036,2.2844,0.8833,0.3867,0.838,0.8195,0.3264,0.4736,0.0862,0.6572,0.4867,0.5117,0.4931,-0.1472,0.3873,36.382,37.0289,9.8512,1.055
154.467,4634,in_bed,0.5872,0.8921,-0.0267,2.3602,0.9188,0.3893,0.8505,0.8318,0.3425,0.4889,0.0857,0.6695,0.5012,0.508,0.4893,-0.1464,0.4033,40.4324,36.9264,9.8091,1.1015
154.5,4635,in_bed,0.5966,0.9027,-0.0506,2.4348,0.9533,0.3915,0.862,0.8416,0.3516,0.4995,0.0851,0.6811,0.5135,0.5104,0.49,-0.1479,0.4145,44.2498,36.6701,9.5962,1.1476
154.533,4636,in_bed,0.6077,0.9157,-0.0778,2.5166,0.9934,0.3948,0.8756,0.8538,0.3615,0.5107,0.0834,0.6987,0.5301,0.514,0.4923,-0.1492,0.4273,46.8624,36.5112,9.3325,1.1997
154.567,4637,in_bed,0.6236,0.9299,-0.1043,2.5957,1.0341,0.3984,0.8905,0.8687,0.3784,0.5243,0.0812,0.7151,0.5484,0.5121,0.4902,-0.1459,0.4431,49.2741,36.8463,9.4181,1.2543
154.6,4638,in_bed,0.6378,0.9424,-0.1271,2.6625,1.0694,0.4017,0.9041,0.8823,0.3933,0.533,0.079,0.7337,0.5652,0.5108,0.4889,-0.1397,0.454,51.7218,37.7498,9.3806,1.2713
154.633,4639,in_bed,0.6511,0.9537,-0.1526,2.7273,1.1063,0.4056,0.916,0.8945,0.4078,0.5359,0.0758,0.7542,0.5812,0.5083,0.4868,-0.1281,0.4601,54.0757,39.2741,9.464,1.2999
154.667,4640,in_bed,0.6631,0.9633,-0.1747,2.7813,1.138,0.4092,0.9269,0.9052,0.4211,0.5371,0.0728,0.7717,0.5956,0.5058,0.4842,-0.116,0.4643,56.1557,40.6884,9.6788,1.3238
154.7,4641,in_bed,0.6722,0.9735,-0.194,2.8326,1.1675,0.4122,0.9372,0.9148,0.4296,0.5383,0.0699,0.79,0.6089,0.5077,0.4852,-0.1088,0.4684,57.5148,41.5852,9.7826,1.3512
154.733,4642,in_bed,0.6849,0.9831,-0.2093,2.8719,1.1924,0.4152,0.9469,0.9259,0.4438,0.5359,0.0673,0.8068,0.6229,0.503,0.4821,-0.0921,0.4686,59.4174,43.2129,10.1811,1.3841
154.767,4643,in_bed,0.6928,0.9888,-0.2211,2.896,1.21,0.4178,0.9525,0.9332,0.4524,0.533,0.0652,0.8189,0.6325,0.5001,0.4808,-0.0806,0.4679,60.6877,43.959,10.6577,1.4103
154.8,4644,in_bed,0.7027,0.9992,-0.2312,2.9281,1.2304,0.4202,0.9623,0.9438,0.4617,0.5461,0.0631,0.8347,0.6465,0.5007,0.4822,-0.0844,0.483,60.1354,44.0843,11.0122,1.4461
154.833,4645,in_bed,0.7088,1.0047,-0.2374,2.9442,1.2421,0.4219,0.9674,0.9504,0.4671,0.5562,0.0617,0.8468,0.6546,0.5004,0.4834,-0.0892,0.4945,59.6256,44.2951,11.4825,1.47
154.867,4646,in_bed,0.7118,1.0067,-0.2379,2.9467,1.2446,0.4224,0.9691,0.9535,0.4701,0.564,0.0615,0.8522,0.6589,0.4991,0.4835,-0.0939,0.5025,59.3305,44.6317,11.9439,1.4811
154.9,4647,in_bed,0.7096,1.0054,-0.2417,2.949,1.2471,0.4229,0.9666,0.9522,0.467,0.5654,0.0607,0.8511,0.6572,0.4996,0.4852,-0.0984,0.5047,59.1605,44.8697,12.2654,1.4826
154.933,4648,in_bed,0.7109,1.0069,-0.2456,2.9575,1.2526,0.4235,0.967,0.9537,0.468,0.5674,0.0599,0.854,0.6587,0.499,0.4856,-0.0994,0.5075,59.1005,44.9761,12.6472,1.4904
154.967,4649,in_bed,0.7073,1.0046,-0.2544,2.9654,1.259,0.4246,0.9638,0.951,0.4635,0.5571,0.0585,0.8518,0.655,0.5003,0.4875,-0.0936,0.4986,59.808,45.4015,12.7507,1.4898
155.0,4650,in_bed,0.7056,1.0041,-0.2615,2.9756,1.2657,0.4253,0.9626,0.9501,0.461,0.5385,0.0574,0.8527,0.6554,0.5016,0.4891,-0.0775,0.481,61.1622,45.8087,12.7453,1.4914
155.033,4651,in_bed,0.71,1.0088,-0.2594,2.9862,1.2682,0.4247,0.9673,0.9546,0.4654,0.4946,0.0586,0.8599,0.6618,0.5019,0.4892,-0.0292,0.436,64.7881,46.5192,12.7564,1.4949
155.067,4652,in_bed,0.7112,1.0105,-0.2622,2.9959,1.2727,0.4248,0.969,0.956,0.4664,0.4746,0.0584,0.862,0.6638,0.5026,0.4896,-0.0082,0.4162,67.1104,46.2928,12.775,1.5008
155.1,4653,in_bed,0.7097,1.0095,-0.2687,3.0023,1.2782,0.4257,0.9681,0.955,0.4644,0.4782,0.0569,0.8603,0.6629,0.5037,0.4906,-0.0138,0.4213,66.8466,46.8015,12.6821,1.5049
155.133,4654,in_bed,0.714,1.0128,-0.2654,3.0059,1.2783,0.4253,0.9719,0.9588,0.4692,0.461,0.0576,0.8656,0.6669,0.5027,0.4896,0.0082,0.4033,68.3839,46.3749,12.6365,1.5096
155.167,4655,in_bed,0.712,1.0104,-0.2729,3.0088,1.2832,0.4265,0.9698,0.9573,0.4666,0.4626,0.056,0.8646,0.6647,0.5032,0.4906,0.0041,0.4066,67.7678,46.025,12.6998,1.514
155.2,4656,in_bed,0.7112,1.0063,-0.2772,3.0013,1.2835,0.4276,0.9672,0.9558,0.4666,0.4761,0.0545,0.8617,0.6608,0.5006,0.4892,-0.0095,0.4216,66.1665,46.7932,12.7157,1.5131
155.233,4657,in_bed,0.7117,1.0055,-0.2799,2.9998,1.2854,0.4285,0.9661,0.9561,0.4672,0.4718,0.0518,0.8598,0.6589,0.4989,0.4889,-0.0045,0.4199,58.8575,48.491,12.7777,1.5119
155.267,4658,in_bed,0.7125,1.005,-0.2825,3.0015,1.2875,0.4289,0.9658,0.9562,0.4687,0.4698,0.0511,0.8586,0.6574,0.4971,0.4875,-0.0011,0.4187,58.4684,49.7649,13.0086,1.5171
155.3,4659,in_bed,0.7106,1.0012,-0.2897,3.0009,1.2909,0.4302,0.962,0.953,0.4681,0.4992,0.0492,0.8538,0.6533,0.4939,0.4849,-0.0311,0.45,58.3176,47.5359,13.2038,1.5198
155.333,4660,in_bed,0.7096,1.0002,-0.2935,3.0041,1.2937,0.4306,0.9601,0.9509,0.4683,0.5103,0.0477,0.8502,0.6508,0.4918,0.4826,-0.042,0.4626,60.0961,47.341,13.5246,1.5199
155.367,4661,in_bed,0.7123,1.0006,-0.2932,3.0053,1.2938,0.4305,0.9605,0.9507,0.474,0.5034,0.0474,0.8483,0.651,0.4864,0.4766,-0.0293,0.456,62.3981,49.3412,13.8276,1.5199
155.4,4662,in_bed,0.6934,0.9861,-0.3234,3.013,1.3095,0.4346,0.9444,0.9333,0.4535,0.4743,0.0403,0.8299,0.6305,0.4909,0.4799,-0.0209,0.434,64.4096,51.353,13.7932,1.5201
155.433,4663,in_bed,0.6955,0.9874,-0.3222,3.0138,1.3095,0.4345,0.9449,0.9334,0.4577,0.4737,0.0395,0.8291,0.631,0.4873,0.4758,-0.016,0.4341,68.7192,53.2348,13.8465,1.5205
155.467,4664,in_bed,0.6953,0.9865,-0.3234,3.0139,1.3099,0.4346,0.9433,0.931,0.4595,0.4679,0.0387,0.8268,0.6292,0.4837,0.4715,-0.0083,0.4292,71.5947,55.591,13.6498,1.5197
155.5,4665,in_bed,0.6999,0.9897,-0.319,3.0146,1.3087,0.4341,0.946,0.9332,0.4667,0.4719,0.0383,0.8299,0.6328,0.4794,0.4666,-0.0052,0.4336,76.6899,56.7481,13.3566,1.5214
155.533,4666,in_bed,0.7018,0.9915,-0.317,3.015,1.3086,0.434,0.9472,0.9329,0.4707,0.472,0.0372,0.8304,0.6339,0.4765,0.4623,-0.0013,0.4348,83.0468,57.9723,13.148,1.5179
155.567,4667,in_bed,0.6995,0.9944,-0.317,3.0226,1.3114,0.4339,0.9483,0.9304,0.4686,0.4627,0.0355,0.8289,0.6352,0.4797,0.4618,0.006,0.4271,91.8347,62.026,12.7286,1.5187
155.6,4668,in_bed,0.7105,1.0094,-0.2989,3.0401,1.3082,0.4303,0.9609,0.9387,0.4822,0.4443,0.0384,0.8386,0.6485,0.4787,0.4565,0.038,0.4059,105.7491,73.016,12.3317,1.5232
155.633,4669,in_bed,0.7446,1.0424,-0.2432,3.0524,1.2856,0.4212,0.9928,0.9677,0.5214,0.4388,0.049,0.872,0.6852,0.4714,0.4463,0.0826,0.3898,120.303,89.3752,11.7416,1.525
155.667,4670,in_bed,0.7607,1.059,-0.217,3.0614,1.2759,0.4168,1.0083,0.9807,0.5408,0.4394,0.0531,0.8897,0.7034,0.4676,0.44,0.1013,0.3863,124.5415,94.4348,11.1695,1.5261
155.7,4671,in_bed,0.8066,1.0993,-0.1475,3.0705,1.2468,0.4061,1.0482,1.0203,0.5929,0.4601,0.0634,0.9354,0.751,0.4553,0.4274,0.1328,0.3966,128.7625,100.9301,10.5727,1.5261
155.733,4672,in_bed,0.8511,1.1373,-0.0744,3.0667,1.2117,0.3951,1.0866,1.0605,0.6417,0.4924,0.0719,0.9794,0.7968,0.445,0.4189,0.1493,0.4204,129.2591,103.9621,9.651,1.5129
155.767,4673,in_bed,0.8575,1.1463,-0.0689,3.0833,1.2152,0.3941,1.0937,1.0671,0.6479,0.4845,0.072,0.9889,0.8035,0.4458,0.4192,0.1634,0.4125,134.2717,105.9293,9.0092,1.5106
155.8,4674,in_bed,0.8653,1.1555,-0.0575,3.0947,1.213,0.3919,1.1017,1.0749,0.6557,0.4795,0.073,0.9978,0.8106,0.446,0.4192,0.1762,0.4065,136.8831,108.2348,8.2181,1.5047
155.833,4675,in_bed,0.8841,1.1739,-0.0236,3.098,1.1975,0.3865,1.1199,1.0928,0.6753,0.4902,0.0759,1.0159,0.8275,0.4446,0.4175,0.1851,0.4143,137.6623,110.3729,7.1721,1.4894
155.867,4676,in_bed,0.8913,1.1812,-0.0025,3.0904,1.1837,0.383,1.1274,1.1002,0.6824,0.4949,0.0774,1.0209,0.8276,0.445,0.4178,0.1875,0.4176,137.6645,111.6303,6.2793,1.4626
155.9,4677,in_bed,0.8909,1.1838,0.0099,3.0859,1.1739,0.3804,1.13,1.1007,0.681,0.4935,0.0781,1.0141,0.8186,0.449,0.4197,0.1875,0.4154,137.1479,112.5548,5.4744,1.4777
155.933,4678,in_bed,0.8962,1.1911,0.0245,3.0892,1.1665,0.3776,1.1373,1.1052,0.6872,0.5062,0.0788,1.0103,0.8131,0.4501,0.418,0.1809,0.4274,136.3059,112.6948,4.9012,1.4767
155.967,4679,in_bed,0.8963,1.1927,0.0287,3.0916,1.164,0.3765,1.1348,1.1054,0.6872,0.5225,0.079,1.0013,0.802,0.4476,0.4182,0.1647,0.4435,133.9473,111.25,4.7041,1.4743
156.0,4680,in_bed,0.8987,1.1955,0.0355,3.0926,1.16,0.3751,1.1375,1.1072,0.6901,0.5337,0.0793,0.9938,0.7911,0.4473,0.4171,0.1564,0.4544,132.5489,110.626,4.3929,1.4644
156.033,4681,,0.9048,1.2011,0.0444,3.0967,1.1566,0.3735,1.144,1.1119,0.6977,0.547,0.0796,0.9911,0.787,0.4463,0.4143,0.1507,0.4674,131.6403,110.1088,4.304,1.4609
156.067,4682,,0.9105,1.2063,0.0547,3.0959,1.1516,0.372,1.1506,1.1153,0.7057,0.5573,0.0798,0.9859,0.7832,0.445,0.4097,0.1484,0.4775,131.1987,110.2017,4.1175,1.4631
156.1,4683,,0.9118,1.208,0.0589,3.0931,1.1491,0.3715,1.1535,1.1141,0.7096,0.5626,0.0799,0.974,0.7732,0.4438,0.4044,0.1471,0.4826,131.1927,110.5088,3.9089,1.4657
156.133,4684,,0.916,1.2117,0.0687,3.0845,1.143,0.3706,1.1591,1.1131,0.719,0.5674,0.0801,0.9706,0.7681,0.4401,0.3941,0.1515,0.4874,131.7392,111.6843,3.6168,1.469
156.167,4685,,0.9159,1.2135,0.0746,3.077,1.1389,0.3701,1.1626,1.1089,0.723,0.5634,0.0801,0.9645,0.7599,0.4396,0.3859,0.1596,0.4833,132.9622,113.7523,2.9836,1.4762
156.2,4686,,0.9183,1.2154,0.0786,3.0655,1.1369,0.3709,1.1666,1.106,0.7306,0.564,0.0802,0.9593,0.7546,0.436,0.3754,0.1666,0.4838,134.0401,115.294,2.7145,1.4826
156.233,4687,,0.9223,1.2177,0.0682,3.0668,1.1495,0.3748,1.1717,1.1056,0.7389,0.5648,0.0801,0.9553,0.7527,0.4328,0.3667,0.1741,0.4847,135.152,117.0437,2.2815,1.513
156.267,4688,,0.925,1.2186,0.0611,3.0678,1.1576,0.3773,1.1755,1.1053,0.7447,0.5644,0.08,0.951,0.7505,0.4308,0.3606,0.1802,0.4844,135.8063,118.9353,1.5451,1.5457
156.3,4689,,0.9254,1.2161,0.058,3.0517,1.1581,0.3795,1.1765,1.1034,0.7474,0.564,0.08,0.9465,0.7467,0.4291,0.356,0.1834,0.484,135.6432,120.2315,0.8129,1.5728
156.333,4690,,0.9221,1.2124,0.0563,3.0357,1.1561,0.3808,1.1746,1.0995,0.7447,0.5631,0.08,0.9383,0.7403,0.43,0.3549,0.1816,0.483,134.7973,120.2491,0.5317,1.5911
156.367,4691,,0.9185,1.2075,0.0565,3.0127,1.151,0.382,1.1719,1.0964,0.7406,0.5636,0.0801,0.9326,0.7348,0.4313,0.3558,0.177,0.4835,133.5895,120.0791,0.1399,1.6052
156.4,4692,,0.9154,1.2007,0.0583,2.9766,1.1425,0.3838,1.1688,1.0928,0.738,0.5634,0.0802,0.9281,0.731,0.4308,0.3548,0.1745,0.4832,132.5788,120.1218,0.2643,1.6099
156.433,4693,,0.9114,1.1946,0.0599,2.9449,1.1347,0.3853,1.1662,1.0883,0.7344,0.5645,0.0804,0.9226,0.7281,0.4318,0.3539,0.1699,0.4842,131.5443,119.981,0.6456,1.6084
156.467,4694,,0.9067,1.1892,0.0609,2.9176,1.1284,0.3867,1.1632,1.0837,0.7297,0.5663,0.0805,0.9179,0.7264,0.4336,0.354,0.1634,0.4858,130.4687,119.5543,0.9407,1.603
156.5,4695,,0.9045,1.1843,0.0603,2.8923,1.124,0.3886,1.1606,1.0815,0.7275,0.5684,0.0805,0.9126,0.7259,0.4332,0.3541,0.159,0.4879,129.2578,118.574,0.6845,1.6021
156.533,4696,,0.9013,1.1786,0.0597,2.8661,1.1189,0.3904,1.1572,1.0785,0.724,0.5687,0.0805,0.8986,0.7221,0.4331,0.3545,0.1553,0.4881,128.0096,117.5011,0.2296,1.602
156.567,4697,,0.8992,1.1746,0.0582,2.8473,1.1164,0.3921,1.1532,1.0759,0.7225,0.5704,0.0805,0.8904,0.7156,0.4307,0.3534,0.1521,0.4899,126.5318,115.788,0.669,1.6069
156.6,4698,,0.8947,1.1698,0.0579,2.8267,1.1119,0.3934,1.1469,1.0716,0.7179,0.5705,0.0806,0.8803,0.7044,0.429,0.3537,0.1474,0.4899,124.7297,114.2708,1.3001,1.6044
156.633,4699,,0.8897,1.1641,0.0568,2.8034,1.1072,0.3949,1.1417,1.0664,0.7131,0.5711,0.0806,0.8716,0.6907,0.4287,0.3534,0.142,0.4905,122.4547,111.6997,2.6755,1.6007
156.667,4700,,0.8835,1.1572,0.0538,2.7795,1.1034,0.397,1.1359,1.0589,0.7082,0.5721,0.0806,0.8623,0.6762,0.4277,0.3507,0.1361,0.4914,120.0935,109.6218,3.5833,1.6001
156.7,4701,,0.8785,1.1512,0.0493,2.7615,1.1019,0.399,1.1277,1.0535,0.7036,0.573,0.0806,0.8562,0.6647,0.4241,0.3499,0.1306,0.4924,118.1943,107.9265,4.2279,1.6021
156.733,4702,,0.8726,1.1436,0.0455,2.7359,1.0982,0.4014,1.1194,1.048,0.6972,0.5739,0.0805,0.8475,0.6528,0.4222,0.3508,0.1233,0.4933,116.2746,106.1431,4.8869,1.6001
156.767,4703,,0.8671,1.1384,0.0408,2.7227,1.0976,0.4031,1.1118,1.0413,0.6928,0.5732,0.0804,0.8411,0.643,0.419,0.3485,0.1196,0.4928,115.1455,104.6628,5.738,1.6059
156.8,4704,,0.8621,1.1321,0.0351,2.7079,1.097,0.4051,1.1047,1.036,0.6882,0.5722,0.0802,0.8349,0.6309,0.4165,0.3478,0.116,0.4919,114.3402,102.9364,6.9363,1.6164
156.833,4705,,0.858,1.1265,0.0307,2.6931,1.0958,0.4069,1.0975,1.0309,0.6851,0.5689,0.0801,0.8297,0.6223,0.4125,0.3458,0.1162,0.4888,114.0847,102.4817,7.6966,1.6383
156.867,4706,,0.8549,1.1204,0.0271,2.6734,1.0933,0.409,1.0904,1.0276,0.6821,0.5663,0.08,0.8279,0.6179,0.4083,0.3455,0.1159,0.4863,113.9794,102.9969,7.7192,1.6659
156.9,4707,,0.8532,1.1164,0.0238,2.6615,1.0926,0.4105,1.0843,1.0252,0.6812,0.5638,0.0799,0.8269,0.6154,0.4031,0.3441,0.1174,0.484,113.9164,102.4324,8.8164,1.6949
156.933,4708,,0.852,1.1133,0.0226,2.6505,1.0907,0.4115,1.0807,1.0231,0.6809,0.5602,0.0798,0.8262,0.6142,0.3998,0.3423,0.1207,0.4803,113.989,102.1212,9.863,1.6999
156.967,4709,,0.8512,1.1117,0.0209,2.646,1.0907,0.4122,1.0789,1.0214,0.6809,0.5559,0.0798,0.8237,0.6104,0.3979,0.3404,0.125,0.4761,113.6649,101.6522,10.9531,1.698
157.0,4710,sitting,0.8506,1.1106,0.0189,2.6447,1.0917,0.4128,1.0785,1.0204,0.6807,0.5535,0.0798,0.8202,0.6045,0.3978,0.3397,0.1272,0.4737,112.8576,101.1756,11.6729,1.6962
157.033,4711,sitting,0.8502,1.1118,0.018,2.6508,1.0937,0.4126,1.0802,1.02,0.6805,0.5509,0.0799,0.8183,0.4766,0.3998,0.3395,0.1296,0.471,111.861,101.5207,11.6636,1.6932
157.067,4712,sitting,0.8509,1.1144,0.0186,2.6602,1.0958,0.4119,1.0843,1.0208,0.681,0.5491,0.08,0.819,0.4769,0.4033,0.3399,0.1318,0.4691,110.8406,101.2247,12.0617,1.6752
157.1,4713,sitting,0.8516,1.1179,0.0189,2.6734,1.099,0.4111,1.0886,1.022,0.6811,0.5473,0.0801,0.8223,0.4783,0.4074,0.3408,0.1338,0.4672,109.8737,101.5786,11.9226,1.6584
157.133,4714,sitting,0.8511,1.1215,0.019,2.6871,1.1025,0.4103,1.0934,1.0222,0.68,0.5445,0.0801,0.8211,0.5936,0.4135,0.3422,0.1355,0.4644,108.3755,101.912,11.6243,1.6396
157.167,4715,sitting,0.8493,1.1238,0.0188,2.6968,1.105,0.4097,1.0984,1.0217,0.6768,0.5424,0.0801,0.8193,0.5904,0.4216,0.3449,0.1344,0.4623,106.0427,101.7361,11.2859,1.612
157.2,4716,sitting,0.8476,1.1267,0.0176,2.7092,1.1091,0.4094,1.1033,1.0216,0.6735,0.5417,0.0801,0.819,0.5898,0.4298,0.3481,0.1318,0.4616,103.3242,101.6143,10.6047,1.5813
157.233,4717,sitting,0.8469,1.1301,0.0166,2.7217,1.1135,0.4091,1.1083,1.0221,0.6717,0.541,0.0801,0.8211,0.4855,0.4367,0.3505,0.1306,0.4609,100.6155,101.817,9.7878,1.5459
157.267,4718,sitting,0.845,1.1335,0.0166,2.7337,1.1169,0.4086,1.113,1.0213,0.6687,0.5368,0.0802,0.8237,0.4866,0.4443,0.3526,0.1318,0.4566,98.4942,102.5305,8.8949,1.5178
157.3,4719,sitting,0.8432,1.136,0.0174,2.741,1.1186,0.4081,1.1174,1.0208,0.6655,0.5321,0.0803,0.8275,0.4879,0.4518,0.3552,0.1335,0.4517,96.2149,103.3132,7.9508,1.4898
157.333,4720,sitting,0.8413,1.1374,0.0175,2.7442,1.12,0.4081,1.1208,1.0208,0.6619,0.526,0.0804,0.8317,0.4897,0.459,0.3589,0.1358,0.4456,94.3658,104.475,6.8549,1.467
157.367,4721,sitting,0.8381,1.1377,0.0174,2.7441,1.1203,0.4083,1.1225,1.0196,0.6566,0.5181,0.0804,0.8352,0.4896,0.4659,0.3631,0.1385,0.4376,92.9838,106.109,5.4994,1.4439
157.4,4722,sitting,0.8349,1.1377,0.0172,2.7435,1.1205,0.4084,1.1233,1.019,0.6509,0.5114,0.0804,0.8387,0.4893,0.4725,0.3681,0.1395,0.431,91.1101,107.3105,4.2943,1.4236
157.433,4723,sitting,0.8314,1.1372,0.0169,2.7419,1.1203,0.4086,1.1233,1.0179,0.6449,0.5062,0.0805,0.8399,0.4889,0.4784,0.3729,0.1387,0.4258,89.3926,108.2552,3.1554,1.4101
157.467,4724,sitting,0.8279,1.1365,0.0156,2.7412,1.1209,0.4089,1.1224,1.0171,0.6387,0.5006,0.0804,0.8414,0.4881,0.4838,0.3785,0.138,0.4202,87.6757,109.2605,1.9952,1.401
157.5,4725,sitting,0.8242,1.1354,0.0144,2.7385,1.121,0.4094,1.1211,1.0168,0.6316,0.4963,0.0804,0.741,0.4869,0.4895,0.3852,0.1353,0.416,85.9447,110.0334,0.8773,1.3948
157.533,4726,sitting,0.8195,1.1334,0.0127,2.7326,1.1207,0.4101,1.1194,1.0147,0.6242,0.4914,0.0803,0.741,0.4856,0.4952,0.3905,0.1328,0.4111,84.4364,110.8029,0.18,1.3865
157.567,4727,sitting,0.8139,1.131,0.0109,2.7269,1.1201,0.4108,1.1185,1.012,0.6157,0.4871,0.0802,0.7415,0.484,0.5028,0.3963,0.1286,0.4069,82.9141,111.2461,1.1057,1.3778
157.6,4728,sitting,0.8083,1.1288,0.0108,2.7205,1.118,0.4109,1.1167,1.0091,0.6075,0.4842,0.0801,0.8456,0.4833,0.5092,0.4016,0.1234,0.4041,81.7953,111.2696,1.7455,1.3694
157.633,4729,sitting,0.8027,1.1263,0.011,2.7114,1.1153,0.4113,1.1145,1.0044,0.601,0.4811,0.0801,0.841,0.4831,0.5135,0.4034,0.12,0.401,81.4285,111.4854,2.3108,1.3633
157.667,4730,sitting,0.7962,1.1235,0.0104,2.7009,1.1131,0.4121,1.1117,0.9981,0.5942,0.4788,0.0801,0.8343,0.4825,0.5175,0.4039,0.1154,0.3987,80.8264,111.3797,2.7251,1.3591
157.7,4731,sitting,0.7898,1.1208,0.01,2.6899,1.1108,0.413,1.1085,0.9907,0.5889,0.4774,0.08,0.8262,0.5905,0.5195,0.4017,0.1116,0.3974,80.5538,111.0326,2.8822,1.3548
157.733,4732,sitting,0.7844,1.1105,0.0101,2.6389,1.1003,0.417,1.0984,0.9845,0.5843,0.4755,0.0801,0.8264,0.4865,0.5141,0.4001,0.1088,0.3955,80.2671,110.6369,2.8742,1.339
157.767,4733,sitting,0.7804,1.1069,0.0098,2.6302,1.0971,0.4171,1.0948,0.9793,0.5815,0.475,0.0801,0.827,0.5904,0.5132,0.3978,0.1065,0.395,80.4385,110.2067,2.7377,1.3145
157.8,4734,sitting,0.7755,1.0921,0.0099,2.5615,1.0822,0.4225,1.0803,0.9714,0.5795,0.4753,0.0801,0.8299,0.4979,0.5008,0.3919,0.1042,0.3952,80.8345,109.5178,2.3592,1.2802
157.833,4735,sitting,0.7704,1.0847,0.0106,2.5304,1.0741,0.4245,1.0701,0.962,0.5787,0.4747,0.0801,0.8239,0.5929,0.4914,0.3834,0.104,0.3945,81.6483,108.8564,1.8558,1.2572
157.867,4736,sitting,0.7672,1.0751,0.0109,2.4907,1.0643,0.4273,1.0601,0.9576,0.5768,0.476,0.0801,0.8297,0.5063,0.4833,0.3807,0.1009,0.3958,81.7479,107.6683,1.236,1.2362
157.9,4737,sitting,0.7662,1.0688,0.011,2.4653,1.0579,0.4291,1.0481,0.9547,0.5778,0.4769,0.0802,0.834,0.5093,0.4703,0.3769,0.1009,0.3967,82.4205,106.7834,0.4818,1.2215
157.933,4738,sitting,0.7657,1.0631,0.0113,2.4421,1.0518,0.4307,1.04,0.9529,0.5785,0.4779,0.0802,0.8365,0.6087,0.4614,0.3744,0.1006,0.3977,82.8096,106.2773,0.1107,1.2081
157.967,4739,sitting,0.766,1.0601,0.0113,2.4306,1.0488,0.4315,1.0352,0.9521,0.5799,0.479,0.0802,0.8405,0.5135,0.4553,0.3722,0.1009,0.3988,83.4714,106.0849,0.0521,1.2003
158.0,4740,sitting,0.7663,1.0555,0.0121,2.4117,1.0435,0.4327,1.0284,0.952,0.5805,0.4815,0.0802,0.8454,0.5155,0.448,0.3716,0.099,0.4013,83.3349,105.3313,0.401,1.1903
158.033,4741,sitting,0.7677,1.052,0.0122,2.3979,1.0398,0.4336,1.0241,0.9536,0.5819,0.485,0.0802,0.8528,0.5162,0.4423,0.3718,0.0969,0.4048,83.214,104.5649,0.7513,1.1822
158.067,4742,sitting,0.7696,1.0504,0.0124,2.3913,1.0379,0.434,1.0209,0.9553,0.5838,0.4876,0.0802,0.7936,0.516,0.4371,0.3715,0.0962,0.4074,83.1052,104.3207,0.8249,1.177
158.1,4743,sitting,0.7711,1.0512,0.0129,2.3941,1.0383,0.4337,1.0203,0.9562,0.586,0.4895,0.0803,0.862,0.5132,0.4343,0.3701,0.0965,0.4093,83.1873,104.1618,0.9299,1.1766
158.133,4744,sitting,0.7719,1.0506,0.0127,2.3925,1.0379,0.4338,1.0197,0.9573,0.5866,0.4907,0.0803,0.8628,0.5107,0.4332,0.3708,0.0959,0.4104,82.9587,104.3019,0.7028,1.1753
158.167,4745,sitting,0.7728,1.0506,0.0123,2.3927,1.0382,0.4339,1.0195,0.9587,0.587,0.492,0.0803,0.7888,0.506,0.4325,0.3717,0.095,0.4117,82.8012,104.6162,0.3315,1.1752
158.2,4746,sitting,0.7729,1.0523,0.0101,2.4024,1.0422,0.4338,1.0201,0.9578,0.588,0.4928,0.0801,0.8563,0.5019,0.432,0.3697,0.0953,0.4127,83.331,104.7893,0.1905,1.183
158.233,4747,sitting,0.7724,1.0534,0.0105,2.4072,1.0429,0.4332,1.0213,0.9565,0.5883,0.4925,0.0801,0.8404,0.6154,0.4331,0.3683,0.0957,0.4124,83.422,104.8666,0.153,1.1873
158.267,4748,sitting,0.7716,1.0538,0.0106,2.4093,1.0432,0.433,1.0218,0.9556,0.5875,0.4939,0.0802,0.8256,0.5987,0.4342,0.3681,0.0936,0.4137,83.1626,104.6183,0.1173,1.1902
158.3,4749,sitting,0.7712,1.0535,0.0104,2.4078,1.0431,0.4332,1.022,0.9553,0.5871,0.4964,0.0801,0.8191,0.5894,0.4349,0.3682,0.0907,0.4163,82.9361,104.5472,0.1316,1.1923
158.333,4750,sitting,0.7709,1.0529,0.0099,2.4061,1.043,0.4335,1.0219,0.9545,0.5874,0.4983,0.08,0.8129,0.5821,0.4346,0.3671,0.0891,0.4183,82.9421,104.408,0.1872,1.196
158.367,4751,sitting,0.7703,1.0523,0.01,2.4047,1.0423,0.4334,1.0215,0.9543,0.5864,0.4999,0.0799,0.8107,0.5805,0.4351,0.3679,0.0864,0.42,82.9724,104.2476,0.3138,1.1991
158.4,4752,sitting,0.7693,1.051,0.0101,2.4011,1.0409,0.4335,1.0196,0.9533,0.5853,0.5013,0.0798,0.8094,0.46,0.4343,0.368,0.084,0.4215,82.9488,103.9993,0.3715,1.2022
158.433,4753,sitting,0.769,1.0499,0.0108,2.3974,1.0391,0.4334,1.0176,0.9528,0.5853,0.5022,0.0797,0.808,0.4535,0.4322,0.3674,0.0832,0.4225,83.2833,103.9928,0.4466,1.2049
158.467,4754,sitting,0.7693,1.0484,0.0101,2.3933,1.0382,0.4338,1.0155,0.9526,0.586,0.5017,0.0795,0.8072,0.4484,0.4295,0.3666,0.0843,0.4222,83.9679,104.0911,0.3778,1.2088
158.5,4755,sitting,0.7689,1.0463,0.0098,2.3866,1.0364,0.4343,1.0143,0.9516,0.5863,0.5003,0.0794,0.8051,0.4447,0.428,0.3653,0.086,0.4209,84.4026,104.0999,0.2053,1.2112
158.533,4756,sitting,0.7688,1.0449,0.0094,2.383,1.0355,0.4345,1.0134,0.9508,0.5868,0.4994,0.0794,0.8025,0.4424,0.4266,0.364,0.0874,0.42,84.8875,104.0129,0.0509,1.216
158.567,4757,sitting,0.7692,1.0426,0.0094,2.3748,1.0332,0.4351,1.0118,0.9507,0.5878,0.4991,0.0793,0.8041,0.4401,0.424,0.3629,0.0887,0.4197,85.2589,103.9388,0.2893,1.2182
158.6,4758,sitting,0.7707,1.0408,0.0093,2.3683,1.0315,0.4355,1.0097,0.9523,0.5891,0.4993,0.0793,0.7341,0.4383,0.4206,0.3632,0.0898,0.42,85.5069,103.7536,0.6046,1.2177
158.633,4759,sitting,0.7711,1.0385,0.0097,2.3595,1.0288,0.436,1.0071,0.9524,0.5897,0.4996,0.0793,0.7334,0.4358,0.4174,0.3628,0.0901,0.4202,85.5968,103.5611,0.8386,1.215
158.667,4760,sitting,0.7707,1.0369,0.0098,2.3532,1.0271,0.4365,1.0049,0.9518,0.5895,0.4999,0.0793,0.8183,0.4334,0.4155,0.3624,0.0895,0.4206,85.5374,103.3156,1.0148,1.2151
158.7,4761,sitting,0.77,1.0347,0.0091,2.3462,1.0256,0.4371,1.0031,0.9507,0.5894,0.4987,0.0793,0.8152,0.4304,0.4137,0.3612,0.0907,0.4194,85.7657,103.324,1.1965,1.2164
158.733,4762,sitting,0.769,1.0337,0.007,2.3453,1.0267,0.4377,1.0021,0.9493,0.5888,0.4982,0.0791,0.7268,0.4267,0.4133,0.3604,0.0907,0.4191,85.9082,102.9963,1.4856,1.2231
158.767,4763,sitting,0.7682,1.0323,0.0079,2.3386,1.0244,0.4381,1.0007,0.9467,0.5898,0.497,0.0792,0.8022,0.5604,0.4109,0.3569,0.0928,0.4178,86.3662,103.0424,1.7771,1.2278
158.8,4764,sitting,0.766,1.0308,0.0069,2.3343,1.0239,0.4386,0.9987,0.9432,0.5888,0.4965,0.0791,0.7141,0.4153,0.4099,0.3544,0.0922,0.4175,86.4299,102.7806,1.9874,1.2381
158.833,4765,sitting,0.7648,1.0285,0.0056,2.3277,1.0229,0.4395,0.9952,0.9406,0.589,0.4957,0.079,0.7051,0.4075,0.4062,0.3516,0.0933,0.4167,86.836,102.8379,2.1297,1.2499
158.867,4766,sitting,0.7631,1.0254,0.0068,2.3147,1.0186,0.4401,0.9915,0.9379,0.5883,0.4951,0.0791,0.7669,0.5302,0.4032,0.3496,0.0932,0.416,86.8444,103.4957,1.7041,1.2537
158.9,4767,sitting,0.7625,1.025,0.0062,2.3134,1.0188,0.4404,0.9901,0.9366,0.5883,0.494,0.079,0.6826,0.3911,0.4017,0.3483,0.0944,0.415,87.2889,104.0443,1.4391,1.2713
158.933,4768,sitting,0.7621,1.0246,0.0049,2.3139,1.0197,0.4407,0.988,0.9364,0.5878,0.4936,0.0789,0.6712,0.3759,0.4002,0.3485,0.0943,0.4147,87.5223,104.2522,1.3137,1.2918
158.967,4769,sitting,0.7614,1.0242,0.0043,2.3124,1.0199,0.4411,0.9874,0.9356,0.5873,0.4943,0.0788,0.6609,0.3648,0.4001,0.3484,0.093,0.4155,87.5657,104.2704,1.2408,1.3159
159.0,4770,sitting,0.76,1.0223,0.0033,2.3078,1.019,0.4416,0.9857,0.9341,0.5858,0.4924,0.0787,0.7301,0.3545,0.3999,0.3483,0.0934,0.4136,87.7826,104.9531,0.8228,1.3424
159.033,4771,sitting,0.758,1.0197,0.0028,2.2992,1.0169,0.4423,0.9831,0.9314,0.5846,0.4918,0.0787,0.7193,0.3414,0.3986,0.3468,0.0928,0.4131,87.7262,104.6586,1.0997,1.3663
159.067,4772,sitting,0.7547,1.0161,0.0021,2.2874,1.014,0.4433,0.9791,0.9273,0.5821,0.4911,0.0786,0.7091,0.331,0.397,0.3452,0.091,0.4125,87.539,104.6593,1.034,1.383
159.1,4773,sitting,0.7522,1.0128,0.002,2.2756,1.0108,0.4442,0.9743,0.9244,0.5801,0.491,0.0786,0.7005,0.3239,0.3942,0.3443,0.0891,0.4123,87.2968,104.5011,1.0992,1.399
159.133,4774,sitting,0.7505,1.0099,0.0018,2.2656,1.0081,0.445,0.9702,0.9227,0.5783,0.4906,0.0786,0.6966,0.3187,0.392,0.3445,0.0876,0.412,87.1219,103.9188,1.5595,1.4142
159.167,4775,sitting,0.7492,1.0077,0.0007,2.2595,1.0069,0.4457,0.968,0.9215,0.577,0.49,0.0786,0.6979,0.3153,0.391,0.3445,0.087,0.4114,87.0179,103.1184,2.3133,1.428
159.2,4776,sitting,0.749,1.0037,-0.0009,2.2476,1.0046,0.447,0.9629,0.9222,0.5759,0.4898,0.0784,0.7102,0.3117,0.3871,0.3463,0.0861,0.4113,87.1119,102.3812,3.0649,1.4396
159.233,4777,sitting,0.7494,1.0002,-0.0024,2.2373,1.0026,0.4481,0.9579,0.9241,0.5746,0.4888,0.0784,0.5849,0.3089,0.3833,0.3495,0.0858,0.4104,87.2005,101.8892,3.6551,1.4495
159.267,4778,sitting,0.7483,0.9975,-0.0036,2.2289,1.0011,0.4491,0.9555,0.9242,0.5724,0.4886,0.0783,0.5845,0.3061,0.3831,0.3518,0.0837,0.4104,86.9122,100.9918,4.3681,1.4606
159.3,4779,sitting,0.7459,0.9982,-0.0036,2.2314,1.0019,0.449,0.9557,0.9223,0.5696,0.4902,0.0782,0.5813,0.3025,0.3861,0.3527,0.0793,0.412,85.9096,99.0174,5.6693,1.4802
159.333,4780,sitting,0.7435,0.9981,-0.0037,2.2309,1.0018,0.4491,0.9555,0.9201,0.5669,0.4911,0.0782,0.5787,0.2965,0.3886,0.3533,0.0757,0.4129,84.8874,96.3301,7.7169,1.4998
159.367,4781,sitting,0.7416,0.9987,-0.0042,2.2337,1.003,0.449,0.9555,0.9174,0.5658,0.4916,0.0782,0.5762,0.2913,0.3897,0.3516,0.0742,0.4134,83.9806,94.1003,9.59,1.5221
159.4,4782,sitting,0.7387,0.9969,-0.0032,2.227,1.0001,0.4491,0.954,0.9126,0.5648,0.4891,0.0782,0.7207,0.5195,0.3892,0.3478,0.0757,0.4109,83.5492,91.5034,12.2676,1.5327
159.433,4783,sitting,0.7357,0.9945,-0.0021,2.218,0.9966,0.4493,0.9505,0.9074,0.564,0.4857,0.0783,0.7049,0.4869,0.3866,0.3434,0.0783,0.4075,83.26,89.1837,14.8144,1.5443
159.467,4784,sitting,0.7342,0.992,-0.0009,2.2085,0.9929,0.4496,0.9462,0.9048,0.5636,0.4814,0.0783,0.7016,0.4803,0.3826,0.3412,0.0823,0.4031,83.0665,87.3623,17.0116,1.5618
159.5,4785,sitting,0.7325,0.9896,0.0004,2.1979,0.9892,0.4501,0.9414,0.9017,0.5633,0.4774,0.0784,0.6989,0.4773,0.3781,0.3385,0.0859,0.399,82.7366,85.6697,18.9817,1.5767
159.533,4786,sitting,0.7299,0.9852,0.0025,2.1791,0.9827,0.4509,0.9386,0.8973,0.5625,0.4738,0.0786,0.6911,0.4665,0.3761,0.3348,0.0888,0.3952,82.4384,84.0748,20.8724,1.5831
159.567,4787,sitting,0.7278,0.9802,0.0047,2.158,0.9755,0.452,0.938,0.8937,0.5618,0.4709,0.0787,0.6886,0.4668,0.3762,0.332,0.0909,0.3922,82.0181,81.9471,23.1352,1.5877
159.6,4788,sitting,0.7258,0.9742,0.0057,2.1352,0.9685,0.4536,0.9352,0.8904,0.5613,0.4697,0.0788,0.6923,0.4718,0.3739,0.3292,0.0916,0.391,81.7308,80.0318,25.0684,1.5895
159.633,4789,sitting,0.724,0.9711,0.0061,2.1221,0.9649,0.4547,0.93,0.8879,0.5602,0.4673,0.0788,0.6928,0.4715,0.3698,0.3277,0.0928,0.3885,81.488,78.4214,26.8847,1.5991
159.667,4790,sitting,0.7232,0.9689,0.0043,2.117,0.9646,0.4556,0.9245,0.8862,0.5603,0.4661,0.0787,0.6961,0.4777,0.3643,0.3259,0.0941,0.3874,81.2007,77.2194,28.3088,1.6135
159.7,4791,sitting,0.7218,0.9692,0.0045,2.1179,0.9647,0.4555,0.9197,0.8836,0.5599,0.4635,0.0787,0.6991,0.4791,0.3597,0.3237,0.0965,0.3847,81.27,75.9622,29.901,1.6283
159.733,4792,sitting,0.7167,0.9619,0.0048,2.0919,0.9571,0.4575,0.9129,0.8785,0.5548,0.4624,0.0788,0.6922,0.4766,0.358,0.3236,0.0924,0.3837,80.497,74.7039,30.671,1.6324
159.767,4793,sitting,0.7126,0.9557,0.0042,2.0714,0.9515,0.4594,0.9042,0.8728,0.5523,0.4593,0.0787,0.6853,0.4704,0.3519,0.3205,0.0931,0.3805,80.5272,73.5231,32.0193,1.5987
159.8,4794,sitting,0.7094,0.9547,0.003,2.0705,0.9516,0.4596,0.8963,0.8692,0.5495,0.4588,0.0787,0.6917,0.489,0.3468,0.3198,0.0907,0.3801,80.3007,71.9073,33.2813,1.5959
159.833,4795,sitting,0.7068,0.9543,0.0019,2.0719,0.9524,0.4596,0.8873,0.8661,0.5474,0.4567,0.0786,0.7043,0.5236,0.3399,0.3187,0.0907,0.3781,80.16,70.5362,34.5711,1.6548
159.867,4796,sitting,0.704,0.9532,0.0001,2.0721,0.9531,0.46,0.8787,0.8633,0.5446,0.4564,0.0786,0.7085,0.5248,0.3341,0.3187,0.0882,0.3778,80.0195,69.0523,35.6661,1.6547
159.9,4797,sitting,0.7022,0.9528,-0.0011,2.0733,0.9539,0.4601,0.8702,0.8603,0.544,0.4554,0.0785,0.7143,0.5375,0.3261,0.3162,0.0887,0.3768,80.1933,68.3324,36.4552,1.5855
159.933,4798,sitting,0.699,0.9484,-0.0025,2.0621,0.951,0.4612,0.8613,0.8551,0.5428,0.4533,0.0785,0.7052,0.5181,0.3184,0.3123,0.0895,0.3749,80.2573,67.3531,37.487,1.6554
159.967,4799,sitting,0.6942,0.9368,-0.0046,2.0264,0.9414,0.4645,0.8531,0.846,0.5424,0.4522,0.0784,0.696,0.2429,0.3107,0.3036,0.0903,0.3738,80.3089,65.9555,39.0254,1.6339
160.0,4800,sitting,0.6863,0.9196,-0.0084,1.9768,0.928,0.4695,0.8436,0.8336,0.5391,0.4499,0.0781,0.67,0.4607,0.3045,0.2945,0.0892,0.3717,80.2139,63.9514,40.8504,1.5868
160.033,4801,,0.6808,0.9085,-0.0133,1.95,0.9218,0.4727,0.8334,0.8255,0.5362,0.4462,0.0778,0.6537,0.4397,0.2972,0.2893,0.09,0.3684,79.7919,62.2708,42.5165,1.55
160.067,4802,,0.678,0.9046,-0.0151,1.9422,0.9198,0.4736,0.8258,0.8212,0.5349,0.4454,0.0776,0.6504,0.4382,0.2909,0.2863,0.0894,0.3678,79.2587,61.0435,43.598,1.5238
160.1,4803,,0.6789,0.9065,-0.015,1.9491,0.9215,0.4728,0.8209,0.8215,0.5363,0.4459,0.0776,0.6532,0.4447,0.2846,0.2852,0.0904,0.3682,78.8988,59.5665,45.086,1.502
160.133,4804,,0.6806,0.9088,-0.0154,1.9585,0.9243,0.4719,0.8147,0.8224,0.5388,0.4434,0.0776,0.6565,0.4503,0.2759,0.2836,0.0954,0.3658,78.9292,58.9142,46.2944,1.4942
160.167,4805,,0.6831,0.914,-0.0143,1.9749,0.9283,0.47,0.8099,0.8243,0.5419,0.4415,0.0777,0.6626,0.4612,0.268,0.2824,0.1004,0.3638,78.8322,58.4807,47.3495,1.4769
160.2,4806,,0.684,0.917,-0.0127,1.9838,0.9297,0.4687,0.8076,0.8242,0.5438,0.4407,0.0778,0.6693,0.4732,0.2638,0.2804,0.1031,0.3629,78.5376,57.5942,48.5013,1.4433
160.233,4807,,0.685,0.9197,-0.0111,1.9907,0.9308,0.4675,0.8072,0.8236,0.5465,0.4404,0.0779,0.6774,0.4913,0.2608,0.2772,0.106,0.3625,78.3654,56.7539,49.682,1.3772
160.267,4808,,0.6851,0.9194,-0.0097,1.9888,0.9291,0.4672,0.8044,0.8218,0.5484,0.4401,0.078,0.6793,0.4966,0.256,0.2733,0.1084,0.362,78.0522,56.0924,50.7279,1.2903
160.3,4809,,0.6851,0.9192,-0.0086,1.9869,0.9278,0.467,0.7987,0.8202,0.55,0.4406,0.0781,0.6813,0.5004,0.2487,0.2702,0.1094,0.3625,77.6017,55.2597,51.7523,1.2499
160.333,4810,,0.6848,0.9186,-0.0057,1.9799,0.9243,0.4668,0.7936,0.8212,0.5485,0.4439,0.0782,0.6779,0.4938,0.2452,0.2727,0.1045,0.3657,76.3522,54.173,52.2927,1.2709
160.367,4811,,0.6825,0.909,-0.0035,1.9456,0.9125,0.469,0.7894,0.8178,0.5472,0.4448,0.0783,0.6611,0.4647,0.2422,0.2706,0.1023,0.3665,75.4126,52.9452,53.3567,1.2302
160.4,4812,,0.6814,0.9039,0.0001,1.9225,0.9038,0.4701,0.789,0.8163,0.5465,0.4465,0.0784,0.6515,0.4489,0.2425,0.2697,0.1,0.3681,74.0787,51.986,54.1022,1.1963
160.433,4813,,0.68,0.8981,0.003,1.8983,0.8951,0.4715,0.7872,0.8132,0.5467,0.4473,0.0785,0.6423,0.4342,0.2405,0.2665,0.0994,0.3688,73.1438,51.3247,54.9361,1.1645
160.467,4814,,0.678,0.893,0.0061,1.877,0.8869,0.4725,0.78,0.8115,0.5445,0.4476,0.0786,0.6324,0.42,0.2355,0.267,0.0969,0.369,71.8679,50.6077,55.5259,1.1387
160.5,4815,,0.6759,0.889,0.0089,1.8589,0.88,0.4734,0.7734,0.8079,0.5439,0.4485,0.0787,0.6301,0.4143,0.2296,0.264,0.0953,0.3699,70.8374,49.9356,56.1247,1.1118
160.533,4816,,0.6748,0.8844,0.0111,1.841,0.8733,0.4744,0.7662,0.8042,0.5453,0.4485,0.0787,0.6287,0.4106,0.2208,0.2588,0.0968,0.3698,70.3633,49.5287,56.9559,1.0832
160.567,4817,,0.6762,0.8852,0.0129,1.8406,0.8723,0.4739,0.7604,0.8025,0.5498,0.4494,0.0788,0.6318,0.413,0.2106,0.2527,0.1004,0.3706,70.7969,49.5165,57.748,1.066
160.6,4818,,0.6776,0.8868,0.0157,1.8418,0.8711,0.473,0.7553,0.8016,0.5535,0.4494,0.0789,0.6391,0.4256,0.2018,0.248,0.1041,0.3705,70.5818,49.3467,58.6043,1.0153
160.633,4819,,0.6766,0.8798,0.0173,1.8185,0.8625,0.4743,0.7551,0.7962,0.557,0.45,0.079,0.6344,0.4272,0.1981,0.2392,0.107,0.371,70.2114,47.9699,60.4371,0.9817
160.667,4820,,0.6794,0.8805,0.0197,1.8164,0.8607,0.4739,0.7593,0.7959,0.5629,0.4516,0.0791,0.6343,0.4311,0.1964,0.233,0.1113,0.3725,70.3928,47.2206,61.8528,0.9962
160.7,4821,,0.6826,0.8816,0.0207,1.8183,0.8609,0.4734,0.7585,0.7953,0.5699,0.4535,0.0792,0.6312,0.4274,0.1886,0.2254,0.1164,0.3743,70.5384,46.283,63.4931,0.9811
160.733,4822,,0.6857,0.8797,0.0193,1.8164,0.8605,0.4737,0.7563,0.792,0.5793,0.4513,0.0791,0.6239,0.4239,0.1769,0.2127,0.128,0.3722,71.3228,45.7316,65.5468,0.9673
160.767,4823,,0.6901,0.8798,0.017,1.8224,0.8628,0.4734,0.7558,0.7899,0.5903,0.4477,0.079,0.6228,0.4203,0.1655,0.1996,0.1426,0.3687,72.1765,45.3804,67.7036,0.9476
160.8,4824,,0.6941,0.8803,0.0159,1.8275,0.8644,0.473,0.7585,0.7894,0.5989,0.4473,0.0789,0.6242,0.4232,0.1597,0.1905,0.1515,0.3684,72.3493,45.177,69.1085,0.9248
160.833,4825,,0.7007,0.885,0.0166,1.843,0.8684,0.4712,0.7615,0.7938,0.6076,0.4491,0.079,0.628,0.431,0.1539,0.1861,0.1585,0.3701,72.603,45.1068,70.0246,0.9109
160.867,4826,,0.7074,0.8889,0.0167,1.8583,0.8722,0.4693,0.7637,0.7975,0.6173,0.4504,0.079,0.6346,0.4468,0.1463,0.1802,0.167,0.3714,73.2667,45.1852,71.1084,0.9118
160.9,4827,,0.7192,0.8984,0.0159,1.8941,0.8825,0.4659,0.7696,0.8067,0.6317,0.4549,0.079,0.6389,0.2751,0.1379,0.175,0.1768,0.3759,73.3659,44.8533,72.2521,0.9208
160.933,4828,,0.7361,0.9127,0.0156,1.9425,0.8971,0.4618,0.7827,0.8201,0.6522,0.4549,0.0789,0.6431,0.2595,0.1305,0.1679,0.1973,0.376,75.5598,46.5087,73.008,0.9309
160.967,4829,,0.754,0.9257,0.0152,1.9881,0.9105,0.4579,0.803,0.8358,0.6723,0.4497,0.0789,0.5013,0.2406,0.1308,0.1635,0.2226,0.3708,78.611,49.7799,73.2582,0.9428
161.0,4830,upright,0.7705,0.9336,0.0158,2.0151,0.9179,0.4555,0.8253,0.8516,0.6894,0.4473,0.0789,0.5129,0.2461,0.1359,0.1622,0.2422,0.3683,80.9874,52.4945,73.2916,0.9533
161.033,4831,upright,0.7879,0.9448,0.0122,2.0612,0.9326,0.4525,0.8545,0.8696,0.7063,0.4452,0.0787,0.5289,0.2515,0.1482,0.1633,0.2611,0.3664,83.5171,55.7041,72.8678,0.9686
161.067,4832,upright,0.8058,0.9621,0.0075,2.1341,0.9547,0.4473,0.886,0.8903,0.7213,0.4388,0.0785,0.553,0.2652,0.1647,0.1691,0.2825,0.3603,86.8205,60.6104,71.5714,0.9948
161.1,4833,upright,0.831,0.9841,0.0057,2.2162,0.9783,0.4414,0.9228,0.9197,0.7423,0.4375,0.0784,0.6987,0.4593,0.1805,0.1774,0.3047,0.3591,90.21,64.7965,70.6364,1.0351
161.133,4834,upright,0.8509,0.9968,0.001,2.276,0.9959,0.4376,0.958,0.9398,0.7621,0.4302,0.0781,0.7132,0.4669,0.196,0.1777,0.3318,0.3521,94.7918,69.9568,69.9178,1.0622
161.167,4835,upright,0.8773,1.0265,-0.0001,2.3997,1.0266,0.4278,0.9988,0.9713,0.7834,0.4284,0.0781,0.7538,0.3683,0.2154,0.1879,0.355,0.3503,99.4924,74.9805,68.6193,1.102
161.2,4836,upright,0.9084,1.0621,-0.0038,2.5553,1.0659,0.4171,1.0395,1.0079,0.8088,0.4253,0.0779,0.7913,0.552,0.2307,0.1991,0.3835,0.3474,104.7757,80.4875,67.2067,1.1419
161.233,4837,upright,0.9335,1.1074,-0.0032,2.7405,1.1105,0.4052,1.0877,1.0451,0.8219,0.4292,0.078,0.8294,0.4483,0.2659,0.2232,0.3926,0.3512,108.9975,86.2734,64.1049,1.1918
161.267,4838,upright,0.9624,1.156,-0.0017,2.9505,1.1578,0.3924,1.1391,1.0881,0.8367,0.4388,0.0781,0.8543,0.482,0.3024,0.2515,0.3979,0.3606,113.6718,92.318,60.5674,1.2552
161.3,4839,upright,0.985,1.2019,-0.0011,3.1644,1.203,0.3802,1.1852,1.1204,0.8497,0.4456,0.0783,0.8854,0.5248,0.3356,0.2708,0.404,0.3674,118.934,97.7364,57.8526,1.3121
161.333,4840,upright,1.0093,1.2444,0.0007,3.3771,1.2437,0.3683,1.2286,1.1552,0.8634,0.4509,0.0785,0.9276,0.6723,0.3653,0.2918,0.4125,0.3725,122.8363,101.9515,55.7883,1.358
161.367,4841,upright,1.0322,1.2926,0.0046,3.6303,1.288,0.3548,1.2749,1.19,0.8743,0.4607,0.0787,0.9532,0.6905,0.4006,0.3158,0.4135,0.382,126.4954,106.5795,53.2029,1.4061
161.4,4842,upright,1.056,1.3351,0.0074,3.8721,1.3277,0.3429,1.3183,1.2232,0.8888,0.4695,0.0789,0.9823,0.7159,0.4296,0.3345,0.4192,0.3906,130.2661,110.7767,51.1463,1.4598
161.433,4843,upright,1.0837,1.3741,0.009,4.1163,1.3651,0.3316,1.358,1.2609,0.9065,0.4779,0.079,1.0165,0.7551,0.4515,0.3544,0.4286,0.3989,134.6737,116.3191,48.5181,1.5087
161.467,4844,upright,1.1076,1.4138,0.0098,4.3851,1.404,0.3202,1.3971,1.293,0.9222,0.4878,0.079,1.0368,0.7811,0.4748,0.3707,0.4345,0.4088,138.3773,120.8227,46.4199,1.5598
161.5,4845,upright,1.1269,1.4443,0.0113,4.6012,1.433,0.3114,1.4337,1.3185,0.9353,0.4943,0.0791,1.0562,0.8048,0.4984,0.3832,0.441,0.4152,142.1426,125.719,44.3483,1.5769
161.533,4846,upright,1.1436,1.4772,0.0123,4.8499,1.465,0.3021,1.465,1.3411,0.9461,0.4982,0.0792,1.0772,0.8279,0.5189,0.395,0.4479,0.419,145.6651,130.7664,42.0892,1.6104
161.567,4847,upright,1.1511,1.5042,0.0127,5.0668,1.4915,0.2944,1.4928,1.356,0.9463,0.5009,0.0793,1.0925,0.8422,0.5466,0.4097,0.4454,0.4216,149.845,136.8335,39.2269,1.6521
161.6,4848,upright,1.1572,1.5245,0.0126,5.2502,1.5118,0.288,1.5144,1.3674,0.9469,0.4989,0.0793,1.1063,0.8573,0.5675,0.4206,0.4479,0.4197,154.0592,143.0685,36.4877,1.7121
161.633,4849,upright,1.1615,1.5486,0.0125,5.4593,1.5361,0.2814,1.537,1.3781,0.9448,0.4972,0.0793,1.1188,0.8706,0.5922,0.4333,0.4476,0.418,158.0946,149.7494,33.29,1.7231
161.667,4850,upright,1.1671,1.5708,0.0135,5.6686,1.5572,0.2747,1.5565,1.3891,0.945,0.4991,0.0793,1.1287,0.8776,0.6115,0.444,0.4459,0.4198,162.006,156.6073,29.9925,1.7598
161.7,4851,upright,1.1717,1.5879,0.0125,5.8412,1.5753,0.2697,1.5724,1.3997,0.9437,0.4971,0.0792,1.1374,0.885,0.6287,0.456,0.4466,0.418,165.1918,162.5664,27.0382,1.8056
161.733,4852,upright,1.1751,1.6019,0.0118,5.9906,1.5902,0.2654,1.5855,1.41,0.9401,0.4944,0.0791,1.1485,0.8922,0.6454,0.4699,0.4458,0.4153,166.848,166.2209,24.9936,1.8515
161.767,4853,upright,1.1762,1.61,0.0105,6.0845,1.5995,0.2629,1.5935,1.417,0.9354,0.4907,0.0789,1.1534,0.8945,0.6581,0.4816,0.4446,0.4118,168.5218,169.51,23.1142,1.9016
161.8,4854,upright,1.1745,1.6152,0.0092,6.1535,1.606,0.261,1.598,1.4218,0.9272,0.4854,0.0787,1.1554,0.8952,0.6708,0.4947,0.4418,0.4067,169.3534,171.7875,21.5898,1.9635
161.833,4855,upright,1.1698,1.6184,0.0097,6.1967,1.6087,0.2596,1.6007,1.4238,0.9159,0.4775,0.0786,1.1568,0.8963,0.6848,0.5079,0.4384,0.3989,169.9244,173.7983,20.1173,2.0419
161.867,4856,upright,1.1678,1.6195,0.0075,6.2216,1.612,0.2591,1.6026,1.4251,0.9105,0.4719,0.0783,1.1581,0.8963,0.6922,0.5147,0.4386,0.3935,170.3267,175.4692,18.7894,2.1304
161.9,4857,upright,1.1661,1.6212,0.0089,6.2369,1.6123,0.2585,1.6049,1.4282,0.904,0.4675,0.0783,1.1619,0.8982,0.7009,0.5242,0.4365,0.3892,170.8194,176.5205,17.8185,2.2258
161.933,4858,upright,1.1641,1.6227,0.0114,6.249,1.6113,0.2578,1.6065,1.4307,0.8975,0.4642,0.0784,1.1671,0.8995,0.709,0.5333,0.4332,0.3859,171.5982,177.6682,16.8927,2.3292
161.967,4859,upright,1.1613,1.622,0.0144,6.2397,1.6076,0.2576,1.6059,1.4308,0.8919,0.4636,0.0785,1.1704,0.8993,0.714,0.5389,0.4283,0.3851,172.2691,177.9064,16.4432,2.4371
162.0,4860,upright,1.1632,1.6224,0.0209,6.2235,1.6015,0.2573,1.607,1.4343,0.8921,0.4626,0.0787,1.1745,0.9012,0.7149,0.5421,0.4295,0.3839,172.9314,177.5196,16.2931,2.5514
162.033,4861,,1.1637,1.6319,0.018,6.3122,1.6139,0.2557,1.6128,1.4375,0.8899,0.4626,0.0785,1.1787,0.9034,0.7229,0.5475,0.4274,0.3841,173.752,177.0649,16.2131,2.6253
162.067,4862,,1.1596,1.6315,0.007,6.316,1.6245,0.2572,1.6115,1.4374,0.8818,0.458,0.078,1.18,0.9018,0.7297,0.5556,0.4239,0.38,174.2789,176.3351,16.0931,2.6368
162.1,4863,,1.1549,1.6193,-0.0138,6.2062,1.633,0.2631,1.6045,1.4368,0.873,0.4508,0.0768,1.1812,0.8995,0.7315,0.5638,0.4223,0.3739,174.8808,175.5217,16.1086,2.76
162.133,4864,,1.1623,1.6337,0.0215,6.2643,1.6122,0.2574,1.6138,1.4433,0.8813,0.4566,0.0788,1.1913,0.9067,0.7325,0.562,0.4247,0.3777,176.0599,175.5267,16.3404,2.5123
162.167,4865,,1.1694,1.638,0.0383,6.2371,1.5997,0.2565,1.6182,1.4489,0.89,0.4676,0.0795,1.1992,0.9124,0.7282,0.5589,0.4224,0.3881,174.3787,174.8398,16.1721,2.4481
162.2,4866,,1.166,1.6352,0.0211,6.2263,1.6141,0.2592,1.6143,1.4452,0.8867,0.4673,0.079,1.1954,0.9055,0.7275,0.5585,0.4195,0.3882,174.4102,173.5819,15.8097,2.4184
162.233,4867,,1.1585,1.629,-0.0097,6.2118,1.6388,0.2638,1.6067,1.4374,0.8795,0.4648,0.0777,1.1856,0.8928,0.7272,0.5579,0.4147,0.3872,175.4183,172.1711,15.1555,2.4076
162.267,4868,,1.144,1.6196,-0.0508,6.1955,1.6704,0.2696,1.5952,1.4236,0.8644,0.4507,0.0748,1.1687,0.8745,0.7308,0.5592,0.4137,0.3759,177.5026,171.1443,14.4753,2.4004
162.3,4869,,1.1289,1.6111,-0.0813,6.1663,1.6924,0.2745,1.5848,1.4113,0.8465,0.4285,0.0719,1.1549,0.8586,0.7382,0.5648,0.418,0.3566,175.5426,170.6569,13.7485,2.3705
162.333,4870,,1.1192,1.6076,-0.112,6.1624,1.7196,0.279,1.5799,1.4029,0.8354,0.4184,0.0685,1.1425,0.8457,0.7445,0.5675,0.417,0.3499,174.461,169.8447,12.5946,2.3632
162.367,4871,,1.094,1.5958,-0.1554,6.1513,1.7512,0.2847,1.5668,1.3826,0.8054,0.3862,0.0625,1.1164,0.8185,0.7614,0.5772,0.4192,0.3237,168.5663,170.0952,11.1233,2.3577
162.4,4872,,1.0432,1.5667,-0.2471,6.1343,1.8139,0.2957,1.5366,1.3431,0.7434,0.3282,0.0463,1.0647,0.7607,0.7932,0.5998,0.4152,0.2819,150.3689,176.8529,9.189,2.3602
162.433,4873,,1.03,1.5622,-0.2682,6.1152,1.8304,0.2993,1.5331,1.3371,0.7229,0.3088,0.0414,1.0533,0.7472,0.8101,0.6142,0.4141,0.2674,149.7514,178.117,7.9253,2.363
162.467,4874,,1.0328,1.5629,-0.2645,6.0711,1.8274,0.301,1.5361,1.3401,0.7255,0.31,0.0419,1.0521,0.748,0.8105,0.6145,0.4156,0.2681,152.1209,178.4441,6.9615,2.3597
162.5,4875,,1.0328,1.5624,-0.2542,6.0216,1.8166,0.3017,1.5367,1.341,0.7246,0.3097,0.0442,1.0501,0.7413,0.8121,0.6164,0.4149,0.2655,156.2826,176.2805,6.2228,2.3298
162.533,4876,,1.0541,1.577,-0.1989,5.9719,1.7759,0.2974,1.5513,1.3588,0.7495,0.3357,0.0541,1.0694,0.7626,0.8017,0.6093,0.4138,0.2817,155.1157,175.5915,5.4397,2.31
162.567,4877,,1.0719,1.5875,-0.1497,5.9146,1.7371,0.2937,1.5618,1.3734,0.7704,0.3563,0.0619,1.0823,0.7759,0.7914,0.6031,0.4141,0.2944,155.9653,173.9594,4.9984,2.2928
162.6,4878,,1.0901,1.5984,-0.101,5.8629,1.6994,0.2899,1.5706,1.3894,0.7909,0.3726,0.0686,1.098,0.7893,0.7797,0.5985,0.4183,0.304,156.8081,172.845,4.3861,2.2852
162.633,4879,,1.1037,1.6063,-0.0626,5.8053,1.6688,0.2875,1.5769,1.4012,0.8063,0.3777,0.0729,1.1116,0.7997,0.7706,0.5948,0.4286,0.3048,157.1837,172.4012,3.9783,2.288
162.667,4880,,1.1189,1.6105,-0.0258,5.7126,1.6363,0.2864,1.5816,1.4135,0.8243,0.3881,0.0763,1.1241,0.8108,0.7573,0.5892,0.4362,0.3118,159.6315,172.5201,3.5116,2.2951
162.7,4881,,1.1361,1.6176,0.017,5.6219,1.6006,0.2847,1.588,1.4274,0.8448,0.4117,0.0794,1.1376,0.8251,0.7432,0.5825,0.4332,0.3323,165.4003,172.7106,3.3718,2.3012
162.733,4882,,1.1528,1.6304,0.0677,5.5704,1.5627,0.2805,1.5959,1.4414,0.8642,0.4359,0.0815,1.1505,0.8408,0.7316,0.5771,0.4283,0.3545,170.058,172.8907,3.4173,2.3115
162.767,4883,,1.1666,1.6408,0.0553,5.5962,1.5855,0.2833,1.6019,1.4533,0.8798,0.4572,0.0819,1.1607,0.8542,0.722,0.5735,0.4227,0.3752,173.9495,172.8857,3.4507,2.4212
162.8,4884,,1.1754,1.6311,0.0176,5.4509,1.6135,0.296,1.5944,1.4615,0.8892,0.4685,0.0812,1.1657,0.8612,0.7052,0.5723,0.4208,0.3873,176.2147,172.8,3.76,2.4786
162.833,4885,,1.182,1.6566,-0.0231,5.6588,1.6797,0.2968,1.6105,1.4697,0.8943,0.4778,0.0792,1.1756,0.8731,0.7162,0.5754,0.4165,0.3987,175.6395,172.5514,4.2037,2.6514
162.867,4886,,1.1778,1.656,-0.0547,5.6086,1.7107,0.305,1.6104,1.4732,0.8825,0.4755,0.0768,1.1813,0.8796,0.7279,0.5908,0.407,0.3987,174.5085,172.633,4.5646,2.7214
162.9,4887,,1.1705,1.6301,-0.0737,5.3134,1.7038,0.3207,1.5965,1.4716,0.8693,0.4647,0.075,1.1824,0.8799,0.7271,0.6022,0.4046,0.3896,174.2456,172.6945,5.1276,2.6792
162.933,4888,,1.1631,1.6223,-0.0822,5.2112,1.7045,0.3271,1.5902,1.4661,0.8601,0.4572,0.0741,1.179,0.874,0.7301,0.606,0.403,0.3831,174.1872,172.6205,5.7877,2.659
162.967,4889,,1.1503,1.6138,-0.0838,5.1013,1.6975,0.3328,1.583,1.4591,0.8416,0.4391,0.0739,1.1726,0.8694,0.7414,0.6175,0.4025,0.3652,174.2058,172.8524,6.2845,2.6152
163.0,4890,,1.1378,1.6093,-0.0866,5.0317,1.6959,0.337,1.576,1.4484,0.8273,0.4242,0.0735,1.1655,0.8645,0.7488,0.6211,0.4031,0.3507,174.2776,172.7339,6.8381,2.5669
163.033,4891,,1.1208,1.5973,-0.0883,4.9268,1.6856,0.3421,1.5643,1.4333,0.8084,0.4009,0.0733,1.1492,0.8499,0.7559,0.6249,0.4075,0.3276,174.9763,172.2883,7.0827,2.4895
163.067,4892,,1.1087,1.5852,-0.0881,4.8211,1.6733,0.3471,1.5529,1.4212,0.7961,0.3844,0.0733,1.1373,0.8389,0.7569,0.6251,0.4117,0.3111,175.6346,171.9478,7.1477,2.4055
163.1,4893,,1.0998,1.5757,-0.0818,4.7291,1.6575,0.3505,1.5439,1.4132,0.7864,0.3745,0.074,1.13,0.8306,0.7576,0.6268,0.4119,0.3005,176.1932,171.7131,7.2883,2.3194
163.133,4894,,1.0928,1.5685,-0.0762,4.656,1.6447,0.3532,1.5366,1.4064,0.7793,0.3699,0.0745,1.1228,0.8236,0.7573,0.6271,0.4093,0.2955,175.6108,171.542,7.5631,2.233
163.167,4895,,1.0894,1.5626,-0.0695,4.5934,1.6322,0.3553,1.53,1.4011,0.7777,0.3728,0.0751,1.1169,0.8182,0.7523,0.6235,0.4049,0.2977,174.27,171.4811,7.9899,2.1474
163.2,4896,,1.089,1.5595,-0.0531,4.5275,1.6126,0.3562,1.5268,1.4004,0.7777,0.3694,0.0766,1.1157,0.8156,0.7491,0.6227,0.4083,0.2928,173.07,171.464,8.2625,2.0667
163.233,4897,,1.0947,1.5594,-0.0312,4.463,1.5906,0.3564,1.528,1.404,0.7853,0.3713,0.0783,1.1196,0.8207,0.7427,0.6187,0.414,0.293,169.7775,171.1423,8.5746,1.9922
163.267,4898,,1.1069,1.5638,-0.0036,4.4042,1.5674,0.3559,1.5322,1.4129,0.801,0.3866,0.0801,1.1328,0.8334,0.7312,0.6118,0.4144,0.3065,166.9075,170.8689,8.8261,1.9293
163.3,4899,,1.1174,1.5678,0.0326,4.3358,1.5352,0.3541,1.5371,1.4192,0.8157,0.3969,0.0817,1.1422,0.8447,0.7214,0.6035,0.4187,0.3152,165.4441,170.1061,8.9933,1.8682
163.333,4900,,1.1268,1.5715,0.0632,4.2721,1.5083,0.3531,1.539,1.4248,0.8289,0.4047,0.0824,1.1506,0.8545,0.7101,0.596,0.4241,0.3223,163.9451,169.3829,9.1029,1.8235
163.367,4901,,1.1396,1.5759,0.0662,4.238,1.5097,0.3562,1.5448,1.433,0.8463,0.4233,0.0824,1.1618,0.8673,0.6985,0.5867,0.423,0.3408,164.0048,168.9992,9.163,1.7896
163.4,4902,,1.156,1.5837,0.0191,4.2608,1.5645,0.3672,1.5524,1.4434,0.8686,0.4514,0.0811,1.1766,0.8848,0.6838,0.5748,0.4172,0.3703,165.9021,169.1276,9.3055,1.842
163.433,4903,,1.1665,1.5879,-0.0261,4.2635,1.6141,0.3786,1.557,1.4502,0.8828,0.4701,0.0789,1.1869,0.898,0.6742,0.5674,0.4127,0.3912,168.9278,169.6235,9.3349,1.9004
163.467,4904,,1.1723,1.5886,-0.0614,4.25,1.65,0.3882,1.5568,1.4523,0.8922,0.4805,0.077,1.1923,0.9042,0.6646,0.5601,0.4117,0.4035,172.0597,169.9904,8.9439,1.9476
163.5,4905,,1.1734,1.5866,-0.089,4.2185,1.6756,0.3972,1.5545,1.4546,0.8922,0.4736,0.0757,1.193,0.9067,0.6623,0.5623,0.4186,0.3979,175.1071,169.9992,8.1939,1.9887
163.533,4906,,1.171,1.5833,-0.1147,4.1775,1.698,0.4065,1.5525,1.4516,0.8905,0.4684,0.074,1.1899,0.909,0.662,0.5611,0.4221,0.3944,177.8531,170.0584,7.0748,2.0428
163.567,4907,,1.1589,1.5773,-0.1278,4.1241,1.7051,0.4134,1.5464,1.4404,0.8773,0.4585,0.073,1.1803,0.8988,0.6691,0.5631,0.4188,0.3855,179.243,170.1557,5.8284,2.1132
163.6,4908,,1.1391,1.5709,-0.1383,4.076,1.7092,0.4193,1.5385,1.4275,0.8507,0.4384,0.072,1.1641,0.8825,0.6878,0.5769,0.4123,0.3664,179.0995,169.8789,5.087,2.2025
163.633,4909,,1.1241,1.5631,-0.1436,4.0181,1.7067,0.4247,1.531,1.4171,0.831,0.4157,0.0714,1.1476,0.8616,0.7,0.5861,0.4153,0.3443,179.1435,169.5877,4.7408,2.2968
163.667,4910,,1.1119,1.5602,-0.1394,3.9869,1.6996,0.4263,1.5277,1.4094,0.8143,0.3896,0.0722,1.1326,0.8394,0.7134,0.5951,0.4247,0.3173,178.4304,169.1888,4.8301,2.3703
163.7,4911,,1.1008,1.5611,-0.1332,3.9676,1.6943,0.427,1.5279,1.4065,0.7951,0.3625,0.0734,1.1265,0.8245,0.7328,0.6113,0.4326,0.2891,178.2096,169.0448,5.0162,2.4312
163.733,4912,,1.097,1.5649,-0.1211,3.9558,1.6859,0.4262,1.5315,1.4069,0.787,0.3494,0.0752,1.1211,0.8116,0.7444,0.6199,0.4376,0.2742,175.554,169.4673,4.8369,2.462
163.767,4913,,1.102,1.5702,-0.0975,3.9275,1.6676,0.4246,1.5376,1.4127,0.7912,0.3471,0.0783,1.1208,0.8104,0.7464,0.6215,0.4441,0.2689,166.8469,170.3254,4.903,2.4342
163.8,4914,,1.1047,1.578,-0.0804,3.921,1.6584,0.423,1.5452,1.4196,0.7898,0.3361,0.08,1.1232,0.8081,0.7554,0.6297,0.4537,0.2561,158.1237,172.0692,5.7655,2.3771
163.833,4915,,1.1016,1.5796,-0.0727,3.9073,1.6523,0.4229,1.5443,1.4205,0.7826,0.3112,0.0803,1.12,0.7962,0.7617,0.6379,0.4714,0.2309,149.2633,174.2859,5.9123,2.3085
163.867,4916,,1.0921,1.5797,-0.0632,3.8843,1.643,0.423,1.5438,1.4186,0.7656,0.289,0.08,1.1163,0.7866,0.7781,0.6529,0.4767,0.209,139.3392,176.6827,5.6585,2.221
163.9,4917,,1.1087,1.5933,0.0054,3.8354,1.5879,0.414,1.5568,1.4333,0.784,0.315,0.0811,1.1362,0.8103,0.7728,0.6493,0.469,0.234,143.3293,178.2711,5.8538,2.117
163.933,4918,,1.1219,1.6014,0.0454,3.7933,1.556,0.4102,1.563,1.4449,0.799,0.3474,0.0815,1.1503,0.8255,0.764,0.646,0.4515,0.2659,148.107,178.4564,6.0003,2.0355
163.967,4919,,1.1281,1.6043,0.08,3.7359,1.5243,0.408,1.5647,1.4491,0.8071,0.3733,0.08,1.159,0.8368,0.7576,0.642,0.4338,0.2933,160.3959,177.1606,6.2217,1.9529
164.0,4920,,0.9231,1.4728,0.0,3.4686,1.4728,0.4246,1.4228,1.2943,0.5519,0.0505,,0.9629,0.5956,0.8709,0.7424,0.5014,,,177.4599,6.336,1.665
164.033,4921,,0.9315,1.4775,0.0,3.4446,1.4775,0.4289,1.4282,1.3031,0.56,0.0625,,0.9732,0.6117,0.8682,0.7431,0.4975,,,176.6633,6.5607,1.6432
164.067,4922,,0.9409,1.4783,0.0,3.4061,1.4783,0.434,1.431,1.3072,0.5747,0.0736,,0.9817,0.6245,0.8563,0.7325,0.5011,,,175.213,6.2623,1.6185
164.1,4923,,0.9491,1.4806,0.0,3.3725,1.4806,0.439,1.434,1.3107,0.5874,0.0863,,0.9903,0.639,0.8466,0.7233,0.5012,,,173.9521,6.1258,1.6036
164.133,4924,,0.9432,1.4744,0.0,3.3198,1.4744,0.4441,1.4259,1.3019,0.5845,0.0911,,0.9838,0.6357,0.8414,0.7174,0.4934,,,172.6583,6.1065,1.5647
164.167,4925,,0.9429,1.4757,0.0,3.2686,1.4757,0.4515,1.4298,1.303,0.5828,0.0986,,0.9944,0.6529,0.847,0.7202,0.4842,,,171.1082,6.052,1.5488
164.2,4926,,0.944,1.4728,-0.0,3.2039,1.4728,0.4597,1.4275,1.3011,0.5869,0.1058,,1.0,0.6623,0.8406,0.7142,0.4812,,,169.1391,5.7898,1.5317
164.233,4927,,0.9317,1.4594,0.0,3.1202,1.4594,0.4677,1.4144,1.2899,0.5736,0.0973,,0.9878,0.6502,0.8408,0.7162,0.4763,,,167.1762,5.2421,1.5029
164.267,4928,,0.9256,1.4492,0.0,3.0465,1.4492,0.4757,1.4042,1.2801,0.5712,0.0976,,0.9803,0.6392,0.8331,0.7089,0.4736,,,164.5181,5.2545,1.4859
164.3,4929,,0.9215,1.4379,0.0,2.9673,1.4379,0.4846,1.3949,1.2737,0.5693,0.1025,,0.9715,0.6288,0.8256,0.7043,0.4668,,,163.1107,5.141,1.4808
164.333,4930,,0.9151,1.4301,-0.0,2.9002,1.4301,0.4931,1.3913,1.2685,0.5618,0.1054,,0.9633,0.6269,0.8295,0.7067,0.4564,,,162.7083,5.496,1.4941
164.367,4931,,0.9152,1.4293,0.0,2.8607,1.4293,0.4996,1.3918,1.268,0.5623,0.1074,,0.9595,0.6262,0.8296,0.7058,0.4549,,,165.3184,6.036,1.5424
164.4,4932,,0.9015,1.4199,-0.0,2.7959,1.4199,0.5078,1.3903,1.2629,0.5401,0.0881,,0.9481,0.6182,0.8503,0.7228,0.4519,,,169.4372,6.7837,1.5931
164.433,4933,,0.8903,1.4076,0.0,2.7503,1.4076,0.5118,1.3766,1.2475,0.5331,0.0821,,0.9277,0.5886,0.8434,0.7144,0.451,,,176.6124,6.6934,1.6442
164.467,4934,,0.8729,1.3916,0.0,2.6915,1.3916,0.517,1.3598,1.2286,0.5172,0.0802,,0.9038,0.5563,0.8426,0.7113,0.437,,,172.4044,6.732,1.7
164.5,4935,,0.8479,1.3786,0.0,2.6393,1.3786,0.5223,1.3434,1.2113,0.4845,0.0761,,0.8804,0.5225,0.8589,0.7268,0.4084,,,170.4089,7.264,1.7816
164.533,4936,,0.8354,1.3666,-0.0,2.593,1.3666,0.527,1.3324,1.2001,0.4707,0.072,,0.8582,0.4919,0.8617,0.7294,0.3987,,,168.9514,7.6949,1.867
164.567,4937,,0.8186,1.3541,0.0,2.5497,1.3541,0.5311,1.324,1.1874,0.4497,0.072,,0.8351,0.4574,0.8743,0.7377,0.3777,,,165.0596,7.7693,1.8952
164.6,4938,,0.8251,1.3534,0.0,2.5306,1.3534,0.5348,1.317,1.188,0.4622,0.0771,,0.8358,0.4475,0.8548,0.7258,0.3851,,,165.6001,7.1531,1.9151
164.633,4939,,0.7887,1.3281,-0.0,2.4762,1.3281,0.5364,1.297,1.15,0.4275,0.1616,,0.7776,0.3862,0.8695,0.7225,0.2659,,,156.6638,7.2648,1.8435
164.667,4940,,0.8106,1.346,0.0,2.4944,1.346,0.5396,1.3088,1.1607,0.4604,0.1952,,0.7834,0.4003,0.8484,0.7003,0.2652,,,155.9603,6.7859,1.949
164.7,4941,,0.8114,1.3512,0.0,2.494,1.3512,0.5418,1.314,1.1611,0.4616,0.1964,,0.7715,0.4042,0.8524,0.6995,0.2652,,,156.3003,6.1477,2.0648
164.733,4942,,0.8086,1.3536,0.0,2.4835,1.3536,0.545,1.3131,1.1688,0.4485,0.1982,,0.7707,0.4071,0.8647,0.7203,0.2503,,,156.38,5.1384,2.2001
164.767,4943,,0.7942,1.3485,0.0,2.4535,1.3485,0.5496,1.3073,1.1679,0.4205,,,0.7701,0.4082,0.8868,0.7473,,,,,3.5411,2.2383
164.8,4944,,0.7874,1.3345,0.0,2.403,1.3345,0.5554,1.299,1.1595,0.4154,,,0.7615,0.4009,0.8836,0.7441,,,,,1.6061,2.1906
164.833,4945,,0.7661,1.3314,0.0,2.392,1.3314,0.5566,1.2935,1.1472,0.3849,,,0.7442,0.3926,0.9086,0.7623,,,,,0.898,2.2431
164.867,4946,,0.7382,1.3209,0.0,2.3606,1.3209,0.5596,1.2819,1.1276,0.3488,,,0.7124,0.3736,0.9331,0.7788,,,,,0.6683,2.2368
164.9,4947,,0.7166,1.3177,0.0,2.3608,1.3177,0.5581,1.2732,1.1176,0.3157,,,0.6798,0.0,0.9575,0.8018,,,,,0.7159,2.293
164.933,4948,,0.7042,1.316,-0.0,2.3627,1.316,0.557,1.2753,1.1148,0.2936,,,0.6589,-0.0,0.9817,0.8212,,,,,1.4128,2.1975
164.967,4949,,0.7023,1.3202,0.0,2.3861,1.3202,0.5533,1.281,1.1128,0.2919,,,0.6577,0.0,0.9891,0.8209,,,,,1.053,2.1438
165.0,4950,,0.703,1.3226,0.0,2.4049,1.3226,0.55,1.2854,1.1135,0.2925,,,0.6562,0.0,0.9928,0.8209,,,,,0.7384,2.1213
165.033,4951,,0.6842,1.3261,0.0,2.4321,1.3261,0.5453,1.2868,1.1102,0.2582,,,0.6458,0.0,1.0285,0.852,,,,,0.7535,2.1171
165.067,4952,,0.672,1.3295,0.0,2.4554,1.3295,0.5415,1.2915,1.1067,0.2373,,,0.4489,0.0,1.0542,0.8694,,,,,1.4171,2.0687
165.1,4953,,0.6666,1.3305,0.0,2.472,1.3305,0.5382,1.2936,1.1009,0.2323,,,0.649,0.0,1.0613,0.8686,,,,,1.6172,2.0213
165.133,4954,,0.6637,1.3334,-0.0,2.4925,1.3334,0.535,1.2976,1.0988,0.2287,,,0.6475,-0.0,1.0689,0.8701,,,,,1.4465,1.9551
165.167,4955,,0.6654,1.336,0.0,2.5117,1.336,0.5319,1.3009,1.1006,0.2302,,,0.6441,0.0,1.0707,0.8704,,,,,0.1394,1.9158
165.2,4956,,0.6669,1.3383,0.0,2.528,1.3383,0.5294,1.3033,1.1032,0.2306,,,0.6442,0.0,1.0727,0.8725,,,,,0.3845,1.907
165.233,4957,,0.6704,1.3404,0.0,2.5444,1.3404,0.5268,1.3051,1.1032,0.2377,,,0.6425,0.0,1.0675,0.8655,,,,,0.5156,1.8935
165.267,4958,,0.676,1.3428,0.0,2.5593,1.3428,0.5247,1.3085,1.1068,0.2452,,,0.6517,0.3243,1.0634,0.8616,,,,,1.6268,1.84
165.3,4959,,0.6836,1.344,0.0,2.5687,1.344,0.5232,1.3102,1.1071,0.2601,,,0.6576,0.3351,1.0501,0.847,,,,,0.6027,1.8195
165.333,4960,,0.6838,1.3464,0.0,2.5863,1.3464,0.5206,1.3096,1.1038,0.2639,,,0.662,0.3457,1.0457,0.8398,,,,,1.0608,1.8004
165.367,4961,,0.6801,1.3423,-0.0,2.5795,1.3423,0.5204,1.3082,1.1034,0.2568,,,0.6653,0.3501,1.0514,0.8466,,,,,3.6193,1.7557
165.4,4962,,0.6802,1.3369,0.0,2.5681,1.3369,0.5206,1.3016,1.1047,0.2558,,,0.6636,0.3521,1.0458,0.8489,,,,,5.6033,1.7194
165.433,4963,,0.6807,1.3291,0.0,2.5453,1.3291,0.5222,1.2912,1.1017,0.2596,,,0.6551,0.352,1.0316,0.8421,,,,,5.3119,1.6914
165.467,4964,,0.6838,1.3177,0.0,2.5069,1.3177,0.5256,1.28,1.0997,0.2679,,,0.6486,0.3521,1.0121,0.8318,,,,,6.4878,1.6587
165.5,4965,,0.6854,1.306,0.0,2.4707,1.306,0.5286,1.266,1.097,0.2739,,,0.6332,0.344,0.9921,0.8231,,,,,8.278,1.6092
165.533,4966,,0.6842,1.29,0.0,2.4175,1.29,0.5336,1.2511,1.0889,0.2795,,,0.6158,0.3341,0.9716,0.8094,,,,,8.6341,1.591
165.567,4967,,0.6649,1.2607,0.0,2.3354,1.2607,0.5398,1.2284,1.0709,0.2588,,,0.5872,0.3163,0.9696,0.812,,,,,11.4443,1.5251
165.6,4968,,0.6278,1.227,0.0,2.2533,1.227,0.5446,1.1869,1.0377,0.2178,,,0.5267,0.2862,0.9691,0.8199,,,,,13.3533,1.4647
165.633,4969,,0.582,1.1883,0.0,2.1638,1.1883,0.5492,1.1469,0.9897,0.1743,,,0.4597,0.2512,0.9726,0.8154,,,,,13.5004,1.4174
165.667,4970,,0.4903,1.1202,-0.0,2.0262,1.1202,0.5529,1.0853,0.8984,0.0822,,,0.3528,0.4138,1.003,0.8161,,,,,16.6812,1.209
165.7,4971,,0.4871,1.1064,0.0,1.9815,1.1064,0.5584,1.0763,0.8917,0.0825,,,0.3393,0.402,0.9938,0.8092,,,,,21.732,1.1328
165.733,4972,,0.4672,1.0808,-0.0124,1.9384,1.0932,0.564,1.0614,0.8625,0.0718,,,0.3016,0.3693,0.9895,0.7907,,,,,26.5822,1.0389
165.767,4973,,0.4468,1.0514,-0.0234,1.8918,1.0749,0.5682,1.0514,0.8341,0.0594,,,0.3024,0.3251,0.992,0.7747,,,,,30.0223,1.0757
165.8,4974,,0.4574,1.0592,0.0,1.8552,1.0592,0.5709,1.0592,0.8386,0.0763,,,0.6119,0.3323,0.9829,0.7623,,,,,34.7583,0.9559
165.833,4975,,0.586,0.7855,-0.1441,1.4233,0.9296,0.6531,,0.586,,,,0.3138,0.3879,,,,,,,,1.8641
165.9,4977,,0.261,0.532,0.0,0.893,0.532,0.5958,0.532,0.261,,,,,,,,,,,,,1.0557
