t,frame,posture,h_torso,h_max,h_min,floor_spread,vertical_extent,compactness,h_head,h_shoulder,h_hip,h_knee,h_ankle,h_elbow,h_wrist,head_above_hip,shoulder_above_hip,hip_above_knee,knee_above_ankle,knee_angle,hip_angle,torso_tilt,bbox_aspect
6.333,190,,0.2801,0.5393,0.08,0.6794,0.4593,0.6761,0.5393,0.2801,,0.3383,0.08,,,,,,0.2583,,,,0.3364
6.367,191,,-0.2303,-0.0,-0.2303,0.6393,0.2303,0.3602,-0.0005,-0.2303,,,,,,,,,,,,,0.2076
6.4,192,,-0.0523,0.1073,-0.1046,0.6375,0.2119,0.3324,0.1054,-0.0523,,,,,,,,,,,,,0.3314
6.433,193,,-0.014,0.1726,-0.0279,0.6315,0.2005,0.3175,0.1573,-0.014,,,,,,,,,,,,,0.39
6.467,194,,0.0208,0.1838,-0.0,0.6301,0.1838,0.2916,0.1838,0.0208,,,,,,,,,,,,,0.3899
6.5,195,,0.0439,0.4823,0.0,0.7422,0.4823,0.6498,0.359,0.0439,,,,,,,,,,,,,0.7592
6.533,196,,0.0657,0.5943,0.0,0.937,0.5943,0.6342,0.4383,0.0657,,,,,,,,,,,,,0.9089
6.567,197,,0.0899,0.5973,0.0,0.9364,0.5973,0.6379,0.4623,0.0899,,,,,,,,,,,,,0.9134
6.6,198,,0.1073,0.5635,0.0,0.8705,0.5635,0.6474,0.464,0.1073,,,,,,,,,,,,,0.86
6.633,199,,-0.1631,0.1929,-0.1631,0.6356,0.356,0.5601,0.0965,-0.1631,,,,,,,,,,,,,0.4274
6.667,200,,0.0,0.3327,0.0,0.5518,0.3327,0.603,0.3327,0.0,,,,,,,,,,,,,0.423
6.7,201,,-0.0,0.339,-0.0,0.566,0.339,0.5989,0.339,-0.0,,,,,,,,,,,,,0.4209
6.733,202,,0.0,0.351,0.0,0.5932,0.351,0.5918,0.351,0.0,,,,,,,,,,,,,0.4149
6.767,203,,-0.0,0.3756,-0.0,0.6457,0.3756,0.5817,0.3756,-0.0,,,,,,,,,,,,,0.4047
6.8,204,,0.0,0.3933,0.0,0.687,0.3933,0.5725,0.3933,0.0,,,,,,,,,,,,,0.421
6.833,205,,0.0,0.4124,0.0,0.7294,0.4124,0.5654,0.4124,0.0,,,,,,,,,,,,,0.4433
6.867,206,,0.0,0.4296,0.0,0.7669,0.4296,0.5602,0.4296,0.0,,,,,,,,,,,,,0.4799
6.9,207,,0.0,0.4384,0.0,0.7878,0.4384,0.5565,0.4384,0.0,,,,,,,,,,,,,0.5061
6.933,208,,0.0,0.4426,0.0,0.7985,0.4426,0.5544,0.4426,0.0,,,,,,,,,,,,,0.5211
6.967,209,,0.0,0.4554,0.0,0.8211,0.4554,0.5546,0.4554,0.0,,,,,,,,,,,,,0.5694
7.0,210,,0.6357,0.9875,0.0,1.7304,0.9875,0.5707,0.9875,0.6357,,,,0.0,,,,,,,,,0.8783
7.033,211,,0.6339,0.9875,0.0,1.729,0.9875,0.5711,0.9875,0.6339,,,,0.0,,,,,,,,,0.9078
7.067,212,,0.6311,0.9876,0.0,1.7282,0.9876,0.5714,0.9876,0.6311,,,,0.0,,,,,,,,,0.9461
7.1,213,,0.0,0.4754,0.0,0.8501,0.4754,0.5592,0.4754,0.0,,,,,,,,,,,,,0.6944
7.133,214,,0.0,0.4764,0.0,0.8473,0.4764,0.5622,0.4764,0.0,,,,,,,,,,,,,0.7365
7.167,215,,0.0,0.4789,0.0,0.8483,0.4789,0.5645,0.4789,0.0,,,,,,,,,,,,,0.7774
7.2,216,,0.0,0.4801,0.0,0.8473,0.4801,0.5667,0.4801,0.0,,,,,,,,,,,,,0.8142
7.233,217,,0.0,0.4802,0.0,0.843,0.4802,0.5696,0.4802,0.0,,,,,,,,,,,,,0.8578
7.267,218,,0.0,0.485,0.0,0.8496,0.485,0.5709,0.485,0.0,,,,,,,,,,,,,0.8878
7.3,219,,-0.0008,0.4679,-0.0017,0.9684,0.4695,0.4849,0.4679,-0.0008,,,,,,,,,,,,,0.7382
7.333,220,,0.005,0.4989,0.0,1.035,0.4989,0.482,0.4989,0.005,,,,,,,,,,,,,0.7646
7.367,221,,0.5705,0.9304,0.0,1.614,0.9304,0.5765,0.9304,0.5705,,,,0.0,,,,,,,,,0.7138
7.4,222,,0.5862,0.938,0.0,1.6231,0.938,0.5779,0.938,0.5862,,,,0.0,,,,,,,,,0.7069
7.433,223,,0.6062,0.9536,0.0,1.6468,0.9536,0.5791,0.9536,0.6062,,,,0.0,,,,,,,,,0.6926
7.467,224,,0.6284,0.9703,0.0,1.6742,0.9703,0.5796,0.9703,0.6284,,,,0.0,,,,,,,,,0.6729
7.5,225,,0.6509,0.9863,-0.0,1.6998,0.9863,0.5803,0.9863,0.6509,,,,-0.0,,,,,,,,,0.6757
7.533,226,,0.6683,1.0836,0.0,1.9894,1.0836,0.5447,1.0434,0.6683,,,,0.0,,,,,,,,,0.6805
7.567,227,,0.6853,1.0242,0.0,1.7721,1.0242,0.578,1.0242,0.6853,,,,0.0,,,,,,,,,0.6969
7.6,228,,0.3185,0.8112,-0.3556,2.0849,1.1668,0.5596,0.7937,0.3185,,,,-0.1778,,,,,,,,,0.7458
7.633,229,,0.3334,0.8228,-0.3787,2.1022,1.2015,0.5716,0.8069,0.3334,,,,-0.1755,-0.3787,,,,,,,,0.739
7.667,230,,0.3623,0.8526,-0.3535,2.1396,1.2061,0.5637,0.8368,0.3623,,,,-0.1644,-0.3535,,,,,,,,0.7535
7.7,231,,0.4056,0.8852,-0.3198,2.1638,1.205,0.5569,0.8685,0.4056,,,,-0.1482,-0.3198,,,,,,,,0.7733
7.733,232,,0.4449,0.9142,-0.2914,2.1857,1.2055,0.5516,0.897,0.4449,,,,-0.1351,-0.2914,,,,,,,,0.7958
7.767,233,,0.4778,0.944,-0.2613,2.2312,1.2053,0.5402,0.9265,0.4778,,,,-0.1224,-0.2613,,,,,,,,0.8118
7.8,234,,0.4905,0.9604,-0.2426,2.2762,1.203,0.5285,0.9406,0.4905,,,,-0.1213,-0.2399,,,,,,,,0.8136
7.833,235,,0.4865,0.9617,-0.2604,2.3092,1.2221,0.5292,0.9398,0.4865,,,,-0.1302,-0.2391,,,,,,,,0.8053
7.867,236,,0.3936,1.0785,-0.1136,2.3187,1.1921,0.5141,1.056,0.6472,-0.1136,,,0.0823,-0.0049,1.1696,0.7608,,,,,17.0789,0.8968
7.9,237,,0.2425,1.0957,-0.2729,2.3335,1.3686,0.5865,1.0746,0.6727,-0.1878,,,0.1214,0.0313,1.2624,0.8605,,,,,2.6877,0.9076
7.933,238,,0.2374,1.1008,-0.2893,2.3513,1.3901,0.5912,1.0801,0.6762,-0.2014,,,0.133,0.051,1.2815,0.8776,,,,,1.0421,0.9082
7.967,239,,0.5018,1.269,0.0,2.3866,1.269,0.5317,1.2304,0.8767,0.1269,,,0.3998,0.3604,1.1036,0.7499,,,,,0.1489,0.9187
8.0,240,,0.5079,1.2761,0.0,2.4069,1.2761,0.5302,1.2393,0.8885,0.1273,,,0.4144,0.3647,1.112,0.7612,,,,,0.3883,0.9244
8.033,241,,0.5107,1.2757,0.0,2.402,1.2757,0.5311,1.2416,0.8954,0.126,,,0.4258,0.3674,1.1156,0.7695,,,,,0.5314,0.9231
8.067,242,,0.5126,1.2717,0.0,2.3846,1.2717,0.5333,1.2402,0.9011,0.1242,,,0.4338,0.3789,1.116,0.7768,,,,,0.4255,0.9095
8.1,243,,0.5129,1.2372,-0.0,2.2565,1.2372,0.5483,1.2225,0.9039,0.1219,,,0.4337,0.396,1.1007,0.782,,,,,0.8715,0.9299
8.133,244,,0.5142,1.2367,0.0,2.2552,1.2367,0.5484,1.2218,0.9082,0.1202,,,0.435,0.4074,1.1016,0.788,,,,,1.3875,0.9438
8.167,245,,0.5163,1.2315,0.0,2.2377,1.2315,0.5504,1.208,0.9138,0.1189,,,0.4354,0.4016,1.0891,0.795,,,,,1.7127,0.9564
8.2,246,,0.5178,1.2265,0.0,2.2205,1.2265,0.5524,1.203,0.9175,0.1181,,,0.4341,0.3905,1.0849,0.7994,,,,,2.0345,0.9711
8.233,247,,0.5187,1.2198,-0.0,2.1986,1.2198,0.5548,1.1961,0.9204,0.1171,,,0.4316,0.3851,1.0791,0.8033,,,,,2.2626,0.9829
8.267,248,,0.5161,1.209,0.0,2.1677,1.209,0.5578,1.1858,0.9185,0.1137,,,0.4233,0.3806,1.0721,0.8048,,,,,2.2051,0.9833
8.3,249,,0.5136,1.1966,0.0,2.1321,1.1966,0.5612,1.1733,0.9133,0.1138,,,0.4123,0.3778,1.0595,0.7994,,,,,2.9894,0.9902
8.333,250,,0.5136,1.1728,0.0,2.058,1.1728,0.5699,1.1513,0.9127,0.1146,,,0.405,0.3777,1.0368,0.7981,,,,,3.8099,0.986
8.367,251,,0.5139,1.1472,-0.0,1.9786,1.1472,0.5798,1.129,0.9121,0.1157,,,0.4009,0.3931,1.0133,0.7964,,,,,4.3563,0.9814
8.4,252,,0.5148,1.1266,-0.0,1.9156,1.1266,0.5881,1.1028,0.9126,0.1171,,,0.3937,0.4129,0.9856,0.7954,,,,,5.1366,0.9739
8.433,253,,0.5165,1.1109,-0.0195,1.9314,1.1303,0.5853,1.0762,0.913,0.12,,,0.3901,0.4313,0.9562,0.793,,,,,5.6934,0.9866
8.467,254,,0.5181,1.1189,-0.0376,1.9805,1.1565,0.5839,1.0582,0.9126,0.1237,,,0.3894,0.449,0.9345,0.7888,,,,,6.1326,1.0103
8.5,255,,0.5214,1.1351,-0.0435,2.0277,1.1787,0.5813,1.0404,0.9136,0.1292,,,0.3958,0.4635,0.9112,0.7844,,,,,6.3468,1.038
8.533,256,,0.5239,1.1489,-0.0452,2.0635,1.1941,0.5787,1.0294,0.9136,0.1341,,,0.4078,0.4762,0.8953,0.7796,,,,,6.8932,1.0712
8.567,257,,0.5269,1.1622,-0.0424,2.0952,1.2045,0.5749,1.022,0.9164,0.1375,,,0.4202,0.5071,0.8845,0.7788,,,,,7.1414,1.1214
8.6,258,,0.5311,1.177,-0.0341,2.1298,1.2111,0.5686,1.0205,0.9229,0.1393,,,0.4315,0.5382,0.8812,0.7837,,,,,7.3734,1.1836
8.633,259,,0.528,1.1757,-0.0177,2.1107,1.1934,0.5654,1.0214,0.9228,0.1332,,,0.4481,0.5327,0.8882,0.7896,,,,,7.2671,1.2374
8.667,260,,0.5289,1.1842,0.0,2.1143,1.1842,0.5601,1.0254,0.9305,0.1273,,,0.4692,0.5386,0.8981,0.8032,,,,,6.9928,1.3191
8.7,261,,0.5306,1.1894,0.0,2.1256,1.1894,0.5595,1.0308,0.939,0.1222,,,0.4921,0.5369,0.9085,0.8168,,,,,6.7671,1.3987
8.733,262,,0.5343,1.1964,0.0,2.1514,1.1964,0.5561,1.0327,0.9472,0.1214,,,0.5097,0.524,0.9113,0.8258,,,,,6.6561,1.5027
8.767,263,,0.5381,1.2036,0.0,2.1775,1.2036,0.5528,1.0362,0.9571,0.119,,,0.5285,0.5112,0.9172,0.838,,,,,6.5372,1.6076
8.8,264,,0.545,1.2127,0.0,2.2163,1.2127,0.5472,1.0386,0.9687,0.1213,,,0.5309,0.4889,0.9172,0.8474,,,,,6.8261,1.8937
8.833,265,,0.5508,1.2175,0.0,2.2482,1.2175,0.5415,1.0391,0.9762,0.1254,,,0.5417,0.4682,0.9137,0.8508,,,,,6.9104,1.8812
8.867,266,,0.5476,1.2124,-0.0,2.2446,1.2124,0.5402,1.0336,0.9734,0.1218,,,0.5467,0.4426,0.9118,0.8516,,,,,6.5202,2.0218
8.9,267,,0.5523,1.2296,0.0,2.3181,1.2296,0.5304,1.0292,0.987,0.1175,,,0.5386,0.4208,0.9117,0.8695,,,,,5.9686,2.1582
8.933,268,,0.5525,1.2328,0.0,2.338,1.2328,0.5273,1.0268,0.9947,0.1103,,,0.5338,0.4047,0.9165,0.8844,,,,,5.156,2.3551
8.967,269,,0.5485,1.2274,0.0,2.3295,1.2274,0.5269,1.0224,0.9956,0.1014,,,0.5287,0.3878,0.9209,0.8942,,,,,4.1284,2.6258
9.0,270,,0.5398,1.2086,0.0,2.2754,1.2086,0.5312,1.0149,0.9888,0.0909,,,0.5198,0.3694,0.924,0.8979,,,,,3.7932,2.4886
9.033,271,,0.5282,1.1842,0.0,2.2038,1.1842,0.5373,1.0053,0.9766,0.0798,,,0.5066,0.3503,0.9256,0.8969,,,,,3.3406,2.3331
9.067,272,,0.5147,1.1539,-0.0,2.1125,1.1539,0.5462,0.9976,0.9623,0.0671,,,0.4996,0.3319,0.9304,0.8952,,,,,2.3551,2.1605
9.1,273,,0.502,1.1321,0.0,2.0446,1.1321,0.5537,0.9931,0.9462,0.0578,,,0.4954,0.3166,0.9352,0.8883,,,,,1.3214,2.0306
9.133,274,,0.4888,1.1274,0.0,2.0349,1.1274,0.554,0.9846,0.9282,0.0495,,,0.4869,0.295,0.9351,0.8787,,,,,0.8154,1.96
9.167,275,,0.4824,1.1257,-0.0,2.0269,1.1257,0.5554,0.9797,0.9191,0.0456,,,0.4869,0.2789,0.9341,0.8735,,,,,0.2604,1.9092
9.2,276,,0.4756,1.1184,0.0,2.0035,1.1184,0.5582,0.9705,0.9093,0.0419,,,0.483,0.2574,0.9286,0.8674,,,,,0.3,1.854
9.233,277,,0.4717,1.1091,0.0,1.972,1.1091,0.5624,0.9635,0.9034,0.04,,,0.483,0.2382,0.9236,0.8634,,,,,0.0942,1.7924
9.267,278,,0.4702,1.1015,0.0,1.9429,1.1015,0.5669,0.9531,0.9015,0.0389,,,0.4901,0.223,0.9141,0.8626,,,,,0.0453,1.7122
9.3,279,,0.468,1.0911,0.0,1.9011,1.0911,0.574,0.9432,0.9033,0.0328,,,0.4992,0.2042,0.9105,0.8705,,,,,0.58,1.638
9.333,280,,0.4689,1.0925,0.0,1.8812,1.0925,0.5808,0.9542,0.9125,0.0254,,,0.5245,0.2079,0.9288,0.8871,,,,,1.7632,1.5938
9.367,281,,0.4668,1.0803,0.0,1.8282,1.0803,0.5909,0.9533,0.9059,0.0278,,,0.5345,0.1979,0.9255,0.8781,,,,,2.2248,1.5428
9.4,282,,0.463,1.0563,0.0,1.742,1.0563,0.6064,0.952,0.8964,0.0296,,,0.5386,0.1875,0.9224,0.8668,,,,,3.0955,1.4734
9.433,283,,0.4587,1.028,-0.0101,1.6513,1.0381,0.6286,0.9446,0.8818,0.0356,,,0.5311,0.1709,0.9089,0.8461,,,,,4.5467,1.4059
9.467,284,,0.4473,0.9914,-0.0348,1.5639,1.0262,0.6562,0.9288,0.8589,0.0357,,,0.5084,0.1493,0.8931,0.8232,,,,,6.3106,1.3438
9.5,285,,0.4838,1.0058,-0.0,1.5431,1.0058,0.6518,0.9434,0.8767,0.0909,,,0.5326,0.1737,0.8525,0.7858,,,,,8.249,1.3173
9.533,286,,0.4937,1.0123,0.0,1.5431,1.0123,0.6561,0.9444,0.8745,0.1129,,,0.5308,0.1759,0.8314,0.7616,,,,,11.2498,1.3187
9.567,287,,0.5043,1.0241,0.0,1.5556,1.0241,0.6584,0.9388,0.8765,0.132,,,0.5323,0.1761,0.8068,0.7446,,,,,13.4534,1.3331
9.6,288,,0.5158,1.0322,0.0,1.5614,1.0322,0.6611,0.9337,0.8809,0.1508,,,0.5329,0.179,0.7829,0.7301,,,,,14.7118,1.3407
9.633,289,,0.5356,1.0542,0.0,1.5937,1.0542,0.6615,0.9446,0.8912,0.18,,,0.5462,0.1898,0.7646,0.7112,,,,,15.5409,1.3727
9.667,290,,0.5407,1.056,0.0,1.5875,1.056,0.6652,0.9453,0.889,0.1925,,,0.5476,0.1895,0.7529,0.6965,,,,,16.2655,1.3611
9.7,291,,0.542,1.0552,-0.0,1.5771,1.0552,0.669,0.9341,0.8809,0.2031,,,0.5473,0.1878,0.731,0.6778,,,,,17.2122,1.3464
9.733,292,,0.5406,1.0534,0.0,1.5692,1.0534,0.6713,0.9164,0.871,0.2102,,,0.5403,0.1829,0.7062,0.6608,,,,,18.1167,1.3288
9.767,293,,0.6524,1.042,0.0,1.5448,1.042,0.6745,0.8933,0.8517,0.2539,,,0.5273,0.1735,0.6394,0.5977,,,,,33.9417,1.2957
9.8,294,,0.6321,1.0219,0.0,1.5071,1.0219,0.678,0.8559,0.8282,0.2399,,,0.5043,0.1593,0.616,0.5883,,,,,34.5738,1.2515
9.833,295,,0.6039,0.9983,0.0,1.4743,0.9983,0.6771,0.8266,0.7925,0.2267,,,0.4689,0.141,0.5999,0.5658,,,,,35.4631,1.2148
9.867,296,,0.4729,0.9846,0.0,1.4621,0.9846,0.6734,0.7783,0.771,0.1748,,,0.4401,0.1258,0.6035,0.5962,,,,,19.6979,1.1922
9.9,297,,0.489,0.9716,0.0,1.4519,0.9716,0.6691,0.7374,0.7619,0.216,,,0.4197,0.1178,0.5214,0.5459,,,,,18.4662,1.1665
9.933,298,,0.4751,0.9524,-0.0,1.4297,0.9524,0.6661,0.7025,0.748,0.2021,,,0.3993,0.106,0.5004,0.5459,,,,,15.3359,1.1263
9.967,299,,0.4738,0.9385,0.0,1.4115,0.9385,0.6649,0.6822,0.7361,0.2115,,,0.3853,0.0973,0.4707,0.5246,,,,,13.3355,1.0936
10.0,300,,0.4602,0.9293,-0.0,1.4052,0.9293,0.6613,0.6501,0.7268,0.1936,,,0.3753,0.0904,0.4565,0.5332,,,,,12.3469,1.0654
10.033,301,,0.4617,0.9196,-0.0,1.3876,0.9196,0.6627,0.6385,0.7205,0.2029,,,0.3691,0.0869,0.4356,0.5176,,,,,12.1995,1.0386
10.067,302,,0.4697,0.9237,0.0,1.3901,0.9237,0.6645,0.6365,0.7274,0.212,,,0.3721,0.088,0.4246,0.5154,,,,,11.5371,1.0298
10.1,303,,0.474,0.9226,-0.0,1.387,0.9226,0.6652,0.6336,0.7301,0.2179,,,0.3752,0.0901,0.4157,0.5122,,,,,9.5074,1.0194
10.133,304,,0.4843,0.9333,0.0,1.3988,0.9333,0.6672,0.6275,0.7392,0.2294,,,0.3826,0.0939,0.3981,0.5098,,,,,8.3536,1.0256
10.167,305,,0.5077,0.9562,0.0,1.4201,0.9562,0.6733,0.638,0.7636,0.2519,,,0.4077,0.105,0.3861,0.5117,,,,,7.058,1.0389
10.2,306,,0.533,0.9742,0.0,1.4414,0.9742,0.6758,0.6185,0.7917,0.2743,,,0.449,0.1202,0.3442,0.5174,,,,,6.0397,1.0492
10.233,307,,0.5447,0.9795,-0.0,1.446,0.9795,0.6774,0.6474,0.8125,0.277,,,0.4782,0.1259,0.3704,0.5355,,,,,4.958,1.0417
10.267,308,,0.5463,0.9851,-0.0,1.4597,0.9851,0.6749,0.6575,0.8301,0.2625,,,0.5095,0.1288,0.395,0.5676,,,,,4.0458,1.0338
10.3,309,,0.5292,0.9789,0.0,1.4646,0.9789,0.6684,0.6478,0.8387,0.2198,,,0.5214,0.1173,0.428,0.6189,,,,,2.9463,1.0075
10.333,310,,0.5211,0.9784,0.0,1.475,0.9784,0.6633,0.6508,0.8541,0.1881,,,0.5426,0.1121,0.4627,0.666,,,,,1.6784,0.9848
10.367,311,,0.5144,0.9778,0.0,1.4867,0.9778,0.6577,0.6502,0.8628,0.166,,,0.552,0.1007,0.4841,0.6968,,,,,0.6143,0.9561
10.4,312,,0.5097,0.9801,0.0,1.5005,0.9801,0.6531,0.6389,0.8733,0.1461,,,0.5648,0.0898,0.4928,0.7273,,,,,0.3112,0.9414
10.433,313,,0.5055,0.9795,0.0,1.51,0.9795,0.6487,0.6544,0.875,0.1359,,,0.5661,0.0817,0.5184,0.7391,,,,,0.6383,0.9264
10.467,314,,0.498,0.9733,0.0,1.5062,0.9733,0.6462,0.6497,0.8756,0.1203,,,0.5672,0.0756,0.5294,0.7553,,,,,1.5119,0.9056
10.5,315,,0.4957,0.9795,0.0,1.5224,0.9795,0.6433,0.6343,0.8816,0.1098,,,0.5692,0.0697,0.5245,0.7718,,,,,2.3656,0.8979
10.533,316,,0.4919,0.9842,0.0,1.5364,0.9842,0.6406,0.6333,0.888,0.0958,,,0.5625,0.0662,0.5375,0.7922,,,,,2.8732,0.8943
10.567,317,,0.488,0.9689,0.0,1.5147,0.9689,0.6397,0.6418,0.8839,0.092,,,0.5464,0.066,0.5498,0.792,,,,,3.0534,0.8712
10.6,318,,0.4821,0.9537,0.0,1.4943,0.9537,0.6382,0.636,0.8756,0.0885,,,0.5347,0.0623,0.5474,0.7871,,,,,2.9532,0.8506
10.633,319,,0.4761,0.9549,0.0,1.5037,0.9549,0.635,0.6067,0.8758,0.0763,,,0.5253,0.0533,0.5304,0.7995,,,,,3.019,0.8465
10.667,320,,0.4618,0.947,0.0,1.5017,0.947,0.6306,0.5891,0.8698,0.0538,,,0.5098,0.0413,0.5353,0.816,,,,,3.1192,0.8254
10.7,321,,0.5645,0.9606,0.0,1.4792,0.9606,0.6494,0.6652,0.9383,0.1907,,,0.5915,0.1775,0.4745,0.7476,,,,,3.043,0.7993
10.733,322,,0.5715,0.9697,0.0,1.4424,0.9697,0.6723,0.671,0.9389,0.2042,,,0.5877,0.1948,0.4668,0.7347,,,,,2.6474,0.7807
10.767,323,,0.6227,1.0245,0.0,1.4881,1.0245,0.6885,0.706,0.9631,0.2823,,,0.6239,0.243,0.4237,0.6808,,,,,1.4822,0.7571
10.8,324,,0.603,1.011,0.0,1.4682,1.011,0.6887,,0.9537,0.2523,,,0.5995,0.227,,0.7014,,,,,1.9854,0.7634
10.833,325,,0.6116,1.0281,0.0,1.4915,1.0281,0.6893,0.7036,0.9536,0.2695,,,0.5987,0.236,0.434,0.6841,,,,,0.8192,0.7668
10.867,326,,0.594,1.0086,0.0,1.4499,1.0086,0.6957,0.692,0.9349,0.2532,,,0.5833,0.2302,0.4389,0.6817,,,,,0.1543,0.7549
10.9,327,,0.5747,0.988,0.0,1.4034,0.988,0.704,0.6789,0.9112,0.2382,,,0.5634,0.2242,0.4408,0.673,,,,,1.0448,0.7468
10.933,328,,0.3272,0.6937,-0.0418,1.2148,0.7355,0.6054,0.399,0.693,-0.0385,,,0.3202,0.0,0.4374,0.7315,,,,,2.7534,0.6173
10.967,329,,0.3069,0.6612,-0.0384,1.1775,0.6996,0.5941,0.3813,0.6521,-0.0382,,,0.2921,0.0,0.4195,0.6903,,,,,4.4964,0.603
11.0,330,,0.4039,0.6544,-0.0274,1.1861,0.6818,0.5749,0.4504,0.6196,-0.0274,,,0.254,0.0,0.4778,0.6471,,,,,14.5846,0.6152
11.033,331,,0.4017,0.6578,-0.0,1.1937,0.6578,0.5511,0.4476,0.602,0.0012,,,0.2199,-0.0,0.4464,0.6009,,,,,12.8626,0.6411
11.067,332,,0.4291,0.6859,0.0,0.8728,0.6859,0.7859,0.4319,0.5828,0.1217,,,0.352,0.0,0.3102,0.4611,,,,,12.6539,0.9607
11.1,333,,0.5565,0.7059,-0.0,0.9027,0.7059,0.782,0.4167,0.5565,,,,0.3555,-0.0,,,,,,,,0.9414
11.133,334,,0.52,0.7191,0.0,0.9204,0.7191,0.7813,0.411,0.52,,,,0.3471,0.0,,,,,,,,0.9194
11.167,335,,0.4689,0.73,-0.0,0.9345,0.73,0.7811,0.3853,0.4689,,,,0.3165,-0.0,,,,,,,,0.9202
11.2,336,,0.4357,0.7278,-0.0,0.9282,0.7278,0.7841,0.3632,0.4357,,,,0.3165,-0.0,,,,,,,,0.9096
11.233,337,,0.4304,0.7301,-0.0,0.9295,0.7301,0.7855,0.3516,0.4304,,,,0.3065,-0.0,,,,,,,,0.9099
11.267,338,,0.4196,0.7273,0.0,0.9288,0.7273,0.7831,0.3238,0.4196,,,,0.3223,0.0,,,,,,,,0.9558
11.3,339,,0.2233,0.5626,-0.1161,0.8854,0.6787,0.7665,0.0539,0.2233,,,,,,,,,,,,,0.8513
11.333,340,,0.2226,0.5777,-0.1325,0.9063,0.7102,0.7836,0.0484,0.2226,,,,,,,,,,,,,0.9034
11.367,341,,0.2209,0.5805,-0.1387,0.9001,0.7192,0.7991,0.047,0.2209,,,,,,,,,,,,,0.9519
11.4,342,,0.1803,0.5434,-0.1828,0.879,0.7263,0.8263,0.0223,0.1803,,,,,,,,,,,,,0.9229
11.433,343,,0.3357,0.6714,0.0,0.8506,0.6714,0.7893,0.2872,0.3357,,,,,,,,,,,,,1.1411
11.467,344,,0.3183,0.6366,0.0,0.7963,0.6366,0.7995,0.2622,0.3183,,,,,,,,,,,,,1.2117
11.5,345,,0.2662,0.5324,0.0,0.6852,0.5324,0.7771,0.1896,0.2662,,,,,,,,,,,,,1.0758
11.633,349,,0.2657,0.5923,0.0,1.1971,0.5923,0.4947,0.1399,0.2372,0.3227,,,0.5923,0.5366,-0.1828,-0.0856,,,,,94.9617,0.4746
11.667,350,,0.2601,0.5896,0.0,1.2031,0.5896,0.49,0.1282,0.2313,0.3177,,,0.5896,,-0.1895,-0.0864,,,,,94.8619,0.4724
11.7,351,,0.2613,0.5896,0.0,1.2025,0.5896,0.4903,0.1291,0.2334,0.3171,,,0.5896,,-0.188,-0.0838,,,,,94.7322,0.4712
11.733,352,,0.2615,0.5869,0.0,1.2073,0.5869,0.4861,0.1267,0.2337,0.3172,,,0.5869,0.4732,-0.1905,-0.0835,,,,,94.6169,0.4663
11.767,353,,0.266,0.5866,-0.0,1.2134,0.5866,0.4835,0.1338,0.239,0.32,,,0.5866,0.488,-0.1862,-0.081,,,,,94.496,0.463
11.8,354,,0.2658,0.5901,0.0,1.2307,0.5901,0.4795,0.1385,0.2401,0.3172,,,0.5901,0.5011,-0.1787,-0.0771,,,,,94.2518,0.4624
11.833,355,,0.2836,0.5936,-0.0,1.2387,0.5936,0.4792,0.1626,0.2646,0.3216,,,0.5936,0.3657,-0.159,-0.0571,,,,,93.2386,0.4617
11.867,356,,0.3007,0.6014,0.0,1.2437,0.6014,0.4836,0.2001,0.2882,0.3256,,,0.6014,0.2964,-0.1255,-0.0374,,,,,92.1921,0.4644
11.9,357,,0.3181,0.6257,0.0,1.2349,0.6257,0.5066,0.2663,0.3128,0.3287,,,0.6056,0.2304,-0.0623,-0.0158,,,,,91.0358,0.4954
11.933,358,,0.3296,0.6554,-0.0,1.2251,0.6554,0.535,0.3132,0.3277,0.3333,,,0.6008,,-0.0201,-0.0057,,,,,90.3646,0.5181
11.967,359,,0.3308,0.672,0.0,1.2068,0.672,0.5569,0.3272,0.336,0.3205,,,0.5762,0.1456,0.0067,0.0155,,,,,88.8567,0.54
12.0,360,,0.3295,0.6898,-0.0,1.1996,0.6898,0.575,0.3477,0.3449,0.2988,,,0.5691,0.1192,0.0489,0.0461,,,,,86.5598,0.5564
12.033,361,,0.3252,0.6971,0.0,1.2006,0.6971,0.5806,0.3586,0.3486,0.2786,,,0.5625,0.1164,0.08,0.07,,,,,84.7018,0.565
12.067,362,,0.322,0.8462,0.0,1.3992,0.8462,0.6047,0.6243,0.3511,0.2639,,,0.5483,0.1072,0.3604,0.0872,,,,,83.3068,0.6497
12.1,363,,0.3057,0.6968,0.0,1.1807,0.6968,0.5902,0.3951,0.3484,0.2202,,,0.5165,0.0944,0.1749,0.1282,,,,,80.5163,0.5742
12.133,364,,0.2944,0.6886,0.0,1.1719,0.6886,0.5876,0.3854,0.3443,0.1947,,,0.4863,0.067,0.1907,0.1496,,,,,79.0846,0.5713
12.167,365,,0.2844,0.6794,0.0,1.1678,0.6794,0.5818,0.3855,0.3397,0.1737,,,0.4631,0.057,0.2119,0.166,,,,,77.9759,0.5649
12.2,366,,0.2785,0.7391,0.0,1.3435,0.7391,0.5501,0.5636,0.3363,0.1628,,,0.4456,0.0546,0.4008,0.1735,,,,,77.4371,0.5621
12.233,367,,0.2741,0.6673,0.0,1.187,0.6673,0.5622,0.3935,0.3337,0.1551,,,0.4287,0.0437,0.2383,0.1785,,,,,77.0335,0.545
12.267,368,,0.2703,0.725,0.0,1.3445,0.725,0.5393,0.5622,0.3309,0.149,,,0.4206,0.0376,0.4132,0.1819,,,,,76.7519,0.5378
12.3,369,,0.2652,0.7172,0.0,1.3537,0.7172,0.5298,0.5589,0.3284,0.1389,,,0.4147,0.0233,0.42,0.1895,,,,,76.2843,0.5254
12.333,370,,0.2595,0.7078,-0.0,1.3512,0.7078,0.5238,0.5544,0.3257,0.1272,,,0.4047,0.0154,0.4272,0.1985,,,,,75.7139,0.5151
12.367,371,,0.2554,0.7008,0.0,1.3566,0.7008,0.5166,0.5514,0.3236,0.1189,,,0.3993,0.0163,0.4325,0.2046,,,,,75.3369,0.5074
12.4,372,,0.2515,0.6416,-0.0,1.2474,0.6416,0.5144,0.4033,0.3208,0.1129,,,0.3913,0.0301,0.2904,0.208,,,,,75.1492,0.5014
12.433,373,,0.2486,0.6906,-0.0,1.3496,0.6906,0.5117,0.5557,0.318,0.1099,,,0.3846,0.0385,0.4458,0.2082,,,,,75.0978,0.4995
12.467,374,,0.2447,0.6866,0.0,1.3455,0.6866,0.5103,0.5656,0.3142,0.1059,,,0.3748,0.041,0.4597,0.2083,,,,,75.0815,0.4975
12.5,375,,0.2402,0.6834,-0.0,1.3412,0.6834,0.5095,0.5746,0.3105,0.0995,,,0.3657,0.036,0.4751,0.2111,,,,,74.9074,0.497
12.533,376,,0.3066,0.6796,0.0,1.335,0.6796,0.509,0.5795,0.3066,,,,0.3545,0.0297,,,,,,,,0.4955
12.567,377,,0.3013,0.6833,-0.0,1.3646,0.6833,0.5008,0.5905,0.3013,,,,0.3467,0.0284,,,,,,,,0.4996
12.6,378,,0.296,0.6889,-0.0,1.3888,0.6889,0.4961,0.5999,0.296,,,,0.3367,0.0263,,,,,,,,0.5035
12.633,379,,0.2914,0.6942,0.0,1.4118,0.6942,0.4917,0.6072,0.2914,,,,0.3241,0.0222,,,,,,,,0.5062
12.667,380,,0.2845,0.717,0.0,1.4426,0.717,0.497,0.6256,0.2845,,,,0.313,0.0227,,,,,,,,0.5201
12.7,381,,0.2771,0.7358,0.0,1.4704,0.7358,0.5004,0.6398,0.2771,,,,0.3011,0.0251,,,,,,,,0.5328
12.733,382,,0.2699,0.7523,-0.0,1.5088,0.7523,0.4986,0.656,0.2699,,,,0.288,0.0303,,,,,,,,0.5418
12.767,383,,0.26,0.8145,0.0,1.6318,0.8145,0.4991,0.6938,0.26,,,,0.2704,0.0377,,,,,,,,0.5836
12.8,384,,0.2495,0.784,0.0,1.6018,0.784,0.4895,0.6825,0.2495,,,,0.2574,0.0431,,,,,,,,0.5578
12.833,385,,0.584,1.0273,-0.0,1.6089,1.0273,0.6385,1.0084,0.584,,,,0.2117,-0.0,,,,,,,,0.5492
12.867,386,,0.5947,1.031,-0.0,1.6468,1.031,0.6261,1.023,0.5947,,,,0.2039,-0.0,,,,,,,,0.5518
12.9,387,,0.2205,0.7484,0.0,1.6228,0.7484,0.4612,0.6937,0.2205,,,,0.1887,,,,,,,,,0.5374
12.933,388,,0.2125,0.7415,0.0,1.6613,0.7415,0.4463,0.6981,0.2125,,,,0.1618,,,,,,,,,0.5361
12.967,389,,0.2026,0.7266,0.0,1.6757,0.7266,0.4336,0.6905,0.2026,,,,0.1286,,,,,,,,,0.5332
13.0,390,,0.195,0.7185,0.0,1.693,0.7185,0.4244,0.6874,0.195,,,,0.0984,,,,,,,,,0.5336
13.033,391,,0.54,1.0225,0.0,1.7199,1.0225,0.5946,0.9907,0.54,,,,0.0,,,,,,,,,0.5413
13.067,392,,0.5706,1.0462,0.0,1.7481,1.0462,0.5985,1.014,0.5706,,,,0.0,,,,,,,,,0.5623
13.1,393,,0.5977,1.0746,-0.0,1.789,1.0746,0.6007,1.0394,0.5977,,,,-0.0,,,,,,,,,0.585
13.133,394,,0.621,1.0948,-0.0,1.8147,1.0948,0.6033,1.0563,0.621,,,,-0.0,,,,,,,,,0.6026
13.167,395,,0.6392,1.0307,-0.0,1.5979,1.0307,0.645,1.0307,0.6392,,,,-0.0,,,,,,,,,0.623
13.2,396,,0.6538,1.0422,0.0,1.6109,1.0422,0.6469,1.0422,0.6538,,,,0.0,,,,,,,,,0.6459
13.233,397,,0.6668,1.0573,-0.0,1.6349,1.0573,0.6467,1.0573,0.6668,,,,-0.0,,,,,,,,,0.6752
13.267,398,,0.6778,1.0668,0.0,1.6502,1.0668,0.6465,1.0668,0.6778,,,,0.0,,,,,,,,,0.6989
13.3,399,,0.6877,1.1325,0.0,1.8416,1.1325,0.615,1.1051,0.6877,,,,0.0,,,,,,,,,0.7257
13.333,400,,0.6962,1.1344,0.0,1.8405,1.1344,0.6163,1.1089,0.6962,,,,0.0,,,,,,,,,0.7499
13.367,401,,0.7051,1.1356,0.0,1.84,1.1356,0.6172,1.1099,0.7051,,,,0.0,,,,,,,,,0.7721
13.4,402,,0.7098,1.1403,0.0,1.8488,1.1403,0.6168,1.114,0.7098,,,,0.0,,,,,,,,,0.8021
13.433,403,,0.715,1.1523,0.0,1.8778,1.1523,0.6136,1.1235,0.715,,,,0.0,,,,,,,,,0.8325
13.467,404,,0.7193,1.1496,-0.0,1.8672,1.1496,0.6157,1.123,0.7193,,,,-0.0,,,,,,,,,0.8616
13.5,405,,0.7271,1.1497,0.0,1.8645,1.1497,0.6166,1.1217,0.7271,,,,0.2465,,,,,,,,,0.7658
13.533,406,,0.7369,1.1531,-0.0,1.8716,1.1531,0.6161,1.1231,0.7369,,,,0.2435,,,,,,,,,0.7752
13.567,407,,0.7489,1.1552,-0.0,1.8775,1.1552,0.6153,1.1249,0.7489,,,,0.2369,,,,,,,,,0.7885
13.6,408,,0.7595,1.1618,0.0,1.8977,1.1618,0.6122,1.1309,0.7595,,,,0.2317,,,,,,,,,0.8005
13.633,409,,0.7672,1.1662,0.0,1.9152,1.1662,0.6089,1.1344,0.7672,,,,0.2278,,,,,,,,,0.8124
13.667,410,,0.7659,1.1718,0.0,1.9438,1.1718,0.6028,1.1377,0.7659,,,,0.222,,,,,,,,,0.8218
13.7,411,,0.7759,1.1792,0.0,1.97,1.1792,0.5986,1.1431,0.7759,,,,0.2229,,,,,,,,,0.8361
13.733,412,,0.786,1.1831,-0.0,1.9868,1.1831,0.5955,1.1466,0.786,,,,0.2254,,,,,,,,,0.8607
13.767,413,,0.7942,1.189,0.0,2.01,1.189,0.5916,1.151,0.7942,,,,0.2337,0.3958,,,,,,,,0.8809
13.8,414,,0.5909,1.1896,0.0,2.0184,1.1896,0.5894,1.1522,0.798,0.1768,,,0.2477,0.3931,0.9755,0.6213,,,,,29.6819,0.8942
13.833,415,,0.5939,1.1921,-0.0,2.0328,1.1921,0.5864,1.1533,0.8059,0.1699,,,0.2558,,0.9834,0.636,,,,,30.4587,0.9098
13.867,416,,0.5925,1.1945,0.0,2.0524,1.1945,0.582,1.155,0.808,0.1615,,,0.2631,,0.9934,0.6465,,,,,31.284,0.919
13.9,417,,0.5947,1.1982,0.0,2.0715,1.1982,0.5784,1.1584,0.8127,0.1589,,,0.2792,0.3968,0.9995,0.6538,,,,,32.4541,0.9311
13.933,418,,0.5964,1.2017,0.0,2.0892,1.2017,0.5752,1.1615,0.8164,0.1564,,,0.294,,1.0051,0.66,,,,,33.2809,0.9371
13.967,419,,0.5962,1.2054,0.0,2.116,1.2054,0.5697,1.1648,0.8198,0.1488,,,0.3034,,1.0161,0.6711,,,,,33.5569,0.9469
14.0,420,,0.5951,1.2156,0.0,2.1694,1.2156,0.5603,1.1719,0.8234,0.1386,,,0.3115,0.4835,1.0333,0.6848,,,,,33.3818,0.9727
14.033,421,,0.5921,1.2199,0.0,2.2011,1.2199,0.5542,1.1744,0.827,0.1224,,,0.3177,0.5186,1.052,0.7046,,,,,32.7397,1.0006
14.067,422,,0.5892,1.2195,0.0,2.2154,1.2195,0.5504,1.174,0.8293,0.1089,,,0.3228,0.5362,1.0651,0.7204,,,,,32.3947,1.0142
14.1,423,,0.5894,1.2221,0.0,2.2277,1.2221,0.5486,1.1772,0.8325,0.1031,,,0.3275,0.5578,1.0741,0.7294,,,,,32.2003,1.0275
14.133,424,,0.5897,1.2241,0.0,2.2392,1.2241,0.5467,1.1801,0.836,0.0971,,,0.3315,0.5822,1.083,0.7388,,,,,32.0342,1.0396
14.167,425,,0.5918,1.2263,0.0,2.2479,1.2263,0.5455,1.1826,0.8418,0.0917,,,0.3343,0.6209,1.0908,0.7501,,,,,31.6391,1.0535
14.2,426,,0.4659,1.2626,0.0,2.2582,1.2626,0.5591,1.2325,0.8954,0.0364,,,0.3879,0.6289,1.1961,0.859,,,,,17.7164,1.0859
14.233,427,,0.4699,1.2641,0.0,2.2629,1.2641,0.5586,1.2338,0.9037,0.0361,,,0.3915,0.608,1.1978,0.8676,,,,,17.4056,1.1104
14.267,428,,0.4738,1.2681,0.0,2.2762,1.2681,0.5571,1.2375,0.9121,0.0355,,,0.3952,,1.202,0.8766,,,,,16.9229,1.1401
14.3,429,,0.4785,1.2733,-0.0,2.2936,1.2733,0.5551,1.2423,0.9217,0.0354,,,0.4027,,1.2069,0.8863,,,,,16.5946,1.1756
14.333,430,,0.4835,1.2787,0.0,2.3106,1.2787,0.5534,1.2478,0.9322,0.0349,,,0.4124,,1.2129,0.8973,,,,,16.0359,1.2104
14.367,431,,0.5178,1.291,0.0,2.3581,1.291,0.5475,1.2496,0.9492,0.0865,,,0.4456,0.3595,1.163,0.8627,,,,,15.7652,1.2099
14.4,432,,0.5242,1.2965,0.0,2.3753,1.2965,0.5458,1.2577,0.963,0.0854,,,0.4633,0.0,1.1723,0.8775,,,,,15.2944,1.2537
14.433,433,,0.5214,1.2984,0.0,2.3912,1.2984,0.543,1.2608,0.9693,0.0735,,,0.4644,0.3445,1.1873,0.8958,,,,,14.4754,1.3091
14.467,434,,0.5249,1.3047,0.0,2.4153,1.3047,0.5402,1.2703,0.9808,0.0689,,,0.4855,0.3402,1.2014,0.9119,,,,,14.2884,1.372
14.5,435,,0.5281,1.3085,0.0,2.4344,1.3085,0.5375,1.2778,0.9931,0.063,,,0.5054,0.3287,1.2147,0.9301,,,,,13.9347,1.4375
14.533,436,,0.521,1.3074,-0.0101,2.4485,1.3175,0.5381,1.2792,0.9959,0.046,,,0.513,0.3201,1.2331,0.9499,,,,,13.1947,1.4839
14.567,437,,0.5078,1.3018,-0.0326,2.4649,1.3345,0.5414,1.2759,0.9907,0.0249,,,0.5036,0.3042,1.2511,0.9658,,,,,12.4451,1.505
14.6,438,,0.5003,1.2955,-0.048,2.4838,1.3434,0.5409,1.2713,0.9896,0.0109,,,0.5041,0.29,1.2604,0.9787,,,,,11.7621,1.5199
14.633,439,,0.5025,1.2912,-0.0477,2.5019,1.3388,0.5351,1.2685,0.9929,0.0121,,,0.5054,0.2765,1.2564,0.9808,,,,,11.5788,1.5389
14.667,440,,0.5168,1.2898,-0.0245,2.5194,1.3143,0.5217,1.2693,1.0001,0.0334,,,0.5113,0.2682,1.2359,0.9667,,,,,11.6529,1.5541
14.7,441,,0.5157,1.2863,-0.0262,2.5392,1.3125,0.5169,1.2666,1.002,0.0293,,,0.5113,0.2543,1.2373,0.9727,,,,,11.4912,1.5577
14.733,442,,0.5074,1.2801,-0.0368,2.5537,1.3169,0.5157,1.261,1.0004,0.0144,,,0.5082,0.236,1.2466,0.9861,,,,,10.8889,1.5469
14.767,443,,0.511,1.2785,-0.0288,2.5751,1.3074,0.5077,1.259,1.0044,0.0176,,,0.5107,0.224,1.2414,0.9868,,,,,10.5685,1.5449
14.8,444,,0.5271,1.2838,-0.0061,2.6168,1.2899,0.4929,1.2624,1.012,0.0421,,,0.5108,0.2111,1.2203,0.9699,,,,,10.6876,1.5646
14.833,445,,0.5345,1.2841,-0.0,2.6425,1.2841,0.4859,1.2618,1.0169,0.0522,,,0.513,0.1977,1.2097,0.9647,,,,,10.5824,1.5802
14.867,446,,0.5361,1.2831,0.0,2.6647,1.2831,0.4815,1.2607,1.0192,0.053,,,0.5097,0.1744,1.2077,0.9662,,,,,10.5727,1.5923
14.9,447,,0.5422,1.2848,0.0,2.691,1.2848,0.4774,1.2643,1.0269,0.0575,,,0.5197,0.1638,1.2068,0.9694,,,,,10.4997,1.6179
14.933,448,,0.5418,1.2921,-0.0,2.74,1.2921,0.4716,1.2709,1.03,0.0535,,,0.5212,0.1569,1.2174,0.9765,,,,,10.3197,1.6643
14.967,449,,0.5384,1.291,0.0,2.7594,1.291,0.4679,1.272,1.0294,0.0474,,,0.5255,0.1492,1.2246,0.9819,,,,,10.3051,1.6891
15.0,450,,0.537,1.2898,0.0,2.7787,1.2898,0.4642,1.2707,1.0261,0.0478,,,0.5248,0.0,1.2229,0.9783,,,,,10.5176,1.7882
15.033,451,,0.5384,1.2865,0.0,2.7867,1.2865,0.4617,1.2681,1.0233,0.0535,,,0.5298,0.0,1.2146,0.9699,,,,,10.8218,1.8377
15.067,452,,0.5338,1.2783,-0.0,2.7794,1.2783,0.4599,1.2604,1.0156,0.052,,,0.5275,-0.0,1.2084,0.9635,,,,,11.1623,1.8463
15.1,453,,0.9177,1.5154,-0.0,3.2858,1.5154,0.4612,1.5032,1.3033,0.5321,-0.0,,0.9162,0.5085,0.9711,0.7713,0.5321,,,148.8496,11.7284,2.4825
15.133,454,,0.9239,1.5186,0.0,3.3095,1.5186,0.4589,1.5064,1.3069,0.541,0.0,,0.9204,0.5183,0.9654,0.7659,0.541,,,146.8017,12.2725,2.5133
15.167,455,,0.9302,1.5159,-0.0007,3.33,1.5166,0.4554,1.5041,1.3081,0.5522,-0.0003,,0.9223,0.6095,0.9519,0.7559,0.5526,,,156.1224,13.0623,2.5246
15.2,456,,0.5312,1.261,0.0,2.7804,1.261,0.4535,1.2459,0.9998,0.0626,,,0.5149,0.1124,1.1833,0.9371,,,,,13.7214,1.8448
15.233,457,,0.9244,1.5073,-0.0162,3.3463,1.5235,0.4553,1.4966,1.2975,0.5513,-0.0081,,0.912,0.5139,0.9452,0.7462,0.5594,,,154.3152,14.197,2.468
15.267,458,,0.9228,1.5021,-0.0211,3.3397,1.5233,0.4561,1.4916,1.2935,0.5521,-0.0106,,0.9089,0.516,0.9395,0.7414,0.5627,,,153.652,14.4738,2.3928
15.3,459,,0.9192,1.4974,-0.0288,3.3406,1.5262,0.4569,1.4868,1.2886,0.5499,-0.0144,,0.9055,0.5164,0.9368,0.7386,0.5644,,,153.9495,14.62,2.3666
15.333,460,,0.9139,1.4905,-0.039,3.3335,1.5294,0.4588,1.4802,1.2831,0.5448,-0.0195,,0.9037,0.5129,0.9354,0.7383,0.5643,,,155.5926,14.5214,2.3836
15.367,461,,0.9115,1.4839,-0.0493,3.332,1.5332,0.4601,1.474,1.2796,0.5435,-0.0246,,0.905,0.5665,0.9305,0.7361,0.5681,,,158.5396,13.9968,2.3035
15.4,462,,0.9112,1.4796,-0.0573,3.3434,1.5369,0.4597,1.4703,1.2779,0.5445,-0.0286,,0.918,0.5847,0.9258,0.7334,0.5731,,,161.7123,13.8446,2.2156
15.433,463,,0.913,1.4757,-0.0602,3.3492,1.5359,0.4586,1.4669,1.275,0.5509,-0.0301,,0.9204,0.6087,0.916,0.7241,0.5811,,,165.8284,13.2784,2.172
15.467,464,,0.9117,1.4729,-0.057,3.3582,1.5299,0.4556,1.4654,1.2717,0.5517,-0.0285,,0.924,0.6251,0.9137,0.72,0.5802,,,166.8006,13.3051,2.0935
15.5,465,,0.9186,1.4806,-0.0526,3.4078,1.5332,0.4499,1.4744,1.277,0.5602,-0.0263,,0.9344,0.6457,0.9143,0.7168,0.5865,,,167.3649,13.7407,2.0256
15.533,466,,0.9316,1.4916,-0.0381,3.4604,1.5297,0.4421,1.485,1.2873,0.5759,-0.019,,0.946,0.6745,0.9091,0.7113,0.595,,,168.3007,13.5537,1.973
15.567,467,,0.9445,1.5061,-0.0081,3.5297,1.5142,0.429,1.4989,1.2955,0.5934,-0.0041,,0.9593,0.7024,0.9055,0.7021,0.5975,,,168.9712,13.6763,1.95
15.6,468,,0.9601,1.5227,0.0,3.593,1.5227,0.4238,1.5147,1.307,0.6131,0.0312,,0.9682,0.7251,0.9016,0.6939,0.5819,,,170.7218,14.2864,1.9236
15.633,469,,0.9721,1.5395,0.0,3.7122,1.5395,0.4147,1.5299,1.3195,0.6246,0.0709,,0.9805,0.7438,0.9053,0.6949,0.5537,,,170.9948,14.648,1.9174
15.667,470,,0.9807,1.5523,0.0,3.8128,1.5523,0.4071,1.5415,1.3308,0.6307,0.0908,,0.99,0.7622,0.9109,0.7001,0.5399,,,171.5527,15.3116,1.9288
15.7,471,,0.9901,1.5663,0.0,3.9273,1.5663,0.3988,1.5548,1.3426,0.6376,0.1151,,0.999,0.7849,0.9173,0.7051,0.5224,,,172.5813,15.8641,1.9538
15.733,472,,1.1522,1.672,0.08,4.2076,1.592,0.3784,1.6656,1.4697,0.8347,0.3853,0.08,1.1571,0.9781,0.8309,0.635,0.4493,0.3053,168.4035,172.597,16.6314,1.9617
15.767,473,,1.1553,1.6792,0.08,4.301,1.5992,0.3718,1.672,1.4726,0.838,0.3874,0.08,1.1566,0.9824,0.834,0.6345,0.4506,0.3074,166.7251,171.2376,16.9362,2.0356
15.8,474,,1.1553,1.6823,0.0769,4.3653,1.6054,0.3678,1.6733,1.4724,0.8382,0.3892,0.0849,1.1527,0.9802,0.8351,0.6341,0.449,0.3043,164.8081,171.4042,16.7681,2.1776
15.833,475,,1.1599,1.6861,0.0603,4.4316,1.6258,0.3669,1.6772,1.4775,0.8424,0.39,0.0832,1.1572,0.9882,0.8348,0.6351,0.4524,0.3068,165.3422,171.2588,16.5283,2.2178
15.867,476,,1.1372,1.6726,0.08,4.4097,1.5926,0.3612,1.6647,1.4624,0.8119,0.349,0.08,1.1368,0.971,0.8528,0.6505,0.4629,0.269,170.1534,171.2783,16.4187,2.1303
15.9,477,,1.1485,1.6809,0.0023,4.537,1.6786,0.37,1.6729,1.4724,0.8245,0.3693,0.0783,1.1494,0.9894,0.8483,0.6479,0.4552,0.291,168.8498,171.2443,16.3612,2.3093
15.933,478,,1.1552,1.6881,-0.0041,4.6033,1.6921,0.3676,1.6808,1.4778,0.8326,0.3745,0.0774,1.1599,1.0035,0.8482,0.6453,0.4581,0.297,170.4352,171.1553,16.3022,2.3656
15.967,479,,1.1045,1.6624,0.08,4.5005,1.5824,0.3516,1.6552,1.4402,0.7689,0.2808,0.08,1.1165,0.9569,0.8863,0.6713,0.4881,0.2008,179.6356,170.7462,16.0634,2.2312
16.0,480,,1.0085,1.6067,0.0,4.466,1.6067,0.3598,1.5988,1.3655,0.6515,0.1121,,1.0207,0.8555,0.9473,0.714,0.5394,,,171.167,15.7694,2.1839
16.033,481,,1.1771,1.7052,-0.0261,4.7892,1.7314,0.3615,1.6999,1.491,0.8632,0.3853,0.0764,1.188,1.0429,0.8368,0.6278,0.4779,0.3089,173.6109,171.755,15.538,2.4338
16.067,482,,1.1833,1.7069,-0.034,4.8312,1.7409,0.3603,1.7022,1.4927,0.8739,0.3996,0.0761,1.194,1.0499,0.8283,0.6188,0.4744,0.3235,174.0412,172.7887,14.9354,2.3871
16.1,483,,1.1774,1.7007,-0.0574,4.8616,1.7581,0.3616,1.697,1.4856,0.8692,0.4086,0.0745,1.187,1.0461,0.8278,0.6164,0.4606,0.334,170.928,175.0438,14.0728,2.3635
16.133,484,,1.1742,1.6952,-0.0754,4.8798,1.7706,0.3628,1.693,1.4802,0.8681,0.4104,0.0728,1.1836,1.0455,0.8249,0.6121,0.4577,0.3376,171.7351,174.8448,13.3794,2.3508
16.167,485,,1.1688,1.6885,-0.0908,4.8994,1.7793,0.3632,1.6878,1.4731,0.8645,0.4139,0.071,1.1787,1.0409,0.8234,0.6086,0.4506,0.3429,171.6935,175.1986,12.813,2.3409
16.2,486,,1.1674,1.6836,-0.0958,4.9128,1.7794,0.3622,1.6836,1.4695,0.8653,0.4253,0.0703,1.1773,1.0409,0.8184,0.6042,0.44,0.355,171.7817,175.9388,12.3099,2.3375
16.233,487,,1.1677,1.6785,-0.1025,4.9269,1.781,0.3615,1.6785,1.4664,0.869,0.4346,0.0694,1.1777,1.0405,0.8095,0.5974,0.4344,0.3652,170.8729,177.1001,11.7849,2.3343
16.267,488,,1.1704,1.6762,-0.1018,4.9488,1.7781,0.3593,1.6762,1.4666,0.8742,0.4384,0.0695,1.1831,1.0423,0.8021,0.5924,0.4358,0.3689,168.8959,178.1984,11.511,2.3328
16.3,489,,1.1808,1.6797,-0.0855,4.9792,1.7652,0.3545,1.6797,1.4737,0.8879,0.4507,0.0716,1.1891,1.0514,0.7918,0.5858,0.4373,0.3791,167.493,178.6512,11.2776,2.3246
16.333,490,,1.1952,1.6931,-0.0709,5.0939,1.7641,0.3463,1.69,1.4871,0.9032,0.4707,0.0731,1.2046,1.0679,0.7867,0.5839,0.4325,0.3976,167.1516,178.7975,11.0537,2.3354
16.367,491,,1.2005,1.6984,-0.0523,5.1537,1.7507,0.3397,1.6954,1.4942,0.9068,0.4911,0.0748,1.2121,1.0843,0.7885,0.5874,0.4157,0.4163,166.5637,179.6308,10.8689,2.3456
16.4,492,,1.2033,1.698,-0.0327,5.1836,1.7307,0.3339,1.6941,1.4969,0.9096,0.5124,0.076,1.217,1.0908,0.7844,0.5873,0.3972,0.4364,165.9457,178.3146,10.6839,2.3511
16.433,493,,1.1884,1.6864,-0.0229,5.1822,1.7092,0.3298,1.6819,1.4849,0.8918,0.5069,0.0762,1.2043,1.079,0.7901,0.5931,0.3849,0.4307,165.3334,176.6642,10.4992,2.3417
16.467,494,,1.1827,1.6789,0.0062,5.1637,1.6726,0.3239,1.6742,1.4798,0.8856,0.5086,0.0779,1.1986,1.0729,0.7886,0.5942,0.377,0.4307,165.3475,175.5927,10.3021,2.3286
16.5,495,,1.1754,1.6716,0.0228,5.1667,1.6488,0.3191,1.6668,1.4727,0.8781,0.5042,0.0788,1.1915,1.0616,0.7887,0.5946,0.3739,0.4254,166.4392,174.8977,10.172,2.3193
16.533,496,,1.1714,1.6659,0.0455,5.1658,1.6205,0.3137,1.661,1.4674,0.8755,0.498,0.0798,1.1897,1.0532,0.7856,0.5919,0.3775,0.4182,168.1141,174.6664,10.1235,2.3095
16.567,497,,1.1715,1.6614,0.0697,5.1546,1.5917,0.3088,1.6562,1.4648,0.8782,0.4962,0.0805,1.1873,1.0485,0.778,0.5866,0.3821,0.4157,169.7763,174.4508,9.9965,2.2921
16.6,498,,1.1731,1.6587,0.0668,5.1773,1.5919,0.3075,1.6533,1.4634,0.8827,0.4963,0.0807,1.1889,1.0506,0.7706,0.5807,0.3864,0.4156,171.5414,174.5363,9.8196,2.2748
16.633,499,,1.1761,1.6543,0.0446,5.2088,1.6097,0.309,1.6491,1.4613,0.8909,0.5085,0.0805,1.1897,1.0497,0.7582,0.5704,0.3824,0.428,173.6981,174.4575,9.8917,2.2907
16.667,500,,1.1734,1.6504,0.0096,5.2748,1.6407,0.311,1.6452,1.456,0.8908,0.5096,0.0793,1.1864,1.0466,0.7543,0.5651,0.3813,0.4302,175.8008,174.4337,9.81,2.3143
16.7,501,,1.1692,1.6458,-0.0231,5.3335,1.6689,0.3129,1.6403,1.4514,0.887,0.5115,0.0774,1.1832,1.0407,0.7533,0.5644,0.3755,0.434,177.6785,174.5851,9.8389,2.3316
16.733,502,,1.1598,1.6377,-0.0559,5.367,1.6937,0.3156,1.6321,1.4436,0.8761,0.5076,0.0746,1.174,1.033,0.756,0.5675,0.3685,0.433,175.3199,174.9225,9.8899,2.3466
16.767,503,,1.1557,1.6335,-0.0777,5.3958,1.7111,0.3171,1.6278,1.4417,0.8698,0.4981,0.0723,1.1722,1.0302,0.758,0.5719,0.3717,0.4258,174.8027,175.0555,9.9515,2.3585
16.8,504,,1.1539,1.6303,-0.0941,5.4162,1.7244,0.3184,1.6246,1.4407,0.867,0.4911,0.0703,1.1735,1.0313,0.7576,0.5736,0.376,0.4208,174.4148,175.1852,9.8831,2.373
16.833,505,,1.158,1.632,-0.0978,5.449,1.7299,0.3175,1.6262,1.4446,0.8714,0.4928,0.0697,1.1782,1.0345,0.7548,0.5732,0.3786,0.423,173.4655,174.6297,9.8492,2.3669
16.867,506,,1.1626,1.6332,-0.1019,5.4793,1.7351,0.3167,1.6272,1.4478,0.8773,0.494,0.0692,1.1793,1.0392,0.7498,0.5705,0.3833,0.4248,172.2044,173.2311,9.9218,2.3746
16.9,507,,1.165,1.6323,-0.1106,5.5036,1.7428,0.3167,1.6261,1.4495,0.8805,0.4952,0.068,1.1784,1.042,0.7457,0.569,0.3852,0.4272,170.9836,171.8413,9.9564,2.3935
16.933,508,,1.1756,1.6227,-0.1099,5.405,1.7326,0.3206,1.6227,1.4569,0.8943,0.5029,0.068,1.1849,1.05,0.7284,0.5626,0.3915,0.4348,170.2715,170.6568,9.8283,2.4184
16.967,509,,1.1875,1.6241,-0.1056,5.4196,1.7297,0.3192,1.6241,1.4647,0.9102,0.5107,0.0685,1.1921,1.0583,0.7139,0.5545,0.3995,0.4422,170.0138,169.9435,9.7507,2.4331
17.0,510,,1.1965,1.6372,-0.1016,5.552,1.7388,0.3132,1.6317,1.4718,0.9212,0.5154,0.0689,1.1992,1.066,0.7105,0.5506,0.4058,0.4465,170.3691,169.6937,9.6074,2.4586
17.033,511,,1.2056,1.6388,-0.0941,5.5688,1.7329,0.3112,1.6331,1.4776,0.9335,0.5213,0.0696,1.2063,1.0726,0.6996,0.5441,0.4122,0.4517,170.4782,169.2731,9.3871,2.4746
17.067,512,,1.212,1.6386,-0.0904,5.5765,1.729,0.3101,1.6325,1.4818,0.9422,0.5231,0.0699,1.2136,1.0795,0.6903,0.5395,0.4192,0.4532,171.0841,169.4164,9.3106,2.494
17.1,513,,1.2178,1.6389,-0.0842,5.5843,1.7231,0.3086,1.6326,1.4863,0.9493,0.5242,0.0705,1.2241,1.0886,0.6833,0.537,0.4251,0.4537,172.4177,169.9302,9.3105,2.5118
17.133,514,,1.2229,1.6397,-0.0775,5.5884,1.7172,0.3073,1.633,1.4902,0.9556,0.5264,0.0712,1.2356,1.0992,0.6774,0.5346,0.4292,0.4552,173.3473,169.9603,9.0715,2.5178
17.167,515,,1.2263,1.6396,-0.0722,5.5838,1.7118,0.3066,1.6326,1.4935,0.9591,0.5257,0.0717,1.2443,1.109,0.6735,0.5344,0.4334,0.454,174.3513,170.1446,8.9358,2.5259
17.2,516,,1.2257,1.6365,-0.0676,5.5597,1.704,0.3065,1.6298,1.4941,0.9572,0.5245,0.0721,1.2508,1.1137,0.6726,0.5369,0.4327,0.4524,174.1811,169.9401,8.6539,2.5271
17.233,517,,1.2329,1.6386,-0.0616,5.5591,1.7002,0.3058,1.6317,1.4994,0.9664,0.5287,0.0727,1.2577,1.1214,0.6654,0.5331,0.4376,0.4561,173.894,169.8763,8.439,2.5219
17.267,518,,1.2394,1.6417,-0.0531,5.5576,1.6948,0.305,1.6347,1.505,0.9738,0.5339,0.0735,1.2663,1.1322,0.6609,0.5313,0.4399,0.4604,173.6621,169.5883,8.18,2.5286
17.3,519,,1.2474,1.6451,-0.0432,5.5535,1.6883,0.304,1.638,1.5111,0.9838,0.5413,0.0743,1.2766,1.1447,0.6543,0.5273,0.4424,0.467,173.6016,169.2376,7.8453,2.5372
17.333,520,,1.2561,1.6494,-0.0282,5.5448,1.6777,0.3026,1.6421,1.5177,0.9946,0.5486,0.0756,1.2882,1.1588,0.6475,0.5231,0.4459,0.4731,173.9786,169.172,7.5575,2.552
17.367,521,,1.2632,1.6529,-0.0164,5.5377,1.6693,0.3014,1.6455,1.523,1.0034,0.5541,0.0764,1.299,1.1717,0.6421,0.5196,0.4493,0.4776,174.3779,169.0515,7.2041,2.562
17.4,522,,1.269,1.6554,-0.0065,5.5248,1.6619,0.3008,1.6481,1.5281,1.01,0.5589,0.0771,1.3076,1.1829,0.6381,0.5182,0.4511,0.4818,174.8024,169.0921,6.9681,2.5664
17.433,523,,1.2735,1.6581,0.0019,5.5209,1.6562,0.3,1.6508,1.5322,1.0148,0.5619,0.0776,1.3156,1.1927,0.636,0.5174,0.4529,0.4843,175.3801,169.2281,6.7692,2.5787
17.467,524,,1.2753,1.6582,0.0023,5.5156,1.6559,0.3002,1.651,1.5337,1.0169,0.5618,0.0777,1.3213,1.1992,0.6341,0.5168,0.4551,0.4841,175.5538,169.3248,6.431,2.5879
17.5,525,,1.2777,1.6587,0.0027,5.5151,1.6559,0.3003,1.6516,1.5344,1.021,0.5642,0.0777,1.3271,1.205,0.6306,0.5135,0.4568,0.4865,175.7711,169.3486,6.0648,2.596
17.533,526,,1.2797,1.6598,0.002,5.5266,1.6578,0.3,1.6529,1.535,1.0245,0.5647,0.0776,1.3303,1.2088,0.6284,0.5105,0.4598,0.4871,176.1648,169.7381,5.7318,2.6081
17.567,527,,1.2817,1.6616,-0.0004,5.5435,1.662,0.2998,1.6549,1.5359,1.0276,0.5662,0.0775,1.3352,1.2124,0.6274,0.5084,0.4614,0.4887,176.3903,170.1273,5.4945,2.6235
17.6,528,,1.2814,1.6619,-0.0041,5.557,1.6661,0.2998,1.6553,1.5353,1.0274,0.5648,0.0773,1.3359,1.2153,0.6279,0.5079,0.4627,0.4875,176.3778,170.4034,5.2971,2.6329
17.633,529,,1.2805,1.6491,-0.0089,5.4409,1.658,0.3047,1.6491,1.534,1.027,0.562,0.077,1.333,1.2153,0.6221,0.507,0.465,0.485,175.9524,170.5793,5.133,2.6406
17.667,530,,1.2797,1.663,-0.0104,5.5899,1.6734,0.2994,1.6567,1.5333,1.0261,0.5598,0.0769,1.3288,1.2129,0.6307,0.5073,0.4663,0.4829,175.9836,170.6246,5.0247,2.6479
17.7,531,,1.279,1.6536,-0.0104,5.4946,1.664,0.3028,1.6536,1.5331,1.0249,0.5571,0.077,1.3231,1.2124,0.6287,0.5082,0.4679,0.4801,175.9414,170.5236,4.8461,2.6545
17.733,532,,1.2774,1.6572,-0.0118,5.5383,1.669,0.3013,1.6572,1.5323,1.0225,0.5538,0.0769,1.3128,1.2071,0.6346,0.5097,0.4688,0.4769,175.9572,170.3992,4.7054,2.6581
17.767,533,,1.2762,1.663,-0.0118,5.6013,1.6747,0.299,1.663,1.532,1.0205,0.5517,0.0769,1.3083,1.2013,0.6425,0.5115,0.4687,0.4748,176.0856,170.2489,4.5915,2.6658
17.8,534,,1.2769,1.6724,-0.01,5.6943,1.6824,0.2954,1.6724,1.5335,1.0202,0.5509,0.077,1.3072,1.1943,0.6522,0.5133,0.4693,0.4739,176.4852,169.8916,4.3768,2.6799
17.833,535,,1.2781,1.6816,-0.0097,5.7894,1.6913,0.2921,1.6816,1.5348,1.0215,0.5511,0.077,1.3072,1.1875,0.6601,0.5133,0.4704,0.474,176.5968,169.2999,4.0853,2.6894
17.867,536,,1.28,1.6897,-0.0097,5.8713,1.6993,0.2894,1.6853,1.5368,1.0232,0.5514,0.077,1.3067,1.1815,0.6621,0.5137,0.4717,0.4744,176.066,168.5665,3.7555,2.696
17.9,537,,1.2827,1.6986,-0.0089,5.9579,1.7075,0.2866,1.6809,1.5396,1.0257,0.5534,0.0771,1.3031,1.1706,0.6552,0.5139,0.4723,0.4764,175.45,167.6446,3.3581,2.701
17.933,538,,1.285,1.7059,-0.0084,6.025,1.7143,0.2845,1.688,1.5424,1.0275,0.5556,0.0771,1.2987,1.1658,0.6604,0.5149,0.472,0.4785,174.674,166.7345,3.0224,2.6916
17.967,539,,1.2882,1.7142,-0.005,6.0944,1.7192,0.2821,1.6958,1.5463,1.0301,0.559,0.0773,1.2964,1.1635,0.6658,0.5162,0.4711,0.4817,173.4316,165.5567,2.7393,2.6754
18.0,540,,1.2908,1.7197,0.0006,6.1305,1.7191,0.2804,1.7022,1.5505,1.0311,0.5656,0.0776,1.2957,1.1629,0.6711,0.5194,0.4655,0.4881,172.1927,164.904,2.6939,2.6675
18.033,541,,1.2911,1.7243,0.0007,6.168,1.7235,0.2794,1.7068,1.5519,1.0303,0.5679,0.0776,1.2918,1.1599,0.6765,0.5216,0.4624,0.4903,171.0643,163.7986,2.6378,2.6387
18.067,542,,1.287,1.7235,-0.0109,6.1761,1.7344,0.2808,1.7074,1.5498,1.0243,0.5671,0.0768,1.2868,1.1505,0.6831,0.5256,0.4572,0.4903,168.9036,161.8315,2.5032,2.6736
18.1,543,,1.2368,1.6913,-0.1114,6.1541,1.8027,0.2929,1.6749,1.5106,0.963,0.5283,0.067,1.2306,0.9355,0.7119,0.5476,0.4347,0.4614,166.5474,157.8051,2.3845,2.7642
18.133,544,,1.136,1.6258,-0.3183,6.125,1.9441,0.3174,1.608,1.4295,0.8425,0.506,0.031,1.1191,0.7891,0.7655,0.587,0.3365,0.475,145.877,138.3161,2.5429,2.8977
18.167,545,,1.108,1.6088,-0.3601,6.0931,1.969,0.3231,1.5899,1.4069,0.809,0.4853,0.0217,1.0139,0.8839,0.7808,0.5979,0.3237,0.4637,142.0807,135.0659,2.7107,2.9984
18.2,546,,1.1505,1.6396,-0.2506,6.0516,1.8902,0.3123,1.6213,1.4425,0.8586,0.5053,0.0447,1.1178,0.9395,0.7627,0.5839,0.3533,0.4606,151.8737,144.9583,3.2607,3.1938
18.233,547,,1.1536,1.643,-0.216,5.9702,1.8589,0.3114,1.6246,1.4475,0.8597,0.4841,0.051,1.1196,0.9553,0.765,0.5879,0.3756,0.433,159.2635,152.0935,4.1596,3.3976
18.267,548,,1.1591,1.6479,-0.166,5.8512,1.8139,0.31,1.6311,1.4506,0.8675,0.4799,0.0593,1.1318,0.9747,0.7636,0.5831,0.3876,0.4206,164.4001,159.3686,5.7914,3.7661
18.3,549,,1.1471,1.6437,-0.1487,5.7312,1.7924,0.3127,1.6281,1.4392,0.855,0.4633,0.0619,1.1283,0.9789,0.7731,0.5842,0.3917,0.4015,167.5251,167.0507,8.3943,4.2722
18.333,550,,1.1455,1.6434,-0.1331,5.6405,1.7765,0.315,1.6268,1.4382,0.8529,0.4511,0.0641,1.1328,0.9879,0.7738,0.5852,0.4018,0.3871,166.351,170.8907,10.2579,4.1783
18.367,551,,1.1375,1.6335,-0.1343,5.53,1.7679,0.3197,1.6152,1.4286,0.8464,0.443,0.0639,1.1259,0.9855,0.7688,0.5822,0.4034,0.379,163.567,172.3362,11.7813,4.088
18.4,552,,1.1301,1.6213,-0.1383,5.4149,1.7596,0.3249,1.5986,1.4189,0.8414,0.4355,0.0634,1.1182,0.9822,0.7572,0.5775,0.4059,0.3721,160.898,173.0092,13.1489,3.6376
18.433,553,,1.1268,1.6114,-0.1371,5.3165,1.7485,0.3289,1.5839,1.4129,0.8407,0.4287,0.0636,1.1158,0.9824,0.7431,0.5722,0.412,0.3651,159.8386,174.0532,14.2673,3.2878
18.467,554,,1.1211,1.5993,-0.1333,5.1975,1.7326,0.3334,1.5653,1.4045,0.8376,0.4223,0.0642,1.114,0.9842,0.7277,0.5669,0.4153,0.3581,157.9573,173.4455,15.0588,3.0235
18.5,555,,1.1162,1.5892,-0.1283,5.0895,1.7175,0.3375,1.5507,1.3977,0.8346,0.4163,0.0649,1.1153,0.9891,0.716,0.5631,0.4184,0.3513,154.3981,171.2432,15.4176,2.8137
18.533,556,,1.1097,1.5778,-0.113,4.9504,1.6907,0.3415,1.5326,1.3935,0.8258,0.4087,0.067,1.1194,0.9965,0.7068,0.5677,0.4172,0.3417,150.6215,170.0609,16.3716,2.5668
18.567,557,,1.1033,1.5653,-0.0895,4.7867,1.6548,0.3457,1.5132,1.3935,0.8131,0.408,0.07,1.1259,1.0066,0.7002,0.5804,0.4051,0.338,149.8208,168.6653,17.0902,2.3437
18.6,558,,1.1005,1.5565,-0.0634,4.6472,1.62,0.3486,1.4988,1.3951,0.8058,0.4079,0.0732,1.1323,1.0168,0.693,0.5894,0.3979,0.3347,152.4799,167.8606,17.492,2.1968
18.633,559,,1.1007,1.5485,-0.0312,4.4956,1.5797,0.3514,1.4918,1.3978,0.8035,0.4119,0.0766,1.1406,1.0339,0.6883,0.5943,0.3916,0.3353,156.6824,166.9632,17.6009,2.0963
18.667,560,,1.0976,1.5417,0.002,4.3554,1.5397,0.3535,1.4864,1.3982,0.797,0.4062,0.0796,1.1434,1.0537,0.6895,0.6012,0.3908,0.3266,161.7737,166.9077,17.1843,2.0315
18.7,561,,1.1033,1.5396,0.0485,4.2124,1.4912,0.354,1.4871,1.4051,0.8014,0.4081,0.0825,1.152,1.0766,0.6858,0.6038,0.3933,0.3256,166.0657,167.9787,16.8106,1.9366
18.733,562,,1.1189,1.5424,0.0613,4.1473,1.4811,0.3571,1.4928,1.4183,0.8195,0.4124,0.0839,1.1658,1.1054,0.6734,0.5988,0.407,0.3285,170.8539,169.3956,16.237,1.7739
18.767,563,,1.1327,1.5483,-0.0013,4.1616,1.5496,0.3724,1.4978,1.4309,0.8345,0.4175,0.0823,1.1791,1.1283,0.6633,0.5964,0.417,0.3353,174.3433,170.8363,15.5251,1.7324
18.8,564,,1.141,1.5562,-0.0724,4.1965,1.6286,0.3881,1.5072,1.4416,0.8404,0.4107,0.0764,1.1949,1.1575,0.6668,0.6012,0.4297,0.3343,174.9273,171.8349,14.9256,1.7688
18.833,565,,1.1388,1.5521,-0.1052,4.1482,1.6574,0.3995,1.5045,1.4391,0.8385,0.409,0.0723,1.1951,1.1731,0.666,0.6006,0.4295,0.3367,173.2012,171.9723,14.1654,1.7992
18.867,566,,1.127,1.5417,-0.1239,4.0657,1.6657,0.4097,1.4987,1.4312,0.8229,0.3887,0.0694,1.1855,1.1753,0.6759,0.6083,0.4341,0.3193,171.0958,171.8763,13.8074,1.8271
18.9,567,,1.1107,1.5289,-0.1273,3.9756,1.6562,0.4166,1.484,1.4207,0.8006,0.3665,0.0684,1.1681,1.1678,0.6834,0.6201,0.4341,0.2981,169.3909,171.7511,13.7027,1.8573
18.933,568,,1.0954,1.5128,-0.1275,3.8696,1.6403,0.4239,1.4681,1.4073,0.7835,0.3418,0.0679,1.1486,1.1592,0.6846,0.6239,0.4416,0.274,166.1407,171.6388,14.0069,1.8746
18.967,569,,1.0826,1.5044,-0.1392,3.8057,1.6435,0.4319,1.4587,1.4011,0.7641,0.3091,0.0657,1.1335,1.1479,0.6946,0.6371,0.4549,0.2434,163.0413,172.2067,13.9411,1.9217
19.0,570,,1.0756,1.5048,-0.136,3.7588,1.6408,0.4365,1.4509,1.4031,0.7481,0.2528,0.0657,1.1299,1.1449,0.7028,0.655,0.4953,0.1871,155.0575,173.1574,13.8942,1.9537
19.033,571,,0.9899,1.4404,-0.0,3.4023,1.4404,0.4234,1.3826,1.3426,0.6372,0.0851,,1.0496,1.0684,0.7454,0.7054,0.5522,,,175.0345,13.8701,1.8023
19.067,572,,1.1588,1.5597,0.08,3.5661,1.4797,0.4149,1.501,1.4728,0.8449,0.3667,0.08,1.2091,1.226,0.656,0.6279,0.4782,0.2867,175.153,174.18,13.3273,1.9381
19.1,573,,1.0345,1.4653,-0.1238,3.4804,1.5891,0.4566,1.397,1.3769,0.6921,0.1644,0.067,1.0849,1.099,0.7049,0.6848,0.5277,0.0974,130.2076,173.4802,12.7062,1.9326
19.133,574,,0.9815,1.4225,0.0,3.2117,1.4225,0.4429,1.3451,1.3362,0.6268,0.0725,,1.0321,1.0327,0.7183,0.7094,0.5542,,,172.5478,12.2516,1.7224
19.167,575,,0.9212,1.375,-0.0879,3.1648,1.4629,0.4622,1.2938,1.297,0.5454,-0.044,,0.9784,0.9768,0.7485,0.7516,0.5893,,,172.0318,11.8645,1.7247
19.2,576,,0.9327,1.3185,-0.0791,2.7782,1.3976,0.503,1.2673,1.3069,0.5585,-0.0395,,0.9888,0.9767,0.7088,0.7483,0.5981,,,170.9119,11.2514,1.6521
19.233,577,,0.9257,1.3078,-0.0832,2.7688,1.391,0.5024,1.2397,1.3017,0.5497,-0.0416,,0.9859,0.9489,0.6901,0.7521,0.5912,,,169.8802,10.7051,1.5711
19.267,578,,0.9095,1.3382,-0.0891,2.9199,1.4273,0.4888,1.2476,1.2897,0.5293,-0.0446,,0.9809,0.9172,0.7184,0.7605,0.5738,,,169.1862,10.2073,1.5039
19.3,579,,0.9062,1.2898,-0.0892,2.6827,1.3791,0.5141,1.2022,1.2841,0.5283,-0.0446,,0.9768,0.882,0.6739,0.7558,0.5729,,,169.2202,10.078,1.431
19.333,580,,0.8941,1.2759,-0.0836,2.6239,1.3595,0.5181,1.1891,1.2721,0.5161,-0.0418,,0.9741,0.8478,0.673,0.756,0.5579,,,169.2099,9.9027,1.3667
19.367,581,,0.9472,1.3226,0.0,2.576,1.3226,0.5134,1.224,1.305,0.5894,0.0,,1.0286,0.8622,0.6346,0.7156,0.5894,,,171.0595,9.6941,1.2678
19.4,582,,0.9321,1.3133,-0.0,2.5275,1.3133,0.5196,1.2001,1.2916,0.5726,-0.0,,1.0217,0.8279,0.6275,0.719,0.5726,,,170.9989,9.731,1.23
19.433,583,,0.9155,1.3013,-0.0,2.4703,1.3013,0.5268,1.1812,1.2732,0.5578,-0.0,,1.0079,0.783,0.6234,0.7154,0.5578,,,170.8263,9.8148,1.1964
19.467,584,,0.9054,1.2849,0.0,2.3996,1.2849,0.5355,1.1952,1.2527,0.5581,0.0,,0.9938,0.7417,0.6371,0.6946,0.5581,,,169.8573,9.9398,1.172
19.5,585,,0.8831,1.2721,0.0,2.3297,1.2721,0.546,1.1896,1.2341,0.5321,0.0,,0.9843,0.714,0.6575,0.7021,0.5321,,,169.8424,9.9699,1.1583
19.533,586,,0.4256,0.9167,-0.0569,1.7576,0.9736,0.554,0.833,0.8796,-0.0285,,,0.5705,0.1911,0.8615,0.9081,,,,,10.1226,0.8182
19.567,587,,0.4216,0.9353,-0.0769,1.7797,1.0122,0.5688,0.8617,0.8816,-0.0385,,,0.5868,0.1852,0.9001,0.9201,,,,,9.9869,0.8365
19.6,588,,0.4216,0.9521,-0.0811,1.7938,1.0332,0.576,0.8807,0.8837,-0.0406,,,0.5883,0.1756,0.9212,0.9243,,,,,10.0089,0.8599
19.633,589,,0.4121,0.9582,-0.0944,1.7977,1.0526,0.5855,0.8938,0.8714,-0.0472,,,0.5823,0.1669,0.941,0.9186,,,,,10.1038,0.881
19.667,590,,0.3798,1.0012,-0.1014,1.877,1.1026,0.5875,0.8832,0.8103,-0.0507,,,0.5168,0.0902,0.9339,0.861,,,,,10.4672,0.9805
19.7,591,,0.3749,1.004,-0.1125,1.8738,1.1165,0.5959,0.887,0.806,-0.0563,,,0.5111,0.0709,0.9432,0.8623,,,,,10.2418,0.9857
19.733,592,,0.3746,1.029,-0.1324,1.9255,1.1614,0.6032,0.9086,0.8155,-0.0662,,,0.5258,0.0751,0.9748,0.8816,,,,,10.1829,1.0139
19.767,593,,0.3616,1.0288,-0.1497,1.9245,1.1785,0.6124,0.9067,0.7981,-0.0748,,,0.5083,0.0567,0.9815,0.8729,,,,,10.0405,1.0005
19.8,594,,0.2634,0.9653,-0.2466,1.8931,1.2119,0.6402,0.8316,0.7089,-0.1821,,,0.4102,-0.0753,1.0137,0.891,,,,,10.2268,0.9736
19.833,595,,0.2667,0.9653,-0.2273,1.851,1.1926,0.6443,0.8347,0.7033,-0.1699,,,0.4044,-0.0769,1.0046,0.8732,,,,,10.5635,0.9551
19.867,596,,0.2509,0.9504,-0.2332,1.8112,1.1836,0.6535,0.8177,0.6805,-0.1786,,,0.3791,-0.0909,0.9963,0.8591,,,,,10.7712,0.9271
19.9,597,,0.2423,0.9375,-0.219,1.7741,1.1564,0.6518,0.8066,0.6626,-0.178,,,0.3584,-0.0971,0.9846,0.8406,,,,,11.6431,0.9009
19.933,598,,0.3546,0.9241,-0.221,1.7678,1.1451,0.6478,0.787,0.6378,-0.2118,,,0.3214,-0.1105,0.9988,0.8495,,,,,32.318,0.8833
19.967,599,,0.8592,1.0238,0.0,1.5987,1.0238,0.6404,0.9704,0.8592,,,,0.5681,0.0,,,,,,,,0.6847
20.0,600,,0.8379,0.9983,-0.0,1.5334,0.9983,0.651,0.9484,0.8379,,,,0.5477,-0.0,,,,,,,,0.6509
20.033,601,,0.8198,0.9745,0.0,1.47,0.9745,0.6629,0.928,0.8198,,,,0.5553,0.0,,,,,,,,0.6196
20.067,602,,0.8047,0.9469,0.0,1.4036,0.9469,0.6746,0.8963,0.8047,,,,0.4257,0.0,,,,,,,,0.6906
20.1,603,,0.7783,0.9097,-0.0,1.3143,0.9097,0.6921,0.8623,0.7783,,,,0.4125,-0.0,,,,,,,,0.6646
20.133,604,,0.7682,0.8842,0.0,1.2631,0.8842,0.7,0.8337,0.7682,,,,0.4033,0.0,,,,,,,,0.6096
20.167,605,,0.7362,0.8193,0.0,1.1466,0.8193,0.7146,0.7895,0.7362,,,,0.394,0.0,,,,,,,,0.5143
20.2,606,,0.7175,0.8195,0.0,1.1312,0.8195,0.7244,0.7539,0.7175,,,,0.3464,0.0,,,,,,,,0.543
20.233,607,,0.1105,0.3166,-0.1653,1.0079,0.4819,0.4781,0.1965,0.1105,,,,-0.1653,,,,,,,,,0.409
20.267,608,,0.1151,0.3046,-0.1778,0.9791,0.4824,0.4927,0.1871,0.1151,,,,-0.1778,,,,,,,,,0.4064
20.3,609,,0.1198,0.2854,-0.2244,0.9593,0.5098,0.5314,0.157,0.1198,,,,-0.2244,,,,,,,,,0.3915
20.333,610,,0.4714,0.5141,0.0,0.9101,0.5141,0.5649,0.4396,0.4714,,,,0.0,,,,,,,,,0.3781
20.367,611,,0.4423,0.4802,0.0,0.8983,0.4802,0.5346,0.4055,0.4423,,,,0.0,,,,,,,,,0.3495
20.433,613,,-0.001,-0.0,-0.1036,0.7417,0.1036,0.1397,-0.0735,-0.001,,,,,,,,,,,,,0.1957
31.633,949,,0.0,0.6224,0.0,0.9118,0.6224,0.6827,0.6224,0.0,,,,,,,,,,,,,1.5049
31.667,950,,0.0,0.634,0.0,0.9344,0.634,0.6785,0.634,0.0,,,,,,,,,,,,,1.4985
31.7,951,,0.0,0.6417,0.0,0.9574,0.6417,0.6703,0.6417,0.0,,,,,,,,,,,,,1.5083
31.733,952,,0.0,0.6497,0.0,0.9885,0.6497,0.6573,0.6497,0.0,,,,,,,,,,,,,1.5475
31.767,953,,-0.1256,0.4476,-0.2513,1.0095,0.6989,0.6923,0.4476,-0.1256,,,,,,,,,,,,,0.7791
31.8,954,,-0.1103,0.4564,-0.2207,1.0168,0.6771,0.6659,0.4564,-0.1103,,,,,,,,,,,,,0.7533
31.833,955,,0.6278,1.021,0.0,1.6815,1.021,0.6072,1.021,0.6278,,,,0.0,,,,,,,,,0.7508
31.867,956,,0.6989,1.0736,-0.0,1.8064,1.0736,0.5943,1.0736,0.6989,,,,-0.0,,,,,,,,,0.752
31.9,957,,0.7591,1.1118,-0.0,1.9014,1.1118,0.5847,1.1118,0.7591,,,,-0.0,,,,,,,,,0.7541
31.933,958,,0.7901,1.1281,0.0,1.9564,1.1281,0.5766,1.1281,0.7901,,,,0.0,,,,,,,,,0.7675
31.967,959,,0.775,1.1064,-0.0483,2.0424,1.1547,0.5654,1.1064,0.775,,,,0.0,-0.0483,,,,,,,,0.6847
32.0,960,,0.8594,1.1605,-0.0,2.0989,1.1605,0.5529,1.1605,0.8594,,,,0.1493,-0.0,,,,,,,,0.6923
32.033,961,,0.8644,1.2447,0.0,2.4277,1.2447,0.5127,1.2052,0.8644,,,,0.203,0.0,,,,,,,,0.7067
32.067,962,,0.4747,0.9261,-0.3161,2.4446,1.2421,0.5081,0.9056,0.4747,,,,-0.0639,-0.3161,,,,,,,,0.7805
32.1,963,,0.5498,1.2077,0.0,2.4077,1.2077,0.5016,1.1782,0.8247,0.0,,,0.3745,0.124,1.1782,0.8247,,,,,36.8328,0.8493
32.133,964,,0.5684,1.2268,0.0,2.4389,1.2268,0.503,1.199,0.8525,0.0,,,0.4142,0.2397,1.199,0.8525,,,,,36.0239,0.8781
32.167,965,,0.327,1.0666,-0.3218,2.5442,1.3884,0.5457,1.0485,0.6514,-0.3218,,,0.1469,0.0692,1.3704,0.9732,,,,,36.3545,0.9718
32.2,966,,0.3672,1.1028,-0.2951,2.6233,1.3978,0.5328,1.0881,0.6984,-0.2951,,,0.1974,0.1268,1.3831,0.9934,,,,,35.857,1.0318
32.233,967,,0.3555,1.1846,-0.19,2.6926,1.3746,0.5105,1.1678,0.8061,-0.095,,,0.3325,0.2704,1.2629,0.9011,,,,,20.3708,1.0458
32.267,968,,0.3739,1.208,-0.1824,2.7644,1.3904,0.503,1.1927,0.8389,-0.0912,,,0.3663,0.3251,1.2839,0.9301,,,,,20.6941,1.0736
32.3,969,,0.3956,1.2348,-0.169,2.8411,1.4038,0.4941,1.2199,0.8756,-0.0845,,,0.4145,0.3691,1.3044,0.9601,,,,,20.9677,1.1
32.333,970,,0.4141,1.2559,-0.1602,2.9099,1.4161,0.4866,1.2433,0.9082,-0.0801,,,0.4726,0.3861,1.3234,0.9883,,,,,20.8308,1.1332
32.367,971,,0.4319,1.2813,-0.1517,3.0091,1.433,0.4762,1.271,0.9397,-0.0758,,,0.5207,0.3818,1.3468,1.0155,,,,,20.753,1.1848
32.4,972,,0.4503,1.2832,-0.1382,2.9444,1.4214,0.4827,1.2832,0.9697,-0.0691,,,0.5561,0.3935,1.3523,1.0388,,,,,21.1433,1.2331
32.433,973,,0.4682,1.3241,-0.1272,3.1689,1.4513,0.458,1.3163,0.9999,-0.0636,,,0.5886,0.4255,1.3799,1.0635,,,,,21.5029,1.2806
32.467,974,,0.483,1.3387,-0.1022,3.2333,1.4409,0.4457,1.3318,1.017,-0.0511,,,0.6034,0.4361,1.3829,1.0681,,,,,21.9226,1.257
32.5,975,,0.4817,1.3147,-0.0751,3.1268,1.3897,0.4445,1.3147,1.001,-0.0375,,,0.5836,0.4159,1.3522,1.0385,,,,,22.4591,1.2079
32.533,976,,0.6831,1.4168,-0.0955,3.4361,1.5123,0.4401,1.4168,1.1302,0.2361,-0.0477,,0.7481,0.5792,1.1807,0.8941,0.2839,,,172.5891,23.0638,1.3186
32.567,977,,0.7341,1.4371,-0.0641,3.5049,1.5011,0.4283,1.4371,1.159,0.3092,-0.032,,0.7784,0.6076,1.1279,0.8498,0.3412,,,174.4333,23.35,1.334
32.6,978,,0.7759,1.4552,-0.0011,3.5489,1.4564,0.4104,1.4552,1.1782,0.3736,-0.0006,,0.7974,0.6136,1.0817,0.8046,0.3741,,,173.7382,23.8003,1.3585
32.633,979,,0.8161,1.4673,0.0,3.5995,1.4673,0.4076,1.4673,1.1975,0.4346,0.0334,,0.813,0.6155,1.0327,0.7629,0.4012,,,171.4418,23.7546,1.3831
32.667,980,,0.8503,1.4772,0.0,3.6638,1.4772,0.4032,1.4772,1.2128,0.4877,0.0525,,0.8275,0.617,0.9895,0.7251,0.4352,,,170.1611,23.677,1.4073
32.7,981,,0.8711,1.5057,0.0,3.8415,1.5057,0.3919,1.4982,1.2287,0.5134,0.0614,,0.8423,0.6142,0.9848,0.7153,0.452,,,169.9441,23.132,1.4577
32.733,982,,0.8854,1.5099,0.0,3.869,1.5099,0.3903,1.5067,1.242,0.5288,0.0626,,0.8622,0.6173,0.9778,0.7132,0.4662,,,170.1276,22.7265,1.4615
32.767,983,,0.8936,1.5182,0.0,3.9167,1.5182,0.3876,1.5161,1.2541,0.5331,0.056,,0.8822,0.6246,0.983,0.721,0.4771,,,170.4481,21.7841,1.4615
32.8,984,,0.9039,1.5257,0.0,3.9696,1.5257,0.3844,1.5226,1.2633,0.5445,0.0566,,0.8978,0.6355,0.9781,0.7188,0.4878,,,170.2374,20.793,1.4762
32.833,985,,1.0512,1.6035,0.0404,4.1385,1.5631,0.3777,1.6035,1.3786,0.7238,0.2794,0.0857,1.0476,0.7978,0.8797,0.6548,0.4444,0.1937,160.7432,169.4145,19.87,1.5259
32.867,986,,1.065,1.616,0.0524,4.2068,1.5636,0.3717,1.6133,1.39,0.7401,0.2988,0.0879,1.065,0.8119,0.8732,0.65,0.4413,0.2109,166.74,168.9673,18.5469,1.5813
32.9,987,,1.0662,1.6114,0.0732,4.1733,1.5382,0.3686,1.6114,1.3932,0.7391,0.299,0.0895,1.0716,0.8165,0.8723,0.6541,0.4401,0.2095,169.5651,168.5543,17.2954,1.606
32.933,988,,1.0643,1.6077,0.0832,4.1682,1.5246,0.3658,1.6077,1.3924,0.7362,0.2967,0.0905,1.0758,0.8188,0.8715,0.6562,0.4395,0.2061,172.3618,167.7431,16.1261,1.6387
32.967,989,,1.0663,1.6145,0.0644,4.2655,1.5501,0.3634,1.6104,1.3944,0.7382,0.2999,0.0908,1.0783,0.8257,0.8722,0.6562,0.4383,0.2092,173.4378,166.9799,15.3571,1.7029
33.0,990,,1.0745,1.6072,0.0449,4.2404,1.5623,0.3684,1.6072,1.3981,0.7509,0.3084,0.0903,1.0854,0.8374,0.8563,0.6472,0.4426,0.218,174.7464,166.933,14.4911,1.7462
33.033,991,,1.0881,1.6102,0.0339,4.2819,1.5762,0.3681,1.6102,1.4042,0.772,0.3289,0.0897,1.0954,0.8507,0.8382,0.6322,0.4431,0.2392,177.7168,167.0709,13.7669,1.8118
33.067,992,,1.0979,1.612,0.0274,4.3185,1.5846,0.3669,1.612,1.4091,0.7867,0.3561,0.0888,1.1055,0.8618,0.8253,0.6224,0.4306,0.2673,178.6748,167.706,13.5388,1.8558
33.1,993,,1.1118,1.6166,0.0217,4.3701,1.5949,0.365,1.6166,1.418,0.8057,0.392,0.0879,1.118,0.878,0.8108,0.6122,0.4138,0.3041,176.0729,168.6758,13.4894,1.9217
33.133,994,,1.1256,1.6247,0.0217,4.4358,1.6029,0.3614,1.6247,1.4285,0.8226,0.4215,0.0873,1.1308,0.9013,0.802,0.6059,0.4011,0.3343,175.4454,169.907,13.5616,1.9875
33.167,995,,1.1389,1.6335,0.0234,4.5119,1.6101,0.3568,1.6335,1.4384,0.8395,0.4434,0.0866,1.1406,0.9207,0.794,0.5989,0.3961,0.3568,175.8824,170.94,13.4657,2.0591
33.2,996,,1.1515,1.64,0.0377,4.5734,1.6023,0.3504,1.64,1.4446,0.8583,0.4785,0.0864,1.1517,0.9396,0.7816,0.5863,0.3798,0.3921,175.1443,171.8497,13.7721,2.1076
33.233,997,,1.1568,1.6679,0.0559,4.8135,1.612,0.3349,1.6552,1.4498,0.8637,0.4926,0.0861,1.1577,0.9538,0.7915,0.5862,0.3711,0.4064,174.5396,173.034,13.8271,2.1216
33.267,998,,1.1582,1.6682,0.0835,4.8403,1.5847,0.3274,1.6544,1.4488,0.8675,0.4999,0.0855,1.1555,0.9588,0.7869,0.5813,0.3676,0.4144,173.7253,174.0925,13.7368,2.0778
33.3,999,,1.1588,1.6676,0.0566,4.9196,1.6111,0.3275,1.6532,1.4471,0.8704,0.4974,0.084,1.153,0.9631,0.7828,0.5767,0.373,0.4134,172.8955,175.1151,13.487,2.0249
33.333,1000,,1.162,1.665,0.0275,4.9908,1.6376,0.3281,1.6509,1.4459,0.8782,0.4988,0.0821,1.1476,0.9652,0.7726,0.5677,0.3794,0.4168,172.0215,175.616,13.0625,1.9977
33.367,1001,,1.1677,1.6343,0.0047,4.7892,1.6296,0.3403,1.6343,1.4453,0.8901,0.5113,0.08,1.151,0.9729,0.7442,0.5552,0.3788,0.4313,170.4356,176.0077,12.5304,1.9852
33.4,1002,,1.1611,1.6291,-0.0262,4.8454,1.6552,0.3416,1.6291,1.4401,0.882,0.5105,0.0771,1.1452,0.9697,0.747,0.5581,0.3715,0.4333,167.9091,173.7843,12.0734,1.9917
33.433,1003,,1.1628,1.631,-0.0451,4.919,1.6762,0.3408,1.631,1.4422,0.8834,0.5099,0.0749,1.1472,0.976,0.7476,0.5588,0.3735,0.435,167.2086,172.5204,11.6994,2.0001
33.467,1004,,1.1654,1.6362,-0.0509,4.9964,1.6871,0.3377,1.6362,1.4465,0.8843,0.5137,0.0738,1.1521,0.9853,0.7519,0.5622,0.3707,0.4398,167.4055,171.6944,11.6294,2.0206
33.5,1005,,1.1789,1.6481,-0.0367,5.0645,1.6847,0.3327,1.6481,1.4605,0.8974,0.5166,0.0749,1.1676,1.0066,0.7507,0.5631,0.3808,0.4417,167.7575,172.0295,11.7685,2.0429
33.533,1006,,1.1916,1.6585,-0.0231,5.1252,1.6816,0.3281,1.6549,1.4725,0.9108,0.5208,0.076,1.1846,1.0251,0.7441,0.5617,0.39,0.4449,166.5367,171.5124,11.7037,2.0627
33.567,1007,,1.2046,1.666,-0.0096,5.1681,1.6756,0.3242,1.662,1.4827,0.9264,0.5281,0.0769,1.2022,1.0408,0.7356,0.5564,0.3983,0.4512,163.5965,170.4254,11.576,2.0788
33.6,1008,,1.2135,1.6711,-0.0042,5.2135,1.6753,0.3213,1.6669,1.4888,0.9382,0.5332,0.0773,1.215,1.0497,0.7287,0.5506,0.4049,0.456,162.2166,170.1952,11.4919,2.0943
33.633,1009,,1.2168,1.6743,-0.0074,5.2712,1.6817,0.319,1.6692,1.4922,0.9414,0.5338,0.0771,1.221,1.054,0.7278,0.5508,0.4075,0.4567,162.6088,171.3184,11.8765,2.121
33.667,1010,,1.2143,1.6742,-0.0228,5.3385,1.697,0.3179,1.6683,1.4907,0.9378,0.5289,0.0761,1.2179,1.0505,0.7304,0.5529,0.4089,0.4528,162.4181,172.0881,12.1609,2.1598
33.7,1011,,1.2079,1.6746,-0.0349,5.4144,1.7095,0.3157,1.6534,1.4883,0.9276,0.5105,0.0752,1.2142,1.0424,0.7258,0.5606,0.4172,0.4353,162.503,173.2978,12.7533,2.1978
33.733,1012,,1.1949,1.6686,-0.0511,5.4792,1.7198,0.3139,1.6472,1.4807,0.909,0.4897,0.0738,1.2022,1.0222,0.7382,0.5717,0.4193,0.416,161.6759,173.4811,13.0508,2.2096
33.767,1013,,1.1915,1.6655,-0.0108,5.4883,1.6764,0.3054,1.6435,1.4774,0.9056,0.4991,0.077,1.1936,1.0076,0.7379,0.5718,0.4065,0.4221,159.1931,171.9335,13.1205,2.1977
33.8,1014,,1.1917,1.6633,0.0275,5.5125,1.6358,0.2967,1.6384,1.4715,0.9119,0.5176,0.079,1.1844,0.9925,0.7266,0.5596,0.3942,0.4386,155.9442,169.9468,13.3594,2.1881
33.833,1015,,1.191,1.6603,0.0575,5.5429,1.6029,0.2892,1.6352,1.4671,0.9149,0.5329,0.0798,1.1775,0.9759,0.7203,0.5522,0.382,0.4531,153.026,167.4139,13.2179,2.1764
33.867,1016,,1.1791,1.654,0.0693,5.5815,1.5847,0.2839,1.6271,1.4572,0.901,0.5316,0.08,1.1652,0.9563,0.7261,0.5562,0.3694,0.4516,150.5744,164.8535,12.8285,2.1822
33.9,1017,,1.1673,1.6456,0.0742,5.5994,1.5714,0.2806,1.6178,1.4478,0.8867,0.5238,0.0801,1.1529,0.9346,0.731,0.5611,0.3629,0.4438,149.0742,162.1931,12.1158,2.2069
33.933,1018,,1.1589,1.6427,0.0789,5.6409,1.5638,0.2772,1.6148,1.4434,0.8744,0.5234,0.0804,1.1398,0.9199,0.7403,0.5689,0.3511,0.443,148.0175,159.1717,11.4083,2.2714
33.967,1019,,1.1543,1.6396,0.0655,5.6778,1.5741,0.2772,1.6108,1.4415,0.8671,0.5237,0.0808,1.135,0.9265,0.7437,0.5744,0.3433,0.443,148.0067,157.2792,10.9615,2.3531
34.0,1020,,1.1526,1.6342,0.0508,5.6765,1.5834,0.2789,1.6342,1.445,0.8602,0.5246,0.0811,1.1369,0.9582,0.774,0.5847,0.3356,0.4435,148.5333,156.5312,10.6433,2.4653
34.033,1021,,1.1493,1.6281,0.0395,5.6644,1.5885,0.2804,1.6181,1.4475,0.8511,0.5231,0.0816,1.1412,0.9765,0.7669,0.5964,0.328,0.4415,149.7807,155.8518,10.3781,2.5339
34.067,1022,,1.1472,1.625,0.0262,5.6897,1.5988,0.281,1.6138,1.4493,0.8452,0.5166,0.0821,1.144,0.97,0.7686,0.6041,0.3285,0.4345,152.4893,156.5483,10.4285,2.5719
34.1,1023,,1.1404,1.6227,0.0104,5.7308,1.6123,0.2813,1.6112,1.4423,0.8386,0.5069,0.0825,1.143,0.76,0.7726,0.6038,0.3317,0.4244,155.9234,157.0694,9.9534,2.5529
34.133,1024,,1.1332,1.619,0.0016,5.7417,1.6174,0.2817,1.5904,1.4347,0.8316,0.4995,0.0828,1.1388,0.7477,0.7588,0.6031,0.3321,0.4167,158.7931,157.9409,9.3565,2.5956
34.167,1025,,1.133,1.6148,-0.0045,5.728,1.6193,0.2827,1.5859,1.4315,0.8346,0.4934,0.0827,1.1335,0.7418,0.7513,0.597,0.3412,0.4107,160.2081,159.7844,9.0952,2.6917
34.2,1026,,1.1385,1.6128,-0.0003,5.7148,1.6131,0.2823,1.5836,1.4305,0.8465,0.5003,0.083,1.1314,0.738,0.7372,0.584,0.3462,0.4173,159.9187,160.7821,8.7237,2.8153
34.233,1027,,1.1383,1.6093,0.014,5.679,1.5954,0.2809,1.581,1.4272,0.8493,0.502,0.0836,1.1294,0.7322,0.7317,0.5779,0.3474,0.4184,159.2283,162.2274,8.744,2.9406
34.267,1028,,1.1337,1.6002,0.0494,5.5855,1.5509,0.2777,1.5719,1.4203,0.847,0.4945,0.0834,1.1231,0.9367,0.7248,0.5733,0.3525,0.4111,155.5368,163.1026,9.1014,3.1225
34.3,1029,,1.1288,1.5892,0.072,5.5112,1.5172,0.2753,1.5608,1.4109,0.8466,0.488,0.0838,1.1073,0.9151,0.7142,0.5643,0.3586,0.4041,152.6607,162.4257,8.9976,3.1349
34.333,1030,,1.1216,1.573,0.0584,5.4445,1.5146,0.2782,1.5427,1.3975,0.8458,0.488,0.0833,1.0859,0.8831,0.6969,0.5517,0.3578,0.4046,147.6249,159.7466,8.8004,3.0628
34.367,1031,,1.109,1.5575,0.0204,5.4285,1.5371,0.2832,1.526,1.3842,0.8338,0.4896,0.0814,1.0732,0.8598,0.6922,0.5504,0.3443,0.4082,143.4158,157.2234,8.8478,3.1396
34.4,1032,,1.1255,1.4639,-0.0381,4.8108,1.502,0.3122,,1.3822,0.8687,0.5175,0.076,1.0799,0.8771,,0.5135,0.3513,0.4414,138.536,149.6326,6.1826,3.0879
34.433,1033,,1.0996,1.5312,-0.0412,5.4123,1.5724,0.2905,1.4959,1.3654,0.8338,0.4951,0.0759,1.0516,0.8299,0.6621,0.5317,0.3386,0.4192,135.6736,148.682,6.2156,3.4725
34.467,1034,,1.0905,1.5165,-0.0695,5.3931,1.5859,0.2941,1.4801,1.3584,0.8226,0.4971,0.0728,1.0414,0.8155,0.6575,0.5358,0.3255,0.4243,134.0493,146.3298,5.5148,3.6017
34.5,1035,,1.0789,1.5026,-0.0903,5.3641,1.5929,0.297,1.4664,1.3504,0.8074,0.5115,0.0701,1.0333,0.8037,0.659,0.543,0.2959,0.4413,129.2926,142.6852,5.844,3.7438
34.533,1036,,1.0701,1.4911,-0.1047,5.3388,1.5959,0.2989,1.4545,1.3455,0.7946,0.5148,0.068,1.0224,0.7891,0.6599,0.5509,0.2798,0.4468,124.3602,139.4531,6.3567,3.859
34.567,1037,,1.0699,1.4801,-0.1147,5.3133,1.5948,0.3002,1.4419,1.3415,0.7982,0.521,0.0665,1.0191,0.7782,0.6437,0.5433,0.2772,0.4545,122.6246,137.0073,6.6046,3.5301
34.6,1038,,1.075,1.4741,-0.1208,5.2929,1.5949,0.3013,1.435,1.344,0.806,0.5199,0.066,1.0269,0.7773,0.629,0.538,0.286,0.454,126.458,138.8134,7.2921,3.3456
34.633,1039,,1.069,1.4668,-0.1343,5.2827,1.6011,0.3031,1.4273,1.339,0.7989,0.508,0.0646,1.0129,0.7586,0.6284,0.5401,0.291,0.4434,130.3034,142.4658,8.6488,3.3787
34.667,1040,,1.084,1.47,-0.1229,5.2702,1.5929,0.3022,1.432,1.3491,0.8189,0.5045,0.0668,1.0364,0.7714,0.6131,0.5301,0.3145,0.4377,137.0206,149.0853,10.3858,3.3783
34.7,1041,,1.0943,1.4732,-0.1141,5.2632,1.5873,0.3016,1.4372,1.3542,0.8344,0.5027,0.0684,1.0482,0.7805,0.6028,0.5198,0.3317,0.4344,142.6782,156.1794,12.4388,3.4907
34.733,1042,,1.0967,1.4756,-0.1066,5.2605,1.5822,0.3008,1.4394,1.3557,0.8377,0.4942,0.0697,1.0608,0.7907,0.6016,0.518,0.3435,0.4246,146.4289,163.2473,14.907,3.5018
34.767,1043,,1.096,1.4808,-0.102,5.2837,1.5828,0.2996,1.4446,1.357,0.835,0.4887,0.0705,1.0659,0.7991,0.6096,0.5221,0.3463,0.4182,150.1065,164.418,16.5749,3.3634
34.8,1044,,1.0968,1.4871,-0.0984,5.3211,1.5855,0.298,1.45,1.3585,0.8351,0.4831,0.0711,1.068,0.8048,0.6149,0.5235,0.352,0.412,153.5228,164.9032,16.2854,3.2662
34.833,1045,,1.0982,1.4943,-0.0965,5.3718,1.5908,0.2961,1.4572,1.3603,0.8361,0.4783,0.0712,1.0767,0.8162,0.6211,0.5242,0.3578,0.4071,155.0603,165.6634,15.2019,3.2036
34.867,1046,,1.1001,1.5019,-0.0944,5.4305,1.5963,0.294,1.4649,1.3627,0.8375,0.479,0.0713,1.0816,0.8246,0.6275,0.5252,0.3585,0.4077,155.5662,166.0371,13.7168,3.1867
34.9,1047,,1.1028,1.5125,-0.091,5.5161,1.6035,0.2907,1.4717,1.3668,0.8387,0.477,0.0715,1.0875,0.8303,0.633,0.5281,0.3617,0.4054,155.5858,166.1008,12.4803,3.1628
34.933,1048,,1.1065,1.5238,-0.0854,5.5979,1.6092,0.2875,1.4814,1.3713,0.8417,0.4751,0.072,1.0944,0.8368,0.6396,0.5296,0.3666,0.4031,156.7936,167.3958,11.3689,3.1621
34.967,1049,,1.1123,1.5322,-0.0804,5.6563,1.6125,0.2851,1.4878,1.3786,0.846,0.4709,0.0725,1.1103,0.8516,0.6418,0.5326,0.375,0.3984,158.8538,168.2505,9.8609,3.1839
35.0,1050,,1.1175,1.5379,-0.076,5.696,1.6139,0.2833,1.4927,1.3845,0.8504,0.4713,0.0729,1.1211,0.8617,0.6423,0.5341,0.3792,0.3984,160.7156,168.5562,8.5176,3.2074
35.033,1051,,1.1242,1.5413,-0.0712,5.7143,1.6125,0.2822,1.4958,1.391,0.8573,0.4721,0.0734,1.1317,0.8729,0.6385,0.5337,0.3852,0.3987,162.5645,168.7677,7.2144,3.2332
35.067,1052,,1.1299,1.5422,-0.0677,5.7178,1.6099,0.2816,1.496,1.395,0.8648,0.4797,0.0737,1.1378,0.8804,0.6311,0.5301,0.3851,0.406,163.739,167.9945,5.4628,3.2613
35.1,1053,,1.1343,1.5431,-0.0636,5.7226,1.6067,0.2808,1.4945,1.3973,0.8712,0.4829,0.0741,1.1441,0.8853,0.6233,0.5261,0.3883,0.4088,165.0408,167.1012,3.3287,3.2923
35.133,1054,,1.1385,1.5437,-0.0547,5.7219,1.5984,0.2794,1.4923,1.3983,0.8788,0.4889,0.0749,1.1483,0.8868,0.6135,0.5194,0.39,0.4139,166.3076,166.9629,1.3049,3.1808
35.167,1055,,1.139,1.5398,-0.0485,5.6813,1.5883,0.2796,1.4886,1.3976,0.8804,0.487,0.0756,1.1513,0.889,0.6082,0.5172,0.3934,0.4114,167.4461,167.0183,0.1299,3.1102
35.2,1056,,1.1374,1.5361,-0.0388,5.6392,1.5749,0.2793,1.4824,1.394,0.8809,0.4835,0.0765,1.1504,0.8884,0.6015,0.5132,0.3974,0.4069,168.2864,166.6761,1.2665,3.0428
35.233,1057,,1.134,1.5311,-0.0318,5.5914,1.5629,0.2795,1.4729,1.3887,0.8792,0.479,0.0773,1.1479,0.8861,0.5937,0.5095,0.4002,0.4017,168.6824,166.0241,2.4902,2.9953
35.267,1058,,1.1308,1.5206,-0.0245,5.4964,1.5451,0.2811,1.4584,1.3816,0.88,0.4762,0.0782,1.144,0.8826,0.5783,0.5016,0.4038,0.3981,168.9437,164.9223,3.9963,2.9549
35.3,1059,,1.1275,1.5056,-0.0183,5.3717,1.524,0.2837,1.4421,1.3709,0.8841,0.4775,0.079,1.1366,0.8771,0.558,0.4868,0.4065,0.3985,169.0741,163.5221,5.7381,2.8001
35.333,1060,,1.1226,1.4804,-0.0077,5.1617,1.4881,0.2883,1.4175,1.355,0.8902,0.4826,0.0801,1.1254,0.8666,0.5273,0.4648,0.4076,0.4025,169.2166,161.3571,7.908,2.6002
35.367,1061,,1.1157,1.4549,-0.0,4.9542,1.4549,0.2937,1.3923,1.3397,0.8918,0.4823,0.081,1.1134,0.8555,0.5006,0.4479,0.4095,0.4013,169.5009,159.7249,9.6033,2.4498
35.4,1062,,1.1037,1.4229,0.0052,4.7038,1.4178,0.3014,1.3669,1.3196,0.8879,0.476,0.0816,1.1021,0.8447,0.479,0.4317,0.4119,0.3944,169.4548,157.6919,11.3962,2.4377
35.433,1063,,1.0895,1.389,0.0065,4.4555,1.3825,0.3103,1.3328,1.2942,0.8848,0.4723,0.0819,1.089,0.8359,0.448,0.4094,0.4125,0.3904,169.5098,155.5424,13.1689,2.3281
35.467,1064,,1.0754,1.3581,0.0103,4.2391,1.3479,0.318,1.2938,1.2678,0.8829,0.4735,0.0821,1.0741,0.8257,0.4108,0.3849,0.4094,0.3914,169.902,153.0247,15.1828,2.1254
35.5,1065,,1.06,1.3219,0.013,4.0003,1.3089,0.3272,1.2569,1.2377,0.8823,0.4741,0.0822,1.0494,0.8086,0.3746,0.3554,0.4082,0.3919,170.355,150.8197,17.0718,2.0404
35.533,1066,,1.0436,1.2811,0.0114,3.7519,1.2697,0.3384,1.2191,1.2083,0.8788,0.4708,0.0822,1.023,0.7881,0.3404,0.3296,0.4079,0.3886,170.0093,148.8585,18.6275,2.0644
35.567,1067,,1.033,1.1566,-0.0085,3.1108,1.1651,0.3745,1.1025,1.1555,0.9104,0.4798,0.0811,0.9711,0.746,0.1921,0.2451,0.4307,0.3987,169.7197,140.1738,26.4345,1.8836
35.6,1068,,1.0183,1.1528,0.0022,3.0518,1.1507,0.3771,1.0823,1.1493,0.8872,0.4745,0.0818,0.9725,0.756,0.1951,0.2621,0.4127,0.3927,168.251,141.0572,24.7656,1.8294
35.633,1069,,1.0087,1.1284,-0.0013,2.9671,1.1296,0.3807,1.0629,1.1271,0.8903,0.475,0.0816,0.9497,0.7403,0.1726,0.2368,0.4153,0.3934,168.0085,138.4258,27.1703,1.8071
35.667,1070,,0.9932,1.1317,-0.0026,2.9793,1.1343,0.3807,1.0634,1.1017,0.8847,0.4699,0.0815,0.9273,0.7296,0.1787,0.217,0.4148,0.3883,166.4262,134.1149,30.0532,1.8221
35.7,1071,,1.001,1.1365,-0.0139,2.9972,1.1504,0.3838,1.0673,1.1144,0.8876,0.4806,0.081,0.9388,0.7378,0.1797,0.2269,0.407,0.3997,166.2645,133.2698,29.4683,1.8894
35.733,1072,,0.9728,1.0952,-0.0065,2.8214,1.1017,0.3905,1.0035,1.0682,0.8775,0.4634,0.0813,0.9114,0.7151,0.126,0.1908,0.4141,0.3821,163.6982,126.4819,34.9937,1.808
35.767,1073,,0.9619,1.0842,-0.0086,2.7748,1.0928,0.3938,0.9796,1.0513,0.8725,0.4596,0.0811,0.899,0.7067,0.1071,0.1788,0.4129,0.3785,163.1397,124.2797,36.6065,1.8231
35.8,1074,,0.9811,1.1163,-0.0173,2.8873,1.1336,0.3926,,1.0772,0.8849,0.4797,0.0809,0.916,0.726,,0.1923,0.4052,0.3988,164.8566,129.8754,31.8237,2.0977
35.833,1075,,0.9718,1.0989,-0.0176,2.8142,1.1165,0.3967,0.9083,1.0565,0.8871,0.4746,0.0808,0.9044,0.7113,0.0212,0.1694,0.4125,0.3938,163.3646,125.4086,35.2861,1.9163
35.867,1076,,0.9619,1.0892,-0.0194,2.777,1.1085,0.3992,0.9108,1.041,0.8827,0.468,0.0806,0.9076,0.7042,0.0281,0.1583,0.4147,0.3873,162.1814,124.7893,35.4528,1.8702
35.9,1077,,0.946,1.0676,-0.0201,2.6892,1.0877,0.4045,0.9261,1.0215,0.8706,0.4608,0.0806,0.8995,0.6956,0.0556,0.1509,0.4098,0.3803,160.0358,123.0972,36.0438,1.8227
35.933,1078,,0.9335,1.0584,-0.0205,2.6531,1.0789,0.4067,0.8885,1.0115,0.8556,0.4561,0.0805,0.9033,0.6912,0.0329,0.1559,0.3995,0.3755,158.1077,125.3548,33.1259,1.7837
35.967,1079,,0.9145,1.0398,-0.0198,2.5783,1.0596,0.4109,0.9079,1.0016,0.8273,0.448,0.0805,0.9049,0.6877,0.0807,0.1744,0.3793,0.3674,155.7875,129.2079,28.2972,1.6512
36.0,1080,sitting,0.8962,1.0321,-0.0173,2.5483,1.0494,0.4118,0.9006,0.992,0.8003,0.4402,0.0807,0.8982,0.6835,0.1003,0.1917,0.3601,0.3595,152.8556,131.4218,24.2997,1.6136
36.033,1081,sitting,0.8774,1.0192,-0.0141,2.4958,1.0333,0.414,0.8949,0.985,0.7698,0.4311,0.0809,0.8956,0.6783,0.1251,0.2152,0.3387,0.3502,150.4895,134.2011,20.0017,1.536
36.067,1082,sitting,0.8643,1.0131,-0.0121,2.4712,1.0252,0.4149,0.8934,0.9807,0.748,0.4213,0.081,0.8891,0.672,0.1454,0.2327,0.3266,0.3403,148.9139,137.2391,16.3767,1.5006
36.1,1083,sitting,0.856,1.0082,-0.0117,2.4507,1.0199,0.4162,0.8907,0.9781,0.734,0.4154,0.081,0.881,0.6636,0.1568,0.2441,0.3186,0.3343,147.0295,138.5372,14.1679,1.4754
36.133,1084,sitting,0.8486,1.0026,-0.0101,2.4288,1.0127,0.417,0.8884,0.9731,0.724,0.4107,0.0812,0.8725,0.6575,0.1644,0.249,0.3133,0.3295,145.9104,139.5049,12.6348,1.4568
36.167,1085,sitting,0.8403,1.0029,-0.0093,2.4277,1.0122,0.4169,0.8848,0.9724,0.7082,0.4057,0.0812,0.8733,0.6536,0.1766,0.2642,0.3025,0.3245,144.664,141.3144,10.4506,1.4459
36.2,1086,sitting,0.835,1.0,-0.009,2.415,1.009,0.4178,0.884,0.9713,0.6988,0.4042,0.0813,0.8752,0.6464,0.1852,0.2725,0.2946,0.3229,143.573,142.2355,8.95,1.4188
36.233,1087,sitting,0.8284,0.9927,-0.0092,2.3861,1.0019,0.4199,0.8839,0.9659,0.6909,0.4014,0.0812,0.8685,0.6351,0.193,0.275,0.2895,0.3201,142.0365,142.9477,7.3734,1.3934
36.267,1088,sitting,0.8248,0.9877,-0.0093,2.3667,0.9971,0.4213,0.8853,0.9626,0.6869,0.3996,0.0812,0.8581,0.6174,0.1984,0.2757,0.2873,0.3184,140.5843,143.1807,6.3168,1.3684
36.3,1089,sitting,0.8213,0.9869,-0.0105,2.364,0.9974,0.4219,0.8868,0.9608,0.6818,0.3973,0.0811,0.8549,0.609,0.205,0.2789,0.2846,0.3161,139.0939,144.0195,4.6049,1.3496
36.333,1090,sitting,0.8168,0.9861,-0.0113,2.3614,0.9974,0.4224,0.8889,0.9582,0.6754,0.3941,0.0811,0.8519,0.6102,0.2135,0.2829,0.2812,0.313,137.3349,144.8757,2.725,1.3325
36.367,1091,sitting,0.8129,0.9832,-0.0121,2.3487,0.9952,0.4237,0.8949,0.9561,0.6696,0.3915,0.081,0.8472,0.6049,0.2253,0.2865,0.2781,0.3105,135.9422,145.6386,1.0401,1.3155
36.4,1092,sitting,0.8079,0.9805,-0.0132,2.3418,0.9937,0.4243,0.8981,0.9529,0.6628,0.3894,0.0809,0.846,0.604,0.2353,0.2901,0.2734,0.3085,134.0906,145.4759,0.0786,1.2977
36.433,1093,sitting,0.8059,0.978,-0.0135,2.3321,0.9915,0.4251,0.9061,0.9516,0.6602,0.3888,0.0809,0.8389,0.5994,0.2459,0.2913,0.2714,0.308,133.1755,145.8407,1.2708,1.2852
36.467,1094,sitting,0.8082,0.9795,-0.0134,2.3358,0.9929,0.4251,0.9181,0.9528,0.6636,0.3896,0.0809,0.8321,0.5964,0.2544,0.2892,0.274,0.3087,132.5182,146.4742,2.5231,1.2827
36.5,1095,sitting,0.811,0.9833,-0.012,2.3458,0.9954,0.4243,0.9413,0.9565,0.6655,0.3921,0.081,0.8276,0.594,0.2758,0.291,0.2735,0.3111,131.673,146.4596,3.4591,1.2806
36.533,1096,sitting,0.8152,0.9945,-0.0101,2.3647,1.0047,0.4249,0.9624,0.9622,0.6683,0.3936,0.0811,0.826,0.593,0.2942,0.2939,0.2746,0.3125,131.1532,146.5946,4.0863,1.2819
36.567,1097,sitting,0.8226,1.0207,-0.009,2.4634,1.0297,0.418,0.9873,0.9723,0.673,0.3958,0.0812,0.8283,0.5961,0.3143,0.2993,0.2772,0.3146,130.7053,146.2686,4.2279,1.2983
36.6,1098,sitting,0.8289,1.0483,-0.0086,2.5731,1.0569,0.4107,1.0169,0.9822,0.6756,0.3978,0.0813,0.8293,0.5982,0.3413,0.3066,0.2777,0.3166,130.3693,146.0015,4.475,1.3366
36.633,1099,sitting,0.8366,1.0743,-0.0075,2.6802,1.0818,0.4036,1.0467,0.9942,0.6789,0.4006,0.0814,0.8309,0.5993,0.3678,0.3152,0.2783,0.3193,129.9231,144.8099,3.9605,1.3719
36.667,1100,sitting,0.8445,1.1012,-0.0072,2.7971,1.1085,0.3963,1.0734,1.0073,0.6817,0.4016,0.0814,0.8328,0.6014,0.3916,0.3256,0.2801,0.3202,129.8364,143.9128,3.5665,1.4112
36.7,1101,sitting,0.8501,1.1234,-0.0059,2.896,1.1293,0.3899,1.0975,1.0182,0.682,0.4025,0.0816,0.8335,0.5996,0.4155,0.3361,0.2795,0.321,129.5329,143.6583,3.9691,1.4412
36.733,1102,sitting,0.8538,1.1412,-0.0056,2.9799,1.1468,0.3849,1.117,1.0252,0.6824,0.4026,0.0816,0.8347,0.6002,0.4345,0.3427,0.2798,0.321,129.4207,144.4604,4.9988,1.4638
36.767,1103,sitting,0.8581,1.1576,-0.005,3.0574,1.1626,0.3803,1.1357,1.032,0.6843,0.4051,0.0816,0.8385,0.6024,0.4514,0.3477,0.2791,0.3235,130.075,145.3044,5.9244,1.4886
36.8,1104,sitting,0.8651,1.1741,-0.0049,3.135,1.179,0.3761,1.1544,1.0426,0.6877,0.413,0.0816,0.8426,0.6084,0.4667,0.3549,0.2747,0.3314,131.1754,146.4806,7.2686,1.5186
36.833,1105,sitting,0.8707,1.1897,-0.0071,3.2151,1.1968,0.3722,1.1704,1.0514,0.6901,0.4169,0.0814,0.8484,0.6137,0.4803,0.3614,0.2732,0.3355,132.3438,147.5862,8.3539,1.5412
36.867,1106,sitting,0.8756,1.2009,-0.0082,3.2724,1.2092,0.3695,1.1836,1.0588,0.6924,0.4234,0.0813,0.8522,0.6171,0.4912,0.3664,0.2689,0.3421,132.9508,148.1168,9.3241,1.558
36.9,1107,sitting,0.8794,1.2098,-0.0091,3.3181,1.2189,0.3673,1.1943,1.0655,0.6933,0.4305,0.0812,0.8549,0.6203,0.501,0.3722,0.2628,0.3493,133.5244,148.5167,10.2478,1.5767
36.933,1108,sitting,0.8801,1.2164,-0.0109,3.3542,1.2274,0.3659,1.2015,1.0683,0.6919,0.4359,0.0811,0.856,0.6236,0.5096,0.3765,0.2559,0.3548,133.6083,148.5834,11.1142,1.5919
36.967,1109,sitting,0.8796,1.2183,-0.0109,3.3651,1.2292,0.3653,1.2045,1.0681,0.6911,0.4415,0.0811,0.8553,0.6227,0.5134,0.377,0.2495,0.3604,133.7378,148.249,11.6146,1.5972
37.0,1110,sitting,0.8804,1.2201,-0.011,3.3793,1.2311,0.3643,1.2073,1.0691,0.6917,0.4445,0.0811,0.856,0.6242,0.5156,0.3773,0.2472,0.3633,134.4071,149.0073,12.4021,1.5946
37.033,1111,sitting,0.8798,1.2252,-0.0108,3.408,1.236,0.3627,1.2115,1.0686,0.6911,0.4444,0.0811,0.8558,0.6246,0.5205,0.3775,0.2467,0.3633,134.7977,149.7319,13.2031,1.5972
37.067,1112,sitting,0.8815,1.2385,-0.0094,3.4778,1.2479,0.3588,1.2209,1.0715,0.6915,0.4438,0.0812,0.8579,0.6262,0.5294,0.38,0.2478,0.3626,135.4903,150.9107,14.1091,1.6159
37.1,1113,sitting,0.8828,1.2416,-0.0093,3.4955,1.2509,0.3579,1.2259,1.074,0.6915,0.443,0.0812,0.8583,0.6256,0.5344,0.3824,0.2485,0.3618,136.5755,152.5506,15.3087,1.6259
37.133,1114,sitting,0.8847,1.2456,-0.0104,3.5195,1.256,0.3569,1.2316,1.077,0.6924,0.4426,0.0811,0.8595,0.626,0.5392,0.3846,0.2498,0.3615,137.4063,154.1774,16.6195,1.6384
37.167,1115,sitting,0.8866,1.2506,-0.0106,3.5474,1.2612,0.3555,1.2386,1.0804,0.6928,0.4428,0.081,0.8606,0.6277,0.5458,0.3877,0.25,0.3618,138.052,155.3624,17.6992,1.6512
37.2,1116,sitting,0.8884,1.2572,-0.0107,3.5798,1.2679,0.3542,1.2437,1.0848,0.6919,0.4452,0.081,0.8623,0.6322,0.5518,0.3929,0.2467,0.3642,137.9436,155.9126,18.6468,1.6624
37.233,1117,sitting,0.8903,1.2647,-0.0101,3.6175,1.2748,0.3524,1.2504,1.0888,0.6918,0.4473,0.0811,0.864,0.635,0.5586,0.3971,0.2445,0.3662,137.7358,156.3585,19.4681,1.6666
37.267,1118,sitting,0.8914,1.2694,-0.0104,3.6454,1.2798,0.3511,1.2569,1.0914,0.6914,0.4481,0.081,0.8635,0.6345,0.5655,0.4,0.2434,0.3671,137.8266,156.7231,20.3048,1.6658
37.3,1119,sitting,0.8925,1.2733,-0.0115,3.6688,1.2849,0.3502,1.2582,1.0937,0.6912,0.4485,0.0809,0.8636,0.6352,0.5669,0.4025,0.2427,0.3676,137.8698,156.9095,21.2373,1.6656
37.333,1120,sitting,0.8952,1.2771,-0.0133,3.6903,1.2904,0.3497,1.2645,1.0972,0.6932,0.4496,0.0808,0.8647,0.6365,0.5713,0.404,0.2436,0.3688,137.7384,156.9964,21.8138,1.6676
37.367,1121,sitting,0.8972,1.2813,-0.0111,3.7078,1.2924,0.3486,1.2687,1.1008,0.6936,0.4508,0.081,0.8657,0.638,0.5751,0.4072,0.2428,0.3699,137.3064,156.769,22.1254,1.6671
37.4,1122,sitting,0.9002,1.2855,-0.0086,3.7243,1.294,0.3474,1.2699,1.1056,0.6947,0.4528,0.0811,0.8675,0.6419,0.5752,0.4109,0.2419,0.3716,137.0559,156.4937,22.5183,1.6675
37.433,1123,sitting,0.9033,1.2894,-0.0073,3.741,1.2967,0.3466,1.2741,1.1101,0.6965,0.4563,0.0813,0.8699,0.6455,0.5775,0.4136,0.2402,0.375,136.6352,156.372,22.7447,1.6681
37.467,1124,sitting,0.9071,1.293,-0.0033,3.7513,1.2963,0.3456,1.2778,1.1147,0.6995,0.4605,0.0816,0.873,0.6492,0.5782,0.4152,0.2391,0.3788,136.6358,156.4181,23.0058,1.6607
37.5,1125,sitting,0.9099,1.2962,0.0006,3.7608,1.2956,0.3445,1.2813,1.1181,0.7017,0.4633,0.082,0.8757,0.6527,0.5796,0.4164,0.2384,0.3813,136.4076,156.4508,23.2164,1.6517
37.533,1126,sitting,0.9125,1.2988,0.0052,3.7648,1.2936,0.3436,1.2844,1.1209,0.7041,0.4651,0.0824,0.8782,0.6554,0.5803,0.4167,0.239,0.3827,136.5398,156.6395,23.4453,1.6385
37.567,1127,sitting,0.9145,1.3005,0.0088,3.767,1.2917,0.3429,1.2864,1.1227,0.7064,0.4657,0.0827,0.8792,0.6559,0.58,0.4163,0.2407,0.383,136.3474,156.9224,23.6472,1.6285
37.6,1128,sitting,0.9145,1.3008,0.0055,3.7754,1.2953,0.3431,1.2871,1.1228,0.7062,0.4648,0.0826,0.878,0.6558,0.5809,0.4166,0.2414,0.3823,136.6071,157.5002,24.198,1.6249
37.633,1129,sitting,0.9154,1.3026,0.0072,3.7815,1.2954,0.3426,1.2889,1.1237,0.7072,0.4645,0.0828,0.8778,0.6564,0.5816,0.4165,0.2427,0.3817,136.7355,157.7804,24.5595,1.6181
37.667,1130,sitting,0.9169,1.3078,0.0063,3.8165,1.3014,0.341,1.2933,1.1247,0.7092,0.463,0.0828,0.8774,0.6572,0.5841,0.4155,0.2462,0.3802,137.3504,158.393,25.0651,1.6251
37.7,1131,sitting,0.9184,1.3094,0.0048,3.8276,1.3046,0.3408,1.2947,1.1258,0.7109,0.4621,0.0827,0.8772,0.6576,0.5838,0.4149,0.2488,0.3794,137.7881,158.895,25.5538,1.6286
37.733,1132,sitting,0.9194,1.3055,0.0037,3.8036,1.3017,0.3422,1.2918,1.1268,0.712,0.4607,0.0827,0.8773,0.6573,0.5798,0.4147,0.2513,0.378,137.4552,159.4009,25.6837,1.6229
37.767,1133,sitting,0.92,1.3066,0.0029,3.813,1.3037,0.3419,1.2925,1.1273,0.7126,0.4591,0.0826,0.8765,0.6562,0.5799,0.4147,0.2535,0.3765,137.1659,159.8245,25.8848,1.6264
37.8,1134,sitting,0.9213,1.3084,0.0054,3.8174,1.303,0.3413,1.2939,1.1287,0.7138,0.4593,0.0828,0.8768,0.656,0.5801,0.4149,0.2545,0.3765,136.8891,159.9776,26.0443,1.6262
37.833,1135,sitting,0.9224,1.3175,0.0084,3.8682,1.3092,0.3384,1.2999,1.1303,0.7146,0.4608,0.083,0.8776,0.6562,0.5853,0.4158,0.2538,0.3778,136.5066,160.1218,26.0679,1.6404
37.867,1136,sitting,0.9232,1.319,0.0093,3.8746,1.3097,0.338,1.3012,1.1313,0.7151,0.461,0.0831,0.8774,0.6561,0.5861,0.4162,0.2541,0.3779,135.9658,160.263,26.1522,1.6417
37.9,1137,sitting,0.9231,1.3197,0.0103,3.879,1.3094,0.3376,1.3016,1.131,0.7151,0.46,0.0831,0.8763,0.6554,0.5866,0.416,0.2551,0.3768,135.7454,160.2403,26.3026,1.6405
37.933,1138,sitting,0.9237,1.321,0.0112,3.8843,1.3098,0.3372,1.3029,1.1318,0.7157,0.4601,0.0832,0.8765,0.6567,0.5872,0.4161,0.2556,0.3768,135.3782,160.1812,26.459,1.6396
37.967,1139,sitting,0.924,1.3219,0.0114,3.8895,1.3106,0.337,1.3037,1.1321,0.7158,0.4611,0.0833,0.876,0.6571,0.5879,0.4163,0.2547,0.3778,134.8158,159.7659,26.4794,1.6398
38.0,1140,sitting,0.9234,1.3157,0.009,3.8545,1.3067,0.339,1.2992,1.1314,0.7154,0.4603,0.0831,0.8742,0.6559,0.5838,0.416,0.2551,0.3771,134.5065,159.6937,26.5863,1.6303
38.033,1141,sitting,0.9232,1.3169,0.0105,3.859,1.3064,0.3385,1.3001,1.1315,0.715,0.4609,0.0832,0.8743,0.6577,0.5851,0.4165,0.2541,0.3777,134.0478,159.6698,26.7841,1.6285
38.067,1142,sitting,0.9222,1.3167,0.0087,3.8629,1.308,0.3386,1.2999,1.1302,0.7141,0.4603,0.0831,0.8729,0.657,0.5858,0.4161,0.2538,0.3772,133.6694,159.6045,26.9249,1.6304
38.1,1143,sitting,0.9214,1.3165,0.0073,3.8668,1.3093,0.3386,1.2997,1.1291,0.7136,0.4602,0.083,0.871,0.6546,0.5861,0.4155,0.2534,0.3771,133.3447,159.5206,27.0314,1.6305
38.133,1144,sitting,0.9214,1.3178,0.0091,3.8706,1.3087,0.3381,1.3007,1.1295,0.7133,0.4608,0.0832,0.8709,0.6539,0.5874,0.4162,0.2525,0.3776,132.8673,159.3293,27.0727,1.6284
38.167,1145,sitting,0.9216,1.3189,0.01,3.8747,1.3089,0.3378,1.3018,1.13,0.7132,0.4612,0.0833,0.8707,0.6542,0.5886,0.4168,0.252,0.3779,132.5037,159.1333,27.0626,1.6273
38.2,1146,sitting,0.9211,1.3199,0.0106,3.8802,1.3093,0.3374,1.3027,1.1297,0.7124,0.4618,0.0833,0.8699,0.6541,0.5902,0.4173,0.2506,0.3785,132.2918,158.9706,27.0915,1.6247
38.233,1147,sitting,0.9206,1.3213,0.0118,3.8866,1.3095,0.3369,1.3039,1.1296,0.7116,0.4628,0.0834,0.8699,0.6546,0.5923,0.4179,0.2489,0.3793,132.0986,158.7081,27.0605,1.6231
38.267,1148,sitting,0.9209,1.3247,0.0132,3.9064,1.3114,0.3357,1.3091,1.13,0.7119,0.4642,0.0835,0.8702,0.6538,0.5972,0.418,0.2478,0.3806,131.9675,158.6413,27.051,1.6313
38.3,1149,sitting,0.9213,1.3254,0.0143,3.9082,1.3112,0.3355,1.3107,1.1304,0.7122,0.465,0.0836,0.8706,0.6536,0.5985,0.4182,0.2472,0.3814,131.9113,158.5561,26.9969,1.632
38.333,1150,sitting,0.9214,1.3266,0.0141,3.9148,1.3125,0.3353,1.3122,1.1306,0.7121,0.4656,0.0836,0.8708,0.6545,0.6001,0.4185,0.2465,0.382,131.9318,158.6149,27.0544,1.6331
38.367,1151,sitting,0.9206,1.3275,0.014,3.9189,1.3135,0.3352,1.3132,1.13,0.7113,0.4653,0.0836,0.8705,0.6549,0.6019,0.4187,0.246,0.3817,131.8788,158.5169,27.051,1.632
38.4,1152,sitting,0.9202,1.3277,0.0106,3.9264,1.3171,0.3355,1.3101,1.1295,0.711,0.4647,0.0834,0.8699,0.6545,0.5991,0.4184,0.2464,0.3813,132.113,158.6792,27.0834,1.6353
38.433,1153,sitting,0.9204,1.3287,0.011,3.9316,1.3177,0.3352,1.3143,1.1296,0.7112,0.4641,0.0834,0.8705,0.6554,0.6031,0.4184,0.2471,0.3807,132.2497,158.7097,27.0665,1.6361
38.467,1154,sitting,0.9204,1.3296,0.0114,3.9361,1.3181,0.3349,1.3147,1.1296,0.7112,0.4641,0.0834,0.8707,0.6561,0.6035,0.4185,0.247,0.3807,132.3876,158.6797,27.032,1.6355
38.5,1155,sitting,0.9211,1.33,0.0122,3.9361,1.3178,0.3348,1.3152,1.1304,0.7119,0.4649,0.0835,0.8711,0.6568,0.6034,0.4185,0.247,0.3814,132.3946,158.7319,27.0762,1.6341
38.533,1156,sitting,0.9214,1.3302,0.0129,3.9354,1.3174,0.3347,1.3155,1.1306,0.7123,0.4649,0.0835,0.8714,0.656,0.6032,0.4182,0.2475,0.3813,132.4144,158.7341,27.0806,1.6322
38.567,1157,sitting,0.922,1.3304,0.0122,3.9365,1.3182,0.3349,1.3157,1.1309,0.7131,0.4646,0.0835,0.8718,0.6557,0.6026,0.4177,0.2485,0.3811,132.3737,158.6094,27.0064,1.6322
38.6,1158,sitting,0.9226,1.33,0.0111,3.9356,1.3189,0.3351,1.3156,1.1311,0.7141,0.4643,0.0834,0.8722,0.6563,0.6015,0.417,0.2498,0.3809,132.2452,158.5178,26.9161,1.6365
38.633,1159,sitting,0.9223,1.3301,0.0115,3.936,1.3185,0.335,1.3156,1.1307,0.7139,0.4632,0.0834,0.8718,0.6564,0.6017,0.4169,0.2506,0.3798,132.1743,158.593,26.977,1.6342
38.667,1160,sitting,0.9221,1.3308,0.0111,3.9407,1.3197,0.3349,1.3162,1.1306,0.7136,0.4629,0.0834,0.8717,0.6564,0.6026,0.417,0.2508,0.3795,132.1257,158.5349,26.971,1.6341
38.7,1161,sitting,0.9209,1.3297,0.0075,3.9423,1.3222,0.3354,1.3156,1.1293,0.7126,0.4615,0.0832,0.87,0.6538,0.603,0.4168,0.251,0.3784,132.2045,158.482,26.9589,1.6358
38.733,1162,sitting,0.9209,1.3303,0.0081,3.9447,1.3221,0.3352,1.3162,1.1293,0.7126,0.4616,0.0832,0.8701,0.6532,0.6037,0.4167,0.2509,0.3784,132.2843,158.605,27.0364,1.6343
38.767,1163,sitting,0.9208,1.3312,0.0083,3.95,1.3229,0.3349,1.3168,1.1292,0.7124,0.4614,0.0832,0.8698,0.6519,0.6044,0.4167,0.251,0.3782,132.3924,158.7606,27.1366,1.6319
38.8,1164,sitting,0.9221,1.3321,0.0085,3.9525,1.3236,0.3349,1.3154,1.131,0.7133,0.4632,0.0833,0.8713,0.6543,0.6021,0.4177,0.25,0.38,132.2598,158.5945,27.0785,1.6327
38.833,1165,sitting,0.9225,1.3335,0.0088,3.9602,1.3247,0.3345,1.319,1.1311,0.7138,0.463,0.0833,0.8719,0.6556,0.6052,0.4173,0.2508,0.3798,132.3127,158.6587,27.0924,1.6336
38.867,1166,sitting,0.9221,1.3344,0.009,3.9663,1.3254,0.3342,1.3196,1.1308,0.7134,0.4629,0.0833,0.8718,0.656,0.6062,0.4174,0.2506,0.3796,132.3816,158.6672,27.0882,1.6333
38.9,1167,sitting,0.922,1.3355,0.0097,3.9723,1.3258,0.3338,1.3204,1.1309,0.713,0.4634,0.0833,0.8718,0.6554,0.6074,0.418,0.2496,0.3801,132.554,158.7908,27.1462,1.6336
38.933,1168,sitting,0.9215,1.3362,0.0099,3.9772,1.3263,0.3335,1.3208,1.1308,0.7122,0.4632,0.0833,0.8713,0.6542,0.6086,0.4186,0.249,0.3799,132.7471,158.867,27.1589,1.6335
38.967,1169,sitting,0.9211,1.3366,0.0109,3.9796,1.3258,0.3331,1.3213,1.1308,0.7113,0.4626,0.0834,0.8709,0.6533,0.61,0.4195,0.2488,0.3792,133.1949,158.9415,27.202,1.6319
39.0,1170,sitting,0.9216,1.3372,0.01,3.9841,1.3271,0.3331,1.322,1.1316,0.7115,0.4627,0.0833,0.8715,0.6534,0.6105,0.4201,0.2488,0.3794,133.58,158.8617,27.0441,1.637
39.033,1171,sitting,0.9215,1.3378,0.0116,3.9857,1.3262,0.3327,1.3226,1.1317,0.7112,0.4619,0.0833,0.8714,0.6522,0.6114,0.4205,0.2493,0.3786,134.0976,158.914,26.9377,1.6357
39.067,1172,sitting,0.9219,1.3386,0.0127,3.9883,1.326,0.3325,1.3234,1.1322,0.7116,0.4616,0.0834,0.8713,0.6506,0.6118,0.4207,0.25,0.3782,134.7824,158.9268,26.8397,1.6361
39.1,1173,sitting,0.9217,1.3393,0.0138,3.9905,1.3255,0.3322,1.3239,1.1322,0.7113,0.4622,0.0834,0.8715,0.6508,0.6125,0.4209,0.2492,0.3787,135.2582,159.0,26.7267,1.6357
39.133,1174,sitting,0.9221,1.3392,0.0131,3.9911,1.3261,0.3323,1.3241,1.1324,0.7117,0.4627,0.0834,0.8716,0.6522,0.6124,0.4207,0.2491,0.3793,135.8592,158.9428,26.5927,1.6394
39.167,1175,sitting,0.922,1.3396,0.0137,3.9915,1.3259,0.3322,1.3247,1.1324,0.7117,0.4628,0.0834,0.8721,0.6528,0.6129,0.4206,0.2489,0.3794,136.3408,158.9495,26.4686,1.6394
39.2,1176,sitting,0.9212,1.3383,0.011,3.9908,1.3273,0.3326,1.3237,1.1313,0.711,0.4601,0.0832,0.8708,0.6499,0.6127,0.4202,0.2509,0.377,137.09,159.1774,26.4104,1.6422
39.233,1177,sitting,0.921,1.3383,0.0118,3.99,1.3265,0.3325,1.3239,1.1308,0.7112,0.4587,0.0832,0.871,0.6494,0.6126,0.4196,0.2525,0.3755,137.476,159.136,26.3848,1.6407
39.267,1178,sitting,0.9206,1.3387,0.0125,3.9919,1.3261,0.3322,1.324,1.1303,0.7108,0.4559,0.0833,0.8704,0.6487,0.6132,0.4195,0.2549,0.3726,137.9208,159.0853,26.3991,1.6396
39.3,1179,sitting,0.9207,1.339,0.0133,3.9926,1.3257,0.332,1.3243,1.1304,0.711,0.4546,0.0833,0.8706,0.6484,0.6134,0.4195,0.2564,0.3713,138.0838,159.1779,26.4168,1.6383
39.333,1180,sitting,0.9206,1.3391,0.0144,3.9919,1.3247,0.3318,1.3243,1.1303,0.711,0.4538,0.0834,0.8704,0.6472,0.6134,0.4194,0.2571,0.3704,137.9343,159.1986,26.4066,1.6356
39.367,1181,sitting,0.9197,1.3379,0.0123,3.9907,1.3256,0.3322,1.3233,1.1293,0.7101,0.4528,0.0833,0.8692,0.6454,0.6132,0.4192,0.2573,0.3696,138.0138,159.439,26.5499,1.6365
39.4,1182,sitting,0.9187,1.3362,0.01,3.9872,1.3263,0.3326,1.3199,1.128,0.7094,0.451,0.0831,0.8679,0.6445,0.6105,0.4186,0.2584,0.3679,137.9504,159.5787,26.6757,1.6367
39.433,1183,sitting,0.9189,1.3367,0.0112,3.9875,1.3256,0.3324,1.3204,1.1282,0.7096,0.4519,0.0832,0.8686,0.6457,0.6108,0.4186,0.2577,0.3687,137.5613,159.3557,26.754,1.6349
39.467,1184,sitting,0.9188,1.337,0.0126,3.9865,1.3244,0.3322,1.3207,1.1283,0.7093,0.4526,0.0833,0.8687,0.6467,0.6114,0.419,0.2567,0.3693,136.9185,159.1777,26.8321,1.6318
39.5,1185,sitting,0.9198,1.3372,0.012,3.9865,1.3252,0.3324,1.3211,1.1293,0.7103,0.4538,0.0833,0.8694,0.6486,0.6108,0.419,0.2565,0.3705,136.4549,159.0205,26.8782,1.6362
39.533,1186,sitting,0.9189,1.3359,0.0089,3.9855,1.327,0.333,1.32,1.1282,0.7095,0.4535,0.0831,0.8676,0.6469,0.6106,0.4188,0.2559,0.3705,135.9739,159.0431,27.0407,1.6384
39.567,1187,sitting,0.9195,1.3359,0.009,3.9841,1.3269,0.3331,1.3201,1.1287,0.7102,0.4554,0.083,0.8681,0.6489,0.6098,0.4185,0.2548,0.3724,135.4494,158.7267,27.1507,1.6411
39.6,1188,sitting,0.9185,1.3342,0.0065,3.9799,1.3277,0.3336,1.3186,1.1278,0.7092,0.4547,0.0829,0.8661,0.6468,0.6094,0.4186,0.2545,0.3718,135.1765,158.658,27.3981,1.6384
39.633,1189,sitting,0.9197,1.3349,0.007,3.9808,1.3279,0.3336,1.319,1.1291,0.7103,0.4573,0.083,0.8671,0.6473,0.6087,0.4188,0.2529,0.3743,134.3583,158.4253,27.5215,1.6351
39.667,1190,sitting,0.9192,1.3331,0.004,3.9756,1.3291,0.3343,1.3175,1.1283,0.7101,0.4579,0.0829,0.866,0.6454,0.6074,0.4182,0.2522,0.375,133.7316,158.5228,27.6942,1.6361
39.7,1191,sitting,0.9199,1.3318,0.005,3.9638,1.3268,0.3347,1.3161,1.1291,0.7107,0.4601,0.0829,0.8666,0.6468,0.6054,0.4184,0.2506,0.3772,132.9891,158.2805,27.7846,1.6349
39.733,1192,sitting,0.9201,1.3303,0.0047,3.9545,1.3256,0.3352,1.3144,1.1294,0.7108,0.4607,0.0829,0.8668,0.6473,0.6037,0.4187,0.2501,0.3778,132.376,158.1143,27.8693,1.6306
39.767,1193,sitting,0.921,1.329,0.004,3.9448,1.325,0.3359,1.3132,1.1304,0.7115,0.4622,0.0828,0.868,0.6495,0.6017,0.4189,0.2493,0.3794,132.0817,157.8289,27.8704,1.6277
39.8,1194,sitting,0.9211,1.3279,0.0031,3.939,1.3248,0.3363,1.3118,1.1307,0.7115,0.4625,0.0827,0.8682,0.6502,0.6003,0.4193,0.249,0.3798,131.6955,157.6425,27.9279,1.6247
39.833,1195,sitting,0.9211,1.3262,0.0034,3.9277,1.3229,0.3368,1.3101,1.1308,0.7114,0.4629,0.0827,0.868,0.6502,0.5987,0.4193,0.2486,0.3802,131.5065,157.5829,27.9823,1.6207
39.867,1196,sitting,0.9202,1.3245,0.0007,3.9227,1.3238,0.3375,1.3085,1.1296,0.7108,0.4629,0.0825,0.8665,0.6483,0.5977,0.4188,0.2479,0.3804,131.3586,157.8547,28.1025,1.6198
39.9,1197,sitting,0.9204,1.3242,0.0009,3.9193,1.3233,0.3376,1.308,1.13,0.7107,0.4651,0.0825,0.867,0.6492,0.5973,0.4193,0.2456,0.3825,131.1162,157.6947,28.0613,1.6186
39.933,1198,sitting,0.9201,1.324,0.0016,3.917,1.3224,0.3376,1.3076,1.1298,0.7103,0.4649,0.0825,0.8666,0.6496,0.5973,0.4196,0.2453,0.3824,131.1438,157.5407,28.0862,1.6163
39.967,1199,sitting,0.9196,1.3233,0.0023,3.9116,1.3209,0.3377,1.3069,1.1291,0.7102,0.4643,0.0826,0.8654,0.6491,0.5966,0.4189,0.2459,0.3817,131.2828,157.3678,28.1429,1.6124
40.0,1200,sitting,0.9189,1.323,-0.0004,3.9153,1.3233,0.338,1.3063,1.1283,0.7096,0.4629,0.0824,0.8639,0.6481,0.5967,0.4187,0.2467,0.3805,131.7133,157.4838,28.5267,1.613
40.033,1201,sitting,0.9171,1.3215,-0.0015,3.9121,1.3231,0.3382,1.305,1.1269,0.7074,0.4598,0.0824,0.8617,0.6456,0.5977,0.4195,0.2475,0.3775,132.1528,157.6829,28.8496,1.6109
40.067,1202,sitting,0.9151,1.3196,-0.0025,3.9065,1.322,0.3384,1.3031,1.1248,0.7054,0.456,0.0823,0.859,0.642,0.5977,0.4194,0.2494,0.3737,132.4833,157.805,28.9304,1.6085
40.1,1203,sitting,0.9152,1.319,-0.0023,3.9036,1.3213,0.3385,1.3024,1.1244,0.706,0.4552,0.0823,0.858,0.6403,0.5964,0.4184,0.2509,0.3728,132.9491,157.95,29.1398,1.6073
40.133,1204,sitting,0.9131,1.3173,-0.0024,3.8976,1.3197,0.3386,1.3004,1.1224,0.7039,0.4537,0.0824,0.8553,0.6369,0.5965,0.4185,0.2503,0.3713,133.0516,158.0516,29.1213,1.6061
40.167,1205,sitting,0.9125,1.3162,-0.002,3.8913,1.3182,0.3388,1.2994,1.1216,0.7034,0.4538,0.0824,0.8544,0.636,0.596,0.4182,0.2496,0.3714,133.0831,158.1829,29.2984,1.6031
40.2,1206,sitting,0.9131,1.3164,0.0003,3.8868,1.3161,0.3386,1.2997,1.1224,0.7037,0.4553,0.0825,0.8556,0.6375,0.596,0.4188,0.2484,0.3728,132.9758,157.9169,29.1058,1.6028
40.233,1207,sitting,0.9137,1.3171,0.0015,3.8869,1.3156,0.3385,1.3003,1.1231,0.7042,0.4564,0.0826,0.8567,0.639,0.5961,0.4188,0.2478,0.3738,132.9054,157.6829,28.9835,1.6034
40.267,1208,sitting,0.9144,1.3179,0.0025,3.8869,1.3154,0.3384,1.3011,1.124,0.7047,0.457,0.0826,0.8577,0.6408,0.5964,0.4193,0.2477,0.3744,132.8487,157.4914,28.9467,1.6038
40.3,1209,sitting,0.9144,1.3182,0.0031,3.8863,1.3151,0.3384,1.3014,1.1242,0.7046,0.4577,0.0826,0.8579,0.6426,0.5969,0.4197,0.2469,0.375,132.7148,157.2634,28.8537,1.605
40.333,1210,sitting,0.9148,1.3181,0.0035,3.8848,1.3146,0.3384,1.3013,1.1246,0.705,0.4576,0.0827,0.8587,0.6443,0.5963,0.4195,0.2475,0.3749,132.8144,157.147,28.9267,1.6038
40.367,1211,sitting,0.9152,1.318,0.0044,3.8812,1.3136,0.3385,1.3014,1.1247,0.7058,0.4581,0.0827,0.8593,0.6463,0.5956,0.4189,0.2476,0.3755,132.7749,157.0062,28.9543,1.6018
40.4,1212,sitting,0.9157,1.3185,0.0043,3.8825,1.3141,0.3385,1.3018,1.1252,0.7062,0.4581,0.0827,0.8595,0.6468,0.5957,0.419,0.2481,0.3754,132.9082,156.7558,28.9937,1.6013
40.433,1213,sitting,0.9161,1.3185,0.0052,3.8803,1.3133,0.3384,1.3019,1.1255,0.7068,0.4596,0.0827,0.8597,0.6474,0.595,0.4186,0.2472,0.3769,132.773,156.755,28.9895,1.6
40.467,1214,sitting,0.9168,1.3192,0.0054,3.8831,1.3139,0.3384,1.3026,1.1258,0.7078,0.4608,0.0827,0.8605,0.6485,0.5948,0.418,0.247,0.3781,132.7413,156.6419,29.0553,1.5993
40.5,1215,sitting,0.9168,1.3195,0.0054,3.8845,1.3142,0.3383,1.3028,1.1259,0.7076,0.4609,0.0827,0.8602,0.6489,0.5952,0.4183,0.2468,0.3781,132.6552,156.5433,29.0524,1.5973
40.533,1216,sitting,0.9171,1.3195,0.0055,3.8843,1.314,0.3383,1.3027,1.126,0.7083,0.4606,0.0827,0.8598,0.6483,0.5944,0.4177,0.2477,0.3779,132.7835,156.4634,29.1181,1.5954
40.567,1217,sitting,0.9167,1.3196,0.006,3.8848,1.3136,0.3381,1.3024,1.1258,0.7077,0.4601,0.0827,0.8595,0.6489,0.5947,0.418,0.2476,0.3774,132.7598,156.3444,29.0864,1.5936
40.6,1218,sitting,0.9167,1.3197,0.0053,3.8872,1.3144,0.3381,1.3022,1.1258,0.7076,0.4593,0.0827,0.8601,0.6504,0.5946,0.4183,0.2483,0.3766,132.7831,156.2922,29.0647,1.5955
40.633,1219,sitting,0.9165,1.3196,0.0049,3.887,1.3146,0.3382,1.3018,1.1256,0.7074,0.4586,0.0826,0.8602,0.6513,0.5944,0.4182,0.2488,0.376,132.802,156.2417,29.0678,1.5966
40.667,1220,sitting,0.9169,1.3195,0.0045,3.8867,1.315,0.3383,1.3017,1.1257,0.708,0.4585,0.0826,0.8601,0.6516,0.5937,0.4177,0.2496,0.3759,132.8322,156.2446,29.0276,1.5977
40.7,1221,sitting,0.9172,1.3196,0.005,3.8858,1.3146,0.3383,1.3019,1.126,0.7083,0.4589,0.0826,0.8604,0.6519,0.5936,0.4177,0.2494,0.3763,132.8215,156.2688,29.015,1.5971
40.733,1222,sitting,0.9166,1.3193,0.0055,3.8845,1.3138,0.3382,1.3015,1.1255,0.7077,0.4585,0.0826,0.86,0.6513,0.5938,0.4178,0.2491,0.3759,132.9111,156.2717,28.9979,1.5965
40.767,1223,sitting,0.9167,1.3192,0.0059,3.8835,1.3133,0.3382,1.3012,1.1256,0.7079,0.4588,0.0827,0.86,0.6509,0.5933,0.4177,0.2491,0.3762,133.2276,156.329,29.0119,1.5972
40.8,1224,sitting,0.9146,1.3183,0.0034,3.8855,1.3148,0.3384,1.3,1.1235,0.7056,0.4564,0.0825,0.8584,0.6488,0.5944,0.4179,0.2493,0.3739,133.3364,156.6523,29.1642,1.5987
40.833,1225,sitting,0.9152,1.3183,0.0032,3.8853,1.3151,0.3385,1.3,1.1237,0.7066,0.457,0.0825,0.8598,0.6513,0.5934,0.4171,0.2496,0.3745,133.4087,156.7031,29.1083,1.6034
40.867,1226,sitting,0.9159,1.319,0.0038,3.8876,1.3153,0.3383,1.3003,1.1239,0.7079,0.4571,0.0825,0.8613,0.6521,0.5923,0.416,0.2508,0.3746,133.5637,156.7674,29.1202,1.6071
40.9,1227,sitting,0.9169,1.3193,0.0041,3.8872,1.3152,0.3384,1.3003,1.1246,0.7091,0.4578,0.0825,0.8621,0.6526,0.5912,0.4154,0.2513,0.3753,133.7408,156.9879,29.1116,1.6112
40.933,1228,sitting,0.9169,1.3193,0.0044,3.8855,1.3148,0.3384,1.2998,1.1245,0.7094,0.458,0.0825,0.8629,0.6529,0.5904,0.4151,0.2513,0.3755,133.6875,157.148,29.158,1.6119
40.967,1229,sitting,0.9173,1.3193,0.0042,3.8849,1.3151,0.3385,1.2994,1.1246,0.7099,0.4588,0.0825,0.8641,0.6542,0.5895,0.4147,0.2511,0.3763,133.7088,157.2828,29.2312,1.6157
41.0,1230,sitting,0.9179,1.319,0.0041,3.8818,1.3149,0.3387,1.2989,1.1253,0.7104,0.4594,0.0825,0.8659,0.6556,0.5884,0.4149,0.2511,0.3768,133.6347,157.3756,29.2747,1.6162
41.033,1231,sitting,0.9186,1.3183,0.0039,3.8769,1.3144,0.339,1.2981,1.1259,0.7113,0.4595,0.0825,0.868,0.6588,0.5868,0.4147,0.2518,0.377,133.6373,157.5131,29.3285,1.6168
41.067,1232,sitting,0.9182,1.3166,0.0047,3.8657,1.3118,0.3394,1.2963,1.1255,0.7109,0.458,0.0826,0.8686,0.6615,0.5853,0.4146,0.2529,0.3755,133.6421,157.5946,29.3705,1.6138
41.1,1233,sitting,0.9183,1.3143,0.0052,3.8515,1.3091,0.3399,1.294,1.1258,0.7108,0.4577,0.0826,0.8705,0.6678,0.5832,0.415,0.2532,0.3751,133.3767,157.7237,29.3345,1.61
41.133,1234,sitting,0.9179,1.3104,0.0035,3.8312,1.3068,0.3411,1.2903,1.1251,0.7108,0.457,0.0826,0.8727,0.6722,0.5795,0.4144,0.2537,0.3744,133.4339,158.2232,29.7024,1.6022
41.167,1235,sitting,0.9186,1.3073,0.0044,3.8115,1.3029,0.3418,1.2873,1.1259,0.7112,0.4572,0.0826,0.8762,0.6802,0.5761,0.4147,0.2541,0.3746,133.175,158.3227,29.6552,1.5979
41.2,1236,sitting,0.917,1.3028,0.0009,3.794,1.3019,0.3431,1.2828,1.1239,0.7101,0.4549,0.0824,0.8783,0.6848,0.5726,0.4138,0.2553,0.3724,133.2431,158.641,29.8373,1.5938
41.233,1237,sitting,0.9171,1.3004,-0.0012,3.784,1.3016,0.344,1.2803,1.1237,0.7104,0.4547,0.0823,0.8827,0.6929,0.5699,0.4133,0.2557,0.3723,132.9269,159.0934,30.086,1.5903
41.267,1238,sitting,0.9175,1.2987,-0.0028,3.7764,1.3015,0.3446,1.2783,1.1237,0.7114,0.454,0.0823,0.8858,0.6981,0.5669,0.4122,0.2574,0.3718,132.9932,159.4541,30.3702,1.5875
41.3,1239,sitting,0.9174,1.2988,-0.0027,3.7775,1.3014,0.3445,1.2779,1.123,0.7117,0.4543,0.0823,0.8865,0.7005,0.5662,0.4113,0.2575,0.372,133.025,159.7495,30.6295,1.5872
41.333,1240,sitting,0.9173,1.2995,-0.0031,3.7822,1.3026,0.3444,1.2782,1.1227,0.7119,0.4552,0.0822,0.8884,0.7025,0.5663,0.4107,0.2567,0.373,132.9442,160.0049,30.758,1.5872
41.367,1241,sitting,0.9162,1.2999,-0.0025,3.7861,1.3024,0.344,1.278,1.1215,0.7109,0.455,0.0823,0.8887,0.7015,0.5672,0.4106,0.2559,0.3727,132.7691,160.1514,30.7536,1.584
41.4,1242,sitting,0.9161,1.3005,-0.0022,3.789,1.3027,0.3438,1.2782,1.1212,0.7109,0.4541,0.0823,0.8892,0.7016,0.5673,0.4102,0.2568,0.3718,132.6421,160.2823,30.8598,1.5829
41.433,1243,sitting,0.9157,1.3015,-0.0023,3.7964,1.3038,0.3434,1.2787,1.1206,0.7108,0.4538,0.0823,0.8889,0.7004,0.5679,0.4098,0.257,0.3716,132.7168,160.3652,30.965,1.583
41.467,1244,sitting,0.9154,1.3028,-0.0028,3.805,1.3056,0.3431,1.2796,1.1206,0.7102,0.4531,0.0823,0.8882,0.6981,0.5694,0.4104,0.2571,0.3709,132.5519,160.4951,31.0775,1.5844
41.5,1245,sitting,0.915,1.3035,-0.0023,3.809,1.3058,0.3428,1.2799,1.1203,0.7096,0.4528,0.0823,0.8865,0.6955,0.5703,0.4107,0.2568,0.3705,132.5991,160.6283,31.1743,1.5852
41.533,1246,sitting,0.915,1.3045,-0.0022,3.8139,1.3067,0.3426,1.2807,1.1205,0.7095,0.4525,0.0823,0.8849,0.6915,0.5711,0.411,0.257,0.3702,132.7729,160.7368,31.3123,1.5866
41.567,1247,sitting,0.9143,1.3042,-0.0015,3.8121,1.3057,0.3425,1.2805,1.1203,0.7084,0.4523,0.0823,0.8814,0.682,0.5721,0.4119,0.2562,0.3699,132.809,160.7878,31.1645,1.5858
41.6,1248,sitting,0.9146,1.3047,-0.0012,3.8154,1.3059,0.3423,1.2807,1.1201,0.7092,0.4527,0.0823,0.881,0.6809,0.5715,0.4109,0.2564,0.3704,133.2173,161.0173,31.26,1.5851
41.633,1249,sitting,0.9142,1.3039,-0.0005,3.8101,1.3043,0.3423,1.2797,1.1196,0.7089,0.4527,0.0824,0.8802,0.6783,0.5709,0.4107,0.2561,0.3703,133.3764,161.2919,31.3201,1.5818
41.667,1250,sitting,0.9138,1.3041,0.0007,3.8105,1.3034,0.3421,1.2798,1.1192,0.7084,0.4523,0.0825,0.8792,0.6753,0.5714,0.4108,0.2561,0.3698,133.5973,161.4619,31.3272,1.5782
41.7,1251,sitting,0.9139,1.3047,0.0015,3.8136,1.3033,0.3417,1.2801,1.1194,0.7083,0.451,0.0825,0.8784,0.6711,0.5717,0.411,0.2573,0.3685,133.8765,161.7191,31.2809,1.5766
41.733,1252,sitting,0.9136,1.3054,0.0016,3.8182,1.3037,0.3415,1.2805,1.1191,0.7082,0.4497,0.0825,0.8756,0.6649,0.5723,0.4109,0.2585,0.3672,134.0405,161.9927,31.3045,1.5767
41.767,1253,sitting,0.9133,1.3058,0.0023,3.8211,1.3034,0.3411,1.2805,1.1188,0.7078,0.4487,0.0825,0.8756,0.6665,0.5727,0.411,0.2591,0.3661,134.104,162.2219,31.3124,1.5761
41.8,1254,sitting,0.9139,1.3064,0.0023,3.8237,1.304,0.341,1.2811,1.1193,0.7084,0.4488,0.0825,0.8741,0.6671,0.5726,0.4108,0.2597,0.3662,134.265,162.4017,31.3122,1.5768
41.833,1255,sitting,0.9142,1.3076,0.0024,3.8301,1.3052,0.3408,1.2821,1.1194,0.7089,0.4494,0.0825,0.874,0.6691,0.5732,0.4105,0.2595,0.3669,134.3413,162.642,31.3121,1.5775
41.867,1256,sitting,0.9147,1.3083,0.0021,3.8333,1.3062,0.3408,1.2828,1.1198,0.7096,0.4493,0.0825,0.875,0.6716,0.5732,0.4103,0.2602,0.3668,134.1809,162.8182,31.2387,1.5792
41.9,1257,sitting,0.9148,1.309,0.0014,3.8387,1.3076,0.3406,1.2831,1.1202,0.7094,0.4494,0.0825,0.8757,0.6729,0.5737,0.4108,0.26,0.3669,134.0922,162.8742,31.2371,1.5809
41.933,1258,sitting,0.9138,1.3091,0.0014,3.8407,1.3077,0.3405,1.283,1.1197,0.7079,0.4482,0.0824,0.8757,0.6736,0.5751,0.4119,0.2596,0.3658,133.9951,162.7497,31.1003,1.5806
41.967,1259,sitting,0.913,1.3085,0.0015,3.8384,1.307,0.3405,1.2827,1.1195,0.7066,0.4473,0.0824,0.8753,0.6736,0.576,0.4128,0.2593,0.3649,133.7421,162.666,30.9391,1.5806
42.0,1260,sitting,0.9125,1.3085,0.0014,3.8401,1.3072,0.3404,1.2826,1.119,0.7059,0.4471,0.0824,0.8761,0.6738,0.5767,0.4132,0.2588,0.3647,133.4796,162.6148,30.7836,1.5803
42.033,1261,sitting,0.9126,1.3091,0.001,3.8435,1.3081,0.3403,1.2832,1.1193,0.7059,0.4484,0.0824,0.8776,0.6748,0.5772,0.4134,0.2575,0.366,133.1887,162.6012,30.6235,1.5821
42.067,1262,sitting,0.9129,1.3104,0.0011,3.8509,1.3092,0.34,1.2841,1.12,0.7059,0.4487,0.0825,0.8784,0.6744,0.5782,0.4141,0.2572,0.3663,133.0931,162.6797,30.7315,1.5808
42.1,1263,sitting,0.9141,1.3128,0.0031,3.8596,1.3097,0.3393,1.2864,1.1218,0.7063,0.45,0.0826,0.8796,0.6755,0.5801,0.4155,0.2563,0.3674,132.9704,162.2974,30.5923,1.5845
42.133,1264,sitting,0.914,1.3143,0.0039,3.8666,1.3104,0.3389,1.2878,1.1226,0.7055,0.4501,0.0826,0.8811,0.6778,0.5823,0.4171,0.2554,0.3675,132.7009,161.964,30.4781,1.5882
42.167,1265,sitting,0.9134,1.3145,0.0041,3.8694,1.3104,0.3387,1.2881,1.1217,0.7052,0.4492,0.0827,0.882,0.6794,0.5829,0.4165,0.256,0.3665,132.8434,162.0977,30.775,1.5841
42.2,1266,sitting,0.9136,1.3148,0.0038,3.8717,1.3111,0.3386,1.2888,1.1215,0.7056,0.4494,0.0827,0.8837,0.6834,0.5833,0.416,0.2562,0.3667,132.7216,162.2009,30.938,1.5818
42.233,1267,sitting,0.9135,1.3154,0.0028,3.8767,1.3126,0.3386,1.2894,1.1213,0.7057,0.4493,0.0826,0.8855,0.6877,0.5837,0.4157,0.2564,0.3666,132.638,162.3301,31.0762,1.5814
42.267,1268,sitting,0.9142,1.3157,0.0025,3.878,1.3132,0.3386,1.2898,1.1217,0.7067,0.4492,0.0826,0.8873,0.6904,0.5831,0.415,0.2575,0.3665,132.7305,162.4995,31.2205,1.5803
42.3,1269,sitting,0.9147,1.316,0.0023,3.879,1.3137,0.3387,1.2904,1.1221,0.7073,0.449,0.0826,0.8886,0.6935,0.5831,0.4148,0.2583,0.3663,132.7728,162.6309,31.3235,1.5818
42.333,1270,sitting,0.9151,1.3161,0.0022,3.8801,1.314,0.3386,1.2907,1.1221,0.708,0.4486,0.0826,0.8893,0.6954,0.5827,0.4142,0.2594,0.366,132.9028,162.6858,31.4482,1.5822
42.367,1271,sitting,0.9155,1.3167,0.0024,3.8833,1.3143,0.3385,1.2911,1.1225,0.7084,0.4486,0.0827,0.8908,0.6978,0.5827,0.4141,0.2598,0.3659,133.0656,162.8189,31.5674,1.5836
42.4,1272,sitting,0.9156,1.3167,0.0017,3.8862,1.315,0.3384,1.291,1.1228,0.7084,0.4469,0.0825,0.8918,0.6989,0.5826,0.4145,0.2615,0.3644,133.1386,162.9629,31.4054,1.5914
42.433,1273,sitting,0.9151,1.3167,0.0013,3.888,1.3154,0.3383,1.2911,1.1226,0.7076,0.4449,0.0825,0.8921,0.6997,0.5835,0.415,0.2627,0.3624,133.1181,163.0081,31.4856,1.5912
42.467,1274,sitting,0.9159,1.3168,0.0008,3.8889,1.3161,0.3384,1.2915,1.1235,0.7083,0.4445,0.0825,0.8936,0.7016,0.5832,0.4152,0.2638,0.362,133.4902,162.9682,31.7263,1.5904
42.5,1275,sitting,0.9169,1.3174,-0.0002,3.8928,1.3176,0.3385,1.2922,1.1245,0.7092,0.4448,0.0825,0.895,0.7039,0.5829,0.4153,0.2644,0.3624,133.6052,163.0144,31.8382,1.5921
42.533,1276,sitting,0.9177,1.3181,-0.0012,3.8977,1.3193,0.3385,1.2927,1.1251,0.7103,0.445,0.0824,0.8959,0.7055,0.5824,0.4148,0.2652,0.3626,133.7943,162.965,31.9371,1.5924
42.567,1277,sitting,0.9186,1.3187,-0.0014,3.9003,1.3201,0.3385,1.2933,1.1255,0.7116,0.4455,0.0824,0.8963,0.7082,0.5817,0.4139,0.2661,0.3631,134.0443,163.0637,32.0316,1.5927
42.6,1278,sitting,0.9192,1.319,-0.0018,3.9022,1.3208,0.3385,1.2935,1.1259,0.7124,0.4469,0.0824,0.8965,0.7097,0.5812,0.4136,0.2655,0.3645,134.1889,163.1036,32.0175,1.5915
42.633,1279,sitting,0.9197,1.3191,-0.0011,3.9006,1.3202,0.3385,1.2938,1.1265,0.713,0.4477,0.0825,0.8967,0.7129,0.5808,0.4134,0.2653,0.3653,134.1866,163.0942,32.0322,1.5915
42.667,1280,sitting,0.9198,1.3189,-0.0009,3.8989,1.3198,0.3385,1.2937,1.1264,0.7133,0.4484,0.0825,0.8966,0.7152,0.5804,0.4131,0.2649,0.3659,134.1112,163.0276,32.0658,1.5904
42.7,1281,sitting,0.92,1.3186,-0.0007,3.8969,1.3193,0.3385,1.2937,1.1265,0.7136,0.4489,0.0825,0.8965,0.7179,0.5802,0.413,0.2646,0.3664,133.9936,162.9919,32.0953,1.5897
42.733,1282,sitting,0.9203,1.3184,-0.0004,3.8951,1.3188,0.3386,1.294,1.1267,0.714,0.4495,0.0826,0.8963,0.7201,0.58,0.4127,0.2645,0.3669,133.8146,162.9843,32.0148,1.5888
42.767,1283,sitting,0.9206,1.3186,0.0013,3.893,1.3173,0.3384,1.2946,1.1273,0.7139,0.4504,0.0827,0.8963,0.7242,0.5807,0.4134,0.2635,0.3677,133.3091,162.7329,31.6565,1.5926
42.8,1284,sitting,0.9202,1.3177,0.0014,3.8883,1.3163,0.3385,1.2942,1.1269,0.7134,0.4513,0.0826,0.8957,0.7264,0.5808,0.4135,0.2621,0.3687,133.1532,162.5265,31.3874,1.5909
42.833,1285,sitting,0.9208,1.3167,0.0014,3.8818,1.3152,0.3388,1.2937,1.1273,0.7142,0.4524,0.0826,0.8952,0.7281,0.5795,0.4131,0.2618,0.3697,133.2346,162.3851,31.454,1.5881
42.867,1286,sitting,0.9212,1.3153,0.0025,3.8719,1.3128,0.3391,1.2932,1.1275,0.7149,0.4532,0.0827,0.8948,0.7288,0.5783,0.4126,0.2617,0.3705,133.1409,162.4851,31.4234,1.5847
42.9,1287,sitting,0.922,1.3136,0.0052,3.8561,1.3084,0.3393,1.2925,1.1284,0.7156,0.4554,0.0828,0.895,0.7322,0.5769,0.4128,0.2602,0.3726,132.6742,162.3239,31.0437,1.585
42.933,1288,sitting,0.9228,1.3113,0.0078,3.8357,1.3035,0.3398,1.2917,1.1295,0.7161,0.458,0.0829,0.8957,0.7352,0.5755,0.4134,0.2581,0.3751,132.1949,162.1844,30.7253,1.5838
42.967,1289,sitting,0.9232,1.3079,0.0088,3.8115,1.299,0.3408,1.29,1.1301,0.7163,0.4599,0.0829,0.8961,0.7364,0.5736,0.4138,0.2564,0.377,131.8399,162.0673,30.5373,1.5825
43.0,1290,sitting,0.9229,1.3035,0.0078,3.7883,1.2957,0.342,1.2871,1.1297,0.716,0.4593,0.0829,0.8952,0.7349,0.571,0.4136,0.2567,0.3764,132.1027,162.1103,30.7896,1.5753
43.033,1291,sitting,0.9231,1.3006,0.0071,3.7719,1.2935,0.3429,1.2854,1.1297,0.7165,0.46,0.0829,0.8934,0.7351,0.5688,0.4132,0.2566,0.3771,132.2155,162.273,30.8714,1.5718
43.067,1292,sitting,0.9234,1.301,0.0089,3.7697,1.2921,0.3428,1.2862,1.1306,0.7161,0.4602,0.083,0.8906,0.7366,0.57,0.4144,0.2559,0.3773,131.9814,161.9999,30.6627,1.5769
43.1,1293,sitting,0.9231,1.2985,0.0099,3.7521,1.2885,0.3434,1.2847,1.131,0.7153,0.46,0.083,0.8873,0.7376,0.5694,0.4157,0.2552,0.377,131.9389,161.7493,30.4761,1.576
43.133,1294,sitting,0.9228,1.2956,0.0084,3.7388,1.2872,0.3443,1.283,1.1308,0.7148,0.4591,0.0829,0.8821,0.7349,0.5683,0.416,0.2557,0.3762,132.2404,161.8732,30.5748,1.5711
43.167,1295,sitting,0.9231,1.2948,0.0099,3.7297,1.2848,0.3445,1.283,1.1315,0.7147,0.4597,0.083,0.8793,0.7352,0.5683,0.4168,0.255,0.3767,132.0577,161.6237,30.2598,1.5732
43.2,1296,sitting,0.9227,1.294,0.0088,3.7224,1.2852,0.3453,1.2815,1.1308,0.7146,0.4582,0.0829,0.876,0.733,0.5669,0.4162,0.2565,0.3752,132.512,161.6992,30.3573,1.5695
43.233,1297,sitting,0.9227,1.294,0.007,3.7173,1.287,0.3462,1.2804,1.131,0.7144,0.4565,0.0829,0.8734,0.7318,0.566,0.4167,0.2579,0.3736,132.8059,161.6043,30.4123,1.5689
43.267,1298,sitting,0.9227,1.2943,0.0056,3.7215,1.2887,0.3463,1.2792,1.1312,0.7142,0.4554,0.0828,0.8704,0.7294,0.5651,0.417,0.2588,0.3726,133.0454,161.5285,30.4142,1.5671
43.3,1299,sitting,0.9224,1.2957,0.008,3.7247,1.2877,0.3457,1.2792,1.1315,0.7133,0.456,0.0829,0.868,0.7318,0.566,0.4182,0.2572,0.3731,132.7324,161.2053,30.0359,1.5687
43.333,1300,sitting,0.9228,1.2969,0.0108,3.726,1.2861,0.3452,1.279,1.132,0.7137,0.4568,0.083,0.8665,0.7347,0.5653,0.4182,0.257,0.3738,132.6395,160.9743,29.8079,1.5693
43.367,1301,sitting,0.9229,1.2971,0.0098,3.7297,1.2873,0.3452,1.2779,1.1315,0.7142,0.4568,0.083,0.8652,0.7347,0.5637,0.4173,0.2575,0.3738,132.6532,161.0871,29.8765,1.5658
43.4,1302,sitting,0.9225,1.2981,0.0118,3.7312,1.2862,0.3447,1.2781,1.1311,0.714,0.4575,0.083,0.8638,0.7363,0.5641,0.4171,0.2565,0.3745,132.3836,160.947,29.6779,1.5675
43.433,1303,sitting,0.9223,1.2985,0.0139,3.7296,1.2845,0.3444,1.2781,1.1306,0.714,0.4581,0.0831,0.863,0.7379,0.5641,0.4166,0.256,0.375,132.2367,160.8141,29.4824,1.5693
43.467,1304,sitting,0.9221,1.2984,0.0148,3.7279,1.2837,0.3443,1.2774,1.1303,0.7138,0.4577,0.0831,0.8634,0.7384,0.5635,0.4165,0.2561,0.3747,132.1831,160.7069,29.3549,1.569
43.5,1305,sitting,0.9217,1.2979,0.0163,3.7223,1.2816,0.3443,1.2769,1.1301,0.7134,0.4579,0.0831,0.8645,0.7393,0.5635,0.4167,0.2555,0.3747,131.987,160.6517,29.2062,1.5693
43.533,1306,sitting,0.9215,1.2975,0.0168,3.7189,1.2807,0.3444,1.2761,1.1297,0.7132,0.4575,0.0831,0.8651,0.7414,0.5629,0.4165,0.2557,0.3744,131.9579,160.5628,29.2034,1.568
43.567,1307,sitting,0.9191,1.296,0.0112,3.7224,1.2848,0.3452,1.2743,1.1273,0.7108,0.4554,0.0828,0.8637,0.7414,0.5635,0.4165,0.2554,0.3726,131.7707,160.9495,29.3739,1.5717
43.6,1308,sitting,0.9188,1.2952,0.0121,3.7167,1.2831,0.3452,1.274,1.1271,0.7104,0.4555,0.0828,0.8633,0.744,0.5636,0.4167,0.2549,0.3727,131.6917,160.7954,29.3807,1.5682
43.633,1309,sitting,0.9187,1.2939,0.0112,3.7126,1.2828,0.3455,1.273,1.1266,0.7108,0.4552,0.0828,0.8623,0.744,0.5623,0.4158,0.2556,0.3724,131.8563,161.038,29.651,1.5639
43.667,1310,sitting,0.9187,1.2947,0.0126,3.7141,1.2821,0.3452,1.2734,1.1268,0.7106,0.4554,0.0829,0.8627,0.7473,0.5628,0.4162,0.2552,0.3725,131.97,160.8571,29.6832,1.5627
43.7,1311,sitting,0.919,1.2955,0.0132,3.7167,1.2822,0.345,1.2733,1.1272,0.7108,0.4565,0.0829,0.8633,0.7495,0.5625,0.4164,0.2544,0.3735,131.7313,160.7261,29.6098,1.5611
43.733,1312,sitting,0.9173,1.2948,0.0079,3.723,1.2869,0.3457,1.2712,1.1259,0.7086,0.4554,0.0826,0.8621,0.7491,0.5626,0.4173,0.2533,0.3728,131.5722,161.0936,29.6695,1.5634
43.767,1313,sitting,0.9178,1.2948,0.0098,3.7189,1.2849,0.3455,1.2708,1.1266,0.709,0.4554,0.0827,0.862,0.751,0.5617,0.4176,0.2536,0.3727,131.5182,160.9216,29.5601,1.559
43.8,1314,sitting,0.9164,1.2937,0.0045,3.7236,1.2893,0.3462,1.2692,1.1255,0.7073,0.4533,0.0824,0.8601,0.7495,0.5619,0.4182,0.254,0.3709,131.5206,161.2848,29.6282,1.5636
43.833,1315,sitting,0.9158,1.2931,0.0007,3.7266,1.2924,0.3468,1.2686,1.125,0.7066,0.4533,0.0822,0.8587,0.7485,0.562,0.4184,0.2533,0.3711,131.5118,161.5215,29.6664,1.5687
43.867,1316,sitting,0.9168,1.2934,0.0045,3.72,1.2889,0.3465,1.2686,1.1258,0.7077,0.4542,0.0824,0.858,0.7504,0.5609,0.4181,0.2536,0.3718,131.4469,161.1184,29.536,1.5646
43.9,1317,sitting,0.9164,1.293,0.0011,3.7232,1.2919,0.347,1.2678,1.1256,0.7072,0.4537,0.0822,0.8565,0.7497,0.5606,0.4184,0.2535,0.3715,131.5502,161.3194,29.6635,1.5688
43.933,1318,sitting,0.9177,1.2929,0.0048,3.7149,1.2881,0.3467,1.2684,1.1264,0.709,0.4547,0.0824,0.8563,0.7513,0.5594,0.4174,0.2542,0.3723,131.6135,161.0071,29.5995,1.5656
43.967,1319,sitting,0.9194,1.2936,0.0079,3.7113,1.2858,0.3464,1.2699,1.1281,0.7106,0.4568,0.0826,0.8559,0.7532,0.5593,0.4175,0.2538,0.3742,131.5692,160.7643,29.431,1.5648
44.0,1320,sitting,0.9189,1.2914,0.0061,3.7038,1.2854,0.347,1.2687,1.1271,0.7107,0.4552,0.0825,0.8547,0.7511,0.558,0.4164,0.2555,0.3727,131.7817,160.8321,29.7446,1.5618
44.033,1321,sitting,0.9188,1.2909,0.0071,3.699,1.2838,0.3471,1.2683,1.127,0.7105,0.455,0.0826,0.8548,0.7522,0.5577,0.4165,0.2556,0.3724,131.8083,160.5027,29.7091,1.5611
44.067,1322,sitting,0.9189,1.2908,0.0088,3.6956,1.282,0.3469,1.2685,1.1271,0.7107,0.455,0.0827,0.8549,0.7525,0.5577,0.4164,0.2558,0.3723,131.5972,160.303,29.6673,1.5598
44.1,1323,sitting,0.9191,1.2911,0.0106,3.6938,1.2805,0.3467,1.2689,1.1276,0.7107,0.4555,0.0828,0.8556,0.7542,0.5582,0.4168,0.2552,0.3727,131.5147,160.089,29.5848,1.56
44.133,1324,sitting,0.9173,1.2897,0.0063,3.6947,1.2834,0.3474,1.2677,1.1263,0.7083,0.4537,0.0826,0.8538,0.7521,0.5594,0.418,0.2546,0.3712,131.5242,160.4175,29.7989,1.5629
44.167,1325,sitting,0.9164,1.2887,0.0028,3.6962,1.286,0.3479,1.2666,1.1255,0.7073,0.4526,0.0823,0.8529,0.7511,0.5593,0.4182,0.2547,0.3702,131.4075,160.6922,29.9665,1.5657
44.2,1326,sitting,0.9153,1.2883,-0.0015,3.7015,1.2898,0.3485,1.2656,1.1248,0.7059,0.4515,0.0821,0.852,0.7498,0.5597,0.4189,0.2544,0.3694,131.4219,160.8935,30.0893,1.569
44.233,1327,sitting,0.915,1.2881,-0.0044,3.7051,1.2925,0.3488,1.265,1.1246,0.7054,0.4509,0.0819,0.8519,0.7494,0.5596,0.4191,0.2545,0.369,131.5182,161.0702,30.1787,1.5725
44.267,1328,sitting,0.9145,1.2877,-0.0064,3.7065,1.294,0.3491,1.2643,1.124,0.705,0.4503,0.0817,0.8519,0.7491,0.5592,0.419,0.2547,0.3686,131.5404,161.2002,30.3414,1.5736
44.3,1329,sitting,0.914,1.2873,-0.0086,3.7088,1.2958,0.3494,1.2636,1.1234,0.7045,0.4499,0.0816,0.853,0.748,0.5591,0.4189,0.2546,0.3683,131.4388,161.4374,30.4279,1.574
44.333,1330,sitting,0.9156,1.2884,-0.0042,3.7055,1.2926,0.3488,1.2648,1.125,0.7062,0.4523,0.0819,0.8573,0.7499,0.5587,0.4189,0.2539,0.3704,131.2733,161.0795,30.2562,1.5698
44.367,1331,sitting,0.9175,1.2891,-0.0014,3.7021,1.2905,0.3486,1.266,1.1266,0.7084,0.4545,0.0821,0.8608,0.7512,0.5576,0.4182,0.2539,0.3725,131.2915,160.7652,30.1306,1.5672
44.4,1332,sitting,0.9178,1.2879,-0.0003,3.6944,1.2882,0.3487,1.2646,1.1261,0.7096,0.4535,0.0822,0.8607,0.7499,0.555,0.4164,0.2561,0.3713,131.7127,160.7825,30.3721,1.5606
44.433,1333,sitting,0.918,1.2872,0.0004,3.6899,1.2868,0.3487,1.2643,1.1256,0.7104,0.453,0.0823,0.861,0.749,0.554,0.4153,0.2573,0.3708,132.141,160.8948,30.5886,1.5563
44.467,1334,sitting,0.9186,1.288,0.004,3.688,1.2841,0.3482,1.2646,1.1259,0.7112,0.454,0.0824,0.8619,0.7496,0.5534,0.4147,0.2572,0.3716,132.0215,160.4683,30.4296,1.551
44.5,1335,sitting,0.9191,1.2883,0.0064,3.6849,1.2819,0.3479,1.265,1.1263,0.7119,0.4548,0.0826,0.8634,0.7479,0.5531,0.4144,0.2571,0.3723,131.8175,160.3248,30.3029,1.5484
44.533,1336,sitting,0.9193,1.2883,0.0079,3.6823,1.2804,0.3477,1.2648,1.1265,0.7121,0.4556,0.0826,0.864,0.7478,0.5526,0.4143,0.2565,0.373,131.4052,160.2193,30.1892,1.5444
44.567,1337,sitting,0.9192,1.2877,0.0095,3.6759,1.2782,0.3477,1.2644,1.1265,0.7119,0.4557,0.0827,0.864,0.7494,0.5525,0.4146,0.2562,0.373,131.2794,160.0576,30.0304,1.5423
44.6,1338,sitting,0.9193,1.288,0.011,3.6745,1.277,0.3475,1.2643,1.1266,0.7119,0.4557,0.0828,0.864,0.7483,0.5524,0.4146,0.2563,0.3729,131.2932,159.8207,29.9754,1.54
44.633,1339,sitting,0.9192,1.2878,0.012,3.6718,1.2758,0.3475,1.2644,1.1266,0.7118,0.4559,0.0828,0.8632,0.7498,0.5527,0.4148,0.2559,0.373,131.2738,159.634,29.9308,1.5395
44.667,1340,sitting,0.9194,1.288,0.0124,3.6721,1.2757,0.3474,1.2647,1.1267,0.7121,0.4558,0.0828,0.8628,0.7508,0.5526,0.4146,0.2562,0.373,131.1668,159.5282,29.8647,1.5394
44.7,1341,sitting,0.9177,1.2872,0.0077,3.6772,1.2795,0.348,1.264,1.125,0.7103,0.4533,0.0826,0.8606,0.7499,0.5537,0.4147,0.2571,0.3707,131.3027,160.0216,30.0414,1.5452
44.733,1342,sitting,0.9165,1.2864,0.0039,3.6817,1.2825,0.3483,1.2638,1.1237,0.7092,0.4517,0.0824,0.8582,0.75,0.5546,0.4145,0.2575,0.3693,131.5043,160.456,30.2845,1.5521
44.767,1343,sitting,0.9176,1.2868,0.0063,3.6793,1.2805,0.348,1.2651,1.1243,0.7109,0.4524,0.0825,0.8581,0.7525,0.5543,0.4134,0.2585,0.3699,131.7052,160.2432,30.3013,1.5515
44.8,1344,sitting,0.9171,1.2855,0.0057,3.674,1.2798,0.3483,1.2643,1.1233,0.7108,0.4522,0.0825,0.8559,0.7519,0.5535,0.4126,0.2586,0.3697,131.8792,160.4822,30.5432,1.5472
44.833,1345,sitting,0.9177,1.2855,0.007,3.6707,1.2785,0.3483,1.2642,1.1241,0.7113,0.4537,0.0826,0.8578,0.7534,0.5529,0.4128,0.2575,0.3712,131.8131,160.3671,30.4485,1.5459
44.867,1346,sitting,0.9159,1.285,0.0035,3.6756,1.2815,0.3487,1.263,1.1225,0.7093,0.4524,0.0823,0.8559,0.7533,0.5537,0.4132,0.2569,0.3701,131.8031,160.739,30.6171,1.549
44.9,1347,sitting,0.9167,1.2852,0.0052,3.6726,1.28,0.3485,1.2633,1.1234,0.7099,0.4531,0.0824,0.8566,0.7553,0.5535,0.4136,0.2568,0.3706,131.9045,160.4011,30.5865,1.5475
44.933,1348,sitting,0.9158,1.2849,0.0016,3.6772,1.2832,0.349,1.2623,1.1227,0.7089,0.4525,0.0822,0.8557,0.7554,0.5535,0.4138,0.2563,0.3703,132.0422,160.7167,30.6795,1.5521
44.967,1349,sitting,0.9151,1.285,-0.0008,3.6824,1.2859,0.3492,1.2621,1.122,0.7081,0.4527,0.082,0.8555,0.7559,0.5539,0.4139,0.2555,0.3706,132.0362,161.0027,30.6903,1.5563
45.0,1350,sitting,0.9163,1.2857,0.0017,3.6801,1.2839,0.3489,1.2629,1.1232,0.7094,0.4546,0.0822,0.8573,0.7565,0.5535,0.4138,0.2548,0.3724,131.7665,160.7407,30.4514,1.554
45.033,1351,sitting,0.9176,1.2861,0.0038,3.6769,1.2823,0.3487,1.2638,1.1244,0.7107,0.4561,0.0823,0.8589,0.7571,0.5531,0.4136,0.2546,0.3738,131.8805,160.4074,30.3465,1.5542
45.067,1352,sitting,0.916,1.285,-0.0001,3.6792,1.2851,0.3493,1.2633,1.1227,0.7093,0.4537,0.0821,0.8573,0.7557,0.554,0.4135,0.2556,0.3716,132.0249,160.6189,30.5482,1.5585
45.1,1353,sitting,0.915,1.2848,-0.0022,3.6825,1.287,0.3495,1.2634,1.1215,0.7084,0.4526,0.082,0.8561,0.7544,0.555,0.4131,0.2558,0.3706,132.0756,160.8548,30.6645,1.5619
45.133,1354,sitting,0.9162,1.285,0.0008,3.6773,1.2843,0.3492,1.2639,1.1228,0.7096,0.4533,0.0822,0.8579,0.7547,0.5543,0.4132,0.2563,0.3711,131.9092,160.5564,30.5913,1.5582
45.167,1355,sitting,0.9173,1.2851,0.003,3.6724,1.282,0.3491,1.2644,1.1238,0.7107,0.4542,0.0823,0.8596,0.7534,0.5537,0.4131,0.2565,0.3719,131.6386,160.3248,30.4726,1.5549
45.2,1356,sitting,0.9173,1.2838,0.0029,3.6673,1.2808,0.3493,1.2637,1.1232,0.7114,0.4529,0.0823,0.8595,0.7487,0.5523,0.4118,0.2585,0.3705,131.9612,160.6387,30.6448,1.5514
45.233,1357,sitting,0.9181,1.2843,0.0045,3.6662,1.2798,0.3491,1.2646,1.1242,0.712,0.4533,0.0824,0.8618,0.7432,0.5525,0.4121,0.2587,0.3709,131.8231,160.3235,30.4509,1.5511
45.267,1358,sitting,0.9192,1.2852,0.007,3.6656,1.2782,0.3487,1.2658,1.125,0.7134,0.4556,0.0825,0.8626,0.7382,0.5523,0.4116,0.2578,0.3731,131.6342,160.2013,30.213,1.5521
45.3,1359,sitting,0.9199,1.2852,0.0085,3.6622,1.2767,0.3486,1.2663,1.1255,0.7144,0.4568,0.0826,0.862,0.7393,0.5519,0.4111,0.2576,0.3741,131.6693,159.9974,30.1441,1.5511
45.333,1360,sitting,0.9205,1.2852,0.0102,3.6586,1.275,0.3485,1.2664,1.1259,0.715,0.4575,0.0827,0.8624,0.741,0.5513,0.4109,0.2576,0.3748,131.5948,159.7778,30.1177,1.5488
45.367,1361,sitting,0.9207,1.285,0.0116,3.6546,1.2734,0.3484,1.2665,1.1261,0.7153,0.458,0.0828,0.8624,0.744,0.5512,0.4108,0.2573,0.3752,131.4544,159.5903,30.0551,1.5462
45.4,1362,sitting,0.9212,1.2851,0.013,3.6513,1.2721,0.3484,1.2666,1.127,0.7155,0.4591,0.0829,0.8636,0.7466,0.5512,0.4115,0.2564,0.3762,131.3797,159.5395,29.9648,1.5466
45.433,1363,sitting,0.92,1.284,0.0096,3.6528,1.2744,0.3489,1.2658,1.126,0.714,0.4579,0.0826,0.8622,0.7488,0.5519,0.412,0.2561,0.3752,131.4274,160.0258,30.0439,1.5517
45.467,1364,sitting,0.9187,1.2831,0.0058,3.6549,1.2773,0.3495,1.2648,1.125,0.7124,0.4563,0.0824,0.861,0.7505,0.5524,0.4126,0.2561,0.3739,131.4669,160.4479,30.144,1.5563
45.5,1365,sitting,0.9179,1.2828,0.0024,3.659,1.2804,0.3499,1.2639,1.1242,0.7116,0.4552,0.0822,0.8597,0.7532,0.5523,0.4126,0.2564,0.373,131.6283,160.7904,30.2648,1.5598
45.533,1366,sitting,0.9189,1.2828,0.0051,3.6533,1.2777,0.3497,1.2645,1.1252,0.7126,0.4556,0.0824,0.8599,0.7563,0.5519,0.4126,0.2571,0.3732,131.824,160.5031,30.1991,1.5576
45.567,1367,sitting,0.9178,1.2822,0.0015,3.6575,1.2808,0.3502,1.2636,1.1242,0.7113,0.454,0.0822,0.8581,0.7563,0.5523,0.4128,0.2573,0.3719,132.0351,160.7899,30.3991,1.5605
45.6,1368,sitting,0.9174,1.2804,0.0014,3.6491,1.2789,0.3505,1.2628,1.1233,0.7115,0.4522,0.0822,0.8565,0.754,0.5513,0.4117,0.2594,0.3699,132.5646,161.0011,30.7039,1.5562
45.633,1369,sitting,0.9176,1.2791,0.0008,3.6436,1.2783,0.3508,1.2625,1.1231,0.712,0.4514,0.0822,0.8567,0.753,0.5505,0.4111,0.2606,0.3692,132.9422,161.1092,31.0141,1.5541
45.667,1370,sitting,0.9168,1.2788,-0.0038,3.65,1.2826,0.3514,1.2623,1.1225,0.7112,0.451,0.0819,0.8553,0.7531,0.5511,0.4112,0.2602,0.3691,132.705,161.2766,31.0599,1.5614
45.7,1371,sitting,0.9177,1.2797,-0.0007,3.6483,1.2804,0.3509,1.2632,1.1236,0.7119,0.4524,0.0821,0.8559,0.7557,0.5513,0.4117,0.2595,0.3703,132.4686,160.8074,30.8484,1.5589
45.733,1372,sitting,0.9187,1.2806,0.0012,3.6479,1.2794,0.3507,1.2642,1.1249,0.7126,0.4537,0.0822,0.857,0.757,0.5516,0.4122,0.2589,0.3715,132.2321,160.4523,30.673,1.5584
45.767,1373,sitting,0.9197,1.2815,0.0041,3.6466,1.2774,0.3503,1.2647,1.1261,0.7133,0.4553,0.0825,0.8571,0.7599,0.5515,0.4128,0.258,0.3728,131.8009,160.2818,30.4228,1.5573
45.8,1374,sitting,0.92,1.2816,0.0067,3.6425,1.2749,0.35,1.265,1.1268,0.7133,0.4563,0.0826,0.8572,0.7615,0.5517,0.4136,0.257,0.3737,131.5648,160.0255,30.2374,1.5558
45.833,1375,sitting,0.9185,1.281,0.0028,3.6467,1.2782,0.3505,1.264,1.1256,0.7115,0.4552,0.0824,0.8563,0.7597,0.5525,0.4141,0.2563,0.3728,131.5479,160.3428,30.3405,1.5599
45.867,1376,sitting,0.9188,1.2813,0.0055,3.6441,1.2758,0.3501,1.2645,1.1259,0.7117,0.4557,0.0825,0.8571,0.7596,0.5528,0.4142,0.256,0.3732,131.4088,160.1373,30.175,1.5581
45.9,1377,sitting,0.9193,1.2815,0.0075,3.6418,1.274,0.3498,1.2653,1.1261,0.7125,0.4563,0.0827,0.8581,0.7582,0.5527,0.4135,0.2562,0.3737,131.3822,159.9472,30.1585,1.5574
45.933,1378,sitting,0.9191,1.2807,0.0063,3.6402,1.2744,0.3501,1.2645,1.126,0.7122,0.4557,0.0827,0.8583,0.7533,0.5523,0.4138,0.2565,0.3731,131.5872,160.23,30.4645,1.5538
45.967,1379,sitting,0.9192,1.2815,0.0086,3.6407,1.2729,0.3496,1.2651,1.1263,0.712,0.4563,0.0828,0.8602,0.7507,0.5531,0.4143,0.2557,0.3735,131.4629,159.9941,30.2961,1.553
46.0,1380,sitting,0.9178,1.279,0.008,3.631,1.271,0.35,1.2621,1.1247,0.711,0.4549,0.0828,0.8587,0.7419,0.5511,0.4137,0.2561,0.3721,131.7659,160.3686,30.5666,1.5467
46.033,1381,sitting,0.9176,1.278,0.0058,3.6303,1.2722,0.3504,1.2612,1.1242,0.7109,0.4538,0.0827,0.8584,0.7415,0.5503,0.4133,0.2571,0.3711,131.9724,160.6033,30.7305,1.5452
46.067,1382,sitting,0.9177,1.2785,0.0073,3.6303,1.2711,0.3502,1.2615,1.1244,0.711,0.4547,0.0827,0.8597,0.7419,0.5505,0.4134,0.2563,0.372,131.543,160.3808,30.4812,1.5445
46.1,1383,sitting,0.9186,1.2791,0.0083,3.6311,1.2708,0.35,1.2616,1.1252,0.7121,0.4565,0.0827,0.8599,0.7466,0.5496,0.4131,0.2556,0.3737,131.4395,160.2227,30.2698,1.5453
46.133,1384,sitting,0.9197,1.2801,0.0093,3.6333,1.2708,0.3498,1.262,1.1265,0.713,0.4581,0.0828,0.8607,0.7506,0.5491,0.4135,0.2549,0.3753,131.3714,160.063,30.0918,1.546
46.167,1385,sitting,0.9213,1.2812,0.0103,3.6353,1.2709,0.3496,1.2628,1.1278,0.7149,0.4598,0.0828,0.8615,0.7557,0.5479,0.413,0.255,0.377,131.4208,159.9534,30.0086,1.5476
46.2,1386,sitting,0.9206,1.2811,0.0055,3.6429,1.2756,0.3502,1.2617,1.1271,0.7141,0.4581,0.0825,0.8601,0.7577,0.5476,0.413,0.256,0.3756,131.62,160.361,30.169,1.5525
46.233,1387,sitting,0.9211,1.2823,0.007,3.6454,1.2753,0.3498,1.2622,1.128,0.7142,0.4586,0.0826,0.8604,0.7607,0.548,0.4138,0.2556,0.376,131.378,160.1719,30.0296,1.5513
46.267,1388,sitting,0.9189,1.2819,0.0025,3.6529,1.2793,0.3502,1.2611,1.1262,0.7117,0.4564,0.0823,0.8589,0.7613,0.5494,0.4145,0.2553,0.3741,131.3046,160.4809,30.1348,1.5558
46.3,1389,sitting,0.9194,1.2824,0.0043,3.6523,1.2781,0.3499,1.2621,1.1269,0.7119,0.4562,0.0825,0.8597,0.7642,0.5502,0.415,0.2558,0.3737,131.2318,160.1902,29.9859,1.5559
46.333,1390,sitting,0.9176,1.2818,0.001,3.656,1.2807,0.3503,1.2615,1.1255,0.7097,0.455,0.0823,0.8583,0.7629,0.5518,0.4158,0.2547,0.3728,131.1717,160.56,30.1237,1.5594
46.367,1391,sitting,0.9176,1.2816,0.0033,3.6514,1.2783,0.3501,1.2634,1.1258,0.7095,0.4552,0.0824,0.859,0.7632,0.5538,0.4162,0.2543,0.3728,131.2301,160.2379,30.0741,1.5608
46.4,1392,sitting,0.9183,1.2814,0.005,3.6472,1.2765,0.35,1.2635,1.1263,0.7102,0.4553,0.0825,0.8588,0.763,0.5532,0.4161,0.2549,0.3728,131.2059,160.0037,30.05,1.5592
46.433,1393,sitting,0.9185,1.2812,0.0065,3.6431,1.2747,0.3499,1.2635,1.1265,0.7106,0.4559,0.0826,0.8595,0.7615,0.5529,0.4159,0.2547,0.3733,130.8306,159.885,29.8923,1.5576
46.467,1394,sitting,0.9188,1.281,0.0079,3.6394,1.2731,0.3498,1.2638,1.1268,0.7108,0.4566,0.0827,0.86,0.761,0.553,0.416,0.2543,0.3739,130.6522,159.7855,29.7446,1.5551
46.5,1395,sitting,0.9186,1.2807,0.0093,3.6357,1.2714,0.3497,1.2638,1.1267,0.7105,0.456,0.0828,0.8603,0.7598,0.5533,0.4162,0.2545,0.3732,130.5931,159.6384,29.7022,1.5526
46.533,1396,sitting,0.9185,1.2809,0.0105,3.6347,1.2704,0.3495,1.2646,1.1268,0.7102,0.4556,0.0828,0.8604,0.7598,0.5544,0.4166,0.2546,0.3728,130.9057,159.4572,29.8103,1.5532
46.567,1397,sitting,0.9181,1.2807,0.0108,3.6323,1.2698,0.3496,1.2642,1.1266,0.7096,0.4555,0.0828,0.8606,0.7608,0.5545,0.417,0.2541,0.3727,130.8484,159.3958,29.8305,1.5511
46.6,1398,sitting,0.9179,1.2802,0.0118,3.6281,1.2684,0.3496,1.2641,1.1265,0.7093,0.4555,0.0829,0.8606,0.7609,0.5547,0.4172,0.2538,0.3726,130.8328,159.351,29.799,1.5502
46.633,1399,sitting,0.9182,1.2801,0.0128,3.6261,1.2674,0.3495,1.2638,1.1268,0.7096,0.4565,0.0829,0.861,0.7607,0.5542,0.4172,0.2531,0.3736,130.6741,159.3463,29.6617,1.5486
46.667,1400,sitting,0.918,1.2797,0.0135,3.6233,1.2662,0.3495,1.2635,1.1265,0.7096,0.4565,0.0829,0.8605,0.7611,0.5539,0.4169,0.253,0.3736,130.8351,159.2747,29.7481,1.5455
46.7,1401,sitting,0.9173,1.2783,0.012,3.6198,1.2663,0.3498,1.2634,1.1252,0.7093,0.4558,0.0829,0.8589,0.7612,0.5541,0.4159,0.2535,0.3729,131.2613,159.7276,30.1848,1.5426
46.733,1402,sitting,0.9177,1.2789,0.0134,3.6203,1.2655,0.3495,1.2638,1.1255,0.7098,0.4566,0.083,0.8597,0.7621,0.554,0.4156,0.2532,0.3737,131.1833,159.6503,30.1116,1.5419
46.767,1403,sitting,0.9182,1.2792,0.0136,3.6209,1.2656,0.3495,1.2642,1.1258,0.7107,0.4576,0.0829,0.8604,0.7615,0.5535,0.4151,0.2531,0.3746,130.9816,159.6869,29.9974,1.5421
46.8,1404,sitting,0.9178,1.278,0.0126,3.6179,1.2654,0.3498,1.264,1.125,0.7106,0.4571,0.0829,0.8585,0.7617,0.5533,0.4144,0.2535,0.3742,131.3377,160.2423,30.3499,1.5395
46.833,1405,sitting,0.9173,1.2774,0.0106,3.6197,1.2668,0.35,1.2637,1.1245,0.71,0.4564,0.0829,0.8577,0.7597,0.5537,0.4145,0.2536,0.3735,131.656,160.5538,30.6447,1.5394
46.867,1406,sitting,0.9175,1.2784,0.0118,3.6301,1.2667,0.3489,1.2657,1.1249,0.71,0.4567,0.0829,0.8588,0.755,0.5557,0.4149,0.2533,0.3738,131.5217,160.2199,30.5077,1.5414
46.9,1407,sitting,0.918,1.2792,0.0127,3.6311,1.2665,0.3488,1.2663,1.1253,0.7107,0.4567,0.0829,0.8593,0.7555,0.5556,0.4146,0.254,0.3738,131.5325,160.0204,30.4624,1.541
46.933,1408,sitting,0.9169,1.2783,0.0108,3.6287,1.2674,0.3493,1.2652,1.1239,0.7098,0.4552,0.0829,0.858,0.7538,0.5553,0.4141,0.2547,0.3723,131.7023,160.3104,30.7229,1.539
46.967,1409,sitting,0.9172,1.279,0.0117,3.6266,1.2672,0.3494,1.2653,1.1243,0.7102,0.4558,0.0829,0.8581,0.7529,0.5551,0.4141,0.2544,0.3729,131.6136,160.2132,30.5669,1.5409
47.0,1410,sitting,0.9171,1.2782,0.0105,3.624,1.2677,0.3498,1.2643,1.1238,0.7103,0.4544,0.0829,0.8585,0.7494,0.554,0.4135,0.2559,0.3715,131.7356,160.5262,30.7859,1.5377
47.033,1411,sitting,0.9177,1.2791,0.0116,3.6256,1.2674,0.3496,1.2647,1.1245,0.711,0.4558,0.083,0.8601,0.7495,0.5537,0.4135,0.2552,0.3728,131.2199,160.4429,30.5337,1.5383
47.067,1412,sitting,0.919,1.28,0.013,3.6267,1.267,0.3494,1.2656,1.1258,0.7121,0.4575,0.083,0.8618,0.748,0.5535,0.4137,0.2546,0.3745,131.1108,160.3349,30.4016,1.5394
47.1,1413,sitting,0.918,1.2789,0.0116,3.6246,1.2673,0.3496,1.2644,1.125,0.711,0.4568,0.083,0.8606,0.7477,0.5534,0.414,0.2543,0.3738,131.3089,160.6773,30.5983,1.5378
47.133,1414,sitting,0.9185,1.2796,0.0121,3.6266,1.2675,0.3495,1.2647,1.1253,0.7117,0.457,0.083,0.8614,0.7485,0.553,0.4136,0.2547,0.3739,131.313,160.5356,30.5292,1.5392
47.167,1415,sitting,0.919,1.2801,0.0128,3.6273,1.2673,0.3494,1.2647,1.1257,0.7123,0.4574,0.083,0.8623,0.7498,0.5524,0.4133,0.2549,0.3744,131.2162,160.4253,30.4771,1.5406
47.2,1416,sitting,0.9189,1.279,0.0113,3.6244,1.2677,0.3498,1.2644,1.125,0.7128,0.4576,0.083,0.8616,0.7491,0.5517,0.4123,0.2551,0.3746,131.5851,160.833,30.857,1.5373
47.233,1417,sitting,0.9196,1.2795,0.0126,3.6247,1.267,0.3495,1.2647,1.1259,0.7133,0.4587,0.0831,0.8618,0.7512,0.5513,0.4126,0.2546,0.3756,131.3858,160.7912,30.7259,1.5382
47.267,1418,sitting,0.9202,1.28,0.0134,3.6254,1.2666,0.3494,1.2651,1.1264,0.714,0.4587,0.0831,0.8622,0.7534,0.5511,0.4124,0.2552,0.3756,131.3177,160.7292,30.6858,1.5405
47.3,1419,sitting,0.9187,1.2796,0.0094,3.6309,1.2702,0.3498,1.2652,1.1252,0.7123,0.4568,0.0829,0.8603,0.7543,0.5529,0.4129,0.2555,0.3739,131.1475,161.2654,30.7833,1.547
47.333,1420,sitting,0.9176,1.2791,0.0048,3.6373,1.2743,0.3503,1.2648,1.1239,0.7112,0.4554,0.0826,0.8567,0.7554,0.5536,0.4128,0.2558,0.3728,131.1547,161.5593,30.9315,1.5526
47.367,1421,sitting,0.9164,1.279,0.0021,3.6428,1.2769,0.3505,1.2652,1.1228,0.7099,0.4537,0.0824,0.8537,0.7555,0.5553,0.4129,0.2562,0.3713,131.0743,161.8788,31.0764,1.5581
47.4,1422,sitting,0.9171,1.2792,0.0027,3.6482,1.2764,0.3499,1.2663,1.1234,0.7108,0.4541,0.0825,0.8535,0.7554,0.5555,0.4126,0.2567,0.3717,131.423,161.9975,31.2702,1.5551
47.433,1423,sitting,0.9188,1.2806,0.0052,3.6488,1.2754,0.3495,1.2676,1.1251,0.7126,0.456,0.0826,0.8553,0.7575,0.555,0.4125,0.2566,0.3733,131.2186,161.6008,31.0215,1.5569
47.467,1424,sitting,0.92,1.2815,0.0077,3.6488,1.2737,0.3491,1.2685,1.1263,0.7138,0.4572,0.0828,0.8573,0.7582,0.5547,0.4124,0.2566,0.3745,131.137,161.3168,30.8059,1.5584
47.5,1425,sitting,0.9216,1.2825,0.0102,3.652,1.2723,0.3484,1.2699,1.128,0.7153,0.4594,0.0829,0.8587,0.7607,0.5546,0.4127,0.2559,0.3765,131.1092,161.1087,30.652,1.5602
47.533,1426,sitting,0.9217,1.2823,0.0097,3.6487,1.2726,0.3488,1.2692,1.128,0.7153,0.4583,0.0829,0.8581,0.7611,0.5538,0.4127,0.257,0.3754,131.3782,161.433,30.8374,1.5532
47.567,1427,sitting,0.9207,1.2822,0.0068,3.6496,1.2754,0.3494,1.2681,1.1271,0.7143,0.4571,0.0827,0.8565,0.7608,0.5538,0.4128,0.2572,0.3744,131.1158,161.8248,30.8757,1.5566
47.6,1428,sitting,0.9195,1.2815,0.0068,3.6506,1.2747,0.3492,1.2682,1.1258,0.7131,0.4556,0.0828,0.8534,0.7596,0.5551,0.4127,0.2575,0.3728,131.2311,161.8503,30.9877,1.5516
47.633,1429,sitting,0.9191,1.2806,0.0071,3.6448,1.2736,0.3494,1.2672,1.125,0.7132,0.4547,0.0828,0.8525,0.76,0.554,0.4118,0.2585,0.3719,131.4933,161.9304,31.2308,1.5457
47.667,1430,sitting,0.9193,1.2816,0.0099,3.6447,1.2717,0.3489,1.2674,1.1252,0.7135,0.4546,0.0829,0.853,0.7608,0.5539,0.4117,0.2589,0.3717,131.3914,161.4882,31.0693,1.5466
47.7,1431,sitting,0.9203,1.283,0.0119,3.6473,1.2711,0.3485,1.268,1.1263,0.7142,0.4564,0.083,0.8539,0.7624,0.5538,0.4121,0.2578,0.3735,131.2752,161.1583,30.8592,1.5493
47.733,1432,sitting,0.921,1.284,0.0136,3.649,1.2704,0.3482,1.2683,1.1269,0.715,0.4577,0.083,0.8545,0.7633,0.5533,0.4119,0.2574,0.3747,131.129,160.8966,30.6685,1.5488
47.767,1433,sitting,0.9218,1.2852,0.0154,3.6522,1.2698,0.3477,1.2686,1.1274,0.7163,0.4583,0.0831,0.8556,0.7645,0.5523,0.4111,0.258,0.3752,131.1536,160.665,30.5268,1.5484
47.8,1434,sitting,0.9219,1.2863,0.0169,3.6566,1.2694,0.3472,1.2694,1.1273,0.7164,0.4591,0.0832,0.8558,0.7648,0.553,0.4109,0.2574,0.3759,131.0372,160.4794,30.3567,1.5503
47.833,1435,sitting,0.9205,1.286,0.0128,3.6637,1.2732,0.3475,1.2685,1.1258,0.7151,0.4581,0.0829,0.8552,0.764,0.5534,0.4107,0.257,0.3752,131.0343,160.9308,30.4712,1.5557
47.867,1436,sitting,0.9188,1.2855,0.0088,3.6699,1.2767,0.3479,1.2675,1.1242,0.7134,0.4563,0.0827,0.8532,0.7626,0.5541,0.4108,0.2571,0.3736,130.9045,161.335,30.5551,1.5599
47.9,1437,sitting,0.9174,1.2853,0.0055,3.677,1.2799,0.3481,1.2664,1.123,0.7118,0.4539,0.0825,0.8505,0.76,0.5546,0.4111,0.258,0.3714,130.9104,161.7255,30.5984,1.5626
47.933,1438,sitting,0.9186,1.2862,0.0088,3.6749,1.2774,0.3476,1.2676,1.1243,0.7129,0.4549,0.0826,0.8517,0.7606,0.5547,0.4114,0.258,0.3723,130.898,161.4887,30.4037,1.562
47.967,1439,sitting,0.9171,1.2863,0.0051,3.6827,1.2811,0.3479,1.2673,1.1232,0.711,0.4534,0.0824,0.8514,0.7568,0.5563,0.4122,0.2576,0.371,130.8634,161.7966,30.3994,1.5668
48.0,1440,sitting,0.9173,1.2891,0.0072,3.6959,1.2819,0.3468,1.2684,1.1239,0.7107,0.454,0.0825,0.8516,0.7558,0.5578,0.4132,0.2567,0.3715,130.7692,161.9369,30.2323,1.5646
48.033,1441,sitting,0.9187,1.292,0.0095,3.706,1.2825,0.3461,1.2704,1.1255,0.7119,0.4566,0.0826,0.8548,0.7586,0.5586,0.4136,0.2552,0.3741,130.7662,161.6599,30.1129,1.564
48.067,1442,sitting,0.9179,1.2932,0.005,3.7205,1.2882,0.3462,1.2709,1.125,0.7108,0.456,0.0823,0.8543,0.7584,0.5601,0.4142,0.2547,0.3737,130.932,161.8147,30.153,1.5706
48.1,1443,sitting,0.917,1.295,0.0,3.7387,1.295,0.3464,1.2714,1.1245,0.7096,0.4556,0.082,0.8545,0.7575,0.5618,0.4149,0.254,0.3735,131.0369,161.9014,30.2656,1.5767
48.133,1444,sitting,0.9181,1.297,0.003,3.7429,1.294,0.3457,1.2737,1.1258,0.7104,0.4572,0.0822,0.8571,0.7586,0.5633,0.4154,0.2532,0.3749,130.81,161.5498,30.1081,1.5752
48.167,1445,sitting,0.9169,1.2976,0.0006,3.7513,1.297,0.3458,1.2745,1.1248,0.7089,0.4558,0.0821,0.8574,0.7575,0.5656,0.416,0.2531,0.3737,130.9938,161.697,30.1747,1.5788
48.2,1446,sitting,0.9152,1.2979,-0.0026,3.7602,1.3005,0.3459,1.2754,1.1232,0.7073,0.4541,0.0819,0.8581,0.7565,0.5681,0.4159,0.2531,0.3722,130.7287,161.9124,30.1293,1.5807
48.233,1447,sitting,0.915,1.2991,0.0013,3.7594,1.2978,0.3452,1.277,1.1229,0.707,0.4551,0.0822,0.8606,0.7587,0.57,0.4159,0.2519,0.3729,130.3324,161.5575,29.8307,1.5748
48.267,1448,sitting,0.9151,1.3002,0.0045,3.7603,1.2957,0.3446,1.2785,1.123,0.7072,0.4563,0.0824,0.8636,0.7606,0.5714,0.4158,0.2509,0.3739,130.0609,160.9926,29.5435,1.5696
48.3,1449,sitting,0.9159,1.3017,0.0076,3.7616,1.2941,0.344,1.2809,1.1238,0.7081,0.4581,0.0826,0.8681,0.7647,0.5728,0.4157,0.25,0.3755,130.0732,160.6457,29.3193,1.5692
48.333,1450,sitting,0.9172,1.3022,0.0099,3.7585,1.2923,0.3438,1.283,1.1252,0.7093,0.4601,0.0827,0.8723,0.7668,0.5738,0.4159,0.2491,0.3774,129.95,160.1802,29.0557,1.5719
48.367,1451,sitting,0.9186,1.303,0.0109,3.7595,1.2922,0.3437,1.2852,1.1267,0.7106,0.4617,0.0828,0.879,0.7663,0.5746,0.4161,0.2488,0.379,129.8771,159.8263,28.8516,1.5759
48.4,1452,sitting,0.9188,1.3022,0.0094,3.7581,1.2927,0.344,1.2857,1.1261,0.7115,0.4617,0.0827,0.8817,0.7575,0.5743,0.4147,0.2498,0.379,130.4092,160.4195,29.1313,1.5761
48.433,1453,sitting,0.9188,1.301,0.0097,3.7517,1.2912,0.3442,1.2861,1.1255,0.7122,0.4614,0.0828,0.8826,0.7487,0.5739,0.4133,0.2507,0.3786,130.9199,160.9006,29.3371,1.5729
48.467,1454,sitting,0.9185,1.2995,0.009,3.7455,1.2905,0.3446,1.2862,1.1245,0.7125,0.4603,0.0828,0.8827,0.7405,0.5736,0.4119,0.2522,0.3775,131.3714,161.562,29.62,1.5733
48.5,1455,sitting,0.9177,1.2976,0.0086,3.7412,1.289,0.3445,1.2858,1.1231,0.7124,0.4596,0.0829,0.8807,0.7318,0.5734,0.4106,0.2528,0.3767,131.6497,161.7528,29.838,1.5737
48.533,1456,sitting,0.9179,1.2981,0.0097,3.7512,1.2884,0.3435,1.2867,1.1231,0.7128,0.4598,0.0829,0.8811,0.7236,0.5739,0.4103,0.2529,0.3769,131.4494,161.7735,29.6919,1.5794
48.567,1457,sitting,0.918,1.3001,0.0106,3.7602,1.2895,0.3429,1.2875,1.1231,0.713,0.4608,0.083,0.8802,0.7144,0.5745,0.4101,0.2522,0.3778,131.2827,161.5039,29.5576,1.5856
48.6,1458,sitting,0.9174,1.3018,0.0103,3.7715,1.2915,0.3424,1.288,1.1223,0.7125,0.4612,0.083,0.8781,0.7046,0.5755,0.4098,0.2513,0.3782,131.223,161.1318,29.3408,1.5942
48.633,1459,sitting,0.9177,1.3037,0.0105,3.7814,1.2932,0.342,1.2889,1.1223,0.7131,0.4618,0.083,0.8768,0.6975,0.5758,0.4092,0.2513,0.3788,131.2322,160.8523,29.115,1.6007
48.667,1460,sitting,0.9175,1.305,0.0103,3.7889,1.2947,0.3417,1.2893,1.1219,0.7131,0.4623,0.083,0.8745,0.6919,0.5763,0.4088,0.2508,0.3793,131.3134,160.6305,28.9386,1.6057
48.7,1461,sitting,0.9175,1.3068,0.0103,3.7989,1.2965,0.3413,1.2902,1.1218,0.7133,0.4627,0.083,0.8732,0.6876,0.5769,0.4085,0.2505,0.3797,131.3101,160.3956,28.7626,1.6124
48.733,1462,sitting,0.9167,1.3088,0.0089,3.8168,1.2998,0.3406,1.2939,1.1205,0.713,0.4626,0.083,0.8709,0.6799,0.5808,0.4074,0.2505,0.3796,131.6996,160.6085,28.8548,1.6184
48.767,1463,sitting,0.9174,1.3086,0.0095,3.8123,1.2991,0.3408,1.2912,1.1209,0.7138,0.464,0.083,0.8694,0.6732,0.5774,0.4071,0.2498,0.3809,131.7486,160.1969,28.5269,1.619
48.8,1464,sitting,0.9177,1.3093,0.0084,3.8192,1.3009,0.3406,1.2916,1.1208,0.7147,0.4627,0.083,0.8687,0.6696,0.577,0.4062,0.252,0.3797,131.997,160.412,28.568,1.6177
48.833,1465,sitting,0.9185,1.3106,0.0096,3.8243,1.3011,0.3402,1.2927,1.1218,0.7151,0.4632,0.0831,0.8681,0.6658,0.5776,0.4067,0.2519,0.3802,132.0218,159.8641,28.1584,1.6212
48.867,1466,sitting,0.9195,1.3118,0.0101,3.83,1.3017,0.3399,1.2937,1.1225,0.7166,0.4638,0.0831,0.8683,0.6645,0.5772,0.4059,0.2527,0.3808,131.9337,159.3631,27.7729,1.6267
48.9,1467,sitting,0.9202,1.3128,0.0107,3.835,1.3021,0.3395,1.2943,1.1231,0.7172,0.4644,0.0831,0.868,0.6625,0.5771,0.4059,0.2529,0.3813,132.0696,158.9391,27.4066,1.6299
48.933,1468,sitting,0.9201,1.3142,0.0101,3.8481,1.3041,0.3389,1.2984,1.1234,0.7168,0.4637,0.083,0.8672,0.6579,0.5816,0.4066,0.2531,0.3807,132.453,159.1408,27.42,1.6361
48.967,1469,sitting,0.9211,1.314,0.0099,3.8439,1.3041,0.3393,1.2954,1.1244,0.7178,0.4661,0.083,0.868,0.6577,0.5776,0.4066,0.2517,0.383,132.2554,158.365,26.9584,1.6373
49.0,1470,sitting,0.9219,1.3141,0.01,3.8442,1.3041,0.3392,1.296,1.1252,0.7186,0.4674,0.083,0.8682,0.6572,0.5774,0.4066,0.2512,0.3844,132.0777,157.5875,26.4452,1.64
49.033,1471,,0.9226,1.3146,0.0103,3.847,1.3043,0.3391,1.2968,1.1257,0.7194,0.469,0.083,0.8687,0.6587,0.5774,0.4063,0.2504,0.386,131.9522,156.7363,25.9113,1.642
49.067,1472,,0.9228,1.3153,0.0103,3.8508,1.305,0.3389,1.2978,1.1263,0.7192,0.4703,0.0831,0.8692,0.6584,0.5786,0.4071,0.2489,0.3872,131.4951,155.6958,25.3337,1.6452
49.1,1473,,0.9224,1.3163,0.011,3.8558,1.3053,0.3385,1.2991,1.1263,0.7185,0.4703,0.0831,0.869,0.6589,0.5806,0.4078,0.2482,0.3872,131.1592,155.014,24.9577,1.6465
49.133,1474,,0.9231,1.3173,0.0119,3.8597,1.3054,0.3382,1.3007,1.1264,0.7198,0.4714,0.0832,0.8696,0.6593,0.5808,0.4066,0.2484,0.3882,131.0706,154.5742,24.6579,1.6464
49.167,1475,,0.9236,1.3181,0.013,3.8613,1.3051,0.338,1.3017,1.1268,0.7204,0.4729,0.0833,0.8696,0.6582,0.5813,0.4064,0.2475,0.3896,130.9765,154.1072,24.3755,1.6461
49.2,1476,,0.9226,1.317,0.0113,3.8601,1.3058,0.3383,1.3013,1.1261,0.7192,0.4735,0.0832,0.8682,0.6543,0.5821,0.4069,0.2457,0.3903,131.2737,154.292,24.4521,1.6485
49.233,1477,,0.9228,1.3175,0.0128,3.8589,1.3047,0.3381,1.3019,1.1267,0.7188,0.4754,0.0833,0.8686,0.6541,0.5831,0.4079,0.2435,0.3921,131.3164,153.8775,24.1242,1.6497
49.267,1478,,0.9229,1.3181,0.0143,3.8574,1.3038,0.338,1.3023,1.1274,0.7183,0.4775,0.0834,0.8689,0.654,0.584,0.4091,0.2408,0.3941,131.123,153.2053,23.6963,1.6525
49.3,1479,,0.9219,1.3169,0.0132,3.8544,1.3037,0.3382,1.3038,1.1262,0.7175,0.4767,0.0833,0.8682,0.6514,0.5863,0.4087,0.2408,0.3935,131.3088,153.3322,23.6956,1.6531
49.333,1480,,0.9209,1.3163,0.0119,3.8554,1.3044,0.3383,1.3028,1.1248,0.717,0.476,0.0832,0.8673,0.6488,0.5857,0.4077,0.241,0.3928,131.2377,153.2959,23.6322,1.6563
49.367,1481,,0.9201,1.3164,0.0128,3.8549,1.3036,0.3382,1.2993,1.1239,0.7164,0.4761,0.0833,0.8671,0.6476,0.5829,0.4075,0.2403,0.3928,130.9515,152.7773,23.3392,1.6584
49.4,1482,,0.9187,1.3151,0.0111,3.8535,1.304,0.3384,1.3007,1.1222,0.7152,0.4746,0.0831,0.866,0.6461,0.5856,0.407,0.2405,0.3915,131.0429,152.8278,23.2707,1.6624
49.433,1483,,0.918,1.314,0.01,3.8508,1.304,0.3386,1.2996,1.1212,0.7148,0.4737,0.083,0.8654,0.6445,0.5848,0.4064,0.2411,0.3907,131.1606,152.7622,23.0614,1.6698
49.467,1484,,0.9159,1.312,0.0079,3.8461,1.3041,0.3391,1.2946,1.1191,0.7127,0.4708,0.0829,0.8642,0.6432,0.5819,0.4063,0.2419,0.3879,130.8633,152.5685,22.8105,1.6779
49.5,1485,,0.9149,1.3112,0.0074,3.8416,1.3038,0.3394,1.2941,1.1191,0.7108,0.471,0.0828,0.865,0.6443,0.5833,0.4083,0.2397,0.3883,130.5885,152.2131,22.4766,1.6888
49.533,1486,,0.9127,1.3095,0.0063,3.8359,1.3032,0.3397,1.2923,1.1173,0.7082,0.4693,0.0827,0.8637,0.6428,0.5841,0.4092,0.2389,0.3866,129.9675,151.6214,22.0691,1.6974
49.567,1487,,0.9101,1.3071,0.0042,3.829,1.3029,0.3403,1.2897,1.115,0.7052,0.4672,0.0824,0.862,0.6416,0.5845,0.4098,0.238,0.3848,129.3438,151.0569,21.6568,1.7065
49.6,1488,,0.9073,1.3048,0.0012,3.8248,1.3036,0.3408,1.2873,1.1126,0.7021,0.4658,0.0821,0.8602,0.64,0.5852,0.4105,0.2363,0.3837,129.1711,150.8979,21.4066,1.7184
49.633,1489,,0.9044,1.3026,-0.0009,3.8207,1.3035,0.3412,1.2848,1.1101,0.6988,0.464,0.0819,0.8578,0.6383,0.586,0.4114,0.2347,0.3822,128.942,150.804,21.1847,1.7281
49.667,1490,,0.9026,1.3013,0.0001,3.8133,1.3011,0.3412,1.2831,1.1086,0.6967,0.4636,0.0819,0.857,0.6388,0.5864,0.4119,0.233,0.3817,128.5618,150.1988,20.7044,1.7273
49.7,1491,,0.9014,1.3,0.0021,3.8038,1.2979,0.3412,1.2814,1.1075,0.6953,0.4638,0.082,0.8578,0.6415,0.5861,0.4122,0.2315,0.3818,128.1708,149.5768,20.1389,1.7226
49.733,1492,,0.8997,1.2986,0.0042,3.794,1.2944,0.3412,1.2799,1.1059,0.6936,0.464,0.0822,0.8583,0.6434,0.5863,0.4122,0.2296,0.3818,128.0186,149.1344,19.6296,1.7187
49.767,1493,,0.8973,1.2964,0.0059,3.7803,1.2905,0.3414,1.2778,1.1035,0.6911,0.4643,0.0823,0.8583,0.6445,0.5867,0.4124,0.2269,0.3819,127.8415,148.6836,19.1462,1.7154
49.8,1494,,0.8937,1.2928,0.0087,3.7585,1.2841,0.3417,1.2744,1.0995,0.6878,0.4636,0.0825,0.8566,0.6433,0.5866,0.4117,0.2243,0.3811,127.7025,148.4721,18.7607,1.7076
49.833,1495,,0.8912,1.2891,0.0108,3.7363,1.2783,0.3421,1.2708,1.0957,0.6868,0.4621,0.0827,0.8546,0.6413,0.584,0.4089,0.2247,0.3794,127.5016,148.1092,18.111,1.7014
49.867,1496,,0.8871,1.2839,0.0135,3.7063,1.2704,0.3428,1.2657,1.0907,0.6834,0.459,0.0828,0.852,0.6387,0.5823,0.4074,0.2244,0.3762,127.1773,147.4894,17.3184,1.6921
49.9,1497,,0.8838,1.2795,0.0152,3.6805,1.2643,0.3435,1.2613,1.0866,0.6809,0.4568,0.0829,0.8504,0.6374,0.5804,0.4057,0.2241,0.3739,127.652,147.254,16.6426,1.688
49.933,1498,,0.8812,1.2744,0.0165,3.6496,1.2578,0.3447,1.2564,1.083,0.6794,0.4558,0.083,0.8496,0.6369,0.577,0.4037,0.2236,0.3728,127.7193,146.3541,15.6226,1.6857
49.967,1499,,0.8794,1.2687,0.0157,3.6176,1.253,0.3464,1.2506,1.0804,0.6784,0.4556,0.0829,0.85,0.6367,0.5722,0.4019,0.2228,0.3727,127.9769,145.3771,14.4743,1.6845
50.0,1500,,0.8769,1.2606,0.0165,3.5724,1.2441,0.3483,1.2428,1.0774,0.6764,0.4546,0.0829,0.849,0.6361,0.5663,0.4009,0.2219,0.3716,128.5332,144.5321,13.3575,1.6796
50.033,1501,,0.8742,1.2527,0.0165,3.5283,1.2362,0.3504,1.2344,1.074,0.6745,0.4531,0.0829,0.8474,0.6354,0.5599,0.3995,0.2214,0.3702,128.8883,143.6385,12.2582,1.6782
50.067,1502,,0.8707,1.2402,0.017,3.4588,1.2231,0.3536,1.223,1.0687,0.6727,0.4503,0.0829,0.844,0.6304,0.5504,0.396,0.2224,0.3674,129.2919,142.7488,11.0463,1.6708
50.1,1503,,0.8663,1.2279,0.019,3.3913,1.2089,0.3565,1.2111,1.0614,0.6711,0.4471,0.083,0.8394,0.6222,0.54,0.3903,0.224,0.3641,129.7135,141.7387,9.7489,1.6623
50.133,1504,,0.8623,1.2136,0.0205,3.3142,1.1931,0.36,1.1971,1.0541,0.6705,0.4438,0.083,0.8353,0.6163,0.5266,0.3836,0.2267,0.3608,130.567,141.5659,8.7206,1.6511
50.167,1505,,0.8556,1.1972,0.021,3.2314,1.1761,0.364,1.1812,1.0428,0.6683,0.4373,0.083,0.8279,0.6073,0.5129,0.3746,0.2309,0.3544,131.5465,141.7557,7.9149,1.6367
50.2,1506,,0.8489,1.1795,0.0211,3.1444,1.1584,0.3684,1.1639,1.0317,0.6661,0.43,0.083,0.8194,0.6009,0.4978,0.3656,0.2361,0.347,132.7034,142.2837,7.0934,1.6186
50.233,1507,,0.8438,1.1655,0.0203,3.0767,1.1452,0.3722,1.1494,1.023,0.6646,0.4239,0.0829,0.814,0.5929,0.4848,0.3584,0.2407,0.3411,133.757,142.3891,5.909,1.6073
50.267,1508,,0.8408,1.1516,0.0203,3.0086,1.1313,0.376,1.1364,1.0182,0.6634,0.4181,0.0828,0.8095,0.5875,0.473,0.3548,0.2452,0.3353,134.8976,143.1335,5.0612,1.594
50.3,1509,,0.8387,1.1401,0.0188,2.9532,1.1213,0.3797,1.1256,1.0143,0.6631,0.4122,0.0827,0.8084,0.5832,0.4624,0.3511,0.2509,0.3295,135.8276,143.3489,3.9086,1.5835
50.333,1510,,0.8349,1.1292,0.0177,2.903,1.1115,0.3829,1.1149,1.0098,0.66,0.4044,0.0826,0.806,0.5761,0.4548,0.3498,0.2557,0.3217,136.5333,143.6878,2.8336,1.5708
50.367,1511,,0.8322,1.1203,0.0165,2.8627,1.1038,0.3856,1.1064,1.0066,0.6579,0.3988,0.0825,0.8053,0.5716,0.4486,0.3487,0.2591,0.3162,137.2062,144.2176,2.1195,1.5615
50.4,1512,,0.8298,1.1115,0.0174,2.8231,1.0941,0.3876,1.0977,1.0028,0.6569,0.3977,0.0825,0.8012,0.5632,0.4408,0.346,0.2592,0.3151,137.3035,143.5343,0.9335,1.5566
50.433,1513,,0.8283,1.1052,0.0178,2.7867,1.0875,0.3902,1.09,0.9996,0.657,0.3958,0.0825,0.8001,0.5603,0.433,0.3426,0.2613,0.3132,137.634,143.9217,0.4727,1.5538
50.467,1514,,0.8285,1.098,0.0181,2.7628,1.0799,0.3909,1.083,0.9971,0.6599,0.3938,0.0825,0.8005,0.5582,0.4231,0.3372,0.2661,0.3113,138.2604,143.6855,0.6819,1.5564
50.5,1515,,0.8295,1.0927,0.0177,2.7285,1.0751,0.394,1.0764,0.9961,0.6628,0.3949,0.0825,0.801,0.5576,0.4136,0.3334,0.2679,0.3124,138.7468,143.1577,1.7693,1.5607
50.533,1516,,0.8318,1.0907,0.0179,2.7148,1.0728,0.3952,1.07,0.9968,0.6668,0.3948,0.0825,0.8018,0.5562,0.4033,0.33,0.272,0.3123,139.5886,143.0503,2.7967,1.5679
50.567,1517,,0.8382,1.0924,0.0166,2.7231,1.0758,0.3951,1.069,1.0009,0.6756,0.3977,0.0824,0.8065,0.5601,0.3935,0.3254,0.2779,0.3153,140.6778,142.566,4.2247,1.5908
50.6,1518,,0.8451,1.095,0.0164,2.7373,1.0786,0.394,1.0705,1.0065,0.6837,0.3972,0.0824,0.8091,0.5635,0.3868,0.3228,0.2865,0.3148,142.0526,143.026,4.9069,1.6215
50.633,1519,,0.8558,1.1005,0.0171,2.7646,1.0833,0.3919,1.0756,1.0177,0.6939,0.3975,0.0824,0.8182,0.5685,0.3818,0.3239,0.2964,0.3151,143.5422,143.7808,5.3681,1.6557
50.667,1520,,0.8695,1.1141,0.019,2.8248,1.0951,0.3877,1.0835,1.0365,0.7026,0.4009,0.0825,0.8329,0.581,0.381,0.334,0.3017,0.3184,144.7903,144.7901,5.2493,1.6924
50.7,1521,,0.8899,1.1405,0.0204,2.9486,1.1201,0.3799,1.1062,1.0603,0.7196,0.4039,0.0825,0.8531,0.5996,0.3866,0.3407,0.3156,0.3214,146.8205,146.1925,5.3094,1.7591
50.733,1522,,0.9154,1.1766,0.0226,3.1222,1.1541,0.3696,1.142,1.09,0.7409,0.408,0.0826,0.8782,0.6217,0.4011,0.3491,0.3329,0.3254,149.5642,148.8333,4.8683,1.8388
50.767,1523,,0.9424,1.2194,0.0257,3.3414,1.1938,0.3573,1.1837,1.1224,0.7625,0.4122,0.0826,0.9136,0.6558,0.4212,0.3598,0.3504,0.3295,152.1776,151.0949,4.6073,1.9323
50.8,1524,,0.9703,1.2633,0.0279,3.5845,1.2353,0.3446,1.227,1.1584,0.7822,0.4191,0.0827,0.9515,0.6991,0.4449,0.3762,0.3631,0.3364,154.3568,152.897,4.3406,2.0322
50.833,1525,,1.0005,1.3103,0.0302,3.8654,1.2801,0.3312,1.2742,1.1994,0.8016,0.427,0.0827,0.995,0.7425,0.4727,0.3978,0.3746,0.3442,156.3363,154.9129,3.747,2.1381
50.867,1526,,1.0348,1.3567,0.0308,4.1688,1.3259,0.3181,1.3198,1.2407,0.8289,0.4401,0.0827,1.0315,0.7766,0.4909,0.4117,0.3889,0.3573,158.6209,156.7315,3.468,2.253
50.9,1527,,1.0597,1.4009,0.03,4.4858,1.3709,0.3056,1.3626,1.2763,0.843,0.4457,0.0827,1.0615,0.8047,0.5196,0.4333,0.3974,0.363,160.3387,158.2961,2.9625,2.359
50.933,1528,,1.0883,1.4455,0.0307,4.8315,1.4148,0.2928,1.4045,1.3142,0.8625,0.4561,0.0827,1.0873,0.8278,0.542,0.4517,0.4064,0.3734,162.1373,159.6167,2.7222,2.4692
50.967,1529,,1.1086,1.4824,0.0294,5.1442,1.453,0.2825,1.4418,1.3464,0.8709,0.4611,0.0826,1.1081,0.8468,0.5709,0.4755,0.4098,0.3784,163.7067,161.3417,2.013,2.5498
51.0,1530,upright,1.125,1.5153,0.0275,5.4427,1.4878,0.2734,1.4739,1.3725,0.8774,0.4663,0.0826,1.1292,0.8639,0.5965,0.495,0.4111,0.3838,164.5603,162.7302,1.2104,2.62
51.033,1531,upright,1.1369,1.5425,0.0261,5.7072,1.5164,0.2657,1.5024,1.3924,0.8815,0.4679,0.0825,1.1435,0.8774,0.6209,0.5109,0.4136,0.3854,165.5127,164.6359,0.0865,2.6758
51.067,1532,upright,1.149,1.5636,0.0265,5.9171,1.5371,0.2598,1.5231,1.4104,0.8877,0.4749,0.0825,1.1572,0.8909,0.6354,0.5227,0.4128,0.3924,166.6754,166.534,0.8855,2.7202
51.1,1533,upright,1.1593,1.5802,0.026,6.0913,1.5542,0.2552,1.5424,1.4239,0.8946,0.4822,0.0825,1.1673,0.9019,0.6477,0.5292,0.4125,0.3997,167.6043,168.5198,1.9401,2.7566
51.133,1534,upright,1.1672,1.5932,0.0233,6.2381,1.5699,0.2517,1.558,1.4338,0.9005,0.4866,0.0823,1.1724,0.9066,0.6574,0.5333,0.4139,0.4043,168.4554,169.0618,3.1293,2.7969
51.167,1535,upright,1.1734,1.6025,0.0218,6.3436,1.5807,0.2492,1.5681,1.4423,0.9046,0.4885,0.0822,1.1739,0.9081,0.6635,0.5377,0.4161,0.4062,169.1131,169.016,4.1459,2.8372
51.2,1536,upright,1.2108,1.5469,0.0166,5.7625,1.5303,0.2656,1.5469,1.4669,0.9547,0.5122,0.0821,1.1876,0.9124,0.5922,0.5122,0.4425,0.4302,170.1967,168.3897,8.203,2.7405
51.233,1537,upright,1.1829,1.6215,0.0199,6.558,1.6016,0.2442,1.5824,1.4534,0.9125,0.492,0.0821,1.1766,0.9101,0.6699,0.541,0.4205,0.4099,170.3865,169.0594,5.8994,2.8901
51.267,1538,upright,1.1849,1.6276,0.0194,6.6305,1.6082,0.2425,1.5858,1.4581,0.9117,0.4907,0.082,1.1787,0.9094,0.6741,0.5464,0.4209,0.4087,170.9682,168.8711,6.75,2.8942
51.3,1539,upright,1.1852,1.633,0.0194,6.6927,1.6135,0.2411,1.5886,1.4612,0.9092,0.4894,0.082,1.1796,0.9092,0.6795,0.552,0.4198,0.4074,171.5343,169.1233,7.4611,2.9094
51.333,1540,upright,1.186,1.6357,0.0196,6.7255,1.6161,0.2403,1.5898,1.463,0.909,0.4888,0.082,1.1801,0.9082,0.6808,0.554,0.4202,0.4068,171.7916,169.3599,7.9366,2.9132
51.367,1541,upright,1.1866,1.6376,0.0198,6.7487,1.6177,0.2397,1.5918,1.4642,0.9091,0.4879,0.082,1.1797,0.9062,0.6828,0.5551,0.4211,0.4059,171.9598,169.5177,8.2765,2.915
51.4,1542,upright,1.1874,1.6391,0.0189,6.77,1.6201,0.2393,1.5934,1.4658,0.9091,0.4888,0.0819,1.1801,0.9054,0.6843,0.5567,0.4202,0.4069,172.0505,169.6401,8.6049,2.9162
51.433,1543,upright,1.1892,1.6401,0.0182,6.7858,1.6219,0.239,1.5959,1.4675,0.911,0.4897,0.0819,1.1813,0.9053,0.685,0.5565,0.4213,0.4078,172.0132,169.7871,8.8227,2.9096
51.467,1544,upright,1.1892,1.6409,0.0178,6.7984,1.6231,0.2387,1.5957,1.4673,0.9111,0.491,0.0818,1.1809,0.9049,0.6846,0.5562,0.4201,0.4091,171.9126,169.977,8.972,2.9045
51.5,1545,upright,1.1886,1.6412,0.0172,6.8068,1.6241,0.2386,1.5955,1.4678,0.9095,0.4912,0.0818,1.1813,0.9046,0.6861,0.5583,0.4182,0.4095,171.9585,170.1189,9.0921,2.9059
51.533,1546,upright,1.1887,1.6411,0.0164,6.8094,1.6247,0.2386,1.5963,1.4687,0.9088,0.4922,0.0817,1.1825,0.9044,0.6875,0.56,0.4166,0.4105,171.9897,170.2635,9.1393,2.9098
51.567,1547,upright,1.1874,1.6402,0.017,6.8019,1.6232,0.2386,1.5941,1.468,0.9068,0.4917,0.0817,1.1822,0.9047,0.6872,0.5612,0.4151,0.41,172.0418,170.3085,9.1241,2.9075
51.6,1548,upright,1.1867,1.6411,0.0171,6.8109,1.624,0.2384,1.5936,1.4681,0.9054,0.4917,0.0817,1.1837,0.9056,0.6882,0.5627,0.4136,0.41,172.2691,170.3421,9.0393,2.9112
51.633,1549,upright,1.186,1.6414,0.017,6.8143,1.6243,0.2384,1.5933,1.4683,0.9037,0.491,0.0817,1.1853,0.9073,0.6896,0.5646,0.4127,0.4092,172.6212,170.4176,8.9867,2.9172
51.667,1550,upright,1.1843,1.6417,0.0175,6.8184,1.6242,0.2382,1.5925,1.4671,0.9014,0.4899,0.0817,1.1861,0.9087,0.6911,0.5657,0.4115,0.4082,172.7217,170.522,8.8128,2.9223
51.7,1551,upright,1.1823,1.6408,0.0184,6.8116,1.6224,0.2382,1.591,1.466,0.8987,0.4885,0.0818,1.1866,0.9081,0.6924,0.5674,0.4101,0.4068,172.6331,170.6139,8.5975,2.9254
51.733,1552,upright,1.1815,1.64,0.0188,6.8027,1.6213,0.2383,1.5901,1.4658,0.8973,0.4874,0.0818,1.1882,0.9093,0.6928,0.5685,0.4099,0.4056,172.4946,170.7777,8.4725,2.9254
51.767,1553,upright,1.1813,1.6401,0.0182,6.804,1.622,0.2384,1.5892,1.4659,0.8968,0.4872,0.0817,1.1895,0.9111,0.6923,0.569,0.4096,0.4055,172.3486,170.8984,8.3012,2.9358
51.8,1554,upright,1.1815,1.6398,0.0186,6.8005,1.6212,0.2384,1.5883,1.4664,0.8967,0.4868,0.0817,1.1904,0.9121,0.6916,0.5697,0.4099,0.4051,171.8176,171.0221,8.1468,2.9344
51.833,1555,upright,1.1819,1.6393,0.0197,6.7915,1.6196,0.2385,1.5877,1.4671,0.8968,0.4859,0.0817,1.1912,0.9136,0.6909,0.5703,0.4109,0.4042,171.258,171.2632,7.9737,2.9284
51.867,1556,upright,1.1834,1.6387,0.0207,6.7812,1.618,0.2386,1.5874,1.4682,0.8986,0.4861,0.0817,1.1923,0.9154,0.6888,0.5696,0.4125,0.4045,170.3707,171.6257,7.6394,2.9175
51.9,1557,upright,1.1872,1.6386,0.0212,6.7744,1.6174,0.2387,1.5874,1.4698,0.9045,0.4874,0.0816,1.1932,0.9174,0.6828,0.5652,0.4171,0.4058,169.3535,171.7236,7.329,2.9058
51.933,1558,upright,1.1885,1.6388,0.021,6.7711,1.6177,0.2389,1.5869,1.4706,0.9063,0.4876,0.0814,1.1945,0.9194,0.6805,0.5643,0.4187,0.4062,168.7606,172.1714,7.0167,2.8794
51.967,1559,upright,1.1888,1.6389,0.0191,6.7692,1.6198,0.2393,1.5857,1.4708,0.9068,0.488,0.0811,1.1948,0.9221,0.6789,0.564,0.4189,0.4068,168.646,172.5278,6.6451,2.8532
52.0,1560,upright,1.1915,1.6379,0.0152,6.7527,1.6227,0.2403,1.5841,1.4718,0.9112,0.489,0.0807,1.1954,0.9245,0.6728,0.5606,0.4223,0.4083,168.6316,172.5687,6.2936,2.8342
52.033,1561,upright,1.1925,1.6385,0.0106,6.7538,1.6278,0.241,1.5829,1.4724,0.9127,0.4884,0.0802,1.1963,0.9267,0.6702,0.5598,0.4243,0.4082,169.0788,172.9088,5.9733,2.8104
52.067,1562,upright,1.1934,1.6376,0.0044,6.7423,1.6331,0.2422,1.5808,1.4729,0.9139,0.4892,0.0796,1.1978,0.9277,0.6669,0.5591,0.4247,0.4096,169.3986,173.3046,5.8179,2.7862
52.1,1563,upright,1.1933,1.6357,-0.0022,6.7216,1.6379,0.2437,1.5772,1.4721,0.9146,0.4909,0.0789,1.1985,0.9294,0.6626,0.5575,0.4237,0.412,170.1112,173.619,5.6496,2.7625
52.133,1564,upright,1.1936,1.6348,-0.0092,6.707,1.644,0.2451,1.5735,1.4721,0.915,0.4905,0.0782,1.2,0.9311,0.6585,0.5571,0.4245,0.4124,170.5924,174.0559,5.5159,2.7444
52.167,1565,upright,1.1923,1.6324,-0.0155,6.6766,1.6479,0.2468,1.5695,1.471,0.9136,0.4873,0.0775,1.2012,0.931,0.6559,0.5574,0.4263,0.4098,171.0534,174.4425,5.3046,2.7221
52.2,1566,upright,1.1904,1.6259,-0.0191,6.5961,1.645,0.2494,1.5617,1.47,0.9109,0.4804,0.0769,1.2013,0.9289,0.6509,0.5592,0.4304,0.4035,171.638,174.8621,5.1296,2.694
52.233,1567,upright,1.1895,1.6204,-0.0211,6.5183,1.6415,0.2518,1.5553,1.4692,0.9097,0.4729,0.0765,1.2025,0.9285,0.6456,0.5596,0.4368,0.3964,172.1853,175.3002,5.0545,2.667
52.267,1568,upright,1.1875,1.615,-0.02,6.4424,1.635,0.2538,1.5479,1.467,0.908,0.4657,0.0764,1.2023,0.9268,0.6399,0.5589,0.4424,0.3893,172.5146,175.6625,4.9265,2.6342
52.3,1569,upright,1.1844,1.6119,-0.0153,6.3881,1.6272,0.2547,1.5426,1.4648,0.904,0.457,0.0766,1.2008,0.9258,0.6386,0.5607,0.447,0.3805,173.0093,175.6383,4.8368,2.5972
52.333,1570,upright,1.1784,1.6043,-0.0153,6.3054,1.6196,0.2569,1.5327,1.4596,0.8971,0.4483,0.0766,1.1959,0.9206,0.6355,0.5625,0.4488,0.3718,172.5788,175.2237,4.8951,2.5558
52.367,1571,upright,1.1714,1.5919,-0.014,6.1691,1.6059,0.2603,1.5233,1.4529,0.8899,0.4383,0.0766,1.1879,0.9149,0.6334,0.563,0.4516,0.3617,171.6201,175.2038,5.1628,2.5003
52.4,1572,upright,1.1654,1.579,-0.0132,6.0268,1.5922,0.2642,1.5104,1.4458,0.885,0.4323,0.0767,1.1827,0.9096,0.6254,0.5608,0.4527,0.3556,170.794,175.536,5.5776,2.451
52.433,1573,upright,1.1602,1.5636,-0.0132,5.8663,1.5768,0.2688,1.4969,1.44,0.8803,0.427,0.0767,1.1782,0.9029,0.6166,0.5597,0.4533,0.3504,170.2407,175.9972,6.0754,2.3993
52.467,1574,upright,1.1556,1.5503,-0.0125,5.7286,1.5628,0.2728,1.4851,1.4352,0.876,0.4233,0.0767,1.1731,0.8945,0.6091,0.5592,0.4527,0.3466,169.1607,175.7288,6.6836,2.3552
52.5,1575,upright,1.1513,1.5375,-0.0127,5.6009,1.5502,0.2768,1.476,1.4313,0.8714,0.4163,0.0767,1.1671,0.8859,0.6046,0.5599,0.4551,0.3396,168.4639,175.3374,7.3548,2.317
52.533,1576,upright,1.1491,1.5264,-0.0126,5.4951,1.5391,0.2801,1.4702,1.4277,0.8706,0.4153,0.0768,1.1607,0.8766,0.5996,0.5571,0.4553,0.3386,167.3415,174.7962,8.153,2.2849
52.567,1577,upright,1.1478,1.5169,-0.0122,5.4056,1.529,0.2829,1.4654,1.4251,0.8706,0.417,0.0768,1.1543,0.8669,0.5949,0.5545,0.4535,0.3402,166.7736,174.2501,8.7682,2.2595
52.6,1578,upright,1.1457,1.5053,-0.0116,5.299,1.5169,0.2863,1.4609,1.4223,0.869,0.4193,0.077,1.1482,0.8583,0.5919,0.5533,0.4497,0.3423,166.9865,173.5273,9.3366,2.2348
52.633,1579,upright,1.1422,1.4925,-0.0107,5.1912,1.5033,0.2896,1.4569,1.4179,0.8666,0.4232,0.0772,1.1407,0.8497,0.5903,0.5513,0.4433,0.346,166.7427,172.7494,9.87,2.2096
52.667,1580,upright,1.1371,1.4823,-0.008,5.1015,1.4903,0.2921,1.4517,1.4147,0.8595,0.421,0.0775,1.1334,0.8429,0.5921,0.5552,0.4386,0.3434,166.231,172.1591,10.634,2.1911
52.7,1581,upright,1.1333,1.4795,-0.0054,5.0696,1.4849,0.2929,1.4462,1.415,0.8516,0.4138,0.0778,1.1304,0.8374,0.5946,0.5634,0.4378,0.336,166.0007,171.6455,11.435,2.1913
52.733,1582,upright,1.1315,1.479,-0.001,5.0484,1.48,0.2932,1.4442,1.4161,0.847,0.4091,0.0784,1.1278,0.8337,0.5972,0.5691,0.4379,0.3306,167.3536,171.272,12.0614,2.1994
52.767,1583,upright,1.1324,1.4809,0.0093,5.0268,1.4716,0.2928,1.4454,1.4183,0.8465,0.4126,0.0794,1.1297,0.8359,0.5989,0.5718,0.4339,0.3332,169.6504,170.8658,12.6574,2.2099
52.8,1584,upright,1.1371,1.4599,0.0196,4.8288,1.4403,0.2983,1.4344,1.4209,0.8532,0.422,0.0805,1.1316,0.8363,0.5811,0.5677,0.4312,0.3415,172.1196,170.3813,13.0606,2.2024
52.833,1585,upright,1.1422,1.4869,0.0313,4.991,1.4556,0.2916,1.4482,1.4239,0.8605,0.4279,0.0818,1.1337,0.8385,0.5878,0.5634,0.4326,0.3461,175.9936,170.5555,13.4877,2.2439
52.867,1586,upright,1.1476,1.4602,0.0422,4.742,1.418,0.299,1.4374,1.427,0.8683,0.4361,0.0831,1.137,0.8429,0.5692,0.5588,0.4322,0.353,178.8078,170.3602,13.4367,2.128
52.9,1587,upright,1.1548,1.4603,0.0599,4.6764,1.4004,0.2995,1.4396,1.4317,0.8779,0.4456,0.0848,1.1456,0.8517,0.5617,0.5538,0.4322,0.3609,176.6035,169.8099,13.1792,2.0151
52.933,1588,upright,1.1636,1.551,0.0786,5.3895,1.4723,0.2732,1.4704,1.4379,0.8892,0.4567,0.0863,1.1554,0.8643,0.5811,0.5487,0.4325,0.3705,175.7534,168.9832,12.5221,2.0961
52.967,1589,upright,1.1682,1.5504,0.0782,5.3778,1.4722,0.2738,1.4704,1.441,0.8954,0.4632,0.0873,1.1625,0.8743,0.575,0.5456,0.4322,0.3758,174.9478,168.2842,12.2045,2.0402
53.0,1590,upright,1.1704,1.5472,0.0675,5.3424,1.4797,0.277,1.4679,1.4419,0.8989,0.4687,0.088,1.1671,0.8814,0.569,0.543,0.4302,0.3807,174.6707,168.0026,11.4538,2.0344
53.033,1591,,1.172,1.543,0.0608,5.2947,1.4822,0.2799,1.4661,1.4397,0.9043,0.4775,0.0885,1.1685,0.8852,0.5619,0.5354,0.4268,0.389,175.2065,167.8732,10.065,2.07
53.067,1592,,1.1697,1.5399,0.0579,5.2604,1.482,0.2817,1.4647,1.4367,0.9028,0.4801,0.0888,1.1674,0.8839,0.5619,0.5339,0.4227,0.3913,175.4632,167.5879,9.1205,2.1314
53.1,1593,,1.164,1.5365,0.0562,5.223,1.4803,0.2834,1.4622,1.4319,0.8962,0.4785,0.0888,1.1661,0.8824,0.566,0.5357,0.4177,0.3897,175.7382,167.572,7.7445,2.1984
53.133,1594,,1.1591,1.53,0.055,5.1659,1.475,0.2855,1.4579,1.4246,0.8936,0.4762,0.0887,1.1613,0.8818,0.5644,0.531,0.4173,0.3875,175.4065,167.7055,7.0382,2.2319
53.167,1595,,1.1563,1.5225,0.0539,5.0971,1.4686,0.2881,1.4526,1.4182,0.8945,0.4787,0.0886,1.1584,0.8844,0.558,0.5236,0.4158,0.3901,174.599,168.078,6.5373,2.2823
53.2,1596,,1.1766,1.4434,0.0538,4.4474,1.3896,0.3124,1.3924,1.4202,0.9329,0.5122,0.0887,1.1735,0.8935,0.4595,0.4873,0.4207,0.4236,173.304,168.8324,4.7371,2.3985
53.233,1597,,1.152,1.5161,0.0517,5.0382,1.4645,0.2907,1.4516,1.4087,0.8952,0.4858,0.0881,1.1517,0.8916,0.5565,0.5136,0.4094,0.3977,173.774,168.1096,5.3838,2.5703
53.267,1598,,1.1484,1.5137,0.049,5.0183,1.4647,0.2919,1.4509,1.4066,0.8902,0.4849,0.0875,1.1468,0.8965,0.5607,0.5164,0.4053,0.3974,173.0853,168.8976,5.4967,2.6549
53.3,1599,,1.146,1.5101,0.0451,4.9995,1.465,0.293,1.4489,1.4025,0.8894,0.4875,0.0866,1.1428,0.8994,0.5595,0.5131,0.4019,0.4009,171.7615,170.111,5.5777,2.7195
53.333,1600,,1.1442,1.5054,0.0371,4.9847,1.4683,0.2946,1.4454,1.3975,0.8908,0.4904,0.085,1.1375,0.9029,0.5546,0.5067,0.4004,0.4054,169.8386,171.2211,5.6288,2.7693
53.367,1601,,1.1396,1.5003,0.0266,4.973,1.4736,0.2963,1.441,1.3912,0.8881,0.4915,0.083,1.1307,0.9055,0.553,0.5032,0.3965,0.4085,166.9831,172.5173,5.6067,2.8204
53.4,1602,,1.1362,1.4968,0.0159,4.9753,1.481,0.2977,1.4383,1.3886,0.8838,0.492,0.0813,1.1273,0.9103,0.5545,0.5048,0.3918,0.4107,164.3858,173.0597,6.0322,2.8447
53.433,1603,,1.1341,1.4945,0.0048,4.9847,1.4897,0.2989,1.4366,1.3881,0.8802,0.4921,0.0797,1.1314,0.9219,0.5564,0.5079,0.3881,0.4125,161.1509,172.6544,6.4286,2.854
53.467,1604,,1.1339,1.492,-0.0034,4.9853,1.4954,0.3,1.4352,1.3887,0.8791,0.4931,0.0786,1.1341,0.9271,0.5561,0.5096,0.386,0.4146,159.3051,172.0653,6.9851,2.8464
53.5,1605,,1.1363,1.4918,-0.0059,4.9913,1.4977,0.3001,1.4359,1.3902,0.8823,0.4929,0.0781,1.1375,0.9349,0.5536,0.5079,0.3894,0.4148,158.0937,171.7724,7.7962,2.7804
53.533,1606,,1.1391,1.4912,-0.0075,4.9927,1.4987,0.3002,1.4365,1.3913,0.887,0.4956,0.0778,1.1379,0.9408,0.5495,0.5044,0.3914,0.4178,157.6105,170.8753,8.7779,2.7215
53.567,1607,,1.1382,1.4884,-0.0126,4.9863,1.501,0.301,1.4349,1.3895,0.887,0.4958,0.0773,1.136,0.9473,0.5479,0.5026,0.3911,0.4185,158.0367,169.8989,9.6021,2.7007
53.6,1608,,1.1393,1.4877,-0.0102,4.9763,1.4979,0.301,1.4347,1.3902,0.8885,0.4928,0.0774,1.1366,0.953,0.5462,0.5017,0.3957,0.4155,157.9068,169.392,10.443,2.6527
53.633,1609,,1.1374,1.4849,-0.0082,4.9581,1.4931,0.3011,1.4321,1.389,0.8857,0.49,0.0775,1.1342,0.9525,0.5463,0.5033,0.3957,0.4125,158.0091,167.2483,12.0026,2.6059
53.667,1610,,1.1378,1.4812,-0.0065,4.9311,1.4877,0.3017,1.4276,1.3907,0.8848,0.489,0.0776,1.1326,0.948,0.5428,0.5058,0.3959,0.4114,158.1306,165.0856,13.4365,2.5593
53.7,1611,,1.1414,1.4785,-0.0034,4.9047,1.4819,0.3021,1.4238,1.394,0.8888,0.4899,0.0777,1.132,0.9459,0.535,0.5052,0.3989,0.4122,157.6344,162.6693,14.9922,2.5169
53.733,1612,,1.143,1.4743,-0.0024,4.8727,1.4767,0.303,1.4172,1.396,0.89,0.4877,0.0778,1.1286,0.9394,0.5272,0.506,0.4023,0.41,157.4412,160.0189,16.6485,2.472
53.767,1613,,1.1456,1.475,-0.001,4.8769,1.476,0.3027,1.4096,1.3974,0.8937,0.488,0.0778,1.127,0.9302,0.5159,0.5037,0.4058,0.4102,156.3847,156.9782,18.4869,2.4334
53.8,1614,,1.1495,1.4755,-0.0006,4.8727,1.476,0.3029,1.4066,1.4001,0.8989,0.4903,0.0777,1.1234,0.9188,0.5077,0.5012,0.4086,0.4125,155.7042,154.0905,20.3469,2.3887
53.833,1615,,1.1522,1.4745,-0.0009,4.8609,1.4754,0.3035,1.4024,1.4005,0.9039,0.4929,0.0777,1.1193,0.9077,0.4985,0.4966,0.411,0.4152,154.1372,150.9225,22.1179,2.3398
53.867,1616,,1.1544,1.4737,-0.001,4.8502,1.4748,0.3041,1.3974,1.4004,0.9085,0.4923,0.0776,1.1165,0.9001,0.4889,0.4918,0.4162,0.4147,153.0259,148.8936,23.4414,2.2929
53.9,1617,,1.1549,1.4717,-0.0018,4.8335,1.4735,0.3049,1.3895,1.398,0.9119,0.4897,0.0776,1.1133,0.8905,0.4776,0.4861,0.4221,0.4122,151.9947,147.4217,24.5278,2.2455
53.933,1618,,1.1555,1.4634,-0.0025,4.7687,1.4659,0.3074,1.3791,1.3928,0.9181,0.4879,0.0775,1.1074,0.8757,0.461,0.4747,0.4302,0.4104,150.7891,145.9211,25.7285,2.1999
53.967,1619,,1.152,1.4541,-0.003,4.6937,1.4571,0.3104,1.3703,1.3862,0.9178,0.4835,0.0775,1.0974,0.8576,0.4526,0.4684,0.4342,0.4061,149.5761,144.0036,27.0317,2.14
54.0,1620,,1.1497,1.4388,-0.0069,4.5784,1.4457,0.3158,1.3626,1.3776,0.9219,0.4791,0.0772,1.0896,0.8429,0.4407,0.4557,0.4428,0.4019,148.4569,142.3219,28.4676,2.0981
54.033,1621,,1.1462,1.4289,-0.0094,4.5049,1.4383,0.3193,1.3482,1.3698,0.9226,0.477,0.077,1.0881,0.8345,0.4255,0.4472,0.4457,0.4,148.0477,140.4804,30.0507,2.0804
54.067,1622,,1.1434,1.4171,-0.0113,4.4143,1.4283,0.3236,1.3326,1.3586,0.9281,0.4787,0.0768,1.086,0.8263,0.4044,0.4305,0.4494,0.4019,148.1966,138.0561,32.0875,2.0672
54.1,1623,,1.1393,1.4052,-0.0116,4.3163,1.4168,0.3282,1.3191,1.3467,0.9319,0.4801,0.0768,1.0824,0.8103,0.3872,0.4149,0.4517,0.4034,147.954,135.9533,33.8911,2.0516
54.133,1624,,1.1332,1.3888,-0.0132,4.1993,1.402,0.3339,1.299,1.332,0.9343,0.4839,0.0767,1.071,0.7897,0.3647,0.3977,0.4505,0.4072,146.1076,132.6577,35.718,2.0174
54.167,1625,,1.1241,1.3733,-0.015,4.0968,1.3883,0.3389,1.2809,1.3146,0.9335,0.4871,0.0765,1.0577,0.7678,0.3474,0.3811,0.4464,0.4106,143.4425,128.8418,37.628,1.9798
54.2,1626,,1.1115,1.3582,-0.0151,3.9979,1.3733,0.3435,1.2624,1.2943,0.9288,0.4923,0.0765,1.0418,0.748,0.3336,0.3655,0.4365,0.4158,140.0541,124.0134,39.8646,1.9223
54.233,1627,,1.0957,1.3338,-0.0152,3.8453,1.349,0.3508,1.238,1.2723,0.919,0.4973,0.0765,1.0162,0.7145,0.319,0.3534,0.4216,0.4208,135.8541,118.8666,41.9864,1.8515
54.267,1628,,1.0759,1.3015,-0.0162,3.6521,1.3177,0.3608,1.2124,1.2441,0.9076,0.5019,0.0765,0.9857,0.6775,0.3048,0.3365,0.4057,0.4255,130.9621,113.1373,44.6068,1.7889
54.3,1629,,1.0573,1.2733,-0.0172,3.4938,1.2905,0.3694,1.1817,1.2183,0.8964,0.5076,0.0764,0.9534,0.6385,0.2853,0.3219,0.3887,0.4312,125.1542,106.5976,47.3035,1.7313
54.333,1630,,1.0376,1.246,-0.018,3.3482,1.264,0.3775,1.155,1.1894,0.8858,0.5117,0.0763,0.9321,0.4809,0.2693,0.3036,0.374,0.4354,119.8866,99.7981,50.4024,1.666
54.367,1631,,1.0161,1.2268,-0.0227,3.2612,1.2495,0.3831,1.12,1.1624,0.8699,0.514,0.076,0.8994,0.6117,0.2501,0.2925,0.3558,0.438,115.4495,93.3715,52.8671,1.6211
54.4,1632,,0.9973,1.1997,-0.0259,3.135,1.2256,0.3909,1.0865,1.1337,0.8609,0.5153,0.0758,0.8708,0.6008,0.2256,0.2728,0.3457,0.4395,112.2604,87.7057,55.7214,1.5651
54.433,1633,,0.9775,1.1617,-0.0295,2.9597,1.1912,0.4025,1.0582,1.1042,0.8507,0.5172,0.0755,0.849,0.5862,0.2074,0.2535,0.3336,0.4417,110.0916,83.364,58.0655,1.4933
54.467,1634,,0.9547,1.1426,-0.03,2.873,1.1725,0.4081,1.029,1.0804,0.829,0.5166,0.0755,0.8284,0.566,0.2,0.2514,0.3124,0.4411,106.656,79.7098,58.6503,1.4553
54.5,1635,,0.9353,1.1269,-0.0287,2.7992,1.1556,0.4128,1.0064,1.0602,0.8103,0.5183,0.0756,0.8176,0.5576,0.1961,0.2499,0.2921,0.4427,102.9836,75.5798,59.3458,1.4165
54.533,1636,,0.9182,1.1151,-0.0263,2.7418,1.1414,0.4163,0.9851,1.0455,0.791,0.5183,0.0758,0.8067,0.5467,0.1941,0.2545,0.2727,0.4425,99.3988,72.6003,59.2249,1.3943
54.567,1637,,0.9081,1.1068,-0.0265,2.7022,1.1333,0.4194,0.9685,1.0326,0.7837,0.5163,0.0758,0.8032,0.5494,0.1848,0.2489,0.2674,0.4406,97.4695,70.5069,59.9454,1.3879
54.6,1638,,0.8975,1.0956,-0.0271,2.6526,1.1227,0.4232,0.9432,1.0196,0.7753,0.5153,0.0758,0.7974,0.5471,0.1678,0.2443,0.26,0.4396,96.3231,68.8042,60.3366,1.3822
54.633,1639,,0.888,1.0826,-0.0261,2.593,1.1087,0.4276,0.9265,1.0068,0.7691,0.5179,0.0759,0.7923,0.546,0.1574,0.2377,0.2512,0.442,95.2776,66.9737,60.8826,1.3706
54.667,1640,,0.878,1.0709,-0.0241,2.5386,1.095,0.4313,0.9155,0.9961,0.7598,0.52,0.076,0.788,0.5451,0.1557,0.2364,0.2398,0.444,93.7976,65.7171,60.7217,1.3645
54.7,1641,,0.8693,1.0607,-0.0223,2.4921,1.083,0.4346,0.9068,0.9862,0.7524,0.5197,0.0762,0.7842,0.5431,0.1544,0.2338,0.2327,0.4435,92.5894,64.5314,60.8081,1.3548
54.733,1642,,0.8633,1.051,-0.0219,2.4518,1.073,0.4376,0.9013,0.9777,0.7489,0.5189,0.0762,0.7804,0.5408,0.1524,0.2288,0.23,0.4427,92.007,63.8221,61.0438,1.351
54.767,1643,,0.8586,1.0455,-0.02,2.4254,1.0655,0.4393,0.8965,0.9729,0.7443,0.5182,0.0764,0.7781,0.5404,0.1521,0.2286,0.2261,0.4418,91.3377,63.5643,60.7106,1.3585
54.8,1644,,0.8522,1.0404,-0.0192,2.4047,1.0596,0.4406,0.8869,0.9669,0.7376,0.5167,0.0765,0.7759,0.5387,0.1494,0.2293,0.2209,0.4402,90.5098,63.4304,60.1057,1.3629
54.833,1645,,0.8442,1.0337,-0.0197,2.3806,1.0534,0.4425,0.8871,0.9598,0.7286,0.5129,0.0764,0.7742,0.5357,0.1585,0.2312,0.2157,0.4365,89.4269,63.7629,59.0472,1.3739
54.867,1646,,0.835,1.0249,-0.0213,2.3508,1.0462,0.4451,0.8887,0.9539,0.7162,0.5083,0.0763,0.77,0.5343,0.1725,0.2376,0.2079,0.432,87.7862,64.6846,57.1176,1.395
54.9,1647,,0.8246,1.016,-0.0209,2.3163,1.0369,0.4477,0.893,0.9489,0.7002,0.504,0.0764,0.7671,0.5346,0.1929,0.2488,0.1962,0.4276,85.9227,66.4224,54.1184,1.4198
54.933,1648,,0.8178,1.0147,-0.0225,2.3127,1.0372,0.4485,0.8945,0.9477,0.6879,0.4978,0.0763,0.7641,0.3431,0.2066,0.2598,0.1901,0.4216,84.1208,68.5435,51.0636,1.4671
54.967,1649,,0.8067,1.0114,-0.0236,2.302,1.035,0.4496,0.8981,0.944,0.6693,0.4862,0.0762,0.7592,0.5276,0.2287,0.2747,0.1832,0.41,82.2927,71.7305,47.1092,1.515
55.0,1650,sitting,0.7949,1.0069,-0.0232,2.2856,1.0301,0.4507,0.9016,0.9407,0.649,0.4761,0.0762,0.7512,0.5159,0.2526,0.2917,0.1729,0.3999,79.9372,74.4975,42.9899,1.5128
55.033,1651,sitting,0.781,0.9941,-0.0255,2.2483,1.0196,0.4535,0.9001,0.931,0.631,0.4703,0.076,0.7437,0.5084,0.2691,0.3,0.1607,0.3942,77.458,76.7705,39.2575,1.5105
55.067,1652,sitting,0.7685,0.9839,-0.0291,2.2235,1.013,0.4556,0.8948,0.9218,0.6152,0.4646,0.0757,0.7363,0.5023,0.2796,0.3065,0.1507,0.3888,75.6061,79.1191,35.6886,1.5366
55.1,1653,sitting,0.7607,0.9801,-0.0276,2.2064,1.0077,0.4567,0.9014,0.9166,0.6049,0.4648,0.0758,0.6303,0.5111,0.2964,0.3117,0.1402,0.3889,74.4559,80.621,32.9173,1.5386
55.133,1654,sitting,0.7499,0.9824,-0.024,2.2078,1.0064,0.4559,0.9075,0.9144,0.5854,0.4641,0.0761,0.7378,0.3067,0.3221,0.3289,0.1213,0.388,71.9145,81.2318,29.733,1.5404
55.167,1655,sitting,0.7365,0.9801,-0.0215,2.1952,1.0016,0.4563,0.9091,0.9077,0.5654,0.4637,0.0763,0.73,0.3024,0.3438,0.3424,0.1017,0.3874,69.5733,82.3892,25.8768,1.5411
55.2,1656,sitting,0.7223,0.9721,-0.0216,2.1676,0.9937,0.4584,0.9122,0.8976,0.547,0.462,0.0763,0.7208,0.5198,0.3652,0.3506,0.085,0.3857,67.7137,84.024,21.8897,1.5261
55.233,1657,sitting,0.7175,0.967,-0.0233,2.1507,0.9903,0.4605,0.917,0.8921,0.543,0.4641,0.0762,0.5827,0.2941,0.374,0.3492,0.0788,0.388,67.5574,85.7666,19.0661,1.4908
55.267,1658,sitting,0.7099,0.9604,-0.0245,2.1289,0.9849,0.4626,0.9212,0.8857,0.534,0.4647,0.0761,0.7113,0.5187,0.3872,0.3517,0.0693,0.3886,66.6528,87.1633,16.2416,1.4503
55.3,1659,sitting,0.7044,0.9616,-0.0287,2.1432,0.9903,0.4621,0.9286,0.8839,0.5249,0.4636,0.0758,0.5704,0.2888,0.4037,0.359,0.0612,0.3879,66.2262,89.8898,12.4328,1.4277
55.333,1660,sitting,0.7041,0.97,-0.0317,2.178,1.0017,0.4599,0.9412,0.8848,0.5233,0.4637,0.0755,0.568,0.2874,0.4179,0.3616,0.0596,0.3882,66.8337,92.8048,9.3378,1.4299
55.367,1661,sitting,0.7058,0.9812,-0.0327,2.2189,1.0139,0.4569,0.9579,0.8864,0.5252,0.4644,0.0755,0.5706,0.2886,0.4327,0.3612,0.0607,0.389,67.6178,95.4577,6.7926,1.4385
55.4,1662,sitting,0.7099,0.9933,-0.0336,2.2641,1.0269,0.4535,0.9761,0.8907,0.5291,0.4652,0.0754,0.5721,0.2896,0.447,0.3616,0.0639,0.3898,68.4856,97.7192,4.9429,1.4515
55.433,1663,sitting,0.7168,1.008,-0.0332,2.3165,1.0411,0.4494,0.9965,0.8979,0.5358,0.4668,0.0754,0.5762,0.2938,0.4607,0.3621,0.069,0.3913,69.3981,99.6492,3.6385,1.4679
55.467,1664,sitting,0.7215,1.0227,-0.0331,2.3753,1.0558,0.4445,1.0122,0.9048,0.5382,0.4679,0.0755,0.5798,0.2979,0.474,0.3666,0.0704,0.3924,69.6281,101.1509,2.2687,1.4868
55.5,1665,sitting,0.7247,1.0359,-0.034,2.4282,1.0699,0.4406,1.0253,0.9102,0.5391,0.468,0.0754,0.5823,0.3022,0.4861,0.3711,0.0711,0.3926,69.9743,103.1284,0.3932,1.5023
55.533,1666,sitting,0.7252,1.0425,-0.0363,2.4607,1.0788,0.4384,1.0323,0.9128,0.5376,0.4653,0.0753,0.6863,0.3017,0.4947,0.3752,0.0724,0.39,70.1728,105.3316,1.6398,1.5126
55.567,1667,sitting,0.7257,1.0482,-0.0372,2.4876,1.0854,0.4363,1.0382,0.9157,0.5356,0.4637,0.0752,0.6828,0.3,0.5025,0.38,0.072,0.3884,70.1657,106.7843,3.2305,1.519
55.6,1668,sitting,0.727,1.0545,-0.0346,2.5093,1.089,0.434,1.0445,0.919,0.5351,0.4644,0.0755,0.6803,0.3004,0.5094,0.3839,0.0706,0.3889,70.4268,107.377,4.146,1.5286
55.633,1669,sitting,0.7286,1.0618,-0.0315,2.5327,1.0933,0.4317,1.0509,0.9212,0.5361,0.4668,0.076,0.6725,0.3018,0.5149,0.3851,0.0693,0.3908,71.3651,107.764,4.9066,1.5368
55.667,1670,sitting,0.7282,1.066,-0.029,2.5458,1.095,0.4301,1.0544,0.9211,0.5354,0.4692,0.0766,0.6638,0.3016,0.519,0.3857,0.0662,0.3926,72.355,107.6611,5.4665,1.5425
55.7,1671,sitting,0.7278,1.0762,-0.0267,2.5851,1.103,0.4267,1.062,0.9212,0.5343,0.4717,0.0771,0.6592,0.3023,0.5276,0.3868,0.0626,0.3946,73.162,107.3968,5.9065,1.558
55.733,1672,sitting,0.7279,1.0783,-0.0238,2.5889,1.1022,0.4257,1.0638,0.921,0.5348,0.4743,0.0777,0.6582,0.3022,0.529,0.3862,0.0604,0.3967,73.6681,107.2661,6.2394,1.5623
55.767,1673,sitting,0.7277,1.0729,-0.0205,2.5581,1.0933,0.4274,1.0604,0.921,0.5344,0.4781,0.0781,0.6563,0.3031,0.526,0.3866,0.0563,0.4,73.3276,106.9571,6.611,1.5545
55.8,1674,sitting,0.7291,1.0756,-0.0144,2.557,1.0899,0.4263,1.0635,0.923,0.5352,0.483,0.0786,0.5684,0.3095,0.5283,0.3878,0.0522,0.4044,72.2675,106.3521,6.6434,1.5658
55.833,1675,sitting,0.7287,1.0835,-0.012,2.5877,1.0955,0.4234,1.0692,0.9232,0.5343,0.4859,0.0788,0.6539,0.3138,0.5349,0.3889,0.0483,0.4072,71.3837,106.0544,6.8828,1.5885
55.867,1676,sitting,0.7284,1.0778,-0.0087,2.5582,1.0865,0.4247,1.0656,0.9241,0.5328,0.4897,0.0789,0.5615,0.3203,0.5328,0.3913,0.043,0.4108,70.1076,105.3213,6.8761,1.5929
55.9,1677,sitting,0.7303,1.0792,-0.0031,2.5546,1.0823,0.4237,1.0673,0.9259,0.5348,0.4971,0.0792,0.5592,0.3315,0.5326,0.3911,0.0377,0.4179,69.11,104.0618,6.3347,1.6167
55.933,1678,sitting,0.7323,1.08,-0.0009,2.5545,1.0809,0.4231,1.0684,0.9273,0.5373,0.5076,0.0792,0.6548,0.3432,0.5311,0.39,0.0297,0.4283,68.6035,102.2758,5.5744,1.6352
55.967,1679,sitting,0.734,1.0872,0.0017,2.5828,1.0855,0.4203,1.0738,0.9285,0.5395,0.5185,0.0793,0.6521,0.3564,0.5342,0.3889,0.021,0.4393,68.0175,100.2131,4.626,1.675
56.0,1680,sitting,0.7374,1.0839,0.006,2.5576,1.0779,0.4214,1.0725,0.9311,0.5437,0.5293,0.0792,0.6493,0.4922,0.5288,0.3874,0.0144,0.45,67.9125,97.1844,2.5083,1.7232
56.033,1681,sitting,0.7387,1.0856,0.0078,2.5586,1.0778,0.4212,1.0743,0.9324,0.545,0.5363,0.0789,0.6446,0.5034,0.5293,0.3874,0.0087,0.4574,68.786,94.7313,0.9505,1.7909
56.067,1682,sitting,0.7422,1.0883,0.009,2.5628,1.0793,0.4211,1.077,0.9352,0.5492,0.5376,0.0787,0.6485,0.5247,0.5278,0.386,0.0116,0.4589,70.3456,93.0196,0.9611,1.8697
56.1,1683,sitting,0.7441,1.0907,0.0094,2.5673,1.0813,0.4212,1.0791,0.9362,0.5521,0.5413,0.0786,0.6531,0.5496,0.527,0.384,0.0108,0.4628,71.5446,90.6314,3.0691,1.9496
56.133,1684,sitting,0.7432,1.0921,0.008,2.5732,1.0841,0.4213,1.0802,0.9349,0.5516,0.5464,0.0784,0.6569,0.5714,0.5286,0.3833,0.0052,0.468,71.8208,87.8705,4.9826,1.9439
56.167,1685,sitting,0.7403,1.0913,0.0029,2.5755,1.0883,0.4226,1.0789,0.9327,0.548,0.5415,0.0781,0.6571,0.5827,0.531,0.3848,0.0064,0.4634,72.6202,85.5798,7.3531,1.9395
56.2,1686,sitting,0.7337,1.0863,-0.0029,2.5661,1.0892,0.4244,1.0735,0.9275,0.54,0.5354,0.0776,0.6551,0.5927,0.5335,0.3875,0.0046,0.4578,72.9723,82.5224,10.1416,1.9643
56.233,1687,sitting,0.7265,1.0874,-0.0075,2.5811,1.0949,0.4242,1.0718,0.921,0.532,0.5263,0.0773,0.6522,0.6061,0.5398,0.389,0.0057,0.449,73.1991,80.4028,12.3795,1.9851
56.267,1688,sitting,0.719,1.0807,-0.0134,2.5673,1.0941,0.4262,1.0643,0.9136,0.5244,0.5171,0.0769,0.6471,0.6157,0.5399,0.3892,0.0073,0.4402,73.1827,79.0891,13.876,1.9134
56.3,1689,sitting,0.712,1.0732,-0.0193,2.5486,1.0925,0.4286,1.0569,0.9067,0.5174,0.5101,0.0764,0.6437,0.6242,0.5395,0.3893,0.0073,0.4337,72.8648,77.8073,15.144,1.7775
56.333,1690,sitting,0.7078,1.0678,-0.023,2.535,1.0908,0.4303,1.0515,0.9017,0.514,0.5057,0.0762,0.6421,0.6329,0.5375,0.3876,0.0083,0.4295,72.7304,76.8025,16.2849,1.7095
56.367,1691,sitting,0.7051,1.0629,-0.0254,2.5204,1.0883,0.4318,1.0462,0.8975,0.5128,0.5,0.076,0.642,0.639,0.5334,0.3847,0.0128,0.4241,73.0157,76.0393,17.6145,1.6371
56.4,1692,sitting,0.7035,1.058,-0.0271,2.5045,1.0852,0.4333,1.0408,0.8946,0.5124,0.4953,0.0758,0.6424,0.6424,0.5284,0.3822,0.0171,0.4194,73.0806,75.4939,18.7465,1.5766
56.433,1693,sitting,0.704,1.055,-0.0267,2.4906,1.0816,0.4343,1.0373,0.8942,0.5139,0.4905,0.0759,0.6444,0.6456,0.5234,0.3803,0.0234,0.4146,73.5988,75.17,19.8927,1.548
56.467,1694,sitting,0.7053,1.0519,-0.0253,2.4753,1.0772,0.4352,1.0338,0.8944,0.5161,0.4851,0.076,0.6459,0.6465,0.5177,0.3784,0.0309,0.4092,74.2032,74.9298,21.1068,1.5277
56.5,1695,sitting,0.7056,1.0487,-0.0233,2.4585,1.072,0.436,1.0302,0.894,0.5171,0.4806,0.0761,0.647,0.645,0.513,0.3769,0.0366,0.4045,74.5318,74.6668,22.1131,1.5121
56.533,1696,sitting,0.7043,1.032,-0.0229,2.3921,1.055,0.441,1.0191,0.892,0.5166,0.4729,0.0761,0.6459,0.6398,0.5025,0.3754,0.0437,0.3968,74.932,74.7563,22.9394,1.4913
56.567,1697,sitting,0.7038,1.0404,-0.0235,2.4246,1.0638,0.4388,1.021,0.8907,0.5168,0.4646,0.076,0.6445,0.6313,0.5042,0.3739,0.0522,0.3885,75.6213,75.3289,23.4838,1.5032
56.6,1698,sitting,0.7003,1.0355,-0.0227,2.4041,1.0583,0.4402,1.0165,0.8883,0.5124,0.4631,0.0761,0.6409,0.6157,0.5041,0.3759,0.0493,0.387,75.0728,75.6361,22.915,1.473
56.633,1699,sitting,0.6957,1.0291,-0.0228,2.3792,1.0519,0.4421,1.01,0.8833,0.5081,0.4617,0.0761,0.6346,0.5966,0.5019,0.3752,0.0464,0.3856,74.636,75.4916,22.7655,1.4322
56.667,1700,sitting,0.6936,1.0232,-0.0192,2.3485,1.0424,0.4439,1.0048,0.8801,0.5072,0.4628,0.0764,0.6306,0.5833,0.4977,0.3729,0.0444,0.3864,74.9405,75.1924,22.8312,1.4167
56.7,1701,sitting,0.6911,1.0078,-0.0179,2.2862,1.0257,0.4486,0.9957,0.8764,0.5057,0.4616,0.0765,0.6278,0.573,0.4899,0.3707,0.0441,0.3851,75.2218,74.891,23.144,1.3939
56.733,1702,sitting,0.6911,1.0027,-0.0129,2.2575,1.0157,0.4499,0.992,0.8759,0.5064,0.462,0.0768,0.6281,0.5705,0.4856,0.3695,0.0444,0.3851,75.4526,74.5732,23.5059,1.3819
56.767,1703,sitting,0.6922,1.0049,-0.0081,2.2558,1.013,0.4491,0.9915,0.8761,0.5083,0.4625,0.0772,0.6296,0.5721,0.4832,0.3678,0.0458,0.3853,76.3084,74.0848,24.162,1.3854
56.8,1704,sitting,0.6924,0.9968,-0.0051,2.2194,1.0019,0.4514,0.9854,0.8765,0.5082,0.4622,0.0774,0.6302,0.5724,0.4772,0.3682,0.046,0.3848,76.6828,73.638,24.6326,1.3862
56.833,1705,sitting,0.6928,0.9945,-0.0033,2.204,0.9978,0.4527,0.9817,0.8766,0.509,0.4621,0.0775,0.6312,0.574,0.4726,0.3676,0.0469,0.3846,77.2314,73.2796,25.1009,1.3912
56.867,1706,sitting,0.6941,0.9942,-0.0016,2.1991,0.9957,0.4528,0.979,0.8775,0.5108,0.4612,0.0776,0.6323,0.5756,0.4682,0.3667,0.0495,0.3836,77.7883,73.0487,25.6758,1.394
56.9,1707,sitting,0.695,0.9945,-0.0004,2.1978,0.9949,0.4527,0.9772,0.8781,0.5119,0.4617,0.0777,0.6328,0.5769,0.4654,0.3663,0.0501,0.384,78.1497,72.6738,26.1173,1.3966
56.933,1708,sitting,0.6944,0.9931,0.0004,2.1922,0.9927,0.4528,0.9738,0.8778,0.511,0.4619,0.0777,0.6322,0.5762,0.4628,0.3668,0.0491,0.3842,78.0108,72.1965,26.4494,1.3967
56.967,1709,sitting,0.6947,0.9916,0.0003,2.1868,0.9913,0.4533,0.9707,0.8786,0.5109,0.4619,0.0777,0.6322,0.5762,0.4598,0.3677,0.0489,0.3842,78.1997,71.731,26.8856,1.3987
57.0,1710,sitting,0.693,0.9882,-0.0025,2.1802,0.9907,0.4544,0.966,0.877,0.5089,0.4606,0.0775,0.6301,0.5736,0.4571,0.3681,0.0483,0.3831,77.766,71.4023,27.1696,1.3991
57.033,1711,sitting,0.6921,0.9857,-0.0043,2.1743,0.99,0.4553,0.9601,0.876,0.5081,0.4598,0.0774,0.6292,0.5728,0.452,0.3679,0.0484,0.3823,77.7778,71.2239,27.3985,1.4039
57.067,1712,sitting,0.6896,0.9811,-0.0067,2.1631,0.9878,0.4567,0.9553,0.8738,0.5053,0.4584,0.0773,0.6273,0.5701,0.4499,0.3685,0.0469,0.3812,77.377,70.9831,27.4677,1.401
57.1,1713,sitting,0.6877,0.9766,-0.0084,2.1503,0.985,0.458,0.9516,0.8719,0.5035,0.4575,0.0771,0.6257,0.5684,0.448,0.3683,0.0461,0.3803,76.9603,70.6795,27.6788,1.3947
57.133,1714,sitting,0.6861,0.9729,-0.0099,2.1404,0.9828,0.4592,0.9474,0.87,0.5022,0.456,0.077,0.6239,0.5664,0.4452,0.3678,0.0462,0.3789,76.6918,70.4905,27.9161,1.3873
57.167,1715,sitting,0.6847,0.9687,-0.0106,2.1276,0.9793,0.4603,0.9424,0.8687,0.5007,0.4552,0.077,0.6225,0.5654,0.4417,0.3679,0.0455,0.3782,76.3482,70.208,28.1342,1.3795
57.2,1716,sitting,0.6832,0.9636,-0.012,2.1138,0.9756,0.4616,0.9339,0.8668,0.4996,0.4535,0.0769,0.6189,0.5629,0.4343,0.3672,0.0461,0.3766,76.35,69.7405,28.665,1.3727
57.233,1717,sitting,0.6837,0.9596,-0.013,2.102,0.9727,0.4627,0.9278,0.8666,0.5009,0.4518,0.0768,0.6171,0.5613,0.4269,0.3657,0.0491,0.375,76.7097,69.6827,29.1172,1.367
57.267,1718,sitting,0.6858,0.958,-0.013,2.0954,0.971,0.4634,0.925,0.8692,0.5024,0.4521,0.0768,0.6183,0.5623,0.4225,0.3668,0.0503,0.3753,76.9821,69.881,29.1158,1.3702
57.3,1719,sitting,0.6868,0.9558,-0.013,2.0873,0.9687,0.4641,0.9222,0.8707,0.503,0.4527,0.0768,0.6191,0.5627,0.4192,0.3677,0.0503,0.3759,77.0448,69.8643,29.1486,1.3695
57.333,1720,sitting,0.6877,0.9546,-0.013,2.0834,0.9676,0.4644,0.9207,0.8723,0.503,0.4529,0.0768,0.6197,0.5627,0.4177,0.3692,0.0502,0.376,76.9834,69.8609,29.1677,1.3715
57.367,1721,sitting,0.6897,0.955,-0.0124,2.0829,0.9674,0.4645,0.9209,0.8746,0.5048,0.4531,0.0769,0.6209,0.5633,0.4161,0.3698,0.0517,0.3762,77.3424,70.0264,29.2276,1.3721
57.4,1722,sitting,0.6901,0.9544,-0.0125,2.0808,0.9668,0.4646,0.9203,0.8757,0.5045,0.4533,0.0769,0.6209,0.5627,0.4158,0.3712,0.0512,0.3765,77.3129,70.0037,29.176,1.3723
57.433,1723,sitting,0.6906,0.9543,-0.0125,2.0807,0.9668,0.4647,0.92,0.8768,0.5045,0.4542,0.0769,0.6215,0.5623,0.4155,0.3723,0.0502,0.3774,77.2618,69.8888,29.1644,1.3739
57.467,1724,sitting,0.6913,0.954,-0.0124,2.079,0.9664,0.4648,0.9192,0.8763,0.5062,0.4533,0.0769,0.6216,0.5616,0.413,0.3701,0.0529,0.3764,77.7929,69.7326,29.6396,1.3719
57.5,1725,sitting,0.692,0.9556,-0.012,2.0827,0.9676,0.4646,0.9206,0.8774,0.5066,0.4546,0.0769,0.6232,0.5621,0.414,0.3709,0.052,0.3777,77.8725,69.6947,29.5631,1.3732
57.533,1726,sitting,0.6908,0.9553,-0.0119,2.0822,0.9673,0.4645,0.9209,0.8763,0.5052,0.4549,0.0769,0.6226,0.5605,0.4156,0.3711,0.0503,0.378,77.6443,69.6021,29.4543,1.3664
57.567,1727,sitting,0.6911,0.9574,-0.0106,2.0862,0.968,0.464,0.9237,0.8767,0.5055,0.4567,0.077,0.6232,0.5599,0.4182,0.3712,0.0488,0.3797,77.5031,69.4324,29.4292,1.3506
57.6,1728,sitting,0.6898,0.9574,-0.0112,2.0883,0.9685,0.4638,0.9258,0.8749,0.5047,0.4571,0.0769,0.6206,0.5576,0.4212,0.3702,0.0475,0.3802,77.1701,68.8166,29.8077,1.3448
57.633,1729,sitting,0.6891,0.9584,-0.011,2.0923,0.9694,0.4633,0.9298,0.8738,0.5043,0.4569,0.077,0.619,0.556,0.4255,0.3695,0.0475,0.3799,77.1262,68.3646,30.1916,1.3358
57.667,1730,sitting,0.6891,0.9608,-0.0098,2.0985,0.9706,0.4625,0.9346,0.8735,0.5048,0.4571,0.077,0.6197,0.5565,0.4299,0.3687,0.0477,0.3801,77.2012,68.5255,30.0685,1.3329
57.7,1731,sitting,0.6897,0.9649,-0.0087,2.1101,0.9736,0.4614,0.9399,0.8744,0.5051,0.4577,0.0771,0.6213,0.5578,0.4348,0.3692,0.0474,0.3806,77.2125,68.753,29.8223,1.3359
57.733,1732,sitting,0.6897,0.9689,-0.0086,2.1238,0.9775,0.4603,0.9447,0.8745,0.5049,0.4571,0.0771,0.622,0.5581,0.4398,0.3696,0.0478,0.3799,77.4288,68.996,29.6358,1.3378
57.767,1733,sitting,0.69,0.973,-0.008,2.1371,0.9811,0.4591,0.949,0.8752,0.5048,0.4567,0.0772,0.6234,0.5594,0.4442,0.3704,0.0482,0.3795,77.5605,69.2979,29.3912,1.3493
57.8,1734,sitting,0.6897,0.9766,-0.0076,2.1495,0.9842,0.4579,0.9535,0.875,0.5043,0.4553,0.0772,0.6244,0.56,0.4491,0.3706,0.049,0.3781,77.5978,69.5773,29.2509,1.3594
57.833,1735,sitting,0.689,0.9791,-0.0078,2.1593,0.987,0.4571,0.9571,0.8744,0.5036,0.4548,0.0772,0.6247,0.5599,0.4535,0.3708,0.0488,0.3776,77.3825,69.7186,29.0823,1.3641
57.867,1736,sitting,0.6891,0.9819,-0.0076,2.1689,0.9895,0.4562,0.9608,0.8747,0.5034,0.4546,0.0772,0.6255,0.5605,0.4574,0.3712,0.0489,0.3774,77.2219,69.9112,28.9233,1.37
57.9,1737,sitting,0.6903,0.9852,-0.0057,2.177,0.9908,0.4551,0.9653,0.876,0.5045,0.4561,0.0773,0.6269,0.5621,0.4608,0.3715,0.0485,0.3787,77.4148,69.8629,28.8848,1.3741
57.933,1738,sitting,0.6909,0.987,-0.0047,2.1816,0.9917,0.4546,0.9681,0.8763,0.5055,0.4558,0.0774,0.6283,0.5631,0.4626,0.3708,0.0498,0.3783,77.6559,70.085,28.8142,1.3793
57.967,1739,sitting,0.6911,0.9894,-0.0037,2.1889,0.9931,0.4537,0.97,0.8766,0.5056,0.4563,0.0775,0.6288,0.5634,0.4645,0.371,0.0492,0.3789,77.5434,70.068,28.7339,1.3855
58.0,1740,sitting,0.691,0.9912,-0.0029,2.1952,0.9941,0.4529,0.9715,0.8768,0.5052,0.4578,0.0775,0.6287,0.5643,0.4663,0.3716,0.0474,0.3803,77.3617,69.7511,28.7711,1.3925
58.033,1741,sitting,0.6913,0.9922,-0.003,2.1989,0.9952,0.4526,0.9726,0.8772,0.5054,0.459,0.0775,0.6293,0.5652,0.4672,0.3718,0.0464,0.3815,77.5067,69.7111,28.6619,1.405
58.067,1742,sitting,0.6912,0.9931,-0.0021,2.2013,0.9952,0.4521,0.9738,0.8773,0.5052,0.4589,0.0776,0.63,0.5657,0.4686,0.3721,0.0463,0.3813,77.5167,69.7386,28.6072,1.4135
58.1,1743,sitting,0.6916,0.9943,-0.0018,2.205,0.9961,0.4518,0.9752,0.8778,0.5054,0.4594,0.0776,0.6309,0.5663,0.4697,0.3724,0.046,0.3818,77.4949,69.7619,28.537,1.4182
58.133,1744,sitting,0.692,0.9951,-0.0016,2.2073,0.9967,0.4516,0.9762,0.8783,0.5057,0.4592,0.0776,0.6319,0.5668,0.4704,0.3726,0.0465,0.3816,77.6051,69.9561,28.4093,1.4243
58.167,1745,sitting,0.692,0.9958,-0.0013,2.2092,0.9971,0.4513,0.9771,0.8786,0.5054,0.4583,0.0776,0.632,0.5664,0.4716,0.3731,0.0472,0.3807,77.8512,70.1524,28.2941,1.4257
58.2,1746,sitting,0.6914,0.9962,-0.0016,2.2117,0.9977,0.4511,0.9776,0.878,0.5048,0.4572,0.0776,0.632,0.5654,0.4728,0.3732,0.0476,0.3796,77.9714,70.2502,28.2342,1.4246
58.233,1747,sitting,0.6904,0.9963,-0.0009,2.2119,0.9972,0.4508,0.9778,0.8773,0.5034,0.4579,0.0776,0.6315,0.565,0.4743,0.3739,0.0456,0.3802,77.638,70.0915,28.1252,1.4264
58.267,1748,sitting,0.6902,0.997,0.0002,2.2126,0.9968,0.4505,0.9788,0.8772,0.5033,0.4577,0.0777,0.6317,0.5651,0.4755,0.3739,0.0456,0.38,77.4976,70.2179,28.018,1.4285
58.3,1749,sitting,0.6898,0.9971,-0.0,2.2131,0.9971,0.4505,0.979,0.8769,0.5027,0.4573,0.0777,0.6318,0.5648,0.4762,0.3742,0.0454,0.3796,77.3485,70.2428,27.973,1.4313
58.333,1750,sitting,0.6896,0.9973,-0.0,2.2139,0.9973,0.4505,0.9791,0.8769,0.5022,0.4562,0.0777,0.6317,0.564,0.4769,0.3747,0.046,0.3785,77.2569,70.4002,27.8968,1.4321
58.367,1751,sitting,0.6891,0.9977,0.0005,2.2147,0.9972,0.4503,0.9793,0.8764,0.5019,0.4555,0.0777,0.6314,0.5634,0.4774,0.3744,0.0464,0.3778,77.0985,70.4612,27.8991,1.4285
58.4,1752,sitting,0.6891,0.9974,0.0015,2.2122,0.9958,0.4502,0.9795,0.8761,0.5021,0.4558,0.0778,0.6308,0.5635,0.4774,0.3741,0.0463,0.378,77.0958,70.4277,27.9183,1.43
58.433,1753,sitting,0.6893,0.9972,0.0012,2.2118,0.996,0.4503,0.9791,0.8762,0.5024,0.4568,0.0778,0.6309,0.5641,0.4766,0.3737,0.0457,0.379,77.4289,70.3649,27.888,1.4327
58.467,1754,sitting,0.6897,0.9969,0.0016,2.2098,0.9953,0.4504,0.9789,0.8766,0.5028,0.4569,0.0778,0.6315,0.565,0.476,0.3738,0.0459,0.3791,77.6564,70.468,27.8282,1.433
58.5,1755,sitting,0.6902,0.9969,0.0021,2.2091,0.9948,0.4503,0.9787,0.8769,0.5035,0.4575,0.0778,0.6315,0.5654,0.4752,0.3734,0.0459,0.3797,77.6748,70.4644,27.8339,1.4353
58.533,1756,sitting,0.69,0.9966,0.0027,2.2069,0.9938,0.4503,0.9783,0.8766,0.5034,0.4575,0.0779,0.6311,0.5655,0.4749,0.3732,0.0459,0.3797,77.6429,70.5149,27.7797,1.4338
58.567,1757,sitting,0.6906,0.9964,0.0026,2.2062,0.9939,0.4505,0.9811,0.8769,0.5042,0.4566,0.0778,0.6317,0.5661,0.4769,0.3727,0.0476,0.3787,77.8326,70.8462,27.7015,1.4349
58.6,1758,sitting,0.6905,0.9962,0.0017,2.2068,0.9946,0.4507,0.9779,0.8767,0.5043,0.4567,0.0778,0.6315,0.566,0.4736,0.3724,0.0476,0.3789,77.8959,70.8627,27.6721,1.4383
58.633,1759,sitting,0.6911,0.9967,0.002,2.2072,0.9947,0.4507,0.9783,0.877,0.5053,0.4573,0.0778,0.6321,0.5666,0.473,0.3717,0.048,0.3794,78.1019,70.9539,27.6548,1.4396
58.667,1760,sitting,0.6918,0.9969,0.0021,2.207,0.9948,0.4507,0.9787,0.8773,0.5063,0.4573,0.0778,0.6324,0.5667,0.4724,0.371,0.049,0.3795,78.2076,71.0082,27.727,1.4372
58.7,1761,sitting,0.6933,0.9977,0.0021,2.2084,0.9956,0.4508,0.9797,0.8782,0.5084,0.4563,0.0778,0.6339,0.568,0.4714,0.3698,0.052,0.3785,78.6857,71.4089,27.7363,1.4388
58.733,1762,sitting,0.6944,0.9978,0.0016,2.2086,0.9963,0.4511,0.9829,0.8787,0.5101,0.4557,0.0778,0.6346,0.5685,0.4728,0.3687,0.0543,0.3779,78.8909,71.6341,27.8157,1.4393
58.767,1763,sitting,0.6946,0.9975,0.0012,2.2077,0.9963,0.4513,0.9823,0.8789,0.5103,0.4556,0.0778,0.6349,0.5685,0.472,0.3686,0.0547,0.3778,78.9026,71.6821,27.8186,1.4403
58.8,1764,sitting,0.6935,0.9955,0.0004,2.2023,0.995,0.4518,0.9779,0.8774,0.5097,0.4547,0.0777,0.6334,0.5676,0.4683,0.3677,0.0549,0.377,79.0406,71.5556,27.9494,1.4369
58.833,1765,sitting,0.692,0.9939,-0.0004,2.199,0.9943,0.4522,0.9759,0.8762,0.5078,0.4547,0.0777,0.6322,0.5667,0.468,0.3684,0.0531,0.377,78.7856,71.4093,27.8381,1.437
58.867,1766,sitting,0.6912,0.993,-0.0012,2.1973,0.9941,0.4524,0.9771,0.8754,0.5071,0.4546,0.0777,0.6317,0.566,0.47,0.3683,0.0525,0.3769,78.699,71.3179,27.8379,1.4364
58.9,1767,sitting,0.6918,0.9931,-0.0008,2.1967,0.9939,0.4524,0.9736,0.8758,0.5079,0.4552,0.0777,0.6326,0.5664,0.4657,0.3679,0.0527,0.3775,78.8771,71.3361,27.8484,1.4356
58.933,1768,sitting,0.6921,0.993,-0.0005,2.1958,0.9934,0.4524,0.9724,0.876,0.5082,0.4555,0.0777,0.6328,0.5664,0.4642,0.3678,0.0528,0.3777,78.8743,71.3572,27.8264,1.4344
58.967,1769,sitting,0.6922,0.993,-0.0005,2.1959,0.9935,0.4525,0.9736,0.876,0.5085,0.4559,0.0777,0.6329,0.5662,0.4652,0.3676,0.0526,0.3782,78.8218,71.3815,27.7811,1.4347
59.0,1770,sitting,0.6924,0.993,-0.0009,2.1963,0.9939,0.4525,0.9715,0.8763,0.5085,0.4561,0.0777,0.6329,0.5663,0.463,0.3678,0.0524,0.3785,78.7564,71.4289,27.7065,1.4361
59.033,1771,sitting,0.6928,0.9927,-0.0007,2.1944,0.9933,0.4527,0.9698,0.8768,0.5089,0.4567,0.0777,0.6335,0.5669,0.4609,0.3679,0.0522,0.379,78.8198,71.527,27.5907,1.4363
59.067,1772,sitting,0.6923,0.9916,-0.0008,2.1911,0.9924,0.4529,0.9672,0.8762,0.5085,0.4563,0.0777,0.6337,0.5669,0.4587,0.3677,0.0522,0.3786,78.8099,71.5348,27.5693,1.4357
59.1,1773,sitting,0.6922,0.9904,-0.0009,2.1867,0.9912,0.4533,0.9649,0.8761,0.5083,0.4553,0.0777,0.6338,0.5668,0.4567,0.3678,0.053,0.3776,78.8205,71.6941,27.5335,1.435
59.133,1774,sitting,0.6922,0.9896,-0.0012,2.1845,0.9908,0.4536,0.9629,0.8757,0.5088,0.4544,0.0777,0.634,0.5662,0.4541,0.367,0.0544,0.3767,79.0189,71.8531,27.5608,1.4361
59.167,1775,sitting,0.6925,0.9891,-0.0014,2.1826,0.9905,0.4538,0.9616,0.8758,0.5093,0.4541,0.0777,0.6347,0.5661,0.4523,0.3665,0.0552,0.3764,79.1692,71.9436,27.5783,1.4376
59.2,1776,sitting,0.692,0.9879,-0.0015,2.1793,0.9894,0.454,0.9582,0.8758,0.5082,0.4546,0.0776,0.6342,0.5632,0.45,0.3675,0.0537,0.3769,78.9179,71.8461,27.4892,1.4314
59.233,1777,sitting,0.6928,0.9879,-0.0011,2.1778,0.9889,0.4541,0.9593,0.8766,0.5091,0.4558,0.0777,0.6349,0.5624,0.4502,0.3675,0.0533,0.3781,78.8614,71.7973,27.4968,1.4304
59.267,1778,sitting,0.6936,0.9881,-0.001,2.1782,0.989,0.4541,0.959,0.8772,0.51,0.456,0.0777,0.6356,0.5618,0.449,0.3671,0.0541,0.3783,78.8647,71.87,27.5254,1.4324
59.3,1779,sitting,0.6943,0.9878,-0.0014,2.1778,0.9893,0.4542,0.9586,0.8776,0.511,0.4555,0.0776,0.6358,0.5598,0.4476,0.3666,0.0555,0.3779,78.9836,72.044,27.5411,1.4328
59.333,1780,sitting,0.695,0.9882,-0.0014,2.1787,0.9897,0.4542,0.959,0.8782,0.5119,0.4562,0.0776,0.6365,0.5579,0.4472,0.3663,0.0557,0.3785,79.0539,72.0081,27.6081,1.4311
59.367,1781,sitting,0.6953,0.9883,-0.0017,2.1794,0.99,0.4542,0.959,0.8782,0.5123,0.4563,0.0776,0.6369,0.5548,0.4467,0.3659,0.056,0.3787,79.0808,72.0587,27.6014,1.4301
59.4,1782,sitting,0.6958,0.9891,-0.001,2.1809,0.9901,0.454,0.9596,0.8783,0.5133,0.4565,0.0777,0.6379,0.5521,0.4463,0.3649,0.0568,0.3788,79.1576,72.1446,27.6427,1.428
59.433,1783,sitting,0.6962,0.9893,-0.0009,2.1814,0.9902,0.4539,0.9597,0.8788,0.5136,0.4567,0.0777,0.6388,0.5494,0.4461,0.3652,0.0569,0.379,79.0504,72.1624,27.6438,1.4267
59.467,1784,sitting,0.6967,0.99,-0.001,2.1837,0.991,0.4538,0.9601,0.8793,0.5142,0.457,0.0777,0.6395,0.5463,0.4459,0.3651,0.0572,0.3793,79.0856,72.1415,27.7036,1.4251
59.5,1785,sitting,0.6969,0.9903,-0.0004,2.1837,0.9907,0.4537,0.9604,0.8794,0.5144,0.4578,0.0777,0.6394,0.5416,0.446,0.365,0.0566,0.3801,78.9735,71.9594,27.8041,1.416
59.533,1786,sitting,0.6969,0.9904,-0.0001,2.1836,0.9906,0.4536,0.9608,0.8791,0.5147,0.4568,0.0777,0.6396,0.5402,0.4461,0.3644,0.058,0.379,79.0087,72.0462,27.9045,1.4138
59.567,1787,sitting,0.6967,0.9901,-0.0005,2.1831,0.9906,0.4538,0.9607,0.8783,0.515,0.4558,0.0777,0.6392,0.5384,0.4457,0.3633,0.0592,0.3781,79.1219,72.0846,28.0292,1.4109
59.6,1788,sitting,0.6963,0.9905,-0.0004,2.1843,0.9909,0.4536,0.9611,0.8774,0.5151,0.4557,0.0777,0.6388,0.5368,0.4461,0.3623,0.0594,0.378,78.7896,72.0244,28.1205,1.4082
59.633,1789,sitting,0.6954,0.9903,0.0,2.1836,0.9903,0.4535,0.961,0.8764,0.5144,0.4548,0.0777,0.6378,0.5356,0.4466,0.362,0.0596,0.3772,78.451,71.8765,28.2858,1.4031
59.667,1790,sitting,0.6947,0.9903,0.0009,2.1825,0.9894,0.4533,0.9613,0.8758,0.5136,0.454,0.0777,0.637,0.535,0.4477,0.3622,0.0596,0.3763,78.231,71.8521,28.3048,1.3989
59.7,1791,sitting,0.6944,0.9906,0.0018,2.1826,0.9888,0.453,0.9624,0.8756,0.5131,0.4538,0.0778,0.6367,0.5352,0.4492,0.3624,0.0593,0.376,78.1641,71.8651,28.2517,1.3965
59.733,1792,sitting,0.6944,0.9921,0.0023,2.1869,0.9898,0.4526,0.965,0.8753,0.5135,0.4538,0.0778,0.6369,0.5358,0.4515,0.3617,0.0597,0.376,78.1452,71.9492,28.2335,1.398
59.767,1793,sitting,0.6936,0.9928,0.0024,2.1897,0.9904,0.4523,0.9676,0.8741,0.513,0.4529,0.0779,0.6361,0.5358,0.4546,0.3612,0.0601,0.375,78.2471,71.9743,28.2597,1.3984
59.8,1794,sitting,0.6938,0.995,0.0031,2.1959,0.9919,0.4517,0.9712,0.8741,0.5135,0.4535,0.0779,0.6364,0.5359,0.4577,0.3605,0.0601,0.3756,78.2974,71.9717,28.2701,1.3975
59.833,1795,sitting,0.6931,0.9958,0.0025,2.2,0.9933,0.4515,0.9741,0.8731,0.513,0.4538,0.0779,0.636,0.535,0.4611,0.3601,0.0592,0.3759,78.2263,71.929,28.2065,1.3991
59.867,1796,sitting,0.693,0.9971,0.0038,2.2031,0.9933,0.4509,0.9776,0.8731,0.5128,0.4537,0.078,0.6359,0.5344,0.4648,0.3603,0.0591,0.3758,78.1823,71.934,28.1883,1.399
59.9,1797,sitting,0.6932,0.9983,0.0043,2.2068,0.994,0.4504,0.981,0.8733,0.5131,0.4541,0.078,0.6358,0.534,0.4679,0.3602,0.059,0.3761,78.1328,71.9251,28.1762,1.3994
59.933,1798,sitting,0.6931,0.9995,0.004,2.2118,0.9955,0.4501,0.9841,0.8733,0.5128,0.4545,0.078,0.6356,0.5332,0.4713,0.3605,0.0583,0.3765,78.0199,71.8923,28.1076,1.4018
59.967,1799,sitting,0.6924,1.0006,0.0036,2.217,0.997,0.4497,0.9862,0.8727,0.5121,0.454,0.0779,0.6352,0.5326,0.4741,0.3606,0.0581,0.376,77.8485,71.912,28.0603,1.4052
60.0,1800,sitting,0.6925,1.0016,0.0039,2.2204,0.9977,0.4493,0.9881,0.8731,0.512,0.4541,0.078,0.6351,0.5326,0.4761,0.3611,0.0579,0.3762,77.5371,71.8508,28.0844,1.4079
60.033,1801,sitting,0.6916,1.0016,0.0033,2.2224,0.9983,0.4492,0.9887,0.8725,0.5108,0.454,0.0779,0.6343,0.5326,0.4779,0.3617,0.0568,0.3761,77.3099,71.681,28.1051,1.4125
60.067,1802,sitting,0.6916,1.0025,0.0043,2.2241,0.9982,0.4488,0.9897,0.8726,0.5106,0.4541,0.078,0.6338,0.532,0.479,0.362,0.0565,0.3762,77.2176,71.6092,28.1417,1.4099
60.1,1803,sitting,0.6919,1.0028,0.0042,2.2249,0.9986,0.4488,0.9902,0.8727,0.5111,0.4541,0.078,0.6337,0.5324,0.4791,0.3616,0.057,0.3762,77.4217,71.6494,28.1605,1.4089
60.133,1804,sitting,0.692,1.0028,0.0039,2.2252,0.9989,0.4489,0.9904,0.8726,0.5114,0.4537,0.078,0.6336,0.5324,0.479,0.3612,0.0577,0.3758,77.538,71.7113,28.19,1.4083
60.167,1805,sitting,0.6916,1.0021,0.004,2.2229,0.998,0.449,0.9902,0.8723,0.5108,0.4527,0.0779,0.6332,0.5322,0.4793,0.3615,0.0581,0.3748,77.4771,71.7741,28.1893,1.408
60.2,1806,sitting,0.6919,1.0014,0.0035,2.2209,0.9979,0.4493,0.9896,0.8726,0.5112,0.452,0.0779,0.6336,0.533,0.4784,0.3614,0.0591,0.3741,77.7333,72.0146,28.0893,1.4089
60.233,1807,sitting,0.6922,1.001,0.0031,2.22,0.9979,0.4495,0.9884,0.873,0.5115,0.4526,0.0779,0.634,0.5341,0.4769,0.3615,0.0589,0.3747,77.7852,72.0686,28.0153,1.4116
60.267,1808,sitting,0.692,1.0008,0.0026,2.2199,0.9982,0.4497,0.9874,0.873,0.5111,0.4523,0.0779,0.6341,0.5353,0.4763,0.3618,0.0588,0.3744,77.8014,72.1673,27.91,1.414
60.3,1809,sitting,0.6918,1.0004,0.0025,2.2186,0.9979,0.4498,0.9865,0.8729,0.5108,0.4524,0.0779,0.634,0.5369,0.4757,0.3621,0.0584,0.3746,77.8343,72.2186,27.7886,1.4179
60.333,1810,sitting,0.6915,1.0006,0.0014,2.2211,0.9992,0.4499,0.9852,0.8728,0.5101,0.4531,0.0778,0.6338,0.5384,0.4751,0.3627,0.057,0.3753,77.7151,72.1396,27.6824,1.4229
60.367,1811,sitting,0.691,0.9996,0.001,2.2185,0.9986,0.4501,0.9833,0.8728,0.5092,0.453,0.0778,0.6337,0.539,0.4741,0.3636,0.0562,0.3752,77.7858,72.195,27.5233,1.4245
60.4,1812,sitting,0.6904,0.9992,0.0009,2.2175,0.9983,0.4502,0.981,0.8728,0.5081,0.4534,0.0778,0.633,0.5406,0.473,0.3647,0.0547,0.3756,77.4029,71.9762,27.5401,1.4273
60.433,1813,sitting,0.6899,0.9989,0.0016,2.2154,0.9973,0.4502,0.9785,0.8726,0.5073,0.454,0.0778,0.6325,0.5405,0.4712,0.3653,0.0533,0.3762,77.057,71.7323,27.59,1.4246
60.467,1814,sitting,0.6908,0.9996,0.0017,2.2168,0.998,0.4502,0.977,0.8733,0.5084,0.4549,0.0778,0.6334,0.5415,0.4686,0.3649,0.0534,0.3771,77.1368,71.5957,27.7358,1.4243
60.5,1815,sitting,0.6914,0.9995,0.0019,2.2151,0.9976,0.4504,0.9757,0.8739,0.5089,0.4551,0.0778,0.6343,0.5432,0.4668,0.3651,0.0537,0.3773,77.4049,71.524,27.8361,1.425
60.533,1816,sitting,0.6923,0.9994,0.0023,2.2134,0.997,0.4505,0.975,0.8745,0.5102,0.4547,0.0778,0.6351,0.5442,0.4648,0.3644,0.0554,0.3769,77.8086,71.6118,27.9701,1.4246
60.567,1817,sitting,0.6932,0.9997,0.0029,2.2134,0.9969,0.4504,0.9753,0.8751,0.5113,0.4545,0.0779,0.6358,0.5451,0.464,0.3638,0.0568,0.3766,77.853,71.6335,28.1348,1.4242
60.6,1818,sitting,0.693,0.9994,0.0023,2.2132,0.9971,0.4505,0.9753,0.8752,0.5109,0.4542,0.0778,0.6356,0.5446,0.4644,0.3643,0.0566,0.3764,77.7686,71.5752,28.1617,1.4231
60.633,1819,sitting,0.6931,0.9991,0.0016,2.2136,0.9976,0.4506,0.9751,0.875,0.5112,0.453,0.0778,0.6356,0.545,0.4639,0.3638,0.0582,0.3752,77.9292,71.7299,28.2101,1.4255
60.667,1820,sitting,0.6936,0.9993,0.0012,2.2145,0.998,0.4507,0.9751,0.8752,0.5119,0.4531,0.0778,0.6361,0.5452,0.4632,0.3633,0.0588,0.3753,78.19,71.8858,28.1551,1.4288
60.7,1821,sitting,0.6942,0.9992,0.0008,2.2147,0.9984,0.4508,0.9753,0.8757,0.5128,0.4529,0.0778,0.6366,0.5456,0.4625,0.3629,0.0599,0.3751,78.3861,71.9983,28.1835,1.4307
60.733,1822,sitting,0.6946,0.9998,0.0012,2.2162,0.9986,0.4506,0.9755,0.8756,0.5136,0.4524,0.0778,0.6367,0.5452,0.4619,0.3621,0.0612,0.3746,78.624,72.0379,28.3046,1.4291
60.767,1823,sitting,0.6951,1.0003,0.0013,2.2174,0.999,0.4505,0.9755,0.876,0.5143,0.4515,0.0778,0.6369,0.5452,0.4612,0.3617,0.0628,0.3737,78.9583,72.1916,28.3831,1.4283
60.8,1824,sitting,0.6948,1.0002,0.0015,2.2171,0.9987,0.4505,0.9755,0.8759,0.5136,0.4519,0.0778,0.6363,0.5452,0.4619,0.3624,0.0617,0.3741,78.7477,71.9664,28.4484,1.4288
60.833,1825,sitting,0.6948,1.0003,0.0013,2.2177,0.999,0.4505,0.9755,0.8762,0.5134,0.4528,0.0778,0.6362,0.5454,0.4621,0.3628,0.0606,0.375,78.7013,71.81,28.4587,1.4313
60.867,1826,sitting,0.6948,1.0011,0.0012,2.2206,0.9999,0.4503,0.9753,0.8764,0.5131,0.453,0.0778,0.6358,0.5458,0.4622,0.3633,0.0601,0.3752,78.7301,71.7099,28.4826,1.4327
60.9,1827,sitting,0.6945,1.0013,0.0015,2.2211,0.9998,0.4501,0.9753,0.8763,0.5126,0.4535,0.0778,0.6352,0.5455,0.4627,0.3637,0.0592,0.3757,78.6236,71.5772,28.4878,1.4319
60.933,1828,sitting,0.6946,1.0019,0.0017,2.2229,1.0002,0.45,0.9758,0.8764,0.5129,0.4531,0.0778,0.6354,0.5461,0.4629,0.3636,0.0597,0.3753,78.6834,71.704,28.4451,1.4338
60.967,1829,sitting,0.6944,1.0018,0.0019,2.2223,0.9999,0.4499,0.9761,0.8759,0.513,0.4522,0.0778,0.6354,0.5459,0.4632,0.3629,0.0607,0.3744,78.8489,71.8561,28.4263,1.4328
61.0,1830,sitting,0.6942,1.0019,0.0016,2.2234,1.0003,0.4499,0.9765,0.8752,0.5133,0.4517,0.0778,0.6352,0.5451,0.4633,0.3619,0.0616,0.3738,79.0509,71.9721,28.4201,1.432
61.033,1831,sitting,0.6933,1.0007,0.002,2.2195,0.9986,0.4499,0.9761,0.8742,0.5125,0.4512,0.0779,0.6343,0.5439,0.4636,0.3618,0.0612,0.3734,78.6358,71.9661,28.3814,1.4287
61.067,1832,sitting,0.6932,1.0005,0.0019,2.2198,0.9986,0.4498,0.9761,0.8743,0.512,0.4516,0.0778,0.6344,0.5425,0.4641,0.3623,0.0604,0.3738,78.2389,71.9891,28.2472,1.4289
61.1,1833,sitting,0.6929,1.0013,0.0021,2.223,0.9992,0.4495,0.9765,0.8745,0.5113,0.4539,0.0778,0.6344,0.5412,0.4652,0.3632,0.0574,0.3761,77.8177,71.9025,27.9482,1.4313
61.133,1834,sitting,0.6927,1.0027,0.0027,2.2274,1.0,0.449,0.9773,0.8747,0.5107,0.4547,0.0778,0.6348,0.5403,0.4666,0.364,0.0561,0.3768,77.4682,72.0779,27.6044,1.4301
61.167,1835,sitting,0.6928,1.0046,0.0027,2.234,1.0019,0.4485,0.9789,0.8749,0.5108,0.4551,0.0778,0.6359,0.5401,0.4681,0.3642,0.0556,0.3773,77.4702,72.4405,27.1796,1.4345
61.2,1836,sitting,0.6922,1.0062,0.0042,2.238,1.002,0.4477,0.9795,0.875,0.5094,0.4552,0.0779,0.6355,0.5395,0.4701,0.3655,0.0543,0.3772,77.199,72.7501,26.7097,1.4343
61.233,1837,sitting,0.6915,1.0084,0.0053,2.2447,1.0031,0.4469,0.9846,0.874,0.5089,0.4561,0.078,0.635,0.5381,0.4757,0.3651,0.0528,0.3782,76.978,73.2213,26.0867,1.4352
61.267,1838,sitting,0.6922,1.012,0.006,2.256,1.0059,0.4459,0.9923,0.8748,0.5096,0.4572,0.078,0.6353,0.5381,0.4827,0.3652,0.0524,0.3792,76.9033,74.1692,25.1398,1.4444
61.3,1839,sitting,0.6929,1.0156,0.0037,2.2737,1.0119,0.445,0.9969,0.8755,0.5103,0.4549,0.0779,0.635,0.5367,0.4866,0.3652,0.0555,0.377,77.0267,75.0424,24.6921,1.4619
61.333,1840,sitting,0.6946,1.0213,0.0039,2.2943,1.0174,0.4434,1.0085,0.8777,0.5116,0.4577,0.0779,0.6358,0.5374,0.4969,0.3661,0.0539,0.3798,76.9225,76.2683,23.2735,1.4819
61.367,1841,sitting,0.6971,1.0234,0.0003,2.3087,1.023,0.4431,1.0102,0.8807,0.5136,0.457,0.0777,0.6363,0.5363,0.4966,0.3671,0.0566,0.3793,77.1491,77.0879,22.7411,1.5079
61.4,1842,sitting,0.6984,1.0272,-0.0042,2.3316,1.0314,0.4424,1.0163,0.8828,0.514,0.4565,0.0774,0.6366,0.535,0.5023,0.3687,0.0575,0.3791,77.3674,77.954,21.9359,1.5391
61.433,1843,sitting,0.7001,1.0379,-0.0089,2.3817,1.0468,0.4395,1.0269,0.8855,0.5148,0.4577,0.0771,0.6371,0.5347,0.5122,0.3708,0.0571,0.3806,77.3963,79.0917,20.7049,1.5959
61.467,1844,sitting,0.7017,1.0497,-0.0145,2.4392,1.0642,0.4363,1.0369,0.8876,0.5158,0.4596,0.0767,0.637,0.5341,0.5211,0.3718,0.0562,0.3829,77.4533,80.2305,19.3767,1.6638
61.5,1845,sitting,0.7029,1.0572,-0.0215,2.4841,1.0786,0.4342,1.0435,0.8896,0.5162,0.4627,0.0762,0.6346,0.5372,0.5273,0.3734,0.0535,0.3865,77.3428,80.7649,18.3448,1.7475
61.533,1846,sitting,0.7038,1.0625,-0.0274,2.5186,1.0898,0.4327,1.0479,0.8914,0.5161,0.4687,0.0757,0.6329,0.5412,0.5318,0.3754,0.0474,0.393,76.9184,81.047,17.1308,1.8043
61.567,1847,sitting,0.7064,1.0683,-0.0301,2.5467,1.0983,0.4313,1.0534,0.8952,0.5176,0.472,0.0755,0.634,0.5491,0.5358,0.3776,0.0456,0.3965,76.7743,82.3031,15.5177,1.8395
61.6,1848,sitting,0.7058,1.0717,-0.0338,2.5696,1.1056,0.4303,1.0562,0.8951,0.5166,0.4773,0.0752,0.635,0.5574,0.5397,0.3785,0.0393,0.4021,76.2664,83.7392,13.2175,1.8785
61.633,1849,sitting,0.7035,1.0736,-0.0405,2.5916,1.1142,0.4299,1.058,0.8934,0.5136,0.4874,0.0747,0.6357,0.5633,0.5444,0.3799,0.0262,0.4127,75.4526,85.2009,10.0051,1.9189
61.667,1850,sitting,0.6989,1.073,-0.0507,2.611,1.1237,0.4304,1.0576,0.8895,0.5082,0.5,0.0738,0.6332,0.5683,0.5494,0.3814,0.0082,0.4262,74.1588,85.4217,7.4375,1.9702
61.7,1851,sitting,0.6994,1.0762,-0.0547,2.6317,1.1309,0.4297,1.061,0.892,0.5067,0.509,0.0734,0.633,0.5773,0.5543,0.3853,-0.0023,0.4356,73.5786,86.1272,5.366,2.0432
61.733,1852,sitting,0.703,1.08,-0.0535,2.6429,1.1335,0.4289,1.0654,0.8973,0.5088,0.5175,0.0736,0.6342,0.5885,0.5566,0.3885,-0.0087,0.4439,73.37,87.0758,3.6221,2.1152
61.767,1853,sitting,0.7059,1.0856,-0.0505,2.658,1.1361,0.4274,1.0711,0.9018,0.51,0.5201,0.0739,0.6367,0.5983,0.5611,0.3918,-0.0101,0.4462,73.7064,88.7994,1.7275,2.1734
61.8,1854,sitting,0.7085,1.0914,-0.0471,2.6739,1.1385,0.4258,1.0769,0.906,0.5111,0.5216,0.0742,0.6391,0.6062,0.5658,0.395,-0.0105,0.4474,73.9222,90.8076,0.3281,2.1922
61.833,1855,sitting,0.7121,1.0972,-0.0427,2.6881,1.1399,0.4241,1.0822,0.9112,0.513,0.5218,0.0746,0.6423,0.6131,0.5692,0.3981,-0.0087,0.4472,74.4466,92.96,2.2643,2.1699
61.867,1856,sitting,0.7186,1.1042,-0.0355,2.7005,1.1397,0.4221,1.0893,0.9189,0.5183,0.5234,0.0752,0.6489,0.6213,0.571,0.4005,-0.0051,0.4482,75.0205,95.2639,4.1015,2.1093
61.9,1857,sitting,0.7234,1.1085,-0.0309,2.7075,1.1394,0.4208,1.094,0.924,0.5227,0.5244,0.0756,0.6521,0.6286,0.5713,0.4014,-0.0017,0.4488,75.8004,97.5766,5.9968,2.0385
61.933,1858,sitting,0.7263,1.1116,-0.0269,2.7124,1.1385,0.4198,1.0976,0.9277,0.525,0.5251,0.076,0.6532,0.6335,0.5726,0.4027,-0.0001,0.4491,76.4787,99.7989,8.0715,1.9717
61.967,1859,sitting,0.7285,1.1118,-0.0223,2.7049,1.1341,0.4193,1.0984,0.9302,0.5268,0.5237,0.0763,0.651,0.6364,0.5716,0.4034,0.0031,0.4473,77.1345,101.528,9.3726,1.9169
62.0,1860,sitting,0.7302,1.1128,-0.0181,2.7027,1.1309,0.4184,1.0999,0.9327,0.5277,0.522,0.0767,0.6462,0.6359,0.5721,0.405,0.0057,0.4453,77.7858,102.4939,10.024,1.8759
62.033,1861,sitting,0.7296,1.1133,-0.0155,2.7007,1.1288,0.4179,1.1004,0.9322,0.527,0.5226,0.0769,0.6422,0.634,0.5734,0.4052,0.0044,0.4457,78.3065,103.1779,10.9667,1.8391
62.067,1862,sitting,0.7312,1.1137,-0.0109,2.6945,1.1247,0.4174,1.1012,0.9339,0.5284,0.5236,0.0772,0.6392,0.6346,0.5728,0.4055,0.0048,0.4464,78.7451,103.379,11.1601,1.8062
62.1,1863,sitting,0.7306,1.1139,-0.0098,2.6938,1.1237,0.4171,1.1011,0.933,0.5282,0.5247,0.0773,0.6376,0.6346,0.5729,0.4048,0.0034,0.4474,79.1955,103.8026,11.8379,1.7806
62.133,1864,sitting,0.73,1.1131,-0.0094,2.6905,1.1224,0.4172,1.1004,0.9319,0.528,0.5263,0.0774,0.6354,0.6334,0.5724,0.4039,0.0017,0.449,79.5646,104.2007,12.5213,1.7592
62.167,1865,sitting,0.7302,1.1129,-0.0082,2.6881,1.1211,0.417,1.1005,0.9317,0.5287,0.5266,0.0775,0.6353,0.6311,0.5718,0.403,0.0021,0.4491,79.9743,104.8105,13.1262,1.7453
62.2,1866,sitting,0.7301,1.1127,-0.0072,2.6862,1.1199,0.4169,1.1004,0.9312,0.5291,0.5281,0.0775,0.6347,0.6264,0.5713,0.4022,0.0009,0.4506,80.1234,105.3117,13.8165,1.7328
62.233,1867,sitting,0.7313,1.1133,-0.0069,2.6878,1.1202,0.4168,1.1013,0.9314,0.5313,0.5301,0.0776,0.6344,0.6229,0.57,0.4001,0.0012,0.4525,80.2032,106.1178,14.6022,1.7219
62.267,1868,sitting,0.7336,1.1174,-0.0061,2.7036,1.1235,0.4156,1.1061,0.9318,0.5355,0.5317,0.0776,0.6345,0.6174,0.5706,0.3963,0.0037,0.4541,80.6288,107.4943,15.6571,1.7169
62.3,1869,sitting,0.7392,1.1178,-0.0049,2.7021,1.1227,0.4155,1.1074,0.9336,0.5447,0.533,0.0777,0.6362,0.6115,0.5627,0.3888,0.0117,0.4553,81.5792,109.6776,16.7985,1.7027
62.333,1870,sitting,0.7459,1.1182,-0.004,2.7019,1.1222,0.4153,1.1084,0.9355,0.5563,0.5345,0.0778,0.6394,0.6052,0.5521,0.3793,0.0218,0.4567,82.7654,111.9389,17.7252,1.6913
62.367,1871,sitting,0.7514,1.1178,-0.0029,2.7001,1.1206,0.415,1.1084,0.9364,0.5664,0.5355,0.0778,0.6401,0.5906,0.542,0.37,0.0309,0.4577,83.9459,113.8778,18.4662,1.6752
62.4,1872,sitting,0.7542,1.1184,-0.003,2.7044,1.1213,0.4146,1.1086,0.9364,0.5719,0.5355,0.0778,0.6403,0.5717,0.5367,0.3645,0.0364,0.4576,84.6543,115.2882,19.1266,1.6652
62.433,1873,sitting,0.7579,1.1188,-0.0037,2.7081,1.1224,0.4145,1.109,0.9365,0.5792,0.5364,0.0778,0.6414,0.5554,0.5297,0.3573,0.0428,0.4586,85.7107,116.9034,19.8252,1.6606
62.467,1874,sitting,0.76,1.1186,-0.0041,2.71,1.1227,0.4143,1.109,0.9358,0.5841,0.536,0.0778,0.6429,0.5417,0.5249,0.3518,0.0481,0.4582,86.6679,118.5663,20.6894,1.6532
62.5,1875,sitting,0.7606,1.1183,-0.0039,2.7092,1.1221,0.4142,1.109,0.9354,0.5859,0.5352,0.0779,0.6442,0.5292,0.5231,0.3495,0.0506,0.4574,87.2351,119.9595,21.6092,1.6456
62.533,1876,sitting,0.7607,1.1185,-0.0041,2.7105,1.1226,0.4142,1.1093,0.935,0.5864,0.5337,0.0779,0.6461,0.5195,0.5229,0.3485,0.0527,0.4558,87.642,120.9047,22.1829,1.6412
62.567,1877,sitting,0.7607,1.1193,-0.0031,2.7133,1.1224,0.4137,1.1099,0.9344,0.5869,0.5319,0.0779,0.6486,0.5133,0.523,0.3476,0.055,0.454,87.9263,121.6728,22.5518,1.6379
62.6,1878,sitting,0.7615,1.1203,-0.0026,2.7164,1.1229,0.4134,1.1106,0.935,0.588,0.5308,0.0779,0.6534,0.513,0.5226,0.347,0.0573,0.4528,88.1319,122.0877,22.6263,1.6286
62.633,1879,sitting,0.7617,1.121,-0.0021,2.7193,1.1231,0.413,1.111,0.9351,0.5882,0.5304,0.078,0.656,0.511,0.5228,0.3469,0.0578,0.4524,88.0956,122.1743,22.5963,1.6262
62.667,1880,sitting,0.7619,1.1222,-0.0025,2.7258,1.1248,0.4126,1.1116,0.9347,0.5891,0.5295,0.0779,0.6592,0.5175,0.5226,0.3456,0.0595,0.4516,88.2611,122.4669,22.6184,1.6276
62.7,1881,sitting,0.7626,1.1241,-0.0031,2.7345,1.1272,0.4122,1.1126,0.9347,0.5905,0.5288,0.0779,0.6623,0.5248,0.5221,0.3442,0.0617,0.4509,88.4554,122.8526,22.6714,1.6316
62.733,1882,sitting,0.7639,1.1255,-0.003,2.7401,1.1285,0.4119,1.1136,0.9352,0.5927,0.5278,0.0779,0.6653,0.5303,0.5209,0.3426,0.0649,0.4499,88.8263,123.3651,22.7032,1.6363
62.767,1883,sitting,0.7646,1.1274,-0.0032,2.7489,1.1306,0.4113,1.1147,0.9353,0.5939,0.5269,0.0779,0.6664,0.5338,0.5209,0.3414,0.067,0.449,88.98,123.6373,22.6604,1.6466
62.8,1884,sitting,0.7645,1.1299,-0.003,2.7586,1.1329,0.4107,1.1164,0.9354,0.5937,0.5268,0.0779,0.6668,0.5368,0.5227,0.3417,0.0668,0.4489,88.8772,123.5316,22.5073,1.6566
62.833,1885,sitting,0.7646,1.1313,-0.0025,2.763,1.1338,0.4103,1.1174,0.9354,0.5937,0.5267,0.0779,0.6659,0.5371,0.5237,0.3417,0.067,0.4487,88.9258,123.631,22.5107,1.6606
62.867,1886,sitting,0.7654,1.1323,-0.0016,2.7646,1.1339,0.4102,1.1181,0.9361,0.5946,0.5271,0.078,0.6666,0.5371,0.5235,0.3415,0.0675,0.4491,88.8795,123.6908,22.4514,1.6632
62.9,1887,sitting,0.7655,1.1327,-0.0011,2.7654,1.1338,0.41,1.1183,0.9361,0.5949,0.5272,0.078,0.6671,0.5352,0.5234,0.3412,0.0677,0.4492,88.8429,123.563,22.29,1.6651
62.933,1888,sitting,0.7646,1.1336,-0.0011,2.7692,1.1347,0.4098,1.1186,0.9352,0.594,0.5266,0.078,0.666,0.5316,0.5246,0.3412,0.0674,0.4485,88.71,123.2755,22.0412,1.669
62.967,1889,sitting,0.7639,1.1339,-0.001,2.771,1.1349,0.4096,1.1181,0.9346,0.5932,0.5261,0.078,0.6652,0.5292,0.525,0.3414,0.067,0.4481,88.6039,123.1926,21.9891,1.6721
63.0,1890,sitting,0.7633,1.1345,-0.0004,2.773,1.1349,0.4093,1.1178,0.934,0.5925,0.5255,0.0781,0.6652,0.5277,0.5253,0.3415,0.067,0.4474,88.4566,123.0443,21.8449,1.6771
63.033,1891,sitting,0.7626,1.1354,0.0,2.7756,1.1353,0.409,1.1178,0.9339,0.5914,0.5258,0.0781,0.6646,0.5254,0.5264,0.3425,0.0656,0.4477,88.1443,122.5352,21.5355,1.6821
63.067,1892,sitting,0.7619,1.1358,0.0007,2.7758,1.1351,0.4089,1.1176,0.9336,0.5902,0.5259,0.0781,0.6646,0.5237,0.5273,0.3434,0.0643,0.4478,87.7917,122.1002,21.2879,1.6868
63.1,1893,sitting,0.7612,1.1355,0.0008,2.7743,1.1348,0.409,1.1168,0.9332,0.5891,0.5264,0.0781,0.6639,0.5215,0.5276,0.3441,0.0627,0.4482,87.3891,121.5955,21.0241,1.6905
63.133,1894,sitting,0.7606,1.1357,0.0014,2.7739,1.1343,0.4089,1.1163,0.9328,0.5883,0.5269,0.0782,0.6628,0.5188,0.528,0.3445,0.0614,0.4487,86.9939,121.2562,20.8712,1.6912
63.167,1895,sitting,0.7599,1.1363,0.0017,2.776,1.1346,0.4087,1.1161,0.9323,0.5875,0.5267,0.0782,0.6624,0.5166,0.5286,0.3448,0.0607,0.4486,86.7291,121.0453,20.7674,1.6934
63.2,1896,sitting,0.7589,1.1367,0.0015,2.7786,1.1351,0.4085,1.1156,0.9313,0.5864,0.5266,0.0782,0.662,0.5157,0.5292,0.3449,0.0598,0.4485,86.5927,121.051,20.8602,1.6956
63.233,1897,sitting,0.758,1.1374,0.0013,2.7825,1.1361,0.4083,1.1156,0.9305,0.5854,0.526,0.0782,0.6615,0.5158,0.5302,0.3451,0.0595,0.4478,86.4638,120.9745,20.8079,1.6978
63.267,1898,sitting,0.757,1.1382,0.0016,2.7853,1.1366,0.4081,1.116,0.9297,0.5843,0.5254,0.0782,0.6603,0.5157,0.5316,0.3454,0.0589,0.4472,86.2804,120.804,20.6987,1.7005
63.3,1899,sitting,0.7567,1.1384,0.0015,2.7863,1.1369,0.408,1.1157,0.9292,0.5842,0.5253,0.0782,0.661,0.5171,0.5316,0.3451,0.0589,0.4471,86.2695,120.9301,20.7886,1.7021
63.333,1900,sitting,0.7564,1.1385,0.0016,2.7868,1.1369,0.408,1.1158,0.929,0.5838,0.525,0.0782,0.6611,0.5176,0.532,0.3452,0.0588,0.4468,86.2383,120.838,20.6891,1.7023
63.367,1901,sitting,0.756,1.1391,0.0014,2.7893,1.1377,0.4079,1.1157,0.9287,0.5833,0.5253,0.0782,0.6612,0.5186,0.5324,0.3454,0.058,0.4471,86.1894,120.5499,20.5005,1.7063
63.4,1902,sitting,0.7553,1.1391,0.0012,2.7899,1.1379,0.4079,1.1154,0.9279,0.5827,0.5254,0.0782,0.6603,0.5178,0.5327,0.3452,0.0573,0.4472,86.0469,120.2982,20.3406,1.7085
63.433,1903,sitting,0.7551,1.1397,0.0009,2.7929,1.1388,0.4078,1.1157,0.9275,0.5828,0.5252,0.0782,0.6602,0.5182,0.5329,0.3447,0.0576,0.447,86.0853,120.1219,20.1337,1.7113
63.467,1904,sitting,0.7547,1.1404,0.0008,2.7956,1.1396,0.4076,1.1162,0.9272,0.5822,0.5248,0.0781,0.66,0.5179,0.5339,0.345,0.0574,0.4466,86.1486,119.8281,19.8804,1.7181
63.5,1905,sitting,0.7543,1.1403,0.0014,2.7937,1.1389,0.4077,1.1159,0.9272,0.5814,0.5248,0.0782,0.6591,0.5161,0.5345,0.3458,0.0567,0.4466,86.0656,119.4889,19.6481,1.7203
63.533,1906,sitting,0.7543,1.1399,0.0014,2.7916,1.1386,0.4079,1.1156,0.9274,0.5812,0.5244,0.0782,0.6593,0.5157,0.5344,0.3462,0.0567,0.4463,86.0223,119.2689,19.4474,1.7212
63.567,1907,sitting,0.754,1.14,0.0011,2.7915,1.1389,0.408,1.1155,0.9271,0.5809,0.5234,0.0782,0.6586,0.5136,0.5346,0.3462,0.0575,0.4453,86.0366,119.1784,19.285,1.7225
63.6,1908,sitting,0.7528,1.1401,0.0007,2.7923,1.1394,0.4081,1.1154,0.9262,0.5794,0.5225,0.0781,0.6594,0.5144,0.536,0.3468,0.057,0.4443,85.8583,118.6591,18.883,1.7283
63.633,1909,sitting,0.7525,1.1399,0.0002,2.7913,1.1397,0.4083,1.1154,0.926,0.579,0.5216,0.0781,0.6594,0.5144,0.5365,0.347,0.0574,0.4435,85.91,118.479,18.6938,1.7301
63.667,1910,sitting,0.7525,1.1398,0.0004,2.7903,1.1394,0.4084,1.1155,0.9259,0.5791,0.5216,0.0781,0.6594,0.5142,0.5364,0.3468,0.0575,0.4435,85.9143,118.255,18.4837,1.7334
63.7,1911,sitting,0.7523,1.1402,-0.0001,2.7926,1.1404,0.4084,1.1159,0.9261,0.5785,0.5218,0.0781,0.661,0.5156,0.5374,0.3476,0.0566,0.4437,85.8777,117.8894,18.261,1.7371
63.733,1912,sitting,0.7522,1.1407,-0.0009,2.7959,1.1416,0.4083,1.1163,0.9262,0.5781,0.5213,0.0781,0.6619,0.5161,0.5381,0.3481,0.0568,0.4433,85.8619,117.6844,18.0733,1.7402
63.767,1913,sitting,0.7524,1.141,-0.002,2.7985,1.143,0.4084,1.1165,0.9263,0.5785,0.5206,0.078,0.662,0.5156,0.538,0.3478,0.0579,0.4426,85.992,117.7546,18.0141,1.7421
63.8,1914,sitting,0.7525,1.1416,-0.0024,2.8016,1.1441,0.4084,1.117,0.9263,0.5786,0.5204,0.078,0.6615,0.5143,0.5384,0.3477,0.0582,0.4424,86.0371,117.6471,17.8689,1.7447
63.833,1915,sitting,0.7527,1.1419,-0.0026,2.8029,1.1445,0.4083,1.1171,0.9264,0.579,0.5206,0.078,0.6624,0.5146,0.5381,0.3474,0.0584,0.4425,85.9935,117.5467,17.7401,1.7449
63.867,1916,sitting,0.7534,1.1427,-0.0022,2.8052,1.1449,0.4081,1.1178,0.9271,0.5798,0.5206,0.078,0.6636,0.5157,0.538,0.3473,0.0592,0.4425,86.0353,117.4654,17.5517,1.747
63.9,1917,sitting,0.7536,1.1439,-0.0023,2.811,1.1461,0.4077,1.1187,0.9272,0.5801,0.5205,0.078,0.6651,0.5169,0.5386,0.347,0.0596,0.4425,86.0173,117.3101,17.3558,1.7509
63.933,1918,sitting,0.7538,1.1444,-0.0015,2.8122,1.1459,0.4075,1.1189,0.9274,0.5803,0.521,0.0781,0.6656,0.5173,0.5386,0.3471,0.0593,0.4429,85.9856,117.2538,17.3147,1.7535
63.967,1919,sitting,0.7539,1.1451,-0.001,2.8143,1.1461,0.4072,1.1193,0.9275,0.5802,0.5206,0.0781,0.6659,0.5178,0.5391,0.3473,0.0596,0.4425,85.9391,117.2376,17.2482,1.7552
64.0,1920,sitting,0.7537,1.1456,-0.0009,2.8167,1.1466,0.4071,1.1197,0.9276,0.5799,0.5205,0.0781,0.6673,0.5192,0.5399,0.3477,0.0594,0.4424,85.8122,117.3083,17.3201,1.7587
64.033,1921,sitting,0.7531,1.1447,-0.0011,2.8141,1.1458,0.4072,1.1188,0.9272,0.579,0.52,0.0781,0.6694,0.5205,0.5398,0.3482,0.059,0.4419,85.7415,117.4042,17.4318,1.76
64.067,1922,sitting,0.7529,1.1444,-0.0012,2.8128,1.1456,0.4073,1.1184,0.9275,0.5783,0.5195,0.0781,0.6708,0.5215,0.5401,0.3492,0.0588,0.4414,85.6936,117.3544,17.3999,1.7624
64.1,1923,sitting,0.7531,1.1443,-0.0013,2.8127,1.1456,0.4073,1.1182,0.9278,0.5784,0.5194,0.0781,0.672,0.522,0.5399,0.3494,0.0589,0.4413,85.7548,117.3597,17.3874,1.7647
64.133,1924,sitting,0.7534,1.1439,-0.0017,2.8116,1.1456,0.4074,1.1178,0.9283,0.5786,0.5198,0.0781,0.6741,0.523,0.5393,0.3497,0.0588,0.4417,85.78,117.3011,17.3364,1.7681
64.167,1925,sitting,0.754,1.1434,-0.0019,2.8099,1.1453,0.4076,1.1174,0.9292,0.5789,0.5199,0.078,0.6753,0.5236,0.5386,0.3503,0.059,0.4418,85.806,117.1933,17.2007,1.7716
64.2,1926,sitting,0.7537,1.1426,-0.0025,2.8077,1.145,0.4078,1.1167,0.9294,0.578,0.5196,0.078,0.6738,0.5222,0.5388,0.3514,0.0584,0.4416,85.7168,117.0276,17.1301,1.7714
64.233,1927,sitting,0.7534,1.143,-0.0026,2.8101,1.1457,0.4077,1.1169,0.9291,0.5777,0.5191,0.078,0.6727,0.5222,0.5392,0.3514,0.0586,0.4411,85.707,117.0631,17.1329,1.7743
64.267,1928,sitting,0.7539,1.1429,-0.0023,2.8094,1.1452,0.4076,1.1166,0.9295,0.5782,0.5195,0.078,0.6723,0.522,0.5384,0.3513,0.0587,0.4415,85.6856,117.056,17.1111,1.7752
64.3,1929,sitting,0.7544,1.1423,-0.0021,2.8064,1.1444,0.4078,1.116,0.9301,0.5788,0.52,0.078,0.6728,0.5221,0.5372,0.3512,0.0588,0.442,85.7726,117.0505,17.0795,1.7755
64.333,1930,sitting,0.7547,1.1418,-0.0014,2.8031,1.1432,0.4078,1.1155,0.9304,0.579,0.5205,0.078,0.6721,0.521,0.5365,0.3515,0.0585,0.4424,85.6799,116.9507,17.0255,1.7743
64.367,1931,sitting,0.7544,1.1418,-0.0009,2.8027,1.1427,0.4077,1.1156,0.9302,0.5786,0.5204,0.0781,0.6696,0.5182,0.537,0.3515,0.0583,0.4423,85.6839,117.096,17.1904,1.7731
64.4,1932,sitting,0.7539,1.1249,-0.0014,2.7286,1.1263,0.4128,1.1065,0.93,0.5778,0.5207,0.078,0.6697,0.518,0.5287,0.3522,0.0571,0.4426,85.6882,116.8559,17.0999,1.7434
64.433,1933,sitting,0.7531,1.1405,-0.0017,2.7991,1.1421,0.408,1.1144,0.9295,0.5767,0.5207,0.078,0.6685,0.5168,0.5377,0.3528,0.0561,0.4427,85.5953,116.656,17.0368,1.7726
64.467,1934,sitting,0.7527,1.1397,-0.0014,2.7954,1.141,0.4082,1.114,0.9293,0.5762,0.5222,0.078,0.6684,0.5167,0.5378,0.353,0.054,0.4441,85.3711,116.3266,16.9667,1.7718
64.5,1935,sitting,0.7527,1.1398,-0.0007,2.7948,1.1405,0.4081,1.1141,0.9293,0.5762,0.523,0.0781,0.6684,0.5169,0.5379,0.3531,0.0532,0.445,85.2097,116.1489,16.8904,1.7723
64.533,1936,sitting,0.7535,1.1394,-0.0001,2.7925,1.1396,0.4081,1.1139,0.9296,0.5774,0.5229,0.0781,0.6693,0.5171,0.5365,0.3522,0.0546,0.4448,85.342,116.3063,16.8607,1.7727
64.567,1937,sitting,0.7539,1.139,0.0002,2.791,1.1387,0.408,1.1136,0.9296,0.5782,0.5231,0.0781,0.6705,0.5175,0.5354,0.3514,0.0551,0.445,85.3914,116.455,16.9188,1.7717
64.6,1938,sitting,0.7539,1.1383,0.0008,2.7882,1.1375,0.408,1.1129,0.9293,0.5785,0.5246,0.0781,0.6712,0.5179,0.5344,0.3507,0.0539,0.4465,85.2054,116.3999,16.9995,1.7687
64.633,1939,sitting,0.7542,1.138,0.0011,2.7875,1.1369,0.4078,1.1127,0.9293,0.5791,0.5255,0.0781,0.6717,0.5184,0.5335,0.3501,0.0536,0.4474,85.2053,116.4239,17.05,1.7688
64.667,1940,sitting,0.7543,1.1374,0.0014,2.7853,1.136,0.4079,1.1121,0.9292,0.5795,0.5256,0.0781,0.672,0.5181,0.5326,0.3497,0.0539,0.4475,85.1983,116.5951,17.1687,1.7664
64.7,1941,sitting,0.7546,1.137,0.0019,2.7835,1.1351,0.4078,1.1119,0.9294,0.5798,0.5252,0.0782,0.6721,0.5188,0.532,0.3495,0.0546,0.447,85.2076,116.6924,17.1663,1.7654
64.733,1942,sitting,0.7546,1.1369,0.002,2.7825,1.1349,0.4079,1.1118,0.9294,0.5798,0.5255,0.0782,0.6715,0.5186,0.532,0.3496,0.0543,0.4473,85.1318,116.6592,17.1739,1.764
64.767,1943,sitting,0.7548,1.1369,0.0015,2.783,1.1354,0.408,1.1118,0.9294,0.5802,0.5253,0.0782,0.6724,0.5188,0.5316,0.3492,0.0549,0.4471,85.201,116.6535,17.1063,1.7632
64.8,1944,sitting,0.7547,1.1376,0.0021,2.7852,1.1355,0.4077,1.1121,0.9294,0.58,0.5256,0.0782,0.6705,0.5169,0.5322,0.3494,0.0544,0.4474,85.1179,116.4994,17.0128,1.7664
64.833,1945,sitting,0.7544,1.1383,0.0016,2.7893,1.1367,0.4075,1.1128,0.9288,0.5799,0.5256,0.0782,0.6689,0.5156,0.5328,0.3488,0.0543,0.4474,85.1879,116.3976,16.9259,1.7722
64.867,1946,sitting,0.7542,1.1383,0.0012,2.7898,1.1371,0.4076,1.1126,0.9286,0.5797,0.5257,0.0782,0.6694,0.5156,0.5329,0.349,0.0539,0.4476,85.198,116.179,16.7873,1.7759
64.9,1947,sitting,0.7537,1.1383,0.0008,2.7903,1.1374,0.4076,1.1123,0.9281,0.5792,0.5257,0.0781,0.6695,0.5156,0.5331,0.3489,0.0536,0.4475,85.172,115.8725,16.5682,1.7767
64.933,1948,sitting,0.7532,1.1381,0.0007,2.7902,1.1374,0.4077,1.1119,0.9278,0.5785,0.525,0.0781,0.6695,0.5151,0.5333,0.3493,0.0535,0.4469,85.111,115.8691,16.5798,1.7745
64.967,1949,sitting,0.753,1.1379,0.0003,2.7898,1.1376,0.4078,1.1115,0.9276,0.5784,0.524,0.0781,0.6697,0.5152,0.5331,0.3492,0.0544,0.4459,85.1714,115.8745,16.4892,1.7733
65.0,1950,sitting,0.7528,1.1376,0.0001,2.7887,1.1375,0.4079,1.1111,0.9276,0.5781,0.524,0.0781,0.6704,0.5156,0.5331,0.3495,0.0541,0.4459,85.1276,115.6506,16.307,1.7752
65.033,1951,sitting,0.7534,1.138,-0.0001,2.7895,1.1381,0.408,1.1113,0.9284,0.5783,0.5239,0.0781,0.6718,0.5168,0.533,0.3501,0.0544,0.4458,85.1894,115.5997,16.2111,1.7778
65.067,1952,sitting,0.7532,1.1375,-0.0006,2.7875,1.1381,0.4083,1.111,0.9287,0.5778,0.5235,0.0781,0.6721,0.5176,0.5332,0.3509,0.0543,0.4454,85.2512,115.5192,16.1537,1.7788
65.1,1953,sitting,0.7531,1.1371,-0.0008,2.7856,1.1378,0.4085,1.1104,0.9286,0.5775,0.5229,0.0781,0.6719,0.5176,0.5329,0.3511,0.0546,0.4449,85.3719,115.5958,16.1888,1.7788
65.133,1954,sitting,0.7529,1.1369,-0.0001,2.7836,1.137,0.4085,1.1103,0.9285,0.5773,0.5228,0.0781,0.6705,0.5159,0.5329,0.3511,0.0545,0.4447,85.2854,115.566,16.1751,1.7762
65.167,1955,sitting,0.7528,1.1366,-0.0004,2.7826,1.137,0.4086,1.11,0.9284,0.5773,0.5222,0.0781,0.6699,0.5146,0.5327,0.3511,0.0551,0.4441,85.4336,115.5887,16.1254,1.7757
65.2,1956,sitting,0.7533,1.1372,-0.0005,2.7833,1.1377,0.4088,1.1105,0.9292,0.5773,0.5221,0.0781,0.6705,0.5153,0.5332,0.3519,0.0553,0.444,85.4432,115.2506,15.8038,1.778
65.233,1957,sitting,0.7529,1.1368,-0.0013,2.7817,1.1381,0.4091,1.1105,0.9292,0.5766,0.5208,0.0781,0.6683,0.5121,0.5338,0.3526,0.0558,0.4428,85.5166,115.1475,15.6533,1.7781
65.267,1958,sitting,0.7522,1.1363,-0.0013,2.7789,1.1376,0.4094,1.11,0.9288,0.5756,0.5185,0.0781,0.6649,0.5081,0.5344,0.3532,0.0571,0.4404,85.5379,115.1591,15.5292,1.7768
65.3,1959,sitting,0.7516,1.1356,-0.0017,2.7756,1.1373,0.4098,1.1095,0.9283,0.575,0.5176,0.078,0.6622,0.5049,0.5345,0.3533,0.0573,0.4396,85.6213,115.2252,15.5722,1.7758
65.333,1960,sitting,0.751,1.1346,-0.0032,2.7725,1.1378,0.4104,1.1087,0.928,0.5739,0.5156,0.078,0.6607,0.5032,0.5348,0.3541,0.0583,0.4377,85.827,115.5467,15.7541,1.776
65.367,1961,sitting,0.7502,1.1326,-0.0046,2.7658,1.1372,0.4112,1.1071,0.9275,0.5728,0.5136,0.0779,0.6596,0.5025,0.5343,0.3547,0.0592,0.4357,86.0946,115.7455,15.8279,1.7728
65.4,1962,sitting,0.7498,1.1311,-0.0053,2.76,1.1364,0.4118,1.1061,0.9276,0.5719,0.5123,0.0778,0.6593,0.5029,0.5342,0.3556,0.0597,0.4344,86.1175,115.6892,15.7362,1.7699
65.433,1963,sitting,0.7496,1.1312,-0.0067,2.7617,1.138,0.4121,1.1064,0.9278,0.5715,0.5115,0.0778,0.6584,0.5008,0.535,0.3563,0.06,0.4337,86.2953,115.6437,15.661,1.7706
65.467,1964,sitting,0.7495,1.1316,-0.0084,2.7649,1.14,0.4123,1.1067,0.9279,0.5711,0.5107,0.0777,0.6583,0.5004,0.5356,0.3568,0.0605,0.433,86.5232,115.5827,15.5298,1.7742
65.5,1965,sitting,0.7487,1.1319,-0.0096,2.7675,1.1415,0.4125,1.107,0.9277,0.5697,0.5097,0.0776,0.6564,0.4971,0.5373,0.358,0.06,0.4321,86.5904,115.4565,15.4524,1.7764
65.533,1966,sitting,0.7476,1.1313,-0.0105,2.7665,1.1418,0.4127,1.1068,0.9271,0.5682,0.5071,0.0776,0.6547,0.4932,0.5386,0.3589,0.0611,0.4295,86.9068,115.5878,15.4472,1.7771
65.567,1967,sitting,0.7467,1.131,-0.0118,2.7669,1.1428,0.413,1.1063,0.9264,0.5671,0.5046,0.0775,0.6532,0.4896,0.5392,0.3593,0.0625,0.4271,87.0784,115.5858,15.2747,1.7788
65.6,1968,sitting,0.746,1.13,-0.0129,2.7646,1.1429,0.4134,1.1055,0.9261,0.5659,0.5032,0.0774,0.6531,0.4885,0.5395,0.3602,0.0627,0.4258,87.2624,115.1842,14.8542,1.7834
65.633,1969,sitting,0.745,1.1307,-0.0138,2.7691,1.1445,0.4133,1.1058,0.9255,0.5646,0.5028,0.0774,0.6526,0.4872,0.5412,0.3609,0.0617,0.4254,87.1517,114.6037,14.413,1.7883
65.667,1970,sitting,0.7433,1.1303,-0.0146,2.7691,1.1449,0.4135,1.1054,0.924,0.5626,0.5019,0.0773,0.6506,0.4845,0.5428,0.3614,0.0607,0.4245,87.0461,114.1801,14.1241,1.7894
65.7,1971,sitting,0.7422,1.1293,-0.0152,2.7656,1.1445,0.4138,1.1044,0.9235,0.5609,0.5009,0.0773,0.6511,0.4843,0.5435,0.3626,0.06,0.4236,86.9621,113.7465,13.7994,1.7911
65.733,1972,sitting,0.7404,1.1281,-0.0161,2.7622,1.1442,0.4142,1.1033,0.9223,0.5585,0.5004,0.0772,0.6495,0.4818,0.5448,0.3639,0.0581,0.4231,86.6782,113.3077,13.5977,1.7905
65.767,1973,sitting,0.7396,1.1268,-0.0168,2.7577,1.1436,0.4147,1.1021,0.9217,0.5574,0.4999,0.0772,0.6478,0.4765,0.5447,0.3643,0.0575,0.4227,86.7071,113.228,13.5559,1.7915
65.8,1974,sitting,0.7386,1.1239,-0.018,2.7474,1.1419,0.4156,1.0995,0.9214,0.5558,0.4998,0.0771,0.6467,0.4735,0.5437,0.3657,0.056,0.4227,86.5328,112.8351,13.3453,1.7917
65.833,1975,sitting,0.7377,1.1216,-0.0188,2.7392,1.1405,0.4163,1.0972,0.9213,0.554,0.4994,0.077,0.6462,0.4693,0.5432,0.3673,0.0547,0.4223,86.4331,112.6491,13.2762,1.7936
65.867,1976,sitting,0.7374,1.121,-0.0193,2.7376,1.1403,0.4165,1.0964,0.9213,0.5536,0.499,0.077,0.647,0.4679,0.5428,0.3677,0.0546,0.422,86.3899,112.6082,13.1734,1.7984
65.9,1977,sitting,0.7376,1.1199,-0.0202,2.7342,1.1401,0.417,1.0954,0.9217,0.5536,0.4989,0.0769,0.6485,0.468,0.5419,0.3682,0.0547,0.422,86.3766,112.3639,12.8999,1.8023
65.933,1978,sitting,0.7376,1.1184,-0.0197,2.7268,1.1382,0.4174,1.0941,0.9223,0.553,0.4993,0.077,0.6501,0.4677,0.5411,0.3693,0.0537,0.4224,86.2777,112.1571,12.7674,1.7991
65.967,1979,sitting,0.7372,1.1176,-0.0197,2.7228,1.1373,0.4177,1.0934,0.9225,0.5519,0.5,0.077,0.6507,0.4655,0.5415,0.3705,0.052,0.423,86.1324,111.9712,12.7671,1.7958
66.0,1980,sitting,0.7369,1.1157,-0.0202,2.7154,1.1359,0.4183,1.0917,0.9222,0.5515,0.4991,0.0769,0.6502,0.4607,0.5402,0.3708,0.0523,0.4222,86.1235,112.0649,12.7828,1.7917
66.033,1981,sitting,0.7373,1.1135,-0.0201,2.7049,1.1336,0.4191,1.0902,0.9225,0.5521,0.4996,0.0769,0.6499,0.4552,0.5381,0.3704,0.0525,0.4227,86.1479,112.039,12.7156,1.7871
66.067,1982,sitting,0.7368,1.112,-0.0198,2.6982,1.1318,0.4195,1.0888,0.922,0.5516,0.4995,0.077,0.6492,0.4513,0.5373,0.3704,0.0521,0.4226,86.0961,111.9081,12.6276,1.7857
66.1,1983,sitting,0.7362,1.1118,-0.0198,2.6978,1.1316,0.4195,1.0887,0.9214,0.551,0.4997,0.077,0.6485,0.2685,0.5377,0.3704,0.0513,0.4227,86.0924,111.7491,12.5337,1.7859
66.133,1984,sitting,0.7364,1.1113,-0.02,2.6956,1.1312,0.4197,1.088,0.9214,0.5514,0.5001,0.077,0.6495,0.4499,0.5366,0.3699,0.0513,0.4231,86.1215,111.7449,12.4787,1.7842
66.167,1985,sitting,0.7358,1.1106,-0.0197,2.6926,1.1304,0.4198,1.0873,0.9209,0.5507,0.4999,0.077,0.65,0.4502,0.5366,0.3702,0.0508,0.4229,85.9934,111.6044,12.3912,1.7818
66.2,1986,sitting,0.7356,1.1094,-0.0189,2.6863,1.1284,0.4201,1.0863,0.9211,0.55,0.5,0.077,0.6499,0.4487,0.5363,0.3711,0.05,0.423,85.7994,111.403,12.2706,1.7778
66.233,1987,sitting,0.7356,1.109,-0.0182,2.6831,1.1272,0.4201,1.0859,0.9213,0.5499,0.4995,0.0771,0.6505,0.4489,0.5359,0.3713,0.0505,0.4224,85.8026,111.2963,12.0767,1.7747
66.267,1988,sitting,0.7349,1.108,-0.0179,2.6786,1.1259,0.4203,1.0851,0.9207,0.5492,0.4991,0.0771,0.6487,0.445,0.5359,0.3715,0.0501,0.422,85.6566,111.0759,11.9085,1.7709
66.3,1989,sitting,0.735,1.1073,-0.0179,2.6754,1.1252,0.4206,1.0846,0.9208,0.5492,0.4989,0.0771,0.6487,0.4443,0.5353,0.3715,0.0504,0.4218,85.5725,111.0431,11.8407,1.7684
66.333,1990,sitting,0.7352,1.1058,-0.0181,2.669,1.1239,0.4211,1.0832,0.9211,0.5493,0.4985,0.0771,0.6484,0.4431,0.5339,0.3718,0.0508,0.4214,85.6263,110.9941,11.7256,1.7647
66.367,1991,sitting,0.7354,1.1052,-0.0185,2.6669,1.1237,0.4214,1.0827,0.9216,0.5491,0.4982,0.0771,0.6485,0.4432,0.5336,0.3724,0.051,0.4211,85.6694,110.8411,11.5582,1.7644
66.4,1992,sitting,0.7349,1.1061,-0.0175,2.6696,1.1236,0.4209,1.0834,0.9212,0.5486,0.4975,0.0771,0.6483,0.4424,0.5349,0.3727,0.0511,0.4203,85.5239,110.688,11.3933,1.765
66.433,1993,sitting,0.7349,1.1072,-0.0168,2.6727,1.1239,0.4205,1.0844,0.9212,0.5486,0.4977,0.0772,0.6469,0.4384,0.5357,0.3725,0.051,0.4205,85.3641,110.4326,11.1679,1.7668
66.467,1994,sitting,0.7354,1.107,-0.0161,2.6711,1.1231,0.4205,1.0842,0.9216,0.5491,0.4974,0.0772,0.6475,0.4396,0.535,0.3725,0.0517,0.4202,85.3825,110.2848,10.9246,1.766
66.5,1995,sitting,0.7357,1.1064,-0.0161,2.6689,1.1224,0.4206,1.0836,0.922,0.5494,0.4967,0.0772,0.6481,0.4404,0.5342,0.3727,0.0527,0.4195,85.5545,110.2907,10.7839,1.7658
66.533,1996,sitting,0.7357,1.105,-0.0161,2.6635,1.1211,0.4209,1.0823,0.9224,0.5489,0.4966,0.0772,0.6474,0.4395,0.5334,0.3735,0.0523,0.4194,85.5457,110.1185,10.6632,1.7637
66.567,1997,sitting,0.7359,1.1041,-0.0161,2.6599,1.1202,0.4211,1.0816,0.9229,0.5488,0.4967,0.0772,0.6465,0.4375,0.5328,0.3741,0.0521,0.4195,85.6084,110.0244,10.5777,1.763
66.6,1998,sitting,0.7357,1.1049,-0.0165,2.664,1.1214,0.4209,1.0823,0.9229,0.5486,0.497,0.0772,0.647,0.4378,0.5337,0.3743,0.0516,0.4199,85.5537,109.7672,10.3797,1.7644
66.633,1999,sitting,0.7359,1.1049,-0.0163,2.6639,1.1213,0.4209,1.0823,0.9234,0.5484,0.4974,0.0772,0.6475,0.4382,0.5339,0.375,0.0509,0.4202,85.4837,109.5865,10.2565,1.7635
66.667,2000,sitting,0.7363,1.1049,-0.0158,2.6622,1.1207,0.421,1.0822,0.9241,0.5485,0.4977,0.0772,0.6472,0.4371,0.5337,0.3756,0.0507,0.4205,85.4242,109.5152,10.1817,1.7629
66.7,2001,sitting,0.7368,1.1051,-0.0149,2.661,1.12,0.4209,1.0824,0.925,0.5486,0.4987,0.0773,0.6476,0.4373,0.5338,0.3765,0.0499,0.4214,85.2453,109.2555,10.013,1.7629
66.733,2002,sitting,0.7367,1.1049,-0.0147,2.6599,1.1197,0.4209,1.0823,0.9251,0.5484,0.4988,0.0773,0.6481,0.4377,0.5339,0.3767,0.0496,0.4215,85.0925,108.9841,9.7882,1.763
66.767,2003,sitting,0.7362,1.0892,-0.0146,2.5927,1.1038,0.4257,1.0738,0.9247,0.5478,0.4992,0.0773,0.6473,0.4364,0.5261,0.377,0.0486,0.4219,84.9291,108.6859,9.6095,1.7345
66.8,2004,sitting,0.7363,1.0893,-0.0135,2.5913,1.1028,0.4256,1.0739,0.9243,0.5484,0.499,0.0773,0.6477,0.2646,0.5255,0.3759,0.0494,0.4217,84.9983,108.4528,9.2823,1.7414
66.833,2005,sitting,0.7359,1.0891,-0.0142,2.5915,1.1033,0.4258,1.0734,0.9241,0.5476,0.4971,0.0773,0.6485,0.263,0.5258,0.3765,0.0505,0.4198,85.1121,108.6941,9.3079,1.7436
66.867,2006,sitting,0.7358,1.0899,-0.0146,2.5953,1.1045,0.4256,1.0739,0.9241,0.5475,0.4956,0.0773,0.6487,0.2616,0.5265,0.3766,0.0519,0.4183,85.2665,108.7835,9.1847,1.7478
66.9,2007,sitting,0.7363,1.0898,-0.0144,2.594,1.1042,0.4257,1.0738,0.9246,0.5481,0.4938,0.0773,0.6486,0.2608,0.5257,0.3765,0.0542,0.4165,85.4289,109.0417,9.1009,1.7488
66.933,2008,sitting,0.7369,1.0898,-0.0135,2.5922,1.1033,0.4256,1.074,0.9248,0.5491,0.4925,0.0774,0.6491,0.2612,0.5249,0.3757,0.0565,0.4152,85.5237,109.0517,8.8161,1.7518
66.967,2009,sitting,0.7366,1.0897,-0.014,2.5929,1.1037,0.4257,1.0738,0.9245,0.5488,0.4904,0.0773,0.6489,0.2588,0.5251,0.3757,0.0584,0.413,85.7711,109.4857,8.9426,1.7517
67.0,2010,sitting,0.7374,1.089,-0.0135,2.589,1.1026,0.4259,1.0737,0.9248,0.55,0.4903,0.0774,0.6498,0.2594,0.5237,0.3748,0.0597,0.4129,85.8869,109.5415,8.822,1.7531
67.033,2011,sitting,0.7373,1.0895,-0.0139,2.5917,1.1034,0.4257,1.0741,0.9248,0.5498,0.489,0.0774,0.6492,0.4357,0.5243,0.375,0.0608,0.4117,85.8834,109.9918,9.0756,1.7496
67.067,2012,sitting,0.7381,1.0907,-0.0143,2.5967,1.1049,0.4255,1.0754,0.9256,0.5506,0.4884,0.0773,0.6484,0.4322,0.5248,0.375,0.0622,0.411,85.9659,110.2284,9.0878,1.7488
67.1,2013,sitting,0.7393,1.092,-0.0131,2.5994,1.1051,0.4251,1.077,0.9266,0.552,0.4894,0.0774,0.6479,0.2587,0.525,0.3746,0.0625,0.412,86.0017,110.2122,9.0482,1.7525
67.133,2014,sitting,0.739,1.0929,-0.0134,2.6042,1.1063,0.4248,1.0777,0.9268,0.5513,0.4877,0.0774,0.6469,0.4262,0.5265,0.3755,0.0636,0.4103,86.0414,110.5495,9.2339,1.7505
67.167,2015,sitting,0.7394,1.0967,-0.0121,2.618,1.1088,0.4235,1.081,0.9273,0.5515,0.4877,0.0775,0.6473,0.4239,0.5295,0.3759,0.0637,0.4102,86.0007,110.517,9.1934,1.7547
67.2,2016,sitting,0.74,1.0991,-0.0091,2.6235,1.1082,0.4224,1.0832,0.9278,0.5522,0.4887,0.0777,0.6479,0.2605,0.531,0.3755,0.0636,0.411,85.6754,110.7049,9.422,1.7521
67.233,2017,sitting,0.7398,1.0997,-0.0075,2.624,1.1071,0.4219,1.084,0.928,0.5517,0.4884,0.0778,0.6489,0.2617,0.5323,0.3763,0.0633,0.4106,85.6118,111.0044,9.7497,1.7478
67.267,2018,sitting,0.7392,1.1021,-0.0051,2.6311,1.1071,0.4208,1.0863,0.9274,0.5511,0.4878,0.0779,0.6479,0.2634,0.5351,0.3762,0.0633,0.4098,85.3223,111.4783,10.2346,1.7437
67.3,2019,sitting,0.7385,1.1037,-0.0037,2.6367,1.1074,0.42,1.0881,0.9265,0.5504,0.4874,0.078,0.6463,0.4253,0.5376,0.376,0.0631,0.4093,85.1783,112.1449,10.9618,1.7396
67.333,2020,sitting,0.7378,1.1039,-0.0038,2.6395,1.1077,0.4197,1.0888,0.9262,0.5495,0.487,0.078,0.646,0.428,0.5393,0.3767,0.0625,0.409,85.029,112.8432,11.7577,1.7227
67.367,2021,sitting,0.7379,1.1047,-0.0035,2.6433,1.1082,0.4192,1.0897,0.9263,0.5496,0.4885,0.078,0.6464,0.4313,0.5401,0.3767,0.0611,0.4105,84.7925,113.4696,12.6173,1.7039
67.4,2022,sitting,0.7387,1.1051,-0.0026,2.644,1.1077,0.4189,1.0903,0.9269,0.5504,0.4907,0.0781,0.6465,0.4356,0.5398,0.3765,0.0597,0.4126,84.5645,114.1741,13.5363,1.6815
67.433,2023,sitting,0.7392,1.105,-0.002,2.6436,1.107,0.4187,1.0902,0.927,0.5513,0.4924,0.0781,0.6467,0.4399,0.5389,0.3757,0.059,0.4143,84.2959,115.1952,14.6858,1.6581
67.467,2024,sitting,0.7398,1.1039,-0.0019,2.6398,1.1058,0.4189,1.0895,0.9274,0.5521,0.4947,0.0781,0.6477,0.453,0.5374,0.3753,0.0574,0.4166,83.8237,115.6814,15.477,1.636
67.5,2025,sitting,0.7418,1.1033,-0.0015,2.638,1.1048,0.4188,1.0892,0.9282,0.5553,0.4962,0.0781,0.6512,0.4756,0.5339,0.3729,0.0591,0.418,83.9482,116.7184,16.3581,1.6154
67.533,2026,sitting,0.7441,1.1026,-0.0011,2.6345,1.1038,0.419,1.0888,0.9291,0.559,0.4991,0.0782,0.6549,0.4974,0.5298,0.3701,0.0599,0.4209,83.8819,117.7892,17.3993,1.5928
67.567,2027,sitting,0.7469,1.1037,-0.0008,2.6381,1.1045,0.4187,1.0897,0.9305,0.5634,0.5038,0.0782,0.6596,0.5156,0.5263,0.3671,0.0595,0.4257,83.6424,118.4355,18.1851,1.5702
67.6,2028,sitting,0.7477,1.1027,-0.0005,2.635,1.1032,0.4187,1.0888,0.9298,0.5655,0.5072,0.0782,0.6597,0.5193,0.5233,0.3643,0.0583,0.429,83.4811,118.7979,18.8032,1.5417
67.633,2029,sitting,0.7498,1.1012,-0.0001,2.6289,1.1013,0.4189,1.0876,0.9304,0.5691,0.5105,0.0781,0.6616,0.5289,0.5185,0.3613,0.0586,0.4324,83.5298,119.1873,19.2803,1.5116
67.667,2030,sitting,0.7516,1.1,0.0003,2.6243,1.0997,0.419,1.0867,0.9315,0.5718,0.5135,0.0782,0.6633,0.5356,0.5149,0.3597,0.0583,0.4354,83.6909,119.3332,19.5974,1.4827
67.7,2031,sitting,0.7519,1.0993,0.0005,2.6218,1.0988,0.4191,1.086,0.9317,0.5721,0.517,0.0782,0.6654,0.5415,0.5139,0.3596,0.0551,0.4388,83.568,119.1824,19.9681,1.4557
67.733,2032,sitting,0.753,1.0987,0.0009,2.6192,1.0979,0.4192,1.0857,0.9325,0.5734,0.5205,0.0782,0.6681,0.5495,0.5122,0.359,0.0529,0.4423,83.8213,119.2025,20.3479,1.4301
67.767,2033,sitting,0.7552,1.0975,0.0012,2.6139,1.0963,0.4194,1.0847,0.9347,0.5756,0.5234,0.0782,0.6705,0.5568,0.5091,0.3591,0.0522,0.4452,84.1128,119.0112,20.3613,1.4109
67.8,2034,sitting,0.7563,1.0955,0.0015,2.6069,1.094,0.4197,1.0832,0.9363,0.5762,0.5269,0.0782,0.6733,0.5619,0.5069,0.3601,0.0493,0.4487,84.412,118.6817,20.4734,1.3915
67.833,2035,sitting,0.7567,1.0923,0.0034,2.5925,1.089,0.4201,1.0804,0.936,0.5775,0.529,0.0784,0.6746,0.5596,0.503,0.3585,0.0484,0.4507,84.7101,119.423,21.3426,1.3671
67.867,2036,sitting,0.7557,1.0882,0.0024,2.5794,1.0858,0.421,1.0769,0.9353,0.5762,0.5299,0.0783,0.6735,0.5555,0.5007,0.3591,0.0463,0.4516,85.2069,119.0754,21.3533,1.3554
67.9,2037,sitting,0.7545,1.0846,0.004,2.5651,1.0807,0.4213,1.0737,0.9339,0.5752,0.5306,0.0784,0.671,0.5459,0.4985,0.3586,0.0446,0.4522,85.3009,119.1841,21.7267,1.3365
67.933,2038,sitting,0.7521,1.0807,0.0058,2.5496,1.0749,0.4216,1.07,0.9311,0.5731,0.5307,0.0785,0.668,0.5351,0.4969,0.358,0.0423,0.4522,85.132,119.0705,21.9429,1.3209
67.967,2039,sitting,0.7508,1.0768,0.0052,2.5345,1.0716,0.4228,1.0663,0.9292,0.5724,0.5331,0.0785,0.669,0.5291,0.4939,0.3568,0.0393,0.4546,84.8171,119.1489,22.4133,1.311
68.0,2040,sitting,0.7459,1.0685,0.0071,2.5037,1.0615,0.424,1.0587,0.9233,0.5685,0.5305,0.0787,0.6633,0.5194,0.4901,0.3548,0.038,0.4519,84.5472,119.134,22.5506,1.2938
68.033,2041,sitting,0.7444,1.0619,0.0057,2.4815,1.0562,0.4256,1.0494,0.9208,0.5681,0.5295,0.0787,0.6629,0.5176,0.4813,0.3527,0.0385,0.4509,84.5709,119.3498,22.6874,1.286
68.067,2042,sitting,0.7426,1.0567,0.0057,2.4632,1.051,0.4267,1.0406,0.918,0.5673,0.528,0.0787,0.6624,0.5174,0.4733,0.3507,0.0392,0.4493,84.581,119.5931,22.7789,1.282
68.1,2043,sitting,0.7396,1.0511,0.0062,2.4439,1.0449,0.4275,1.032,0.9147,0.5644,0.5242,0.0788,0.6597,0.5142,0.4676,0.3504,0.0402,0.4454,85.0019,119.5123,22.4853,1.2817
68.133,2044,sitting,0.738,1.0446,0.0068,2.4199,1.0378,0.4289,1.0236,0.9129,0.5632,0.5212,0.0788,0.6594,0.5179,0.4604,0.3497,0.042,0.4424,85.5139,119.6325,22.2583,1.2819
68.167,2045,sitting,0.7369,1.038,0.0039,2.3996,1.034,0.4309,1.0153,0.9119,0.5619,0.5175,0.0787,0.6597,0.5176,0.4534,0.3499,0.0444,0.4388,85.5497,119.2232,21.486,1.2863
68.2,2046,sitting,0.7367,1.0325,0.0027,2.3806,1.0299,0.4326,1.0075,0.9116,0.5617,0.5132,0.0786,0.6616,0.5203,0.4458,0.3499,0.0486,0.4346,85.4462,118.6326,20.2391,1.2923
68.233,2047,sitting,0.7362,1.0271,-0.0001,2.3635,1.0272,0.4346,0.9984,0.9106,0.5617,0.5079,0.0784,0.6649,0.522,0.4367,0.3488,0.0538,0.4295,85.0791,118.1049,18.9024,1.2956
68.267,2048,sitting,0.7365,1.0229,-0.0022,2.3495,1.0251,0.4363,0.9865,0.9104,0.5626,0.5012,0.0782,0.6719,0.5266,0.4239,0.3478,0.0614,0.423,84.9818,117.2538,16.9046,1.3003
68.3,2049,sitting,0.7357,1.0172,-0.0038,2.3298,1.021,0.4382,0.9738,0.9094,0.562,0.4944,0.0781,0.6783,0.5258,0.4118,0.3474,0.0676,0.4163,84.9221,115.4725,14.1605,1.3019
68.333,2050,sitting,0.7357,1.0094,-0.0041,2.2993,1.0135,0.4408,0.9657,0.9096,0.5618,0.4886,0.078,0.6855,0.5225,0.4039,0.3478,0.0732,0.4107,84.6709,113.5511,11.3488,1.3052
68.367,2051,sitting,0.7369,1.0015,0.0002,2.2612,1.0013,0.4428,0.9543,0.9118,0.5619,0.4833,0.0782,0.6948,0.5198,0.3924,0.3499,0.0786,0.4051,84.1914,110.7573,7.678,1.3096
68.4,2052,sitting,0.7391,0.9903,-0.0018,2.2242,0.9922,0.4461,0.9383,0.9149,0.5632,0.4748,0.078,0.716,0.532,0.3751,0.3516,0.0885,0.3968,85.1202,108.5445,4.0824,1.3246
68.433,2053,sitting,0.7396,0.9796,-0.0019,2.1861,0.9815,0.449,0.9244,0.9173,0.5619,0.4675,0.078,0.7326,0.3102,0.3624,0.3554,0.0944,0.3895,85.5008,106.1996,0.7339,1.3347
68.467,2054,sitting,0.7412,0.9891,-0.0017,2.221,0.9908,0.4461,0.9104,0.9205,0.5619,0.4625,0.078,0.7478,0.3038,0.3485,0.3586,0.0993,0.3846,85.5924,103.9175,2.4346,1.3767
68.5,2055,sitting,0.7443,1.0009,0.0035,2.2535,0.9974,0.4426,0.8984,0.9251,0.5635,0.4614,0.0783,0.7685,0.5589,0.3349,0.3616,0.1021,0.3831,85.4542,101.7167,5.3278,1.4151
68.533,2056,sitting,0.7424,1.0053,0.0034,2.2716,1.0019,0.441,0.8823,0.9246,0.5603,0.4566,0.0782,0.7694,0.5642,0.322,0.3644,0.1037,0.3783,84.8105,99.6993,7.8367,1.4435
68.567,2057,sitting,0.7438,1.0055,0.0089,2.2603,0.9967,0.4409,0.8742,0.9238,0.5639,0.4551,0.0786,0.7674,0.5588,0.3103,0.3599,0.1088,0.3766,84.9304,96.9976,11.6597,1.462
68.6,2058,sitting,0.7404,1.0025,0.0079,2.2529,0.9946,0.4415,0.865,0.9209,0.56,0.4502,0.0785,0.7582,0.5519,0.3051,0.361,0.1098,0.3716,84.4072,94.4065,14.5203,1.4824
68.633,2059,sitting,0.7376,0.9998,0.0076,2.2453,0.9922,0.4419,0.8559,0.9181,0.5571,0.4455,0.0785,0.7553,0.5459,0.2988,0.361,0.1116,0.367,83.8068,91.9583,17.0797,1.5019
68.667,2060,sitting,0.7347,0.9999,0.011,2.2412,0.9889,0.4412,0.8391,0.9136,0.5558,0.4446,0.0787,0.7556,0.5413,0.2833,0.3577,0.1113,0.3659,83.3834,89.0006,20.2694,1.5131
68.7,2061,sitting,0.736,1.0039,0.0133,2.2526,0.9906,0.4398,0.8274,0.9137,0.5583,0.4461,0.0788,0.7563,0.5357,0.2691,0.3554,0.1122,0.3672,83.2299,86.5353,22.9259,1.5392
68.733,2062,sitting,0.7364,1.0048,0.0143,2.2546,0.9904,0.4393,0.8197,0.9127,0.5601,0.447,0.0789,0.7492,0.5203,0.2596,0.3527,0.113,0.3681,83.1668,85.1194,24.4864,1.5711
68.767,2063,sitting,0.7381,1.001,0.0117,2.2449,0.9893,0.4407,0.8095,0.9095,0.5667,0.4471,0.0788,0.7412,0.2935,0.2428,0.3428,0.1197,0.3683,84.397,83.7943,26.6228,1.6047
68.8,2064,sitting,0.7407,0.9939,0.0126,2.2169,0.9813,0.4426,0.8011,0.9044,0.577,0.4482,0.0788,0.7383,0.5039,0.2241,0.3274,0.1289,0.3694,85.9085,82.0085,29.6906,1.637
68.833,2065,sitting,0.7453,0.9838,0.013,2.1784,0.9708,0.4457,0.7955,0.8985,0.5921,0.4501,0.0789,0.7326,0.4958,0.2034,0.3064,0.142,0.3712,88.0429,80.1494,33.1683,1.6524
68.867,2066,sitting,0.7508,0.9707,0.0139,2.1295,0.9567,0.4493,0.7929,0.8928,0.6089,0.4518,0.0789,0.7228,0.4826,0.1841,0.2839,0.1571,0.3729,90.3252,77.9759,37.2394,1.6335
68.9,2067,sitting,0.7574,0.9589,0.0139,2.0875,0.945,0.4527,0.7903,0.8882,0.6267,0.4535,0.0789,0.7147,0.4697,0.1636,0.2615,0.1732,0.3745,93.2168,75.7146,41.5431,1.6091
68.933,2068,sitting,0.7636,0.9481,0.0139,2.05,0.9342,0.4557,0.7848,0.884,0.6433,0.457,0.079,0.7068,0.4571,0.1415,0.2406,0.1863,0.378,95.822,72.8519,45.9092,1.5796
68.967,2069,sitting,0.7696,0.9409,0.0141,2.0252,0.9269,0.4577,0.7781,0.8808,0.6583,0.4602,0.079,0.7021,0.4464,0.1198,0.2224,0.1981,0.3812,98.8227,70.4679,49.7856,1.5599
69.0,2070,sitting,0.7745,0.935,0.0138,2.0055,0.9211,0.4593,0.7688,0.8765,0.6725,0.4643,0.079,0.698,0.4386,0.0962,0.204,0.2082,0.3853,101.7694,67.8376,53.6622,1.5405
69.033,2071,,0.78,0.9299,0.0146,1.9871,0.9152,0.4606,0.7596,0.873,0.687,0.4694,0.079,0.6953,0.4333,0.0725,0.1859,0.2176,0.3905,104.906,65.4647,57.3307,1.5223
69.067,2072,,0.7823,0.9225,0.0158,1.9606,0.9068,0.4625,0.7459,0.8681,0.6964,0.4759,0.079,0.6942,0.4317,0.0495,0.1717,0.2205,0.3969,107.7951,63.1169,60.3348,1.4387
69.1,2073,,0.7825,0.9172,0.0172,1.9389,0.9,0.4642,0.7501,0.865,0.7,0.4836,0.079,0.6941,0.4325,0.0501,0.165,0.2164,0.4046,109.8674,61.7717,61.6761,1.4855
69.133,2074,,0.7828,0.913,0.0178,1.9234,0.8953,0.4655,0.7438,0.8641,0.7016,0.4891,0.079,0.6925,0.4254,0.0422,0.1625,0.2125,0.4101,112.0206,61.3946,62.1127,1.4699
69.167,2075,,0.7848,0.9129,0.0187,1.9205,0.8942,0.4656,0.7383,0.8647,0.7049,0.4926,0.079,0.6943,0.4257,0.0335,0.1599,0.2123,0.4136,114.0521,61.7332,62.304,1.4782
69.2,2076,,0.7847,0.9066,0.0183,1.9001,0.8883,0.4675,0.736,0.8618,0.7075,0.4969,0.079,0.6933,0.4271,0.0285,0.1543,0.2106,0.418,115.606,61.0619,63.2216,1.4749
69.233,2077,,0.7845,0.9029,0.0181,1.8885,0.8848,0.4685,0.7323,0.8618,0.7072,0.498,0.0789,0.6916,0.4268,0.0252,0.1546,0.2092,0.419,117.1402,61.9821,62.8066,1.5036
69.267,2078,,0.7855,0.9025,0.0177,1.8882,0.8848,0.4686,0.7211,0.8621,0.7088,0.4992,0.0789,0.6944,0.4294,0.0122,0.1533,0.2096,0.4204,118.5126,63.0092,62.3603,1.4746
69.3,2079,,0.7831,0.9024,0.017,1.8901,0.8854,0.4685,0.7277,0.8616,0.7045,0.4992,0.0788,0.6954,0.429,0.0231,0.1571,0.2053,0.4204,118.9392,64.443,60.7893,1.6191
69.333,2080,,0.782,0.9029,0.0172,1.8914,0.8857,0.4683,0.7248,0.8611,0.7028,0.4981,0.0788,0.6985,0.2732,0.0219,0.1582,0.2047,0.4193,120.6998,66.4278,59.4983,1.6314
69.367,2081,,0.8287,0.9506,0.0049,2.0367,0.9458,0.4644,0.6933,0.9036,0.7538,0.5302,0.0783,0.7502,0.4747,-0.0604,0.1499,0.2236,0.4519,128.4165,75.4011,54.7452,1.7421
69.4,2082,,0.8262,0.9515,0.0037,2.0414,0.9477,0.4642,0.6949,0.9038,0.7486,0.5302,0.0782,0.7496,0.4756,-0.0537,0.1552,0.2184,0.452,128.4363,77.454,52.5792,1.7395
69.433,2083,,0.7771,0.907,0.0145,1.9072,0.8925,0.468,0.7301,0.8659,0.6883,0.4993,0.0787,0.7007,0.4509,0.0418,0.1776,0.189,0.4206,123.4941,78.5905,47.1964,1.6367
69.467,2084,,0.7789,0.9201,0.0138,1.951,0.9064,0.4646,0.7389,0.8781,0.6797,0.501,0.0786,0.7098,0.2883,0.0592,0.1984,0.1787,0.4224,122.3704,85.4074,38.7673,1.6365
69.5,2085,,0.7783,0.9302,0.0102,1.9923,0.9199,0.4617,0.7535,0.8859,0.6706,0.4984,0.0784,0.7175,0.4834,0.0829,0.2153,0.1722,0.42,122.8107,93.8032,29.8668,1.6253
69.533,2086,,0.7809,0.9368,0.0106,2.0153,0.9261,0.4595,0.7695,0.8954,0.6665,0.5006,0.0785,0.7132,0.4782,0.103,0.2289,0.1659,0.4222,123.4792,99.1373,23.5855,1.6082
69.567,2087,,0.7791,0.9396,0.0083,2.0327,0.9313,0.4582,0.7773,0.8986,0.6596,0.4997,0.0783,0.7125,0.4913,0.1177,0.239,0.1599,0.4213,124.5599,103.9969,17.5151,1.5912
69.6,2088,,0.7831,0.9582,0.0053,2.1066,0.953,0.4524,0.7988,0.9103,0.6559,0.5034,0.0781,0.72,0.5119,0.143,0.2544,0.1525,0.4253,125.2771,109.9577,10.3094,1.6116
69.633,2089,,0.7894,0.9811,0.0025,2.1982,0.9786,0.4452,0.8294,0.925,0.6537,0.5075,0.078,0.7289,0.5304,0.1758,0.2714,0.1462,0.4295,125.5795,114.9567,4.3772,1.6294
69.667,2090,,0.7903,0.9757,0.003,2.1795,0.9727,0.4463,0.8649,0.9276,0.6531,0.5161,0.078,0.7194,0.5422,0.2118,0.2746,0.1369,0.4382,124.4641,114.6803,2.8137,1.5889
69.7,2091,,0.7946,0.9778,0.0041,2.1872,0.9737,0.4452,0.8999,0.9357,0.6535,0.5242,0.078,0.7222,0.5493,0.2464,0.2822,0.1293,0.4462,123.1196,114.682,0.812,1.5706
69.733,2092,,0.7997,0.9876,0.0049,2.2242,0.9827,0.4418,0.9309,0.9437,0.6557,0.5305,0.0781,0.7277,0.547,0.2752,0.288,0.1252,0.4524,122.6036,114.8371,0.8543,1.5712
69.767,2093,,0.8058,1.0138,0.0064,2.3199,1.0073,0.4342,0.9593,0.9529,0.6586,0.5367,0.0781,0.7344,0.5497,0.3007,0.2943,0.1219,0.4586,121.9056,113.8798,1.474,1.604
69.8,2094,,0.8132,1.0374,0.0065,2.4098,1.0309,0.4278,0.9831,0.965,0.6613,0.5395,0.0781,0.741,0.5563,0.3218,0.3037,0.1219,0.4613,121.4369,111.8252,0.6932,1.6459
69.833,2095,,0.8196,1.0604,0.0061,2.5007,1.0544,0.4216,1.0073,0.9758,0.6633,0.5414,0.0781,0.7436,0.5607,0.3439,0.3125,0.1219,0.4633,121.5089,110.7351,0.525,1.6877
69.867,2096,,0.8291,1.0799,0.0059,2.5759,1.074,0.4169,1.0308,0.9884,0.6698,0.544,0.0781,0.7503,0.569,0.3609,0.3185,0.1259,0.4659,122.3606,111.4299,1.1338,1.7212
69.9,2097,,0.8379,1.0947,0.0058,2.6326,1.0889,0.4136,1.051,0.9984,0.6774,0.547,0.0781,0.7558,0.5814,0.3736,0.321,0.1304,0.4689,123.0641,112.1487,1.5331,1.7444
69.933,2098,,0.8446,1.1092,0.0062,2.6896,1.103,0.4101,1.0692,1.0072,0.682,0.5493,0.0781,0.7603,0.5917,0.3872,0.3251,0.1327,0.4712,123.9211,113.9025,2.8808,1.7509
69.967,2099,,0.8495,1.1223,0.0079,2.7414,1.1144,0.4065,1.0843,1.0142,0.6848,0.5518,0.0781,0.7651,0.6002,0.3995,0.3294,0.133,0.4736,124.4677,114.8055,3.7169,1.7429
70.0,2100,in_bed,0.8529,1.1332,0.0095,2.7867,1.1237,0.4032,1.0971,1.0191,0.6866,0.5515,0.0782,0.7704,0.608,0.4104,0.3325,0.1352,0.4732,125.1266,116.1687,4.685,1.7256
70.033,2101,in_bed,0.8562,1.1422,0.0119,2.8208,1.1302,0.4007,1.1075,1.0231,0.6893,0.5515,0.0783,0.7787,0.6185,0.4182,0.3338,0.1378,0.4732,125.8809,117.4243,5.4729,1.6969
70.067,2102,in_bed,0.8596,1.1495,0.0127,2.8499,1.1369,0.3989,1.1161,1.0268,0.6924,0.5521,0.0784,0.7891,0.6269,0.4236,0.3344,0.1403,0.4737,126.3415,118.4296,6.0874,1.6554
70.1,2103,in_bed,0.8617,1.156,0.0137,2.8756,1.1423,0.3972,1.1233,1.0294,0.694,0.5526,0.0784,0.8016,0.6355,0.4293,0.3354,0.1414,0.4741,126.5902,118.9879,6.4684,1.6098
70.133,2104,in_bed,0.8621,1.1583,0.0139,2.885,1.1444,0.3967,1.1262,1.0305,0.6937,0.5518,0.0785,0.8159,0.6437,0.4325,0.3368,0.1418,0.4734,126.8889,120.1031,7.3164,1.5544
70.167,2105,in_bed,0.8612,1.1591,0.0141,2.8883,1.1451,0.3964,1.1272,1.0301,0.6922,0.5505,0.0785,0.8296,0.6515,0.435,0.3379,0.1418,0.472,127.2121,121.0823,8.167,1.5015
70.2,2106,in_bed,0.8612,1.1589,0.0143,2.887,1.1447,0.3965,1.1274,1.0305,0.692,0.5492,0.0785,0.8452,0.6586,0.4354,0.3386,0.1427,0.4707,127.4048,121.4602,8.404,1.4507
70.233,2107,in_bed,0.8604,1.1563,0.013,2.8789,1.1433,0.3971,1.126,1.031,0.6899,0.5479,0.0784,0.8598,0.667,0.4361,0.3411,0.142,0.4695,127.3724,121.4204,8.4021,1.4084
70.267,2108,in_bed,0.8602,1.1529,0.0127,2.8655,1.1402,0.3979,1.1239,1.0324,0.688,0.5471,0.0784,0.8737,0.6761,0.4359,0.3443,0.1409,0.4687,127.2003,121.0349,8.1841,1.3747
70.3,2109,in_bed,0.859,1.1497,0.0137,2.8491,1.1361,0.3988,1.1218,1.0325,0.6856,0.5486,0.0785,0.8836,0.6867,0.4362,0.347,0.137,0.4701,126.482,120.6383,8.5189,1.3454
70.333,2110,in_bed,0.8571,1.1463,0.0144,2.8325,1.1318,0.3996,1.1193,1.0321,0.6821,0.5495,0.0785,0.8879,0.6931,0.4371,0.3499,0.1326,0.4711,125.7714,119.8186,8.4596,1.3271
70.367,2111,in_bed,0.8566,1.1415,0.016,2.8082,1.1256,0.4008,1.1168,1.034,0.6792,0.5513,0.0786,0.8956,0.7032,0.4376,0.3549,0.1278,0.4728,124.9063,118.7499,8.2081,1.3117
70.4,2112,in_bed,0.8558,1.1332,0.0163,2.7723,1.1168,0.4029,1.1121,1.0358,0.6758,0.5517,0.0786,0.9067,0.7085,0.4362,0.36,0.1241,0.4732,124.1968,117.7055,7.6923,1.2976
70.433,2113,in_bed,0.8578,1.1268,0.0176,2.7427,1.1091,0.4044,1.1083,1.0399,0.6757,0.5538,0.0786,0.923,0.7162,0.4327,0.3642,0.1218,0.4752,123.6618,116.7355,7.0618,1.2858
70.467,2114,in_bed,0.8591,1.1198,0.0177,2.7135,1.1021,0.4061,1.1036,1.0424,0.6758,0.5539,0.0786,0.9395,0.7231,0.4278,0.3667,0.1219,0.4753,123.4106,116.0705,6.4209,1.2744
70.5,2115,in_bed,0.862,1.1135,0.0197,2.6841,1.0938,0.4075,1.0976,1.0463,0.6776,0.5549,0.0787,0.9549,0.7323,0.4199,0.3686,0.1228,0.4762,123.3201,115.4577,5.8134,1.2634
70.533,2116,in_bed,0.8632,1.1074,0.0217,2.6556,1.0857,0.4088,1.0919,1.0487,0.6777,0.5562,0.0788,0.9669,0.741,0.4142,0.371,0.1215,0.4774,122.9784,114.6585,5.2675,1.2515
70.567,2117,in_bed,0.8621,1.0982,0.0231,2.6173,1.0751,0.4108,1.0837,1.0482,0.6761,0.5548,0.0789,0.9768,0.7493,0.4076,0.3721,0.1213,0.4759,122.8223,114.4113,4.9526,1.2414
70.6,2118,in_bed,0.8619,1.0913,0.0237,2.5901,1.0676,0.4122,1.0746,1.0492,0.6746,0.5539,0.0789,0.9838,0.7532,0.4001,0.3746,0.1207,0.475,122.5354,114.1464,4.6336,1.2337
70.633,2119,in_bed,0.8599,1.0823,0.023,2.5569,1.0593,0.4143,1.0656,1.0465,0.6732,0.5527,0.0788,0.9859,0.7526,0.3924,0.3733,0.1205,0.4739,122.5011,114.0773,4.3532,1.2311
70.667,2120,in_bed,0.86,1.0757,0.0219,2.5313,1.0538,0.4163,1.0565,1.0456,0.6744,0.5519,0.0788,0.9859,0.7513,0.3821,0.3712,0.1225,0.4731,122.5921,113.8468,3.6749,1.2382
70.7,2121,in_bed,0.8601,1.0745,0.0232,2.5206,1.0512,0.4171,1.0489,1.0443,0.6759,0.5511,0.0788,0.9821,0.747,0.3731,0.3684,0.1248,0.4722,122.9324,113.5215,2.8472,1.2399
70.733,2122,in_bed,0.8582,1.0701,0.025,2.503,1.0451,0.4175,1.0413,1.0403,0.6761,0.5496,0.0789,0.9748,0.7403,0.3651,0.3642,0.1265,0.4707,123.1701,112.7886,1.7726,1.2436
70.767,2123,in_bed,0.8553,1.0654,0.027,2.485,1.0384,0.4179,1.0327,1.0359,0.6746,0.5481,0.079,0.9673,0.7331,0.3581,0.3613,0.1265,0.4692,123.3623,111.7555,0.5698,1.2478
70.8,2124,in_bed,0.8515,1.0614,0.0284,2.4733,1.033,0.4177,1.0259,1.0315,0.6715,0.5449,0.079,0.9602,0.724,0.3544,0.36,0.1266,0.4659,123.5567,110.1151,1.15,1.2557
70.833,2125,in_bed,0.8487,1.0566,0.0324,2.4538,1.0242,0.4174,1.0192,1.0271,0.6702,0.5435,0.0791,0.9543,0.716,0.349,0.3569,0.1267,0.4644,123.859,108.4695,2.924,1.2708
70.867,2126,in_bed,0.8477,1.0525,0.0381,2.4332,1.0144,0.4169,1.0129,1.0241,0.6712,0.5429,0.0793,0.9486,0.7085,0.3417,0.3529,0.1283,0.4636,125.0481,107.2622,4.5556,1.2811
70.9,2127,in_bed,0.8439,1.0442,0.0468,2.3959,0.9974,0.4163,0.9993,1.0179,0.6698,0.54,0.0796,0.9379,0.698,0.3294,0.3481,0.1298,0.4605,126.6987,106.0183,6.1357,1.2586
70.933,2128,in_bed,0.8341,1.031,0.0606,2.3383,0.9704,0.415,0.9815,1.0066,0.6616,0.5301,0.0799,0.9189,0.6813,0.3199,0.345,0.1316,0.4502,128.4235,105.9612,6.7252,1.2387
70.967,2129,in_bed,0.8252,1.018,0.0717,2.2848,0.9464,0.4142,0.9621,0.9952,0.6552,0.5208,0.08,0.8954,0.6619,0.3069,0.34,0.1343,0.4409,130.2236,106.1927,7.2742,1.2203
71.0,2130,in_bed,0.8115,0.9979,0.0715,2.2248,0.9264,0.4164,0.9449,0.9776,0.6454,0.5116,0.08,0.8679,0.6412,0.2995,0.3322,0.1338,0.4316,131.8339,106.0243,7.9447,1.1993
71.033,2131,in_bed,0.8009,0.9835,0.0591,2.2046,0.9244,0.4193,0.9264,0.9647,0.6371,0.5009,0.0798,0.8442,0.6238,0.2894,0.3276,0.1361,0.4211,133.9109,106.5092,8.3128,1.1925
71.067,2132,in_bed,0.7892,0.9695,0.0454,2.193,0.9241,0.4214,0.8979,0.9511,0.6273,0.483,0.0795,0.8214,0.6029,0.2706,0.3237,0.1444,0.4034,137.4565,107.9714,8.7924,1.1854
71.1,2133,in_bed,0.7813,0.9595,0.0424,2.1757,0.9171,0.4215,0.8745,0.9412,0.6213,0.4686,0.0794,0.8056,0.5886,0.2531,0.3199,0.1528,0.3891,140.9827,109.5353,9.3879,1.1723
71.133,2134,in_bed,0.7854,0.9591,0.0479,2.1685,0.9112,0.4202,0.8587,0.9416,0.6292,0.4607,0.0796,0.7995,0.5842,0.2295,0.3124,0.1685,0.3811,143.8657,111.2461,10.1084,1.1603
71.167,2135,in_bed,0.7896,0.9595,0.0492,2.1712,0.9103,0.4193,0.8474,0.9422,0.637,0.4546,0.0796,0.7974,0.5874,0.2105,0.3052,0.1824,0.375,146.6829,112.6153,10.7255,1.1588
71.2,2136,in_bed,0.7893,0.9525,0.0417,2.1663,0.9108,0.4205,0.8332,0.9365,0.6421,0.4433,0.0794,0.7851,0.5751,0.1911,0.2944,0.1988,0.3639,150.907,114.4937,11.6492,1.1557
71.233,2137,in_bed,0.7913,0.9491,0.032,2.1757,0.9171,0.4215,0.8228,0.9325,0.65,0.4328,0.0791,0.7298,0.4631,0.1728,0.2825,0.2172,0.3537,154.496,116.6264,12.6602,1.1572
71.267,2138,in_bed,0.7908,0.9439,0.0151,2.1913,0.9288,0.4238,0.8119,0.9265,0.6551,0.4255,0.0784,0.7202,0.4528,0.1568,0.2714,0.2296,0.3471,149.7191,120.8502,13.3222,1.1655
71.3,2139,in_bed,0.7859,0.9366,-0.0012,2.2002,0.9379,0.4263,0.8007,0.9189,0.6529,0.4174,0.0777,0.7097,0.4396,0.1477,0.266,0.2355,0.3397,144.3875,125.0109,13.936,1.1723
71.333,2140,in_bed,0.7813,0.9301,-0.013,2.2023,0.9431,0.4282,0.7902,0.9126,0.6499,0.4065,0.0771,0.7651,0.4299,0.1402,0.2627,0.2434,0.3294,143.803,125.707,14.5064,1.1771
71.367,2141,in_bed,0.772,0.9205,-0.0289,2.2016,0.9494,0.4313,0.7804,0.9039,0.64,0.3854,0.0761,0.7546,0.4189,0.1403,0.2639,0.2546,0.3094,143.8519,124.9692,14.7104,1.1785
71.4,2142,in_bed,0.7722,0.917,-0.0331,2.2005,0.9501,0.4318,0.7763,0.9013,0.6431,0.3834,0.076,0.7511,0.4151,0.1332,0.2582,0.2597,0.3074,141.1821,127.4149,15.3295,1.17
71.433,2143,in_bed,0.7803,0.9214,-0.027,2.2033,0.9484,0.4304,0.7802,0.9076,0.6529,0.3905,0.0766,0.7536,0.5016,0.1273,0.2546,0.2624,0.314,139.4696,129.8796,15.5636,1.1689
71.467,2144,in_bed,0.7853,0.9239,-0.023,2.203,0.9469,0.4298,0.784,0.9114,0.6591,0.3944,0.0769,0.7568,0.4247,0.1249,0.2523,0.2647,0.3175,139.4671,130.2567,15.5943,1.1706
71.5,2145,in_bed,0.7851,0.9252,-0.0209,2.2027,0.9461,0.4295,0.7873,0.9131,0.657,0.3904,0.0771,0.7551,0.5093,0.1302,0.2561,0.2666,0.3133,140.6103,129.7598,14.9557,1.1728
71.533,2146,in_bed,0.7843,0.9279,-0.0229,2.219,0.9508,0.4285,0.7901,0.9148,0.6538,0.3884,0.0771,0.7541,0.5119,0.1363,0.261,0.2654,0.3113,138.7148,132.0004,14.0588,1.1808
71.567,2147,in_bed,0.7871,0.9365,-0.0243,2.2559,0.9608,0.4259,0.7946,0.9201,0.6542,0.3878,0.077,0.7563,0.517,0.1404,0.2659,0.2664,0.3108,136.6223,134.6914,12.8112,1.1958
71.6,2148,in_bed,0.7858,0.9418,-0.0249,2.2825,0.9667,0.4235,0.7997,0.9234,0.6482,0.3901,0.0771,0.7587,0.5241,0.1516,0.2753,0.258,0.313,134.1631,138.6205,10.63,1.2008
71.633,2149,in_bed,0.7829,0.9451,-0.0283,2.3057,0.9734,0.4222,0.8125,0.9263,0.6396,0.3888,0.077,0.7589,0.5251,0.173,0.2867,0.2508,0.3118,132.3542,141.6729,8.4813,1.208
71.667,2150,in_bed,0.7836,0.9534,-0.031,2.345,0.9845,0.4198,0.8504,0.9344,0.6328,0.3961,0.0768,0.76,0.5261,0.2176,0.3016,0.2366,0.3193,129.998,145.4686,6.4788,1.2251
71.7,2151,in_bed,0.7864,0.9645,-0.0308,2.3878,0.9953,0.4168,0.8799,0.9442,0.6286,0.4078,0.0768,0.7629,0.529,0.2513,0.3156,0.2208,0.331,129.0519,144.6581,4.2433,1.2399
71.733,2152,in_bed,0.7893,0.9753,-0.0293,2.4285,1.0047,0.4137,0.9181,0.954,0.6246,0.4199,0.0768,0.767,0.5348,0.2935,0.3294,0.2047,0.3431,128.3391,143.5128,1.9972,1.2532
71.767,2153,in_bed,0.7926,1.0001,-0.0285,2.5348,1.0286,0.4058,0.9483,0.9635,0.6216,0.4268,0.0768,0.7697,0.5377,0.3267,0.3419,0.1949,0.3499,128.3952,143.4415,0.041,1.2873
71.8,2154,in_bed,0.7928,1.0228,-0.0314,2.6397,1.0541,0.3993,0.9729,0.969,0.6166,0.4317,0.0766,0.7703,0.5407,0.3563,0.3524,0.1849,0.3551,128.1431,143.1595,1.2556,1.3228
71.833,2155,in_bed,0.7897,1.0419,-0.0415,2.7492,1.0834,0.3941,0.9927,0.9696,0.6098,0.4346,0.0757,0.7666,0.5394,0.3829,0.3598,0.1752,0.3589,127.4919,142.5272,2.4186,1.3601
71.867,2156,in_bed,0.7945,1.0661,-0.0411,2.8591,1.1072,0.3872,1.0212,0.9768,0.6121,0.4444,0.0758,0.7686,0.5415,0.4091,0.3647,0.1676,0.3686,128.3126,142.5444,3.0894,1.3955
71.9,2157,in_bed,0.7915,1.0782,-0.0508,2.9431,1.129,0.3836,1.0395,0.9765,0.6066,0.45,0.075,0.7664,0.5417,0.4329,0.3699,0.1566,0.3749,127.6346,141.7431,3.7259,1.4212
71.933,2158,in_bed,0.793,1.0926,-0.0566,3.0308,1.1492,0.3792,1.0585,0.9801,0.6059,0.4534,0.0746,0.7676,0.544,0.4527,0.3743,0.1525,0.3788,128.6909,142.5361,4.0619,1.4456
71.967,2159,in_bed,0.7933,1.1029,-0.0681,3.1144,1.171,0.376,1.0725,0.9823,0.6042,0.4547,0.0736,0.7652,0.5417,0.4683,0.3781,0.1495,0.3812,129.1482,143.0465,4.0339,1.4688
72.0,2160,in_bed,0.7921,1.1119,-0.0826,3.1989,1.1945,0.3734,1.0827,0.9822,0.6019,0.4522,0.0721,0.7615,0.5369,0.4808,0.3803,0.1497,0.3801,131.8535,145.756,3.7238,1.49
72.033,2161,in_bed,0.7887,1.1165,-0.1014,3.271,1.2179,0.3723,1.0896,0.9795,0.5979,0.4474,0.0701,0.7565,0.5314,0.4917,0.3817,0.1505,0.3773,135.9793,149.6812,3.1658,1.5065
72.067,2162,in_bed,0.7829,1.119,-0.1171,3.3267,1.2362,0.3716,1.0933,0.9748,0.5911,0.4388,0.0683,0.7532,0.5264,0.5023,0.3837,0.1522,0.3705,140.1438,144.9458,2.4995,1.5157
72.1,2163,in_bed,0.775,1.1192,-0.1326,3.3688,1.2518,0.3716,1.0959,0.9683,0.5817,0.4371,0.0665,0.7497,0.522,0.5142,0.3866,0.1446,0.3706,144.8297,140.5913,2.1695,1.5237
72.133,2164,in_bed,0.7691,1.118,-0.1437,3.391,1.2616,0.372,1.0971,0.9638,0.5745,0.4332,0.0654,0.7489,0.522,0.5226,0.3893,0.1413,0.3678,153.6053,133.5457,1.926,1.5282
72.167,2165,in_bed,0.7602,1.1121,-0.1584,3.3988,1.2706,0.3738,1.0932,0.9563,0.5642,0.4323,0.0637,0.7471,0.5182,0.5291,0.3921,0.1318,0.3686,148.4277,124.8797,1.5368,1.5318
72.2,2166,in_bed,0.7504,1.104,-0.1732,3.3956,1.2772,0.3761,1.0867,0.9483,0.5525,0.4325,0.0619,0.7448,0.5149,0.5342,0.3959,0.12,0.3706,137.4061,115.9247,1.0833,1.5314
72.233,2167,in_bed,0.7403,1.0961,-0.1878,3.3929,1.2839,0.3784,1.0803,0.9407,0.5399,0.4337,0.0598,0.7438,0.5108,0.5403,0.4008,0.1062,0.3739,126.7151,106.5267,0.6296,1.5314
72.267,2168,in_bed,0.7335,1.0906,-0.1964,3.3882,1.2871,0.3799,1.0763,0.9355,0.5314,0.4441,0.0585,0.747,0.5129,0.5449,0.4041,0.0873,0.3856,113.3506,93.488,0.0634,1.5296
72.3,2169,in_bed,0.7273,1.0852,-0.2066,3.3863,1.2918,0.3815,1.0714,0.9315,0.5232,0.4516,0.057,0.752,0.5212,0.5482,0.4082,0.0717,0.3945,102.7105,83.3843,0.213,1.5285
72.333,2170,in_bed,0.7228,1.0814,-0.2126,3.3833,1.294,0.3825,1.0681,0.9284,0.5173,0.4555,0.0564,0.7596,0.5362,0.5508,0.4111,0.0617,0.3992,96.675,78.1976,0.8475,1.5303
72.367,2171,in_bed,0.7237,1.0812,-0.2133,3.3845,1.2944,0.3825,1.0678,0.9298,0.5176,0.458,0.0566,0.77,0.5491,0.5501,0.4121,0.0597,0.4014,93.9419,75.792,1.2317,1.5354
72.4,2172,in_bed,0.7308,1.0855,-0.2083,3.3941,1.2938,0.3812,1.0717,0.9375,0.5241,0.4662,0.0577,0.7819,0.5626,0.5476,0.4134,0.0578,0.4085,90.2215,71.3533,1.6561,1.5352
72.433,2173,in_bed,0.7376,1.0891,-0.2046,3.4043,1.2937,0.38,1.0739,0.9444,0.5308,0.4672,0.0585,0.7906,0.5738,0.5431,0.4136,0.0636,0.4088,90.2333,70.4434,2.0321,1.5404
72.467,2174,in_bed,0.7444,1.0933,-0.1982,3.4134,1.2914,0.3783,1.0768,0.9518,0.537,0.4703,0.0598,0.7967,0.582,0.5398,0.4147,0.0668,0.4104,90.2194,69.9358,2.4591,1.5426
72.5,2175,in_bed,0.7494,1.0952,-0.1909,3.4148,1.2861,0.3766,1.0782,0.9576,0.5412,0.4708,0.0613,0.7981,0.5839,0.5369,0.4163,0.0705,0.4095,90.9295,70.1937,2.7483,1.5434
72.533,2176,in_bed,0.7521,1.0971,-0.1824,3.4156,1.2795,0.3746,1.0787,0.9613,0.5428,0.4761,0.0628,0.7977,0.581,0.5359,0.4184,0.0667,0.4133,86.3135,64.8757,3.0848,1.5477
72.567,2177,in_bed,0.7512,1.097,-0.1667,3.3984,1.2637,0.3718,1.0777,0.962,0.5405,0.4819,0.0651,0.793,0.5744,0.5373,0.4215,0.0586,0.4168,81.154,58.8376,3.4353,1.5405
72.6,2178,in_bed,0.7505,1.096,-0.1453,3.3692,1.2413,0.3684,1.0757,0.962,0.539,0.4846,0.0681,0.7865,0.5666,0.5367,0.4231,0.0544,0.4164,78.9299,56.2819,3.6542,1.5247
72.633,2179,in_bed,0.7477,1.0947,-0.1233,3.3381,1.218,0.3649,1.0733,0.9604,0.535,0.4854,0.071,0.7783,0.5565,0.5383,0.4254,0.0496,0.4144,77.0075,54.6188,3.8058,1.5125
72.667,2180,in_bed,0.7435,1.0916,-0.0972,3.2928,1.1888,0.361,1.0697,0.9573,0.5297,0.4854,0.074,0.7676,0.5452,0.54,0.4276,0.0443,0.4114,74.5748,53.4369,3.6529,1.505
72.7,2181,in_bed,0.738,1.0872,-0.0776,3.2521,1.1649,0.3582,1.0655,0.9529,0.5231,0.485,0.0759,0.7556,0.5331,0.5425,0.4298,0.038,0.4092,71.4959,51.837,3.3539,1.5096
72.733,2182,in_bed,0.733,1.0824,-0.0559,3.204,1.1384,0.3553,1.0624,0.9486,0.5173,0.4847,0.0778,0.7432,0.5197,0.5451,0.4313,0.0326,0.4069,69.163,51.5052,3.0553,1.5125
72.767,2183,in_bed,0.7259,1.0753,-0.0382,3.1542,1.1135,0.353,1.0567,0.9431,0.5087,0.4815,0.0791,0.7283,0.503,0.548,0.4343,0.0272,0.4024,67.9814,52.4725,2.6511,1.5192
72.8,2184,in_bed,0.7207,1.0704,-0.0183,3.1186,1.0886,0.3491,1.0529,0.9392,0.5022,0.4822,0.0802,0.7174,0.4936,0.5507,0.437,0.02,0.402,69.0158,55.5668,2.1979,1.5315
72.833,2185,in_bed,0.7177,1.066,0.0,3.0911,1.0659,0.3448,1.0485,0.9372,0.4982,0.4837,0.0812,0.7063,0.4825,0.5503,0.4391,0.0145,0.4025,69.5085,57.4015,1.6903,1.5218
72.867,2186,in_bed,0.7186,1.064,0.0119,3.0722,1.0521,0.3425,1.0445,0.9375,0.4998,0.4896,0.0816,0.6944,0.4743,0.5447,0.4377,0.0102,0.408,66.5813,55.8286,0.9056,1.5266
72.9,2187,in_bed,0.7293,1.0686,0.0177,3.0877,1.0509,0.3403,1.0456,0.9431,0.5156,0.492,0.0817,0.6882,0.4722,0.53,0.4275,0.0236,0.4103,69.0763,59.2766,0.4158,1.5515
72.933,2188,in_bed,0.7446,1.0733,0.021,3.1066,1.0523,0.3387,1.0479,0.951,0.5382,0.4902,0.0817,0.6889,0.4723,0.5096,0.4127,0.048,0.4085,87.9087,78.4269,0.2538,1.5795
72.967,2189,in_bed,0.7696,1.0826,0.0307,3.1255,1.0519,0.3366,1.0555,0.9657,0.5735,0.4842,0.0819,0.6986,0.478,0.482,0.3923,0.0893,0.4023,145.7742,136.7894,0.2294,1.6102
73.0,2190,in_bed,0.7872,1.0883,0.0331,3.1451,1.0552,0.3355,1.0599,0.9742,0.6001,0.4799,0.0817,0.7011,0.4786,0.4598,0.3741,0.1202,0.3982,155.7981,147.1201,0.2343,1.6314
73.033,2191,in_bed,0.8044,1.1027,0.0342,3.1869,1.0685,0.3353,1.0721,0.9893,0.6194,0.4648,0.0816,0.7132,0.4902,0.4527,0.3698,0.1547,0.3831,161.5841,153.4289,0.0989,1.6538
73.067,2192,in_bed,0.8203,1.1174,0.0394,3.2298,1.078,0.3338,1.0856,1.0036,0.6369,0.4466,0.0818,0.7297,0.5071,0.4487,0.3667,0.1903,0.3648,167.0784,158.8546,0.3505,1.6768
73.1,2193,in_bed,0.831,1.1274,0.0471,3.2496,1.0803,0.3324,1.0961,1.0139,0.6481,0.422,0.082,0.7447,0.5219,0.4481,0.3659,0.2261,0.34,171.7487,162.8815,0.5276,1.6905
73.133,2194,in_bed,0.8295,1.1291,0.0422,3.2635,1.0869,0.333,1.0977,1.014,0.6449,0.4076,0.0819,0.748,0.5234,0.4528,0.369,0.2374,0.3257,174.1167,165.5219,0.7235,1.7002
73.167,2195,in_bed,0.8316,1.1339,0.0423,3.2738,1.0916,0.3335,1.103,1.0179,0.6453,0.3805,0.0819,0.7563,0.5323,0.4577,0.3726,0.2648,0.2986,174.7279,165.9344,0.6177,1.7103
73.2,2196,in_bed,0.8185,1.1231,0.0374,3.2414,1.0857,0.335,1.0922,1.0058,0.6312,0.4032,0.0817,0.7466,0.5208,0.4611,0.3747,0.2279,0.3216,173.8948,164.2254,0.8112,1.6896
73.233,2197,in_bed,0.8125,1.119,0.0316,3.2316,1.0874,0.3365,1.0883,1.0009,0.624,0.3966,0.0815,0.746,0.5201,0.4643,0.377,0.2273,0.3151,169.3814,160.5844,0.6025,1.6502
73.267,2198,in_bed,0.803,1.1135,0.0307,3.2101,1.0828,0.3373,1.082,0.9921,0.614,0.4098,0.0817,0.7433,0.5184,0.468,0.3781,0.2042,0.3281,161.1584,154.0328,0.2182,1.5915
73.3,2199,in_bed,0.7903,1.1063,0.0311,3.1793,1.0752,0.3382,1.0746,0.981,0.5996,0.4205,0.082,0.7395,0.5147,0.4751,0.3814,0.1791,0.3385,152.1289,146.6458,0.1216,1.5287
73.333,2200,in_bed,0.7758,1.0979,0.0268,3.1508,1.0711,0.3399,1.0677,0.9686,0.583,0.4176,0.0821,0.7338,0.5104,0.4847,0.3857,0.1654,0.3355,146.9916,140.8904,0.6579,1.4724
73.367,2201,in_bed,0.7604,1.0899,0.0249,3.1223,1.065,0.3411,1.0605,0.956,0.5648,0.416,0.0822,0.7269,0.5079,0.4956,0.3912,0.1488,0.3338,141.933,135.7762,1.4539,1.4273
73.4,2202,in_bed,0.7485,1.0849,0.0255,3.101,1.0594,0.3416,1.055,0.9463,0.5507,0.4189,0.0823,0.7222,0.5066,0.5043,0.3956,0.1317,0.3366,137.6375,130.9058,2.7006,1.3887
73.433,2203,in_bed,0.7402,1.0831,0.0193,3.1005,1.0638,0.3431,1.0538,0.9398,0.5405,0.4084,0.082,0.7206,0.5075,0.5132,0.3993,0.1321,0.3264,134.1751,127.2795,3.8459,1.372
73.467,2204,in_bed,0.7271,1.0776,0.0141,3.0889,1.0635,0.3443,1.0493,0.9298,0.5244,0.4036,0.0817,0.7137,0.5045,0.5249,0.4054,0.1208,0.3219,128.8373,122.2301,5.0374,1.3551
73.5,2205,in_bed,0.7159,1.0734,0.0072,3.0856,1.0662,0.3455,1.047,0.9215,0.5103,0.4021,0.0812,0.7085,0.5058,0.5367,0.4112,0.1082,0.3209,122.5283,116.5952,5.9819,1.3509
73.533,2206,in_bed,0.7025,1.0694,0.0004,3.0828,1.069,0.3468,1.0455,0.9117,0.4932,0.3969,0.0806,0.7024,0.5051,0.5523,0.4185,0.0963,0.3163,115.4982,110.3189,6.5862,1.3486
73.567,2207,in_bed,0.694,1.069,-0.0039,3.0899,1.0729,0.3472,1.0466,0.9034,0.4845,0.4051,0.0804,0.699,0.5104,0.562,0.4189,0.0795,0.3247,109.2412,104.1248,7.3442,1.3598
73.6,2208,in_bed,0.6833,1.0671,-0.0106,3.0957,1.0777,0.3481,1.0465,0.8938,0.4728,0.4162,0.08,0.6929,0.5132,0.5737,0.421,0.0566,0.3361,103.7313,98.1844,7.938,1.378
73.633,2209,in_bed,0.6632,1.0552,-0.0211,3.077,1.0762,0.3498,1.0373,0.8738,0.4527,0.4395,0.0795,0.6738,0.4977,0.5846,0.4211,0.0132,0.36,98.3414,91.5486,8.6608,1.3827
73.667,2210,in_bed,0.6495,1.0468,-0.0308,3.066,1.0777,0.3515,1.0305,0.8595,0.4395,0.4682,0.0791,0.6614,0.4871,0.591,0.4199,-0.0287,0.3891,91.2113,83.1703,9.5132,1.3955
73.7,2211,in_bed,0.6347,1.0335,-0.0427,3.0366,1.0762,0.3544,1.0211,0.8453,0.4242,0.4835,0.0786,0.6469,0.4749,0.5969,0.4211,-0.0593,0.4049,84.5152,74.8655,10.0475,1.4067
73.733,2212,in_bed,0.6265,1.0232,-0.05,3.0125,1.0732,0.3563,1.0146,0.8365,0.4166,0.4914,0.0786,0.6395,0.4675,0.598,0.42,-0.0748,0.4127,79.3308,67.3375,10.6742,1.4253
73.767,2213,in_bed,0.6153,1.0152,-0.0589,3.0003,1.0741,0.358,1.0054,0.8243,0.4063,0.4916,0.0787,0.6287,0.4548,0.5991,0.4179,-0.0852,0.4128,76.2065,61.1764,10.9472,1.4605
73.8,2214,in_bed,0.6031,1.0032,-0.0716,2.9863,1.0749,0.3599,0.993,0.8103,0.3959,0.4829,0.0783,0.6162,0.4389,0.5971,0.4144,-0.087,0.4047,75.9135,58.6298,11.4447,1.4794
73.833,2215,in_bed,0.5913,0.9932,-0.0785,2.9656,1.0718,0.3614,0.9816,0.7974,0.3852,0.4826,0.0783,0.6043,0.4243,0.5963,0.4121,-0.0973,0.4043,73.2057,53.1243,11.8213,1.4693
73.867,2216,in_bed,0.5836,0.9881,-0.0764,2.9449,1.0646,0.3615,0.975,0.7893,0.378,0.4873,0.0794,0.596,0.4129,0.5971,0.4114,-0.1094,0.4079,70.0258,47.7877,11.8149,1.4626
73.9,2217,in_bed,0.5793,0.9864,-0.0705,2.9293,1.057,0.3608,0.9721,0.7856,0.373,0.4915,0.0807,0.5919,0.4095,0.5991,0.4126,-0.1186,0.4108,67.1966,43.5143,11.963,1.4645
73.933,2218,in_bed,0.5757,0.985,-0.0623,2.9112,1.0472,0.3597,0.9701,0.7833,0.3681,0.4942,0.0819,0.5906,0.4108,0.602,0.4152,-0.1261,0.4123,63.0186,38.3531,12.66,1.4333
73.967,2219,in_bed,0.5697,0.9849,-0.052,2.8943,1.0369,0.3582,0.969,0.7805,0.3588,0.4925,0.0829,0.5891,0.4133,0.6101,0.4217,-0.1337,0.4096,58.9953,33.9015,12.6263,1.4093
74.0,2220,in_bed,0.565,0.9828,-0.0365,2.8608,1.0192,0.3563,0.9663,0.7769,0.3531,0.4879,0.0839,0.5864,0.4231,0.6131,0.4237,-0.1347,0.404,55.8109,31.5213,12.6572,1.3869
74.033,2221,in_bed,0.5676,0.9831,-0.0262,2.844,1.0094,0.3549,0.9663,0.777,0.3582,0.484,0.0841,0.5873,0.4374,0.6081,0.4188,-0.1258,0.3999,56.6031,33.9881,13.3332,1.3808
74.067,2222,in_bed,0.5726,0.9864,-0.0243,2.8515,1.0106,0.3544,0.9686,0.779,0.3662,0.4789,0.0834,0.5897,0.4479,0.6024,0.4128,-0.1126,0.3955,58.9641,38.6126,14.1817,1.3952
74.1,2223,in_bed,0.578,0.9902,-0.0173,2.8539,1.0075,0.353,0.9713,0.7827,0.3734,0.479,0.083,0.5913,0.4568,0.5979,0.4093,-0.1056,0.3961,56.5646,39.2097,15.0643,1.4026
74.133,2224,in_bed,0.5789,0.9932,-0.0056,2.8511,0.9988,0.3503,0.9728,0.7828,0.375,0.4797,0.0829,0.5878,0.4571,0.5979,0.4078,-0.1047,0.3968,51.8004,37.2574,16.031,1.4054
74.167,2225,in_bed,0.5857,0.9983,0.0029,2.8619,0.9954,0.3478,0.9769,0.7858,0.3856,0.4734,0.0827,0.5891,0.4639,0.5913,0.4002,-0.0877,0.3906,54.8591,42.9452,17.0131,1.4164
74.2,2226,in_bed,0.5908,1.0079,0.0117,2.8951,0.9962,0.3441,0.985,0.7887,0.3928,0.4699,0.0824,0.5895,0.4637,0.5921,0.3958,-0.0771,0.3875,56.0271,46.8459,17.8153,1.4216
74.233,2227,in_bed,0.5988,1.0163,0.0185,2.9251,0.9977,0.3411,0.993,0.7923,0.4052,0.4645,0.082,0.5921,0.4671,0.5878,0.3871,-0.0592,0.3825,62.5136,55.7049,18.8928,1.4263
74.267,2228,in_bed,0.6102,1.0285,0.0216,2.9749,1.0069,0.3385,1.0053,0.7998,0.4206,0.4573,0.0814,0.5989,0.4749,0.5847,0.3792,-0.0367,0.3759,78.2933,73.7538,19.7624,1.4403
74.3,2229,in_bed,0.6169,1.0372,0.0336,2.9937,1.0036,0.3352,1.0146,0.8064,0.4274,0.4571,0.0814,0.6049,0.4785,0.5872,0.379,-0.0297,0.3757,88.5277,85.6915,20.1474,1.4294
74.333,2230,in_bed,0.6182,1.0373,0.0458,2.9793,0.9914,0.3328,1.0155,0.8049,0.4316,0.4651,0.0817,0.6014,0.4743,0.5839,0.3733,-0.0335,0.3835,98.1763,95.6147,20.9512,1.4017
74.367,2231,in_bed,0.6212,1.0383,0.0468,2.983,0.9915,0.3324,1.0166,0.8061,0.4362,0.4698,0.0814,0.6017,0.473,0.5804,0.3699,-0.0335,0.3883,118.3587,119.0671,21.7507,1.3944
74.4,2232,in_bed,0.622,1.0385,0.0426,2.9863,0.9958,0.3335,1.0174,0.808,0.436,0.4724,0.0812,0.6022,0.473,0.5813,0.372,-0.0364,0.3913,107.1426,110.5373,22.2075,1.415
74.433,2233,in_bed,0.6229,1.038,0.0441,2.9795,0.994,0.3336,1.0169,0.8082,0.4376,0.4761,0.0809,0.601,0.4698,0.5793,0.3706,-0.0385,0.3952,102.8291,106.7099,22.6634,1.4313
74.467,2234,in_bed,0.6249,1.0375,0.0469,2.9659,0.9907,0.334,1.0166,0.8088,0.4409,0.488,0.0809,0.5999,0.4687,0.5757,0.3679,-0.0471,0.4071,93.2375,98.6635,23.1258,1.4178
74.5,2235,in_bed,0.6238,1.0355,0.0477,2.9487,0.9878,0.335,1.0146,0.8074,0.4402,0.4974,0.0809,0.5982,0.4714,0.5745,0.3672,-0.0573,0.4166,83.2808,90.658,23.8869,1.402
74.533,2236,in_bed,0.6228,1.0305,0.0504,2.9162,0.9801,0.3361,1.0097,0.8044,0.4411,0.5049,0.0809,0.5961,0.4739,0.5686,0.3632,-0.0638,0.424,77.8466,86.6886,24.651,1.3787
74.567,2237,in_bed,0.62,1.0252,0.0522,2.8839,0.973,0.3374,1.0042,0.8011,0.439,0.5075,0.0808,0.5957,0.4782,0.5651,0.362,-0.0685,0.4267,75.765,85.7016,25.3251,1.3538
74.6,2238,in_bed,0.6179,1.0195,0.055,2.8495,0.9646,0.3385,0.9983,0.7981,0.4376,0.5162,0.0809,0.5969,0.4854,0.5607,0.3605,-0.0786,0.4353,68.153,79.4904,25.9605,1.3318
74.633,2239,in_bed,0.6171,1.0135,0.0537,2.8213,0.9598,0.3402,0.9928,0.7957,0.4384,0.5129,0.0809,0.5996,0.4923,0.5543,0.3573,-0.0745,0.432,71.0358,84.0757,26.4527,1.3233
74.667,2240,in_bed,0.6207,1.0071,0.0508,2.7917,0.9563,0.3426,0.9874,0.7959,0.4454,0.5136,0.0808,0.6045,0.5029,0.542,0.3505,-0.0682,0.4328,74.3207,88.831,27.0569,1.3138
74.7,2241,in_bed,0.6206,1.0043,0.0457,2.7838,0.9586,0.3444,0.9838,0.7944,0.4468,0.5142,0.0807,0.6088,0.5098,0.537,0.3477,-0.0674,0.4335,74.3706,89.6218,27.2382,1.314
74.733,2242,in_bed,0.6173,0.9969,0.0416,2.7574,0.9554,0.3465,0.9758,0.7893,0.4452,0.515,0.0807,0.6103,0.5138,0.5306,0.3441,-0.0698,0.4343,71.0898,86.5663,27.3891,1.3013
74.767,2243,in_bed,0.6138,0.9894,0.0377,2.7299,0.9517,0.3486,0.9677,0.785,0.4427,0.5109,0.0807,0.6125,0.5179,0.5251,0.3423,-0.0683,0.4302,71.9724,87.546,27.3095,1.2882
74.8,2244,in_bed,0.614,0.9822,0.0329,2.7035,0.9493,0.3511,0.9596,0.783,0.445,0.4945,0.0807,0.6153,0.5221,0.5146,0.338,-0.0496,0.4138,89.7817,104.9055,27.3524,1.2741
74.833,2245,in_bed,0.6165,0.9819,0.0217,2.7151,0.9602,0.3537,0.9585,0.7845,0.4486,0.4705,0.0804,0.6217,0.5322,0.5099,0.3359,-0.022,0.3902,113.5374,127.5801,27.1684,1.2799
74.867,2246,in_bed,0.6151,0.9809,0.0159,2.7172,0.965,0.3551,0.9574,0.7843,0.4459,0.4539,0.0802,0.6251,0.5396,0.5115,0.3384,-0.008,0.3737,120.1726,127.922,26.8713,1.279
74.9,2247,in_bed,0.6164,0.9802,0.0094,2.7199,0.9708,0.3569,0.9563,0.7854,0.4474,0.4307,0.0799,0.63,0.5462,0.5089,0.338,0.0167,0.3507,121.9832,125.0594,26.5739,1.2778
74.933,2248,in_bed,0.616,0.9776,0.0052,2.7114,0.9724,0.3586,0.9537,0.7849,0.447,0.4234,0.0799,0.6326,0.5486,0.5066,0.3379,0.0236,0.3435,122.3718,125.0221,26.154,1.2665
74.967,2249,in_bed,0.6182,0.9771,0.0026,2.7081,0.9745,0.3598,0.954,0.787,0.4494,0.4168,0.0798,0.6366,0.5529,0.5046,0.3376,0.0326,0.337,123.8076,125.8857,25.7794,1.2562
75.0,2250,in_bed,0.6164,0.9758,0.0053,2.6973,0.9705,0.3598,0.9529,0.7857,0.4471,0.4245,0.0803,0.6371,0.5525,0.5058,0.3386,0.0226,0.3442,126.9356,128.7601,25.1596,1.2285
75.033,2251,in_bed,0.6163,0.9745,0.0068,2.69,0.9677,0.3597,0.9522,0.7847,0.4479,0.4266,0.0806,0.6369,0.5504,0.5043,0.3368,0.0214,0.346,127.6628,130.5582,25.008,1.2114
75.067,2252,in_bed,0.6184,0.975,0.0083,2.6889,0.9667,0.3595,0.953,0.7853,0.4515,0.4292,0.0811,0.6381,0.5491,0.5015,0.3338,0.0223,0.3481,128.9491,132.2165,24.989,1.1857
75.1,2253,in_bed,0.6242,0.9763,0.0093,2.6925,0.967,0.3592,0.9543,0.7864,0.4621,0.4351,0.0815,0.6392,0.5493,0.4922,0.3242,0.027,0.3536,131.0524,134.5728,25.3886,1.1637
75.133,2254,in_bed,0.6345,0.977,0.0084,2.6974,0.9686,0.3591,0.9548,0.7871,0.4819,0.4443,0.0818,0.6393,0.5478,0.4728,0.3052,0.0377,0.3625,134.6369,138.0949,26.5552,1.145
75.167,2255,in_bed,0.6462,0.9772,0.0052,2.704,0.972,0.3595,0.9548,0.788,0.5044,0.4454,0.0818,0.6399,0.546,0.4504,0.2836,0.059,0.3636,141.0055,142.3344,27.9962,1.1303
75.2,2256,in_bed,0.6529,0.9773,0.0033,2.7062,0.974,0.3599,0.9547,0.7885,0.5173,0.4534,0.0821,0.6397,0.5473,0.4374,0.2711,0.0639,0.3713,143.8512,146.931,28.7262,1.1091
75.233,2257,in_bed,0.661,0.9767,0.0028,2.7011,0.9739,0.3606,0.9567,0.7908,0.5312,0.4449,0.0826,0.6424,0.5476,0.4254,0.2596,0.0863,0.3623,151.5499,151.0595,29.7984,1.0793
75.267,2258,in_bed,0.6643,0.975,0.005,2.6856,0.97,0.3612,0.9527,0.7924,0.5362,0.4474,0.0832,0.6446,0.5492,0.4165,0.2563,0.0887,0.3642,153.8326,154.9818,30.151,1.0514
75.3,2259,in_bed,0.6682,0.9723,0.0083,2.6627,0.964,0.3621,0.9499,0.7946,0.5417,0.4443,0.0841,0.6468,0.5501,0.4082,0.2529,0.0975,0.3602,157.3912,157.9925,30.5044,1.0152
75.333,2260,in_bed,0.675,0.9674,0.0124,2.6263,0.955,0.3636,0.9458,0.798,0.552,0.4398,0.0851,0.6509,0.544,0.3938,0.2461,0.1122,0.3547,161.5347,160.3562,31.2066,0.9794
75.367,2261,in_bed,0.6799,0.9637,0.0186,2.5931,0.9451,0.3645,0.9437,0.8001,0.5596,0.4442,0.0858,0.6549,0.5493,0.3841,0.2405,0.1154,0.3584,161.7438,161.8273,32.0669,0.9579
75.4,2262,in_bed,0.6793,0.9559,0.0199,2.5569,0.9359,0.366,0.9356,0.7975,0.5612,0.4389,0.0863,0.6534,0.5495,0.3745,0.2363,0.1223,0.3525,163.7419,161.1514,33.0936,0.9364
75.433,2263,in_bed,0.6764,0.9455,0.0213,2.5114,0.9243,0.368,0.927,0.7945,0.5584,0.4386,0.0866,0.6522,0.548,0.3686,0.2361,0.1198,0.352,163.7982,161.3725,33.4026,0.9182
75.467,2264,in_bed,0.6731,0.9356,0.0196,2.4756,0.916,0.37,0.9184,0.7915,0.5548,0.4278,0.0868,0.6494,0.5435,0.3636,0.2367,0.127,0.3409,166.7322,160.0267,33.793,0.8991
75.5,2265,in_bed,0.6712,0.9289,0.0179,2.4532,0.9111,0.3714,0.9113,0.7885,0.5539,0.4186,0.0871,0.6473,0.5361,0.3574,0.2346,0.1353,0.3316,169.8646,158.6085,34.6565,0.8828
75.533,2266,in_bed,0.6698,0.9242,0.0169,2.4385,0.9073,0.3721,0.9062,0.7864,0.5533,0.408,0.0872,0.6457,0.5337,0.3529,0.2331,0.1453,0.3208,172.9567,156.623,35.3749,0.8713
75.567,2267,in_bed,0.6704,0.9198,0.0205,2.416,0.8993,0.3722,0.902,0.7863,0.5545,0.3971,0.0869,0.6444,0.5318,0.3475,0.2318,0.1574,0.3101,176.3021,155.368,35.7714,0.8686
75.6,2268,in_bed,0.6712,0.9184,0.0203,2.4105,0.8981,0.3726,0.9008,0.7871,0.5553,0.3982,0.0873,0.6442,0.5343,0.3456,0.2318,0.1571,0.311,176.1865,155.3222,35.8672,0.859
75.633,2269,in_bed,0.6772,0.9108,0.0572,2.3742,0.8536,0.3595,0.8976,0.7933,0.5612,0.3854,0.0799,0.6422,0.5309,0.3364,0.232,0.1758,0.3055,173.4906,179.0142,40.8059,1.0761
75.667,2270,in_bed,0.6788,0.9088,0.0786,2.3723,0.8302,0.3499,0.8964,0.7959,0.5616,0.3791,0.084,0.6374,0.5257,0.3348,0.2343,0.1825,0.2952,167.8617,167.0794,42.9174,0.8684
75.7,2271,in_bed,0.6762,0.8874,0.0678,2.3004,0.8196,0.3563,0.8871,0.7949,0.5576,0.3748,0.0865,0.6256,0.5091,0.3295,0.2373,0.1828,0.2882,168.1379,162.2283,40.5002,0.971
75.733,2272,in_bed,0.6736,0.8892,0.0623,2.3024,0.8268,0.3591,0.8871,0.7942,0.553,0.3755,0.0873,0.621,0.5038,0.3341,0.2412,0.1775,0.2882,169.1066,161.3629,38.4123,0.8828
75.767,2273,in_bed,0.667,0.8843,0.0561,2.2773,0.8282,0.3637,0.8813,0.7913,0.5428,0.3758,0.0874,0.6166,0.5034,0.3386,0.2485,0.167,0.2884,170.1088,159.2079,34.579,0.8399
75.8,2274,in_bed,0.6576,0.8882,0.0602,2.2513,0.8279,0.3678,0.8791,0.7847,0.5305,0.3798,0.081,0.6101,0.4987,0.3486,0.2542,0.1508,0.2988,171.3557,171.1456,34.8102,1.1736
75.833,2275,in_bed,0.6475,0.8782,0.0581,2.2523,0.8202,0.3641,0.8678,0.7773,0.5177,0.3841,0.0798,0.602,0.4943,0.3501,0.2596,0.1336,0.3043,169.9566,167.0748,33.2041,1.3841
75.867,2276,in_bed,0.6412,0.868,0.0757,2.2416,0.7923,0.3535,0.8584,0.7735,0.5089,0.3983,0.083,0.6012,0.5015,0.3495,0.2645,0.1106,0.3153,166.6247,158.3978,31.4489,0.9274
75.9,2277,in_bed,0.6327,0.858,0.085,2.2218,0.773,0.3479,0.8488,0.7673,0.4982,0.407,0.086,0.5963,0.5042,0.3507,0.2691,0.0912,0.321,162.2174,149.9496,30.9602,0.7975
75.933,2278,in_bed,0.6257,0.8449,0.078,2.1764,0.767,0.3524,0.8363,0.7614,0.4899,0.4155,0.0875,0.5925,0.5074,0.3464,0.2715,0.0744,0.328,156.4901,149.2096,30.5256,0.7448
75.967,2279,in_bed,0.621,0.8424,0.0693,2.1489,0.7731,0.3598,0.8321,0.7578,0.4842,0.4229,0.0878,0.5915,0.512,0.3479,0.2736,0.0612,0.3351,151.1734,149.1512,30.8182,0.7398
76.0,2280,in_bed,0.6162,0.8395,0.0647,2.1323,0.7748,0.3634,0.8283,0.7537,0.4787,0.4245,0.0879,0.5892,0.5118,0.3496,0.275,0.0542,0.3365,150.671,146.2215,31.3038,0.7379
76.033,2281,in_bed,0.6139,0.8318,0.0592,2.1055,0.7727,0.367,0.8224,0.752,0.4758,0.4192,0.0879,0.5884,0.5133,0.3467,0.2762,0.0566,0.3313,152.6331,142.3249,31.7465,0.7328
76.067,2282,in_bed,0.6153,0.8343,0.0455,2.0898,0.7888,0.3775,0.8248,0.7545,0.4762,0.4076,0.0875,0.5912,0.5191,0.3486,0.2782,0.0687,0.3201,152.6586,141.0609,32.1161,0.7461
76.1,2283,in_bed,0.6311,0.8473,0.019,2.1505,0.8283,0.3852,0.8379,0.77,0.4923,0.4102,0.0861,0.6075,0.5386,0.3456,0.2777,0.0822,0.324,153.34,141.3635,32.1592,0.7859
76.133,2284,in_bed,0.6398,0.8543,0.0054,2.19,0.8489,0.3876,0.845,0.7789,0.5007,0.4134,0.0852,0.6169,0.5464,0.3444,0.2782,0.0873,0.3282,152.7767,141.3071,32.2719,0.8116
76.167,2285,in_bed,0.6431,0.8585,0.005,2.2048,0.8536,0.3871,0.8469,0.7823,0.5039,0.4087,0.0851,0.6183,0.5459,0.343,0.2784,0.0952,0.3236,151.8299,140.5076,32.2521,0.8247
76.2,2286,in_bed,0.6557,0.8731,0.0521,2.2036,0.8209,0.3725,0.8596,0.7955,0.5159,0.3935,0.0797,0.6216,0.5532,0.3436,0.2796,0.1225,0.3138,148.226,161.1001,33.1224,1.587
76.233,2287,in_bed,0.6522,0.8606,0.0822,2.1547,0.7784,0.3613,0.8535,0.7924,0.5119,0.3938,0.0823,0.6138,0.5459,0.3416,0.2805,0.1182,0.3115,150.6728,164.9864,36.2474,1.1708
76.267,2288,in_bed,0.6531,0.8622,0.0465,2.1342,0.8157,0.3822,0.8533,0.7939,0.5122,0.3855,0.0843,0.6177,0.548,0.3411,0.2818,0.1267,0.3011,154.0108,150.316,33.4959,0.9962
76.3,2289,in_bed,0.6509,0.8634,0.0193,2.1843,0.8441,0.3864,0.8634,0.7933,0.5085,0.3835,0.0842,0.6204,0.5492,0.3549,0.2848,0.125,0.2993,153.0868,144.2394,31.2673,0.9338
76.333,2290,in_bed,0.6465,0.8617,0.0047,2.2054,0.857,0.3886,0.8617,0.7914,0.5016,0.3774,0.0835,0.6217,0.5455,0.3601,0.2898,0.1242,0.2939,151.344,142.6017,29.2223,0.9183
76.367,2291,in_bed,0.6416,0.859,-0.0081,2.2203,0.8671,0.3905,0.8519,0.7877,0.4955,0.376,0.0828,0.62,0.5393,0.3564,0.2922,0.1195,0.2932,151.0249,141.7119,27.3146,0.9302
76.4,2292,in_bed,0.6347,0.8529,-0.0134,2.2123,0.8663,0.3916,0.8443,0.7821,0.4872,0.3742,0.0822,0.6166,0.5275,0.3572,0.295,0.113,0.2919,150.5951,141.1728,26.1025,0.9355
76.433,2293,in_bed,0.6306,0.8484,-0.0152,2.2038,0.8637,0.3919,0.8382,0.7777,0.4836,0.3727,0.0824,0.615,0.5219,0.3546,0.2941,0.1109,0.2903,150.0058,140.0161,25.002,0.9351
76.467,2294,in_bed,0.6331,0.8519,-0.0139,2.2119,0.8658,0.3914,0.8323,0.7804,0.4857,0.3799,0.0825,0.6212,0.525,0.3466,0.2947,0.1058,0.2974,149.5964,140.878,25.2404,0.9455
76.5,2295,in_bed,0.6324,0.8519,-0.0178,2.2185,0.8697,0.392,0.8408,0.7801,0.4848,0.3782,0.082,0.6223,0.5215,0.356,0.2953,0.1066,0.2961,150.6846,141.5462,25.2853,0.9557
76.533,2296,in_bed,0.6348,0.8535,-0.0216,2.2289,0.8751,0.3926,0.8418,0.7821,0.4875,0.3778,0.0816,0.6244,0.5204,0.3543,0.2946,0.1097,0.2962,151.1048,141.9941,25.1961,0.9596
76.567,2297,in_bed,0.6376,0.8553,-0.0216,2.2339,0.8768,0.3925,0.8553,0.7842,0.4911,0.3733,0.0817,0.6247,0.5121,0.3642,0.2931,0.1178,0.2916,152.1862,142.8765,25.5955,0.9577
76.6,2298,in_bed,0.6414,0.8573,-0.0213,2.2387,0.8787,0.3925,0.8573,0.7858,0.4969,0.371,0.0817,0.6255,0.5084,0.3604,0.289,0.1259,0.2893,152.8881,143.5237,26.2481,0.9558
76.633,2299,in_bed,0.6436,0.8587,-0.0194,2.2388,0.8781,0.3922,0.8587,0.7861,0.5011,0.3678,0.0819,0.6256,0.5061,0.3575,0.285,0.1334,0.2859,154.3406,144.6161,27.0156,0.9519
76.667,2300,in_bed,0.6489,0.8624,-0.0169,2.2443,0.8793,0.3918,0.8415,0.7881,0.5097,0.3662,0.0824,0.6283,0.5106,0.3318,0.2784,0.1435,0.2838,157.4963,146.3704,28.1817,0.9476
76.7,2301,in_bed,0.6508,0.8632,-0.0185,2.249,0.8816,0.392,0.8432,0.788,0.5136,0.3541,0.0826,0.6276,0.5058,0.3296,0.2744,0.1595,0.2715,162.029,149.5505,29.3878,0.9431
76.733,2302,in_bed,0.6492,0.8557,0.0449,2.1676,0.8108,0.3741,0.8441,0.7816,0.5168,0.3215,0.0795,0.6169,0.4757,0.3273,0.2648,0.1953,0.242,173.1981,178.2843,33.7311,1.5667
76.767,2303,in_bed,0.6539,0.8576,0.0654,2.1351,0.7922,0.371,0.8511,0.7824,0.5254,0.3274,0.0825,0.6252,0.4673,0.3258,0.257,0.1979,0.2449,175.9491,165.871,35.5527,1.0504
76.8,2304,in_bed,0.6596,0.8661,0.042,2.159,0.8241,0.3817,0.8581,0.7857,0.5334,0.3305,0.0836,0.632,0.4671,0.3247,0.2523,0.203,0.2469,177.7076,161.8401,35.163,0.9802
76.833,2305,in_bed,0.6665,0.8773,0.0256,2.2222,0.8517,0.3833,0.8663,0.7907,0.5424,0.3364,0.0844,0.639,0.4769,0.324,0.2484,0.2059,0.252,175.2221,161.7262,35.4881,0.9466
76.867,2306,in_bed,0.6699,0.8701,0.0625,2.1628,0.8076,0.3734,0.8701,0.7954,0.5443,0.3356,0.0814,0.6368,0.4755,0.3258,0.2511,0.2087,0.2542,174.3584,168.0235,34.1397,1.1749
76.9,2307,in_bed,0.6817,0.8871,0.061,2.2172,0.8261,0.3726,0.8871,0.807,0.5563,0.3422,0.0802,0.6468,0.4904,0.3308,0.2507,0.2141,0.262,177.7339,176.1005,35.787,1.3437
76.933,2308,in_bed,0.678,0.8839,0.0474,2.2079,0.8365,0.3789,0.8776,0.8038,0.5522,0.3272,0.0825,0.6441,0.4873,0.3253,0.2515,0.225,0.2447,176.976,167.1016,35.9544,1.0502
76.967,2309,in_bed,0.6788,0.8852,0.0235,2.2447,0.8616,0.3839,0.8814,0.805,0.5526,0.3127,0.0836,0.6441,0.4819,0.3289,0.2525,0.2399,0.2291,175.0983,163.6243,35.6542,0.9629
77.0,2310,in_bed,0.6792,0.8839,0.0081,2.2636,0.8758,0.3869,0.873,0.8046,0.5538,0.3083,0.0837,0.6425,0.4803,0.3191,0.2508,0.2456,0.2246,174.4132,163.0083,35.7856,0.9444
77.033,2311,in_bed,0.6768,0.8804,0.0034,2.2617,0.877,0.3878,0.8683,0.8008,0.5528,0.308,0.0837,0.6397,0.4804,0.3154,0.248,0.2448,0.2243,175.7987,163.5553,35.7871,0.9468
77.067,2312,in_bed,0.6774,0.8788,0.0049,2.2528,0.8739,0.3879,0.8703,0.8006,0.5541,0.3098,0.0843,0.6412,0.4858,0.3162,0.2466,0.2442,0.2256,176.4121,163.2539,35.492,0.9279
77.1,2313,in_bed,0.676,0.8738,0.01,2.2273,0.8638,0.3878,0.8738,0.7978,0.5541,0.3098,0.0851,0.6402,0.4881,0.3197,0.2437,0.2444,0.2247,177.1035,162.3043,34.9208,0.904
77.133,2314,in_bed,0.6771,0.874,0.0136,2.2199,0.8605,0.3876,0.8568,0.7984,0.5559,0.3147,0.0857,0.6423,0.4934,0.3009,0.2425,0.2412,0.229,177.9669,162.3254,34.917,0.8956
77.167,2315,in_bed,0.6761,0.8709,0.0155,2.2047,0.8554,0.388,0.8559,0.7967,0.5555,0.3134,0.0866,0.6407,0.49,0.3004,0.2412,0.2421,0.2268,177.2698,161.2469,34.6743,0.879
77.2,2316,in_bed,0.6754,0.8698,0.0139,2.2037,0.8559,0.3884,0.8548,0.7961,0.5546,0.3105,0.0873,0.6385,0.4861,0.3002,0.2415,0.2441,0.2232,176.5631,160.0007,34.6858,0.8659
77.233,2317,in_bed,0.6769,0.8708,0.0105,2.2113,0.8603,0.389,0.8558,0.7975,0.5564,0.3085,0.088,0.6382,0.481,0.2994,0.2411,0.2479,0.2205,175.5232,159.1531,34.458,0.8528
77.267,2318,in_bed,0.6785,0.8736,0.0067,2.2258,0.8668,0.3895,0.8736,0.7991,0.5579,0.3022,0.0883,0.639,0.4769,0.3157,0.2412,0.2557,0.2139,175.2942,158.9655,34.4333,0.8473
77.3,2319,in_bed,0.6779,0.8717,0.0052,2.2225,0.8666,0.3899,0.8717,0.7985,0.5573,0.2915,0.0888,0.6372,0.4691,0.3144,0.2412,0.2659,0.2027,173.8452,158.5713,34.5577,0.8363
77.333,2320,in_bed,0.6768,0.8692,0.0048,2.2151,0.8644,0.3902,0.8692,0.7975,0.556,0.285,0.0891,0.6356,0.4628,0.3132,0.2415,0.2711,0.1959,172.2611,158.1085,34.6819,0.8266
77.367,2321,in_bed,0.6756,0.8669,0.0061,2.2057,0.8608,0.3903,0.8669,0.7963,0.5549,0.2859,0.0893,0.6337,0.4589,0.312,0.2414,0.269,0.1966,170.8313,157.906,34.6311,0.8177
77.4,2322,in_bed,0.6761,0.8664,0.0085,2.2003,0.858,0.3899,0.8664,0.7963,0.556,0.2903,0.0895,0.6331,0.4571,0.3104,0.2402,0.2657,0.2009,170.1507,157.4173,34.8546,0.8125
77.433,2323,in_bed,0.6768,0.8663,0.0086,2.1994,0.8577,0.39,0.8478,0.7963,0.5573,0.2913,0.0895,0.6338,0.4583,0.2905,0.2391,0.266,0.2017,169.7002,157.1915,35.2033,0.8105
77.467,2324,in_bed,0.6778,0.8666,0.0091,2.1991,0.8575,0.3899,0.8484,0.7969,0.5588,0.292,0.0896,0.6343,0.4597,0.2896,0.2381,0.2667,0.2024,169.426,157.0815,35.3111,0.8089
77.5,2325,in_bed,0.68,0.8676,0.01,2.2,0.8576,0.3898,0.8496,0.7983,0.5616,0.295,0.0898,0.6353,0.4609,0.288,0.2367,0.2666,0.2052,169.2681,156.7926,35.4857,0.8067
77.533,2326,in_bed,0.6823,0.8693,0.0107,2.203,0.8586,0.3897,0.8515,0.8002,0.5643,0.298,0.0899,0.6365,0.4617,0.2871,0.2359,0.2664,0.2081,169.1277,156.4932,35.5982,0.8053
77.567,2327,in_bed,0.6836,0.8691,0.0111,2.2007,0.858,0.3899,0.8691,0.8008,0.5665,0.301,0.09,0.6365,0.4603,0.3026,0.2343,0.2655,0.211,168.8458,156.1527,35.75,0.8021
77.6,2328,in_bed,0.6847,0.8678,0.0125,2.1924,0.8554,0.3901,0.8678,0.8009,0.5685,0.3034,0.09,0.6353,0.4576,0.2993,0.2324,0.2652,0.2133,169.0432,155.8913,35.6552,0.7986
77.633,2329,in_bed,0.6858,0.8673,0.0126,2.1892,0.8547,0.3904,0.8673,0.8011,0.5706,0.3055,0.0901,0.634,0.4556,0.2967,0.2305,0.2651,0.2154,169.0893,155.7632,35.7109,0.796
77.667,2330,in_bed,0.6871,0.867,0.013,2.1864,0.854,0.3906,0.867,0.8015,0.5727,0.3069,0.0901,0.6344,0.4564,0.2943,0.2288,0.2658,0.2168,169.1469,155.7123,35.7842,0.7952
77.7,2331,in_bed,0.6885,0.8674,0.0125,2.1876,0.8549,0.3908,0.8674,0.802,0.575,0.3097,0.0901,0.6355,0.4575,0.2923,0.227,0.2653,0.2197,169.3315,155.6436,35.9606,0.7965
77.733,2332,in_bed,0.6891,0.8675,0.0125,2.187,0.8549,0.3909,0.8675,0.8026,0.5756,0.3108,0.0901,0.6358,0.4578,0.2919,0.227,0.2648,0.2207,169.5287,155.687,35.9311,0.7977
77.767,2333,in_bed,0.6891,0.8675,0.0121,2.1879,0.8555,0.391,0.8675,0.8028,0.5755,0.3091,0.09,0.6362,0.4584,0.2921,0.2273,0.2663,0.2191,169.543,155.8455,35.9546,0.7984
77.8,2334,in_bed,0.6895,0.8686,0.0134,2.1887,0.8552,0.3907,0.8481,0.8032,0.5759,0.311,0.0901,0.6366,0.4601,0.2722,0.2273,0.2649,0.2209,169.8354,155.8009,35.9504,0.7997
77.833,2335,in_bed,0.6898,0.8692,0.0141,2.1892,0.8551,0.3906,0.8692,0.8038,0.5759,0.3105,0.0901,0.637,0.4605,0.2934,0.2279,0.2654,0.2204,169.9775,155.8147,35.8441,0.8003
77.867,2336,in_bed,0.6894,0.8696,0.0147,2.1897,0.855,0.3905,0.8696,0.8036,0.5753,0.3102,0.0901,0.636,0.4596,0.2944,0.2283,0.2651,0.22,170.1461,155.7687,35.8985,0.8001
77.9,2337,in_bed,0.6892,0.8702,0.0147,2.1911,0.8555,0.3905,0.8505,0.8037,0.5746,0.3072,0.0901,0.6363,0.4599,0.2759,0.229,0.2675,0.217,169.8401,155.8271,35.8295,0.8013
77.933,2338,in_bed,0.6889,0.8703,0.0155,2.1899,0.8548,0.3903,0.8509,0.8037,0.5742,0.3088,0.0901,0.6365,0.4604,0.2767,0.2294,0.2655,0.2186,169.7056,155.6923,35.9148,0.8018
77.967,2339,in_bed,0.6892,0.8713,0.0165,2.1911,0.8548,0.3901,0.852,0.8043,0.5741,0.309,0.0902,0.6374,0.4608,0.2779,0.2303,0.265,0.2189,169.7292,155.6589,35.8576,0.8029
78.0,2340,in_bed,0.689,0.8712,0.0174,2.1894,0.8537,0.3899,0.8712,0.8044,0.5736,0.3095,0.0902,0.6378,0.461,0.2975,0.2307,0.2641,0.2193,169.7897,155.6188,35.6755,0.8028
78.033,2341,in_bed,0.6893,0.8722,0.0181,2.1918,0.8541,0.3897,0.8722,0.8047,0.5739,0.3105,0.0902,0.6385,0.4623,0.2983,0.2308,0.2634,0.2204,169.9592,155.6689,35.5134,0.8047
78.067,2342,in_bed,0.6894,0.8726,0.0181,2.1933,0.8545,0.3896,0.8726,0.8048,0.574,0.3105,0.0901,0.6383,0.4619,0.2987,0.2308,0.2634,0.2204,170.1226,155.6232,35.4604,0.8065
78.1,2343,in_bed,0.6892,0.8721,0.0185,2.1911,0.8536,0.3896,0.8721,0.8046,0.5739,0.3116,0.0902,0.6384,0.4616,0.2982,0.2307,0.2623,0.2214,170.2695,155.5702,35.4412,0.8053
78.133,2344,in_bed,0.6896,0.8724,0.0192,2.1911,0.8532,0.3894,0.8724,0.8046,0.5746,0.3136,0.0902,0.6388,0.4622,0.2978,0.23,0.261,0.2234,170.4982,155.5659,35.44,0.8049
78.167,2345,in_bed,0.6889,0.8717,0.0179,2.191,0.8538,0.3897,0.8717,0.8042,0.5735,0.3115,0.0902,0.6394,0.4622,0.2982,0.2307,0.262,0.2214,170.4816,155.6014,35.4429,0.8046
78.2,2346,in_bed,0.6885,0.8708,0.0174,2.1889,0.8534,0.3899,0.8708,0.8037,0.5734,0.3115,0.0901,0.6399,0.4626,0.2974,0.2302,0.2619,0.2214,170.5087,155.6254,35.4692,0.8039
78.233,2347,in_bed,0.6884,0.8704,0.0175,2.1873,0.8529,0.3899,0.8704,0.8035,0.5733,0.3115,0.0901,0.6401,0.4632,0.297,0.2302,0.2619,0.2214,170.263,155.5773,35.4706,0.8028
78.267,2348,in_bed,0.6885,0.8701,0.0181,2.1854,0.852,0.3898,0.8701,0.8034,0.5736,0.3124,0.0902,0.6398,0.4629,0.2965,0.2298,0.2612,0.2223,169.9955,155.5357,35.4696,0.802
78.3,2349,in_bed,0.6891,0.8701,0.0185,2.1845,0.8516,0.3898,0.8701,0.8037,0.5745,0.313,0.0902,0.6401,0.4631,0.2956,0.2293,0.2615,0.2228,169.9405,155.5235,35.5132,0.8021
78.333,2350,in_bed,0.6891,0.8698,0.0184,2.1834,0.8514,0.3899,0.8698,0.8036,0.5745,0.3131,0.0902,0.6401,0.4637,0.2952,0.229,0.2614,0.2229,169.9412,155.5121,35.6111,0.8011
78.367,2351,in_bed,0.6891,0.8706,0.0183,2.1866,0.8523,0.3898,0.8706,0.8034,0.5748,0.314,0.0902,0.6399,0.4641,0.2959,0.2287,0.2608,0.2238,169.8735,155.534,35.5933,0.8021
78.4,2352,in_bed,0.6893,0.8696,0.0178,2.1835,0.8518,0.3901,0.8696,0.8032,0.5754,0.3137,0.0902,0.6393,0.4639,0.2941,0.2278,0.2617,0.2235,169.7686,155.4673,35.7584,0.8014
78.433,2353,in_bed,0.689,0.8691,0.0186,2.1803,0.8505,0.3901,0.8691,0.8031,0.5748,0.3148,0.0903,0.6388,0.4634,0.2944,0.2283,0.26,0.2246,169.733,155.2718,35.6709,0.8004
78.467,2354,in_bed,0.6884,0.8693,0.0189,2.1804,0.8504,0.39,0.8693,0.8031,0.5737,0.3147,0.0902,0.6397,0.4663,0.2956,0.2294,0.2591,0.2244,169.6607,155.2617,35.6368,0.801
78.5,2355,in_bed,0.6885,0.8695,0.0193,2.1802,0.8502,0.39,0.8695,0.8038,0.5732,0.314,0.0903,0.6398,0.4669,0.2962,0.2306,0.2593,0.2237,169.5659,155.2853,35.4855,0.801
78.533,2356,in_bed,0.688,0.8694,0.0199,2.1791,0.8495,0.3899,0.8694,0.8038,0.5722,0.3131,0.0903,0.6399,0.4675,0.2972,0.2316,0.2591,0.2228,169.402,155.2766,35.3456,0.8008
78.567,2357,in_bed,0.6872,0.8686,0.0203,2.1759,0.8484,0.3899,0.8686,0.8032,0.5712,0.3122,0.0903,0.64,0.4687,0.2974,0.232,0.259,0.2218,169.3272,155.3423,35.3753,0.7994
78.6,2358,in_bed,0.6874,0.8688,0.0201,2.1768,0.8487,0.3899,0.8688,0.8036,0.5711,0.3113,0.0903,0.6407,0.4691,0.2977,0.2325,0.2598,0.221,169.2069,155.4066,35.2934,0.7998
78.633,2359,in_bed,0.6859,0.8689,0.0202,2.1774,0.8486,0.3897,0.8689,0.8035,0.5684,0.3098,0.0903,0.6408,0.47,0.3005,0.2351,0.2586,0.2195,169.0668,155.3657,35.0401,0.7999
78.667,2360,in_bed,0.6853,0.8693,0.02,2.1796,0.8493,0.3896,0.8693,0.8036,0.5669,0.3091,0.0902,0.641,0.4714,0.3024,0.2367,0.2578,0.2189,169.0571,155.3517,35.0485,0.8005
78.7,2361,in_bed,0.6844,0.869,0.0199,2.1796,0.8492,0.3896,0.869,0.8034,0.5655,0.3086,0.0902,0.6408,0.473,0.3036,0.2379,0.2569,0.2184,169.1182,155.3831,34.9073,0.8003
78.733,2362,in_bed,0.6845,0.8692,0.02,2.18,0.8492,0.3896,0.8692,0.8038,0.5652,0.3106,0.0902,0.6398,0.4749,0.304,0.2386,0.2547,0.2204,169.026,155.2644,34.9586,0.8003
78.767,2363,in_bed,0.6858,0.8698,0.0196,2.1818,0.8502,0.3897,0.8698,0.8046,0.5669,0.3107,0.0902,0.6381,0.4754,0.3029,0.2377,0.2562,0.2206,169.04,155.4051,35.1422,0.8013
78.8,2364,in_bed,0.6856,0.8695,0.0191,2.1817,0.8504,0.3898,0.8695,0.8036,0.5675,0.3117,0.0902,0.6362,0.4782,0.302,0.2361,0.2558,0.2215,169.2591,155.2051,35.5092,0.8001
78.833,2365,in_bed,0.6855,0.8705,0.0197,2.184,0.8508,0.3896,0.856,0.8032,0.5678,0.3156,0.0902,0.6326,0.4848,0.2882,0.2354,0.2522,0.2254,169.719,155.3659,35.8367,0.8004
78.867,2366,in_bed,0.6862,0.8721,0.0212,2.1859,0.8509,0.3893,0.8721,0.8037,0.5688,0.323,0.0903,0.6285,0.4951,0.3033,0.2349,0.2458,0.2327,170.0723,155.3859,36.2803,0.8007
78.9,2367,in_bed,0.6857,0.8733,0.0225,2.1873,0.8508,0.389,0.8507,0.804,0.5674,0.327,0.0903,0.6254,0.5067,0.2833,0.2367,0.2404,0.2367,170.3181,155.1458,36.2864,0.8027
78.933,2368,in_bed,0.6844,0.8743,0.0238,2.1873,0.8505,0.3888,0.8523,0.8035,0.5654,0.3282,0.0903,0.6236,0.5212,0.287,0.2381,0.2372,0.2378,170.9013,155.6354,36.3219,0.8124
78.967,2369,in_bed,0.6828,0.875,0.0252,2.1868,0.8498,0.3886,0.8536,0.8029,0.5627,0.3307,0.0903,0.6232,0.5352,0.2909,0.2402,0.2319,0.2404,171.3693,156.0356,36.3926,0.8212
79.0,2370,in_bed,0.682,0.8758,0.026,2.1876,0.8499,0.3885,0.8553,0.803,0.5611,0.331,0.0902,0.6244,0.5512,0.2942,0.2419,0.2301,0.2408,172.2549,156.9638,36.6125,0.8306
79.033,2371,in_bed,0.6817,0.8746,0.0265,2.1806,0.8481,0.3889,0.8568,0.8026,0.5608,0.3337,0.0902,0.6223,0.5652,0.296,0.2418,0.2271,0.2434,171.5083,162.3763,39.6848,0.9043
79.067,2372,in_bed,0.6811,0.8733,0.0266,2.1745,0.8467,0.3894,0.8566,0.8024,0.5597,0.3355,0.0903,0.6226,0.5778,0.2969,0.2427,0.2242,0.2453,170.8472,164.7666,40.3851,0.9177
79.1,2373,in_bed,0.6803,0.873,0.0262,2.1731,0.8468,0.3897,0.8572,0.8022,0.5585,0.3367,0.0902,0.6241,0.5857,0.2988,0.2437,0.2218,0.2465,169.9937,165.938,40.4705,0.9281
79.133,2374,in_bed,0.6787,0.8737,0.0258,2.1766,0.8478,0.3895,0.8569,0.802,0.5555,0.3357,0.0903,0.6238,0.5859,0.3014,0.2465,0.2198,0.2454,170.0286,163.9885,38.5235,0.9186
79.167,2375,in_bed,0.6792,0.8741,0.026,2.1769,0.8481,0.3896,0.8586,0.8028,0.5555,0.3366,0.0902,0.6262,0.5913,0.3031,0.2473,0.2189,0.2464,169.3746,166.3059,39.2426,0.9386
79.2,2376,in_bed,0.6723,0.8658,0.0331,2.1714,0.8328,0.3835,0.8529,0.7971,0.5476,0.3393,0.0798,0.6243,0.5863,0.3053,0.2495,0.2083,0.2595,172.6396,176.3372,34.8195,1.1976
79.233,2377,in_bed,0.6708,0.8685,0.0284,2.1736,0.84,0.3865,0.8653,0.7956,0.546,0.3427,0.0817,0.6236,0.5821,0.3194,0.2497,0.2033,0.261,175.0827,174.1828,36.4006,1.2203
79.267,2378,in_bed,0.6671,0.8696,0.0242,2.1799,0.8454,0.3878,0.8662,0.793,0.5411,0.3456,0.083,0.6269,0.5825,0.3251,0.2519,0.1955,0.2626,175.7684,166.4859,35.4962,1.1172
79.3,2379,in_bed,0.6562,0.8595,0.0425,2.1633,0.817,0.3777,0.847,0.7856,0.5268,0.3496,0.0795,0.6194,0.5744,0.3202,0.2588,0.1772,0.2701,173.4298,177.4482,31.6448,1.6242
79.333,2380,in_bed,0.6487,0.8529,0.0791,2.1612,0.7738,0.3581,0.8409,0.7818,0.5155,0.3614,0.085,0.6163,0.5734,0.3254,0.2663,0.1542,0.2764,173.9177,159.6337,29.8993,1.0343
79.367,2381,in_bed,0.6434,0.8516,0.0683,2.1487,0.7833,0.3646,0.8414,0.7805,0.5062,0.3727,0.0891,0.6211,0.5795,0.3352,0.2742,0.1335,0.2837,174.2299,153.4474,27.909,0.8424
79.4,2382,in_bed,0.6439,0.851,0.0542,2.1384,0.7968,0.3726,0.8395,0.7824,0.5053,0.378,0.091,0.622,0.5851,0.3341,0.2771,0.1274,0.287,172.9631,149.908,27.6266,0.7872
79.433,2383,in_bed,0.6418,0.85,0.0467,2.1284,0.8033,0.3774,0.8384,0.7826,0.5011,0.3835,0.0916,0.621,0.5886,0.3372,0.2814,0.1176,0.2919,171.9722,148.0786,27.267,0.7684
79.467,2384,in_bed,0.6408,0.8488,0.0456,2.1208,0.8032,0.3787,0.837,0.7822,0.4994,0.3804,0.091,0.6199,0.591,0.3376,0.2828,0.1189,0.2894,167.9598,146.2422,27.0151,0.7676
79.5,2385,in_bed,0.6388,0.8493,0.0423,2.1182,0.8069,0.3809,0.838,0.7815,0.4961,0.3834,0.0911,0.6207,0.5947,0.3419,0.2854,0.1127,0.2923,167.4444,145.6779,26.571,0.768
79.533,2386,in_bed,0.6375,0.8484,0.0426,2.1169,0.8058,0.3806,0.8372,0.7807,0.4943,0.3819,0.0914,0.6217,0.5985,0.3428,0.2864,0.1125,0.2905,166.1493,144.4133,26.5829,0.7651
79.567,2387,in_bed,0.6383,0.8478,0.0435,2.1181,0.8043,0.3797,0.8365,0.7811,0.4955,0.3778,0.0916,0.6215,0.601,0.3409,0.2855,0.1178,0.2861,165.6265,143.9623,27.2379,0.7608
79.6,2388,in_bed,0.6369,0.8471,0.0438,2.1176,0.8033,0.3794,0.8353,0.7812,0.4926,0.3725,0.0915,0.6201,0.6048,0.3427,0.2886,0.1201,0.2811,164.5053,143.6999,27.4517,0.7583
79.633,2389,in_bed,0.6375,0.8484,0.0433,2.1207,0.8052,0.3797,0.8365,0.7823,0.4927,0.3677,0.0914,0.6203,0.6106,0.3438,0.2896,0.125,0.2764,164.6732,144.2194,27.7833,0.7595
79.667,2390,in_bed,0.6402,0.8566,0.0684,2.1162,0.7882,0.3725,0.8557,0.7849,0.4955,0.3535,0.08,0.623,0.6106,0.3602,0.2895,0.142,0.2735,171.784,165.0939,29.7544,1.4502
79.7,2391,in_bed,0.6411,0.8536,0.0724,2.0861,0.7812,0.3745,0.8405,0.7851,0.4971,0.3473,0.0803,0.6177,0.6126,0.3434,0.288,0.1498,0.267,173.9956,167.951,29.0166,1.3155
79.733,2392,in_bed,0.643,0.8547,0.0629,2.0965,0.7918,0.3777,0.8422,0.7865,0.4995,0.3463,0.0817,0.6203,0.6169,0.3427,0.287,0.1532,0.2646,174.7025,168.3038,28.5328,1.1284
79.767,2393,in_bed,0.6448,0.8555,0.0568,2.1167,0.7987,0.3773,0.8437,0.7878,0.5017,0.3475,0.085,0.6226,0.6205,0.342,0.2861,0.1541,0.2626,175.5087,160.8167,27.708,0.924
79.8,2394,in_bed,0.6451,0.8564,0.0506,2.1285,0.8058,0.3786,0.8447,0.789,0.5012,0.3515,0.0877,0.6242,0.6214,0.3435,0.2879,0.1497,0.2638,174.9159,155.8351,26.714,0.8385
79.833,2395,in_bed,0.6446,0.8565,0.0453,2.1318,0.8112,0.3805,0.8446,0.7897,0.4995,0.3599,0.0892,0.6238,0.6188,0.3451,0.2902,0.1396,0.2706,171.8856,153.8398,25.858,0.804
79.867,2396,in_bed,0.6448,0.8562,0.0404,2.13,0.8158,0.383,0.844,0.7904,0.4993,0.3616,0.0899,0.6235,0.615,0.3447,0.2912,0.1376,0.2717,171.0309,152.579,25.3887,0.7883
79.9,2397,in_bed,0.6446,0.8552,0.0364,2.1252,0.8188,0.3853,0.8423,0.7906,0.4985,0.3606,0.0902,0.6226,0.6097,0.3438,0.2921,0.1379,0.2704,171.8557,151.3933,25.4228,0.781
79.933,2398,in_bed,0.6444,0.8543,0.0336,2.1213,0.8207,0.3869,0.8408,0.7908,0.4979,0.3603,0.0904,0.623,0.6077,0.3429,0.2929,0.1376,0.2699,171.4959,151.074,25.1604,0.7779
79.967,2399,in_bed,0.6429,0.854,0.0303,2.1176,0.8237,0.389,0.8408,0.79,0.4957,0.3604,0.0903,0.6233,0.606,0.3451,0.2943,0.1353,0.2701,171.2429,150.9544,25.1337,0.78
80.0,2400,in_bed,0.6395,0.8535,0.0284,2.1187,0.8251,0.3894,0.8404,0.7872,0.4918,0.3627,0.0902,0.6228,0.6061,0.3486,0.2954,0.1291,0.2725,170.1439,150.8774,25.5933,0.7885
80.033,2401,in_bed,0.6383,0.853,0.0266,2.1202,0.8264,0.3898,0.8394,0.7859,0.4907,0.3643,0.0902,0.6237,0.6067,0.3487,0.2952,0.1264,0.2741,169.9338,150.7524,25.9683,0.7938
80.067,2402,in_bed,0.6367,0.8512,0.0251,2.1167,0.8261,0.3903,0.8366,0.7845,0.4888,0.3566,0.09,0.6252,0.6064,0.3478,0.2956,0.1322,0.2666,171.4434,150.5743,26.3452,0.7972
80.1,2403,in_bed,0.6359,0.8508,0.0237,2.1171,0.8271,0.3907,0.8357,0.7841,0.4877,0.3561,0.0899,0.6271,0.6072,0.348,0.2964,0.1317,0.2662,172.0522,150.2612,26.5377,0.8024
80.133,2404,in_bed,0.6355,0.8514,0.0237,2.119,0.8276,0.3906,0.8382,0.7839,0.4871,0.3585,0.0899,0.6275,0.6066,0.3511,0.2968,0.1285,0.2687,172.3019,150.0781,26.5622,0.8056
80.167,2405,in_bed,0.6339,0.8502,0.0229,2.1169,0.8272,0.3908,0.8366,0.7824,0.4854,0.3602,0.0898,0.6261,0.6047,0.3512,0.2969,0.1252,0.2704,171.9822,150.02,26.6427,0.8093
80.2,2406,in_bed,0.6331,0.8499,0.021,2.1196,0.8289,0.3911,0.8349,0.7823,0.484,0.3621,0.0897,0.6249,0.6032,0.3509,0.2983,0.1219,0.2725,171.4237,149.9292,26.4819,0.813
80.233,2407,in_bed,0.6332,0.8499,0.0208,2.1202,0.8291,0.3911,0.8351,0.7815,0.485,0.3621,0.0897,0.6244,0.6014,0.3502,0.2966,0.1228,0.2724,171.8371,149.968,26.5939,0.8126
80.267,2408,in_bed,0.6333,0.8478,0.0222,2.1097,0.8256,0.3913,0.8324,0.7805,0.4861,0.3645,0.0899,0.6236,0.5979,0.3462,0.2944,0.1216,0.2746,171.5338,150.0298,26.5781,0.8088
80.3,2409,in_bed,0.6334,0.8466,0.0235,2.1027,0.8231,0.3915,0.8315,0.7796,0.4873,0.3634,0.0901,0.6231,0.5946,0.3442,0.2923,0.1239,0.2733,171.626,149.8175,26.5212,0.8053
80.333,2410,in_bed,0.6342,0.8474,0.024,2.1046,0.8234,0.3912,0.8323,0.7805,0.4878,0.3649,0.0902,0.6227,0.5903,0.3445,0.2927,0.1229,0.2747,171.0315,149.7436,26.1449,0.8028
80.367,2411,in_bed,0.634,0.8463,0.0255,2.0975,0.8208,0.3913,0.8313,0.7807,0.4873,0.3658,0.0903,0.6222,0.5871,0.344,0.2934,0.1215,0.2755,170.9512,149.2502,25.9507,0.799
80.4,2412,in_bed,0.6322,0.8436,0.0336,2.0772,0.8101,0.39,0.8261,0.7798,0.4847,0.3606,0.0895,0.6188,0.5832,0.3415,0.2951,0.1241,0.2711,171.7594,149.1466,25.5254,0.8075
80.433,2413,in_bed,0.6306,0.8419,0.0331,2.0717,0.8088,0.3904,0.8242,0.7785,0.4827,0.3673,0.0897,0.6176,0.5827,0.3415,0.2958,0.1154,0.2776,171.0649,148.8671,25.1182,0.801
80.467,2414,in_bed,0.6301,0.84,0.0351,2.0676,0.8049,0.3893,0.8205,0.7779,0.4822,0.3647,0.0898,0.6163,0.5819,0.3382,0.2956,0.1176,0.2748,170.1064,147.9799,25.1508,0.7947
80.5,2415,in_bed,0.6308,0.8397,0.0348,2.0657,0.8049,0.3896,0.8196,0.7784,0.4833,0.366,0.09,0.6168,0.5826,0.3363,0.2951,0.1173,0.276,169.9857,147.7699,25.0972,0.791
80.533,2416,in_bed,0.6319,0.839,0.0344,2.063,0.8046,0.39,0.8185,0.7788,0.485,0.3678,0.0902,0.6166,0.5824,0.3334,0.2937,0.1173,0.2776,170.4272,147.865,25.2009,0.7876
80.567,2417,in_bed,0.6325,0.8402,0.0331,2.0656,0.8071,0.3907,0.8203,0.7793,0.4856,0.366,0.0903,0.6173,0.5824,0.3347,0.2937,0.1196,0.2757,170.6512,147.9044,25.3289,0.7872
80.6,2418,in_bed,0.6334,0.8413,0.0318,2.0673,0.8094,0.3916,0.823,0.78,0.4868,0.3624,0.0903,0.6184,0.5827,0.3362,0.2932,0.1244,0.2721,170.7369,147.9045,25.3365,0.7882
80.633,2419,in_bed,0.6339,0.8419,0.0301,2.0711,0.8118,0.392,0.8239,0.7804,0.4874,0.3661,0.0903,0.6197,0.5831,0.3364,0.293,0.1213,0.2758,171.014,148.1052,25.3449,0.7894
80.667,2420,in_bed,0.6334,0.8421,0.0288,2.0735,0.8133,0.3922,0.8244,0.7803,0.4865,0.3702,0.0902,0.6198,0.5823,0.3378,0.2938,0.1164,0.28,169.926,147.9949,25.264,0.7917
80.7,2421,in_bed,0.6339,0.8428,0.0281,2.0766,0.8147,0.3923,0.8258,0.7804,0.4873,0.3702,0.0902,0.6201,0.5822,0.3385,0.2931,0.1171,0.28,170.0287,147.9965,25.4199,0.7921
80.733,2422,in_bed,0.6336,0.8433,0.0274,2.0794,0.8159,0.3924,0.8266,0.7803,0.4869,0.369,0.0902,0.6201,0.582,0.3398,0.2935,0.1179,0.2787,170.2962,147.7142,25.6456,0.7916
80.767,2423,in_bed,0.6338,0.8431,0.0276,2.078,0.8155,0.3925,0.8261,0.7806,0.487,0.3688,0.0903,0.6202,0.5823,0.3392,0.2937,0.1182,0.2785,170.4656,147.5882,25.7891,0.7902
80.8,2424,in_bed,0.6329,0.8444,0.0282,2.0818,0.8162,0.3921,0.8273,0.7806,0.4853,0.3663,0.0903,0.6203,0.5828,0.342,0.2952,0.119,0.276,170.3958,147.5174,25.7493,0.792
80.833,2425,in_bed,0.6324,0.8462,0.0273,2.0906,0.8188,0.3917,0.8284,0.7812,0.4837,0.3635,0.0902,0.6203,0.5823,0.3447,0.2976,0.1201,0.2733,170.4215,147.5947,25.4543,0.7949
80.867,2426,in_bed,0.6319,0.8457,0.0287,2.0879,0.817,0.3913,0.8277,0.7804,0.4833,0.3592,0.0901,0.6191,0.5814,0.3444,0.297,0.1242,0.2691,170.1471,147.5493,25.6212,0.7954
80.9,2427,in_bed,0.6321,0.846,0.0294,2.0877,0.8166,0.3911,0.8288,0.7802,0.484,0.3592,0.0902,0.6191,0.5816,0.3448,0.2961,0.1249,0.2689,170.0445,147.4839,25.8927,0.7944
80.933,2428,in_bed,0.6317,0.8453,0.0292,2.0855,0.8161,0.3913,0.8281,0.78,0.4834,0.3565,0.0903,0.6188,0.5817,0.3447,0.2966,0.1269,0.2663,169.7611,147.2813,25.9024,0.793
80.967,2429,in_bed,0.6312,0.8467,0.0285,2.0916,0.8182,0.3912,0.8305,0.7799,0.4825,0.3559,0.0903,0.6189,0.5826,0.348,0.2974,0.1266,0.2656,169.7541,147.2524,25.8056,0.7946
81.0,2430,in_bed,0.6305,0.8469,0.0283,2.093,0.8185,0.3911,0.8318,0.7793,0.4818,0.3551,0.0903,0.6183,0.5822,0.3501,0.2975,0.1266,0.2648,169.6625,147.1273,25.8492,0.7948
81.033,2431,in_bed,0.6311,0.8464,0.0284,2.0912,0.818,0.3912,0.8302,0.7793,0.4829,0.3531,0.0903,0.6186,0.5826,0.3473,0.2964,0.1298,0.2628,169.2449,147.0023,26.1358,0.7935
81.067,2432,in_bed,0.6316,0.847,0.0291,2.0919,0.8178,0.391,0.8324,0.7796,0.4837,0.3516,0.0903,0.6187,0.5831,0.3487,0.2959,0.1321,0.2613,168.5887,146.7976,26.3324,0.7933
81.1,2433,in_bed,0.6314,0.8468,0.029,2.0911,0.8178,0.3911,0.8315,0.78,0.4828,0.3511,0.0903,0.6189,0.5835,0.3487,0.2972,0.1316,0.2608,168.437,146.7837,26.3117,0.7923
81.133,2434,in_bed,0.6312,0.8462,0.0287,2.089,0.8175,0.3913,0.8301,0.7801,0.4824,0.3526,0.0903,0.6193,0.5842,0.3477,0.2977,0.1298,0.2623,168.2471,146.614,26.3222,0.7914
81.167,2435,in_bed,0.6317,0.8463,0.0278,2.0896,0.8184,0.3917,0.8281,0.7809,0.4825,0.3536,0.0902,0.6206,0.5856,0.3455,0.2983,0.129,0.2633,168.2268,146.6433,26.3946,0.793
81.2,2436,in_bed,0.6318,0.8478,0.0283,2.0943,0.8195,0.3913,0.829,0.7818,0.4818,0.3562,0.0903,0.6215,0.5866,0.3472,0.3,0.1255,0.2659,168.8014,146.939,26.2314,0.7942
81.233,2437,in_bed,0.6331,0.8482,0.0289,2.0934,0.8193,0.3914,0.8288,0.7831,0.4831,0.361,0.0904,0.6224,0.5879,0.3457,0.3,0.1221,0.2705,169.452,147.2246,26.2216,0.7933
81.267,2438,in_bed,0.6345,0.848,0.0303,2.0912,0.8177,0.391,0.8269,0.7842,0.4848,0.3626,0.0906,0.6228,0.5882,0.3421,0.2994,0.1222,0.272,169.4184,147.2834,26.424,0.7917
81.3,2439,in_bed,0.6351,0.8474,0.0303,2.0886,0.8171,0.3912,0.8257,0.7851,0.4851,0.3638,0.0906,0.6236,0.5887,0.3407,0.3001,0.1213,0.2732,169.4333,147.2954,26.5267,0.7905
81.333,2440,in_bed,0.6346,0.8454,0.03,2.081,0.8154,0.3918,0.8224,0.7853,0.4838,0.3665,0.0906,0.624,0.589,0.3385,0.3014,0.1173,0.276,169.3378,147.1362,26.5326,0.7885
81.367,2441,in_bed,0.6351,0.8438,0.0303,2.0767,0.8134,0.3917,0.8212,0.7851,0.4851,0.3677,0.0906,0.6242,0.5888,0.3361,0.3,0.1174,0.277,169.3635,147.1775,26.8017,0.7857
81.4,2442,in_bed,0.6348,0.8431,0.0305,2.0752,0.8127,0.3916,0.8206,0.7846,0.485,0.3667,0.0906,0.6242,0.5881,0.3356,0.2996,0.1183,0.2761,169.4622,147.3054,26.8912,0.7843
81.433,2443,in_bed,0.6352,0.8423,0.0307,2.0733,0.8116,0.3915,0.82,0.7845,0.4859,0.3666,0.0906,0.6247,0.5882,0.3341,0.2986,0.1193,0.2759,169.5056,147.3171,26.9858,0.7825
81.467,2444,in_bed,0.6353,0.8423,0.0302,2.0727,0.8122,0.3918,0.8211,0.7841,0.4866,0.3659,0.0906,0.625,0.5883,0.3345,0.2975,0.1208,0.2753,169.5978,147.3196,27.0557,0.7823
81.5,2445,in_bed,0.6354,0.8433,0.0297,2.0749,0.8136,0.3921,0.8235,0.7841,0.4867,0.368,0.0905,0.6257,0.5884,0.3368,0.2974,0.1187,0.2775,169.7287,147.4067,27.1252,0.7839
81.533,2446,in_bed,0.6359,0.8441,0.0288,2.0756,0.8153,0.3928,0.8258,0.7844,0.4875,0.3699,0.0904,0.6264,0.5879,0.3383,0.2969,0.1176,0.2795,169.8394,147.4196,27.2069,0.7858
81.567,2447,in_bed,0.6356,0.8442,0.0285,2.0758,0.8157,0.393,0.8266,0.7839,0.4873,0.3736,0.0904,0.6265,0.5869,0.3393,0.2966,0.1136,0.2833,169.5873,147.6922,27.2162,0.7861
81.6,2448,in_bed,0.6355,0.8424,0.029,2.0708,0.8134,0.3928,0.8247,0.7836,0.4874,0.3748,0.0904,0.6263,0.5858,0.3373,0.2962,0.1126,0.2844,169.6082,147.6,27.3209,0.7849
81.633,2449,in_bed,0.6353,0.8424,0.0284,2.0702,0.8139,0.3932,0.8246,0.7834,0.4872,0.3745,0.0903,0.627,0.5854,0.3374,0.2962,0.1127,0.2842,169.4759,147.6941,27.2756,0.7861
81.667,2450,in_bed,0.634,0.8424,0.0277,2.0707,0.8147,0.3934,0.8269,0.7821,0.4859,0.369,0.0903,0.6258,0.5839,0.3411,0.2962,0.1169,0.2787,170.1502,147.6141,27.32,0.787
81.7,2451,in_bed,0.6322,0.8405,0.0297,2.0683,0.8108,0.392,0.8234,0.7804,0.484,0.3596,0.0902,0.6239,0.5824,0.3394,0.2964,0.1243,0.2694,169.0993,147.2177,27.4127,0.7846
81.733,2452,in_bed,0.631,0.8409,0.0282,2.0672,0.8126,0.3931,0.8254,0.7801,0.482,0.3569,0.0901,0.624,0.5824,0.3434,0.2982,0.1251,0.2668,169.1138,147.1653,27.2595,0.7864
81.767,2453,in_bed,0.6296,0.8405,0.0278,2.0665,0.8127,0.3933,0.8251,0.779,0.4803,0.3566,0.0901,0.6232,0.5817,0.3448,0.2987,0.1237,0.2665,169.4499,147.2737,27.325,0.7869
81.8,2454,in_bed,0.6295,0.8399,0.0283,2.0641,0.8115,0.3932,0.8227,0.7786,0.4803,0.354,0.0901,0.6225,0.5814,0.3423,0.2983,0.1263,0.264,169.3993,147.3699,27.435,0.7864
81.833,2455,in_bed,0.6288,0.8393,0.0279,2.0617,0.8114,0.3936,0.8229,0.7791,0.4786,0.3578,0.0901,0.6225,0.5813,0.3443,0.3005,0.1209,0.2677,169.6038,147.4018,27.2434,0.7853
81.867,2456,in_bed,0.629,0.8404,0.0269,2.067,0.8135,0.3935,0.823,0.7795,0.4784,0.3581,0.09,0.6228,0.5816,0.3446,0.3011,0.1203,0.2681,169.6679,147.3941,27.0944,0.7866
81.9,2457,in_bed,0.6293,0.8403,0.0264,2.0674,0.8139,0.3937,0.8229,0.7796,0.4789,0.3579,0.09,0.6232,0.5818,0.344,0.3007,0.121,0.268,169.9804,147.5979,27.0191,0.7863
81.933,2458,in_bed,0.6295,0.8416,0.0263,2.0724,0.8154,0.3934,0.8246,0.7799,0.4791,0.3591,0.09,0.6234,0.5821,0.3455,0.3008,0.1199,0.2691,169.8613,147.6628,27.0175,0.7869
81.967,2459,in_bed,0.6292,0.8417,0.0262,2.0726,0.8154,0.3934,0.825,0.7798,0.4785,0.3594,0.09,0.6232,0.5822,0.3465,0.3014,0.119,0.2694,169.621,147.7152,26.9801,0.7864
82.0,2460,in_bed,0.6289,0.8404,0.0276,2.0667,0.8128,0.3933,0.8231,0.7793,0.4786,0.3558,0.09,0.6222,0.5818,0.3446,0.3008,0.1228,0.2658,169.3921,147.4411,27.2063,0.7855
82.033,2461,in_bed,0.6294,0.8396,0.0278,2.0628,0.8118,0.3936,0.8228,0.7799,0.4789,0.3538,0.09,0.6226,0.5824,0.3439,0.301,0.1251,0.2638,168.9635,147.1937,27.3696,0.784
82.067,2462,in_bed,0.6298,0.8398,0.0275,2.0633,0.8123,0.3937,0.8227,0.7807,0.4788,0.3557,0.0901,0.6229,0.5829,0.3438,0.3019,0.1231,0.2657,168.9079,147.0402,27.4815,0.7831
82.1,2463,in_bed,0.6307,0.8408,0.0265,2.0681,0.8143,0.3937,0.8219,0.782,0.4795,0.3588,0.0901,0.6233,0.5827,0.3424,0.3025,0.1207,0.2687,169.6292,147.2783,27.1938,0.7841
82.133,2464,in_bed,0.6314,0.8401,0.0258,2.0663,0.8144,0.3941,0.8225,0.7822,0.4807,0.3575,0.0901,0.6235,0.5834,0.3419,0.3015,0.1232,0.2674,169.8586,147.3689,27.1577,0.7833
82.167,2465,in_bed,0.6324,0.8394,0.0252,2.064,0.8142,0.3945,0.8202,0.7826,0.4821,0.3544,0.0901,0.6241,0.5838,0.338,0.3005,0.1278,0.2643,169.8492,147.3682,27.2116,0.7825
82.2,2466,in_bed,0.6327,0.8399,0.025,2.066,0.815,0.3945,0.8224,0.7827,0.4826,0.355,0.0901,0.6242,0.5839,0.3398,0.3001,0.1276,0.2649,169.9079,147.3311,27.3105,0.7829
82.233,2467,in_bed,0.6323,0.8407,0.0246,2.0696,0.8161,0.3943,0.822,0.7827,0.482,0.3554,0.09,0.6243,0.5833,0.34,0.3007,0.1266,0.2654,169.9241,147.267,27.3638,0.7848
82.267,2468,in_bed,0.6329,0.8415,0.0248,2.0723,0.8167,0.3941,0.8228,0.7833,0.4826,0.3549,0.09,0.6242,0.5835,0.3403,0.3007,0.1276,0.2649,170.0203,147.4178,27.5158,0.7861
82.3,2469,in_bed,0.6337,0.8417,0.0255,2.072,0.8162,0.3939,0.8228,0.7838,0.4835,0.3533,0.0901,0.6244,0.5836,0.3393,0.3004,0.1302,0.2632,169.55,147.2489,27.7192,0.7859
82.333,2470,in_bed,0.6341,0.8416,0.0267,2.07,0.8148,0.3936,0.8222,0.7838,0.4843,0.3512,0.09,0.6242,0.5838,0.3378,0.2995,0.1331,0.2612,168.9893,147.1888,27.8888,0.7856
82.367,2471,in_bed,0.634,0.841,0.0268,2.0675,0.8142,0.3938,0.8224,0.7836,0.4843,0.3544,0.09,0.6246,0.5841,0.3381,0.2993,0.1299,0.2644,169.2301,147.2454,27.8421,0.7849
82.4,2472,in_bed,0.6339,0.8419,0.0266,2.0717,0.8153,0.3935,0.8228,0.7835,0.4843,0.354,0.0901,0.6241,0.5835,0.3385,0.2992,0.1303,0.2639,169.1478,147.2273,27.9151,0.7855
82.433,2473,in_bed,0.6335,0.8436,0.0259,2.0793,0.8177,0.3933,0.8258,0.7835,0.4835,0.3539,0.09,0.6238,0.5831,0.3423,0.3,0.1296,0.2639,169.2347,147.2015,27.8114,0.7876
82.467,2474,in_bed,0.6333,0.843,0.0266,2.0762,0.8164,0.3932,0.8247,0.7833,0.4833,0.3525,0.09,0.623,0.5827,0.3414,0.3,0.1308,0.2624,168.6671,146.9356,27.8661,0.7865
82.5,2475,in_bed,0.6332,0.8442,0.0293,2.079,0.8149,0.392,0.8271,0.7829,0.4835,0.351,0.0898,0.6221,0.5821,0.3435,0.2993,0.1325,0.2612,166.9885,146.6125,28.0795,0.7901
82.533,2476,in_bed,0.634,0.8441,0.0386,2.0759,0.8055,0.388,0.8268,0.7834,0.4847,0.3469,0.0881,0.6206,0.5809,0.3421,0.2987,0.1378,0.2588,164.6865,148.1118,27.8868,0.8199
82.567,2477,in_bed,0.6344,0.8436,0.0376,2.0772,0.8061,0.3881,0.8261,0.7834,0.4855,0.3482,0.0887,0.6211,0.5814,0.3406,0.298,0.1373,0.2595,165.1457,147.6115,27.7975,0.8087
82.6,2478,in_bed,0.6338,0.8447,0.0354,2.081,0.8093,0.3889,0.8281,0.7828,0.4849,0.3474,0.089,0.6209,0.5811,0.3432,0.298,0.1374,0.2584,165.9113,147.5148,27.7656,0.8041
82.633,2479,in_bed,0.6337,0.8456,0.0337,2.084,0.8119,0.3896,0.8297,0.7826,0.4847,0.348,0.0893,0.6211,0.5812,0.3449,0.2979,0.1368,0.2587,166.4975,147.3548,27.7591,0.8006
82.667,2480,in_bed,0.6334,0.8463,0.0322,2.086,0.8141,0.3903,0.8312,0.7823,0.4845,0.3534,0.0895,0.6216,0.5816,0.3467,0.2978,0.1311,0.2639,167.2481,147.2292,27.7129,0.7975
82.7,2481,in_bed,0.6332,0.846,0.031,2.0848,0.8149,0.3909,0.8312,0.782,0.4845,0.3532,0.0897,0.6217,0.5816,0.3468,0.2975,0.1312,0.2635,167.9708,147.2719,27.7125,0.794
82.733,2482,in_bed,0.633,0.8444,0.0311,2.0811,0.8133,0.3908,0.8308,0.7814,0.4846,0.3516,0.0899,0.6215,0.5815,0.3461,0.2968,0.133,0.2618,168.0084,147.1945,27.7002,0.7896
82.767,2483,in_bed,0.6328,0.843,0.0308,2.0765,0.8122,0.3911,0.8275,0.7809,0.4847,0.3496,0.0899,0.6213,0.5813,0.3428,0.2961,0.1351,0.2596,167.929,147.0882,27.6815,0.7871
82.8,2484,in_bed,0.6344,0.8419,0.0309,2.0738,0.811,0.391,0.8259,0.7814,0.4873,0.3509,0.0901,0.6224,0.5824,0.3386,0.2941,0.1365,0.2608,168.0362,147.053,27.9374,0.7835
82.833,2485,in_bed,0.6348,0.8415,0.032,2.0747,0.8095,0.3902,0.825,0.7815,0.488,0.3525,0.0902,0.6225,0.5825,0.337,0.2934,0.1355,0.2623,167.6601,146.8303,28.1191,0.7818
82.867,2486,in_bed,0.6358,0.8427,0.0317,2.079,0.811,0.3901,0.8267,0.7824,0.4892,0.3553,0.0903,0.6235,0.5829,0.3375,0.2932,0.1339,0.265,168.4392,147.1212,28.2387,0.7814
82.9,2487,in_bed,0.6359,0.8438,0.0309,2.0819,0.8129,0.3905,0.8283,0.783,0.4889,0.3573,0.0903,0.6237,0.5831,0.3394,0.2941,0.1316,0.2669,168.787,147.1797,28.2488,0.7823
82.933,2488,in_bed,0.6355,0.8439,0.0304,2.0827,0.8135,0.3906,0.8285,0.7829,0.4882,0.356,0.0904,0.6235,0.5825,0.3404,0.2948,0.1322,0.2656,169.0086,147.1914,28.1905,0.7818
82.967,2489,in_bed,0.6348,0.8443,0.0298,2.0835,0.8144,0.3909,0.8292,0.7824,0.4872,0.3552,0.0904,0.6235,0.5821,0.3421,0.2953,0.132,0.2648,169.4251,147.362,28.0883,0.7816
83.0,2490,in_bed,0.6341,0.8459,0.0287,2.0873,0.8173,0.3916,0.8326,0.7821,0.4862,0.3563,0.0903,0.6238,0.5821,0.3464,0.2959,0.1299,0.266,169.9761,147.6044,27.9599,0.7846
83.033,2491,in_bed,0.6338,0.8479,0.0275,2.093,0.8204,0.392,0.8387,0.782,0.4857,0.3581,0.0902,0.6241,0.5824,0.353,0.2963,0.1276,0.2678,170.5381,147.8622,27.8903,0.7926
83.067,2492,in_bed,0.6332,0.8485,0.0265,2.098,0.822,0.3918,0.8396,0.7823,0.4841,0.3606,0.0902,0.6247,0.5826,0.3555,0.2981,0.1236,0.2704,170.7614,147.9026,27.7506,0.7953
83.1,2493,in_bed,0.6322,0.8478,0.0266,2.0942,0.8213,0.3922,0.8383,0.7819,0.4825,0.3619,0.0902,0.6242,0.5821,0.3558,0.2994,0.1206,0.2718,170.7291,147.9039,27.7097,0.7935
83.133,2494,in_bed,0.632,0.8474,0.0263,2.093,0.8212,0.3923,0.8374,0.7821,0.4819,0.3618,0.0901,0.6248,0.5822,0.3555,0.3002,0.1201,0.2717,170.5236,147.9106,27.6102,0.7939
83.167,2495,in_bed,0.6322,0.8472,0.0263,2.0919,0.8209,0.3924,0.8369,0.7824,0.4819,0.364,0.0901,0.6253,0.5823,0.355,0.3005,0.1179,0.2739,170.0581,147.8088,27.5435,0.7939
83.2,2496,in_bed,0.6313,0.8467,0.0257,2.0916,0.821,0.3925,0.8361,0.7817,0.4808,0.3635,0.09,0.6254,0.582,0.3553,0.3008,0.1173,0.2735,169.5906,147.8917,27.3624,0.7933
83.233,2497,in_bed,0.6315,0.8449,0.0261,2.0836,0.8187,0.393,0.8322,0.7817,0.4812,0.3643,0.0901,0.6258,0.5826,0.351,0.3005,0.117,0.2742,169.6129,147.7856,27.3058,0.7864
83.267,2498,in_bed,0.631,0.8446,0.0248,2.0842,0.8198,0.3934,0.832,0.7818,0.4803,0.365,0.0899,0.6264,0.583,0.3517,0.3015,0.1153,0.2751,169.381,147.6159,27.1648,0.7875
83.3,2499,in_bed,0.6301,0.8434,0.0238,2.0809,0.8196,0.3939,0.83,0.7815,0.4787,0.3681,0.0898,0.6264,0.583,0.3513,0.3028,0.1106,0.2783,168.672,147.3607,26.9316,0.7881
83.333,2500,in_bed,0.6304,0.8439,0.0236,2.0826,0.8203,0.3939,0.8287,0.7818,0.479,0.3654,0.0898,0.627,0.5838,0.3497,0.3028,0.1136,0.2756,169.2456,147.2233,26.9707,0.7882
83.367,2501,in_bed,0.63,0.8435,0.0233,2.0814,0.8202,0.3941,0.8285,0.7819,0.4782,0.3681,0.0897,0.6276,0.5839,0.3503,0.3037,0.11,0.2784,168.6256,147.2713,26.9571,0.7882
83.4,2502,in_bed,0.6301,0.8437,0.0225,2.0836,0.8212,0.3941,0.8304,0.7818,0.4784,0.3659,0.0896,0.6275,0.5835,0.3521,0.3034,0.1124,0.2763,168.8615,147.4708,26.9756,0.7894
83.433,2503,in_bed,0.6308,0.8442,0.0226,2.085,0.8216,0.394,0.8315,0.7821,0.4795,0.3665,0.0896,0.6279,0.5835,0.352,0.3026,0.113,0.2769,169.1773,147.4326,26.9947,0.7902
83.467,2504,in_bed,0.6313,0.8433,0.023,2.0812,0.8203,0.3942,0.8289,0.7822,0.4805,0.3645,0.0896,0.6275,0.5831,0.3484,0.3017,0.116,0.2749,169.7775,147.3473,27.0199,0.7886
83.5,2505,in_bed,0.6321,0.8439,0.0235,2.0825,0.8205,0.394,0.8304,0.7822,0.482,0.3619,0.0897,0.6278,0.5834,0.3484,0.3001,0.1201,0.2722,169.5479,147.1719,27.215,0.7883
83.533,2506,in_bed,0.6327,0.8435,0.0232,2.0805,0.8203,0.3943,0.8324,0.7823,0.4831,0.3617,0.0897,0.6286,0.5839,0.3493,0.2992,0.1214,0.272,169.7067,147.2204,27.2395,0.7898
83.567,2507,in_bed,0.6326,0.8414,0.0233,2.0723,0.8181,0.3948,0.8296,0.7819,0.4833,0.3607,0.0897,0.6287,0.5841,0.3463,0.2986,0.1226,0.271,169.8328,147.3078,27.2943,0.7874
83.6,2508,in_bed,0.632,0.8402,0.0236,2.0667,0.8166,0.3951,0.8266,0.7816,0.4824,0.3611,0.0897,0.6286,0.584,0.3442,0.2992,0.1213,0.2714,169.8934,147.358,27.1971,0.7843
83.633,2509,in_bed,0.6322,0.8385,0.0238,2.0596,0.8147,0.3956,0.8249,0.7816,0.4827,0.3603,0.0897,0.6289,0.5841,0.3423,0.299,0.1224,0.2706,169.6263,147.2821,27.2638,0.7816
83.667,2510,in_bed,0.6318,0.8382,0.0234,2.0594,0.8148,0.3957,0.8258,0.7814,0.4821,0.3601,0.0897,0.6287,0.5839,0.3437,0.2992,0.122,0.2704,169.4504,147.1417,27.276,0.7818
83.7,2511,in_bed,0.631,0.8376,0.023,2.058,0.8146,0.3958,0.8263,0.781,0.481,0.3574,0.0897,0.6286,0.5835,0.3454,0.3,0.1235,0.2677,169.2966,147.1079,27.2658,0.7831
83.733,2512,in_bed,0.6303,0.8362,0.0239,2.0521,0.8123,0.3958,0.8235,0.78,0.4806,0.3543,0.0898,0.6278,0.5827,0.343,0.2994,0.1262,0.2645,169.0668,147.0186,27.4265,0.7782
83.767,2513,in_bed,0.6304,0.8356,0.0233,2.0514,0.8123,0.396,0.8237,0.7796,0.4812,0.3515,0.0898,0.6279,0.5829,0.3425,0.2984,0.1297,0.2617,169.2462,147.1623,27.5942,0.7777
83.8,2514,in_bed,0.6306,0.8353,0.0232,2.0506,0.8121,0.396,0.8247,0.7792,0.4821,0.3491,0.0897,0.6279,0.583,0.3426,0.2971,0.1329,0.2594,169.5374,147.4339,27.7622,0.7781
83.833,2515,in_bed,0.6302,0.8359,0.0249,2.0564,0.811,0.3944,0.8268,0.7782,0.4822,0.3458,0.0898,0.6272,0.5826,0.3446,0.296,0.1363,0.2561,169.0971,147.392,27.9197,0.7839
83.867,2516,in_bed,0.6304,0.8333,0.0264,2.0464,0.8069,0.3943,0.824,0.7778,0.483,0.3453,0.0899,0.6267,0.5824,0.341,0.2947,0.1377,0.2554,168.8517,147.304,28.1054,0.7756
83.9,2517,in_bed,0.6303,0.836,0.0276,2.054,0.8084,0.3936,0.8264,0.7769,0.4838,0.344,0.0899,0.6256,0.5817,0.3426,0.2932,0.1397,0.2541,168.2403,147.0016,28.1551,0.7816
83.933,2518,in_bed,0.6306,0.8329,0.027,2.0459,0.8058,0.3939,0.8243,0.7772,0.484,0.3456,0.0899,0.626,0.5824,0.3403,0.2932,0.1384,0.2557,168.4837,147.0009,28.1488,0.7757
83.967,2519,in_bed,0.6308,0.8378,0.0269,2.0614,0.8109,0.3934,0.8279,0.7769,0.4847,0.3477,0.09,0.6261,0.5827,0.3432,0.2922,0.137,0.2577,168.8262,147.0485,28.1855,0.7842
84.0,2520,in_bed,0.6323,0.8408,0.0259,2.0726,0.8149,0.3932,0.8307,0.778,0.4865,0.3534,0.0899,0.6277,0.5837,0.3442,0.2915,0.1331,0.2635,169.4365,147.2296,28.0753,0.7884
84.033,2521,in_bed,0.6324,0.84,0.0258,2.0693,0.8142,0.3935,0.8301,0.7781,0.4867,0.356,0.09,0.6279,0.5837,0.3434,0.2915,0.1307,0.2661,169.8028,147.3042,27.9638,0.7873
84.067,2522,in_bed,0.6335,0.8409,0.0259,2.072,0.8151,0.3934,0.8311,0.779,0.488,0.3581,0.09,0.6283,0.5837,0.3431,0.291,0.1299,0.2681,170.1215,147.4417,27.9582,0.7883
84.1,2523,in_bed,0.6338,0.8401,0.0256,2.0694,0.8146,0.3936,0.8305,0.7793,0.4883,0.3583,0.09,0.6283,0.5833,0.3422,0.2909,0.13,0.2683,170.1123,147.3827,28.0243,0.7876
84.133,2524,in_bed,0.6335,0.838,0.0254,2.0613,0.8125,0.3942,0.8287,0.7792,0.4878,0.3584,0.09,0.6284,0.5831,0.3409,0.2914,0.1294,0.2685,170.0025,147.3715,28.0548,0.7856
84.167,2525,in_bed,0.6334,0.8356,0.0257,2.052,0.8099,0.3947,0.8266,0.779,0.4879,0.3583,0.09,0.6283,0.583,0.3387,0.2911,0.1296,0.2683,170.3563,147.5689,28.1267,0.783
84.2,2526,in_bed,0.6331,0.835,0.0262,2.0497,0.8088,0.3946,0.8261,0.7785,0.4878,0.3567,0.0901,0.6279,0.5826,0.3383,0.2907,0.1311,0.2667,170.2821,147.4884,28.1035,0.7814
84.233,2527,in_bed,0.6328,0.8332,0.0271,2.0462,0.8061,0.3939,0.8223,0.7783,0.4874,0.3563,0.0901,0.6272,0.5827,0.3349,0.2909,0.1311,0.2661,170.1965,147.4325,28.1871,0.7719
84.267,2528,in_bed,0.6332,0.8338,0.0272,2.0487,0.8067,0.3937,0.823,0.7786,0.4878,0.3546,0.0902,0.6273,0.5833,0.3352,0.2908,0.1332,0.2644,170.2445,147.4488,28.1758,0.7714
84.3,2529,in_bed,0.6333,0.8343,0.0268,2.0503,0.8074,0.3938,0.8239,0.7786,0.488,0.3524,0.0902,0.6272,0.5834,0.3359,0.2905,0.1356,0.2622,170.2712,147.5022,28.1889,0.7723
84.333,2530,in_bed,0.6329,0.8336,0.0269,2.0492,0.8066,0.3936,0.8232,0.7777,0.4881,0.3495,0.0902,0.6265,0.5825,0.3351,0.2897,0.1386,0.2593,170.1514,147.4848,28.2917,0.7707
84.367,2531,in_bed,0.6325,0.8346,0.0268,2.0486,0.8077,0.3943,0.8257,0.7775,0.4875,0.3511,0.0902,0.6259,0.5821,0.3383,0.29,0.1364,0.2609,170.1994,147.4952,28.2885,0.777
84.4,2532,in_bed,0.6324,0.8332,0.0269,2.0484,0.8063,0.3936,0.8228,0.7778,0.4869,0.3471,0.0902,0.6251,0.5817,0.3358,0.2909,0.1399,0.2569,169.3283,147.1326,28.2609,0.7712
84.433,2533,in_bed,0.6322,0.8344,0.0284,2.0545,0.8061,0.3923,0.8244,0.778,0.4863,0.346,0.0902,0.6242,0.5812,0.3381,0.2917,0.1403,0.2558,168.0881,146.5849,28.3542,0.7727
84.467,2534,in_bed,0.6327,0.8359,0.0284,2.0591,0.8075,0.3922,0.8263,0.779,0.4865,0.3449,0.0902,0.6249,0.5815,0.3398,0.2925,0.1416,0.2547,168.0835,146.6833,28.4439,0.7752
84.5,2535,in_bed,0.6327,0.8362,0.0287,2.0616,0.8075,0.3917,0.8273,0.7791,0.4864,0.3403,0.0902,0.6244,0.581,0.3408,0.2926,0.1462,0.2501,167.4513,146.5622,28.623,0.776
84.533,2536,in_bed,0.6329,0.836,0.0287,2.0614,0.8073,0.3916,0.8271,0.7791,0.4866,0.3399,0.0902,0.6244,0.5811,0.3405,0.2925,0.1467,0.2497,167.2641,146.4918,28.6944,0.7758
84.567,2537,in_bed,0.6343,0.8373,0.0289,2.0659,0.8084,0.3913,0.8286,0.7803,0.4883,0.3426,0.0903,0.6257,0.5821,0.3403,0.292,0.1456,0.2524,167.2443,146.4623,28.7277,0.7771
84.6,2538,in_bed,0.6349,0.8381,0.0285,2.0681,0.8097,0.3915,0.8294,0.781,0.4888,0.3421,0.0903,0.6257,0.5825,0.3406,0.2922,0.1467,0.2518,167.27,146.5125,28.806,0.7776
84.633,2539,in_bed,0.635,0.8391,0.0279,2.07,0.8111,0.3918,0.8306,0.7811,0.4888,0.343,0.0903,0.6263,0.5831,0.3418,0.2923,0.1459,0.2527,167.491,146.5904,28.8348,0.7794
84.667,2540,in_bed,0.6353,0.8381,0.028,2.0677,0.8101,0.3918,0.8293,0.7812,0.4894,0.3475,0.0902,0.6261,0.5831,0.3399,0.2918,0.1419,0.2573,167.8533,146.7216,28.9395,0.7777
84.7,2541,in_bed,0.6349,0.8374,0.0277,2.065,0.8098,0.3921,0.8287,0.7807,0.4891,0.3481,0.0902,0.6256,0.583,0.3396,0.2915,0.141,0.2579,167.9805,146.7232,28.9786,0.7775
84.733,2542,in_bed,0.6348,0.8361,0.0288,2.0618,0.8072,0.3915,0.8269,0.7801,0.4896,0.347,0.0903,0.6251,0.5825,0.3373,0.2905,0.1426,0.2567,167.8025,146.6594,29.0127,0.7748
84.767,2543,in_bed,0.6346,0.8365,0.0292,2.063,0.8073,0.3913,0.8272,0.78,0.4891,0.3483,0.0903,0.6248,0.5825,0.3381,0.291,0.1407,0.258,167.8317,146.6432,28.9594,0.7758
84.8,2544,in_bed,0.6356,0.8373,0.0288,2.065,0.8085,0.3915,0.8282,0.7808,0.4904,0.3475,0.0903,0.6257,0.5829,0.3378,0.2905,0.1429,0.2572,167.9661,146.8118,28.9105,0.7768
84.833,2545,in_bed,0.6364,0.8377,0.0282,2.0652,0.8095,0.392,0.8285,0.7816,0.4912,0.3459,0.0902,0.6265,0.5832,0.3373,0.2903,0.1453,0.2557,168.3232,147.0498,28.9236,0.7772
84.867,2546,in_bed,0.6365,0.837,0.0281,2.0626,0.8089,0.3922,0.8277,0.7811,0.4918,0.3456,0.0901,0.6262,0.5826,0.3358,0.2893,0.1462,0.2555,168.2851,147.0507,29.0794,0.7773
84.9,2547,in_bed,0.6357,0.8353,0.0286,2.0586,0.8067,0.3919,0.8253,0.7804,0.491,0.3419,0.0901,0.6252,0.5813,0.3343,0.2894,0.1491,0.2518,167.7251,146.9891,29.1702,0.7738
84.933,2548,in_bed,0.6359,0.8362,0.0286,2.0606,0.8076,0.3919,0.8264,0.7807,0.491,0.3439,0.0901,0.6253,0.5813,0.3355,0.2897,0.1471,0.2538,167.789,146.8857,29.2066,0.7757
84.967,2549,in_bed,0.6353,0.835,0.0296,2.0589,0.8055,0.3912,0.8249,0.7799,0.4908,0.3436,0.0901,0.6245,0.5807,0.3341,0.2891,0.1472,0.2534,167.6118,146.8139,29.2664,0.7726
85.0,2550,in_bed,0.6356,0.8366,0.0293,2.0627,0.8073,0.3914,0.8271,0.7805,0.4908,0.3457,0.0901,0.6253,0.5812,0.3363,0.2897,0.1451,0.2555,167.8379,146.8604,29.0458,0.7758
85.033,2551,in_bed,0.6357,0.8374,0.0291,2.0644,0.8084,0.3916,0.8282,0.7807,0.4908,0.3456,0.0901,0.6257,0.582,0.3375,0.2899,0.1452,0.2555,168.2856,147.1554,28.9121,0.778
85.067,2552,in_bed,0.6358,0.8376,0.0286,2.0642,0.8091,0.392,0.829,0.7808,0.4908,0.3451,0.0901,0.626,0.5824,0.3382,0.29,0.1457,0.255,168.4439,147.2601,28.8393,0.7795
85.1,2553,in_bed,0.636,0.837,0.0279,2.061,0.8091,0.3926,0.8281,0.7809,0.4912,0.3426,0.09,0.626,0.5824,0.3369,0.2898,0.1485,0.2526,168.4851,147.3635,28.7924,0.7789
85.133,2554,in_bed,0.6361,0.8357,0.0273,2.056,0.8084,0.3932,0.826,0.7808,0.4914,0.3399,0.09,0.626,0.5819,0.3346,0.2894,0.1515,0.2499,168.4589,147.4332,28.7926,0.7769
85.167,2555,in_bed,0.6364,0.8376,0.0258,2.0592,0.8118,0.3942,0.8291,0.781,0.4918,0.3393,0.0898,0.6269,0.5823,0.3373,0.2892,0.1524,0.2496,168.8744,147.7242,28.7027,0.783
85.2,2556,in_bed,0.635,0.8425,0.0264,2.0793,0.8161,0.3925,0.8328,0.7805,0.4895,0.3476,0.0898,0.6267,0.5815,0.3434,0.291,0.1418,0.2579,169.042,147.5687,28.5614,0.7918
85.233,2557,in_bed,0.6348,0.843,0.0268,2.0812,0.8162,0.3922,0.8331,0.7801,0.4894,0.3482,0.0898,0.6261,0.581,0.3437,0.2908,0.1412,0.2584,168.8222,147.4182,28.6244,0.7921
85.267,2558,in_bed,0.6357,0.8374,0.0269,2.0598,0.8105,0.3935,0.829,0.7807,0.4906,0.3487,0.0899,0.6266,0.5816,0.3383,0.2901,0.142,0.2588,168.3563,147.1415,28.6821,0.7825
85.3,2559,in_bed,0.6362,0.8382,0.0269,2.0608,0.8113,0.3937,0.8299,0.7812,0.4912,0.348,0.0898,0.6272,0.5824,0.3387,0.29,0.1432,0.2581,167.9738,147.0103,28.5868,0.7846
85.333,2560,in_bed,0.6368,0.8399,0.0278,2.0657,0.8121,0.3931,0.8315,0.7817,0.4918,0.3494,0.0899,0.6278,0.5827,0.3398,0.29,0.1423,0.2595,167.2239,146.631,28.7029,0.7855
85.367,2561,in_bed,0.6368,0.8403,0.0287,2.0686,0.8116,0.3923,0.8319,0.7818,0.4918,0.3512,0.09,0.6277,0.5829,0.3401,0.29,0.1406,0.2612,166.6412,146.3013,28.6998,0.7846
85.4,2562,in_bed,0.6376,0.8392,0.031,2.0696,0.8081,0.3905,0.8306,0.7823,0.493,0.3526,0.0901,0.6277,0.5831,0.3376,0.2893,0.1404,0.2625,165.4534,145.7526,28.8473,0.7814
85.433,2563,in_bed,0.6377,0.839,0.0318,2.0698,0.8073,0.39,0.8301,0.7824,0.4929,0.354,0.0902,0.6278,0.5835,0.3371,0.2895,0.1389,0.2638,165.4194,145.7336,28.876,0.7803
85.467,2564,in_bed,0.6375,0.8417,0.0309,2.0682,0.8109,0.3921,0.8327,0.7824,0.4925,0.3533,0.0901,0.6275,0.5834,0.3402,0.2899,0.1392,0.2632,166.0281,146.0057,28.8637,0.7872
85.5,2565,in_bed,0.637,0.8377,0.0321,2.0652,0.8056,0.3901,0.8281,0.7818,0.4923,0.3523,0.09,0.6269,0.5828,0.3358,0.2894,0.1401,0.2622,165.4151,145.814,28.9562,0.7809
85.533,2566,in_bed,0.6358,0.8385,0.0322,2.0592,0.8063,0.3916,0.8296,0.7802,0.4914,0.3527,0.0899,0.6259,0.5819,0.3382,0.2888,0.1387,0.2628,164.7424,145.4541,28.9865,0.7902
85.567,2567,in_bed,0.635,0.8359,0.0316,2.0527,0.8044,0.3919,0.8271,0.7793,0.4908,0.3531,0.0899,0.6254,0.5815,0.3363,0.2884,0.1377,0.2632,164.7535,145.3528,29.0401,0.7879
85.6,2568,in_bed,0.6343,0.8324,0.0307,2.0447,0.8017,0.3921,0.8233,0.7787,0.4898,0.3572,0.0898,0.625,0.5815,0.3335,0.2889,0.1326,0.2674,165.0938,145.221,28.7871,0.7832
85.633,2569,in_bed,0.6347,0.8328,0.0303,2.0463,0.8025,0.3922,0.8218,0.7789,0.4905,0.3578,0.0898,0.6243,0.5808,0.3313,0.2884,0.1327,0.268,165.5765,145.3249,28.6063,0.7767
85.667,2570,in_bed,0.6347,0.8321,0.0299,2.044,0.8022,0.3925,0.8211,0.7787,0.4906,0.3565,0.0898,0.6242,0.5797,0.3305,0.2881,0.1341,0.2667,166.0219,145.4946,28.5788,0.7753
85.7,2571,in_bed,0.6352,0.8353,0.0295,2.0481,0.8059,0.3935,0.8263,0.7791,0.4912,0.3576,0.0898,0.6243,0.5789,0.3351,0.2879,0.1337,0.2678,166.4418,145.6366,28.5486,0.7855
85.733,2572,in_bed,0.6353,0.8325,0.0312,2.0452,0.8013,0.3918,0.8237,0.7789,0.4916,0.3547,0.0899,0.624,0.5781,0.3321,0.2873,0.1369,0.2648,165.7449,145.3835,28.6531,0.78
85.767,2573,in_bed,0.6356,0.8318,0.0321,2.0446,0.7997,0.3911,0.8229,0.7785,0.4926,0.3513,0.09,0.6235,0.5777,0.3303,0.2859,0.1413,0.2614,165.457,145.3872,28.8473,0.7778
85.8,2574,in_bed,0.6354,0.8319,0.0338,2.0444,0.7981,0.3904,0.8229,0.7782,0.4927,0.3481,0.0898,0.6232,0.5776,0.3302,0.2855,0.1445,0.2584,164.4701,145.4213,28.9187,0.7799
85.833,2575,in_bed,0.6354,0.8335,0.0316,2.043,0.8019,0.3925,0.8241,0.7782,0.4926,0.3461,0.0896,0.6234,0.5781,0.3316,0.2856,0.1465,0.2565,164.9908,145.6659,28.8758,0.7839
85.867,2576,in_bed,0.635,0.831,0.0302,2.0414,0.8008,0.3923,0.8219,0.7778,0.4922,0.3452,0.0896,0.6234,0.5786,0.3298,0.2856,0.1469,0.2557,165.2516,145.7296,28.8346,0.7787
85.9,2577,in_bed,0.6353,0.8311,0.0294,2.0406,0.8018,0.3929,0.822,0.7779,0.4926,0.344,0.0896,0.6237,0.5796,0.3293,0.2853,0.1486,0.2544,165.7394,146.0118,28.8487,0.7784
85.933,2578,in_bed,0.6348,0.8316,0.0278,2.0397,0.8038,0.3941,0.8234,0.7775,0.492,0.3413,0.0895,0.624,0.5802,0.3314,0.2855,0.1507,0.2518,165.9952,146.1394,28.7809,0.7826
85.967,2579,in_bed,0.6347,0.8405,0.0271,2.0744,0.8135,0.3921,0.8293,0.777,0.4924,0.3421,0.0895,0.6238,0.5804,0.3369,0.2846,0.1503,0.2527,166.5846,146.3869,28.7988,0.794
86.0,2580,in_bed,0.6346,0.834,0.0266,2.048,0.8074,0.3942,0.8255,0.7768,0.4924,0.3445,0.0895,0.6232,0.5811,0.3332,0.2845,0.1479,0.255,167.0456,146.515,28.7866,0.7844
86.033,2581,in_bed,0.6349,0.8326,0.0264,2.0432,0.8062,0.3946,0.8244,0.7772,0.4926,0.3447,0.0896,0.623,0.5812,0.3318,0.2846,0.1479,0.2551,167.1272,146.5052,29.0683,0.7806
86.067,2582,in_bed,0.6345,0.8327,0.0253,2.0456,0.8075,0.3947,0.8247,0.777,0.4919,0.3447,0.0895,0.6225,0.581,0.3328,0.2852,0.1472,0.2552,167.6319,146.7547,29.1068,0.7821
86.1,2583,in_bed,0.6338,0.8335,0.0253,2.0473,0.8082,0.3947,0.8253,0.7771,0.4906,0.3442,0.0896,0.6227,0.5821,0.3347,0.2864,0.1465,0.2546,167.2722,146.5412,29.0388,0.7828
86.133,2584,in_bed,0.6324,0.8333,0.0261,2.0467,0.8072,0.3944,0.8251,0.7759,0.4888,0.3406,0.0895,0.6218,0.5814,0.3363,0.2871,0.1482,0.2511,166.556,146.4102,28.9789,0.7846
86.167,2585,in_bed,0.632,0.841,0.0248,2.0813,0.8161,0.3921,0.8307,0.7756,0.4884,0.3385,0.0894,0.6226,0.5821,0.3423,0.2873,0.1499,0.249,166.8544,146.5762,29.0391,0.7967
86.2,2586,in_bed,0.6309,0.8405,0.0239,2.0813,0.8166,0.3924,0.8303,0.7753,0.4864,0.3396,0.0894,0.6231,0.5826,0.3439,0.2889,0.1467,0.2503,167.1002,146.5627,28.8776,0.7979
86.233,2587,in_bed,0.6309,0.8338,0.0251,2.0517,0.8087,0.3942,0.8258,0.7752,0.4867,0.3378,0.0894,0.6231,0.5833,0.3391,0.2885,0.1489,0.2484,166.5461,146.4501,28.9976,0.7884
86.267,2588,in_bed,0.63,0.8344,0.0254,2.0539,0.809,0.3939,0.8262,0.7747,0.4854,0.3372,0.0894,0.623,0.5842,0.3408,0.2893,0.1481,0.2479,166.4228,146.392,28.9235,0.7898
86.3,2589,in_bed,0.6299,0.8345,0.0259,2.0537,0.8086,0.3937,0.8263,0.7744,0.4854,0.3371,0.0894,0.6227,0.5847,0.3409,0.289,0.1483,0.2477,166.8151,146.6082,28.9192,0.7883
86.333,2590,in_bed,0.6299,0.8341,0.0256,2.0525,0.8085,0.3939,0.826,0.7743,0.4855,0.3395,0.0895,0.6227,0.5851,0.3405,0.2887,0.146,0.25,167.0421,146.5443,28.8742,0.787
86.367,2591,in_bed,0.6303,0.8399,0.0251,2.0767,0.8148,0.3923,0.83,0.7747,0.4859,0.3433,0.0895,0.6232,0.5858,0.344,0.2888,0.1427,0.2538,167.3639,146.5713,28.758,0.7949
86.4,2592,in_bed,0.6304,0.8376,0.0277,2.0639,0.8098,0.3924,0.8281,0.7743,0.4865,0.3436,0.0896,0.6227,0.5859,0.3416,0.2878,0.1428,0.254,166.5698,146.2869,28.7572,0.79
86.433,2593,in_bed,0.6316,0.8381,0.0282,2.0638,0.8098,0.3924,0.8288,0.7755,0.4877,0.3471,0.0897,0.6233,0.5866,0.341,0.2877,0.1406,0.2574,166.49,146.0885,28.8135,0.7891
86.467,2594,in_bed,0.6323,0.8377,0.0283,2.0619,0.8094,0.3925,0.8286,0.776,0.4885,0.3462,0.0897,0.6231,0.5876,0.3401,0.2875,0.1423,0.2565,166.2213,146.1283,28.7619,0.7886
86.5,2595,in_bed,0.6317,0.8381,0.0274,2.0651,0.8107,0.3926,0.8289,0.7757,0.4877,0.3494,0.0896,0.6225,0.5878,0.3411,0.288,0.1383,0.2598,166.3214,146.0077,28.5704,0.791
86.533,2596,in_bed,0.6311,0.8368,0.027,2.0608,0.8098,0.393,0.8277,0.7756,0.4867,0.3482,0.0896,0.6218,0.5877,0.341,0.289,0.1385,0.2586,166.3288,145.9832,28.4913,0.7896
86.567,2597,in_bed,0.6303,0.8356,0.0266,2.0569,0.809,0.3933,0.8266,0.7752,0.4855,0.3481,0.0896,0.6208,0.5881,0.3411,0.2898,0.1373,0.2585,166.3335,145.8344,28.4595,0.7869
86.6,2598,in_bed,0.6302,0.8325,0.0274,2.045,0.8051,0.3937,0.8217,0.775,0.4854,0.3465,0.0897,0.6194,0.5902,0.3363,0.2895,0.139,0.2567,166.0686,145.6973,28.6055,0.7752
86.633,2599,in_bed,0.63,0.8324,0.0309,2.0478,0.8016,0.3914,0.8222,0.7741,0.4858,0.3429,0.0893,0.6177,0.5937,0.3364,0.2883,0.1429,0.2536,164.6982,146.0251,28.7181,0.7786
86.667,2600,in_bed,0.6305,0.8328,0.0306,2.049,0.8021,0.3915,0.8226,0.7743,0.4867,0.3385,0.0894,0.6169,0.5996,0.336,0.2876,0.1482,0.2491,164.5306,146.0545,28.9293,0.778
86.7,2601,in_bed,0.6314,0.8354,0.029,2.0549,0.8065,0.3925,0.826,0.7748,0.4879,0.3412,0.0894,0.617,0.6082,0.338,0.2869,0.1467,0.2518,165.7873,146.4219,28.8683,0.7822
86.733,2602,in_bed,0.6308,0.8351,0.0276,2.0503,0.8075,0.3939,0.825,0.7748,0.4868,0.3394,0.0894,0.6156,0.6208,0.3381,0.288,0.1475,0.25,166.6257,146.5803,28.5589,0.7831
86.767,2603,in_bed,0.6301,0.835,0.0289,2.0513,0.8061,0.393,0.8243,0.7752,0.4851,0.3363,0.0894,0.614,0.6352,0.3392,0.2901,0.1487,0.247,166.0271,146.4697,28.3465,0.7817
86.8,2604,in_bed,0.6321,0.8365,0.0296,2.0562,0.8068,0.3924,0.826,0.7764,0.4878,0.3353,0.0894,0.6133,0.6463,0.3382,0.2886,0.1525,0.2459,166.1895,146.6916,28.6029,0.7837
86.833,2605,in_bed,0.6331,0.8372,0.0346,2.0583,0.8025,0.3899,0.8265,0.7768,0.4894,0.3336,0.0885,0.6125,0.6546,0.3371,0.2874,0.1558,0.2451,164.218,147.3159,28.4135,0.7947
86.867,2606,in_bed,0.6388,0.8445,0.0554,2.0637,0.7892,0.3824,0.8333,0.7822,0.4953,0.3245,0.0813,0.6147,0.6612,0.3379,0.2869,0.1708,0.2432,164.4109,163.2372,28.9591,0.9303
86.9,2607,in_bed,0.6496,0.8586,0.0762,2.1383,0.7823,0.3659,0.8546,0.7929,0.5062,0.3174,0.0822,0.6175,0.6714,0.3484,0.2867,0.1888,0.2352,169.4743,164.7558,30.0327,0.9872
86.933,2608,in_bed,0.6467,0.8537,0.0731,2.0899,0.7807,0.3735,0.8407,0.7889,0.5045,0.3215,0.08,0.6148,0.6729,0.3363,0.2845,0.1829,0.2415,172.9347,164.8362,30.0244,1.1618
86.967,2609,in_bed,0.6448,0.8514,0.0632,2.0822,0.7883,0.3786,0.8393,0.787,0.5027,0.3235,0.0811,0.6132,0.6739,0.3366,0.2843,0.1792,0.2424,175.3813,166.8028,29.949,1.0273
87.0,2610,in_bed,0.6442,0.849,0.0588,2.0961,0.7902,0.377,0.8373,0.786,0.5023,0.326,0.084,0.6129,0.6755,0.335,0.2837,0.1764,0.242,175.505,159.7527,30.0342,0.9126
87.033,2611,in_bed,0.6432,0.8493,0.0612,2.0984,0.788,0.3755,0.838,0.7858,0.5007,0.3272,0.084,0.6121,0.6755,0.3374,0.2852,0.1734,0.2432,168.2025,156.4948,29.4738,0.9102
87.067,2612,in_bed,0.6423,0.8483,0.0575,2.1088,0.7908,0.375,0.8373,0.785,0.4995,0.3274,0.0863,0.6117,0.6776,0.3377,0.2855,0.1721,0.2412,166.0999,152.024,29.5394,0.8486
87.1,2613,in_bed,0.6407,0.8473,0.0532,2.1131,0.7941,0.3758,0.8372,0.7839,0.4976,0.3266,0.0881,0.6114,0.6781,0.3395,0.2862,0.1711,0.2385,165.5759,149.3971,29.4603,0.814
87.133,2614,in_bed,0.6413,0.8484,0.0571,2.1081,0.7913,0.3754,0.8386,0.785,0.4976,0.328,0.0862,0.6121,0.6808,0.341,0.2874,0.1696,0.2419,162.2566,151.0142,28.9378,0.8427
87.167,2615,in_bed,0.6412,0.8491,0.0515,2.1136,0.7976,0.3774,0.8405,0.785,0.4974,0.3291,0.0877,0.6136,0.6849,0.3431,0.2876,0.1682,0.2414,164.3553,149.6008,28.6946,0.8194
87.2,2616,in_bed,0.6405,0.8495,0.0463,2.1147,0.8033,0.3799,0.8413,0.7844,0.4965,0.331,0.0887,0.6151,0.6872,0.3448,0.2879,0.1655,0.2423,165.9283,148.7737,28.4753,0.807
87.233,2617,in_bed,0.6402,0.8532,0.0416,2.1206,0.8116,0.3827,0.8447,0.7847,0.4956,0.3317,0.0894,0.6162,0.6902,0.349,0.2891,0.1639,0.2424,166.8311,148.0644,28.1941,0.8025
87.267,2618,in_bed,0.6397,0.8559,0.0379,2.1202,0.818,0.3858,0.8465,0.7842,0.4951,0.336,0.0896,0.6171,0.6914,0.3514,0.2891,0.1591,0.2464,168.1164,147.829,27.9252,0.8022
87.3,2619,in_bed,0.6395,0.8553,0.0359,2.1163,0.8193,0.3871,0.8458,0.7838,0.4952,0.3366,0.0898,0.6174,0.6927,0.3506,0.2886,0.1585,0.2468,169.0416,147.8352,27.7339,0.7999
87.333,2620,in_bed,0.639,0.8529,0.0348,2.1111,0.8181,0.3875,0.8437,0.7833,0.4947,0.3397,0.09,0.6179,0.6934,0.349,0.2886,0.1549,0.2498,169.6601,147.7135,27.5147,0.796
87.367,2621,in_bed,0.6397,0.8513,0.0336,2.107,0.8178,0.3881,0.8423,0.7843,0.4951,0.3396,0.0901,0.6193,0.6949,0.3472,0.2892,0.1555,0.2495,169.7449,147.7323,27.4224,0.7927
87.4,2622,in_bed,0.6403,0.8475,0.0335,2.0998,0.814,0.3877,0.8389,0.7847,0.4959,0.3401,0.0901,0.6203,0.6946,0.343,0.2888,0.1558,0.2499,169.6076,147.7106,27.4713,0.7886
87.433,2623,in_bed,0.6411,0.846,0.033,2.0936,0.813,0.3883,0.8367,0.7849,0.4972,0.3395,0.0902,0.6205,0.6941,0.3395,0.2877,0.1577,0.2493,169.6449,147.6331,27.5999,0.7855
87.467,2624,in_bed,0.6412,0.8445,0.0343,2.0898,0.8102,0.3877,0.8343,0.7848,0.4976,0.3394,0.0901,0.6196,0.6928,0.3367,0.2872,0.1582,0.2493,168.063,147.2195,27.7428,0.7826
87.5,2625,in_bed,0.6424,0.8447,0.0331,2.0878,0.8116,0.3887,0.8344,0.786,0.4988,0.3383,0.09,0.6201,0.6927,0.3356,0.2871,0.1606,0.2482,167.9367,147.1027,27.8877,0.7837
87.533,2626,in_bed,0.6422,0.8444,0.0325,2.0858,0.8119,0.3893,0.8343,0.7855,0.4988,0.3381,0.09,0.6197,0.6917,0.3355,0.2867,0.1608,0.2481,167.8472,147.0331,27.9563,0.7849
87.567,2627,in_bed,0.6412,0.8438,0.0315,2.0814,0.8123,0.3903,0.8333,0.7851,0.4973,0.3381,0.0898,0.6193,0.6914,0.336,0.2878,0.1592,0.2482,167.8385,146.9737,27.7544,0.787
87.6,2628,in_bed,0.6408,0.8433,0.0326,2.0803,0.8107,0.3897,0.8309,0.7851,0.4966,0.3402,0.0898,0.6192,0.6908,0.3343,0.2885,0.1564,0.2504,166.6088,146.4317,27.8107,0.7855
87.633,2629,in_bed,0.6405,0.8442,0.0325,2.0832,0.8116,0.3896,0.8313,0.7854,0.4956,0.341,0.0898,0.6191,0.6907,0.3357,0.2898,0.1546,0.2512,166.8477,146.546,27.7017,0.7854
87.667,2630,in_bed,0.6405,0.846,0.032,2.0891,0.8139,0.3896,0.8341,0.7855,0.4955,0.3406,0.0899,0.6198,0.6907,0.3386,0.29,0.1549,0.2507,167.0677,146.6947,27.5073,0.786
87.7,2631,in_bed,0.6405,0.8471,0.0312,2.0922,0.816,0.39,0.8358,0.7855,0.4954,0.3384,0.0899,0.6203,0.692,0.3404,0.2901,0.157,0.2485,167.5384,146.9814,27.3856,0.787
87.733,2632,in_bed,0.6405,0.847,0.0309,2.0919,0.8161,0.3901,0.8361,0.7851,0.4959,0.3357,0.0899,0.6205,0.6934,0.3402,0.2893,0.1601,0.2458,167.5072,146.9857,27.4169,0.7869
87.767,2633,in_bed,0.6403,0.8465,0.0309,2.0911,0.8156,0.39,0.8355,0.7847,0.4959,0.335,0.09,0.6207,0.6943,0.3396,0.2888,0.1609,0.245,167.7305,147.0445,27.4504,0.7865
87.8,2634,in_bed,0.641,0.846,0.031,2.0907,0.8149,0.3898,0.835,0.7847,0.4973,0.3343,0.09,0.621,0.6949,0.3378,0.2874,0.163,0.2443,168.0411,147.2565,27.794,0.7838
87.833,2635,in_bed,0.6413,0.846,0.0308,2.0919,0.8152,0.3897,0.8355,0.784,0.4987,0.3396,0.0901,0.621,0.6955,0.3367,0.2852,0.1591,0.2495,168.8309,147.3522,27.957,0.7838
87.867,2636,in_bed,0.6427,0.8471,0.0307,2.0952,0.8163,0.3896,0.8366,0.7846,0.5009,0.3409,0.0901,0.6219,0.6969,0.3357,0.2837,0.1601,0.2508,169.0759,147.4756,28.1734,0.7852
87.9,2637,in_bed,0.6435,0.8481,0.0307,2.0987,0.8174,0.3895,0.8376,0.7848,0.5023,0.3446,0.0901,0.6228,0.6979,0.3353,0.2825,0.1577,0.2545,169.3635,147.4988,28.1929,0.7869
87.933,2638,in_bed,0.645,0.85,0.0308,2.1049,0.8192,0.3892,0.8393,0.7859,0.504,0.3458,0.0901,0.6242,0.6996,0.3353,0.2819,0.1582,0.2557,169.3509,147.5071,28.2818,0.788
87.967,2639,in_bed,0.6457,0.8524,0.0306,2.113,0.8218,0.3889,0.8428,0.7862,0.5053,0.3488,0.0902,0.6256,0.702,0.3376,0.2809,0.1564,0.2586,169.4483,147.3077,28.2773,0.7922
88.0,2640,in_bed,0.6436,0.8516,0.03,2.1064,0.8216,0.3901,0.8426,0.7844,0.5027,0.3503,0.0901,0.6253,0.7023,0.3399,0.2817,0.1523,0.2602,169.5541,147.1089,27.9362,0.7971
88.033,2641,in_bed,0.6426,0.8608,0.0283,2.1449,0.8325,0.3881,0.8514,0.7831,0.502,0.3508,0.09,0.626,0.7046,0.3494,0.2811,0.1512,0.2608,169.6064,147.0036,27.7913,0.8085
88.067,2642,in_bed,0.6414,0.8696,0.0268,2.1817,0.8428,0.3863,0.8605,0.7824,0.5003,0.3519,0.0899,0.6275,0.7073,0.3601,0.2821,0.1485,0.262,169.8557,147.0263,27.6644,0.8188
88.1,2643,in_bed,0.6401,0.882,0.0259,2.2319,0.8561,0.3836,0.8727,0.7822,0.498,0.3545,0.0898,0.6292,0.7113,0.3746,0.2842,0.1435,0.2647,170.0667,147.0213,27.3584,0.8334
88.133,2644,in_bed,0.6389,0.8969,0.0246,2.2933,0.8723,0.3804,0.8864,0.7819,0.4959,0.3559,0.0898,0.6303,0.7145,0.3905,0.2859,0.14,0.2661,170.0669,146.9967,27.2417,0.8506
88.167,2645,in_bed,0.6377,0.9099,0.0249,2.3437,0.885,0.3776,0.8982,0.7823,0.4932,0.3565,0.0899,0.6329,0.7179,0.405,0.2891,0.1367,0.2666,170.1747,148.0129,27.2375,0.8586
88.2,2646,in_bed,0.6391,0.9177,0.0246,2.3743,0.8931,0.3761,0.9054,0.784,0.4942,0.3551,0.0901,0.6364,0.7214,0.4112,0.2898,0.1391,0.2651,170.0133,149.0832,27.3168,0.8622
88.233,2647,in_bed,0.6381,0.9235,0.0238,2.3984,0.8996,0.3751,0.9111,0.7844,0.4918,0.3575,0.0901,0.6378,0.724,0.4193,0.2926,0.1344,0.2674,168.9702,148.6268,27.0245,0.8678
88.267,2648,in_bed,0.6388,0.9298,0.0241,2.4245,0.9058,0.3736,0.9168,0.7852,0.4923,0.3562,0.0902,0.6396,0.7251,0.4245,0.293,0.136,0.266,168.9202,149.3551,27.1103,0.8703
88.3,2649,in_bed,0.6387,0.9334,0.0244,2.439,0.9091,0.3727,0.9202,0.7853,0.4922,0.3562,0.0904,0.6407,0.7263,0.428,0.2931,0.136,0.2658,168.6223,149.8572,27.3056,0.8694
88.333,2650,in_bed,0.6388,0.935,0.0246,2.445,0.9104,0.3724,0.917,0.7853,0.4923,0.3575,0.0905,0.6418,0.7278,0.4247,0.2931,0.1348,0.267,168.2565,150.3861,27.5477,0.8687
88.367,2651,in_bed,0.6383,0.9362,0.0253,2.4494,0.9109,0.3719,0.9182,0.7846,0.4921,0.3627,0.0907,0.641,0.7278,0.426,0.2924,0.1294,0.272,167.4111,150.8765,27.6475,0.8664
88.4,2652,in_bed,0.6373,0.9398,0.0252,2.4647,0.9146,0.3711,0.9214,0.7843,0.4903,0.3621,0.0907,0.6404,0.7273,0.4311,0.294,0.1282,0.2714,166.4947,151.0412,27.4796,0.8701
88.433,2653,in_bed,0.636,0.9413,0.0259,2.4703,0.9153,0.3705,0.9226,0.7836,0.4884,0.3634,0.0908,0.6397,0.7271,0.4342,0.2951,0.125,0.2726,165.6984,151.4527,27.3909,0.8691
88.467,2654,in_bed,0.6337,0.9424,0.0256,2.4753,0.9168,0.3704,0.9242,0.7822,0.4853,0.3667,0.0907,0.6392,0.7284,0.4389,0.2969,0.1187,0.276,164.5711,150.7286,27.1395,0.8737
88.5,2655,in_bed,0.6331,0.9433,0.0263,2.4792,0.917,0.3699,0.9246,0.7812,0.4849,0.3679,0.0907,0.6383,0.7281,0.4397,0.2963,0.117,0.2772,164.2518,151.0673,27.3159,0.8734
88.533,2656,in_bed,0.6315,0.9437,0.0253,2.4826,0.9184,0.3699,0.9296,0.7798,0.4833,0.3686,0.0907,0.6377,0.7287,0.4464,0.2965,0.1146,0.278,163.9742,150.2539,27.1477,0.8747
88.567,2657,in_bed,0.6298,0.9457,0.0246,2.4917,0.9211,0.3697,0.9271,0.7785,0.4812,0.3733,0.0906,0.6373,0.7291,0.4459,0.2973,0.1079,0.2827,162.7936,149.8448,26.8757,0.8793
88.6,2658,in_bed,0.6306,0.9476,0.025,2.4991,0.9225,0.3691,0.9284,0.7788,0.4825,0.3718,0.0906,0.6374,0.7294,0.4459,0.2963,0.1107,0.2811,163.1551,150.2362,26.9497,0.8798
88.633,2659,in_bed,0.6316,0.9483,0.0248,2.504,0.9235,0.3688,0.9292,0.7797,0.4836,0.3688,0.0907,0.6378,0.7294,0.4456,0.2961,0.1148,0.2781,163.7942,150.4806,27.0685,0.8799
88.667,2660,in_bed,0.6306,0.9495,0.0233,2.512,0.9262,0.3687,0.9309,0.7795,0.4818,0.3706,0.0905,0.6375,0.7301,0.4491,0.2977,0.1111,0.2801,163.4758,149.854,27.0459,0.885
88.7,2661,in_bed,0.632,0.9494,0.0234,2.5117,0.926,0.3687,0.9311,0.7806,0.4833,0.3708,0.0905,0.6375,0.7284,0.4478,0.2972,0.1125,0.2803,163.5516,150.1979,27.2356,0.8849
88.733,2662,in_bed,0.6316,0.9501,0.0222,2.5168,0.9279,0.3687,0.9323,0.7804,0.4827,0.3711,0.0905,0.6365,0.7259,0.4496,0.2977,0.1116,0.2806,163.4222,149.5499,27.1735,0.8869
88.767,2663,in_bed,0.6315,0.9516,0.0201,2.5257,0.9315,0.3688,0.934,0.7807,0.4823,0.3689,0.0903,0.636,0.7229,0.4517,0.2985,0.1134,0.2785,163.6777,148.8475,27.1252,0.8905
88.8,2664,in_bed,0.6316,0.9533,0.0199,2.533,0.9334,0.3685,0.9355,0.7805,0.4826,0.371,0.0903,0.6338,0.7165,0.4529,0.2979,0.1116,0.2807,163.4527,148.5849,27.3767,0.8924
88.833,2665,in_bed,0.6304,0.9546,0.0206,2.5381,0.934,0.368,0.9365,0.7796,0.4813,0.377,0.0903,0.6309,0.7073,0.4552,0.2982,0.1043,0.2867,162.1423,148.8806,27.4272,0.8938
88.867,2666,in_bed,0.6301,0.9559,0.021,2.5437,0.935,0.3676,0.9378,0.7792,0.4811,0.3815,0.0903,0.6275,0.6943,0.4567,0.2981,0.0995,0.2913,162.0172,149.1648,27.8032,0.896
88.9,2667,in_bed,0.6293,0.9568,0.0203,2.5493,0.9365,0.3673,0.9389,0.7786,0.4799,0.3761,0.0902,0.6239,0.6811,0.459,0.2987,0.1039,0.2858,164.0927,148.5496,28.6305,0.896
88.933,2668,in_bed,0.629,0.9595,0.0197,2.5629,0.9398,0.3667,0.9414,0.7781,0.4798,0.3704,0.09,0.6223,0.666,0.4616,0.2984,0.1094,0.2803,166.2976,148.0396,29.1392,0.899
88.967,2669,in_bed,0.6297,0.964,0.0205,2.5823,0.9435,0.3654,0.9457,0.7797,0.4797,0.3705,0.0899,0.6202,0.6506,0.4659,0.3,0.1092,0.2806,167.2949,147.6236,29.1847,0.9035
89.0,2670,in_bed,0.6307,0.97,0.0213,2.6088,0.9487,0.3636,0.951,0.7814,0.4799,0.3691,0.0898,0.6179,0.631,0.471,0.3015,0.1108,0.2793,168.3637,147.2296,29.4787,0.9097
89.033,2671,in_bed,0.6333,0.9796,0.0211,2.6524,0.9585,0.3614,0.9597,0.7853,0.4814,0.3672,0.0898,0.618,0.613,0.4783,0.304,0.1142,0.2774,168.911,147.1763,29.604,0.9214
89.067,2672,in_bed,0.6376,0.9881,0.0219,2.6899,0.9662,0.3592,0.9678,0.79,0.4851,0.3754,0.0899,0.6192,0.5956,0.4827,0.3049,0.1097,0.2855,168.0885,147.747,29.7487,0.9291
89.1,2673,in_bed,0.6445,0.9956,0.0226,2.7216,0.973,0.3575,0.9754,0.7972,0.4917,0.386,0.09,0.6231,0.5822,0.4837,0.3054,0.1057,0.296,167.5577,148.4042,30.0798,0.9362
89.133,2674,in_bed,0.6505,1.0037,0.0222,2.7572,0.9816,0.356,0.9837,0.804,0.497,0.391,0.09,0.6269,0.5712,0.4867,0.307,0.106,0.301,168.1069,148.3796,30.48,0.9453
89.167,2675,in_bed,0.6561,1.0098,0.0236,2.7816,0.9862,0.3545,0.9903,0.8115,0.5007,0.3983,0.0901,0.6309,0.5613,0.4897,0.3109,0.1024,0.3082,167.6148,149.0359,30.6958,0.9505
89.2,2676,in_bed,0.659,1.0139,0.0286,2.7937,0.9853,0.3527,0.9953,0.8161,0.5019,0.4128,0.0904,0.6319,0.551,0.4934,0.3142,0.0891,0.3224,164.6708,151.2492,30.9193,0.9501
89.233,2677,in_bed,0.6651,1.0186,0.0324,2.8092,0.9862,0.3511,1.001,0.8218,0.5084,0.4239,0.0909,0.6352,0.5453,0.4926,0.3135,0.0845,0.333,162.8722,153.2145,31.5041,0.9514
89.267,2678,in_bed,0.6686,1.0214,0.0356,2.8167,0.9858,0.35,1.0049,0.8249,0.5122,0.4367,0.0914,0.6367,0.5412,0.4926,0.3127,0.0755,0.3453,157.3519,157.6315,31.9833,0.9511
89.3,2679,in_bed,0.6642,1.0175,0.0473,2.8075,0.9703,0.3456,1.002,0.8212,0.5073,0.4454,0.0926,0.6316,0.5294,0.4947,0.3139,0.0619,0.3528,144.5777,147.9803,32.3138,0.9354
89.333,2680,in_bed,0.658,1.0136,0.0568,2.8139,0.9568,0.34,1.0,0.8155,0.5005,0.4565,0.0937,0.6241,0.5181,0.4995,0.315,0.044,0.3628,120.0835,124.9041,32.4357,0.918
89.367,2681,in_bed,0.6464,1.004,0.0731,2.8135,0.931,0.3309,0.9904,0.8046,0.4881,0.471,0.0947,0.611,0.502,0.5023,0.3164,0.0172,0.3762,100.1075,105.914,32.2174,0.8889
89.4,2682,in_bed,0.6361,0.9943,0.0859,2.8045,0.9084,0.3239,0.9807,0.7948,0.4774,0.4793,0.0954,0.599,0.4886,0.5033,0.3174,-0.0019,0.3839,94.9929,101.2936,31.9194,0.863
89.433,2683,in_bed,0.6291,0.986,0.0938,2.7902,0.8922,0.3197,0.9724,0.7872,0.4709,0.477,0.0957,0.5907,0.479,0.5015,0.3163,-0.006,0.3813,94.7093,101.3845,32.036,0.8537
89.467,2684,in_bed,0.6191,0.9792,0.0924,2.7774,0.8867,0.3193,0.9651,0.7791,0.4592,0.4788,0.0958,0.5814,0.4704,0.5059,0.3199,-0.0196,0.383,92.3411,98.4558,31.6103,0.8472
89.5,2685,in_bed,0.6107,0.9727,0.0884,2.7617,0.8843,0.3202,0.9582,0.7719,0.4496,0.48,0.0958,0.575,0.4641,0.5086,0.3223,-0.0304,0.3842,90.5108,95.8084,31.3217,0.8407
89.533,2686,in_bed,0.6047,0.9689,0.0919,2.7383,0.877,0.3203,0.9542,0.768,0.4414,0.483,0.0956,0.5713,0.4638,0.5129,0.3267,-0.0416,0.3874,88.3557,92.2671,30.8219,0.8319
89.567,2687,in_bed,0.6014,0.9661,0.0944,2.7119,0.8717,0.3214,0.9512,0.7663,0.4366,0.4846,0.0952,0.5734,0.4691,0.5147,0.3297,-0.048,0.3894,86.7681,89.3518,30.5552,0.8269
89.6,2688,in_bed,0.5991,0.9605,0.0927,2.6819,0.8678,0.3236,0.9409,0.7636,0.4347,0.4861,0.095,0.5762,0.4736,0.5062,0.3288,-0.0513,0.391,85.9656,87.9526,30.4631,0.8218
89.633,2689,in_bed,0.5982,0.955,0.0927,2.6569,0.8623,0.3246,0.9352,0.7602,0.4362,0.4841,0.0948,0.5771,0.4774,0.4989,0.324,-0.0478,0.3892,85.9449,88.1517,30.7339,0.8209
89.667,2690,in_bed,0.5975,0.9503,0.0911,2.63,0.8591,0.3267,0.9307,0.7575,0.4374,0.4841,0.0942,0.5771,0.4808,0.4933,0.3201,-0.0467,0.3899,85.6378,88.5503,30.8695,0.8261
89.7,2691,in_bed,0.5969,0.9469,0.0894,2.6069,0.8574,0.3289,0.9276,0.7562,0.4376,0.4887,0.0933,0.5784,0.485,0.49,0.3186,-0.0512,0.3954,84.0387,87.5346,30.5139,0.8371
89.733,2692,in_bed,0.5943,0.9435,0.087,2.583,0.8565,0.3316,0.9243,0.7536,0.4349,0.4929,0.0924,0.5777,0.4889,0.4894,0.3187,-0.058,0.4005,81.3726,85.4764,30.0969,0.8498
89.767,2693,in_bed,0.5955,0.9426,0.0868,2.5713,0.8558,0.3328,0.9235,0.7534,0.4376,0.4963,0.0916,0.5787,0.4943,0.4859,0.3158,-0.0588,0.4048,79.9228,85.5091,29.997,0.8657
89.8,2694,in_bed,0.5976,0.9428,0.0881,2.5648,0.8547,0.3333,0.9235,0.7551,0.44,0.4996,0.0907,0.5821,0.5025,0.4835,0.3151,-0.0596,0.4089,77.7944,85.0713,30.0127,0.8849
89.833,2695,in_bed,0.5996,0.9426,0.0894,2.5573,0.8532,0.3336,0.9287,0.7571,0.4421,0.5024,0.09,0.5855,0.5088,0.4866,0.315,-0.0603,0.4124,75.5542,84.469,30.1033,0.9027
89.867,2696,in_bed,0.6046,0.943,0.087,2.5523,0.8561,0.3354,0.9291,0.7598,0.4495,0.5043,0.0892,0.5903,0.5163,0.4796,0.3102,-0.0548,0.4151,75.2457,86.5788,30.5457,0.9257
89.9,2697,in_bed,0.6111,0.943,0.0813,2.551,0.8617,0.3378,0.9292,0.7631,0.4591,0.5079,0.0887,0.596,0.523,0.47,0.304,-0.0488,0.4193,75.5066,88.9807,30.9758,0.9447
89.933,2698,in_bed,0.6152,0.9429,0.077,2.5515,0.8659,0.3394,0.9239,0.7652,0.4653,0.5114,0.0884,0.5999,0.5284,0.4586,0.2999,-0.0461,0.423,76.3611,91.0773,30.9553,0.9556
89.967,2699,in_bed,0.6177,0.9434,0.0735,2.5555,0.8699,0.3404,0.9294,0.7662,0.4693,0.5149,0.0883,0.6041,0.5336,0.4601,0.2968,-0.0456,0.4266,76.4711,91.9278,31.0547,0.9601
90.0,2700,in_bed,0.6191,0.9424,0.0731,2.5477,0.8694,0.3412,0.9288,0.7679,0.4703,0.5192,0.0882,0.6075,0.5399,0.4586,0.2977,-0.0489,0.4309,76.4703,91.4355,30.5301,0.9552
90.033,2701,in_bed,0.6207,0.9413,0.0721,2.5407,0.8692,0.3421,0.928,0.7693,0.4722,0.5249,0.0882,0.6108,0.5467,0.4558,0.2971,-0.0528,0.4368,76.2434,90.9197,30.4232,0.9509
90.067,2702,in_bed,0.6211,0.9387,0.074,2.5218,0.8647,0.3429,0.9258,0.7702,0.4719,0.5283,0.0881,0.6125,0.5538,0.4538,0.2983,-0.0564,0.4402,75.9181,90.8285,30.578,0.9419
90.1,2703,in_bed,0.6221,0.9349,0.0768,2.4967,0.8581,0.3437,0.9225,0.7715,0.4727,0.531,0.0879,0.6154,0.5617,0.4498,0.2988,-0.0583,0.4431,76.5151,91.4794,30.4995,0.9319
90.133,2704,in_bed,0.622,0.9292,0.0809,2.4635,0.8483,0.3443,0.9173,0.7719,0.4721,0.5282,0.0879,0.6148,0.5676,0.4451,0.2998,-0.0561,0.4404,77.7079,93.2583,30.8856,0.9169
90.167,2705,in_bed,0.622,0.9209,0.0839,2.4225,0.837,0.3455,0.9101,0.7718,0.4722,0.5195,0.0878,0.6157,0.5716,0.4379,0.2996,-0.0473,0.4317,79.942,96.7466,31.6235,0.9029
90.2,2706,in_bed,0.6224,0.9141,0.0853,2.3902,0.8289,0.3468,0.904,0.7715,0.4733,0.5145,0.0877,0.6169,0.5758,0.4307,0.2982,-0.0412,0.4268,82.5855,100.0053,31.485,0.8935
90.233,2707,in_bed,0.6235,0.9059,0.0847,2.3598,0.8212,0.348,0.8965,0.7717,0.4753,0.5057,0.0876,0.618,0.5826,0.4213,0.2964,-0.0305,0.4182,85.8369,104.2357,32.0488,0.8838
90.267,2708,in_bed,0.6233,0.9043,0.0858,2.3488,0.8184,0.3484,0.8951,0.7717,0.4748,0.4961,0.0875,0.6178,0.5918,0.4203,0.2969,-0.0213,0.4086,87.9985,107.3758,33.0027,0.88
90.3,2709,in_bed,0.623,0.9028,0.0871,2.3441,0.8157,0.348,0.8936,0.7717,0.4744,0.4904,0.0873,0.6179,0.5992,0.4192,0.2973,-0.016,0.4031,90.0413,109.2906,32.8653,0.8773
90.333,2710,in_bed,0.6241,0.9064,0.0827,2.3417,0.8238,0.3518,0.8968,0.7733,0.4749,0.477,0.0872,0.618,0.6084,0.4219,0.2984,-0.0021,0.3898,94.8052,114.3984,33.6093,0.8785
90.367,2711,in_bed,0.6225,0.9075,0.0794,2.3376,0.8281,0.3543,0.8977,0.7726,0.4725,0.4751,0.0872,0.6134,0.6149,0.4252,0.3001,-0.0026,0.3879,95.7141,114.7734,33.3621,0.8826
90.4,2712,in_bed,0.6226,0.9123,0.0728,2.3379,0.8395,0.3591,0.9021,0.7734,0.4718,0.4711,0.0869,0.6141,0.6216,0.4303,0.3016,0.0007,0.3842,98.0398,116.5849,33.311,0.9005
90.433,2713,in_bed,0.6178,0.9118,0.0749,2.3323,0.8369,0.3588,0.9012,0.7695,0.4661,0.4697,0.0852,0.6075,0.6195,0.4351,0.3034,-0.0036,0.3845,97.9701,115.8093,32.6764,0.9407
90.467,2714,in_bed,0.6137,0.9113,0.0761,2.323,0.8352,0.3595,0.9004,0.7657,0.4617,0.4698,0.0834,0.5994,0.6158,0.4386,0.304,-0.0081,0.3864,97.455,115.6469,32.4719,0.9992
90.5,2715,in_bed,0.6054,0.9088,0.0732,2.3151,0.8355,0.3609,0.8974,0.7597,0.451,0.4676,0.0802,0.5888,0.6082,0.4464,0.3087,-0.0166,0.3874,101.4533,116.3529,31.9582,1.1099
90.533,2716,in_bed,0.6046,0.9106,0.0787,2.3265,0.8319,0.3576,0.899,0.7607,0.4486,0.4709,0.081,0.589,0.6076,0.4504,0.3121,-0.0223,0.3899,98.2489,113.6825,32.0427,1.0721
90.567,2717,in_bed,0.6003,0.9092,0.0719,2.3297,0.8373,0.3594,0.8975,0.7577,0.4429,0.472,0.0804,0.5832,0.6006,0.4547,0.3148,-0.0291,0.3915,95.8395,112.2862,31.5866,1.1325
90.6,2718,in_bed,0.5949,0.9068,0.061,2.3438,0.8458,0.3609,0.8954,0.7552,0.4346,0.4664,0.0801,0.579,0.5956,0.4608,0.3205,-0.0318,0.3863,94.0778,112.0132,31.1397,1.1577
90.633,2719,in_bed,0.5947,0.9095,0.0536,2.3755,0.856,0.3603,0.898,0.7582,0.4312,0.4668,0.0798,0.5801,0.5959,0.4668,0.3269,-0.0356,0.387,92.2358,110.7315,30.1367,1.1826
90.667,2720,in_bed,0.5983,0.9183,0.056,2.4038,0.8623,0.3587,0.9055,0.7644,0.4321,0.4687,0.0798,0.5874,0.6008,0.4734,0.3323,-0.0366,0.3889,90.6417,110.5337,29.8269,1.198
90.7,2721,in_bed,0.6046,0.9297,0.0631,2.4421,0.8666,0.3549,0.915,0.7729,0.4362,0.4705,0.0801,0.5996,0.6076,0.4788,0.3368,-0.0344,0.3905,90.0031,111.0895,29.6232,1.195
90.733,2722,in_bed,0.6101,0.9407,0.0717,2.485,0.869,0.3497,0.9245,0.7809,0.4393,0.4724,0.0807,0.6133,0.6122,0.4852,0.3416,-0.0331,0.3917,89.5523,110.7751,29.1678,1.1123
90.767,2723,in_bed,0.6162,0.9534,0.0807,2.5397,0.8727,0.3436,0.9361,0.7903,0.4422,0.4784,0.082,0.6271,0.6172,0.4939,0.3481,-0.0362,0.3963,89.4446,108.6637,27.9768,1.0247
90.8,2724,in_bed,0.6199,0.9621,0.0822,2.5772,0.8799,0.3414,0.943,0.7966,0.4432,0.48,0.0824,0.6325,0.6154,0.4998,0.3534,-0.0368,0.3976,88.7581,106.7292,25.9705,1.0164
90.833,2725,in_bed,0.6205,0.9685,0.0783,2.6051,0.8902,0.3417,0.9481,0.7998,0.4413,0.4788,0.0819,0.6341,0.6097,0.5069,0.3585,-0.0375,0.3969,87.112,104.5445,23.6492,1.0582
90.867,2726,in_bed,0.6175,0.9694,0.0679,2.6294,0.9014,0.3428,0.9484,0.8003,0.4346,0.4758,0.0816,0.6304,0.5988,0.5138,0.3656,-0.0412,0.3943,86.1586,100.4066,20.0791,1.089
90.9,2727,in_bed,0.6204,0.9733,0.0712,2.6492,0.902,0.3405,0.9518,0.8071,0.4338,0.474,0.0823,0.6317,0.5909,0.518,0.3733,-0.0402,0.3917,86.1828,98.4135,17.5346,1.0591
90.933,2728,in_bed,0.6219,0.9756,0.0761,2.6575,0.8995,0.3385,0.9536,0.8119,0.4318,0.4701,0.0828,0.6306,0.5769,0.5217,0.3801,-0.0382,0.3873,86.0528,96.3732,14.8614,1.0445
90.967,2729,in_bed,0.6243,0.9821,0.0796,2.6825,0.9025,0.3365,0.9577,0.8196,0.4291,0.4675,0.083,0.6342,0.5679,0.5287,0.3905,-0.0384,0.3844,85.4092,93.7826,12.1059,1.0528
91.0,2730,in_bed,0.6307,0.9906,0.0816,2.7128,0.909,0.3351,0.9656,0.8304,0.431,0.4704,0.0833,0.6414,0.5658,0.5346,0.3994,-0.0394,0.387,83.0098,91.6059,9.7797,1.0752
91.033,2731,in_bed,0.6351,0.9992,0.0806,2.7484,0.9186,0.3342,0.9729,0.8388,0.4314,0.4729,0.083,0.6467,0.5665,0.5414,0.4074,-0.0415,0.3899,81.7716,89.2997,7.6729,1.1171
91.067,2732,in_bed,0.6398,1.0088,0.081,2.7915,0.9278,0.3324,0.9823,0.8473,0.4322,0.4749,0.0831,0.6521,0.5674,0.5501,0.4151,-0.0427,0.3918,80.0776,86.8985,5.2259,1.1547
91.1,2733,in_bed,0.6479,1.0198,0.0809,2.8395,0.939,0.3307,0.9926,0.8603,0.4356,0.4778,0.0834,0.6626,0.5755,0.557,0.4247,-0.0422,0.3944,78.9913,84.7251,2.6973,1.1924
91.133,2734,in_bed,0.6554,1.032,0.0801,2.898,0.9519,0.3285,1.004,0.8722,0.4386,0.4806,0.0837,0.6731,0.5865,0.5653,0.4336,-0.0419,0.3969,78.5021,82.5829,0.3053,1.244
91.167,2735,in_bed,0.662,1.04,0.0779,2.9357,0.9621,0.3277,1.0128,0.8805,0.4436,0.4838,0.0834,0.6827,0.5952,0.5692,0.437,-0.0402,0.4004,78.1451,80.6381,2.0135,1.3408
91.2,2736,in_bed,0.6706,1.0496,0.0793,2.97,0.9703,0.3267,1.0229,0.891,0.4501,0.4884,0.0833,0.6933,0.6068,0.5728,0.441,-0.0383,0.4051,77.6949,79.3976,3.6117,1.4533
91.233,2737,in_bed,0.6783,1.057,0.0804,2.9962,0.9765,0.3259,1.03,0.9002,0.4565,0.4914,0.0832,0.703,0.6221,0.5736,0.4438,-0.035,0.4083,77.5914,78.6564,4.9758,1.5734
91.267,2738,in_bed,0.6845,1.0609,0.0804,3.0093,0.9805,0.3258,1.0335,0.9078,0.4612,0.489,0.0823,0.7163,0.6312,0.5723,0.4466,-0.0279,0.4067,79.3973,78.4973,6.4294,1.7241
91.3,2739,in_bed,0.696,1.0623,0.0818,3.0114,0.9806,0.3256,1.035,0.9234,0.4685,0.4834,0.0826,0.7393,0.6354,0.5665,0.4549,-0.0149,0.4008,80.4531,79.8261,7.3273,1.8639
91.333,2740,in_bed,0.7067,1.0642,0.0827,3.014,0.9815,0.3256,1.0374,0.9363,0.4771,0.4786,0.083,0.7541,0.6379,0.5602,0.4591,-0.0015,0.3957,81.1313,80.7266,8.5634,1.8533
91.367,2741,in_bed,0.7171,1.0635,0.0827,3.0052,0.9808,0.3264,1.0373,0.947,0.4873,0.4716,0.0833,0.7627,0.6402,0.5501,0.4597,0.0156,0.3883,82.2201,81.4825,10.2796,1.826
91.4,2742,in_bed,0.7222,1.0604,0.0823,2.9894,0.9781,0.3272,1.0345,0.9517,0.4926,0.4666,0.0836,0.8167,0.6336,0.5419,0.4591,0.026,0.3831,82.7422,80.7687,12.2774,1.797
91.433,2743,in_bed,0.729,1.0604,0.0837,2.9888,0.9767,0.3268,1.0335,0.9579,0.5002,0.459,0.0839,0.8252,0.624,0.5334,0.4577,0.0412,0.375,84.5717,81.3456,13.5332,1.7709
91.467,2744,in_bed,0.7398,1.0622,0.0797,3.0009,0.9825,0.3274,1.0339,0.9693,0.5104,0.4526,0.0841,0.8373,0.648,0.5235,0.4589,0.0578,0.3685,86.5922,81.7602,15.0022,1.7845
91.5,2745,in_bed,0.7463,1.0615,0.0765,3.0,0.9851,0.3284,1.0315,0.9787,0.5139,0.4468,0.0841,0.8474,0.6413,0.5176,0.4648,0.0671,0.3627,86.9182,82.5899,15.1754,1.7776
91.533,2746,in_bed,0.7523,1.0608,0.0726,2.9983,0.9882,0.3296,1.0297,0.9865,0.5182,0.4416,0.084,0.849,0.6351,0.5115,0.4682,0.0766,0.3576,87.4254,84.0405,14.8216,1.7467
91.567,2747,in_bed,0.7505,1.0547,0.0739,2.9676,0.9808,0.3305,1.0401,0.9842,0.5167,0.4356,0.0839,0.8426,0.5884,0.5234,0.4675,0.0811,0.3518,87.2732,85.2975,14.1529,1.7339
91.6,2748,in_bed,0.7459,1.0493,0.076,2.941,0.9733,0.3309,1.0357,0.9792,0.5127,0.4338,0.0838,0.837,0.5803,0.523,0.4665,0.0789,0.35,87.2301,86.9384,12.4015,1.7122
91.633,2749,in_bed,0.7392,1.0444,0.0792,2.9166,0.9652,0.3309,1.0156,0.9735,0.5049,0.4339,0.084,0.8288,0.5751,0.5108,0.4687,0.071,0.3499,86.9072,87.1502,11.2557,1.6636
91.667,2750,in_bed,0.7318,1.0362,0.0811,2.8795,0.9551,0.3317,1.0095,0.966,0.4975,0.4315,0.0839,0.818,0.5975,0.512,0.4685,0.066,0.3476,86.6746,87.7164,10.0959,1.6434
91.7,2751,in_bed,0.7242,1.0284,0.0829,2.8412,0.9454,0.3328,1.0033,0.9589,0.4894,0.4298,0.0839,0.8056,0.556,0.5139,0.4695,0.0596,0.3459,86.5613,87.9723,9.103,1.6218
91.733,2752,in_bed,0.7129,1.0198,0.0788,2.7993,0.941,0.3362,0.996,0.9482,0.4775,0.4278,0.0838,0.7035,0.5443,0.5184,0.4707,0.0497,0.344,86.0863,87.4837,8.4126,1.6124
91.767,2753,in_bed,0.7006,1.012,0.0753,2.7607,0.9367,0.3393,0.9901,0.9347,0.4664,0.4259,0.0835,0.6892,0.5345,0.5237,0.4683,0.0406,0.3423,85.1056,87.2854,7.4702,1.6279
91.8,2754,in_bed,0.69,1.0057,0.0756,2.7333,0.9301,0.3403,0.985,0.9209,0.459,0.4251,0.0832,0.6767,0.5329,0.5259,0.4618,0.0339,0.342,84.0069,87.8674,6.0184,1.6519
91.833,2755,in_bed,0.682,1.0008,0.0746,2.7103,0.9262,0.3417,0.9789,0.9126,0.4514,0.4265,0.083,0.6661,0.5341,0.5275,0.4612,0.0249,0.3436,82.762,88.3413,4.3245,1.6791
91.867,2756,in_bed,0.6752,0.9943,0.0739,2.6796,0.9203,0.3435,0.9709,0.9037,0.4467,0.4274,0.0826,0.6585,0.5349,0.5242,0.4571,0.0193,0.3448,81.0105,89.2881,2.6445,1.7227
91.9,2757,in_bed,0.6627,0.9823,0.0718,2.6296,0.9105,0.3463,0.9573,0.8873,0.4381,0.4299,0.0822,0.6484,0.5318,0.5192,0.4492,0.0082,0.3477,78.6424,89.2414,1.2682,1.7506
91.933,2758,in_bed,0.6478,0.9656,0.0708,2.5709,0.8948,0.3481,0.9412,0.8677,0.4279,0.4315,0.0818,0.7324,0.5541,0.5133,0.4398,-0.0036,0.3497,76.1249,88.7682,0.2187,1.7542
91.967,2759,in_bed,0.6332,0.9501,0.0683,2.519,0.8818,0.3501,0.9271,0.8499,0.4164,0.4407,0.0818,0.7131,0.5505,0.5107,0.4335,-0.0243,0.3589,74.7584,86.581,0.3375,1.7101
92.0,2760,in_bed,0.6205,0.934,0.0668,2.4616,0.8672,0.3523,0.9105,0.8363,0.4048,0.4646,0.0816,0.7007,0.5696,0.5058,0.4315,-0.0599,0.3831,70.8043,82.5661,1.1311,1.7225
92.033,2761,in_bed,0.608,0.9155,0.0714,2.388,0.8441,0.3535,0.892,0.8237,0.3922,0.4875,0.0813,0.6857,0.564,0.4998,0.4315,-0.0953,0.4062,66.6647,77.6457,1.2543,1.7512
92.067,2762,in_bed,0.5912,0.8916,0.0808,2.3188,0.8108,0.3497,0.8682,0.8062,0.3763,0.5007,0.0811,0.604,0.5259,0.4919,0.4298,-0.1244,0.4196,62.3888,74.1168,1.9597,1.7667
92.1,2763,in_bed,0.5823,0.8767,0.0619,2.3098,0.8148,0.3528,0.8658,0.7971,0.3676,0.511,0.0812,0.6036,0.5219,0.4982,0.4295,-0.1434,0.4297,61.7126,72.1657,2.8781,1.7111
92.133,2764,in_bed,0.5649,0.8543,0.0387,2.2856,0.8156,0.3568,0.8427,0.7803,0.3496,0.508,0.0807,0.595,0.5092,0.4931,0.4307,-0.1584,0.4272,61.3884,70.826,3.8976,1.5933
92.167,2765,in_bed,0.5521,0.8374,0.0217,2.2679,0.8157,0.3597,0.8237,0.7679,0.3362,0.5035,0.08,0.5827,0.4982,0.4874,0.4316,-0.1673,0.4235,59.9118,70.7514,4.7044,1.5402
92.2,2766,in_bed,0.5416,0.8243,0.0182,2.2355,0.8061,0.3606,0.8091,0.7564,0.3268,0.5001,0.0797,0.5725,0.5013,0.4822,0.4296,-0.1732,0.4204,58.971,71.1265,5.3183,1.4934
92.233,2767,in_bed,0.5424,0.8216,0.0187,2.2156,0.8029,0.3624,0.8071,0.755,0.3299,0.5041,0.0795,0.5745,0.5047,0.4772,0.4252,-0.1742,0.4246,58.7411,71.3146,5.4979,1.526
92.267,2768,in_bed,0.5184,0.7988,0.0221,2.1323,0.7767,0.3643,0.7724,0.7273,0.3094,0.4784,0.0794,0.5546,0.4954,0.463,0.4179,-0.169,0.399,58.0457,71.9135,5.5365,1.5728
92.3,2769,in_bed,0.4931,0.7738,0.0284,2.0329,0.7453,0.3666,0.7634,0.6972,0.289,0.4545,0.0792,0.6029,0.5668,0.4744,0.4082,-0.1655,0.3753,56.5827,72.6703,6.0489,1.6534
92.333,2770,in_bed,0.4793,0.7585,0.0362,1.9679,0.7223,0.3671,0.7585,0.6777,0.2808,0.4388,0.0793,0.5981,0.5505,0.4778,0.397,-0.158,0.3594,57.0711,74.6021,7.3063,1.5497
92.367,2771,in_bed,0.4989,0.7376,0.0318,1.8868,0.7059,0.3741,,0.6861,0.3118,0.4396,0.0792,0.6381,0.5671,,0.3742,-0.1278,0.3604,66.4345,80.5043,9.5161,1.3762
92.4,2772,in_bed,0.5155,0.7556,0.0236,1.9542,0.732,0.3746,,0.6975,0.3334,0.4121,0.0788,0.6675,0.5721,,0.3641,-0.0787,0.3333,76.328,90.118,11.9609,1.2973
92.433,2773,in_bed,0.5367,0.7768,-0.0031,2.0524,0.78,0.38,,0.7091,0.3642,0.4032,0.0773,0.7225,0.596,,0.3449,-0.0391,0.3259,83.2944,98.6478,14.751,1.3034
92.467,2774,in_bed,0.5711,0.8097,-0.0171,2.1648,0.8268,0.3819,,0.7414,0.4009,0.4076,0.0764,0.7676,0.5709,,0.3405,-0.0067,0.3312,89.046,104.823,16.5843,1.345
92.5,2775,in_bed,0.6013,0.8355,-0.0149,2.2287,0.8504,0.3816,,0.7702,0.4324,0.4169,0.0766,0.8055,0.6432,,0.3377,0.0155,0.3403,94.4215,109.2734,18.0638,1.3411
92.533,2776,in_bed,0.6084,0.8397,-0.0004,2.2129,0.8401,0.3796,,0.776,0.4408,0.4123,0.0776,0.8218,0.6031,,0.3352,0.0285,0.3347,97.5368,112.2065,19.1601,1.306
92.567,2777,in_bed,0.6095,0.8363,0.0105,2.1782,0.8258,0.3791,,0.7742,0.4448,0.4035,0.0783,0.834,0.6522,,0.3295,0.0413,0.3252,100.1521,114.3483,19.4867,1.2843
92.6,2778,in_bed,0.6136,0.8435,0.0218,2.1761,0.8217,0.3776,,0.7745,0.4527,0.402,0.0789,0.8435,0.6594,,0.3218,0.0507,0.3231,102.0537,116.1965,19.9236,1.2848
92.633,2779,in_bed,0.6214,0.8513,0.0294,2.1826,0.8219,0.3766,,0.7763,0.4666,0.4074,0.0792,0.8513,0.6703,,0.3096,0.0592,0.3282,104.8106,118.1598,20.4899,1.2805
92.667,2780,in_bed,0.6281,0.8614,0.0337,2.2021,0.8278,0.3759,,0.7734,0.4828,0.4151,0.0794,0.8614,0.6848,,0.2907,0.0677,0.3357,107.6349,119.2065,20.105,1.3088
92.7,2781,in_bed,0.6366,0.8682,0.0361,2.2142,0.8321,0.3758,,0.7781,0.4951,0.4199,0.0795,0.8682,0.6941,,0.283,0.0753,0.3404,110.3422,120.3358,19.9069,1.3313
92.733,2782,in_bed,0.6422,0.8793,0.0391,2.2428,0.8401,0.3746,,0.7798,0.5046,0.4274,0.0796,0.8793,0.7055,,0.2753,0.0771,0.3479,112.6896,119.9546,18.9496,1.3891
92.767,2783,in_bed,0.6473,0.8748,0.041,2.215,0.8338,0.3764,,0.7861,0.5085,0.4303,0.0797,0.8748,0.7057,,0.2776,0.0782,0.3506,114.4187,120.1344,18.9948,1.3415
92.8,2784,in_bed,0.6453,0.865,0.0424,2.1762,0.8226,0.378,,0.7862,0.5044,0.4328,0.0797,0.856,0.6204,,0.2818,0.0716,0.3531,113.6669,117.3815,17.391,1.3203
92.833,2785,in_bed,0.6476,0.8697,0.0439,2.1904,0.8259,0.377,,0.7923,0.5029,0.4352,0.0797,0.8373,0.605,,0.2894,0.0677,0.3555,113.0006,115.7313,16.4323,1.3252
92.867,2786,in_bed,0.6522,0.8765,0.0459,2.2129,0.8306,0.3753,,0.8002,0.5042,0.4371,0.0797,0.8196,0.5942,,0.296,0.0671,0.3574,112.7288,114.6395,15.4606,1.3488
92.9,2787,in_bed,0.6578,0.8834,0.047,2.2392,0.8364,0.3735,,0.8116,0.504,0.437,0.0798,0.7962,0.6295,,0.3076,0.067,0.3572,112.6136,114.2183,15.0149,1.357
92.933,2788,in_bed,0.6568,0.8834,0.0472,2.24,0.8361,0.3733,,0.8136,0.5,0.4401,0.0798,0.7921,0.5801,,0.3136,0.0599,0.3603,111.1977,112.0522,13.9383,1.3707
92.967,2789,in_bed,0.6586,0.8868,0.0478,2.2535,0.839,0.3723,,0.8198,0.4974,0.4422,0.0797,0.7825,0.5765,,0.3224,0.0552,0.3625,110.2624,111.0173,13.4966,1.4078
93.0,2790,in_bed,0.6625,0.893,0.0484,2.2758,0.8446,0.3711,,0.8276,0.4974,0.444,0.0797,0.7786,0.5755,,0.3302,0.0534,0.3643,109.2996,109.7691,12.4677,1.4575
93.033,2791,in_bed,0.6634,0.8949,0.0503,2.2791,0.8446,0.3706,,0.8287,0.498,0.4479,0.0797,0.7794,0.5731,,0.3307,0.0501,0.3681,107.8622,107.7759,11.0414,1.516
93.067,2792,in_bed,0.664,0.8939,0.0514,2.2744,0.8425,0.3704,,0.8288,0.4992,0.4494,0.0797,0.7794,0.573,,0.3296,0.0498,0.3697,106.9208,106.1377,9.5618,1.6119
93.1,2793,in_bed,0.6617,0.8918,0.053,2.2636,0.8388,0.3706,,0.8253,0.4982,0.451,0.0797,0.6746,0.5724,,0.3271,0.0472,0.3713,106.7176,105.3904,9.1455,1.6678
93.133,2794,in_bed,0.6553,0.886,0.0511,2.2466,0.8349,0.3716,,0.8175,0.4932,0.4509,0.0797,0.6724,0.5695,,0.3243,0.0422,0.3713,106.7259,104.7911,9.0569,1.737
93.167,2795,in_bed,0.6532,0.8826,0.0508,2.2346,0.8318,0.3722,,0.8129,0.4935,0.4502,0.0797,0.6726,0.5689,,0.3194,0.0433,0.3705,106.8154,104.5871,8.6672,1.7521
93.2,2796,in_bed,0.6496,0.879,0.0537,2.2175,0.8253,0.3722,,0.8091,0.49,0.4483,0.0797,0.6706,0.5662,,0.3191,0.0417,0.3686,107.2174,105.6184,9.6187,1.74
93.233,2797,in_bed,0.647,0.8774,0.055,2.2109,0.8224,0.372,,0.8081,0.486,0.4458,0.0798,0.6679,0.5643,,0.3221,0.0402,0.3661,106.6172,105.667,9.8107,1.7392
93.267,2798,in_bed,0.6458,0.8779,0.0555,2.2124,0.8225,0.3718,,0.807,0.4846,0.4449,0.0798,0.6669,0.5635,,0.3224,0.0397,0.3652,106.0276,105.4706,9.6911,1.7407
93.3,2799,in_bed,0.6477,0.8812,0.0547,2.2246,0.8265,0.3715,,0.8101,0.4852,0.4429,0.0798,0.7822,0.5639,,0.3249,0.0423,0.3632,106.3408,105.8481,9.6181,1.7548
93.333,2800,in_bed,0.6482,0.8826,0.0557,2.2283,0.8269,0.3711,,0.8107,0.4857,0.441,0.0798,0.6674,0.5634,,0.325,0.0448,0.3612,106.8179,105.3769,8.8212,1.7533
93.367,2801,in_bed,0.6498,0.8853,0.0554,2.239,0.8299,0.3706,,0.8128,0.4867,0.4384,0.0798,0.6677,0.5632,,0.3262,0.0483,0.3586,107.598,105.2737,8.1814,1.7625
93.4,2802,in_bed,0.6498,0.8856,0.0551,2.2405,0.8304,0.3707,,0.8121,0.4875,0.4378,0.0798,0.6666,0.562,,0.3246,0.0497,0.358,108.101,105.1178,7.822,1.7656
93.433,2803,in_bed,0.6437,0.8819,0.0532,2.2306,0.8286,0.3715,,0.8056,0.4818,0.438,0.0797,0.6624,0.5585,,0.3238,0.0438,0.3582,107.5037,104.285,7.9284,1.7785
93.467,2804,in_bed,0.6404,0.8795,0.0518,2.2247,0.8277,0.3721,,0.8026,0.4783,0.436,0.0797,0.6595,0.5563,,0.3242,0.0424,0.3563,107.6912,104.6856,8.5791,1.7433
93.5,2805,in_bed,0.6335,0.8736,0.0501,2.2068,0.8235,0.3732,,0.793,0.474,0.4387,0.0796,0.6564,0.5536,,0.3191,0.0353,0.3591,106.5218,103.6638,8.7065,1.7568
93.533,2806,in_bed,0.6333,0.8718,0.0513,2.1989,0.8205,0.3731,,0.7936,0.4729,0.4386,0.0797,0.6564,0.5539,,0.3206,0.0344,0.3589,106.42,104.375,9.4924,1.7469
93.567,2807,in_bed,0.6336,0.8698,0.052,2.1905,0.8177,0.3733,,0.7933,0.4739,0.4381,0.0797,0.6563,0.5542,,0.3194,0.0358,0.3584,106.6432,105.2847,10.1358,1.728
93.6,2808,in_bed,0.6348,0.8704,0.0511,2.1952,0.8193,0.3732,,0.7954,0.4741,0.4364,0.0797,0.7747,0.5532,,0.3213,0.0377,0.3567,106.7637,105.848,10.3822,1.729
93.633,2809,in_bed,0.6356,0.8714,0.0504,2.2002,0.821,0.3731,,0.7971,0.4742,0.4366,0.0797,0.7693,0.5526,,0.323,0.0376,0.3569,106.9456,106.3292,10.8486,1.7271
93.667,2810,in_bed,0.6382,0.8736,0.0487,2.2117,0.8248,0.3729,,0.8015,0.475,0.4351,0.0796,0.7637,0.5519,,0.3265,0.0399,0.3555,107.2793,106.9544,11.1304,1.7208
93.7,2811,in_bed,0.6407,0.8759,0.0477,2.2214,0.8282,0.3728,,0.8053,0.4761,0.4322,0.0796,0.7606,0.5521,,0.3292,0.0439,0.3526,108.3386,108.6854,12.1095,1.7021
93.733,2812,in_bed,0.6426,0.8781,0.0467,2.231,0.8314,0.3726,,0.8079,0.4773,0.432,0.0796,0.7591,0.5534,,0.3306,0.0453,0.3525,108.8563,109.6941,12.7999,1.6945
93.767,2813,in_bed,0.6426,0.8786,0.0465,2.2329,0.8321,0.3726,,0.8077,0.4776,0.4338,0.0795,0.7591,0.5543,,0.3301,0.0438,0.3542,109.0125,109.8386,13.1671,1.6919
93.8,2814,in_bed,0.6426,0.8788,0.0443,2.2387,0.8345,0.3728,,0.8087,0.4765,0.4335,0.0795,0.7561,0.5534,,0.3322,0.0431,0.354,109.1738,110.3747,13.8356,1.677
93.833,2815,in_bed,0.6435,0.8801,0.0455,2.2418,0.8347,0.3723,,0.8097,0.4773,0.4355,0.0795,0.756,0.5542,,0.3324,0.0417,0.356,109.2645,110.8385,14.5118,1.6606
93.867,2816,in_bed,0.6441,0.8803,0.0472,2.2383,0.833,0.3722,,0.809,0.4792,0.44,0.0796,0.7583,0.557,,0.3299,0.0391,0.3605,108.9508,110.6896,14.8544,1.6413
93.9,2817,in_bed,0.6455,0.882,0.0496,2.242,0.8324,0.3713,,0.8106,0.4805,0.4432,0.0796,0.759,0.5589,,0.3301,0.0373,0.3636,108.7378,110.6063,15.1675,1.6267
93.933,2818,in_bed,0.6481,0.8844,0.052,2.2485,0.8323,0.3702,,0.8132,0.483,0.4453,0.0797,0.7601,0.5599,,0.3302,0.0377,0.3656,109.244,111.0958,15.5987,1.6066
93.967,2819,in_bed,0.6501,0.8865,0.0544,2.2536,0.832,0.3692,,0.8158,0.4844,0.4487,0.0798,0.7615,0.5613,,0.3313,0.0358,0.3689,109.3713,110.6715,15.5476,1.5943
94.0,2820,in_bed,0.649,0.8851,0.0544,2.2487,0.8307,0.3694,,0.8146,0.4835,0.4504,0.0798,0.6448,0.5602,,0.3311,0.0331,0.3707,109.5323,110.7406,16.0302,1.5985
94.033,2821,in_bed,0.6457,0.8829,0.0524,2.2454,0.8306,0.3699,,0.8115,0.4798,0.4539,0.0797,0.759,0.5577,,0.3317,0.0259,0.3742,108.6553,109.705,16.2885,1.6015
94.067,2822,in_bed,0.6471,0.8842,0.0538,2.2485,0.8304,0.3693,,0.8131,0.4812,0.4563,0.0798,0.7599,0.5589,,0.3319,0.0249,0.3766,108.5373,109.2831,16.0913,1.5918
94.1,2823,in_bed,0.6494,0.8862,0.055,2.2536,0.8312,0.3688,,0.8155,0.4833,0.4584,0.0798,0.7607,0.5605,,0.3321,0.025,0.3786,108.5636,108.9633,15.7521,1.5924
94.133,2824,in_bed,0.65,0.8859,0.0559,2.2515,0.83,0.3687,,0.8154,0.4845,0.4609,0.0798,0.7615,0.5612,,0.3309,0.0236,0.3811,108.4281,108.6054,15.6229,1.5857
94.167,2825,in_bed,0.6534,0.8885,0.0554,2.2613,0.833,0.3684,,0.8184,0.4885,0.4599,0.0798,0.7618,0.5624,,0.3299,0.0286,0.3801,109.2855,108.9172,15.1146,1.5905
94.2,2826,in_bed,0.6548,0.8892,0.0559,2.2629,0.8333,0.3682,,0.8191,0.4904,0.4607,0.0798,0.7623,0.5629,,0.3287,0.0298,0.3809,109.5219,108.8496,14.9035,1.5827
94.233,2827,in_bed,0.6553,0.8883,0.0575,2.2569,0.8308,0.3681,,0.8187,0.4918,0.4615,0.0799,0.7634,0.5641,,0.3269,0.0303,0.3816,109.8354,108.862,14.8624,1.5619
94.267,2828,in_bed,0.6554,0.8883,0.0591,2.2554,0.8293,0.3677,,0.8195,0.4913,0.4645,0.0799,0.7635,0.5652,,0.3282,0.0268,0.3846,109.0767,107.997,14.6724,1.5471
94.3,2829,in_bed,0.6559,0.8886,0.0605,2.255,0.8282,0.3673,,0.8204,0.4915,0.4674,0.08,0.7639,0.5665,,0.3289,0.0241,0.3875,108.2376,107.4609,14.6575,1.5296
94.333,2830,in_bed,0.6549,0.8881,0.0601,2.2539,0.8279,0.3673,,0.8195,0.4903,0.4691,0.08,0.7636,0.5666,,0.3291,0.0212,0.3892,107.7885,107.11,14.81,1.5192
94.367,2831,in_bed,0.6528,0.886,0.0589,2.2482,0.8271,0.3679,,0.8175,0.4882,0.4706,0.0799,0.7626,0.5657,,0.3293,0.0176,0.3907,107.1437,106.5439,14.8515,1.5189
94.4,2832,in_bed,0.6517,0.8847,0.0599,2.2423,0.8248,0.3678,,0.8154,0.4879,0.4739,0.08,0.762,0.5652,,0.3275,0.014,0.394,106.7404,106.0314,14.979,1.5032
94.433,2833,in_bed,0.6529,0.8855,0.0611,2.2427,0.8243,0.3676,,0.817,0.4887,0.474,0.08,0.762,0.566,,0.3283,0.0147,0.3941,106.8165,105.878,14.6799,1.5037
94.467,2834,in_bed,0.6529,0.8853,0.062,2.2411,0.8234,0.3674,,0.8169,0.4888,0.4742,0.08,0.7609,0.5657,,0.328,0.0146,0.3942,106.7089,105.5417,14.3583,1.5
94.5,2835,in_bed,0.6535,0.8863,0.0632,2.2423,0.8231,0.3671,,0.8183,0.4887,0.474,0.08,0.7608,0.5662,,0.3296,0.0147,0.394,106.7153,105.8009,14.5644,1.5001
94.533,2836,in_bed,0.6544,0.8867,0.0629,2.2434,0.8238,0.3672,,0.8183,0.4904,0.4708,0.08,0.7614,0.5666,,0.3279,0.0196,0.3908,107.7319,107.023,14.8601,1.5049
94.567,2837,in_bed,0.6554,0.8878,0.0618,2.2492,0.826,0.3672,,0.8192,0.4916,0.4691,0.08,0.7612,0.5659,,0.3276,0.0225,0.3891,108.1537,107.415,14.7491,1.5159
94.6,2838,in_bed,0.657,0.8896,0.0611,2.2568,0.8285,0.3671,,0.8216,0.4924,0.4658,0.08,0.7618,0.566,,0.3292,0.0266,0.3858,108.7402,108.1111,14.7437,1.5247
94.633,2839,in_bed,0.658,0.8903,0.0608,2.2599,0.8294,0.367,,0.8234,0.4926,0.4644,0.08,0.7606,0.5655,,0.3308,0.0282,0.3844,108.8659,108.1095,14.5191,1.5301
94.667,2840,in_bed,0.6577,0.89,0.0617,2.2573,0.8283,0.3669,,0.8224,0.4929,0.4652,0.08,0.7608,0.5653,,0.3295,0.0277,0.3852,108.6741,107.8743,14.3689,1.5249
94.7,2841,in_bed,0.656,0.8884,0.0622,2.2511,0.8263,0.3671,,0.8204,0.4915,0.4669,0.08,0.7609,0.565,,0.3288,0.0246,0.3869,108.1388,107.1341,14.1897,1.5159
94.733,2842,in_bed,0.6557,0.8881,0.0631,2.2484,0.825,0.3669,,0.8199,0.4915,0.4685,0.08,0.7607,0.5643,,0.3284,0.0231,0.3884,107.8564,106.5328,13.8742,1.5101
94.767,2843,in_bed,0.6567,0.8894,0.0634,2.252,0.8261,0.3668,,0.8206,0.4928,0.4676,0.08,0.7616,0.5642,,0.3278,0.0253,0.3875,108.2809,106.5497,13.5249,1.5194
94.8,2844,in_bed,0.6554,0.888,0.0622,2.2496,0.8258,0.3671,,0.8183,0.4925,0.4686,0.08,0.7625,0.563,,0.3258,0.0239,0.3886,107.8832,106.2973,13.5509,1.5234
94.833,2845,in_bed,0.6566,0.8875,0.0618,2.249,0.8257,0.3671,,0.8188,0.4943,0.4686,0.08,0.7631,0.5632,,0.3245,0.0257,0.3886,108.2006,106.5837,13.5171,1.5222
94.867,2846,in_bed,0.657,0.8873,0.0615,2.2492,0.8259,0.3672,,0.8185,0.4954,0.4679,0.08,0.764,0.5635,,0.3231,0.0275,0.3879,108.4856,106.9609,13.5842,1.5206
94.9,2847,in_bed,0.6555,0.8856,0.0601,2.2449,0.8255,0.3677,,0.8162,0.4949,0.4672,0.08,0.7635,0.5628,,0.3213,0.0276,0.3873,108.5621,107.0824,13.6542,1.526
94.933,2848,in_bed,0.6575,0.8865,0.062,2.2449,0.8244,0.3672,,0.8187,0.4963,0.4662,0.08,0.764,0.564,,0.3224,0.03,0.3862,108.8479,107.2937,13.4612,1.5226
94.967,2849,in_bed,0.6583,0.8867,0.0634,2.2433,0.8232,0.367,,0.8195,0.4971,0.4666,0.0801,0.7649,0.5644,,0.3224,0.0305,0.3865,108.9327,107.3297,13.4309,1.5149
95.0,2850,in_bed,0.6567,0.8857,0.0627,2.2408,0.8229,0.3672,,0.8183,0.4951,0.4672,0.08,0.7653,0.5636,,0.3232,0.0279,0.3872,108.6486,106.9356,13.4479,1.5158
95.033,2851,in_bed,0.6588,0.887,0.0637,2.2434,0.8233,0.367,,0.8205,0.4971,0.4669,0.08,0.7665,0.5651,,0.3234,0.0303,0.3868,109.0997,106.8584,13.0141,1.5195
95.067,2852,in_bed,0.653,0.8811,0.0629,2.2238,0.8182,0.3679,,0.8125,0.4935,0.4733,0.08,0.656,0.5632,,0.3189,0.0202,0.3933,107.3311,105.0185,12.9104,1.502
95.1,2853,in_bed,0.6551,0.8833,0.0651,2.2285,0.8182,0.3672,,0.8153,0.4949,0.4728,0.0801,0.7683,0.564,,0.3205,0.0221,0.3927,107.5856,105.1205,12.7353,1.4966
95.133,2854,in_bed,0.6574,0.8849,0.0663,2.2313,0.8186,0.3669,,0.8182,0.4967,0.4723,0.0801,0.7685,0.5656,,0.3215,0.0244,0.3922,107.8855,105.1891,12.4507,1.5009
95.167,2855,in_bed,0.6586,0.8857,0.0672,2.2325,0.8185,0.3666,,0.8199,0.4973,0.472,0.0801,0.7684,0.566,,0.3226,0.0253,0.3919,107.9896,105.3205,12.4391,1.4997
95.2,2856,in_bed,0.6596,0.8865,0.0672,2.2356,0.8193,0.3665,,0.8208,0.4984,0.4707,0.0801,0.7684,0.567,,0.3223,0.0277,0.3906,108.6969,105.6397,12.3721,1.5022
95.233,2857,in_bed,0.6619,0.8883,0.0682,2.2406,0.8201,0.366,,0.8237,0.5001,0.4696,0.0801,0.7688,0.5685,,0.3236,0.0305,0.3895,109.2131,106.1974,12.4653,1.5013
95.267,2858,in_bed,0.664,0.8896,0.0693,2.2429,0.8203,0.3658,,0.8259,0.5021,0.4679,0.0801,0.7702,0.5699,,0.3238,0.0342,0.3878,109.8741,106.6223,12.2857,1.5002
95.3,2859,in_bed,0.6624,0.8883,0.0688,2.239,0.8196,0.366,,0.8234,0.5014,0.4677,0.0801,0.7709,0.5693,,0.3219,0.0338,0.3876,109.8351,106.8487,12.5879,1.4993
95.333,2860,in_bed,0.6636,0.8897,0.0687,2.244,0.821,0.3659,,0.8254,0.5017,0.4666,0.0801,0.7707,0.5692,,0.3237,0.0351,0.3865,109.9282,107.1562,12.69,1.5062
95.367,2861,in_bed,0.6668,0.8932,0.0687,2.2573,0.8245,0.3653,,0.8298,0.5037,0.4654,0.0801,0.7701,0.5691,,0.3261,0.0383,0.3853,110.2165,107.5016,12.5473,1.5128
95.4,2862,in_bed,0.6667,0.8943,0.0683,2.2622,0.8261,0.3652,,0.8307,0.5026,0.4654,0.0801,0.7696,0.5686,,0.328,0.0372,0.3853,110.0491,107.4329,12.6202,1.5218
95.433,2863,in_bed,0.6655,0.894,0.0682,2.2608,0.8258,0.3653,,0.83,0.5009,0.4649,0.0801,0.7693,0.5673,,0.3292,0.036,0.3848,109.8247,107.3595,12.7346,1.5235
95.467,2864,in_bed,0.6613,0.8916,0.0669,2.2545,0.8247,0.3658,,0.8256,0.497,0.4664,0.0801,0.6597,0.5651,,0.3286,0.0306,0.3863,109.1774,106.6799,12.9156,1.5242
95.5,2865,in_bed,0.658,0.8896,0.0663,2.2484,0.8234,0.3662,,0.8216,0.4944,0.4688,0.0801,0.6576,0.5638,,0.3273,0.0255,0.3888,108.588,106.1931,13.2228,1.5145
95.533,2866,in_bed,0.6587,0.8907,0.066,2.2522,0.8248,0.3662,,0.823,0.4944,0.4678,0.0801,0.7701,0.5636,,0.3286,0.0266,0.3877,108.8728,106.3796,13.2107,1.5204
95.567,2867,in_bed,0.6562,0.8888,0.0652,2.2464,0.8236,0.3666,,0.8204,0.4921,0.4704,0.0801,0.77,0.563,,0.3283,0.0216,0.3904,107.9307,105.5729,13.2649,1.5179
95.6,2868,in_bed,0.6562,0.8883,0.0651,2.2447,0.8232,0.3667,,0.8204,0.492,0.4692,0.08,0.7688,0.563,,0.3284,0.0229,0.3891,108.2178,105.7682,13.2289,1.5219
95.633,2869,in_bed,0.6553,0.8859,0.0649,2.2363,0.8211,0.3671,,0.8192,0.4913,0.468,0.08,0.7669,0.5626,,0.3279,0.0234,0.3879,108.3671,105.728,13.0987,1.5239
95.667,2870,in_bed,0.6558,0.886,0.065,2.2358,0.821,0.3672,,0.8196,0.4921,0.4676,0.08,0.767,0.5629,,0.3275,0.0245,0.3875,108.6808,105.8441,13.0141,1.5272
95.7,2871,in_bed,0.6539,0.8841,0.0646,2.2296,0.8195,0.3675,,0.8171,0.4907,0.4697,0.08,0.6542,0.5614,,0.3264,0.021,0.3897,108.2543,105.1497,12.9585,1.5217
95.733,2872,in_bed,0.6516,0.8821,0.0647,2.2229,0.8174,0.3677,,0.8145,0.4887,0.472,0.08,0.653,0.5602,,0.3258,0.0167,0.392,107.5048,104.3321,12.892,1.5118
95.767,2873,in_bed,0.6529,0.883,0.0658,2.2245,0.8172,0.3674,,0.8164,0.4895,0.4709,0.08,0.7664,0.561,,0.3269,0.0186,0.3909,107.9056,104.6513,12.8994,1.5083
95.8,2874,in_bed,0.6526,0.8829,0.0639,2.2282,0.819,0.3676,,0.816,0.4892,0.4721,0.08,0.7654,0.5606,,0.3268,0.0171,0.3921,107.7615,104.2534,12.7693,1.5127
95.833,2875,in_bed,0.6436,0.8759,0.0576,2.2164,0.8183,0.3692,,0.8056,0.4816,0.4799,0.0799,0.6465,0.5553,,0.324,0.0017,0.4,105.1632,101.4684,12.7189,1.5057
95.867,2876,in_bed,0.6401,0.8733,0.0577,2.2073,0.8156,0.3695,,0.8025,0.4777,0.484,0.0799,0.6457,0.5545,,0.3248,-0.0063,0.4041,103.7149,100.2638,12.8699,1.4948
95.9,2877,in_bed,0.6427,0.8767,0.0593,2.2165,0.8174,0.3688,,0.8063,0.4791,0.4818,0.0799,0.7623,0.5558,,0.3272,-0.0027,0.4019,104.2312,101.1597,13.1101,1.4975
95.933,2878,in_bed,0.641,0.876,0.0581,2.2179,0.8179,0.3688,,0.8055,0.4764,0.4855,0.0799,0.646,0.555,,0.3291,-0.0091,0.4056,103.2389,100.2306,13.2939,1.4887
95.967,2879,in_bed,0.6458,0.8797,0.0608,2.2262,0.8189,0.3679,,0.8114,0.4803,0.4815,0.08,0.7623,0.5592,,0.3311,-0.0012,0.4015,104.4827,101.5119,13.1979,1.4879
96.0,2880,in_bed,0.6478,0.8804,0.0605,2.2282,0.8199,0.368,,0.8127,0.4829,0.4755,0.08,0.7613,0.5588,,0.3298,0.0074,0.3956,105.9848,103.2412,13.4071,1.499
96.033,2881,in_bed,0.6499,0.881,0.0608,2.2289,0.8202,0.368,,0.8149,0.4848,0.4701,0.08,0.7608,0.5595,,0.3301,0.0147,0.3901,107.0885,104.7661,13.6209,1.5083
96.067,2882,in_bed,0.6535,0.8847,0.0607,2.2424,0.824,0.3675,,0.8192,0.4877,0.4665,0.08,0.7609,0.5605,,0.3316,0.0212,0.3865,107.8091,105.8736,13.6202,1.5209
96.1,2883,in_bed,0.6575,0.8888,0.0622,2.2544,0.8266,0.3667,,0.8239,0.4911,0.4637,0.08,0.7626,0.563,,0.3329,0.0274,0.3837,108.6488,107.0983,13.7568,1.5246
96.133,2884,in_bed,0.6553,0.888,0.0598,2.2546,0.8282,0.3673,,0.8215,0.4892,0.4654,0.08,0.7624,0.5622,,0.3323,0.0238,0.3854,108.0879,106.9892,14.2192,1.5361
96.167,2885,in_bed,0.6559,0.8892,0.0589,2.2605,0.8304,0.3673,,0.8216,0.4903,0.4662,0.0799,0.763,0.5622,,0.3312,0.0241,0.3862,108.3382,107.2182,14.3749,1.5372
96.2,2886,in_bed,0.6572,0.8901,0.0597,2.262,0.8304,0.3671,,0.8224,0.492,0.4664,0.08,0.7639,0.5633,,0.3304,0.0256,0.3865,108.7463,107.7173,14.627,1.5288
96.233,2887,in_bed,0.6527,0.8871,0.0555,2.2587,0.8316,0.3682,,0.817,0.4885,0.4675,0.0799,0.7622,0.5601,,0.3285,0.021,0.3876,108.2209,107.236,14.9019,1.5344
96.267,2888,in_bed,0.6521,0.8875,0.0549,2.2614,0.8326,0.3682,,0.8166,0.4876,0.4683,0.0798,0.7614,0.5589,,0.329,0.0193,0.3884,107.8529,107.0477,15.0142,1.5379
96.3,2889,in_bed,0.6479,0.8842,0.0526,2.2537,0.8317,0.369,,0.811,0.4848,0.4707,0.0798,0.7603,0.5563,,0.3262,0.0142,0.3909,107.0003,106.2057,15.0724,1.5343
96.333,2890,in_bed,0.6478,0.8837,0.0536,2.2502,0.83,0.3689,,0.8113,0.4844,0.472,0.0798,0.7594,0.556,,0.3268,0.0124,0.3922,106.4324,105.7731,14.9503,1.5285
96.367,2891,in_bed,0.6473,0.8829,0.054,2.2463,0.8289,0.369,,0.8104,0.4841,0.4726,0.0798,0.7593,0.5559,,0.3263,0.0115,0.3928,106.1005,105.7019,15.0066,1.5297
96.4,2892,in_bed,0.6467,0.8824,0.0526,2.2467,0.8298,0.3694,,0.8091,0.4843,0.4708,0.0798,0.759,0.5559,,0.3248,0.0135,0.391,106.267,106.3429,15.2737,1.5412
96.433,2893,in_bed,0.6488,0.8836,0.054,2.2484,0.8296,0.369,,0.8117,0.486,0.4694,0.0798,0.7592,0.5564,,0.3257,0.0166,0.3896,106.8779,106.5141,14.9398,1.5404
96.467,2894,in_bed,0.6499,0.8844,0.0543,2.2503,0.8301,0.3689,,0.8134,0.4865,0.4691,0.0798,0.7587,0.5571,,0.3269,0.0174,0.3892,107.1436,106.6026,14.8793,1.5412
96.5,2895,in_bed,0.6514,0.8854,0.0551,2.2519,0.8302,0.3687,,0.8153,0.4875,0.4687,0.0798,0.7586,0.5576,,0.3278,0.0187,0.3889,107.2653,106.7941,14.8364,1.5425
96.533,2896,in_bed,0.6493,0.8839,0.0552,2.2463,0.8287,0.3689,,0.8135,0.4851,0.4703,0.0798,0.7587,0.5574,,0.3285,0.0148,0.3905,106.5869,106.5244,15.1977,1.5425
96.567,2897,in_bed,0.6495,0.8837,0.0575,2.2405,0.8262,0.3688,,0.814,0.4851,0.4715,0.0799,0.7594,0.5593,,0.329,0.0136,0.3916,106.3644,106.5704,15.3693,1.5352
96.6,2898,in_bed,0.6496,0.8835,0.0591,2.2362,0.8244,0.3687,,0.814,0.4853,0.4728,0.0799,0.7606,0.5608,,0.3287,0.0125,0.3929,106.2248,106.6148,15.6013,1.526
96.633,2899,in_bed,0.65,0.8835,0.0613,2.2321,0.8222,0.3684,,0.8144,0.4856,0.4738,0.08,0.6463,0.5624,,0.3287,0.0118,0.3939,106.1795,106.5515,15.652,1.5104
96.667,2900,in_bed,0.6518,0.8846,0.0621,2.2349,0.8224,0.368,,0.8168,0.4868,0.4752,0.08,0.7618,0.5635,,0.33,0.0116,0.3952,106.0943,106.0034,15.1946,1.5052
96.7,2901,in_bed,0.6475,0.8813,0.0598,2.2283,0.8215,0.3687,,0.8126,0.4824,0.4794,0.0799,0.6456,0.561,,0.3302,0.0029,0.3995,104.6279,104.5352,15.3336,1.5018
96.733,2902,in_bed,0.6474,0.882,0.0594,2.2323,0.8226,0.3685,,0.8131,0.4817,0.4806,0.0799,0.7608,0.5607,,0.3314,0.0011,0.4006,104.2543,104.0568,15.1969,1.5014
96.767,2903,in_bed,0.6494,0.8834,0.0603,2.2355,0.8231,0.3682,,0.815,0.4838,0.4791,0.08,0.7615,0.5619,,0.3311,0.0048,0.3991,104.9148,104.6355,15.1074,1.5012
96.8,2904,in_bed,0.6481,0.8815,0.0608,2.2283,0.8206,0.3683,,0.8134,0.4828,0.4793,0.08,0.6469,0.5607,,0.3306,0.0035,0.3994,104.6771,104.434,15.1775,1.493
96.833,2905,in_bed,0.6475,0.8801,0.0612,2.2234,0.8189,0.3683,,0.813,0.482,0.4795,0.08,0.6473,0.5612,,0.331,0.0025,0.3996,104.6586,104.0508,15.0138,1.4859
96.867,2906,in_bed,0.6453,0.878,0.0608,2.2164,0.8171,0.3687,,0.8098,0.4808,0.4796,0.08,0.6449,0.5602,,0.329,0.0012,0.3997,104.584,103.8898,15.1035,1.4754
96.9,2907,in_bed,0.6473,0.8801,0.0613,2.2231,0.8188,0.3683,,0.8121,0.4825,0.4779,0.08,0.7598,0.5611,,0.3296,0.0046,0.3979,105.0733,104.2433,14.8897,1.4831
96.933,2908,in_bed,0.6483,0.8816,0.0607,2.2295,0.8209,0.3682,,0.8136,0.4829,0.4759,0.08,0.7597,0.5606,,0.3306,0.007,0.396,105.4978,104.468,14.7006,1.4907
96.967,2909,in_bed,0.6477,0.8811,0.0608,2.2277,0.8203,0.3682,,0.8131,0.4823,0.4746,0.08,0.7586,0.5598,,0.3308,0.0076,0.3947,105.759,104.4254,14.5472,1.4895
97.0,2910,in_bed,0.6504,0.8831,0.062,2.2322,0.8211,0.3678,,0.8162,0.4847,0.4717,0.08,0.7594,0.5621,,0.3315,0.013,0.3917,106.7414,105.0974,14.2642,1.4947
97.033,2911,in_bed,0.647,0.8802,0.0599,2.2253,0.8203,0.3686,,0.8115,0.4825,0.4735,0.0799,0.6438,0.5595,,0.329,0.009,0.3936,106.1253,104.2146,14.084,1.4973
97.067,2912,in_bed,0.6445,0.879,0.0581,2.2241,0.8209,0.3691,,0.8089,0.4801,0.4726,0.0799,0.7573,0.557,,0.3288,0.0075,0.3927,106.0113,104.0333,14.1627,1.5043
97.1,2913,in_bed,0.6449,0.8793,0.0586,2.2245,0.8206,0.3689,,0.8092,0.4807,0.4729,0.0799,0.7573,0.5563,,0.3285,0.0078,0.393,106.0262,103.9207,14.0168,1.5019
97.133,2914,in_bed,0.6472,0.8803,0.0599,2.2261,0.8205,0.3686,,0.8113,0.4831,0.4719,0.0799,0.7579,0.5576,,0.3282,0.0112,0.392,106.4722,104.3733,13.8751,1.5026
97.167,2915,in_bed,0.6454,0.8787,0.0594,2.2206,0.8193,0.3689,,0.8094,0.4814,0.473,0.0799,0.7572,0.5568,,0.328,0.0083,0.3931,105.8687,103.8705,13.8434,1.5044
97.2,2916,in_bed,0.6468,0.8806,0.0597,2.2278,0.8209,0.3685,,0.8112,0.4823,0.4717,0.0799,0.7572,0.5572,,0.3289,0.0106,0.3918,105.8631,104.3594,13.939,1.5089
97.233,2917,in_bed,0.6471,0.8818,0.0587,2.2335,0.8231,0.3685,,0.8118,0.4823,0.4688,0.0799,0.7572,0.5567,,0.3294,0.0136,0.3888,106.2366,104.7543,13.8338,1.5209
97.267,2918,in_bed,0.6468,0.8821,0.058,2.2356,0.8241,0.3686,,0.8113,0.4823,0.466,0.0799,0.7569,0.5554,,0.3291,0.0162,0.3862,106.6737,105.1392,13.7768,1.5326
97.3,2919,in_bed,0.6429,0.8796,0.0568,2.2283,0.8228,0.3693,,0.8052,0.4806,0.4681,0.0799,0.7573,0.5539,,0.3246,0.0125,0.3882,106.0564,104.756,14.0188,1.5325
97.333,2920,in_bed,0.6435,0.8808,0.0568,2.2316,0.824,0.3693,,0.8061,0.4809,0.4672,0.0799,0.7584,0.5549,,0.3252,0.0137,0.3873,106.3874,105.1507,14.1882,1.5401
97.367,2921,in_bed,0.6436,0.8802,0.0566,2.2291,0.8236,0.3695,,0.8064,0.4808,0.4672,0.0798,0.7582,0.5551,,0.3255,0.0136,0.3874,106.4311,105.3022,14.3473,1.5435
97.4,2922,in_bed,0.6421,0.879,0.0558,2.2264,0.8232,0.3697,,0.8045,0.4796,0.4683,0.0798,0.6346,0.5547,,0.3249,0.0113,0.3885,106.0891,105.0204,14.4719,1.5409
97.433,2923,in_bed,0.6394,0.8771,0.0555,2.2204,0.8216,0.37,,0.8021,0.4766,0.47,0.0798,0.6328,0.5536,,0.3255,0.0066,0.3902,105.2244,104.3506,14.6247,1.5373
97.467,2924,in_bed,0.6386,0.8763,0.0553,2.2175,0.821,0.3702,,0.8004,0.4768,0.4707,0.0798,0.6326,0.5538,,0.3236,0.0061,0.3909,105.2699,104.4615,14.8054,1.5306
97.5,2925,in_bed,0.6406,0.8776,0.0551,2.2226,0.8225,0.3701,,0.8032,0.478,0.4704,0.0798,0.7579,0.5547,,0.3252,0.0076,0.3906,105.5212,104.6388,14.7298,1.5329
97.533,2926,in_bed,0.6404,0.878,0.0547,2.225,0.8234,0.37,,0.8034,0.4774,0.4724,0.0798,0.7584,0.554,,0.3261,0.005,0.3926,105.1207,104.1617,14.6993,1.5333
97.567,2927,in_bed,0.6433,0.8809,0.056,2.2328,0.8249,0.3694,,0.807,0.4797,0.4719,0.0798,0.7593,0.5556,,0.3272,0.0078,0.3921,105.5944,104.4734,14.4881,1.535
97.6,2928,in_bed,0.6504,0.8874,0.0579,2.2532,0.8295,0.3681,,0.8156,0.4852,0.4672,0.0799,0.7611,0.5585,,0.3304,0.018,0.3873,107.3495,106.1612,14.414,1.5511
97.633,2929,in_bed,0.6533,0.8898,0.0587,2.2605,0.831,0.3676,,0.8193,0.4873,0.4668,0.0799,0.7617,0.5598,,0.332,0.0205,0.3869,107.5937,106.2407,14.1013,1.5551
97.667,2930,in_bed,0.6544,0.8903,0.0597,2.2613,0.8306,0.3673,,0.8202,0.4887,0.4682,0.0799,0.7626,0.5611,,0.3316,0.0205,0.3882,107.5153,106.0305,13.9208,1.5487
97.7,2931,in_bed,0.6533,0.8901,0.0591,2.2618,0.831,0.3674,,0.8193,0.4873,0.469,0.0799,0.7627,0.56,,0.3321,0.0182,0.3891,107.1162,105.6123,13.9143,1.5484
97.733,2932,in_bed,0.6559,0.8929,0.0595,2.2713,0.8334,0.3669,,0.8226,0.4892,0.4684,0.0799,0.7634,0.5608,,0.3334,0.0208,0.3884,107.4303,105.8152,13.6911,1.5488
97.767,2933,in_bed,0.6539,0.8914,0.059,2.2661,0.8325,0.3674,,0.8204,0.4873,0.4688,0.0799,0.7631,0.5595,,0.3331,0.0185,0.3889,107.1208,105.3742,13.6271,1.5547
97.8,2934,in_bed,0.6542,0.8916,0.0586,2.2667,0.833,0.3675,,0.8201,0.4884,0.4681,0.0799,0.7638,0.5593,,0.3317,0.0203,0.3882,107.5107,105.3524,13.3346,1.5565
97.833,2935,in_bed,0.6537,0.8907,0.0592,2.2619,0.8315,0.3676,,0.8194,0.4879,0.4675,0.0799,0.7641,0.5588,,0.3314,0.0204,0.3876,107.6869,105.4185,13.3525,1.5565
97.867,2936,in_bed,0.6517,0.8888,0.0582,2.2568,0.8306,0.368,,0.8174,0.4861,0.468,0.0799,0.7632,0.5579,,0.3313,0.0181,0.3881,107.3108,105.0137,13.339,1.5622
97.9,2937,in_bed,0.6504,0.8876,0.0582,2.2528,0.8294,0.3682,,0.8161,0.4848,0.4687,0.0799,0.7634,0.5577,,0.3313,0.0161,0.3888,107.0617,104.9217,13.5902,1.5567
97.933,2938,in_bed,0.6495,0.8865,0.0581,2.2496,0.8284,0.3683,,0.815,0.4841,0.4692,0.0799,0.7631,0.5574,,0.3309,0.0149,0.3893,106.8438,104.7806,13.6752,1.5495
97.967,2939,in_bed,0.6494,0.8861,0.0584,2.2467,0.8277,0.3684,,0.8145,0.4843,0.4682,0.0799,0.7632,0.5576,,0.3302,0.0161,0.3883,107.1668,104.6954,13.3916,1.5541
98.0,2940,in_bed,0.6492,0.884,0.0605,2.2354,0.8235,0.3684,,0.8133,0.4851,0.4701,0.0799,0.7629,0.5591,,0.3282,0.015,0.3902,106.5742,104.3158,13.1553,1.5412
98.033,2941,in_bed,0.6477,0.8825,0.0604,2.2303,0.822,0.3686,,0.8115,0.484,0.472,0.0799,0.7624,0.5587,,0.3275,0.012,0.3921,105.8528,103.4491,12.7989,1.538
98.067,2942,in_bed,0.6464,0.8813,0.0607,2.225,0.8206,0.3688,,0.8101,0.4828,0.4726,0.0799,0.762,0.558,,0.3273,0.0102,0.3927,105.3792,102.8537,12.4843,1.5398
98.1,2943,in_bed,0.6481,0.8827,0.0615,2.2291,0.8212,0.3684,,0.8123,0.484,0.4718,0.08,0.7625,0.5586,,0.3283,0.0122,0.3918,105.6779,102.9416,12.2399,1.5372
98.133,2944,in_bed,0.6499,0.8842,0.0628,2.2322,0.8214,0.368,,0.8143,0.4855,0.4724,0.08,0.7631,0.5603,,0.3288,0.0132,0.3924,105.7144,102.9826,12.1071,1.5342
98.167,2945,in_bed,0.652,0.8866,0.0646,2.2385,0.822,0.3672,,0.8173,0.4867,0.4715,0.08,0.7636,0.5613,,0.3306,0.0152,0.3915,106.0334,103.2016,12.0301,1.5296
98.2,2946,in_bed,0.6546,0.8894,0.0664,2.2461,0.823,0.3664,,0.8214,0.4879,0.4705,0.0801,0.7637,0.5618,,0.3335,0.0174,0.3904,106.1237,103.294,11.7963,1.5345
98.233,2947,in_bed,0.6546,0.89,0.0676,2.2463,0.8224,0.3661,,0.8217,0.4876,0.471,0.0801,0.7643,0.5615,,0.3342,0.0166,0.3909,105.8894,103.1115,11.772,1.5299
98.267,2948,in_bed,0.6531,0.8886,0.0671,2.2428,0.8215,0.3663,,0.8202,0.4861,0.471,0.0801,0.7637,0.5605,,0.334,0.0152,0.3909,105.8217,102.9452,11.8471,1.5232
98.3,2949,in_bed,0.6516,0.8868,0.0657,2.2387,0.821,0.3667,,0.8187,0.4845,0.4713,0.0801,0.7616,0.5582,,0.3342,0.0132,0.3912,105.4201,102.3853,11.6621,1.5299
98.333,2950,in_bed,0.6527,0.8878,0.0659,2.2425,0.8219,0.3665,,0.8204,0.485,0.4711,0.0801,0.7618,0.5587,,0.3355,0.0138,0.3911,105.5446,102.5064,11.6714,1.5313
98.367,2951,in_bed,0.6515,0.8865,0.0659,2.2378,0.8206,0.3667,,0.8188,0.4842,0.4719,0.0801,0.7622,0.5585,,0.3346,0.0122,0.3919,105.2984,102.2995,11.7232,1.5262
98.4,2952,in_bed,0.6542,0.8883,0.0671,2.2417,0.8212,0.3663,,0.8209,0.4875,0.4694,0.0801,0.7628,0.5597,,0.3333,0.0181,0.3893,106.1341,103.288,11.7136,1.5311
98.433,2953,in_bed,0.6556,0.8888,0.0672,2.2432,0.8216,0.3663,,0.8225,0.4887,0.468,0.0801,0.7625,0.56,,0.3337,0.0207,0.388,106.5837,103.8506,11.8468,1.5338
98.467,2954,in_bed,0.6542,0.8875,0.0678,2.2372,0.8198,0.3664,,0.8209,0.4876,0.4687,0.0801,0.763,0.5605,,0.3333,0.0189,0.3886,106.2879,103.8739,12.132,1.5299
98.5,2955,in_bed,0.6551,0.8889,0.0681,2.2416,0.8208,0.3662,,0.8222,0.4879,0.4668,0.0801,0.7634,0.561,,0.3342,0.0211,0.3867,106.6108,104.3684,12.2419,1.5314
98.533,2956,in_bed,0.6535,0.8878,0.067,2.2397,0.8208,0.3665,,0.8201,0.4868,0.4679,0.0801,0.7629,0.5599,,0.3334,0.0189,0.3878,106.286,104.3833,12.5642,1.5314
98.567,2957,in_bed,0.6508,0.8864,0.0654,2.2377,0.821,0.3669,,0.8168,0.4847,0.47,0.0801,0.763,0.5584,,0.3321,0.0147,0.39,105.735,103.7881,12.6506,1.5301
98.6,2958,in_bed,0.6519,0.8872,0.0662,2.2391,0.821,0.3666,,0.8178,0.4861,0.47,0.0801,0.7635,0.5589,,0.3317,0.0161,0.3899,106.0403,104.0969,12.7141,1.525
98.633,2959,in_bed,0.651,0.8861,0.0656,2.236,0.8204,0.3669,,0.8157,0.4863,0.4693,0.0801,0.7638,0.5587,,0.3294,0.017,0.3892,106.4584,104.3921,12.8338,1.5216
98.667,2960,in_bed,0.6506,0.8863,0.0647,2.2387,0.8216,0.367,,0.8159,0.4854,0.4701,0.0801,0.7637,0.5588,,0.3305,0.0152,0.3901,106.1922,104.1625,12.8894,1.5214
98.7,2961,in_bed,0.6511,0.887,0.0656,2.2405,0.8214,0.3666,,0.8172,0.4849,0.4715,0.0801,0.7636,0.5592,,0.3323,0.0134,0.3914,105.9275,103.7613,12.8189,1.5159
98.733,2962,in_bed,0.6521,0.8877,0.0667,2.2414,0.821,0.3663,,0.8194,0.4848,0.4716,0.0801,0.7632,0.5606,,0.3345,0.0132,0.3915,105.8756,103.7116,12.8053,1.51
98.767,2963,in_bed,0.6532,0.8893,0.0665,2.2469,0.8227,0.3662,,0.8206,0.4858,0.4701,0.0801,0.763,0.5612,,0.3349,0.0156,0.39,106.3945,104.1437,12.8204,1.5173
98.8,2964,in_bed,0.6547,0.8897,0.066,2.2494,0.8237,0.3662,,0.8221,0.4874,0.4679,0.0801,0.7623,0.5623,,0.3347,0.0195,0.3878,107.0718,104.9677,12.9692,1.5216
98.833,2965,in_bed,0.6527,0.8878,0.0656,2.2427,0.8222,0.3666,,0.8193,0.4861,0.4683,0.0801,0.7623,0.5618,,0.3332,0.0178,0.3883,106.8378,104.7309,12.9999,1.5243
98.867,2966,in_bed,0.652,0.8868,0.0651,2.2396,0.8217,0.3669,,0.8177,0.4863,0.4673,0.08,0.7633,0.5619,,0.3314,0.0189,0.3873,107.1915,104.9153,12.9829,1.5272
98.9,2967,in_bed,0.6526,0.8868,0.0648,2.24,0.822,0.367,,0.818,0.4872,0.4665,0.08,0.7635,0.562,,0.3308,0.0207,0.3865,107.5341,105.2821,13.0236,1.5285
98.933,2968,in_bed,0.6522,0.8859,0.0659,2.235,0.82,0.3669,,0.8172,0.4872,0.466,0.0801,0.7635,0.562,,0.33,0.0212,0.3859,107.3842,105.4975,13.1633,1.5239
98.967,2969,in_bed,0.6531,0.8865,0.0671,2.2352,0.8194,0.3666,,0.8188,0.4875,0.4654,0.0801,0.7633,0.5631,,0.3313,0.0221,0.3853,107.2735,105.6621,13.2212,1.5213
99.0,2970,in_bed,0.6552,0.8878,0.0669,2.2406,0.8209,0.3664,,0.8211,0.4893,0.4644,0.0801,0.7629,0.5641,,0.3318,0.0248,0.3844,107.7067,106.1294,13.2199,1.524
99.033,2971,in_bed,0.654,0.8875,0.0663,2.2409,0.8212,0.3665,,0.8202,0.4878,0.4659,0.0801,0.7628,0.5629,,0.3324,0.022,0.3858,107.3314,105.6487,13.244,1.5216
99.067,2972,in_bed,0.6533,0.8877,0.0658,2.2429,0.8219,0.3664,,0.8199,0.4867,0.4675,0.0801,0.7622,0.562,,0.3332,0.0192,0.3874,106.931,105.1776,13.262,1.5186
99.1,2973,in_bed,0.6524,0.8864,0.0658,2.2389,0.8207,0.3666,,0.8189,0.486,0.4682,0.0801,0.7621,0.5614,,0.3328,0.0178,0.3881,106.7277,104.9191,13.2749,1.5143
99.133,2974,in_bed,0.6498,0.8842,0.0652,2.2315,0.819,0.367,,0.8165,0.4832,0.469,0.0801,0.7613,0.5607,,0.3333,0.0142,0.3889,106.0995,104.4575,13.4368,1.5138
99.167,2975,in_bed,0.6483,0.8834,0.0637,2.2313,0.8197,0.3674,,0.8152,0.4815,0.4709,0.08,0.7605,0.5596,,0.3337,0.0106,0.3909,105.5219,103.7654,13.3795,1.5139
99.2,2976,in_bed,0.6479,0.8826,0.0636,2.2275,0.8191,0.3677,,0.8141,0.4817,0.472,0.08,0.7606,0.5603,,0.3324,0.0098,0.3919,105.3889,103.7208,13.4259,1.5185
99.233,2977,in_bed,0.6475,0.8817,0.0622,2.2254,0.8195,0.3682,,0.8124,0.4825,0.473,0.08,0.7605,0.5603,,0.3299,0.0095,0.393,105.3636,103.6985,13.4489,1.5214
99.267,2978,in_bed,0.6495,0.8826,0.0628,2.2278,0.8198,0.368,,0.8142,0.4848,0.4713,0.08,0.761,0.5609,,0.3293,0.0136,0.3913,106.1276,104.2633,13.3053,1.5197
99.3,2979,in_bed,0.652,0.8844,0.0637,2.2329,0.8208,0.3676,,0.817,0.4871,0.4701,0.08,0.7618,0.5626,,0.3299,0.017,0.3901,106.7076,104.8374,13.2988,1.5166
99.333,2980,in_bed,0.6534,0.8856,0.0636,2.2377,0.822,0.3673,,0.8184,0.4885,0.4699,0.08,0.7618,0.563,,0.3299,0.0185,0.3899,106.9816,105.1936,13.4022,1.5133
99.367,2981,in_bed,0.6535,0.8862,0.0641,2.239,0.822,0.3671,,0.819,0.488,0.4706,0.08,0.7618,0.5633,,0.331,0.0174,0.3906,106.6537,104.8872,13.318,1.5119
99.4,2982,in_bed,0.6546,0.8864,0.0643,2.2405,0.8221,0.3669,,0.8205,0.4888,0.4709,0.08,0.7612,0.5637,,0.3318,0.0179,0.3908,106.7069,104.9102,13.2596,1.5062
99.433,2983,in_bed,0.6437,0.8755,0.0571,2.2183,0.8185,0.369,,0.8077,0.4797,0.4801,0.0799,0.6442,0.5578,,0.328,-0.0004,0.4002,103.7819,101.9246,13.5037,1.4856
99.467,2984,in_bed,0.6383,0.8703,0.0539,2.2073,0.8164,0.3699,,0.8013,0.4753,0.4857,0.0799,0.6418,0.5556,,0.326,-0.0104,0.4058,102.3104,100.4224,13.7392,1.4708
99.5,2985,in_bed,0.6413,0.8722,0.055,2.2114,0.8172,0.3696,,0.8041,0.4785,0.4833,0.0799,0.6451,0.5577,,0.3256,-0.0047,0.4034,103.4427,101.3102,13.6351,1.4741
99.533,2986,in_bed,0.6425,0.8726,0.0559,2.2101,0.8166,0.3695,,0.8051,0.48,0.4811,0.0799,0.6464,0.559,,0.3251,-0.0011,0.4012,104.2485,102.003,13.6849,1.4748
99.567,2987,in_bed,0.6411,0.8719,0.0541,2.212,0.8178,0.3697,,0.8039,0.4782,0.4829,0.0798,0.6444,0.5584,,0.3257,-0.0046,0.403,103.5571,101.7753,14.0249,1.4719
99.6,2988,in_bed,0.645,0.8758,0.0567,2.2204,0.8191,0.3689,,0.8088,0.4812,0.4798,0.0799,0.7562,0.5611,,0.3276,0.0013,0.3999,104.5414,102.5945,13.779,1.4757
99.633,2989,in_bed,0.6453,0.8768,0.0566,2.2224,0.8201,0.369,,0.8088,0.4818,0.4759,0.0799,0.757,0.5616,,0.327,0.006,0.396,105.261,103.59,13.9323,1.4857
99.667,2990,in_bed,0.6463,0.8775,0.0568,2.224,0.8208,0.369,,0.8092,0.4834,0.4742,0.0799,0.7575,0.5626,,0.3257,0.0092,0.3943,105.7943,104.5491,14.277,1.4881
99.7,2991,in_bed,0.6405,0.8733,0.0529,2.217,0.8205,0.3701,,0.8023,0.4787,0.4764,0.0798,0.6403,0.5592,,0.3236,0.0022,0.3966,104.7276,103.6392,14.6126,1.4873
99.733,2992,in_bed,0.6429,0.8758,0.0537,2.2244,0.8221,0.3696,,0.8053,0.4806,0.474,0.0798,0.7569,0.5606,,0.3246,0.0066,0.3942,105.4445,104.6131,14.8006,1.488
99.767,2993,in_bed,0.6421,0.8748,0.0539,2.2202,0.8209,0.3697,,0.803,0.4813,0.4729,0.0798,0.7583,0.5606,,0.3217,0.0084,0.393,105.8931,105.2059,15.0937,1.4816
99.8,2994,in_bed,0.6436,0.8762,0.0547,2.2229,0.8215,0.3695,,0.8032,0.484,0.4709,0.0799,0.7619,0.5622,,0.3192,0.0131,0.391,106.7192,106.3289,15.3855,1.4826
99.833,2995,in_bed,0.6411,0.8745,0.0537,2.2182,0.8208,0.37,,0.7989,0.4834,0.4704,0.0798,0.7625,0.5616,,0.3156,0.0129,0.3906,106.819,106.7769,15.8541,1.4794
99.867,2996,in_bed,0.6272,0.8611,0.0458,2.1864,0.8153,0.3729,,0.7805,0.4738,0.4735,0.0796,0.6375,0.5556,,0.3067,0.0003,0.3939,104.994,105.2665,16.5783,1.4631
99.9,2997,in_bed,0.6065,0.8404,0.0295,2.1491,0.8109,0.3773,,0.7562,0.4567,0.4726,0.0791,0.6303,0.5433,,0.2995,-0.0158,0.3935,102.9786,102.9014,17.3279,1.4445
99.933,2998,in_bed,0.5857,0.8202,0.0116,2.12,0.8086,0.3814,,0.7359,0.4355,0.4673,0.0782,0.6275,0.5335,,0.3004,-0.0317,0.389,100.4693,100.1975,17.8915,1.4246
99.967,2999,in_bed,0.5876,0.8176,0.0169,2.101,0.8007,0.3811,,0.7397,0.4355,0.4695,0.0785,0.6625,0.5622,,0.3042,-0.034,0.391,100.0274,99.6432,17.3225,1.3795
100.0,3000,in_bed,0.5875,0.8373,0.0102,2.1766,0.8271,0.38,,0.742,0.433,0.4578,0.0782,0.6844,0.5969,,0.3089,-0.0247,0.3796,101.6227,102.0387,17.573,1.4383
100.033,3001,in_bed,0.5983,0.8619,0.0145,2.2633,0.8475,0.3745,,0.7529,0.4437,0.4485,0.0784,0.7035,0.6258,,0.3092,-0.0047,0.3701,105.1321,106.3213,17.7361,1.4629
100.067,3002,in_bed,0.6043,0.8754,0.0198,2.3086,0.8556,0.3706,,0.757,0.4515,0.4391,0.0786,0.7125,0.649,,0.3055,0.0124,0.3604,106.6257,110.3544,18.3605,1.4079
100.1,3003,in_bed,0.611,0.8826,0.0248,2.3296,0.8577,0.3682,0.8625,0.7621,0.46,0.4291,0.0789,0.7202,0.6755,0.4026,0.3021,0.0309,0.3502,107.3618,114.8954,19.4867,1.3364
100.133,3004,in_bed,0.6117,0.8826,0.0347,2.316,0.8479,0.3661,,0.7601,0.4632,0.4227,0.0793,0.7243,0.6875,,0.2969,0.0405,0.3434,107.3763,120.2966,22.7651,1.2548
100.167,3005,in_bed,0.6052,0.8775,0.0463,2.2862,0.8312,0.3636,0.8454,0.7493,0.4611,0.4161,0.0796,0.7318,0.7008,0.3843,0.2882,0.045,0.3364,108.8791,125.8528,26.6009,1.1882
100.2,3006,in_bed,0.5901,0.8667,0.0555,2.2344,0.8112,0.363,0.8177,0.7298,0.4504,0.4125,0.0798,0.7354,0.7119,0.3674,0.2794,0.0379,0.3327,108.5234,130.2139,31.0814,1.1732
100.233,3007,in_bed,0.5776,0.8544,0.0637,2.1853,0.7907,0.3618,0.7864,0.7098,0.4454,0.3757,0.0799,0.7369,0.7131,0.3409,0.2643,0.0697,0.2958,125.0387,150.1035,38.5461,1.1219
100.267,3008,in_bed,0.5647,0.846,0.0702,2.1495,0.7758,0.3609,0.7831,0.6895,0.44,0.3968,0.08,0.7279,0.6986,0.3431,0.2494,0.0432,0.3168,117.9583,148.6405,42.0455,1.0558
100.3,3009,in_bed,0.5563,0.8221,0.0798,2.0492,0.7423,0.3622,,0.6689,0.4438,0.4092,0.08,0.7327,0.7159,,0.2251,0.0346,0.3292,116.067,153.6167,48.1001,1.017
100.333,3010,in_bed,0.5693,0.8045,0.0752,2.0021,0.7293,0.3643,0.7643,0.6874,0.4512,0.4229,0.08,0.7229,0.699,0.313,0.2361,0.0284,0.3429,107.0842,143.3676,43.8376,0.9352
100.367,3011,in_bed,0.5777,0.7813,0.0721,1.9324,0.7092,0.367,0.7594,0.7004,0.4549,0.4348,0.08,0.7148,0.6802,0.3045,0.2455,0.0201,0.3548,100.9808,138.256,42.2939,0.8776
100.4,3012,in_bed,0.5839,0.7552,0.0675,1.8654,0.6877,0.3687,,0.712,0.4558,0.4454,0.0799,0.7089,0.6649,,0.2562,0.0104,0.3655,96.6907,132.993,40.0541,0.8247
100.433,3013,in_bed,0.6011,0.7373,0.0648,1.8124,0.6725,0.371,,0.7338,0.4685,0.4574,0.0799,0.7047,0.652,,0.2653,0.0111,0.3775,94.0879,131.0735,38.4685,0.8158
100.467,3014,in_bed,0.6118,0.757,0.0549,1.8578,0.7021,0.3779,,0.7456,0.4781,0.4571,0.0798,0.6911,0.6324,,0.2675,0.021,0.3773,95.4945,133.5844,39.5243,0.8398
100.5,3015,in_bed,0.6154,0.7566,0.0419,1.8859,0.7147,0.379,,0.7433,0.4874,0.4551,0.0795,0.6826,0.6204,,0.2559,0.0323,0.3756,97.8347,138.1053,42.0155,0.8341
100.533,3016,in_bed,0.612,0.7463,0.0355,1.8728,0.7109,0.3796,,0.7317,0.4922,0.4547,0.0795,0.6712,0.5987,,0.2395,0.0375,0.3753,100.2527,141.6927,44.3998,0.7966
100.567,3017,in_bed,0.6108,0.7434,0.025,1.8925,0.7184,0.3796,,0.7261,0.4956,0.4527,0.0795,0.6645,0.5898,,0.2305,0.0429,0.3731,101.9996,143.9389,45.3757,0.7696
100.6,3018,in_bed,0.6141,0.7463,0.016,1.9234,0.7303,0.3797,,0.7266,0.5017,0.4553,0.0797,0.6649,0.5916,,0.2249,0.0464,0.3756,102.3933,143.6442,44.6412,0.7572
100.633,3019,in_bed,0.6109,0.7368,0.0148,1.8986,0.722,0.3803,,0.7185,0.5033,0.4621,0.0801,0.6645,0.5927,,0.2152,0.0412,0.382,101.1394,143.1439,44.8833,0.7347
100.667,3020,in_bed,0.6037,0.7195,0.0217,1.8835,0.6978,0.3705,,0.7082,0.4991,0.4634,0.0804,0.6672,0.586,,0.209,0.0358,0.383,101.4352,142.5779,44.6703,0.7072
100.7,3021,in_bed,0.6059,0.7236,0.0139,1.9242,0.7097,0.3688,,0.7139,0.4978,0.4616,0.0806,0.6771,0.5915,,0.2161,0.0363,0.3809,102.6317,140.2527,41.9581,0.7053
100.733,3022,in_bed,0.6045,0.7252,0.0152,1.9326,0.71,0.3674,,0.7146,0.4945,0.4642,0.0811,0.6806,0.5925,,0.2201,0.0302,0.3832,102.1815,137.0569,39.4511,0.6982
100.767,3023,in_bed,0.606,0.7304,0.0209,1.9373,0.7095,0.3662,,0.7202,0.4918,0.4734,0.0817,0.6843,0.5936,,0.2284,0.0184,0.3917,100.1751,132.5093,36.8238,0.6941
100.8,3024,in_bed,0.6097,0.7648,0.025,1.9523,0.7398,0.379,0.7587,0.7285,0.4909,0.4771,0.0823,0.6867,0.598,0.2678,0.2376,0.0138,0.3948,98.6702,129.2166,34.629,0.7323
100.833,3025,in_bed,0.6092,0.7748,0.0289,1.9765,0.7459,0.3774,0.7656,0.7337,0.4847,0.4777,0.0818,0.6847,0.5977,0.2809,0.249,0.0069,0.3959,98.5328,125.0625,32.4579,0.7438
100.867,3026,in_bed,0.6105,0.792,0.0282,2.0389,0.7638,0.3746,0.7788,0.7389,0.4821,0.474,0.0826,0.6838,0.5952,0.2967,0.2568,0.0081,0.3914,97.3111,121.4261,29.4197,0.7527
100.9,3027,in_bed,0.6092,0.8039,0.0288,2.0823,0.7751,0.3722,0.7916,0.7401,0.4784,0.4731,0.0833,0.6776,0.5904,0.3133,0.2618,0.0053,0.3898,96.316,118.3198,27.4751,0.7566
100.933,3028,in_bed,0.6008,0.8058,0.0381,2.076,0.7677,0.3698,0.7967,0.7349,0.4668,0.4745,0.0833,0.6695,0.5855,0.33,0.2682,-0.0078,0.3913,93.9871,116.4636,29.4258,0.7562
100.967,3029,in_bed,0.5956,0.8123,0.0418,2.0804,0.7705,0.3704,0.804,0.733,0.4582,0.4838,0.0833,0.6662,0.5834,0.3457,0.2748,-0.0255,0.4005,90.4287,112.6127,29.7351,0.7649
101.0,3030,in_bed,0.5761,0.813,0.0557,2.0419,0.7573,0.3709,0.803,0.7196,0.4326,0.4897,0.0827,0.6477,0.5701,0.3704,0.287,-0.0571,0.407,81.541,103.305,30.4044,0.7792
101.033,3031,in_bed,0.5785,0.8208,0.0464,2.0934,0.7744,0.3699,0.8127,0.7248,0.4321,0.4974,0.0833,0.6457,0.5709,0.3805,0.2927,-0.0653,0.4141,81.2423,99.8923,27.4263,0.784
101.067,3032,in_bed,0.5741,0.824,0.0367,2.1339,0.7873,0.3689,0.8155,0.7221,0.4261,0.4895,0.0837,0.6321,0.5643,0.3894,0.296,-0.0633,0.4057,82.1244,97.9936,26.1676,0.7851
101.1,3033,in_bed,0.5673,0.8314,0.0196,2.196,0.8119,0.3697,0.8217,0.7167,0.418,0.4735,0.0838,0.6177,0.559,0.4037,0.2987,-0.0555,0.3897,83.7457,96.9711,24.751,0.795
101.133,3034,in_bed,0.5585,0.8363,0.0042,2.2486,0.8321,0.3701,0.8253,0.7111,0.4059,0.4679,0.0832,0.6039,0.5575,0.4194,0.3052,-0.062,0.3848,83.9276,93.8302,22.8409,0.8095
101.167,3035,in_bed,0.5424,0.8355,-0.0116,2.2803,0.8471,0.3715,0.8241,0.7012,0.3835,0.4501,0.0824,0.592,0.562,0.4406,0.3177,-0.0666,0.3677,81.5828,90.5072,22.1304,0.8227
101.2,3036,in_bed,0.5481,0.8447,-0.0125,2.3077,0.8572,0.3715,0.8333,0.7069,0.3893,0.4488,0.0825,0.5997,0.5825,0.444,0.3176,-0.0596,0.3663,81.1929,89.0846,20.3708,0.842
101.233,3037,in_bed,0.5508,0.8448,-0.0147,2.309,0.8595,0.3723,0.8345,0.7122,0.3893,0.4611,0.0826,0.606,0.6013,0.4452,0.3229,-0.0718,0.3784,79.3471,82.4465,15.7848,0.853
101.267,3038,in_bed,0.5587,0.8477,0.0031,2.259,0.8446,0.3739,0.8381,0.7179,0.3995,0.4478,0.0794,0.6162,0.6093,0.4386,0.3184,-0.0483,0.3684,87.0103,89.8973,16.4681,0.9692
101.3,3039,in_bed,0.564,0.8431,-0.0014,2.2516,0.8445,0.3751,0.8343,0.7194,0.4086,0.4317,0.0797,0.6419,0.6441,0.4257,0.3109,-0.0232,0.352,92.1545,93.5269,16.7988,0.9903
101.333,3040,in_bed,0.5731,0.8492,0.0164,2.2306,0.8328,0.3734,0.8406,0.726,0.4201,0.4133,0.0797,0.6687,0.6558,0.4205,0.3059,0.0068,0.3336,101.354,104.3782,17.9918,1.1554
101.367,3041,in_bed,0.579,0.8539,0.0251,2.2262,0.8288,0.3723,0.8444,0.7305,0.4275,0.4079,0.0801,0.7051,0.6797,0.4169,0.3029,0.0196,0.3279,104.6409,106.4024,16.4432,1.2432
101.4,3042,in_bed,0.5832,0.8553,0.0543,2.1485,0.801,0.3728,0.845,0.7342,0.4322,0.4154,0.0798,0.7559,0.7427,0.4128,0.302,0.0167,0.3356,104.0032,104.8036,14.0837,1.5912
101.433,3043,in_bed,0.5854,0.8521,0.076,2.0885,0.7761,0.3716,0.8419,0.7372,0.4335,0.4171,0.0806,0.7718,0.7493,0.4083,0.3037,0.0165,0.3365,101.5486,100.7418,9.59,1.3691
101.467,3044,in_bed,0.5759,0.8388,0.0589,2.0744,0.78,0.376,0.8367,0.7257,0.426,0.4182,0.0799,0.7486,0.7164,0.4106,0.2997,0.0079,0.3382,101.5082,98.8371,9.1357,1.8076
101.5,3045,in_bed,0.5614,0.8175,0.0481,2.0429,0.7694,0.3766,0.8144,0.7099,0.4129,0.4286,0.0796,0.7417,0.6978,0.4014,0.2969,-0.0156,0.349,94.856,90.6419,5.8412,1.9737
101.533,3046,in_bed,0.5265,0.781,0.0571,1.9254,0.7238,0.376,0.781,0.6787,0.3742,0.4426,0.0798,0.718,0.6712,0.4067,0.3045,-0.0684,0.3628,83.7524,75.901,2.6224,1.7377
101.567,3047,in_bed,0.5083,0.7769,0.0306,1.9658,0.7463,0.3796,0.764,0.6639,0.3526,0.417,0.0791,0.6532,0.6351,0.4114,0.3113,-0.0644,0.3379,81.5233,71.7242,2.296,1.62
101.6,3048,in_bed,0.5122,0.795,0.0304,2.026,0.7646,0.3774,0.7609,0.6695,0.355,0.3796,0.0791,0.63,0.6246,0.4059,0.3146,-0.0246,0.3005,85.4715,75.3419,6.544,1.5921
101.633,3049,in_bed,0.506,0.7945,0.0263,2.0292,0.7682,0.3786,0.7587,0.6684,0.3436,0.3533,0.0789,0.615,0.6187,0.4151,0.3248,-0.0097,0.2744,85.0241,78.1361,7.0791,1.5857
101.667,3050,in_bed,0.5072,0.8034,0.0169,2.0714,0.7865,0.3797,0.7537,0.6691,0.3452,0.3448,0.0784,0.6096,0.604,0.4085,0.3239,0.0005,0.2663,83.9924,80.1177,7.5755,1.7059
101.7,3051,in_bed,0.5224,0.8214,0.0225,2.1121,0.7989,0.3783,0.7674,0.6852,0.3596,0.3264,0.0787,0.6342,0.6238,0.4078,0.3256,0.0332,0.2477,88.865,87.9438,7.6049,1.7
101.733,3052,in_bed,0.5305,0.8097,0.0221,2.0546,0.7876,0.3833,0.7761,0.6937,0.3672,0.312,0.0787,0.6523,0.6345,0.4088,0.3265,0.0552,0.2333,91.5566,95.1575,6.1165,1.7291
101.767,3053,in_bed,0.5389,0.7966,0.0217,1.991,0.7749,0.3892,0.7861,0.702,0.3757,0.2934,0.0787,0.6538,0.6319,0.4103,0.3262,0.0824,0.2147,92.6401,102.2586,5.4904,1.7248
101.8,3054,in_bed,0.5557,0.8076,0.0287,1.9964,0.7789,0.3902,0.8076,0.7218,0.3897,0.2875,0.079,0.6696,0.6532,0.4179,0.3321,0.1022,0.2085,95.3622,108.7086,4.0581,1.7369
101.833,3055,in_bed,0.5733,0.8276,0.0462,2.0313,0.7815,0.3847,0.8276,0.7456,0.4009,0.3122,0.0796,0.7233,0.7072,0.4267,0.3448,0.0887,0.2326,94.4385,109.3016,1.1315,1.9089
101.867,3056,in_bed,0.5757,0.8372,0.0501,2.072,0.787,0.3798,0.8372,0.7627,0.3887,0.3449,0.0797,0.7296,0.7238,0.4485,0.374,0.0438,0.2652,82.7164,99.5836,0.9116,2.1705
101.9,3057,in_bed,0.5642,0.836,-0.003,2.1859,0.839,0.3838,0.829,0.763,0.3654,0.3772,0.0774,0.7025,0.7111,0.4635,0.3975,-0.0117,0.2998,71.1173,89.0765,3.2386,2.5394
101.933,3058,in_bed,0.5499,0.8324,-0.0454,2.2729,0.8778,0.3862,0.8324,0.7587,0.3412,0.3972,0.0743,0.6742,0.6928,0.4912,0.4175,-0.056,0.323,64.7673,82.4643,4.3754,2.6403
101.967,3059,in_bed,0.5364,0.8267,-0.0775,2.3294,0.9042,0.3882,0.8267,0.7523,0.3204,0.3969,0.0712,0.6621,0.6836,0.5062,0.4319,-0.0765,0.3257,63.4054,80.6591,5.1605,2.5431
102.0,3060,in_bed,0.5444,0.8314,-0.0761,2.3432,0.9075,0.3873,0.8314,0.7606,0.3281,0.3826,0.0713,0.6664,0.6716,0.5033,0.4326,-0.0546,0.3113,65.2455,84.3238,5.1353,2.5359
102.033,3061,in_bed,0.5578,0.8358,-0.0795,2.3504,0.9153,0.3894,0.8358,0.7668,0.3487,0.3867,0.0709,0.6659,0.6505,0.487,0.418,-0.0379,0.3158,68.2526,86.7455,4.1096,2.7512
102.067,3062,in_bed,0.5639,0.841,-0.0846,2.3765,0.9256,0.3895,0.841,0.7674,0.3605,0.3839,0.0703,0.7313,0.6677,0.4805,0.407,-0.0235,0.3136,70.578,90.2578,4.6752,2.5577
102.1,3063,in_bed,0.5743,0.8534,-0.0909,2.4198,0.9442,0.3902,0.8534,0.7698,0.3788,0.3815,0.0695,0.619,0.6849,0.4746,0.3911,-0.0028,0.312,73.4247,96.83,7.0472,2.4604
102.133,3064,in_bed,0.591,0.8269,-0.0889,2.2926,0.9158,0.3995,,0.7761,0.4059,0.3634,0.0697,0.6116,0.7203,,0.3702,0.0425,0.2937,82.7172,110.5512,11.9491,2.3137
102.167,3065,in_bed,0.612,0.8844,-0.0583,2.4455,0.9426,0.3855,0.8844,0.7887,0.4353,0.3718,0.073,0.6291,0.5615,0.4491,0.3534,0.0635,0.2989,89.3832,119.4355,15.2421,2.3277
102.2,3066,in_bed,0.6357,0.8585,0.0003,2.2131,0.8582,0.3878,,0.811,0.4603,0.3729,0.0776,0.6708,0.767,,0.3507,0.0875,0.2953,93.596,122.4976,12.412,2.1777
102.233,3067,in_bed,0.6481,0.9255,0.0289,2.4119,0.8966,0.3717,0.9255,0.8236,0.4727,0.3675,0.079,0.6687,0.7263,0.4528,0.3509,0.1051,0.2885,93.2598,123.5395,10.7424,1.9501
102.267,3068,in_bed,0.6431,0.876,0.0245,2.2208,0.8516,0.3834,,0.8156,0.4706,0.3498,0.0788,0.6484,0.675,,0.345,0.1208,0.271,97.0802,125.0521,9.6533,1.755
102.3,3069,in_bed,0.6405,0.9264,0.025,2.433,0.9014,0.3705,0.9264,0.8105,0.4706,0.3368,0.0788,0.6277,0.6458,0.4559,0.3399,0.1338,0.258,101.454,126.7092,8.4479,1.8474
102.333,3070,in_bed,0.6511,0.9342,0.0311,2.448,0.903,0.3689,0.9342,0.8161,0.4862,0.3282,0.0791,0.6197,0.634,0.448,0.3299,0.158,0.2491,109.2,131.2595,8.0694,1.8152
102.367,3071,in_bed,0.6585,0.9423,0.0293,2.4785,0.913,0.3684,0.9423,0.8215,0.4955,0.3136,0.0791,0.615,0.6384,0.4468,0.326,0.1819,0.2345,118.7594,136.6321,8.3133,1.8306
102.4,3072,in_bed,0.6629,0.9542,0.008,2.5584,0.9462,0.3698,0.9542,0.8283,0.4975,0.2807,0.0783,0.6112,0.5236,0.4566,0.3308,0.2168,0.2024,134.2561,142.7263,8.8514,1.8755
102.433,3073,in_bed,0.6716,0.9734,0.0035,2.6363,0.9699,0.3679,0.9503,0.8404,0.5027,0.2559,0.0784,0.6113,0.6339,0.4476,0.3378,0.2468,0.1775,151.5457,147.0265,8.922,1.8559
102.467,3074,in_bed,0.6813,0.9933,0.0166,2.6866,0.9767,0.3636,0.9933,0.8555,0.507,0.2642,0.0793,0.6198,0.6386,0.4863,0.3486,0.2428,0.1849,154.8492,148.1069,9.5079,1.8148
102.5,3075,in_bed,0.6816,1.0021,0.031,2.7022,0.971,0.3593,1.0021,0.8615,0.5017,0.2631,0.0799,0.6237,0.6352,0.5004,0.3598,0.2385,0.1833,150.019,148.2676,9.1712,1.8922
102.533,3076,in_bed,0.6899,1.0147,0.0447,2.7307,0.97,0.3552,1.0147,0.8739,0.5059,0.2765,0.0804,0.638,0.6369,0.5088,0.368,0.2294,0.1961,148.5445,147.1682,8.6104,1.9051
102.567,3077,in_bed,0.6966,1.0262,0.0515,2.7685,0.9746,0.352,1.0094,0.887,0.5061,0.2807,0.0809,0.6615,0.6419,0.5033,0.3809,0.2254,0.1999,150.1499,146.5335,8.295,1.8485
102.6,3078,in_bed,0.7032,1.0359,0.0569,2.8055,0.979,0.349,1.023,0.8998,0.5067,0.278,0.0809,0.6835,0.6472,0.5163,0.3931,0.2286,0.1971,153.4691,147.1381,8.2645,1.8303
102.633,3079,in_bed,0.7099,1.0428,0.0657,2.8258,0.977,0.3457,1.0331,0.9105,0.5093,0.273,0.0811,0.7017,0.651,0.5238,0.4012,0.2363,0.1919,158.5468,149.1044,8.4398,1.7888
102.667,3080,in_bed,0.7172,1.0484,0.0715,2.848,0.9769,0.343,1.0421,0.9192,0.5151,0.2716,0.0812,0.7149,0.6685,0.527,0.4041,0.2435,0.1904,163.4926,151.4019,8.4431,1.7744
102.7,3081,in_bed,0.7175,1.0477,0.0735,2.8563,0.9742,0.3411,1.0428,0.9217,0.5134,0.2649,0.0812,0.7161,0.6879,0.5295,0.4083,0.2484,0.1838,162.6277,154.3429,8.8304,1.7893
102.733,3082,in_bed,0.723,1.0498,0.0753,2.8728,0.9746,0.3392,1.0463,0.9258,0.5203,0.2651,0.0812,0.7054,0.6915,0.526,0.4056,0.2552,0.1839,160.2463,157.7358,9.5998,1.7885
102.767,3083,in_bed,0.7257,1.0522,0.0752,2.8867,0.977,0.3385,1.0495,0.93,0.5214,0.2567,0.0809,0.6976,0.6807,0.528,0.4086,0.2648,0.1757,153.0309,160.0882,10.1658,1.8504
102.8,3084,in_bed,0.7351,1.0593,0.0757,2.9133,0.9836,0.3376,1.0572,0.9399,0.5304,0.2658,0.0812,0.7042,0.6865,0.5267,0.4095,0.2646,0.1846,155.6147,162.7902,10.7206,1.7957
102.833,3085,in_bed,0.7413,1.0641,0.0799,2.9413,0.9842,0.3346,1.0618,0.9468,0.5358,0.2677,0.081,0.7117,0.6949,0.526,0.4111,0.2681,0.1866,151.2997,165.6344,11.518,1.7744
102.867,3086,in_bed,0.7448,1.0642,0.0723,2.9613,0.9919,0.335,1.0617,0.9486,0.5411,0.2733,0.0811,0.7146,0.7021,0.5207,0.4075,0.2678,0.1922,153.3001,165.4179,12.4028,1.6622
102.9,3087,in_bed,0.7459,1.0574,0.0709,2.9519,0.9865,0.3342,1.0574,0.9474,0.5444,0.2762,0.0812,0.7145,0.7091,0.513,0.403,0.2682,0.195,155.3809,165.1843,13.4747,1.5544
102.933,3088,in_bed,0.7447,1.0547,0.0686,2.9505,0.9861,0.3342,1.0547,0.9447,0.5447,0.2795,0.0813,0.7113,0.7161,0.51,0.4,0.2651,0.1982,156.662,164.9258,14.6965,1.4784
102.967,3089,in_bed,0.7441,1.0523,0.0682,2.9449,0.9841,0.3342,1.0523,0.942,0.5461,0.2838,0.0813,0.7086,0.7163,0.5062,0.3959,0.2623,0.2025,157.6123,164.8668,15.5622,1.4302
103.0,3090,in_bed,0.742,1.0571,0.068,2.9593,0.9891,0.3342,1.0531,0.9389,0.5451,0.2868,0.0814,0.7052,0.717,0.508,0.3938,0.2584,0.2054,158.0954,164.8624,16.3309,1.4123
103.033,3091,in_bed,0.7387,1.0441,0.0654,2.9221,0.9787,0.3349,1.0441,0.9338,0.5436,0.2868,0.0814,0.7003,0.7187,0.5005,0.3902,0.2568,0.2054,157.6605,164.4481,16.9418,1.371
103.067,3092,in_bed,0.7375,1.0505,0.0658,2.938,0.9847,0.3352,1.0462,0.9317,0.5433,0.2869,0.0814,0.6989,0.715,0.5029,0.3884,0.2564,0.2054,158.378,164.5504,17.4387,1.3719
103.1,3093,in_bed,0.733,1.0449,0.0671,2.9129,0.9778,0.3357,1.0396,0.9254,0.5407,0.2871,0.0815,0.6935,0.7099,0.4989,0.3847,0.2536,0.2056,159.1016,164.6637,18.22,1.3551
103.133,3094,in_bed,0.7277,1.0392,0.0706,2.8818,0.9686,0.3361,1.0326,0.9189,0.5366,0.2842,0.0816,0.6884,0.7033,0.496,0.3823,0.2524,0.2026,159.8226,165.1136,19.0722,1.3365
103.167,3095,in_bed,0.7237,1.0341,0.0726,2.8542,0.9615,0.3369,1.0266,0.914,0.5334,0.274,0.0816,0.6824,0.6939,0.4932,0.3806,0.2594,0.1924,160.4023,165.655,20.255,1.3263
103.2,3096,in_bed,0.7233,1.0289,0.0734,2.828,0.9556,0.3379,1.0212,0.9102,0.5363,0.2755,0.0818,0.6777,0.6848,0.4849,0.374,0.2607,0.1938,161.7686,165.8345,21.3266,1.3068
103.233,3097,in_bed,0.722,1.0219,0.0746,2.7938,0.9473,0.3391,1.0139,0.9057,0.5384,0.2749,0.0819,0.6718,0.6793,0.4755,0.3673,0.2636,0.193,163.4224,166.4138,22.2506,1.2833
103.267,3098,in_bed,0.7219,1.0143,0.078,2.7552,0.9363,0.3398,1.0064,0.9004,0.5434,0.2806,0.0819,0.6671,0.6742,0.463,0.3569,0.2628,0.1987,165.2983,166.63,22.8991,1.2578
103.3,3099,in_bed,0.7162,1.0071,0.079,2.7248,0.9281,0.3406,0.9986,0.8918,0.5405,0.2852,0.0819,0.6615,0.6699,0.4582,0.3514,0.2553,0.2033,166.1965,167.3184,23.8267,1.237
103.333,3100,in_bed,0.713,1.0005,0.081,2.6956,0.9195,0.3411,0.9923,0.8859,0.5402,0.2918,0.0819,0.6584,0.6661,0.4522,0.3457,0.2484,0.2099,167.4385,167.8865,24.2259,1.2137
103.367,3101,in_bed,0.7141,0.9975,0.079,2.6765,0.9185,0.3432,0.9898,0.8845,0.5436,0.2957,0.0819,0.6586,0.6655,0.4462,0.3409,0.2479,0.2138,168.9535,167.714,24.9062,1.1898
103.4,3102,in_bed,0.7119,0.9935,0.0761,2.6597,0.9174,0.3449,0.9856,0.8793,0.5445,0.3031,0.0819,0.6563,0.6608,0.4411,0.3349,0.2413,0.2212,169.9105,166.5634,25.4109,1.177
103.433,3103,in_bed,0.7093,0.9892,0.0723,2.6409,0.9169,0.3472,0.9808,0.8742,0.5444,0.3081,0.0819,0.6528,0.6557,0.4365,0.3298,0.2362,0.2263,170.246,165.3635,25.9267,1.1524
103.467,3104,in_bed,0.7043,0.9857,0.0699,2.6271,0.9157,0.3486,0.9764,0.8686,0.5401,0.3063,0.0818,0.6476,0.6493,0.4363,0.3285,0.2338,0.2245,170.4186,164.6724,26.5383,1.1331
103.5,3105,in_bed,0.7017,0.9834,0.0684,2.6175,0.915,0.3496,0.9738,0.8648,0.5387,0.3077,0.0818,0.6436,0.6438,0.4351,0.3261,0.2311,0.2259,170.5162,164.0436,26.7857,1.1181
103.533,3106,in_bed,0.696,0.9782,0.0667,2.5974,0.9115,0.3509,0.9678,0.8582,0.5339,0.3058,0.0818,0.6362,0.6355,0.4339,0.3243,0.228,0.224,171.042,163.8526,27.1208,1.1032
103.567,3107,in_bed,0.6915,0.9752,0.0652,2.586,0.9099,0.3519,0.9637,0.8528,0.5303,0.3036,0.0819,0.6315,0.633,0.4334,0.3225,0.2267,0.2217,171.7306,163.1509,27.2632,1.0909
103.6,3108,in_bed,0.6894,0.9748,0.0647,2.5837,0.9101,0.3522,0.9624,0.8512,0.5277,0.3015,0.082,0.6295,0.636,0.4347,0.3235,0.2261,0.2196,172.5618,163.0946,27.4349,1.0878
103.633,3109,in_bed,0.6907,0.9756,0.0649,2.5866,0.9107,0.3521,0.9627,0.8514,0.53,0.3023,0.0821,0.6307,0.6367,0.4327,0.3215,0.2277,0.2202,173.1823,162.8962,27.3634,1.0875
103.667,3110,in_bed,0.6913,0.9755,0.0641,2.5836,0.9114,0.3528,0.9624,0.8517,0.531,0.3037,0.0821,0.6318,0.6394,0.4314,0.3206,0.2273,0.2216,173.5722,163.1821,27.5342,1.0925
103.7,3111,in_bed,0.6922,0.9747,0.0612,2.5752,0.9136,0.3548,0.9615,0.8521,0.5322,0.3056,0.0821,0.6334,0.6436,0.4292,0.3198,0.2266,0.2235,173.0353,163.7565,27.7749,1.1011
103.733,3112,in_bed,0.6948,0.9745,0.0574,2.5694,0.9171,0.3569,0.961,0.8539,0.5357,0.3068,0.0821,0.6355,0.647,0.4253,0.3182,0.2289,0.2246,173.0637,164.6343,27.9062,1.1101
103.767,3113,in_bed,0.6951,0.9717,0.055,2.5638,0.9168,0.3576,0.958,0.8528,0.5374,0.307,0.0821,0.6362,0.6496,0.4205,0.3154,0.2304,0.2249,173.6071,165.8688,28.2881,1.1146
103.8,3114,in_bed,0.6945,0.9685,0.0517,2.5598,0.9168,0.3582,0.9546,0.8508,0.5382,0.3066,0.0821,0.6378,0.6525,0.4164,0.3126,0.2316,0.2245,174.4334,167.2342,28.7605,1.1205
103.833,3115,in_bed,0.6926,0.9666,0.0481,2.5605,0.9184,0.3587,0.9522,0.8492,0.536,0.3041,0.082,0.6394,0.6522,0.4162,0.3133,0.2319,0.2221,175.3306,168.201,28.9929,1.13
103.867,3116,in_bed,0.6907,0.9636,0.0442,2.5582,0.9193,0.3594,0.9492,0.8476,0.5339,0.3019,0.0818,0.6401,0.6495,0.4153,0.3137,0.232,0.2201,175.6209,168.4907,28.9623,1.1377
103.9,3117,in_bed,0.6871,0.9604,0.0431,2.5509,0.9174,0.3596,0.9457,0.8447,0.5296,0.3004,0.0817,0.6397,0.6461,0.4161,0.3151,0.2292,0.2186,175.0174,168.244,28.9347,1.1446
103.933,3118,in_bed,0.6859,0.9576,0.0415,2.5442,0.9162,0.3601,0.9428,0.8432,0.5286,0.3011,0.0817,0.6395,0.6455,0.4142,0.3147,0.2275,0.2194,174.3286,167.9744,28.5912,1.1559
103.967,3119,in_bed,0.6845,0.9548,0.04,2.5362,0.9148,0.3607,0.9399,0.8425,0.5264,0.3022,0.0816,0.6392,0.6445,0.4135,0.3161,0.2243,0.2206,173.9687,167.8203,28.0902,1.1531
104.0,3120,in_bed,0.688,0.9527,0.0383,2.5281,0.9144,0.3617,0.9386,0.8456,0.5304,0.3066,0.0815,0.6404,0.6434,0.4082,0.3152,0.2238,0.2251,173.6608,167.2281,27.223,1.1492
104.033,3121,in_bed,0.6936,0.9547,0.0354,2.5328,0.9193,0.363,0.9413,0.8517,0.5356,0.3092,0.0815,0.6463,0.6482,0.4057,0.3161,0.2264,0.2277,174.6788,166.9616,26.4201,1.1403
104.067,3122,in_bed,0.6987,0.9556,0.0326,2.5338,0.9229,0.3643,0.943,0.8569,0.5405,0.3111,0.0816,0.6519,0.653,0.4025,0.3165,0.2294,0.2295,176.1323,166.9335,26.0297,1.1267
104.1,3123,in_bed,0.7022,0.9559,0.0302,2.5337,0.9257,0.3654,0.9441,0.8607,0.5437,0.3137,0.0816,0.6569,0.6559,0.4004,0.317,0.23,0.2321,176.6715,166.6337,26.025,1.1181
104.133,3124,in_bed,0.7068,0.9579,0.0266,2.5403,0.9313,0.3666,0.9464,0.8654,0.5483,0.3153,0.0817,0.663,0.6594,0.3981,0.3172,0.2329,0.2336,177.3097,166.1958,26.274,1.1088
104.167,3125,in_bed,0.7068,0.9565,0.0227,2.5383,0.9338,0.3679,0.9447,0.8648,0.5489,0.3175,0.0817,0.6652,0.6597,0.3958,0.316,0.2313,0.2358,177.2973,165.7676,26.5228,1.0943
104.2,3126,in_bed,0.7081,0.9551,0.0239,2.5264,0.9311,0.3686,0.9441,0.8661,0.5501,0.3169,0.0819,0.6669,0.6623,0.394,0.316,0.2332,0.235,177.3966,165.5351,27.0245,1.0829
104.233,3127,in_bed,0.7067,0.9549,0.0212,2.5303,0.9337,0.369,0.9434,0.8644,0.549,0.3208,0.0816,0.6683,0.6618,0.3945,0.3155,0.2282,0.2391,176.301,165.0056,28.1618,1.0851
104.267,3128,in_bed,0.7054,0.9531,0.0205,2.522,0.9326,0.3698,0.9418,0.862,0.5488,0.3222,0.0818,0.6677,0.6615,0.393,0.3132,0.2267,0.2404,176.7172,164.9508,28.3587,1.0721
104.3,3129,in_bed,0.7052,0.9526,0.0183,2.5201,0.9343,0.3707,0.9412,0.8599,0.5505,0.3234,0.0818,0.6672,0.6623,0.3907,0.3093,0.2272,0.2416,177.0372,164.8844,28.8063,1.0657
104.333,3130,in_bed,0.7057,0.9532,0.018,2.5197,0.9352,0.3712,0.93,0.8589,0.5524,0.3255,0.0819,0.6681,0.6621,0.3775,0.3064,0.227,0.2435,177.6375,164.8548,29.0827,1.0584
104.367,3131,in_bed,0.7082,0.9302,0.0222,2.4165,0.908,0.3758,0.9302,0.8598,0.5566,0.327,0.0823,0.6682,0.6617,0.3736,0.3032,0.2296,0.2448,178.125,164.9172,29.4879,1.0078
104.4,3132,in_bed,0.7113,0.9512,0.0265,2.489,0.9247,0.3715,0.9405,0.862,0.5606,0.3277,0.0826,0.6691,0.6632,0.3799,0.3014,0.2329,0.2451,178.4335,164.9708,29.7985,1.0321
104.433,3133,in_bed,0.7105,0.9504,0.0269,2.4854,0.9235,0.3716,0.9386,0.8602,0.5608,0.327,0.0827,0.6682,0.6618,0.3778,0.2994,0.2338,0.2443,178.6368,165.2184,30.2428,1.0252
104.467,3134,in_bed,0.7104,0.9489,0.0265,2.481,0.9224,0.3718,0.9363,0.8582,0.5627,0.3295,0.0826,0.6678,0.6615,0.3736,0.2955,0.2332,0.2468,178.099,165.5082,30.855,1.0252
104.5,3135,in_bed,0.7105,0.9479,0.0257,2.4799,0.9222,0.3719,0.9345,0.8564,0.5646,0.3313,0.0825,0.6666,0.6606,0.3699,0.2918,0.2333,0.2488,177.6735,165.7792,31.3363,1.0279
104.533,3136,in_bed,0.7102,0.9467,0.0252,2.4769,0.9214,0.372,0.9328,0.8545,0.5659,0.3329,0.0825,0.6657,0.6623,0.3668,0.2885,0.233,0.2504,177.7391,166.0134,32.0002,1.0289
104.567,3137,in_bed,0.7093,0.9451,0.025,2.4728,0.9202,0.3721,0.9309,0.8525,0.5661,0.3333,0.0825,0.6645,0.6618,0.3648,0.2864,0.2328,0.2508,178.0437,166.2307,32.4366,1.0296
104.6,3138,in_bed,0.7088,0.9451,0.0241,2.4741,0.921,0.3723,0.9307,0.8519,0.5657,0.3333,0.0824,0.665,0.6624,0.365,0.2863,0.2323,0.2509,178.0329,166.295,32.7214,1.0298
104.633,3139,in_bed,0.7089,0.9452,0.0246,2.473,0.9206,0.3723,0.9304,0.8518,0.566,0.3332,0.0825,0.6651,0.6628,0.3645,0.2858,0.2328,0.2507,178.1777,166.3045,32.8932,1.0256
104.667,3140,in_bed,0.7088,0.9456,0.0257,2.4716,0.92,0.3722,0.9303,0.8517,0.5658,0.3318,0.0827,0.6659,0.6635,0.3644,0.2858,0.234,0.2492,178.4406,166.34,33.1038,1.0193
104.7,3141,in_bed,0.7083,0.9453,0.0259,2.4694,0.9194,0.3723,0.9296,0.8511,0.5655,0.3328,0.0827,0.6663,0.6649,0.3641,0.2856,0.2327,0.2501,178.442,166.2629,33.2336,1.0165
104.733,3142,in_bed,0.7062,0.9438,0.0259,2.4642,0.9179,0.3725,0.9273,0.8495,0.563,0.3306,0.0827,0.666,0.6658,0.3643,0.2865,0.2323,0.2479,178.6546,166.3023,33.1869,1.0118
104.767,3143,in_bed,0.7066,0.9428,0.0257,2.4595,0.9171,0.3729,0.926,0.8493,0.5639,0.331,0.0827,0.6665,0.6681,0.3621,0.2854,0.2328,0.2483,178.7997,166.1907,33.2493,1.0087
104.8,3144,in_bed,0.7073,0.943,0.0259,2.4594,0.9171,0.3729,0.9257,0.8501,0.5645,0.3322,0.0828,0.6669,0.67,0.3612,0.2856,0.2322,0.2494,178.6557,166.102,33.1461,1.0048
104.833,3145,in_bed,0.7077,0.9422,0.0261,2.4556,0.9161,0.373,0.9247,0.8501,0.5652,0.3314,0.0828,0.667,0.6703,0.3595,0.2849,0.2338,0.2486,178.6962,166.1562,33.0991,1.0008
104.867,3146,in_bed,0.7081,0.9419,0.027,2.4518,0.9148,0.3731,0.9245,0.8505,0.5657,0.33,0.083,0.6668,0.6692,0.3588,0.2849,0.2356,0.2471,178.8953,166.1971,33.1267,0.9957
104.9,3147,in_bed,0.7089,0.9419,0.0283,2.4485,0.9136,0.3731,0.9247,0.8512,0.5666,0.3299,0.0831,0.6675,0.6694,0.3581,0.2847,0.2367,0.2468,179.0872,166.1816,33.0964,0.9899
104.933,3148,in_bed,0.7097,0.9416,0.0289,2.4456,0.9126,0.3732,0.9244,0.8517,0.5677,0.3295,0.0832,0.6679,0.6694,0.3567,0.284,0.2382,0.2463,179.1418,166.1528,33.0537,0.9852
104.967,3149,in_bed,0.7101,0.9408,0.0303,2.4402,0.9105,0.3731,0.9239,0.8518,0.5685,0.3309,0.0833,0.6673,0.6699,0.3554,0.2833,0.2376,0.2476,179.2694,166.0252,33.0106,0.9805
105.0,3150,in_bed,0.7105,0.9409,0.0311,2.439,0.9098,0.373,0.9241,0.852,0.569,0.3315,0.0834,0.6672,0.6712,0.3551,0.283,0.2375,0.2481,179.2016,165.9634,32.9336,0.9793
105.033,3151,in_bed,0.7095,0.9398,0.0316,2.4346,0.9082,0.373,0.9229,0.8513,0.5677,0.3309,0.0834,0.666,0.669,0.3551,0.2836,0.2368,0.2475,178.9856,165.7885,32.8488,0.9779
105.067,3152,in_bed,0.7091,0.9393,0.0314,2.4325,0.9078,0.3732,0.9221,0.8514,0.5668,0.3308,0.0835,0.6659,0.6681,0.3554,0.2846,0.2359,0.2473,179.0071,165.6394,32.7862,0.9748
105.1,3153,in_bed,0.7086,0.9388,0.0314,2.4306,0.9073,0.3733,0.9217,0.8511,0.5661,0.3307,0.0835,0.6657,0.6673,0.3556,0.285,0.2353,0.2472,178.9938,165.5907,32.8123,0.9735
105.133,3154,in_bed,0.7086,0.9389,0.0313,2.4314,0.9076,0.3733,0.922,0.8514,0.5659,0.3299,0.0835,0.6657,0.6657,0.3561,0.2856,0.236,0.2464,178.8412,165.5539,32.7449,0.9707
105.167,3155,in_bed,0.7082,0.9389,0.031,2.4324,0.908,0.3733,0.9221,0.8513,0.565,0.3299,0.0835,0.6663,0.6668,0.357,0.2863,0.2352,0.2464,178.6864,165.5057,32.5987,0.9687
105.2,3156,in_bed,0.71,0.9399,0.0306,2.4354,0.9093,0.3734,0.9228,0.8524,0.5677,0.3308,0.0835,0.6685,0.6692,0.3552,0.2847,0.2369,0.2473,178.7827,165.6134,32.4931,0.9733
105.233,3157,in_bed,0.7107,0.94,0.0303,2.436,0.9097,0.3735,0.9228,0.8527,0.5687,0.3312,0.0835,0.6693,0.6711,0.3541,0.284,0.2375,0.2477,178.8483,165.6295,32.3411,0.9735
105.267,3158,in_bed,0.7106,0.9395,0.03,2.4348,0.9095,0.3736,0.922,0.8525,0.5687,0.3308,0.0834,0.6693,0.6716,0.3533,0.2838,0.2379,0.2474,178.9183,165.6509,32.3021,0.973
105.3,3159,in_bed,0.7111,0.939,0.0296,2.4335,0.9095,0.3737,0.9215,0.8524,0.5698,0.3323,0.0834,0.6693,0.6716,0.3516,0.2826,0.2375,0.2489,178.8833,165.5612,32.3365,0.9736
105.333,3160,in_bed,0.7119,0.939,0.0293,2.4334,0.9097,0.3738,0.9214,0.8527,0.5712,0.3336,0.0834,0.6692,0.671,0.3502,0.2815,0.2376,0.2502,178.9525,165.5547,32.3642,0.9745
105.367,3161,in_bed,0.7123,0.939,0.0296,2.4327,0.9094,0.3738,0.9214,0.8528,0.5718,0.3345,0.0834,0.6695,0.6711,0.3496,0.2809,0.2373,0.2511,179.0477,165.598,32.4061,0.9746
105.4,3162,in_bed,0.711,0.9385,0.0294,2.4318,0.9091,0.3739,0.9208,0.852,0.57,0.3348,0.0834,0.6684,0.6715,0.3507,0.2819,0.2352,0.2514,179.0169,165.5232,32.4613,0.9762
105.433,3163,in_bed,0.7108,0.9383,0.0294,2.431,0.9089,0.3739,0.9208,0.8516,0.5701,0.3347,0.0834,0.6675,0.671,0.3507,0.2815,0.2354,0.2513,178.957,165.4467,32.47,0.9769
105.467,3164,in_bed,0.7113,0.9388,0.0299,2.4319,0.9089,0.3738,0.9215,0.8521,0.5705,0.3351,0.0834,0.6674,0.6693,0.3509,0.2816,0.2355,0.2516,178.8385,165.3711,32.4854,0.9772
105.5,3165,in_bed,0.7114,0.9384,0.0304,2.4289,0.908,0.3738,0.9211,0.852,0.5708,0.3355,0.0835,0.667,0.6695,0.3503,0.2813,0.2353,0.252,178.7816,165.3498,32.5035,0.9757
105.533,3166,in_bed,0.7113,0.9376,0.03,2.4267,0.9076,0.374,0.9204,0.8521,0.5705,0.3359,0.0835,0.6667,0.6682,0.3499,0.2816,0.2346,0.2525,178.8243,165.3381,32.4739,0.9743
105.567,3167,in_bed,0.7112,0.9373,0.0296,2.4264,0.9077,0.3741,0.92,0.8519,0.5705,0.3363,0.0834,0.6668,0.6671,0.3495,0.2813,0.2343,0.2528,178.8507,165.3689,32.5054,0.9739
105.6,3168,in_bed,0.7124,0.9396,0.0297,2.4334,0.9098,0.3739,0.9223,0.8535,0.5713,0.3352,0.0835,0.6682,0.6689,0.351,0.2822,0.2361,0.2517,178.7359,165.3096,32.4187,0.972
105.633,3169,in_bed,0.7129,0.9392,0.0295,2.4319,0.9097,0.3741,0.9221,0.854,0.5717,0.334,0.0835,0.6687,0.6696,0.3503,0.2823,0.2377,0.2506,178.6203,165.399,32.4563,0.9713
105.667,3170,in_bed,0.7135,0.9397,0.0296,2.433,0.9101,0.3741,0.9225,0.8546,0.5723,0.333,0.0835,0.6701,0.6699,0.3502,0.2823,0.2393,0.2495,178.5072,165.4224,32.5031,0.9676
105.7,3171,in_bed,0.7136,0.9407,0.0293,2.4365,0.9114,0.3741,0.9234,0.8553,0.5719,0.3322,0.0836,0.6717,0.6726,0.3515,0.2834,0.2397,0.2486,178.79,165.4727,32.4628,0.9707
105.733,3172,in_bed,0.7137,0.9414,0.0293,2.4387,0.9121,0.374,0.924,0.8555,0.5719,0.3315,0.0836,0.6729,0.6743,0.3521,0.2836,0.2404,0.2479,178.84,165.4788,32.4428,0.9721
105.767,3173,in_bed,0.714,0.9415,0.0294,2.4389,0.9122,0.374,0.9241,0.8555,0.5725,0.3321,0.0836,0.6733,0.6739,0.3516,0.283,0.2404,0.2485,178.7923,165.4232,32.4698,0.9722
105.8,3174,in_bed,0.7132,0.9415,0.0292,2.4393,0.9123,0.374,0.9241,0.8552,0.5712,0.331,0.0835,0.6729,0.6742,0.3529,0.284,0.2402,0.2475,178.6568,165.3804,32.4966,0.9737
105.833,3175,in_bed,0.7125,0.9412,0.029,2.4391,0.9122,0.374,0.9241,0.855,0.5701,0.3302,0.0835,0.6729,0.6747,0.354,0.285,0.2399,0.2466,178.4543,165.4488,32.5058,0.9707
105.867,3176,in_bed,0.7127,0.9415,0.0288,2.441,0.9127,0.3739,0.9243,0.8551,0.5703,0.3294,0.0835,0.6723,0.6741,0.354,0.2848,0.2409,0.2459,178.3666,165.4418,32.432,0.9701
105.9,3177,in_bed,0.7129,0.9417,0.0294,2.4408,0.9124,0.3738,0.9246,0.8551,0.5707,0.3297,0.0835,0.6729,0.6737,0.3539,0.2843,0.2411,0.2461,178.412,165.4448,32.4553,0.9703
105.933,3178,in_bed,0.7139,0.9424,0.0292,2.4431,0.9131,0.3738,0.9254,0.8554,0.5723,0.3298,0.0835,0.6739,0.6741,0.3531,0.2831,0.2425,0.2462,178.5652,165.535,32.4485,0.9686
105.967,3179,in_bed,0.7137,0.9429,0.0296,2.4444,0.9133,0.3736,0.9259,0.8555,0.5719,0.3296,0.0836,0.6747,0.6737,0.354,0.2836,0.2423,0.2461,178.6726,165.6028,32.4106,0.9677
106.0,3180,in_bed,0.7131,0.9427,0.0284,2.4472,0.9144,0.3736,0.9259,0.8546,0.5715,0.3307,0.0834,0.6739,0.6744,0.3544,0.2831,0.2408,0.2472,178.8104,165.5371,32.3298,0.973
106.033,3181,in_bed,0.7129,0.9432,0.0283,2.4498,0.9149,0.3735,0.9268,0.8544,0.5713,0.3308,0.0834,0.6735,0.6746,0.3554,0.283,0.2405,0.2475,178.7513,165.5252,32.2527,0.9767
106.067,3182,in_bed,0.7117,0.9433,0.0288,2.45,0.9145,0.3732,0.9271,0.8534,0.57,0.331,0.0834,0.6728,0.6734,0.3571,0.2834,0.2391,0.2476,178.851,165.592,32.3119,0.9819
106.1,3183,in_bed,0.712,0.9442,0.0291,2.4534,0.9151,0.373,0.9285,0.8534,0.5706,0.3329,0.0834,0.673,0.6724,0.3579,0.2828,0.2377,0.2495,178.7788,165.4566,32.3267,0.9827
106.133,3184,in_bed,0.7128,0.9458,0.0291,2.4598,0.9167,0.3727,0.9308,0.854,0.5716,0.3337,0.0834,0.6731,0.6713,0.3593,0.2825,0.2379,0.2503,178.7388,165.4018,32.2363,0.9858
106.167,3185,in_bed,0.7122,0.9469,0.0292,2.4647,0.9177,0.3723,0.9323,0.8538,0.5707,0.3334,0.0834,0.6727,0.6702,0.3617,0.2832,0.2372,0.2501,178.7023,165.4044,32.3127,0.9888
106.2,3186,in_bed,0.7126,0.9481,0.0295,2.4693,0.9187,0.372,0.9336,0.8541,0.5711,0.3336,0.0834,0.6724,0.67,0.3625,0.2829,0.2375,0.2502,178.7078,165.3528,32.3644,0.9898
106.233,3187,in_bed,0.7131,0.9499,0.029,2.4771,0.9209,0.3718,0.9356,0.8547,0.5715,0.3338,0.0833,0.673,0.67,0.3641,0.2832,0.2377,0.2505,178.7319,165.2684,32.3063,0.9924
106.267,3188,in_bed,0.7127,0.9507,0.0289,2.4811,0.9218,0.3715,0.9364,0.8545,0.5709,0.333,0.0833,0.672,0.6683,0.3654,0.2835,0.2379,0.2497,178.8108,165.2406,32.2912,0.994
106.3,3189,in_bed,0.7125,0.9514,0.0282,2.4853,0.9232,0.3715,0.9371,0.8544,0.5706,0.3313,0.0833,0.6721,0.6678,0.3665,0.2838,0.2393,0.248,178.6542,165.1875,32.2995,0.9953
106.333,3190,in_bed,0.7118,0.9522,0.0285,2.4881,0.9237,0.3712,0.9379,0.8541,0.5695,0.3311,0.0833,0.6719,0.6658,0.3684,0.2846,0.2383,0.2478,178.6684,165.1479,32.4148,0.996
106.367,3191,in_bed,0.7116,0.9533,0.029,2.4922,0.9243,0.3709,0.9389,0.8539,0.5693,0.3315,0.0833,0.6716,0.6644,0.3695,0.2846,0.2378,0.2482,178.6683,165.071,32.4974,0.9966
106.4,3192,in_bed,0.7113,0.9539,0.0288,2.4948,0.9251,0.3708,0.9395,0.8539,0.5687,0.3305,0.0834,0.6712,0.6641,0.3708,0.2852,0.2382,0.2471,178.8392,165.1431,32.6162,0.9971
106.433,3193,in_bed,0.7103,0.9542,0.0287,2.4968,0.9255,0.3707,0.9401,0.8537,0.5669,0.3286,0.0834,0.6709,0.6656,0.3732,0.2868,0.2383,0.2453,178.6614,165.2261,32.6287,0.9978
106.467,3194,in_bed,0.7098,0.9552,0.0287,2.5013,0.9265,0.3704,0.9413,0.8538,0.5659,0.3285,0.0834,0.671,0.6675,0.3754,0.2879,0.2374,0.2451,178.8247,165.2309,32.4324,0.9997
106.5,3195,in_bed,0.7094,0.9553,0.0284,2.503,0.9269,0.3703,0.9414,0.8534,0.5654,0.3286,0.0833,0.6706,0.6672,0.376,0.288,0.2368,0.2453,178.9814,165.2452,32.3744,1.0022
106.533,3196,in_bed,0.7092,0.9557,0.0286,2.5046,0.9272,0.3702,0.9416,0.8534,0.5651,0.3289,0.0833,0.6701,0.6667,0.3765,0.2883,0.2361,0.2456,178.9097,165.2724,32.3856,1.0038
106.567,3197,in_bed,0.7096,0.9561,0.0288,2.5054,0.9273,0.3701,0.9419,0.8537,0.5655,0.3291,0.0833,0.6701,0.666,0.3764,0.2883,0.2364,0.2458,178.9836,165.3102,32.407,1.0037
106.6,3198,in_bed,0.7095,0.9569,0.0282,2.5097,0.9288,0.3701,0.9428,0.8539,0.5652,0.3288,0.0833,0.6698,0.6639,0.3776,0.2887,0.2363,0.2456,179.0178,165.3838,32.4665,1.0058
106.633,3199,in_bed,0.7095,0.9577,0.027,2.515,0.9307,0.37,0.9433,0.8541,0.565,0.3285,0.0832,0.6695,0.6624,0.3783,0.289,0.2365,0.2453,179.1051,165.4489,32.4618,1.0092
106.667,3200,in_bed,0.7087,0.9584,0.0262,2.5195,0.9322,0.37,0.9439,0.8541,0.5633,0.3279,0.0832,0.6698,0.6586,0.3806,0.2908,0.2354,0.2447,179.2093,165.4086,32.2287,1.0105
106.7,3201,in_bed,0.7088,0.9599,0.0254,2.5265,0.9345,0.3699,0.9454,0.8549,0.5627,0.3283,0.0831,0.6703,0.658,0.3827,0.2922,0.2344,0.2452,179.1331,165.4075,32.0973,1.014
106.733,3202,in_bed,0.7088,0.9614,0.0252,2.5336,0.9363,0.3695,0.9471,0.8552,0.5624,0.3291,0.0831,0.6699,0.6574,0.3847,0.2928,0.2333,0.2461,179.0674,165.3954,31.8342,1.0178
106.767,3203,in_bed,0.7081,0.962,0.0245,2.5375,0.9375,0.3695,0.9479,0.8547,0.5615,0.3293,0.083,0.6689,0.6581,0.3864,0.2932,0.2322,0.2462,179.3069,165.4634,31.7004,1.0206
106.8,3204,in_bed,0.7093,0.9636,0.0246,2.5438,0.939,0.3692,0.9501,0.8555,0.5631,0.3318,0.0831,0.6691,0.6584,0.3869,0.2924,0.2314,0.2487,179.3078,165.3495,31.4252,1.0238
106.833,3205,in_bed,0.7092,0.9657,0.024,2.5532,0.9417,0.3688,0.9522,0.8558,0.5626,0.3335,0.0831,0.6692,0.6605,0.3897,0.2932,0.2291,0.2504,179.2094,165.2113,31.2131,1.0277
106.867,3206,in_bed,0.7092,0.9676,0.0233,2.5623,0.9443,0.3686,0.9543,0.8564,0.5619,0.3348,0.0831,0.6692,0.6626,0.3924,0.2945,0.2271,0.2517,179.2725,165.1121,31.0529,1.0333
106.9,3207,in_bed,0.7105,0.9692,0.0251,2.5644,0.944,0.3681,0.9563,0.8583,0.5626,0.3352,0.0832,0.6696,0.6658,0.3936,0.2957,0.2275,0.252,179.1343,164.91,31.083,1.0364
106.933,3208,in_bed,0.7108,0.9706,0.0272,2.566,0.9434,0.3676,0.9581,0.8598,0.5617,0.3337,0.0833,0.6695,0.6689,0.3964,0.2982,0.228,0.2504,178.0481,164.679,31.0563,1.0399
106.967,3209,in_bed,0.7106,0.9724,0.0264,2.5758,0.946,0.3673,0.9599,0.8598,0.5614,0.335,0.0832,0.6685,0.6706,0.3985,0.2983,0.2264,0.2518,178.5866,164.6939,30.8866,1.045
107.0,3210,in_bed,0.7111,0.9743,0.0257,2.5852,0.9486,0.3669,0.9618,0.8603,0.5619,0.3369,0.0832,0.6681,0.6712,0.3999,0.2984,0.225,0.2537,178.8863,164.7831,30.767,1.0506
107.033,3211,in_bed,0.7108,0.9756,0.025,2.5926,0.9506,0.3667,0.9631,0.8605,0.561,0.3365,0.0831,0.6681,0.6712,0.4021,0.2995,0.2246,0.2533,178.9369,164.8106,30.707,1.0528
107.067,3212,in_bed,0.7101,0.9761,0.0251,2.5958,0.951,0.3664,0.9631,0.8604,0.5598,0.3357,0.0831,0.6669,0.6705,0.4033,0.3006,0.224,0.2526,178.9728,164.9306,30.6412,1.0536
107.1,3213,in_bed,0.7097,0.9768,0.0249,2.6002,0.9519,0.3661,0.9635,0.8605,0.5589,0.3353,0.0831,0.6655,0.6694,0.4046,0.3016,0.2236,0.2522,179.0852,165.0205,30.5802,1.0543
107.133,3214,in_bed,0.7098,0.9776,0.0245,2.6055,0.9531,0.3658,0.964,0.8609,0.5586,0.3351,0.083,0.6644,0.6697,0.4053,0.3022,0.2235,0.2521,179.1697,165.2162,30.5599,1.0562
107.167,3215,in_bed,0.7102,0.9794,0.0247,2.6127,0.9546,0.3654,0.9651,0.8621,0.5584,0.3354,0.083,0.6645,0.6728,0.4068,0.3037,0.223,0.2524,179.2019,165.3893,30.7003,1.0472
107.2,3216,in_bed,0.7118,0.9806,0.0246,2.6179,0.956,0.3652,0.9661,0.8636,0.5599,0.3364,0.083,0.6652,0.6763,0.4062,0.3037,0.2235,0.2535,179.2022,165.7093,30.9915,1.0411
107.233,3217,in_bed,0.7135,0.9819,0.0247,2.6229,0.9572,0.3649,0.967,0.8663,0.5606,0.3337,0.083,0.6647,0.6786,0.4063,0.3056,0.227,0.2507,178.2384,165.6391,30.9196,1.0409
107.267,3218,in_bed,0.7137,0.9824,0.025,2.6248,0.9574,0.3647,0.9672,0.8678,0.5596,0.3317,0.083,0.663,0.6782,0.4076,0.3083,0.2279,0.2487,177.5446,165.5722,30.7968,1.0443
107.3,3219,in_bed,0.7132,0.9831,0.0248,2.6278,0.9583,0.3647,0.9676,0.8693,0.5571,0.3288,0.0829,0.6617,0.6773,0.4106,0.3122,0.2283,0.2458,176.7583,165.4649,30.6563,1.0539
107.333,3220,in_bed,0.7129,0.9857,0.0264,2.6333,0.9593,0.3643,0.9698,0.8711,0.5548,0.3258,0.0832,0.6626,0.6781,0.4151,0.3163,0.2289,0.2427,176.8319,165.6108,30.5557,1.0482
107.367,3221,in_bed,0.7129,0.9876,0.0258,2.6417,0.9618,0.3641,0.9715,0.8718,0.554,0.3252,0.0831,0.6626,0.679,0.4175,0.3178,0.2288,0.2421,176.9758,165.7279,30.5111,1.0537
107.4,3222,in_bed,0.7133,0.9888,0.0263,2.6443,0.9625,0.364,0.9725,0.873,0.5536,0.3239,0.0833,0.6624,0.6787,0.4189,0.3194,0.2297,0.2407,177.0496,165.6662,30.2633,1.0532
107.433,3223,in_bed,0.7139,0.99,0.0273,2.6464,0.9627,0.3638,0.9736,0.8741,0.5537,0.3258,0.0833,0.6625,0.6777,0.4199,0.3204,0.2279,0.2424,177.386,165.6167,30.1287,1.0522
107.467,3224,in_bed,0.7145,0.9906,0.0291,2.6447,0.9615,0.3636,0.9741,0.8761,0.553,0.3252,0.0835,0.6624,0.6774,0.4211,0.3231,0.2278,0.2417,176.7844,165.2726,29.8393,1.0471
107.5,3225,in_bed,0.7141,0.9907,0.029,2.6458,0.9616,0.3635,0.9742,0.8768,0.5515,0.3239,0.0834,0.6608,0.6752,0.4227,0.3253,0.2276,0.2405,176.218,165.0676,29.6498,1.0472
107.533,3226,in_bed,0.7146,0.991,0.0289,2.6482,0.9621,0.3633,0.9747,0.8775,0.5517,0.3227,0.0834,0.6597,0.6743,0.4231,0.3259,0.229,0.2393,175.5861,165.0278,29.578,1.0467
107.567,3227,in_bed,0.7142,0.9913,0.0282,2.6519,0.9632,0.3632,0.9751,0.8769,0.5515,0.3248,0.0833,0.6589,0.6732,0.4235,0.3254,0.2268,0.2415,176.0577,164.9985,29.4859,1.0518
107.6,3228,in_bed,0.7143,0.9925,0.0279,2.657,0.9645,0.363,0.9762,0.8773,0.5512,0.3256,0.0833,0.6586,0.6726,0.4249,0.3261,0.2256,0.2423,176.405,165.1123,29.4409,1.054
107.633,3229,in_bed,0.7142,0.9923,0.0282,2.6565,0.9641,0.3629,0.9762,0.8779,0.5504,0.3244,0.0833,0.6578,0.6703,0.4258,0.3275,0.226,0.2411,175.8625,165.0233,29.2584,1.0529
107.667,3230,in_bed,0.715,0.9939,0.028,2.6632,0.9659,0.3627,0.9779,0.8789,0.5511,0.3255,0.0834,0.6582,0.6684,0.4268,0.3278,0.2256,0.2421,175.9895,165.0372,29.2954,1.0527
107.7,3231,in_bed,0.7153,0.9947,0.0284,2.6663,0.9663,0.3624,0.9788,0.8789,0.5516,0.3268,0.0834,0.6582,0.6675,0.4271,0.3273,0.2249,0.2433,176.285,165.1388,29.3137,1.0504
107.733,3232,in_bed,0.7153,0.9953,0.0292,2.667,0.9661,0.3622,0.9795,0.8796,0.551,0.327,0.0835,0.6582,0.6668,0.4285,0.3286,0.224,0.2434,176.4554,165.2153,29.2972,1.0478
107.767,3233,in_bed,0.7154,0.9959,0.0291,2.6701,0.9668,0.3621,0.9803,0.8798,0.5511,0.3281,0.0835,0.6586,0.6656,0.4292,0.3287,0.223,0.2446,176.5713,165.2218,29.3067,1.0498
107.8,3234,in_bed,0.7154,0.9958,0.0292,2.6697,0.9666,0.3621,0.9802,0.8797,0.551,0.3284,0.0836,0.6588,0.6634,0.4291,0.3287,0.2226,0.2449,176.6926,165.2536,29.334,1.0494
107.833,3235,in_bed,0.7155,0.9955,0.028,2.6708,0.9675,0.3623,0.9798,0.8795,0.5516,0.329,0.0835,0.6586,0.6614,0.4283,0.3279,0.2226,0.2455,176.7455,165.2276,29.2881,1.0522
107.867,3236,in_bed,0.7151,0.9951,0.0272,2.6712,0.9679,0.3623,0.9796,0.8789,0.5514,0.3302,0.0834,0.6581,0.6608,0.4282,0.3275,0.2212,0.2468,177.0264,165.3505,29.2315,1.052
107.9,3237,in_bed,0.7149,0.9952,0.0268,2.6723,0.9683,0.3624,0.9797,0.8787,0.5511,0.3306,0.0834,0.658,0.6617,0.4286,0.3276,0.2205,0.2472,177.1213,165.3361,29.2082,1.0476
107.933,3238,in_bed,0.7153,0.9954,0.0265,2.6739,0.9689,0.3624,0.9801,0.8787,0.5519,0.3313,0.0833,0.6581,0.6616,0.4282,0.3269,0.2206,0.2479,177.276,165.3213,29.2087,1.0473
107.967,3239,in_bed,0.7148,0.9952,0.0257,2.6753,0.9695,0.3624,0.9801,0.8779,0.5517,0.3319,0.0832,0.6573,0.6615,0.4284,0.3262,0.2198,0.2486,177.4726,165.3052,29.2716,1.0504
108.0,3240,in_bed,0.7157,0.9952,0.0256,2.6751,0.9696,0.3625,0.9807,0.8793,0.5521,0.3306,0.0832,0.6572,0.6627,0.4286,0.3271,0.2216,0.2474,176.7148,165.1725,29.1273,1.056
108.033,3241,in_bed,0.7162,0.9953,0.0258,2.6751,0.9694,0.3624,0.981,0.88,0.5524,0.3293,0.0832,0.6577,0.665,0.4286,0.3276,0.2232,0.2461,175.9512,165.0836,29.0968,1.0579
108.067,3242,in_bed,0.7172,0.9953,0.026,2.6748,0.9693,0.3624,0.9812,0.8812,0.5533,0.3277,0.0832,0.6579,0.6662,0.4279,0.3279,0.2256,0.2445,175.3655,165.0538,29.0422,1.0546
108.1,3243,in_bed,0.7187,0.9957,0.0271,2.6739,0.9686,0.3622,0.982,0.8825,0.5549,0.3277,0.0833,0.6582,0.6683,0.427,0.3275,0.2272,0.2444,174.8666,165.0059,28.9464,1.0505
108.133,3244,in_bed,0.7193,0.9961,0.0286,2.6731,0.9675,0.362,0.9827,0.8835,0.5551,0.3275,0.0834,0.6583,0.6689,0.4276,0.3284,0.2276,0.2441,174.3877,164.9552,28.7744,1.0471
108.167,3245,in_bed,0.7195,0.9961,0.0291,2.672,0.967,0.3619,0.983,0.8839,0.5551,0.3273,0.0834,0.6587,0.67,0.4279,0.3288,0.2278,0.2439,174.1652,164.9696,28.7169,1.047
108.2,3246,in_bed,0.7205,0.9721,0.0304,2.5643,0.9416,0.3672,0.9721,0.8852,0.5557,0.326,0.0835,0.6597,0.6713,0.4164,0.3295,0.2297,0.2425,173.796,164.9721,28.6976,1.0032
108.233,3247,in_bed,0.7208,0.9725,0.0309,2.5657,0.9416,0.367,0.9725,0.8853,0.5562,0.3255,0.0835,0.6596,0.6716,0.4163,0.3291,0.2308,0.2419,173.5307,164.9665,28.7249,1.0029
108.267,3248,in_bed,0.7214,0.9738,0.0319,2.5685,0.9419,0.3667,0.9738,0.8863,0.5565,0.3238,0.0836,0.6601,0.6718,0.4173,0.3299,0.2327,0.2402,173.2694,164.9943,28.7274,1.0012
108.3,3249,in_bed,0.7215,0.9975,0.032,2.6706,0.9654,0.3615,0.9857,0.8865,0.5565,0.3225,0.0836,0.6599,0.6716,0.4292,0.33,0.234,0.2389,173.1035,164.9867,28.7179,1.0381
108.333,3250,in_bed,0.7217,0.9978,0.0328,2.6697,0.965,0.3614,0.9861,0.8869,0.5566,0.3216,0.0837,0.6602,0.6715,0.4295,0.3303,0.2349,0.2379,172.9183,165.0077,28.8232,1.0349
108.367,3251,in_bed,0.7213,0.9982,0.032,2.6734,0.9663,0.3614,0.986,0.886,0.5566,0.3236,0.0837,0.6613,0.6712,0.4294,0.3294,0.2329,0.2399,173.6574,165.1277,29.0436,1.0373
108.4,3252,in_bed,0.7211,0.9989,0.0303,2.6778,0.9686,0.3617,0.9862,0.8857,0.5566,0.3229,0.0837,0.662,0.6708,0.4296,0.3291,0.2337,0.2392,174.2546,165.2072,29.1246,1.0401
108.433,3253,in_bed,0.7211,0.9995,0.0291,2.6817,0.9703,0.3618,0.9865,0.8851,0.5571,0.324,0.0836,0.6625,0.6698,0.4294,0.328,0.2331,0.2404,174.7704,165.1767,29.2813,1.0411
108.467,3254,in_bed,0.7207,0.9991,0.0282,2.6816,0.9708,0.362,0.9856,0.8841,0.5573,0.3248,0.0836,0.6625,0.6685,0.4283,0.3268,0.2326,0.2412,174.99,165.2549,29.5007,1.0326
108.5,3255,in_bed,0.7206,0.9989,0.0275,2.6821,0.9714,0.3622,0.9846,0.8833,0.5578,0.3257,0.0835,0.6632,0.6679,0.4268,0.3255,0.2321,0.2421,175.3697,165.3706,29.6566,1.0309
108.533,3256,in_bed,0.7202,0.9979,0.0275,2.6779,0.9704,0.3624,0.9833,0.8824,0.558,0.3264,0.0836,0.6635,0.6664,0.4253,0.3244,0.2315,0.2429,175.8038,165.5311,29.7917,1.0272
108.567,3257,in_bed,0.7196,0.9969,0.0275,2.6739,0.9694,0.3625,0.9817,0.8813,0.5579,0.327,0.0836,0.6636,0.6642,0.4238,0.3234,0.2309,0.2434,176.1882,165.6239,29.9584,1.0253
108.6,3258,in_bed,0.7195,0.9961,0.0276,2.6696,0.9685,0.3628,0.9805,0.8806,0.5583,0.3273,0.0836,0.6637,0.6612,0.4222,0.3224,0.2309,0.2437,176.611,165.7048,30.0326,1.0237
108.633,3259,in_bed,0.7191,0.9949,0.028,2.6641,0.9669,0.3629,0.9788,0.8793,0.559,0.329,0.0836,0.664,0.6614,0.4199,0.3203,0.23,0.2453,177.103,165.7703,30.1646,1.0233
108.667,3260,in_bed,0.7183,0.994,0.0276,2.6619,0.9664,0.3631,0.9777,0.8779,0.5587,0.3287,0.0836,0.6634,0.661,0.4189,0.3192,0.23,0.2451,177.1143,165.7737,30.2741,1.0224
108.7,3261,in_bed,0.7175,0.9927,0.0271,2.6583,0.9656,0.3633,0.9763,0.8766,0.5583,0.3289,0.0835,0.6626,0.659,0.418,0.3184,0.2294,0.2454,177.1971,165.8355,30.3177,1.0218
108.733,3262,in_bed,0.7173,0.9923,0.0273,2.6558,0.965,0.3633,0.9758,0.8766,0.558,0.3286,0.0835,0.6625,0.6595,0.4178,0.3186,0.2294,0.2451,177.3897,165.9488,30.2954,1.0236
108.767,3263,in_bed,0.7168,0.9913,0.027,2.6531,0.9643,0.3634,0.9749,0.8757,0.5579,0.3297,0.0835,0.6619,0.6593,0.417,0.3178,0.2282,0.2462,177.5435,165.921,30.2914,1.0232
108.8,3264,in_bed,0.716,0.9913,0.0248,2.6584,0.9665,0.3636,0.9748,0.8751,0.557,0.3301,0.0833,0.662,0.6584,0.4179,0.3181,0.2269,0.2468,177.5829,165.785,30.3259,1.0314
108.833,3265,in_bed,0.7153,0.9915,0.0242,2.661,0.9672,0.3635,0.9752,0.8746,0.5561,0.3305,0.0833,0.6614,0.656,0.4191,0.3185,0.2255,0.2472,177.589,165.7309,30.2944,1.0329
108.867,3266,in_bed,0.7155,0.9917,0.0239,2.663,0.9678,0.3634,0.9756,0.8744,0.5565,0.3308,0.0832,0.6608,0.6541,0.419,0.3179,0.2258,0.2475,177.5481,165.7498,30.2271,1.0314
108.9,3267,in_bed,0.7161,0.9925,0.0248,2.6644,0.9677,0.3632,0.9765,0.875,0.5573,0.3322,0.0833,0.661,0.6549,0.4192,0.3176,0.2251,0.2489,177.5649,165.6456,30.1637,1.0266
108.933,3268,in_bed,0.7163,0.9931,0.0251,2.6664,0.968,0.3631,0.9772,0.8753,0.5574,0.3327,0.0833,0.6612,0.6554,0.4198,0.3179,0.2246,0.2494,177.7454,165.5987,30.0309,1.0281
108.967,3269,in_bed,0.7162,0.9932,0.0249,2.6672,0.9683,0.363,0.9773,0.8754,0.557,0.3323,0.0833,0.6612,0.6551,0.4203,0.3183,0.2247,0.249,177.9238,165.6303,29.8963,1.0246
109.0,3270,in_bed,0.7157,0.9933,0.025,2.6674,0.9683,0.363,0.9775,0.8752,0.5562,0.3319,0.0833,0.661,0.6552,0.4213,0.319,0.2243,0.2486,177.8794,165.6735,29.9219,1.0223
109.033,3271,in_bed,0.7148,0.9933,0.0257,2.6666,0.9676,0.3629,0.9774,0.8748,0.5548,0.3311,0.0834,0.6607,0.6565,0.4226,0.32,0.2238,0.2477,177.7892,165.6996,30.0372,1.0172
109.067,3272,in_bed,0.7144,0.9928,0.0258,2.6645,0.967,0.3629,0.9768,0.8744,0.5544,0.332,0.0834,0.6601,0.6581,0.4224,0.3199,0.2225,0.2486,177.9771,165.7265,30.1382,1.0185
109.1,3273,in_bed,0.7142,0.9925,0.0251,2.6641,0.9673,0.3631,0.9762,0.874,0.5545,0.3325,0.0833,0.6598,0.6586,0.4217,0.3195,0.2219,0.2493,178.1404,165.6078,30.2376,1.0243
109.133,3274,in_bed,0.7144,0.9924,0.0254,2.6624,0.967,0.3632,0.976,0.874,0.5547,0.3324,0.0833,0.6604,0.6596,0.4213,0.3193,0.2223,0.2491,178.1533,165.569,30.3607,1.0247
109.167,3275,in_bed,0.7139,0.9921,0.0255,2.6607,0.9667,0.3633,0.9755,0.8732,0.5546,0.3321,0.0834,0.6611,0.6622,0.4209,0.3186,0.2224,0.2487,178.2554,165.5895,30.5161,1.0258
109.2,3276,in_bed,0.7139,0.9914,0.0259,2.6568,0.9655,0.3634,0.9745,0.8724,0.5554,0.3323,0.0834,0.6612,0.66,0.4191,0.317,0.2231,0.2489,178.1207,165.5431,30.7317,1.0268
109.233,3277,in_bed,0.7136,0.99,0.0262,2.6498,0.9638,0.3637,0.9731,0.8717,0.5555,0.3329,0.0835,0.6616,0.6591,0.4175,0.3161,0.2226,0.2494,178.2566,165.4392,30.9191,1.028
109.267,3278,in_bed,0.7144,0.9897,0.026,2.6476,0.9637,0.364,0.9729,0.8719,0.557,0.3314,0.0835,0.6626,0.6591,0.4159,0.3149,0.2256,0.2479,177.996,165.39,31.1124,1.0289
109.3,3279,in_bed,0.7146,0.989,0.0264,2.6428,0.9625,0.3642,0.9719,0.8714,0.5579,0.3307,0.0836,0.6631,0.6562,0.4141,0.3136,0.2272,0.2471,177.7697,165.4161,31.3702,1.0263
109.333,3280,in_bed,0.7142,0.9871,0.0273,2.6335,0.9598,0.3645,0.9702,0.8704,0.5579,0.3309,0.0836,0.6631,0.6543,0.4123,0.3125,0.227,0.2473,177.8565,165.4722,31.4932,1.0204
109.367,3281,in_bed,0.7127,0.9852,0.0275,2.6251,0.9577,0.3648,0.9683,0.8687,0.5567,0.3304,0.0836,0.6625,0.653,0.4116,0.312,0.2263,0.2468,177.9592,165.4115,31.6362,1.0174
109.4,3282,in_bed,0.7114,0.9834,0.0283,2.6166,0.9552,0.365,0.9664,0.8673,0.5555,0.3302,0.0836,0.6616,0.6503,0.411,0.3119,0.2253,0.2465,177.9917,165.3686,31.7722,1.0142
109.433,3283,in_bed,0.7105,0.9817,0.0282,2.6096,0.9534,0.3654,0.9647,0.8661,0.5549,0.3301,0.0836,0.6608,0.6489,0.4098,0.3111,0.2248,0.2465,178.1008,165.4034,31.8666,1.0137
109.467,3284,in_bed,0.7093,0.9797,0.0282,2.6027,0.9515,0.3656,0.963,0.8645,0.554,0.3296,0.0836,0.6592,0.6457,0.409,0.3105,0.2244,0.246,178.1098,165.4678,31.9448,1.0119
109.5,3285,in_bed,0.7081,0.9787,0.0281,2.5993,0.9506,0.3657,0.9621,0.8634,0.5528,0.3289,0.0836,0.658,0.6436,0.4093,0.3105,0.2239,0.2453,178.1476,165.4615,31.9745,1.013
109.533,3286,in_bed,0.7079,0.978,0.0285,2.5964,0.9495,0.3657,0.9616,0.8627,0.553,0.3293,0.0836,0.6572,0.6407,0.4086,0.3097,0.2237,0.2457,178.1904,165.4322,31.9783,1.0123
109.567,3287,in_bed,0.708,0.9778,0.0291,2.5947,0.9487,0.3656,0.9613,0.8627,0.5532,0.3287,0.0836,0.6567,0.6395,0.4081,0.3096,0.2245,0.2451,178.1513,165.4186,31.9561,1.0113
109.6,3288,in_bed,0.7082,0.978,0.0283,2.5969,0.9497,0.3657,0.9616,0.8627,0.5537,0.3289,0.0836,0.656,0.6403,0.408,0.3091,0.2248,0.2453,178.183,165.3443,31.8618,1.0151
109.633,3289,in_bed,0.708,0.9778,0.0277,2.5973,0.9501,0.3658,0.9616,0.8626,0.5534,0.3287,0.0836,0.6553,0.6412,0.4082,0.3092,0.2247,0.2451,178.3206,165.4372,31.7702,1.0137
109.667,3290,in_bed,0.7078,0.9783,0.0278,2.5991,0.9505,0.3657,0.9621,0.8624,0.5532,0.3293,0.0836,0.6549,0.6424,0.4089,0.3091,0.2239,0.2457,178.4431,165.3812,31.7066,1.0159
109.7,3291,in_bed,0.7075,0.9783,0.0272,2.6002,0.951,0.3657,0.9622,0.8623,0.5527,0.3292,0.0836,0.6545,0.6427,0.4095,0.3095,0.2236,0.2456,178.5113,165.2837,31.6812,1.0159
109.733,3292,in_bed,0.7066,0.9781,0.0272,2.6002,0.9509,0.3657,0.9618,0.8617,0.5515,0.3287,0.0836,0.6544,0.6425,0.4103,0.3101,0.2229,0.2451,178.5107,165.2368,31.6649,1.0163
109.767,3293,in_bed,0.7061,0.9784,0.0269,2.6019,0.9515,0.3657,0.962,0.8616,0.5507,0.3279,0.0835,0.6545,0.6428,0.4113,0.3109,0.2228,0.2444,178.4669,165.1854,31.6105,1.018
109.8,3294,in_bed,0.7061,0.9784,0.0272,2.6017,0.9512,0.3656,0.9619,0.8616,0.5506,0.3274,0.0836,0.6541,0.6432,0.4113,0.311,0.2233,0.2438,178.4284,165.2052,31.5261,1.0179
109.833,3295,in_bed,0.7053,0.9783,0.0264,2.6037,0.9519,0.3656,0.962,0.8615,0.5491,0.3264,0.0835,0.6526,0.6415,0.413,0.3125,0.2226,0.2429,178.4315,165.2605,31.3822,1.0203
109.867,3296,in_bed,0.7036,0.9784,0.0261,2.6065,0.9524,0.3654,0.9619,0.8608,0.5465,0.3258,0.0834,0.6509,0.6395,0.4154,0.3143,0.2207,0.2424,178.4483,165.338,31.3626,1.0206
109.9,3297,in_bed,0.7024,0.9785,0.0263,2.6071,0.9522,0.3652,0.9618,0.8603,0.5446,0.3246,0.0835,0.6494,0.6381,0.4172,0.3158,0.2199,0.2411,178.2488,165.425,31.2998,1.0192
109.933,3298,in_bed,0.7003,0.9786,0.0261,2.6091,0.9525,0.3651,0.9616,0.8598,0.5409,0.321,0.0834,0.6486,0.6373,0.4207,0.3189,0.2198,0.2376,177.9319,165.4531,31.228,1.0187
109.967,3299,in_bed,0.699,0.9791,0.0261,2.6121,0.953,0.3648,0.9618,0.8598,0.5382,0.3176,0.0834,0.6479,0.6349,0.4236,0.3216,0.2206,0.2342,177.3655,165.3858,31.0672,1.0191
110.0,3300,in_bed,0.6973,0.9793,0.0255,2.6153,0.9539,0.3647,0.962,0.8594,0.5352,0.3129,0.0834,0.6472,0.6342,0.4268,0.3242,0.2222,0.2295,176.7619,165.3116,30.9509,1.0189
110.033,3301,in_bed,0.6962,0.9801,0.0253,2.6183,0.9547,0.3646,0.9626,0.8596,0.5328,0.3116,0.0836,0.6473,0.6346,0.4297,0.3268,0.2212,0.2281,176.6766,165.2411,30.7261,1.0176
110.067,3302,in_bed,0.6959,0.9818,0.0259,2.6231,0.9559,0.3644,0.964,0.8609,0.5309,0.3089,0.0837,0.6483,0.6346,0.4331,0.33,0.222,0.2252,176.5273,165.0877,30.4022,1.0164
110.1,3303,in_bed,0.6966,0.9837,0.0274,2.6263,0.9562,0.3641,0.966,0.8628,0.5303,0.3043,0.084,0.6498,0.6359,0.4357,0.3326,0.2259,0.2203,175.8299,165.0618,30.1405,1.0084
110.133,3304,in_bed,0.6968,0.9856,0.0285,2.6308,0.9571,0.3638,0.9678,0.8647,0.529,0.3006,0.0843,0.6505,0.637,0.4389,0.3357,0.2284,0.2163,175.4405,165.1159,29.7811,1.004
110.167,3305,in_bed,0.6968,0.9879,0.0288,2.6385,0.9591,0.3635,0.9703,0.8666,0.5269,0.2944,0.0845,0.6515,0.6382,0.4433,0.3396,0.2325,0.2099,174.4799,165.2135,29.4458,0.9989
110.2,3306,in_bed,0.6958,0.9899,0.0286,2.6466,0.9613,0.3632,0.9722,0.8678,0.5237,0.2866,0.0846,0.6523,0.6386,0.4485,0.3442,0.2371,0.202,173.76,165.0681,29.1304,1.0002
110.233,3307,in_bed,0.6954,0.9915,0.0279,2.6541,0.9636,0.3631,0.974,0.8688,0.522,0.2812,0.0845,0.6518,0.6388,0.452,0.3469,0.2408,0.1967,173.068,165.0409,28.9811,0.9977
110.267,3308,in_bed,0.6945,0.9924,0.0267,2.6609,0.9657,0.3629,0.975,0.8694,0.5197,0.2771,0.0845,0.6507,0.6366,0.4553,0.3497,0.2426,0.1927,172.5541,165.0114,28.8078,0.99
110.3,3309,in_bed,0.6945,0.994,0.0255,2.6694,0.9685,0.3628,0.9771,0.8709,0.5182,0.2731,0.0844,0.6509,0.637,0.4589,0.3527,0.245,0.1887,172.1705,165.0671,28.6021,0.9889
110.333,3310,in_bed,0.6951,0.9948,0.0255,2.6733,0.9693,0.3626,0.9786,0.8718,0.5184,0.2739,0.0844,0.6507,0.6373,0.4602,0.3534,0.2445,0.1895,172.4837,165.057,28.3335,0.993
110.367,3311,in_bed,0.6964,0.9958,0.0254,2.6775,0.9704,0.3624,0.9798,0.8728,0.5201,0.2784,0.0845,0.6506,0.6362,0.4597,0.3527,0.2418,0.1939,173.5219,165.1515,28.1882,0.9963
110.4,3312,in_bed,0.698,0.9978,0.0261,2.683,0.9717,0.3622,0.9826,0.8749,0.5212,0.2787,0.0847,0.6514,0.6375,0.4614,0.3536,0.2426,0.194,173.2617,164.9465,28.0356,0.9991
110.433,3313,in_bed,0.7009,1.0006,0.0262,2.6914,0.9743,0.362,0.9862,0.8779,0.5238,0.2794,0.0848,0.6531,0.6399,0.4624,0.3541,0.2444,0.1947,173.3578,164.7805,27.8834,1.0016
110.467,3314,in_bed,0.706,1.0038,0.028,2.6986,0.9759,0.3616,0.9901,0.883,0.5291,0.2817,0.0849,0.656,0.6434,0.461,0.3539,0.2474,0.1968,173.6852,164.8352,27.7582,1.0137
110.5,3315,in_bed,0.7098,1.0058,0.0292,2.7031,0.9766,0.3613,0.9925,0.8863,0.5334,0.2856,0.0849,0.6576,0.6442,0.4591,0.3529,0.2478,0.2006,174.1232,164.875,27.5798,1.0192
110.533,3316,in_bed,0.7101,1.0062,0.028,2.7074,0.9782,0.3613,0.993,0.8866,0.5336,0.2868,0.0848,0.6572,0.6446,0.4594,0.3529,0.2469,0.2019,174.4603,164.8413,27.449,1.021
110.567,3317,in_bed,0.7097,1.0054,0.027,2.7068,0.9783,0.3614,0.9922,0.886,0.5335,0.2882,0.0848,0.6561,0.6441,0.4587,0.3525,0.2453,0.2034,174.7886,164.9255,27.3819,1.02
110.6,3318,in_bed,0.7094,1.0044,0.0268,2.7044,0.9776,0.3615,0.9911,0.8855,0.5333,0.2892,0.0847,0.6556,0.6444,0.4578,0.3522,0.2441,0.2045,174.9522,164.9028,27.3818,1.019
110.633,3319,in_bed,0.709,1.0028,0.0268,2.6982,0.976,0.3617,0.9891,0.8846,0.5333,0.2912,0.0848,0.6544,0.646,0.4558,0.3513,0.2421,0.2064,175.2448,165.0335,27.5251,1.0158
110.667,3320,in_bed,0.7086,1.0017,0.0268,2.6941,0.9748,0.3618,0.9875,0.884,0.5332,0.2912,0.0847,0.6536,0.6462,0.4543,0.3507,0.242,0.2065,175.278,165.0963,27.6038,1.0143
110.7,3321,in_bed,0.7083,1.0008,0.0267,2.6907,0.974,0.362,0.9863,0.8835,0.5331,0.2902,0.0847,0.653,0.6469,0.4532,0.3504,0.2429,0.2055,174.9002,165.1236,27.6715,1.0124
110.733,3322,in_bed,0.7077,0.9991,0.0258,2.6859,0.9734,0.3624,0.9843,0.8826,0.5327,0.2884,0.0846,0.6521,0.6465,0.4516,0.3499,0.2443,0.2038,174.5863,165.1554,27.7245,1.0114
110.767,3323,in_bed,0.7074,0.9982,0.0259,2.6815,0.9723,0.3626,0.9831,0.8823,0.5326,0.2875,0.0846,0.6522,0.6473,0.4505,0.3497,0.2451,0.2029,174.5857,165.1958,27.6751,1.0084
110.8,3324,in_bed,0.7064,0.9971,0.0255,2.6779,0.9716,0.3628,0.9819,0.8815,0.5314,0.2885,0.0845,0.6518,0.6494,0.4506,0.3501,0.2429,0.204,175.0993,165.2793,27.6322,1.0106
110.833,3325,in_bed,0.7061,0.9969,0.0249,2.6787,0.972,0.3629,0.9816,0.8815,0.5306,0.2892,0.0845,0.6514,0.6504,0.451,0.3509,0.2414,0.2047,175.4197,165.296,27.5613,1.0137
110.867,3326,in_bed,0.7053,0.9963,0.0242,2.6778,0.9721,0.363,0.9808,0.8818,0.5289,0.2884,0.0844,0.6504,0.6491,0.4519,0.3529,0.2405,0.204,175.3187,165.3404,27.5571,1.0144
110.9,3327,in_bed,0.7043,0.9956,0.024,2.6766,0.9716,0.363,0.9802,0.8811,0.5276,0.2889,0.0844,0.6498,0.6481,0.4527,0.3535,0.2387,0.2045,175.4668,165.425,27.6195,1.0149
110.933,3328,in_bed,0.7048,0.9969,0.0253,2.6802,0.9716,0.3625,0.9819,0.8821,0.5275,0.2884,0.0844,0.6495,0.6496,0.4544,0.3547,0.239,0.2041,175.3148,165.3462,27.5513,1.0165
110.967,3329,in_bed,0.7041,0.9979,0.025,2.6857,0.9729,0.3623,0.9835,0.8825,0.5257,0.2864,0.0843,0.6497,0.6502,0.4578,0.3568,0.2393,0.2021,174.9265,165.1853,27.441,1.0186
111.0,3330,in_bed,0.7046,0.9988,0.0256,2.6886,0.9732,0.362,0.985,0.8844,0.5248,0.2834,0.0844,0.6499,0.653,0.4603,0.3596,0.2413,0.1991,174.0284,165.0692,27.1243,1.0155
111.033,3331,in_bed,0.706,1.0003,0.0269,2.6927,0.9735,0.3615,0.9872,0.8865,0.5255,0.2829,0.0845,0.6503,0.6574,0.4617,0.361,0.2426,0.1984,173.4753,164.9098,26.8658,1.0135
111.067,3332,in_bed,0.7071,1.0019,0.0273,2.6977,0.9745,0.3612,0.9891,0.8887,0.5255,0.2815,0.0845,0.6513,0.6611,0.4636,0.3632,0.244,0.197,172.8477,164.7525,26.6188,1.0137
111.1,3333,in_bed,0.7079,1.004,0.0269,2.7064,0.9771,0.3611,0.9916,0.8909,0.525,0.2791,0.0846,0.6531,0.6639,0.4666,0.366,0.2458,0.1946,172.3016,164.6813,26.5072,1.0116
111.133,3334,in_bed,0.7085,1.0065,0.0265,2.7164,0.98,0.3608,0.9943,0.8918,0.5251,0.2785,0.0846,0.6546,0.667,0.4692,0.3667,0.2466,0.1939,172.5207,164.5613,26.3998,1.0148
111.167,3335,in_bed,0.7074,1.0074,0.0272,2.7206,0.9802,0.3603,0.9951,0.8906,0.5243,0.2788,0.0846,0.6542,0.6679,0.4708,0.3662,0.2455,0.1942,172.9717,164.7094,26.3654,1.0166
111.2,3336,in_bed,0.7059,1.007,0.026,2.7231,0.981,0.3602,0.9947,0.8886,0.5232,0.2785,0.0845,0.6534,0.6668,0.4715,0.3654,0.2447,0.1941,173.5756,164.6981,26.245,1.0234
111.233,3337,in_bed,0.7054,1.0074,0.0257,2.7266,0.9817,0.3601,0.9954,0.8881,0.5227,0.2783,0.0843,0.6539,0.669,0.4728,0.3654,0.2444,0.1939,173.8858,164.6518,26.1273,1.03
111.267,3338,in_bed,0.7044,1.0073,0.0248,2.7293,0.9825,0.36,0.9956,0.8871,0.5217,0.278,0.0842,0.6534,0.6685,0.474,0.3654,0.2437,0.1938,174.2676,164.6243,26.0573,1.0359
111.3,3339,in_bed,0.703,1.0059,0.0245,2.7259,0.9814,0.36,0.9944,0.8856,0.5204,0.2776,0.0841,0.6527,0.6684,0.474,0.3652,0.2428,0.1935,174.6782,164.8137,26.0061,1.0394
111.333,3340,in_bed,0.7052,1.0062,0.0257,2.7236,0.9805,0.36,0.9946,0.8877,0.5227,0.277,0.0842,0.6535,0.6694,0.4719,0.365,0.2456,0.1928,174.5065,165.0453,25.9064,1.0396
111.367,3341,in_bed,0.7038,1.0049,0.0247,2.7215,0.9802,0.3602,0.9931,0.886,0.5216,0.2767,0.0841,0.6524,0.6688,0.4715,0.3645,0.2448,0.1926,174.6343,165.0335,25.7955,1.0409
111.4,3342,in_bed,0.7053,1.0049,0.0258,2.719,0.9791,0.3601,0.993,0.8876,0.523,0.2768,0.0842,0.6529,0.6701,0.4701,0.3647,0.2462,0.1926,174.361,165.2092,25.756,1.039
111.433,3343,in_bed,0.7042,1.0037,0.0258,2.7151,0.9779,0.3602,0.9917,0.8861,0.5223,0.2788,0.0842,0.6523,0.6707,0.4694,0.3638,0.2435,0.1946,174.9131,165.2204,25.7686,1.0398
111.467,3344,in_bed,0.7041,1.0028,0.0261,2.7111,0.9767,0.3603,0.9909,0.886,0.5221,0.2781,0.0843,0.652,0.6713,0.4688,0.3639,0.244,0.1938,174.3507,165.1306,25.7261,1.0353
111.5,3345,in_bed,0.7036,1.0023,0.0258,2.7088,0.9765,0.3605,0.9905,0.8863,0.5209,0.2763,0.0843,0.6516,0.6714,0.4696,0.3654,0.2445,0.192,173.7404,165.0193,25.6581,1.031
111.533,3346,in_bed,0.7028,1.0024,0.0248,2.711,0.9776,0.3606,0.9907,0.8858,0.5198,0.2759,0.0842,0.652,0.6708,0.4709,0.366,0.244,0.1916,174.008,164.8195,25.6719,1.0341
111.567,3347,in_bed,0.7022,1.0025,0.0239,2.7132,0.9786,0.3607,0.9907,0.8851,0.5194,0.2762,0.0842,0.6517,0.6696,0.4713,0.3657,0.2432,0.192,174.243,164.7006,25.67,1.0367
111.6,3348,in_bed,0.7003,1.001,0.0223,2.7115,0.9787,0.3609,0.9889,0.8828,0.5178,0.277,0.084,0.6503,0.6687,0.4711,0.365,0.2408,0.193,174.782,164.5861,25.7494,1.0411
111.633,3349,in_bed,0.6994,1.0,0.0207,2.7102,0.9793,0.3613,0.9876,0.8814,0.5174,0.2796,0.0838,0.6501,0.6689,0.4702,0.364,0.2379,0.1958,175.7613,164.5047,25.8243,1.0462
111.667,3350,in_bed,0.6997,0.9994,0.0197,2.7091,0.9797,0.3616,0.9868,0.8809,0.5184,0.2818,0.0837,0.6504,0.6692,0.4684,0.3625,0.2366,0.1981,176.4013,164.5152,25.8109,1.0495
111.7,3351,in_bed,0.6993,0.9989,0.0191,2.7081,0.9798,0.3618,0.9861,0.8802,0.5184,0.2833,0.0837,0.6503,0.6677,0.4677,0.3618,0.2351,0.1996,177.0349,164.5447,25.8429,1.0516
111.733,3352,in_bed,0.6993,0.999,0.0187,2.7092,0.9802,0.3618,0.986,0.8797,0.5189,0.2847,0.0836,0.6499,0.6669,0.4671,0.3607,0.2342,0.2011,177.3736,164.6011,25.9901,1.0543
111.767,3353,in_bed,0.6998,0.9985,0.0187,2.7076,0.9798,0.3619,0.9852,0.8791,0.5205,0.2868,0.0836,0.6495,0.6653,0.4647,0.3587,0.2336,0.2032,177.8493,164.7797,26.1224,1.0553
111.8,3354,in_bed,0.6994,0.9983,0.0187,2.707,0.9796,0.3619,0.9848,0.8784,0.5205,0.2879,0.0836,0.6491,0.6629,0.4644,0.3579,0.2326,0.2043,178.1064,164.8376,26.1471,1.0557
111.833,3355,in_bed,0.6998,0.9987,0.0188,2.7082,0.9799,0.3618,0.985,0.8786,0.5211,0.2891,0.0836,0.6493,0.6623,0.464,0.3575,0.232,0.2055,178.3157,164.8652,26.1033,1.056
111.867,3356,in_bed,0.7002,0.9988,0.019,2.708,0.9798,0.3618,0.9851,0.8786,0.5218,0.2905,0.0836,0.6489,0.6626,0.4633,0.3568,0.2313,0.2068,178.4091,164.8814,26.1588,1.0558
111.9,3357,in_bed,0.7006,0.9991,0.0187,2.7094,0.9804,0.3618,0.9854,0.879,0.5223,0.2905,0.0836,0.6492,0.663,0.4631,0.3566,0.2318,0.2069,178.2645,164.8441,26.1575,1.0555
111.933,3358,in_bed,0.701,0.9997,0.0184,2.7118,0.9813,0.3619,0.9859,0.8799,0.522,0.2898,0.0836,0.6501,0.6635,0.4639,0.3579,0.2322,0.2062,177.9114,164.8896,26.2596,1.0562
111.967,3359,in_bed,0.7018,0.9999,0.0185,2.7122,0.9814,0.3619,0.9863,0.8801,0.5234,0.2915,0.0836,0.6503,0.6644,0.4629,0.3568,0.2318,0.2079,178.1134,164.9295,26.2541,1.0563
112.0,3360,in_bed,0.7024,1.0005,0.0183,2.715,0.9823,0.3618,0.9869,0.8807,0.524,0.2903,0.0836,0.6502,0.6653,0.4629,0.3567,0.2337,0.2068,177.7246,164.8939,26.2155,1.0573
112.033,3361,in_bed,0.7023,1.0006,0.0173,2.7166,0.9832,0.3619,0.9868,0.8806,0.5239,0.2893,0.0835,0.6501,0.6654,0.4629,0.3567,0.2347,0.2058,177.5677,164.8396,26.2213,1.0584
112.067,3362,in_bed,0.7017,1.0,0.0166,2.7157,0.9834,0.3621,0.9859,0.8805,0.523,0.2877,0.0834,0.6501,0.665,0.4629,0.3575,0.2353,0.2043,177.3587,164.8072,26.1763,1.0589
112.1,3363,in_bed,0.7014,0.9996,0.0164,2.7145,0.9832,0.3622,0.9854,0.8807,0.522,0.286,0.0834,0.6504,0.6632,0.4634,0.3586,0.236,0.2026,177.0916,164.7506,26.1145,1.06
112.133,3364,in_bed,0.7009,0.9992,0.0164,2.7127,0.9828,0.3623,0.9849,0.8805,0.5212,0.2845,0.0834,0.651,0.6618,0.4638,0.3593,0.2367,0.2011,176.9384,164.6658,26.1095,1.0593
112.167,3365,in_bed,0.7004,0.9977,0.0161,2.7068,0.9816,0.3626,0.9834,0.88,0.5207,0.2845,0.0834,0.6513,0.6621,0.4627,0.3593,0.2363,0.2011,176.8817,164.6558,26.0148,1.0568
112.2,3366,in_bed,0.6991,0.9964,0.0158,2.7019,0.9806,0.3629,0.9818,0.8792,0.519,0.2838,0.0834,0.6517,0.6602,0.4628,0.3602,0.2352,0.2004,177.0782,164.6491,25.9716,1.0542
112.233,3367,in_bed,0.6973,0.9945,0.0157,2.6944,0.9789,0.3633,0.9796,0.878,0.5167,0.2817,0.0834,0.6519,0.6599,0.4629,0.3613,0.235,0.1983,176.9097,164.6476,26.0127,1.0494
112.267,3368,in_bed,0.6947,0.9918,0.0166,2.6816,0.9752,0.3636,0.9763,0.8755,0.5139,0.2795,0.0834,0.651,0.6581,0.4624,0.3616,0.2344,0.1961,176.9264,164.6453,26.1335,1.0432
112.3,3369,in_bed,0.6925,0.9888,0.0171,2.669,0.9717,0.3641,0.9732,0.8736,0.5114,0.278,0.0835,0.6502,0.6578,0.4617,0.3622,0.2335,0.1945,176.9172,164.767,26.2995,1.0368
112.333,3370,in_bed,0.691,0.986,0.0172,2.657,0.9688,0.3646,0.97,0.8721,0.5098,0.2758,0.0835,0.6505,0.6583,0.4601,0.3622,0.2341,0.1922,176.894,164.852,26.4,1.0324
112.367,3371,in_bed,0.6896,0.9838,0.0179,2.6465,0.9658,0.365,0.9676,0.8706,0.5086,0.2734,0.0836,0.6514,0.6583,0.459,0.3621,0.2352,0.1898,176.6269,164.9559,26.535,1.0261
112.4,3372,in_bed,0.6886,0.9824,0.0164,2.6426,0.9661,0.3656,0.9661,0.8695,0.5076,0.2708,0.0836,0.6526,0.6564,0.4585,0.3619,0.2369,0.1872,176.0932,164.8455,26.5246,1.0229
112.433,3373,in_bed,0.6886,0.9803,0.0166,2.6332,0.9637,0.366,0.9642,0.8688,0.5084,0.27,0.0836,0.6527,0.6529,0.4558,0.3605,0.2384,0.1864,176.0106,164.9234,26.579,1.0193
112.467,3374,in_bed,0.6878,0.9788,0.0169,2.6264,0.9619,0.3662,0.9624,0.8674,0.5083,0.271,0.0836,0.6527,0.6513,0.4541,0.3591,0.2373,0.1874,176.4409,164.9653,26.5872,1.0189
112.5,3375,in_bed,0.6878,0.9775,0.0173,2.6197,0.9603,0.3666,0.9611,0.8669,0.5086,0.2714,0.0837,0.6534,0.6499,0.4525,0.3583,0.2373,0.1876,176.472,164.9951,26.5872,1.0142
112.533,3376,in_bed,0.6882,0.9774,0.0177,2.6168,0.9597,0.3668,0.961,0.867,0.5094,0.2712,0.0839,0.6551,0.6507,0.4516,0.3575,0.2382,0.1873,176.3048,164.9794,26.627,1.0096
112.567,3377,in_bed,0.6877,0.9763,0.0175,2.613,0.9588,0.3669,0.9601,0.8661,0.5092,0.2728,0.0839,0.6552,0.651,0.4508,0.3569,0.2365,0.1889,176.8321,164.9388,26.6868,1.0101
112.6,3378,in_bed,0.6871,0.9753,0.0175,2.6094,0.9578,0.3671,0.959,0.8653,0.509,0.273,0.0838,0.6547,0.6497,0.45,0.3563,0.236,0.1891,176.7778,164.9329,26.7958,1.0119
112.633,3379,in_bed,0.6872,0.9747,0.0168,2.608,0.9579,0.3673,0.9583,0.8647,0.5098,0.2725,0.0838,0.6547,0.6493,0.4485,0.3549,0.2373,0.1887,176.4562,164.9627,26.8964,1.0128
112.667,3380,in_bed,0.6869,0.9741,0.0159,2.6069,0.9582,0.3676,0.9574,0.8641,0.5096,0.2726,0.0837,0.655,0.6488,0.4478,0.3546,0.237,0.1889,176.2915,164.8568,27.0491,1.0151
112.7,3381,in_bed,0.6867,0.9737,0.0162,2.6049,0.9575,0.3676,0.9572,0.8637,0.5096,0.2721,0.0837,0.6546,0.648,0.4476,0.3541,0.2375,0.1884,176.0286,164.8193,27.141,1.0163
112.733,3382,in_bed,0.6859,0.9735,0.0156,2.6054,0.9579,0.3676,0.9569,0.8629,0.5088,0.2719,0.0836,0.654,0.6457,0.4482,0.3542,0.2369,0.1882,176.1343,164.7094,27.1915,1.0198
112.767,3383,in_bed,0.6855,0.9739,0.0153,2.608,0.9586,0.3676,0.9575,0.8624,0.5085,0.2717,0.0836,0.6537,0.6449,0.449,0.3539,0.2369,0.1881,176.3705,164.7403,27.2458,1.0227
112.8,3384,in_bed,0.6857,0.9747,0.0164,2.6082,0.9583,0.3674,0.9582,0.8624,0.5089,0.271,0.0837,0.6543,0.6444,0.4493,0.3535,0.2379,0.1873,176.1897,164.7475,27.3492,1.0198
112.833,3385,in_bed,0.6867,0.9756,0.0175,2.6093,0.9581,0.3672,0.9591,0.8628,0.5106,0.2728,0.0838,0.6548,0.6447,0.4486,0.3522,0.2377,0.189,176.311,164.7408,27.3847,1.0175
112.867,3386,in_bed,0.6869,0.976,0.0182,2.6089,0.9578,0.3671,0.9595,0.8629,0.511,0.2742,0.084,0.6546,0.6441,0.4485,0.3519,0.2368,0.1903,176.3838,164.6941,27.4253,1.0148
112.9,3387,in_bed,0.6871,0.9765,0.018,2.6108,0.9585,0.3671,0.96,0.8627,0.5114,0.2756,0.084,0.6545,0.6427,0.4485,0.3513,0.2358,0.1916,176.6569,164.6565,27.4419,1.0132
112.933,3388,in_bed,0.6869,0.9768,0.0171,2.6129,0.9597,0.3673,0.9604,0.8624,0.5114,0.2764,0.084,0.6551,0.6411,0.449,0.351,0.235,0.1923,176.1989,164.3284,27.5331,1.0126
112.967,3389,in_bed,0.6879,0.9779,0.0175,2.6155,0.9604,0.3672,0.9614,0.8632,0.5125,0.2757,0.0841,0.6552,0.6419,0.4489,0.3507,0.2368,0.1915,176.1393,164.3167,27.559,1.0108
113.0,3390,in_bed,0.6882,0.9781,0.018,2.615,0.9601,0.3672,0.9615,0.8634,0.513,0.2746,0.0842,0.6553,0.6425,0.4485,0.3504,0.2384,0.1904,176.0025,164.3851,27.602,1.0091
113.033,3391,in_bed,0.6888,0.9774,0.0178,2.6124,0.9596,0.3673,0.9609,0.8634,0.5142,0.2751,0.0842,0.655,0.6418,0.4467,0.3492,0.2391,0.1909,176.0448,164.3644,27.6102,1.0101
113.067,3392,in_bed,0.6888,0.9765,0.018,2.6085,0.9585,0.3675,0.9601,0.863,0.5146,0.2748,0.0842,0.6544,0.6425,0.4455,0.3484,0.2398,0.1907,176.0504,164.408,27.7248,1.0071
113.1,3393,in_bed,0.6887,0.9754,0.0174,2.6048,0.958,0.3678,0.9588,0.8624,0.5149,0.2747,0.0841,0.6549,0.6429,0.4439,0.3474,0.2402,0.1906,176.0512,164.4057,27.8059,1.0073
113.133,3394,in_bed,0.6882,0.9729,0.0176,2.595,0.9554,0.3682,0.9564,0.8611,0.5152,0.2772,0.084,0.6545,0.6416,0.4411,0.3458,0.238,0.1932,176.6878,164.5294,27.9161,1.0082
113.167,3395,in_bed,0.6878,0.9704,0.0184,2.5837,0.952,0.3685,0.9541,0.8599,0.5157,0.2789,0.084,0.6539,0.6407,0.4384,0.3442,0.2368,0.1949,177.0014,164.6503,28.0452,1.0065
113.2,3396,in_bed,0.6878,0.9681,0.0187,2.5741,0.9494,0.3688,0.952,0.8592,0.5163,0.2816,0.0839,0.6534,0.6414,0.4357,0.3429,0.2347,0.1977,177.3071,164.777,28.014,1.0005
113.233,3397,in_bed,0.6877,0.9667,0.0188,2.5682,0.9479,0.3691,0.9507,0.8584,0.517,0.2829,0.084,0.6531,0.6426,0.4337,0.3414,0.2341,0.1989,177.3538,164.8696,28.1062,1.0
113.267,3398,in_bed,0.6871,0.9659,0.0194,2.5623,0.9465,0.3694,0.9499,0.8582,0.516,0.2807,0.0841,0.6539,0.6455,0.4339,0.3422,0.2353,0.1967,176.6105,164.6929,28.2409,0.9975
113.3,3399,in_bed,0.6874,0.9652,0.0188,2.5601,0.9464,0.3697,0.9495,0.858,0.5168,0.2833,0.0841,0.6551,0.6456,0.4328,0.3412,0.2335,0.1992,176.3919,164.4568,28.2955,0.993
113.333,3400,in_bed,0.6875,0.9645,0.0193,2.5551,0.9452,0.3699,0.9491,0.8581,0.517,0.2829,0.0842,0.6555,0.6465,0.4321,0.341,0.2341,0.1987,176.2355,164.4095,28.395,0.989
113.367,3401,in_bed,0.6882,0.9642,0.0189,2.5536,0.9453,0.3702,0.949,0.8584,0.518,0.2829,0.0842,0.6562,0.6471,0.431,0.3404,0.235,0.1987,176.3055,164.3974,28.3475,0.9883
113.4,3402,in_bed,0.6884,0.9636,0.0191,2.5504,0.9445,0.3703,0.9484,0.8581,0.5188,0.2825,0.0842,0.6565,0.6469,0.4295,0.3393,0.2363,0.1982,176.3175,164.4069,28.3164,0.9881
113.433,3403,in_bed,0.6881,0.962,0.019,2.5443,0.943,0.3706,0.9467,0.8573,0.519,0.2819,0.0842,0.6557,0.647,0.4277,0.3383,0.2371,0.1976,176.0644,164.4145,28.4765,0.9857
113.467,3404,in_bed,0.688,0.9617,0.0189,2.5428,0.9428,0.3708,0.9462,0.8572,0.5187,0.2801,0.0842,0.6558,0.6468,0.4276,0.3386,0.2386,0.1959,175.7427,164.388,28.5743,0.9859
113.5,3405,in_bed,0.6876,0.9616,0.0189,2.5421,0.9427,0.3708,0.9459,0.8571,0.518,0.2793,0.0843,0.6559,0.6474,0.4279,0.339,0.2388,0.195,175.434,164.341,28.6825,0.9826
113.533,3406,in_bed,0.6874,0.9611,0.0187,2.5407,0.9424,0.3709,0.9453,0.857,0.5179,0.2795,0.0843,0.6559,0.647,0.4274,0.3391,0.2384,0.1952,175.4681,164.3856,28.7324,0.9825
113.567,3407,in_bed,0.6883,0.9615,0.0188,2.5415,0.9428,0.371,0.9457,0.8576,0.5191,0.2816,0.0843,0.6569,0.6472,0.4266,0.3385,0.2375,0.1973,175.6809,164.3712,28.7665,0.9819
113.6,3408,in_bed,0.6879,0.9616,0.0185,2.5422,0.9431,0.371,0.9457,0.8573,0.5184,0.2807,0.0843,0.6567,0.6465,0.4273,0.339,0.2377,0.1964,175.6472,164.3543,28.8193,0.9833
113.633,3409,in_bed,0.687,0.962,0.0186,2.5445,0.9435,0.3708,0.9464,0.857,0.517,0.2805,0.0843,0.6569,0.6432,0.4294,0.34,0.2365,0.1962,174.8806,164.1094,28.8076,0.9818
113.667,3410,in_bed,0.6874,0.9629,0.0192,2.5466,0.9437,0.3706,0.9473,0.8576,0.5172,0.2806,0.0844,0.6569,0.643,0.43,0.3403,0.2366,0.1962,174.9452,164.1892,28.8488,0.9792
113.7,3411,in_bed,0.6878,0.9634,0.02,2.5469,0.9434,0.3704,0.9478,0.8579,0.5176,0.2808,0.0845,0.6564,0.6443,0.4302,0.3402,0.2369,0.1963,174.9971,164.2448,28.8868,0.9776
113.733,3412,in_bed,0.6874,0.9636,0.02,2.5483,0.9437,0.3703,0.9477,0.8577,0.5171,0.2802,0.0845,0.6556,0.6442,0.4305,0.3406,0.2369,0.1957,175.1194,164.3917,28.9098,0.9762
113.767,3413,in_bed,0.6883,0.9641,0.0206,2.5493,0.9435,0.3701,0.9482,0.8581,0.5185,0.2827,0.0845,0.6554,0.6443,0.4297,0.3396,0.2358,0.1982,175.629,164.5577,28.8458,0.9742
113.8,3414,in_bed,0.6879,0.9643,0.0197,2.5519,0.9447,0.3702,0.9482,0.8581,0.5176,0.2806,0.0845,0.6554,0.6444,0.4305,0.3404,0.237,0.1961,175.243,164.4557,28.8562,0.9764
113.833,3415,in_bed,0.6895,0.9651,0.0193,2.5549,0.9457,0.3702,0.9489,0.859,0.52,0.2817,0.0845,0.6557,0.6443,0.4289,0.339,0.2382,0.1973,175.5512,164.5308,28.7828,0.9789
113.867,3416,in_bed,0.6901,0.9646,0.0186,2.555,0.946,0.3702,0.9484,0.859,0.5213,0.2822,0.0843,0.6555,0.6431,0.4271,0.3377,0.2391,0.1978,176.037,164.7402,28.691,0.9814
113.9,3417,in_bed,0.6911,0.9643,0.0178,2.5556,0.9465,0.3704,0.9479,0.8591,0.5231,0.2844,0.0842,0.6551,0.6429,0.4248,0.336,0.2387,0.2002,176.6363,164.7909,28.6746,0.9875
113.933,3418,in_bed,0.6918,0.9644,0.0169,2.5576,0.9475,0.3705,0.9479,0.8592,0.5244,0.2857,0.0842,0.6558,0.6423,0.4235,0.3349,0.2387,0.2015,176.7796,164.8789,28.614,0.9861
113.967,3419,in_bed,0.6924,0.9654,0.0167,2.5612,0.9487,0.3704,0.9488,0.86,0.5249,0.2846,0.0842,0.6564,0.6418,0.4239,0.3351,0.2403,0.2004,176.7146,164.8874,28.5689,0.987
114.0,3420,in_bed,0.6909,0.9654,0.0164,2.5622,0.949,0.3704,0.9486,0.8595,0.5223,0.2815,0.0842,0.6563,0.6414,0.4263,0.3372,0.2408,0.1974,176.249,164.786,28.5863,0.9833
114.033,3421,in_bed,0.6908,0.9649,0.0165,2.5605,0.9484,0.3704,0.9482,0.8594,0.5222,0.2809,0.0841,0.657,0.6399,0.426,0.3372,0.2413,0.1967,176.1152,164.8962,28.7334,0.9827
114.067,3422,in_bed,0.6912,0.9655,0.017,2.5612,0.9485,0.3703,0.9488,0.8603,0.5221,0.2807,0.0842,0.6577,0.6404,0.4267,0.3382,0.2414,0.1965,175.8547,164.807,28.8292,0.9828
114.1,3423,in_bed,0.6919,0.9658,0.0173,2.5616,0.9485,0.3703,0.9491,0.861,0.5229,0.2826,0.0843,0.658,0.6411,0.4263,0.3381,0.2402,0.1983,175.9432,164.8139,28.8661,0.9824
114.133,3424,in_bed,0.6924,0.9664,0.0176,2.5628,0.9488,0.3702,0.9498,0.8618,0.5229,0.2833,0.0843,0.6593,0.6427,0.4268,0.3389,0.2396,0.199,175.939,164.6999,28.8319,0.9815
114.167,3425,in_bed,0.6928,0.9669,0.017,2.5655,0.9498,0.3702,0.9501,0.8622,0.5234,0.2828,0.0843,0.6596,0.6441,0.4267,0.3388,0.2405,0.1986,175.8869,164.5956,28.8105,0.9836
114.2,3426,in_bed,0.6912,0.9662,0.0162,2.5651,0.95,0.3703,0.9492,0.8612,0.5212,0.2814,0.0842,0.6589,0.6438,0.428,0.34,0.2398,0.1972,175.412,164.3775,28.7816,0.9845
114.233,3427,in_bed,0.6906,0.9658,0.0161,2.5646,0.9498,0.3703,0.9487,0.8609,0.5203,0.2803,0.0841,0.6585,0.6434,0.4284,0.3406,0.24,0.1962,175.3679,164.3987,28.7726,0.9865
114.267,3428,in_bed,0.69,0.9658,0.0168,2.5634,0.949,0.3702,0.9485,0.8606,0.5195,0.279,0.0841,0.6587,0.6433,0.4289,0.3411,0.2406,0.1948,175.2549,164.4195,28.7451,0.984
114.3,3429,in_bed,0.6895,0.9658,0.0169,2.5635,0.9489,0.3702,0.9485,0.8604,0.5185,0.278,0.0842,0.6591,0.6428,0.43,0.3419,0.2405,0.1938,175.0466,164.369,28.6969,0.9817
114.333,3430,in_bed,0.6892,0.9663,0.0173,2.5643,0.9489,0.3701,0.949,0.8607,0.5177,0.2772,0.0842,0.6592,0.642,0.4312,0.343,0.2405,0.193,175.0217,164.3319,28.6688,0.9819
114.367,3431,in_bed,0.6893,0.9661,0.0175,2.5636,0.9486,0.37,0.9486,0.8603,0.5183,0.2779,0.0842,0.6586,0.6427,0.4302,0.342,0.2404,0.1937,175.3046,164.3078,28.7491,0.9838
114.4,3432,in_bed,0.6903,0.9668,0.0183,2.5647,0.9486,0.3699,0.9495,0.8611,0.5196,0.2787,0.0842,0.6588,0.6427,0.4299,0.3416,0.2409,0.1945,175.445,164.3248,28.8367,0.9866
114.433,3433,in_bed,0.6903,0.9671,0.0191,2.564,0.948,0.3698,0.9497,0.8616,0.519,0.2767,0.0843,0.6586,0.6447,0.4307,0.3426,0.2423,0.1925,174.7554,164.2305,28.9331,0.9846
114.467,3434,in_bed,0.6911,0.9671,0.019,2.5638,0.9481,0.3698,0.9501,0.8622,0.5199,0.2781,0.0842,0.6585,0.6458,0.4302,0.3424,0.2418,0.1939,174.8954,164.2688,28.8987,0.9849
114.5,3435,in_bed,0.6909,0.9669,0.0191,2.563,0.9478,0.3698,0.9498,0.8621,0.5196,0.2788,0.0842,0.6581,0.6454,0.4301,0.3425,0.2408,0.1946,174.9604,164.3581,28.9182,0.9855
114.533,3436,in_bed,0.6917,0.9671,0.0193,2.5627,0.9478,0.3699,0.9501,0.8626,0.5207,0.2799,0.0842,0.6588,0.6451,0.4294,0.3419,0.2408,0.1957,175.0961,164.3726,28.9069,0.9853
114.567,3437,in_bed,0.6921,0.9672,0.0204,2.5603,0.9468,0.3698,0.9506,0.8631,0.521,0.2802,0.0842,0.6584,0.6456,0.4296,0.3422,0.2408,0.196,175.2592,164.443,28.8237,0.9834
114.6,3438,in_bed,0.6912,0.967,0.0215,2.5573,0.9456,0.3697,0.9505,0.8634,0.5191,0.2773,0.0844,0.658,0.6449,0.4314,0.3442,0.2418,0.193,174.8837,164.4396,28.7123,0.9791
114.633,3439,in_bed,0.6906,0.966,0.0218,2.5529,0.9442,0.3699,0.9497,0.8628,0.5184,0.2767,0.0844,0.6571,0.645,0.4313,0.3444,0.2417,0.1923,174.9666,164.4933,28.6742,0.9763
114.667,3440,in_bed,0.69,0.9649,0.0226,2.5469,0.9423,0.37,0.9489,0.8625,0.5175,0.2763,0.0845,0.6568,0.644,0.4315,0.345,0.2412,0.1918,175.1451,164.5202,28.5503,0.9731
114.7,3441,in_bed,0.6894,0.9636,0.023,2.5409,0.9406,0.3702,0.9478,0.8621,0.5167,0.2766,0.0845,0.656,0.6437,0.4311,0.3454,0.2401,0.192,175.3968,164.4875,28.3774,0.9714
114.733,3442,in_bed,0.6893,0.9619,0.0229,2.5348,0.939,0.3705,0.9464,0.8614,0.5171,0.2786,0.0844,0.6547,0.6426,0.4292,0.3443,0.2385,0.1942,176.0016,164.4249,28.1591,0.9753
114.767,3443,in_bed,0.6899,0.9606,0.0228,2.5291,0.9378,0.3708,0.9455,0.8614,0.5183,0.2805,0.0843,0.6545,0.6423,0.4271,0.3431,0.2379,0.1961,176.3659,164.3862,28.0396,0.9772
114.8,3444,in_bed,0.6896,0.9595,0.0216,2.5264,0.9379,0.3713,0.9446,0.8614,0.5178,0.2813,0.0842,0.6555,0.6401,0.4268,0.3436,0.2365,0.1971,176.657,164.2556,27.9543,0.9787
114.833,3445,in_bed,0.6898,0.9583,0.0211,2.5225,0.9372,0.3715,0.9436,0.8613,0.5183,0.2821,0.0842,0.6553,0.6383,0.4252,0.3429,0.2362,0.1979,176.7526,164.2001,27.8962,0.9802
114.867,3446,in_bed,0.6893,0.9565,0.0208,2.5156,0.9356,0.3719,0.9418,0.8607,0.5178,0.2833,0.0842,0.6551,0.6367,0.424,0.3429,0.2345,0.1991,177.0583,164.2088,27.9167,0.979
114.9,3447,in_bed,0.6891,0.9553,0.0211,2.5096,0.9341,0.3722,0.9408,0.861,0.5173,0.2825,0.0842,0.6553,0.6367,0.4236,0.3437,0.2348,0.1983,176.7393,164.1413,27.9943,0.9766
114.933,3448,in_bed,0.6891,0.9546,0.0211,2.5066,0.9335,0.3724,0.9402,0.8614,0.5168,0.2818,0.0842,0.6556,0.6359,0.4234,0.3445,0.235,0.1976,176.519,164.1088,28.0311,0.976
114.967,3449,in_bed,0.6894,0.954,0.0211,2.5037,0.9329,0.3726,0.9398,0.8617,0.5171,0.2821,0.0842,0.6558,0.6364,0.4227,0.3446,0.2351,0.1979,176.5117,164.1404,27.9751,0.975
115.0,3450,in_bed,0.6893,0.9532,0.0214,2.5,0.9318,0.3727,0.9389,0.8615,0.5171,0.283,0.0842,0.6549,0.6368,0.4218,0.3444,0.2341,0.1988,176.7051,164.2117,27.9024,0.974
115.033,3451,in_bed,0.6892,0.9531,0.0213,2.4996,0.9317,0.3728,0.9388,0.8612,0.5172,0.2831,0.0842,0.6551,0.6379,0.4215,0.3439,0.2341,0.1989,176.8605,164.2303,27.8957,0.9746
115.067,3452,in_bed,0.6893,0.9529,0.0203,2.5009,0.9326,0.3729,0.9384,0.8609,0.5176,0.284,0.0841,0.6549,0.6373,0.4208,0.3433,0.2336,0.1999,177.2118,164.1649,27.8064,0.9783
115.1,3453,in_bed,0.6893,0.9526,0.0205,2.4997,0.9321,0.3729,0.938,0.8605,0.518,0.2849,0.0841,0.6542,0.6377,0.4199,0.3424,0.2331,0.2009,177.292,164.1965,27.8528,0.9786
115.133,3454,in_bed,0.6888,0.9524,0.0207,2.4991,0.9317,0.3728,0.9379,0.8601,0.5176,0.2836,0.084,0.6537,0.6381,0.4204,0.3425,0.234,0.1996,177.0952,164.1615,27.9362,0.9808
115.167,3455,in_bed,0.6881,0.9535,0.0211,2.5027,0.9323,0.3725,0.9389,0.8595,0.5167,0.2819,0.0841,0.6533,0.6379,0.4222,0.3428,0.2348,0.1979,176.7694,164.1314,28.0424,0.9793
115.2,3456,in_bed,0.6882,0.9554,0.0194,2.5133,0.936,0.3724,0.9406,0.8595,0.5169,0.2813,0.084,0.6536,0.637,0.4237,0.3426,0.2356,0.1973,176.6382,164.1372,28.1837,0.9808
115.233,3457,in_bed,0.689,0.9568,0.0185,2.52,0.9383,0.3723,0.942,0.8599,0.518,0.2813,0.084,0.6536,0.6366,0.424,0.3419,0.2368,0.1973,176.4242,164.05,28.3068,0.984
115.267,3458,in_bed,0.6898,0.959,0.0181,2.529,0.9409,0.372,0.9441,0.8603,0.5192,0.2818,0.084,0.6543,0.6364,0.4249,0.3411,0.2374,0.1978,176.5828,164.0305,28.4647,0.9858
115.3,3459,in_bed,0.6905,0.9604,0.0182,2.5348,0.9422,0.3717,0.9453,0.8604,0.5207,0.2842,0.084,0.6547,0.6362,0.4246,0.3396,0.2365,0.2002,176.9581,164.1312,28.6544,0.989
115.333,3460,in_bed,0.6906,0.9611,0.0185,2.5379,0.9426,0.3714,0.9459,0.8601,0.5211,0.2869,0.0841,0.6546,0.6345,0.4248,0.339,0.2342,0.2028,177.3743,164.2604,28.7891,0.9907
115.367,3461,in_bed,0.691,0.9627,0.0193,2.5433,0.9433,0.3709,0.9473,0.8601,0.5218,0.2876,0.0842,0.6548,0.6332,0.4255,0.3383,0.2342,0.2034,177.3416,164.457,29.0478,0.989
115.4,3462,in_bed,0.6907,0.9631,0.0192,2.5463,0.9439,0.3707,0.9476,0.8597,0.5217,0.288,0.0842,0.6543,0.6313,0.4259,0.3379,0.2337,0.2038,177.3073,164.4956,29.1578,0.9903
115.433,3463,in_bed,0.6905,0.9642,0.0187,2.553,0.9455,0.3703,0.9486,0.8593,0.5217,0.2863,0.0842,0.6543,0.6307,0.4268,0.3376,0.2354,0.2022,176.9616,164.5073,29.2502,0.991
115.467,3464,in_bed,0.6901,0.9654,0.0187,2.5588,0.9467,0.37,0.9497,0.859,0.5212,0.2859,0.0842,0.6536,0.6306,0.4285,0.3378,0.2353,0.2016,176.7786,164.5583,29.3567,0.9907
115.5,3465,in_bed,0.6901,0.9668,0.0197,2.563,0.9472,0.3696,0.9511,0.8594,0.5208,0.2848,0.0843,0.6537,0.6318,0.4303,0.3386,0.236,0.2005,176.6438,164.5404,29.3657,0.9877
115.533,3466,in_bed,0.6902,0.9677,0.0197,2.5668,0.9479,0.3693,0.952,0.8595,0.5209,0.2845,0.0844,0.653,0.6319,0.4311,0.3387,0.2363,0.2002,176.6431,164.6064,29.3949,0.9884
115.567,3467,in_bed,0.6902,0.9687,0.0199,2.5713,0.9488,0.369,0.9528,0.8597,0.5207,0.2844,0.0844,0.6528,0.6317,0.4321,0.339,0.2363,0.2,176.6312,164.6073,29.3754,0.9881
115.6,3468,in_bed,0.6905,0.9692,0.0183,2.5767,0.9509,0.369,0.9532,0.8594,0.5215,0.2846,0.0842,0.6524,0.6316,0.4317,0.3379,0.2369,0.2004,177.0759,164.7067,29.1461,0.9949
115.633,3469,in_bed,0.6908,0.97,0.0165,2.5838,0.9535,0.369,0.9539,0.8593,0.5224,0.285,0.084,0.6519,0.6315,0.4315,0.3369,0.2374,0.2009,176.9248,164.8061,29.0678,1.0004
115.667,3470,in_bed,0.6912,0.971,0.0166,2.5878,0.9544,0.3688,0.9547,0.86,0.5224,0.2849,0.084,0.6527,0.6323,0.4323,0.3376,0.2375,0.2009,176.9529,164.8587,28.9853,1.0012
115.7,3471,in_bed,0.6906,0.9715,0.0171,2.5899,0.9545,0.3685,0.955,0.86,0.5212,0.2836,0.084,0.6526,0.6318,0.4338,0.3387,0.2377,0.1996,176.9806,164.9085,29.0504,0.9993
115.733,3472,in_bed,0.6909,0.9726,0.0177,2.5931,0.9549,0.3683,0.956,0.8606,0.5212,0.2828,0.084,0.6533,0.6323,0.4348,0.3394,0.2384,0.1988,176.864,164.9012,29.0994,0.9985
115.767,3473,in_bed,0.6912,0.972,0.0179,2.5903,0.9541,0.3683,0.9555,0.8604,0.522,0.2842,0.0841,0.6533,0.6325,0.4335,0.3384,0.2378,0.2001,176.9605,164.9552,29.1305,0.9979
115.8,3474,in_bed,0.6912,0.9715,0.0183,2.5885,0.9532,0.3683,0.9552,0.8599,0.5224,0.2851,0.084,0.6528,0.6342,0.4328,0.3375,0.2373,0.2011,176.9105,165.0271,29.1825,0.9993
115.833,3475,in_bed,0.6909,0.9712,0.0181,2.5884,0.9531,0.3682,0.9549,0.8595,0.5224,0.2854,0.084,0.652,0.634,0.4325,0.3371,0.237,0.2014,176.9837,165.064,29.2916,1.003
115.867,3476,in_bed,0.6912,0.972,0.0188,2.5901,0.9532,0.368,0.9557,0.8598,0.5226,0.284,0.084,0.6524,0.6356,0.4331,0.3371,0.2386,0.2,177.1028,164.9789,29.3254,1.0018
115.9,3477,in_bed,0.6912,0.9725,0.0193,2.5904,0.9532,0.368,0.9562,0.8601,0.5223,0.2824,0.0841,0.6527,0.6361,0.4339,0.3378,0.2398,0.1984,176.7367,164.9695,29.4322,1.0001
115.933,3478,in_bed,0.6912,0.973,0.0194,2.5918,0.9537,0.368,0.9565,0.8603,0.5221,0.2808,0.0841,0.653,0.6365,0.4344,0.3381,0.2413,0.1967,176.3626,165.0193,29.4681,0.9981
115.967,3479,in_bed,0.6913,0.9729,0.0195,2.5909,0.9534,0.368,0.9565,0.8602,0.5224,0.2801,0.0841,0.6522,0.6369,0.4341,0.3378,0.2423,0.196,176.0949,165.0157,29.5565,0.9977
116.0,3480,in_bed,0.6933,0.9732,0.0191,2.5923,0.9541,0.368,0.9568,0.8608,0.5259,0.2827,0.0841,0.6523,0.6373,0.4309,0.3349,0.2431,0.1986,176.3103,164.9676,29.5434,0.9996
116.033,3481,in_bed,0.6935,0.9734,0.0197,2.5912,0.9536,0.368,0.9568,0.8609,0.526,0.2837,0.0843,0.6524,0.6364,0.4308,0.3349,0.2423,0.1994,176.3884,164.9176,29.5509,0.9967
116.067,3482,in_bed,0.6932,0.9734,0.0204,2.5894,0.953,0.368,0.9569,0.8613,0.5251,0.2814,0.0844,0.6528,0.6363,0.4318,0.3362,0.2436,0.197,175.9152,164.8906,29.5598,0.992
116.1,3483,in_bed,0.6937,0.9739,0.0216,2.5886,0.9524,0.3679,0.9573,0.8618,0.5257,0.2812,0.0846,0.6532,0.6376,0.4315,0.3361,0.2445,0.1966,175.7264,164.8516,29.5782,0.9885
116.133,3484,in_bed,0.6938,0.9738,0.0221,2.5871,0.9516,0.3678,0.9573,0.8618,0.5259,0.2814,0.0846,0.653,0.6369,0.4314,0.3359,0.2445,0.1968,175.6792,164.9128,29.638,0.9864
116.167,3485,in_bed,0.694,0.974,0.0217,2.5881,0.9523,0.368,0.9577,0.8621,0.5258,0.28,0.0846,0.6532,0.6367,0.4319,0.3363,0.2458,0.1954,175.441,164.8615,29.6516,0.9859
116.2,3486,in_bed,0.6944,0.9742,0.0218,2.5883,0.9523,0.3679,0.9578,0.8622,0.5265,0.2808,0.0845,0.6536,0.6355,0.4313,0.3356,0.2458,0.1962,175.6493,164.8795,29.7032,0.9868
116.233,3487,in_bed,0.6945,0.9739,0.0219,2.5864,0.952,0.3681,0.9577,0.8626,0.5264,0.2807,0.0846,0.6538,0.6353,0.4313,0.3362,0.2457,0.1961,175.6864,164.8886,29.7103,0.9859
116.267,3488,in_bed,0.6946,0.9737,0.0224,2.5845,0.9513,0.3681,0.9575,0.8626,0.5265,0.2809,0.0846,0.6544,0.6355,0.431,0.3361,0.2456,0.1962,175.768,164.8771,29.7724,0.9844
116.3,3489,in_bed,0.6948,0.9736,0.0219,2.5848,0.9517,0.3682,0.9573,0.8625,0.5271,0.2812,0.0846,0.6544,0.6351,0.4302,0.3354,0.2459,0.1966,176.0432,164.8472,29.7617,0.9871
116.333,3490,in_bed,0.6946,0.9727,0.0218,2.5825,0.9509,0.3682,0.9563,0.8619,0.5274,0.2816,0.0846,0.6542,0.6357,0.429,0.3345,0.2457,0.1971,176.0664,164.8947,29.7799,0.9872
116.367,3491,in_bed,0.694,0.9722,0.021,2.5825,0.9512,0.3683,0.956,0.8613,0.5267,0.2807,0.0844,0.6541,0.6362,0.4293,0.3346,0.246,0.1962,175.9427,164.8389,29.8375,0.9905
116.4,3492,in_bed,0.6948,0.9717,0.0198,2.5833,0.9519,0.3685,0.9558,0.861,0.5285,0.2846,0.0843,0.6537,0.6367,0.4272,0.3325,0.244,0.2003,176.4627,164.9001,29.8265,0.9965
116.433,3493,in_bed,0.6947,0.9712,0.0182,2.5849,0.953,0.3687,0.9554,0.8605,0.5289,0.2869,0.0841,0.6532,0.6353,0.4265,0.3316,0.242,0.2027,176.8882,164.9774,29.8441,1.0022
116.467,3494,in_bed,0.6945,0.9704,0.0177,2.5836,0.9527,0.3687,0.9548,0.8595,0.5296,0.2873,0.0841,0.6524,0.6339,0.4252,0.3299,0.2422,0.2033,176.6543,165.0928,29.8552,1.0045
116.5,3495,in_bed,0.6934,0.9697,0.0182,2.5805,0.9515,0.3687,0.9542,0.8587,0.5282,0.2852,0.0841,0.6523,0.6322,0.426,0.3305,0.243,0.2011,176.6074,165.1288,29.9358,0.9967
116.533,3496,in_bed,0.6928,0.9699,0.0192,2.5796,0.9507,0.3685,0.9543,0.8585,0.5271,0.283,0.0842,0.6521,0.6316,0.4272,0.3314,0.2441,0.1988,176.2573,165.0166,30.0055,0.9921
116.567,3497,in_bed,0.6922,0.9698,0.0196,2.579,0.9502,0.3684,0.9541,0.858,0.5264,0.2832,0.0842,0.6518,0.631,0.4276,0.3316,0.2433,0.199,176.2759,165.0435,29.9865,0.9851
116.6,3498,in_bed,0.6921,0.9696,0.0199,2.5777,0.9496,0.3684,0.9541,0.8579,0.5263,0.2827,0.0842,0.652,0.6309,0.4277,0.3316,0.2436,0.1985,176.0787,164.9927,29.8993,0.984
116.633,3499,in_bed,0.6921,0.9696,0.0193,2.5791,0.9503,0.3684,0.954,0.8579,0.5264,0.2821,0.0842,0.6521,0.631,0.4276,0.3315,0.2443,0.198,175.855,164.9507,29.9262,0.9847
116.667,3500,in_bed,0.6923,0.9699,0.0193,2.5801,0.9506,0.3684,0.9543,0.8579,0.5267,0.2811,0.0842,0.6526,0.6321,0.4277,0.3312,0.2456,0.197,175.528,164.8984,29.9786,0.984
116.7,3501,in_bed,0.692,0.97,0.0194,2.5806,0.9506,0.3684,0.9545,0.8579,0.5261,0.2811,0.0841,0.653,0.6325,0.4284,0.3318,0.245,0.1969,175.3318,164.8749,30.0165,0.9827
116.733,3502,in_bed,0.6919,0.9697,0.0196,2.5786,0.9501,0.3684,0.9542,0.8578,0.5259,0.2809,0.0841,0.6534,0.6326,0.4282,0.3319,0.245,0.1967,175.2531,164.87,30.055,0.9809
116.767,3503,in_bed,0.6918,0.9691,0.0189,2.5774,0.9502,0.3687,0.9537,0.8574,0.5261,0.281,0.0841,0.6531,0.6325,0.4276,0.3313,0.2451,0.1969,175.2114,164.8049,30.1135,0.9855
116.8,3504,in_bed,0.6917,0.9692,0.0187,2.5776,0.9506,0.3688,0.9538,0.8575,0.5259,0.281,0.0841,0.6534,0.634,0.4279,0.3316,0.2449,0.1969,175.0059,164.6859,30.199,0.9877
116.833,3505,in_bed,0.6922,0.9693,0.0182,2.5774,0.9511,0.369,0.9537,0.8579,0.5264,0.2814,0.0841,0.6538,0.635,0.4273,0.3315,0.245,0.1973,174.8716,164.6809,30.2806,0.9882
116.867,3506,in_bed,0.6926,0.9698,0.018,2.5784,0.9518,0.3691,0.9541,0.8586,0.5266,0.2804,0.0841,0.6543,0.636,0.4275,0.332,0.2462,0.1963,174.6373,164.5787,30.2678,0.9872
116.9,3507,in_bed,0.6923,0.9684,0.0172,2.5741,0.9512,0.3695,0.9528,0.8583,0.5264,0.2791,0.0841,0.6536,0.6358,0.4265,0.3319,0.2473,0.195,174.2631,164.5485,30.3796,0.9868
116.933,3508,in_bed,0.6924,0.9682,0.0175,2.5715,0.9507,0.3697,0.9527,0.8584,0.5264,0.2784,0.0841,0.6536,0.6365,0.4263,0.332,0.248,0.1943,174.211,164.519,30.4526,0.9856
116.967,3509,in_bed,0.6921,0.967,0.0178,2.5659,0.9492,0.3699,0.9516,0.8575,0.5268,0.2788,0.0841,0.6528,0.6357,0.4248,0.3306,0.248,0.1947,174.2776,164.4692,30.5272,0.9837
117.0,3510,in_bed,0.6928,0.9673,0.0188,2.5639,0.9484,0.3699,0.9521,0.858,0.5276,0.2808,0.0842,0.6538,0.6365,0.4245,0.3304,0.2468,0.1966,174.4333,164.4331,30.4583,0.9781
117.033,3511,in_bed,0.6927,0.9662,0.019,2.5588,0.9472,0.3702,0.9511,0.8575,0.5279,0.2818,0.0842,0.6539,0.6367,0.4232,0.3296,0.2461,0.1976,174.5625,164.4791,30.4346,0.9735
117.067,3512,in_bed,0.6929,0.9662,0.0197,2.5563,0.9465,0.3703,0.9508,0.8577,0.5282,0.2819,0.0843,0.6551,0.6367,0.4227,0.3295,0.2462,0.1976,174.4857,164.4325,30.3812,0.9684
117.1,3513,in_bed,0.6935,0.9657,0.0194,2.5543,0.9463,0.3705,0.9506,0.8581,0.529,0.2823,0.0843,0.6559,0.6383,0.4217,0.3291,0.2467,0.198,174.6975,164.4338,30.3233,0.9663
117.133,3514,in_bed,0.6934,0.9648,0.0196,2.5503,0.9452,0.3706,0.9498,0.8578,0.529,0.284,0.0842,0.6557,0.639,0.4208,0.3288,0.245,0.1998,175.2152,164.4707,30.3113,0.9693
117.167,3515,in_bed,0.6942,0.9648,0.0206,2.5483,0.9442,0.3705,0.95,0.8584,0.53,0.2849,0.0843,0.6561,0.6398,0.42,0.3284,0.2451,0.2007,175.2186,164.4729,30.3428,0.9716
117.2,3516,in_bed,0.6944,0.965,0.0201,2.5499,0.9449,0.3706,0.9503,0.8586,0.5301,0.2847,0.0842,0.6559,0.6384,0.4201,0.3284,0.2455,0.2005,175.1146,164.5429,30.2988,0.9728
117.233,3517,in_bed,0.6941,0.9649,0.0203,2.5497,0.9446,0.3705,0.95,0.8585,0.5296,0.2835,0.0842,0.6551,0.6374,0.4204,0.3289,0.2462,0.1993,174.9336,164.6292,30.3015,0.9726
117.267,3518,in_bed,0.6937,0.9643,0.0196,2.5495,0.9447,0.3706,0.9492,0.858,0.5294,0.2838,0.0841,0.6543,0.6363,0.4198,0.3286,0.2456,0.1997,175.0171,164.6434,30.2655,0.9755
117.3,3519,in_bed,0.6938,0.9638,0.0191,2.5491,0.9447,0.3706,0.9486,0.8576,0.53,0.285,0.0841,0.6538,0.6373,0.4186,0.3276,0.245,0.2009,175.2163,164.634,30.2872,0.9815
117.333,3520,in_bed,0.6944,0.9638,0.0198,2.5478,0.944,0.3705,0.9487,0.8581,0.5308,0.2867,0.0842,0.6539,0.638,0.418,0.3273,0.244,0.2026,175.3396,164.7854,30.2323,0.9812
117.367,3521,in_bed,0.6956,0.9639,0.02,2.5477,0.9439,0.3705,0.949,0.8587,0.5325,0.2885,0.0842,0.6544,0.6374,0.4165,0.3262,0.244,0.2043,175.5859,164.8125,30.2007,0.9807
117.4,3522,in_bed,0.6956,0.9641,0.0203,2.5485,0.9439,0.3704,0.9493,0.8586,0.5326,0.2886,0.0842,0.6543,0.6373,0.4167,0.326,0.244,0.2044,175.6069,164.8059,30.1973,0.9815
117.433,3523,in_bed,0.6959,0.964,0.0202,2.5482,0.9438,0.3704,0.9494,0.8584,0.5333,0.2903,0.0842,0.6545,0.6368,0.4161,0.3251,0.2431,0.206,176.0189,164.7387,30.1576,0.9807
117.467,3524,in_bed,0.6961,0.9636,0.0199,2.5473,0.9437,0.3705,0.9491,0.8584,0.5338,0.2905,0.0842,0.6542,0.636,0.4153,0.3246,0.2433,0.2063,176.1657,164.7082,30.1199,0.9859
117.5,3525,in_bed,0.6959,0.9636,0.0201,2.5468,0.9435,0.3705,0.9491,0.8584,0.5334,0.2902,0.0842,0.6543,0.6365,0.4157,0.325,0.2432,0.206,176.1811,164.6995,30.065,0.988
117.533,3526,in_bed,0.6954,0.9632,0.0205,2.5449,0.9427,0.3704,0.9486,0.858,0.5328,0.2902,0.0842,0.6538,0.6361,0.4158,0.3252,0.2426,0.206,176.1984,164.6689,30.0683,0.9892
117.567,3527,in_bed,0.6945,0.9626,0.0203,2.5432,0.9423,0.3705,0.9479,0.8574,0.5315,0.2887,0.0842,0.6536,0.6346,0.4164,0.3259,0.2428,0.2045,176.0602,164.609,30.0857,0.991
117.6,3528,in_bed,0.6939,0.9627,0.0204,2.544,0.9424,0.3704,0.9478,0.8574,0.5304,0.2884,0.0842,0.6531,0.6351,0.4174,0.327,0.242,0.2042,175.9241,164.6021,30.0644,0.9887
117.633,3529,in_bed,0.6933,0.9626,0.0196,2.5451,0.943,0.3705,0.9476,0.8572,0.5294,0.2872,0.0841,0.6532,0.6355,0.4181,0.3277,0.2423,0.2031,175.7427,164.5763,30.0989,0.9878
117.667,3530,in_bed,0.6933,0.9632,0.0199,2.5465,0.9433,0.3704,0.9482,0.8574,0.5291,0.2874,0.0841,0.6533,0.6359,0.4191,0.3283,0.2417,0.2033,175.9186,164.5147,30.0648,0.9896
117.7,3531,in_bed,0.6934,0.9632,0.0197,2.5465,0.9435,0.3705,0.9482,0.8576,0.5292,0.2868,0.0841,0.6533,0.6365,0.419,0.3283,0.2424,0.2027,175.8067,164.5197,30.1337,0.9878
117.733,3532,in_bed,0.6932,0.9636,0.02,2.5476,0.9436,0.3704,0.9487,0.8575,0.529,0.2869,0.0842,0.6527,0.6367,0.4197,0.3285,0.2421,0.2027,175.7422,164.4852,30.1802,0.9904
117.767,3533,in_bed,0.6932,0.964,0.0203,2.5489,0.9437,0.3702,0.9492,0.8577,0.5287,0.286,0.0842,0.6525,0.6366,0.4205,0.329,0.2427,0.2018,175.7325,164.511,30.1224,0.9901
117.8,3534,in_bed,0.6937,0.9643,0.02,2.5501,0.9443,0.3703,0.9495,0.858,0.5294,0.2874,0.0842,0.6527,0.6373,0.42,0.3286,0.242,0.2033,176.2926,164.5567,30.062,0.9941
117.833,3535,in_bed,0.6935,0.9648,0.0205,2.5511,0.9443,0.3702,0.95,0.8582,0.5288,0.2852,0.0842,0.653,0.6371,0.4212,0.3295,0.2436,0.201,176.0194,164.556,30.035,0.9931
117.867,3536,in_bed,0.6936,0.9654,0.0209,2.5523,0.9445,0.3701,0.9505,0.8589,0.5283,0.285,0.0843,0.6533,0.6371,0.4221,0.3305,0.2433,0.2007,176.1252,164.6661,30.0449,0.9922
117.9,3537,in_bed,0.6939,0.9655,0.0211,2.5521,0.9444,0.3701,0.9507,0.8589,0.5289,0.2861,0.0842,0.6534,0.6376,0.4218,0.33,0.2428,0.2018,176.3765,164.721,30.1128,0.9933
117.933,3538,in_bed,0.6941,0.9653,0.0213,2.5506,0.944,0.3701,0.9504,0.8588,0.5295,0.2868,0.0843,0.6529,0.6359,0.421,0.3293,0.2427,0.2025,176.3835,164.7376,30.2084,0.9928
117.967,3539,in_bed,0.6946,0.9649,0.021,2.5499,0.9438,0.3701,0.9501,0.8587,0.5305,0.2881,0.0842,0.6524,0.6363,0.4196,0.3282,0.2424,0.2039,176.4441,164.7604,30.2324,0.9944
118.0,3540,in_bed,0.694,0.9638,0.0217,2.5454,0.9422,0.3702,0.9491,0.8581,0.53,0.2897,0.0843,0.6524,0.6356,0.4191,0.3281,0.2403,0.2054,176.5644,164.76,30.2052,0.9908
118.033,3541,in_bed,0.6947,0.964,0.0216,2.5457,0.9424,0.3702,0.9493,0.8583,0.531,0.2905,0.0843,0.6529,0.6362,0.4183,0.3273,0.2406,0.2061,176.5795,164.7325,30.2017,0.9899
118.067,3542,in_bed,0.6942,0.963,0.0216,2.5423,0.9414,0.3703,0.9482,0.8577,0.5308,0.2905,0.0843,0.6521,0.6362,0.4174,0.3268,0.2403,0.2062,176.6453,164.7121,30.2186,0.9885
118.1,3543,in_bed,0.6942,0.9632,0.0223,2.5422,0.9409,0.3701,0.9483,0.8577,0.5306,0.2896,0.0844,0.6519,0.636,0.4177,0.3271,0.2411,0.2051,176.1713,164.5854,30.2469,0.9793
118.133,3544,in_bed,0.694,0.9629,0.0227,2.5404,0.9403,0.3701,0.9481,0.8575,0.5304,0.2892,0.0844,0.6518,0.635,0.4176,0.3271,0.2412,0.2048,176.0457,164.5332,30.2339,0.9758
118.167,3545,in_bed,0.6944,0.9633,0.0226,2.542,0.9407,0.3701,0.9484,0.8578,0.531,0.2888,0.0844,0.6518,0.6354,0.4174,0.3268,0.2422,0.2044,175.8633,164.4902,30.1601,0.9754
118.2,3546,in_bed,0.6944,0.9635,0.0224,2.543,0.9411,0.3701,0.9487,0.8579,0.5308,0.2887,0.0844,0.6527,0.6339,0.4179,0.3271,0.2421,0.2043,175.7717,164.509,30.1586,0.9733
118.233,3547,in_bed,0.6934,0.9628,0.0222,2.5412,0.9407,0.3702,0.948,0.8574,0.5294,0.2872,0.0844,0.6521,0.6324,0.4187,0.328,0.2421,0.2028,175.5536,164.5123,30.1546,0.9719
118.267,3548,in_bed,0.6933,0.9631,0.0223,2.5421,0.9409,0.3701,0.9483,0.8574,0.5292,0.2884,0.0845,0.6521,0.6326,0.4191,0.3282,0.2408,0.204,175.9378,164.6019,30.1121,0.9742
118.3,3549,in_bed,0.6932,0.9629,0.0216,2.5429,0.9413,0.3702,0.948,0.8572,0.5292,0.2874,0.0844,0.6514,0.6321,0.4189,0.328,0.2418,0.203,175.6083,164.6323,30.1116,0.9794
118.333,3550,in_bed,0.6931,0.9627,0.0212,2.5427,0.9415,0.3703,0.9477,0.8573,0.5289,0.2877,0.0843,0.6512,0.6325,0.4188,0.3284,0.2412,0.2034,175.6271,164.6558,30.0873,0.9807
118.367,3551,in_bed,0.6928,0.963,0.0211,2.5442,0.9419,0.3702,0.948,0.8575,0.5282,0.2868,0.0843,0.6515,0.6338,0.4198,0.3293,0.2414,0.2025,175.4874,164.5982,29.9876,0.9834
118.4,3552,in_bed,0.6919,0.963,0.0211,2.5444,0.9419,0.3702,0.948,0.8571,0.5268,0.2857,0.0843,0.6518,0.6346,0.4212,0.3303,0.2411,0.2014,175.3501,164.5826,30.043,0.9852
118.433,3553,in_bed,0.6918,0.9632,0.0213,2.5449,0.9419,0.3701,0.9482,0.8568,0.5268,0.2845,0.0843,0.6521,0.635,0.4213,0.33,0.2423,0.2002,175.2896,164.6689,30.0212,0.9838
118.467,3554,in_bed,0.6916,0.9632,0.0212,2.5448,0.942,0.3702,0.9482,0.8562,0.527,0.2838,0.0843,0.652,0.6352,0.4212,0.3292,0.2433,0.1994,175.1967,164.6661,30.0795,0.9829
118.5,3555,in_bed,0.6919,0.9628,0.0211,2.5441,0.9417,0.3701,0.9479,0.8559,0.528,0.2841,0.0843,0.6515,0.6343,0.4199,0.3279,0.2439,0.1998,175.3481,164.6978,30.0648,0.9829
118.533,3556,in_bed,0.6914,0.9631,0.022,2.5438,0.9411,0.3699,0.9481,0.8557,0.5271,0.2822,0.0844,0.6517,0.6345,0.4211,0.3287,0.2448,0.1979,175.1682,164.688,30.076,0.9788
118.567,3557,in_bed,0.691,0.9629,0.0214,2.5446,0.9415,0.37,0.9479,0.8555,0.5266,0.2818,0.0843,0.6515,0.6361,0.4213,0.3289,0.2448,0.1975,175.2571,164.6366,30.0506,0.9848
118.6,3558,in_bed,0.6914,0.9634,0.0211,2.5474,0.9424,0.3699,0.9485,0.8559,0.527,0.2821,0.0842,0.6516,0.6375,0.4215,0.3289,0.2448,0.1979,175.4015,164.5811,29.9873,0.9842
118.633,3559,in_bed,0.6914,0.9637,0.0217,2.547,0.9419,0.3698,0.9487,0.8561,0.5268,0.2824,0.0843,0.6515,0.639,0.4219,0.3293,0.2444,0.1981,175.4783,164.5922,30.0201,0.9841
118.667,3560,in_bed,0.6915,0.9636,0.0218,2.547,0.9418,0.3698,0.9486,0.856,0.527,0.2845,0.0843,0.6516,0.6394,0.4215,0.3289,0.2425,0.2003,175.9139,164.5787,30.0338,0.984
118.7,3561,in_bed,0.6919,0.9639,0.0217,2.5484,0.9423,0.3697,0.9489,0.8562,0.5277,0.2865,0.0842,0.6515,0.6399,0.4212,0.3285,0.2412,0.2023,176.3102,164.4615,30.0313,0.9873
118.733,3562,in_bed,0.6921,0.964,0.022,2.5484,0.9421,0.3697,0.9489,0.8563,0.5279,0.2871,0.0842,0.6513,0.6394,0.421,0.3284,0.2408,0.2029,176.395,164.4249,30.0366,0.991
118.767,3563,in_bed,0.6931,0.9643,0.0224,2.5486,0.9419,0.3696,0.9494,0.8567,0.5295,0.2898,0.0842,0.6518,0.64,0.4199,0.3272,0.2397,0.2056,176.9364,164.4041,30.0365,0.9928
118.8,3564,in_bed,0.6939,0.964,0.022,2.5475,0.942,0.3698,0.949,0.8567,0.5311,0.2902,0.0842,0.6518,0.6379,0.4179,0.3257,0.2409,0.206,176.8695,164.5634,30.0423,0.9914
118.833,3565,in_bed,0.6939,0.9638,0.0214,2.5476,0.9424,0.3699,0.9487,0.8565,0.5312,0.2896,0.0842,0.6521,0.6362,0.4174,0.3252,0.2417,0.2054,176.7574,164.6504,30.0975,0.9923
118.867,3566,in_bed,0.693,0.9632,0.0212,2.5463,0.942,0.37,0.9482,0.8559,0.5302,0.2888,0.0841,0.6516,0.6346,0.418,0.3257,0.2413,0.2047,176.6508,164.7102,30.1471,0.9914
118.9,3567,in_bed,0.6919,0.9627,0.0212,2.5447,0.9415,0.37,0.9477,0.8554,0.5285,0.287,0.0841,0.6509,0.6343,0.4192,0.3269,0.2415,0.2029,176.5426,164.7316,30.1906,0.9898
118.933,3568,in_bed,0.6921,0.9628,0.0215,2.5442,0.9413,0.37,0.9478,0.8555,0.5286,0.2864,0.0841,0.6505,0.6337,0.4192,0.3269,0.2422,0.2023,176.3814,164.7897,30.1344,0.9846
118.967,3569,in_bed,0.6915,0.9627,0.022,2.5432,0.9406,0.3699,0.9478,0.8552,0.5278,0.2857,0.0842,0.6503,0.6335,0.42,0.3274,0.2421,0.2015,176.2477,164.7885,30.114,0.982
119.0,3570,in_bed,0.6906,0.9628,0.0223,2.5435,0.9405,0.3698,0.9479,0.8552,0.526,0.2825,0.0842,0.65,0.6335,0.422,0.3292,0.2435,0.1983,175.5829,164.8916,30.0951,0.9807
119.033,3571,in_bed,0.6912,0.9637,0.0224,2.5466,0.9413,0.3696,0.9489,0.8558,0.5265,0.2821,0.0843,0.6498,0.6332,0.4224,0.3293,0.2444,0.1979,175.4559,164.9389,30.0021,0.9799
119.067,3572,in_bed,0.6916,0.9648,0.0225,2.5504,0.9423,0.3695,0.9501,0.8567,0.5264,0.281,0.0843,0.6506,0.6326,0.4237,0.3303,0.2454,0.1967,175.1698,164.8558,29.9788,0.9791
119.1,3573,in_bed,0.6916,0.9658,0.022,2.5549,0.9438,0.3694,0.9512,0.8572,0.526,0.2803,0.0843,0.651,0.6332,0.4252,0.3312,0.2457,0.1959,174.9346,164.8111,29.937,0.9769
119.133,3574,in_bed,0.6923,0.9672,0.0216,2.5603,0.9456,0.3693,0.9525,0.8579,0.5267,0.2818,0.0844,0.6519,0.6351,0.4258,0.3312,0.2449,0.1974,175.2428,164.7383,29.9342,0.9821
119.167,3575,in_bed,0.6926,0.9675,0.0212,2.5619,0.9463,0.3694,0.9527,0.858,0.5272,0.2835,0.0844,0.6524,0.6361,0.4255,0.3307,0.2437,0.1991,175.5304,164.7155,29.9134,0.9827
119.2,3576,in_bed,0.6923,0.9678,0.0218,2.562,0.946,0.3692,0.9528,0.8576,0.527,0.2847,0.0844,0.6521,0.6376,0.4258,0.3306,0.2423,0.2003,175.6067,164.625,30.0046,0.9877
119.233,3577,in_bed,0.6927,0.9677,0.0218,2.562,0.9459,0.3692,0.9527,0.8576,0.5278,0.2865,0.0844,0.6519,0.6362,0.4249,0.3299,0.2412,0.2022,175.8606,164.6373,30.0078,0.9883
119.267,3578,in_bed,0.6931,0.9679,0.0226,2.561,0.9453,0.3691,0.953,0.8579,0.5284,0.2877,0.0844,0.6519,0.6371,0.4246,0.3295,0.2406,0.2033,175.9516,164.6783,29.973,0.9836
119.3,3579,in_bed,0.6931,0.9689,0.0229,2.5636,0.946,0.369,0.9539,0.8587,0.5275,0.2872,0.0845,0.6527,0.6387,0.4264,0.3313,0.2402,0.2028,175.8012,164.6577,29.9531,0.9829
119.333,3580,in_bed,0.6922,0.9691,0.0232,2.5642,0.9459,0.3689,0.954,0.8584,0.5259,0.2862,0.0844,0.6525,0.64,0.4281,0.3325,0.2397,0.2018,175.7358,164.6285,30.0618,0.9828
119.367,3581,in_bed,0.692,0.9686,0.0233,2.5619,0.9453,0.369,0.9534,0.8583,0.5257,0.2851,0.0844,0.6527,0.6407,0.4277,0.3326,0.2406,0.2007,175.5996,164.7113,30.2813,0.982
119.4,3582,in_bed,0.6924,0.9682,0.0234,2.5599,0.9448,0.3691,0.9531,0.8582,0.5266,0.2853,0.0844,0.6528,0.6402,0.4265,0.3316,0.2413,0.2009,175.7122,164.7349,30.3075,0.9819
119.433,3583,in_bed,0.6921,0.9683,0.0235,2.5601,0.9448,0.369,0.9531,0.8584,0.5258,0.2836,0.0844,0.6528,0.6399,0.4273,0.3325,0.2422,0.1992,175.5057,164.7471,30.3904,0.9817
119.467,3584,in_bed,0.6913,0.9682,0.0227,2.5612,0.9455,0.3692,0.9529,0.8581,0.5245,0.2819,0.0844,0.6526,0.6397,0.4284,0.3336,0.2426,0.1976,175.2746,164.7442,30.4243,0.9874
119.5,3585,in_bed,0.6911,0.9689,0.0222,2.5645,0.9467,0.3692,0.9536,0.8582,0.524,0.2808,0.0844,0.653,0.6395,0.4296,0.3342,0.2431,0.1965,175.035,164.7064,30.4376,0.9895
119.533,3586,in_bed,0.6912,0.969,0.0214,2.5661,0.9476,0.3693,0.9537,0.858,0.5244,0.2825,0.0843,0.653,0.6378,0.4293,0.3337,0.2419,0.1981,175.2549,164.6362,30.4297,0.9918
119.567,3587,in_bed,0.6915,0.9693,0.0208,2.568,0.9485,0.3693,0.9539,0.8582,0.5248,0.2828,0.0843,0.6535,0.6376,0.4291,0.3334,0.242,0.1985,175.4292,164.6111,30.4388,0.9954
119.6,3588,in_bed,0.6924,0.9689,0.0213,2.5652,0.9476,0.3694,0.9536,0.8586,0.5262,0.2845,0.0843,0.6541,0.6366,0.4275,0.3325,0.2416,0.2002,175.655,164.6159,30.2921,0.9934
119.633,3589,in_bed,0.6923,0.9684,0.0219,2.5625,0.9465,0.3694,0.9531,0.8584,0.5262,0.285,0.0843,0.654,0.6351,0.4269,0.3322,0.2411,0.2007,175.6616,164.6708,30.2233,0.9918
119.667,3590,in_bed,0.6936,0.9685,0.023,2.5604,0.9456,0.3693,0.9533,0.859,0.5282,0.2875,0.0844,0.6547,0.6348,0.4251,0.3308,0.2407,0.2031,175.9493,164.727,30.1089,0.9893
119.7,3591,in_bed,0.6938,0.9686,0.0237,2.5595,0.9449,0.3692,0.9535,0.8593,0.5283,0.2883,0.0845,0.655,0.6345,0.4252,0.3309,0.2401,0.2038,175.9951,164.7168,30.0051,0.9866
119.733,3592,in_bed,0.6941,0.9686,0.0245,2.558,0.9441,0.3691,0.9534,0.8591,0.5292,0.2894,0.0846,0.6549,0.6333,0.4242,0.3298,0.2399,0.2048,176.0154,164.731,30.0114,0.984
119.767,3593,in_bed,0.6941,0.9686,0.0248,2.558,0.9438,0.369,0.9535,0.8591,0.5292,0.2896,0.0846,0.6543,0.6331,0.4243,0.3299,0.2396,0.205,176.076,164.7066,29.961,0.9838
119.8,3594,in_bed,0.6949,0.9687,0.0254,2.5574,0.9433,0.3688,0.9538,0.8591,0.5306,0.293,0.0846,0.654,0.6331,0.4232,0.3285,0.2376,0.2084,176.6028,164.7703,29.9752,0.9858
119.833,3595,in_bed,0.6952,0.969,0.0254,2.5596,0.9436,0.3687,0.954,0.8591,0.5313,0.2948,0.0845,0.654,0.6329,0.4227,0.3278,0.2366,0.2102,176.9987,164.7754,29.9312,0.9884
119.867,3596,in_bed,0.6953,0.9694,0.0251,2.5619,0.9443,0.3686,0.9543,0.8591,0.5316,0.2935,0.0845,0.6538,0.6332,0.4227,0.3275,0.2381,0.209,176.7454,164.7916,29.9571,0.9912
119.9,3597,in_bed,0.6944,0.9689,0.0251,2.5604,0.9438,0.3686,0.9537,0.8586,0.5302,0.2926,0.0845,0.6535,0.6338,0.4235,0.3284,0.2375,0.2082,176.8366,164.7847,29.9214,0.9906
119.933,3598,in_bed,0.6944,0.9696,0.0257,2.5618,0.9439,0.3684,0.9542,0.8589,0.53,0.2912,0.0845,0.6536,0.6343,0.4243,0.3289,0.2388,0.2066,176.6565,164.721,29.9559,0.9886
119.967,3599,in_bed,0.6941,0.9696,0.0253,2.5631,0.9444,0.3685,0.9542,0.8588,0.5295,0.2898,0.0845,0.6533,0.635,0.4248,0.3293,0.2397,0.2053,176.5865,164.716,29.9908,0.9892
120.0,3600,in_bed,0.6938,0.9689,0.0245,2.562,0.9443,0.3686,0.9533,0.8582,0.5295,0.2905,0.0844,0.6534,0.6352,0.4238,0.3287,0.239,0.2061,176.574,164.7593,30.0384,0.99
120.033,3601,in_bed,0.6939,0.9685,0.0246,2.5611,0.944,0.3686,0.9529,0.858,0.5298,0.2913,0.0844,0.6529,0.6363,0.4231,0.3283,0.2385,0.2069,176.6428,164.802,30.0104,0.9915
120.067,3602,in_bed,0.6949,0.9682,0.0252,2.5591,0.943,0.3685,0.9525,0.8579,0.5319,0.2922,0.0844,0.6524,0.6376,0.4206,0.326,0.2397,0.2079,176.5949,164.813,30.0236,0.9913
120.1,3603,in_bed,0.6958,0.9682,0.0259,2.5579,0.9423,0.3684,0.9526,0.8583,0.5334,0.2931,0.0845,0.6526,0.6383,0.4193,0.325,0.2402,0.2087,176.4758,164.7728,30.0154,0.9882
120.133,3604,in_bed,0.6964,0.969,0.026,2.5605,0.943,0.3683,0.9534,0.859,0.5339,0.2934,0.0845,0.6529,0.6385,0.4196,0.3251,0.2405,0.2089,176.4757,164.6543,29.9925,0.9894
120.167,3605,in_bed,0.6969,0.9695,0.0261,2.5616,0.9434,0.3683,0.9541,0.8599,0.5339,0.2924,0.0845,0.653,0.6383,0.4202,0.326,0.2415,0.2079,176.2002,164.6217,30.0536,0.988
120.2,3606,in_bed,0.6972,0.9699,0.0268,2.5616,0.9431,0.3682,0.9546,0.8604,0.5339,0.2917,0.0846,0.6534,0.6383,0.4207,0.3264,0.2422,0.2071,176.1554,164.6134,30.0401,0.9876
120.233,3607,in_bed,0.6972,0.9698,0.0267,2.5611,0.9431,0.3682,0.9545,0.8605,0.5339,0.2919,0.0846,0.6534,0.6384,0.4206,0.3266,0.2419,0.2074,176.1868,164.5264,30.1781,0.9878
120.267,3608,in_bed,0.6979,0.9702,0.0268,2.5615,0.9434,0.3683,0.9548,0.8609,0.5349,0.2918,0.0846,0.6539,0.6389,0.4199,0.326,0.243,0.2072,176.2043,164.4342,30.2881,0.9881
120.3,3609,in_bed,0.6978,0.9698,0.0259,2.5612,0.9439,0.3685,0.9546,0.8607,0.5349,0.2915,0.0845,0.6542,0.6396,0.4198,0.3259,0.2434,0.2069,176.2928,164.3524,30.326,0.9893
120.333,3610,in_bed,0.6981,0.9703,0.0256,2.5635,0.9447,0.3685,0.955,0.8609,0.5352,0.291,0.0845,0.6545,0.6401,0.4198,0.3257,0.2442,0.2065,176.336,164.3108,30.4032,0.9917
120.367,3611,in_bed,0.6974,0.9708,0.0256,2.5652,0.9452,0.3685,0.9553,0.8606,0.5342,0.2897,0.0845,0.6541,0.64,0.4211,0.3264,0.2445,0.2052,176.3675,164.2197,30.4068,0.9928
120.4,3612,in_bed,0.6974,0.9702,0.0245,2.5653,0.9457,0.3686,0.9549,0.8602,0.5347,0.2895,0.0844,0.654,0.6394,0.4202,0.3255,0.2452,0.2051,176.2434,164.2426,30.4123,0.9939
120.433,3613,in_bed,0.6968,0.9696,0.0246,2.5632,0.945,0.3687,0.9542,0.8596,0.5341,0.2879,0.0844,0.6541,0.6394,0.4201,0.3255,0.2461,0.2035,175.7768,164.3221,30.4341,0.9893
120.467,3614,in_bed,0.6961,0.9699,0.0246,2.5643,0.9453,0.3686,0.9546,0.8596,0.5326,0.2853,0.0845,0.6547,0.6395,0.4219,0.3269,0.2473,0.2008,175.0349,164.4657,30.4995,0.9838
120.5,3615,in_bed,0.6965,0.9699,0.0249,2.5637,0.945,0.3686,0.9546,0.8594,0.5335,0.2864,0.0845,0.6543,0.6403,0.4211,0.3259,0.2472,0.2018,175.1557,164.5774,30.5357,0.9816
120.533,3616,in_bed,0.6965,0.97,0.0253,2.5635,0.9447,0.3685,0.9548,0.8595,0.5334,0.2873,0.0846,0.6545,0.6411,0.4214,0.3261,0.2461,0.2028,175.2046,164.5983,30.5194,0.9833
120.567,3617,in_bed,0.6965,0.9703,0.0254,2.5648,0.9449,0.3684,0.9551,0.8595,0.5335,0.2881,0.0846,0.6543,0.6429,0.4216,0.326,0.2454,0.2036,175.3148,164.536,30.5421,0.9854
120.6,3618,in_bed,0.6963,0.9701,0.0256,2.564,0.9445,0.3684,0.9548,0.8594,0.5332,0.2889,0.0847,0.6543,0.6445,0.4216,0.3262,0.2443,0.2043,175.5238,164.5366,30.487,0.9837
120.633,3619,in_bed,0.6964,0.9696,0.0258,2.5618,0.9439,0.3684,0.9544,0.8595,0.5333,0.2885,0.0847,0.6541,0.6442,0.4211,0.3262,0.2448,0.2039,175.5847,164.5953,30.4656,0.9829
120.667,3620,in_bed,0.6962,0.9695,0.0262,2.5606,0.9433,0.3684,0.9542,0.8594,0.533,0.2879,0.0847,0.6539,0.6431,0.4211,0.3263,0.2451,0.2033,175.4784,164.6053,30.5034,0.9826
120.7,3621,in_bed,0.6955,0.9692,0.026,2.5599,0.9432,0.3685,0.9537,0.8592,0.5317,0.2869,0.0846,0.6536,0.6427,0.422,0.3274,0.2448,0.2023,175.4487,164.5451,30.4422,0.9831
120.733,3622,in_bed,0.6952,0.9692,0.0256,2.5606,0.9436,0.3685,0.9538,0.8592,0.5311,0.2871,0.0846,0.6535,0.6431,0.4227,0.3281,0.244,0.2025,175.44,164.4845,30.3962,0.9838
120.767,3623,in_bed,0.6953,0.9691,0.0248,2.5612,0.9443,0.3687,0.9537,0.859,0.5317,0.2883,0.0845,0.6537,0.6432,0.422,0.3273,0.2434,0.2037,175.6138,164.5026,30.4177,0.9851
120.8,3624,in_bed,0.695,0.969,0.0253,2.5597,0.9437,0.3687,0.9535,0.8589,0.5311,0.2856,0.0846,0.6535,0.6432,0.4224,0.3278,0.2455,0.2011,175.0357,164.4566,30.4964,0.9832
120.833,3625,in_bed,0.6952,0.9691,0.0251,2.5604,0.9441,0.3687,0.9538,0.8589,0.5316,0.2855,0.0845,0.653,0.642,0.4222,0.3273,0.2461,0.201,175.0332,164.3285,30.5165,0.9857
120.867,3626,in_bed,0.6946,0.9692,0.0255,2.5605,0.9438,0.3686,0.954,0.8584,0.5307,0.2854,0.0845,0.6525,0.6414,0.4233,0.3277,0.2453,0.2009,174.955,164.2516,30.5787,0.9859
120.9,3627,in_bed,0.6942,0.969,0.0254,2.5601,0.9436,0.3686,0.954,0.8583,0.53,0.2862,0.0845,0.6524,0.6412,0.4239,0.3283,0.2438,0.2017,175.025,164.2034,30.601,0.9873
120.933,3628,in_bed,0.6937,0.9686,0.0252,2.559,0.9434,0.3687,0.9537,0.8581,0.5292,0.2859,0.0845,0.6524,0.6422,0.4244,0.3289,0.2434,0.2014,175.099,164.2156,30.5568,0.988
120.967,3629,in_bed,0.6935,0.9678,0.0244,2.5578,0.9434,0.3688,0.9531,0.8578,0.5292,0.2869,0.0844,0.6518,0.6425,0.4238,0.3286,0.2423,0.2025,175.232,164.2591,30.5039,0.9895
121.0,3630,in_bed,0.6933,0.9683,0.0242,2.5602,0.9441,0.3688,0.9535,0.858,0.5286,0.2871,0.0844,0.6521,0.6421,0.4249,0.3294,0.2415,0.2027,175.2714,164.2298,30.4266,0.9914
121.033,3631,in_bed,0.6943,0.9688,0.0242,2.5617,0.9446,0.3687,0.9539,0.8583,0.5303,0.2897,0.0844,0.6528,0.6427,0.4237,0.3281,0.2406,0.2053,175.8246,164.2605,30.4047,0.9934
121.067,3632,in_bed,0.6951,0.9692,0.0247,2.5623,0.9445,0.3686,0.9543,0.8589,0.5312,0.2915,0.0844,0.6534,0.643,0.4231,0.3277,0.2397,0.2071,176.1382,164.3901,30.3295,0.9937
121.1,3633,in_bed,0.6955,0.9688,0.0242,2.5621,0.9446,0.3687,0.954,0.8585,0.5325,0.2944,0.0843,0.6532,0.6416,0.4215,0.326,0.2381,0.2102,176.6112,164.4295,30.3075,0.9985
121.133,3634,in_bed,0.6956,0.969,0.0241,2.5627,0.9449,0.3687,0.9544,0.8588,0.5324,0.2943,0.0843,0.6539,0.6407,0.4219,0.3263,0.2381,0.21,176.4469,164.4147,30.2155,0.9969
121.167,3635,in_bed,0.6957,0.9692,0.024,2.5636,0.9452,0.3687,0.9546,0.8588,0.5325,0.2941,0.0843,0.6544,0.639,0.422,0.3263,0.2384,0.2098,176.3534,164.3868,30.1532,0.9968
121.2,3636,in_bed,0.6958,0.9696,0.0246,2.5634,0.9451,0.3687,0.9548,0.8595,0.5322,0.2919,0.0844,0.6553,0.6392,0.4226,0.3273,0.2403,0.2075,175.8317,164.3635,30.1663,0.9904
121.233,3637,in_bed,0.6956,0.9697,0.0247,2.563,0.945,0.3687,0.9547,0.8597,0.5316,0.2903,0.0846,0.656,0.6394,0.4231,0.3281,0.2413,0.2057,175.6563,164.3747,30.0995,0.9854
121.267,3638,in_bed,0.6954,0.9693,0.025,2.5606,0.9443,0.3688,0.9542,0.8593,0.5314,0.292,0.0846,0.656,0.6394,0.4227,0.3279,0.2394,0.2073,175.8201,164.3275,30.1181,0.9843
121.3,3639,in_bed,0.6947,0.9685,0.0251,2.5579,0.9434,0.3688,0.9532,0.8589,0.5305,0.2911,0.0846,0.6551,0.6386,0.4227,0.3283,0.2394,0.2065,175.7005,164.3921,30.1208,0.9824
121.333,3640,in_bed,0.6942,0.9682,0.0245,2.5579,0.9436,0.3689,0.953,0.8587,0.5298,0.2915,0.0846,0.6544,0.6391,0.4232,0.3289,0.2383,0.2069,175.8878,164.3734,30.0344,0.9844
121.367,3641,in_bed,0.694,0.9684,0.0246,2.5589,0.9439,0.3688,0.9531,0.8586,0.5294,0.2909,0.0846,0.6542,0.6406,0.4238,0.3293,0.2385,0.2063,175.7511,164.3887,29.9755,0.985
121.4,3642,in_bed,0.694,0.9688,0.0245,2.5606,0.9443,0.3688,0.9536,0.8589,0.5292,0.2909,0.0845,0.6539,0.6423,0.4244,0.3297,0.2382,0.2064,175.7642,164.3807,29.9993,0.987
121.433,3643,in_bed,0.6944,0.969,0.0243,2.5618,0.9447,0.3688,0.9536,0.8591,0.5297,0.2917,0.0845,0.654,0.6415,0.4239,0.3294,0.238,0.2072,175.9004,164.4622,30.0128,0.9869
121.467,3644,in_bed,0.6952,0.9694,0.0243,2.5634,0.9451,0.3687,0.9542,0.8596,0.5308,0.2924,0.0844,0.654,0.6416,0.4233,0.3288,0.2385,0.208,176.0692,164.5351,29.9716,0.9856
121.5,3645,in_bed,0.6949,0.9696,0.0248,2.5636,0.9448,0.3685,0.9545,0.8596,0.5302,0.2921,0.0844,0.6536,0.641,0.4243,0.3294,0.2381,0.2077,176.0428,164.5521,30.0124,0.9855
121.533,3646,in_bed,0.6941,0.97,0.0253,2.5645,0.9446,0.3684,0.9547,0.8594,0.5287,0.2909,0.0845,0.6535,0.6404,0.426,0.3307,0.2378,0.2064,175.8137,164.51,30.06,0.9854
121.567,3647,in_bed,0.694,0.9699,0.0249,2.5653,0.945,0.3684,0.9546,0.8592,0.5288,0.2902,0.0845,0.6537,0.6396,0.4257,0.3304,0.2386,0.2057,175.7809,164.5195,30.1724,0.9873
121.6,3648,in_bed,0.6941,0.9699,0.0244,2.5658,0.9455,0.3685,0.9545,0.8592,0.529,0.2891,0.0844,0.6543,0.6392,0.4255,0.3302,0.2398,0.2047,175.3201,164.435,30.1892,0.9886
121.633,3649,in_bed,0.6939,0.9697,0.0233,2.567,0.9464,0.3687,0.9543,0.8588,0.529,0.2893,0.0843,0.654,0.6389,0.4254,0.3299,0.2396,0.2051,175.3384,164.3775,30.1745,0.9941
121.667,3650,in_bed,0.6933,0.9693,0.023,2.5669,0.9463,0.3687,0.9539,0.8587,0.5278,0.2883,0.0842,0.6542,0.6386,0.4261,0.3308,0.2395,0.2041,175.1816,164.3617,30.1293,0.9949
121.7,3651,in_bed,0.6938,0.9697,0.0232,2.5677,0.9464,0.3686,0.9543,0.859,0.5287,0.2885,0.0842,0.6548,0.6387,0.4256,0.3304,0.2401,0.2043,175.0989,164.268,30.1481,0.992
121.733,3652,in_bed,0.6944,0.9698,0.0234,2.568,0.9465,0.3686,0.9545,0.8594,0.5293,0.2894,0.0842,0.655,0.6379,0.4251,0.3301,0.2399,0.2052,175.2017,164.2426,30.0636,0.9878
121.767,3653,in_bed,0.6942,0.9702,0.0238,2.5687,0.9464,0.3684,0.9549,0.8599,0.5286,0.2888,0.0843,0.6551,0.6391,0.4264,0.3313,0.2398,0.2045,175.0912,164.2034,29.9113,0.9865
121.8,3654,in_bed,0.6944,0.9702,0.0243,2.5678,0.9459,0.3684,0.955,0.8601,0.5287,0.2894,0.0843,0.6552,0.6389,0.4263,0.3314,0.2393,0.2051,175.2679,164.2158,29.8403,0.9815
121.833,3655,in_bed,0.6954,0.9703,0.0241,2.5674,0.9462,0.3685,0.9551,0.8608,0.5299,0.29,0.0844,0.6567,0.6394,0.4252,0.3309,0.2399,0.2056,175.2835,164.2395,29.8194,0.9776
121.867,3656,in_bed,0.696,0.9709,0.0239,2.5691,0.947,0.3686,0.9557,0.8614,0.5305,0.2902,0.0844,0.6576,0.6396,0.4252,0.3309,0.2404,0.2058,175.2201,164.2624,29.7673,0.9764
121.9,3657,in_bed,0.6964,0.9717,0.0249,2.5702,0.9468,0.3684,0.9564,0.8619,0.5308,0.2896,0.0845,0.6583,0.6382,0.4257,0.3312,0.2411,0.2052,175.0385,164.2771,29.7486,0.9768
121.933,3658,in_bed,0.6953,0.9712,0.0244,2.5693,0.9467,0.3685,0.9558,0.8612,0.5294,0.2889,0.0844,0.6581,0.6379,0.4264,0.3318,0.2405,0.2045,175.1794,164.2057,29.6851,0.9811
121.967,3659,in_bed,0.6941,0.9711,0.0236,2.5705,0.9475,0.3686,0.9556,0.8609,0.5273,0.2883,0.0844,0.6586,0.6371,0.4283,0.3336,0.239,0.2039,175.051,164.1207,29.7742,0.9859
122.0,3660,in_bed,0.6947,0.9708,0.0229,2.5703,0.948,0.3688,0.9554,0.8609,0.5284,0.2906,0.0844,0.6582,0.6381,0.427,0.3325,0.2378,0.2062,175.3011,164.1584,29.8647,0.9874
122.033,3661,in_bed,0.695,0.9711,0.023,2.5705,0.9481,0.3688,0.9557,0.8612,0.5288,0.2919,0.0845,0.6584,0.6387,0.4269,0.3324,0.2368,0.2074,175.1868,164.1933,29.8309,0.9862
122.067,3662,in_bed,0.6955,0.9714,0.0235,2.5707,0.9479,0.3687,0.9561,0.8615,0.5295,0.2938,0.0846,0.6586,0.6396,0.4266,0.3319,0.2357,0.2092,175.2353,164.2174,29.8391,0.9847
122.1,3663,in_bed,0.6968,0.972,0.0238,2.5719,0.9482,0.3687,0.9569,0.8622,0.5314,0.2969,0.0846,0.6598,0.6402,0.4255,0.3308,0.2345,0.2123,175.6543,164.1617,29.7741,0.9859
122.133,3664,in_bed,0.6971,0.9722,0.0231,2.5737,0.9491,0.3688,0.957,0.8624,0.5318,0.298,0.0846,0.6607,0.6391,0.4252,0.3306,0.2338,0.2134,175.7134,164.0555,29.7401,0.9877
122.167,3665,in_bed,0.6979,0.9725,0.0235,2.5742,0.949,0.3687,0.9576,0.8628,0.533,0.3003,0.0846,0.6615,0.6388,0.4246,0.3298,0.2327,0.2157,176.2915,164.0871,29.6213,0.9887
122.2,3666,in_bed,0.6981,0.9731,0.0243,2.5745,0.9487,0.3685,0.958,0.863,0.5332,0.3005,0.0848,0.6623,0.6386,0.4248,0.3298,0.2327,0.2157,176.3453,164.1281,29.6254,0.9838
122.233,3667,in_bed,0.6987,0.9734,0.0242,2.5763,0.9491,0.3684,0.9582,0.8632,0.5342,0.3012,0.0847,0.6629,0.6394,0.4241,0.329,0.233,0.2165,176.7336,164.1948,29.5497,0.9865
122.267,3668,in_bed,0.6984,0.9734,0.0235,2.5777,0.9498,0.3685,0.9583,0.8628,0.5339,0.3002,0.0847,0.6635,0.6398,0.4244,0.3289,0.2337,0.2155,176.7761,164.1718,29.4758,0.9864
122.3,3669,in_bed,0.6979,0.973,0.0229,2.578,0.9501,0.3685,0.9464,0.8625,0.5332,0.2996,0.0847,0.6635,0.6407,0.4132,0.3293,0.2337,0.2148,176.6934,164.1639,29.4592,0.9854
122.333,3670,in_bed,0.6976,0.9725,0.0227,2.577,0.9499,0.3686,0.9577,0.8619,0.5332,0.3003,0.0846,0.6629,0.641,0.4244,0.3287,0.2329,0.2157,176.9678,164.2156,29.4586,0.9868
122.367,3671,in_bed,0.6979,0.9728,0.0223,2.5781,0.9505,0.3687,0.958,0.8625,0.5333,0.3002,0.0846,0.6633,0.6418,0.4247,0.3292,0.2331,0.2156,177.1064,164.2104,29.467,0.9874
122.4,3672,in_bed,0.698,0.9725,0.0212,2.5785,0.9513,0.3689,0.9575,0.8621,0.5339,0.2991,0.0845,0.6624,0.6413,0.4236,0.3282,0.2348,0.2146,177.0685,164.233,29.481,0.9914
122.433,3673,in_bed,0.6978,0.9723,0.0209,2.5779,0.9514,0.369,0.9574,0.862,0.5335,0.2971,0.0845,0.6612,0.6412,0.4239,0.3285,0.2365,0.2125,176.4616,164.1821,29.5125,0.9883
122.467,3674,in_bed,0.6967,0.9719,0.0205,2.5772,0.9514,0.3692,0.9451,0.8616,0.5317,0.2955,0.0845,0.6604,0.6399,0.4133,0.3299,0.2362,0.211,176.0519,164.0419,29.4497,0.9831
122.5,3675,in_bed,0.6966,0.9716,0.02,2.5761,0.9516,0.3694,0.9569,0.8615,0.5317,0.2955,0.0845,0.6603,0.6398,0.4252,0.3299,0.2361,0.2111,176.117,164.0067,29.3842,0.98
122.533,3676,in_bed,0.6963,0.9716,0.02,2.5764,0.9516,0.3694,0.9569,0.8613,0.5313,0.2951,0.0844,0.6602,0.6386,0.4256,0.3301,0.2361,0.2107,176.3523,163.981,29.2937,0.9845
122.567,3677,in_bed,0.6955,0.9714,0.0204,2.5754,0.951,0.3693,0.9567,0.8609,0.5302,0.2939,0.0844,0.6601,0.6383,0.4264,0.3307,0.2363,0.2095,176.3382,164.0204,29.3257,0.9859
122.6,3678,in_bed,0.6949,0.9714,0.0213,2.5739,0.9501,0.3691,0.9566,0.8604,0.5295,0.2933,0.0845,0.6593,0.6373,0.4271,0.331,0.2362,0.2087,176.3669,164.0111,29.3817,0.9854
122.633,3679,in_bed,0.6944,0.9714,0.0217,2.5736,0.9497,0.369,0.9565,0.8602,0.5286,0.2926,0.0845,0.6591,0.6363,0.4279,0.3316,0.2359,0.2081,176.389,164.0521,29.4083,0.9841
122.667,3680,in_bed,0.6935,0.9706,0.0211,2.5727,0.9495,0.3691,0.9555,0.8594,0.5276,0.2927,0.0845,0.6583,0.6348,0.4279,0.3318,0.2349,0.2082,176.6356,164.1046,29.3913,0.9854
122.7,3681,in_bed,0.6929,0.9703,0.0209,2.5721,0.9494,0.3691,0.955,0.8586,0.5271,0.2927,0.0844,0.6576,0.634,0.4278,0.3315,0.2344,0.2083,176.8518,164.1579,29.3669,0.9873
122.733,3682,in_bed,0.6924,0.9699,0.0209,2.5717,0.949,0.369,0.9545,0.8581,0.5266,0.2926,0.0844,0.6568,0.6335,0.4279,0.3315,0.234,0.2082,176.8684,164.2853,29.3329,0.9877
122.767,3683,in_bed,0.692,0.9699,0.0207,2.5724,0.9492,0.369,0.9544,0.8581,0.5259,0.291,0.0844,0.6563,0.633,0.4286,0.3322,0.2349,0.2066,176.6819,164.4118,29.2759,0.9861
122.8,3684,in_bed,0.6929,0.97,0.0208,2.5724,0.9492,0.369,0.9546,0.8585,0.5273,0.2907,0.0843,0.6563,0.6347,0.4273,0.3313,0.2365,0.2064,176.7379,164.3611,29.3128,0.9886
122.833,3685,in_bed,0.693,0.9702,0.0206,2.5731,0.9496,0.3691,0.9547,0.8589,0.5272,0.2898,0.0843,0.6563,0.6358,0.4275,0.3317,0.2374,0.2055,176.5077,164.3429,29.3989,0.9912
122.867,3686,in_bed,0.6932,0.9699,0.0201,2.5726,0.9498,0.3692,0.9544,0.8591,0.5274,0.29,0.0844,0.6566,0.6365,0.4269,0.3317,0.2374,0.2057,176.4269,164.2957,29.4447,0.9927
122.9,3687,in_bed,0.6933,0.9698,0.0202,2.5723,0.9497,0.3692,0.9542,0.8593,0.5272,0.2895,0.0844,0.6567,0.6364,0.4269,0.3321,0.2378,0.2051,176.244,164.2678,29.5037,0.9926
122.933,3688,in_bed,0.6936,0.9699,0.0205,2.5719,0.9494,0.3692,0.9541,0.8596,0.5276,0.2897,0.0844,0.6569,0.6373,0.4265,0.332,0.2378,0.2053,176.469,164.3944,29.5592,0.9903
122.967,3689,in_bed,0.6936,0.9701,0.0205,2.5729,0.9496,0.3691,0.9543,0.8598,0.5273,0.2894,0.0844,0.6568,0.638,0.4269,0.3324,0.2379,0.205,176.4797,164.408,29.5649,0.9949
123.0,3690,in_bed,0.6935,0.9701,0.0201,2.5733,0.95,0.3692,0.9541,0.8597,0.5273,0.2888,0.0844,0.6568,0.638,0.4268,0.3324,0.2386,0.2044,176.2643,164.3722,29.5155,0.9929
123.033,3691,in_bed,0.6936,0.97,0.0202,2.5728,0.9498,0.3692,0.954,0.8597,0.5275,0.2897,0.0844,0.6566,0.6379,0.4265,0.3322,0.2378,0.2052,176.2292,164.3831,29.5126,0.9919
123.067,3692,in_bed,0.6933,0.9694,0.0201,2.5713,0.9493,0.3692,0.9533,0.8592,0.5275,0.2907,0.0844,0.6562,0.638,0.4259,0.3317,0.2368,0.2063,176.5286,164.4629,29.4945,0.9924
123.1,3693,in_bed,0.6939,0.9692,0.0197,2.5715,0.9495,0.3692,0.9532,0.8593,0.5284,0.2909,0.0843,0.6566,0.6398,0.4249,0.331,0.2374,0.2066,176.5763,164.4609,29.4608,0.9928
123.133,3694,in_bed,0.694,0.9693,0.0203,2.5701,0.949,0.3692,0.9533,0.8597,0.5283,0.2902,0.0844,0.6569,0.6414,0.425,0.3314,0.2382,0.2058,176.3971,164.5235,29.4557,0.9903
123.167,3695,in_bed,0.6937,0.969,0.0204,2.5688,0.9486,0.3693,0.9531,0.8595,0.5278,0.2906,0.0844,0.6571,0.6424,0.4253,0.3317,0.2372,0.2062,176.3451,164.4679,29.5621,0.9887
123.2,3696,in_bed,0.6943,0.9695,0.0201,2.5702,0.9493,0.3694,0.9538,0.8603,0.5283,0.2898,0.0844,0.6571,0.6432,0.4254,0.332,0.2385,0.2055,176.1841,164.4199,29.6113,0.9886
123.233,3697,in_bed,0.6946,0.9701,0.0199,2.5723,0.9502,0.3694,0.9543,0.8612,0.5281,0.2887,0.0844,0.6578,0.6429,0.4263,0.3331,0.2393,0.2043,175.713,164.5253,29.5901,0.9852
123.267,3698,in_bed,0.6944,0.9704,0.0202,2.5729,0.9503,0.3693,0.9549,0.8618,0.527,0.2884,0.0845,0.6576,0.643,0.4278,0.3348,0.2386,0.2039,175.5087,164.4426,29.4916,0.9836
123.3,3699,in_bed,0.6944,0.9704,0.0202,2.5728,0.9502,0.3693,0.9548,0.8621,0.5267,0.2881,0.0845,0.6572,0.6432,0.4281,0.3354,0.2386,0.2036,175.3751,164.4257,29.4864,0.9825
123.333,3700,in_bed,0.6954,0.9711,0.0204,2.5749,0.9507,0.3692,0.9557,0.8628,0.528,0.2881,0.0844,0.6573,0.6431,0.4277,0.3348,0.2399,0.2037,175.1768,164.3877,29.4586,0.9804
123.367,3701,in_bed,0.6963,0.9722,0.0204,2.5783,0.9517,0.3691,0.9568,0.8638,0.5289,0.2874,0.0845,0.6581,0.6438,0.4279,0.3349,0.2414,0.2029,175.0128,164.4341,29.4733,0.9798
123.4,3702,in_bed,0.6966,0.9728,0.0209,2.5799,0.9519,0.369,0.9572,0.864,0.5291,0.2869,0.0846,0.6584,0.6437,0.4281,0.3349,0.2423,0.2023,174.862,164.5005,29.4872,0.9775
123.433,3703,in_bed,0.6972,0.9733,0.0228,2.5783,0.9505,0.3687,0.9578,0.8646,0.5298,0.288,0.0847,0.6587,0.6432,0.4281,0.3348,0.2418,0.2032,174.9671,164.5579,29.5122,0.9712
123.467,3704,in_bed,0.697,0.9733,0.0232,2.5785,0.9501,0.3685,0.9579,0.8642,0.5298,0.2897,0.0848,0.658,0.642,0.4281,0.3344,0.2401,0.205,175.324,164.5418,29.4541,0.9728
123.5,3705,in_bed,0.6969,0.9729,0.0232,2.5773,0.9497,0.3685,0.9573,0.8636,0.5302,0.2919,0.0847,0.6578,0.6424,0.4272,0.3335,0.2383,0.2071,175.6726,164.547,29.4545,0.9763
123.533,3706,in_bed,0.6974,0.9729,0.0241,2.576,0.9488,0.3683,0.9575,0.8635,0.5313,0.2943,0.0848,0.658,0.6428,0.4262,0.3322,0.237,0.2094,176.0679,164.5802,29.4936,0.978
123.567,3707,in_bed,0.6969,0.9726,0.0243,2.5747,0.9483,0.3683,0.9573,0.8631,0.5308,0.2964,0.0848,0.6578,0.6432,0.4266,0.3323,0.2344,0.2116,176.4251,164.6137,29.4981,0.98
123.6,3708,in_bed,0.6973,0.9726,0.0239,2.5754,0.9487,0.3684,0.9574,0.8631,0.5316,0.2946,0.0848,0.6574,0.643,0.4258,0.3315,0.2369,0.2098,176.0279,164.484,29.5622,0.9821
123.633,3709,in_bed,0.6976,0.9733,0.0236,2.5781,0.9496,0.3683,0.9579,0.8633,0.5319,0.2936,0.0848,0.6575,0.6434,0.426,0.3314,0.2383,0.2088,175.974,164.4682,29.5591,0.9842
123.667,3710,in_bed,0.6974,0.9734,0.0232,2.5793,0.9502,0.3684,0.9582,0.8632,0.5315,0.2931,0.0848,0.6576,0.6443,0.4266,0.3317,0.2384,0.2083,175.7925,164.3298,29.6155,0.9848
123.7,3711,in_bed,0.697,0.9735,0.0232,2.5789,0.9502,0.3685,0.9582,0.8635,0.5305,0.2905,0.0848,0.6582,0.6468,0.4277,0.333,0.2399,0.2058,175.4525,164.3077,29.6556,0.984
123.733,3712,in_bed,0.6975,0.9735,0.0222,2.5805,0.9513,0.3687,0.9583,0.8636,0.5313,0.2917,0.0846,0.6588,0.6474,0.427,0.3324,0.2396,0.2071,175.8615,164.3693,29.648,0.9835
123.767,3713,in_bed,0.6971,0.973,0.0218,2.5795,0.9512,0.3687,0.958,0.8632,0.5309,0.2917,0.0845,0.6583,0.6472,0.4271,0.3323,0.2392,0.2072,175.8356,164.2668,29.6866,0.9855
123.8,3714,in_bed,0.697,0.9725,0.0216,2.5782,0.9509,0.3688,0.9574,0.8629,0.5311,0.2926,0.0845,0.6578,0.6474,0.4263,0.3318,0.2385,0.2081,175.9359,164.2482,29.6715,0.9849
123.833,3715,in_bed,0.696,0.9723,0.0218,2.5776,0.9505,0.3687,0.9571,0.8622,0.5299,0.2917,0.0844,0.6577,0.646,0.4272,0.3323,0.2382,0.2073,175.8574,164.1535,29.6801,0.9881
123.867,3716,in_bed,0.6961,0.9724,0.0222,2.5774,0.9502,0.3687,0.9573,0.8625,0.5297,0.2908,0.0845,0.6577,0.6447,0.4275,0.3327,0.2389,0.2063,175.6071,164.1434,29.6833,0.9871
123.9,3717,in_bed,0.6954,0.9725,0.0223,2.5774,0.9502,0.3687,0.9572,0.8621,0.5287,0.2898,0.0846,0.6575,0.6443,0.4285,0.3334,0.2388,0.2053,175.42,164.1369,29.727,0.9836
123.933,3718,in_bed,0.6954,0.9724,0.0223,2.5775,0.9502,0.3686,0.9571,0.8618,0.5289,0.2901,0.0846,0.6573,0.644,0.4282,0.3329,0.2389,0.2055,175.5353,164.1702,29.7385,0.9829
123.967,3719,in_bed,0.6953,0.9724,0.0226,2.5771,0.9498,0.3686,0.957,0.8616,0.529,0.2893,0.0846,0.6566,0.6431,0.4281,0.3326,0.2396,0.2048,175.5692,164.1753,29.7296,0.9818
124.0,3720,in_bed,0.6952,0.9719,0.0229,2.5751,0.949,0.3685,0.9564,0.8611,0.5294,0.289,0.0846,0.6556,0.6444,0.427,0.3317,0.2404,0.2044,175.5517,164.1979,29.9006,0.9783
124.033,3721,in_bed,0.6945,0.9712,0.0237,2.5719,0.9475,0.3684,0.9557,0.8604,0.5285,0.2887,0.0847,0.6547,0.644,0.4272,0.3319,0.2399,0.204,175.6617,164.2719,29.9611,0.9778
124.067,3722,in_bed,0.6939,0.9711,0.0241,2.5707,0.9469,0.3684,0.9554,0.8603,0.5276,0.2872,0.0847,0.6546,0.643,0.4278,0.3327,0.2404,0.2025,175.5758,164.2651,29.9319,0.9784
124.1,3723,in_bed,0.6937,0.9712,0.0247,2.5698,0.9465,0.3683,0.9555,0.8603,0.5272,0.2871,0.0848,0.6546,0.6427,0.4283,0.3331,0.2401,0.2023,175.5498,164.3169,29.9846,0.981
124.133,3724,in_bed,0.6937,0.9707,0.025,2.5681,0.9458,0.3683,0.9551,0.8599,0.5275,0.2885,0.0847,0.6538,0.642,0.4276,0.3324,0.2391,0.2037,175.8825,164.3302,30.1069,0.9801
124.167,3725,in_bed,0.6937,0.9705,0.0255,2.5665,0.9451,0.3682,0.9547,0.8599,0.5275,0.2895,0.0848,0.6536,0.6411,0.4272,0.3324,0.238,0.2047,176.0852,164.3922,30.1544,0.9818
124.2,3726,in_bed,0.6936,0.9705,0.0255,2.5663,0.945,0.3682,0.9546,0.8599,0.5273,0.2876,0.0848,0.6535,0.6396,0.4273,0.3326,0.2397,0.2028,175.6716,164.3652,30.1249,0.9812
124.233,3727,in_bed,0.6938,0.9707,0.0251,2.568,0.9456,0.3682,0.955,0.8603,0.5274,0.2875,0.0847,0.6531,0.6396,0.4276,0.3329,0.2398,0.2028,175.6103,164.3376,30.0913,0.9858
124.267,3728,in_bed,0.694,0.9708,0.0244,2.5697,0.9464,0.3683,0.9551,0.8602,0.5279,0.288,0.0846,0.6529,0.6394,0.4272,0.3323,0.2399,0.2033,175.6368,164.2756,30.0635,0.9881
124.3,3729,in_bed,0.6949,0.9711,0.0242,2.5704,0.9468,0.3684,0.9553,0.8606,0.5292,0.2885,0.0847,0.6537,0.6404,0.4261,0.3314,0.2407,0.2038,175.628,164.3441,30.0987,0.9889
124.333,3730,in_bed,0.696,0.9712,0.0244,2.5702,0.9469,0.3684,0.9555,0.8609,0.531,0.2897,0.0847,0.6544,0.6419,0.4245,0.3299,0.2413,0.2051,175.7411,164.3294,30.1494,0.9895
124.367,3731,in_bed,0.6963,0.9714,0.024,2.5713,0.9474,0.3685,0.9556,0.861,0.5315,0.29,0.0846,0.6549,0.6425,0.4241,0.3296,0.2414,0.2054,175.8399,164.3045,30.1497,0.9899
124.4,3732,in_bed,0.6974,0.9719,0.023,2.5751,0.9489,0.3685,0.9561,0.8612,0.5336,0.2918,0.0845,0.6551,0.6424,0.4225,0.3276,0.2418,0.2072,176.0842,164.3648,30.0671,0.9925
124.433,3733,in_bed,0.6973,0.9715,0.023,2.5736,0.9485,0.3685,0.9559,0.8612,0.5333,0.2905,0.0846,0.6547,0.6412,0.4225,0.3279,0.2428,0.206,175.8689,164.4072,30.0511,0.9871
124.467,3734,in_bed,0.6969,0.9717,0.0242,2.5719,0.9475,0.3684,0.956,0.8614,0.5325,0.29,0.0847,0.655,0.6411,0.4235,0.3289,0.2425,0.2054,175.7281,164.3813,30.0239,0.9819
124.5,3735,in_bed,0.6972,0.9721,0.0248,2.5721,0.9473,0.3683,0.9564,0.8616,0.5329,0.2903,0.0847,0.6548,0.6407,0.4235,0.3287,0.2426,0.2056,175.7749,164.4981,29.962,0.9827
124.533,3736,in_bed,0.697,0.9729,0.0254,2.574,0.9475,0.3681,0.9573,0.8621,0.5319,0.2871,0.0848,0.6556,0.6412,0.4255,0.3302,0.2448,0.2023,175.24,164.4685,29.9073,0.981
124.567,3737,in_bed,0.6965,0.9724,0.0256,2.5719,0.9468,0.3681,0.9568,0.8617,0.5313,0.2874,0.0847,0.655,0.6394,0.4256,0.3304,0.2439,0.2026,175.5171,164.3759,29.8987,0.9827
124.6,3738,in_bed,0.6961,0.9726,0.0254,2.5731,0.9472,0.3681,0.957,0.8617,0.5305,0.2869,0.0847,0.6548,0.6392,0.4265,0.3313,0.2436,0.2022,175.5785,164.326,29.8298,0.9859
124.633,3739,in_bed,0.6959,0.9724,0.0256,2.5722,0.9468,0.3681,0.9568,0.8614,0.5303,0.2862,0.0846,0.6546,0.6394,0.4265,0.3312,0.2441,0.2015,175.3588,164.3683,29.8085,0.9855
124.667,3740,in_bed,0.6956,0.972,0.0249,2.5725,0.9471,0.3682,0.9563,0.8613,0.5299,0.2854,0.0845,0.6545,0.6399,0.4264,0.3314,0.2444,0.2009,175.332,164.268,29.7459,0.9887
124.7,3741,in_bed,0.6947,0.9716,0.0239,2.5734,0.9477,0.3683,0.9558,0.8608,0.5285,0.2855,0.0844,0.654,0.6386,0.4273,0.3323,0.243,0.2011,175.3472,164.2256,29.7205,0.9916
124.733,3742,in_bed,0.6946,0.9717,0.0239,2.574,0.9478,0.3682,0.956,0.8608,0.5284,0.2854,0.0844,0.6542,0.6384,0.4276,0.3325,0.243,0.201,175.2467,164.1758,29.7442,0.9927
124.767,3743,in_bed,0.6945,0.9717,0.0235,2.5749,0.9482,0.3683,0.956,0.8606,0.5284,0.2863,0.0843,0.6543,0.6373,0.4276,0.3321,0.2421,0.202,175.4858,164.2104,29.752,0.9944
124.8,3744,in_bed,0.6949,0.9717,0.0222,2.5771,0.9495,0.3684,0.9559,0.8607,0.5292,0.2883,0.0842,0.6544,0.6363,0.4267,0.3315,0.2409,0.2041,175.7846,164.1157,29.7819,0.9981
124.833,3745,in_bed,0.6951,0.9718,0.0217,2.5781,0.9501,0.3685,0.9562,0.8609,0.5293,0.29,0.0842,0.6553,0.6366,0.4269,0.3316,0.2393,0.2059,176.1472,164.1434,29.8206,1.0003
124.867,3746,in_bed,0.6954,0.972,0.0212,2.5795,0.9507,0.3686,0.9564,0.8611,0.5297,0.2919,0.0841,0.6556,0.6361,0.4267,0.3314,0.2378,0.2078,176.6499,164.2471,29.7636,1.0042
124.9,3747,in_bed,0.6955,0.9725,0.0217,2.58,0.9508,0.3685,0.9571,0.8617,0.5294,0.2916,0.0842,0.6561,0.6366,0.4277,0.3323,0.2378,0.2074,176.5991,164.2773,29.7198,1.0026
124.933,3748,in_bed,0.6952,0.9725,0.0221,2.5793,0.9505,0.3685,0.9573,0.8616,0.5288,0.2913,0.0842,0.6559,0.6364,0.4284,0.3328,0.2376,0.2071,176.5116,164.227,29.7236,1.0009
124.967,3749,in_bed,0.6964,0.9729,0.0227,2.5786,0.9502,0.3685,0.9578,0.8624,0.5303,0.2928,0.0843,0.657,0.637,0.4274,0.3321,0.2376,0.2085,176.7158,164.149,29.6716,0.9994
125.0,3750,in_bed,0.6961,0.9729,0.0228,2.5784,0.9501,0.3685,0.9578,0.8624,0.5299,0.292,0.0843,0.6572,0.6366,0.428,0.3325,0.2379,0.2077,176.7439,164.126,29.6358,0.9987
125.033,3751,in_bed,0.6962,0.9724,0.0222,2.5773,0.9502,0.3687,0.9574,0.8621,0.5303,0.2928,0.0843,0.6572,0.6366,0.427,0.3318,0.2376,0.2085,176.9428,164.1564,29.6399,0.9993
125.067,3752,in_bed,0.6966,0.972,0.0221,2.5756,0.95,0.3688,0.9571,0.862,0.5312,0.293,0.0843,0.6571,0.6364,0.4259,0.3308,0.2382,0.2087,176.8859,164.2405,29.7156,0.9987
125.1,3753,in_bed,0.6969,0.9722,0.0219,2.5759,0.9503,0.3689,0.9573,0.8623,0.5316,0.2925,0.0843,0.6575,0.6362,0.4258,0.3307,0.2391,0.2082,176.7678,164.2028,29.6999,0.9981
125.133,3754,in_bed,0.6973,0.9725,0.0218,2.5772,0.9507,0.3689,0.9577,0.8628,0.5318,0.2923,0.0844,0.6578,0.636,0.426,0.331,0.2394,0.2079,176.4944,164.1478,29.6122,0.9939
125.167,3755,in_bed,0.6983,0.9731,0.0217,2.5785,0.9514,0.369,0.9583,0.8636,0.5329,0.2931,0.0844,0.6586,0.6371,0.4254,0.3307,0.2398,0.2087,176.4444,164.1706,29.5497,0.9882
125.2,3756,in_bed,0.6987,0.9729,0.021,2.5798,0.9519,0.369,0.9581,0.8631,0.5344,0.2958,0.0843,0.6582,0.6372,0.4238,0.3287,0.2386,0.2115,176.5727,164.0631,29.5797,0.9883
125.233,3757,in_bed,0.6985,0.9729,0.0215,2.5789,0.9514,0.3689,0.9581,0.863,0.534,0.2973,0.0844,0.6581,0.6365,0.4241,0.329,0.2367,0.2129,176.5286,164.0847,29.6963,0.9863
125.267,3758,in_bed,0.6982,0.9726,0.022,2.5779,0.9506,0.3688,0.9577,0.8626,0.5337,0.2985,0.0844,0.6576,0.637,0.4239,0.3289,0.2353,0.214,176.6667,164.1556,29.7866,0.9863
125.3,3759,in_bed,0.6985,0.9724,0.0225,2.5761,0.9499,0.3687,0.9574,0.8626,0.5344,0.3006,0.0845,0.6576,0.6373,0.423,0.3282,0.2338,0.2162,176.8314,164.1852,29.8627,0.9888
125.333,3760,in_bed,0.6981,0.9719,0.0234,2.5726,0.9485,0.3687,0.957,0.8624,0.5339,0.2994,0.0846,0.6572,0.6367,0.4231,0.3285,0.2345,0.2148,176.443,164.1673,29.8602,0.9832
125.367,3761,in_bed,0.6974,0.9712,0.0235,2.5695,0.9476,0.3688,0.9561,0.8618,0.533,0.2976,0.0846,0.6571,0.6363,0.4232,0.3288,0.2354,0.213,176.1196,164.0929,29.895,0.9844
125.4,3762,in_bed,0.6972,0.9708,0.0237,2.5675,0.9471,0.3689,0.9555,0.8617,0.5328,0.2971,0.0846,0.6569,0.6357,0.4227,0.3289,0.2357,0.2125,175.9888,164.0985,29.8564,0.9835
125.433,3763,in_bed,0.6972,0.9707,0.0242,2.5655,0.9465,0.3689,0.9552,0.8616,0.5328,0.2985,0.0847,0.6572,0.6374,0.4225,0.3288,0.2343,0.2138,176.317,164.0962,29.8215,0.9835
125.467,3764,in_bed,0.6966,0.9705,0.0245,2.5643,0.9461,0.3689,0.955,0.8612,0.5319,0.297,0.0847,0.6571,0.6379,0.4231,0.3293,0.2349,0.2122,176.2133,164.0775,29.8326,0.9812
125.5,3765,in_bed,0.6961,0.9703,0.0243,2.5643,0.9461,0.3689,0.9546,0.861,0.5311,0.2955,0.0847,0.6571,0.6385,0.4235,0.3299,0.2356,0.2108,176.2201,164.1206,29.7483,0.9803
125.533,3766,in_bed,0.6953,0.9702,0.0245,2.5637,0.9457,0.3689,0.9544,0.8605,0.5302,0.2931,0.0847,0.6568,0.6396,0.4242,0.3303,0.2371,0.2084,175.8665,164.1641,29.7967,0.9766
125.567,3767,in_bed,0.6951,0.9699,0.024,2.5637,0.9458,0.3689,0.954,0.8601,0.5301,0.2926,0.0846,0.6565,0.6392,0.4238,0.3299,0.2376,0.2079,176.0354,164.2225,29.8305,0.9798
125.6,3768,in_bed,0.6954,0.97,0.0244,2.5635,0.9456,0.3689,0.9541,0.8603,0.5305,0.2945,0.0847,0.6572,0.6392,0.4236,0.3298,0.236,0.2098,176.239,164.2615,29.7374,0.9753
125.633,3769,in_bed,0.6963,0.9706,0.0242,2.5653,0.9463,0.3689,0.9546,0.861,0.5315,0.2958,0.0846,0.6581,0.6393,0.4231,0.3295,0.2358,0.2111,176.4548,164.2281,29.6977,0.9746
125.667,3770,in_bed,0.696,0.9704,0.0237,2.5655,0.9467,0.369,0.9541,0.8609,0.5311,0.2963,0.0846,0.6581,0.639,0.423,0.3298,0.2348,0.2117,176.6217,164.2626,29.6957,0.9779
125.7,3771,in_bed,0.6954,0.97,0.0236,2.5641,0.9464,0.3691,0.9536,0.8602,0.5305,0.2959,0.0846,0.6577,0.6395,0.4231,0.3297,0.2346,0.2113,176.5462,164.31,29.7981,0.9794
125.733,3772,in_bed,0.695,0.9695,0.0242,2.5614,0.9454,0.3691,0.9531,0.8599,0.5301,0.2961,0.0846,0.6577,0.6398,0.423,0.3298,0.234,0.2115,176.4676,164.3605,29.8912,0.9808
125.767,3773,in_bed,0.6952,0.9693,0.0244,2.56,0.9449,0.3691,0.9529,0.86,0.5305,0.2952,0.0845,0.6574,0.6396,0.4224,0.3294,0.2353,0.2107,176.3292,164.3669,29.8972,0.9809
125.8,3774,in_bed,0.6954,0.9694,0.0241,2.561,0.9453,0.3691,0.9528,0.8599,0.5309,0.2948,0.0845,0.6574,0.6399,0.4219,0.329,0.2361,0.2103,176.1393,164.3158,29.9322,0.9787
125.833,3775,in_bed,0.6954,0.969,0.023,2.5615,0.946,0.3693,0.9524,0.8596,0.5311,0.2954,0.0844,0.6574,0.6396,0.4213,0.3285,0.2357,0.211,176.2766,164.2187,29.9745,0.9834
125.867,3776,in_bed,0.6955,0.9687,0.0233,2.5596,0.9453,0.3693,0.9521,0.86,0.5309,0.295,0.0844,0.657,0.6402,0.4212,0.3291,0.2359,0.2106,176.2357,164.2832,30.0006,0.9813
125.9,3777,in_bed,0.6958,0.9684,0.0231,2.5591,0.9452,0.3694,0.9518,0.8599,0.5318,0.2968,0.0844,0.6566,0.6399,0.4201,0.3281,0.2349,0.2124,176.7422,164.3641,29.9293,0.9836
125.933,3778,in_bed,0.6958,0.9683,0.0225,2.5599,0.9458,0.3695,0.9517,0.8596,0.532,0.296,0.0843,0.6559,0.639,0.4197,0.3276,0.236,0.2117,176.7875,164.3621,29.9367,0.9864
125.967,3779,in_bed,0.6956,0.9683,0.0219,2.5611,0.9464,0.3695,0.9516,0.8593,0.5319,0.2967,0.0843,0.656,0.6391,0.4197,0.3274,0.2351,0.2125,177.0188,164.3076,29.9451,0.9905
126.0,3780,in_bed,0.695,0.9685,0.0212,2.5634,0.9473,0.3696,0.9518,0.8591,0.5309,0.2964,0.0843,0.656,0.6382,0.4209,0.3283,0.2345,0.2121,176.9079,164.2358,30.0246,0.9846
126.033,3781,in_bed,0.6941,0.9681,0.0204,2.5637,0.9476,0.3696,0.9511,0.8585,0.5298,0.2956,0.0842,0.6551,0.6363,0.4213,0.3287,0.2342,0.2114,176.8734,164.0949,30.0244,0.985
126.067,3782,in_bed,0.6948,0.9684,0.0195,2.566,0.9489,0.3698,0.9516,0.859,0.5306,0.2952,0.0842,0.656,0.6358,0.421,0.3284,0.2354,0.2111,176.8655,164.0478,29.9155,0.9837
126.1,3783,in_bed,0.6953,0.9692,0.0195,2.5687,0.9497,0.3697,0.9524,0.8597,0.5309,0.2936,0.0842,0.6564,0.6368,0.4215,0.3289,0.2373,0.2094,176.5796,164.0939,29.839,0.9848
126.133,3784,in_bed,0.6963,0.9695,0.0202,2.5681,0.9493,0.3697,0.9532,0.8606,0.532,0.2942,0.0842,0.657,0.6377,0.4212,0.3286,0.2377,0.21,176.4702,164.1222,29.7743,0.9839
126.167,3785,in_bed,0.6972,0.9701,0.0212,2.5684,0.9489,0.3694,0.9539,0.8614,0.5329,0.295,0.0844,0.6571,0.6385,0.421,0.3285,0.2379,0.2107,176.3268,164.2234,29.7685,0.9798
126.2,3786,in_bed,0.6971,0.9705,0.0222,2.5683,0.9484,0.3693,0.9543,0.8618,0.5325,0.2927,0.0844,0.6573,0.6393,0.4219,0.3293,0.2397,0.2083,175.8075,164.2821,29.7555,0.9772
126.233,3787,in_bed,0.6976,0.9711,0.0226,2.5699,0.9486,0.3691,0.9552,0.8622,0.533,0.2922,0.0845,0.6576,0.6404,0.4222,0.3292,0.2408,0.2077,175.6156,164.2593,29.7493,0.9768
126.267,3788,in_bed,0.6981,0.9716,0.0228,2.5711,0.9488,0.369,0.9558,0.8629,0.5334,0.2921,0.0846,0.658,0.6417,0.4224,0.3295,0.2413,0.2075,175.5466,164.2698,29.7507,0.9746
126.3,3789,in_bed,0.6982,0.9722,0.023,2.5729,0.9492,0.3689,0.9563,0.8632,0.5333,0.2921,0.0847,0.6584,0.6409,0.423,0.33,0.2411,0.2075,175.5063,164.2238,29.7817,0.9768
126.333,3790,in_bed,0.6981,0.9721,0.0231,2.5729,0.949,0.3688,0.9563,0.8632,0.533,0.2917,0.0847,0.6579,0.6404,0.4233,0.3302,0.2413,0.207,175.3492,164.1856,29.7221,0.9788
126.367,3791,in_bed,0.6983,0.9722,0.0234,2.5728,0.9488,0.3688,0.9564,0.8633,0.5332,0.2921,0.0847,0.658,0.6411,0.4232,0.33,0.2412,0.2074,175.259,164.1662,29.7537,0.9789
126.4,3792,in_bed,0.699,0.9722,0.0226,2.5744,0.9496,0.3689,0.9564,0.8631,0.5349,0.2942,0.0846,0.6583,0.6407,0.4214,0.3282,0.2408,0.2095,175.8845,164.2911,29.6879,0.9821
126.433,3793,in_bed,0.6988,0.9719,0.0225,2.5734,0.9494,0.3689,0.956,0.8628,0.5349,0.2954,0.0847,0.6581,0.6412,0.4211,0.3279,0.2395,0.2107,176.271,164.3802,29.7109,0.9836
126.467,3794,in_bed,0.6988,0.9718,0.0223,2.5731,0.9495,0.369,0.9559,0.8626,0.5349,0.296,0.0847,0.6581,0.6417,0.421,0.3277,0.2389,0.2113,176.4149,164.4188,29.7463,0.9795
126.5,3795,in_bed,0.6986,0.9718,0.0225,2.5726,0.9492,0.369,0.9559,0.8626,0.5346,0.2953,0.0847,0.6576,0.6423,0.4214,0.3281,0.2393,0.2106,176.3635,164.4304,29.7064,0.9786
126.533,3796,in_bed,0.6985,0.9716,0.0228,2.5716,0.9488,0.3689,0.9558,0.8625,0.5345,0.2959,0.0847,0.6568,0.6429,0.4213,0.328,0.2386,0.2112,176.5277,164.5772,29.6831,0.9824
126.567,3797,in_bed,0.699,0.9719,0.0224,2.5731,0.9494,0.369,0.9561,0.8632,0.5348,0.2952,0.0847,0.6562,0.6422,0.4213,0.3284,0.2396,0.2104,176.4519,164.6629,29.6489,0.9826
126.6,3798,in_bed,0.6993,0.9718,0.0221,2.5735,0.9497,0.369,0.9561,0.8635,0.535,0.2962,0.0846,0.656,0.6425,0.4211,0.3285,0.2388,0.2116,176.6842,164.6317,29.6815,0.987
126.633,3799,in_bed,0.6997,0.9721,0.0227,2.5735,0.9494,0.3689,0.9563,0.8638,0.5357,0.2967,0.0847,0.6561,0.6425,0.4207,0.3281,0.2389,0.212,176.7029,164.6945,29.6969,0.9857
126.667,3800,in_bed,0.699,0.9716,0.0227,2.5721,0.9489,0.3689,0.9559,0.8632,0.5348,0.2959,0.0847,0.6559,0.6424,0.4211,0.3284,0.2389,0.2112,176.7084,164.6243,29.7161,0.9868
126.7,3801,in_bed,0.6985,0.9717,0.0231,2.5713,0.9485,0.3689,0.9558,0.8631,0.534,0.2958,0.0847,0.6566,0.6443,0.4219,0.3291,0.2382,0.2111,176.7047,164.6025,29.7138,0.9842
126.733,3802,in_bed,0.6973,0.9714,0.0233,2.5703,0.9481,0.3689,0.9555,0.8626,0.5321,0.2941,0.0847,0.6566,0.6448,0.4233,0.3304,0.238,0.2094,176.5773,164.5367,29.6644,0.9828
126.767,3803,in_bed,0.6966,0.9708,0.0235,2.5679,0.9473,0.3689,0.9548,0.862,0.5312,0.2947,0.0847,0.6566,0.6449,0.4235,0.3308,0.2365,0.2099,176.5835,164.3995,29.7418,0.9819
126.8,3804,in_bed,0.6955,0.9706,0.0233,2.568,0.9472,0.3689,0.9543,0.8612,0.5298,0.2938,0.0847,0.6546,0.6461,0.4245,0.3314,0.236,0.2091,176.4339,164.3981,29.8949,0.9826
126.833,3805,in_bed,0.695,0.9703,0.024,2.566,0.9463,0.3688,0.9539,0.8608,0.5292,0.2929,0.0847,0.6541,0.6464,0.4247,0.3316,0.2363,0.2082,176.094,164.4467,30.0042,0.9811
126.867,3806,in_bed,0.6956,0.9712,0.0247,2.568,0.9466,0.3686,0.9549,0.8613,0.5299,0.2935,0.0848,0.655,0.6474,0.425,0.3314,0.2364,0.2088,176.1301,164.3778,29.9606,0.9813
126.9,3807,in_bed,0.6956,0.9709,0.0245,2.5677,0.9464,0.3686,0.9549,0.8613,0.5298,0.2939,0.0847,0.6546,0.648,0.4251,0.3315,0.2359,0.2093,176.205,164.3312,29.8837,0.984
126.933,3808,in_bed,0.6959,0.9715,0.0253,2.568,0.9461,0.3684,0.9554,0.8619,0.5298,0.2937,0.0847,0.6554,0.6482,0.4256,0.3321,0.2361,0.209,176.1281,164.305,29.8452,0.9831
126.967,3809,in_bed,0.6963,0.9718,0.025,2.5699,0.9468,0.3684,0.9557,0.862,0.5306,0.2948,0.0847,0.6557,0.6475,0.425,0.3314,0.2358,0.2102,176.223,164.2485,29.8548,0.9852
127.0,3810,in_bed,0.6962,0.9711,0.0243,2.5685,0.9468,0.3686,0.9548,0.8613,0.5311,0.2958,0.0846,0.6553,0.6452,0.4237,0.3302,0.2353,0.2113,176.2258,164.2189,29.9614,0.9883
127.033,3811,in_bed,0.6955,0.9705,0.0242,2.567,0.9463,0.3686,0.9543,0.8605,0.5305,0.2947,0.0846,0.6549,0.6433,0.4238,0.33,0.2358,0.2102,176.1018,164.1592,29.9922,0.9887
127.067,3812,in_bed,0.6954,0.9703,0.0243,2.5662,0.946,0.3686,0.954,0.8602,0.5305,0.2937,0.0846,0.6548,0.6424,0.4235,0.3297,0.2369,0.2091,175.9471,164.1691,29.9808,0.9893
127.1,3813,in_bed,0.6956,0.9704,0.0247,2.5659,0.9457,0.3686,0.9542,0.8603,0.531,0.2927,0.0846,0.6545,0.6412,0.4231,0.3293,0.2383,0.2081,175.9914,164.1831,29.9648,0.9889
127.133,3814,in_bed,0.6952,0.9707,0.0245,2.5676,0.9461,0.3685,0.9545,0.8604,0.5301,0.29,0.0846,0.6542,0.6421,0.4245,0.3303,0.2401,0.2054,175.5148,164.1859,29.9597,0.9869
127.167,3815,in_bed,0.6956,0.9705,0.0245,2.5667,0.946,0.3685,0.9546,0.8605,0.5306,0.2896,0.0846,0.6541,0.6432,0.424,0.33,0.241,0.205,175.4932,164.2123,29.9653,0.987
127.2,3816,in_bed,0.696,0.9703,0.024,2.5666,0.9463,0.3687,0.9544,0.861,0.531,0.2911,0.0846,0.6541,0.642,0.4234,0.3299,0.2399,0.2065,175.8876,164.2242,29.823,0.9868
127.233,3817,in_bed,0.6959,0.9707,0.024,2.5676,0.9467,0.3687,0.9547,0.8611,0.5307,0.2904,0.0846,0.6545,0.6416,0.424,0.3303,0.2403,0.2058,175.8875,164.1187,29.8236,0.9857
127.267,3818,in_bed,0.6954,0.9707,0.0239,2.5681,0.9468,0.3687,0.9549,0.861,0.5299,0.2905,0.0846,0.6543,0.641,0.425,0.3311,0.2394,0.2059,175.9148,164.084,29.7915,0.9873
127.3,3819,in_bed,0.6958,0.9711,0.0238,2.5695,0.9473,0.3687,0.9554,0.8615,0.5301,0.2909,0.0846,0.6543,0.6407,0.4252,0.3313,0.2392,0.2064,176.0799,164.0122,29.6622,0.9891
127.333,3820,in_bed,0.6957,0.9706,0.023,2.569,0.9476,0.3689,0.9547,0.8613,0.5302,0.2913,0.0845,0.6542,0.6407,0.4246,0.3311,0.2389,0.2067,176.2342,164.0335,29.7013,0.9896
127.367,3821,in_bed,0.6959,0.9704,0.0226,2.5689,0.9479,0.369,0.9545,0.8611,0.5306,0.2919,0.0845,0.6542,0.6402,0.4239,0.3305,0.2387,0.2074,176.3433,164.102,29.7657,0.9901
127.4,3822,in_bed,0.6954,0.9704,0.023,2.568,0.9474,0.3689,0.9543,0.8607,0.5301,0.2925,0.0845,0.654,0.6394,0.4242,0.3306,0.2376,0.208,176.341,164.1234,29.8324,0.9888
127.433,3823,in_bed,0.695,0.9705,0.0232,2.5679,0.9473,0.3689,0.9543,0.8607,0.5293,0.293,0.0846,0.6541,0.6395,0.4251,0.3315,0.2362,0.2084,176.2726,164.1829,29.8349,0.9867
127.467,3824,in_bed,0.6949,0.9704,0.0232,2.5677,0.9472,0.3689,0.9543,0.8608,0.529,0.2937,0.0846,0.6545,0.6393,0.4253,0.3318,0.2353,0.2091,176.5411,164.2661,29.7819,0.9885
127.5,3825,in_bed,0.6952,0.9706,0.0229,2.5688,0.9477,0.3689,0.9546,0.861,0.5293,0.2945,0.0845,0.6548,0.6397,0.4252,0.3317,0.2349,0.21,176.7513,164.3655,29.7082,0.9909
127.533,3826,in_bed,0.6957,0.9704,0.0233,2.5673,0.9471,0.3689,0.9544,0.8614,0.53,0.2954,0.0845,0.655,0.639,0.4244,0.3314,0.2346,0.2109,176.9856,164.3915,29.6666,0.9909
127.567,3827,in_bed,0.696,0.9706,0.0232,2.568,0.9474,0.3689,0.9547,0.8615,0.5304,0.2963,0.0845,0.6558,0.6384,0.4242,0.3311,0.2341,0.2119,177.3591,164.5054,29.5756,0.992
127.6,3828,in_bed,0.6971,0.9718,0.0239,2.5707,0.9479,0.3687,0.956,0.8626,0.5316,0.2972,0.0845,0.6574,0.6409,0.4244,0.331,0.2343,0.2127,177.1218,164.4807,29.5265,0.9881
127.633,3829,in_bed,0.6972,0.9721,0.0245,2.5707,0.9476,0.3686,0.9564,0.863,0.5314,0.2973,0.0846,0.6583,0.6401,0.425,0.3316,0.2341,0.2127,176.8014,164.5239,29.5129,0.9848
127.667,3830,in_bed,0.6976,0.9717,0.025,2.5682,0.9468,0.3687,0.9561,0.8629,0.5323,0.2976,0.0846,0.6586,0.6397,0.4238,0.3307,0.2347,0.213,176.6451,164.5933,29.5482,0.9815
127.7,3831,in_bed,0.6986,0.9722,0.0249,2.5695,0.9474,0.3687,0.9565,0.8633,0.5338,0.2984,0.0846,0.659,0.6403,0.4228,0.3296,0.2354,0.2138,176.8139,164.5823,29.5424,0.98
127.733,3832,in_bed,0.6985,0.973,0.0253,2.5712,0.9477,0.3686,0.9573,0.8637,0.5334,0.2965,0.0846,0.6589,0.64,0.4239,0.3303,0.2369,0.2119,176.4248,164.5639,29.5559,0.9786
127.767,3833,in_bed,0.6989,0.9732,0.025,2.5727,0.9482,0.3686,0.9577,0.8637,0.534,0.2957,0.0846,0.6589,0.6401,0.4237,0.3298,0.2383,0.2111,176.2067,164.5651,29.582,0.9794
127.8,3834,in_bed,0.6997,0.9738,0.0263,2.5723,0.9475,0.3683,0.9584,0.8644,0.5351,0.2964,0.0847,0.6587,0.6414,0.4233,0.3294,0.2387,0.2117,176.1037,164.5314,29.5856,0.9764
127.833,3835,in_bed,0.7008,0.9743,0.0271,2.5723,0.9471,0.3682,0.9589,0.8651,0.5364,0.2965,0.0847,0.6588,0.6424,0.4225,0.3287,0.2399,0.2118,176.0189,164.5697,29.607,0.9764
127.867,3836,in_bed,0.702,0.9747,0.0267,2.5746,0.948,0.3682,0.9593,0.8657,0.5383,0.2986,0.0846,0.6585,0.6416,0.4211,0.3274,0.2397,0.2139,176.3688,164.5269,29.6322,0.9762
127.9,3837,in_bed,0.7026,0.975,0.0269,2.5754,0.9481,0.3681,0.9596,0.866,0.5392,0.2996,0.0846,0.6591,0.6422,0.4204,0.3268,0.2396,0.215,176.6187,164.5203,29.6875,0.9797
127.933,3838,in_bed,0.7018,0.9748,0.0268,2.575,0.948,0.3682,0.9593,0.8658,0.5378,0.2985,0.0847,0.659,0.6424,0.4215,0.3279,0.2394,0.2138,176.3561,164.4756,29.8,0.9785
127.967,3839,in_bed,0.702,0.9741,0.0263,2.5736,0.9479,0.3683,0.9586,0.8657,0.5383,0.2993,0.0846,0.6587,0.642,0.4203,0.3274,0.239,0.2146,176.2953,164.5326,29.8833,0.9789
128.0,3840,in_bed,0.7022,0.9742,0.0263,2.5733,0.9479,0.3683,0.9588,0.8663,0.5382,0.2982,0.0847,0.6589,0.6426,0.4206,0.3281,0.2399,0.2135,175.9256,164.6063,29.8513,0.975
128.033,3841,in_bed,0.7025,0.975,0.0264,2.5763,0.9486,0.3682,0.9595,0.8668,0.5382,0.2954,0.0847,0.6593,0.643,0.4213,0.3286,0.2428,0.2106,175.3099,164.5601,29.8627,0.9733
128.067,3842,in_bed,0.7029,0.9754,0.0267,2.577,0.9487,0.3682,0.9598,0.8672,0.5387,0.2944,0.0848,0.6596,0.6442,0.4212,0.3285,0.2442,0.2096,175.2689,164.692,29.8996,0.9736
128.1,3843,in_bed,0.7029,0.9759,0.0272,2.5777,0.9487,0.368,0.9604,0.8675,0.5384,0.2949,0.0849,0.6599,0.6462,0.422,0.3291,0.2435,0.21,175.5139,164.6107,29.885,0.9765
128.133,3844,in_bed,0.7031,0.9759,0.0272,2.5776,0.9487,0.368,0.9604,0.8675,0.5386,0.2955,0.0849,0.6599,0.6462,0.4217,0.3289,0.2431,0.2107,175.6479,164.7015,29.7855,0.976
128.167,3845,in_bed,0.7028,0.9762,0.0273,2.5781,0.9488,0.368,0.9606,0.8675,0.5382,0.2944,0.0849,0.6601,0.6465,0.4224,0.3293,0.2438,0.2095,175.5688,164.7662,29.7964,0.9764
128.2,3846,in_bed,0.7023,0.9761,0.027,2.5782,0.9491,0.3681,0.9605,0.8675,0.537,0.293,0.0848,0.6604,0.6477,0.4235,0.3306,0.244,0.2081,175.2763,164.7131,29.7778,0.9754
128.233,3847,in_bed,0.7015,0.9756,0.0265,2.5777,0.9491,0.3682,0.9598,0.8669,0.5361,0.2924,0.0847,0.6597,0.6479,0.4238,0.3308,0.2436,0.2077,175.3512,164.7318,29.8073,0.9789
128.267,3848,in_bed,0.6998,0.9749,0.0257,2.5767,0.9492,0.3684,0.959,0.8661,0.5336,0.2914,0.0846,0.659,0.6482,0.4255,0.3326,0.2422,0.2068,175.4229,164.6691,29.8705,0.9816
128.3,3849,in_bed,0.6993,0.9746,0.0254,2.5767,0.9492,0.3684,0.9588,0.8656,0.5329,0.291,0.0845,0.6586,0.6478,0.4258,0.3327,0.242,0.2064,175.5755,164.6324,29.8839,0.9844
128.333,3850,in_bed,0.6988,0.9742,0.0253,2.576,0.9489,0.3684,0.9583,0.8652,0.5325,0.2888,0.0845,0.6579,0.6485,0.4258,0.3327,0.2437,0.2043,175.4685,164.5724,29.884,0.9848
128.367,3851,in_bed,0.6984,0.9737,0.0249,2.5752,0.9488,0.3685,0.9578,0.8647,0.532,0.2881,0.0844,0.6577,0.6489,0.4257,0.3327,0.2439,0.2037,175.4831,164.4935,29.8472,0.9866
128.4,3852,in_bed,0.6982,0.9739,0.0241,2.5769,0.9498,0.3686,0.9578,0.8649,0.5315,0.287,0.0844,0.6578,0.647,0.4264,0.3335,0.2445,0.2026,174.9337,164.5232,29.9244,0.983
128.433,3853,in_bed,0.6975,0.9734,0.0239,2.5761,0.9494,0.3686,0.9573,0.8642,0.5308,0.2864,0.0844,0.657,0.645,0.4265,0.3335,0.2443,0.202,174.6909,164.6229,29.8581,0.9806
128.467,3854,in_bed,0.6973,0.9732,0.0242,2.5753,0.949,0.3685,0.9571,0.8638,0.5308,0.2872,0.0844,0.6568,0.6441,0.4263,0.333,0.2436,0.2028,174.8047,164.6573,29.8296,0.9776
128.5,3855,in_bed,0.6975,0.9731,0.0245,2.574,0.9486,0.3685,0.957,0.8637,0.5313,0.2904,0.0845,0.6574,0.6432,0.4257,0.3324,0.2409,0.2059,175.2327,164.7304,29.819,0.9743
128.533,3856,in_bed,0.697,0.9733,0.0251,2.5736,0.9481,0.3684,0.9571,0.8638,0.5301,0.29,0.0846,0.657,0.6415,0.427,0.3337,0.2401,0.2054,175.0025,164.8194,29.8483,0.9745
128.567,3857,in_bed,0.6968,0.9728,0.0253,2.5717,0.9475,0.3684,0.9566,0.8635,0.5301,0.2903,0.0846,0.6566,0.6403,0.4266,0.3334,0.2397,0.2057,175.0078,164.8246,29.8892,0.9747
128.6,3858,in_bed,0.6962,0.9727,0.025,2.5721,0.9476,0.3684,0.9566,0.8632,0.5293,0.2896,0.0846,0.6564,0.6394,0.4273,0.3339,0.2397,0.2051,174.9205,164.7332,29.9647,0.977
128.633,3859,in_bed,0.696,0.9727,0.0249,2.5725,0.9478,0.3684,0.9566,0.8633,0.5287,0.2887,0.0846,0.6564,0.6391,0.4279,0.3345,0.24,0.2042,174.8626,164.7341,29.9548,0.9744
128.667,3860,in_bed,0.6962,0.973,0.025,2.5732,0.948,0.3684,0.9569,0.8637,0.5286,0.2877,0.0846,0.6567,0.6404,0.4283,0.3351,0.2409,0.2032,175.0034,164.7085,29.9052,0.9758
128.7,3861,in_bed,0.6965,0.973,0.0244,2.5744,0.9486,0.3685,0.9569,0.8638,0.5293,0.2883,0.0845,0.6569,0.6412,0.4276,0.3346,0.2409,0.2038,175.3234,164.7266,29.8984,0.9752
128.733,3862,in_bed,0.6968,0.9729,0.0239,2.575,0.949,0.3685,0.9566,0.8638,0.5299,0.2872,0.0844,0.6569,0.6412,0.4268,0.3339,0.2427,0.2027,175.205,164.7336,29.8997,0.98
128.767,3863,in_bed,0.6967,0.9724,0.0237,2.5734,0.9486,0.3686,0.9562,0.8633,0.5301,0.2876,0.0845,0.6569,0.6405,0.426,0.3332,0.2425,0.2031,175.2011,164.751,29.9099,0.9766
128.8,3864,in_bed,0.6994,0.9739,0.0249,2.5758,0.949,0.3684,0.9578,0.8652,0.5336,0.2913,0.0846,0.6584,0.6434,0.4242,0.3316,0.2424,0.2066,175.5254,164.6796,29.7937,0.9781
128.833,3865,in_bed,0.7001,0.9735,0.0251,2.5737,0.9484,0.3685,0.9574,0.8654,0.5349,0.2928,0.0847,0.6584,0.6445,0.4225,0.3305,0.242,0.2082,175.5363,164.6018,29.7449,0.9782
128.867,3866,in_bed,0.7008,0.9729,0.0248,2.572,0.948,0.3686,0.9568,0.8652,0.5364,0.2939,0.0847,0.6582,0.6446,0.4204,0.3288,0.2425,0.2092,175.6468,164.6405,29.8208,0.9734
128.9,3867,in_bed,0.7007,0.9727,0.0246,2.572,0.9481,0.3686,0.9569,0.8653,0.5361,0.2931,0.0846,0.6579,0.6438,0.4208,0.3292,0.243,0.2085,175.6914,164.5968,29.8517,0.9722
128.933,3868,in_bed,0.6999,0.9726,0.0253,2.5701,0.9473,0.3686,0.9565,0.8651,0.5347,0.291,0.0847,0.6575,0.6435,0.4218,0.3304,0.2438,0.2063,175.317,164.6489,29.8744,0.9684
128.967,3869,in_bed,0.6995,0.972,0.0249,2.5691,0.9471,0.3687,0.9559,0.8647,0.5342,0.291,0.0846,0.6575,0.6421,0.4217,0.3305,0.2432,0.2063,175.4292,164.6431,29.9145,0.9723
129.0,3870,in_bed,0.6995,0.9721,0.025,2.5691,0.9471,0.3686,0.9559,0.8648,0.5342,0.2921,0.0846,0.6579,0.6432,0.4218,0.3307,0.242,0.2075,175.6836,164.6701,29.895,0.9742
129.033,3871,in_bed,0.6988,0.9717,0.025,2.5679,0.9467,0.3687,0.9555,0.8644,0.5332,0.2914,0.0846,0.6575,0.6444,0.4223,0.3312,0.2418,0.2068,175.4149,164.7209,29.8985,0.9758
129.067,3872,in_bed,0.6985,0.972,0.0251,2.5687,0.9469,0.3686,0.9558,0.8644,0.5327,0.292,0.0846,0.6575,0.6452,0.4231,0.3317,0.2407,0.2073,175.3968,164.6927,29.8896,0.9811
129.1,3873,in_bed,0.6979,0.9724,0.025,2.5706,0.9474,0.3686,0.9561,0.8643,0.5314,0.291,0.0846,0.6575,0.6461,0.4247,0.3329,0.2404,0.2064,175.1738,164.7127,29.8523,0.9807
129.133,3874,in_bed,0.6975,0.972,0.0241,2.5711,0.9479,0.3687,0.9557,0.8638,0.5312,0.2912,0.0846,0.6573,0.6456,0.4245,0.3326,0.24,0.2066,175.1967,164.6511,29.878,0.9819
129.167,3875,in_bed,0.6975,0.972,0.0239,2.5718,0.9481,0.3687,0.9556,0.8636,0.5315,0.2911,0.0845,0.6569,0.6432,0.4241,0.3321,0.2405,0.2065,175.2354,164.6642,29.9239,0.9827
129.2,3876,in_bed,0.698,0.9726,0.0231,2.575,0.9495,0.3687,0.956,0.8638,0.5321,0.2889,0.0844,0.6564,0.643,0.4238,0.3317,0.2432,0.2045,174.8652,164.5204,29.9575,0.9857
129.233,3877,in_bed,0.6986,0.9724,0.0218,2.5766,0.9506,0.3689,0.956,0.8641,0.5331,0.29,0.0843,0.6566,0.643,0.4229,0.331,0.2431,0.2057,174.8844,164.4955,29.9258,0.989
129.267,3878,in_bed,0.699,0.9722,0.021,2.5773,0.9512,0.3691,0.9561,0.8644,0.5337,0.2899,0.0842,0.6565,0.6407,0.4224,0.3307,0.2439,0.2056,174.7976,164.5317,29.8971,0.9905
129.3,3879,in_bed,0.6993,0.972,0.0206,2.5771,0.9514,0.3692,0.9558,0.8644,0.5342,0.2898,0.0842,0.656,0.6402,0.4216,0.3302,0.2444,0.2056,174.7139,164.5902,29.8803,0.9907
129.333,3880,in_bed,0.698,0.9711,0.0195,2.5766,0.9516,0.3693,0.9547,0.8633,0.5326,0.2896,0.0841,0.6554,0.6398,0.4221,0.3307,0.243,0.2055,174.863,164.5895,29.8061,0.9929
129.367,3881,in_bed,0.6976,0.9704,0.0195,2.5738,0.9508,0.3694,0.9538,0.8631,0.5322,0.2882,0.0841,0.655,0.6408,0.4216,0.3308,0.244,0.2041,174.689,164.6301,29.734,0.9892
129.4,3882,in_bed,0.6968,0.9694,0.0189,2.5712,0.9505,0.3697,0.9527,0.8621,0.5314,0.2865,0.084,0.6546,0.6428,0.4213,0.3307,0.2449,0.2025,174.4975,164.5672,29.7493,0.9897
129.433,3883,in_bed,0.6964,0.968,0.0191,2.5653,0.9489,0.3699,0.9513,0.8615,0.5313,0.2862,0.0839,0.6543,0.6437,0.4201,0.3302,0.2451,0.2023,174.7153,164.5864,29.7892,0.9908
129.467,3884,in_bed,0.6958,0.9662,0.0182,2.5593,0.948,0.3704,0.9495,0.8604,0.5312,0.2852,0.0838,0.654,0.6434,0.4183,0.3292,0.2461,0.2013,174.5285,164.6356,29.8365,0.9907
129.5,3885,in_bed,0.695,0.9646,0.0184,2.5527,0.9462,0.3707,0.9479,0.8592,0.5307,0.2838,0.0838,0.6541,0.6431,0.4171,0.3285,0.2469,0.1999,174.3567,164.7803,29.8518,0.9858
129.533,3886,in_bed,0.6938,0.9635,0.0184,2.5472,0.945,0.371,0.9465,0.8584,0.5291,0.2809,0.0838,0.6543,0.6464,0.4174,0.3293,0.2482,0.1971,174.1082,164.7248,29.8714,0.982
129.567,3887,in_bed,0.6932,0.9625,0.0197,2.5398,0.9428,0.3712,0.9456,0.8579,0.5284,0.2791,0.0839,0.6551,0.6489,0.4171,0.3295,0.2493,0.1952,173.7733,164.7259,29.9187,0.9762
129.6,3888,in_bed,0.6932,0.9609,0.0193,2.5339,0.9416,0.3716,0.9441,0.857,0.5293,0.2801,0.0839,0.6548,0.6474,0.4148,0.3277,0.2492,0.1963,174.1423,164.7539,29.8009,0.9744
129.633,3889,in_bed,0.6937,0.9597,0.0184,2.5296,0.9413,0.3721,0.943,0.857,0.5304,0.2835,0.0838,0.6564,0.6483,0.4125,0.3266,0.2469,0.1997,174.8371,164.6446,29.5541,0.9766
129.667,3890,in_bed,0.693,0.9585,0.0191,2.524,0.9394,0.3722,0.942,0.8566,0.5295,0.2835,0.0838,0.6562,0.6491,0.4126,0.3271,0.246,0.1996,175.1469,164.695,29.3324,0.9778
129.7,3891,in_bed,0.6927,0.9586,0.0197,2.5242,0.939,0.372,0.9423,0.8566,0.5288,0.2834,0.0838,0.656,0.6508,0.4135,0.3278,0.2454,0.1996,175.3534,164.6765,29.0527,0.9774
129.733,3892,in_bed,0.6929,0.9589,0.0194,2.5268,0.9395,0.3718,0.943,0.8569,0.5289,0.2852,0.0838,0.6561,0.6512,0.4141,0.328,0.2437,0.2014,175.9113,164.6222,28.5582,0.9797
129.767,3893,in_bed,0.6935,0.9602,0.0192,2.5323,0.941,0.3716,0.9448,0.8586,0.5284,0.2843,0.0838,0.656,0.6524,0.4163,0.3301,0.2442,0.2005,175.9189,164.6511,27.9028,0.9811
129.8,3894,in_bed,0.6937,0.9625,0.0202,2.541,0.9423,0.3708,0.9477,0.8602,0.5271,0.2848,0.0839,0.6561,0.655,0.4206,0.3331,0.2423,0.2009,176.2008,164.5556,27.0812,0.984
129.833,3895,in_bed,0.6944,0.9671,0.0225,2.5561,0.9446,0.3695,0.9533,0.8634,0.5253,0.2861,0.0841,0.6568,0.6585,0.428,0.338,0.2393,0.202,176.4668,164.4329,26.0799,0.9852
129.867,3896,in_bed,0.6953,0.973,0.0242,2.5781,0.9488,0.368,0.9607,0.8674,0.5232,0.284,0.0842,0.6576,0.6646,0.4376,0.3442,0.2392,0.1998,176.6226,164.4552,24.8756,0.9899
129.9,3897,in_bed,0.6957,0.9807,0.025,2.6097,0.9557,0.3662,0.9697,0.8722,0.5191,0.281,0.0842,0.6582,0.6665,0.4506,0.3532,0.238,0.1968,176.8831,162.7144,23.2319,0.998
129.933,3898,in_bed,0.6975,0.9883,0.0265,2.6406,0.9618,0.3643,0.9788,0.8785,0.5164,0.28,0.0843,0.658,0.6692,0.4624,0.3621,0.2364,0.1958,177.4663,160.4235,21.408,1.0075
129.967,3899,in_bed,0.6969,0.9961,0.0273,2.6751,0.9688,0.3621,0.9961,0.8828,0.511,0.2768,0.0843,0.6583,0.6715,0.4851,0.3719,0.2342,0.1925,177.698,158.4588,19.7494,1.0193
130.0,3900,in_bed,0.6967,1.002,0.0283,2.7012,0.9737,0.3605,0.9951,0.8878,0.5056,0.2705,0.0843,0.6592,0.6758,0.4895,0.3822,0.235,0.1863,177.4299,156.1501,17.771,1.0263
130.033,3901,in_bed,0.6979,1.0069,0.0305,2.7186,0.9764,0.3591,1.0017,0.8934,0.5023,0.264,0.0846,0.6622,0.6785,0.4994,0.3912,0.2383,0.1795,177.1787,153.9622,15.7861,1.0285
130.067,3902,in_bed,0.7043,1.0175,0.0367,2.7516,0.9808,0.3564,1.0145,0.9036,0.505,0.2604,0.085,0.671,0.6837,0.5095,0.3985,0.2447,0.1753,177.1732,152.0712,13.737,1.0393
130.1,3903,in_bed,0.7088,1.0257,0.0401,2.7818,0.9855,0.3543,1.0245,0.9114,0.5061,0.2603,0.0853,0.6791,0.6869,0.5184,0.4053,0.2458,0.175,177.0313,150.3972,11.8721,1.0531
130.133,3904,in_bed,0.7154,1.0393,0.045,2.8251,0.9943,0.3519,1.0385,0.9209,0.5099,0.2585,0.0856,0.6887,0.7009,0.5286,0.4111,0.2514,0.1728,176.7977,148.9293,9.9426,1.0732
130.167,3905,in_bed,0.7231,1.0536,0.0481,2.8819,1.0055,0.3489,1.0511,0.9315,0.5147,0.2571,0.0859,0.6992,0.7195,0.5364,0.4167,0.2577,0.1711,175.9376,148.0248,8.1677,1.0968
130.2,3906,in_bed,0.729,1.0625,0.0508,2.9199,1.0117,0.3465,1.0588,0.9388,0.5191,0.2633,0.086,0.7036,0.7234,0.5396,0.4197,0.2559,0.1773,175.7179,147.0907,6.5726,1.1283
130.233,3907,in_bed,0.7334,1.0691,0.0523,2.9502,1.0168,0.3446,1.0646,0.9443,0.5225,0.2684,0.086,0.7052,0.7223,0.5421,0.4218,0.2541,0.1825,175.7699,146.6967,5.4478,1.1693
130.267,3908,in_bed,0.7381,1.0737,0.0527,2.9744,1.0211,0.3433,1.0685,0.949,0.5273,0.2758,0.0858,0.7054,0.6925,0.5412,0.4217,0.2515,0.19,175.5275,146.9714,4.7625,1.2154
130.3,3909,in_bed,0.7403,1.0758,0.0538,2.9842,1.022,0.3425,1.0703,0.9511,0.5295,0.2829,0.0856,0.7062,0.6719,0.5408,0.4217,0.2466,0.1972,175.8338,147.2404,4.303,1.2666
130.333,3910,in_bed,0.7427,1.0765,0.0543,2.9904,1.0222,0.3418,1.0705,0.9535,0.5318,0.291,0.0854,0.7104,0.6579,0.5387,0.4217,0.2409,0.2055,175.8563,147.6982,3.8707,1.3118
130.367,3911,in_bed,0.7451,1.0638,0.054,2.9403,1.0098,0.3434,1.0638,0.9544,0.5357,0.3052,0.0851,0.7117,0.6273,0.528,0.4187,0.2305,0.2202,174.6133,148.0536,3.6181,1.3506
130.4,3912,in_bed,0.7448,1.062,0.0554,2.9337,1.0066,0.3431,1.0601,0.9541,0.5355,0.3073,0.0848,0.722,0.6212,0.5246,0.4186,0.2282,0.2225,172.8321,149.1373,3.5071,1.3937
130.433,3913,in_bed,0.7449,1.0726,0.0576,2.9779,1.015,0.3408,1.0636,0.9531,0.5368,0.3109,0.0848,0.7278,0.6207,0.5268,0.4163,0.2258,0.2261,172.3107,150.362,3.5095,1.438
130.467,3914,in_bed,0.7451,1.0682,0.0583,2.9602,1.0099,0.3412,1.0628,0.9505,0.5397,0.3162,0.0847,0.7287,0.6182,0.5231,0.4108,0.2235,0.2315,171.8389,151.3912,3.4624,1.4659
130.5,3915,in_bed,0.7467,1.0642,0.0476,2.9634,1.0166,0.3431,1.0588,0.9476,0.5459,0.3186,0.0839,0.7329,0.6391,0.5129,0.4017,0.2273,0.2347,171.9197,153.0152,3.1582,1.5274
130.533,3916,in_bed,0.7441,1.0454,0.0472,2.8908,0.9983,0.3453,1.0454,0.9404,0.5478,0.3243,0.0837,0.7236,0.6152,0.4976,0.3926,0.2235,0.2407,171.0733,154.0764,3.5768,1.5296
130.567,3917,in_bed,0.7397,1.0375,0.047,2.8625,0.9905,0.346,1.0375,0.9325,0.5468,0.3247,0.0835,0.7126,0.6032,0.4907,0.3857,0.2221,0.2412,170.0133,154.8631,4.1833,1.538
130.6,3918,in_bed,0.7381,1.0318,0.0493,2.8356,0.9825,0.3465,1.0207,0.9267,0.5494,0.3263,0.0833,0.7059,0.5984,0.4713,0.3773,0.2231,0.243,168.9886,155.5729,4.7294,1.5466
130.633,3919,in_bed,0.7337,1.0256,0.0551,2.797,0.9705,0.347,1.0256,0.921,0.5463,0.3256,0.0833,0.7011,0.6028,0.4793,0.3746,0.2208,0.2423,167.1796,155.9999,5.4233,1.5489
130.667,3920,in_bed,0.7309,1.021,0.0612,2.7623,0.9598,0.3475,1.021,0.9153,0.5465,0.325,0.0832,0.7003,0.6104,0.4745,0.3688,0.2215,0.2418,165.1741,156.8453,6.038,1.5579
130.7,3921,in_bed,0.7296,1.0164,0.0679,2.7287,0.9485,0.3476,1.0069,0.9094,0.5498,0.3264,0.0833,0.6988,0.6138,0.457,0.3595,0.2235,0.243,164.4043,157.3134,6.7672,1.5368
130.733,3922,in_bed,0.7316,1.0127,0.0681,2.7057,0.9445,0.3491,1.0032,0.906,0.5572,0.3302,0.0833,0.6953,0.6152,0.446,0.3489,0.2269,0.247,164.552,156.479,6.9836,1.5422
130.767,3923,in_bed,0.7342,1.0112,0.0624,2.6999,0.9488,0.3514,1.0018,0.905,0.5633,0.3325,0.083,0.6954,0.6237,0.4385,0.3416,0.2309,0.2494,165.3052,154.2048,6.8782,1.5733
130.8,3924,in_bed,0.7368,1.0106,0.0583,2.6939,0.9523,0.3535,1.001,0.9054,0.5682,0.3338,0.0828,0.6965,0.6432,0.4328,0.3372,0.2344,0.251,163.9378,151.7071,6.3848,1.6086
130.833,3925,in_bed,0.7473,1.0149,0.0513,2.7071,0.9636,0.3559,1.0049,0.9123,0.5822,0.3437,0.0827,0.7577,0.668,0.4226,0.3301,0.2386,0.261,158.5301,148.7527,5.2606,1.6801
130.867,3926,in_bed,0.7493,1.0121,0.052,2.6838,0.9601,0.3577,1.0117,0.913,0.5855,0.347,0.0828,0.7666,0.6846,0.4262,0.3275,0.2385,0.2641,154.4482,146.232,4.3432,1.6933
130.9,3927,in_bed,0.7454,1.0098,0.0511,2.6749,0.9587,0.3584,1.0098,0.9112,0.5796,0.3536,0.0829,0.7637,0.6821,0.4302,0.3315,0.226,0.2708,149.0286,143.38,3.6361,1.7285
130.933,3928,in_bed,0.7464,1.0081,0.0489,2.6639,0.9593,0.3601,1.0075,0.9114,0.5813,0.3621,0.0827,0.7609,0.6741,0.4262,0.33,0.2192,0.2794,145.3871,140.2267,2.5086,1.7544
130.967,3929,in_bed,0.7601,1.0119,0.0336,2.6959,0.9783,0.3629,1.0102,0.9193,0.601,0.3752,0.0821,0.7625,0.6732,0.4092,0.3183,0.2258,0.2931,144.9106,137.3148,0.0404,1.8178
131.0,3930,in_bed,0.7677,1.0104,0.0311,2.6932,0.9794,0.3636,1.0104,0.9201,0.6153,0.3789,0.082,0.7562,0.6721,0.3951,0.3048,0.2364,0.2969,145.7041,135.0143,2.7458,1.8522
131.033,3931,in_bed,0.7782,1.0136,0.0209,2.7169,0.9927,0.3654,1.0136,0.9256,0.6307,0.3899,0.0815,0.7047,0.6837,0.3829,0.295,0.2407,0.3084,144.5609,131.376,5.7599,1.8645
131.067,3932,in_bed,0.7842,1.0138,0.0169,2.7238,0.9969,0.366,1.0105,0.928,0.6404,0.3951,0.0813,0.7057,0.6912,0.3701,0.2876,0.2453,0.3138,142.5811,126.8828,9.3859,1.9035
131.1,3933,in_bed,0.7819,1.0109,0.0184,2.7128,0.9924,0.3658,1.0109,0.9259,0.6379,0.3975,0.0813,0.7023,0.7044,0.373,0.2881,0.2404,0.3162,141.1052,124.4859,10.7723,1.9173
131.133,3934,in_bed,0.7818,1.008,0.022,2.7007,0.9859,0.3651,1.008,0.9244,0.6393,0.3984,0.0812,0.7416,0.7178,0.3687,0.2851,0.2409,0.3172,140.582,121.5159,13.0688,1.9208
131.167,3935,in_bed,0.7817,1.0063,0.0247,2.6938,0.9816,0.3644,1.0063,0.9247,0.6387,0.3996,0.0812,0.739,0.7226,0.3676,0.286,0.239,0.3184,138.5789,117.5708,15.5369,1.9112
131.2,3936,in_bed,0.7813,1.0033,0.0264,2.6852,0.9769,0.3638,1.0033,0.9239,0.6386,0.4019,0.0811,0.7338,0.7207,0.3647,0.2853,0.2367,0.3208,138.1852,115.7507,16.6933,1.9123
131.233,3937,in_bed,0.7751,0.9999,0.0389,2.659,0.961,0.3614,0.9999,0.9209,0.6292,0.3991,0.0814,0.7245,0.7119,0.3706,0.2917,0.2302,0.3177,135.25,113.2532,17.2513,1.9103
131.267,3938,in_bed,0.7683,0.9979,0.0527,2.6383,0.9451,0.3582,0.9979,0.9191,0.6175,0.3984,0.0817,0.7185,0.7031,0.3804,0.3016,0.2191,0.3167,131.3572,110.2828,17.5679,1.8907
131.3,3939,in_bed,0.7598,0.9949,0.0662,2.615,0.9287,0.3551,0.9949,0.9165,0.6032,0.3983,0.0818,0.7138,0.6967,0.3918,0.3133,0.2049,0.3165,127.5548,108.5228,16.8407,1.8928
131.333,3940,in_bed,0.7573,0.9933,0.0773,2.6004,0.916,0.3523,0.9933,0.9174,0.5971,0.3986,0.0817,0.7237,0.6921,0.3962,0.3203,0.1985,0.3169,126.685,107.529,16.8278,1.892
131.367,3941,in_bed,0.7504,0.9866,0.0703,2.6137,0.9163,0.3506,0.9866,0.9153,0.5855,0.3995,0.0814,0.7237,0.6832,0.4011,0.3298,0.186,0.318,124.0904,105.0882,17.1856,1.9192
131.4,3942,in_bed,0.7463,0.9833,0.0547,2.6384,0.9286,0.352,0.9833,0.9153,0.5773,0.3973,0.081,0.7362,0.691,0.406,0.338,0.18,0.3163,120.0779,104.202,16.7356,2.0157
131.433,3943,in_bed,0.7429,0.9793,0.0481,2.6436,0.9312,0.3523,0.9793,0.916,0.5697,0.3946,0.0805,0.7632,0.702,0.4096,0.3463,0.1751,0.314,116.9637,103.3478,16.2766,2.1119
131.467,3944,in_bed,0.7416,0.9796,0.0518,2.6434,0.9278,0.351,0.9796,0.9195,0.5636,0.3922,0.0802,0.7739,0.7183,0.416,0.3559,0.1714,0.312,109.0617,101.1442,16.4303,2.1416
131.5,3945,in_bed,0.7388,0.9798,0.0633,2.6298,0.9165,0.3485,0.9798,0.9223,0.5553,0.39,0.0799,0.7646,0.6911,0.4245,0.367,0.1654,0.31,99.0149,99.6397,15.9625,2.0764
131.533,3946,in_bed,0.7358,0.9857,0.066,2.6586,0.9197,0.3459,0.9595,0.9232,0.5483,0.3936,0.08,0.7494,0.694,0.4112,0.3749,0.1547,0.3135,98.2298,97.7198,15.4752,2.0272
131.567,3947,in_bed,0.7306,0.9852,0.0745,2.6494,0.9108,0.3438,0.9583,0.9198,0.5413,0.3964,0.0801,0.7364,0.7145,0.417,0.3786,0.1448,0.3163,100.5751,95.5301,15.4476,1.9409
131.6,3948,in_bed,0.7292,0.9867,0.0792,2.6445,0.9075,0.3432,0.9592,0.9196,0.5388,0.4048,0.0801,0.7303,0.7442,0.4204,0.3808,0.134,0.3247,102.8375,93.9199,15.0116,1.9024
131.633,3949,in_bed,0.7184,0.9837,0.0732,2.6477,0.9105,0.3439,0.9557,0.9133,0.5235,0.4139,0.0801,0.6936,0.7148,0.4322,0.3898,0.1096,0.3338,101.0894,91.0297,14.0074,1.9507
131.667,3950,in_bed,0.7069,0.9779,0.0699,2.6369,0.908,0.3444,0.95,0.9047,0.5092,0.4191,0.08,0.6842,0.7036,0.4409,0.3956,0.0901,0.3391,100.392,88.478,13.3437,2.0714
131.7,3951,in_bed,0.696,0.9725,0.0665,2.6292,0.906,0.3446,0.9447,0.8949,0.4971,0.4222,0.08,0.7068,0.6993,0.4476,0.3978,0.0749,0.3422,99.2196,87.0933,12.3029,2.163
131.733,3952,in_bed,0.6872,0.9702,0.0621,2.6342,0.9081,0.3447,0.9423,0.888,0.4864,0.4245,0.0799,0.6978,0.7476,0.4559,0.4016,0.0619,0.3445,98.6946,86.2867,11.1183,2.1279
131.767,3953,in_bed,0.6649,0.958,0.0625,2.6008,0.8955,0.3443,0.929,0.8719,0.458,0.4205,0.0799,0.647,0.7036,0.471,0.4139,0.0375,0.3406,96.0949,84.3086,9.4155,2.1229
131.8,3954,in_bed,0.6427,0.948,0.0766,2.5495,0.8713,0.3418,0.9172,0.8558,0.4296,0.4271,0.08,0.6308,0.6892,0.4876,0.4262,0.0025,0.3471,92.2875,80.1837,7.9348,2.1467
131.833,3955,in_bed,0.6278,0.9451,0.0756,2.5513,0.8695,0.3408,0.9144,0.8455,0.4101,0.445,0.08,0.6253,0.6818,0.5043,0.4354,-0.0349,0.365,86.2454,75.3205,6.5134,2.0457
131.867,3956,in_bed,0.6221,0.9455,0.0693,2.5634,0.8762,0.3418,0.9159,0.8382,0.406,0.4532,0.08,0.6291,0.6804,0.5099,0.4323,-0.0472,0.3732,82.5004,75.0526,4.4779,1.8346
131.9,3957,in_bed,0.622,0.9485,0.0647,2.5807,0.8838,0.3425,0.9198,0.8342,0.4097,0.4597,0.0799,0.6363,0.6815,0.51,0.4245,-0.0499,0.3798,80.7705,76.0596,3.0532,1.7127
131.933,3958,in_bed,0.6209,0.9511,0.0625,2.5927,0.8886,0.3427,0.9233,0.8314,0.4105,0.4635,0.0799,0.642,0.6786,0.5128,0.4209,-0.053,0.3836,80.29,76.5941,1.9351,1.6646
131.967,3959,in_bed,0.6199,0.9539,0.0624,2.601,0.8915,0.3427,0.9283,0.8295,0.4102,0.4683,0.0799,0.6464,0.675,0.5181,0.4193,-0.0581,0.3884,80.3049,75.7528,1.8382,1.6361
132.0,3960,in_bed,0.6232,0.9592,0.061,2.6205,0.8982,0.3427,0.9345,0.8315,0.4149,0.4718,0.0799,0.6516,0.6736,0.5196,0.4166,-0.0569,0.3919,80.6375,76.2722,1.6386,1.6339
132.033,3961,in_bed,0.6272,0.9656,0.0608,2.6424,0.9048,0.3424,0.9424,0.8352,0.4191,0.4766,0.0799,0.6581,0.6738,0.5233,0.4161,-0.0575,0.3967,80.3688,76.6106,1.3231,1.6408
132.067,3962,in_bed,0.6279,0.9707,0.0597,2.663,0.9111,0.3421,0.9482,0.8373,0.4186,0.4772,0.0799,0.6598,0.6717,0.5296,0.4187,-0.0585,0.3973,79.5523,76.9686,0.7404,1.6414
132.1,3963,in_bed,0.6307,0.9772,0.0589,2.6847,0.9183,0.3421,0.9572,0.8411,0.4204,0.4808,0.0799,0.6637,0.6723,0.5369,0.4207,-0.0604,0.4009,79.0931,76.6708,0.6027,1.6552
132.133,3964,in_bed,0.641,0.9909,0.0561,2.736,0.9348,0.3417,0.9722,0.8523,0.4297,0.4893,0.0799,0.6749,0.6784,0.5425,0.4226,-0.0596,0.4094,79.1693,76.8894,0.5446,1.6844
132.167,3965,in_bed,0.6494,1.0013,0.061,2.7613,0.9403,0.3405,0.9857,0.861,0.4379,0.4955,0.0802,0.6813,0.6791,0.5478,0.4231,-0.0577,0.4154,80.1004,76.8533,0.8413,1.6907
132.2,3966,in_bed,0.6563,1.0104,0.0691,2.7783,0.9413,0.3388,0.9964,0.8678,0.4449,0.497,0.0805,0.6861,0.677,0.5515,0.4229,-0.0521,0.4165,82.466,77.1763,1.3503,1.6984
132.233,3967,in_bed,0.661,1.017,0.0732,2.7967,0.9438,0.3375,1.0044,0.8721,0.45,0.4944,0.0808,0.6904,0.6708,0.5544,0.4221,-0.0444,0.4137,85.7958,77.3716,2.3995,1.7144
132.267,3968,in_bed,0.6673,1.0276,0.0795,2.8525,0.9481,0.3324,1.0158,0.8784,0.4563,0.493,0.0811,0.6916,0.6719,0.5595,0.4221,-0.0367,0.4118,89.2131,76.7024,4.2178,1.6246
132.3,3969,in_bed,0.669,1.0336,0.0794,2.8814,0.9542,0.3312,1.0225,0.8814,0.4566,0.4858,0.0813,0.6918,0.6678,0.5659,0.4247,-0.0292,0.4045,91.8668,76.4463,5.6187,1.5641
132.333,3970,in_bed,0.6782,1.0448,0.0815,2.9295,0.9633,0.3288,1.0338,0.8909,0.4655,0.4834,0.0816,0.702,0.6697,0.5683,0.4254,-0.0178,0.4018,95.395,77.095,6.7893,1.5218
132.367,3971,in_bed,0.6889,1.0549,0.0821,2.9748,0.9728,0.327,1.0432,0.9006,0.4771,0.4808,0.0822,0.7147,0.676,0.5661,0.4235,-0.0036,0.3985,100.4473,78.0713,8.107,1.452
132.4,3972,in_bed,0.699,1.0638,0.0787,3.0011,0.9851,0.3282,1.0519,0.9099,0.488,0.479,0.0826,0.7284,0.683,0.5639,0.4219,0.009,0.3964,103.4002,79.2608,9.0554,1.4464
132.433,3973,in_bed,0.7102,1.0721,0.077,3.029,0.9952,0.3285,1.0595,0.92,0.5004,0.4783,0.0832,0.7453,0.695,0.5591,0.4196,0.0221,0.3951,107.0747,80.4768,10.0847,1.417
132.467,3974,in_bed,0.7263,1.0828,0.0801,3.0714,1.0027,0.3265,1.0692,0.9334,0.5192,0.481,0.0835,0.7679,0.7121,0.55,0.4142,0.0382,0.3975,109.4339,82.9196,10.7334,1.4239
132.5,3975,in_bed,0.7295,1.0852,0.0766,3.0737,1.0086,0.3281,1.0666,0.9373,0.5217,0.4833,0.0835,0.7826,0.7233,0.5449,0.4156,0.0384,0.3998,108.2607,83.1956,10.8644,1.4514
132.533,3976,in_bed,0.7315,1.0851,0.0749,3.0725,1.0102,0.3288,1.0686,0.9387,0.5243,0.4892,0.0836,0.7898,0.7324,0.5443,0.4144,0.0351,0.4056,105.7387,82.673,11.0777,1.4829
132.567,3977,in_bed,0.7343,1.0846,0.0795,3.0804,1.005,0.3263,1.0674,0.9397,0.5289,0.4974,0.0843,0.8007,0.7503,0.5386,0.4109,0.0314,0.4131,103.9458,83.3092,10.3985,1.4764
132.6,3978,in_bed,0.7347,1.0824,0.0788,3.0737,1.0036,0.3265,1.0652,0.941,0.5285,0.5135,0.0847,0.8166,0.7678,0.5368,0.4126,0.015,0.4288,99.5265,81.3451,9.3446,1.4794
132.633,3979,in_bed,0.738,1.0824,0.0763,3.073,1.0061,0.3274,1.0604,0.9454,0.5305,0.5286,0.0851,0.8277,0.7779,0.5298,0.4149,0.0019,0.4435,95.9697,80.444,7.878,1.4974
132.667,3980,in_bed,0.7399,1.0834,0.0696,3.0821,1.0138,0.3289,1.0598,0.948,0.5318,0.5385,0.0852,0.8307,0.7814,0.528,0.4162,-0.0067,0.4532,95.8052,82.6601,5.4093,1.5337
132.7,3981,in_bed,0.7397,1.0824,0.0638,3.0954,1.0187,0.3291,1.0577,0.9486,0.5309,0.5434,0.0854,0.8327,0.7804,0.5268,0.4177,-0.0125,0.458,99.6302,86.9682,3.5073,1.5627
132.733,3982,in_bed,0.7374,1.0817,0.0598,3.1029,1.0219,0.3293,1.0571,0.948,0.5267,0.5458,0.0857,0.831,0.7756,0.5304,0.4213,-0.0191,0.4602,113.4409,101.1234,1.9668,1.594
132.767,3983,in_bed,0.7356,1.0804,0.0565,3.109,1.024,0.3294,1.0561,0.9497,0.5215,0.5422,0.0859,0.8296,0.7694,0.5346,0.4282,-0.0206,0.4563,112.7762,115.757,0.5832,1.6104
132.8,3984,in_bed,0.7304,1.078,0.05,3.1108,1.028,0.3305,1.0555,0.9457,0.5151,0.5348,0.0857,0.8228,0.7641,0.5404,0.4306,-0.0197,0.4491,106.3393,109.0591,0.6785,1.6242
132.833,3985,in_bed,0.725,1.0765,0.0458,3.1097,1.0307,0.3315,1.0555,0.9405,0.5095,0.529,0.0857,0.8083,0.7555,0.546,0.431,-0.0195,0.4433,101.0534,103.5878,2.5031,1.6384
132.867,3986,in_bed,0.7173,1.0731,0.0428,3.0997,1.0303,0.3324,1.0537,0.9307,0.5039,0.5151,0.0857,0.7777,0.7275,0.5498,0.4268,-0.0112,0.4294,107.6186,109.0911,3.3199,1.6421
132.9,3987,in_bed,0.7079,1.0678,0.041,3.0781,1.0268,0.3336,1.0513,0.918,0.4978,0.4997,0.0856,0.7378,0.6966,0.5535,0.4202,-0.0019,0.414,114.0376,114.5889,4.1092,1.6296
132.933,3988,in_bed,0.6995,1.0638,0.0425,3.0601,1.0213,0.3338,1.0499,0.9061,0.4929,0.4997,0.0857,0.6929,0.6698,0.557,0.4132,-0.0068,0.414,114.6919,114.1124,4.6752,1.617
132.967,3989,in_bed,0.6894,1.06,0.044,3.0375,1.016,0.3345,1.0468,0.894,0.4848,0.5008,0.0859,0.6606,0.6383,0.562,0.4092,-0.016,0.4149,117.3589,114.9747,4.8431,1.5929
133.0,3990,in_bed,0.6762,1.0558,0.0461,3.0128,1.0097,0.3351,1.0425,0.8826,0.4698,0.5056,0.0859,0.6525,0.6042,0.5727,0.4128,-0.0358,0.4197,119.3434,115.4094,5.0096,1.5591
133.033,3991,in_bed,0.6663,1.0515,0.0489,2.9877,1.0026,0.3356,1.0382,0.8735,0.459,0.5111,0.0859,0.6525,0.5704,0.5791,0.4145,-0.0521,0.4252,63.2046,53.8609,5.0776,1.5238
133.067,3992,in_bed,0.6613,1.047,0.0502,2.9665,0.9968,0.336,1.0338,0.8675,0.455,0.5136,0.0858,0.6526,0.5424,0.5787,0.4125,-0.0585,0.4278,67.1504,57.6168,5.0124,1.4922
133.1,3993,in_bed,0.6547,1.0434,0.0514,2.952,0.992,0.336,1.0302,0.8622,0.4473,0.5146,0.0857,0.6486,0.5148,0.5829,0.4149,-0.0674,0.429,67.2659,57.4131,4.979,1.4377
133.133,3994,in_bed,0.6497,1.041,0.0551,2.94,0.9858,0.3353,1.0279,0.859,0.4405,0.5157,0.0856,0.6419,0.4842,0.5874,0.4185,-0.0752,0.4302,67.863,57.3325,4.9521,1.3942
133.167,3995,in_bed,0.6443,1.0388,0.0589,2.9292,0.9799,0.3345,1.0257,0.8559,0.4326,0.5161,0.0855,0.6338,0.454,0.5931,0.4232,-0.0834,0.4305,67.6655,56.7291,5.1913,1.3612
133.2,3996,in_bed,0.6387,1.039,0.0618,2.9266,0.9772,0.3339,1.0248,0.8537,0.4236,0.5203,0.0854,0.6247,0.4243,0.6012,0.4301,-0.0967,0.4349,65.5781,54.4478,5.4967,1.3421
133.233,3997,in_bed,0.6336,1.0396,0.0656,2.9314,0.9739,0.3322,1.0244,0.8516,0.4156,0.5229,0.0853,0.6144,0.3975,0.6088,0.436,-0.1072,0.4375,64.9466,54.2778,6.0479,1.3358
133.267,3998,in_bed,0.631,1.0402,0.0666,2.9411,0.9737,0.3311,1.0254,0.8502,0.4118,0.5197,0.0851,0.6039,0.3778,0.6136,0.4385,-0.1079,0.4345,65.7736,55.2085,6.9689,1.3176
133.3,3999,in_bed,0.6296,1.0424,0.0665,2.9529,0.9758,0.3305,1.0278,0.8494,0.4097,0.5198,0.085,0.5925,0.3659,0.6181,0.4397,-0.1101,0.4349,66.6129,56.2984,7.6181,1.3069
133.333,4000,in_bed,0.6265,1.0424,0.0659,2.9539,0.9765,0.3306,1.0287,0.8473,0.4056,0.5189,0.0848,0.5812,0.3452,0.6231,0.4417,-0.1133,0.4341,68.129,58.5235,8.1959,1.2967
133.367,4001,in_bed,0.6239,1.0431,0.0626,2.9496,0.9805,0.3324,1.0296,0.8454,0.4024,0.5179,0.0844,0.5735,0.3357,0.6272,0.4429,-0.1155,0.4335,69.5717,60.0554,8.6418,1.2927
133.4,4002,in_bed,0.6235,1.0433,0.0597,2.9477,0.9836,0.3337,1.0302,0.844,0.403,0.5147,0.0842,0.5666,0.3346,0.6272,0.4411,-0.1117,0.4305,72.1014,62.2261,8.8715,1.2879
133.433,4003,in_bed,0.6235,1.0417,0.0544,2.9426,0.9873,0.3355,1.0298,0.8426,0.4044,0.5114,0.084,0.5636,0.3452,0.6254,0.4381,-0.107,0.4275,74.3937,64.3282,9.0935,1.2869
133.467,4004,in_bed,0.6223,1.0382,0.0512,2.9291,0.9869,0.3369,1.0275,0.8403,0.4044,0.5094,0.0839,0.5595,0.3539,0.6231,0.4359,-0.105,0.4255,75.4242,65.7766,9.4391,1.2867
133.5,4005,in_bed,0.6205,1.0376,0.0489,2.933,0.9887,0.3371,1.0255,0.8374,0.4035,0.5069,0.0838,0.5543,0.3632,0.6219,0.4339,-0.1034,0.4231,75.9388,66.7229,10.0141,1.2835
133.533,4006,in_bed,0.6191,1.0379,0.0472,2.9349,0.9907,0.3376,1.0236,0.8356,0.4027,0.5066,0.0838,0.5519,0.3668,0.6209,0.4329,-0.1039,0.4228,74.7281,66.7382,11.0475,1.2788
133.567,4007,in_bed,0.622,1.0387,0.0454,2.9375,0.9933,0.3382,1.0226,0.8367,0.4073,0.5066,0.0838,0.5534,0.3673,0.6154,0.4294,-0.0994,0.4228,74.2417,68.0521,11.967,1.2767
133.6,4008,in_bed,0.6259,1.0396,0.0438,2.9414,0.9958,0.3385,1.0223,0.8387,0.413,0.5072,0.0838,0.5575,0.3806,0.6093,0.4256,-0.0942,0.4234,73.3868,68.8764,12.9548,1.2708
133.633,4009,in_bed,0.6292,1.0414,0.0459,2.9421,0.9954,0.3383,1.0231,0.8412,0.4172,0.5075,0.084,0.5594,0.3808,0.6059,0.424,-0.0903,0.4235,72.629,69.1084,13.3308,1.2612
133.667,4010,in_bed,0.6328,1.0443,0.0477,2.9481,0.9966,0.3381,1.0259,0.8446,0.421,0.5072,0.0842,0.5633,0.3771,0.6049,0.4236,-0.0862,0.4231,72.6139,69.2087,13.1515,1.2538
133.7,4011,in_bed,0.6346,1.0467,0.0493,2.9535,0.9974,0.3377,1.0276,0.8471,0.4221,0.5063,0.0843,0.5661,0.3676,0.6055,0.425,-0.0842,0.4219,72.8511,68.8249,12.4264,1.2466
133.733,4012,in_bed,0.6375,1.0495,0.0503,2.9606,0.9991,0.3375,1.0298,0.85,0.425,0.506,0.0845,0.5679,0.3566,0.6048,0.425,-0.0809,0.4215,73.2076,69.0406,11.9952,1.2406
133.767,4013,in_bed,0.6397,1.0516,0.0509,2.9667,1.0007,0.3373,1.0311,0.8518,0.4276,0.5047,0.0846,0.5682,0.346,0.6035,0.4242,-0.0772,0.4202,73.282,69.0418,11.8895,1.2367
133.8,4014,in_bed,0.6396,1.0517,0.0523,2.9634,0.9994,0.3372,1.0304,0.8513,0.4279,0.5041,0.0847,0.5668,0.3306,0.6024,0.4234,-0.0762,0.4194,72.2111,67.5206,11.521,1.2329
133.833,4015,in_bed,0.6393,1.0522,0.0539,2.9604,0.9983,0.3372,1.0303,0.851,0.4276,0.5049,0.0847,0.5658,0.3107,0.6027,0.4234,-0.0773,0.4201,69.2246,64.0498,11.3718,1.2321
133.867,4016,in_bed,0.6378,1.0513,0.0549,2.9508,0.9963,0.3376,1.0287,0.8493,0.4263,0.507,0.0847,0.5636,0.2943,0.6024,0.423,-0.0808,0.4223,66.2998,60.4917,10.8856,1.2303
133.9,4017,in_bed,0.6345,1.0484,0.0561,2.9343,0.9923,0.3382,1.0247,0.8462,0.4229,0.5086,0.0848,0.5591,0.2831,0.6018,0.4232,-0.0857,0.4238,62.3206,55.6042,10.3703,1.225
133.933,4018,in_bed,0.6329,1.045,0.0565,2.9151,0.9885,0.3391,1.0204,0.8433,0.4224,0.5095,0.0848,0.5562,0.2793,0.598,0.4209,-0.0871,0.4247,59.4872,52.0022,10.0567,1.2184
133.967,4019,in_bed,0.6298,1.0415,0.056,2.8982,0.9855,0.34,1.0164,0.8399,0.4197,0.5111,0.0848,0.5534,0.2796,0.5967,0.4202,-0.0914,0.4263,56.0022,47.9642,9.8528,1.2114
134.0,4020,in_bed,0.6271,1.0379,0.0556,2.8798,0.9823,0.3411,1.0126,0.8372,0.4169,0.5131,0.0848,0.5525,0.2854,0.5957,0.4203,-0.0961,0.4283,53.7178,45.3464,9.6229,1.2051
134.033,4021,in_bed,0.6242,1.0339,0.0556,2.8599,0.9783,0.3421,1.0087,0.8346,0.4138,0.5143,0.0848,0.5514,0.2927,0.5948,0.4208,-0.1005,0.4295,51.6039,42.9539,9.4563,1.1963
134.067,4022,in_bed,0.6226,1.0307,0.0556,2.8438,0.9751,0.3429,1.0054,0.833,0.4122,0.5152,0.0848,0.5514,0.2975,0.5933,0.4209,-0.103,0.4303,50.7477,41.69,9.1985,1.1887
134.1,4023,in_bed,0.621,1.0267,0.0556,2.8248,0.9711,0.3438,1.0017,0.8316,0.4104,0.5153,0.0848,0.5509,0.2996,0.5913,0.4212,-0.1049,0.4305,50.2959,40.8573,8.9032,1.1808
134.133,4024,in_bed,0.6206,1.0244,0.0553,2.8138,0.9691,0.3444,0.9998,0.8308,0.4103,0.5154,0.0849,0.552,0.3097,0.5895,0.4205,-0.105,0.4305,50.5293,41.1566,8.862,1.1754
134.167,4025,in_bed,0.6213,1.0226,0.0545,2.8066,0.9681,0.3449,0.9987,0.8307,0.4118,0.5137,0.0848,0.5534,0.3207,0.5868,0.4188,-0.1018,0.4288,51.4322,42.173,8.8463,1.1716
134.2,4026,in_bed,0.6213,1.0216,0.0544,2.802,0.9672,0.3452,0.9979,0.8306,0.4119,0.5137,0.0849,0.5542,0.3295,0.586,0.4187,-0.1018,0.4289,50.8076,41.7365,8.9932,1.1698
134.233,4027,in_bed,0.622,1.0214,0.0538,2.801,0.9676,0.3455,0.9978,0.8318,0.4121,0.5147,0.0848,0.5559,0.3315,0.5857,0.4197,-0.1026,0.4298,50.2296,41.1763,9.0611,1.1708
134.267,4028,in_bed,0.6215,1.0212,0.0534,2.8,0.9678,0.3456,0.998,0.8327,0.4104,0.5162,0.0848,0.557,0.3328,0.5875,0.4222,-0.1058,0.4314,49.6635,40.7015,9.0272,1.1721
134.3,4029,in_bed,0.623,1.0216,0.0524,2.8022,0.9692,0.3459,0.999,0.834,0.412,0.5169,0.0848,0.5589,0.3322,0.587,0.422,-0.1049,0.432,50.1749,41.0377,8.8594,1.1739
134.333,4030,in_bed,0.6248,1.0223,0.0517,2.805,0.9705,0.346,1.0002,0.8354,0.4142,0.5173,0.0849,0.5609,0.3318,0.586,0.4211,-0.1031,0.4325,50.5067,41.3348,8.8076,1.1762
134.367,4031,in_bed,0.6258,1.0227,0.0513,2.8073,0.9714,0.346,1.001,0.8365,0.415,0.5176,0.0849,0.5623,0.3327,0.5861,0.4216,-0.1027,0.4327,49.8856,40.8037,8.8465,1.1779
134.4,4032,in_bed,0.6269,1.0228,0.0514,2.8079,0.9714,0.3459,1.0015,0.8373,0.4164,0.516,0.085,0.5633,0.3349,0.5851,0.4209,-0.0996,0.431,49.5166,40.4644,8.8044,1.1804
134.433,4033,in_bed,0.627,1.0226,0.0517,2.8067,0.9708,0.3459,1.0016,0.8379,0.4161,0.516,0.085,0.5631,0.3317,0.5855,0.4217,-0.0999,0.431,48.0887,39.0435,8.817,1.1817
134.467,4034,in_bed,0.6265,1.0233,0.0526,2.8059,0.9707,0.3459,1.002,0.8379,0.415,0.5163,0.0851,0.5621,0.3301,0.5869,0.4229,-0.1013,0.4312,46.4506,37.6332,8.9534,1.1825
134.5,4035,in_bed,0.6271,1.0241,0.0529,2.8087,0.9712,0.3458,1.0027,0.8384,0.4159,0.516,0.0852,0.562,0.3291,0.5868,0.4225,-0.1001,0.4308,44.9189,36.4373,9.18,1.1846
134.533,4036,in_bed,0.6279,1.0252,0.0532,2.8123,0.972,0.3456,1.0035,0.8391,0.4168,0.5155,0.0853,0.5621,0.3283,0.5868,0.4223,-0.0988,0.4303,43.68,35.5307,9.3352,1.1867
134.567,4037,in_bed,0.6283,1.0255,0.0533,2.8169,0.9722,0.3451,1.0042,0.8398,0.4167,0.5155,0.0853,0.5626,0.3273,0.5876,0.4231,-0.0988,0.4302,42.3214,34.3165,9.4266,1.188
134.6,4038,in_bed,0.6285,1.0269,0.0522,2.8313,0.9748,0.3443,1.0061,0.8413,0.4158,0.5158,0.0854,0.5627,0.3255,0.5902,0.4254,-0.1,0.4304,42.702,34.365,9.2863,1.1907
134.633,4039,in_bed,0.6305,1.03,0.0523,2.8454,0.9778,0.3436,1.009,0.8435,0.4175,0.5162,0.0854,0.5645,0.3243,0.5915,0.426,-0.0987,0.4308,42.4834,34.0254,9.1985,1.1961
134.667,4040,in_bed,0.6319,1.0332,0.0522,2.8603,0.9809,0.3429,1.012,0.8452,0.4185,0.5159,0.0854,0.5659,0.3251,0.5935,0.4268,-0.0974,0.4306,43.0447,34.5438,9.1115,1.2013
134.7,4041,in_bed,0.6345,1.0364,0.051,2.8766,0.9854,0.3425,1.0157,0.8476,0.4214,0.5148,0.0853,0.5692,0.3305,0.5942,0.4262,-0.0933,0.4295,43.7831,35.325,9.0607,1.2089
134.733,4042,in_bed,0.6357,1.039,0.0504,2.8892,0.9886,0.3422,1.019,0.8493,0.4222,0.5148,0.0852,0.5715,0.3348,0.5968,0.4271,-0.0926,0.4296,44.6068,36.1555,8.9867,1.2141
134.767,4043,in_bed,0.6361,1.0407,0.0504,2.8969,0.9903,0.3418,1.0218,0.8506,0.4216,0.5151,0.0852,0.5732,0.3357,0.6002,0.429,-0.0935,0.4299,45.6056,37.0167,8.8069,1.2173
134.8,4044,in_bed,0.6369,1.0415,0.0505,2.901,0.991,0.3416,1.0235,0.8512,0.4225,0.5149,0.0852,0.5743,0.3361,0.601,0.4288,-0.0925,0.4297,47.5457,38.9387,8.6002,1.2197
134.833,4045,in_bed,0.6376,1.0428,0.0501,2.9078,0.9928,0.3414,1.0255,0.8522,0.4231,0.5159,0.0852,0.5753,0.3368,0.6024,0.4291,-0.0928,0.4307,48.6276,40.0634,8.5032,1.2236
134.867,4046,in_bed,0.6381,1.0436,0.0501,2.911,0.9935,0.3413,1.0265,0.8529,0.4233,0.5165,0.0851,0.5758,0.3408,0.6032,0.4296,-0.0932,0.4314,50.1431,41.658,8.3699,1.2263
134.9,4047,in_bed,0.6389,1.0444,0.05,2.9153,0.9945,0.3411,1.027,0.8536,0.4242,0.5167,0.0851,0.5757,0.34,0.6029,0.4294,-0.0925,0.4316,51.0306,42.6269,8.3785,1.2289
134.933,4048,in_bed,0.6404,1.0456,0.0497,2.9197,0.9959,0.3411,1.0274,0.855,0.4258,0.5173,0.085,0.5766,0.3404,0.6017,0.4292,-0.0915,0.4322,52.8776,44.593,8.3017,1.2322
134.967,4049,in_bed,0.6417,1.0466,0.0491,2.9239,0.9975,0.3411,1.0277,0.8563,0.4271,0.519,0.085,0.5774,0.3379,0.6006,0.4292,-0.0919,0.434,54.0604,45.7343,8.162,1.2354
135.0,4050,in_bed,0.643,1.0464,0.048,2.9237,0.9984,0.3415,1.0268,0.8572,0.4287,0.5191,0.0849,0.578,0.3367,0.598,0.4285,-0.0904,0.4342,56.7616,48.4693,8.0182,1.2378
135.033,4051,in_bed,0.6439,1.0455,0.0472,2.9198,0.9983,0.3419,1.0256,0.8578,0.4301,0.5189,0.0848,0.5788,0.3379,0.5955,0.4277,-0.0888,0.4341,59.8084,51.5755,7.8906,1.238
135.067,4052,in_bed,0.6448,1.044,0.0464,2.9137,0.9977,0.3424,1.0236,0.8579,0.4318,0.5189,0.0847,0.5794,0.339,0.5918,0.4261,-0.0871,0.4342,62.6415,54.6596,7.8867,1.2368
135.1,4053,in_bed,0.6438,1.0415,0.0466,2.9015,0.9949,0.3429,1.0206,0.8574,0.4302,0.519,0.0846,0.5788,0.3375,0.5904,0.4271,-0.0887,0.4343,64.2905,56.4869,7.8793,1.231
135.133,4054,in_bed,0.6434,1.0393,0.0466,2.8912,0.9927,0.3433,1.0177,0.8571,0.4297,0.521,0.0846,0.5783,0.3379,0.588,0.4274,-0.0913,0.4365,65.4183,57.943,7.8531,1.225
135.167,4055,in_bed,0.6441,1.0381,0.0462,2.8846,0.9919,0.3439,1.0158,0.8573,0.4308,0.5232,0.0845,0.5792,0.342,0.585,0.4265,-0.0924,0.4388,65.8773,58.7408,8.0088,1.2195
135.2,4056,in_bed,0.6446,1.0369,0.0459,2.8764,0.9909,0.3445,1.0139,0.8573,0.4318,0.5248,0.0844,0.5803,0.3538,0.5821,0.4254,-0.093,0.4404,66.3022,59.3043,7.9913,1.2118
135.233,4057,in_bed,0.6461,1.036,0.0452,2.8723,0.9908,0.345,1.0123,0.8577,0.4346,0.5257,0.0844,0.5826,0.3632,0.5777,0.4231,-0.0911,0.4413,67.6696,60.8947,7.9493,1.2041
135.267,4058,in_bed,0.6465,1.036,0.0456,2.869,0.9905,0.3452,1.0114,0.8579,0.4351,0.528,0.0843,0.5853,0.3788,0.5763,0.4228,-0.0929,0.4437,67.6883,60.8709,7.7928,1.1938
135.3,4059,in_bed,0.6474,1.036,0.0461,2.8688,0.99,0.3451,1.0106,0.8585,0.4364,0.5291,0.0843,0.589,0.3883,0.5742,0.422,-0.0927,0.4448,68.3565,61.343,7.4973,1.184
135.333,4060,in_bed,0.6481,1.0364,0.0466,2.8707,0.9898,0.3448,1.0099,0.8591,0.437,0.5306,0.0843,0.5938,0.3942,0.5729,0.4221,-0.0936,0.4464,68.2659,61.0033,7.2481,1.1742
135.367,4061,in_bed,0.6499,1.0364,0.047,2.8709,0.9895,0.3447,1.0094,0.8605,0.4393,0.5307,0.0842,0.6008,0.4021,0.5701,0.4212,-0.0914,0.4465,69.366,61.8117,6.9217,1.1662
135.4,4062,in_bed,0.6503,1.0362,0.0479,2.8697,0.9883,0.3444,1.0085,0.8613,0.4393,0.5296,0.0843,0.6062,0.4082,0.5692,0.422,-0.0903,0.4454,70.2672,62.1874,6.4848,1.1598
135.433,4063,in_bed,0.651,1.0355,0.0494,2.8653,0.9862,0.3442,1.0073,0.8623,0.4398,0.5288,0.0843,0.6119,0.4164,0.5675,0.4226,-0.0891,0.4445,70.7628,62.2295,6.1301,1.1538
135.467,4064,in_bed,0.6522,1.0346,0.05,2.8612,0.9845,0.3441,1.006,0.8629,0.4414,0.5259,0.0844,0.6174,0.4208,0.5646,0.4215,-0.0845,0.4416,72.7703,63.7033,5.6061,1.1484
135.5,4065,in_bed,0.6537,1.0337,0.0512,2.8567,0.9825,0.3439,1.0045,0.8639,0.4434,0.5236,0.0844,0.6231,0.4182,0.5612,0.4205,-0.0802,0.4392,74.862,65.0991,4.9011,1.1428
135.533,4066,in_bed,0.6552,1.032,0.0532,2.848,0.9788,0.3437,1.0026,0.8643,0.4462,0.5206,0.0845,0.629,0.4229,0.5564,0.4181,-0.0744,0.4361,77.0388,66.52,4.284,1.1344
135.567,4067,in_bed,0.656,1.0299,0.0548,2.8381,0.9751,0.3436,0.9998,0.8642,0.4478,0.5167,0.0846,0.6355,0.424,0.552,0.4164,-0.0689,0.4322,79.193,68.0543,3.6714,1.127
135.6,4068,in_bed,0.6571,1.0255,0.0563,2.8169,0.9692,0.3441,0.9967,0.8644,0.4498,0.5137,0.0847,0.644,0.4285,0.5469,0.4147,-0.0639,0.429,81.0236,69.041,3.1498,1.1148
135.633,4069,in_bed,0.6542,1.0199,0.0599,2.7895,0.96,0.3442,0.9912,0.8621,0.4464,0.5097,0.0848,0.6501,0.4327,0.5449,0.4157,-0.0634,0.4249,80.8875,68.0509,2.6527,1.1009
135.667,4070,in_bed,0.6545,1.0149,0.0616,2.7649,0.9533,0.3448,0.9874,0.8619,0.447,0.5091,0.0849,0.6579,0.4365,0.5403,0.4149,-0.0621,0.4242,80.4641,66.5767,1.9252,1.0925
135.7,4071,in_bed,0.6547,1.009,0.0631,2.7368,0.9459,0.3456,0.9821,0.8608,0.4485,0.5075,0.085,0.6629,0.4451,0.5336,0.4124,-0.059,0.4225,80.6604,65.6134,1.0657,1.0849
135.733,4072,in_bed,0.654,1.0034,0.0634,2.7113,0.9399,0.3467,0.9769,0.86,0.4479,0.5069,0.0851,0.6655,0.4491,0.529,0.4121,-0.059,0.4218,79.3754,63.2203,0.0807,1.0808
135.767,4073,in_bed,0.6547,0.9967,0.064,2.6815,0.9327,0.3478,0.9697,0.859,0.4503,0.5061,0.0851,0.6652,0.4518,0.5193,0.4086,-0.0558,0.421,79.0644,61.9788,0.7829,1.0774
135.8,4074,in_bed,0.6563,0.9904,0.0648,2.6522,0.9256,0.349,0.9622,0.8588,0.4538,0.5071,0.0851,0.6632,0.4515,0.5083,0.405,-0.0533,0.422,77.4615,59.4431,1.5432,1.0772
135.833,4075,in_bed,0.6579,0.9852,0.0643,2.6292,0.9209,0.3503,0.9557,0.8591,0.4567,0.5062,0.0852,0.6592,0.4499,0.499,0.4024,-0.0495,0.421,77.6884,59.1541,2.1605,1.0829
135.867,4076,in_bed,0.6574,0.9793,0.065,2.603,0.9143,0.3513,0.9483,0.8583,0.4566,0.5064,0.0852,0.6536,0.4362,0.4917,0.4017,-0.0498,0.4212,75.1034,55.8436,2.9872,1.0898
135.9,4077,in_bed,0.6569,0.9753,0.0644,2.5861,0.9109,0.3522,0.9416,0.8588,0.455,0.5065,0.0852,0.6478,0.4218,0.4866,0.4038,-0.0515,0.4213,72.9599,53.1978,3.6384,1.1067
135.933,4078,in_bed,0.6564,0.9723,0.0637,2.5738,0.9085,0.353,0.936,0.8595,0.4534,0.5068,0.0852,0.6413,0.4203,0.4827,0.4061,-0.0534,0.4216,69.9178,49.9512,3.7869,1.1294
135.967,4079,in_bed,0.657,0.9706,0.0638,2.566,0.9068,0.3534,0.9333,0.8606,0.4534,0.5083,0.0852,0.6327,0.413,0.4799,0.4072,-0.0549,0.423,66.3509,46.1093,3.9545,1.1535
136.0,4080,in_bed,0.6564,0.9698,0.0644,2.5611,0.9054,0.3535,0.9319,0.8605,0.4524,0.5122,0.0853,0.6228,0.4067,0.4796,0.4082,-0.0598,0.4269,61.4871,41.5682,3.8203,1.1731
136.033,4081,in_bed,0.6583,0.9712,0.0639,2.5665,0.9073,0.3535,0.9341,0.8616,0.455,0.514,0.0852,0.6169,0.4028,0.4791,0.4066,-0.059,0.4288,60.278,40.6619,3.7485,1.1799
136.067,4082,in_bed,0.6613,0.974,0.0638,2.5789,0.9102,0.3529,0.9376,0.8641,0.4585,0.518,0.0853,0.6139,0.4014,0.4791,0.4056,-0.0595,0.4328,54.9685,35.7285,3.1893,1.1853
136.1,4083,in_bed,0.6639,0.978,0.0638,2.5944,0.9143,0.3524,0.9417,0.8666,0.4611,0.5218,0.0853,0.6135,0.4075,0.4805,0.4054,-0.0606,0.4365,49.8603,31.7495,2.5104,1.1926
136.133,4084,in_bed,0.664,0.9831,0.063,2.6193,0.9202,0.3513,0.9461,0.8679,0.4601,0.528,0.0852,0.6138,0.415,0.4861,0.4078,-0.0679,0.4427,42.5232,36.6203,1.6355,1.201
136.167,4085,in_bed,0.664,0.9901,0.0604,2.6566,0.9297,0.3499,0.9541,0.8699,0.4582,0.5378,0.0852,0.6182,0.4303,0.496,0.4117,-0.0796,0.4526,42.5548,39.3162,0.575,1.213
136.2,4086,in_bed,0.6609,0.9957,0.0563,2.694,0.9394,0.3487,0.961,0.8693,0.4525,0.5481,0.085,0.6216,0.4694,0.5085,0.4168,-0.0956,0.4631,41.5591,39.002,0.9016,1.2261
136.233,4087,in_bed,0.6573,1.0002,0.0517,2.728,0.9485,0.3477,0.9672,0.8686,0.4459,0.5571,0.0847,0.6225,0.4811,0.5212,0.4227,-0.1112,0.4724,38.3496,36.2717,2.0558,1.2452
136.267,4088,in_bed,0.6524,1.0025,0.0456,2.7572,0.9569,0.3471,0.971,0.8661,0.4387,0.5627,0.0844,0.6191,0.458,0.5322,0.4273,-0.124,0.4783,35.556,33.5467,3.175,1.2646
136.3,4089,in_bed,0.6447,1.0017,0.0379,2.7763,0.9638,0.3472,0.9719,0.8606,0.4288,0.5662,0.0839,0.6123,0.4396,0.5431,0.4318,-0.1374,0.4823,32.4971,30.4654,4.4075,1.2836
136.333,4090,in_bed,0.6414,1.0018,0.0329,2.7902,0.9689,0.3472,0.9732,0.8578,0.425,0.5662,0.0835,0.6083,0.4217,0.5483,0.4328,-0.1412,0.4827,31.5396,29.5448,5.5152,1.3058
136.367,4091,in_bed,0.6391,1.0019,0.03,2.8014,0.9719,0.3469,0.9743,0.8558,0.4223,0.5637,0.0831,0.6054,0.4075,0.552,0.4335,-0.1415,0.4807,30.6917,28.676,6.2263,1.3295
136.4,4092,in_bed,0.6378,1.0032,0.0277,2.8181,0.9755,0.3462,0.9763,0.8564,0.4192,0.5617,0.0828,0.6062,0.4011,0.557,0.4372,-0.1425,0.4789,30.9602,28.7639,6.9998,1.3539
136.433,4093,in_bed,0.6399,1.0067,0.0284,2.8271,0.9783,0.346,0.9798,0.859,0.4208,0.5619,0.0827,0.6098,0.4008,0.559,0.4383,-0.1412,0.4793,31.2307,29.4417,7.2543,1.3774
136.467,4094,in_bed,0.6427,1.0104,0.0288,2.8354,0.9815,0.3462,0.9834,0.8623,0.4232,0.5617,0.0825,0.6161,0.4096,0.5602,0.4391,-0.1386,0.4792,32.7473,31.3533,7.5584,1.4002
136.5,4095,in_bed,0.6417,1.012,0.0308,2.8326,0.9812,0.3464,0.985,0.8639,0.4195,0.5618,0.0824,0.6221,0.4166,0.5655,0.4444,-0.1423,0.4794,33.4318,32.8211,7.9785,1.4147
136.533,4096,in_bed,0.6408,1.0134,0.0323,2.8283,0.9812,0.3469,0.9862,0.8651,0.4165,0.5635,0.0824,0.6279,0.4241,0.5697,0.4486,-0.147,0.4811,33.4786,33.6663,8.1648,1.4279
136.567,4097,in_bed,0.6387,1.0112,0.0338,2.8078,0.9774,0.3481,0.9844,0.8639,0.4135,0.5626,0.0824,0.6318,0.4304,0.5708,0.4503,-0.1491,0.4802,34.0004,34.9539,8.3394,1.4277
136.6,4098,in_bed,0.6321,1.0048,0.0355,2.7713,0.9693,0.3497,0.9782,0.8582,0.406,0.5591,0.0825,0.6309,0.4306,0.5723,0.4522,-0.1531,0.4767,33.8023,35.5767,8.3114,1.4189
136.633,4099,in_bed,0.6237,0.9969,0.0371,2.7284,0.9597,0.3518,0.9692,0.8524,0.3951,0.5579,0.0825,0.628,0.4315,0.5742,0.4573,-0.1629,0.4754,32.1954,34.5983,8.3141,1.4054
136.667,4100,in_bed,0.6138,0.9869,0.0375,2.6802,0.9494,0.3542,0.9571,0.846,0.3816,0.5572,0.0825,0.6248,0.4298,0.5756,0.4645,-0.1756,0.4747,30.0781,32.9776,8.1748,1.3895
136.7,4101,in_bed,0.604,0.9751,0.0378,2.625,0.9373,0.3571,0.9438,0.8387,0.3693,0.5581,0.0825,0.6229,0.4283,0.5745,0.4694,-0.1888,0.4756,27.9552,31.2263,7.7794,1.3729
136.733,4102,in_bed,0.5939,0.9654,0.0376,2.5792,0.9277,0.3597,0.9313,0.8332,0.3547,0.5622,0.0824,0.6216,0.4322,0.5766,0.4785,-0.2075,0.4797,25.098,28.7508,7.7255,1.3612
136.767,4103,in_bed,0.5889,0.9526,0.0372,2.5244,0.9154,0.3626,0.9176,0.8279,0.35,0.5628,0.0824,0.6213,0.4315,0.5676,0.4779,-0.2128,0.4804,24.4365,28.1453,7.4836,1.344
136.8,4104,in_bed,0.5846,0.9406,0.0386,2.47,0.902,0.3652,0.9069,0.8239,0.3453,0.5651,0.0824,0.6205,0.4359,0.5615,0.4786,-0.2197,0.4827,23.4274,27.3109,7.6107,1.3263
136.833,4105,in_bed,0.5798,0.9311,0.0386,2.4305,0.8925,0.3672,0.8983,0.8197,0.3398,0.5676,0.0823,0.6184,0.4337,0.5586,0.48,-0.2278,0.4853,22.4404,26.7267,7.5744,1.3148
136.867,4106,in_bed,0.5763,0.9223,0.0381,2.3959,0.8842,0.369,0.8906,0.8165,0.3362,0.5691,0.0823,0.6147,0.4163,0.5544,0.4803,-0.2329,0.4868,21.9145,26.4375,7.6906,1.3041
136.9,4107,in_bed,0.5723,0.9173,0.0386,2.366,0.8788,0.3714,0.8836,0.8133,0.3314,0.5671,0.0824,0.6126,0.4198,0.5522,0.4818,-0.2357,0.4847,21.9077,26.8519,7.8923,1.2907
136.933,4108,in_bed,0.5671,0.914,0.0402,2.3528,0.8738,0.3714,0.8783,0.8095,0.3248,0.5656,0.0825,0.6079,0.4225,0.5535,0.4848,-0.2409,0.4831,21.7421,27.4946,7.8379,1.2834
136.967,4109,in_bed,0.5615,0.9067,0.0423,2.3284,0.8644,0.3712,0.8725,0.8034,0.3195,0.5589,0.0829,0.5988,0.4151,0.553,0.4839,-0.2393,0.476,22.7778,29.5077,7.6053,1.2682
137.0,4110,in_bed,0.5519,0.8989,0.0485,2.3086,0.8504,0.3684,0.8651,0.7943,0.3095,0.5492,0.0837,0.5868,0.407,0.5557,0.4848,-0.2398,0.4656,23.6503,31.0042,7.4261,1.262
137.033,4111,in_bed,0.5429,0.8923,0.052,2.288,0.8402,0.3672,0.858,0.7867,0.2991,0.5392,0.0844,0.576,0.3822,0.5588,0.4876,-0.2401,0.4548,24.5686,32.3102,7.176,1.2185
137.067,4112,in_bed,0.5409,0.8912,0.0487,2.2958,0.8425,0.367,0.8562,0.7859,0.2959,0.5376,0.0851,0.5726,0.3725,0.5602,0.4899,-0.2416,0.4524,26.0319,32.5767,6.8769,1.2042
137.1,4113,in_bed,0.5409,0.893,0.0445,2.3111,0.8485,0.3671,0.858,0.7885,0.2933,0.5407,0.0856,0.5713,0.3547,0.5647,0.4952,-0.2475,0.4551,26.7269,32.1112,6.9269,1.2008
137.133,4114,in_bed,0.5417,0.8934,0.0418,2.3241,0.8515,0.3664,0.8584,0.79,0.2934,0.5391,0.0868,0.5708,0.3384,0.565,0.4966,-0.2457,0.4522,29.6411,32.6067,6.8444,1.1995
137.167,4115,in_bed,0.5411,0.8936,0.0365,2.3446,0.8571,0.3656,0.8586,0.7915,0.2906,0.5381,0.0882,0.5704,0.3207,0.568,0.5009,-0.2475,0.4499,32.9447,32.7852,6.6023,1.2004
137.2,4116,in_bed,0.5512,0.8997,0.0247,2.3907,0.875,0.366,0.8656,0.8001,0.3022,0.5433,0.0893,0.579,0.325,0.5634,0.4979,-0.2411,0.454,37.0184,33.6386,6.3183,1.2157
137.233,4117,in_bed,0.5629,0.9107,0.0147,2.4441,0.896,0.3666,0.8761,0.8118,0.314,0.5533,0.0903,0.5921,0.3344,0.5621,0.4977,-0.2393,0.463,40.199,33.9556,5.8816,1.2227
137.267,4118,in_bed,0.5778,0.9255,0.0015,2.5166,0.924,0.3672,0.8905,0.826,0.3296,0.5638,0.0913,0.6082,0.3531,0.5609,0.4963,-0.2341,0.4724,44.1325,34.4857,5.5894,1.2538
137.3,4119,in_bed,0.5913,0.9391,-0.0107,2.5826,0.9499,0.3678,0.9038,0.8393,0.3434,0.5701,0.092,0.6229,0.3674,0.5604,0.4959,-0.2267,0.4782,47.3352,35.3201,5.3924,1.2839
137.333,4120,in_bed,0.6041,0.9525,-0.022,2.6435,0.9745,0.3687,0.9171,0.8526,0.3557,0.5768,0.092,0.6421,0.3884,0.5615,0.497,-0.2211,0.4848,49.3496,36.3696,5.0005,1.305
137.367,4121,in_bed,0.6199,0.9691,-0.0417,2.7257,1.0108,0.3708,0.9345,0.8678,0.3721,0.5846,0.0911,0.6627,0.4075,0.5624,0.4957,-0.2125,0.4935,51.4926,37.525,4.821,1.3279
137.4,4122,in_bed,0.6343,0.9836,-0.0589,2.7968,1.0425,0.3728,0.9497,0.8804,0.3883,0.5891,0.0903,0.6782,0.4232,0.5615,0.4921,-0.2009,0.4989,53.9169,39.1031,4.6264,1.344
137.433,4123,in_bed,0.6461,0.9951,-0.0756,2.8608,1.0707,0.3743,0.9627,0.8898,0.4023,0.59,0.089,0.6867,0.4222,0.5603,0.4875,-0.1877,0.501,56.0241,40.5039,4.5799,1.3635
137.467,4124,in_bed,0.6574,1.0067,-0.0963,2.9255,1.1031,0.3771,0.975,0.8989,0.4159,0.5893,0.0865,0.6933,0.4253,0.5591,0.483,-0.1734,0.5028,57.5553,42.1334,4.5054,1.4073
137.5,4125,in_bed,0.6712,1.0198,-0.1114,2.9826,1.1312,0.3793,0.9886,0.9104,0.4321,0.5926,0.0845,0.7076,0.4517,0.5565,0.4782,-0.1605,0.5081,59.0623,43.838,4.5354,1.4508
137.533,4126,in_bed,0.6816,1.0304,-0.1324,3.0413,1.1628,0.3823,0.9998,0.9192,0.444,0.5952,0.0814,0.7183,0.468,0.5559,0.4752,-0.1513,0.5138,59.8365,44.8751,4.8125,1.5027
137.567,4127,in_bed,0.6926,1.0404,-0.1537,3.1021,1.1941,0.3849,1.0114,0.9291,0.4561,0.5983,0.0779,0.7355,0.5077,0.5553,0.473,-0.1421,0.5204,60.5179,46.1697,4.9961,1.5589
137.6,4128,in_bed,0.7012,1.0479,-0.164,3.139,1.2119,0.3861,1.0212,0.9365,0.4658,0.5983,0.0758,0.7481,0.5283,0.5554,0.4707,-0.1325,0.5225,61.1427,47.4793,5.341,1.5957
137.633,4129,in_bed,0.7095,1.054,-0.1735,3.1727,1.2275,0.3869,1.0298,0.9433,0.4757,0.5968,0.0739,0.7652,0.5557,0.5541,0.4676,-0.1211,0.5229,62.0913,48.8865,5.5644,1.6171
137.667,4130,in_bed,0.7122,1.0552,-0.19,3.2035,1.2453,0.3887,1.0331,0.9447,0.4796,0.593,0.0705,0.7745,0.5692,0.5535,0.4651,-0.1134,0.5225,62.0304,49.5426,6.006,1.6384
137.7,4131,in_bed,0.7149,1.0582,-0.2029,3.2247,1.2611,0.3911,1.0368,0.9467,0.483,0.5888,0.0674,0.7886,0.5967,0.5538,0.4637,-0.1057,0.5213,61.9688,50.555,6.5124,1.6544
137.733,4132,in_bed,0.7135,1.0583,-0.2306,3.2576,1.2888,0.3956,1.0371,0.9448,0.4822,0.5822,0.0614,0.7898,0.5884,0.5549,0.4626,-0.1,0.5208,61.4687,50.7416,7.1135,1.6845
137.767,4133,in_bed,0.7149,1.0599,-0.2508,3.2832,1.3107,0.3992,1.039,0.9449,0.4849,0.5772,0.0565,0.792,0.5839,0.5541,0.4599,-0.0923,0.5207,61.1669,51.6155,7.5791,1.7118
137.8,4134,in_bed,0.7365,1.0809,-0.2216,3.2936,1.3025,0.3955,1.0596,0.9624,0.5107,0.5342,0.059,0.8084,0.5999,0.5489,0.4518,-0.0236,0.4752,55.7286,47.7593,7.963,1.7437
137.833,4135,in_bed,0.7326,1.0798,-0.2372,3.3103,1.317,0.3979,1.0577,0.9578,0.5075,0.5443,0.0558,0.7988,0.57,0.5502,0.4502,-0.0368,0.4886,56.7901,50.2263,8.5836,1.7869
137.867,4136,in_bed,0.7408,1.0873,-0.2209,3.3056,1.3081,0.3957,1.0645,0.9638,0.5178,0.504,0.0575,0.8052,0.5785,0.5467,0.446,0.0138,0.4465,52.939,49.6198,8.8655,1.8005
137.9,4137,in_bed,0.7749,1.1157,-0.1652,3.302,1.2809,0.3879,1.0928,0.9924,0.5574,0.4835,0.0656,0.8355,0.613,0.5355,0.4351,0.0739,0.4179,94.9893,96.0954,9.1045,1.8097
137.933,4138,in_bed,0.7613,1.1042,-0.1948,3.3122,1.299,0.3922,1.0808,0.9787,0.5439,0.4977,0.0613,0.8219,0.5982,0.5369,0.4348,0.0462,0.4365,58.2758,58.6562,9.5094,1.837
137.967,4139,in_bed,0.7523,1.095,-0.2182,3.3172,1.3132,0.3959,1.0715,0.9695,0.535,0.503,0.0572,0.8142,0.5866,0.5365,0.4344,0.032,0.4458,53.6446,49.4665,9.7008,1.8511
138.0,4140,in_bed,0.7418,1.0838,-0.2405,3.3141,1.3243,0.3996,1.0608,0.9589,0.5246,0.5119,0.053,0.8052,0.5754,0.5362,0.4343,0.0127,0.4589,56.6029,53.7389,9.9815,1.8653
138.033,4141,in_bed,0.7289,1.0717,-0.2649,3.3134,1.3366,0.4034,1.0483,0.9461,0.5116,0.5121,0.0481,0.7931,0.5618,0.5366,0.4345,-0.0004,0.464,57.2326,55.3971,10.2553,1.879
138.067,4142,in_bed,0.7193,1.0624,-0.2848,3.3144,1.3472,0.4065,1.0384,0.9365,0.502,0.5097,0.0441,0.7852,0.5517,0.5364,0.4345,-0.0077,0.4657,58.1647,56.5994,10.426,1.8889
138.1,4143,in_bed,0.7195,1.0618,-0.2839,3.3091,1.3457,0.4067,1.0375,0.9365,0.5025,0.5115,0.0441,0.7881,0.5613,0.535,0.434,-0.009,0.4674,58.2277,57.4465,10.5349,1.889
138.133,4144,in_bed,0.722,1.0636,-0.2788,3.3042,1.3424,0.4063,1.0388,0.9387,0.5053,0.5163,0.0447,0.7946,0.5749,0.5336,0.4335,-0.011,0.4716,57.0603,58.0,10.5865,1.8868
138.167,4145,in_bed,0.7209,1.0626,-0.278,3.2962,1.3406,0.4067,1.0375,0.938,0.5038,0.5141,0.0441,0.801,0.5902,0.5337,0.4343,-0.0103,0.47,54.7759,58.3937,10.5483,1.8821
138.2,4146,in_bed,0.7193,1.06,-0.2799,3.2863,1.3399,0.4077,1.0348,0.9365,0.502,0.5119,0.0431,0.8069,0.6021,0.5329,0.4346,-0.0099,0.4688,53.9892,57.9473,10.7158,1.8686
138.233,4147,in_bed,0.7166,1.0566,-0.2837,3.2771,1.3403,0.409,1.031,0.9335,0.4997,0.5054,0.0416,0.8102,0.6072,0.5313,0.4338,-0.0057,0.4638,56.9035,57.9797,10.8246,1.8322
138.267,4148,in_bed,0.714,1.0534,-0.2863,3.2686,1.3397,0.4099,1.0267,0.9307,0.4973,0.4977,0.0407,0.8121,0.6085,0.5294,0.4334,-0.0004,0.457,58.6953,57.9437,10.9812,1.8109
138.3,4149,in_bed,0.7121,1.0509,-0.29,3.2627,1.3409,0.411,1.0233,0.9287,0.4956,0.4893,0.0395,0.8127,0.6094,0.5278,0.4331,0.0063,0.4498,61.4631,57.3216,11.166,1.8003
138.333,4150,in_bed,0.7157,1.0536,-0.2846,3.2579,1.3381,0.4107,1.0247,0.9315,0.4999,0.4899,0.04,0.8169,0.6136,0.5247,0.4316,0.01,0.4499,65.7453,54.6975,11.2013,1.7863
138.367,4151,in_bed,0.7203,1.0585,-0.2753,3.2546,1.3338,0.4098,1.0277,0.9359,0.5047,0.4931,0.0412,0.8225,0.6202,0.5229,0.4312,0.0116,0.4518,69.8296,52.4489,11.1118,1.7789
138.4,4152,in_bed,0.7249,1.0657,-0.2636,3.2553,1.3293,0.4083,1.0316,0.9416,0.5081,0.4987,0.0432,0.8287,0.629,0.5235,0.4335,0.0094,0.4555,73.1442,51.8355,11.1517,1.7757
138.433,4153,in_bed,0.7266,1.069,-0.2575,3.252,1.3265,0.4079,1.0323,0.9437,0.5094,0.5,0.0441,0.8322,0.633,0.5229,0.4343,0.0094,0.4559,76.6798,54.8336,11.3352,1.7719
138.467,4154,in_bed,0.7245,1.0697,-0.2533,3.2429,1.323,0.408,1.0312,0.9439,0.505,0.5025,0.0447,0.8352,0.6355,0.5262,0.4389,0.0026,0.4577,78.5096,56.5445,11.4956,1.768
138.5,4155,in_bed,0.7394,1.0852,-0.2246,3.2412,1.3098,0.4041,1.0448,0.9587,0.52,0.5179,0.0498,0.8532,0.6544,0.5248,0.4387,0.0022,0.4681,81.4614,59.7531,11.5294,1.7651
138.533,4156,in_bed,0.7465,1.093,-0.2087,3.2358,1.3017,0.4023,1.0512,0.9668,0.5261,0.5275,0.0524,0.8631,0.6653,0.5251,0.4407,-0.0014,0.4751,83.3948,62.3306,11.9029,1.7586
138.567,4157,in_bed,0.7724,1.1126,-0.1673,3.2227,1.2798,0.3971,1.0712,0.9896,0.5551,0.5405,0.0591,0.8887,0.693,0.516,0.4345,0.0146,0.4814,90.0971,70.3351,12.351,1.751
138.6,4158,in_bed,0.7978,1.1315,-0.1308,3.2179,1.2623,0.3923,1.0899,1.0107,0.5849,0.5386,0.0644,0.9123,0.7173,0.505,0.4259,0.0462,0.4743,99.805,81.1848,12.8177,1.7507
138.633,4159,in_bed,0.8369,1.1607,-0.0701,3.2085,1.2308,0.3836,1.1194,1.0434,0.6304,0.537,0.0718,0.9461,0.7531,0.4889,0.4129,0.0934,0.4653,111.9158,93.4453,12.8311,1.7396
138.667,4160,in_bed,0.8529,1.1712,-0.0412,3.1948,1.2124,0.3795,1.1297,1.0556,0.6503,0.5356,0.0746,0.9573,0.7634,0.4794,0.4053,0.1147,0.4611,116.9929,98.2198,12.8633,1.7232
138.7,4161,in_bed,0.8526,1.1696,-0.03,3.1745,1.1997,0.3779,1.1275,1.0538,0.6514,0.5285,0.0755,0.9535,0.7566,0.476,0.4023,0.123,0.453,119.0422,100.2529,12.6927,1.6952
138.733,4162,in_bed,0.8485,1.166,-0.026,3.1598,1.1921,0.3773,1.1233,1.0493,0.6477,0.5305,0.0757,0.9447,0.7456,0.4756,0.4016,0.1172,0.4548,117.1845,99.2718,12.5399,1.6715
138.767,4163,in_bed,0.8486,1.1668,-0.0168,3.1492,1.1836,0.3758,1.1237,1.0487,0.6484,0.5364,0.0764,0.9408,0.7405,0.4753,0.4003,0.112,0.4599,115.8468,98.4423,12.41,1.6567
138.8,4164,in_bed,0.8489,1.1662,-0.0056,3.1311,1.1718,0.3743,1.1236,1.0476,0.6502,0.537,0.0772,0.9353,0.7343,0.4734,0.3974,0.1132,0.4598,116.2331,98.8555,12.3416,1.6388
138.833,4165,in_bed,0.8497,1.166,0.0191,3.0924,1.1468,0.3708,1.1236,1.0477,0.6516,0.5363,0.0786,0.9281,0.7274,0.472,0.3962,0.1153,0.4577,115.5637,99.5631,12.2399,1.6084
138.867,4166,in_bed,0.8475,1.163,0.0282,3.0651,1.1348,0.3702,1.1218,1.0455,0.6495,0.5335,0.079,0.9194,0.7171,0.4723,0.396,0.116,0.4545,113.1982,99.6999,12.1063,1.5923
138.9,4167,in_bed,0.8451,1.1602,0.0422,3.0313,1.1179,0.3688,1.1199,1.0428,0.6473,0.5332,0.0795,0.9114,0.7085,0.4726,0.3955,0.1142,0.4536,112.0439,99.7475,12.0727,1.5585
138.933,4168,in_bed,0.844,1.1594,0.0537,3.0078,1.1057,0.3676,1.1172,1.0422,0.6459,0.5374,0.0799,0.9073,0.7045,0.4713,0.3963,0.1085,0.4575,109.9843,98.3957,12.502,1.5358
138.967,4169,in_bed,0.843,1.1592,0.0613,2.9908,1.0979,0.3671,1.1175,1.0408,0.6453,0.5417,0.08,0.9042,0.7005,0.4722,0.3956,0.1035,0.4617,108.3521,97.0149,13.0373,1.521
139.0,4170,in_bed,0.8437,1.1599,0.0662,2.9805,1.0937,0.367,1.1182,1.0408,0.6467,0.547,0.0801,0.9031,0.699,0.4715,0.3941,0.0997,0.4669,106.7681,95.6622,13.7108,1.5101
139.033,4171,in_bed,0.8431,1.1593,0.0723,2.9637,1.087,0.3668,1.1171,1.0393,0.6468,0.5493,0.0802,0.9019,0.6977,0.4703,0.3925,0.0975,0.4691,105.3156,94.4845,14.3817,1.4948
139.067,4172,in_bed,0.8409,1.1548,0.0742,2.936,1.0806,0.3681,1.113,1.0363,0.6456,0.5508,0.0802,0.9019,0.6961,0.4674,0.3907,0.0948,0.4706,103.4796,92.9389,15.2003,1.4808
139.1,4173,in_bed,0.8418,1.1523,0.0778,2.9012,1.0745,0.3704,1.1105,1.036,0.6476,0.5565,0.0802,0.9044,0.6968,0.4629,0.3884,0.0911,0.4763,101.7947,91.1143,16.1316,1.4634
139.133,4174,in_bed,0.8436,1.151,0.0721,2.8935,1.079,0.3729,1.1091,1.0352,0.652,0.5622,0.0802,0.9061,0.6985,0.4572,0.3832,0.0897,0.482,100.341,89.5147,17.2078,1.4674
139.167,4175,in_bed,0.8448,1.1493,0.0679,2.8801,1.0813,0.3754,1.1069,1.0329,0.6566,0.565,0.0801,0.9078,0.7,0.4503,0.3763,0.0916,0.4849,99.9126,88.7672,18.1308,1.4795
139.2,4176,in_bed,0.8446,1.1455,0.063,2.861,1.0825,0.3784,1.1033,1.0293,0.6598,0.5646,0.0801,0.9095,0.7001,0.4435,0.3695,0.0952,0.4845,99.2302,87.7726,19.3807,1.4947
139.233,4177,in_bed,0.844,1.1415,0.0586,2.8419,1.0829,0.381,1.0985,1.0244,0.6636,0.5621,0.08,0.9085,0.697,0.4349,0.3608,0.1016,0.482,99.1306,87.1102,20.7609,1.5137
139.267,4178,in_bed,0.8456,1.1386,0.055,2.8228,1.0836,0.3839,1.0958,1.0226,0.6685,0.5606,0.08,0.9088,0.6972,0.4273,0.3541,0.1079,0.4807,99.3051,87.2112,21.6396,1.5372
139.3,4179,in_bed,0.8456,1.1338,0.0522,2.7963,1.0817,0.3868,1.0927,1.0208,0.6704,0.558,0.0799,0.9055,0.6965,0.4224,0.3504,0.1123,0.4781,98.9289,86.9944,22.4974,1.5575
139.333,4180,in_bed,0.8502,1.1302,0.0448,2.778,1.0854,0.3907,1.0931,1.0218,0.6786,0.5571,0.0797,0.905,0.6981,0.4145,0.3433,0.1215,0.4773,99.3237,87.877,23.108,1.5905
139.367,4181,in_bed,0.8534,1.1269,0.0405,2.7599,1.0864,0.3936,1.0939,1.0225,0.6844,0.5551,0.0797,0.9049,0.6992,0.4095,0.3382,0.1292,0.4755,98.9605,88.406,23.708,1.621
139.4,4182,in_bed,0.8534,1.1207,0.0407,2.7267,1.0799,0.3961,1.0918,1.0219,0.685,0.5524,0.0797,0.9032,0.6975,0.4068,0.3369,0.1325,0.4727,97.7928,88.9981,23.8073,1.6371
139.433,4183,in_bed,0.8537,1.1155,0.0396,2.7017,1.0759,0.3982,1.09,1.0225,0.685,0.549,0.0798,0.9003,0.6934,0.405,0.3375,0.1359,0.4692,96.641,89.849,23.6125,1.6491
139.467,4184,in_bed,0.855,1.1138,0.0361,2.6951,1.0776,0.3998,1.0898,1.0247,0.6853,0.5462,0.0798,0.9003,0.6924,0.4045,0.3394,0.1391,0.4664,95.7885,91.2645,22.8761,1.6597
139.5,4185,in_bed,0.8552,1.1124,0.0336,2.6921,1.0788,0.4007,1.0886,1.0253,0.6852,0.5415,0.0799,0.8962,0.686,0.4034,0.3401,0.1437,0.4616,94.914,92.6841,22.0355,1.65
139.533,4186,in_bed,0.8536,1.1106,0.0315,2.6891,1.0791,0.4013,1.0868,1.0251,0.6821,0.5332,0.0799,0.8918,0.6799,0.4048,0.3431,0.1489,0.4533,94.8086,95.6842,20.0539,1.6391
139.567,4187,in_bed,0.8512,1.1095,0.0305,2.6866,1.079,0.4016,1.0861,1.0247,0.6778,0.5255,0.0799,0.8864,0.6733,0.4083,0.347,0.1523,0.4455,94.0818,98.3618,18.0207,1.6243
139.6,4188,in_bed,0.8495,1.1087,0.0299,2.6837,1.0788,0.402,1.087,1.0244,0.6745,0.5216,0.0799,0.8806,0.6667,0.4125,0.3499,0.153,0.4417,91.2165,99.2701,16.8353,1.6164
139.633,4189,in_bed,0.8477,1.1082,0.0289,2.6819,1.0793,0.4025,1.088,1.0248,0.6706,0.5179,0.0799,0.8764,0.6607,0.4174,0.3541,0.1527,0.4381,89.4197,100.6876,15.326,1.605
139.667,4190,in_bed,0.8451,1.1096,0.0269,2.6898,1.0827,0.4025,1.0898,1.0246,0.6656,0.5147,0.0798,0.8705,0.6541,0.4242,0.359,0.1509,0.4349,88.1733,101.7358,13.9712,1.6043
139.7,4191,in_bed,0.8417,1.1102,0.0252,2.6935,1.085,0.4028,1.0908,1.0242,0.6591,0.5116,0.0797,0.8606,0.6451,0.4317,0.3651,0.1475,0.432,87.3251,103.0592,12.3456,1.6036
139.733,4192,in_bed,0.8392,1.1104,0.0244,2.6954,1.086,0.4029,1.0916,1.0241,0.6543,0.5095,0.0796,0.8516,0.6406,0.4373,0.3698,0.1449,0.4299,86.1147,103.6869,11.2419,1.599
139.767,4193,in_bed,0.8358,1.1102,0.023,2.6967,1.0872,0.4032,1.092,1.0226,0.6489,0.5077,0.0794,0.8451,0.6378,0.443,0.3737,0.1412,0.4283,85.1009,103.993,10.2192,1.5929
139.8,4194,in_bed,0.8318,1.1082,0.0223,2.6897,1.086,0.4038,1.0907,1.0205,0.6432,0.5059,0.0793,0.8409,0.6352,0.4475,0.3773,0.1373,0.4266,84.0016,104.7282,8.742,1.5822
139.833,4195,in_bed,0.828,1.1065,0.0219,2.6832,1.0846,0.4042,1.0871,1.0175,0.6384,0.5047,0.0793,0.8336,0.6303,0.4487,0.3791,0.1337,0.4254,83.2444,105.5183,7.2787,1.5718
139.867,4196,in_bed,0.824,1.1037,0.0216,2.6726,1.0821,0.4049,1.087,1.0139,0.6342,0.505,0.0792,0.8281,0.628,0.4528,0.3797,0.1292,0.4258,82.3336,106.0061,5.917,1.5578
139.9,4197,in_bed,0.8196,1.1009,0.0215,2.6621,1.0795,0.4055,1.0873,1.01,0.6292,0.5046,0.0791,0.8247,0.6259,0.4581,0.3808,0.1246,0.4255,81.5961,106.5901,4.5683,1.5409
139.933,4198,in_bed,0.8167,1.0989,0.0212,2.6533,1.0777,0.4062,1.0881,1.0072,0.6263,0.5051,0.0791,0.8235,0.6257,0.4618,0.3809,0.1213,0.426,81.2011,107.4161,3.196,1.5209
139.967,4199,in_bed,0.8138,1.1052,0.0206,2.6851,1.0846,0.4039,1.0903,1.0041,0.6236,0.5059,0.079,0.8197,0.6235,0.4667,0.3805,0.1178,0.4269,80.7749,108.2629,1.812,1.5065
140.0,4200,in_bed,0.809,1.0892,0.0204,2.6176,1.0688,0.4083,1.0815,0.9987,0.6194,0.5062,0.079,0.8098,0.6185,0.4622,0.3793,0.1131,0.4273,79.9011,109.1533,0.1796,1.4591
140.033,4201,,0.8056,1.086,0.0212,2.603,1.0648,0.4091,1.0777,0.9944,0.6168,0.5088,0.079,0.7998,0.6122,0.4609,0.3776,0.108,0.4299,79.1394,110.0735,1.5062,1.4242
140.067,4202,,0.802,1.082,0.0234,2.5824,1.0586,0.4099,1.074,0.9901,0.614,0.5131,0.0791,0.7926,0.6009,0.46,0.376,0.1009,0.434,78.0649,110.4793,2.9178,1.3902
140.1,4203,,0.7985,1.0762,0.0223,2.5613,1.0539,0.4115,1.0684,0.9851,0.612,0.5129,0.079,0.7893,0.5964,0.4565,0.3731,0.0991,0.4339,77.9275,111.4225,4.1987,1.3692
140.133,4204,,0.7976,1.0898,0.0224,2.618,1.0674,0.4077,1.0718,0.9822,0.6131,0.516,0.079,0.7857,0.5869,0.4588,0.3691,0.0971,0.437,78.0662,112.3114,5.2845,1.3736
140.167,4205,,0.7952,1.086,0.0207,2.605,1.0653,0.409,1.0689,0.9783,0.6122,0.5168,0.0789,0.7843,0.5752,0.4567,0.3661,0.0954,0.4379,78.7326,113.8132,6.8553,1.3551
140.2,4206,,0.7919,1.0818,0.0175,2.5938,1.0642,0.4103,1.0651,0.9729,0.6109,0.5165,0.0788,0.7808,0.5634,0.4542,0.362,0.0945,0.4376,79.3216,115.3415,8.4026,1.341
140.233,4207,,0.7883,1.0774,0.0155,2.5819,1.0619,0.4113,1.0615,0.9684,0.6083,0.5157,0.0788,0.7767,0.5532,0.4533,0.3601,0.0925,0.4369,80.1102,116.5783,9.7549,1.3289
140.267,4208,,0.7851,1.0743,0.0112,2.5787,1.0632,0.4123,1.0594,0.9644,0.6059,0.5154,0.0786,0.7706,0.5423,0.4535,0.3585,0.0904,0.4368,80.775,117.5367,10.9123,1.3239
140.3,4209,,0.7812,1.0679,0.0015,2.5717,1.0663,0.4146,1.0537,0.9584,0.6039,0.5136,0.0782,0.7672,0.5342,0.4498,0.3545,0.0903,0.4354,82.6115,117.7878,11.2203,1.3245
140.333,4210,,0.7766,1.0615,-0.0086,2.5674,1.0701,0.4168,1.0479,0.9526,0.6005,0.5102,0.0777,0.7614,0.5281,0.4474,0.3521,0.0904,0.4324,84.8917,118.0225,11.4285,1.3338
140.367,4211,,0.7738,1.052,-0.0191,2.5464,1.0711,0.4207,1.0388,0.9483,0.5993,0.5084,0.0771,0.7573,0.5229,0.4395,0.349,0.0909,0.4313,87.3493,117.6638,11.119,1.3381
140.4,4212,,0.7699,1.0465,-0.0293,2.5444,1.0758,0.4228,1.0332,0.9438,0.596,0.5051,0.0765,0.7505,0.5154,0.4371,0.3478,0.0909,0.4286,89.5412,117.431,10.8214,1.3497
140.433,4213,,0.7661,1.0411,-0.0371,2.5396,1.0782,0.4246,1.0277,0.9393,0.5928,0.5016,0.076,0.7458,0.5088,0.4349,0.3465,0.0912,0.4256,92.1054,117.6574,10.9417,1.362
140.467,4214,,0.7619,1.0349,-0.0436,2.53,1.0785,0.4263,1.0215,0.934,0.5897,0.4971,0.0755,0.7403,0.5035,0.4319,0.3444,0.0925,0.4216,94.4123,117.8714,10.9428,1.3706
140.5,4215,,0.7587,1.0295,-0.0476,2.5192,1.0771,0.4276,1.0159,0.9295,0.588,0.4928,0.0752,0.7354,0.4992,0.4279,0.3415,0.0951,0.4177,96.0324,117.5975,10.4329,1.3728
140.533,4216,,0.7552,1.0245,-0.0503,2.5075,1.0748,0.4286,1.0114,0.9245,0.586,0.4906,0.0749,0.7294,0.4942,0.4255,0.3385,0.0954,0.4157,97.0943,117.0917,9.9683,1.3743
140.567,4217,,0.7526,1.0205,-0.0518,2.4962,1.0722,0.4296,1.008,0.9208,0.5844,0.4891,0.0747,0.7265,0.493,0.4236,0.3364,0.0953,0.4144,97.5039,116.5048,9.476,1.3719
140.6,4218,,0.7509,1.0206,-0.0527,2.5037,1.0734,0.4287,1.0075,0.9174,0.5843,0.4877,0.0746,0.7233,0.4917,0.4232,0.3331,0.0966,0.4131,98.2839,116.377,9.1582,1.3762
140.633,4219,,0.7493,1.0118,-0.0539,2.4688,1.0658,0.4317,0.9992,0.9143,0.5842,0.4862,0.0745,0.7217,0.492,0.415,0.3301,0.098,0.4118,98.7359,116.2497,8.8327,1.3677
140.667,4220,,0.7459,1.0098,-0.0542,2.467,1.064,0.4313,0.9972,0.9096,0.5822,0.4844,0.0744,0.7178,0.4904,0.415,0.3274,0.0978,0.41,98.8517,116.0045,8.5407,1.3684
140.7,4221,,0.7429,1.0006,-0.054,2.4299,1.0546,0.434,0.9863,0.9048,0.5809,0.4835,0.0744,0.716,0.4894,0.4054,0.3238,0.0974,0.4092,98.8506,115.4325,7.9959,1.359
140.733,4222,,0.7381,0.9927,-0.0557,2.4057,1.0484,0.4358,0.978,0.8992,0.577,0.4804,0.0742,0.7127,0.4858,0.401,0.3222,0.0967,0.4062,98.9452,115.1221,7.6445,1.3526
140.767,4223,,0.7353,0.9889,-0.0556,2.3929,1.0444,0.4365,0.9743,0.8953,0.5753,0.479,0.0742,0.7126,0.4854,0.399,0.32,0.0963,0.4048,98.7225,114.1179,6.6718,1.3467
140.8,4224,,0.7314,0.9828,-0.0488,2.3632,1.0316,0.4365,0.9673,0.8911,0.5717,0.4767,0.0748,0.7063,0.4799,0.3955,0.3194,0.095,0.4019,97.9505,112.3231,5.1809,1.3337
140.833,4225,,0.728,0.978,-0.0464,2.3428,1.0244,0.4373,0.9601,0.8863,0.5698,0.4747,0.075,0.7053,0.4769,0.3903,0.3165,0.0951,0.3997,97.7715,110.3357,3.168,1.3311
140.867,4226,,0.7228,0.969,-0.0424,2.3054,1.0113,0.4387,0.9501,0.8818,0.5637,0.4725,0.0753,0.7051,0.4757,0.3864,0.3181,0.0912,0.3972,96.9377,107.2804,0.7093,1.3212
140.9,4227,,0.7164,0.9573,-0.0387,2.2593,0.996,0.4409,0.9401,0.8761,0.5566,0.4708,0.0757,0.7014,0.4705,0.3834,0.3195,0.0858,0.3952,95.5954,103.274,2.3575,1.3092
140.933,4228,,0.7115,0.9473,-0.0364,2.2207,0.9837,0.443,0.9291,0.8714,0.5516,0.4702,0.0759,0.6977,0.4658,0.3776,0.3198,0.0814,0.3943,94.3091,98.9667,5.8333,1.306
140.967,4229,,0.7073,0.9395,-0.034,2.1917,0.9734,0.4442,0.9204,0.8672,0.5473,0.467,0.0761,0.6911,0.4579,0.3732,0.32,0.0803,0.3909,93.2782,95.7774,8.8267,1.3084
141.0,4230,,0.7066,0.9346,-0.0327,2.1734,0.9673,0.4451,0.9118,0.8668,0.5465,0.4652,0.0762,0.6935,0.4624,0.3654,0.3204,0.0813,0.389,92.7546,92.8971,11.9098,1.3213
141.033,4231,,0.7065,0.929,-0.0314,2.1532,0.9604,0.446,0.9015,0.8672,0.5458,0.4622,0.0763,0.704,0.4886,0.3557,0.3214,0.0836,0.386,91.8986,90.4562,14.7606,1.3287
141.067,4232,,0.7079,0.9302,-0.0312,2.1554,0.9613,0.446,0.8888,0.869,0.5468,0.462,0.0763,0.7258,0.5229,0.342,0.3222,0.0848,0.3857,91.1662,88.2947,17.2062,1.3502
141.1,4233,,0.707,0.9344,-0.0301,2.1702,0.9645,0.4444,0.877,0.8688,0.5453,0.4598,0.0764,0.7298,0.5214,0.3317,0.3235,0.0855,0.3834,90.1637,85.7592,19.8798,1.379
141.133,4234,,0.7027,0.9342,-0.0267,2.1671,0.9609,0.4434,0.8618,0.8634,0.542,0.4563,0.0767,0.7188,0.506,0.3198,0.3214,0.0857,0.3796,88.3618,82.1679,23.1829,1.3973
141.167,4235,,0.7008,0.9335,-0.0219,2.1581,0.9554,0.4427,0.852,0.8614,0.5402,0.4546,0.077,0.711,0.4993,0.3118,0.3211,0.0856,0.3775,86.8276,79.1369,26.1258,1.4101
141.2,4236,,0.7042,0.937,-0.0139,2.1549,0.9509,0.4413,0.847,0.8625,0.546,0.4585,0.0776,0.7155,0.5101,0.3011,0.3165,0.0875,0.3808,84.9011,74.3119,30.9538,1.4013
141.233,4237,,0.7061,0.9388,-0.0097,2.1553,0.9484,0.4401,0.8441,0.8651,0.5471,0.458,0.0779,0.7197,0.5171,0.2969,0.318,0.0891,0.3802,83.0388,72.1718,33.4731,1.3482
141.267,4238,,0.7089,0.9404,-0.0055,2.1538,0.9458,0.4391,0.8391,0.8676,0.5503,0.4576,0.0781,0.7248,0.5205,0.2888,0.3172,0.0927,0.3795,81.7295,71.4661,34.9934,1.2886
141.3,4239,,0.7097,0.9364,-0.0023,2.1336,0.9387,0.4399,0.8364,0.8665,0.5529,0.4571,0.0783,0.7259,0.5195,0.2835,0.3136,0.0958,0.3788,80.7791,70.9288,36.2131,1.2362
141.333,4240,,0.7108,0.9321,0.0006,2.1132,0.9315,0.4408,0.8359,0.865,0.5566,0.4535,0.0784,0.727,0.5233,0.2793,0.3084,0.1031,0.3751,80.7245,71.1235,37.3885,1.1932
141.367,4241,,0.7139,0.9326,0.0029,2.109,0.9296,0.4408,0.8353,0.8662,0.5617,0.4528,0.0785,0.7272,0.5265,0.2736,0.3045,0.1089,0.3744,80.5973,71.5356,38.2223,1.1613
141.4,4242,,0.7162,0.932,0.0045,2.104,0.9274,0.4408,0.834,0.8669,0.5655,0.4517,0.0785,0.7235,0.525,0.2685,0.3014,0.1139,0.3732,80.7596,72.6745,38.575,1.1373
141.433,4243,,0.7215,0.9256,0.007,2.0745,0.9186,0.4428,0.8343,0.8662,0.5768,0.4531,0.0785,0.7232,0.5266,0.2575,0.2895,0.1236,0.3746,82.1652,72.8516,40.5102,1.1092
141.467,4244,,0.7301,0.9244,0.0079,2.067,0.9165,0.4434,0.8345,0.8684,0.5919,0.4541,0.0785,0.7216,0.5216,0.2426,0.2765,0.1378,0.3756,84.2679,72.5827,43.2985,1.0832
141.5,4245,,0.741,0.9258,0.0089,2.0677,0.9169,0.4435,0.8381,0.8731,0.6089,0.4563,0.0785,0.7242,0.5195,0.2292,0.2642,0.1526,0.3777,86.2042,72.2191,46.0814,1.059
141.533,4246,,0.7516,0.9271,0.009,2.0721,0.9182,0.4431,0.8417,0.8775,0.6257,0.457,0.0785,0.7269,0.5183,0.2161,0.2519,0.1687,0.3785,88.0416,71.5838,48.978,1.0424
141.567,4247,,0.7645,0.9279,0.0077,2.0779,0.9203,0.4429,0.848,0.8819,0.647,0.457,0.0784,0.7317,0.5178,0.201,0.2349,0.19,0.3786,90.7743,71.1296,52.4258,1.0318
141.6,4248,,0.7796,0.9339,0.0065,2.1013,0.9273,0.4413,0.8552,0.8888,0.6703,0.4567,0.0783,0.7425,0.5302,0.1849,0.2185,0.2136,0.3784,94.0777,71.0237,55.8044,1.0258
141.633,4249,,0.7908,0.9416,0.0051,2.1309,0.9365,0.4395,0.8665,0.8956,0.686,0.4585,0.0782,0.7532,0.5408,0.1806,0.2096,0.2274,0.3803,95.7145,70.8817,57.9037,1.0196
141.667,4250,,0.7985,0.9524,0.004,2.1746,0.9484,0.4361,0.8817,0.9029,0.6941,0.4588,0.0781,0.7606,0.548,0.1877,0.2089,0.2353,0.3806,96.3015,71.0822,58.8943,1.0135
141.7,4251,,0.8101,0.9668,0.0027,2.2321,0.9641,0.4319,0.9007,0.9147,0.7054,0.4586,0.078,0.7674,0.5456,0.1953,0.2093,0.2468,0.3806,97.4244,71.4287,59.9154,1.0186
141.733,4252,,0.822,0.9819,-0.0002,2.2967,0.9821,0.4276,0.92,0.9277,0.7163,0.4574,0.0779,0.769,0.5461,0.2038,0.2115,0.2589,0.3795,99.0634,72.4943,60.5674,1.0352
141.767,4253,,0.8407,1.0068,-0.0035,2.3983,1.0103,0.4213,0.9439,0.9481,0.7333,0.4576,0.0776,0.7789,0.5436,0.2107,0.2148,0.2757,0.38,101.1108,74.7124,60.5416,1.0762
141.8,4254,,0.8604,1.0338,-0.0077,2.5135,1.0416,0.4144,0.9708,0.9723,0.7485,0.4573,0.0773,0.7902,0.5492,0.2223,0.2238,0.2912,0.38,102.737,77.6377,59.7886,1.1262
141.833,4255,,0.8788,1.0591,-0.0157,2.6324,1.0748,0.4083,0.9996,0.9958,0.7617,0.4548,0.0767,0.8,0.5527,0.2378,0.234,0.307,0.3781,104.1117,81.0937,58.5062,1.1867
141.867,4256,,0.8962,1.0847,-0.0253,2.7618,1.11,0.4019,1.0364,1.0149,0.7775,0.4496,0.076,0.8138,0.5634,0.2589,0.2374,0.3279,0.3736,106.1456,84.6004,57.5866,1.2437
141.9,4257,,0.9213,1.113,-0.025,2.8855,1.138,0.3944,1.0842,1.0434,0.7991,0.4537,0.076,0.8387,0.5875,0.2851,0.2443,0.3455,0.3777,109.1584,88.3344,56.3799,1.2955
141.933,4258,,0.9456,1.1503,-0.0278,3.0657,1.1781,0.3843,1.1276,1.0767,0.8145,0.4548,0.0758,0.8691,0.6195,0.3131,0.2622,0.3597,0.379,111.6254,92.804,54.0149,1.3791
141.967,4259,,0.9705,1.1906,-0.0275,3.2678,1.2181,0.3728,1.1735,1.1113,0.8296,0.4584,0.0758,0.8926,0.635,0.3438,0.2817,0.3712,0.3826,113.8431,96.1122,52.1846,1.4476
142.0,4260,upright,0.9933,1.2335,-0.0278,3.495,1.2613,0.3609,1.2231,1.1409,0.8457,0.4623,0.0758,0.9117,0.6461,0.3774,0.2951,0.3834,0.3866,115.8437,99.2914,50.5874,1.5266
142.033,4261,upright,1.0187,1.2785,-0.028,3.7457,1.3065,0.3488,1.2676,1.1763,0.8611,0.4668,0.0757,0.9398,0.6702,0.4064,0.3151,0.3944,0.391,118.1843,102.9407,48.6202,1.628
142.067,4262,upright,1.0412,1.3335,-0.0259,4.0756,1.3594,0.3335,1.3214,1.209,0.8735,0.4723,0.0759,0.9595,0.6886,0.4479,0.3355,0.4012,0.3964,121.4295,107.4468,46.3109,1.7364
142.1,4263,upright,1.0652,1.3705,-0.022,4.3099,1.3924,0.3231,1.3587,1.2419,0.8884,0.4812,0.0762,0.9879,0.711,0.4702,0.3534,0.4072,0.405,124.782,112.6847,43.6498,1.8378
142.133,4264,upright,1.0875,1.4089,-0.0183,4.5706,1.4271,0.3122,1.3984,1.2758,0.8991,0.4896,0.0765,0.9387,0.735,0.4992,0.3767,0.4095,0.4131,128.3948,119.4125,39.8863,1.9267
142.167,4265,upright,1.1065,1.4488,-0.0113,4.8526,1.4601,0.3009,1.4376,1.3039,0.9092,0.4984,0.077,0.9651,0.6415,0.5284,0.3947,0.4108,0.4214,132.6176,126.8069,36.1644,1.9798
142.2,4266,upright,1.1214,1.4857,-0.006,5.1369,1.4917,0.2904,1.4738,1.3276,0.9151,0.502,0.0773,0.9916,0.7826,0.5587,0.4125,0.4132,0.4247,136.8056,134.2777,32.6581,2.0235
142.233,4267,upright,1.1329,1.5179,-0.002,5.4023,1.5199,0.2813,1.506,1.3487,0.9171,0.5012,0.0775,1.0137,0.6851,0.5889,0.4317,0.4159,0.4237,140.9388,142.0971,28.9974,2.0732
142.267,4268,upright,1.141,1.5453,0.0006,5.6459,1.5448,0.2736,1.5341,1.3673,0.9146,0.4979,0.0777,1.0303,0.7038,0.6195,0.4527,0.4167,0.4202,145.3759,149.2772,25.6461,2.1248
142.3,4269,upright,1.1475,1.5699,0.0024,5.8796,1.5675,0.2666,1.5574,1.3834,0.9117,0.4942,0.0778,1.0528,0.8291,0.6457,0.4716,0.4175,0.4164,148.9487,155.124,22.9982,2.1614
142.333,4270,upright,1.1523,1.5899,0.0042,6.0759,1.5857,0.261,1.5786,1.3967,0.9079,0.4902,0.0779,1.0702,0.8406,0.6707,0.4887,0.4178,0.4123,152.8544,160.7198,20.6494,2.1779
142.367,4271,upright,1.1571,1.6018,0.0058,6.1991,1.596,0.2575,1.5912,1.4093,0.905,0.4887,0.078,1.13,0.8496,0.6861,0.5042,0.4163,0.4107,156.0665,164.9948,18.7823,2.2116
142.4,4272,upright,1.162,1.6118,0.0097,6.315,1.6021,0.2537,1.6014,1.4207,0.9032,0.4863,0.0783,1.1365,0.857,0.6982,0.5176,0.4169,0.4081,159.2985,169.1121,17.1442,2.2361
142.433,4273,upright,1.1627,1.6211,0.0113,6.4213,1.6098,0.2507,1.6077,1.4288,0.8967,0.4836,0.0784,1.1413,0.8643,0.711,0.5321,0.4131,0.4052,161.6663,172.8171,15.4708,2.2636
142.467,4274,upright,1.163,1.6279,0.0107,6.5047,1.6172,0.2486,1.6115,1.4348,0.8912,0.4812,0.0784,1.1457,0.8711,0.7203,0.5436,0.41,0.4028,163.4798,175.4054,14.3122,2.2908
142.5,4275,upright,1.1701,1.6356,0.0138,6.5721,1.6218,0.2468,1.6173,1.4447,0.8955,0.4829,0.0785,1.1537,0.8807,0.7218,0.5492,0.4125,0.4044,165.0323,177.0577,13.7477,2.3318
142.533,4276,upright,1.1701,1.6387,0.0169,6.6051,1.6219,0.2456,1.6188,1.4478,0.8923,0.4785,0.0786,1.157,0.8864,0.7265,0.5555,0.4138,0.3998,165.8282,178.2923,12.9839,2.37
142.567,4277,upright,1.1702,1.6403,0.0223,6.6229,1.618,0.2443,1.6183,1.4488,0.8917,0.478,0.0788,1.1585,0.8873,0.7266,0.5571,0.4137,0.3992,165.5646,177.5987,12.6207,2.4338
142.6,4278,upright,1.1687,1.6395,0.0315,6.6086,1.6079,0.2433,1.617,1.4472,0.8901,0.474,0.0791,1.1596,0.8863,0.7269,0.5571,0.4162,0.3948,163.746,175.6018,12.5543,2.5038
142.633,4279,upright,1.1662,1.6378,0.0341,6.5917,1.6037,0.2433,1.6145,1.4455,0.887,0.4712,0.0792,1.161,0.8863,0.7276,0.5585,0.4158,0.392,163.572,172.6255,12.8585,2.6241
142.667,4280,upright,1.1601,1.6324,0.0225,6.5744,1.6099,0.2449,1.608,1.4396,0.8806,0.4646,0.0788,1.1563,0.8797,0.7275,0.559,0.4159,0.3858,162.0758,170.3692,13.1004,2.6135
142.7,4281,upright,1.15,1.6244,0.0003,6.5531,1.6241,0.2478,1.5994,1.4306,0.8694,0.4546,0.0779,1.1483,0.8694,0.73,0.5613,0.4148,0.3767,162.3481,169.053,13.3689,2.607
142.733,4282,upright,1.142,1.6192,-0.0287,6.5503,1.6478,0.2516,1.5936,1.4238,0.8603,0.4438,0.0764,1.1422,0.8622,0.7333,0.5635,0.4164,0.3674,165.2956,168.5609,13.8851,2.6216
142.767,4283,upright,1.1419,1.6182,-0.0612,6.5689,1.6794,0.2557,1.5915,1.4223,0.8615,0.444,0.0744,1.1437,0.864,0.7301,0.5608,0.4175,0.3696,169.0066,167.7965,13.7741,2.6557
142.8,4284,upright,1.1497,1.6214,-0.0885,6.5964,1.7099,0.2592,1.5927,1.4256,0.8737,0.4539,0.0725,1.1505,0.8702,0.719,0.5519,0.4198,0.3814,173.2711,167.5916,13.5161,2.6956
142.833,4285,upright,1.1441,1.6173,-0.1198,6.5868,1.7371,0.2637,1.5875,1.4188,0.8693,0.4481,0.0695,1.1479,0.8676,0.7182,0.5495,0.4212,0.3786,173.2368,167.652,13.3757,2.7057
142.867,4286,upright,1.1374,1.6123,-0.1416,6.5548,1.7539,0.2676,1.5815,1.41,0.8648,0.4416,0.0671,1.1442,0.8652,0.7167,0.5452,0.4232,0.3745,172.4484,168.1742,13.2296,2.7144
142.9,4287,upright,1.1311,1.6058,-0.1613,6.5013,1.7671,0.2718,1.5749,1.4016,0.8606,0.4416,0.0645,1.1373,0.8621,0.7143,0.541,0.419,0.3771,170.7537,168.7704,12.7278,2.7407
142.933,4288,upright,1.1259,1.598,-0.1792,6.4245,1.7772,0.2766,1.5683,1.3955,0.8564,0.4423,0.0619,1.1313,0.858,0.712,0.5391,0.4141,0.3804,170.2581,169.1119,12.2739,2.7788
142.967,4289,upright,1.1141,1.5879,-0.1983,6.3431,1.7862,0.2816,1.5604,1.386,0.8422,0.43,0.0587,1.1194,0.8479,0.7182,0.5438,0.4121,0.3714,169.3364,168.8869,11.7621,2.8072
143.0,4290,upright,1.1119,1.5844,-0.2052,6.2778,1.7896,0.2851,1.5602,1.3865,0.8374,0.4267,0.0572,1.1192,0.8477,0.7228,0.5491,0.4107,0.3695,169.1094,169.7776,10.9079,2.7302
143.033,4291,upright,1.095,1.5705,-0.2343,6.2108,1.8048,0.2906,1.5463,1.3739,0.816,0.4078,0.0516,1.1006,0.8252,0.7303,0.5578,0.4083,0.3562,164.5443,170.7197,9.5741,2.753
143.067,4292,upright,1.0665,1.5512,-0.2884,6.1682,1.8396,0.2982,1.5254,1.3523,0.7808,0.3708,0.0396,1.0675,0.7863,0.7446,0.5715,0.4099,0.3312,156.9643,172.8662,8.3808,2.8053
143.1,4293,upright,1.0481,1.5411,-0.3015,6.1113,1.8427,0.3015,1.5131,1.341,0.7552,0.3466,0.0345,1.0485,0.7651,0.7579,0.5858,0.4085,0.3121,153.6067,178.955,6.7306,2.8135
143.133,4294,upright,1.0443,1.5433,-0.2859,6.0731,1.8291,0.3012,1.5143,1.3446,0.7439,0.3341,0.0375,1.046,0.7551,0.7704,0.6008,0.4098,0.2966,150.5207,177.1046,5.4874,2.8068
143.167,4295,upright,1.0525,1.5535,-0.2461,6.0319,1.7995,0.2983,1.5252,1.3579,0.7471,0.3414,0.0456,1.0585,0.7603,0.7781,0.6107,0.4057,0.2958,153.7435,173.4291,4.7493,2.8056
143.2,4296,upright,1.0581,1.5563,-0.2216,5.9831,1.7779,0.2972,1.5285,1.3615,0.7548,0.3469,0.0503,1.0594,0.754,0.7737,0.6067,0.4079,0.2966,151.9531,171.4107,4.8296,2.8037
143.233,4297,upright,1.0544,1.5522,-0.212,5.9195,1.7642,0.298,1.5208,1.3591,0.7498,0.3442,0.0523,1.0554,0.7432,0.771,0.6092,0.4056,0.2919,150.8904,169.632,4.641,2.7941
143.267,4298,upright,1.054,1.5594,-0.1958,5.9197,1.7552,0.2965,1.5309,1.3617,0.7464,0.331,0.0549,1.0583,0.7464,0.7845,0.6152,0.4154,0.2761,141.2134,168.9414,4.2078,2.8395
143.3,4299,upright,1.0728,1.5755,-0.1441,5.8963,1.7195,0.2916,1.5468,1.38,0.7657,0.3473,0.0629,1.0801,0.7722,0.7812,0.6143,0.4184,0.2844,144.8935,169.1585,3.9307,2.7787
143.333,4300,upright,1.0911,1.5922,-0.0944,5.8809,1.6867,0.2868,1.5628,1.3981,0.784,0.3628,0.0695,1.1015,0.7985,0.7788,0.614,0.4212,0.2933,149.0131,169.1807,3.4675,2.7255
143.367,4301,upright,1.1058,1.6045,-0.0543,5.8555,1.6588,0.2833,1.5743,1.4127,0.7989,0.3687,0.0739,1.1181,0.8175,0.7754,0.6137,0.4302,0.2948,151.8745,169.5165,3.1811,2.6725
143.4,4302,upright,1.127,1.615,-0.0087,5.7866,1.6237,0.2806,1.5822,1.4309,0.823,0.3935,0.078,1.1397,0.8449,0.7592,0.6079,0.4295,0.3155,160.4993,170.2335,3.0543,2.6104
143.433,4303,upright,1.1471,1.6285,0.0344,5.7452,1.594,0.2775,1.5964,1.4478,0.8465,0.4212,0.0809,1.1578,0.8683,0.7499,0.6013,0.4253,0.3403,166.7964,170.6133,2.9936,2.5865
143.467,4304,upright,1.1667,1.6429,0.0772,5.7013,1.5658,0.2746,1.6124,1.4646,0.8688,0.4403,0.0825,1.1773,0.8938,0.7436,0.5958,0.4285,0.3578,170.4852,170.4545,3.1877,2.6234
143.5,4305,upright,1.1823,1.6535,0.028,5.7549,1.6255,0.2824,1.6236,1.4758,0.8888,0.4604,0.082,1.1908,0.9121,0.7348,0.587,0.4284,0.3783,173.1532,170.3211,3.3925,2.7251
143.533,4306,upright,1.1854,1.6585,-0.009,5.7686,1.6675,0.2891,1.6289,1.4796,0.8913,0.4662,0.0804,1.1953,0.9154,0.7376,0.5883,0.4251,0.3858,174.5569,170.3429,3.72,2.7788
143.567,4307,upright,1.1862,1.6594,-0.0369,5.7429,1.6963,0.2954,1.6299,1.4793,0.8932,0.4672,0.0786,1.196,0.9143,0.7367,0.5861,0.4259,0.3886,175.6,170.3934,4.0912,2.795
143.6,4308,upright,1.1782,1.655,-0.0561,5.6657,1.7111,0.302,1.6263,1.4753,0.8811,0.4603,0.0769,1.1922,0.9086,0.7452,0.5942,0.4208,0.3835,175.6334,170.5656,4.4656,2.7775
143.633,4309,upright,1.1667,1.6488,-0.0724,5.5887,1.7211,0.308,1.6208,1.4666,0.8667,0.4455,0.0752,1.1826,0.8974,0.7541,0.5999,0.4212,0.3703,175.276,170.5764,4.8805,2.6972
143.667,4310,upright,1.1566,1.6419,-0.0867,5.4986,1.7286,0.3144,1.6153,1.4591,0.8542,0.4341,0.0735,1.1789,0.8931,0.7612,0.6049,0.4201,0.3606,175.1375,170.3989,5.1382,2.5727
143.7,4311,upright,1.1445,1.6345,-0.0972,5.4187,1.7317,0.3196,1.6064,1.4489,0.84,0.4188,0.0722,1.1747,0.8871,0.7664,0.6089,0.4212,0.3466,174.958,170.3444,5.4118,2.4418
143.733,4312,upright,1.1337,1.6258,-0.1021,5.3287,1.7279,0.3243,1.5964,1.4394,0.828,0.4084,0.0715,1.1639,0.8798,0.7684,0.6113,0.4197,0.3369,175.2109,170.5352,5.7596,2.3001
143.767,4313,upright,1.1238,1.6182,-0.102,5.2425,1.7202,0.3281,1.5878,1.4317,0.8159,0.396,0.0714,1.1562,0.8773,0.7719,0.6157,0.42,0.3246,174.7475,170.575,6.0634,2.1954
143.8,4314,upright,1.1152,1.6101,-0.0984,5.1547,1.7085,0.3314,1.5797,1.4252,0.8051,0.3797,0.0717,1.1515,0.8739,0.7745,0.6201,0.4255,0.308,174.1699,170.8448,6.2697,2.1126
143.833,4315,upright,1.1112,1.6042,-0.0931,5.0778,1.6972,0.3342,1.572,1.4209,0.8016,0.3734,0.0722,1.148,0.8725,0.7705,0.6193,0.4282,0.3011,173.3842,170.9294,6.5585,2.0476
143.867,4316,upright,1.1089,1.6022,-0.074,4.9852,1.6762,0.3362,1.5702,1.4222,0.7956,0.3671,0.0743,1.1551,0.8798,0.7747,0.6266,0.4285,0.2928,171.8272,170.7191,6.9013,1.9967
143.9,4317,upright,1.1067,1.595,-0.0648,4.8907,1.6599,0.3394,1.5629,1.4184,0.7949,0.3736,0.0751,1.1516,0.8762,0.7679,0.6235,0.4213,0.2985,169.7604,170.0858,7.1503,1.9504
143.933,4318,upright,1.1066,1.5906,-0.0528,4.8196,1.6435,0.341,1.5575,1.4136,0.7995,0.3804,0.0761,1.1458,0.8732,0.758,0.6142,0.419,0.3043,166.2025,168.913,7.5185,1.9156
143.967,4319,upright,1.1127,1.5954,-0.0191,4.7583,1.6145,0.3393,1.559,1.4151,0.8102,0.3951,0.0788,1.1534,0.8808,0.7488,0.6049,0.4151,0.3163,163.2644,167.5535,7.8744,1.8982
144.0,4320,upright,1.1194,1.5975,0.0183,4.6623,1.5792,0.3387,1.5614,1.4197,0.8191,0.4,0.081,1.1607,0.89,0.7423,0.6006,0.4191,0.319,160.9918,166.5038,8.2636,1.8878
144.033,4321,upright,1.1269,1.6054,0.0574,4.5983,1.548,0.3366,1.568,1.4264,0.8275,0.4106,0.0823,1.1706,0.903,0.7405,0.5989,0.4169,0.3282,160.1414,166.1153,8.6358,1.8932
144.067,4322,upright,1.1353,1.6094,0.0615,4.5392,1.5478,0.341,1.5743,1.436,0.8347,0.4254,0.0829,1.1779,0.9163,0.7396,0.6014,0.4093,0.3425,162.669,166.8152,9.1174,1.895
144.1,4323,upright,1.1486,1.6154,0.013,4.5493,1.6025,0.3522,1.5799,1.4454,0.8518,0.4407,0.0821,1.1853,0.9247,0.7281,0.5936,0.411,0.3587,165.6986,167.3118,9.7559,1.9986
144.133,4324,upright,1.162,1.6241,-0.0383,4.5766,1.6625,0.3632,1.5869,1.4556,0.8685,0.452,0.0802,1.1949,0.9321,0.7184,0.5872,0.4165,0.3717,170.6751,168.3062,10.0255,2.1252
144.167,4325,upright,1.169,1.6262,-0.0706,4.5557,1.6968,0.3725,1.59,1.4632,0.8748,0.452,0.08,1.1997,0.9268,0.7151,0.5883,0.4228,0.372,174.5927,167.9753,9.9434,2.2293
144.2,4326,upright,1.1685,1.6244,-0.0935,4.5179,1.7179,0.3802,1.5873,1.4625,0.8745,0.4465,0.0802,1.1986,0.9166,0.7128,0.588,0.428,0.3663,176.7651,167.417,9.1792,2.2496
144.233,4327,upright,1.1615,1.6184,-0.1118,4.4583,1.7302,0.3881,1.5822,1.4555,0.8675,0.4351,0.0803,1.1883,0.9013,0.7146,0.5879,0.4324,0.3548,177.8105,166.7857,8.1715,2.2236
144.267,4328,upright,1.1468,1.6119,-0.126,4.4049,1.738,0.3946,1.5747,1.444,0.8495,0.4169,0.0794,1.1761,0.8831,0.7252,0.5945,0.4327,0.3375,176.9372,166.5064,7.3548,2.2603
144.3,4329,upright,1.1292,1.6053,-0.1383,4.3528,1.7436,0.4006,1.567,1.432,0.8263,0.3898,0.078,1.1608,0.8613,0.7406,0.6057,0.4365,0.3118,175.6189,165.5421,6.9092,2.3251
144.333,4330,upright,1.1173,1.6019,-0.1459,4.3175,1.7478,0.4048,1.5623,1.4228,0.8119,0.3671,0.0772,1.1476,0.8501,0.7503,0.6108,0.4449,0.2899,175.4669,164.3682,7.0477,2.4005
144.367,4331,upright,1.1028,1.598,-0.1447,4.2735,1.7427,0.4078,1.5582,1.4142,0.7913,0.3395,0.0771,1.1414,0.852,0.7669,0.6229,0.4519,0.2623,176.8324,164.4386,6.9533,2.4898
144.4,4332,upright,1.0975,1.5999,-0.1376,4.2491,1.7374,0.4089,1.5597,1.4142,0.7809,0.3344,0.078,1.1388,0.8472,0.7788,0.6334,0.4465,0.2564,178.9037,164.3308,7.1793,2.62
144.433,4333,upright,1.0892,1.5985,-0.1302,4.2223,1.7287,0.4094,1.5563,1.4116,0.7668,0.3289,0.0792,1.1264,0.8278,0.7895,0.6448,0.4379,0.2497,167.3917,165.334,7.6321,2.7025
144.467,4334,upright,1.0961,1.6065,-0.1077,4.2057,1.7142,0.4076,1.5637,1.4188,0.7734,0.3302,0.0824,1.1305,0.8255,0.7903,0.6454,0.4433,0.2477,157.4008,168.1782,8.1308,2.6138
144.5,4335,upright,1.0891,1.6049,-0.0985,4.1623,1.7034,0.4092,1.5633,1.4197,0.7585,0.2975,0.0827,1.1274,0.8169,0.8048,0.6612,0.461,0.2147,148.7462,170.8901,8.1854,2.4772
144.533,4336,upright,1.0941,1.6067,-0.0745,4.1145,1.6813,0.4086,1.5668,1.4248,0.7633,0.3037,0.0842,1.1266,0.8174,0.8035,0.6615,0.4596,0.2195,147.1183,172.18,8.0357,2.3417
144.567,4337,upright,1.0963,1.6118,-0.0431,4.0633,1.6549,0.4073,1.5727,1.4321,0.7605,0.2978,0.0843,1.1342,0.8251,0.8122,0.6716,0.4627,0.2135,147.9342,173.2276,7.4105,2.2089
144.6,4338,upright,1.0982,1.6131,-0.0196,4.0026,1.6326,0.4079,1.5743,1.4357,0.7607,0.2846,0.0837,1.1391,0.8315,0.8136,0.6749,0.4761,0.201,144.5324,175.2636,7.3675,2.0912
144.633,4339,upright,1.1104,1.6184,0.0189,3.9343,1.5995,0.4065,1.5808,1.4432,0.7776,0.2946,0.083,1.1518,0.8462,0.8033,0.6657,0.483,0.2115,150.0944,176.8054,7.0078,1.9766
144.667,4340,upright,0.9824,1.5335,0.0,3.694,1.5335,0.4151,1.4928,1.3447,0.62,0.0603,,1.0287,0.6923,0.8728,0.7247,0.5596,,,178.3746,6.7671,1.7302
144.7,4341,upright,0.9933,1.5375,-0.0,3.6551,1.5375,0.4206,1.4972,1.3503,0.6364,0.0724,,1.0431,0.7083,0.8608,0.7139,0.564,,,179.012,6.6512,1.6941
144.733,4342,upright,0.996,1.533,0.0,3.5904,1.533,0.427,1.4945,1.3487,0.6432,0.0794,,1.0457,0.7063,0.8513,0.7055,0.5638,,,178.7096,6.4446,1.637
144.767,4343,upright,0.9968,1.5285,0.0,3.5239,1.5285,0.4337,1.4926,1.3437,0.65,0.0894,,1.0466,0.7092,0.8426,0.6937,0.5606,,,179.324,6.6545,1.6052
144.8,4344,upright,0.9853,1.5199,0.0,3.4438,1.5199,0.4413,1.4867,1.3348,0.6357,0.0863,,1.0383,0.7034,0.851,0.6992,0.5494,,,179.5173,6.8202,1.568
144.833,4345,upright,0.9695,1.5083,0.0,3.3535,1.5083,0.4498,1.4754,1.3267,0.6123,0.0732,,1.0267,0.6959,0.863,0.7143,0.5391,,,178.4424,6.8403,1.5368
144.867,4346,upright,0.9561,1.4922,0.0,3.2387,1.4922,0.4607,1.4622,1.3163,0.5959,0.0619,,1.0148,0.6842,0.8662,0.7204,0.534,,,176.0555,6.7008,1.5025
144.9,4347,upright,0.9423,1.4713,0.0,3.1152,1.4713,0.4723,1.4433,1.2997,0.5849,0.0524,,0.9942,0.6636,0.8584,0.7148,0.5325,,,174.2155,6.4444,1.4632
144.933,4348,upright,0.9238,1.4535,0.0,3.0002,1.4535,0.4845,1.4283,1.2812,0.5664,0.0488,,0.9759,0.6461,0.8619,0.7148,0.5177,,,171.9671,6.3681,1.4333
144.967,4349,upright,0.8959,1.4335,0.0,2.8847,1.4335,0.4969,1.4104,1.2642,0.5276,0.0458,,0.9536,0.6252,0.8827,0.7365,0.4818,,,169.5641,6.4954,1.4079
145.0,4350,upright,0.8664,1.4149,0.0,2.7827,1.4149,0.5084,1.39,1.2446,0.4881,0.0415,,0.9265,0.6025,0.9019,0.7565,0.4466,,,167.7569,6.3346,1.3913
145.033,4351,,0.8394,1.4018,0.0,2.7084,1.4018,0.5176,1.3748,1.227,0.4518,0.0374,,0.9,0.5807,0.923,0.7752,0.4144,,,168.2791,6.4332,1.3908
145.067,4352,,0.7666,1.3457,0.0,2.552,1.3457,0.5273,1.319,1.1665,0.3666,0.0,,0.8232,0.4904,0.9524,0.7999,0.3666,,,169.068,6.9435,1.3271
145.1,4353,,0.6203,1.2699,-0.0,2.4391,1.2699,0.5207,1.2317,1.0503,0.1904,,,0.6766,0.3174,1.0413,0.8598,,,,,7.6897,1.2237
145.133,4354,,0.6472,1.2863,0.0,2.4329,1.2863,0.5287,1.2458,1.0679,0.2266,,,0.6976,0.3376,1.0192,0.8413,,,,,8.0027,1.2843
145.167,4355,,0.6847,1.2698,0.0,2.3873,1.2698,0.5319,1.245,1.1041,0.2653,0.0,,0.7481,0.3895,0.9797,0.8388,0.2653,,,158.0144,8.6385,1.3539
145.2,4356,,0.7331,1.2785,0.0,2.2413,1.2785,0.5704,1.2683,1.1151,0.3512,0.2077,,0.7524,0.3917,0.9171,0.7639,0.1435,,,151.2261,9.1822,1.4391
145.233,4357,,0.7488,1.3143,0.0,2.319,1.3143,0.5667,1.2782,1.1279,0.3698,,,0.767,0.4051,0.9084,0.758,,,,,9.0336,1.5286
145.267,4358,,0.748,1.2679,0.0,2.1361,1.2679,0.5936,1.2578,1.1262,0.3699,,,0.7672,0.4125,0.8879,0.7563,,,,,9.6277,1.5529
145.3,4359,,0.7545,1.2582,0.0,2.0829,1.2582,0.6041,1.2484,1.1259,0.383,,,0.7642,0.4167,0.8654,0.7429,,,,,10.255,1.5877
145.333,4360,,0.7445,1.2438,0.0,2.0259,1.2438,0.6139,1.2276,1.1118,0.3771,,,0.7437,0.4135,0.8504,0.7347,,,,,11.3483,1.6295
145.367,4361,,0.7208,1.2257,0.0,1.9733,1.2257,0.6211,1.1988,1.0839,0.3577,,,0.7104,0.4075,0.8411,0.7262,,,,,11.5416,1.7006
145.4,4362,,0.6866,1.1981,0.0,1.9028,1.1981,0.6297,1.1675,1.0501,0.3232,,,0.6658,0.3979,0.8444,0.7269,,,,,10.8884,1.7557
145.433,4363,,0.5045,1.0763,0.0,1.6891,1.0763,0.6372,1.0458,0.9063,0.1027,,,0.4697,0.6276,0.9432,0.8037,,,,,10.2329,1.5465
145.467,4364,,0.4906,1.0544,0.0,1.6258,1.0544,0.6485,1.0239,0.8863,0.0949,,,0.4341,0.5931,0.929,0.7914,,,,,10.2393,1.537
145.5,4365,,0.4785,1.0462,0.0,1.6155,1.0462,0.6476,1.0108,0.8726,0.0844,,,0.3706,,0.9264,0.7882,,,,,10.8587,1.4985
145.533,4366,,0.6331,1.0496,-0.0,1.6124,1.0496,0.651,1.0185,0.857,0.1853,,,0.3495,0.4291,0.8332,0.6716,,,,,21.4691,1.472
145.567,4367,,0.8555,1.0665,-0.0,1.6246,1.0665,0.6564,1.0338,0.8555,,,,-0.0,,,,,,,,,1.5075
145.6,4368,,0.8364,1.0584,0.0,1.599,1.0584,0.6619,1.0278,0.8364,,,,0.0,,,,,,,,,1.4892
145.633,4369,,0.8159,1.0485,0.0,1.5791,1.0485,0.664,1.0176,0.8159,,,,0.0,,,,,,,,,1.4368
145.667,4370,,0.821,1.0594,0.0,1.5877,1.0594,0.6673,1.0358,0.821,,,,0.0,,,,,,,,,1.4142
145.7,4371,,0.8121,1.0577,0.0,1.5869,1.0577,0.6666,1.0374,0.8121,,,,0.0,,,,,,,,,1.3696
145.733,4372,,0.8116,1.0591,0.0,1.6028,1.0591,0.6608,1.0457,0.8116,,,,0.0,,,,,,,,,1.3204
145.767,4373,,0.7927,1.0539,0.0,1.5927,1.0539,0.6617,1.0382,0.7927,,,,0.0,,,,,,,,,1.2924
145.8,4374,,0.7808,1.0505,0.0,1.5966,1.0505,0.6579,1.0364,0.7808,,,,0.0,,,,,,,,,1.2543
145.833,4375,,0.7695,1.0544,0.0,1.6088,1.0544,0.6554,1.0384,0.7695,,,,0.0,,,,,,,,,1.2263
145.867,4376,,0.2736,0.6527,0.0,1.103,0.6527,0.5917,0.6311,0.2736,,,,,,,,,,,,,0.6351
145.9,4377,,0.2833,0.6738,0.0,1.1298,0.6738,0.5964,0.6518,0.2833,,,,,,,,,,,,,0.6469
145.933,4378,,0.3069,0.6981,0.0,1.1504,0.6981,0.6068,0.6751,0.3069,,,,,,,,,,,,,0.6809
145.967,4379,,0.3152,0.7033,-0.0,1.1444,0.7033,0.6146,0.6822,0.3152,,,,,,,,,,,,,0.7066
146.0,4380,,0.3197,0.7124,0.0,1.1541,0.7124,0.6173,0.6904,0.3197,,,,,,,,,,,,,0.7127
146.033,4381,,0.3325,0.7331,0.0,1.176,0.7331,0.6234,0.7105,0.3325,,,,,,,,,,,,,0.7437
146.067,4382,,0.3434,0.7448,0.0,1.1824,0.7448,0.6299,0.719,0.3434,,,,,,,,,,,,,0.7779
146.1,4383,,0.3515,0.7515,0.0,1.1757,0.7515,0.6392,0.7237,0.3515,,,,,,,,,,,,,0.854
146.133,4384,,0.3574,0.7356,0.0,1.1363,0.7356,0.6473,0.7095,0.3574,,,,,,,,,,,,,0.9218
146.167,4385,,0.3623,0.7293,0.0,1.124,0.7293,0.6489,0.7137,0.3623,,,,,,,,,,,,,0.954
146.2,4386,,0.3685,0.7369,0.0,1.1085,0.7369,0.6648,0.7091,0.3685,,,,,,,,,,,,,0.9807
146.233,4387,,0.3623,0.7247,0.0,1.0733,0.7247,0.6752,0.6728,0.3623,,,,0.4968,,,,,,,,,0.9988
146.267,4388,,0.3566,0.7132,-0.0,1.0731,0.7132,0.6646,0.6292,0.3566,,,,0.4573,,,,,,,,,1.2187
146.3,4389,,0.2172,0.7029,-0.0513,1.0923,0.7543,0.6905,0.5928,0.3515,-0.0513,,,0.4038,,0.6441,0.4028,,,,,46.3648,0.9015
146.333,4390,,0.1992,0.6628,-0.0653,1.0647,0.7281,0.6838,0.5383,0.3314,-0.0653,,,0.3135,,0.6035,0.3967,,,,,55.513,0.8152
146.367,4391,,0.3072,0.6144,0.0,0.9657,0.6144,0.6363,0.5284,0.3072,,,,0.2585,0.0508,,,,,,,,0.7124
146.4,4392,,0.2977,0.5955,-0.0325,1.0127,0.628,0.6201,0.5087,0.2977,,,,0.2115,-0.0325,,,,,,,,0.6611
146.433,4393,,0.2889,0.5779,-0.0764,1.0727,0.6543,0.6099,0.4959,0.2889,,,,0.1545,-0.0764,,,,,,,,0.6178
146.467,4394,,0.2737,0.5475,-0.1102,1.0926,0.6577,0.6019,0.4629,0.2737,,,,0.1127,-0.1102,,,,,,,,0.5812
146.5,4395,,0.2349,0.4698,-0.2138,1.15,0.6836,0.5944,0.4078,0.2349,,,,0.0153,-0.2138,,,,,,,,0.511
146.533,4396,,0.193,0.3861,-0.3126,1.166,0.6987,0.5992,0.3504,0.193,,,,-0.0618,-0.3126,,,,,,,,0.4528
146.567,4397,,0.6505,0.7262,0.0,1.1675,0.7262,0.622,0.7262,0.6505,,,,0.21,0.0,,,,,,,,0.4116
146.6,4398,,0.5416,0.5839,0.0,0.7721,0.5839,0.7563,,0.5416,,,,0.2315,0.0,,,,,,,,0.6037
146.633,4399,,0.3464,0.3464,0.0,0.6224,0.3464,0.5566,,0.3464,,,,0.0081,,,,,,,,,0.0747
146.667,4400,,0.3918,0.425,-0.0,0.6826,0.425,0.6226,,0.3918,,,,0.0037,,,,,,,,,0.2219
146.7,4401,,0.4518,0.4518,-0.0,0.6719,0.4518,0.6723,,0.4518,,,,-0.0,,,,,,,,,0.3482
146.733,4402,,0.4475,0.4475,0.0,0.6447,0.4475,0.6942,,0.4475,,,,0.0,,,,,,,,,0.3883
146.767,4403,,0.4856,0.4856,0.0,0.7106,0.4856,0.6833,,0.4856,,,,0.0,,,,,,,,,0.3493
146.8,4404,,0.5063,0.5063,0.0,0.7485,0.5063,0.6765,,0.5063,,,,0.0,,,,,,,,,0.3523
146.833,4405,,0.5545,0.5545,0.0,0.8224,0.5545,0.6742,,0.5545,,,,0.0,,,,,,,,,0.3041
146.867,4406,,0.5188,0.5188,0.0,0.7613,0.5188,0.6814,,0.5188,,,,0.0,,,,,,,,,0.2941
146.9,4407,,0.4833,0.4833,0.0,0.7017,0.4833,0.6888,,0.4833,,,,0.0,,,,,,,,,0.282
147.167,4415,,,,,,,,,,,,,,,,,,,,,,
147.267,4418,,,,,,,,,,,,,,,,,,,,,,
147.3,4419,,,,,,,,,,,,,,,,,,,,,,
147.333,4420,,,,,,,,,,,,,,,,,,,,,,
147.367,4421,,,,,,,,,,,,,,,,,,,,,,
147.4,4422,,,,,,,,,,,,,,,,,,,,,,
